label,byte_phase_mod8,bit_index,samples,ones,zeros,p1,abs_bias,entropy,min_entropy
restart_reduced_xor_random1_sampler_island_local_warmup10_data_ro0_1000x125_strict_20260526_repeat02.payload,0,0,16000,2772,13228,0.173250000,0.326750000,0.665085675,0.274476954
restart_reduced_xor_random1_sampler_island_local_warmup10_data_ro0_1000x125_strict_20260526_repeat02.payload,0,1,16000,2929,13071,0.183062500,0.316937500,0.686731018,0.291702386
restart_reduced_xor_random1_sampler_island_local_warmup10_data_ro0_1000x125_strict_20260526_repeat02.payload,0,2,16000,3032,12968,0.189500000,0.310500000,0.700424326,0.303115909
restart_reduced_xor_random1_sampler_island_local_warmup10_data_ro0_1000x125_strict_20260526_repeat02.payload,0,3,16000,3032,12968,0.189500000,0.310500000,0.700424326,0.303115909
restart_reduced_xor_random1_sampler_island_local_warmup10_data_ro0_1000x125_strict_20260526_repeat02.payload,0,4,16000,2811,13189,0.175687500,0.324312500,0.670551440,0.278736723
restart_reduced_xor_random1_sampler_island_local_warmup10_data_ro0_1000x125_strict_20260526_repeat02.payload,0,5,16000,2810,13190,0.175625000,0.324375000,0.670412035,0.278627341
restart_reduced_xor_random1_sampler_island_local_warmup10_data_ro0_1000x125_strict_20260526_repeat02.payload,0,6,16000,3084,12916,0.192750000,0.307250000,0.707188930,0.308912559
restart_reduced_xor_random1_sampler_island_local_warmup10_data_ro0_1000x125_strict_20260526_repeat02.payload,0,7,16000,3005,12995,0.187812500,0.312187500,0.696872885,0.300115271
restart_reduced_xor_random1_sampler_island_local_warmup10_data_ro0_1000x125_strict_20260526_repeat02.payload,1,0,16000,2806,13194,0.175375000,0.324625000,0.669854023,0.278189895
restart_reduced_xor_random1_sampler_island_local_warmup10_data_ro0_1000x125_strict_20260526_repeat02.payload,1,1,16000,2919,13081,0.182437500,0.317562500,0.685380451,0.290599071
restart_reduced_xor_random1_sampler_island_local_warmup10_data_ro0_1000x125_strict_20260526_repeat02.payload,1,2,16000,3094,12906,0.193375000,0.306625000,0.708478549,0.310029975
restart_reduced_xor_random1_sampler_island_local_warmup10_data_ro0_1000x125_strict_20260526_repeat02.payload,1,3,16000,2914,13086,0.182125000,0.317875000,0.684703752,0.290047729
restart_reduced_xor_random1_sampler_island_local_warmup10_data_ro0_1000x125_strict_20260526_repeat02.payload,1,4,16000,2806,13194,0.175375000,0.324625000,0.669854023,0.278189895
restart_reduced_xor_random1_sampler_island_local_warmup10_data_ro0_1000x125_strict_20260526_repeat02.payload,1,5,16000,2866,13134,0.179125000,0.320875000,0.678159126,0.284765545
restart_reduced_xor_random1_sampler_island_local_warmup10_data_ro0_1000x125_strict_20260526_repeat02.payload,1,6,16000,3090,12910,0.193125000,0.306875000,0.707963135,0.309582904
restart_reduced_xor_random1_sampler_island_local_warmup10_data_ro0_1000x125_strict_20260526_repeat02.payload,1,7,16000,3014,12986,0.188375000,0.311625000,0.698059682,0.301114791
restart_reduced_xor_random1_sampler_island_local_warmup10_data_ro0_1000x125_strict_20260526_repeat02.payload,2,0,16000,2911,13089,0.181937500,0.318062500,0.684297278,0.289717026
restart_reduced_xor_random1_sampler_island_local_warmup10_data_ro0_1000x125_strict_20260526_repeat02.payload,2,1,16000,3004,12996,0.187750000,0.312250000,0.696740834,0.300004256
restart_reduced_xor_random1_sampler_island_local_warmup10_data_ro0_1000x125_strict_20260526_repeat02.payload,2,2,16000,3031,12969,0.189437500,0.310562500,0.700293269,0.303004663
restart_reduced_xor_random1_sampler_island_local_warmup10_data_ro0_1000x125_strict_20260526_repeat02.payload,2,3,16000,2902,13098,0.181375000,0.318625000,0.683075811,0.288725369
restart_reduced_xor_random1_sampler_island_local_warmup10_data_ro0_1000x125_strict_20260526_repeat02.payload,2,4,16000,2848,13152,0.178000000,0.322000000,0.675682186,0.282789701
restart_reduced_xor_random1_sampler_island_local_warmup10_data_ro0_1000x125_strict_20260526_repeat02.payload,2,5,16000,2952,13048,0.184500000,0.315500000,0.689823037,0.294243218
restart_reduced_xor_random1_sampler_island_local_warmup10_data_ro0_1000x125_strict_20260526_repeat02.payload,2,6,16000,3045,12955,0.190312500,0.309687500,0.702124728,0.304562890
restart_reduced_xor_random1_sampler_island_local_warmup10_data_ro0_1000x125_strict_20260526_repeat02.payload,2,7,16000,2928,13072,0.183000000,0.317000000,0.686596131,0.291592017
restart_reduced_xor_random1_sampler_island_local_warmup10_data_ro0_1000x125_strict_20260526_repeat02.payload,3,0,16000,2799,13201,0.174937500,0.325062500,0.668876001,0.277424685
restart_reduced_xor_random1_sampler_island_local_warmup10_data_ro0_1000x125_strict_20260526_repeat02.payload,3,1,16000,3051,12949,0.190687500,0.309312500,0.702907443,0.305231217
restart_reduced_xor_random1_sampler_island_local_warmup10_data_ro0_1000x125_strict_20260526_repeat02.payload,3,2,16000,2931,13069,0.183187500,0.316812500,0.687000679,0.291923150
restart_reduced_xor_random1_sampler_island_local_warmup10_data_ro0_1000x125_strict_20260526_repeat02.payload,3,3,16000,2829,13171,0.176812500,0.323187500,0.673054099,0.280707020
restart_reduced_xor_random1_sampler_island_local_warmup10_data_ro0_1000x125_strict_20260526_repeat02.payload,3,4,16000,2792,13208,0.174500000,0.325500000,0.667896065,0.276659880
restart_reduced_xor_random1_sampler_island_local_warmup10_data_ro0_1000x125_strict_20260526_repeat02.payload,3,5,16000,3005,12995,0.187812500,0.312187500,0.696872885,0.300115271
restart_reduced_xor_random1_sampler_island_local_warmup10_data_ro0_1000x125_strict_20260526_repeat02.payload,3,6,16000,3042,12958,0.190125000,0.309875000,0.701732877,0.304228842
restart_reduced_xor_random1_sampler_island_local_warmup10_data_ro0_1000x125_strict_20260526_repeat02.payload,3,7,16000,2764,13236,0.172750000,0.327250000,0.663957117,0.273604708
restart_reduced_xor_random1_sampler_island_local_warmup10_data_ro0_1000x125_strict_20260526_repeat02.payload,4,0,16000,2891,13109,0.180687500,0.319312500,0.681578732,0.287514269
restart_reduced_xor_random1_sampler_island_local_warmup10_data_ro0_1000x125_strict_20260526_repeat02.payload,4,1,16000,2930,13070,0.183125000,0.316875000,0.686865867,0.291812764
restart_reduced_xor_random1_sampler_island_local_warmup10_data_ro0_1000x125_strict_20260526_repeat02.payload,4,2,16000,2906,13094,0.181625000,0.318375000,0.683619065,0.289166021
restart_reduced_xor_random1_sampler_island_local_warmup10_data_ro0_1000x125_strict_20260526_repeat02.payload,4,3,16000,2907,13093,0.181687500,0.318312500,0.683754783,0.289276205
restart_reduced_xor_random1_sampler_island_local_warmup10_data_ro0_1000x125_strict_20260526_repeat02.payload,4,4,16000,2921,13079,0.182562500,0.317437500,0.685650867,0.290819666
restart_reduced_xor_random1_sampler_island_local_warmup10_data_ro0_1000x125_strict_20260526_repeat02.payload,4,5,16000,2957,13043,0.184812500,0.315187500,0.690492589,0.294796165
restart_reduced_xor_random1_sampler_island_local_warmup10_data_ro0_1000x125_strict_20260526_repeat02.payload,4,6,16000,2975,13025,0.185937500,0.314062500,0.692895242,0.296788533
restart_reduced_xor_random1_sampler_island_local_warmup10_data_ro0_1000x125_strict_20260526_repeat02.payload,4,7,16000,2855,13145,0.178437500,0.321562500,0.676646920,0.283557763
restart_reduced_xor_random1_sampler_island_local_warmup10_data_ro0_1000x125_strict_20260526_repeat02.payload,5,0,15000,2706,12294,0.180400000,0.319600000,0.680951315,0.287008111
restart_reduced_xor_random1_sampler_island_local_warmup10_data_ro0_1000x125_strict_20260526_repeat02.payload,5,1,15000,2778,12222,0.185200000,0.314800000,0.691321535,0.295482115
restart_reduced_xor_random1_sampler_island_local_warmup10_data_ro0_1000x125_strict_20260526_repeat02.payload,5,2,15000,2632,12368,0.175466667,0.324533333,0.670058699,0.278350276
restart_reduced_xor_random1_sampler_island_local_warmup10_data_ro0_1000x125_strict_20260526_repeat02.payload,5,3,15000,2650,12350,0.176666667,0.323333333,0.672730390,0.280451459
restart_reduced_xor_random1_sampler_island_local_warmup10_data_ro0_1000x125_strict_20260526_repeat02.payload,5,4,15000,2810,12190,0.187333333,0.312666667,0.695859549,0.299264375
restart_reduced_xor_random1_sampler_island_local_warmup10_data_ro0_1000x125_strict_20260526_repeat02.payload,5,5,15000,2776,12224,0.185066667,0.314933333,0.691036468,0.295246052
restart_reduced_xor_random1_sampler_island_local_warmup10_data_ro0_1000x125_strict_20260526_repeat02.payload,5,6,15000,2663,12337,0.177533333,0.322466667,0.674651057,0.281970885
restart_reduced_xor_random1_sampler_island_local_warmup10_data_ro0_1000x125_strict_20260526_repeat02.payload,5,7,15000,2652,12348,0.176800000,0.323200000,0.673026361,0.280685113
restart_reduced_xor_random1_sampler_island_local_warmup10_data_ro0_1000x125_strict_20260526_repeat02.payload,6,0,15000,2751,12249,0.183400000,0.316600000,0.687458757,0.292298527
restart_reduced_xor_random1_sampler_island_local_warmup10_data_ro0_1000x125_strict_20260526_repeat02.payload,6,1,15000,2687,12313,0.179133333,0.320866667,0.678177427,0.284780191
restart_reduced_xor_random1_sampler_island_local_warmup10_data_ro0_1000x125_strict_20260526_repeat02.payload,6,2,15000,2647,12353,0.176466667,0.323533333,0.672286102,0.280101049
restart_reduced_xor_random1_sampler_island_local_warmup10_data_ro0_1000x125_strict_20260526_repeat02.payload,6,3,15000,2674,12326,0.178266667,0.321733333,0.676270439,0.283257805
restart_reduced_xor_random1_sampler_island_local_warmup10_data_ro0_1000x125_strict_20260526_repeat02.payload,6,4,15000,2855,12145,0.190333333,0.309666667,0.702168247,0.304600011
restart_reduced_xor_random1_sampler_island_local_warmup10_data_ro0_1000x125_strict_20260526_repeat02.payload,6,5,15000,2722,12278,0.181466667,0.318533333,0.683275075,0.288886926
restart_reduced_xor_random1_sampler_island_local_warmup10_data_ro0_1000x125_strict_20260526_repeat02.payload,6,6,15000,2699,12301,0.179933333,0.320066667,0.679931182,0.286186898
restart_reduced_xor_random1_sampler_island_local_warmup10_data_ro0_1000x125_strict_20260526_repeat02.payload,6,7,15000,2752,12248,0.183466667,0.316533333,0.687602378,0.292416313
restart_reduced_xor_random1_sampler_island_local_warmup10_data_ro0_1000x125_strict_20260526_repeat02.payload,7,0,15000,2704,12296,0.180266667,0.319733333,0.680660066,0.286773431
restart_reduced_xor_random1_sampler_island_local_warmup10_data_ro0_1000x125_strict_20260526_repeat02.payload,7,1,15000,2686,12314,0.179066667,0.320933333,0.678030997,0.284663027
restart_reduced_xor_random1_sampler_island_local_warmup10_data_ro0_1000x125_strict_20260526_repeat02.payload,7,2,15000,2629,12371,0.175266667,0.324733333,0.669612024,0.278000377
restart_reduced_xor_random1_sampler_island_local_warmup10_data_ro0_1000x125_strict_20260526_repeat02.payload,7,3,15000,2653,12347,0.176866667,0.323133333,0.673174281,0.280801954
restart_reduced_xor_random1_sampler_island_local_warmup10_data_ro0_1000x125_strict_20260526_repeat02.payload,7,4,15000,2766,12234,0.184400000,0.315600000,0.689608583,0.294066320
restart_reduced_xor_random1_sampler_island_local_warmup10_data_ro0_1000x125_strict_20260526_repeat02.payload,7,5,15000,2702,12298,0.180133333,0.319866667,0.680368642,0.286538789
restart_reduced_xor_random1_sampler_island_local_warmup10_data_ro0_1000x125_strict_20260526_repeat02.payload,7,6,15000,2748,12252,0.183200000,0.316800000,0.687027637,0.291945229
restart_reduced_xor_random1_sampler_island_local_warmup10_data_ro0_1000x125_strict_20260526_repeat02.payload,7,7,15000,2765,12235,0.184333333,0.315666667,0.689465560,0.293948399
restart_reduced_xor_random1_sampler_island_local_warmup10_data_ro1_1000x125_strict_20260526_repeat02.payload,0,0,16000,8345,7655,0.521562500,0.021562500,0.998658047,0.939087950
restart_reduced_xor_random1_sampler_island_local_warmup10_data_ro1_1000x125_strict_20260526_repeat02.payload,0,1,16000,8299,7701,0.518687500,0.018687500,0.998992122,0.947062493
restart_reduced_xor_random1_sampler_island_local_warmup10_data_ro1_1000x125_strict_20260526_repeat02.payload,0,2,16000,8248,7752,0.515500000,0.015500000,0.999306674,0.955955667
restart_reduced_xor_random1_sampler_island_local_warmup10_data_ro1_1000x125_strict_20260526_repeat02.payload,0,3,16000,8314,7686,0.519625000,0.019625000,0.998888434,0.944457252
restart_reduced_xor_random1_sampler_island_local_warmup10_data_ro1_1000x125_strict_20260526_repeat02.payload,0,4,16000,8365,7635,0.522812500,0.022812500,0.998497892,0.935634460
restart_reduced_xor_random1_sampler_island_local_warmup10_data_ro1_1000x125_strict_20260526_repeat02.payload,0,5,16000,8441,7559,0.527562500,0.027562500,0.997806882,0.922586076
restart_reduced_xor_random1_sampler_island_local_warmup10_data_ro1_1000x125_strict_20260526_repeat02.payload,0,6,16000,8384,7616,0.524000000,0.024000000,0.998337377,0.932361283
restart_reduced_xor_random1_sampler_island_local_warmup10_data_ro1_1000x125_strict_20260526_repeat02.payload,0,7,16000,8393,7607,0.524562500,0.024562500,0.998258496,0.930813419
restart_reduced_xor_random1_sampler_island_local_warmup10_data_ro1_1000x125_strict_20260526_repeat02.payload,1,0,16000,8232,7768,0.514500000,0.014500000,0.999393262,0.958757018
restart_reduced_xor_random1_sampler_island_local_warmup10_data_ro1_1000x125_strict_20260526_repeat02.payload,1,1,16000,8269,7731,0.516812500,0.016812500,0.999184261,0.952287130
restart_reduced_xor_random1_sampler_island_local_warmup10_data_ro1_1000x125_strict_20260526_repeat02.payload,1,2,16000,8212,7788,0.513250000,0.013250000,0.999493374,0.962266373
restart_reduced_xor_random1_sampler_island_local_warmup10_data_ro1_1000x125_strict_20260526_repeat02.payload,1,3,16000,8164,7836,0.510250000,0.010250000,0.999696832,0.970723818
restart_reduced_xor_random1_sampler_island_local_warmup10_data_ro1_1000x125_strict_20260526_repeat02.payload,1,4,16000,8180,7820,0.511250000,0.011250000,0.999634787,0.967899157
restart_reduced_xor_random1_sampler_island_local_warmup10_data_ro1_1000x125_strict_20260526_repeat02.payload,1,5,16000,8188,7812,0.511750000,0.011750000,0.999601599,0.966488898
restart_reduced_xor_random1_sampler_island_local_warmup10_data_ro1_1000x125_strict_20260526_repeat02.payload,1,6,16000,8283,7717,0.517687500,0.017687500,0.999097124,0.949846611
restart_reduced_xor_random1_sampler_island_local_warmup10_data_ro1_1000x125_strict_20260526_repeat02.payload,1,7,16000,8306,7694,0.519125000,0.019125000,0.998944366,0.945846128
restart_reduced_xor_random1_sampler_island_local_warmup10_data_ro1_1000x125_strict_20260526_repeat02.payload,2,0,16000,8386,7614,0.524125000,0.024125000,0.998320006,0.932017170
restart_reduced_xor_random1_sampler_island_local_warmup10_data_ro1_1000x125_strict_20260526_repeat02.payload,2,1,16000,8393,7607,0.524562500,0.024562500,0.998258496,0.930813419
restart_reduced_xor_random1_sampler_island_local_warmup10_data_ro1_1000x125_strict_20260526_repeat02.payload,2,2,16000,8337,7663,0.521062500,0.021062500,0.998719579,0.940471665
restart_reduced_xor_random1_sampler_island_local_warmup10_data_ro1_1000x125_strict_20260526_repeat02.payload,2,3,16000,8291,7709,0.518187500,0.018187500,0.999045345,0.948453880
restart_reduced_xor_random1_sampler_island_local_warmup10_data_ro1_1000x125_strict_20260526_repeat02.payload,2,4,16000,8203,7797,0.512687500,0.012687500,0.999535481,0.963848372
restart_reduced_xor_random1_sampler_island_local_warmup10_data_ro1_1000x125_strict_20260526_repeat02.payload,2,5,16000,8165,7835,0.510312500,0.010312500,0.999693124,0.970547114
restart_reduced_xor_random1_sampler_island_local_warmup10_data_ro1_1000x125_strict_20260526_repeat02.payload,2,6,16000,8210,7790,0.513125000,0.013125000,0.999502889,0.962617778
restart_reduced_xor_random1_sampler_island_local_warmup10_data_ro1_1000x125_strict_20260526_repeat02.payload,2,7,16000,8318,7682,0.519875000,0.019875000,0.998859925,0.943763315
restart_reduced_xor_random1_sampler_island_local_warmup10_data_ro1_1000x125_strict_20260526_repeat02.payload,3,0,16000,8330,7670,0.520625000,0.020625000,0.998772234,0.941683504
restart_reduced_xor_random1_sampler_island_local_warmup10_data_ro1_1000x125_strict_20260526_repeat02.payload,3,1,16000,8301,7699,0.518812500,0.018812500,0.998978590,0.946714855
restart_reduced_xor_random1_sampler_island_local_warmup10_data_ro1_1000x125_strict_20260526_repeat02.payload,3,2,16000,8456,7544,0.528500000,0.028500000,0.997655071,0.920024623
restart_reduced_xor_random1_sampler_island_local_warmup10_data_ro1_1000x125_strict_20260526_repeat02.payload,3,3,16000,8345,7655,0.521562500,0.021562500,0.998658047,0.939087950
restart_reduced_xor_random1_sampler_island_local_warmup10_data_ro1_1000x125_strict_20260526_repeat02.payload,3,4,16000,8464,7536,0.529000000,0.029000000,0.997572025,0.918660373
restart_reduced_xor_random1_sampler_island_local_warmup10_data_ro1_1000x125_strict_20260526_repeat02.payload,3,5,16000,8467,7533,0.529187500,0.029187500,0.997540509,0.918149111
restart_reduced_xor_random1_sampler_island_local_warmup10_data_ro1_1000x125_strict_20260526_repeat02.payload,3,6,16000,8469,7531,0.529312500,0.029312500,0.997519385,0.917808370
restart_reduced_xor_random1_sampler_island_local_warmup10_data_ro1_1000x125_strict_20260526_repeat02.payload,3,7,16000,8477,7523,0.529812500,0.029812500,0.997433986,0.916446213
restart_reduced_xor_random1_sampler_island_local_warmup10_data_ro1_1000x125_strict_20260526_repeat02.payload,4,0,16000,8351,7649,0.521937500,0.021937500,0.998610949,0.938051035
restart_reduced_xor_random1_sampler_island_local_warmup10_data_ro1_1000x125_strict_20260526_repeat02.payload,4,1,16000,8313,7687,0.519562500,0.019562500,0.998895504,0.944630788
restart_reduced_xor_random1_sampler_island_local_warmup10_data_ro1_1000x125_strict_20260526_repeat02.payload,4,2,16000,8352,7648,0.522000000,0.022000000,0.998603020,0.937878288
restart_reduced_xor_random1_sampler_island_local_warmup10_data_ro1_1000x125_strict_20260526_repeat02.payload,4,3,16000,8339,7661,0.521187500,0.021187500,0.998704331,0.940125612
restart_reduced_xor_random1_sampler_island_local_warmup10_data_ro1_1000x125_strict_20260526_repeat02.payload,4,4,16000,8410,7590,0.525625000,0.025625000,0.998104505,0.927894200
restart_reduced_xor_random1_sampler_island_local_warmup10_data_ro1_1000x125_strict_20260526_repeat02.payload,4,5,16000,8414,7586,0.525875000,0.025875000,0.998067323,0.927208182
restart_reduced_xor_random1_sampler_island_local_warmup10_data_ro1_1000x125_strict_20260526_repeat02.payload,4,6,16000,8531,7469,0.533187500,0.033187500,0.996819664,0.907285136
restart_reduced_xor_random1_sampler_island_local_warmup10_data_ro1_1000x125_strict_20260526_repeat02.payload,4,7,16000,8339,7661,0.521187500,0.021187500,0.998704331,0.940125612
restart_reduced_xor_random1_sampler_island_local_warmup10_data_ro1_1000x125_strict_20260526_repeat02.payload,5,0,15000,7932,7068,0.528800000,0.028800000,0.997605417,0.919205918
restart_reduced_xor_random1_sampler_island_local_warmup10_data_ro1_1000x125_strict_20260526_repeat02.payload,5,1,15000,7921,7079,0.528066667,0.028066667,0.997725874,0.921208018
restart_reduced_xor_random1_sampler_island_local_warmup10_data_ro1_1000x125_strict_20260526_repeat02.payload,5,2,15000,7928,7072,0.528533333,0.028533333,0.997649580,0.919933633
restart_reduced_xor_random1_sampler_island_local_warmup10_data_ro1_1000x125_strict_20260526_repeat02.payload,5,3,15000,7900,7100,0.526666667,0.026666667,0.997947193,0.925037942
restart_reduced_xor_random1_sampler_island_local_warmup10_data_ro1_1000x125_strict_20260526_repeat02.payload,5,4,15000,7994,7006,0.532933333,0.032933333,0.996868226,0.907973023
restart_reduced_xor_random1_sampler_island_local_warmup10_data_ro1_1000x125_strict_20260526_repeat02.payload,5,5,15000,7911,7089,0.527400000,0.027400000,0.997832679,0.923030524
restart_reduced_xor_random1_sampler_island_local_warmup10_data_ro1_1000x125_strict_20260526_repeat02.payload,5,6,15000,7993,7007,0.532866667,0.032866667,0.996880902,0.908153506
restart_reduced_xor_random1_sampler_island_local_warmup10_data_ro1_1000x125_strict_20260526_repeat02.payload,5,7,15000,7900,7100,0.526666667,0.026666667,0.997947193,0.925037942
restart_reduced_xor_random1_sampler_island_local_warmup10_data_ro1_1000x125_strict_20260526_repeat02.payload,6,0,15000,7940,7060,0.529333333,0.029333333,0.997515856,0.917751588
restart_reduced_xor_random1_sampler_island_local_warmup10_data_ro1_1000x125_strict_20260526_repeat02.payload,6,1,15000,7891,7109,0.526066667,0.026066667,0.998038572,0.926682456
restart_reduced_xor_random1_sampler_island_local_warmup10_data_ro1_1000x125_strict_20260526_repeat02.payload,6,2,15000,7890,7110,0.526000000,0.026000000,0.998048596,0.926865295
restart_reduced_xor_random1_sampler_island_local_warmup10_data_ro1_1000x125_strict_20260526_repeat02.payload,6,3,15000,7839,7161,0.522600000,0.022600000,0.998525756,0.936220970
restart_reduced_xor_random1_sampler_island_local_warmup10_data_ro1_1000x125_strict_20260526_repeat02.payload,6,4,15000,7762,7238,0.517466667,0.017466667,0.999119533,0.950462162
restart_reduced_xor_random1_sampler_island_local_warmup10_data_ro1_1000x125_strict_20260526_repeat02.payload,6,5,15000,7784,7216,0.518933333,0.018933333,0.998965424,0.946378885
restart_reduced_xor_random1_sampler_island_local_warmup10_data_ro1_1000x125_strict_20260526_repeat02.payload,6,6,15000,7832,7168,0.522133333,0.022133333,0.998586030,0.937509831
restart_reduced_xor_random1_sampler_island_local_warmup10_data_ro1_1000x125_strict_20260526_repeat02.payload,6,7,15000,7945,7055,0.529666667,0.029666667,0.997459044,0.916843376
restart_reduced_xor_random1_sampler_island_local_warmup10_data_ro1_1000x125_strict_20260526_repeat02.payload,7,0,15000,7785,7215,0.519000000,0.019000000,0.998958123,0.946193556
restart_reduced_xor_random1_sampler_island_local_warmup10_data_ro1_1000x125_strict_20260526_repeat02.payload,7,1,15000,7830,7170,0.522000000,0.022000000,0.998603020,0.937878288
restart_reduced_xor_random1_sampler_island_local_warmup10_data_ro1_1000x125_strict_20260526_repeat02.payload,7,2,15000,7850,7150,0.523333333,0.023333333,0.998428495,0.934197942
restart_reduced_xor_random1_sampler_island_local_warmup10_data_ro1_1000x125_strict_20260526_repeat02.payload,7,3,15000,7908,7092,0.527200000,0.027200000,0.997864219,0.923577725
restart_reduced_xor_random1_sampler_island_local_warmup10_data_ro1_1000x125_strict_20260526_repeat02.payload,7,4,15000,7863,7137,0.524200000,0.024200000,0.998309540,0.931810741
restart_reduced_xor_random1_sampler_island_local_warmup10_data_ro1_1000x125_strict_20260526_repeat02.payload,7,5,15000,7897,7103,0.526466667,0.026466667,0.997977884,0.925585905
restart_reduced_xor_random1_sampler_island_local_warmup10_data_ro1_1000x125_strict_20260526_repeat02.payload,7,6,15000,7915,7085,0.527666667,0.027666667,0.997790266,0.922301245
restart_reduced_xor_random1_sampler_island_local_warmup10_data_ro1_1000x125_strict_20260526_repeat02.payload,7,7,15000,7927,7073,0.528466667,0.028466667,0.997660556,0.920115619
restart_reduced_xor_random1_sampler_island_local_warmup10_data_ro2_1000x125_strict_20260526_repeat02.payload,0,0,16000,3932,12068,0.245750000,0.254250000,0.804472279,0.406885304
restart_reduced_xor_random1_sampler_island_local_warmup10_data_ro2_1000x125_strict_20260526_repeat02.payload,0,1,16000,3927,12073,0.245437500,0.254562500,0.803966320,0.406287692
restart_reduced_xor_random1_sampler_island_local_warmup10_data_ro2_1000x125_strict_20260526_repeat02.payload,0,2,16000,3706,12294,0.231625000,0.268375000,0.780833306,0.380117515
restart_reduced_xor_random1_sampler_island_local_warmup10_data_ro2_1000x125_strict_20260526_repeat02.payload,0,3,16000,3912,12088,0.244500000,0.255500000,0.802443877,0.404496339
restart_reduced_xor_random1_sampler_island_local_warmup10_data_ro2_1000x125_strict_20260526_repeat02.payload,0,4,16000,3962,12038,0.247625000,0.252375000,0.807492092,0.410476183
restart_reduced_xor_random1_sampler_island_local_warmup10_data_ro2_1000x125_strict_20260526_repeat02.payload,0,5,16000,3804,12196,0.237750000,0.262250000,0.791278544,0.391663850
restart_reduced_xor_random1_sampler_island_local_warmup10_data_ro2_1000x125_strict_20260526_repeat02.payload,0,6,16000,4048,11952,0.253000000,0.247000000,0.815998479,0.420819852
restart_reduced_xor_random1_sampler_island_local_warmup10_data_ro2_1000x125_strict_20260526_repeat02.payload,0,7,16000,3940,12060,0.246250000,0.253750000,0.805280232,0.407841998
restart_reduced_xor_random1_sampler_island_local_warmup10_data_ro2_1000x125_strict_20260526_repeat02.payload,1,0,16000,3920,12080,0.245000000,0.255000000,0.803256700,0.405451450
restart_reduced_xor_random1_sampler_island_local_warmup10_data_ro2_1000x125_strict_20260526_repeat02.payload,1,1,16000,3917,12083,0.244812500,0.255187500,0.802952120,0.405093210
restart_reduced_xor_random1_sampler_island_local_warmup10_data_ro2_1000x125_strict_20260526_repeat02.payload,1,2,16000,3914,12086,0.244625000,0.255375000,0.802647266,0.404735058
restart_reduced_xor_random1_sampler_island_local_warmup10_data_ro2_1000x125_strict_20260526_repeat02.payload,1,3,16000,3903,12097,0.243937500,0.256062500,0.801527117,0.403422595
restart_reduced_xor_random1_sampler_island_local_warmup10_data_ro2_1000x125_strict_20260526_repeat02.payload,1,4,16000,3739,12261,0.233687500,0.266312500,0.784384265,0.383995256
restart_reduced_xor_random1_sampler_island_local_warmup10_data_ro2_1000x125_strict_20260526_repeat02.payload,1,5,16000,3935,12065,0.245937500,0.254062500,0.804775489,0.407243990
restart_reduced_xor_random1_sampler_island_local_warmup10_data_ro2_1000x125_strict_20260526_repeat02.payload,1,6,16000,3886,12114,0.242875000,0.257125000,0.799788704,0.401396589
restart_reduced_xor_random1_sampler_island_local_warmup10_data_ro2_1000x125_strict_20260526_repeat02.payload,1,7,16000,3745,12255,0.234062500,0.265937500,0.785026206,0.384701421
restart_reduced_xor_random1_sampler_island_local_warmup10_data_ro2_1000x125_strict_20260526_repeat02.payload,2,0,16000,3873,12127,0.242062500,0.257937500,0.798453354,0.399849207
restart_reduced_xor_random1_sampler_island_local_warmup10_data_ro2_1000x125_strict_20260526_repeat02.payload,2,1,16000,3819,12181,0.238687500,0.261312500,0.792850817,0.393439329
restart_reduced_xor_random1_sampler_island_local_warmup10_data_ro2_1000x125_strict_20260526_repeat02.payload,2,2,16000,4051,11949,0.253187500,0.246812500,0.816291214,0.421182020
restart_reduced_xor_random1_sampler_island_local_warmup10_data_ro2_1000x125_strict_20260526_repeat02.payload,2,3,16000,3904,12096,0.244000000,0.256000000,0.801629102,0.403541860
restart_reduced_xor_random1_sampler_island_local_warmup10_data_ro2_1000x125_strict_20260526_repeat02.payload,2,4,16000,3768,12232,0.235500000,0.264500000,0.787476507,0.387411593
restart_reduced_xor_random1_sampler_island_local_warmup10_data_ro2_1000x125_strict_20260526_repeat02.payload,2,5,16000,4012,11988,0.250750000,0.249250000,0.812464684,0.416480916
restart_reduced_xor_random1_sampler_island_local_warmup10_data_ro2_1000x125_strict_20260526_repeat02.payload,2,6,16000,3880,12120,0.242500000,0.257500000,0.799173033,0.400682206
restart_reduced_xor_random1_sampler_island_local_warmup10_data_ro2_1000x125_strict_20260526_repeat02.payload,2,7,16000,3861,12139,0.241312500,0.258687500,0.797216117,0.398422327
restart_reduced_xor_random1_sampler_island_local_warmup10_data_ro2_1000x125_strict_20260526_repeat02.payload,3,0,16000,3704,12296,0.231500000,0.268500000,0.780616990,0.379882835
restart_reduced_xor_random1_sampler_island_local_warmup10_data_ro2_1000x125_strict_20260526_repeat02.payload,3,1,16000,4143,11857,0.258937500,0.241062500,0.825138809,0.432332873
restart_reduced_xor_random1_sampler_island_local_warmup10_data_ro2_1000x125_strict_20260526_repeat02.payload,3,2,16000,3952,12048,0.247000000,0.253000000,0.806488519,0.409278230
restart_reduced_xor_random1_sampler_island_local_warmup10_data_ro2_1000x125_strict_20260526_repeat02.payload,3,3,16000,3753,12247,0.234562500,0.265437500,0.785880367,0.385643512
restart_reduced_xor_random1_sampler_island_local_warmup10_data_ro2_1000x125_strict_20260526_repeat02.payload,3,4,16000,4070,11930,0.254375000,0.245625000,0.818138981,0.423477862
restart_reduced_xor_random1_sampler_island_local_warmup10_data_ro2_1000x125_strict_20260526_repeat02.payload,3,5,16000,3938,12062,0.246125000,0.253875000,0.805078426,0.407602765
restart_reduced_xor_random1_sampler_island_local_warmup10_data_ro2_1000x125_strict_20260526_repeat02.payload,3,6,16000,3804,12196,0.237750000,0.262250000,0.791278544,0.391663850
restart_reduced_xor_random1_sampler_island_local_warmup10_data_ro2_1000x125_strict_20260526_repeat02.payload,3,7,16000,4063,11937,0.253937500,0.246062500,0.817459475,0.422631600
restart_reduced_xor_random1_sampler_island_local_warmup10_data_ro2_1000x125_strict_20260526_repeat02.payload,4,0,16000,4150,11850,0.259375000,0.240625000,0.825801774,0.433184846
restart_reduced_xor_random1_sampler_island_local_warmup10_data_ro2_1000x125_strict_20260526_repeat02.payload,4,1,16000,4040,11960,0.252500000,0.247500000,0.815216539,0.419854516
restart_reduced_xor_random1_sampler_island_local_warmup10_data_ro2_1000x125_strict_20260526_repeat02.payload,4,2,16000,3797,12203,0.237312500,0.262687500,0.790542424,0.390836040
restart_reduced_xor_random1_sampler_island_local_warmup10_data_ro2_1000x125_strict_20260526_repeat02.payload,4,3,16000,4119,11881,0.257437500,0.242562500,0.822854853,0.429415635
restart_reduced_xor_random1_sampler_island_local_warmup10_data_ro2_1000x125_strict_20260526_repeat02.payload,4,4,16000,4021,11979,0.251312500,0.248687500,0.813351768,0.417564427
restart_reduced_xor_random1_sampler_island_local_warmup10_data_ro2_1000x125_strict_20260526_repeat02.payload,4,5,16000,3753,12247,0.234562500,0.265437500,0.785880367,0.385643512
restart_reduced_xor_random1_sampler_island_local_warmup10_data_ro2_1000x125_strict_20260526_repeat02.payload,4,6,16000,4081,11919,0.255062500,0.244937500,0.819203836,0.424808706
restart_reduced_xor_random1_sampler_island_local_warmup10_data_ro2_1000x125_strict_20260526_repeat02.payload,4,7,16000,4011,11989,0.250687500,0.249312500,0.812365969,0.416360576
restart_reduced_xor_random1_sampler_island_local_warmup10_data_ro2_1000x125_strict_20260526_repeat02.payload,5,0,15000,3779,11221,0.251933333,0.248066667,0.814328030,0.418761248
restart_reduced_xor_random1_sampler_island_local_warmup10_data_ro2_1000x125_strict_20260526_repeat02.payload,5,1,15000,3660,11340,0.244000000,0.256000000,0.801629102,0.403541860
restart_reduced_xor_random1_sampler_island_local_warmup10_data_ro2_1000x125_strict_20260526_repeat02.payload,5,2,15000,3818,11182,0.254533333,0.245466667,0.818384539,0.423784251
restart_reduced_xor_random1_sampler_island_local_warmup10_data_ro2_1000x125_strict_20260526_repeat02.payload,5,3,15000,3682,11318,0.245466667,0.254533333,0.804013575,0.406343458
restart_reduced_xor_random1_sampler_island_local_warmup10_data_ro2_1000x125_strict_20260526_repeat02.payload,5,4,15000,3589,11411,0.239266667,0.260733333,0.793818643,0.394537273
restart_reduced_xor_random1_sampler_island_local_warmup10_data_ro2_1000x125_strict_20260526_repeat02.payload,5,5,15000,3784,11216,0.252266667,0.247733333,0.814850980,0.419404246
restart_reduced_xor_random1_sampler_island_local_warmup10_data_ro2_1000x125_strict_20260526_repeat02.payload,5,6,15000,3674,11326,0.244933333,0.255066667,0.803148436,0.405324066
restart_reduced_xor_random1_sampler_island_local_warmup10_data_ro2_1000x125_strict_20260526_repeat02.payload,5,7,15000,3552,11448,0.236800000,0.263200000,0.789678171,0.389866924
restart_reduced_xor_random1_sampler_island_local_warmup10_data_ro2_1000x125_strict_20260526_repeat02.payload,6,0,15000,3585,11415,0.239000000,0.261000000,0.793373356,0.394031641
restart_reduced_xor_random1_sampler_island_local_warmup10_data_ro2_1000x125_strict_20260526_repeat02.payload,6,1,15000,3759,11241,0.250600000,0.249400000,0.812227718,0.416192117
restart_reduced_xor_random1_sampler_island_local_warmup10_data_ro2_1000x125_strict_20260526_repeat02.payload,6,2,15000,3765,11235,0.251000000,0.249000000,0.812859243,0.416962376
restart_reduced_xor_random1_sampler_island_local_warmup10_data_ro2_1000x125_strict_20260526_repeat02.payload,6,3,15000,3597,11403,0.239800000,0.260200000,0.794707528,0.395549070
restart_reduced_xor_random1_sampler_island_local_warmup10_data_ro2_1000x125_strict_20260526_repeat02.payload,6,4,15000,3809,11191,0.253933333,0.246066667,0.817452996,0.422623543
restart_reduced_xor_random1_sampler_island_local_warmup10_data_ro2_1000x125_strict_20260526_repeat02.payload,6,5,15000,3836,11164,0.255733333,0.244266667,0.820239417,0.426108471
restart_reduced_xor_random1_sampler_island_local_warmup10_data_ro2_1000x125_strict_20260526_repeat02.payload,6,6,15000,3651,11349,0.243400000,0.256600000,0.800648790,0.402397319
restart_reduced_xor_random1_sampler_island_local_warmup10_data_ro2_1000x125_strict_20260526_repeat02.payload,6,7,15000,3788,11212,0.252533333,0.247466667,0.815268728,0.419918851
restart_reduced_xor_random1_sampler_island_local_warmup10_data_ro2_1000x125_strict_20260526_repeat02.payload,7,0,15000,3759,11241,0.250600000,0.249400000,0.812227718,0.416192117
restart_reduced_xor_random1_sampler_island_local_warmup10_data_ro2_1000x125_strict_20260526_repeat02.payload,7,1,15000,3800,11200,0.253333333,0.246666667,0.816518712,0.421463768
restart_reduced_xor_random1_sampler_island_local_warmup10_data_ro2_1000x125_strict_20260526_repeat02.payload,7,2,15000,3685,11315,0.245666667,0.254333333,0.804337431,0.406725916
restart_reduced_xor_random1_sampler_island_local_warmup10_data_ro2_1000x125_strict_20260526_repeat02.payload,7,3,15000,3778,11222,0.251866667,0.248133333,0.814223338,0.418632683
restart_reduced_xor_random1_sampler_island_local_warmup10_data_ro2_1000x125_strict_20260526_repeat02.payload,7,4,15000,3684,11316,0.245600000,0.254400000,0.804229514,0.406598419
restart_reduced_xor_random1_sampler_island_local_warmup10_data_ro2_1000x125_strict_20260526_repeat02.payload,7,5,15000,3620,11380,0.241333333,0.258666667,0.797250544,0.398461943
restart_reduced_xor_random1_sampler_island_local_warmup10_data_ro2_1000x125_strict_20260526_repeat02.payload,7,6,15000,3773,11227,0.251533333,0.248466667,0.813699367,0.417990028
restart_reduced_xor_random1_sampler_island_local_warmup10_data_ro2_1000x125_strict_20260526_repeat02.payload,7,7,15000,3727,11273,0.248466667,0.251533333,0.808838791,0.412091000
restart_reduced_xor_random1_sampler_island_local_warmup10_data_ro3_1000x125_strict_20260526_repeat02.payload,0,0,16000,10835,5165,0.677187500,0.177187500,0.907413765,0.562372752
restart_reduced_xor_random1_sampler_island_local_warmup10_data_ro3_1000x125_strict_20260526_repeat02.payload,0,1,16000,10789,5211,0.674312500,0.174312500,0.910459502,0.568510753
restart_reduced_xor_random1_sampler_island_local_warmup10_data_ro3_1000x125_strict_20260526_repeat02.payload,0,2,16000,10699,5301,0.668687500,0.168687500,0.916261731,0.580595946
restart_reduced_xor_random1_sampler_island_local_warmup10_data_ro3_1000x125_strict_20260526_repeat02.payload,0,3,16000,10888,5112,0.680500000,0.180500000,0.903836897,0.555332933
restart_reduced_xor_random1_sampler_island_local_warmup10_data_ro3_1000x125_strict_20260526_repeat02.payload,0,4,16000,10727,5273,0.670437500,0.170437500,0.914478757,0.576825248
restart_reduced_xor_random1_sampler_island_local_warmup10_data_ro3_1000x125_strict_20260526_repeat02.payload,0,5,16000,10438,5562,0.652375000,0.152375000,0.931929075,0.616226598
restart_reduced_xor_random1_sampler_island_local_warmup10_data_ro3_1000x125_strict_20260526_repeat02.payload,0,6,16000,10795,5205,0.674687500,0.174687500,0.910065316,0.567708662
restart_reduced_xor_random1_sampler_island_local_warmup10_data_ro3_1000x125_strict_20260526_repeat02.payload,0,7,16000,10785,5215,0.674062500,0.174062500,0.910721779,0.569045729
restart_reduced_xor_random1_sampler_island_local_warmup10_data_ro3_1000x125_strict_20260526_repeat02.payload,1,0,16000,10576,5424,0.661000000,0.161000000,0.923858558,0.597277823
restart_reduced_xor_random1_sampler_island_local_warmup10_data_ro3_1000x125_strict_20260526_repeat02.payload,1,1,16000,10669,5331,0.666812500,0.166812500,0.918149932,0.584646946
restart_reduced_xor_random1_sampler_island_local_warmup10_data_ro3_1000x125_strict_20260526_repeat02.payload,1,2,16000,10841,5159,0.677562500,0.177562500,0.907012479,0.561574065
restart_reduced_xor_random1_sampler_island_local_warmup10_data_ro3_1000x125_strict_20260526_repeat02.payload,1,3,16000,10767,5233,0.672937500,0.172937500,0.911896949,0.571455576
restart_reduced_xor_random1_sampler_island_local_warmup10_data_ro3_1000x125_strict_20260526_repeat02.payload,1,4,16000,10823,5177,0.676437500,0.176437500,0.908213554,0.563971454
restart_reduced_xor_random1_sampler_island_local_warmup10_data_ro3_1000x125_strict_20260526_repeat02.payload,1,5,16000,10869,5131,0.679312500,0.179312500,0.905127522,0.557852693
restart_reduced_xor_random1_sampler_island_local_warmup10_data_ro3_1000x125_strict_20260526_repeat02.payload,1,6,16000,10640,5360,0.665000000,0.165000000,0.919953491,0.588573754
restart_reduced_xor_random1_sampler_island_local_warmup10_data_ro3_1000x125_strict_20260526_repeat02.payload,1,7,16000,10602,5398,0.662625000,0.162625000,0.922284582,0.593735459
restart_reduced_xor_random1_sampler_island_local_warmup10_data_ro3_1000x125_strict_20260526_repeat02.payload,2,0,16000,10817,5183,0.676062500,0.176062500,0.908612058,0.564771469
restart_reduced_xor_random1_sampler_island_local_warmup10_data_ro3_1000x125_strict_20260526_repeat02.payload,2,1,16000,10781,5219,0.673812500,0.173812500,0.910983645,0.569580903
restart_reduced_xor_random1_sampler_island_local_warmup10_data_ro3_1000x125_strict_20260526_repeat02.payload,2,2,16000,10575,5425,0.660937500,0.160937500,0.923918755,0.597414242
restart_reduced_xor_random1_sampler_island_local_warmup10_data_ro3_1000x125_strict_20260526_repeat02.payload,2,3,16000,10670,5330,0.666875000,0.166875000,0.918087360,0.584511729
restart_reduced_xor_random1_sampler_island_local_warmup10_data_ro3_1000x125_strict_20260526_repeat02.payload,2,4,16000,10826,5174,0.676625000,0.176625000,0.908013954,0.563571612
restart_reduced_xor_random1_sampler_island_local_warmup10_data_ro3_1000x125_strict_20260526_repeat02.payload,2,5,16000,10701,5299,0.668812500,0.168812500,0.916135038,0.580326283
restart_reduced_xor_random1_sampler_island_local_warmup10_data_ro3_1000x125_strict_20260526_repeat02.payload,2,6,16000,10784,5216,0.674000000,0.174000000,0.910787284,0.569179503
restart_reduced_xor_random1_sampler_island_local_warmup10_data_ro3_1000x125_strict_20260526_repeat02.payload,2,7,16000,10875,5125,0.679687500,0.179687500,0.904720966,0.557056504
restart_reduced_xor_random1_sampler_island_local_warmup10_data_ro3_1000x125_strict_20260526_repeat02.payload,3,0,16000,10856,5144,0.678500000,0.178500000,0.906005199,0.559579279
restart_reduced_xor_random1_sampler_island_local_warmup10_data_ro3_1000x125_strict_20260526_repeat02.payload,3,1,16000,10729,5271,0.670562500,0.170562500,0.914350637,0.576556290
restart_reduced_xor_random1_sampler_island_local_warmup10_data_ro3_1000x125_strict_20260526_repeat02.payload,3,2,16000,10833,5167,0.677062500,0.177062500,0.907547321,0.562639079
restart_reduced_xor_random1_sampler_island_local_warmup10_data_ro3_1000x125_strict_20260526_repeat02.payload,3,3,16000,10685,5315,0.667812500,0.167812500,0.917145736,0.582484997
restart_reduced_xor_random1_sampler_island_local_warmup10_data_ro3_1000x125_strict_20260526_repeat02.payload,3,4,16000,10616,5384,0.663500000,0.163500000,0.921430001,0.591831629
restart_reduced_xor_random1_sampler_island_local_warmup10_data_ro3_1000x125_strict_20260526_repeat02.payload,3,5,16000,10673,5327,0.667062500,0.167062500,0.917899492,0.584106155
restart_reduced_xor_random1_sampler_island_local_warmup10_data_ro3_1000x125_strict_20260526_repeat02.payload,3,6,16000,10804,5196,0.675250000,0.175250000,0.909472305,0.566506360
restart_reduced_xor_random1_sampler_island_local_warmup10_data_ro3_1000x125_strict_20260526_repeat02.payload,3,7,16000,10746,5254,0.671625000,0.171625000,0.913257496,0.574272162
restart_reduced_xor_random1_sampler_island_local_warmup10_data_ro3_1000x125_strict_20260526_repeat02.payload,4,0,16000,10618,5382,0.663625000,0.163625000,0.921307514,0.591559859
restart_reduced_xor_random1_sampler_island_local_warmup10_data_ro3_1000x125_strict_20260526_repeat02.payload,4,1,16000,10766,5234,0.672875000,0.172875000,0.911961993,0.571589575
restart_reduced_xor_random1_sampler_island_local_warmup10_data_ro3_1000x125_strict_20260526_repeat02.payload,4,2,16000,10849,5151,0.678062500,0.178062500,0.906475986,0.560509836
restart_reduced_xor_random1_sampler_island_local_warmup10_data_ro3_1000x125_strict_20260526_repeat02.payload,4,3,16000,10752,5248,0.672000000,0.172000000,0.912869919,0.573466862
restart_reduced_xor_random1_sampler_island_local_warmup10_data_ro3_1000x125_strict_20260526_repeat02.payload,4,4,16000,10859,5141,0.678687500,0.178687500,0.905803046,0.559180653
restart_reduced_xor_random1_sampler_island_local_warmup10_data_ro3_1000x125_strict_20260526_repeat02.payload,4,5,16000,10734,5266,0.670875000,0.170875000,0.914029891,0.575884112
restart_reduced_xor_random1_sampler_island_local_warmup10_data_ro3_1000x125_strict_20260526_repeat02.payload,4,6,16000,10543,5457,0.658937500,0.158937500,0.925831817,0.601786462
restart_reduced_xor_random1_sampler_island_local_warmup10_data_ro3_1000x125_strict_20260526_repeat02.payload,4,7,16000,10793,5207,0.674562500,0.174562500,0.910196814,0.567975976
restart_reduced_xor_random1_sampler_island_local_warmup10_data_ro3_1000x125_strict_20260526_repeat02.payload,5,0,15000,10107,4893,0.673800000,0.173800000,0.910996728,0.569607666
restart_reduced_xor_random1_sampler_island_local_warmup10_data_ro3_1000x125_strict_20260526_repeat02.payload,5,1,15000,9956,5044,0.663733333,0.163733333,0.921201278,0.591324365
restart_reduced_xor_random1_sampler_island_local_warmup10_data_ro3_1000x125_strict_20260526_repeat02.payload,5,2,15000,10015,4985,0.667666667,0.167666667,0.917292586,0.582800080
restart_reduced_xor_random1_sampler_island_local_warmup10_data_ro3_1000x125_strict_20260526_repeat02.payload,5,3,15000,10115,4885,0.674333333,0.174333333,0.910437627,0.568466181
restart_reduced_xor_random1_sampler_island_local_warmup10_data_ro3_1000x125_strict_20260526_repeat02.payload,5,4,15000,10151,4849,0.676733333,0.176733333,0.907898525,0.563340643
restart_reduced_xor_random1_sampler_island_local_warmup10_data_ro3_1000x125_strict_20260526_repeat02.payload,5,5,15000,10111,4889,0.674066667,0.174066667,0.910717411,0.569036811
restart_reduced_xor_random1_sampler_island_local_warmup10_data_ro3_1000x125_strict_20260526_repeat02.payload,5,6,15000,10118,4882,0.674533333,0.174533333,0.910227482,0.568038356
restart_reduced_xor_random1_sampler_island_local_warmup10_data_ro3_1000x125_strict_20260526_repeat02.payload,5,7,15000,10047,4953,0.669800000,0.169800000,0.915130581,0.578197719
restart_reduced_xor_random1_sampler_island_local_warmup10_data_ro3_1000x125_strict_20260526_repeat02.payload,6,0,15000,10116,4884,0.674400000,0.174400000,0.910367608,0.568323559
restart_reduced_xor_random1_sampler_island_local_warmup10_data_ro3_1000x125_strict_20260526_repeat02.payload,6,1,15000,10141,4859,0.676066667,0.176066667,0.908607635,0.564762578
restart_reduced_xor_random1_sampler_island_local_warmup10_data_ro3_1000x125_strict_20260526_repeat02.payload,6,2,15000,10047,4953,0.669800000,0.169800000,0.915130581,0.578197719
restart_reduced_xor_random1_sampler_island_local_warmup10_data_ro3_1000x125_strict_20260526_repeat02.payload,6,3,15000,9985,5015,0.665666667,0.165666667,0.919292590,0.587128168
restart_reduced_xor_random1_sampler_island_local_warmup10_data_ro3_1000x125_strict_20260526_repeat02.payload,6,4,15000,9982,5018,0.665466667,0.165466667,0.919491163,0.587561692
restart_reduced_xor_random1_sampler_island_local_warmup10_data_ro3_1000x125_strict_20260526_repeat02.payload,6,5,15000,10142,4858,0.676133333,0.176133333,0.908536856,0.564620321
restart_reduced_xor_random1_sampler_island_local_warmup10_data_ro3_1000x125_strict_20260526_repeat02.payload,6,6,15000,10155,4845,0.677000000,0.177000000,0.907614060,0.562772261
restart_reduced_xor_random1_sampler_island_local_warmup10_data_ro3_1000x125_strict_20260526_repeat02.payload,6,7,15000,10100,4900,0.673333333,0.173333333,0.911484410,0.570607208
restart_reduced_xor_random1_sampler_island_local_warmup10_data_ro3_1000x125_strict_20260526_repeat02.payload,7,0,15000,10024,4976,0.668266667,0.168266667,0.916687517,0.581504181
restart_reduced_xor_random1_sampler_island_local_warmup10_data_ro3_1000x125_strict_20260526_repeat02.payload,7,1,15000,10130,4870,0.675333333,0.175333333,0.909384275,0.566328327
restart_reduced_xor_random1_sampler_island_local_warmup10_data_ro3_1000x125_strict_20260526_repeat02.payload,7,2,15000,10149,4851,0.676600000,0.176600000,0.908040581,0.563624918
restart_reduced_xor_random1_sampler_island_local_warmup10_data_ro3_1000x125_strict_20260526_repeat02.payload,7,3,15000,10161,4839,0.677400000,0.177400000,0.907186484,0.561920108
restart_reduced_xor_random1_sampler_island_local_warmup10_data_ro3_1000x125_strict_20260526_repeat02.payload,7,4,15000,10076,4924,0.671733333,0.171733333,0.913145624,0.574039474
restart_reduced_xor_random1_sampler_island_local_warmup10_data_ro3_1000x125_strict_20260526_repeat02.payload,7,5,15000,9897,5103,0.659800000,0.159800000,0.925009963,0.599899317
restart_reduced_xor_random1_sampler_island_local_warmup10_data_ro3_1000x125_strict_20260526_repeat02.payload,7,6,15000,10116,4884,0.674400000,0.174400000,0.910367608,0.568323559
restart_reduced_xor_random1_sampler_island_local_warmup10_data_ro3_1000x125_strict_20260526_repeat02.payload,7,7,15000,10076,4924,0.671733333,0.171733333,0.913145624,0.574039474
restart_reduced_xor_random1_sampler_island_local_warmup10_data_ro4_1000x125_strict_20260526_repeat02.payload,0,0,16000,6650,9350,0.415625000,0.084375000,0.979359883,0.775033635
restart_reduced_xor_random1_sampler_island_local_warmup10_data_ro4_1000x125_strict_20260526_repeat02.payload,0,1,16000,6835,9165,0.427187500,0.072812500,0.984648111,0.803865119
restart_reduced_xor_random1_sampler_island_local_warmup10_data_ro4_1000x125_strict_20260526_repeat02.payload,0,2,16000,7161,8839,0.447562500,0.052437500,0.992051459,0.856116840
restart_reduced_xor_random1_sampler_island_local_warmup10_data_ro4_1000x125_strict_20260526_repeat02.payload,0,3,16000,6894,9106,0.430875000,0.069125000,0.986168581,0.813182541
restart_reduced_xor_random1_sampler_island_local_warmup10_data_ro4_1000x125_strict_20260526_repeat02.payload,0,4,16000,6846,9154,0.427875000,0.072125000,0.984937663,0.805597708
restart_reduced_xor_random1_sampler_island_local_warmup10_data_ro4_1000x125_strict_20260526_repeat02.payload,0,5,16000,6601,9399,0.412562500,0.087437500,0.977826446,0.767492730
restart_reduced_xor_random1_sampler_island_local_warmup10_data_ro4_1000x125_strict_20260526_repeat02.payload,0,6,16000,6723,9277,0.420187500,0.079812500,0.981541103,0.786341659
restart_reduced_xor_random1_sampler_island_local_warmup10_data_ro4_1000x125_strict_20260526_repeat02.payload,0,7,16000,7020,8980,0.438750000,0.061250000,0.989148042,0.833284555
restart_reduced_xor_random1_sampler_island_local_warmup10_data_ro4_1000x125_strict_20260526_repeat02.payload,1,0,16000,6882,9118,0.430125000,0.069875000,0.985865819,0.811282591
restart_reduced_xor_random1_sampler_island_local_warmup10_data_ro4_1000x125_strict_20260526_repeat02.payload,1,1,16000,6636,9364,0.414750000,0.085250000,0.978927448,0.772875066
restart_reduced_xor_random1_sampler_island_local_warmup10_data_ro4_1000x125_strict_20260526_repeat02.payload,1,2,16000,6758,9242,0.422375000,0.077625000,0.982543152,0.791794910
restart_reduced_xor_random1_sampler_island_local_warmup10_data_ro4_1000x125_strict_20260526_repeat02.payload,1,3,16000,6854,9146,0.428375000,0.071625000,0.985146497,0.806859081
restart_reduced_xor_random1_sampler_island_local_warmup10_data_ro4_1000x125_strict_20260526_repeat02.payload,1,4,16000,7128,8872,0.445500000,0.054500000,0.991412618,0.850740635
restart_reduced_xor_random1_sampler_island_local_warmup10_data_ro4_1000x125_strict_20260526_repeat02.payload,1,5,16000,7007,8993,0.437937500,0.062062500,0.988857472,0.831197531
restart_reduced_xor_random1_sampler_island_local_warmup10_data_ro4_1000x125_strict_20260526_repeat02.payload,1,6,16000,6917,9083,0.432312500,0.067687500,0.986739626,0.816831120
restart_reduced_xor_random1_sampler_island_local_warmup10_data_ro4_1000x125_strict_20260526_repeat02.payload,1,7,16000,6493,9507,0.405812500,0.094187500,0.974249305,0.751009840
restart_reduced_xor_random1_sampler_island_local_warmup10_data_ro4_1000x125_strict_20260526_repeat02.payload,2,0,16000,6943,9057,0.433937500,0.066062500,0.987370529,0.820966742
restart_reduced_xor_random1_sampler_island_local_warmup10_data_ro4_1000x125_strict_20260526_repeat02.payload,2,1,16000,7033,8967,0.439562500,0.060437500,0.989434744,0.835374602
restart_reduced_xor_random1_sampler_island_local_warmup10_data_ro4_1000x125_strict_20260526_repeat02.payload,2,2,16000,6986,9014,0.436625000,0.063375000,0.988379915,0.827832550
restart_reduced_xor_random1_sampler_island_local_warmup10_data_ro4_1000x125_strict_20260526_repeat02.payload,2,3,16000,6702,9298,0.418875000,0.081125000,0.980926275,0.783079574
restart_reduced_xor_random1_sampler_island_local_warmup10_data_ro4_1000x125_strict_20260526_repeat02.payload,2,4,16000,6577,9423,0.411062500,0.088937500,0.977055012,0.763813556
restart_reduced_xor_random1_sampler_island_local_warmup10_data_ro4_1000x125_strict_20260526_repeat02.payload,2,5,16000,6737,9263,0.421062500,0.078937500,0.981945320,0.788520486
restart_reduced_xor_random1_sampler_island_local_warmup10_data_ro4_1000x125_strict_20260526_repeat02.payload,2,6,16000,7021,8979,0.438812500,0.061187500,0.989170233,0.833445220
restart_reduced_xor_random1_sampler_island_local_warmup10_data_ro4_1000x125_strict_20260526_repeat02.payload,2,7,16000,6989,9011,0.436812500,0.063187500,0.988448756,0.828312781
restart_reduced_xor_random1_sampler_island_local_warmup10_data_ro4_1000x125_strict_20260526_repeat02.payload,3,0,16000,6519,9481,0.407437500,0.092562500,0.975135329,0.754960766
restart_reduced_xor_random1_sampler_island_local_warmup10_data_ro4_1000x125_strict_20260526_repeat02.payload,3,1,16000,6751,9249,0.421937500,0.078062500,0.982345007,0.790702610
restart_reduced_xor_random1_sampler_island_local_warmup10_data_ro4_1000x125_strict_20260526_repeat02.payload,3,2,16000,6750,9250,0.421875000,0.078125000,0.982316608,0.790546634
restart_reduced_xor_random1_sampler_island_local_warmup10_data_ro4_1000x125_strict_20260526_repeat02.payload,3,3,16000,7031,8969,0.439437500,0.060562500,0.989390888,0.835052859
restart_reduced_xor_random1_sampler_island_local_warmup10_data_ro4_1000x125_strict_20260526_repeat02.payload,3,4,16000,6902,9098,0.431375000,0.068625000,0.986368584,0.814450565
restart_reduced_xor_random1_sampler_island_local_warmup10_data_ro4_1000x125_strict_20260526_repeat02.payload,3,5,16000,6836,9164,0.427250000,0.072750000,0.984674549,0.804022541
restart_reduced_xor_random1_sampler_island_local_warmup10_data_ro4_1000x125_strict_20260526_repeat02.payload,3,6,16000,6535,9465,0.408437500,0.091562500,0.975672731,0.757397494
restart_reduced_xor_random1_sampler_island_local_warmup10_data_ro4_1000x125_strict_20260526_repeat02.payload,3,7,16000,6820,9180,0.426250000,0.073750000,0.984248775,0.801505846
restart_reduced_xor_random1_sampler_island_local_warmup10_data_ro4_1000x125_strict_20260526_repeat02.payload,4,0,16000,6978,9022,0.436125000,0.063875000,0.988195331,0.826552714
restart_reduced_xor_random1_sampler_island_local_warmup10_data_ro4_1000x125_strict_20260526_repeat02.payload,4,1,16000,6918,9082,0.432375000,0.067625000,0.986764179,0.816989963
restart_reduced_xor_random1_sampler_island_local_warmup10_data_ro4_1000x125_strict_20260526_repeat02.payload,4,2,16000,6658,9342,0.416125000,0.083875000,0.979604946,0.776268555
restart_reduced_xor_random1_sampler_island_local_warmup10_data_ro4_1000x125_strict_20260526_repeat02.payload,4,3,16000,6741,9259,0.421312500,0.078687500,0.982059979,0.789143614
restart_reduced_xor_random1_sampler_island_local_warmup10_data_ro4_1000x125_strict_20260526_repeat02.payload,4,4,16000,6806,9194,0.425375000,0.074625000,0.983871385,0.799307334
restart_reduced_xor_random1_sampler_island_local_warmup10_data_ro4_1000x125_strict_20260526_repeat02.payload,4,5,16000,7028,8972,0.439250000,0.060750000,0.989324932,0.834570380
restart_reduced_xor_random1_sampler_island_local_warmup10_data_ro4_1000x125_strict_20260526_repeat02.payload,4,6,16000,7007,8993,0.437937500,0.062062500,0.988857472,0.831197531
restart_reduced_xor_random1_sampler_island_local_warmup10_data_ro4_1000x125_strict_20260526_repeat02.payload,4,7,16000,6871,9129,0.429437500,0.070562500,0.985585379,0.809543165
restart_reduced_xor_random1_sampler_island_local_warmup10_data_ro4_1000x125_strict_20260526_repeat02.payload,5,0,15000,6392,8608,0.426133333,0.073866667,0.984198718,0.801212518
restart_reduced_xor_random1_sampler_island_local_warmup10_data_ro4_1000x125_strict_20260526_repeat02.payload,5,1,15000,6532,8468,0.435466667,0.064533333,0.987950059,0.824869326
restart_reduced_xor_random1_sampler_island_local_warmup10_data_ro4_1000x125_strict_20260526_repeat02.payload,5,2,15000,6556,8444,0.437066667,0.062933333,0.988541744,0.828964017
restart_reduced_xor_random1_sampler_island_local_warmup10_data_ro4_1000x125_strict_20260526_repeat02.payload,5,3,15000,6446,8554,0.429733333,0.070266667,0.985706394,0.810291388
restart_reduced_xor_random1_sampler_island_local_warmup10_data_ro4_1000x125_strict_20260526_repeat02.payload,5,4,15000,6335,8665,0.422333333,0.077666667,0.982524329,0.791690846
restart_reduced_xor_random1_sampler_island_local_warmup10_data_ro4_1000x125_strict_20260526_repeat02.payload,5,5,15000,6288,8712,0.419200000,0.080800000,0.981079469,0.783886642
restart_reduced_xor_random1_sampler_island_local_warmup10_data_ro4_1000x125_strict_20260526_repeat02.payload,5,6,15000,6235,8765,0.415666667,0.084333333,0.979380361,0.775136505
restart_reduced_xor_random1_sampler_island_local_warmup10_data_ro4_1000x125_strict_20260526_repeat02.payload,5,7,15000,6544,8456,0.436266667,0.063733333,0.988247779,0.826915219
restart_reduced_xor_random1_sampler_island_local_warmup10_data_ro4_1000x125_strict_20260526_repeat02.payload,6,0,15000,6436,8564,0.429066667,0.070933333,0.985432956,0.808605800
restart_reduced_xor_random1_sampler_island_local_warmup10_data_ro4_1000x125_strict_20260526_repeat02.payload,6,1,15000,6311,8689,0.420733333,0.079266667,0.981793789,0.787700446
restart_reduced_xor_random1_sampler_island_local_warmup10_data_ro4_1000x125_strict_20260526_repeat02.payload,6,2,15000,6307,8693,0.420466667,0.079533333,0.981670560,0.787036451
restart_reduced_xor_random1_sampler_island_local_warmup10_data_ro4_1000x125_strict_20260526_repeat02.payload,6,3,15000,6359,8641,0.423933333,0.076066667,0.983239731,0.795692314
restart_reduced_xor_random1_sampler_island_local_warmup10_data_ro4_1000x125_strict_20260526_repeat02.payload,6,4,15000,6533,8467,0.435533333,0.064466667,0.987975013,0.825039707
restart_reduced_xor_random1_sampler_island_local_warmup10_data_ro4_1000x125_strict_20260526_repeat02.payload,6,5,15000,6427,8573,0.428466667,0.071533333,0.985184624,0.807090452
restart_reduced_xor_random1_sampler_island_local_warmup10_data_ro4_1000x125_strict_20260526_repeat02.payload,6,6,15000,6386,8614,0.425733333,0.074266667,0.984026481,0.800207272
restart_reduced_xor_random1_sampler_island_local_warmup10_data_ro4_1000x125_strict_20260526_repeat02.payload,6,7,15000,6365,8635,0.424333333,0.075666667,0.983416218,0.796694418
restart_reduced_xor_random1_sampler_island_local_warmup10_data_ro4_1000x125_strict_20260526_repeat02.payload,7,0,15000,6436,8564,0.429066667,0.070933333,0.985432956,0.808605800
restart_reduced_xor_random1_sampler_island_local_warmup10_data_ro4_1000x125_strict_20260526_repeat02.payload,7,1,15000,6447,8553,0.429800000,0.070200000,0.985733594,0.810460056
restart_reduced_xor_random1_sampler_island_local_warmup10_data_ro4_1000x125_strict_20260526_repeat02.payload,7,2,15000,6495,8505,0.433000000,0.067000000,0.987008440,0.818579360
restart_reduced_xor_random1_sampler_island_local_warmup10_data_ro4_1000x125_strict_20260526_repeat02.payload,7,3,15000,6321,8679,0.421400000,0.078600000,0.982100022,0.789361772
restart_reduced_xor_random1_sampler_island_local_warmup10_data_ro4_1000x125_strict_20260526_repeat02.payload,7,4,15000,6488,8512,0.432533333,0.067466667,0.986826276,0.817392445
restart_reduced_xor_random1_sampler_island_local_warmup10_data_ro4_1000x125_strict_20260526_repeat02.payload,7,5,15000,6350,8650,0.423333333,0.076666667,0.982973228,0.794190463
restart_reduced_xor_random1_sampler_island_local_warmup10_data_ro4_1000x125_strict_20260526_repeat02.payload,7,6,15000,6561,8439,0.437400000,0.062600000,0.988663122,0.829818542
restart_reduced_xor_random1_sampler_island_local_warmup10_data_ro4_1000x125_strict_20260526_repeat02.payload,7,7,15000,6531,8469,0.435400000,0.064600000,0.987925080,0.824698966
restart_reduced_xor_random1_sampler_island_local_warmup10_data_ro5_1000x125_strict_20260526_repeat02.payload,0,0,16000,6359,9641,0.397437500,0.102562500,0.969431878,0.730817204
restart_reduced_xor_random1_sampler_island_local_warmup10_data_ro5_1000x125_strict_20260526_repeat02.payload,0,1,16000,6367,9633,0.397937500,0.102062500,0.969731316,0.732014834
restart_reduced_xor_random1_sampler_island_local_warmup10_data_ro5_1000x125_strict_20260526_repeat02.payload,0,2,16000,6548,9452,0.409250000,0.090750000,0.976104973,0.759380371
restart_reduced_xor_random1_sampler_island_local_warmup10_data_ro5_1000x125_strict_20260526_repeat02.payload,0,3,16000,6662,9338,0.416375000,0.083625000,0.979726921,0.776886411
restart_reduced_xor_random1_sampler_island_local_warmup10_data_ro5_1000x125_strict_20260526_repeat02.payload,0,4,16000,6605,9395,0.412812500,0.087187500,0.977953715,0.768106838
restart_reduced_xor_random1_sampler_island_local_warmup10_data_ro5_1000x125_strict_20260526_repeat02.payload,0,5,16000,6493,9507,0.405812500,0.094187500,0.974249305,0.751009840
restart_reduced_xor_random1_sampler_island_local_warmup10_data_ro5_1000x125_strict_20260526_repeat02.payload,0,6,16000,6386,9614,0.399125000,0.100875000,0.970436451,0.734863197
restart_reduced_xor_random1_sampler_island_local_warmup10_data_ro5_1000x125_strict_20260526_repeat02.payload,0,7,16000,6307,9693,0.394187500,0.105812500,0.967448788,0.723056749
restart_reduced_xor_random1_sampler_island_local_warmup10_data_ro5_1000x125_strict_20260526_repeat02.payload,1,0,16000,6716,9284,0.419750000,0.080250000,0.981337294,0.785253477
restart_reduced_xor_random1_sampler_island_local_warmup10_data_ro5_1000x125_strict_20260526_repeat02.payload,1,1,16000,6496,9504,0.406000000,0.094000000,0.974352345,0.751465164
restart_reduced_xor_random1_sampler_island_local_warmup10_data_ro5_1000x125_strict_20260526_repeat02.payload,1,2,16000,6450,9550,0.403125000,0.096875000,0.972749276,0.744499267
restart_reduced_xor_random1_sampler_island_local_warmup10_data_ro5_1000x125_strict_20260526_repeat02.payload,1,3,16000,6315,9685,0.394687500,0.105312500,0.967758028,0.724247951
restart_reduced_xor_random1_sampler_island_local_warmup10_data_ro5_1000x125_strict_20260526_repeat02.payload,1,4,16000,6430,9570,0.401875000,0.098125000,0.972036838,0.741481075
restart_reduced_xor_random1_sampler_island_local_warmup10_data_ro5_1000x125_strict_20260526_repeat02.payload,1,5,16000,6531,9469,0.408187500,0.091812500,0.975538940,0.756787926
restart_reduced_xor_random1_sampler_island_local_warmup10_data_ro5_1000x125_strict_20260526_repeat02.payload,1,6,16000,6574,9426,0.410875000,0.089125000,0.976957641,0.763354319
restart_reduced_xor_random1_sampler_island_local_warmup10_data_ro5_1000x125_strict_20260526_repeat02.payload,1,7,16000,6533,9467,0.408312500,0.091687500,0.975605882,0.757092678
restart_reduced_xor_random1_sampler_island_local_warmup10_data_ro5_1000x125_strict_20260526_repeat02.payload,2,0,16000,6445,9555,0.402812500,0.097187500,0.972572045,0.743744127
restart_reduced_xor_random1_sampler_island_local_warmup10_data_ro5_1000x125_strict_20260526_repeat02.payload,2,1,16000,6512,9488,0.407000000,0.093000000,0.974898337,0.753895990
restart_reduced_xor_random1_sampler_island_local_warmup10_data_ro5_1000x125_strict_20260526_repeat02.payload,2,2,16000,6575,9425,0.410937500,0.089062500,0.976990121,0.763507382
restart_reduced_xor_random1_sampler_island_local_warmup10_data_ro5_1000x125_strict_20260526_repeat02.payload,2,3,16000,6559,9441,0.409937500,0.090062500,0.976467639,0.761060321
restart_reduced_xor_random1_sampler_island_local_warmup10_data_ro5_1000x125_strict_20260526_repeat02.payload,2,4,16000,6387,9613,0.399187500,0.100812500,0.970473328,0.735013266
restart_reduced_xor_random1_sampler_island_local_warmup10_data_ro5_1000x125_strict_20260526_repeat02.payload,2,5,16000,6358,9642,0.397375000,0.102625000,0.969394342,0.730667570
restart_reduced_xor_random1_sampler_island_local_warmup10_data_ro5_1000x125_strict_20260526_repeat02.payload,2,6,16000,6482,9518,0.405125000,0.094875000,0.973869694,0.749341546
restart_reduced_xor_random1_sampler_island_local_warmup10_data_ro5_1000x125_strict_20260526_repeat02.payload,2,7,16000,6656,9344,0.416000000,0.084000000,0.979543820,0.775959726
restart_reduced_xor_random1_sampler_island_local_warmup10_data_ro5_1000x125_strict_20260526_repeat02.payload,3,0,16000,6582,9418,0.411375000,0.088625000,0.977216833,0.764579277
restart_reduced_xor_random1_sampler_island_local_warmup10_data_ro5_1000x125_strict_20260526_repeat02.payload,3,1,16000,6446,9554,0.402875000,0.097125000,0.972607538,0.743895123
restart_reduced_xor_random1_sampler_island_local_warmup10_data_ro5_1000x125_strict_20260526_repeat02.payload,3,2,16000,6438,9562,0.402375000,0.097625000,0.972322938,0.742687594
restart_reduced_xor_random1_sampler_island_local_warmup10_data_ro5_1000x125_strict_20260526_repeat02.payload,3,3,16000,6484,9516,0.405250000,0.094750000,0.973938924,0.749644728
restart_reduced_xor_random1_sampler_island_local_warmup10_data_ro5_1000x125_strict_20260526_repeat02.payload,3,4,16000,6548,9452,0.409250000,0.090750000,0.976104973,0.759380371
restart_reduced_xor_random1_sampler_island_local_warmup10_data_ro5_1000x125_strict_20260526_repeat02.payload,3,5,16000,6476,9524,0.404750000,0.095250000,0.973661440,0.748432379
restart_reduced_xor_random1_sampler_island_local_warmup10_data_ro5_1000x125_strict_20260526_repeat02.payload,3,6,16000,6479,9521,0.404937500,0.095062500,0.973765672,0.748886891
restart_reduced_xor_random1_sampler_island_local_warmup10_data_ro5_1000x125_strict_20260526_repeat02.payload,3,7,16000,6451,9549,0.403187500,0.096812500,0.972784652,0.744650342
restart_reduced_xor_random1_sampler_island_local_warmup10_data_ro5_1000x125_strict_20260526_repeat02.payload,4,0,16000,6632,9368,0.414500000,0.085500000,0.978803059,0.772258924
restart_reduced_xor_random1_sampler_island_local_warmup10_data_ro5_1000x125_strict_20260526_repeat02.payload,4,1,16000,6517,9483,0.407312500,0.092687500,0.975067734,0.754656464
restart_reduced_xor_random1_sampler_island_local_warmup10_data_ro5_1000x125_strict_20260526_repeat02.payload,4,2,16000,6520,9480,0.407500000,0.092500000,0.975169092,0.755112941
restart_reduced_xor_random1_sampler_island_local_warmup10_data_ro5_1000x125_strict_20260526_repeat02.payload,4,3,16000,6379,9621,0.398687500,0.101312500,0.970177652,0.733813145
restart_reduced_xor_random1_sampler_island_local_warmup10_data_ro5_1000x125_strict_20260526_repeat02.payload,4,4,16000,6476,9524,0.404750000,0.095250000,0.973661440,0.748432379
restart_reduced_xor_random1_sampler_island_local_warmup10_data_ro5_1000x125_strict_20260526_repeat02.payload,4,5,16000,6369,9631,0.398062500,0.101937500,0.969805941,0.732314397
restart_reduced_xor_random1_sampler_island_local_warmup10_data_ro5_1000x125_strict_20260526_repeat02.payload,4,6,16000,6460,9540,0.403750000,0.096250000,0.973101981,0.746010734
restart_reduced_xor_random1_sampler_island_local_warmup10_data_ro5_1000x125_strict_20260526_repeat02.payload,4,7,16000,6436,9564,0.402250000,0.097750000,0.972251554,0.742385870
restart_reduced_xor_random1_sampler_island_local_warmup10_data_ro5_1000x125_strict_20260526_repeat02.payload,5,0,15000,6096,8904,0.406400000,0.093600000,0.974571459,0.752437003
restart_reduced_xor_random1_sampler_island_local_warmup10_data_ro5_1000x125_strict_20260526_repeat02.payload,5,1,15000,6104,8896,0.406933333,0.093066667,0.974862124,0.753733808
restart_reduced_xor_random1_sampler_island_local_warmup10_data_ro5_1000x125_strict_20260526_repeat02.payload,5,2,15000,6082,8918,0.405466667,0.094533333,0.974058703,0.750170396
restart_reduced_xor_random1_sampler_island_local_warmup10_data_ro5_1000x125_strict_20260526_repeat02.payload,5,3,15000,6024,8976,0.401600000,0.098400000,0.971878843,0.740817920
restart_reduced_xor_random1_sampler_island_local_warmup10_data_ro5_1000x125_strict_20260526_repeat02.payload,5,4,15000,6050,8950,0.403333333,0.096666667,0.972867104,0.745002913
restart_reduced_xor_random1_sampler_island_local_warmup10_data_ro5_1000x125_strict_20260526_repeat02.payload,5,5,15000,6070,8930,0.404666667,0.095333333,0.973615048,0.748230420
restart_reduced_xor_random1_sampler_island_local_warmup10_data_ro5_1000x125_strict_20260526_repeat02.payload,5,6,15000,6085,8915,0.405666667,0.094333333,0.974169018,0.750655798
restart_reduced_xor_random1_sampler_island_local_warmup10_data_ro5_1000x125_strict_20260526_repeat02.payload,5,7,15000,6059,8941,0.403933333,0.096066667,0.973204997,0.746454398
restart_reduced_xor_random1_sampler_island_local_warmup10_data_ro5_1000x125_strict_20260526_repeat02.payload,6,0,15000,6067,8933,0.404466667,0.095533333,0.973503535,0.747745834
restart_reduced_xor_random1_sampler_island_local_warmup10_data_ro5_1000x125_strict_20260526_repeat02.payload,6,1,15000,6042,8958,0.402800000,0.097200000,0.972564944,0.743713929
restart_reduced_xor_random1_sampler_island_local_warmup10_data_ro5_1000x125_strict_20260526_repeat02.payload,6,2,15000,6158,8842,0.410533333,0.089466667,0.976779669,0.762517861
restart_reduced_xor_random1_sampler_island_local_warmup10_data_ro5_1000x125_strict_20260526_repeat02.payload,6,3,15000,6092,8908,0.406133333,0.093866667,0.974425489,0.751789037
restart_reduced_xor_random1_sampler_island_local_warmup10_data_ro5_1000x125_strict_20260526_repeat02.payload,6,4,15000,6148,8852,0.409866667,0.090133333,0.976430404,0.760887144
restart_reduced_xor_random1_sampler_island_local_warmup10_data_ro5_1000x125_strict_20260526_repeat02.payload,6,5,15000,6079,8921,0.405266667,0.094733333,0.973948148,0.749685157
restart_reduced_xor_random1_sampler_island_local_warmup10_data_ro5_1000x125_strict_20260526_repeat02.payload,6,6,15000,6046,8954,0.403066667,0.096933333,0.972716237,0.744358277
restart_reduced_xor_random1_sampler_island_local_warmup10_data_ro5_1000x125_strict_20260526_repeat02.payload,6,7,15000,6027,8973,0.401800000,0.098200000,0.971993794,0.741300184
restart_reduced_xor_random1_sampler_island_local_warmup10_data_ro5_1000x125_strict_20260526_repeat02.payload,7,0,15000,6101,8899,0.406733333,0.093266667,0.974753324,0.753247369
restart_reduced_xor_random1_sampler_island_local_warmup10_data_ro5_1000x125_strict_20260526_repeat02.payload,7,1,15000,6196,8804,0.413066667,0.086933333,0.978082725,0.768731450
restart_reduced_xor_random1_sampler_island_local_warmup10_data_ro5_1000x125_strict_20260526_repeat02.payload,7,2,15000,5993,9007,0.399533333,0.100466667,0.970676957,0.735843934
restart_reduced_xor_random1_sampler_island_local_warmup10_data_ro5_1000x125_strict_20260526_repeat02.payload,7,3,15000,6120,8880,0.408000000,0.092000000,0.975438353,0.756330919
restart_reduced_xor_random1_sampler_island_local_warmup10_data_ro5_1000x125_strict_20260526_repeat02.payload,7,4,15000,6100,8900,0.406666667,0.093333333,0.974717004,0.753085260
restart_reduced_xor_random1_sampler_island_local_warmup10_data_ro5_1000x125_strict_20260526_repeat02.payload,7,5,15000,6145,8855,0.409666667,0.090333333,0.976325107,0.760398289
restart_reduced_xor_random1_sampler_island_local_warmup10_data_ro5_1000x125_strict_20260526_repeat02.payload,7,6,15000,6037,8963,0.402466667,0.097533333,0.972375227,0.742908899
restart_reduced_xor_random1_sampler_island_local_warmup10_data_ro5_1000x125_strict_20260526_repeat02.payload,7,7,15000,6053,8947,0.403533333,0.096466667,0.972979975,0.745486579
restart_reduced_xor_random1_sampler_island_local_warmup10_data_ro6_1000x125_strict_20260526_repeat02.payload,0,0,16000,5722,10278,0.357625000,0.142375000,0.940694084,0.638512348
restart_reduced_xor_random1_sampler_island_local_warmup10_data_ro6_1000x125_strict_20260526_repeat02.payload,0,1,16000,5768,10232,0.360500000,0.139500000,0.943097444,0.644983736
restart_reduced_xor_random1_sampler_island_local_warmup10_data_ro6_1000x125_strict_20260526_repeat02.payload,0,2,16000,5825,10175,0.364062500,0.135937500,0.946003782,0.653043111
restart_reduced_xor_random1_sampler_island_local_warmup10_data_ro6_1000x125_strict_20260526_repeat02.payload,0,3,16000,5880,10120,0.367500000,0.132500000,0.948733167,0.660862615
restart_reduced_xor_random1_sampler_island_local_warmup10_data_ro6_1000x125_strict_20260526_repeat02.payload,0,4,16000,5960,10040,0.372500000,0.127500000,0.952572336,0.672312636
restart_reduced_xor_random1_sampler_island_local_warmup10_data_ro6_1000x125_strict_20260526_repeat02.payload,0,5,16000,6117,9883,0.382312500,0.117687500,0.959658908,0.695050959
restart_reduced_xor_random1_sampler_island_local_warmup10_data_ro6_1000x125_strict_20260526_repeat02.payload,0,6,16000,6105,9895,0.381562500,0.118437500,0.959138096,0.693300293
restart_reduced_xor_random1_sampler_island_local_warmup10_data_ro6_1000x125_strict_20260526_repeat02.payload,0,7,16000,6274,9726,0.392125000,0.107875000,0.966157203,0.718153408
restart_reduced_xor_random1_sampler_island_local_warmup10_data_ro6_1000x125_strict_20260526_repeat02.payload,1,0,16000,6189,9811,0.386812500,0.113187500,0.962711705,0.705599807
restart_reduced_xor_random1_sampler_island_local_warmup10_data_ro6_1000x125_strict_20260526_repeat02.payload,1,1,16000,6106,9894,0.381625000,0.118375000,0.959181629,0.693446101
restart_reduced_xor_random1_sampler_island_local_warmup10_data_ro6_1000x125_strict_20260526_repeat02.payload,1,2,16000,6060,9940,0.378750000,0.121250000,0.957154400,0.686754148
restart_reduced_xor_random1_sampler_island_local_warmup10_data_ro6_1000x125_strict_20260526_repeat02.payload,1,3,16000,5831,10169,0.364437500,0.135562500,0.946305106,0.653894091
restart_reduced_xor_random1_sampler_island_local_warmup10_data_ro6_1000x125_strict_20260526_repeat02.payload,1,4,16000,5835,10165,0.364687500,0.135312500,0.946505502,0.654461690
restart_reduced_xor_random1_sampler_island_local_warmup10_data_ro6_1000x125_strict_20260526_repeat02.payload,1,5,16000,5710,10290,0.356875000,0.143125000,0.940058591,0.636828923
restart_reduced_xor_random1_sampler_island_local_warmup10_data_ro6_1000x125_strict_20260526_repeat02.payload,1,6,16000,5819,10181,0.363687500,0.136312500,0.945701582,0.652192632
restart_reduced_xor_random1_sampler_island_local_warmup10_data_ro6_1000x125_strict_20260526_repeat02.payload,1,7,16000,5763,10237,0.360187500,0.139812500,0.942838718,0.644278916
restart_reduced_xor_random1_sampler_island_local_warmup10_data_ro6_1000x125_strict_20260526_repeat02.payload,2,0,16000,6128,9872,0.383000000,0.117000000,0.960133301,0.696657606
restart_reduced_xor_random1_sampler_island_local_warmup10_data_ro6_1000x125_strict_20260526_repeat02.payload,2,1,16000,6103,9897,0.381437500,0.118562500,0.959050960,0.693008721
restart_reduced_xor_random1_sampler_island_local_warmup10_data_ro6_1000x125_strict_20260526_repeat02.payload,2,2,16000,6259,9741,0.391187500,0.108812500,0.965561610,0.715930115
restart_reduced_xor_random1_sampler_island_local_warmup10_data_ro6_1000x125_strict_20260526_repeat02.payload,2,3,16000,6208,9792,0.388000000,0.112000000,0.963496742,0.708396442
restart_reduced_xor_random1_sampler_island_local_warmup10_data_ro6_1000x125_strict_20260526_repeat02.payload,2,4,16000,6331,9669,0.395687500,0.104312500,0.968371978,0.726633311
restart_reduced_xor_random1_sampler_island_local_warmup10_data_ro6_1000x125_strict_20260526_repeat02.payload,2,5,16000,6166,9834,0.385375000,0.114625000,0.961749920,0.702221645
restart_reduced_xor_random1_sampler_island_local_warmup10_data_ro6_1000x125_strict_20260526_repeat02.payload,2,6,16000,6190,9810,0.386875000,0.113125000,0.962753237,0.705746864
restart_reduced_xor_random1_sampler_island_local_warmup10_data_ro6_1000x125_strict_20260526_repeat02.payload,2,7,16000,6175,9825,0.385937500,0.114062500,0.962127769,0.703542593
restart_reduced_xor_random1_sampler_island_local_warmup10_data_ro6_1000x125_strict_20260526_repeat02.payload,3,0,16000,5793,10207,0.362062500,0.137937500,0.944381912,0.648513008
restart_reduced_xor_random1_sampler_island_local_warmup10_data_ro6_1000x125_strict_20260526_repeat02.payload,3,1,16000,5792,10208,0.362000000,0.138000000,0.944330826,0.648371671
restart_reduced_xor_random1_sampler_island_local_warmup10_data_ro6_1000x125_strict_20260526_repeat02.payload,3,2,16000,5806,10194,0.362875000,0.137125000,0.945043806,0.650351647
restart_reduced_xor_random1_sampler_island_local_warmup10_data_ro6_1000x125_strict_20260526_repeat02.payload,3,3,16000,5796,10204,0.362250000,0.137750000,0.944535022,0.648937101
restart_reduced_xor_random1_sampler_island_local_warmup10_data_ro6_1000x125_strict_20260526_repeat02.payload,3,4,16000,5907,10093,0.369187500,0.130812500,0.950046190,0.664716846
restart_reduced_xor_random1_sampler_island_local_warmup10_data_ro6_1000x125_strict_20260526_repeat02.payload,3,5,16000,5956,10044,0.372250000,0.127750000,0.952384049,0.671737971
restart_reduced_xor_random1_sampler_island_local_warmup10_data_ro6_1000x125_strict_20260526_repeat02.payload,3,6,16000,5983,10017,0.373937500,0.126062500,0.953647501,0.675621406
restart_reduced_xor_random1_sampler_island_local_warmup10_data_ro6_1000x125_strict_20260526_repeat02.payload,3,7,16000,5979,10021,0.373687500,0.126312500,0.953461431,0.675045422
restart_reduced_xor_random1_sampler_island_local_warmup10_data_ro6_1000x125_strict_20260526_repeat02.payload,4,0,16000,6126,9874,0.382875000,0.117125000,0.960047262,0.696365355
restart_reduced_xor_random1_sampler_island_local_warmup10_data_ro6_1000x125_strict_20260526_repeat02.payload,4,1,16000,6219,9781,0.388687500,0.111312500,0.963947321,0.710018028
restart_reduced_xor_random1_sampler_island_local_warmup10_data_ro6_1000x125_strict_20260526_repeat02.payload,4,2,16000,6096,9904,0.381000000,0.119000000,0.958745230,0.691988685
restart_reduced_xor_random1_sampler_island_local_warmup10_data_ro6_1000x125_strict_20260526_repeat02.payload,4,3,16000,6164,9836,0.385250000,0.114750000,0.961665692,0.701928265
restart_reduced_xor_random1_sampler_island_local_warmup10_data_ro6_1000x125_strict_20260526_repeat02.payload,4,4,16000,6021,9979,0.376312500,0.123687500,0.955395971,0.681104750
restart_reduced_xor_random1_sampler_island_local_warmup10_data_ro6_1000x125_strict_20260526_repeat02.payload,4,5,16000,6014,9986,0.375875000,0.124125000,0.955076492,0.680093093
restart_reduced_xor_random1_sampler_island_local_warmup10_data_ro6_1000x125_strict_20260526_repeat02.payload,4,6,16000,5924,10076,0.370250000,0.129750000,0.950863856,0.667148878
restart_reduced_xor_random1_sampler_island_local_warmup10_data_ro6_1000x125_strict_20260526_repeat02.payload,4,7,16000,5873,10127,0.367062500,0.132937500,0.948389870,0.659865048
restart_reduced_xor_random1_sampler_island_local_warmup10_data_ro6_1000x125_strict_20260526_repeat02.payload,5,0,15000,5489,9511,0.365933333,0.134066667,0.947498342,0.657293560
restart_reduced_xor_random1_sampler_island_local_warmup10_data_ro6_1000x125_strict_20260526_repeat02.payload,5,1,15000,5668,9332,0.377866667,0.122133333,0.956521371,0.684704288
restart_reduced_xor_random1_sampler_island_local_warmup10_data_ro6_1000x125_strict_20260526_repeat02.payload,5,2,15000,5644,9356,0.376266667,0.123733333,0.955362557,0.680998734
restart_reduced_xor_random1_sampler_island_local_warmup10_data_ro6_1000x125_strict_20260526_repeat02.payload,5,3,15000,5809,9191,0.387266667,0.112733333,0.963012960,0.706668757
restart_reduced_xor_random1_sampler_island_local_warmup10_data_ro6_1000x125_strict_20260526_repeat02.payload,5,4,15000,5692,9308,0.379466667,0.120533333,0.957664474,0.688419385
restart_reduced_xor_random1_sampler_island_local_warmup10_data_ro6_1000x125_strict_20260526_repeat02.payload,5,5,15000,5865,9135,0.391000000,0.109000000,0.965441852,0.715485867
restart_reduced_xor_random1_sampler_island_local_warmup10_data_ro6_1000x125_strict_20260526_repeat02.payload,5,6,15000,5739,9261,0.382600000,0.117400000,0.959857642,0.695722612
restart_reduced_xor_random1_sampler_island_local_warmup10_data_ro6_1000x125_strict_20260526_repeat02.payload,5,7,15000,5788,9212,0.385866667,0.114133333,0.962080294,0.703376184
restart_reduced_xor_random1_sampler_island_local_warmup10_data_ro6_1000x125_strict_20260526_repeat02.payload,6,0,15000,5525,9475,0.368333333,0.131666667,0.949383780,0.662764652
restart_reduced_xor_random1_sampler_island_local_warmup10_data_ro6_1000x125_strict_20260526_repeat02.payload,6,1,15000,5588,9412,0.372533333,0.127466667,0.952597412,0.672389275
restart_reduced_xor_random1_sampler_island_local_warmup10_data_ro6_1000x125_strict_20260526_repeat02.payload,6,2,15000,5536,9464,0.369066667,0.130933333,0.949952758,0.664440522
restart_reduced_xor_random1_sampler_island_local_warmup10_data_ro6_1000x125_strict_20260526_repeat02.payload,6,3,15000,5573,9427,0.371533333,0.128466667,0.951842155,0.670091868
restart_reduced_xor_random1_sampler_island_local_warmup10_data_ro6_1000x125_strict_20260526_repeat02.payload,6,4,15000,5577,9423,0.371800000,0.128200000,0.952044161,0.670704152
restart_reduced_xor_random1_sampler_island_local_warmup10_data_ro6_1000x125_strict_20260526_repeat02.payload,6,5,15000,5508,9492,0.367200000,0.132800000,0.948497891,0.660178495
restart_reduced_xor_random1_sampler_island_local_warmup10_data_ro6_1000x125_strict_20260526_repeat02.payload,6,6,15000,5502,9498,0.366800000,0.133200000,0.948183321,0.659266839
restart_reduced_xor_random1_sampler_island_local_warmup10_data_ro6_1000x125_strict_20260526_repeat02.payload,6,7,15000,5563,9437,0.370866667,0.129133333,0.951335219,0.668562292
restart_reduced_xor_random1_sampler_island_local_warmup10_data_ro6_1000x125_strict_20260526_repeat02.payload,7,0,15000,5763,9237,0.384200000,0.115800000,0.960954418,0.699466228
restart_reduced_xor_random1_sampler_island_local_warmup10_data_ro6_1000x125_strict_20260526_repeat02.payload,7,1,15000,5652,9348,0.376800000,0.123200000,0.955750575,0.682232861
restart_reduced_xor_random1_sampler_island_local_warmup10_data_ro6_1000x125_strict_20260526_repeat02.payload,7,2,15000,5754,9246,0.383600000,0.116400000,0.960544958,0.698061233
restart_reduced_xor_random1_sampler_island_local_warmup10_data_ro6_1000x125_strict_20260526_repeat02.payload,7,3,15000,5645,9355,0.376333333,0.123666667,0.955411155,0.681152942
restart_reduced_xor_random1_sampler_island_local_warmup10_data_ro6_1000x125_strict_20260526_repeat02.payload,7,4,15000,5818,9182,0.387866667,0.112133333,0.963409025,0.708082164
restart_reduced_xor_random1_sampler_island_local_warmup10_data_ro6_1000x125_strict_20260526_repeat02.payload,7,5,15000,5686,9314,0.379066667,0.120933333,0.957380170,0.687489713
restart_reduced_xor_random1_sampler_island_local_warmup10_data_ro6_1000x125_strict_20260526_repeat02.payload,7,6,15000,5789,9211,0.385933333,0.114066667,0.962124977,0.703532803
restart_reduced_xor_random1_sampler_island_local_warmup10_data_ro6_1000x125_strict_20260526_repeat02.payload,7,7,15000,5600,9400,0.373333333,0.126666667,0.953197173,0.674229839
restart_reduced_xor_random1_sampler_island_local_warmup10_data_ro7_1000x125_strict_20260526_repeat02.payload,0,0,16000,8845,7155,0.552812500,0.052812500,0.991937153,0.855137857
restart_reduced_xor_random1_sampler_island_local_warmup10_data_ro7_1000x125_strict_20260526_repeat02.payload,0,1,16000,8683,7317,0.542687500,0.042687500,0.994735771,0.881806416
restart_reduced_xor_random1_sampler_island_local_warmup10_data_ro7_1000x125_strict_20260526_repeat02.payload,0,2,16000,8741,7259,0.546312500,0.046312500,0.993802398,0.872201662
restart_reduced_xor_random1_sampler_island_local_warmup10_data_ro7_1000x125_strict_20260526_repeat02.payload,0,3,16000,8680,7320,0.542500000,0.042500000,0.994781970,0.882304957
restart_reduced_xor_random1_sampler_island_local_warmup10_data_ro7_1000x125_strict_20260526_repeat02.payload,0,4,16000,8789,7211,0.549312500,0.049312500,0.992972112,0.864300973
restart_reduced_xor_random1_sampler_island_local_warmup10_data_ro7_1000x125_strict_20260526_repeat02.payload,0,5,16000,8693,7307,0.543312500,0.043312500,0.994580297,0.880145855
restart_reduced_xor_random1_sampler_island_local_warmup10_data_ro7_1000x125_strict_20260526_repeat02.payload,0,6,16000,8663,7337,0.541437500,0.041437500,0.995039907,0.885133283
restart_reduced_xor_random1_sampler_island_local_warmup10_data_ro7_1000x125_strict_20260526_repeat02.payload,0,7,16000,8642,7358,0.540125000,0.040125000,0.995349478,0.888634769
restart_reduced_xor_random1_sampler_island_local_warmup10_data_ro7_1000x125_strict_20260526_repeat02.payload,1,0,16000,8956,7044,0.559750000,0.059750000,0.989674319,0.837145472
restart_reduced_xor_random1_sampler_island_local_warmup10_data_ro7_1000x125_strict_20260526_repeat02.payload,1,1,16000,8837,7163,0.552312500,0.052312500,0.992089379,0.856443316
restart_reduced_xor_random1_sampler_island_local_warmup10_data_ro7_1000x125_strict_20260526_repeat02.payload,1,2,16000,8850,7150,0.553125000,0.053125000,0.991841271,0.854322545
restart_reduced_xor_random1_sampler_island_local_warmup10_data_ro7_1000x125_strict_20260526_repeat02.payload,1,3,16000,8773,7227,0.548312500,0.048312500,0.993254699,0.866929731
restart_reduced_xor_random1_sampler_island_local_warmup10_data_ro7_1000x125_strict_20260526_repeat02.payload,1,4,16000,8763,7237,0.547687500,0.047687500,0.993428357,0.868575141
restart_reduced_xor_random1_sampler_island_local_warmup10_data_ro7_1000x125_strict_20260526_repeat02.payload,1,5,16000,8812,7188,0.550750000,0.050750000,0.992555684,0.860530505
restart_reduced_xor_random1_sampler_island_local_warmup10_data_ro7_1000x125_strict_20260526_repeat02.payload,1,6,16000,8769,7231,0.548062500,0.048062500,0.993324435,0.867587670
restart_reduced_xor_random1_sampler_island_local_warmup10_data_ro7_1000x125_strict_20260526_repeat02.payload,1,7,16000,8747,7253,0.546687500,0.046687500,0.993701478,0.871211706
restart_reduced_xor_random1_sampler_island_local_warmup10_data_ro7_1000x125_strict_20260526_repeat02.payload,2,0,16000,8711,7289,0.544437500,0.044437500,0.994294720,0.877161654
restart_reduced_xor_random1_sampler_island_local_warmup10_data_ro7_1000x125_strict_20260526_repeat02.payload,2,1,16000,8905,7095,0.556562500,0.056562500,0.990748934,0.845384389
restart_reduced_xor_random1_sampler_island_local_warmup10_data_ro7_1000x125_strict_20260526_repeat02.payload,2,2,16000,8819,7181,0.551187500,0.051187500,0.992426554,0.859384924
restart_reduced_xor_random1_sampler_island_local_warmup10_data_ro7_1000x125_strict_20260526_repeat02.payload,2,3,16000,8789,7211,0.549312500,0.049312500,0.992972112,0.864300973
restart_reduced_xor_random1_sampler_island_local_warmup10_data_ro7_1000x125_strict_20260526_repeat02.payload,2,4,16000,8844,7156,0.552750000,0.052750000,0.991956261,0.855300975
restart_reduced_xor_random1_sampler_island_local_warmup10_data_ro7_1000x125_strict_20260526_repeat02.payload,2,5,16000,8922,7078,0.557625000,0.057625000,0.990397332,0.842632852
restart_reduced_xor_random1_sampler_island_local_warmup10_data_ro7_1000x125_strict_20260526_repeat02.payload,2,6,16000,8923,7077,0.557687500,0.057687500,0.990376444,0.842471160
restart_reduced_xor_random1_sampler_island_local_warmup10_data_ro7_1000x125_strict_20260526_repeat02.payload,2,7,16000,8859,7141,0.553687500,0.053687500,0.991667247,0.852856143
restart_reduced_xor_random1_sampler_island_local_warmup10_data_ro7_1000x125_strict_20260526_repeat02.payload,3,0,16000,8618,7382,0.538625000,0.038625000,0.995691022,0.892646902
restart_reduced_xor_random1_sampler_island_local_warmup10_data_ro7_1000x125_strict_20260526_repeat02.payload,3,1,16000,8617,7383,0.538562500,0.038562500,0.995704969,0.892814316
restart_reduced_xor_random1_sampler_island_local_warmup10_data_ro7_1000x125_strict_20260526_repeat02.payload,3,2,16000,8617,7383,0.538562500,0.038562500,0.995704969,0.892814316
restart_reduced_xor_random1_sampler_island_local_warmup10_data_ro7_1000x125_strict_20260526_repeat02.payload,3,3,16000,8576,7424,0.536000000,0.036000000,0.996257297,0.899695094
restart_reduced_xor_random1_sampler_island_local_warmup10_data_ro7_1000x125_strict_20260526_repeat02.payload,3,4,16000,8622,7378,0.538875000,0.038875000,0.995635005,0.891977437
restart_reduced_xor_random1_sampler_island_local_warmup10_data_ro7_1000x125_strict_20260526_repeat02.payload,3,5,16000,8718,7282,0.544875000,0.044875000,0.994181675,0.876002796
restart_reduced_xor_random1_sampler_island_local_warmup10_data_ro7_1000x125_strict_20260526_repeat02.payload,3,6,16000,8694,7306,0.543375000,0.043375000,0.994564625,0.879979904
restart_reduced_xor_random1_sampler_island_local_warmup10_data_ro7_1000x125_strict_20260526_repeat02.payload,3,7,16000,8662,7338,0.541375000,0.041375000,0.995054875,0.885299828
restart_reduced_xor_random1_sampler_island_local_warmup10_data_ro7_1000x125_strict_20260526_repeat02.payload,4,0,16000,8667,7333,0.541687500,0.041687500,0.994979806,0.884467295
restart_reduced_xor_random1_sampler_island_local_warmup10_data_ro7_1000x125_strict_20260526_repeat02.payload,4,1,16000,8803,7197,0.550187500,0.050187500,0.992720069,0.862004732
restart_reduced_xor_random1_sampler_island_local_warmup10_data_ro7_1000x125_strict_20260526_repeat02.payload,4,2,16000,8819,7181,0.551187500,0.051187500,0.992426554,0.859384924
restart_reduced_xor_random1_sampler_island_local_warmup10_data_ro7_1000x125_strict_20260526_repeat02.payload,4,3,16000,8766,7234,0.547875000,0.047875000,0.993376498,0.868081321
restart_reduced_xor_random1_sampler_island_local_warmup10_data_ro7_1000x125_strict_20260526_repeat02.payload,4,4,16000,8608,7392,0.538000000,0.038000000,0.995829476,0.894321922
restart_reduced_xor_random1_sampler_island_local_warmup10_data_ro7_1000x125_strict_20260526_repeat02.payload,4,5,16000,8780,7220,0.548750000,0.048750000,0.993131784,0.865779060
restart_reduced_xor_random1_sampler_island_local_warmup10_data_ro7_1000x125_strict_20260526_repeat02.payload,4,6,16000,8797,7203,0.549812500,0.049812500,0.992828634,0.862988388
restart_reduced_xor_random1_sampler_island_local_warmup10_data_ro7_1000x125_strict_20260526_repeat02.payload,4,7,16000,8643,7357,0.540187500,0.040187500,0.995334963,0.888467839
restart_reduced_xor_random1_sampler_island_local_warmup10_data_ro7_1000x125_strict_20260526_repeat02.payload,5,0,15000,8349,6651,0.556600000,0.056600000,0.990736636,0.845287186
restart_reduced_xor_random1_sampler_island_local_warmup10_data_ro7_1000x125_strict_20260526_repeat02.payload,5,1,15000,8324,6676,0.554933333,0.054933333,0.991275240,0.849613631
restart_reduced_xor_random1_sampler_island_local_warmup10_data_ro7_1000x125_strict_20260526_repeat02.payload,5,2,15000,8218,6782,0.547866667,0.047866667,0.993378807,0.868103265
restart_reduced_xor_random1_sampler_island_local_warmup10_data_ro7_1000x125_strict_20260526_repeat02.payload,5,3,15000,8333,6667,0.555533333,0.055533333,0.991083212,0.848054616
restart_reduced_xor_random1_sampler_island_local_warmup10_data_ro7_1000x125_strict_20260526_repeat02.payload,5,4,15000,8226,6774,0.548400000,0.048400000,0.993230205,0.866699524
restart_reduced_xor_random1_sampler_island_local_warmup10_data_ro7_1000x125_strict_20260526_repeat02.payload,5,5,15000,8290,6710,0.552666667,0.052666667,0.991981703,0.855518494
restart_reduced_xor_random1_sampler_island_local_warmup10_data_ro7_1000x125_strict_20260526_repeat02.payload,5,6,15000,8272,6728,0.551466667,0.051466667,0.992343574,0.858654410
restart_reduced_xor_random1_sampler_island_local_warmup10_data_ro7_1000x125_strict_20260526_repeat02.payload,5,7,15000,8281,6719,0.552066667,0.052066667,0.992163689,0.857085600
restart_reduced_xor_random1_sampler_island_local_warmup10_data_ro7_1000x125_strict_20260526_repeat02.payload,6,0,15000,8177,6823,0.545133333,0.045133333,0.994114401,0.875318955
restart_reduced_xor_random1_sampler_island_local_warmup10_data_ro7_1000x125_strict_20260526_repeat02.payload,6,1,15000,8179,6821,0.545266667,0.045266667,0.994079527,0.874966132
restart_reduced_xor_random1_sampler_island_local_warmup10_data_ro7_1000x125_strict_20260526_repeat02.payload,6,2,15000,8273,6727,0.551533333,0.051533333,0.992323690,0.858480013
restart_reduced_xor_random1_sampler_island_local_warmup10_data_ro7_1000x125_strict_20260526_repeat02.payload,6,3,15000,8327,6673,0.555133333,0.055133333,0.991211464,0.849093772
restart_reduced_xor_random1_sampler_island_local_warmup10_data_ro7_1000x125_strict_20260526_repeat02.payload,6,4,15000,8320,6680,0.554666667,0.054666667,0.991359910,0.850307067
restart_reduced_xor_random1_sampler_island_local_warmup10_data_ro7_1000x125_strict_20260526_repeat02.payload,6,5,15000,8280,6720,0.552000000,0.052000000,0.992183779,0.857259828
restart_reduced_xor_random1_sampler_island_local_warmup10_data_ro7_1000x125_strict_20260526_repeat02.payload,6,6,15000,8244,6756,0.549600000,0.049600000,0.992889790,0.863546091
restart_reduced_xor_random1_sampler_island_local_warmup10_data_ro7_1000x125_strict_20260526_repeat02.payload,6,7,15000,8299,6701,0.553266667,0.053266667,0.991797617,0.853953088
restart_reduced_xor_random1_sampler_island_local_warmup10_data_ro7_1000x125_strict_20260526_repeat02.payload,7,0,15000,8121,6879,0.541400000,0.041400000,0.995048890,0.885233207
restart_reduced_xor_random1_sampler_island_local_warmup10_data_ro7_1000x125_strict_20260526_repeat02.payload,7,1,15000,8124,6876,0.541600000,0.041600000,0.995000882,0.884700356
restart_reduced_xor_random1_sampler_island_local_warmup10_data_ro7_1000x125_strict_20260526_repeat02.payload,7,2,15000,8160,6840,0.544000000,0.044000000,0.994406653,0.878321443
restart_reduced_xor_random1_sampler_island_local_warmup10_data_ro7_1000x125_strict_20260526_repeat02.payload,7,3,15000,8076,6924,0.538400000,0.038400000,0.995741127,0.893249685
restart_reduced_xor_random1_sampler_island_local_warmup10_data_ro7_1000x125_strict_20260526_repeat02.payload,7,4,15000,8027,6973,0.535133333,0.035133333,0.996435479,0.902029698
restart_reduced_xor_random1_sampler_island_local_warmup10_data_ro7_1000x125_strict_20260526_repeat02.payload,7,5,15000,8020,6980,0.534666667,0.034666667,0.996529619,0.903288359
restart_reduced_xor_random1_sampler_island_local_warmup10_data_ro7_1000x125_strict_20260526_repeat02.payload,7,6,15000,8161,6839,0.544066667,0.044066667,0.994389668,0.878144653
restart_reduced_xor_random1_sampler_island_local_warmup10_data_ro7_1000x125_strict_20260526_repeat02.payload,7,7,15000,8172,6828,0.544800000,0.044800000,0.994201133,0.876201392
restart_reduced_xor_random1_sampler_island_local_warmup10_except_data_ro0_1000x125_strict_20260526_repeat02.payload,0,0,16000,8015,7985,0.500937500,0.000937500,0.999997464,0.997297480
restart_reduced_xor_random1_sampler_island_local_warmup10_except_data_ro0_1000x125_strict_20260526_repeat02.payload,0,1,16000,7992,8008,0.499500000,0.000500000,0.999999279,0.998558026
restart_reduced_xor_random1_sampler_island_local_warmup10_except_data_ro0_1000x125_strict_20260526_repeat02.payload,0,2,16000,7952,8048,0.497000000,0.003000000,0.999974031,0.991369695
restart_reduced_xor_random1_sampler_island_local_warmup10_except_data_ro0_1000x125_strict_20260526_repeat02.payload,0,3,16000,8079,7921,0.504937500,0.004937500,0.999929656,0.985823269
restart_reduced_xor_random1_sampler_island_local_warmup10_except_data_ro0_1000x125_strict_20260526_repeat02.payload,0,4,16000,8037,7963,0.502312500,0.002312500,0.999984570,0.993342918
restart_reduced_xor_random1_sampler_island_local_warmup10_except_data_ro0_1000x125_strict_20260526_repeat02.payload,0,5,16000,8018,7982,0.501125000,0.001125000,0.999996348,0.996757583
restart_reduced_xor_random1_sampler_island_local_warmup10_except_data_ro0_1000x125_strict_20260526_repeat02.payload,0,6,16000,7983,8017,0.498937500,0.001062500,0.999996743,0.996937526
restart_reduced_xor_random1_sampler_island_local_warmup10_except_data_ro0_1000x125_strict_20260526_repeat02.payload,0,7,16000,7989,8011,0.499312500,0.000687500,0.999998636,0.998017657
restart_reduced_xor_random1_sampler_island_local_warmup10_except_data_ro0_1000x125_strict_20260526_repeat02.payload,1,0,16000,7902,8098,0.493875000,0.006125000,0.999891750,0.982434357
restart_reduced_xor_random1_sampler_island_local_warmup10_except_data_ro0_1000x125_strict_20260526_repeat02.payload,1,1,16000,8042,7958,0.502625000,0.002625000,0.999980118,0.992445664
restart_reduced_xor_random1_sampler_island_local_warmup10_except_data_ro0_1000x125_strict_20260526_repeat02.payload,1,2,16000,8051,7949,0.503187500,0.003187500,0.999970684,0.990832011
restart_reduced_xor_random1_sampler_island_local_warmup10_except_data_ro0_1000x125_strict_20260526_repeat02.payload,1,3,16000,8042,7958,0.502625000,0.002625000,0.999980118,0.992445664
restart_reduced_xor_random1_sampler_island_local_warmup10_except_data_ro0_1000x125_strict_20260526_repeat02.payload,1,4,16000,8131,7869,0.508187500,0.008187500,0.999806569,0.976567205
restart_reduced_xor_random1_sampler_island_local_warmup10_except_data_ro0_1000x125_strict_20260526_repeat02.payload,1,5,16000,8002,7998,0.500125000,0.000125000,0.999999955,0.999639371
restart_reduced_xor_random1_sampler_island_local_warmup10_except_data_ro0_1000x125_strict_20260526_repeat02.payload,1,6,16000,8016,7984,0.501000000,0.001000000,0.999997115,0.997117491
restart_reduced_xor_random1_sampler_island_local_warmup10_except_data_ro0_1000x125_strict_20260526_repeat02.payload,1,7,16000,7914,8086,0.494625000,0.005375000,0.999916638,0.984573796
restart_reduced_xor_random1_sampler_island_local_warmup10_except_data_ro0_1000x125_strict_20260526_repeat02.payload,2,0,16000,8118,7882,0.507375000,0.007375000,0.999843056,0.978875660
restart_reduced_xor_random1_sampler_island_local_warmup10_except_data_ro0_1000x125_strict_20260526_repeat02.payload,2,1,16000,8004,7996,0.500250000,0.000250000,0.999999820,0.999278833
restart_reduced_xor_random1_sampler_island_local_warmup10_except_data_ro0_1000x125_strict_20260526_repeat02.payload,2,2,16000,8074,7926,0.504625000,0.004625000,0.999938279,0.986716413
restart_reduced_xor_random1_sampler_island_local_warmup10_except_data_ro0_1000x125_strict_20260526_repeat02.payload,2,3,16000,7974,8026,0.498375000,0.001625000,0.999992381,0.995318844
restart_reduced_xor_random1_sampler_island_local_warmup10_except_data_ro0_1000x125_strict_20260526_repeat02.payload,2,4,16000,8017,7983,0.501062500,0.001062500,0.999996743,0.996937526
restart_reduced_xor_random1_sampler_island_local_warmup10_except_data_ro0_1000x125_strict_20260526_repeat02.payload,2,5,16000,8069,7931,0.504312500,0.004312500,0.999946338,0.987610110
restart_reduced_xor_random1_sampler_island_local_warmup10_except_data_ro0_1000x125_strict_20260526_repeat02.payload,2,6,16000,7950,8050,0.496875000,0.003125000,0.999971822,0.991011217
restart_reduced_xor_random1_sampler_island_local_warmup10_except_data_ro0_1000x125_strict_20260526_repeat02.payload,2,7,16000,8077,7923,0.504812500,0.004812500,0.999933173,0.986180461
restart_reduced_xor_random1_sampler_island_local_warmup10_except_data_ro0_1000x125_strict_20260526_repeat02.payload,3,0,16000,8059,7941,0.503687500,0.003687500,0.999960765,0.989399167
restart_reduced_xor_random1_sampler_island_local_warmup10_except_data_ro0_1000x125_strict_20260526_repeat02.payload,3,1,16000,8024,7976,0.501500000,0.001500000,0.999993508,0.995678394
restart_reduced_xor_random1_sampler_island_local_warmup10_except_data_ro0_1000x125_strict_20260526_repeat02.payload,3,2,16000,7995,8005,0.499687500,0.000312500,0.999999718,0.999098597
restart_reduced_xor_random1_sampler_island_local_warmup10_except_data_ro0_1000x125_strict_20260526_repeat02.payload,3,3,16000,8052,7948,0.503250000,0.003250000,0.999969523,0.990652828
restart_reduced_xor_random1_sampler_island_local_warmup10_except_data_ro0_1000x125_strict_20260526_repeat02.payload,3,4,16000,8108,7892,0.506750000,0.006750000,0.999868530,0.980653911
restart_reduced_xor_random1_sampler_island_local_warmup10_except_data_ro0_1000x125_strict_20260526_repeat02.payload,3,5,16000,8005,7995,0.500312500,0.000312500,0.999999718,0.999098597
restart_reduced_xor_random1_sampler_island_local_warmup10_except_data_ro0_1000x125_strict_20260526_repeat02.payload,3,6,16000,8019,7981,0.501187500,0.001187500,0.999995931,0.996577662
restart_reduced_xor_random1_sampler_island_local_warmup10_except_data_ro0_1000x125_strict_20260526_repeat02.payload,3,7,16000,8019,7981,0.501187500,0.001187500,0.999995931,0.996577662
restart_reduced_xor_random1_sampler_island_local_warmup10_except_data_ro0_1000x125_strict_20260526_repeat02.payload,4,0,16000,7880,8120,0.492500000,0.007500000,0.999837691,0.978520273
restart_reduced_xor_random1_sampler_island_local_warmup10_except_data_ro0_1000x125_strict_20260526_repeat02.payload,4,1,16000,8041,7959,0.502562500,0.002562500,0.999981053,0.992625070
restart_reduced_xor_random1_sampler_island_local_warmup10_except_data_ro0_1000x125_strict_20260526_repeat02.payload,4,2,16000,7987,8013,0.499187500,0.000812500,0.999998095,0.997657523
restart_reduced_xor_random1_sampler_island_local_warmup10_except_data_ro0_1000x125_strict_20260526_repeat02.payload,4,3,16000,7964,8036,0.497750000,0.002250000,0.999985393,0.993522436
restart_reduced_xor_random1_sampler_island_local_warmup10_except_data_ro0_1000x125_strict_20260526_repeat02.payload,4,4,16000,8010,7990,0.500625000,0.000625000,0.999998873,0.998197757
restart_reduced_xor_random1_sampler_island_local_warmup10_except_data_ro0_1000x125_strict_20260526_repeat02.payload,4,5,16000,8053,7947,0.503312500,0.003312500,0.999968339,0.990473667
restart_reduced_xor_random1_sampler_island_local_warmup10_except_data_ro0_1000x125_strict_20260526_repeat02.payload,4,6,16000,8077,7923,0.504812500,0.004812500,0.999933173,0.986180461
restart_reduced_xor_random1_sampler_island_local_warmup10_except_data_ro0_1000x125_strict_20260526_repeat02.payload,4,7,16000,8046,7954,0.502875000,0.002875000,0.999976150,0.991728262
restart_reduced_xor_random1_sampler_island_local_warmup10_except_data_ro0_1000x125_strict_20260526_repeat02.payload,5,0,15000,7506,7494,0.500400000,0.000400000,0.999999538,0.998846305
restart_reduced_xor_random1_sampler_island_local_warmup10_except_data_ro0_1000x125_strict_20260526_repeat02.payload,5,1,15000,7472,7528,0.498133333,0.001866667,0.999989946,0.994623968
restart_reduced_xor_random1_sampler_island_local_warmup10_except_data_ro0_1000x125_strict_20260526_repeat02.payload,5,2,15000,7504,7496,0.500266667,0.000266667,0.999999795,0.999230768
restart_reduced_xor_random1_sampler_island_local_warmup10_except_data_ro0_1000x125_strict_20260526_repeat02.payload,5,3,15000,7529,7471,0.501933333,0.001933333,0.999989215,0.994432336
restart_reduced_xor_random1_sampler_island_local_warmup10_except_data_ro0_1000x125_strict_20260526_repeat02.payload,5,4,15000,7519,7481,0.501266667,0.001266667,0.999995371,0.996349794
restart_reduced_xor_random1_sampler_island_local_warmup10_except_data_ro0_1000x125_strict_20260526_repeat02.payload,5,5,15000,7512,7488,0.500800000,0.000800000,0.999998153,0.997693533
restart_reduced_xor_random1_sampler_island_local_warmup10_except_data_ro0_1000x125_strict_20260526_repeat02.payload,5,6,15000,7548,7452,0.503200000,0.003200000,0.999970453,0.990796173
restart_reduced_xor_random1_sampler_island_local_warmup10_except_data_ro0_1000x125_strict_20260526_repeat02.payload,5,7,15000,7521,7479,0.501400000,0.001400000,0.999994345,0.995966099
restart_reduced_xor_random1_sampler_island_local_warmup10_except_data_ro0_1000x125_strict_20260526_repeat02.payload,6,0,15000,7475,7525,0.498333333,0.001666667,0.999991985,0.995199014
restart_reduced_xor_random1_sampler_island_local_warmup10_except_data_ro0_1000x125_strict_20260526_repeat02.payload,6,1,15000,7627,7373,0.508466667,0.008466667,0.999793153,0.975774896
restart_reduced_xor_random1_sampler_island_local_warmup10_except_data_ro0_1000x125_strict_20260526_repeat02.payload,6,2,15000,7452,7548,0.496800000,0.003200000,0.999970453,0.990796173
restart_reduced_xor_random1_sampler_island_local_warmup10_except_data_ro0_1000x125_strict_20260526_repeat02.payload,6,3,15000,7491,7509,0.499400000,0.000600000,0.999998961,0.998269804
restart_reduced_xor_random1_sampler_island_local_warmup10_except_data_ro0_1000x125_strict_20260526_repeat02.payload,6,4,15000,7507,7493,0.500466667,0.000466667,0.999999372,0.998654113
restart_reduced_xor_random1_sampler_island_local_warmup10_except_data_ro0_1000x125_strict_20260526_repeat02.payload,6,5,15000,7540,7460,0.502666667,0.002666667,0.999979482,0.992326072
restart_reduced_xor_random1_sampler_island_local_warmup10_except_data_ro0_1000x125_strict_20260526_repeat02.payload,6,6,15000,7439,7561,0.495933333,0.004066667,0.999952282,0.988313541
restart_reduced_xor_random1_sampler_island_local_warmup10_except_data_ro0_1000x125_strict_20260526_repeat02.payload,6,7,15000,7523,7477,0.501533333,0.001533333,0.999993216,0.995582505
restart_reduced_xor_random1_sampler_island_local_warmup10_except_data_ro0_1000x125_strict_20260526_repeat02.payload,7,0,15000,7543,7457,0.502866667,0.002866667,0.999976288,0.991752170
restart_reduced_xor_random1_sampler_island_local_warmup10_except_data_ro0_1000x125_strict_20260526_repeat02.payload,7,1,15000,7487,7513,0.499133333,0.000866667,0.999997833,0.997501493
restart_reduced_xor_random1_sampler_island_local_warmup10_except_data_ro0_1000x125_strict_20260526_repeat02.payload,7,2,15000,7486,7514,0.499066667,0.000933333,0.999997487,0.997309480
restart_reduced_xor_random1_sampler_island_local_warmup10_except_data_ro0_1000x125_strict_20260526_repeat02.payload,7,3,15000,7546,7454,0.503066667,0.003066667,0.999972864,0.991178495
restart_reduced_xor_random1_sampler_island_local_warmup10_except_data_ro0_1000x125_strict_20260526_repeat02.payload,7,4,15000,7446,7554,0.496400000,0.003600000,0.999962605,0.989649812
restart_reduced_xor_random1_sampler_island_local_warmup10_except_data_ro0_1000x125_strict_20260526_repeat02.payload,7,5,15000,7446,7554,0.496400000,0.003600000,0.999962605,0.989649812
restart_reduced_xor_random1_sampler_island_local_warmup10_except_data_ro0_1000x125_strict_20260526_repeat02.payload,7,6,15000,7546,7454,0.503066667,0.003066667,0.999972864,0.991178495
restart_reduced_xor_random1_sampler_island_local_warmup10_except_data_ro0_1000x125_strict_20260526_repeat02.payload,7,7,15000,7504,7496,0.500266667,0.000266667,0.999999795,0.999230768
restart_reduced_xor_random1_sampler_island_local_warmup10_except_data_ro1_1000x125_strict_20260526_repeat02.payload,0,0,16000,8749,7251,0.546812500,0.046812500,0.993667657,0.870881872
restart_reduced_xor_random1_sampler_island_local_warmup10_except_data_ro1_1000x125_strict_20260526_repeat02.payload,0,1,16000,8847,7153,0.552937500,0.052937500,0.991898869,0.854811677
restart_reduced_xor_random1_sampler_island_local_warmup10_except_data_ro1_1000x125_strict_20260526_repeat02.payload,0,2,16000,8794,7206,0.549625000,0.049625000,0.992882609,0.863480467
restart_reduced_xor_random1_sampler_island_local_warmup10_except_data_ro1_1000x125_strict_20260526_repeat02.payload,0,3,16000,8913,7087,0.557062500,0.057062500,0.990584296,0.844088894
restart_reduced_xor_random1_sampler_island_local_warmup10_except_data_ro1_1000x125_strict_20260526_repeat02.payload,0,4,16000,8894,7106,0.555875000,0.055875000,0.990972924,0.847167595
restart_reduced_xor_random1_sampler_island_local_warmup10_except_data_ro1_1000x125_strict_20260526_repeat02.payload,0,5,16000,8876,7124,0.554750000,0.054750000,0.991333495,0.850090332
restart_reduced_xor_random1_sampler_island_local_warmup10_except_data_ro1_1000x125_strict_20260526_repeat02.payload,0,6,16000,8795,7205,0.549687500,0.049687500,0.992864640,0.863316422
restart_reduced_xor_random1_sampler_island_local_warmup10_except_data_ro1_1000x125_strict_20260526_repeat02.payload,0,7,16000,8787,7213,0.549187500,0.049187500,0.993007754,0.864629306
restart_reduced_xor_random1_sampler_island_local_warmup10_except_data_ro1_1000x125_strict_20260526_repeat02.payload,1,0,16000,8863,7137,0.553937500,0.053937500,0.991589311,0.852204887
restart_reduced_xor_random1_sampler_island_local_warmup10_except_data_ro1_1000x125_strict_20260526_repeat02.payload,1,1,16000,8888,7112,0.555500000,0.055500000,0.991093936,0.848141183
restart_reduced_xor_random1_sampler_island_local_warmup10_except_data_ro1_1000x125_strict_20260526_repeat02.payload,1,2,16000,8854,7146,0.553375000,0.053375000,0.991764155,0.853670627
restart_reduced_xor_random1_sampler_island_local_warmup10_except_data_ro1_1000x125_strict_20260526_repeat02.payload,1,3,16000,8906,7094,0.556625000,0.056625000,0.990728434,0.845222388
restart_reduced_xor_random1_sampler_island_local_warmup10_except_data_ro1_1000x125_strict_20260526_repeat02.payload,1,4,16000,8863,7137,0.553937500,0.053937500,0.991589311,0.852204887
restart_reduced_xor_random1_sampler_island_local_warmup10_except_data_ro1_1000x125_strict_20260526_repeat02.payload,1,5,16000,8855,7145,0.553437500,0.053437500,0.991744819,0.853507693
restart_reduced_xor_random1_sampler_island_local_warmup10_except_data_ro1_1000x125_strict_20260526_repeat02.payload,1,6,16000,8847,7153,0.552937500,0.052937500,0.991898869,0.854811677
restart_reduced_xor_random1_sampler_island_local_warmup10_except_data_ro1_1000x125_strict_20260526_repeat02.payload,1,7,16000,8940,7060,0.558750000,0.058750000,0.990017852,0.839725169
restart_reduced_xor_random1_sampler_island_local_warmup10_except_data_ro1_1000x125_strict_20260526_repeat02.payload,2,0,16000,8930,7070,0.558125000,0.058125000,0.990229588,0.841339825
restart_reduced_xor_random1_sampler_island_local_warmup10_except_data_ro1_1000x125_strict_20260526_repeat02.payload,2,1,16000,8770,7230,0.548125000,0.048125000,0.993307035,0.867423157
restart_reduced_xor_random1_sampler_island_local_warmup10_except_data_ro1_1000x125_strict_20260526_repeat02.payload,2,2,16000,8858,7142,0.553625000,0.053625000,0.991686675,0.853019003
restart_reduced_xor_random1_sampler_island_local_warmup10_except_data_ro1_1000x125_strict_20260526_repeat02.payload,2,3,16000,8863,7137,0.553937500,0.053937500,0.991589311,0.852204887
restart_reduced_xor_random1_sampler_island_local_warmup10_except_data_ro1_1000x125_strict_20260526_repeat02.payload,2,4,16000,8876,7124,0.554750000,0.054750000,0.991333495,0.850090332
restart_reduced_xor_random1_sampler_island_local_warmup10_except_data_ro1_1000x125_strict_20260526_repeat02.payload,2,5,16000,8928,7072,0.558000000,0.058000000,0.990271661,0.841662973
restart_reduced_xor_random1_sampler_island_local_warmup10_except_data_ro1_1000x125_strict_20260526_repeat02.payload,2,6,16000,8953,7047,0.559562500,0.059562500,0.989739177,0.837628814
restart_reduced_xor_random1_sampler_island_local_warmup10_except_data_ro1_1000x125_strict_20260526_repeat02.payload,2,7,16000,8897,7103,0.556062500,0.056062500,0.990912109,0.846681048
restart_reduced_xor_random1_sampler_island_local_warmup10_except_data_ro1_1000x125_strict_20260526_repeat02.payload,3,0,16000,8842,7158,0.552625000,0.052625000,0.991994409,0.855627266
restart_reduced_xor_random1_sampler_island_local_warmup10_except_data_ro1_1000x125_strict_20260526_repeat02.payload,3,1,16000,8939,7061,0.558687500,0.058687500,0.990039128,0.839886553
restart_reduced_xor_random1_sampler_island_local_warmup10_except_data_ro1_1000x125_strict_20260526_repeat02.payload,3,2,16000,8808,7192,0.550500000,0.050500000,0.992628972,0.861185531
restart_reduced_xor_random1_sampler_island_local_warmup10_except_data_ro1_1000x125_strict_20260526_repeat02.payload,3,3,16000,8774,7226,0.548375000,0.048375000,0.993237208,0.866765294
restart_reduced_xor_random1_sampler_island_local_warmup10_except_data_ro1_1000x125_strict_20260526_repeat02.payload,3,4,16000,8820,7180,0.551250000,0.051250000,0.992408016,0.859221344
restart_reduced_xor_random1_sampler_island_local_warmup10_except_data_ro1_1000x125_strict_20260526_repeat02.payload,3,5,16000,8833,7167,0.552062500,0.052062500,0.992164945,0.857096489
restart_reduced_xor_random1_sampler_island_local_warmup10_except_data_ro1_1000x125_strict_20260526_repeat02.payload,3,6,16000,8751,7249,0.546937500,0.046937500,0.993633744,0.870552113
restart_reduced_xor_random1_sampler_island_local_warmup10_except_data_ro1_1000x125_strict_20260526_repeat02.payload,3,7,16000,8906,7094,0.556625000,0.056625000,0.990728434,0.845222388
restart_reduced_xor_random1_sampler_island_local_warmup10_except_data_ro1_1000x125_strict_20260526_repeat02.payload,4,0,16000,8899,7101,0.556187500,0.056187500,0.990871452,0.846356774
restart_reduced_xor_random1_sampler_island_local_warmup10_except_data_ro1_1000x125_strict_20260526_repeat02.payload,4,1,16000,8968,7032,0.560500000,0.060500000,0.989412828,0.835213722
restart_reduced_xor_random1_sampler_island_local_warmup10_except_data_ro1_1000x125_strict_20260526_repeat02.payload,4,2,16000,8937,7063,0.558562500,0.058562500,0.990081613,0.840209376
restart_reduced_xor_random1_sampler_island_local_warmup10_except_data_ro1_1000x125_strict_20260526_repeat02.payload,4,3,16000,8831,7169,0.551937500,0.051937500,0.992202591,0.857423186
restart_reduced_xor_random1_sampler_island_local_warmup10_except_data_ro1_1000x125_strict_20260526_repeat02.payload,4,4,16000,8773,7227,0.548312500,0.048312500,0.993254699,0.866929731
restart_reduced_xor_random1_sampler_island_local_warmup10_except_data_ro1_1000x125_strict_20260526_repeat02.payload,4,5,16000,8790,7210,0.549375000,0.049375000,0.992954257,0.864136835
restart_reduced_xor_random1_sampler_island_local_warmup10_except_data_ro1_1000x125_strict_20260526_repeat02.payload,4,6,16000,8902,7098,0.556375000,0.056375000,0.990810296,0.845870499
restart_reduced_xor_random1_sampler_island_local_warmup10_except_data_ro1_1000x125_strict_20260526_repeat02.payload,4,7,16000,8825,7175,0.551562500,0.051562500,0.992314983,0.858403722
restart_reduced_xor_random1_sampler_island_local_warmup10_except_data_ro1_1000x125_strict_20260526_repeat02.payload,5,0,15000,8234,6766,0.548933333,0.048933333,0.993079945,0.865297147
restart_reduced_xor_random1_sampler_island_local_warmup10_except_data_ro1_1000x125_strict_20260526_repeat02.payload,5,1,15000,8390,6610,0.559333333,0.059333333,0.989818169,0.838219785
restart_reduced_xor_random1_sampler_island_local_warmup10_except_data_ro1_1000x125_strict_20260526_repeat02.payload,5,2,15000,8292,6708,0.552800000,0.052800000,0.991940977,0.855170479
restart_reduced_xor_random1_sampler_island_local_warmup10_except_data_ro1_1000x125_strict_20260526_repeat02.payload,5,3,15000,8291,6709,0.552733333,0.052733333,0.991961353,0.855344476
restart_reduced_xor_random1_sampler_island_local_warmup10_except_data_ro1_1000x125_strict_20260526_repeat02.payload,5,4,15000,8359,6641,0.557266667,0.057266667,0.990516649,0.843560235
restart_reduced_xor_random1_sampler_island_local_warmup10_except_data_ro1_1000x125_strict_20260526_repeat02.payload,5,5,15000,8280,6720,0.552000000,0.052000000,0.992183779,0.857259828
restart_reduced_xor_random1_sampler_island_local_warmup10_except_data_ro1_1000x125_strict_20260526_repeat02.payload,5,6,15000,8214,6786,0.547600000,0.047600000,0.993452488,0.868805648
restart_reduced_xor_random1_sampler_island_local_warmup10_except_data_ro1_1000x125_strict_20260526_repeat02.payload,5,7,15000,8289,6711,0.552600000,0.052600000,0.992002028,0.855692533
restart_reduced_xor_random1_sampler_island_local_warmup10_except_data_ro1_1000x125_strict_20260526_repeat02.payload,6,0,15000,8350,6650,0.556666667,0.056666667,0.990714755,0.845114398
restart_reduced_xor_random1_sampler_island_local_warmup10_except_data_ro1_1000x125_strict_20260526_repeat02.payload,6,1,15000,8301,6699,0.553400000,0.053400000,0.991756424,0.853605451
restart_reduced_xor_random1_sampler_island_local_warmup10_except_data_ro1_1000x125_strict_20260526_repeat02.payload,6,2,15000,8323,6677,0.554866667,0.054866667,0.991296446,0.849786958
restart_reduced_xor_random1_sampler_island_local_warmup10_except_data_ro1_1000x125_strict_20260526_repeat02.payload,6,3,15000,8333,6667,0.555533333,0.055533333,0.991083212,0.848054616
restart_reduced_xor_random1_sampler_island_local_warmup10_except_data_ro1_1000x125_strict_20260526_repeat02.payload,6,4,15000,8339,6661,0.555933333,0.055933333,0.990954026,0.847016207
restart_reduced_xor_random1_sampler_island_local_warmup10_except_data_ro1_1000x125_strict_20260526_repeat02.payload,6,5,15000,8278,6722,0.551866667,0.051866667,0.992223884,0.857608347
restart_reduced_xor_random1_sampler_island_local_warmup10_except_data_ro1_1000x125_strict_20260526_repeat02.payload,6,6,15000,8247,6753,0.549800000,0.049800000,0.992832239,0.863021188
restart_reduced_xor_random1_sampler_island_local_warmup10_except_data_ro1_1000x125_strict_20260526_repeat02.payload,6,7,15000,8331,6669,0.555400000,0.055400000,0.991126067,0.848400918
restart_reduced_xor_random1_sampler_island_local_warmup10_except_data_ro1_1000x125_strict_20260526_repeat02.payload,7,0,15000,8298,6702,0.553200000,0.053200000,0.991818175,0.854126938
restart_reduced_xor_random1_sampler_island_local_warmup10_except_data_ro1_1000x125_strict_20260526_repeat02.payload,7,1,15000,8274,6726,0.551600000,0.051600000,0.992303781,0.858305638
restart_reduced_xor_random1_sampler_island_local_warmup10_except_data_ro1_1000x125_strict_20260526_repeat02.payload,7,2,15000,8316,6684,0.554400000,0.054400000,0.991444165,0.851000837
restart_reduced_xor_random1_sampler_island_local_warmup10_except_data_ro1_1000x125_strict_20260526_repeat02.payload,7,3,15000,8315,6685,0.554333333,0.054333333,0.991465164,0.851174332
restart_reduced_xor_random1_sampler_island_local_warmup10_except_data_ro1_1000x125_strict_20260526_repeat02.payload,7,4,15000,8241,6759,0.549400000,0.049400000,0.992947109,0.864071184
restart_reduced_xor_random1_sampler_island_local_warmup10_except_data_ro1_1000x125_strict_20260526_repeat02.payload,7,5,15000,8304,6696,0.553600000,0.053600000,0.991694439,0.853084152
restart_reduced_xor_random1_sampler_island_local_warmup10_except_data_ro1_1000x125_strict_20260526_repeat02.payload,7,6,15000,8292,6708,0.552800000,0.052800000,0.991940977,0.855170479
restart_reduced_xor_random1_sampler_island_local_warmup10_except_data_ro1_1000x125_strict_20260526_repeat02.payload,7,7,15000,8303,6697,0.553533333,0.053533333,0.991715127,0.853257897
restart_reduced_xor_random1_sampler_island_local_warmup10_except_data_ro2_1000x125_strict_20260526_repeat02.payload,0,0,16000,7990,8010,0.499375000,0.000625000,0.999998873,0.998197757
restart_reduced_xor_random1_sampler_island_local_warmup10_except_data_ro2_1000x125_strict_20260526_repeat02.payload,0,1,16000,8012,7988,0.500750000,0.000750000,0.999998377,0.997837579
restart_reduced_xor_random1_sampler_island_local_warmup10_except_data_ro2_1000x125_strict_20260526_repeat02.payload,0,2,16000,8023,7977,0.501437500,0.001437500,0.999994038,0.995858203
restart_reduced_xor_random1_sampler_island_local_warmup10_except_data_ro2_1000x125_strict_20260526_repeat02.payload,0,3,16000,7800,8200,0.487500000,0.012500000,0.999549111,0.964376090
restart_reduced_xor_random1_sampler_island_local_warmup10_except_data_ro2_1000x125_strict_20260526_repeat02.payload,0,4,16000,7928,8072,0.495500000,0.004500000,0.999941570,0.987073826
restart_reduced_xor_random1_sampler_island_local_warmup10_except_data_ro2_1000x125_strict_20260526_repeat02.payload,0,5,16000,8057,7943,0.503562500,0.003562500,0.999963380,0.989757244
restart_reduced_xor_random1_sampler_island_local_warmup10_except_data_ro2_1000x125_strict_20260526_repeat02.payload,0,6,16000,7972,8028,0.498250000,0.001750000,0.999991163,0.994959383
restart_reduced_xor_random1_sampler_island_local_warmup10_except_data_ro2_1000x125_strict_20260526_repeat02.payload,0,7,16000,8044,7956,0.502750000,0.002750000,0.999978179,0.992086918
restart_reduced_xor_random1_sampler_island_local_warmup10_except_data_ro2_1000x125_strict_20260526_repeat02.payload,1,0,16000,7909,8091,0.494312500,0.005687500,0.999906662,0.983681978
restart_reduced_xor_random1_sampler_island_local_warmup10_except_data_ro2_1000x125_strict_20260526_repeat02.payload,1,1,16000,8001,7999,0.500062500,0.000062500,0.999999989,0.999819674
restart_reduced_xor_random1_sampler_island_local_warmup10_except_data_ro2_1000x125_strict_20260526_repeat02.payload,1,2,16000,7822,8178,0.488875000,0.011125000,0.999642858,0.968251937
restart_reduced_xor_random1_sampler_island_local_warmup10_except_data_ro2_1000x125_strict_20260526_repeat02.payload,1,3,16000,7906,8094,0.494125000,0.005875000,0.999900407,0.983147151
restart_reduced_xor_random1_sampler_island_local_warmup10_except_data_ro2_1000x125_strict_20260526_repeat02.payload,1,4,16000,8134,7866,0.508375000,0.008375000,0.999797607,0.976035009
restart_reduced_xor_random1_sampler_island_local_warmup10_except_data_ro2_1000x125_strict_20260526_repeat02.payload,1,5,16000,8013,7987,0.500812500,0.000812500,0.999998095,0.997657523
restart_reduced_xor_random1_sampler_island_local_warmup10_except_data_ro2_1000x125_strict_20260526_repeat02.payload,1,6,16000,8027,7973,0.501687500,0.001687500,0.999991783,0.995139102
restart_reduced_xor_random1_sampler_island_local_warmup10_except_data_ro2_1000x125_strict_20260526_repeat02.payload,1,7,16000,8076,7924,0.504750000,0.004750000,0.999934897,0.986359089
restart_reduced_xor_random1_sampler_island_local_warmup10_except_data_ro2_1000x125_strict_20260526_repeat02.payload,2,0,16000,8090,7910,0.505625000,0.005625000,0.999908703,0.983860297
restart_reduced_xor_random1_sampler_island_local_warmup10_except_data_ro2_1000x125_strict_20260526_repeat02.payload,2,1,16000,8076,7924,0.504750000,0.004750000,0.999934897,0.986359089
restart_reduced_xor_random1_sampler_island_local_warmup10_except_data_ro2_1000x125_strict_20260526_repeat02.payload,2,2,16000,7961,8039,0.497562500,0.002437500,0.999982857,0.992983949
restart_reduced_xor_random1_sampler_island_local_warmup10_except_data_ro2_1000x125_strict_20260526_repeat02.payload,2,3,16000,7983,8017,0.498937500,0.001062500,0.999996743,0.996937526
restart_reduced_xor_random1_sampler_island_local_warmup10_except_data_ro2_1000x125_strict_20260526_repeat02.payload,2,4,16000,8038,7962,0.502375000,0.002375000,0.999983725,0.993163423
restart_reduced_xor_random1_sampler_island_local_warmup10_except_data_ro2_1000x125_strict_20260526_repeat02.payload,2,5,16000,7907,8093,0.494187500,0.005812500,0.999902514,0.983325405
restart_reduced_xor_random1_sampler_island_local_warmup10_except_data_ro2_1000x125_strict_20260526_repeat02.payload,2,6,16000,7893,8107,0.493312500,0.006687500,0.999870954,0.980831857
restart_reduced_xor_random1_sampler_island_local_warmup10_except_data_ro2_1000x125_strict_20260526_repeat02.payload,2,7,16000,7986,8014,0.499125000,0.000875000,0.999997791,0.997477490
restart_reduced_xor_random1_sampler_island_local_warmup10_except_data_ro2_1000x125_strict_20260526_repeat02.payload,3,0,16000,7969,8031,0.498062500,0.001937500,0.999989168,0.994420360
restart_reduced_xor_random1_sampler_island_local_warmup10_except_data_ro2_1000x125_strict_20260526_repeat02.payload,3,1,16000,8006,7994,0.500375000,0.000375000,0.999999594,0.998918384
restart_reduced_xor_random1_sampler_island_local_warmup10_except_data_ro2_1000x125_strict_20260526_repeat02.payload,3,2,16000,8028,7972,0.501750000,0.001750000,0.999991163,0.994959383
restart_reduced_xor_random1_sampler_island_local_warmup10_except_data_ro2_1000x125_strict_20260526_repeat02.payload,3,3,16000,7985,8015,0.499062500,0.000937500,0.999997464,0.997297480
restart_reduced_xor_random1_sampler_island_local_warmup10_except_data_ro2_1000x125_strict_20260526_repeat02.payload,3,4,16000,7929,8071,0.495562500,0.004437500,0.999943182,0.987252565
restart_reduced_xor_random1_sampler_island_local_warmup10_except_data_ro2_1000x125_strict_20260526_repeat02.payload,3,5,16000,7999,8001,0.499937500,0.000062500,0.999999989,0.999819674
restart_reduced_xor_random1_sampler_island_local_warmup10_except_data_ro2_1000x125_strict_20260526_repeat02.payload,3,6,16000,7939,8061,0.496187500,0.003812500,0.999958060,0.989041178
restart_reduced_xor_random1_sampler_island_local_warmup10_except_data_ro2_1000x125_strict_20260526_repeat02.payload,3,7,16000,7996,8004,0.499750000,0.000250000,0.999999820,0.999278833
restart_reduced_xor_random1_sampler_island_local_warmup10_except_data_ro2_1000x125_strict_20260526_repeat02.payload,4,0,16000,7944,8056,0.496500000,0.003500000,0.999964654,0.989936317
restart_reduced_xor_random1_sampler_island_local_warmup10_except_data_ro2_1000x125_strict_20260526_repeat02.payload,4,1,16000,8005,7995,0.500312500,0.000312500,0.999999718,0.999098597
restart_reduced_xor_random1_sampler_island_local_warmup10_except_data_ro2_1000x125_strict_20260526_repeat02.payload,4,2,16000,8015,7985,0.500937500,0.000937500,0.999997464,0.997297480
restart_reduced_xor_random1_sampler_island_local_warmup10_except_data_ro2_1000x125_strict_20260526_repeat02.payload,4,3,16000,7960,8040,0.497500000,0.002500000,0.999981966,0.992804499
restart_reduced_xor_random1_sampler_island_local_warmup10_except_data_ro2_1000x125_strict_20260526_repeat02.payload,4,4,16000,7960,8040,0.497500000,0.002500000,0.999981966,0.992804499
restart_reduced_xor_random1_sampler_island_local_warmup10_except_data_ro2_1000x125_strict_20260526_repeat02.payload,4,5,16000,7998,8002,0.499875000,0.000125000,0.999999955,0.999639371
restart_reduced_xor_random1_sampler_island_local_warmup10_except_data_ro2_1000x125_strict_20260526_repeat02.payload,4,6,16000,8110,7890,0.506875000,0.006875000,0.999863616,0.980298086
restart_reduced_xor_random1_sampler_island_local_warmup10_except_data_ro2_1000x125_strict_20260526_repeat02.payload,4,7,16000,8019,7981,0.501187500,0.001187500,0.999995931,0.996577662
restart_reduced_xor_random1_sampler_island_local_warmup10_except_data_ro2_1000x125_strict_20260526_repeat02.payload,5,0,15000,7534,7466,0.502266667,0.002266667,0.999985175,0.993474562
restart_reduced_xor_random1_sampler_island_local_warmup10_except_data_ro2_1000x125_strict_20260526_repeat02.payload,5,1,15000,7477,7523,0.498466667,0.001533333,0.999993216,0.995582505
restart_reduced_xor_random1_sampler_island_local_warmup10_except_data_ro2_1000x125_strict_20260526_repeat02.payload,5,2,15000,7469,7531,0.497933333,0.002066667,0.999987676,0.994049150
restart_reduced_xor_random1_sampler_island_local_warmup10_except_data_ro2_1000x125_strict_20260526_repeat02.payload,5,3,15000,7556,7444,0.503733333,0.003733333,0.999959784,0.989267894
restart_reduced_xor_random1_sampler_island_local_warmup10_except_data_ro2_1000x125_strict_20260526_repeat02.payload,5,4,15000,7386,7614,0.492400000,0.007600000,0.999833333,0.978236026
restart_reduced_xor_random1_sampler_island_local_warmup10_except_data_ro2_1000x125_strict_20260526_repeat02.payload,5,5,15000,7551,7449,0.503400000,0.003400000,0.999966645,0.990222878
restart_reduced_xor_random1_sampler_island_local_warmup10_except_data_ro2_1000x125_strict_20260526_repeat02.payload,5,6,15000,7450,7550,0.496666667,0.003333333,0.999967940,0.990413951
restart_reduced_xor_random1_sampler_island_local_warmup10_except_data_ro2_1000x125_strict_20260526_repeat02.payload,5,7,15000,7417,7583,0.494466667,0.005533333,0.999911654,0.984121873
restart_reduced_xor_random1_sampler_island_local_warmup10_except_data_ro2_1000x125_strict_20260526_repeat02.payload,6,0,15000,7592,7408,0.506133333,0.006133333,0.999891455,0.982410603
restart_reduced_xor_random1_sampler_island_local_warmup10_except_data_ro2_1000x125_strict_20260526_repeat02.payload,6,1,15000,7502,7498,0.500133333,0.000133333,0.999999949,0.999615333
restart_reduced_xor_random1_sampler_island_local_warmup10_except_data_ro2_1000x125_strict_20260526_repeat02.payload,6,2,15000,7462,7538,0.497466667,0.002533333,0.999981482,0.992708801
restart_reduced_xor_random1_sampler_island_local_warmup10_except_data_ro2_1000x125_strict_20260526_repeat02.payload,6,3,15000,7392,7608,0.492800000,0.007200000,0.999850416,0.979373349
restart_reduced_xor_random1_sampler_island_local_warmup10_except_data_ro2_1000x125_strict_20260526_repeat02.payload,6,4,15000,7602,7398,0.506800000,0.006800000,0.999866575,0.980511570
restart_reduced_xor_random1_sampler_island_local_warmup10_except_data_ro2_1000x125_strict_20260526_repeat02.payload,6,5,15000,7495,7505,0.499666667,0.000333333,0.999999679,0.999038524
restart_reduced_xor_random1_sampler_island_local_warmup10_except_data_ro2_1000x125_strict_20260526_repeat02.payload,6,6,15000,7522,7478,0.501466667,0.001466667,0.999993793,0.995774289
restart_reduced_xor_random1_sampler_island_local_warmup10_except_data_ro2_1000x125_strict_20260526_repeat02.payload,6,7,15000,7519,7481,0.501266667,0.001266667,0.999995371,0.996349794
restart_reduced_xor_random1_sampler_island_local_warmup10_except_data_ro2_1000x125_strict_20260526_repeat02.payload,7,0,15000,7569,7431,0.504600000,0.004600000,0.999938944,0.986787889
restart_reduced_xor_random1_sampler_island_local_warmup10_except_data_ro2_1000x125_strict_20260526_repeat02.payload,7,1,15000,7537,7463,0.502466667,0.002466667,0.999982444,0.992900203
restart_reduced_xor_random1_sampler_island_local_warmup10_except_data_ro2_1000x125_strict_20260526_repeat02.payload,7,2,15000,7488,7512,0.499200000,0.000800000,0.999998153,0.997693533
restart_reduced_xor_random1_sampler_island_local_warmup10_except_data_ro2_1000x125_strict_20260526_repeat02.payload,7,3,15000,7483,7517,0.498866667,0.001133333,0.999996294,0.996733592
restart_reduced_xor_random1_sampler_island_local_warmup10_except_data_ro2_1000x125_strict_20260526_repeat02.payload,7,4,15000,7429,7571,0.495266667,0.004733333,0.999935353,0.986406727
restart_reduced_xor_random1_sampler_island_local_warmup10_except_data_ro2_1000x125_strict_20260526_repeat02.payload,7,5,15000,7558,7442,0.503866667,0.003866667,0.999956860,0.988886077
restart_reduced_xor_random1_sampler_island_local_warmup10_except_data_ro2_1000x125_strict_20260526_repeat02.payload,7,6,15000,7505,7495,0.500333333,0.000333333,0.999999679,0.999038524
restart_reduced_xor_random1_sampler_island_local_warmup10_except_data_ro2_1000x125_strict_20260526_repeat02.payload,7,7,15000,7538,7462,0.502533333,0.002533333,0.999981482,0.992708801
restart_reduced_xor_random1_sampler_island_local_warmup10_except_data_ro3_1000x125_strict_20260526_repeat02.payload,0,0,16000,8854,7146,0.553375000,0.053375000,0.991764155,0.853670627
restart_reduced_xor_random1_sampler_island_local_warmup10_except_data_ro3_1000x125_strict_20260526_repeat02.payload,0,1,16000,8771,7229,0.548187500,0.048187500,0.993289612,0.867258663
restart_reduced_xor_random1_sampler_island_local_warmup10_except_data_ro3_1000x125_strict_20260526_repeat02.payload,0,2,16000,8837,7163,0.552312500,0.052312500,0.992089379,0.856443316
restart_reduced_xor_random1_sampler_island_local_warmup10_except_data_ro3_1000x125_strict_20260526_repeat02.payload,0,3,16000,8868,7132,0.554250000,0.054250000,0.991491376,0.851391230
restart_reduced_xor_random1_sampler_island_local_warmup10_except_data_ro3_1000x125_strict_20260526_repeat02.payload,0,4,16000,8870,7130,0.554375000,0.054375000,0.991452043,0.851065895
restart_reduced_xor_random1_sampler_island_local_warmup10_except_data_ro3_1000x125_strict_20260526_repeat02.payload,0,5,16000,8787,7213,0.549187500,0.049187500,0.993007754,0.864629306
restart_reduced_xor_random1_sampler_island_local_warmup10_except_data_ro3_1000x125_strict_20260526_repeat02.payload,0,6,16000,8782,7218,0.548875000,0.048875000,0.993096461,0.865450466
restart_reduced_xor_random1_sampler_island_local_warmup10_except_data_ro3_1000x125_strict_20260526_repeat02.payload,0,7,16000,8709,7291,0.544312500,0.044312500,0.994326815,0.877492927
restart_reduced_xor_random1_sampler_island_local_warmup10_except_data_ro3_1000x125_strict_20260526_repeat02.payload,1,0,16000,8783,7217,0.548937500,0.048937500,0.993078765,0.865286196
restart_reduced_xor_random1_sampler_island_local_warmup10_except_data_ro3_1000x125_strict_20260526_repeat02.payload,1,1,16000,8713,7287,0.544562500,0.044562500,0.994262535,0.876830457
restart_reduced_xor_random1_sampler_island_local_warmup10_except_data_ro3_1000x125_strict_20260526_repeat02.payload,1,2,16000,8882,7118,0.555125000,0.055125000,0.991214126,0.849115429
restart_reduced_xor_random1_sampler_island_local_warmup10_except_data_ro3_1000x125_strict_20260526_repeat02.payload,1,3,16000,8880,7120,0.555000000,0.055000000,0.991254007,0.849440323
restart_reduced_xor_random1_sampler_island_local_warmup10_except_data_ro3_1000x125_strict_20260526_repeat02.payload,1,4,16000,8874,7126,0.554625000,0.054625000,0.991373102,0.850415447
restart_reduced_xor_random1_sampler_island_local_warmup10_except_data_ro3_1000x125_strict_20260526_repeat02.payload,1,5,16000,8848,7152,0.553000000,0.053000000,0.991879693,0.854648614
restart_reduced_xor_random1_sampler_island_local_warmup10_except_data_ro3_1000x125_strict_20260526_repeat02.payload,1,6,16000,8743,7257,0.546437500,0.046437500,0.993768849,0.871871601
restart_reduced_xor_random1_sampler_island_local_warmup10_except_data_ro3_1000x125_strict_20260526_repeat02.payload,1,7,16000,8904,7096,0.556500000,0.056500000,0.990769410,0.845546407
restart_reduced_xor_random1_sampler_island_local_warmup10_except_data_ro3_1000x125_strict_20260526_repeat02.payload,2,0,16000,8781,7219,0.548812500,0.048812500,0.993114134,0.865614754
restart_reduced_xor_random1_sampler_island_local_warmup10_except_data_ro3_1000x125_strict_20260526_repeat02.payload,2,1,16000,8839,7161,0.552437500,0.052437500,0.992051459,0.856116840
restart_reduced_xor_random1_sampler_island_local_warmup10_except_data_ro3_1000x125_strict_20260526_repeat02.payload,2,2,16000,8858,7142,0.553625000,0.053625000,0.991686675,0.853019003
restart_reduced_xor_random1_sampler_island_local_warmup10_except_data_ro3_1000x125_strict_20260526_repeat02.payload,2,3,16000,8879,7121,0.554937500,0.054937500,0.991273913,0.849602798
restart_reduced_xor_random1_sampler_island_local_warmup10_except_data_ro3_1000x125_strict_20260526_repeat02.payload,2,4,16000,8917,7083,0.557312500,0.057312500,0.990501430,0.843441583
restart_reduced_xor_random1_sampler_island_local_warmup10_except_data_ro3_1000x125_strict_20260526_repeat02.payload,2,5,16000,8945,7055,0.559062500,0.059062500,0.989911127,0.838918518
restart_reduced_xor_random1_sampler_island_local_warmup10_except_data_ro3_1000x125_strict_20260526_repeat02.payload,2,6,16000,8967,7033,0.560437500,0.060437500,0.989434744,0.835374602
restart_reduced_xor_random1_sampler_island_local_warmup10_except_data_ro3_1000x125_strict_20260526_repeat02.payload,2,7,16000,8820,7180,0.551250000,0.051250000,0.992408016,0.859221344
restart_reduced_xor_random1_sampler_island_local_warmup10_except_data_ro3_1000x125_strict_20260526_repeat02.payload,3,0,16000,8814,7186,0.550875000,0.050875000,0.992518904,0.860203103
restart_reduced_xor_random1_sampler_island_local_warmup10_except_data_ro3_1000x125_strict_20260526_repeat02.payload,3,1,16000,8942,7058,0.558875000,0.058875000,0.989975230,0.839402454
restart_reduced_xor_random1_sampler_island_local_warmup10_except_data_ro3_1000x125_strict_20260526_repeat02.payload,3,2,16000,8853,7147,0.553312500,0.053312500,0.991783469,0.853833579
restart_reduced_xor_random1_sampler_island_local_warmup10_except_data_ro3_1000x125_strict_20260526_repeat02.payload,3,3,16000,8847,7153,0.552937500,0.052937500,0.991898869,0.854811677
restart_reduced_xor_random1_sampler_island_local_warmup10_except_data_ro3_1000x125_strict_20260526_repeat02.payload,3,4,16000,8892,7108,0.555750000,0.055750000,0.991013352,0.847492052
restart_reduced_xor_random1_sampler_island_local_warmup10_except_data_ro3_1000x125_strict_20260526_repeat02.payload,3,5,16000,8868,7132,0.554250000,0.054250000,0.991491376,0.851391230
restart_reduced_xor_random1_sampler_island_local_warmup10_except_data_ro3_1000x125_strict_20260526_repeat02.payload,3,6,16000,8987,7013,0.561687500,0.061687500,0.988992062,0.832160398
restart_reduced_xor_random1_sampler_island_local_warmup10_except_data_ro3_1000x125_strict_20260526_repeat02.payload,3,7,16000,8833,7167,0.552062500,0.052062500,0.992164945,0.857096489
restart_reduced_xor_random1_sampler_island_local_warmup10_except_data_ro3_1000x125_strict_20260526_repeat02.payload,4,0,16000,8862,7138,0.553875000,0.053875000,0.991608829,0.852367673
restart_reduced_xor_random1_sampler_island_local_warmup10_except_data_ro3_1000x125_strict_20260526_repeat02.payload,4,1,16000,8815,7185,0.550937500,0.050937500,0.992500480,0.860039430
restart_reduced_xor_random1_sampler_island_local_warmup10_except_data_ro3_1000x125_strict_20260526_repeat02.payload,4,2,16000,8855,7145,0.553437500,0.053437500,0.991744819,0.853507693
restart_reduced_xor_random1_sampler_island_local_warmup10_except_data_ro3_1000x125_strict_20260526_repeat02.payload,4,3,16000,8868,7132,0.554250000,0.054250000,0.991491376,0.851391230
restart_reduced_xor_random1_sampler_island_local_warmup10_except_data_ro3_1000x125_strict_20260526_repeat02.payload,4,4,16000,8925,7075,0.557812500,0.057812500,0.990334600,0.842147831
restart_reduced_xor_random1_sampler_island_local_warmup10_except_data_ro3_1000x125_strict_20260526_repeat02.payload,4,5,16000,8893,7107,0.555812500,0.055812500,0.990993149,0.847329814
restart_reduced_xor_random1_sampler_island_local_warmup10_except_data_ro3_1000x125_strict_20260526_repeat02.payload,4,6,16000,8911,7089,0.556937500,0.056937500,0.990625593,0.844412659
restart_reduced_xor_random1_sampler_island_local_warmup10_except_data_ro3_1000x125_strict_20260526_repeat02.payload,4,7,16000,8837,7163,0.552312500,0.052312500,0.992089379,0.856443316
restart_reduced_xor_random1_sampler_island_local_warmup10_except_data_ro3_1000x125_strict_20260526_repeat02.payload,5,0,15000,8204,6796,0.546933333,0.046933333,0.993634876,0.870563104
restart_reduced_xor_random1_sampler_island_local_warmup10_except_data_ro3_1000x125_strict_20260526_repeat02.payload,5,1,15000,8277,6723,0.551800000,0.051800000,0.992243897,0.857782638
restart_reduced_xor_random1_sampler_island_local_warmup10_except_data_ro3_1000x125_strict_20260526_repeat02.payload,5,2,15000,8454,6546,0.563600000,0.063600000,0.988297034,0.827256483
restart_reduced_xor_random1_sampler_island_local_warmup10_except_data_ro3_1000x125_strict_20260526_repeat02.payload,5,3,15000,8316,6684,0.554400000,0.054400000,0.991444165,0.851000837
restart_reduced_xor_random1_sampler_island_local_warmup10_except_data_ro3_1000x125_strict_20260526_repeat02.payload,5,4,15000,8239,6761,0.549266667,0.049266667,0.992985192,0.864421353
restart_reduced_xor_random1_sampler_island_local_warmup10_except_data_ro3_1000x125_strict_20260526_repeat02.payload,5,5,15000,8276,6724,0.551733333,0.051733333,0.992263884,0.857956950
restart_reduced_xor_random1_sampler_island_local_warmup10_except_data_ro3_1000x125_strict_20260526_repeat02.payload,5,6,15000,8363,6637,0.557533333,0.057533333,0.990427927,0.842870033
restart_reduced_xor_random1_sampler_island_local_warmup10_except_data_ro3_1000x125_strict_20260526_repeat02.payload,5,7,15000,8285,6715,0.552333333,0.052333333,0.992083065,0.856388898
restart_reduced_xor_random1_sampler_island_local_warmup10_except_data_ro3_1000x125_strict_20260526_repeat02.payload,6,0,15000,8257,6743,0.550466667,0.050466667,0.992638716,0.861272890
restart_reduced_xor_random1_sampler_island_local_warmup10_except_data_ro3_1000x125_strict_20260526_repeat02.payload,6,1,15000,8317,6683,0.554466667,0.054466667,0.991423140,0.850827364
restart_reduced_xor_random1_sampler_island_local_warmup10_except_data_ro3_1000x125_strict_20260526_repeat02.payload,6,2,15000,8304,6696,0.553600000,0.053600000,0.991694439,0.853084152
restart_reduced_xor_random1_sampler_island_local_warmup10_except_data_ro3_1000x125_strict_20260526_repeat02.payload,6,3,15000,8263,6737,0.550866667,0.050866667,0.992521359,0.860224928
restart_reduced_xor_random1_sampler_island_local_warmup10_except_data_ro3_1000x125_strict_20260526_repeat02.payload,6,4,15000,8306,6694,0.553733333,0.053733333,0.991652986,0.852736724
restart_reduced_xor_random1_sampler_island_local_warmup10_except_data_ro3_1000x125_strict_20260526_repeat02.payload,6,5,15000,8360,6640,0.557333333,0.057333333,0.990494507,0.843387653
restart_reduced_xor_random1_sampler_island_local_warmup10_except_data_ro3_1000x125_strict_20260526_repeat02.payload,6,6,15000,8391,6609,0.559400000,0.059400000,0.989795221,0.838047841
restart_reduced_xor_random1_sampler_island_local_warmup10_except_data_ro3_1000x125_strict_20260526_repeat02.payload,6,7,15000,8328,6672,0.555200000,0.055200000,0.991190154,0.848920527
restart_reduced_xor_random1_sampler_island_local_warmup10_except_data_ro3_1000x125_strict_20260526_repeat02.payload,7,0,15000,8359,6641,0.557266667,0.057266667,0.990516649,0.843560235
restart_reduced_xor_random1_sampler_island_local_warmup10_except_data_ro3_1000x125_strict_20260526_repeat02.payload,7,1,15000,8269,6731,0.551266667,0.051266667,0.992403069,0.859177726
restart_reduced_xor_random1_sampler_island_local_warmup10_except_data_ro3_1000x125_strict_20260526_repeat02.payload,7,2,15000,8248,6752,0.549866667,0.049866667,0.992813003,0.862846263
restart_reduced_xor_random1_sampler_island_local_warmup10_except_data_ro3_1000x125_strict_20260526_repeat02.payload,7,3,15000,8221,6779,0.548066667,0.048066667,0.993323276,0.867576702
restart_reduced_xor_random1_sampler_island_local_warmup10_except_data_ro3_1000x125_strict_20260526_repeat02.payload,7,4,15000,8251,6749,0.550066667,0.050066667,0.992755141,0.862321615
restart_reduced_xor_random1_sampler_island_local_warmup10_except_data_ro3_1000x125_strict_20260526_repeat02.payload,7,5,15000,8352,6648,0.556800000,0.056800000,0.990670913,0.844768884
restart_reduced_xor_random1_sampler_island_local_warmup10_except_data_ro3_1000x125_strict_20260526_repeat02.payload,7,6,15000,8212,6788,0.547466667,0.047466667,0.993489172,0.869156968
restart_reduced_xor_random1_sampler_island_local_warmup10_except_data_ro3_1000x125_strict_20260526_repeat02.payload,7,7,15000,8252,6748,0.550133333,0.050133333,0.992735801,0.862146774
restart_reduced_xor_random1_sampler_island_local_warmup10_except_data_ro4_1000x125_strict_20260526_repeat02.payload,0,0,16000,8304,7696,0.519000000,0.019000000,0.998958123,0.946193556
restart_reduced_xor_random1_sampler_island_local_warmup10_except_data_ro4_1000x125_strict_20260526_repeat02.payload,0,1,16000,8190,7810,0.511875000,0.011875000,0.999593077,0.966136548
restart_reduced_xor_random1_sampler_island_local_warmup10_except_data_ro4_1000x125_strict_20260526_repeat02.payload,0,2,16000,8409,7591,0.525562500,0.025562500,0.998113744,0.928065755
restart_reduced_xor_random1_sampler_island_local_warmup10_except_data_ro4_1000x125_strict_20260526_repeat02.payload,0,3,16000,8315,7685,0.519687500,0.019687500,0.998881340,0.944283736
restart_reduced_xor_random1_sampler_island_local_warmup10_except_data_ro4_1000x125_strict_20260526_repeat02.payload,0,4,16000,8337,7663,0.521062500,0.021062500,0.998719579,0.940471665
restart_reduced_xor_random1_sampler_island_local_warmup10_except_data_ro4_1000x125_strict_20260526_repeat02.payload,0,5,16000,8433,7567,0.527062500,0.027062500,0.997885768,0.923954046
restart_reduced_xor_random1_sampler_island_local_warmup10_except_data_ro4_1000x125_strict_20260526_repeat02.payload,0,6,16000,8252,7748,0.515750000,0.015750000,0.999284125,0.955256179
restart_reduced_xor_random1_sampler_island_local_warmup10_except_data_ro4_1000x125_strict_20260526_repeat02.payload,0,7,16000,8377,7623,0.523562500,0.023562500,0.998397463,0.933566326
restart_reduced_xor_random1_sampler_island_local_warmup10_except_data_ro4_1000x125_strict_20260526_repeat02.payload,1,0,16000,8314,7686,0.519625000,0.019625000,0.998888434,0.944457252
restart_reduced_xor_random1_sampler_island_local_warmup10_except_data_ro4_1000x125_strict_20260526_repeat02.payload,1,1,16000,8309,7691,0.519312500,0.019312500,0.998923561,0.945325143
restart_reduced_xor_random1_sampler_island_local_warmup10_except_data_ro4_1000x125_strict_20260526_repeat02.payload,1,2,16000,8276,7724,0.517250000,0.017250000,0.999141246,0.951066355
restart_reduced_xor_random1_sampler_island_local_warmup10_except_data_ro4_1000x125_strict_20260526_repeat02.payload,1,3,16000,8421,7579,0.526312500,0.026312500,0.998001384,0.926008435
restart_reduced_xor_random1_sampler_island_local_warmup10_except_data_ro4_1000x125_strict_20260526_repeat02.payload,1,4,16000,8290,7710,0.518125000,0.018125000,0.999051897,0.948627898
restart_reduced_xor_random1_sampler_island_local_warmup10_except_data_ro4_1000x125_strict_20260526_repeat02.payload,1,5,16000,8214,7786,0.513375000,0.013375000,0.999483769,0.961915053
restart_reduced_xor_random1_sampler_island_local_warmup10_except_data_ro4_1000x125_strict_20260526_repeat02.payload,1,6,16000,8230,7770,0.514375000,0.014375000,0.999403679,0.959107569
restart_reduced_xor_random1_sampler_island_local_warmup10_except_data_ro4_1000x125_strict_20260526_repeat02.payload,1,7,16000,8272,7728,0.517000000,0.017000000,0.999165962,0.951763814
restart_reduced_xor_random1_sampler_island_local_warmup10_except_data_ro4_1000x125_strict_20260526_repeat02.payload,2,0,16000,8386,7614,0.524125000,0.024125000,0.998320006,0.932017170
restart_reduced_xor_random1_sampler_island_local_warmup10_except_data_ro4_1000x125_strict_20260526_repeat02.payload,2,1,16000,8410,7590,0.525625000,0.025625000,0.998104505,0.927894200
restart_reduced_xor_random1_sampler_island_local_warmup10_except_data_ro4_1000x125_strict_20260526_repeat02.payload,2,2,16000,8326,7674,0.520375000,0.020375000,0.998801826,0.942376442
restart_reduced_xor_random1_sampler_island_local_warmup10_except_data_ro4_1000x125_strict_20260526_repeat02.payload,2,3,16000,8351,7649,0.521937500,0.021937500,0.998610949,0.938051035
restart_reduced_xor_random1_sampler_island_local_warmup10_except_data_ro4_1000x125_strict_20260526_repeat02.payload,2,4,16000,8321,7679,0.520062500,0.020062500,0.998838307,0.943243081
restart_reduced_xor_random1_sampler_island_local_warmup10_except_data_ro4_1000x125_strict_20260526_repeat02.payload,2,5,16000,8247,7753,0.515437500,0.015437500,0.999312255,0.956130592
restart_reduced_xor_random1_sampler_island_local_warmup10_except_data_ro4_1000x125_strict_20260526_repeat02.payload,2,6,16000,8281,7719,0.517562500,0.017562500,0.999109843,0.950195004
restart_reduced_xor_random1_sampler_island_local_warmup10_except_data_ro4_1000x125_strict_20260526_repeat02.payload,2,7,16000,8238,7762,0.514875000,0.014875000,0.999361468,0.957705874
restart_reduced_xor_random1_sampler_island_local_warmup10_except_data_ro4_1000x125_strict_20260526_repeat02.payload,3,0,16000,8245,7755,0.515312500,0.015312500,0.999323349,0.956480506
restart_reduced_xor_random1_sampler_island_local_warmup10_except_data_ro4_1000x125_strict_20260526_repeat02.payload,3,1,16000,8371,7629,0.523187500,0.023187500,0.998448084,0.934600023
restart_reduced_xor_random1_sampler_island_local_warmup10_except_data_ro4_1000x125_strict_20260526_repeat02.payload,3,2,16000,8404,7596,0.525250000,0.025250000,0.998159601,0.928923838
restart_reduced_xor_random1_sampler_island_local_warmup10_except_data_ro4_1000x125_strict_20260526_repeat02.payload,3,3,16000,8283,7717,0.517687500,0.017687500,0.999097124,0.949846611
restart_reduced_xor_random1_sampler_island_local_warmup10_except_data_ro4_1000x125_strict_20260526_repeat02.payload,3,4,16000,8354,7646,0.522125000,0.022125000,0.998587095,0.937532856
restart_reduced_xor_random1_sampler_island_local_warmup10_except_data_ro4_1000x125_strict_20260526_repeat02.payload,3,5,16000,8360,7640,0.522500000,0.022500000,0.998538778,0.936497058
restart_reduced_xor_random1_sampler_island_local_warmup10_except_data_ro4_1000x125_strict_20260526_repeat02.payload,3,6,16000,8358,7642,0.522375000,0.022375000,0.998554974,0.936842241
restart_reduced_xor_random1_sampler_island_local_warmup10_except_data_ro4_1000x125_strict_20260526_repeat02.payload,3,7,16000,8392,7608,0.524500000,0.024500000,0.998267351,0.930985322
restart_reduced_xor_random1_sampler_island_local_warmup10_except_data_ro4_1000x125_strict_20260526_repeat02.payload,4,0,16000,8299,7701,0.518687500,0.018687500,0.998992122,0.947062493
restart_reduced_xor_random1_sampler_island_local_warmup10_except_data_ro4_1000x125_strict_20260526_repeat02.payload,4,1,16000,8284,7716,0.517750000,0.017750000,0.999090731,0.949672446
restart_reduced_xor_random1_sampler_island_local_warmup10_except_data_ro4_1000x125_strict_20260526_repeat02.payload,4,2,16000,8268,7732,0.516750000,0.016750000,0.999190316,0.952461611
restart_reduced_xor_random1_sampler_island_local_warmup10_except_data_ro4_1000x125_strict_20260526_repeat02.payload,4,3,16000,8235,7765,0.514687500,0.014687500,0.999377466,0.958231350
restart_reduced_xor_random1_sampler_island_local_warmup10_except_data_ro4_1000x125_strict_20260526_repeat02.payload,4,4,16000,8300,7700,0.518750000,0.018750000,0.998985367,0.946888664
restart_reduced_xor_random1_sampler_island_local_warmup10_except_data_ro4_1000x125_strict_20260526_repeat02.payload,4,5,16000,8151,7849,0.509437500,0.009437500,0.999742993,0.973022934
restart_reduced_xor_random1_sampler_island_local_warmup10_except_data_ro4_1000x125_strict_20260526_repeat02.payload,4,6,16000,8378,7622,0.523625000,0.023625000,0.998388947,0.933394116
restart_reduced_xor_random1_sampler_island_local_warmup10_except_data_ro4_1000x125_strict_20260526_repeat02.payload,4,7,16000,8204,7796,0.512750000,0.012750000,0.999530893,0.963672508
restart_reduced_xor_random1_sampler_island_local_warmup10_except_data_ro4_1000x125_strict_20260526_repeat02.payload,5,0,15000,7798,7202,0.519866667,0.019866667,0.998860882,0.943786441
restart_reduced_xor_random1_sampler_island_local_warmup10_except_data_ro4_1000x125_strict_20260526_repeat02.payload,5,1,15000,7785,7215,0.519000000,0.019000000,0.998958123,0.946193556
restart_reduced_xor_random1_sampler_island_local_warmup10_except_data_ro4_1000x125_strict_20260526_repeat02.payload,5,2,15000,7838,7162,0.522533333,0.022533333,0.998534444,0.936405023
restart_reduced_xor_random1_sampler_island_local_warmup10_except_data_ro4_1000x125_strict_20260526_repeat02.payload,5,3,15000,7813,7187,0.520866667,0.020866667,0.998743285,0.941013981
restart_reduced_xor_random1_sampler_island_local_warmup10_except_data_ro4_1000x125_strict_20260526_repeat02.payload,5,4,15000,7790,7210,0.519333333,0.019333333,0.998921236,0.945267267
restart_reduced_xor_random1_sampler_island_local_warmup10_except_data_ro4_1000x125_strict_20260526_repeat02.payload,5,5,15000,7821,7179,0.521400000,0.021400000,0.998678203,0.939537512
restart_reduced_xor_random1_sampler_island_local_warmup10_except_data_ro4_1000x125_strict_20260526_repeat02.payload,5,6,15000,7753,7247,0.516866667,0.016866667,0.999178996,0.952135931
restart_reduced_xor_random1_sampler_island_local_warmup10_except_data_ro4_1000x125_strict_20260526_repeat02.payload,5,7,15000,7778,7222,0.518533333,0.018533333,0.999008686,0.947491361
restart_reduced_xor_random1_sampler_island_local_warmup10_except_data_ro4_1000x125_strict_20260526_repeat02.payload,6,0,15000,7778,7222,0.518533333,0.018533333,0.999008686,0.947491361
restart_reduced_xor_random1_sampler_island_local_warmup10_except_data_ro4_1000x125_strict_20260526_repeat02.payload,6,1,15000,7709,7291,0.513933333,0.013933333,0.999439764,0.960346868
restart_reduced_xor_random1_sampler_island_local_warmup10_except_data_ro4_1000x125_strict_20260526_repeat02.payload,6,2,15000,7735,7265,0.515666667,0.015666667,0.999291681,0.955489304
restart_reduced_xor_random1_sampler_island_local_warmup10_except_data_ro4_1000x125_strict_20260526_repeat02.payload,6,3,15000,7867,7133,0.524466667,0.024466667,0.998272064,0.931077012
restart_reduced_xor_random1_sampler_island_local_warmup10_except_data_ro4_1000x125_strict_20260526_repeat02.payload,6,4,15000,7916,7084,0.527733333,0.027733333,0.997779598,0.922118983
restart_reduced_xor_random1_sampler_island_local_warmup10_except_data_ro4_1000x125_strict_20260526_repeat02.payload,6,5,15000,7835,7165,0.522333333,0.022333333,0.998560353,0.936957321
restart_reduced_xor_random1_sampler_island_local_warmup10_except_data_ro4_1000x125_strict_20260526_repeat02.payload,6,6,15000,7808,7192,0.520533333,0.020533333,0.998783126,0.941937543
restart_reduced_xor_random1_sampler_island_local_warmup10_except_data_ro4_1000x125_strict_20260526_repeat02.payload,6,7,15000,7859,7141,0.523933333,0.023933333,0.998346604,0.932544844
restart_reduced_xor_random1_sampler_island_local_warmup10_except_data_ro4_1000x125_strict_20260526_repeat02.payload,7,0,15000,7734,7266,0.515600000,0.015600000,0.999297698,0.955675831
restart_reduced_xor_random1_sampler_island_local_warmup10_except_data_ro4_1000x125_strict_20260526_repeat02.payload,7,1,15000,7785,7215,0.519000000,0.019000000,0.998958123,0.946193556
restart_reduced_xor_random1_sampler_island_local_warmup10_except_data_ro4_1000x125_strict_20260526_repeat02.payload,7,2,15000,7761,7239,0.517400000,0.017400000,0.999126243,0.950648041
restart_reduced_xor_random1_sampler_island_local_warmup10_except_data_ro4_1000x125_strict_20260526_repeat02.payload,7,3,15000,7690,7310,0.512666667,0.012666667,0.999537006,0.963906997
restart_reduced_xor_random1_sampler_island_local_warmup10_except_data_ro4_1000x125_strict_20260526_repeat02.payload,7,4,15000,7805,7195,0.520333333,0.020333333,0.998806722,0.942491963
restart_reduced_xor_random1_sampler_island_local_warmup10_except_data_ro4_1000x125_strict_20260526_repeat02.payload,7,5,15000,7763,7237,0.517533333,0.017533333,0.999112798,0.950276308
restart_reduced_xor_random1_sampler_island_local_warmup10_except_data_ro4_1000x125_strict_20260526_repeat02.payload,7,6,15000,7815,7185,0.521000000,0.021000000,0.998727169,0.940644722
restart_reduced_xor_random1_sampler_island_local_warmup10_except_data_ro4_1000x125_strict_20260526_repeat02.payload,7,7,15000,7826,7174,0.521733333,0.021733333,0.998636692,0.938615485
restart_reduced_xor_random1_sampler_island_local_warmup10_except_data_ro5_1000x125_strict_20260526_repeat02.payload,0,0,16000,9113,6887,0.569562500,0.069562500,0.985992372,0.812073933
restart_reduced_xor_random1_sampler_island_local_warmup10_except_data_ro5_1000x125_strict_20260526_repeat02.payload,0,1,16000,9091,6909,0.568187500,0.068187500,0.986542380,0.815561002
restart_reduced_xor_random1_sampler_island_local_warmup10_except_data_ro5_1000x125_strict_20260526_repeat02.payload,0,2,16000,9056,6944,0.566000000,0.066000000,0.987394484,0.821126042
restart_reduced_xor_random1_sampler_island_local_warmup10_except_data_ro5_1000x125_strict_20260526_repeat02.payload,0,3,16000,9000,7000,0.562500000,0.062500000,0.988699408,0.830074999
restart_reduced_xor_random1_sampler_island_local_warmup10_except_data_ro5_1000x125_strict_20260526_repeat02.payload,0,4,16000,9024,6976,0.564000000,0.064000000,0.988148956,0.826232932
restart_reduced_xor_random1_sampler_island_local_warmup10_except_data_ro5_1000x125_strict_20260526_repeat02.payload,0,5,16000,9041,6959,0.565062500,0.065062500,0.987751067,0.823517646
restart_reduced_xor_random1_sampler_island_local_warmup10_except_data_ro5_1000x125_strict_20260526_repeat02.payload,0,6,16000,9022,6978,0.563875000,0.063875000,0.988195331,0.826552714
restart_reduced_xor_random1_sampler_island_local_warmup10_except_data_ro5_1000x125_strict_20260526_repeat02.payload,0,7,16000,9104,6896,0.569000000,0.069000000,0.986218720,0.813499442
restart_reduced_xor_random1_sampler_island_local_warmup10_except_data_ro5_1000x125_strict_20260526_repeat02.payload,1,0,16000,9111,6889,0.569437500,0.069437500,0.986042833,0.812390591
restart_reduced_xor_random1_sampler_island_local_warmup10_except_data_ro5_1000x125_strict_20260526_repeat02.payload,1,1,16000,9090,6910,0.568125000,0.068125000,0.986567116,0.815719706
restart_reduced_xor_random1_sampler_island_local_warmup10_except_data_ro5_1000x125_strict_20260526_repeat02.payload,1,2,16000,9121,6879,0.570062500,0.070062500,0.985789612,0.810807994
restart_reduced_xor_random1_sampler_island_local_warmup10_except_data_ro5_1000x125_strict_20260526_repeat02.payload,1,3,16000,9040,6960,0.565000000,0.065000000,0.987774655,0.823677227
restart_reduced_xor_random1_sampler_island_local_warmup10_except_data_ro5_1000x125_strict_20260526_repeat02.payload,1,4,16000,8974,7026,0.560875000,0.060875000,0.989280847,0.834248816
restart_reduced_xor_random1_sampler_island_local_warmup10_except_data_ro5_1000x125_strict_20260526_repeat02.payload,1,5,16000,9046,6954,0.565375000,0.065375000,0.987632779,0.822720004
restart_reduced_xor_random1_sampler_island_local_warmup10_except_data_ro5_1000x125_strict_20260526_repeat02.payload,1,6,16000,9004,6996,0.562750000,0.062750000,0.988608583,0.829433943
restart_reduced_xor_random1_sampler_island_local_warmup10_except_data_ro5_1000x125_strict_20260526_repeat02.payload,1,7,16000,9011,6989,0.563187500,0.063187500,0.988448756,0.828312781
restart_reduced_xor_random1_sampler_island_local_warmup10_except_data_ro5_1000x125_strict_20260526_repeat02.payload,2,0,16000,9007,6993,0.562937500,0.062937500,0.988540223,0.828953339
restart_reduced_xor_random1_sampler_island_local_warmup10_except_data_ro5_1000x125_strict_20260526_repeat02.payload,2,1,16000,9015,6985,0.563437500,0.063437500,0.988356922,0.827672508
restart_reduced_xor_random1_sampler_island_local_warmup10_except_data_ro5_1000x125_strict_20260526_repeat02.payload,2,2,16000,9111,6889,0.569437500,0.069437500,0.986042833,0.812390591
restart_reduced_xor_random1_sampler_island_local_warmup10_except_data_ro5_1000x125_strict_20260526_repeat02.payload,2,3,16000,9000,7000,0.562500000,0.062500000,0.988699408,0.830074999
restart_reduced_xor_random1_sampler_island_local_warmup10_except_data_ro5_1000x125_strict_20260526_repeat02.payload,2,4,16000,9233,6767,0.577062500,0.077062500,0.982796246,0.793200513
restart_reduced_xor_random1_sampler_island_local_warmup10_except_data_ro5_1000x125_strict_20260526_repeat02.payload,2,5,16000,9000,7000,0.562500000,0.062500000,0.988699408,0.830074999
restart_reduced_xor_random1_sampler_island_local_warmup10_except_data_ro5_1000x125_strict_20260526_repeat02.payload,2,6,16000,9069,6931,0.566812500,0.066812500,0.987081271,0.819056520
restart_reduced_xor_random1_sampler_island_local_warmup10_except_data_ro5_1000x125_strict_20260526_repeat02.payload,2,7,16000,9096,6904,0.568500000,0.068500000,0.986418355,0.814767746
restart_reduced_xor_random1_sampler_island_local_warmup10_except_data_ro5_1000x125_strict_20260526_repeat02.payload,3,0,16000,9219,6781,0.576187500,0.076187500,0.983186231,0.795389732
restart_reduced_xor_random1_sampler_island_local_warmup10_except_data_ro5_1000x125_strict_20260526_repeat02.payload,3,1,16000,9091,6909,0.568187500,0.068187500,0.986542380,0.815561002
restart_reduced_xor_random1_sampler_island_local_warmup10_except_data_ro5_1000x125_strict_20260526_repeat02.payload,3,2,16000,9030,6970,0.564375000,0.064375000,0.988009281,0.825274012
restart_reduced_xor_random1_sampler_island_local_warmup10_except_data_ro5_1000x125_strict_20260526_repeat02.payload,3,3,16000,9010,6990,0.563125000,0.063125000,0.988471657,0.828472894
restart_reduced_xor_random1_sampler_island_local_warmup10_except_data_ro5_1000x125_strict_20260526_repeat02.payload,3,4,16000,9025,6975,0.564062500,0.064062500,0.988125734,0.826073068
restart_reduced_xor_random1_sampler_island_local_warmup10_except_data_ro5_1000x125_strict_20260526_repeat02.payload,3,5,16000,9079,6921,0.567437500,0.067437500,0.986837698,0.817466598
restart_reduced_xor_random1_sampler_island_local_warmup10_except_data_ro5_1000x125_strict_20260526_repeat02.payload,3,6,16000,9106,6894,0.569125000,0.069125000,0.986168581,0.813182541
restart_reduced_xor_random1_sampler_island_local_warmup10_except_data_ro5_1000x125_strict_20260526_repeat02.payload,3,7,16000,9042,6958,0.565125000,0.065125000,0.987727455,0.823358082
restart_reduced_xor_random1_sampler_island_local_warmup10_except_data_ro5_1000x125_strict_20260526_repeat02.payload,4,0,16000,9101,6899,0.568812500,0.068812500,0.986293755,0.813974925
restart_reduced_xor_random1_sampler_island_local_warmup10_except_data_ro5_1000x125_strict_20260526_repeat02.payload,4,1,16000,9067,6933,0.566687500,0.066687500,0.987129710,0.819374715
restart_reduced_xor_random1_sampler_island_local_warmup10_except_data_ro5_1000x125_strict_20260526_repeat02.payload,4,2,16000,9062,6938,0.566375000,0.066375000,0.987250406,0.820170509
restart_reduced_xor_random1_sampler_island_local_warmup10_except_data_ro5_1000x125_strict_20260526_repeat02.payload,4,3,16000,9035,6965,0.564687500,0.064687500,0.987892255,0.824475399
restart_reduced_xor_random1_sampler_island_local_warmup10_except_data_ro5_1000x125_strict_20260526_repeat02.payload,4,4,16000,9011,6989,0.563187500,0.063187500,0.988448756,0.828312781
restart_reduced_xor_random1_sampler_island_local_warmup10_except_data_ro5_1000x125_strict_20260526_repeat02.payload,4,5,16000,9148,6852,0.571750000,0.071750000,0.985094427,0.806543634
restart_reduced_xor_random1_sampler_island_local_warmup10_except_data_ro5_1000x125_strict_20260526_repeat02.payload,4,6,16000,9093,6907,0.568312500,0.068312500,0.986492839,0.815243647
restart_reduced_xor_random1_sampler_island_local_warmup10_except_data_ro5_1000x125_strict_20260526_repeat02.payload,4,7,16000,9107,6893,0.569187500,0.069187500,0.986143478,0.813024116
restart_reduced_xor_random1_sampler_island_local_warmup10_except_data_ro5_1000x125_strict_20260526_repeat02.payload,5,0,15000,8381,6619,0.558733333,0.058733333,0.990023528,0.839768203
restart_reduced_xor_random1_sampler_island_local_warmup10_except_data_ro5_1000x125_strict_20260526_repeat02.payload,5,1,15000,8410,6590,0.560666667,0.060666667,0.989354271,0.834784795
restart_reduced_xor_random1_sampler_island_local_warmup10_except_data_ro5_1000x125_strict_20260526_repeat02.payload,5,2,15000,8557,6443,0.570466667,0.070466667,0.985624638,0.809785505
restart_reduced_xor_random1_sampler_island_local_warmup10_except_data_ro5_1000x125_strict_20260526_repeat02.payload,5,3,15000,8501,6499,0.566733333,0.066733333,0.987111960,0.819258036
restart_reduced_xor_random1_sampler_island_local_warmup10_except_data_ro5_1000x125_strict_20260526_repeat02.payload,5,4,15000,8450,6550,0.563333333,0.063333333,0.988395231,0.827939254
restart_reduced_xor_random1_sampler_island_local_warmup10_except_data_ro5_1000x125_strict_20260526_repeat02.payload,5,5,15000,8547,6453,0.569800000,0.069800000,0.985896245,0.811472473
restart_reduced_xor_random1_sampler_island_local_warmup10_except_data_ro5_1000x125_strict_20260526_repeat02.payload,5,6,15000,8509,6491,0.567266667,0.067266667,0.986904503,0.817901003
restart_reduced_xor_random1_sampler_island_local_warmup10_except_data_ro5_1000x125_strict_20260526_repeat02.payload,5,7,15000,8514,6486,0.567600000,0.067600000,0.986773993,0.817053505
restart_reduced_xor_random1_sampler_island_local_warmup10_except_data_ro5_1000x125_strict_20260526_repeat02.payload,6,0,15000,8497,6503,0.566466667,0.066466667,0.987215061,0.819937031
restart_reduced_xor_random1_sampler_island_local_warmup10_except_data_ro5_1000x125_strict_20260526_repeat02.payload,6,1,15000,8420,6580,0.561333333,0.061333333,0.989118418,0.833070362
restart_reduced_xor_random1_sampler_island_local_warmup10_except_data_ro5_1000x125_strict_20260526_repeat02.payload,6,2,15000,8592,6408,0.572800000,0.072800000,0.984653400,0.803896602
restart_reduced_xor_random1_sampler_island_local_warmup10_except_data_ro5_1000x125_strict_20260526_repeat02.payload,6,3,15000,8375,6625,0.558333333,0.058333333,0.990159264,0.840801405
restart_reduced_xor_random1_sampler_island_local_warmup10_except_data_ro5_1000x125_strict_20260526_repeat02.payload,6,4,15000,8503,6497,0.566866667,0.066866667,0.987060252,0.818918658
restart_reduced_xor_random1_sampler_island_local_warmup10_except_data_ro5_1000x125_strict_20260526_repeat02.payload,6,5,15000,8515,6485,0.567666667,0.067666667,0.986747813,0.816884066
restart_reduced_xor_random1_sampler_island_local_warmup10_except_data_ro5_1000x125_strict_20260526_repeat02.payload,6,6,15000,8526,6474,0.568400000,0.068400000,0.986458106,0.815021540
restart_reduced_xor_random1_sampler_island_local_warmup10_except_data_ro5_1000x125_strict_20260526_repeat02.payload,6,7,15000,8515,6485,0.567666667,0.067666667,0.986747813,0.816884066
restart_reduced_xor_random1_sampler_island_local_warmup10_except_data_ro5_1000x125_strict_20260526_repeat02.payload,7,0,15000,8504,6496,0.566933333,0.066933333,0.987034359,0.818748999
restart_reduced_xor_random1_sampler_island_local_warmup10_except_data_ro5_1000x125_strict_20260526_repeat02.payload,7,1,15000,8509,6491,0.567266667,0.067266667,0.986904503,0.817901003
restart_reduced_xor_random1_sampler_island_local_warmup10_except_data_ro5_1000x125_strict_20260526_repeat02.payload,7,2,15000,8477,6523,0.565133333,0.065133333,0.987724305,0.823336809
restart_reduced_xor_random1_sampler_island_local_warmup10_except_data_ro5_1000x125_strict_20260526_repeat02.payload,7,3,15000,8602,6398,0.573466667,0.073466667,0.984370010,0.802218464
restart_reduced_xor_random1_sampler_island_local_warmup10_except_data_ro5_1000x125_strict_20260526_repeat02.payload,7,4,15000,8416,6584,0.561066667,0.061066667,0.989213072,0.833755891
restart_reduced_xor_random1_sampler_island_local_warmup10_except_data_ro5_1000x125_strict_20260526_repeat02.payload,7,5,15000,8484,6516,0.565600000,0.065600000,0.987547257,0.822145975
restart_reduced_xor_random1_sampler_island_local_warmup10_except_data_ro5_1000x125_strict_20260526_repeat02.payload,7,6,15000,8420,6580,0.561333333,0.061333333,0.989118418,0.833070362
restart_reduced_xor_random1_sampler_island_local_warmup10_except_data_ro5_1000x125_strict_20260526_repeat02.payload,7,7,15000,8548,6452,0.569866667,0.069866667,0.985869202,0.811303688
restart_reduced_xor_random1_sampler_island_local_warmup10_except_data_ro6_1000x125_strict_20260526_repeat02.payload,0,0,16000,8061,7939,0.503812500,0.003812500,0.999958060,0.989041178
restart_reduced_xor_random1_sampler_island_local_warmup10_except_data_ro6_1000x125_strict_20260526_repeat02.payload,0,1,16000,7997,8003,0.499812500,0.000187500,0.999999899,0.999459091
restart_reduced_xor_random1_sampler_island_local_warmup10_except_data_ro6_1000x125_strict_20260526_repeat02.payload,0,2,16000,8031,7969,0.501937500,0.001937500,0.999989168,0.994420360
restart_reduced_xor_random1_sampler_island_local_warmup10_except_data_ro6_1000x125_strict_20260526_repeat02.payload,0,3,16000,7973,8027,0.498312500,0.001687500,0.999991783,0.995139102
restart_reduced_xor_random1_sampler_island_local_warmup10_except_data_ro6_1000x125_strict_20260526_repeat02.payload,0,4,16000,8051,7949,0.503187500,0.003187500,0.999970684,0.990832011
restart_reduced_xor_random1_sampler_island_local_warmup10_except_data_ro6_1000x125_strict_20260526_repeat02.payload,0,5,16000,7910,8090,0.494375000,0.005625000,0.999908703,0.983860297
restart_reduced_xor_random1_sampler_island_local_warmup10_except_data_ro6_1000x125_strict_20260526_repeat02.payload,0,6,16000,8004,7996,0.500250000,0.000250000,0.999999820,0.999278833
restart_reduced_xor_random1_sampler_island_local_warmup10_except_data_ro6_1000x125_strict_20260526_repeat02.payload,0,7,16000,7942,8058,0.496375000,0.003625000,0.999962084,0.989578195
restart_reduced_xor_random1_sampler_island_local_warmup10_except_data_ro6_1000x125_strict_20260526_repeat02.payload,1,0,16000,8082,7918,0.505125000,0.005125000,0.999924212,0.985287648
restart_reduced_xor_random1_sampler_island_local_warmup10_except_data_ro6_1000x125_strict_20260526_repeat02.payload,1,1,16000,8049,7951,0.503062500,0.003062500,0.999972938,0.991190445
restart_reduced_xor_random1_sampler_island_local_warmup10_except_data_ro6_1000x125_strict_20260526_repeat02.payload,1,2,16000,7957,8043,0.497312500,0.002687500,0.999979160,0.992266280
restart_reduced_xor_random1_sampler_island_local_warmup10_except_data_ro6_1000x125_strict_20260526_repeat02.payload,1,3,16000,8070,7930,0.504375000,0.004375000,0.999944771,0.987431326
restart_reduced_xor_random1_sampler_island_local_warmup10_except_data_ro6_1000x125_strict_20260526_repeat02.payload,1,4,16000,7991,8009,0.499437500,0.000562500,0.999999087,0.998377880
restart_reduced_xor_random1_sampler_island_local_warmup10_except_data_ro6_1000x125_strict_20260526_repeat02.payload,1,5,16000,7954,8046,0.497125000,0.002875000,0.999976150,0.991728262
restart_reduced_xor_random1_sampler_island_local_warmup10_except_data_ro6_1000x125_strict_20260526_repeat02.payload,1,6,16000,8004,7996,0.500250000,0.000250000,0.999999820,0.999278833
restart_reduced_xor_random1_sampler_island_local_warmup10_except_data_ro6_1000x125_strict_20260526_repeat02.payload,1,7,16000,8169,7831,0.510562500,0.010562500,0.999678063,0.969840517
restart_reduced_xor_random1_sampler_island_local_warmup10_except_data_ro6_1000x125_strict_20260526_repeat02.payload,2,0,16000,7918,8082,0.494875000,0.005125000,0.999924212,0.985287648
restart_reduced_xor_random1_sampler_island_local_warmup10_except_data_ro6_1000x125_strict_20260526_repeat02.payload,2,1,16000,7996,8004,0.499750000,0.000250000,0.999999820,0.999278833
restart_reduced_xor_random1_sampler_island_local_warmup10_except_data_ro6_1000x125_strict_20260526_repeat02.payload,2,2,16000,8072,7928,0.504500000,0.004500000,0.999941570,0.987073826
restart_reduced_xor_random1_sampler_island_local_warmup10_except_data_ro6_1000x125_strict_20260526_repeat02.payload,2,3,16000,8000,8000,0.500000000,0.000000000,1.000000000,1.000000000
restart_reduced_xor_random1_sampler_island_local_warmup10_except_data_ro6_1000x125_strict_20260526_repeat02.payload,2,4,16000,7909,8091,0.494312500,0.005687500,0.999906662,0.983681978
restart_reduced_xor_random1_sampler_island_local_warmup10_except_data_ro6_1000x125_strict_20260526_repeat02.payload,2,5,16000,8003,7997,0.500187500,0.000187500,0.999999899,0.999459091
restart_reduced_xor_random1_sampler_island_local_warmup10_except_data_ro6_1000x125_strict_20260526_repeat02.payload,2,6,16000,8007,7993,0.500437500,0.000437500,0.999999448,0.998738194
restart_reduced_xor_random1_sampler_island_local_warmup10_except_data_ro6_1000x125_strict_20260526_repeat02.payload,2,7,16000,8112,7888,0.507000000,0.007000000,0.999858611,0.979942348
restart_reduced_xor_random1_sampler_island_local_warmup10_except_data_ro6_1000x125_strict_20260526_repeat02.payload,3,0,16000,8067,7933,0.504187500,0.004187500,0.999949404,0.987967744
restart_reduced_xor_random1_sampler_island_local_warmup10_except_data_ro6_1000x125_strict_20260526_repeat02.payload,3,1,16000,8037,7963,0.502312500,0.002312500,0.999984570,0.993342918
restart_reduced_xor_random1_sampler_island_local_warmup10_except_data_ro6_1000x125_strict_20260526_repeat02.payload,3,2,16000,7898,8102,0.493625000,0.006375000,0.999882733,0.981721915
restart_reduced_xor_random1_sampler_island_local_warmup10_except_data_ro6_1000x125_strict_20260526_repeat02.payload,3,3,16000,7982,8018,0.498875000,0.001125000,0.999996348,0.996757583
restart_reduced_xor_random1_sampler_island_local_warmup10_except_data_ro6_1000x125_strict_20260526_repeat02.payload,3,4,16000,7995,8005,0.499687500,0.000312500,0.999999718,0.999098597
restart_reduced_xor_random1_sampler_island_local_warmup10_except_data_ro6_1000x125_strict_20260526_repeat02.payload,3,5,16000,7969,8031,0.498062500,0.001937500,0.999989168,0.994420360
restart_reduced_xor_random1_sampler_island_local_warmup10_except_data_ro6_1000x125_strict_20260526_repeat02.payload,3,6,16000,7976,8024,0.498500000,0.001500000,0.999993508,0.995678394
restart_reduced_xor_random1_sampler_island_local_warmup10_except_data_ro6_1000x125_strict_20260526_repeat02.payload,3,7,16000,8078,7922,0.504875000,0.004875000,0.999931426,0.986001854
restart_reduced_xor_random1_sampler_island_local_warmup10_except_data_ro6_1000x125_strict_20260526_repeat02.payload,4,0,16000,7969,8031,0.498062500,0.001937500,0.999989168,0.994420360
restart_reduced_xor_random1_sampler_island_local_warmup10_except_data_ro6_1000x125_strict_20260526_repeat02.payload,4,1,16000,8023,7977,0.501437500,0.001437500,0.999994038,0.995858203
restart_reduced_xor_random1_sampler_island_local_warmup10_except_data_ro6_1000x125_strict_20260526_repeat02.payload,4,2,16000,7977,8023,0.498562500,0.001437500,0.999994038,0.995858203
restart_reduced_xor_random1_sampler_island_local_warmup10_except_data_ro6_1000x125_strict_20260526_repeat02.payload,4,3,16000,7931,8069,0.495687500,0.004312500,0.999946338,0.987610110
restart_reduced_xor_random1_sampler_island_local_warmup10_except_data_ro6_1000x125_strict_20260526_repeat02.payload,4,4,16000,8018,7982,0.501125000,0.001125000,0.999996348,0.996757583
restart_reduced_xor_random1_sampler_island_local_warmup10_except_data_ro6_1000x125_strict_20260526_repeat02.payload,4,5,16000,8090,7910,0.505625000,0.005625000,0.999908703,0.983860297
restart_reduced_xor_random1_sampler_island_local_warmup10_except_data_ro6_1000x125_strict_20260526_repeat02.payload,4,6,16000,7989,8011,0.499312500,0.000687500,0.999998636,0.998017657
restart_reduced_xor_random1_sampler_island_local_warmup10_except_data_ro6_1000x125_strict_20260526_repeat02.payload,4,7,16000,8074,7926,0.504625000,0.004625000,0.999938279,0.986716413
restart_reduced_xor_random1_sampler_island_local_warmup10_except_data_ro6_1000x125_strict_20260526_repeat02.payload,5,0,15000,7534,7466,0.502266667,0.002266667,0.999985175,0.993474562
restart_reduced_xor_random1_sampler_island_local_warmup10_except_data_ro6_1000x125_strict_20260526_repeat02.payload,5,1,15000,7420,7580,0.494666667,0.005333333,0.999917925,0.984692747
restart_reduced_xor_random1_sampler_island_local_warmup10_except_data_ro6_1000x125_strict_20260526_repeat02.payload,5,2,15000,7527,7473,0.501800000,0.001800000,0.999990651,0.994815624
restart_reduced_xor_random1_sampler_island_local_warmup10_except_data_ro6_1000x125_strict_20260526_repeat02.payload,5,3,15000,7642,7358,0.509466667,0.009466667,0.999741402,0.972940338
restart_reduced_xor_random1_sampler_island_local_warmup10_except_data_ro6_1000x125_strict_20260526_repeat02.payload,5,4,15000,7485,7515,0.499000000,0.001000000,0.999997115,0.997117491
restart_reduced_xor_random1_sampler_island_local_warmup10_except_data_ro6_1000x125_strict_20260526_repeat02.payload,5,5,15000,7510,7490,0.500666667,0.000666667,0.999998718,0.998077688
restart_reduced_xor_random1_sampler_island_local_warmup10_except_data_ro6_1000x125_strict_20260526_repeat02.payload,5,6,15000,7485,7515,0.499000000,0.001000000,0.999997115,0.997117491
restart_reduced_xor_random1_sampler_island_local_warmup10_except_data_ro6_1000x125_strict_20260526_repeat02.payload,5,7,15000,7486,7514,0.499066667,0.000933333,0.999997487,0.997309480
restart_reduced_xor_random1_sampler_island_local_warmup10_except_data_ro6_1000x125_strict_20260526_repeat02.payload,6,0,15000,7491,7509,0.499400000,0.000600000,0.999998961,0.998269804
restart_reduced_xor_random1_sampler_island_local_warmup10_except_data_ro6_1000x125_strict_20260526_repeat02.payload,6,1,15000,7503,7497,0.500200000,0.000200000,0.999999885,0.999423037
restart_reduced_xor_random1_sampler_island_local_warmup10_except_data_ro6_1000x125_strict_20260526_repeat02.payload,6,2,15000,7552,7448,0.503466667,0.003466667,0.999965324,0.990031831
restart_reduced_xor_random1_sampler_island_local_warmup10_except_data_ro6_1000x125_strict_20260526_repeat02.payload,6,3,15000,7503,7497,0.500200000,0.000200000,0.999999885,0.999423037
restart_reduced_xor_random1_sampler_island_local_warmup10_except_data_ro6_1000x125_strict_20260526_repeat02.payload,6,4,15000,7490,7510,0.499333333,0.000666667,0.999998718,0.998077688
restart_reduced_xor_random1_sampler_island_local_warmup10_except_data_ro6_1000x125_strict_20260526_repeat02.payload,6,5,15000,7577,7423,0.505133333,0.005133333,0.999923965,0.985263848
restart_reduced_xor_random1_sampler_island_local_warmup10_except_data_ro6_1000x125_strict_20260526_repeat02.payload,6,6,15000,7429,7571,0.495266667,0.004733333,0.999935353,0.986406727
restart_reduced_xor_random1_sampler_island_local_warmup10_except_data_ro6_1000x125_strict_20260526_repeat02.payload,6,7,15000,7486,7514,0.499066667,0.000933333,0.999997487,0.997309480
restart_reduced_xor_random1_sampler_island_local_warmup10_except_data_ro6_1000x125_strict_20260526_repeat02.payload,7,0,15000,7510,7490,0.500666667,0.000666667,0.999998718,0.998077688
restart_reduced_xor_random1_sampler_island_local_warmup10_except_data_ro6_1000x125_strict_20260526_repeat02.payload,7,1,15000,7558,7442,0.503866667,0.003866667,0.999956860,0.988886077
restart_reduced_xor_random1_sampler_island_local_warmup10_except_data_ro6_1000x125_strict_20260526_repeat02.payload,7,2,15000,7552,7448,0.503466667,0.003466667,0.999965324,0.990031831
restart_reduced_xor_random1_sampler_island_local_warmup10_except_data_ro6_1000x125_strict_20260526_repeat02.payload,7,3,15000,7519,7481,0.501266667,0.001266667,0.999995371,0.996349794
restart_reduced_xor_random1_sampler_island_local_warmup10_except_data_ro6_1000x125_strict_20260526_repeat02.payload,7,4,15000,7498,7502,0.499866667,0.000133333,0.999999949,0.999615333
restart_reduced_xor_random1_sampler_island_local_warmup10_except_data_ro6_1000x125_strict_20260526_repeat02.payload,7,5,15000,7390,7610,0.492666667,0.007333333,0.999844825,0.978994142
restart_reduced_xor_random1_sampler_island_local_warmup10_except_data_ro6_1000x125_strict_20260526_repeat02.payload,7,6,15000,7506,7494,0.500400000,0.000400000,0.999999538,0.998846305
restart_reduced_xor_random1_sampler_island_local_warmup10_except_data_ro6_1000x125_strict_20260526_repeat02.payload,7,7,15000,7483,7517,0.498866667,0.001133333,0.999996294,0.996733592
restart_reduced_xor_random1_sampler_island_local_warmup10_except_data_ro7_1000x125_strict_20260526_repeat02.payload,0,0,16000,8795,7205,0.549687500,0.049687500,0.992864640,0.863316422
restart_reduced_xor_random1_sampler_island_local_warmup10_except_data_ro7_1000x125_strict_20260526_repeat02.payload,0,1,16000,8671,7329,0.541937500,0.041937500,0.994919342,0.883801615
restart_reduced_xor_random1_sampler_island_local_warmup10_except_data_ro7_1000x125_strict_20260526_repeat02.payload,0,2,16000,8743,7257,0.546437500,0.046437500,0.993768849,0.871871601
restart_reduced_xor_random1_sampler_island_local_warmup10_except_data_ro7_1000x125_strict_20260526_repeat02.payload,0,3,16000,8739,7261,0.546187500,0.046187500,0.993835856,0.872531798
restart_reduced_xor_random1_sampler_island_local_warmup10_except_data_ro7_1000x125_strict_20260526_repeat02.payload,0,4,16000,8708,7292,0.544250000,0.044250000,0.994342828,0.877658592
restart_reduced_xor_random1_sampler_island_local_warmup10_except_data_ro7_1000x125_strict_20260526_repeat02.payload,0,5,16000,8547,7453,0.534187500,0.034187500,0.996624966,0.904581878
restart_reduced_xor_random1_sampler_island_local_warmup10_except_data_ro7_1000x125_strict_20260526_repeat02.payload,0,6,16000,8617,7383,0.538562500,0.038562500,0.995704969,0.892814316
restart_reduced_xor_random1_sampler_island_local_warmup10_except_data_ro7_1000x125_strict_20260526_repeat02.payload,0,7,16000,8607,7393,0.537937500,0.037937500,0.995843197,0.894489531
restart_reduced_xor_random1_sampler_island_local_warmup10_except_data_ro7_1000x125_strict_20260526_repeat02.payload,1,0,16000,8727,7273,0.545437500,0.045437500,0.994034694,0.874514203
restart_reduced_xor_random1_sampler_island_local_warmup10_except_data_ro7_1000x125_strict_20260526_repeat02.payload,1,1,16000,8734,7266,0.545875000,0.045875000,0.993919103,0.873357469
restart_reduced_xor_random1_sampler_island_local_warmup10_except_data_ro7_1000x125_strict_20260526_repeat02.payload,1,2,16000,8677,7323,0.542312500,0.042312500,0.994827965,0.882803671
restart_reduced_xor_random1_sampler_island_local_warmup10_except_data_ro7_1000x125_strict_20260526_repeat02.payload,1,3,16000,8705,7295,0.544062500,0.044062500,0.994390730,0.878155702
restart_reduced_xor_random1_sampler_island_local_warmup10_except_data_ro7_1000x125_strict_20260526_repeat02.payload,1,4,16000,8746,7254,0.546625000,0.046625000,0.993718355,0.871376652
restart_reduced_xor_random1_sampler_island_local_warmup10_except_data_ro7_1000x125_strict_20260526_repeat02.payload,1,5,16000,8597,7403,0.537312500,0.037312500,0.995979158,0.896166694
restart_reduced_xor_random1_sampler_island_local_warmup10_except_data_ro7_1000x125_strict_20260526_repeat02.payload,1,6,16000,8749,7251,0.546812500,0.046812500,0.993667657,0.870881872
restart_reduced_xor_random1_sampler_island_local_warmup10_except_data_ro7_1000x125_strict_20260526_repeat02.payload,1,7,16000,8613,7387,0.538312500,0.038312500,0.995760533,0.893484169
restart_reduced_xor_random1_sampler_island_local_warmup10_except_data_ro7_1000x125_strict_20260526_repeat02.payload,2,0,16000,8693,7307,0.543312500,0.043312500,0.994580297,0.880145855
restart_reduced_xor_random1_sampler_island_local_warmup10_except_data_ro7_1000x125_strict_20260526_repeat02.payload,2,1,16000,8695,7305,0.543437500,0.043437500,0.994548930,0.879813972
restart_reduced_xor_random1_sampler_island_local_warmup10_except_data_ro7_1000x125_strict_20260526_repeat02.payload,2,2,16000,8602,7398,0.537625000,0.037625000,0.995911461,0.895327869
restart_reduced_xor_random1_sampler_island_local_warmup10_except_data_ro7_1000x125_strict_20260526_repeat02.payload,2,3,16000,8647,7353,0.540437500,0.040437500,0.995276678,0.887800311
restart_reduced_xor_random1_sampler_island_local_warmup10_except_data_ro7_1000x125_strict_20260526_repeat02.payload,2,4,16000,8680,7320,0.542500000,0.042500000,0.994781970,0.882304957
restart_reduced_xor_random1_sampler_island_local_warmup10_except_data_ro7_1000x125_strict_20260526_repeat02.payload,2,5,16000,8685,7315,0.542812500,0.042812500,0.994704858,0.881474151
restart_reduced_xor_random1_sampler_island_local_warmup10_except_data_ro7_1000x125_strict_20260526_repeat02.payload,2,6,16000,8710,7290,0.544375000,0.044375000,0.994310779,0.877327281
restart_reduced_xor_random1_sampler_island_local_warmup10_except_data_ro7_1000x125_strict_20260526_repeat02.payload,2,7,16000,8796,7204,0.549750000,0.049750000,0.992846648,0.863152396
restart_reduced_xor_random1_sampler_island_local_warmup10_except_data_ro7_1000x125_strict_20260526_repeat02.payload,3,0,16000,8666,7334,0.541625000,0.041625000,0.994994865,0.884633763
restart_reduced_xor_random1_sampler_island_local_warmup10_except_data_ro7_1000x125_strict_20260526_repeat02.payload,3,1,16000,8604,7396,0.537750000,0.037750000,0.995884223,0.894992475
restart_reduced_xor_random1_sampler_island_local_warmup10_except_data_ro7_1000x125_strict_20260526_repeat02.payload,3,2,16000,8626,7374,0.539125000,0.039125000,0.995578626,0.891308284
restart_reduced_xor_random1_sampler_island_local_warmup10_except_data_ro7_1000x125_strict_20260526_repeat02.payload,3,3,16000,8635,7365,0.539687500,0.039687500,0.995450444,0.889803822
restart_reduced_xor_random1_sampler_island_local_warmup10_except_data_ro7_1000x125_strict_20260526_repeat02.payload,3,4,16000,8667,7333,0.541687500,0.041687500,0.994979806,0.884467295
restart_reduced_xor_random1_sampler_island_local_warmup10_except_data_ro7_1000x125_strict_20260526_repeat02.payload,3,5,16000,8698,7302,0.543625000,0.043625000,0.994501708,0.879316291
restart_reduced_xor_random1_sampler_island_local_warmup10_except_data_ro7_1000x125_strict_20260526_repeat02.payload,3,6,16000,8710,7290,0.544375000,0.044375000,0.994310779,0.877327281
restart_reduced_xor_random1_sampler_island_local_warmup10_except_data_ro7_1000x125_strict_20260526_repeat02.payload,3,7,16000,8694,7306,0.543375000,0.043375000,0.994564625,0.879979904
restart_reduced_xor_random1_sampler_island_local_warmup10_except_data_ro7_1000x125_strict_20260526_repeat02.payload,4,0,16000,8719,7281,0.544937500,0.044937500,0.994165434,0.875837321
restart_reduced_xor_random1_sampler_island_local_warmup10_except_data_ro7_1000x125_strict_20260526_repeat02.payload,4,1,16000,8728,7272,0.545500000,0.045500000,0.994018249,0.874348898
restart_reduced_xor_random1_sampler_island_local_warmup10_except_data_ro7_1000x125_strict_20260526_repeat02.payload,4,2,16000,8681,7319,0.542562500,0.042562500,0.994766593,0.882138758
restart_reduced_xor_random1_sampler_island_local_warmup10_except_data_ro7_1000x125_strict_20260526_repeat02.payload,4,3,16000,8652,7348,0.540750000,0.040750000,0.995203311,0.886966335
restart_reduced_xor_random1_sampler_island_local_warmup10_except_data_ro7_1000x125_strict_20260526_repeat02.payload,4,4,16000,8785,7215,0.549062500,0.049062500,0.993043305,0.864957714
restart_reduced_xor_random1_sampler_island_local_warmup10_except_data_ro7_1000x125_strict_20260526_repeat02.payload,4,5,16000,8684,7316,0.542750000,0.042750000,0.994720326,0.881640274
restart_reduced_xor_random1_sampler_island_local_warmup10_except_data_ro7_1000x125_strict_20260526_repeat02.payload,4,6,16000,8582,7418,0.536375000,0.036375000,0.996178848,0.898686099
restart_reduced_xor_random1_sampler_island_local_warmup10_except_data_ro7_1000x125_strict_20260526_repeat02.payload,4,7,16000,8660,7340,0.541250000,0.041250000,0.995084744,0.885632975
restart_reduced_xor_random1_sampler_island_local_warmup10_except_data_ro7_1000x125_strict_20260526_repeat02.payload,5,0,15000,8089,6911,0.539266667,0.039266667,0.995546516,0.890929235
restart_reduced_xor_random1_sampler_island_local_warmup10_except_data_ro7_1000x125_strict_20260526_repeat02.payload,5,1,15000,8143,6857,0.542866667,0.042866667,0.994691434,0.881330193
restart_reduced_xor_random1_sampler_island_local_warmup10_except_data_ro7_1000x125_strict_20260526_repeat02.payload,5,2,15000,8137,6863,0.542466667,0.042466667,0.994790162,0.882393605
restart_reduced_xor_random1_sampler_island_local_warmup10_except_data_ro7_1000x125_strict_20260526_repeat02.payload,5,3,15000,8099,6901,0.539933333,0.039933333,0.995393848,0.889146809
restart_reduced_xor_random1_sampler_island_local_warmup10_except_data_ro7_1000x125_strict_20260526_repeat02.payload,5,4,15000,8096,6904,0.539733333,0.039733333,0.995439919,0.889681306
restart_reduced_xor_random1_sampler_island_local_warmup10_except_data_ro7_1000x125_strict_20260526_repeat02.payload,5,5,15000,8095,6905,0.539666667,0.039666667,0.995455225,0.889859515
restart_reduced_xor_random1_sampler_island_local_warmup10_except_data_ro7_1000x125_strict_20260526_repeat02.payload,5,6,15000,8090,6910,0.539333333,0.039333333,0.995531365,0.890750893
restart_reduced_xor_random1_sampler_island_local_warmup10_except_data_ro7_1000x125_strict_20260526_repeat02.payload,5,7,15000,8151,6849,0.543400000,0.043400000,0.994558349,0.879913529
restart_reduced_xor_random1_sampler_island_local_warmup10_except_data_ro7_1000x125_strict_20260526_repeat02.payload,6,0,15000,8172,6828,0.544800000,0.044800000,0.994201133,0.876201392
restart_reduced_xor_random1_sampler_island_local_warmup10_except_data_ro7_1000x125_strict_20260526_repeat02.payload,6,1,15000,8204,6796,0.546933333,0.046933333,0.993634876,0.870563104
restart_reduced_xor_random1_sampler_island_local_warmup10_except_data_ro7_1000x125_strict_20260526_repeat02.payload,6,2,15000,8259,6741,0.550600000,0.050600000,0.992599701,0.860923485
restart_reduced_xor_random1_sampler_island_local_warmup10_except_data_ro7_1000x125_strict_20260526_repeat02.payload,6,3,15000,8087,6913,0.539133333,0.039133333,0.995576740,0.891285984
restart_reduced_xor_random1_sampler_island_local_warmup10_except_data_ro7_1000x125_strict_20260526_repeat02.payload,6,4,15000,8123,6877,0.541533333,0.041533333,0.995016911,0.884877951
restart_reduced_xor_random1_sampler_island_local_warmup10_except_data_ro7_1000x125_strict_20260526_repeat02.payload,6,5,15000,8016,6984,0.534400000,0.034400000,0.996582846,0.904008087
restart_reduced_xor_random1_sampler_island_local_warmup10_except_data_ro7_1000x125_strict_20260526_repeat02.payload,6,6,15000,8094,6906,0.539600000,0.039600000,0.995470504,0.890037747
restart_reduced_xor_random1_sampler_island_local_warmup10_except_data_ro7_1000x125_strict_20260526_repeat02.payload,6,7,15000,8197,6803,0.546466667,0.046466667,0.993761008,0.871794598
restart_reduced_xor_random1_sampler_island_local_warmup10_except_data_ro7_1000x125_strict_20260526_repeat02.payload,7,0,15000,8180,6820,0.545333333,0.045333333,0.994062052,0.874789752
restart_reduced_xor_random1_sampler_island_local_warmup10_except_data_ro7_1000x125_strict_20260526_repeat02.payload,7,1,15000,8122,6878,0.541466667,0.041466667,0.995032914,0.885055568
restart_reduced_xor_random1_sampler_island_local_warmup10_except_data_ro7_1000x125_strict_20260526_repeat02.payload,7,2,15000,8228,6772,0.548533333,0.048533333,0.993192795,0.866348802
restart_reduced_xor_random1_sampler_island_local_warmup10_except_data_ro7_1000x125_strict_20260526_repeat02.payload,7,3,15000,8112,6888,0.540800000,0.040800000,0.995191520,0.886832943
restart_reduced_xor_random1_sampler_island_local_warmup10_except_data_ro7_1000x125_strict_20260526_repeat02.payload,7,4,15000,8141,6859,0.542733333,0.042733333,0.994724447,0.881684577
restart_reduced_xor_random1_sampler_island_local_warmup10_except_data_ro7_1000x125_strict_20260526_repeat02.payload,7,5,15000,8220,6780,0.548000000,0.048000000,0.993341812,0.867752202
restart_reduced_xor_random1_sampler_island_local_warmup10_except_data_ro7_1000x125_strict_20260526_repeat02.payload,7,6,15000,8219,6781,0.547933333,0.047933333,0.993360323,0.867927723
restart_reduced_xor_random1_sampler_island_local_warmup10_except_data_ro7_1000x125_strict_20260526_repeat02.payload,7,7,15000,8095,6905,0.539666667,0.039666667,0.995455225,0.889859515
