label,seq,rand_bit,stage_xor_hex,snapshot64_hex,b00,b01,b02,b03,b04,b05,b06,b07,b08,b09,b10,b11,b12,b13,b14,b15,b16,b17,b18,b19,b20,b21,b22,b23,b24,b25,b26,b27,b28,b29,b30,b31,b32,b33,b34,b35,b36,b37,b38,b39,b40,b41,b42,b43,b44,b45,b46,b47,b48,b49,b50,b51,b52,b53,b54,b55,b56,b57,b58,b59,b60,b61,b62,b63,sx0,sx1,sx2,sx3,sx4,sx5,sx6,sx7
regs_only_warmup11_cap1024_run01,0,0,A7,E6B8C76F7886B679,1,0,0,1,1,1,1,0,0,1,1,0,1,1,0,1,0,1,1,0,0,0,0,1,0,0,0,1,1,1,1,0,1,1,1,1,0,1,1,0,1,1,1,0,0,0,1,1,0,0,0,1,1,1,0,1,0,1,1,0,0,1,1,1,1,1,1,0,0,1,0,1
regs_only_warmup11_cap1024_run01,1,1,C8,EC3147CCF88E3F71,1,0,0,0,1,1,1,0,1,1,1,1,1,1,0,0,0,1,1,1,0,0,0,1,0,0,0,1,1,1,1,1,0,0,1,1,0,0,1,1,1,1,1,0,0,0,1,0,1,0,0,0,1,1,0,0,0,0,1,1,0,1,1,1,0,0,0,1,0,0,1,1
regs_only_warmup11_cap1024_run01,2,1,30,65334FC4F00F35F0,0,0,0,0,1,1,1,1,1,0,1,0,1,1,0,0,1,1,1,1,0,0,0,0,0,0,0,0,1,1,1,1,0,0,1,0,0,0,1,1,1,1,1,1,0,0,1,0,1,1,0,0,1,1,0,0,1,0,1,0,0,1,1,0,0,0,0,0,1,1,0,0
regs_only_warmup11_cap1024_run01,3,0,23,65BBCE447887B5F8,0,0,0,1,1,1,1,1,1,0,1,0,1,1,0,1,1,1,1,0,0,0,0,1,0,0,0,1,1,1,1,0,0,0,1,0,0,0,1,0,0,1,1,1,0,0,1,1,1,1,0,1,1,1,0,1,1,0,1,0,0,1,1,0,1,1,0,0,0,1,0,0
regs_only_warmup11_cap1024_run01,4,1,13,EDB2C64C7B87AD7A,0,1,0,1,1,1,1,0,1,0,1,1,0,1,0,1,1,1,1,0,0,0,0,1,1,1,0,1,1,1,1,0,0,0,1,1,0,0,1,0,0,1,1,0,0,0,1,1,0,1,0,0,1,1,0,1,1,0,1,1,0,1,1,1,1,1,0,0,1,0,0,0
regs_only_warmup11_cap1024_run01,5,1,5B,AC3244CBB38D2C73,1,1,0,0,1,1,1,0,0,0,1,1,0,1,0,0,1,0,1,1,0,0,0,1,1,1,0,0,1,1,0,1,1,1,0,1,0,0,1,1,0,0,1,0,0,0,1,0,0,1,0,0,1,1,0,0,0,0,1,1,0,1,0,1,1,1,0,1,1,0,1,0
regs_only_warmup11_cap1024_run01,6,1,EA,26384CC3B30C40F3,1,1,0,0,1,1,1,1,0,0,0,0,0,0,1,0,0,0,1,1,0,0,0,0,1,1,0,0,1,1,0,1,1,1,0,0,0,0,1,1,0,0,1,1,0,0,1,0,0,0,0,1,1,1,0,0,0,1,1,0,0,1,0,0,0,1,0,1,0,1,1,1
regs_only_warmup11_cap1024_run01,7,1,13,06B8C5433A84C2FB,1,1,0,1,1,1,1,1,0,1,0,0,0,0,1,1,0,0,1,0,0,0,0,1,0,1,0,1,1,1,0,0,1,1,0,0,0,0,1,0,1,0,1,0,0,0,1,1,0,0,0,1,1,1,0,1,0,1,1,0,0,0,0,0,1,1,0,0,1,0,0,0
regs_only_warmup11_cap1024_run01,8,1,37,8EF5E54A3C8CCB73,1,1,0,0,1,1,1,0,1,1,0,1,0,0,1,1,0,0,1,1,0,0,0,1,0,0,1,1,1,1,0,0,0,1,0,1,0,0,1,0,1,0,1,0,0,1,1,1,1,0,1,0,1,1,1,1,0,1,1,1,0,0,0,1,1,1,1,0,1,1,0,0
regs_only_warmup11_cap1024_run01,9,1,74,8B756DC2B4AD4B74,0,0,1,0,1,1,1,0,1,1,0,1,0,0,1,0,1,0,1,1,0,1,0,1,0,0,1,0,1,1,0,1,0,1,0,0,0,0,1,1,1,0,1,1,0,1,1,0,1,0,1,0,1,1,1,0,1,1,0,1,0,0,0,1,0,0,1,0,1,1,1,0
regs_only_warmup11_cap1024_run01,10,0,0B,037D7EC0BC2743DC,0,0,1,1,1,0,1,1,1,1,0,0,0,0,1,0,1,1,1,0,0,1,0,0,0,0,1,1,1,1,0,1,0,0,0,0,0,0,1,1,0,1,1,1,1,1,1,0,1,0,1,1,1,1,1,0,1,1,0,0,0,0,0,0,1,1,0,1,0,0,0,0
regs_only_warmup11_cap1024_run01,11,1,4F,09FEF6483D37CBDC,0,0,1,1,1,0,1,1,1,1,0,1,0,0,1,1,1,1,1,0,1,1,0,0,1,0,1,1,1,1,0,0,0,0,0,1,0,0,1,0,0,1,1,0,1,1,1,1,0,1,1,1,1,1,1,1,1,0,0,1,0,0,0,0,1,1,1,1,0,0,1,0
regs_only_warmup11_cap1024_run01,12,1,1E,88F6F64915BFC855,1,0,1,0,1,0,1,0,0,0,0,1,0,0,1,1,1,1,1,1,1,1,0,1,1,0,1,0,1,0,0,0,1,0,0,1,0,0,1,0,0,1,1,0,1,1,1,1,0,1,1,0,1,1,1,1,0,0,0,1,0,0,0,1,0,1,1,1,1,0,0,0
regs_only_warmup11_cap1024_run01,13,0,9A,807E7EC197BE4047,1,1,1,0,0,0,1,0,0,0,0,0,0,0,1,0,0,1,1,1,1,1,0,1,1,1,1,0,1,0,0,1,1,0,0,0,0,0,1,1,0,1,1,1,1,1,1,0,0,1,1,1,1,1,1,0,0,0,0,0,0,0,0,1,0,1,0,1,1,0,0,1
regs_only_warmup11_cap1024_run01,14,0,7E,005E79C19E3440CF,1,1,1,1,0,0,1,1,0,0,0,0,0,0,1,0,0,0,1,0,1,1,0,0,0,1,1,1,1,0,0,1,1,0,0,0,0,0,1,1,1,0,0,1,1,1,1,0,0,1,1,1,1,0,1,0,0,0,0,0,0,0,0,0,0,1,1,1,1,1,1,0
regs_only_warmup11_cap1024_run01,15,1,30,0AD7F14A1E30C9CF,1,1,1,1,0,0,1,1,1,0,0,1,0,0,1,1,0,0,0,0,1,1,0,0,0,1,1,1,1,0,0,0,0,1,0,1,0,0,1,0,1,0,0,0,1,1,1,1,1,1,1,0,1,0,1,1,0,1,0,1,0,0,0,0,0,0,0,0,1,1,0,0
regs_only_warmup11_cap1024_run01,16,0,5F,8BD5F94A16B9CB46,0,1,1,0,0,0,1,0,1,1,0,1,0,0,1,1,1,0,0,1,1,1,0,1,0,1,1,0,1,0,0,0,0,1,0,1,0,0,1,0,1,0,0,1,1,1,1,1,1,0,1,0,1,0,1,1,1,1,0,1,0,0,0,1,1,1,1,1,1,0,1,0
regs_only_warmup11_cap1024_run01,17,0,E6,835D79C696B9434E,0,1,1,1,0,0,1,0,1,1,0,0,0,0,1,0,1,0,0,1,1,1,0,1,0,1,1,0,1,0,0,1,0,1,1,0,0,0,1,1,1,0,0,1,1,1,1,0,1,0,1,1,1,0,1,0,1,1,0,0,0,0,0,1,0,1,1,0,0,1,1,1
regs_only_warmup11_cap1024_run01,18,1,2A,035C708E9D714FCC,0,0,1,1,0,0,1,1,1,1,1,1,0,0,1,0,1,0,0,0,1,1,1,0,1,0,1,1,1,0,0,1,0,1,1,1,0,0,0,1,0,0,0,0,1,1,1,0,0,0,1,1,1,0,1,0,1,1,0,0,0,0,0,0,0,1,0,1,0,1,0,0
regs_only_warmup11_cap1024_run01,19,0,AA,0BD4F22D157BCEC5,1,0,1,0,0,0,1,1,0,1,1,1,0,0,1,1,1,1,0,1,1,1,1,0,1,0,1,0,1,0,0,0,1,0,1,1,0,1,0,0,0,1,0,0,1,1,1,1,0,0,1,0,1,0,1,1,1,1,0,1,0,0,0,0,0,1,0,1,0,1,0,1
regs_only_warmup11_cap1024_run01,20,0,91,80DEFA2505FAC645,1,0,1,0,0,0,1,0,0,1,1,0,0,0,1,1,0,1,0,1,1,1,1,1,1,0,1,0,0,0,0,0,1,0,1,0,0,1,0,0,0,1,0,1,1,1,1,1,0,1,1,1,1,0,1,1,0,0,0,0,0,0,0,1,1,0,0,0,1,0,0,1
regs_only_warmup11_cap1024_run01,21,1,85,804E7BA58DF2440D,1,0,1,1,0,0,0,0,0,0,1,0,0,0,1,0,0,1,0,0,1,1,1,1,1,0,1,1,0,0,0,1,1,0,1,0,0,1,0,1,1,1,0,1,1,1,1,0,0,1,1,1,0,0,1,0,0,0,0,0,0,0,0,1,1,0,1,0,0,0,0,1
regs_only_warmup11_cap1024_run01,22,1,31,0C4773AD8E724D8F,1,1,1,1,0,0,0,1,1,0,1,1,0,0,1,0,0,1,0,0,1,1,1,0,0,1,1,1,0,0,0,1,1,0,1,1,0,1,0,1,1,1,0,0,1,1,1,0,1,1,1,0,0,0,1,0,0,0,1,1,0,0,0,0,1,0,0,0,1,1,0,0
regs_only_warmup11_cap1024_run01,23,1,9F,0DC3F92C0279CD86,0,1,1,0,0,0,0,1,1,0,1,1,0,0,1,1,1,0,0,1,1,1,1,0,0,1,0,0,0,0,0,0,0,0,1,1,0,1,0,0,1,0,0,1,1,1,1,1,1,1,0,0,0,0,1,1,1,0,1,1,0,0,0,0,1,1,1,1,1,0,0,1
regs_only_warmup11_cap1024_run01,24,1,5B,87CBF92602F9E50E,0,1,1,1,0,0,0,0,1,0,1,0,0,1,1,1,1,0,0,1,1,1,1,1,0,1,0,0,0,0,0,0,0,1,1,0,0,1,0,0,1,0,0,1,1,1,1,1,1,1,0,1,0,0,1,1,1,1,1,0,0,0,0,1,1,1,0,1,1,0,1,0
regs_only_warmup11_cap1024_run01,25,1,76,874970AE8BF1670A,0,1,0,1,0,0,0,0,1,1,1,0,0,1,1,0,1,0,0,0,1,1,1,1,1,1,0,1,0,0,0,1,0,1,1,1,0,1,0,1,0,0,0,0,1,1,1,0,1,0,0,1,0,0,1,0,1,1,1,0,0,0,0,1,0,1,1,0,1,1,1,0
regs_only_warmup11_cap1024_run01,26,1,E6,2F4054AF8B796E82,0,1,0,0,0,0,0,1,0,1,1,1,0,1,1,0,1,0,0,1,1,1,1,0,1,1,0,1,0,0,0,1,1,1,1,1,0,1,0,1,0,0,1,0,1,0,1,0,0,0,0,0,0,0,1,0,1,1,1,1,0,1,0,0,0,1,1,0,0,1,1,1
regs_only_warmup11_cap1024_run01,27,1,2C,2EC0DC27017CEE81,1,0,0,0,0,0,0,1,0,1,1,1,0,1,1,1,0,0,1,1,1,1,1,0,1,0,0,0,0,0,0,0,1,1,1,0,0,1,0,0,0,0,1,1,1,0,1,1,0,0,0,0,0,0,1,1,0,1,1,1,0,1,0,0,0,0,1,1,0,1,0,0
regs_only_warmup11_cap1024_run01,28,1,67,A6C8DF3509D6E629,1,0,0,1,0,1,0,0,0,1,1,0,0,1,1,1,0,1,1,0,1,0,1,1,1,0,0,1,0,0,0,0,1,0,1,0,1,1,0,0,1,1,1,1,1,0,1,1,0,0,0,1,0,0,1,1,0,1,1,0,0,1,0,1,1,1,1,0,0,1,1,0
regs_only_warmup11_cap1024_run01,29,1,65,AC4357BD88D66F29,1,0,0,1,0,1,0,0,1,1,1,1,0,1,1,0,0,1,1,0,1,0,1,1,0,0,0,1,0,0,0,1,1,0,1,1,1,1,0,1,1,1,1,0,1,0,1,0,1,1,0,0,0,0,1,0,0,0,1,1,0,1,0,1,1,0,1,0,0,1,1,0
regs_only_warmup11_cap1024_run01,30,0,FA,3D4357BC805F6DA0,0,0,0,0,0,1,0,1,1,0,1,1,0,1,1,0,1,1,1,1,1,0,1,0,0,0,0,0,0,0,0,1,0,0,1,1,1,1,0,1,1,1,1,0,1,0,1,0,1,1,0,0,0,0,1,0,1,0,1,1,1,1,0,0,0,1,0,1,1,1,1,1
regs_only_warmup11_cap1024_run01,31,0,73,35CBDF34225FE5A2,0,1,0,0,0,1,0,1,1,0,1,0,0,1,1,1,1,1,1,1,1,0,1,0,0,1,0,0,0,1,0,0,0,0,1,0,1,1,0,0,1,1,1,1,1,0,1,1,1,1,0,1,0,0,1,1,1,0,1,0,1,1,0,0,1,1,0,0,1,1,1,0
regs_only_warmup11_cap1024_run01,32,1,BF,B5EB94346BD5E52A,0,1,0,1,0,1,0,0,1,0,1,0,0,1,1,1,1,0,1,0,1,0,1,1,1,1,0,1,0,1,1,0,0,0,1,0,1,1,0,0,0,0,1,0,1,0,0,1,1,1,0,1,0,1,1,1,1,0,1,0,1,1,0,1,1,1,1,1,1,1,0,1
regs_only_warmup11_cap1024_run01,33,0,C7,FD6214BBEBD57C2A,0,1,0,1,0,1,0,0,0,0,1,1,1,1,1,0,1,0,1,0,1,0,1,1,1,1,0,1,0,1,1,1,1,1,0,1,1,1,0,1,0,0,1,0,1,0,0,0,0,1,0,0,0,1,1,0,1,0,1,1,1,1,1,1,1,1,1,0,0,0,1,1
regs_only_warmup11_cap1024_run01,34,1,3A,7E601CB3E35C7AA3,1,1,0,0,0,1,0,1,0,1,0,1,1,1,1,0,0,0,1,1,1,0,1,0,1,1,0,0,0,1,1,1,1,1,0,0,1,1,0,1,0,0,1,1,1,0,0,0,0,0,0,0,0,1,1,0,0,1,1,1,1,1,1,0,0,1,0,1,1,1,0,0
regs_only_warmup11_cap1024_run01,35,0,AF,76E89D336B54F2AB,1,1,0,1,0,1,0,1,0,1,0,0,1,1,1,1,0,0,1,0,1,0,1,0,1,1,0,1,0,1,1,0,1,1,0,0,1,1,0,0,1,0,1,1,1,0,0,1,0,0,0,1,0,1,1,1,0,1,1,0,1,1,1,0,1,1,1,1,0,1,0,1
regs_only_warmup11_cap1024_run01,36,0,83,FEED951B6CD4FB29,1,0,0,1,0,1,0,0,1,1,0,1,1,1,1,1,0,0,1,0,1,0,1,1,0,0,1,1,0,1,1,0,1,1,0,1,1,0,0,0,1,0,1,0,1,0,0,1,1,0,1,1,0,1,1,1,0,1,1,1,1,1,1,1,1,1,0,0,0,0,0,1
regs_only_warmup11_cap1024_run01,37,1,94,FB651798E4DF7B24,0,0,1,0,0,1,0,0,1,1,0,1,1,1,1,0,1,1,1,1,1,0,1,1,0,0,1,0,0,1,1,1,0,0,0,1,1,0,0,1,1,1,1,0,1,0,0,0,1,0,1,0,0,1,1,0,1,1,0,1,1,1,1,1,0,0,1,0,1,0,0,1
regs_only_warmup11_cap1024_run01,38,1,23,716F1F90E45F73A4,0,0,1,0,0,1,0,1,1,1,0,0,1,1,1,0,1,1,1,1,1,0,1,0,0,0,1,0,0,1,1,1,0,0,0,0,1,0,0,1,1,1,1,1,1,0,0,0,1,1,1,1,0,1,1,0,1,0,0,0,1,1,1,0,1,1,0,0,0,1,0,0
regs_only_warmup11_cap1024_run01,39,1,7E,71EF9E106D57F1AC,0,0,1,1,0,1,0,1,1,0,0,0,1,1,1,1,1,1,1,0,1,0,1,0,1,0,1,1,0,1,1,0,0,0,0,0,1,0,0,0,0,1,1,1,1,0,0,1,1,1,1,1,0,1,1,1,1,0,0,0,1,1,1,0,0,1,1,1,1,1,1,0
regs_only_warmup11_cap1024_run01,40,0,31,F9A686196FD7B82C,0,0,1,1,0,1,0,0,0,0,0,1,1,1,0,1,1,1,1,0,1,0,1,1,1,1,1,1,0,1,1,0,1,0,0,1,1,0,0,0,0,1,1,0,0,0,0,1,0,1,1,0,0,1,0,1,1,0,0,1,1,1,1,1,1,0,0,0,1,1,0,0
regs_only_warmup11_cap1024_run01,41,1,C6,F8260C99E7CE3827,1,1,1,0,0,1,0,0,0,0,0,1,1,1,0,0,0,1,1,1,0,0,1,1,1,1,1,0,0,1,1,1,1,0,0,1,1,0,0,1,0,0,1,1,0,0,0,0,0,1,1,0,0,1,0,0,0,0,0,1,1,1,1,1,0,1,1,0,0,0,1,1
regs_only_warmup11_cap1024_run01,42,0,87,702E0993E74C10BF,1,1,1,1,1,1,0,1,0,0,0,0,1,0,0,0,0,0,1,1,0,0,1,0,1,1,1,0,0,1,1,1,1,1,0,0,1,0,0,1,1,0,0,1,0,0,0,0,0,1,1,1,0,1,0,0,0,0,0,0,1,1,1,0,1,1,1,0,0,0,0,1
regs_only_warmup11_cap1024_run01,43,0,CF,52AD811B6E4091BF,1,1,1,1,1,1,0,1,1,0,0,0,1,0,0,1,0,0,0,0,0,0,1,0,0,1,1,1,0,1,1,0,1,1,0,1,1,0,0,0,1,0,0,0,0,0,0,1,1,0,1,1,0,1,0,1,0,1,0,0,1,0,1,0,1,1,1,1,0,0,1,1
regs_only_warmup11_cap1024_run01,44,0,2A,DBA5A15A6EC99B36,0,1,1,0,1,1,0,0,1,1,0,1,1,0,0,1,1,0,0,1,0,0,1,1,0,1,1,1,0,1,1,0,0,1,0,1,1,0,1,0,1,0,0,0,0,1,0,1,1,0,1,0,0,1,0,1,1,1,0,1,1,0,1,1,0,1,0,1,0,1,0,0
regs_only_warmup11_cap1024_run01,45,1,75,DB2529D6E4E91B34,0,0,1,0,1,1,0,0,1,1,0,1,1,0,0,0,1,0,0,1,0,1,1,1,0,0,1,0,0,1,1,1,0,1,1,0,1,0,1,1,1,0,0,1,0,1,0,0,1,0,1,0,0,1,0,0,1,1,0,1,1,0,1,1,1,0,1,0,1,1,1,0
regs_only_warmup11_cap1024_run01,46,1,31,532D2AD6ED6317DC,0,0,1,1,1,0,1,1,1,1,1,0,1,0,0,0,1,1,0,0,0,1,1,0,1,0,1,1,0,1,1,1,0,1,1,0,1,0,1,1,0,1,0,1,0,1,0,0,1,0,1,1,0,1,0,0,1,1,0,0,1,0,1,0,1,0,0,0,1,1,0,0
regs_only_warmup11_cap1024_run01,47,1,33,59ACA25D7D639EDC,0,0,1,1,1,0,1,1,0,1,1,1,1,0,0,1,1,1,0,0,0,1,1,0,1,0,1,1,1,1,1,0,1,0,1,1,1,0,1,0,0,1,0,0,0,1,0,1,0,0,1,1,0,1,0,1,1,0,0,1,1,0,1,0,1,1,0,0,1,1,0,0
regs_only_warmup11_cap1024_run01,48,0,74,D8B6A25D55EA9C55,1,0,1,0,1,0,1,0,0,0,1,1,1,0,0,1,0,1,0,1,0,1,1,1,1,0,1,0,1,0,1,0,1,0,1,1,1,0,1,0,0,1,0,0,0,1,0,1,0,1,1,0,1,1,0,1,0,0,0,1,1,0,1,1,0,0,1,0,1,1,1,0
regs_only_warmup11_cap1024_run01,49,0,94,D01E2BD5D7EA1455,1,0,1,0,1,0,1,0,0,0,1,0,1,0,0,0,0,1,0,1,0,1,1,1,1,1,1,0,1,0,1,1,1,0,1,0,1,0,1,1,1,1,0,1,0,1,0,0,0,1,1,1,1,0,0,0,0,0,0,0,1,0,1,1,0,0,1,0,1,0,0,1
regs_only_warmup11_cap1024_run01,50,0,D3,541F2BD5DE2215DF,1,1,1,1,1,0,1,1,1,0,1,0,1,0,0,0,0,1,0,0,0,1,0,0,0,1,1,1,1,0,1,1,1,0,1,0,1,0,1,1,1,1,0,1,0,1,0,0,1,1,1,1,1,0,0,0,0,0,1,0,1,0,1,0,1,1,0,0,1,0,1,1
regs_only_warmup11_cap1024_run01,51,1,B2,5D93A15E5A219DDE,0,1,1,1,1,0,1,1,1,0,1,1,1,0,0,1,1,0,0,0,0,1,0,0,0,1,0,1,1,0,1,0,0,1,1,1,1,0,1,0,1,0,0,0,0,1,0,1,1,1,0,0,1,0,0,1,1,0,1,1,1,0,1,0,0,1,0,0,1,1,0,1
regs_only_warmup11_cap1024_run01,52,0,DA,DF91A95E52A99D56,0,1,1,0,1,0,1,0,1,0,1,1,1,0,0,1,1,0,0,1,0,1,0,1,0,1,0,0,1,0,1,0,0,1,1,1,1,0,1,0,1,0,0,1,0,1,0,1,1,0,0,0,1,0,0,1,1,1,1,1,1,0,1,1,0,1,0,1,1,0,1,1
regs_only_warmup11_cap1024_run01,53,1,54,D71928D6DBA1175A,0,1,0,1,1,0,1,0,1,1,1,0,1,0,0,0,1,0,0,0,0,1,0,1,1,1,0,1,1,0,1,1,0,1,1,0,1,0,1,1,0,0,0,1,0,1,0,0,1,0,0,1,1,0,0,0,1,1,1,0,1,0,1,1,0,0,1,0,1,0,1,0
regs_only_warmup11_cap1024_run01,54,1,19,5F1824EFD9211EDA,0,1,0,1,1,0,1,1,0,1,1,1,1,0,0,0,1,0,0,0,0,1,0,0,1,0,0,1,1,0,1,1,1,1,1,1,0,1,1,1,0,0,1,0,0,1,0,0,0,0,0,1,1,0,0,0,1,1,1,1,1,0,1,0,1,0,0,1,1,0,0,0
regs_only_warmup11_cap1024_run01,55,1,8A,5E90A66F512E9ED1,1,0,0,0,1,0,1,1,0,1,1,1,1,0,0,1,0,1,1,1,0,1,0,0,1,0,0,0,1,0,1,0,1,1,1,1,0,1,1,0,0,1,1,0,0,1,0,1,0,0,0,0,1,0,0,1,0,1,1,1,1,0,1,0,0,1,0,1,0,0,0,1
regs_only_warmup11_cap1024_run01,56,1,CD,D698AF6551AE9651,1,0,0,0,1,0,1,0,0,1,1,0,1,0,0,1,0,1,1,1,0,1,0,1,1,0,0,0,1,0,1,0,1,0,1,0,0,1,1,0,1,1,1,1,0,1,0,1,0,0,0,1,1,0,0,1,0,1,1,0,1,0,1,1,1,0,1,1,0,0,1,1
regs_only_warmup11_cap1024_run01,57,1,90,C41B6FE5D8A61759,1,0,0,1,1,0,1,0,1,1,1,0,1,0,0,0,0,1,1,0,0,1,0,1,0,0,0,1,1,0,1,1,1,0,1,0,0,1,1,1,1,1,1,1,0,1,1,0,1,1,0,1,1,0,0,0,0,0,1,0,0,0,1,1,0,0,0,0,1,0,0,1
regs_only_warmup11_cap1024_run01,58,0,70,4D1367ECD8271DD8,0,0,0,1,1,0,1,1,1,0,1,1,1,0,0,0,1,1,1,0,0,1,0,0,0,0,0,1,1,0,1,1,0,0,1,1,0,1,1,1,1,1,1,0,0,1,1,0,1,1,0,0,1,0,0,0,1,0,1,1,0,0,1,0,0,0,0,0,1,1,1,0
regs_only_warmup11_cap1024_run01,59,1,2C,4D93EF6C522FBDD2,0,1,0,0,1,0,1,1,1,0,1,1,1,1,0,1,1,1,1,1,0,1,0,0,0,1,0,0,1,0,1,0,0,0,1,1,0,1,1,0,1,1,1,1,0,1,1,1,1,1,0,0,1,0,0,1,1,0,1,1,0,0,1,0,0,0,1,1,0,1,0,0
regs_only_warmup11_cap1024_run01,60,1,24,C59AEC6653ADA55A,0,1,0,1,1,0,1,0,1,0,1,0,0,1,0,1,1,0,1,1,0,1,0,1,1,1,0,0,1,0,1,0,0,1,1,0,0,1,1,0,0,0,1,1,0,1,1,1,0,1,0,1,1,0,0,1,1,0,1,0,0,0,1,1,0,0,1,0,0,1,0,0
regs_only_warmup11_cap1024_run01,61,1,00,E71844EBDBA5245A,0,1,0,1,1,0,1,0,0,0,1,0,0,1,0,0,1,0,1,0,0,1,0,1,1,1,0,1,1,0,1,1,1,1,0,1,0,1,1,1,0,0,1,0,0,0,1,0,0,0,0,1,1,0,0,0,1,1,1,0,0,1,1,1,0,0,0,0,0,0,0,0
regs_only_warmup11_cap1024_run01,62,0,C3,6E1044EBDB0C2AD3,1,1,0,0,1,0,1,1,0,1,0,1,0,1,0,0,0,0,1,1,0,0,0,0,1,1,0,1,1,0,1,1,1,1,0,1,0,1,1,1,0,0,1,0,0,0,1,0,0,0,0,0,1,0,0,0,0,1,1,1,0,1,1,0,1,1,0,0,0,0,1,1
regs_only_warmup11_cap1024_run01,63,0,A8,6E90CD63510CAAF3,1,1,0,0,1,1,1,1,0,1,0,1,0,1,0,1,0,0,1,1,0,0,0,0,1,0,0,0,1,0,1,0,1,1,0,0,0,1,1,0,1,0,1,1,0,0,1,1,0,0,0,0,1,0,0,1,0,1,1,1,0,1,1,0,0,0,0,1,0,1,0,1
regs_only_warmup11_cap1024_run01,64,1,4F,A69DCF631C86E379,1,0,0,1,1,1,1,0,1,1,0,0,0,1,1,1,0,1,1,0,0,0,0,1,0,0,1,1,1,0,0,0,1,1,0,0,0,1,1,0,1,1,1,1,0,0,1,1,1,0,1,1,1,0,0,1,0,1,1,0,0,1,0,1,1,1,1,1,0,0,1,0
regs_only_warmup11_cap1024_run01,65,1,C1,AB1547E89C87EB7C,0,0,1,1,1,1,1,0,1,1,0,1,0,1,1,1,1,1,1,0,0,0,0,1,0,0,1,1,1,0,0,1,0,0,0,1,0,1,1,1,1,1,1,0,0,0,1,0,1,0,1,0,1,0,0,0,1,1,0,1,0,1,0,1,1,0,0,0,0,0,1,1
regs_only_warmup11_cap1024_run01,66,1,E3,295757E8B40F6BF4,0,0,1,0,1,1,1,1,1,1,0,1,0,1,1,0,1,1,1,1,0,0,0,0,0,0,1,0,1,1,0,1,0,0,0,1,0,1,1,1,1,1,1,0,1,0,1,0,1,1,1,0,1,0,1,0,1,0,0,1,0,1,0,0,1,1,0,0,0,1,1,1
regs_only_warmup11_cap1024_run01,67,1,15,21FFDEE0351FE1F4,0,0,1,0,1,1,1,1,1,0,0,0,0,1,1,1,1,1,1,1,1,0,0,0,1,0,1,0,1,1,0,0,0,0,0,0,0,1,1,1,0,1,1,1,1,0,1,1,1,1,1,1,1,1,1,1,1,0,0,0,0,1,0,0,1,0,1,0,1,0,0,0
regs_only_warmup11_cap1024_run01,68,0,F6,A1FED6613F97E07E,0,1,1,1,1,1,1,0,0,0,0,0,0,1,1,1,1,1,1,0,1,0,0,1,1,1,1,1,1,1,0,0,1,0,0,0,0,1,1,0,0,1,1,0,1,0,1,1,0,1,1,1,1,1,1,1,1,0,0,0,0,1,0,1,0,1,1,0,1,1,1,1
regs_only_warmup11_cap1024_run01,69,0,EC,A87654EBBF94E86F,1,1,1,1,0,1,1,0,0,0,0,1,0,1,1,1,0,0,1,0,1,0,0,1,1,1,1,1,1,1,0,1,1,1,0,1,0,1,1,1,0,0,1,0,1,0,1,0,0,1,1,0,1,1,1,0,0,0,0,1,0,1,0,1,0,0,1,1,0,1,1,1
regs_only_warmup11_cap1024_run01,70,1,96,2A7459E3B71C68E7,1,1,1,0,0,1,1,1,0,0,0,1,0,1,1,0,0,0,1,1,1,0,0,0,1,1,1,0,1,1,0,1,1,1,0,0,0,1,1,1,1,0,0,1,1,0,1,0,0,0,1,0,1,1,1,0,0,1,0,1,0,1,0,0,0,1,1,0,1,0,0,1
regs_only_warmup11_cap1024_run01,71,0,7F,22FDD9E33E10E3EF,1,1,1,1,0,1,1,1,1,1,0,0,0,1,1,1,0,0,0,0,1,0,0,0,0,1,1,1,1,1,0,0,1,1,0,0,0,1,1,1,1,0,0,1,1,0,1,1,1,0,1,1,1,1,1,1,0,1,0,0,0,1,0,0,1,1,1,1,1,1,1,0
regs_only_warmup11_cap1024_run01,72,1,D5,ABFDD14A3C91EB6E,0,1,1,1,0,1,1,0,1,1,0,1,0,1,1,1,1,0,0,0,1,0,0,1,0,0,1,1,1,1,0,0,0,1,0,1,0,0,1,0,1,0,0,0,1,0,1,1,1,0,1,1,1,1,1,1,1,1,0,1,0,1,0,1,1,0,1,0,1,0,1,1
regs_only_warmup11_cap1024_run01,73,1,F1,AB7551CEB499EB64,0,0,1,0,0,1,1,0,1,1,0,1,0,1,1,1,1,0,0,1,1,0,0,1,0,0,1,0,1,1,0,1,0,1,1,1,0,0,1,1,1,0,0,0,1,0,1,0,1,0,1,0,1,1,1,0,1,1,0,1,0,1,0,1,1,0,0,0,1,1,1,1
regs_only_warmup11_cap1024_run01,74,1,9A,237D5AC4B51B67E4,0,0,1,0,0,1,1,1,1,1,1,0,0,1,1,0,1,1,0,1,1,0,0,0,1,0,1,0,1,1,0,1,0,0,1,0,0,0,1,1,0,1,0,1,1,0,1,0,1,0,1,1,1,1,1,0,1,1,0,0,0,1,0,0,0,1,0,1,1,0,0,1
regs_only_warmup11_cap1024_run01,75,0,6F,21FEDAC53D13E6EC,0,0,1,1,0,1,1,1,0,1,1,0,0,1,1,1,1,1,0,0,1,0,0,0,1,0,1,1,1,1,0,0,1,0,1,0,0,0,1,1,0,1,0,1,1,0,1,1,0,1,1,1,1,1,1,1,1,0,0,0,0,1,0,0,1,1,1,1,0,1,1,0
regs_only_warmup11_cap1024_run01,76,0,D3,A8E6D20D2DD2EC6D,1,0,1,1,0,1,1,0,0,0,1,1,0,1,1,1,0,1,0,0,1,0,1,1,1,0,1,1,0,1,0,0,1,0,1,1,0,0,0,0,0,1,0,0,1,0,1,1,0,1,1,0,0,1,1,1,0,0,0,1,0,1,0,1,1,1,0,0,1,0,1,1
regs_only_warmup11_cap1024_run01,77,0,2D,AC665B8DA7DACC67,1,1,1,0,0,1,1,0,0,0,1,1,0,0,1,1,0,1,0,1,1,0,1,1,1,1,1,0,0,1,0,1,1,0,1,1,0,0,0,1,1,1,0,1,1,0,1,0,0,1,1,0,0,1,1,0,0,0,1,1,0,1,0,1,1,0,1,1,0,1,0,0
regs_only_warmup11_cap1024_run01,78,0,96,046F5985A65845AF,1,1,1,1,0,1,0,1,1,0,1,0,0,0,1,0,0,0,0,1,1,0,1,0,0,1,1,0,0,1,0,1,1,0,1,0,0,0,0,1,1,0,0,1,1,0,1,0,1,1,1,1,0,1,1,0,0,0,1,0,0,0,0,0,0,1,1,0,1,0,0,1
regs_only_warmup11_cap1024_run01,79,0,AD,07EBF18E2A51C5AE,0,1,1,1,0,1,0,1,1,0,1,0,0,0,1,1,1,0,0,0,1,0,1,0,0,1,0,1,0,1,0,0,0,1,1,1,0,0,0,1,1,0,0,0,1,1,1,1,1,1,0,1,0,1,1,1,1,1,1,0,0,0,0,0,1,0,1,1,0,1,0,1
regs_only_warmup11_cap1024_run01,80,0,B1,8FE1F10E22F9CF26,0,1,1,0,0,1,0,0,1,1,1,1,0,0,1,1,1,0,0,1,1,1,1,1,0,1,0,0,0,1,0,0,0,1,1,1,0,0,0,0,1,0,0,0,1,1,1,1,1,0,0,0,0,1,1,1,1,1,1,1,0,0,0,1,1,0,0,0,1,1,0,1
regs_only_warmup11_cap1024_run01,81,0,53,87617886A3F9C702,0,1,0,0,0,0,0,0,1,1,1,0,0,0,1,1,1,0,0,1,1,1,1,1,1,1,0,0,0,1,0,1,0,1,1,0,0,0,0,1,0,0,0,1,1,1,1,0,1,0,0,0,0,1,1,0,1,1,1,0,0,0,0,1,1,1,0,0,1,0,1,0
regs_only_warmup11_cap1024_run01,82,0,E2,07687C87A9714688,0,0,0,1,0,0,0,1,0,1,1,0,0,0,1,0,1,0,0,0,1,1,1,0,1,0,0,1,0,1,0,1,1,1,1,0,0,0,0,1,0,0,1,1,1,1,1,0,0,0,0,1,0,1,1,0,1,1,1,0,0,0,0,0,0,1,0,0,0,1,1,1
regs_only_warmup11_cap1024_run01,83,0,D7,0EE0F69D0976CE89,1,0,0,1,0,0,0,1,0,1,1,1,0,0,1,1,0,1,1,0,1,1,1,0,1,0,0,1,0,0,0,0,1,0,1,1,1,0,0,1,0,1,1,0,1,1,1,1,0,0,0,0,0,1,1,1,0,1,1,1,0,0,0,0,1,1,1,0,1,0,1,1
regs_only_warmup11_cap1024_run01,84,0,EF,8CC2F71D01FECE01,1,0,0,0,0,0,0,0,0,1,1,1,0,0,1,1,0,1,1,1,1,1,1,1,1,0,0,0,0,0,0,0,1,0,1,1,1,0,0,0,1,1,1,0,1,1,1,1,0,1,0,0,0,0,1,1,0,0,1,1,0,0,0,1,1,1,1,1,0,1,1,1
regs_only_warmup11_cap1024_run01,85,0,AD,944B7F9580FEC501,1,0,0,0,0,0,0,0,1,0,1,0,0,0,1,1,0,1,1,1,1,1,1,1,0,0,0,0,0,0,0,1,1,0,1,0,1,0,0,1,1,1,1,1,1,1,1,0,1,1,0,1,0,0,1,0,0,0,1,0,1,0,0,1,1,0,1,1,0,1,0,1
regs_only_warmup11_cap1024_run01,86,1,9A,154B77948A774588,0,0,0,1,0,0,0,1,1,0,1,0,0,0,1,0,1,1,1,0,1,1,1,0,0,1,0,1,0,0,0,1,0,0,1,0,1,0,0,1,1,1,1,0,1,1,1,0,1,1,0,1,0,0,1,0,1,0,1,0,1,0,0,0,0,1,0,1,1,0,0,1
regs_only_warmup11_cap1024_run01,87,0,07,1DC3F59C0A7FCD8A,0,1,0,1,0,0,0,1,1,0,1,1,0,0,1,1,1,1,1,1,1,1,1,0,0,1,0,1,0,0,0,0,0,0,1,1,1,0,0,1,1,0,1,0,1,1,1,1,1,1,0,0,0,0,1,1,1,0,1,1,1,0,0,0,1,1,1,0,0,0,0,0
regs_only_warmup11_cap1024_run01,88,1,97,9DC3FC1603FDCD02,0,1,0,0,0,0,0,0,1,0,1,1,0,0,1,1,1,0,1,1,1,1,1,1,1,1,0,0,0,0,0,0,0,1,1,0,1,0,0,0,0,0,1,1,1,1,1,1,1,1,0,0,0,0,1,1,1,0,1,1,1,0,0,1,1,1,1,0,1,0,0,1
regs_only_warmup11_cap1024_run01,89,1,9A,97483CB3CBF5D00A,0,1,0,1,0,0,0,0,0,0,0,0,1,0,1,1,1,0,1,0,1,1,1,1,1,1,0,1,0,0,1,1,1,1,0,0,1,1,0,1,0,0,1,1,1,1,0,0,0,0,0,1,0,0,1,0,1,1,1,0,1,0,0,1,0,1,0,1,1,0,0,1
regs_only_warmup11_cap1024_run01,90,0,A8,5E4834BBCB745A8B,1,1,0,1,0,0,0,1,0,1,0,1,1,0,1,0,0,0,1,0,1,1,1,0,1,1,0,1,0,0,1,1,1,1,0,1,1,1,0,1,0,0,1,0,1,1,0,0,0,0,0,1,0,0,1,0,0,1,1,1,1,0,1,0,0,0,0,1,0,1,0,1
regs_only_warmup11_cap1024_run01,91,1,EE,5EC4B5BB457CDA81,1,0,0,0,0,0,0,1,0,1,0,1,1,0,1,1,0,0,1,1,1,1,1,0,1,0,1,0,0,0,1,0,1,1,0,1,1,1,0,1,1,0,1,0,1,1,0,1,0,0,1,0,0,0,1,1,0,1,1,1,1,0,1,0,0,1,1,1,0,1,1,1
regs_only_warmup11_cap1024_run01,92,0,67,D2CDBF3344FED301,1,0,0,0,0,0,0,0,1,1,0,0,1,0,1,1,0,1,1,1,1,1,1,1,0,0,1,0,0,0,1,0,1,1,0,0,1,1,0,0,1,1,1,1,1,1,0,1,1,0,1,1,0,0,1,1,0,1,0,0,1,0,1,1,1,1,1,0,0,1,1,0
regs_only_warmup11_cap1024_run01,93,1,56,D14F3FB0CCF7D30C,0,0,1,1,0,0,0,0,1,1,0,0,1,0,1,1,1,1,1,0,1,1,1,1,0,0,1,1,0,0,1,1,0,0,0,0,1,1,0,1,1,1,1,1,1,1,0,0,1,1,1,1,0,0,1,0,1,0,0,0,1,0,1,1,0,1,1,0,1,0,1,0
regs_only_warmup11_cap1024_run01,94,0,23,594737B8CC77798C,0,0,1,1,0,0,0,1,1,0,0,1,1,1,1,0,1,1,1,0,1,1,1,0,0,0,1,1,0,0,1,1,0,0,0,1,1,1,0,1,1,1,1,0,1,1,0,0,1,1,1,0,0,0,1,0,1,0,0,1,1,0,1,0,1,1,0,0,0,1,0,0
regs_only_warmup11_cap1024_run01,95,1,44,59C7BEB8477FF984,0,0,1,0,0,0,0,1,1,0,0,1,1,1,1,1,1,1,1,1,1,1,1,0,1,1,1,0,0,0,1,0,0,0,0,1,1,1,0,1,0,1,1,1,1,1,0,1,1,1,1,0,0,0,1,1,1,0,0,1,1,0,1,0,0,0,1,0,0,0,1,0
regs_only_warmup11_cap1024_run01,96,0,B1,F18E9E3147FFF00E,0,1,1,1,0,0,0,0,0,0,0,0,1,1,1,1,1,1,1,1,1,1,1,1,1,1,1,0,0,0,1,0,1,0,0,0,1,1,0,0,0,1,1,1,1,0,0,1,0,1,1,1,0,0,0,1,1,0,0,0,1,1,1,1,1,0,0,0,1,1,0,1
regs_only_warmup11_cap1024_run01,97,0,62,F00E04BBCFD4B00F,1,1,1,1,0,0,0,0,0,0,0,0,1,1,0,1,0,0,1,0,1,0,1,1,1,1,1,1,0,0,1,1,1,1,0,1,1,1,0,1,0,0,1,0,0,0,0,0,0,1,1,1,0,0,0,0,0,0,0,0,1,1,1,1,0,1,0,0,0,1,1,0
regs_only_warmup11_cap1024_run01,98,1,E3,7A0401BBCF4838A7,1,1,1,0,0,1,0,1,0,0,0,1,1,1,0,0,0,0,0,1,0,0,1,0,1,1,1,1,0,0,1,1,1,1,0,1,1,1,0,1,1,0,0,0,0,0,0,0,0,0,1,0,0,0,0,0,0,1,0,1,1,1,1,0,1,1,0,0,0,1,1,1
regs_only_warmup11_cap1024_run01,99,1,7A,728589B34648B3B7,1,1,1,0,1,1,0,1,1,1,0,0,1,1,0,1,0,0,0,1,0,0,1,0,0,1,1,0,0,0,1,0,1,1,0,0,1,1,0,1,1,0,0,1,0,0,0,1,1,0,1,0,0,0,0,1,0,1,0,0,1,1,1,0,0,1,0,1,1,1,1,0
regs_only_warmup11_cap1024_run01,100,1,36,F38D89766CC1B33C,0,0,1,1,1,1,0,0,1,1,0,0,1,1,0,1,1,0,0,0,0,0,1,1,0,0,1,1,0,1,1,0,0,1,1,0,1,1,1,0,1,0,0,1,0,0,0,1,1,0,1,1,0,0,0,1,1,1,0,0,1,1,1,1,0,1,1,0,1,1,0,0
regs_only_warmup11_cap1024_run01,101,0,9A,FB0503FEECC3BF3C,0,0,1,1,1,1,0,0,1,1,1,1,1,1,0,1,1,1,0,0,0,0,1,1,0,0,1,1,0,1,1,1,0,1,1,1,1,1,1,1,1,1,0,0,0,0,0,0,1,0,1,0,0,0,0,0,1,1,0,1,1,1,1,1,0,1,0,1,1,0,0,1
regs_only_warmup11_cap1024_run01,102,0,E8,792502FCE54B3FB4,0,0,1,0,1,1,0,1,1,1,1,1,1,1,0,0,1,1,0,1,0,0,1,0,1,0,1,0,0,1,1,1,0,0,1,1,1,1,1,1,0,1,0,0,0,0,0,0,1,0,1,0,0,1,0,0,1,0,0,1,1,1,1,0,0,0,0,1,0,1,1,1
regs_only_warmup11_cap1024_run01,103,1,61,71AE8AF5654BB4F4,0,0,1,0,1,1,1,1,0,0,1,0,1,1,0,1,1,1,0,1,0,0,1,0,1,0,1,0,0,1,1,0,1,0,1,0,1,1,1,1,0,1,0,1,0,0,0,1,0,1,1,1,0,1,0,1,1,0,0,0,1,1,1,0,1,0,0,0,0,1,1,0
regs_only_warmup11_cap1024_run01,104,1,54,F0AE82756FC2B47D,1,0,1,1,1,1,1,0,0,0,1,0,1,1,0,1,0,1,0,0,0,0,1,1,1,1,1,1,0,1,1,0,1,0,1,0,1,1,1,0,0,1,0,0,0,0,0,1,0,1,1,1,0,1,0,1,0,0,0,0,1,1,1,1,0,0,1,0,1,0,1,0
regs_only_warmup11_cap1024_run01,105,1,5A,FC2603FDEFCABC77,1,1,1,0,1,1,1,0,0,0,1,1,1,1,0,1,0,1,0,1,0,0,1,1,1,1,1,1,0,1,1,1,1,0,1,1,1,1,1,1,1,1,0,0,0,0,0,0,0,1,1,0,0,1,0,0,0,0,1,1,1,1,1,1,0,1,0,1,1,0,1,0
regs_only_warmup11_cap1024_run01,106,0,DF,7C2309F7E6083DF7,1,1,1,0,1,1,1,1,1,0,1,1,1,1,0,0,0,0,0,1,0,0,0,0,0,1,1,0,0,1,1,1,1,1,1,0,1,1,1,1,1,0,0,1,0,0,0,0,1,1,0,0,0,1,0,0,0,0,1,1,1,1,1,0,1,1,1,1,1,0,1,1
regs_only_warmup11_cap1024_run01,107,0,7F,77B989D67A01B5FE,0,1,1,1,1,1,1,1,1,0,1,0,1,1,0,1,1,0,0,0,0,0,0,0,0,1,0,1,1,1,1,0,0,1,1,0,1,0,1,1,1,0,0,1,0,0,0,1,1,0,0,1,1,1,0,1,1,1,1,0,1,1,1,0,1,1,1,1,1,1,1,0
regs_only_warmup11_cap1024_run01,108,1,5B,FFB9815E7A81BF7A,0,1,0,1,1,1,1,0,1,1,1,1,1,1,0,1,1,0,0,0,0,0,0,1,0,1,0,1,1,1,1,0,0,1,1,1,1,0,1,0,1,0,0,0,0,0,0,1,1,0,0,1,1,1,0,1,1,1,1,1,1,1,1,1,1,1,0,1,1,0,1,0
regs_only_warmup11_cap1024_run01,109,1,5E,FF31005EF189BF72,0,1,0,0,1,1,1,0,1,1,1,1,1,1,0,1,1,0,0,1,0,0,0,1,1,0,0,0,1,1,1,1,0,1,1,1,1,0,1,0,0,0,0,0,0,0,0,0,1,0,0,0,1,1,0,0,1,1,1,1,1,1,1,1,0,1,1,1,1,0,1,0
regs_only_warmup11_cap1024_run01,110,1,68,77380ED7F10F36F0,0,0,0,0,1,1,1,1,0,1,1,0,1,1,0,0,1,1,1,1,0,0,0,0,1,0,0,0,1,1,1,1,1,1,1,0,1,0,1,1,0,1,1,1,0,0,0,0,0,0,0,1,1,1,0,0,1,1,1,0,1,1,1,0,0,0,0,1,0,1,1,0
regs_only_warmup11_cap1024_run01,111,1,9A,76B88ED57906B6F9,1,0,0,1,1,1,1,1,0,1,1,0,1,1,0,1,0,1,1,0,0,0,0,0,1,0,0,1,1,1,1,0,1,0,1,0,1,0,1,1,0,1,1,1,0,0,0,1,0,0,0,1,1,1,0,1,0,1,1,0,1,1,1,0,0,1,0,1,1,0,0,1
regs_only_warmup11_cap1024_run01,112,0,1F,FCB2875D79869E79,1,0,0,1,1,1,1,0,0,1,1,1,1,0,0,1,0,1,1,0,0,0,0,1,1,0,0,1,1,1,1,0,1,0,1,1,1,0,1,0,1,1,1,0,0,0,0,1,0,1,0,0,1,1,0,1,0,0,1,1,1,1,1,1,1,1,1,1,1,0,0,0
regs_only_warmup11_cap1024_run01,113,1,A2,DC334FDDF08E9D71,1,0,0,0,1,1,1,0,1,0,1,1,1,0,0,1,0,1,1,1,0,0,0,1,0,0,0,0,1,1,1,1,1,0,1,1,1,0,1,1,1,1,1,1,0,0,1,0,1,1,0,0,1,1,0,0,0,0,1,1,1,0,1,1,0,1,0,0,0,1,0,1
regs_only_warmup11_cap1024_run01,114,1,4A,553B6FD4F20F15FA,0,1,0,1,1,1,1,1,1,0,1,0,1,0,0,0,1,1,1,1,0,0,0,0,0,1,0,0,1,1,1,1,0,0,1,0,1,0,1,1,1,1,1,1,0,1,1,0,1,1,0,1,1,1,0,0,1,0,1,0,1,0,1,0,0,1,0,1,0,0,1,0
regs_only_warmup11_cap1024_run01,115,1,3C,55BBE5CE7A2595FA,0,1,0,1,1,1,1,1,1,0,1,0,1,0,0,1,1,0,1,0,0,1,0,0,0,1,0,1,1,1,1,0,0,1,1,1,0,0,1,1,1,0,1,0,0,1,1,1,1,1,0,1,1,1,0,1,1,0,1,0,1,0,1,0,0,0,1,1,1,1,0,0
regs_only_warmup11_cap1024_run01,116,0,96,DFB1E44A7BAD9D72,0,1,0,0,1,1,1,0,1,0,1,1,1,0,0,1,1,0,1,1,0,1,0,1,1,1,0,1,1,1,1,0,0,1,0,1,0,0,1,0,0,0,1,0,0,1,1,1,1,0,0,0,1,1,0,1,1,1,1,1,1,0,1,1,0,1,1,0,1,0,0,1
regs_only_warmup11_cap1024_run01,117,0,97,C7306C43F3AD9252,0,1,0,0,1,0,1,0,0,1,0,0,1,0,0,1,1,0,1,1,0,1,0,1,1,1,0,0,1,1,1,1,1,1,0,0,0,0,1,0,0,0,1,1,0,1,1,0,0,0,0,0,1,1,0,0,1,1,1,0,0,0,1,1,1,1,1,0,1,0,0,1
regs_only_warmup11_cap1024_run01,118,1,C0,46386CC3F92412DB,1,1,0,1,1,0,1,1,0,1,0,0,1,0,0,0,0,0,1,0,0,1,0,0,1,0,0,1,1,1,1,1,1,1,0,0,0,0,1,1,0,0,1,1,0,1,1,0,0,0,0,1,1,1,0,0,0,1,1,0,0,0,1,0,0,0,0,0,0,0,1,1
regs_only_warmup11_cap1024_run01,119,0,95,0EB4E7CB1D269AD9,1,0,0,1,1,0,1,1,0,1,0,1,1,0,0,1,0,1,1,0,0,1,0,0,1,0,1,1,1,0,0,0,1,1,0,1,0,0,1,1,1,1,1,0,0,1,1,1,0,0,1,0,1,1,0,1,0,1,1,1,0,0,0,0,1,0,1,0,1,0,0,1
regs_only_warmup11_cap1024_run01,120,0,96,8A95E74914AEDA55,1,0,1,0,1,0,1,0,0,1,0,1,1,0,1,1,0,1,1,1,0,1,0,1,0,0,1,0,1,0,0,0,1,0,0,1,0,0,1,0,1,1,1,0,0,1,1,1,1,0,1,0,1,0,0,1,0,1,0,1,0,0,0,1,0,1,1,0,1,0,0,1
regs_only_warmup11_cap1024_run01,121,1,1B,815F6F4094AFD354,0,0,1,0,1,0,1,0,1,1,0,0,1,0,1,1,1,1,1,1,0,1,0,1,0,0,1,0,1,0,0,1,0,0,0,0,0,0,1,0,1,1,1,1,0,1,1,0,1,1,1,1,1,0,1,0,1,0,0,0,0,0,0,1,1,1,0,1,1,0,0,0
regs_only_warmup11_cap1024_run01,122,0,A1,015F67C09C2741DC,0,0,1,1,1,0,1,1,1,0,0,0,0,0,1,0,1,1,1,0,0,1,0,0,0,0,1,1,1,0,0,1,0,0,0,0,0,0,1,1,1,1,1,0,0,1,1,0,1,1,1,1,1,0,1,0,1,0,0,0,0,0,0,0,1,0,0,0,0,1,0,1
regs_only_warmup11_cap1024_run01,123,1,3F,09D7E6C81F2F49D6,0,1,1,0,1,0,1,1,1,0,0,1,0,0,1,0,1,1,1,1,0,1,0,0,1,1,1,1,1,0,0,0,0,0,0,1,0,0,1,1,0,1,1,0,0,1,1,1,1,1,1,0,1,0,1,1,1,0,0,1,0,0,0,0,1,1,1,1,1,1,0,0
regs_only_warmup11_cap1024_run01,124,0,F6,89D6EC4317ADC856,0,1,1,0,1,0,1,0,0,0,0,1,0,0,1,1,1,0,1,1,0,1,0,1,1,1,1,0,1,0,0,0,1,1,0,0,0,0,1,0,0,0,1,1,0,1,1,1,0,1,1,0,1,0,1,1,1,0,0,1,0,0,0,1,0,1,1,0,1,1,1,1
regs_only_warmup11_cap1024_run01,125,0,64,825E68639FA4C05F,1,1,1,1,1,0,1,0,0,0,0,0,0,0,1,1,0,0,1,0,0,1,0,1,1,1,1,1,1,0,0,1,1,1,0,0,0,1,1,0,0,0,0,1,0,1,1,0,0,1,1,1,1,0,1,0,0,1,0,0,0,0,0,1,0,0,1,0,0,1,1,0
regs_only_warmup11_cap1024_run01,126,1,A7,8A5C61EB9F204ADF,1,1,1,1,1,0,1,1,0,1,0,1,0,0,1,0,0,0,0,0,0,1,0,0,1,1,1,1,1,0,0,1,1,1,0,1,0,1,1,1,1,0,0,0,0,1,1,0,0,0,1,1,1,0,1,0,0,1,0,1,0,0,0,1,1,1,1,0,0,1,0,1
regs_only_warmup11_cap1024_run01,127,1,42,0AD5E1EB14284AD7,1,1,1,0,1,0,1,1,0,1,0,1,0,0,1,0,0,0,0,1,0,1,0,0,0,0,1,0,1,0,0,0,1,1,0,1,0,1,1,1,1,0,0,0,0,1,1,1,1,0,1,0,1,0,1,1,0,1,0,1,0,0,0,0,0,1,0,0,0,0,1,0
regs_only_warmup11_cap1024_run01,128,0,A1,83DDFB6614AAC354,0,0,1,0,1,0,1,0,1,1,0,0,0,0,1,1,0,1,0,1,0,1,0,1,0,0,1,0,1,0,0,0,0,1,1,0,0,1,1,0,1,1,0,1,1,1,1,1,1,0,1,1,1,0,1,1,1,1,0,0,0,0,0,1,1,0,0,0,0,1,0,1
regs_only_warmup11_cap1024_run01,129,1,C6,835D7B249CB3C75C,0,0,1,1,1,0,1,0,1,1,1,0,0,0,1,1,1,1,0,0,1,1,0,1,0,0,1,1,1,0,0,1,0,0,1,0,0,1,0,0,1,1,0,1,1,1,1,0,1,0,1,1,1,0,1,0,1,1,0,0,0,0,0,1,0,1,1,0,0,0,1,1
regs_only_warmup11_cap1024_run01,130,0,CD,895772AC9D736FDC,0,0,1,1,1,0,1,1,1,1,1,1,0,1,1,0,1,1,0,0,1,1,1,0,1,0,1,1,1,0,0,1,0,0,1,1,0,1,0,1,0,1,0,0,1,1,1,0,1,1,1,0,1,0,1,0,1,0,0,1,0,0,0,1,1,0,1,1,0,0,1,1
regs_only_warmup11_cap1024_run01,131,1,59,09D6FAAD157B6CC4,0,0,1,0,0,0,1,1,0,0,1,1,0,1,1,0,1,1,0,1,1,1,1,0,1,0,1,0,1,0,0,0,1,0,1,1,0,1,0,1,0,1,0,1,1,1,1,1,0,1,1,0,1,0,1,1,1,0,0,1,0,0,0,0,1,0,0,1,1,0,1,0
regs_only_warmup11_cap1024_run01,132,0,90,80DEFA2517FAE40F,1,1,1,1,0,0,0,0,0,0,1,0,0,1,1,1,0,1,0,1,1,1,1,1,1,1,1,0,1,0,0,0,1,0,1,0,0,1,0,0,0,1,0,1,1,1,1,1,0,1,1,1,1,0,1,1,0,0,0,0,0,0,0,1,0,0,0,0,1,0,0,1
regs_only_warmup11_cap1024_run01,133,0,F0,A45E512F9FF0E40F,1,1,1,1,0,0,0,0,0,0,1,0,0,1,1,1,0,0,0,0,1,1,1,1,1,1,1,1,1,0,0,1,1,1,1,1,0,1,0,0,1,0,0,0,1,0,1,0,0,1,1,1,1,0,1,0,0,0,1,0,0,1,0,1,0,0,0,0,1,1,1,1
regs_only_warmup11_cap1024_run01,134,0,A4,AE5551AF96586C87,1,1,1,0,0,0,0,1,0,0,1,1,0,1,1,0,0,0,0,1,1,0,1,0,0,1,1,0,1,0,0,1,1,1,1,1,0,1,0,1,1,0,0,0,1,0,1,0,1,0,1,0,1,0,1,0,0,1,1,1,0,1,0,1,0,0,1,0,0,1,0,1
regs_only_warmup11_cap1024_run01,135,1,A7,26D1D9A6125867A7,1,1,1,0,0,1,0,1,1,1,1,0,0,1,1,0,0,0,0,1,1,0,1,0,0,1,0,0,1,0,0,0,0,1,1,0,0,1,0,1,1,0,0,1,1,0,1,1,1,0,0,0,1,0,1,1,0,1,1,0,0,1,0,0,1,1,1,0,0,1,0,1
regs_only_warmup11_cap1024_run01,136,0,F0,A7D9D92618D1E72E,0,1,1,1,0,1,0,0,1,1,1,0,0,1,1,1,1,0,0,0,1,0,1,1,0,0,0,1,1,0,0,0,0,1,1,0,0,1,0,0,1,0,0,1,1,0,1,1,1,0,0,1,1,0,1,1,1,1,1,0,0,1,0,1,0,0,0,0,1,1,1,1
regs_only_warmup11_cap1024_run01,137,0,6E,AF51522EB9D3EF28,0,0,0,1,0,1,0,0,1,1,1,1,0,1,1,1,1,1,0,0,1,0,1,1,1,0,0,1,1,1,0,1,0,1,1,1,0,1,0,0,0,1,0,0,1,0,1,0,1,0,0,0,1,0,1,0,1,1,1,1,0,1,0,1,0,1,1,1,0,1,1,0
regs_only_warmup11_cap1024_run01,138,1,5E,AF4056ADA15B6EA0,0,0,0,0,0,1,0,1,0,1,1,1,0,1,1,0,1,1,0,1,1,0,1,0,1,0,0,0,0,1,0,1,1,0,1,1,0,1,0,1,0,1,1,0,1,0,1,0,0,0,0,0,0,0,1,0,1,1,1,1,0,1,0,1,0,1,1,1,1,0,1,0
regs_only_warmup11_cap1024_run01,139,0,45,24EADEA5215E66A1,1,0,0,0,0,1,0,1,0,1,1,0,0,1,1,0,0,1,1,1,1,0,1,0,1,0,0,0,0,1,0,0,1,0,1,0,0,1,0,1,0,1,1,1,1,0,1,1,0,1,0,1,0,1,1,1,0,0,1,0,0,1,0,0,1,0,1,0,0,0,1,0
regs_only_warmup11_cap1024_run01,140,0,7D,24EAD62529D6E429,1,0,0,1,0,1,0,0,0,0,1,0,0,1,1,1,0,1,1,0,1,0,1,1,1,0,0,1,0,1,0,0,1,0,1,0,0,1,0,0,0,1,1,0,1,0,1,1,0,1,0,1,0,1,1,1,0,0,1,0,0,1,0,0,1,0,1,1,1,1,1,0
regs_only_warmup11_cap1024_run01,141,0,23,AC63572DAADEEC23,1,1,0,0,0,1,0,0,0,0,1,1,0,1,1,1,0,1,1,1,1,0,1,1,0,1,0,1,0,1,0,1,1,0,1,1,0,1,0,0,1,1,1,0,1,0,1,0,1,1,0,0,0,1,1,0,0,0,1,1,0,1,0,1,1,1,0,0,0,1,0,0
regs_only_warmup11_cap1024_run01,142,1,2A,AC635DA6A25C6DA3,1,1,0,0,0,1,0,1,1,0,1,1,0,1,1,0,0,0,1,1,1,0,1,0,0,1,0,0,0,1,0,1,0,1,1,0,0,1,0,1,1,0,1,1,1,0,1,0,1,1,0,0,0,1,1,0,0,0,1,1,0,1,0,1,0,1,0,1,0,1,0,0
regs_only_warmup11_cap1024_run01,143,1,B0,67EB9D866A5565AA,0,1,0,1,0,1,0,1,1,0,1,0,0,1,1,0,1,0,1,0,1,0,1,0,0,1,0,1,0,1,1,0,0,1,1,0,0,0,0,1,1,0,1,1,1,0,0,1,1,1,0,1,0,1,1,1,1,1,1,0,0,1,1,0,0,0,0,0,1,1,0,1
regs_only_warmup11_cap1024_run01,144,1,77,6FE9941A6AD5EF2A,0,1,0,1,0,1,0,0,1,1,1,1,0,1,1,1,1,0,1,0,1,0,1,1,0,1,0,1,0,1,1,0,0,1,0,1,1,0,0,0,0,0,1,0,1,0,0,1,1,0,0,1,0,1,1,1,1,1,1,1,0,1,1,0,1,1,1,0,1,1,1,0
regs_only_warmup11_cap1024_run01,145,0,8A,EF60141BE3DDEA22,0,1,0,0,0,1,0,0,0,1,0,1,0,1,1,1,1,0,1,1,1,0,1,1,1,1,0,0,0,1,1,1,1,1,0,1,1,0,0,0,0,0,1,0,1,0,0,0,0,0,0,0,0,1,1,0,1,1,1,1,0,1,1,1,0,1,0,1,0,0,0,1
regs_only_warmup11_cap1024_run01,146,1,E3,E6681C93E15C62A1,1,0,0,0,0,1,0,1,0,1,0,0,0,1,1,0,0,0,1,1,1,0,1,0,1,0,0,0,0,1,1,1,1,1,0,0,1,0,0,1,0,0,1,1,1,0,0,0,0,0,0,1,0,1,1,0,0,1,1,0,0,1,1,1,1,1,0,0,0,1,1,1
regs_only_warmup11_cap1024_run01,147,1,FA,76EC9E916D5662A9,1,0,0,1,0,1,0,1,0,1,0,0,0,1,1,0,0,1,1,0,1,0,1,0,1,0,1,1,0,1,1,0,1,0,0,0,1,0,0,1,0,1,1,1,1,0,0,1,0,0,1,1,0,1,1,1,0,1,1,0,1,1,1,0,0,1,0,1,1,1,1,1
regs_only_warmup11_cap1024_run01,148,0,37,78E797196CD6EA29,1,0,0,1,0,1,0,0,0,1,0,1,0,1,1,1,0,1,1,0,1,0,1,1,0,0,1,1,0,1,1,0,1,0,0,1,1,0,0,0,1,1,1,0,1,0,0,1,1,1,1,0,0,1,1,1,0,0,0,1,1,1,1,0,1,1,1,0,1,1,0,0
regs_only_warmup11_cap1024_run01,149,1,E1,F8671F18E4DEC925,1,0,1,0,0,1,0,0,1,0,0,1,0,0,1,1,0,1,1,1,1,0,1,1,0,0,1,0,0,1,1,1,0,0,0,1,1,0,0,0,1,1,1,1,1,0,0,0,1,1,1,0,0,1,1,0,0,0,0,1,1,1,1,1,1,0,0,0,0,1,1,1
regs_only_warmup11_cap1024_run01,150,0,69,D12F1F90E65F41AE,0,1,1,1,0,1,0,1,1,0,0,0,0,0,1,0,1,1,1,1,1,0,1,0,0,1,1,0,0,1,1,1,0,0,0,0,1,0,0,1,1,1,1,1,1,0,0,0,1,1,1,1,0,1,0,0,1,0,0,0,1,0,1,1,1,0,0,1,0,1,1,0
regs_only_warmup11_cap1024_run01,151,0,95,51AFB4986F7511AE,0,1,1,1,0,1,0,1,1,0,0,0,1,0,0,0,1,0,1,0,1,1,1,0,1,1,1,1,0,1,1,0,0,0,0,1,1,0,0,1,0,0,1,0,1,1,0,1,1,1,1,1,0,1,0,1,1,0,0,0,1,0,1,0,1,0,1,0,1,0,0,1
regs_only_warmup11_cap1024_run01,152,0,0F,59A6B41B67FD9826,0,1,1,0,0,1,0,0,0,0,0,1,1,0,0,1,1,0,1,1,1,1,1,1,1,1,1,0,0,1,1,0,1,1,0,1,1,0,0,0,0,0,1,0,1,1,0,1,0,1,1,0,0,1,0,1,1,0,0,1,1,0,1,0,1,1,1,1,0,0,0,0
regs_only_warmup11_cap1024_run01,153,0,13,D2243C13E7FC9207,1,1,1,0,0,0,0,0,0,1,0,0,1,0,0,1,0,0,1,1,1,1,1,1,1,1,1,0,0,1,1,1,1,1,0,0,1,0,0,0,0,0,1,1,1,1,0,0,0,0,1,0,0,1,0,0,0,1,0,0,1,0,1,1,1,1,0,0,1,0,0,0
regs_only_warmup11_cap1024_run01,154,1,79,D22C38D3EF74128F,1,1,1,1,0,0,0,1,0,1,0,0,1,0,0,0,0,0,1,0,1,1,1,0,1,1,1,1,0,1,1,1,1,1,0,0,1,0,1,1,0,0,0,1,1,1,0,0,0,0,1,1,0,1,0,0,0,1,0,0,1,0,1,1,1,0,0,1,1,1,1,0
regs_only_warmup11_cap1024_run01,155,1,46,5AA4B1DBCC701A8D,1,0,1,1,0,0,0,1,0,1,0,1,1,0,0,0,0,0,0,0,1,1,1,0,0,0,1,1,0,0,1,1,1,1,0,1,1,0,1,1,1,0,0,0,1,1,0,1,0,0,1,0,0,1,0,1,0,1,0,1,1,0,1,0,0,1,1,0,0,0,1,0
regs_only_warmup11_cap1024_run01,156,1,73,5A85B35844FA9B45,1,0,1,0,0,0,1,0,1,1,0,1,1,0,0,1,0,1,0,1,1,1,1,1,0,0,1,0,0,0,1,0,0,0,0,1,1,0,1,0,1,1,0,0,1,1,0,1,1,0,1,0,0,0,0,1,0,1,0,1,1,0,1,0,1,1,0,0,1,1,1,0
regs_only_warmup11_cap1024_run01,157,0,3D,D10F3B54C4FB934C,0,0,1,1,0,0,1,0,1,1,0,0,1,0,0,1,1,1,0,1,1,1,1,1,0,0,1,0,0,0,1,1,0,0,1,0,1,0,1,0,1,1,0,1,1,1,0,0,1,1,1,1,0,0,0,0,1,0,0,0,1,0,1,1,1,0,1,1,1,1,0,0
regs_only_warmup11_cap1024_run01,158,1,16,D10F22DCCC7315CC,0,0,1,1,0,0,1,1,1,0,1,0,1,0,0,0,1,1,0,0,1,1,1,0,0,0,1,1,0,0,1,1,0,0,1,1,1,0,1,1,0,1,0,0,0,1,0,0,1,1,1,1,0,0,0,0,1,0,0,0,1,0,1,1,0,1,1,0,1,0,0,0
regs_only_warmup11_cap1024_run01,159,1,75,5986A2DCCF6B1DC4,0,0,1,0,0,0,1,1,1,0,1,1,1,0,0,0,1,1,0,1,0,1,1,0,1,1,1,1,0,0,1,1,0,0,1,1,1,0,1,1,0,1,0,0,0,1,0,1,0,1,1,0,0,0,0,1,1,0,0,1,1,0,1,0,1,0,1,0,1,1,1,0
regs_only_warmup11_cap1024_run01,160,1,E5,5886A85547A89C57,1,1,1,0,1,0,1,0,0,0,1,1,1,0,0,1,0,0,0,1,0,1,0,1,1,1,1,0,0,0,1,0,1,0,1,0,1,0,1,0,0,0,0,1,0,1,0,1,0,1,1,0,0,0,0,1,0,0,0,1,1,0,1,0,1,0,1,0,0,1,1,1
regs_only_warmup11_cap1024_run01,161,1,42,D40E2877CFA0945F,1,1,1,1,1,0,1,0,0,0,1,0,1,0,0,1,0,0,0,0,0,1,0,1,1,1,1,1,0,0,1,1,1,1,1,0,1,1,1,0,0,0,0,1,0,1,0,0,0,1,1,1,0,0,0,0,0,0,1,0,1,0,1,1,0,1,0,0,0,0,1,0
regs_only_warmup11_cap1024_run01,162,1,0F,DE0C21FFCE201CDF,1,1,1,1,1,0,1,1,0,0,1,1,1,0,0,0,0,0,0,0,0,1,0,0,0,1,1,1,0,0,1,1,1,1,1,1,1,1,1,1,1,0,0,0,0,1,0,0,0,0,1,1,0,0,0,0,0,1,1,1,1,0,1,1,1,1,1,1,0,0,0,0
regs_only_warmup11_cap1024_run01,163,0,BA,5E81A1FEC2281FD7,1,1,1,0,1,0,1,1,1,1,1,1,1,0,0,0,0,0,0,1,0,1,0,0,0,1,0,0,0,0,1,1,0,1,1,1,1,1,1,1,1,0,0,0,0,1,0,1,1,0,0,0,0,0,0,1,0,1,1,1,1,0,1,0,0,1,0,1,1,1,0,1
regs_only_warmup11_cap1024_run01,164,0,DB,5789A97640A99754,0,0,1,0,1,0,1,0,1,1,1,0,1,0,0,1,1,0,0,1,0,1,0,1,0,0,0,0,0,0,1,0,0,1,1,0,1,1,1,0,1,0,0,1,0,1,0,1,1,0,0,1,0,0,0,1,1,1,1,0,1,0,1,0,1,1,0,1,1,0,1,1
regs_only_warmup11_cap1024_run01,165,0,3B,D7092A76C8A39758,0,0,0,1,1,0,1,0,1,1,1,0,1,0,0,1,1,1,0,0,0,1,0,1,0,0,0,1,0,0,1,1,0,1,1,0,1,1,1,0,0,1,0,1,0,1,0,0,1,0,0,1,0,0,0,0,1,1,1,0,1,0,1,1,1,1,0,1,1,1,0,0
regs_only_warmup11_cap1024_run01,166,1,4C,DD1022FCD9233FD8,0,0,0,1,1,0,1,1,1,1,1,1,1,1,0,0,1,1,0,0,0,1,0,0,1,0,0,1,1,0,1,1,0,0,1,1,1,1,1,1,0,1,0,0,0,1,0,0,0,0,0,0,1,0,0,0,1,0,1,1,1,0,1,1,0,0,1,1,0,0,1,0
regs_only_warmup11_cap1024_run01,167,1,58,5C92EEFD512B3CD1,1,0,0,0,1,0,1,1,0,0,1,1,1,1,0,0,1,1,0,1,0,1,0,0,1,0,0,0,1,0,1,0,1,0,1,1,1,1,1,1,0,1,1,1,0,1,1,1,0,1,0,0,1,0,0,1,0,0,1,1,1,0,1,0,0,0,0,1,1,0,1,0
regs_only_warmup11_cap1024_run01,168,1,34,749ACE7553AEB459,1,0,0,1,1,0,1,0,0,0,1,0,1,1,0,1,0,1,1,1,0,1,0,1,1,1,0,0,1,0,1,0,1,0,1,0,1,1,1,0,0,1,1,1,0,0,1,1,0,1,0,1,1,0,0,1,0,0,1,0,1,1,1,0,0,0,1,0,1,1,0,0
regs_only_warmup11_cap1024_run01,169,1,CD,F41A477DDA86B45B,1,1,0,1,1,0,1,0,0,0,1,0,1,1,0,1,0,1,1,0,0,0,0,1,0,1,0,1,1,0,1,1,1,0,1,1,1,1,1,0,1,1,1,0,0,0,1,0,0,1,0,1,1,0,0,0,0,0,1,0,1,1,1,1,1,0,1,1,0,0,1,1
regs_only_warmup11_cap1024_run01,170,1,7A,FC1345FEDA0C3DF3,1,1,0,0,1,1,1,1,1,0,1,1,1,1,0,0,0,0,1,1,0,0,0,0,0,1,0,1,1,0,1,1,0,1,1,1,1,1,1,1,1,0,1,0,0,0,1,0,1,1,0,0,1,0,0,0,0,0,1,1,1,1,1,1,0,1,0,1,1,1,1,0
regs_only_warmup11_cap1024_run01,171,1,6D,7791CDF6520D35F2,0,1,0,0,1,1,1,1,1,0,1,0,1,1,0,0,1,0,1,1,0,0,0,0,0,1,0,0,1,0,1,0,0,1,1,0,1,1,1,1,1,0,1,1,0,0,1,1,1,0,0,0,1,0,0,1,1,1,1,0,1,1,1,0,1,0,1,1,0,1,1,0
regs_only_warmup11_cap1024_run01,172,1,8D,3799CC661A85B77A,0,1,0,1,1,1,1,0,1,1,1,0,1,1,0,1,1,0,1,0,0,0,0,1,0,1,0,1,1,0,0,0,0,1,1,0,0,1,1,0,0,0,1,1,0,0,1,1,1,0,0,1,1,0,0,1,1,1,1,0,1,1,0,0,1,0,1,1,0,0,0,1
regs_only_warmup11_cap1024_run01,173,0,DD,BF10446EB985FF7A,0,1,0,1,1,1,1,0,1,1,1,1,1,1,1,1,1,0,1,0,0,0,0,1,1,0,0,1,1,1,0,1,0,1,1,1,0,1,1,0,0,0,1,0,0,0,1,0,0,0,0,0,1,0,0,0,1,1,1,1,1,1,0,1,1,0,1,1,1,0,1,1
regs_only_warmup11_cap1024_run01,174,0,63,BE7046EBB10F7AF1,1,0,0,0,1,1,1,1,0,1,0,1,1,1,1,0,1,1,1,1,0,0,0,0,1,0,0,0,1,1,0,1,1,1,0,1,0,1,1,1,0,1,1,0,0,0,1,0,0,0,0,0,1,1,1,0,0,1,1,1,1,1,0,1,1,1,0,0,0,1,1,0
regs_only_warmup11_cap1024_run01,175,1,ED,26F8CEE1310E72F1,1,0,0,0,1,1,1,1,0,1,0,0,1,1,1,0,0,1,1,1,0,0,0,0,1,0,0,0,1,1,0,0,1,0,0,0,0,1,1,1,0,1,1,1,0,0,1,1,0,0,0,1,1,1,1,1,0,1,1,0,0,1,0,0,1,0,1,1,0,1,1,1
regs_only_warmup11_cap1024_run01,176,0,77,24FEC7613C86F279,1,0,0,1,1,1,1,0,0,1,0,0,1,1,1,1,0,1,1,0,0,0,0,1,0,0,1,1,1,1,0,0,1,0,0,0,0,1,1,0,1,1,1,0,0,0,1,1,0,1,1,1,1,1,1,1,0,0,1,0,0,1,0,0,1,1,1,0,1,1,1,0
regs_only_warmup11_cap1024_run01,177,0,98,A8774768BC8EF971,1,0,0,0,1,1,1,0,1,0,0,1,1,1,1,1,0,1,1,1,0,0,0,1,0,0,1,1,1,1,0,1,0,0,0,1,0,1,1,0,1,1,1,0,0,0,1,0,1,1,1,0,1,1,1,0,0,0,0,1,0,1,0,1,0,0,0,1,1,0,0,1
regs_only_warmup11_cap1024_run01,178,1,2A,A9774FC0B60F79F6,0,1,1,0,1,1,1,1,1,0,0,1,1,1,1,0,1,1,1,1,0,0,0,0,0,1,1,0,1,1,0,1,0,0,0,0,0,0,1,1,1,1,1,1,0,0,1,0,1,1,1,0,1,1,1,0,1,0,0,1,0,1,0,1,0,1,0,1,0,1,0,0
regs_only_warmup11_cap1024_run01,179,1,33,21FFCDC2BE0561FE,0,1,1,1,1,1,1,1,1,0,0,0,0,1,1,0,1,0,1,0,0,0,0,0,0,1,1,1,1,1,0,1,0,1,0,0,0,0,1,1,1,0,1,1,0,0,1,1,1,1,1,1,1,1,1,1,1,0,0,0,0,1,0,0,1,1,0,0,1,1,0,0
regs_only_warmup11_cap1024_run01,180,0,36,2BFCC44A3F85E97E,0,1,1,1,1,1,1,0,1,0,0,1,0,1,1,1,1,0,1,0,0,0,0,1,1,1,1,1,1,1,0,0,0,1,0,1,0,0,1,0,0,0,1,0,0,0,1,1,0,0,1,1,1,1,1,1,1,1,0,1,0,1,0,0,0,1,1,0,1,1,0,0
regs_only_warmup11_cap1024_run01,181,0,C2,ABF4444BB78DEA77,1,1,1,0,1,1,1,0,0,1,0,1,0,1,1,1,1,0,1,1,0,0,0,1,1,1,1,0,1,1,0,1,1,1,0,1,0,0,1,0,0,0,1,0,0,0,1,0,0,0,1,0,1,1,1,1,1,1,0,1,0,1,0,1,0,1,0,0,0,0,1,1
regs_only_warmup11_cap1024_run01,182,1,DB,A27C4883B50C62F7,1,1,1,0,1,1,1,1,0,1,0,0,0,1,1,0,0,0,1,1,0,0,0,0,1,0,1,0,1,1,0,1,1,1,0,0,0,0,0,1,0,0,0,1,0,0,1,0,0,0,1,1,1,1,1,0,0,1,0,0,0,1,0,1,1,1,0,1,1,0,1,1
regs_only_warmup11_cap1024_run01,183,0,13,22FCC983BD4262FD,1,0,1,1,1,1,1,1,0,1,0,0,0,1,1,0,0,1,0,0,0,0,1,0,1,0,1,1,1,1,0,1,1,1,0,0,0,0,0,1,1,0,0,1,0,0,1,1,0,0,1,1,1,1,1,1,0,1,0,0,0,1,0,0,1,1,0,0,1,0,0,0
regs_only_warmup11_cap1024_run01,184,1,96,2AF5C3083CC2CB7D,1,0,1,1,1,1,1,0,1,1,0,1,0,0,1,1,0,1,0,0,0,0,1,1,0,0,1,1,1,1,0,0,0,0,0,1,0,0,0,0,1,1,0,0,0,0,1,1,1,0,1,0,1,1,1,1,0,1,0,1,0,1,0,0,0,1,1,0,1,0,0,1
regs_only_warmup11_cap1024_run01,185,0,D7,89F74B08B4CBCB34,0,0,1,0,1,1,0,0,1,1,0,1,0,0,1,1,1,1,0,1,0,0,1,1,0,0,1,0,1,1,0,1,0,0,0,1,0,0,0,0,1,1,0,1,0,0,1,0,1,1,1,0,1,1,1,1,1,0,0,1,0,0,0,1,1,1,1,0,1,0,1,1
regs_only_warmup11_cap1024_run01,186,0,43,817F7B84B44B45BC,0,0,1,1,1,1,0,1,1,0,1,0,0,0,1,0,1,1,0,1,0,0,1,0,0,0,1,0,1,1,0,1,0,0,1,0,0,0,0,1,1,1,0,1,1,1,1,0,1,1,1,1,1,1,1,0,1,0,0,0,0,0,0,1,1,1,0,0,0,0,1,0
regs_only_warmup11_cap1024_run01,187,1,BE,01FFF28CBF7345BE,0,1,1,1,1,1,0,1,1,0,1,0,0,0,1,0,1,1,0,0,1,1,1,0,1,1,1,1,1,1,0,1,0,0,1,1,0,0,0,1,0,1,0,0,1,1,1,1,1,1,1,1,1,1,1,1,1,0,0,0,0,0,0,0,0,1,1,1,1,1,0,1
regs_only_warmup11_cap1024_run01,188,0,08,09F6F00F37F9CC36,0,1,1,0,1,1,0,0,0,0,1,1,0,0,1,1,1,0,0,1,1,1,1,1,1,1,1,0,1,1,0,0,1,1,1,1,0,0,0,0,0,0,0,0,1,1,1,1,0,1,1,0,1,1,1,1,1,0,0,1,0,0,0,0,0,0,0,1,0,0,0,0
regs_only_warmup11_cap1024_run01,189,1,17,82F67807B7F8C407,1,1,1,0,0,0,0,0,0,0,1,0,0,0,1,1,0,0,0,1,1,1,1,1,1,1,1,0,1,1,0,1,1,1,1,0,0,0,0,0,0,0,0,1,1,1,1,0,0,1,1,0,1,1,1,1,0,1,0,0,0,0,0,1,1,1,1,0,1,0,0,0
regs_only_warmup11_cap1024_run01,190,1,EF,867C7987BF70468F,1,1,1,1,0,0,0,1,0,1,1,0,0,0,1,0,0,0,0,0,1,1,1,0,1,1,1,1,1,1,0,1,1,1,1,0,0,0,0,1,1,0,0,1,1,1,1,0,0,0,1,1,1,1,1,0,0,1,1,0,0,0,0,1,1,1,1,1,0,1,1,1
regs_only_warmup11_cap1024_run01,191,1,B7,0EF5F18F9C704F8F,1,1,1,1,0,0,0,1,1,1,1,1,0,0,1,0,0,0,0,0,1,1,1,0,0,0,1,1,1,0,0,1,1,1,1,1,0,0,0,1,1,0,0,0,1,1,1,1,1,0,1,0,1,1,1,1,0,1,1,1,0,0,0,0,1,1,1,0,1,1,0,1
regs_only_warmup11_cap1024_run01,192,0,39,0FD1F10E10F9CF04,0,0,1,0,0,0,0,0,1,1,1,1,0,0,1,1,1,0,0,1,1,1,1,1,0,0,0,0,1,0,0,0,0,1,1,1,0,0,0,0,1,0,0,0,1,1,1,1,1,0,0,0,1,0,1,1,1,1,1,1,0,0,0,0,1,0,0,1,1,1,0,0
regs_only_warmup11_cap1024_run01,193,0,5F,87D97B0410FBC708,0,0,0,1,0,0,0,0,1,1,1,0,0,0,1,1,1,1,0,1,1,1,1,1,0,0,0,0,1,0,0,0,0,0,1,0,0,0,0,0,1,1,0,1,1,1,1,0,1,0,0,1,1,0,1,1,1,1,1,0,0,0,0,1,1,1,1,1,1,0,1,0
regs_only_warmup11_cap1024_run01,194,0,D4,855B728C99734788,0,0,0,1,0,0,0,1,1,1,1,0,0,0,1,0,1,1,0,0,1,1,1,0,1,0,0,1,1,0,0,1,0,0,1,1,0,0,0,1,0,1,0,0,1,1,1,0,1,1,0,1,1,0,1,0,1,0,1,0,0,0,0,1,0,0,1,0,1,0,1,1
regs_only_warmup11_cap1024_run01,195,0,83,0DD2F68D997B4C80,0,0,0,0,0,0,0,1,0,0,1,1,0,0,1,0,1,1,0,1,1,1,1,0,1,0,0,1,1,0,0,1,1,0,1,1,0,0,0,1,0,1,1,0,1,1,1,1,0,1,0,0,1,0,1,1,1,0,1,1,0,0,0,0,1,1,0,0,0,0,0,1
regs_only_warmup11_cap1024_run01,196,1,CC,4CC2BE0543FECC03,1,1,0,0,0,0,0,0,0,0,1,1,0,0,1,1,0,1,1,1,1,1,1,1,1,1,0,0,0,0,1,0,1,0,1,0,0,0,0,0,0,1,1,1,1,1,0,1,0,1,0,0,0,0,1,1,0,0,1,1,0,0,1,0,0,0,1,1,0,0,1,1
regs_only_warmup11_cap1024_run01,197,1,B7,C4CA3D254BF4C40B,1,1,0,1,0,0,0,0,0,0,1,0,0,0,1,1,0,0,1,0,1,1,1,1,1,1,0,1,0,0,1,0,1,0,1,0,0,1,0,0,1,0,1,1,1,1,0,0,0,1,0,1,0,0,1,1,0,0,1,0,0,0,1,1,1,1,1,0,1,1,0,1
regs_only_warmup11_cap1024_run01,198,0,80,CE4B35AFCA744D8B,1,1,0,1,0,0,0,1,1,0,1,1,0,0,1,0,0,0,1,0,1,1,1,0,0,1,0,1,0,0,1,1,1,1,1,1,0,1,0,1,1,0,1,0,1,1,0,0,1,1,0,1,0,0,1,0,0,1,1,1,0,0,1,1,0,0,0,0,0,0,0,1
regs_only_warmup11_cap1024_run01,199,1,FA,4FC1B5AEC27D4F82,0,1,0,0,0,0,0,1,1,1,1,1,0,0,1,0,1,0,1,1,1,1,1,0,0,1,0,0,0,0,1,1,0,1,1,1,0,1,0,1,1,0,1,0,1,1,0,1,1,0,0,0,0,0,1,1,1,1,1,1,0,0,1,0,0,1,0,1,1,1,1,1
regs_only_warmup11_cap1024_run01,200,0,17,47C9BD2642FDC702,0,1,0,0,0,0,0,0,1,1,1,0,0,0,1,1,1,0,1,1,1,1,1,1,0,1,0,0,0,0,1,0,0,1,1,0,0,1,0,0,1,0,1,1,1,1,0,1,1,0,0,1,0,0,1,1,1,1,1,0,0,0,1,0,1,1,1,0,1,0,0,0
regs_only_warmup11_cap1024_run01,201,0,93,C7C93C26C9F5C708,0,0,0,1,0,0,0,0,1,1,1,0,0,0,1,1,1,0,1,0,1,1,1,1,1,0,0,1,0,0,1,1,0,1,1,0,0,1,0,0,0,0,1,1,1,1,0,0,1,0,0,1,0,0,1,1,1,1,1,0,0,0,1,1,1,1,0,0,1,0,0,1
regs_only_warmup11_cap1024_run01,202,0,52,CF4036B9C9776E88,0,0,0,1,0,0,0,1,0,1,1,1,0,1,1,0,1,1,1,0,1,1,1,0,1,0,0,1,0,0,1,1,1,0,0,1,1,1,0,1,0,1,1,0,1,1,0,0,0,0,0,0,0,0,1,0,1,1,1,1,0,0,1,1,0,1,0,0,1,0,1,0
regs_only_warmup11_cap1024_run01,203,1,9A,4C82BEB9C17E2A81,1,0,0,0,0,0,0,1,0,1,0,1,0,1,0,0,0,1,1,1,1,1,1,0,1,0,0,0,0,0,1,1,1,0,0,1,1,1,0,1,0,1,1,1,1,1,0,1,0,1,0,0,0,0,0,1,0,0,1,1,0,0,1,0,0,1,0,1,1,0,0,1
regs_only_warmup11_cap1024_run01,204,0,54,748A9F3141FEA009,1,0,0,1,0,0,0,0,0,0,0,0,0,1,0,1,0,1,1,1,1,1,1,1,1,0,0,0,0,0,1,0,1,0,0,0,1,1,0,0,1,1,1,1,1,0,0,1,0,1,0,1,0,0,0,1,0,0,1,0,1,1,1,0,0,0,1,0,1,0,1,0
regs_only_warmup11_cap1024_run01,205,1,C9,F48F1739CEF6A90B,1,1,0,1,0,0,0,0,1,0,0,1,0,1,0,1,0,1,1,0,1,1,1,1,0,1,1,1,0,0,1,1,1,0,0,1,1,1,0,0,1,1,1,0,1,0,0,0,1,1,1,1,0,0,0,1,0,0,1,0,1,1,1,1,1,0,0,1,0,0,1,1
regs_only_warmup11_cap1024_run01,206,0,66,F90715B8C65D29A6,0,1,1,0,0,1,0,1,1,0,0,1,0,1,0,0,1,0,1,1,1,0,1,0,0,1,1,0,0,0,1,1,0,0,0,1,1,1,0,1,1,0,1,0,1,0,0,0,1,1,1,0,0,0,0,0,1,0,0,1,1,1,1,1,0,1,1,0,0,1,1,0
regs_only_warmup11_cap1024_run01,207,0,34,710F9DF2C65D21A6,0,1,1,0,0,1,0,1,1,0,0,0,0,1,0,0,1,0,1,1,1,0,1,0,0,1,1,0,0,0,1,1,0,1,0,0,1,1,1,1,1,0,1,1,1,0,0,1,1,1,1,1,0,0,0,0,1,0,0,0,1,1,1,0,0,0,1,0,1,1,0,0
regs_only_warmup11_cap1024_run01,208,1,8E,738D9C724FD5B32E,0,1,1,1,0,1,0,0,1,1,0,0,1,1,0,1,1,0,1,0,1,0,1,1,1,1,1,1,0,0,1,0,0,1,0,0,1,1,1,0,0,0,1,1,1,0,0,1,1,0,1,1,0,0,0,1,1,1,0,0,1,1,1,0,0,1,1,1,0,0,0,1
regs_only_warmup11_cap1024_run01,209,0,87,FB84147B6FD5BA6E,0,1,1,1,0,1,1,0,0,1,0,1,1,1,0,1,1,0,1,0,1,0,1,1,1,1,1,1,0,1,1,0,1,1,0,1,1,1,1,0,0,0,1,0,1,0,0,0,0,0,1,0,0,0,0,1,1,1,0,1,1,1,1,1,1,1,1,0,0,0,0,1
regs_only_warmup11_cap1024_run01,210,0,79,FA041CFBE55C3AE5,1,0,1,0,0,1,1,1,0,1,0,1,1,1,0,0,0,0,1,1,1,0,1,0,1,0,1,0,0,1,1,1,1,1,0,1,1,1,1,1,0,0,1,1,1,0,0,0,0,0,1,0,0,0,0,0,0,1,0,1,1,1,1,1,1,0,0,1,1,1,1,0
regs_only_warmup11_cap1024_run01,211,1,1E,72AC9FF1E55E32ED,1,0,1,1,0,1,1,1,0,1,0,0,1,1,0,0,0,1,1,1,1,0,1,0,1,0,1,0,0,1,1,1,1,0,0,0,1,1,1,1,1,1,1,1,1,0,0,1,0,0,1,1,0,1,0,1,0,1,0,0,1,1,1,0,0,1,1,1,1,0,0,0
regs_only_warmup11_cap1024_run01,212,1,97,70AF93796CD6B36D,1,0,1,1,0,1,1,0,1,1,0,0,1,1,0,1,0,1,1,0,1,0,1,1,0,0,1,1,0,1,1,0,1,0,0,1,1,1,1,0,1,1,0,0,1,0,0,1,1,1,1,1,0,1,0,1,0,0,0,0,1,1,1,0,1,1,1,0,1,0,0,1
regs_only_warmup11_cap1024_run01,213,1,6F,F9A71378EC9BB964,0,0,1,0,0,1,1,0,1,0,0,1,1,1,0,1,1,1,0,1,1,0,0,1,0,0,1,1,0,1,1,1,0,0,0,1,1,1,1,0,1,1,0,0,1,0,0,0,1,1,1,0,0,1,0,1,1,0,0,1,1,1,1,1,1,1,1,1,0,1,1,0
regs_only_warmup11_cap1024_run01,214,0,28,F9270BF0E61B39E4,0,0,1,0,0,1,1,1,1,0,0,1,1,1,0,0,1,1,0,1,1,0,0,0,0,1,1,0,0,1,1,1,0,0,0,0,1,1,1,1,1,1,0,1,0,0,0,0,1,1,1,0,0,1,0,0,1,0,0,1,1,1,1,1,0,0,0,1,0,1,0,0
regs_only_warmup11_cap1024_run01,215,0,2E,71AF8AD4EF1331EE,0,1,1,1,0,1,1,1,1,0,0,0,1,1,0,0,1,1,0,0,1,0,0,0,1,1,1,1,0,1,1,1,0,0,1,0,1,0,1,1,0,1,0,1,0,0,0,1,1,1,1,1,0,1,0,1,1,0,0,0,1,1,1,0,0,1,1,1,0,1,0,0
regs_only_warmup11_cap1024_run01,216,0,E2,79AE805F6F81BC7E,0,1,1,1,1,1,1,0,0,0,1,1,1,1,0,1,1,0,0,0,0,0,0,1,1,1,1,1,0,1,1,0,1,1,1,1,1,0,1,0,0,0,0,0,0,0,0,1,0,1,1,1,0,1,0,1,1,0,0,1,1,1,1,0,0,1,0,0,0,1,1,1
regs_only_warmup11_cap1024_run01,217,0,4A,FAA4005F6788BC77,1,1,1,0,1,1,1,0,0,0,1,1,1,1,0,1,0,0,0,1,0,0,0,1,1,1,1,0,0,1,1,0,1,1,1,1,1,0,1,0,0,0,0,0,0,0,0,0,0,0,1,0,0,1,0,1,0,1,0,1,1,1,1,1,0,1,0,1,0,0,1,0
regs_only_warmup11_cap1024_run01,218,1,C5,F22C09D7E70836F7,1,1,1,0,1,1,1,1,0,1,1,0,1,1,0,0,0,0,0,1,0,0,0,0,1,1,1,0,0,1,1,1,1,1,1,0,1,0,1,1,1,0,0,1,0,0,0,0,0,0,1,1,0,1,0,0,0,1,0,0,1,1,1,1,1,0,1,0,0,0,1,1
regs_only_warmup11_cap1024_run01,219,0,69,72AD89D7EC0036FD,1,0,1,1,1,1,1,1,0,1,1,0,1,1,0,0,0,0,0,0,0,0,0,0,0,0,1,1,0,1,1,1,1,1,1,0,1,0,1,1,1,0,0,1,0,0,0,1,1,0,1,1,0,1,0,1,0,1,0,0,1,1,1,0,1,0,0,1,0,1,1,0
regs_only_warmup11_cap1024_run01,220,0,93,7FA5C35E6C82BF7C,0,0,1,1,1,1,1,0,1,1,1,1,1,1,0,1,0,1,0,0,0,0,0,1,0,0,1,1,0,1,1,0,0,1,1,1,1,0,1,0,1,1,0,0,0,0,1,1,1,0,1,0,0,1,0,1,1,1,1,1,1,1,1,0,1,1,0,0,1,0,0,1
regs_only_warmup11_cap1024_run01,221,0,80,FDA54B5CE48B9F74,0,0,1,0,1,1,1,0,1,1,1,1,1,0,0,1,1,1,0,1,0,0,0,1,0,0,1,0,0,1,1,1,0,0,1,1,1,0,1,0,1,1,0,1,0,0,1,0,1,0,1,0,0,1,0,1,1,0,1,1,1,1,1,1,0,0,0,0,0,0,0,1
regs_only_warmup11_cap1024_run01,222,1,AE,D52B4AD4F10B15FC,0,0,1,1,1,1,1,1,1,0,1,0,1,0,0,0,1,1,0,1,0,0,0,0,1,0,0,0,1,1,1,1,0,0,1,0,1,0,1,1,0,1,0,1,0,0,1,0,1,1,0,1,0,1,0,0,1,0,1,0,1,0,1,1,0,1,1,1,0,1,0,1
regs_only_warmup11_cap1024_run01,223,0,4D,55BAE2DDFB2314F8,0,0,0,1,1,1,1,1,0,0,1,0,1,0,0,0,1,1,0,0,0,1,0,0,1,1,0,1,1,1,1,1,1,0,1,1,1,0,1,1,0,1,0,0,0,1,1,1,0,1,0,1,1,1,0,1,1,0,1,0,1,0,1,0,1,0,1,1,0,0,1,0
regs_only_warmup11_cap1024_run01,224,0,19,5CB2E25D73AA9C73,1,1,0,0,1,1,1,0,0,0,1,1,1,0,0,1,0,1,0,1,0,1,0,1,1,1,0,0,1,1,1,0,1,0,1,1,1,0,1,0,0,1,0,0,0,1,1,1,0,1,0,0,1,1,0,1,0,0,1,1,1,0,1,0,1,0,0,1,1,0,0,0
regs_only_warmup11_cap1024_run01,225,1,36,D4B26D57F3A89453,1,1,0,0,1,0,1,0,0,0,1,0,1,0,0,1,0,0,0,1,0,1,0,1,1,1,0,0,1,1,1,1,1,1,1,0,1,0,1,0,1,0,1,1,0,1,1,0,0,1,0,0,1,1,0,1,0,0,1,0,1,0,1,1,0,1,1,0,1,1,0,0
regs_only_warmup11_cap1024_run01,226,0,A8,D6396DD7BA2414DB,1,1,0,1,1,0,1,1,0,0,1,0,1,0,0,0,0,0,1,0,0,1,0,0,0,1,0,1,1,1,0,1,1,1,1,0,1,0,1,1,1,0,1,1,0,1,1,0,1,0,0,1,1,1,0,0,0,1,1,0,1,0,1,1,0,0,0,1,0,1,0,1
regs_only_warmup11_cap1024_run01,227,1,A1,1FB1E5DE9A245FDA,0,1,0,1,1,0,1,1,1,1,1,1,1,0,1,0,0,0,1,0,0,1,0,0,0,1,0,1,1,0,0,1,0,1,1,1,1,0,1,1,1,0,1,0,0,1,1,1,1,0,0,0,1,1,0,1,1,1,1,1,1,0,0,0,1,0,0,0,0,1,0,1
regs_only_warmup11_cap1024_run01,228,1,BF,1FD1E55E10ADDF52,0,1,0,0,1,0,1,0,1,1,1,1,1,0,1,1,1,0,1,1,0,1,0,1,0,0,0,0,1,0,0,0,0,1,1,1,1,0,1,0,1,0,1,0,0,1,1,1,1,0,0,0,1,0,1,1,1,1,1,1,1,0,0,0,1,1,1,1,1,1,0,1
regs_only_warmup11_cap1024_run01,229,0,F8,97D96E4691AFD750,0,0,0,0,1,0,1,0,1,1,1,0,1,0,1,1,1,1,1,1,0,1,0,1,1,0,0,0,1,0,0,1,0,1,1,0,0,0,1,0,0,1,1,1,0,1,1,0,1,0,0,1,1,0,1,1,1,1,1,0,1,0,0,1,0,0,0,1,1,1,1,1
regs_only_warmup11_cap1024_run01,230,1,C0,975866C5992756D8,0,0,0,1,1,0,1,1,0,1,1,0,1,0,1,0,1,1,1,0,0,1,0,0,1,0,0,1,1,0,0,1,1,0,1,0,0,0,1,1,0,1,1,0,0,1,1,0,0,0,0,1,1,0,1,0,1,1,1,0,1,0,0,1,0,0,0,0,0,0,1,1
regs_only_warmup11_cap1024_run01,231,0,22,0CD2E6C9992E5ED1,1,0,0,0,1,0,1,1,0,1,1,1,1,0,1,0,0,1,1,1,0,1,0,0,1,0,0,1,1,0,0,1,1,0,0,1,0,0,1,1,0,1,1,0,0,1,1,1,0,1,0,0,1,0,1,1,0,0,1,1,0,0,0,0,0,1,0,0,0,1,0,0
regs_only_warmup11_cap1024_run01,232,0,27,0CD2EF4111AEDC51,1,0,0,0,1,0,1,0,0,0,1,1,1,0,1,1,0,1,1,1,0,1,0,1,1,0,0,0,1,0,0,0,1,0,0,0,0,0,1,0,1,1,1,1,0,1,1,1,0,1,0,0,1,0,1,1,0,0,1,1,0,0,0,0,1,1,1,0,0,1,0,0
regs_only_warmup11_cap1024_run01,233,0,13,84DB6F619AA6D05B,1,1,0,1,1,0,1,0,0,0,0,0,1,0,1,1,0,1,1,0,0,1,0,1,0,1,0,1,1,0,0,1,1,0,0,0,0,1,1,0,1,1,1,1,0,1,1,0,1,1,0,1,1,0,1,1,0,0,1,0,0,0,0,1,1,1,0,0,1,0,0,0
regs_only_warmup11_cap1024_run01,234,1,99,8C5F65EA9E2459DA,0,1,0,1,1,0,1,1,1,0,0,1,1,0,1,0,0,0,1,0,0,1,0,0,0,1,1,1,1,0,0,1,0,1,0,1,0,1,1,1,1,0,1,0,0,1,1,0,1,1,1,1,1,0,1,0,0,0,1,1,0,0,0,1,1,0,0,1,1,0,0,1
regs_only_warmup11_cap1024_run01,235,0,F0,0BD5E5EA962D59D2,0,1,0,0,1,0,1,1,1,0,0,1,1,0,1,0,1,0,1,1,0,1,0,0,0,1,1,0,1,0,0,1,0,1,0,1,0,1,1,1,1,0,1,0,0,1,1,1,1,0,1,0,1,0,1,1,1,1,0,1,0,0,0,0,0,0,0,0,1,1,1,1
regs_only_warmup11_cap1024_run01,236,0,34,03DDEC6217ADC356,0,1,1,0,1,0,1,0,1,1,0,0,0,0,1,1,1,0,1,1,0,1,0,1,1,1,1,0,1,0,0,0,0,1,0,0,0,1,1,0,0,0,1,1,0,1,1,1,1,0,1,1,1,0,1,1,1,1,0,0,0,0,0,0,0,0,1,0,1,1,0,0
regs_only_warmup11_cap1024_run01,237,1,DF,83DC6C239DE5C25E,0,1,1,1,1,0,1,0,0,1,0,0,0,0,1,1,1,0,1,0,0,1,1,1,1,0,1,1,1,0,0,1,1,1,0,0,0,1,0,0,0,0,1,1,0,1,1,0,0,0,1,1,1,0,1,1,1,1,0,0,0,0,0,1,1,1,1,1,1,0,1,1
regs_only_warmup11_cap1024_run01,238,1,DA,8A5466AB9D664ADD,1,0,1,1,1,0,1,1,0,1,0,1,0,0,1,0,0,1,1,0,0,1,1,0,1,0,1,1,1,0,0,1,1,1,0,1,0,1,0,1,0,1,1,0,0,1,1,0,0,0,1,0,1,0,1,0,0,1,0,1,0,0,0,1,0,1,0,1,1,0,1,1
regs_only_warmup11_cap1024_run01,239,1,25,0AD4EFA9956E6AD5,1,0,1,0,1,0,1,1,0,1,0,1,0,1,1,0,0,1,1,1,0,1,1,0,1,0,1,0,1,0,0,1,1,0,0,1,0,1,0,1,1,1,1,1,0,1,1,1,0,0,1,0,1,0,1,1,0,1,0,1,0,0,0,0,1,0,1,0,0,1,0,0
regs_only_warmup11_cap1024_run01,240,1,60,00DFEF2114EEE21D,1,0,1,1,1,0,0,0,0,1,0,0,0,1,1,1,0,1,1,1,0,1,1,1,0,0,1,0,1,0,0,0,1,0,0,0,0,1,0,0,1,1,1,1,0,1,1,1,1,1,1,1,1,0,1,1,0,0,0,0,0,0,0,0,0,0,0,0,0,1,1,0
regs_only_warmup11_cap1024_run01,241,0,46,A0DF63289CE6E91D,1,0,1,1,1,0,0,0,1,0,0,1,0,1,1,1,0,1,1,0,0,1,1,1,0,0,1,1,1,0,0,1,0,0,0,1,0,1,0,0,1,1,0,0,0,1,1,0,1,1,1,1,1,0,1,1,0,0,0,0,0,1,0,1,0,1,1,0,0,0,1,0
regs_only_warmup11_cap1024_run01,242,1,50,A95753A8967B6996,0,1,1,0,1,0,0,1,1,0,0,1,0,1,1,0,1,1,0,1,1,1,1,0,0,1,1,0,1,0,0,1,0,0,0,1,0,1,0,1,1,1,0,0,1,0,1,0,1,1,1,0,1,0,1,0,1,0,0,1,0,1,0,1,0,0,0,0,1,0,1,0
regs_only_warmup11_cap1024_run01,243,0,0A,21D7D8A097596196,0,1,1,0,1,0,0,1,1,0,0,0,0,1,1,0,1,0,0,1,1,0,1,0,1,1,1,0,1,0,0,1,0,0,0,0,0,1,0,1,0,0,0,1,1,0,1,1,1,1,1,0,1,0,1,1,1,0,0,0,0,1,0,0,0,1,0,1,0,0,0,0
regs_only_warmup11_cap1024_run01,244,1,8B,23DED8271FD1E03E,0,1,1,1,1,1,0,0,0,0,0,0,0,1,1,1,1,0,0,0,1,0,1,1,1,1,1,1,1,0,0,0,1,1,1,0,0,1,0,0,0,0,0,1,1,0,1,1,0,1,1,1,1,0,1,1,1,1,0,0,0,1,0,0,1,1,0,1,0,0,0,1
regs_only_warmup11_cap1024_run01,245,0,15,AAD4502F9FD0EE2F,1,1,1,1,0,1,0,0,0,1,1,1,0,1,1,1,0,0,0,0,1,0,1,1,1,1,1,1,1,0,0,1,1,1,1,1,0,1,0,0,0,0,0,0,1,0,1,0,0,0,1,0,1,0,1,1,0,1,0,1,0,1,0,1,1,0,1,0,1,0,0,0
regs_only_warmup11_cap1024_run01,246,1,67,AA5458AFB7586EA7,1,1,1,0,0,1,0,1,0,1,1,1,0,1,1,0,0,0,0,1,1,0,1,0,1,1,1,0,1,1,0,1,1,1,1,1,0,1,0,1,0,0,0,1,1,0,1,0,0,0,1,0,1,0,1,0,0,1,0,1,0,1,0,1,1,1,1,0,0,1,1,0
regs_only_warmup11_cap1024_run01,247,1,75,22DCD9A7B45866AD,1,0,1,1,0,1,0,1,0,1,1,0,0,1,1,0,0,0,0,1,1,0,1,0,0,0,1,0,1,1,0,1,1,1,1,0,0,1,0,1,1,0,0,1,1,0,1,1,0,0,1,1,1,0,1,1,0,1,0,0,0,1,0,0,1,0,1,0,1,1,1,0
regs_only_warmup11_cap1024_run01,248,1,70,22FDD32C3CD2E72D,1,0,1,1,0,1,0,0,1,1,1,0,0,1,1,1,0,1,0,0,1,0,1,1,0,0,1,1,1,1,0,0,0,0,1,1,0,1,0,0,1,1,0,0,1,0,1,1,1,0,1,1,1,1,1,1,0,1,0,0,0,1,0,0,0,0,0,0,1,1,1,0
regs_only_warmup11_cap1024_run01,249,0,D2,ADF7532C3CDBEF24,0,0,1,0,0,1,0,0,1,1,1,1,0,1,1,1,1,1,0,1,1,0,1,1,0,0,1,1,1,1,0,0,0,0,1,1,0,1,0,0,1,1,0,0,1,0,1,0,1,1,1,0,1,1,1,1,1,0,1,1,0,1,0,1,0,1,0,0,1,0,1,1
regs_only_warmup11_cap1024_run01,250,0,FF,AD731AA4B05B6DA4,0,0,1,0,0,1,0,1,1,0,1,1,0,1,1,0,1,1,0,1,1,0,1,0,0,0,0,0,1,1,0,1,0,0,1,0,0,1,0,1,0,1,0,1,1,0,0,0,1,1,0,0,1,1,1,0,1,0,1,1,0,1,0,1,1,1,1,1,1,1,1,1
regs_only_warmup11_cap1024_run01,251,0,11,656A9AA4EB5365AE,0,1,1,1,0,1,0,1,1,0,1,0,0,1,1,0,1,1,0,0,1,0,1,0,1,1,0,1,0,1,1,1,0,0,1,0,0,1,0,1,0,1,0,1,1,0,0,1,0,1,0,1,0,1,1,0,1,0,1,0,0,1,1,0,1,0,0,0,1,0,0,0
regs_only_warmup11_cap1024_run01,252,1,5E,6CEA900D6BD0EC2B,1,1,0,1,0,1,0,0,0,0,1,1,0,1,1,1,0,0,0,0,1,0,1,1,1,1,0,1,0,1,1,0,1,0,1,1,0,0,0,0,0,0,0,0,1,0,0,1,0,1,0,1,0,1,1,1,0,0,1,1,0,1,1,0,0,1,1,1,1,0,1,0
regs_only_warmup11_cap1024_run01,253,1,83,ECE2140F63D8EC23,1,1,0,0,0,1,0,0,0,0,1,1,0,1,1,1,0,0,0,1,1,0,1,1,1,1,0,0,0,1,1,0,1,1,1,1,0,0,0,0,0,0,1,0,1,0,0,0,0,1,0,0,0,1,1,1,0,0,1,1,0,1,1,1,1,1,0,0,0,0,0,1
regs_only_warmup11_cap1024_run01,254,1,C0,E6681D87E25C66A3,1,1,0,0,0,1,0,1,0,1,1,0,0,1,1,0,0,0,1,1,1,0,1,0,0,1,0,0,0,1,1,1,1,1,1,0,0,0,0,1,1,0,1,1,1,0,0,0,0,0,0,1,0,1,1,0,0,1,1,0,0,1,1,1,0,0,0,0,0,0,1,1
regs_only_warmup11_cap1024_run01,255,0,3F,66699D86EA5467AB,1,1,0,1,0,1,0,1,1,1,1,0,0,1,1,0,0,0,1,0,1,0,1,0,0,1,0,1,0,1,1,1,0,1,1,0,0,0,0,1,1,0,1,1,1,0,0,1,1,0,0,1,0,1,1,0,0,1,1,0,0,1,1,0,1,1,1,1,1,1,0,0
regs_only_warmup11_cap1024_run01,256,0,1E,6FE1950E68D5EF28,0,0,0,1,0,1,0,0,1,1,1,1,0,1,1,1,1,0,1,0,1,0,1,1,0,0,0,1,0,1,1,0,0,1,1,1,0,0,0,0,1,0,1,0,1,0,0,1,1,0,0,0,0,1,1,1,1,1,1,1,0,1,1,0,0,1,1,1,1,0,0,0
regs_only_warmup11_cap1024_run01,257,0,DF,EFA11E1CE0DFEF20,0,0,0,0,0,1,0,0,1,1,1,1,0,1,1,1,1,1,1,1,1,0,1,1,0,0,0,0,0,1,1,1,0,0,1,1,1,0,0,0,0,1,1,1,1,0,0,0,1,0,0,0,0,1,0,1,1,1,1,1,0,1,1,1,1,1,1,1,1,0,1,1
regs_only_warmup11_cap1024_run01,258,1,51,C52A1E94E15F06A8,0,0,0,1,0,1,0,1,0,1,1,0,0,0,0,0,1,1,1,1,1,0,1,0,1,0,0,0,0,1,1,1,0,0,1,0,1,0,0,1,0,1,1,1,1,0,0,0,0,1,0,1,0,1,0,0,1,0,1,0,0,0,1,1,1,0,0,0,1,0,1,0
regs_only_warmup11_cap1024_run01,259,1,B8,54AAB69DE9560CA9,1,0,0,1,0,1,0,1,0,0,1,1,0,0,0,0,0,1,1,0,1,0,1,0,1,0,0,1,0,1,1,1,1,0,1,1,1,0,0,1,0,1,1,0,1,1,0,1,0,1,0,1,0,1,0,1,0,0,1,0,1,0,1,0,0,0,0,1,1,1,0,1
regs_only_warmup11_cap1024_run01,260,0,76,5CA2B61963FE8C21,1,0,0,0,0,1,0,0,0,0,1,1,0,0,0,1,0,1,1,1,1,1,1,1,1,1,0,0,0,1,1,0,1,0,0,1,1,0,0,0,0,1,1,0,1,1,0,1,0,1,0,0,0,1,0,1,0,0,1,1,1,0,1,0,0,1,1,0,1,1,1,0
regs_only_warmup11_cap1024_run01,261,1,5F,D4A23F5162FE8023,1,1,0,0,0,1,0,0,0,0,0,0,0,0,0,1,0,1,1,1,1,1,1,1,0,1,0,0,0,1,1,0,1,0,0,0,1,0,1,0,1,1,1,1,1,1,0,0,0,1,0,0,0,1,0,1,0,0,1,0,1,0,1,1,1,1,1,1,1,0,1,0
regs_only_warmup11_cap1024_run01,262,0,2A,D42B3DD2EA74018B,1,1,0,1,0,0,0,1,1,0,0,0,0,0,0,0,0,0,1,0,1,1,1,0,0,1,0,1,0,1,1,1,0,1,0,0,1,0,1,1,1,0,1,1,1,1,0,0,1,1,0,1,0,1,0,0,0,0,1,0,1,0,1,1,0,1,0,1,0,1,0,0
regs_only_warmup11_cap1024_run01,263,1,76,5F25B5DAEE7519CA,0,1,0,1,0,0,1,1,1,0,0,1,1,0,0,0,1,0,1,0,1,1,1,0,0,1,1,1,0,1,1,1,0,1,0,1,1,0,1,1,1,0,1,0,1,1,0,1,1,0,1,0,0,1,0,0,1,1,1,1,1,0,1,0,0,1,1,0,1,1,1,0
regs_only_warmup11_cap1024_run01,264,1,8E,5BA5B45A46FD9B42,0,1,0,0,0,0,1,0,1,1,0,1,1,0,0,1,1,0,1,1,1,1,1,1,0,1,1,0,0,0,1,0,0,1,0,1,1,0,1,0,0,0,1,0,1,1,0,1,1,0,1,0,0,1,0,1,1,1,0,1,1,0,1,0,0,1,1,1,0,0,0,1
regs_only_warmup11_cap1024_run01,265,0,DD,D38C3C5245FD934C,0,0,1,1,0,0,1,0,1,1,0,0,1,0,0,1,1,0,1,1,1,1,1,1,1,0,1,0,0,0,1,0,0,1,0,0,1,0,1,0,0,0,1,1,1,1,0,0,0,0,1,1,0,0,0,1,1,1,0,0,1,0,1,1,1,0,1,1,1,0,1,1
regs_only_warmup11_cap1024_run01,266,1,0D,D20C36DBCD7612CD,1,0,1,1,0,0,1,1,0,1,0,0,1,0,0,0,0,1,1,0,1,1,1,0,1,0,1,1,0,0,1,1,1,1,0,1,1,0,1,1,0,1,1,0,1,1,0,0,0,0,1,1,0,0,0,0,0,1,0,0,1,0,1,1,1,0,1,1,0,0,0,0
regs_only_warmup11_cap1024_run01,267,1,FE,5804B6D9CD3E1AC5,1,0,1,0,0,0,1,1,0,1,0,1,1,0,0,0,0,1,1,1,1,1,0,0,1,0,1,1,0,0,1,1,1,0,0,1,1,0,1,1,0,1,1,0,1,1,0,1,0,0,1,0,0,0,0,0,0,0,0,1,1,0,1,0,0,1,1,1,1,1,1,1
regs_only_warmup11_cap1024_run01,268,1,F3,5886BF5144BE9845,1,0,1,0,0,0,1,0,0,0,0,1,1,0,0,1,0,1,1,1,1,1,0,1,0,0,1,0,0,0,1,0,1,0,0,0,1,0,1,0,1,1,1,1,1,1,0,1,0,1,1,0,0,0,0,1,0,0,0,1,1,0,1,0,1,1,0,0,1,1,1,1
regs_only_warmup11_cap1024_run01,269,0,CE,D08F3F504CB6914D,1,0,1,1,0,0,1,0,1,0,0,0,1,0,0,1,0,1,1,0,1,1,0,1,0,0,1,1,0,0,1,0,0,0,0,0,1,0,1,0,1,1,1,1,1,1,0,0,1,1,1,1,0,0,0,1,0,0,0,0,1,0,1,1,0,1,1,1,0,0,1,1
regs_only_warmup11_cap1024_run01,270,1,9F,D90F33F8CE3719CE,0,1,1,1,0,0,1,1,1,0,0,1,1,0,0,0,1,1,1,0,1,1,0,0,0,1,1,1,0,0,1,1,0,0,0,1,1,1,1,1,1,1,0,0,1,1,0,0,1,1,1,1,0,0,0,0,1,0,0,1,1,0,1,1,1,1,1,1,1,0,0,1
regs_only_warmup11_cap1024_run01,271,0,02,5987A0FAC63919C6,0,1,1,0,0,0,1,1,1,0,0,1,1,0,0,0,1,0,0,1,1,1,0,0,0,1,1,0,0,0,1,1,0,1,0,1,1,1,1,1,0,0,0,0,0,1,0,1,1,1,1,0,0,0,0,1,1,0,0,1,1,0,1,0,0,1,0,0,0,0,0,0
regs_only_warmup11_cap1024_run01,272,1,63,538CA87247A99146,0,1,1,0,0,0,1,0,1,0,0,0,1,0,0,1,1,0,0,1,0,1,0,1,1,1,1,0,0,0,1,0,0,1,0,0,1,1,1,0,0,0,0,1,0,1,0,1,0,0,1,1,0,0,0,1,1,1,0,0,1,0,1,0,1,1,0,0,0,1,1,0
regs_only_warmup11_cap1024_run01,273,0,56,D28C2873CFA1925F,1,1,1,1,1,0,1,0,0,1,0,0,1,0,0,1,1,0,0,0,0,1,0,1,1,1,1,1,0,0,1,1,1,1,0,0,1,1,1,0,0,0,0,1,0,1,0,0,0,0,1,1,0,0,0,1,0,1,0,0,1,0,1,1,0,1,1,0,1,0,1,0
regs_only_warmup11_cap1024_run01,274,0,CD,DA0460FFCD201EDF,1,1,1,1,1,0,1,1,0,1,1,1,1,0,0,0,0,0,0,0,0,1,0,0,1,0,1,1,0,0,1,1,1,1,1,1,1,1,1,1,0,0,0,0,0,1,1,0,0,0,1,0,0,0,0,0,0,1,0,1,1,0,1,1,1,0,1,1,0,0,1,1
regs_only_warmup11_cap1024_run01,275,1,0F,5A84EBFFC42A3ED5,1,0,1,0,1,0,1,1,0,1,1,1,1,1,0,0,0,1,0,1,0,1,0,0,0,0,1,0,0,0,1,1,1,1,1,1,1,1,1,1,1,1,0,1,0,1,1,1,0,0,1,0,0,0,0,1,0,1,0,1,1,0,1,0,1,1,1,1,0,0,0,0
regs_only_warmup11_cap1024_run01,276,0,81,528DEB7444AAB75D,1,0,1,1,1,0,1,0,1,1,1,0,1,1,0,1,0,1,0,1,0,1,0,1,0,0,1,0,0,0,1,0,0,0,1,0,1,1,1,0,1,1,0,1,0,1,1,1,1,0,1,1,0,0,0,1,0,1,0,0,1,0,1,0,1,0,0,0,0,0,0,1
regs_only_warmup11_cap1024_run01,277,0,F0,F18F437CCCA3B75C,0,0,1,1,1,0,1,0,1,1,1,0,1,1,0,1,1,1,0,0,0,1,0,1,0,0,1,1,0,0,1,1,0,0,1,1,1,1,1,0,1,1,0,0,0,0,1,0,1,1,1,1,0,0,0,1,1,0,0,0,1,1,1,1,0,0,0,0,1,1,1,1
regs_only_warmup11_cap1024_run01,278,0,4E,F90742FCDC0B3DD4,0,0,1,0,1,0,1,1,1,0,1,1,1,1,0,0,1,1,0,1,0,0,0,0,0,0,1,1,1,0,1,1,0,0,1,1,1,1,1,1,0,1,0,0,0,0,1,0,1,1,1,0,0,0,0,0,1,0,0,1,1,1,1,1,0,1,1,1,0,0,1,0
regs_only_warmup11_cap1024_run01,279,0,9C,7596CAF4970B35F6,0,1,1,0,1,1,1,1,1,0,1,0,1,1,0,0,1,1,0,1,0,0,0,0,1,1,1,0,1,0,0,1,0,0,1,0,1,1,1,1,0,1,0,1,0,0,1,1,0,1,1,0,1,0,0,1,1,0,1,0,1,1,1,0,0,0,1,1,1,0,0,1
regs_only_warmup11_cap1024_run01,280,0,EB,349EC8771F81F47F,1,1,1,1,1,1,1,0,0,0,1,0,1,1,1,1,1,0,0,0,0,0,0,1,1,1,1,1,1,0,0,0,1,1,1,0,1,1,1,0,0,0,0,1,0,0,1,1,0,1,1,1,1,0,0,1,0,0,1,0,1,1,0,0,1,1,0,1,0,1,1,1
regs_only_warmup11_cap1024_run01,281,0,35,BE50407FBB80FC7F,1,1,1,1,1,1,1,0,0,0,1,1,1,1,1,1,0,0,0,0,0,0,0,1,1,1,0,1,1,1,0,1,1,1,1,1,1,1,1,0,0,0,0,0,0,0,1,0,0,0,0,0,1,0,1,0,0,1,1,1,1,1,0,1,1,0,1,0,1,1,0,0
regs_only_warmup11_cap1024_run01,282,0,05,BE5041FFB2087EF7,1,1,1,0,1,1,1,1,0,1,1,1,1,1,1,0,0,0,0,1,0,0,0,0,0,1,0,0,1,1,0,1,1,1,1,1,1,1,1,1,1,0,0,0,0,0,1,0,0,0,0,0,1,0,1,0,0,1,1,1,1,1,0,1,1,0,1,0,0,0,0,0
regs_only_warmup11_cap1024_run01,283,0,0C,36F9C9F6B00877F3,1,1,0,0,1,1,1,1,1,1,1,0,1,1,1,0,0,0,0,1,0,0,0,0,0,0,0,0,1,1,0,1,0,1,1,0,1,1,1,1,1,0,0,1,0,0,1,1,1,0,0,1,1,1,1,1,0,1,1,0,1,1,0,0,0,0,1,1,0,0,0,0
regs_only_warmup11_cap1024_run01,284,1,9A,37F9C5763881F778,0,0,0,1,1,1,1,0,1,1,1,0,1,1,1,1,1,0,0,0,0,0,0,1,0,0,0,1,1,1,0,0,0,1,1,0,1,1,1,0,1,0,1,0,0,0,1,1,1,0,0,1,1,1,1,1,1,1,1,0,1,1,0,0,0,1,0,1,1,0,0,1
regs_only_warmup11_cap1024_run01,285,0,B0,BF71467CB887FF78,0,0,0,1,1,1,1,0,1,1,1,1,1,1,1,1,1,1,1,0,0,0,0,1,0,0,0,1,1,1,0,1,0,0,1,1,1,1,1,0,0,1,1,0,0,0,1,0,1,0,0,0,1,1,1,0,1,1,1,1,1,1,0,1,0,0,0,0,1,1,0,1
regs_only_warmup11_cap1024_run01,286,1,12,BD724EECB10F7FF0,0,0,0,0,1,1,1,1,1,1,1,1,1,1,1,0,1,1,1,1,0,0,0,0,1,0,0,0,1,1,0,1,0,0,1,1,0,1,1,1,0,1,1,1,0,0,1,0,0,1,0,0,1,1,1,0,1,0,1,1,1,1,0,1,0,1,0,0,1,0,0,0
regs_only_warmup11_cap1024_run01,287,0,A4,34FACEC5390774F9,1,0,0,1,1,1,1,1,0,0,1,0,1,1,1,0,1,1,1,0,0,0,0,0,1,0,0,1,1,1,0,0,1,0,1,0,0,0,1,1,0,1,1,1,0,0,1,1,0,1,0,1,1,1,1,1,0,0,1,0,1,1,0,0,0,0,1,0,0,1,0,1
regs_only_warmup11_cap1024_run01,288,1,8C,2CFAC64D3B86FC7B,1,1,0,1,1,1,1,0,0,0,1,1,1,1,1,1,0,1,1,0,0,0,0,1,1,1,0,1,1,1,0,0,1,0,1,1,0,0,1,0,0,1,1,0,0,0,1,1,0,1,0,1,1,1,1,1,0,0,1,1,0,1,0,0,0,0,1,1,0,0,0,1
regs_only_warmup11_cap1024_run01,289,1,25,AC72450FB28CFC73,1,1,0,0,1,1,1,0,0,0,1,1,1,1,1,1,0,0,1,1,0,0,0,1,0,1,0,0,1,1,0,1,1,1,1,1,0,0,0,0,1,0,1,0,0,0,1,0,0,1,0,0,1,1,1,0,0,0,1,1,0,1,0,1,1,0,1,0,0,1,0,0
regs_only_warmup11_cap1024_run01,290,1,16,A67B4D86B24C75F3,1,1,0,0,1,1,1,1,1,0,1,0,1,1,1,0,0,0,1,1,0,0,1,0,0,1,0,0,1,1,0,1,0,1,1,0,0,0,0,1,1,0,1,1,0,0,1,0,1,1,0,1,1,1,1,0,0,1,1,0,0,1,0,1,0,1,1,0,1,0,0,0
regs_only_warmup11_cap1024_run01,291,1,24,27F9CD823A4577FA,0,1,0,1,1,1,1,1,1,1,1,0,1,1,1,0,1,0,1,0,0,0,1,0,0,1,0,1,1,1,0,0,0,1,0,0,0,0,0,1,1,0,1,1,0,0,1,1,1,0,0,1,1,1,1,1,1,1,1,0,0,1,0,0,0,0,1,0,0,1,0,0
regs_only_warmup11_cap1024_run01,292,0,E0,2FF1C40A3AC5EB3A,0,1,0,1,1,1,0,0,1,1,0,1,0,1,1,1,1,0,1,0,0,0,1,1,0,1,0,1,1,1,0,0,0,1,0,1,0,0,0,0,0,0,1,0,0,0,1,1,1,0,0,0,1,1,1,1,1,1,1,1,0,1,0,0,0,0,0,0,0,1,1,1
regs_only_warmup11_cap1024_run01,293,1,66,AF704C0AB1CDCB30,0,0,0,0,1,1,0,0,1,1,0,1,0,0,1,1,1,0,1,1,0,0,1,1,1,0,0,0,1,1,0,1,0,1,0,1,0,0,0,0,0,0,1,1,0,0,1,0,0,0,0,0,1,1,1,0,1,1,1,1,0,1,0,1,0,1,1,0,0,1,1,0
regs_only_warmup11_cap1024_run01,294,0,0D,87784E81B54F42B9,1,0,0,1,1,1,0,1,0,1,0,0,0,0,1,0,1,1,1,1,0,0,1,0,1,0,1,0,1,1,0,1,1,0,0,0,0,0,0,1,0,1,1,1,0,0,1,0,0,0,0,1,1,1,1,0,1,1,1,0,0,0,0,1,1,0,1,1,0,0,0,0
regs_only_warmup11_cap1024_run01,295,0,F5,04FEE689BD4642B9,1,0,0,1,1,1,0,1,0,1,0,0,0,0,1,0,0,1,1,0,0,0,1,0,1,0,1,1,1,1,0,1,1,0,0,1,0,0,0,1,0,1,1,0,0,1,1,1,0,1,1,1,1,1,1,1,0,0,1,0,0,0,0,0,1,0,1,0,1,1,1,1
regs_only_warmup11_cap1024_run01,296,0,82,08F6E7093CEEC835,1,0,1,0,1,1,0,0,0,0,0,1,0,0,1,1,0,1,1,1,0,1,1,1,0,0,1,1,1,1,0,0,1,0,0,1,0,0,0,0,1,1,1,0,0,1,1,1,0,1,1,0,1,1,1,1,0,0,0,1,0,0,0,0,0,1,0,0,0,0,0,1
regs_only_warmup11_cap1024_run01,297,0,08,88776F00B6EEC917,1,1,1,0,1,0,0,0,1,0,0,1,0,0,1,1,0,1,1,1,0,1,1,1,0,1,1,0,1,1,0,1,0,0,0,0,0,0,0,0,1,1,1,1,0,1,1,0,1,1,1,0,1,1,1,0,0,0,0,1,0,0,0,1,0,0,0,1,0,0,0,0
regs_only_warmup11_cap1024_run01,298,1,71,817F6D80BE65419E,0,1,1,1,1,0,0,1,1,0,0,0,0,0,1,0,1,0,1,0,0,1,1,0,0,1,1,1,1,1,0,1,0,0,0,0,0,0,0,1,1,0,1,1,0,1,1,0,1,1,1,1,1,1,1,0,1,0,0,0,0,0,0,1,1,0,0,0,1,1,1,0
regs_only_warmup11_cap1024_run01,299,0,1F,09FFF58A9E75499E,0,1,1,1,1,0,0,1,1,0,0,1,0,0,1,0,1,0,1,0,1,1,1,0,0,1,1,1,1,0,0,1,0,1,0,1,0,0,0,1,1,0,1,0,1,1,1,1,1,1,1,1,1,1,1,1,1,0,0,1,0,0,0,0,1,1,1,1,1,0,0,0
regs_only_warmup11_cap1024_run01,300,1,A7,0BF5F40A17FDCB16,0,1,1,0,1,0,0,0,1,1,0,1,0,0,1,1,1,0,1,1,1,1,1,1,1,1,1,0,1,0,0,0,0,1,0,1,0,0,0,0,0,0,1,0,1,1,1,1,1,0,1,0,1,1,1,1,1,1,0,1,0,0,0,0,1,1,1,0,0,1,0,1
regs_only_warmup11_cap1024_run01,301,1,8F,835C780397FDC216,0,1,1,0,1,0,0,0,0,1,0,0,0,0,1,1,1,0,1,1,1,1,1,1,1,1,1,0,1,0,0,1,1,1,0,0,0,0,0,0,0,0,0,1,1,1,1,0,0,0,1,1,1,0,1,0,1,1,0,0,0,0,0,1,1,1,1,1,0,0,0,1
regs_only_warmup11_cap1024_run01,302,0,3C,825C38839D70428D,1,0,1,1,0,0,0,1,0,1,0,0,0,0,1,0,0,0,0,0,1,1,1,0,1,0,1,1,1,0,0,1,1,1,0,0,0,0,0,1,0,0,0,1,1,1,0,0,0,0,1,1,1,0,1,0,0,1,0,0,0,0,0,1,0,0,1,1,1,1,0,0
regs_only_warmup11_cap1024_run01,303,0,B2,4AD4B389DD724A8D,1,0,1,1,0,0,0,1,0,1,0,1,0,0,1,0,0,1,0,0,1,1,1,0,1,0,1,1,1,0,1,1,1,0,0,1,0,0,0,1,1,1,0,0,1,1,0,1,0,0,1,0,1,0,1,1,0,1,0,1,0,0,1,0,0,1,0,0,1,1,0,1
regs_only_warmup11_cap1024_run01,304,0,1A,48D7BB0D54FACB05,1,0,1,0,0,0,0,0,1,1,0,1,0,0,1,1,0,1,0,1,1,1,1,1,0,0,1,0,1,0,1,0,1,0,1,1,0,0,0,0,1,1,0,1,1,1,0,1,1,1,1,0,1,0,1,1,0,0,0,1,0,0,1,0,0,1,0,1,1,0,0,0
regs_only_warmup11_cap1024_run01,305,1,BC,C15F3B04DCFBC50C,0,0,1,1,0,0,0,0,1,0,1,0,0,0,1,1,1,1,0,1,1,1,1,1,0,0,1,1,1,0,1,1,0,0,1,0,0,0,0,0,1,1,0,1,1,1,0,0,1,1,1,1,1,0,1,0,1,0,0,0,0,0,1,1,0,0,1,1,1,1,0,1
regs_only_warmup11_cap1024_run01,306,1,04,C95F33ACDE734D8E,0,1,1,1,0,0,0,1,1,0,1,1,0,0,1,0,1,1,0,0,1,1,1,0,0,1,1,1,1,0,1,1,0,0,1,1,0,1,0,1,1,1,0,0,1,1,0,0,1,1,1,1,1,0,1,0,1,0,0,1,0,0,1,1,0,0,1,0,0,0,0,0
regs_only_warmup11_cap1024_run01,307,1,A5,49D7B0ACD7794D86,0,1,1,0,0,0,0,1,1,0,1,1,0,0,1,0,1,0,0,1,1,1,1,0,1,1,1,0,1,0,1,1,0,0,1,1,0,1,0,1,0,0,0,0,1,1,0,1,1,1,1,0,1,0,1,1,1,0,0,1,0,0,1,0,1,0,1,0,0,1,0,1
regs_only_warmup11_cap1024_run01,308,0,02,41DEB82747F9C406,0,1,1,0,0,0,0,0,0,0,1,0,0,0,1,1,1,0,0,1,1,1,1,1,1,1,1,0,0,0,1,0,1,1,1,0,0,1,0,0,0,0,0,1,1,1,0,1,0,1,1,1,1,0,1,1,1,0,0,0,0,0,1,0,0,1,0,0,0,0,0,0
regs_only_warmup11_cap1024_run01,309,1,62,C68C3827CFF0C40F,1,1,1,1,0,0,0,0,0,0,1,0,0,0,1,1,0,0,0,0,1,1,1,1,1,1,1,1,0,0,1,1,1,1,1,0,0,1,0,0,0,0,0,1,1,1,0,0,0,0,1,1,0,0,0,1,0,1,1,0,0,0,1,1,0,1,0,0,0,1,1,0
regs_only_warmup11_cap1024_run01,310,1,E7,CE0431AFCF700E8F,1,1,1,1,0,0,0,1,0,1,1,1,0,0,0,0,0,0,0,0,1,1,1,0,1,1,1,1,0,0,1,1,1,1,1,1,0,1,0,1,1,0,0,0,1,1,0,0,0,0,1,0,0,0,0,0,0,1,1,1,0,0,1,1,1,1,1,0,0,1,1,1
regs_only_warmup11_cap1024_run01,311,0,21,4E81B9AFC0782E85,1,0,1,0,0,0,0,1,0,1,1,1,0,1,0,0,0,0,0,1,1,1,1,0,0,0,0,0,0,0,1,1,1,1,1,1,0,1,0,1,1,0,0,1,1,1,0,1,1,0,0,0,0,0,0,1,0,1,1,1,0,0,1,0,1,0,0,0,0,1,0,0
regs_only_warmup11_cap1024_run01,312,1,4A,4789BB2440FAA70C,0,0,1,1,0,0,0,0,1,1,1,0,0,1,0,1,0,1,0,1,1,1,1,1,0,0,0,0,0,0,1,0,0,0,1,0,0,1,0,0,1,1,0,1,1,1,0,1,1,0,0,1,0,0,0,1,1,1,1,0,0,0,1,0,0,1,0,1,0,0,1,0
regs_only_warmup11_cap1024_run01,313,1,9B,E58B332CC8F3A708,0,0,0,1,0,0,0,0,1,1,1,0,0,1,0,1,1,1,0,0,1,1,1,1,0,0,0,1,0,0,1,1,0,0,1,1,0,1,0,0,1,1,0,0,1,1,0,0,1,1,0,1,0,0,0,1,1,0,1,0,0,1,1,1,1,1,0,1,1,0,0,1
regs_only_warmup11_cap1024_run01,314,1,31,ED0316ECC97B2D80,0,0,0,0,0,0,0,1,1,0,1,1,0,1,0,0,1,1,0,1,1,1,1,0,1,0,0,1,0,0,1,1,0,0,1,1,0,1,1,1,0,1,1,0,1,0,0,0,1,1,0,0,0,0,0,0,1,0,1,1,0,1,1,1,1,0,0,0,1,1,0,0
regs_only_warmup11_cap1024_run01,315,1,A3,6D829EF5C35F2C80,0,0,0,0,0,0,0,1,0,0,1,1,0,1,0,0,1,1,1,1,1,0,1,0,1,1,0,0,0,0,1,1,1,0,1,0,1,1,1,1,0,1,1,1,1,0,0,1,0,1,0,0,0,0,0,1,1,0,1,1,0,1,1,0,1,1,0,0,0,1,0,1
regs_only_warmup11_cap1024_run01,316,0,D7,648A9C754BD6A46B,1,1,0,1,0,1,1,0,0,0,1,0,0,1,0,1,0,1,1,0,1,0,1,1,1,1,0,1,0,0,1,0,1,0,1,0,1,1,1,0,0,0,1,1,1,0,0,1,0,1,0,1,0,0,0,1,0,0,1,0,0,1,1,0,1,1,1,0,1,0,1,1
regs_only_warmup11_cap1024_run01,317,0,39,FC0A157FCBD4AC6B,1,1,0,1,0,1,1,0,0,0,1,1,0,1,0,1,0,0,1,0,1,0,1,1,1,1,0,1,0,0,1,1,1,1,1,1,1,1,1,0,1,0,1,0,1,0,0,0,0,1,0,1,0,0,0,0,0,0,1,1,1,1,1,1,1,0,0,1,1,1,0,0
regs_only_warmup11_cap1024_run01,318,0,E3,FE0115FFE25C2CE3,1,1,0,0,0,1,1,1,0,0,1,1,0,1,0,0,0,0,1,1,1,0,1,0,0,1,0,0,0,1,1,1,1,1,1,1,1,1,1,1,1,0,1,0,1,0,0,0,1,0,0,0,0,0,0,0,0,1,1,1,1,1,1,1,1,1,0,0,0,1,1,1
regs_only_warmup11_cap1024_run01,319,1,2C,77A99DF6621C27E2,0,1,0,0,0,1,1,1,1,1,1,0,0,1,0,0,0,0,1,1,1,0,0,0,0,1,0,0,0,1,1,0,0,1,1,0,1,1,1,1,1,0,1,1,1,0,0,1,1,0,0,1,0,1,0,1,1,1,1,0,1,1,1,0,0,0,1,1,0,1,0,0
regs_only_warmup11_cap1024_run01,320,0,39,77A99D766895B768,0,0,0,1,0,1,1,0,1,1,1,0,1,1,0,1,1,0,1,0,1,0,0,1,0,0,0,1,0,1,1,0,0,1,1,0,1,1,1,0,1,0,1,1,1,0,0,1,1,0,0,1,0,1,0,1,1,1,1,0,1,1,1,0,1,0,0,1,1,1,0,0
regs_only_warmup11_cap1024_run01,321,0,2F,FF21167EE997BF68,0,0,0,1,0,1,1,0,1,1,1,1,1,1,0,1,1,1,1,0,1,0,0,1,1,0,0,1,0,1,1,1,0,1,1,1,1,1,1,0,0,1,1,0,1,0,0,0,1,0,0,0,0,1,0,0,1,1,1,1,1,1,1,1,1,1,1,1,0,1,0,0
regs_only_warmup11_cap1024_run01,322,1,47,FF201EF9E11F3EE0,0,0,0,0,0,1,1,1,0,1,1,1,1,1,0,0,1,1,1,1,1,0,0,0,1,0,0,0,0,1,1,1,1,0,0,1,1,1,1,1,0,1,1,1,1,0,0,0,0,0,0,0,0,1,0,0,1,1,1,1,1,1,1,1,1,1,1,0,0,0,1,0
regs_only_warmup11_cap1024_run01,323,0,3B,74AA9EF1611E32E9,1,0,0,1,0,1,1,1,0,1,0,0,1,1,0,0,0,1,1,1,1,0,0,0,1,0,0,0,0,1,1,0,1,0,0,0,1,1,1,1,0,1,1,1,1,0,0,1,0,1,0,1,0,1,0,1,0,0,1,0,1,1,1,0,1,1,0,1,1,1,0,0
regs_only_warmup11_cap1024_run01,324,1,22,74AA97596996B069,1,0,0,1,0,1,1,0,0,0,0,0,1,1,0,1,0,1,1,0,1,0,0,1,1,0,0,1,0,1,1,0,1,0,0,1,1,0,1,0,1,1,1,0,1,0,0,1,0,1,0,1,0,1,0,1,0,0,1,0,1,1,1,0,0,1,0,0,0,1,0,0
regs_only_warmup11_cap1024_run01,325,0,2C,FC275759E69EB863,1,1,0,0,0,1,1,0,0,0,0,1,1,1,0,1,0,1,1,1,1,0,0,1,0,1,1,0,0,1,1,1,1,0,0,1,1,0,1,0,1,1,1,0,1,0,1,0,1,1,1,0,0,1,0,0,0,0,1,1,1,1,1,1,0,0,1,1,0,1,0,0
regs_only_warmup11_cap1024_run01,326,1,2E,F5275DD2E61C31E2,0,1,0,0,0,1,1,1,1,0,0,0,1,1,0,0,0,0,1,1,1,0,0,0,0,1,1,0,0,1,1,1,0,1,0,0,1,0,1,1,1,0,1,1,1,0,1,0,1,1,1,0,0,1,0,0,1,0,1,0,1,1,1,1,0,1,1,1,0,1,0,0
regs_only_warmup11_cap1024_run01,327,0,EE,73ADCDD26E1531EE,0,1,1,1,0,1,1,1,1,0,0,0,1,1,0,0,1,0,1,0,1,0,0,0,0,1,1,1,0,1,1,0,0,1,0,0,1,0,1,1,1,0,1,1,0,0,1,1,1,0,1,1,0,1,0,1,1,1,0,0,1,1,1,0,0,1,1,1,0,1,1,1
regs_only_warmup11_cap1024_run01,328,0,24,7BA5C45A6F85BB7E,0,1,1,1,1,1,1,0,1,1,0,1,1,1,0,1,1,0,1,0,0,0,0,1,1,1,1,1,0,1,1,0,0,1,0,1,1,0,1,0,0,0,1,0,0,0,1,1,1,0,1,0,0,1,0,1,1,1,0,1,1,1,1,0,0,0,1,0,0,1,0,0
regs_only_warmup11_cap1024_run01,329,0,99,FB24445BE58D9A76,0,1,1,0,1,1,1,0,0,1,0,1,1,0,0,1,1,0,1,1,0,0,0,1,1,0,1,0,0,1,1,1,1,1,0,1,1,0,1,0,0,0,1,0,0,0,1,0,0,0,1,0,0,1,0,0,1,1,0,1,1,1,1,1,1,0,0,1,1,0,0,1
regs_only_warmup11_cap1024_run01,330,0,5C,D22C4ED3E50E12F5,1,0,1,0,1,1,1,1,0,1,0,0,1,0,0,0,0,1,1,1,0,0,0,0,1,0,1,0,0,1,1,1,1,1,0,0,1,0,1,1,0,1,1,1,0,0,1,0,0,0,1,1,0,1,0,0,0,1,0,0,1,0,1,1,0,0,1,1,1,0,1,0
regs_only_warmup11_cap1024_run01,331,0,03,12ACE7D12D0652FD,1,0,1,1,1,1,1,1,0,1,0,0,1,0,1,0,0,1,1,0,0,0,0,0,1,0,1,1,0,1,0,0,1,0,0,0,1,0,1,1,1,1,1,0,0,1,1,1,0,0,1,1,0,1,0,1,0,1,0,0,1,0,0,0,1,1,0,0,0,0,0,0
regs_only_warmup11_cap1024_run01,332,0,4E,18A7E7592CAEDA7D,1,0,1,1,1,1,1,0,0,1,0,1,1,0,1,1,0,1,1,1,0,1,0,1,0,0,1,1,0,1,0,0,1,0,0,1,1,0,1,0,1,1,1,0,0,1,1,1,1,1,1,0,0,1,0,1,0,0,0,1,1,0,0,0,0,1,1,1,0,0,1,0
regs_only_warmup11_cap1024_run01,333,0,6F,99676B50A4AED954,0,0,1,0,1,0,1,0,1,0,0,1,1,0,1,1,0,1,1,1,0,1,0,1,0,0,1,0,0,1,0,1,0,0,0,0,1,0,1,0,1,1,0,1,0,1,1,0,1,1,1,0,0,1,1,0,1,0,0,1,1,0,0,1,1,1,1,1,0,1,1,0
regs_only_warmup11_cap1024_run01,334,0,BE,916F6BD0AE2351DE,0,1,1,1,1,0,1,1,1,0,0,0,1,0,1,0,1,1,0,0,0,1,0,0,0,1,1,1,0,1,0,1,0,0,0,0,1,0,1,1,1,1,0,1,0,1,1,0,1,1,1,1,0,1,1,0,1,0,0,0,1,0,0,1,0,1,1,1,1,1,0,1
regs_only_warmup11_cap1024_run01,335,0,B8,19FFE0DA1F2159DE,0,1,1,1,1,0,1,1,1,0,0,1,1,0,1,0,1,0,0,0,0,1,0,0,1,1,1,1,1,0,0,0,0,1,0,1,1,0,1,1,0,0,0,0,0,1,1,1,1,1,1,1,1,1,1,1,1,0,0,1,1,0,0,0,0,0,0,1,1,1,0,1
regs_only_warmup11_cap1024_run01,336,0,20,1BF6E05F17A9D856,0,1,1,0,1,0,1,0,0,0,0,1,1,0,1,1,1,0,0,1,0,1,0,1,1,1,1,0,1,0,0,0,1,1,1,1,1,0,1,0,0,0,0,0,0,1,1,1,0,1,1,0,1,1,1,1,1,1,0,1,1,0,0,0,0,0,0,0,0,1,0,0
regs_only_warmup11_cap1024_run01,337,1,BF,925C685797A8D657,1,1,1,0,1,0,1,0,0,1,1,0,1,0,1,1,0,0,0,1,0,1,0,1,1,1,1,0,1,0,0,1,1,1,1,0,1,0,1,0,0,0,0,1,0,1,1,0,0,0,1,1,1,0,1,0,0,1,0,0,1,0,0,1,1,1,1,1,1,1,0,1
regs_only_warmup11_cap1024_run01,338,0,8D,925C69D79D2056DF,1,1,1,1,1,0,1,1,0,1,1,0,1,0,1,0,0,0,0,0,0,1,0,0,1,0,1,1,1,0,0,1,1,1,1,0,1,0,1,1,1,0,0,1,0,1,1,0,0,0,1,1,1,0,1,0,0,1,0,0,1,0,0,1,1,0,1,1,0,0,0,1
regs_only_warmup11_cap1024_run01,339,0,DE,1AD5E1DF1C205EDD,1,0,1,1,1,0,1,1,0,1,1,1,1,0,1,0,0,0,0,0,0,1,0,0,0,0,1,1,1,0,0,0,1,1,1,1,1,0,1,1,1,0,0,0,0,1,1,1,1,0,1,0,1,0,1,1,0,1,0,1,1,0,0,0,0,1,1,1,1,0,1,1
regs_only_warmup11_cap1024_run01,340,0,43,1BD5EB5C14AADF54,0,0,1,0,1,0,1,0,1,1,1,1,1,0,1,1,0,1,0,1,0,1,0,1,0,0,1,0,1,0,0,0,0,0,1,1,1,0,1,0,1,1,0,1,0,1,1,1,1,0,1,0,1,0,1,1,1,1,0,1,1,0,0,0,1,1,0,0,0,0,1,0
regs_only_warmup11_cap1024_run01,341,1,38,955F6B3494EBD75C,0,0,1,1,1,0,1,0,1,1,1,0,1,0,1,1,1,1,0,1,0,1,1,1,0,0,1,0,1,0,0,1,0,0,1,0,1,1,0,0,1,1,0,1,0,1,1,0,1,1,1,1,1,0,1,0,1,0,1,0,1,0,0,1,0,0,0,1,1,1,0,0
regs_only_warmup11_cap1024_run01,342,1,39,955F62BC9D6355DC,0,0,1,1,1,0,1,1,1,0,1,0,1,0,1,0,1,1,0,0,0,1,1,0,1,0,1,1,1,0,0,1,0,0,1,1,1,1,0,1,0,1,0,0,0,1,1,0,1,1,1,1,1,0,1,0,1,0,1,0,1,0,0,1,1,0,0,1,1,1,0,0
regs_only_warmup11_cap1024_run01,343,0,15,1DD2E2AD1B6B5CD6,0,1,1,0,1,0,1,1,0,0,1,1,1,0,1,0,1,1,0,1,0,1,1,0,1,1,0,1,1,0,0,0,1,0,1,1,0,1,0,1,0,1,0,0,0,1,1,1,0,1,0,0,1,0,1,1,1,0,1,1,1,0,0,0,1,0,1,0,1,0,0,0
regs_only_warmup11_cap1024_run01,344,0,18,14D2E82513E8D417,1,1,1,0,1,0,0,0,0,0,1,0,1,0,1,1,0,0,0,1,0,1,1,1,1,1,0,0,1,0,0,0,1,0,1,0,0,1,0,0,0,0,0,1,0,1,1,1,0,1,0,0,1,0,1,1,0,0,1,0,1,0,0,0,0,0,0,1,1,0,0,0
regs_only_warmup11_cap1024_run01,345,0,8C,865A69279BE0D41B,1,1,0,1,1,0,0,0,0,0,1,0,1,0,1,1,0,0,0,0,0,1,1,1,1,1,0,1,1,0,0,1,1,1,1,0,0,1,0,0,1,0,0,1,0,1,1,0,0,1,0,1,1,0,1,0,0,1,1,0,0,0,0,1,0,0,1,1,0,0,0,1
regs_only_warmup11_cap1024_run01,346,1,41,8E5165AF9A607E9B,1,1,0,1,1,0,0,1,0,1,1,1,1,1,1,0,0,0,0,0,0,1,1,0,0,1,0,1,1,0,0,1,1,1,1,1,0,1,0,1,1,0,1,0,0,1,1,0,1,0,0,0,1,0,1,0,0,1,1,1,0,0,0,1,1,0,0,0,0,0,1,0
regs_only_warmup11_cap1024_run01,347,0,B2,0ED1E5AE126C7F93,1,1,0,0,1,0,0,1,1,1,1,1,1,1,1,0,0,0,1,1,0,1,1,0,0,1,0,0,1,0,0,0,0,1,1,1,0,1,0,1,1,0,1,0,0,1,1,1,1,0,0,0,1,0,1,1,0,1,1,1,0,0,0,0,0,1,0,0,1,1,0,1
regs_only_warmup11_cap1024_run01,348,0,7B,27D9CD2610EDF710,0,0,0,0,1,0,0,0,1,1,1,0,1,1,1,1,1,0,1,1,0,1,1,1,0,0,0,0,1,0,0,0,0,1,1,0,0,1,0,0,1,0,1,1,0,0,1,1,1,0,0,1,1,0,1,1,1,1,1,0,0,1,0,0,1,1,0,1,1,1,1,0
regs_only_warmup11_cap1024_run01,349,0,A2,A759462499E7F718,0,0,0,1,1,0,0,0,1,1,1,0,1,1,1,1,1,1,1,0,0,1,1,1,1,0,0,1,1,0,0,1,0,0,1,0,0,1,0,0,0,1,1,0,0,0,1,0,1,0,0,1,1,0,1,0,1,1,1,0,0,1,0,1,0,1,0,0,0,1,0,1
regs_only_warmup11_cap1024_run01,350,1,F2,AD5246AD99476EB8,0,0,0,1,1,1,0,1,0,1,1,1,0,1,1,0,1,1,1,0,0,0,1,0,1,0,0,1,1,0,0,1,1,0,1,1,0,1,0,1,0,1,1,0,0,0,1,0,0,1,0,0,1,0,1,0,1,0,1,1,0,1,0,1,0,1,0,0,1,1,1,1
regs_only_warmup11_cap1024_run01,351,1,A0,2CD2CEA5114E6CB1,1,0,0,0,1,1,0,1,0,0,1,1,0,1,1,0,0,1,1,1,0,0,1,0,1,0,0,0,1,0,0,0,1,0,1,0,0,1,0,1,0,1,1,1,0,0,1,1,0,1,0,0,1,0,1,1,0,0,1,1,0,1,0,0,0,0,0,0,0,1,0,1
regs_only_warmup11_cap1024_run01,352,0,50,24DACF251BC6E439,1,0,0,1,1,1,0,0,0,0,1,0,0,1,1,1,0,1,1,0,0,0,1,1,1,1,0,1,1,0,0,0,1,0,1,0,0,1,0,0,1,1,1,1,0,0,1,1,0,1,0,1,1,0,1,1,0,0,1,0,0,1,0,0,0,0,0,0,1,0,1,0
regs_only_warmup11_cap1024_run01,353,0,73,AC5B0729FAC6EC3B,1,1,0,1,1,1,0,0,0,0,1,1,0,1,1,1,0,1,1,0,0,0,1,1,0,1,0,1,1,1,1,1,1,0,0,1,0,1,0,0,1,1,1,0,0,0,0,0,1,1,0,1,1,0,1,0,0,0,1,1,0,1,0,1,1,1,0,0,1,1,1,0
regs_only_warmup11_cap1024_run01,354,1,CD,EC7305AAF24C69B3,1,1,0,0,1,1,0,1,1,0,0,1,0,1,1,0,0,0,1,1,0,0,1,0,0,1,0,0,1,1,1,1,0,1,0,1,0,1,0,1,1,0,1,0,0,0,0,0,1,1,0,0,1,1,1,0,0,0,1,1,0,1,1,1,1,0,1,1,0,0,1,1
regs_only_warmup11_cap1024_run01,355,0,92,67F98DA2724D61B2,0,1,0,0,1,1,0,1,1,0,0,0,0,1,1,0,1,0,1,1,0,0,1,0,0,1,0,0,1,1,1,0,0,1,0,0,0,1,0,1,1,0,1,1,0,0,0,1,1,0,0,1,1,1,1,1,1,1,1,0,0,1,1,0,0,1,0,0,1,0,0,1
regs_only_warmup11_cap1024_run01,356,1,82,67F99C227BC5E33A,0,1,0,1,1,1,0,0,1,1,0,0,0,1,1,1,1,0,1,0,0,0,1,1,1,1,0,1,1,1,1,0,0,1,0,0,0,1,0,0,0,0,1,1,1,0,0,1,1,0,0,1,1,1,1,1,1,1,1,0,0,1,1,0,0,1,0,0,0,0,0,1
regs_only_warmup11_cap1024_run01,357,0,8F,EF74142BFDD5EA38,0,0,0,1,1,1,0,0,0,1,0,1,0,1,1,1,1,0,1,0,1,0,1,1,1,0,1,1,1,1,1,1,1,1,0,1,0,1,0,0,0,0,1,0,1,0,0,0,0,0,1,0,1,1,1,0,1,1,1,1,0,1,1,1,1,1,1,1,0,0,0,1
regs_only_warmup11_cap1024_run01,358,1,84,EA741E8BF55E6AB1,1,0,0,0,1,1,0,1,0,1,0,1,0,1,1,0,0,1,1,1,1,0,1,0,1,0,1,0,1,1,1,1,1,1,0,1,0,0,0,1,0,1,1,1,1,0,0,0,0,0,1,0,1,1,1,0,0,1,0,1,0,1,1,1,0,0,1,0,0,0,0,1
regs_only_warmup11_cap1024_run01,359,0,AF,62FC9E81755E62AD,1,0,1,1,0,1,0,1,0,1,0,0,0,1,1,0,0,1,1,1,1,0,1,0,1,0,1,0,1,1,1,0,1,0,0,0,0,0,0,1,0,1,1,1,1,0,0,1,0,0,1,1,1,1,1,1,0,1,0,0,0,1,1,0,1,1,1,1,0,1,0,1
regs_only_warmup11_cap1024_run01,360,0,AE,E0BE97097CD6A22D,1,0,1,1,0,1,0,0,0,1,0,0,0,1,0,1,0,1,1,0,1,0,1,1,0,0,1,1,1,1,1,0,1,0,0,1,0,0,0,0,1,1,1,0,1,0,0,1,0,1,1,1,1,1,0,1,0,0,0,0,0,1,1,1,0,1,1,1,0,1,0,1
regs_only_warmup11_cap1024_run01,361,1,51,E8371708FCDEA925,1,0,1,0,0,1,0,0,1,0,0,1,0,1,0,1,0,1,1,1,1,0,1,1,0,0,1,1,1,1,1,1,0,0,0,1,0,0,0,0,1,1,1,0,1,0,0,0,1,1,1,0,1,1,0,0,0,0,0,1,0,1,1,1,1,0,0,0,1,0,1,0
regs_only_warmup11_cap1024_run01,362,1,F2,E9371F80F65F29A6,0,1,1,0,0,1,0,1,1,0,0,1,0,1,0,0,1,1,1,1,1,0,1,0,0,1,1,0,1,1,1,1,0,0,0,0,0,0,0,1,1,1,1,1,1,0,0,0,1,1,1,0,1,1,0,0,1,0,0,1,0,1,1,1,0,1,0,0,1,1,1,1
regs_only_warmup11_cap1024_run01,363,1,D1,61BF9CC27E5521AE,0,1,1,1,0,1,0,1,1,0,0,0,0,1,0,0,1,0,1,0,1,0,1,0,0,1,1,1,1,1,1,0,0,1,0,0,0,0,1,1,0,0,1,1,1,0,0,1,1,1,1,1,1,1,0,1,1,0,0,0,0,1,1,0,1,0,0,0,1,0,1,1
regs_only_warmup11_cap1024_run01,364,0,1E,EBB4904A7FD5892E,0,1,1,1,0,1,0,0,1,0,0,1,0,0,0,1,1,0,1,0,1,0,1,1,1,1,1,1,1,1,1,0,0,1,0,1,0,0,1,0,0,0,0,0,1,0,0,1,0,0,1,0,1,1,0,1,1,1,0,1,0,1,1,1,0,1,1,1,1,0,0,0
regs_only_warmup11_cap1024_run01,365,1,6B,CA34104BF7D88A67,1,1,1,0,0,1,1,0,0,1,0,1,0,0,0,1,0,0,0,1,1,0,1,1,1,1,1,0,1,1,1,1,1,1,0,1,0,0,1,0,0,0,0,0,1,0,0,0,0,0,1,0,1,1,0,0,0,1,0,1,0,0,1,1,1,1,0,1,0,1,1,0
regs_only_warmup11_cap1024_run01,366,1,EE,C22C38C3E55802E7,1,1,1,0,0,1,1,1,0,1,0,0,0,0,0,0,0,0,0,1,1,0,1,0,1,0,1,0,0,1,1,1,1,1,0,0,0,0,1,1,0,0,0,1,1,1,0,0,0,0,1,1,0,1,0,0,0,1,0,0,0,0,1,1,0,1,1,1,0,1,1,1
regs_only_warmup11_cap1024_run01,367,1,12,42ACBBC76C7202ED,1,0,1,1,0,1,1,1,0,1,0,0,0,0,0,0,0,1,0,0,1,1,1,0,0,0,1,1,0,1,1,0,1,1,1,0,0,0,1,1,1,1,0,1,1,1,0,1,0,0,1,1,0,1,0,1,0,1,0,0,0,0,1,0,0,1,0,0,1,0,0,0
regs_only_warmup11_cap1024_run01,368,0,37,CAA5B34C6CF28F6D,1,0,1,1,0,1,1,0,1,1,1,1,0,0,0,1,0,1,0,0,1,1,1,1,0,0,1,1,0,1,1,0,0,0,1,1,0,0,1,0,1,1,0,0,1,1,0,1,1,0,1,0,0,1,0,1,0,1,0,1,0,0,1,1,1,1,1,0,1,1,0,0
regs_only_warmup11_cap1024_run01,369,1,22,C9273B44E4BB8F44,0,0,1,0,0,0,1,0,1,1,1,1,0,0,0,1,1,1,0,1,1,1,0,1,0,0,1,0,0,1,1,1,0,0,1,0,0,0,1,0,1,1,0,1,1,1,0,0,1,1,1,0,0,1,0,0,1,0,0,1,0,0,1,1,0,1,0,0,0,1,0,0
regs_only_warmup11_cap1024_run01,370,0,D8,C12F3AC4EC3305CC,0,0,1,1,0,0,1,1,1,0,1,0,0,0,0,0,1,1,0,0,1,1,0,0,0,0,1,1,0,1,1,1,0,0,1,0,0,0,1,1,0,1,0,1,1,1,0,0,1,1,1,1,0,1,0,0,1,0,0,0,0,0,1,1,0,0,0,1,1,0,1,1
regs_only_warmup11_cap1024_run01,371,0,CB,49AEB2CC4F330DCE,0,1,1,1,0,0,1,1,1,0,1,1,0,0,0,0,1,1,0,0,1,1,0,0,1,1,1,1,0,0,1,0,0,0,1,1,0,0,1,1,0,1,0,0,1,1,0,1,0,1,1,1,0,1,0,1,1,0,0,1,0,0,1,0,1,1,0,1,0,0,1,1
regs_only_warmup11_cap1024_run01,372,1,76,CC86B04F47B98C47,1,1,1,0,0,0,1,0,0,0,1,1,0,0,0,1,1,0,0,1,1,1,0,1,1,1,1,0,0,0,1,0,1,1,1,1,0,0,1,0,0,0,0,0,1,1,0,1,0,1,1,0,0,0,0,1,0,0,1,1,0,0,1,1,0,1,1,0,1,1,1,0
regs_only_warmup11_cap1024_run01,373,0,38,C60C3857C7B88447,1,1,1,0,0,0,1,0,0,0,1,0,0,0,0,1,0,0,0,1,1,1,0,1,1,1,1,0,0,0,1,1,1,1,1,0,1,0,1,0,0,0,0,1,1,1,0,0,0,0,1,1,0,0,0,0,0,1,1,0,0,0,1,1,0,0,0,1,1,1,0,0
regs_only_warmup11_cap1024_run01,374,1,40,C60839D7CA3006CF,1,1,1,1,0,0,1,1,0,1,1,0,0,0,0,0,0,0,0,0,1,1,0,0,0,1,0,1,0,0,1,1,1,1,1,0,1,0,1,1,1,0,0,1,1,1,0,0,0,0,0,1,0,0,0,0,0,1,1,0,0,0,1,1,0,0,0,0,0,0,1,0
regs_only_warmup11_cap1024_run01,375,0,00,4E81B1DE48300FCF,1,1,1,1,0,0,1,1,1,1,1,1,0,0,0,0,0,0,0,0,1,1,0,0,0,0,0,1,0,0,1,0,0,1,1,1,1,0,1,1,1,0,0,0,1,1,0,1,1,0,0,0,0,0,0,1,0,1,1,1,0,0,1,0,0,0,0,0,0,0,0,0
regs_only_warmup11_cap1024_run01,376,0,BB,DF81FB5E40BB8F40,0,0,0,0,0,0,1,0,1,1,1,1,0,0,0,1,1,1,0,1,1,1,0,1,0,0,0,0,0,0,1,0,0,1,1,1,1,0,1,0,1,1,0,1,1,1,1,1,1,0,0,0,0,0,0,1,1,1,1,1,1,0,1,1,1,1,0,1,1,1,0,1
regs_only_warmup11_cap1024_run01,377,0,00,D7097E74C0BB8748,0,0,0,1,0,0,1,0,1,1,1,0,0,0,0,1,1,1,0,1,1,1,0,1,0,0,0,0,0,0,1,1,0,0,1,0,1,1,1,0,0,1,1,1,1,1,1,0,1,0,0,1,0,0,0,0,1,1,1,0,1,0,1,1,0,0,0,0,0,0,0,0
regs_only_warmup11_cap1024_run01,378,0,A7,D50A76FCC93707C8,0,0,0,1,0,0,1,1,1,1,1,0,0,0,0,0,1,1,1,0,1,1,0,0,1,0,0,1,0,0,1,1,0,0,1,1,1,1,1,1,0,1,1,0,1,1,1,0,0,1,0,1,0,0,0,0,1,0,1,0,1,0,1,1,1,1,1,0,0,1,0,1
regs_only_warmup11_cap1024_run01,379,1,19,5C82F6FD493F0CC1,1,0,0,0,0,0,1,1,0,0,1,1,0,0,0,0,1,1,1,1,1,1,0,0,1,0,0,1,0,0,1,0,1,0,1,1,1,1,1,1,0,1,1,0,1,1,1,1,0,1,0,0,0,0,0,1,0,0,1,1,1,0,1,0,1,0,0,1,1,0,0,0
regs_only_warmup11_cap1024_run01,380,1,B9,DC82FE7543BE9C43,1,1,0,0,0,0,1,0,0,0,1,1,1,0,0,1,0,1,1,1,1,1,0,1,1,1,0,0,0,0,1,0,1,0,1,0,1,1,1,0,0,1,1,1,1,1,1,1,0,1,0,0,0,0,0,1,0,0,1,1,1,0,1,1,1,0,0,1,1,1,0,1
regs_only_warmup11_cap1024_run01,381,1,02,D40A7D77CAB4944B,1,1,0,1,0,0,1,0,0,0,1,0,1,0,0,1,0,0,1,0,1,1,0,1,0,1,0,1,0,0,1,1,1,1,1,0,1,1,1,0,1,0,1,1,1,1,1,0,0,1,0,1,0,0,0,0,0,0,1,0,1,0,1,1,0,1,0,0,0,0,0,0
regs_only_warmup11_cap1024_run01,382,1,7D,1E0B75FE8A347DCB,1,1,0,1,0,0,1,1,1,0,1,1,1,1,1,0,0,0,1,0,1,1,0,0,0,1,0,1,0,0,0,1,0,1,1,1,1,1,1,1,1,0,1,0,1,1,1,0,1,1,0,1,0,0,0,0,0,1,1,1,1,0,0,0,1,0,1,1,1,1,1,0
regs_only_warmup11_cap1024_run01,383,0,DD,1FC1F5FE023DFFC2,0,1,0,0,0,0,1,1,1,1,1,1,1,1,1,1,1,0,1,1,1,1,0,0,0,1,0,0,0,0,0,0,0,1,1,1,1,1,1,1,1,0,1,0,1,1,1,1,1,0,0,0,0,0,1,1,1,1,1,1,1,0,0,0,1,0,1,1,1,0,1,1
regs_only_warmup11_cap1024_run01,384,0,3A,B7C9DC7602BDF742,0,1,0,0,0,0,1,0,1,1,1,0,1,1,1,1,1,0,1,1,1,1,0,1,0,1,0,0,0,0,0,0,0,1,1,0,1,1,1,0,0,0,1,1,1,0,1,1,1,0,0,1,0,0,1,1,1,1,1,0,1,1,0,1,0,1,0,1,1,1,0,0
regs_only_warmup11_cap1024_run01,385,0,0A,B7485C728995F748,0,0,0,1,0,0,1,0,1,1,1,0,1,1,1,1,1,0,1,0,1,0,0,1,1,0,0,1,0,0,0,1,0,1,0,0,1,1,1,0,0,0,1,1,1,0,1,0,0,0,0,1,0,0,1,0,1,1,1,0,1,1,0,1,0,1,0,1,0,0,0,0
regs_only_warmup11_cap1024_run01,386,0,CB,3E4056F989177AE9,1,0,0,1,0,1,1,1,0,1,0,1,1,1,1,0,1,1,1,0,1,0,0,0,1,0,0,1,0,0,0,1,1,0,0,1,1,1,1,1,0,1,1,0,1,0,1,0,0,0,0,0,0,0,1,0,0,1,1,1,1,1,0,0,1,1,0,1,0,0,1,1
regs_only_warmup11_cap1024_run01,387,1,68,3CC2CEF9011EFAE1,1,0,0,0,0,1,1,1,0,1,0,1,1,1,1,1,0,1,1,1,1,0,0,0,1,0,0,0,0,0,0,0,1,0,0,1,1,1,1,1,0,1,1,1,0,0,1,1,0,1,0,0,0,0,1,1,0,0,1,1,1,1,0,0,0,0,0,1,0,1,1,0
regs_only_warmup11_cap1024_run01,388,1,49,B4CECF71048EF079,1,0,0,1,1,1,1,0,0,0,0,0,1,1,1,1,0,1,1,1,0,0,0,1,0,0,1,0,0,0,0,0,1,0,0,0,1,1,1,0,1,1,1,1,0,0,1,1,0,1,1,1,0,0,1,1,0,0,1,0,1,1,0,1,1,0,0,1,0,0,1,0
regs_only_warmup11_cap1024_run01,389,1,CE,B04F4778AE86F17B,1,1,0,1,1,1,1,0,1,0,0,0,1,1,1,1,0,1,1,0,0,0,0,1,0,1,1,1,0,1,0,1,0,0,0,1,1,1,1,0,1,1,1,0,0,0,1,0,1,1,1,1,0,0,1,0,0,0,0,0,1,1,0,1,0,1,1,1,0,0,1,1
regs_only_warmup11_cap1024_run01,390,1,66,396745B8A60D79F6,0,1,1,0,1,1,1,1,1,0,0,1,1,1,1,0,1,0,1,1,0,0,0,0,0,1,1,0,0,1,0,1,0,0,0,1,1,1,0,1,1,0,1,0,0,0,1,0,1,1,1,0,0,1,1,0,1,0,0,1,1,1,0,0,0,1,1,0,0,1,1,0
regs_only_warmup11_cap1024_run01,391,0,AA,31E7CDB2264DF1F6,0,1,1,0,1,1,1,1,1,0,0,0,1,1,1,1,1,0,1,1,0,0,1,0,0,1,1,0,0,1,0,0,0,1,0,0,1,1,0,1,1,0,1,1,0,0,1,1,1,1,1,0,0,1,1,1,1,0,0,0,1,1,0,0,0,1,0,1,0,1,0,1
regs_only_warmup11_cap1024_run01,392,0,DA,B3ECCC322FC5F17E,0,1,1,1,1,1,1,0,1,0,0,0,1,1,1,1,1,0,1,0,0,0,1,1,1,1,1,1,0,1,0,0,0,1,0,0,1,1,0,0,0,0,1,1,0,0,1,1,0,0,1,1,0,1,1,1,1,1,0,0,1,1,0,1,0,1,0,1,1,0,1,1
regs_only_warmup11_cap1024_run01,393,1,50,BB64443BAFC5FA3F,1,1,1,1,1,1,0,0,0,1,0,1,1,1,1,1,1,0,1,0,0,0,1,1,1,1,1,1,0,1,0,1,1,1,0,1,1,1,0,0,0,0,1,0,0,0,1,0,0,0,1,0,0,1,1,0,1,1,0,1,1,1,0,1,0,0,0,0,1,0,1,0
regs_only_warmup11_cap1024_run01,394,0,47,3A6444BBA54C7AB5,1,0,1,0,1,1,0,1,0,1,0,1,1,1,1,0,0,0,1,1,0,0,1,0,1,0,1,0,0,1,0,1,1,1,0,1,1,1,0,1,0,0,1,0,0,0,1,0,0,0,1,0,0,1,1,0,0,1,0,1,1,1,0,0,1,1,1,0,0,0,1,0
regs_only_warmup11_cap1024_run01,395,0,B3,32FCCB91354EF2B5,1,0,1,0,1,1,0,1,0,1,0,0,1,1,1,1,0,1,1,1,0,0,1,0,1,0,1,0,1,1,0,0,1,0,0,0,1,0,0,1,1,1,0,1,0,0,1,1,0,0,1,1,1,1,1,1,0,1,0,0,1,1,0,0,1,1,0,0,1,1,0,1
regs_only_warmup11_cap1024_run01,396,1,95,B0FFC3103CC2F33D,1,0,1,1,1,1,0,0,1,1,0,0,1,1,1,1,0,1,0,0,0,0,1,1,0,0,1,1,1,1,0,0,0,0,0,0,1,0,0,0,1,1,0,0,0,0,1,1,1,1,1,1,1,1,1,1,0,0,0,0,1,1,0,1,1,0,1,0,1,0,0,1
regs_only_warmup11_cap1024_run01,397,0,AD,B9774318BCCBF934,0,0,1,0,1,1,0,0,1,0,0,1,1,1,1,1,1,1,0,1,0,0,1,1,0,0,1,1,1,1,0,1,0,0,0,1,1,0,0,0,1,1,0,0,0,0,1,0,1,1,1,0,1,1,1,0,1,0,0,1,1,1,0,1,1,0,1,1,0,1,0,1
regs_only_warmup11_cap1024_run01,398,1,1A,39774B94B64B79B4,0,0,1,0,1,1,0,1,1,0,0,1,1,1,1,0,1,1,0,1,0,0,1,0,0,1,1,0,1,1,0,1,0,0,1,0,1,0,0,1,1,1,0,1,0,0,1,0,1,1,1,0,1,1,1,0,1,0,0,1,1,1,0,0,0,1,0,1,1,0,0,0
regs_only_warmup11_cap1024_run01,399,1,B4,31FFC8943F43F5BE,0,1,1,1,1,1,0,1,1,0,1,0,1,1,1,1,1,1,0,0,0,0,1,0,1,1,1,1,1,1,0,0,0,0,1,0,1,0,0,1,0,0,0,1,0,0,1,1,1,1,1,1,1,1,1,1,1,0,0,0,1,1,0,0,0,0,1,0,1,1,0,1
regs_only_warmup11_cap1024_run01,400,0,D7,B9FEC01F3FC1DC3E,0,1,1,1,1,1,0,0,0,0,1,1,1,0,1,1,1,0,0,0,0,0,1,1,1,1,1,1,1,1,0,0,1,1,1,1,1,0,0,0,0,0,0,0,0,0,1,1,0,1,1,1,1,1,1,1,1,0,0,1,1,1,0,1,1,1,1,0,1,0,1,1
regs_only_warmup11_cap1024_run01,401,0,37,9A74401FB7C8DC37,1,1,1,0,1,1,0,0,0,0,1,1,1,0,1,1,0,0,0,1,0,0,1,1,1,1,1,0,1,1,0,1,1,1,1,1,1,0,0,0,0,0,0,0,0,0,1,0,0,0,1,0,1,1,1,0,0,1,0,1,1,0,0,1,1,1,1,0,1,1,0,0
regs_only_warmup11_cap1024_run01,402,1,60,127C2987B74856B7,1,1,1,0,1,1,0,1,0,1,1,0,1,0,1,0,0,0,0,1,0,0,1,0,1,1,1,0,1,1,0,1,1,1,1,0,0,0,0,1,1,0,0,1,0,1,0,0,0,0,1,1,1,1,1,0,0,1,0,0,1,0,0,0,0,0,0,0,0,1,1,0
regs_only_warmup11_cap1024_run01,403,0,48,56FDA9877C60D7BD,1,0,1,1,1,1,0,1,1,1,1,0,1,0,1,1,0,0,0,0,0,1,1,0,0,0,1,1,1,1,1,0,1,1,1,0,0,0,0,1,1,0,0,1,0,1,0,1,1,0,1,1,1,1,1,1,0,1,1,0,1,0,1,0,0,0,0,1,0,0,1,0
regs_only_warmup11_cap1024_run01,404,0,9E,DFF5A30E7CE3DF3C,0,0,1,1,1,1,0,0,1,1,1,1,1,0,1,1,1,1,0,0,0,1,1,1,0,0,1,1,1,1,1,0,0,1,1,1,0,0,0,0,1,1,0,0,0,1,0,1,1,0,1,0,1,1,1,1,1,1,1,1,1,0,1,1,0,1,1,1,1,0,0,1
regs_only_warmup11_cap1024_run01,405,1,C2,CD732B0CF0EBDF14,0,0,1,0,1,0,0,0,1,1,1,1,1,0,1,1,1,1,0,1,0,1,1,1,0,0,0,0,1,1,1,1,0,0,1,1,0,0,0,0,1,1,0,1,0,1,0,0,1,1,0,0,1,1,1,0,1,0,1,1,0,0,1,1,0,1,0,0,0,0,1,1
regs_only_warmup11_cap1024_run01,406,0,A5,457B2A84D16B5598,0,0,0,1,1,0,0,1,1,0,1,0,1,0,1,0,1,1,0,1,0,1,1,0,1,0,0,0,1,0,1,1,0,0,1,0,0,0,0,1,0,1,0,1,0,1,0,0,1,1,0,1,1,1,1,0,1,0,1,0,0,0,1,0,1,0,1,0,0,1,0,1
regs_only_warmup11_cap1024_run01,407,0,A9,45FAA28D5B635C98,0,0,0,1,1,0,0,1,0,0,1,1,1,0,1,0,1,1,0,0,0,1,1,0,1,1,0,1,1,0,1,0,1,0,1,1,0,0,0,1,0,1,0,0,0,1,0,1,0,1,0,1,1,1,1,1,1,0,1,0,0,0,1,0,1,0,0,1,0,1,0,1
regs_only_warmup11_cap1024_run01,408,0,57,CC92A60D53EADC13,1,1,0,0,1,0,0,0,0,0,1,1,1,0,1,1,0,1,0,1,0,1,1,1,1,1,0,0,1,0,1,0,1,0,1,1,0,0,0,0,0,1,1,0,0,1,0,1,0,1,0,0,1,0,0,1,0,0,1,1,0,0,1,1,1,1,1,0,1,0,1,0
regs_only_warmup11_cap1024_run01,409,0,DD,C41A2D07D3EC8413,1,1,0,0,1,0,0,0,0,0,1,0,0,0,0,1,0,0,1,1,0,1,1,1,1,1,0,0,1,0,1,1,1,1,1,0,0,0,0,0,1,0,1,1,0,1,0,0,0,1,0,1,1,0,0,0,0,0,1,0,0,0,1,1,1,0,1,1,1,0,1,1
regs_only_warmup11_cap1024_run01,410,0,CD,46192D87DA64059B,1,1,0,1,1,0,0,1,1,0,1,0,0,0,0,0,0,0,1,0,0,1,1,0,0,1,0,1,1,0,1,1,1,1,1,0,0,0,0,1,1,0,1,1,0,1,0,0,1,0,0,1,1,0,0,0,0,1,1,0,0,0,1,0,1,0,1,1,0,0,1,1
regs_only_warmup11_cap1024_run01,411,1,C2,4F91A58E5A658F9A,0,1,0,1,1,0,0,1,1,1,1,1,0,0,0,1,1,0,1,0,0,1,1,0,0,1,0,1,1,0,1,0,0,1,1,1,0,0,0,1,1,0,1,0,0,1,0,1,1,0,0,0,1,0,0,1,1,1,1,1,0,0,1,0,0,1,0,0,0,0,1,1
regs_only_warmup11_cap1024_run01,412,1,53,CF91A56E50ED8F10,0,0,0,0,1,0,0,0,1,1,1,1,0,0,0,1,1,0,1,1,0,1,1,1,0,0,0,0,1,0,1,0,0,1,1,1,0,1,1,0,1,0,1,0,0,1,0,1,1,0,0,0,1,0,0,1,1,1,1,1,0,0,1,1,1,1,0,0,1,0,1,0
regs_only_warmup11_cap1024_run01,413,0,C4,C7192E66D1EF8718,0,0,0,1,1,0,0,0,1,1,1,0,0,0,0,1,1,1,1,1,0,1,1,1,1,0,0,0,1,0,1,1,0,1,1,0,0,1,1,0,0,1,1,1,0,1,0,0,1,0,0,1,1,0,0,0,1,1,1,0,0,0,1,1,0,0,1,0,0,0,1,1
regs_only_warmup11_cap1024_run01,414,1,AC,C71826EDD96706D8,0,0,0,1,1,0,1,1,0,1,1,0,0,0,0,0,1,1,1,0,0,1,1,0,1,0,0,1,1,0,1,1,1,0,1,1,0,1,1,1,0,1,1,0,0,1,0,0,0,0,0,1,1,0,0,0,1,1,1,0,0,0,1,1,0,0,1,1,0,1,0,1
regs_only_warmup11_cap1024_run01,415,0,F6,4C92B6E9596E0ED1,1,0,0,0,1,0,1,1,0,1,1,1,0,0,0,0,0,1,1,1,0,1,1,0,1,0,0,1,1,0,1,0,1,0,0,1,0,1,1,1,0,1,1,0,1,1,0,1,0,1,0,0,1,0,0,1,0,0,1,1,0,0,1,0,0,1,1,0,1,1,1,1
regs_only_warmup11_cap1024_run01,416,0,7D,CC92BF6151FE8851,1,0,0,0,1,0,1,0,0,0,0,1,0,0,0,1,0,1,1,1,1,1,1,1,1,0,0,0,1,0,1,0,1,0,0,0,0,1,1,0,1,1,1,1,1,1,0,1,0,1,0,0,1,0,0,1,0,0,1,1,0,0,1,1,1,0,1,1,1,1,1,0
regs_only_warmup11_cap1024_run01,417,0,D3,C41F3F61DEF6A15B,1,1,0,1,1,0,1,0,1,0,0,0,0,1,0,1,0,1,1,0,1,1,1,1,0,1,1,1,1,0,1,1,1,0,0,0,0,1,1,0,1,1,1,1,1,1,0,0,1,1,1,1,1,0,0,0,0,0,1,0,0,0,1,1,1,1,0,0,1,0,1,1
regs_only_warmup11_cap1024_run01,418,1,53,C91F35EADE3529DA,0,1,0,1,1,0,1,1,1,0,0,1,0,1,0,0,1,0,1,0,1,1,0,0,0,1,1,1,1,0,1,1,0,1,0,1,0,1,1,1,1,0,1,0,1,1,0,0,1,1,1,1,1,0,0,0,1,0,0,1,0,0,1,1,1,1,0,0,1,0,1,0
regs_only_warmup11_cap1024_run01,419,0,96,6B9595EA563D29C6,0,1,1,0,0,0,1,1,1,0,0,1,0,1,0,0,1,0,1,1,1,1,0,0,0,1,1,0,1,0,1,0,0,1,0,1,0,1,1,1,1,0,1,0,1,0,0,1,1,0,1,0,1,0,0,1,1,1,0,1,0,1,1,0,0,1,1,0,1,0,0,1
regs_only_warmup11_cap1024_run01,420,0,DD,E39D9C62579DA346,0,1,1,0,0,0,1,0,1,1,0,0,0,1,0,1,1,0,1,1,1,0,0,1,1,1,1,0,1,0,1,0,0,1,0,0,0,1,1,0,0,0,1,1,1,0,0,1,1,0,1,1,1,0,0,1,1,1,0,0,0,1,1,1,1,0,1,1,1,0,1,1
regs_only_warmup11_cap1024_run01,421,0,E3,E31C1C63DD95A26E,0,1,1,1,0,1,1,0,0,1,0,0,0,1,0,1,1,0,1,0,1,0,0,1,1,0,1,1,1,0,1,1,1,1,0,0,0,1,1,0,0,0,1,1,1,0,0,0,0,0,1,1,1,0,0,0,1,1,0,0,0,1,1,1,1,1,0,0,0,1,1,1
regs_only_warmup11_cap1024_run01,422,1,A6,EA1416EBDD162AED,1,0,1,1,0,1,1,1,0,1,0,1,0,1,0,0,0,1,1,0,1,0,0,0,1,0,1,1,1,0,1,1,1,1,0,1,0,1,1,1,0,1,1,0,1,0,0,0,0,0,1,0,1,0,0,0,0,1,0,1,0,1,1,1,0,1,1,0,0,1,0,1
regs_only_warmup11_cap1024_run01,423,0,5B,6A949FE9751E2AE5,1,0,1,0,0,1,1,1,0,1,0,1,0,1,0,0,0,1,1,1,1,0,0,0,1,0,1,0,1,1,1,0,1,0,0,1,0,1,1,1,1,1,1,1,1,0,0,1,0,0,1,0,1,0,0,1,0,1,0,1,0,1,1,0,1,1,0,1,1,0,1,0
regs_only_warmup11_cap1024_run01,424,1,D7,E0BFDB61749EA26D,1,0,1,1,0,1,1,0,0,1,0,0,0,1,0,1,0,1,1,1,1,0,0,1,0,0,1,0,1,1,1,0,1,0,0,0,0,1,1,0,1,1,0,1,1,0,1,1,1,1,1,1,1,1,0,1,0,0,0,0,0,1,1,1,1,1,1,0,1,0,1,1
regs_only_warmup11_cap1024_run01,425,1,12,E13F5368FC93A16C,0,0,1,1,0,1,1,0,1,0,0,0,0,1,0,1,1,1,0,0,1,0,0,1,0,0,1,1,1,1,1,1,0,0,0,1,0,1,1,0,1,1,0,0,1,0,1,0,1,1,1,1,1,1,0,0,1,0,0,0,0,1,1,1,0,1,0,0,1,0,0,0
regs_only_warmup11_cap1024_run01,426,0,8B,E92753E8E61B29E6,0,1,1,0,0,1,1,1,1,0,0,1,0,1,0,0,1,1,0,1,1,0,0,0,0,1,1,0,0,1,1,1,0,0,0,1,0,1,1,1,1,1,0,0,1,0,1,0,1,1,1,0,0,1,0,0,1,0,0,1,0,1,1,1,1,1,0,1,0,0,0,1
regs_only_warmup11_cap1024_run01,427,0,9D,61AFD8E6671921E6,0,1,1,0,0,1,1,1,1,0,0,0,0,1,0,0,1,0,0,1,1,0,0,0,1,1,1,0,0,1,1,0,0,1,1,0,0,1,1,1,0,0,0,1,1,0,1,1,1,1,1,1,0,1,0,1,1,0,0,0,0,1,1,0,1,0,1,1,1,0,0,1
regs_only_warmup11_cap1024_run01,428,1,97,E3ACD8676F91A46E,0,1,1,1,0,1,1,0,0,0,1,0,0,1,0,1,1,0,0,0,1,0,0,1,1,1,1,1,0,1,1,0,1,1,1,0,0,1,1,0,0,0,0,1,1,0,1,1,0,0,1,1,0,1,0,1,1,1,0,0,0,1,1,1,1,1,1,0,1,0,0,1
regs_only_warmup11_cap1024_run01,429,1,10,AA24504FAF90EE6F,1,1,1,1,0,1,1,0,0,1,1,1,0,1,1,1,0,0,0,0,1,0,0,1,1,1,1,1,0,1,0,1,1,1,1,1,0,0,1,0,0,0,0,0,1,0,1,0,0,0,1,0,0,1,0,0,0,1,0,1,0,1,0,1,0,0,0,0,1,0,0,0
regs_only_warmup11_cap1024_run01,430,1,42,AA6459CFA5186EE7,1,1,1,0,0,1,1,1,0,1,1,1,0,1,1,0,0,0,0,1,1,0,0,0,1,0,1,0,0,1,0,1,1,1,1,1,0,0,1,1,1,0,0,1,1,0,1,0,0,0,1,0,0,1,1,0,0,1,0,1,0,1,0,1,0,1,0,0,0,0,1,0
regs_only_warmup11_cap1024_run01,431,0,30,22EDD9C7241866ED,1,0,1,1,0,1,1,1,0,1,1,0,0,1,1,0,0,0,0,1,1,0,0,0,0,0,1,0,0,1,0,0,1,1,1,0,0,0,1,1,1,0,0,1,1,0,1,1,1,0,1,1,0,1,1,1,0,1,0,0,0,1,0,0,0,0,0,0,1,1,0,0
regs_only_warmup11_cap1024_run01,432,0,BC,A7EDD34C2C92E76C,0,0,1,1,0,1,1,0,1,1,1,0,0,1,1,1,0,1,0,0,1,0,0,1,0,0,1,1,0,1,0,0,0,0,1,1,0,0,1,0,1,1,0,0,1,0,1,1,1,0,1,1,0,1,1,1,1,1,1,0,0,1,0,1,0,0,1,1,1,1,0,1
regs_only_warmup11_cap1024_run01,433,1,8F,AD63535CA89BEF64,0,0,1,0,0,1,1,0,1,1,1,1,0,1,1,1,1,1,0,1,1,0,0,1,0,0,0,1,0,1,0,1,0,0,1,1,1,0,1,0,1,1,0,0,1,0,1,0,1,1,0,0,0,1,1,0,1,0,1,1,0,1,0,1,1,1,1,1,0,0,0,1
regs_only_warmup11_cap1024_run01,434,0,88,AD635AD4A11B4DE4,0,0,1,0,0,1,1,1,1,0,1,1,0,0,1,0,1,1,0,1,1,0,0,0,1,0,0,0,0,1,0,1,0,0,1,0,1,0,1,1,0,1,0,1,1,0,1,0,1,1,0,0,0,1,1,0,1,0,1,1,0,1,0,1,0,0,0,1,0,0,0,1
regs_only_warmup11_cap1024_run01,435,0,F5,15EADAD52B1344EA,0,1,0,1,0,1,1,1,0,0,1,0,0,0,1,0,1,1,0,0,1,0,0,0,1,1,0,1,0,1,0,0,1,0,1,0,1,0,1,1,0,1,0,1,1,0,1,1,0,1,0,1,0,1,1,1,1,0,1,0,1,0,0,0,1,0,1,0,1,1,1,1
regs_only_warmup11_cap1024_run01,436,0,51,9CEAF05D2B90CC6B,1,1,0,1,0,1,1,0,0,0,1,1,0,0,1,1,0,0,0,0,1,0,0,1,1,1,0,1,0,1,0,0,1,0,1,1,1,0,1,0,0,0,0,0,1,1,1,1,0,1,0,1,0,1,1,1,0,0,1,1,1,0,0,1,1,0,0,0,1,0,1,0
regs_only_warmup11_cap1024_run01,437,1,60,9C62755FA3B8CC63,1,1,0,0,0,1,1,0,0,0,1,1,0,0,1,1,0,0,0,1,1,1,0,1,1,1,0,0,0,1,0,1,1,1,1,1,1,0,1,0,1,0,1,0,1,1,1,0,0,1,0,0,0,1,1,0,0,0,1,1,1,0,0,1,0,0,0,0,0,1,1,0
regs_only_warmup11_cap1024_run01,438,0,1E,96697D97A27C46C3,1,1,0,0,0,0,1,1,0,1,1,0,0,0,1,0,0,0,1,1,1,1,1,0,0,1,0,0,0,1,0,1,1,1,1,0,1,0,0,1,1,0,1,1,1,1,1,0,1,0,0,1,0,1,1,0,0,1,1,0,1,0,0,1,0,1,1,1,1,0,0,0
regs_only_warmup11_cap1024_run01,439,0,EB,16E9FD962A7457CB,1,1,0,1,0,0,1,1,1,1,1,0,1,0,1,0,0,0,1,0,1,1,1,0,0,1,0,1,0,1,0,0,0,1,1,0,1,0,0,1,1,0,1,1,1,1,1,1,1,0,0,1,0,1,1,1,0,1,1,0,1,0,0,0,1,1,0,1,0,1,1,1
regs_only_warmup11_cap1024_run01,440,0,0B,9FE1F51E08F5DF08,0,0,0,1,0,0,0,0,1,1,1,1,1,0,1,1,1,0,1,0,1,1,1,1,0,0,0,1,0,0,0,0,0,1,1,1,1,0,0,0,1,0,1,0,1,1,1,1,1,0,0,0,0,1,1,1,1,1,1,1,1,0,0,1,1,1,0,1,0,0,0,0
regs_only_warmup11_cap1024_run01,441,1,12,9F417E1C81FFDF00,0,0,0,0,0,0,0,0,1,1,1,1,1,0,1,1,1,1,1,1,1,1,1,1,1,0,0,0,0,0,0,1,0,0,1,1,1,0,0,0,0,1,1,1,1,1,1,0,1,0,0,0,0,0,1,0,1,1,1,1,1,0,0,1,0,1,0,0,1,0,0,0
regs_only_warmup11_cap1024_run01,442,1,C4,154A7E95817F5688,0,0,0,1,0,0,0,1,0,1,1,0,1,0,1,0,1,1,1,1,1,1,1,0,1,0,0,0,0,0,0,1,1,0,1,0,1,0,0,1,0,1,1,1,1,1,1,0,0,1,0,1,0,0,1,0,1,0,1,0,1,0,0,0,0,0,1,0,0,0,1,1
regs_only_warmup11_cap1024_run01,443,1,07,14CAF6990976DC89,1,0,0,1,0,0,0,1,0,0,1,1,1,0,1,1,0,1,1,0,1,1,1,0,1,0,0,1,0,0,0,0,1,0,0,1,1,0,0,1,0,1,1,0,1,1,1,1,0,1,0,1,0,0,1,1,0,0,1,0,1,0,0,0,1,1,1,0,0,0,0,0
regs_only_warmup11_cap1024_run01,444,1,75,9CC2F71903FED801,1,0,0,0,0,0,0,0,0,0,0,1,1,0,1,1,0,1,1,1,1,1,1,1,1,1,0,0,0,0,0,0,1,0,0,1,1,0,0,0,1,1,1,0,1,1,1,1,0,1,0,0,0,0,1,1,0,0,1,1,1,0,0,1,1,0,1,0,1,1,1,0
regs_only_warmup11_cap1024_run01,445,1,E6,94437F1182FED003,1,1,0,0,0,0,0,0,0,0,0,0,1,0,1,1,0,1,1,1,1,1,1,1,0,1,0,0,0,0,0,1,1,0,0,0,1,0,0,0,1,1,1,1,1,1,1,0,1,1,0,0,0,0,1,0,0,0,1,0,1,0,0,1,0,1,1,0,0,1,1,1
regs_only_warmup11_cap1024_run01,446,1,2A,144B6DB28A74518B,1,1,0,1,0,0,0,1,1,0,0,0,1,0,1,0,0,0,1,0,1,1,1,0,0,1,0,1,0,0,0,1,0,1,0,0,1,1,0,1,1,0,1,1,0,1,1,0,1,1,0,1,0,0,1,0,0,0,1,0,1,0,0,0,0,1,0,1,0,1,0,0
regs_only_warmup11_cap1024_run01,447,1,BA,1FC5E5BA0E65D99A,0,1,0,1,1,0,0,1,1,0,0,1,1,0,1,1,1,0,1,0,0,1,1,0,0,1,1,1,0,0,0,0,0,1,0,1,1,1,0,1,1,0,1,0,0,1,1,1,1,0,1,0,0,0,1,1,1,1,1,1,1,0,0,0,0,1,0,1,1,1,0,1
regs_only_warmup11_cap1024_run01,448,1,89,9BC5E43A07EDDB16,0,1,1,0,1,0,0,0,1,1,0,1,1,0,1,1,1,0,1,1,0,1,1,1,1,1,1,0,0,0,0,0,0,1,0,1,1,1,0,0,0,0,1,0,0,1,1,1,1,0,1,0,0,0,1,1,1,1,0,1,1,0,0,1,1,0,0,1,0,0,0,1
regs_only_warmup11_cap1024_run01,449,1,49,934C6C3385EDD21C,0,0,1,1,1,0,0,0,0,1,0,0,1,0,1,1,1,0,1,1,0,1,1,1,1,0,1,0,0,0,0,1,1,1,0,0,1,1,0,0,0,0,1,1,0,1,1,0,0,0,1,1,0,0,1,0,1,1,0,0,1,0,0,1,1,0,0,1,0,0,1,0
regs_only_warmup11_cap1024_run01,450,1,E9,524C26BBCD66729D,1,0,1,1,1,0,0,1,0,1,0,0,1,1,1,0,0,1,1,0,0,1,1,0,1,0,1,1,0,0,1,1,1,1,0,1,1,1,0,1,0,1,1,0,0,1,0,0,0,0,1,1,0,0,1,0,0,1,0,0,1,0,1,0,1,0,0,1,0,1,1,1
regs_only_warmup11_cap1024_run01,451,1,54,5AC4A6B94D6EFA95,1,0,1,0,1,0,0,1,0,1,0,1,1,1,1,1,0,1,1,1,0,1,1,0,1,0,1,1,0,0,1,0,1,0,0,1,1,1,0,1,0,1,1,0,0,1,0,1,0,0,1,0,0,0,1,1,0,1,0,1,1,0,1,0,0,0,1,0,1,0,1,0
regs_only_warmup11_cap1024_run01,452,1,D1,F8C7AF3144EEFA15,1,0,1,0,1,0,0,0,0,1,0,1,1,1,1,1,0,1,1,1,0,1,1,1,0,0,1,0,0,0,1,0,1,0,0,0,1,1,0,0,1,1,1,1,0,1,0,1,1,1,1,0,0,0,1,1,0,0,0,1,1,1,1,1,1,0,0,0,1,0,1,1
regs_only_warmup11_cap1024_run01,453,0,76,F04F0BB0CCE6F11D,1,0,1,1,1,0,0,0,1,0,0,0,1,1,1,1,0,1,1,0,0,1,1,1,0,0,1,1,0,0,1,1,0,0,0,0,1,1,0,1,1,1,0,1,0,0,0,0,1,1,1,1,0,0,1,0,0,0,0,0,1,1,1,1,0,1,1,0,1,1,1,0
regs_only_warmup11_cap1024_run01,454,1,86,795F03B8DE4379BE,0,1,1,1,1,1,0,1,1,0,0,1,1,1,1,0,1,1,0,0,0,0,1,0,0,1,1,1,1,0,1,1,0,0,0,1,1,1,0,1,1,1,0,0,0,0,0,0,1,1,1,1,1,0,1,0,1,0,0,1,1,1,1,0,0,1,1,0,0,0,0,1
regs_only_warmup11_cap1024_run01,455,1,BD,79D780BA5749F9B6,0,1,1,0,1,1,0,1,1,0,0,1,1,1,1,1,1,0,0,1,0,0,1,0,1,1,1,0,1,0,1,0,0,1,0,1,1,1,0,1,0,0,0,0,0,0,0,1,1,1,1,0,1,0,1,1,1,0,0,1,1,1,1,0,1,0,1,1,1,1,0,1
regs_only_warmup11_cap1024_run01,456,0,0A,F39C883357C9B036,0,1,1,0,1,1,0,0,0,0,0,0,1,1,0,1,1,0,0,1,0,0,1,1,1,1,1,0,1,0,1,0,1,1,0,0,1,1,0,0,0,0,0,1,0,0,0,1,0,0,1,1,1,0,0,1,1,1,0,0,1,1,1,1,0,1,0,1,0,0,0,0
regs_only_warmup11_cap1024_run01,457,0,E2,F21C08B7FFC0B63F,1,1,1,1,1,1,0,0,0,1,1,0,1,1,0,1,0,0,0,0,0,0,1,1,1,1,1,1,1,1,1,1,1,1,1,0,1,1,0,1,0,0,0,1,0,0,0,0,0,0,1,1,1,0,0,0,0,1,0,0,1,1,1,1,0,1,0,0,0,1,1,1
regs_only_warmup11_cap1024_run01,458,0,9F,7A1400BFFD403EBF,1,1,1,1,1,1,0,1,0,1,1,1,1,1,0,0,0,0,0,0,0,0,1,0,1,0,1,1,1,1,1,1,1,1,1,1,1,1,0,1,0,0,0,0,0,0,0,0,0,0,1,0,1,0,0,0,0,1,0,1,1,1,1,0,1,1,1,1,1,0,0,1
regs_only_warmup11_cap1024_run01,459,0,95,7AB48BBF744ABEB5,1,0,1,0,1,1,0,1,0,1,1,1,1,1,0,1,0,1,0,1,0,0,1,0,0,0,1,0,1,1,1,0,1,1,1,1,1,1,0,1,1,1,0,1,0,0,0,1,0,0,1,0,1,1,0,1,0,1,0,1,1,1,1,0,1,0,1,0,1,0,0,1
regs_only_warmup11_cap1024_run01,460,1,89,F2BD8B747CCAB73D,1,0,1,1,1,1,0,0,1,1,1,0,1,1,0,1,0,1,0,1,0,0,1,1,0,0,1,1,1,1,1,0,0,0,1,0,1,1,1,0,1,1,0,1,0,0,0,1,1,0,1,1,1,1,0,1,0,1,0,0,1,1,1,1,1,0,0,1,0,0,0,1
regs_only_warmup11_cap1024_run01,461,1,92,FD3F037CFCC3BF3C,0,0,1,1,1,1,0,0,1,1,1,1,1,1,0,1,1,1,0,0,0,0,1,1,0,0,1,1,1,1,1,1,0,0,1,1,1,1,1,0,1,1,0,0,0,0,0,0,1,1,1,1,1,1,0,0,1,0,1,1,1,1,1,1,0,1,0,0,1,0,0,1
regs_only_warmup11_cap1024_run01,462,1,7B,7D3702ECF44B3DF4,0,0,1,0,1,1,1,1,1,0,1,1,1,1,0,0,1,1,0,1,0,0,1,0,0,0,1,0,1,1,1,1,0,0,1,1,0,1,1,1,0,1,0,0,0,0,0,0,1,1,1,0,1,1,0,0,1,0,1,1,1,1,1,0,1,1,0,1,1,1,1,0
regs_only_warmup11_cap1024_run01,463,0,FA,75BA8AC4734BB5F6,0,1,1,0,1,1,1,1,1,0,1,0,1,1,0,1,1,1,0,1,0,0,1,0,1,1,0,0,1,1,1,0,0,0,1,0,0,0,1,1,0,1,0,1,0,0,0,1,0,1,0,1,1,1,0,1,1,0,1,0,1,1,1,0,0,1,0,1,1,1,1,1
regs_only_warmup11_cap1024_run01,464,0,41,E4BA88477BC0B47F,1,1,1,1,1,1,1,0,0,0,1,0,1,1,0,1,0,0,0,0,0,0,1,1,1,1,0,1,1,1,1,0,1,1,1,0,0,0,1,0,0,0,0,1,0,0,0,1,0,1,0,1,1,1,0,1,0,0,1,0,0,1,1,1,1,0,0,0,0,0,1,0
regs_only_warmup11_cap1024_run01,465,0,5A,EE32004FFBC0BC7B,1,1,0,1,1,1,1,0,0,0,1,1,1,1,0,1,0,0,0,0,0,0,1,1,1,1,0,1,1,1,1,1,1,1,1,1,0,0,1,0,0,0,0,0,0,0,0,0,0,1,0,0,1,1,0,0,0,1,1,1,0,1,1,1,0,1,0,1,1,0,1,0
regs_only_warmup11_cap1024_run01,466,0,AE,6E300DCFF2083EF3,1,1,0,0,1,1,1,1,0,1,1,1,1,1,0,0,0,0,0,1,0,0,0,0,0,1,0,0,1,1,1,1,1,1,1,1,0,0,1,1,1,0,1,1,0,0,0,0,0,0,0,0,1,1,0,0,0,1,1,1,0,1,1,0,0,1,1,1,0,1,0,1
regs_only_warmup11_cap1024_run01,467,1,49,66B98DC6700CB7FB,1,1,0,1,1,1,1,1,1,1,1,0,1,1,0,1,0,0,1,1,0,0,0,0,0,0,0,0,1,1,1,0,0,1,1,0,0,0,1,1,1,0,1,1,0,0,0,1,1,0,0,1,1,1,0,1,0,1,1,0,0,1,1,0,1,0,0,1,0,0,1,0
regs_only_warmup11_cap1024_run01,468,1,66,E7B9854E78859778,0,0,0,1,1,1,1,0,1,1,1,0,1,0,0,1,1,0,1,0,0,0,0,1,0,0,0,1,1,1,1,0,0,1,1,1,0,0,1,0,1,0,1,0,0,0,0,1,1,0,0,1,1,1,0,1,1,1,1,0,0,1,1,1,0,1,1,0,0,1,1,0
regs_only_warmup11_cap1024_run01,469,0,5F,CF31064CF88F8F70,0,0,0,0,1,1,1,0,1,1,1,1,0,0,0,1,1,1,1,1,0,0,0,1,0,0,0,1,1,1,1,1,0,0,1,1,0,0,1,0,0,1,1,0,0,0,0,0,1,0,0,0,1,1,0,0,1,1,1,1,0,0,1,1,1,1,1,1,1,0,1,0
regs_only_warmup11_cap1024_run01,470,0,58,4D322EC4F10F0FF0,0,0,0,0,1,1,1,1,1,1,1,1,0,0,0,0,1,1,1,1,0,0,0,0,1,0,0,0,1,1,1,1,0,0,1,0,0,0,1,1,0,1,1,1,0,1,0,0,0,1,0,0,1,1,0,0,1,0,1,1,0,0,1,0,0,0,0,1,1,0,1,0
regs_only_warmup11_cap1024_run01,471,1,68,44BAAEC5792784F9,1,0,0,1,1,1,1,1,0,0,1,0,0,0,0,1,1,1,1,0,0,1,0,0,1,0,0,1,1,1,1,0,1,0,1,0,0,0,1,1,0,1,1,1,0,1,0,1,0,1,0,1,1,1,0,1,0,0,1,0,0,0,1,0,0,0,0,1,0,1,1,0
regs_only_warmup11_cap1024_run01,472,1,52,CCBAA6497BA68C7B,1,1,0,1,1,1,1,0,0,0,1,1,0,0,0,1,0,1,1,0,0,1,0,1,1,1,0,1,1,1,1,0,1,0,0,1,0,0,1,0,0,1,1,0,0,1,0,1,0,1,0,1,1,1,0,1,0,0,1,1,0,0,1,1,0,1,0,0,1,0,1,0
regs_only_warmup11_cap1024_run01,473,1,58,CC326549F2AC8853,1,1,0,0,1,0,1,0,0,0,0,1,0,0,0,1,0,0,1,1,0,1,0,1,0,1,0,0,1,1,1,1,1,0,0,1,0,0,1,0,1,0,1,0,0,1,1,0,0,1,0,0,1,1,0,0,0,0,1,1,0,0,1,1,0,0,0,1,1,0,1,0
regs_only_warmup11_cap1024_run01,474,1,FF,463B6DC2F22C01D3,1,1,0,0,1,0,1,1,1,0,0,0,0,0,0,0,0,0,1,1,0,1,0,0,0,1,0,0,1,1,1,1,0,1,0,0,0,0,1,1,1,0,1,1,0,1,1,0,1,1,0,1,1,1,0,0,0,1,1,0,0,0,1,0,1,1,1,1,1,1,1,1
regs_only_warmup11_cap1024_run01,475,0,1B,47BDF5C25E3583DA,0,1,0,1,1,0,1,1,1,1,0,0,0,0,0,1,1,0,1,0,1,1,0,0,0,1,1,1,1,0,1,0,0,1,0,0,0,0,1,1,1,0,1,0,1,1,1,1,1,0,1,1,1,1,0,1,1,1,1,0,0,0,1,0,1,1,0,1,1,0,0,0
regs_only_warmup11_cap1024_run01,476,0,BC,CB95F44A5EB58B5A,0,1,0,1,1,0,1,0,1,1,0,1,0,0,0,1,1,0,1,0,1,1,0,1,0,1,1,1,1,0,1,0,0,1,0,1,0,0,1,0,0,0,1,0,1,1,1,1,1,0,1,0,1,0,0,1,1,1,0,1,0,0,1,1,0,0,1,1,1,1,0,1
regs_only_warmup11_cap1024_run01,477,0,B9,CB147C4AD5BD8B54,0,0,1,0,1,0,1,0,1,1,0,1,0,0,0,1,1,0,1,1,1,1,0,1,1,0,1,0,1,0,1,1,0,1,0,1,0,0,1,0,0,0,1,1,1,1,1,0,0,0,1,0,1,0,0,0,1,1,0,1,0,0,1,1,1,0,0,1,1,1,0,1
regs_only_warmup11_cap1024_run01,478,1,DF,021C7EC19D3702CD,1,0,1,1,0,0,1,1,0,1,0,0,0,0,0,0,1,1,1,0,1,1,0,0,1,0,1,1,1,0,0,1,1,0,0,0,0,0,1,1,0,1,1,1,1,1,1,0,0,0,1,1,1,0,0,0,0,1,0,0,0,0,0,0,1,1,1,1,1,0,1,1
regs_only_warmup11_cap1024_run01,479,1,C1,089EF6C91D36CACD,1,0,1,1,0,0,1,1,0,1,0,1,0,0,1,1,0,1,1,0,1,1,0,0,1,0,1,1,1,0,0,0,1,0,0,1,0,0,1,1,0,1,1,0,1,1,1,1,0,1,1,1,1,0,0,1,0,0,0,1,0,0,0,0,1,0,0,0,0,0,1,1
regs_only_warmup11_cap1024_run01,480,1,6B,88D6F76915BEC845,1,0,1,0,0,0,1,0,0,0,0,1,0,0,1,1,0,1,1,1,1,1,0,1,1,0,1,0,1,0,0,0,1,0,0,1,0,1,1,0,1,1,1,0,1,1,1,1,0,1,1,0,1,0,1,1,0,0,0,1,0,0,0,1,1,1,0,1,0,1,1,0
regs_only_warmup11_cap1024_run01,481,1,A3,805F7F6096BEC145,1,0,1,0,0,0,1,0,1,0,0,0,0,0,1,1,0,1,1,1,1,1,0,1,0,1,1,0,1,0,0,1,0,0,0,0,0,1,1,0,1,1,1,1,1,1,1,0,1,1,1,1,1,0,1,0,0,0,0,0,0,0,0,1,1,1,0,0,0,1,0,1
regs_only_warmup11_cap1024_run01,482,0,BD,015F79E09E3741CE,0,1,1,1,0,0,1,1,1,0,0,0,0,0,1,0,1,1,1,0,1,1,0,0,0,1,1,1,1,0,0,1,0,0,0,0,0,1,1,1,1,0,0,1,1,1,1,0,1,1,1,1,1,0,1,0,1,0,0,0,0,0,0,0,1,0,1,1,1,1,0,1
regs_only_warmup11_cap1024_run01,483,0,15,09D7F0EA1E31C9CE,0,1,1,1,0,0,1,1,1,0,0,1,0,0,1,1,1,0,0,0,1,1,0,0,0,1,1,1,1,0,0,0,0,1,0,1,0,1,1,1,0,0,0,0,1,1,1,1,1,1,1,0,1,0,1,1,1,0,0,1,0,0,0,0,1,0,1,0,1,0,0,0
regs_only_warmup11_cap1024_run01,484,1,6D,8BC4F86A07B9C946,0,1,1,0,0,0,1,0,1,0,0,1,0,0,1,1,1,0,0,1,1,1,0,1,1,1,1,0,0,0,0,0,0,1,0,1,0,1,1,0,0,0,0,1,1,1,1,1,0,0,1,0,0,0,1,1,1,1,0,1,0,0,0,1,1,0,1,1,0,1,1,0
regs_only_warmup11_cap1024_run01,485,1,D5,834C786787B9E24F,1,1,1,1,0,0,1,0,0,1,0,0,0,1,1,1,1,0,0,1,1,1,0,1,1,1,1,0,0,0,0,1,1,1,1,0,0,1,1,0,0,0,0,1,1,1,1,0,0,0,1,1,0,0,1,0,1,1,0,0,0,0,0,1,1,0,1,0,1,0,1,1
regs_only_warmup11_cap1024_run01,486,1,F1,024C70EF8D3066CD,1,0,1,1,0,0,1,1,0,1,1,0,0,1,1,0,0,0,0,0,1,1,0,0,1,0,1,1,0,0,0,1,1,1,1,1,0,1,1,1,0,0,0,0,1,1,1,0,0,0,1,1,0,0,1,0,0,1,0,0,0,0,0,0,1,0,0,0,1,1,1,1
regs_only_warmup11_cap1024_run01,487,1,D2,2AC4F3EF0C3A6EC5,1,0,1,0,0,0,1,1,0,1,1,1,0,1,1,0,0,1,0,1,1,1,0,0,0,0,1,1,0,0,0,0,1,1,1,1,0,1,1,1,1,1,0,0,1,1,1,1,0,0,1,0,0,0,1,1,0,1,0,1,0,1,0,0,0,1,0,0,1,0,1,1
regs_only_warmup11_cap1024_run01,488,0,9F,A8C5DB6404BAEF45,1,0,1,0,0,0,1,0,1,1,1,1,0,1,1,1,0,1,0,1,1,1,0,1,0,0,1,0,0,0,0,0,0,0,1,0,0,1,1,0,1,1,0,1,1,0,1,1,1,0,1,0,0,0,1,1,0,0,0,1,0,1,0,1,1,1,1,1,1,0,0,1
regs_only_warmup11_cap1024_run01,489,0,6F,A54F5B248CD3E54C,0,0,1,1,0,0,1,0,1,0,1,0,0,1,1,1,1,1,0,0,1,0,1,1,0,0,1,1,0,0,0,1,0,0,1,0,0,1,0,0,1,1,0,1,1,0,1,0,1,1,1,1,0,0,1,0,1,0,1,0,0,1,0,1,1,1,1,1,0,1,1,0
regs_only_warmup11_cap1024_run01,490,0,93,AD4753BC8E536DEC,0,0,1,1,0,1,1,1,1,0,1,1,0,1,1,0,1,1,0,0,1,0,1,0,0,1,1,1,0,0,0,1,0,0,1,1,1,1,0,1,1,1,0,0,1,0,1,0,1,1,1,0,0,0,1,0,1,0,1,1,0,1,0,1,1,1,0,0,1,0,0,1
regs_only_warmup11_cap1024_run01,491,0,57,2DC2D2BC035B6DE6,0,1,1,0,0,1,1,1,1,0,1,1,0,1,1,0,1,1,0,1,1,0,1,0,1,1,0,0,0,0,0,0,0,0,1,1,1,1,0,1,0,1,0,0,1,0,1,1,0,1,0,0,0,0,1,1,1,0,1,1,0,1,0,0,1,1,1,0,1,0,1,0
regs_only_warmup11_cap1024_run01,492,1,1C,A5CAD83723D9E427,1,1,1,0,0,1,0,0,0,0,1,0,0,1,1,1,1,0,0,1,1,0,1,1,1,1,0,0,0,1,0,0,1,1,1,0,1,1,0,0,0,0,0,1,1,0,1,1,0,1,0,1,0,0,1,1,1,0,1,0,0,1,0,1,0,0,1,1,1,0,0,0
regs_only_warmup11_cap1024_run01,493,1,BC,B6485837ABD0E42B,1,1,0,1,0,1,0,0,0,0,1,0,0,1,1,1,0,0,0,0,1,0,1,1,1,1,0,1,0,1,0,1,1,1,1,0,1,1,0,0,0,0,0,1,1,0,1,0,0,0,0,1,0,0,1,0,0,1,1,0,1,1,0,1,0,0,1,1,1,1,0,1
regs_only_warmup11_cap1024_run01,494,1,B3,3E6051BFAA506EAB,1,1,0,1,0,1,0,1,0,1,1,1,0,1,1,0,0,0,0,0,1,0,1,0,0,1,0,1,0,1,0,1,1,1,1,1,1,1,0,1,1,0,0,0,1,0,1,0,0,0,0,0,0,1,1,0,0,1,1,1,1,1,0,0,1,1,0,0,1,1,0,1
regs_only_warmup11_cap1024_run01,495,1,8A,3EE1DDBE205CEFA3,1,1,0,0,0,1,0,1,1,1,1,1,0,1,1,1,0,0,1,1,1,0,1,0,0,0,0,0,0,1,0,0,0,1,1,1,1,1,0,1,1,0,1,1,1,0,1,1,1,0,0,0,0,1,1,1,0,1,1,1,1,1,0,0,0,1,0,1,0,0,0,1
regs_only_warmup11_cap1024_run01,496,1,62,B7E9DF3628D7F728,0,0,0,1,0,1,0,0,1,1,1,0,1,1,1,1,1,1,1,0,1,0,1,1,0,0,0,1,0,1,0,0,0,1,1,0,1,1,0,0,1,1,1,1,1,0,1,1,1,0,0,1,0,1,1,1,1,1,1,0,1,1,0,1,0,1,0,0,0,1,1,0
regs_only_warmup11_cap1024_run01,497,1,B8,BF6957BCA8D7FF28,0,0,0,1,0,1,0,0,1,1,1,1,1,1,1,1,1,1,1,0,1,0,1,1,0,0,0,1,0,1,0,1,0,0,1,1,1,1,0,1,1,1,1,0,1,0,1,0,1,0,0,1,0,1,1,0,1,1,1,1,1,1,0,1,0,0,0,1,1,1,0,1
regs_only_warmup11_cap1024_run01,498,0,CA,3D62569CA15F7FA0,0,0,0,0,0,1,0,1,1,1,1,1,1,1,1,0,1,1,1,1,1,0,1,0,1,0,0,0,0,1,0,1,0,0,1,1,1,0,0,1,0,1,1,0,1,0,1,0,0,1,0,0,0,1,1,0,1,0,1,1,1,1,0,0,0,1,0,1,0,0,1,1
regs_only_warmup11_cap1024_run01,499,0,C3,34EADE95215FF4A1,1,0,0,0,0,1,0,1,0,0,1,0,1,1,1,1,1,1,1,1,1,0,1,0,1,0,0,0,0,1,0,0,1,0,1,0,1,0,0,1,0,1,1,1,1,0,1,1,0,1,0,1,0,1,1,1,0,0,1,0,1,1,0,0,1,1,0,0,0,0,1,1
regs_only_warmup11_cap1024_run01,500,0,56,B4EADE152BD6F42B,1,1,0,1,0,1,0,0,0,0,1,0,1,1,1,1,0,1,1,0,1,0,1,1,1,1,0,1,0,1,0,0,1,0,1,0,1,0,0,0,0,1,1,1,1,0,1,1,0,1,0,1,0,1,1,1,0,0,1,0,1,1,0,1,0,1,1,0,1,0,1,0
regs_only_warmup11_cap1024_run01,501,0,68,FC62159FEAD4FC2B,1,1,0,1,0,1,0,0,0,0,1,1,1,1,1,1,0,0,1,0,1,0,1,1,0,1,0,1,0,1,1,1,1,1,1,1,1,0,0,1,1,0,1,0,1,0,0,0,0,1,0,0,0,1,1,0,0,0,1,1,1,1,1,1,0,0,0,1,0,1,1,0
regs_only_warmup11_cap1024_run01,502,1,00,7E63059AE25C7DA3,1,1,0,0,0,1,0,1,1,0,1,1,1,1,1,0,0,0,1,1,1,0,1,0,0,1,0,0,0,1,1,1,0,1,0,1,1,0,0,1,1,0,1,0,0,0,0,0,1,1,0,0,0,1,1,0,0,1,1,1,1,1,1,0,0,0,0,0,0,0,0,0
regs_only_warmup11_cap1024_run01,503,0,5A,77E98D92624DD3AA,0,1,0,1,0,1,0,1,1,1,0,0,1,0,1,1,1,0,1,1,0,0,1,0,0,1,0,0,0,1,1,0,0,1,0,0,1,0,0,1,1,0,1,1,0,0,0,1,1,0,0,1,0,1,1,1,1,1,1,0,1,1,1,0,0,1,0,1,1,0,1,0
regs_only_warmup11_cap1024_run01,504,0,72,D7E9851A6CC5D33A,0,1,0,1,1,1,0,0,1,1,0,0,1,0,1,1,1,0,1,0,0,0,1,1,0,0,1,1,0,1,1,0,0,1,0,1,1,0,0,0,1,0,1,0,0,0,0,1,1,0,0,1,0,1,1,1,1,1,1,0,1,0,1,1,0,1,0,0,1,1,1,0
regs_only_warmup11_cap1024_run01,505,0,C4,DF64249AEDCDDB30,0,0,0,0,1,1,0,0,1,1,0,1,1,0,1,1,1,0,1,1,0,0,1,1,1,0,1,1,0,1,1,1,0,1,0,1,1,0,0,1,0,0,1,0,0,1,0,0,0,0,1,0,0,1,1,0,1,1,1,1,1,0,1,1,0,0,1,0,0,0,1,1
regs_only_warmup11_cap1024_run01,506,1,D9,5B642E91E56F5AB5,1,0,1,0,1,1,0,1,0,1,0,1,1,0,1,0,1,1,1,1,0,1,1,0,1,0,1,0,0,1,1,1,1,0,0,0,1,0,0,1,0,1,1,1,0,1,0,0,0,0,1,0,0,1,1,0,1,1,0,1,1,0,1,0,1,0,0,1,1,0,1,1
regs_only_warmup11_cap1024_run01,507,1,38,50EEAE916D66D2BD,1,0,1,1,1,1,0,1,0,1,0,0,1,0,1,1,0,1,1,0,0,1,1,0,1,0,1,1,0,1,1,0,1,0,0,0,1,0,0,1,0,1,1,1,0,1,0,1,0,1,1,1,0,1,1,1,0,0,0,0,1,0,1,0,0,0,0,1,1,1,0,0
regs_only_warmup11_cap1024_run01,508,1,7E,D8AEA7196DE6981D,1,0,1,1,1,0,0,0,0,0,0,1,1,0,0,1,0,1,1,0,0,1,1,1,1,0,1,1,0,1,1,0,1,0,0,1,1,0,0,0,1,1,1,0,0,1,0,1,0,1,1,1,0,1,0,1,0,0,0,1,1,0,1,1,0,1,1,1,1,1,1,0
regs_only_warmup11_cap1024_run01,509,0,0A,D8272799E6EE1917,1,1,1,0,1,0,0,0,1,0,0,1,1,0,0,0,0,1,1,1,0,1,1,1,0,1,1,0,0,1,1,1,1,0,0,1,1,0,0,1,1,1,1,0,0,1,0,0,1,1,1,0,0,1,0,0,0,0,0,1,1,0,1,1,0,1,0,1,0,0,0,0
regs_only_warmup11_cap1024_run01,510,0,8C,513F2D90D66D1196,0,1,1,0,1,0,0,1,1,0,0,0,1,0,0,0,1,0,1,1,0,1,1,0,0,1,1,0,1,0,1,1,0,0,0,0,1,0,0,1,1,0,1,1,0,1,0,0,1,1,1,1,1,1,0,0,1,0,0,0,1,0,1,0,0,0,1,1,0,0,0,1
regs_only_warmup11_cap1024_run01,511,1,8B,519FA9125E65919E,0,1,1,1,1,0,0,1,1,0,0,0,1,0,0,1,1,0,1,0,0,1,1,0,0,1,1,1,1,0,1,0,0,1,0,0,1,0,0,0,1,0,0,1,0,1,0,1,1,1,1,1,1,0,0,1,1,0,0,0,1,0,1,0,1,1,0,1,0,0,0,1
regs_only_warmup11_cap1024_run01,512,1,02,DB95A05A5FE19B1E,0,1,1,1,1,0,0,0,1,1,0,1,1,0,0,1,1,0,0,0,0,1,1,1,1,1,1,1,1,0,1,0,0,1,0,1,1,0,1,0,0,0,0,0,0,1,0,1,1,0,1,0,1,0,0,1,1,1,0,1,1,0,1,1,0,1,0,0,0,0,0,0
regs_only_warmup11_cap1024_run01,513,1,07,DB1428DBD7E91A16,0,1,1,0,1,0,0,0,0,1,0,1,1,0,0,0,1,0,0,1,0,1,1,1,1,1,1,0,1,0,1,1,1,1,0,1,1,0,1,1,0,0,0,1,0,1,0,0,0,0,1,0,1,0,0,0,1,1,0,1,1,0,1,1,1,1,1,0,0,0,0,0
regs_only_warmup11_cap1024_run01,514,1,C4,521C28D7DD6812DD,1,0,1,1,1,0,1,1,0,1,0,0,1,0,0,0,0,0,0,1,0,1,1,0,1,0,1,1,1,0,1,1,1,1,1,0,1,0,1,1,0,0,0,1,0,1,0,0,0,0,1,1,1,0,0,0,0,1,0,0,1,0,1,0,0,0,1,0,0,0,1,1
regs_only_warmup11_cap1024_run01,515,1,9E,529CA35D5D629EDD,1,0,1,1,1,0,1,1,0,1,1,1,1,0,0,1,0,1,0,0,0,1,1,0,1,0,1,1,1,0,1,0,1,0,1,1,1,0,1,0,1,1,0,0,0,1,0,1,0,0,1,1,1,0,0,1,0,1,0,0,1,0,1,0,0,1,1,1,1,0,0,1
regs_only_warmup11_cap1024_run01,516,1,4C,D897A37D54EA9F55,1,0,1,0,1,0,1,0,1,1,1,1,1,0,0,1,0,1,0,1,0,1,1,1,0,0,1,0,1,0,1,0,1,0,1,1,1,1,1,0,1,1,0,0,0,1,0,1,1,1,1,0,1,0,0,1,0,0,0,1,1,0,1,1,0,0,1,1,0,0,1,0
regs_only_warmup11_cap1024_run01,517,1,43,D11F2BE4D4EB1554,0,0,1,0,1,0,1,0,1,0,1,0,1,0,0,0,1,1,0,1,0,1,1,1,0,0,1,0,1,0,1,1,0,0,1,0,0,1,1,1,1,1,0,1,0,1,0,0,1,1,1,1,1,0,0,0,1,0,0,0,1,0,1,1,1,1,0,0,0,0,1,0
regs_only_warmup11_cap1024_run01,518,1,C7,511F2BE4DE2315DC,0,0,1,1,1,0,1,1,1,0,1,0,1,0,0,0,1,1,0,0,0,1,0,0,0,1,1,1,1,0,1,1,0,0,1,0,0,1,1,1,1,1,0,1,0,1,0,0,1,1,1,1,1,0,0,0,1,0,0,0,1,0,1,0,1,1,1,0,0,0,1,1
regs_only_warmup11_cap1024_run01,519,1,66,4D97A26C5F239DDE,0,1,1,1,1,0,1,1,1,0,1,1,1,0,0,1,1,1,0,0,0,1,0,0,1,1,1,1,1,0,1,0,0,0,1,1,0,1,1,0,0,1,0,0,0,1,0,1,1,1,1,0,1,0,0,1,1,0,1,1,0,0,1,0,0,1,1,0,0,1,1,0
regs_only_warmup11_cap1024_run01,520,0,A8,CD96A86F57A99C56,0,1,1,0,1,0,1,0,0,0,1,1,1,0,0,1,1,0,0,1,0,1,0,1,1,1,1,0,1,0,1,0,1,1,1,1,0,1,1,0,0,0,0,1,0,1,0,1,0,1,1,0,1,0,0,1,1,0,1,1,0,0,1,1,0,0,0,1,0,1,0,1
regs_only_warmup11_cap1024_run01,521,1,0E,C61828E7D3A8345F,1,1,1,1,1,0,1,0,0,0,1,0,1,1,0,0,0,0,0,1,0,1,0,1,1,1,0,0,1,0,1,1,1,1,1,0,0,1,1,1,0,0,0,1,0,1,0,0,0,0,0,1,1,0,0,0,0,1,1,0,0,0,1,1,0,1,1,1,0,0,0,0
regs_only_warmup11_cap1024_run01,522,0,95,461821EFDB2036DF,1,1,1,1,1,0,1,1,0,1,1,0,1,1,0,0,0,0,0,0,0,1,0,0,1,1,0,1,1,0,1,1,1,1,1,1,0,1,1,1,1,0,0,0,0,1,0,0,0,0,0,1,1,0,0,0,0,1,1,0,0,0,1,0,1,0,1,0,1,0,0,1
regs_only_warmup11_cap1024_run01,523,0,D8,6E9181EF5828BED1,1,0,0,0,1,0,1,1,0,1,1,1,1,1,0,1,0,0,0,1,0,1,0,0,0,0,0,1,1,0,1,0,1,1,1,1,0,1,1,1,1,0,0,0,0,0,0,1,1,0,0,0,1,0,0,1,0,1,1,1,0,1,1,0,0,0,0,1,1,0,1,1
regs_only_warmup11_cap1024_run01,524,0,E0,EF918F6650AAAF50,0,0,0,0,1,0,1,0,1,1,1,1,0,1,0,1,0,1,0,1,0,1,0,1,0,0,0,0,1,0,1,0,0,1,1,0,0,1,1,0,1,1,1,1,0,0,0,1,1,0,0,0,1,0,0,1,1,1,1,1,0,1,1,1,0,0,0,0,0,1,1,1
regs_only_warmup11_cap1024_run01,525,1,E1,E5194FE4D8872758,0,0,0,1,1,0,1,0,1,1,1,0,0,1,0,0,1,1,1,0,0,0,0,1,0,0,0,1,1,0,1,1,0,0,1,0,0,1,1,1,1,1,1,1,0,0,1,0,1,0,0,1,1,0,0,0,1,0,1,0,0,1,1,1,1,0,0,0,0,1,1,1
regs_only_warmup11_cap1024_run01,526,0,BD,6D1B46ECD9072DF8,0,0,0,1,1,1,1,1,1,0,1,1,0,1,0,0,1,1,1,0,0,0,0,0,1,0,0,1,1,0,1,1,0,0,1,1,0,1,1,1,0,1,1,0,0,0,1,0,1,1,0,1,1,0,0,0,1,0,1,1,0,1,1,0,1,0,1,1,1,1,0,1
regs_only_warmup11_cap1024_run01,527,0,C0,6D92C6ED530FACF0,0,0,0,0,1,1,1,1,0,0,1,1,0,1,0,1,1,1,1,1,0,0,0,0,1,1,0,0,1,0,1,0,1,0,1,1,0,1,1,1,0,1,1,0,0,0,1,1,0,1,0,0,1,0,0,1,1,0,1,1,0,1,1,0,0,0,0,0,0,0,1,1
regs_only_warmup11_cap1024_run01,528,0,2B,E49ACE65738EA473,1,1,0,0,1,1,1,0,0,0,1,0,0,1,0,1,0,1,1,1,0,0,0,1,1,1,0,0,1,1,1,0,1,0,1,0,0,1,1,0,0,1,1,1,0,0,1,1,0,1,0,1,1,0,0,1,0,0,1,0,0,1,1,1,1,1,0,1,0,1,0,0
regs_only_warmup11_cap1024_run01,529,0,48,E41A4DE7FB84247B,1,1,0,1,1,1,1,0,0,0,1,0,0,1,0,0,0,0,1,0,0,0,0,1,1,1,0,1,1,1,1,1,1,1,1,0,0,1,1,1,1,0,1,1,0,0,1,0,0,1,0,1,1,0,0,0,0,0,1,0,0,1,1,1,0,0,0,1,0,0,1,0
regs_only_warmup11_cap1024_run01,530,0,4B,2E3155EBBA142CFB,1,1,0,1,1,1,1,1,0,0,1,1,0,1,0,0,0,0,1,0,1,0,0,0,0,1,0,1,1,1,0,1,1,1,0,1,0,1,1,1,1,0,1,0,1,0,1,0,1,0,0,0,1,1,0,0,0,1,1,1,0,1,0,0,1,1,0,1,0,0,1,0
regs_only_warmup11_cap1024_run01,531,1,0C,2EB1DD6A321CEBF3,1,1,0,0,1,1,1,1,1,1,0,1,0,1,1,1,0,0,1,1,1,0,0,0,0,1,0,0,1,1,0,0,0,1,0,1,0,1,1,0,1,0,1,1,1,0,1,1,1,0,0,0,1,1,0,1,0,1,1,1,0,1,0,0,0,0,1,1,0,0,0,0
regs_only_warmup11_cap1024_run01,532,0,97,A7F9DD62309DE37A,0,1,0,1,1,1,1,0,1,1,0,0,0,1,1,1,1,0,1,1,1,0,0,1,0,0,0,0,1,1,0,0,0,1,0,0,0,1,1,0,1,0,1,1,1,0,1,1,1,0,0,1,1,1,1,1,1,1,1,0,0,1,0,1,1,1,1,0,1,0,0,1
regs_only_warmup11_cap1024_run01,533,1,D7,A77956EABD976B68,0,0,0,1,0,1,1,0,1,1,0,1,0,1,1,0,1,1,1,0,1,0,0,1,1,0,1,1,1,1,0,1,0,1,0,1,0,1,1,1,0,1,1,0,1,0,1,0,1,0,0,1,1,1,1,0,1,1,1,0,0,1,0,1,1,1,1,0,1,0,1,1
regs_only_warmup11_cap1024_run01,534,0,8D,2F7456C9B51F6AE0,0,0,0,0,0,1,1,1,0,1,0,1,0,1,1,0,1,1,1,1,1,0,0,0,1,0,1,0,1,1,0,1,1,0,0,1,0,0,1,1,0,1,1,0,1,0,1,0,0,0,1,0,1,1,1,0,1,1,1,1,0,1,0,0,1,0,1,1,0,0,0,1
regs_only_warmup11_cap1024_run01,535,0,81,20F6DE41351EE2E5,1,0,1,0,0,1,1,1,0,1,0,0,0,1,1,1,0,1,1,1,1,0,0,0,1,0,1,0,1,1,0,0,1,0,0,0,0,0,1,0,0,1,1,1,1,0,1,1,0,1,1,0,1,1,1,1,0,0,0,0,0,1,0,0,1,0,0,0,0,0,0,1
regs_only_warmup11_cap1024_run01,536,0,4B,A0FEDE413D96E06D,1,0,1,1,0,1,1,0,0,0,0,0,0,1,1,1,0,1,1,0,1,0,0,1,1,0,1,1,1,1,0,0,1,0,0,0,0,0,1,0,0,1,1,1,1,0,1,1,0,1,1,1,1,1,1,1,0,0,0,0,0,1,0,1,1,1,0,1,0,0,1,0
regs_only_warmup11_cap1024_run01,537,0,E2,A87657C9BE96686F,1,1,1,1,0,1,1,0,0,0,0,1,0,1,1,0,0,1,1,0,1,0,0,1,0,1,1,1,1,1,0,1,1,0,0,1,0,0,1,1,1,1,1,0,1,0,1,0,0,1,1,0,1,1,1,0,0,0,0,1,0,1,0,1,0,1,0,0,0,1,1,1
regs_only_warmup11_cap1024_run01,538,0,0C,287755CAB61C69E7,1,1,1,0,0,1,1,1,1,0,0,1,0,1,1,0,0,0,1,1,1,0,0,0,0,1,1,0,1,1,0,1,0,1,0,1,0,0,1,1,1,0,1,0,1,0,1,0,1,1,1,0,1,1,1,0,0,0,0,1,0,1,0,0,0,0,1,1,0,0,0,0
regs_only_warmup11_cap1024_run01,539,0,89,23EDDD42261DE1E6,0,1,1,0,0,1,1,1,1,0,0,0,0,1,1,1,1,0,1,1,1,0,0,0,0,1,1,0,0,1,0,0,0,1,0,0,0,0,1,0,1,0,1,1,1,0,1,1,1,0,1,1,0,1,1,1,1,1,0,0,0,1,0,0,1,0,0,1,0,0,0,1
regs_only_warmup11_cap1024_run01,540,0,81,83EDD40A2E95C36E,0,1,1,1,0,1,1,0,1,1,0,0,0,0,1,1,1,0,1,0,1,0,0,1,0,1,1,1,0,1,0,0,0,1,0,1,0,0,0,0,0,0,1,0,1,0,1,1,1,0,1,1,0,1,1,1,1,1,0,0,0,0,0,1,1,0,0,0,0,0,0,1
regs_only_warmup11_cap1024_run01,541,0,78,8B64708AADDD4B66,0,1,1,0,0,1,1,0,1,1,0,1,0,0,1,0,1,0,1,1,1,0,1,1,1,0,1,1,0,1,0,1,0,1,0,1,0,0,0,1,0,0,0,0,1,1,1,0,0,0,1,0,0,1,1,0,1,1,0,1,0,0,0,1,0,0,0,1,1,1,1,0
regs_only_warmup11_cap1024_run01,542,0,53,0A647883A5784AE5,1,0,1,0,0,1,1,1,0,1,0,1,0,0,1,0,0,0,0,1,1,1,1,0,1,0,1,0,0,1,0,1,1,1,0,0,0,0,0,1,0,0,0,1,1,1,1,0,0,0,1,0,0,1,1,0,0,1,0,1,0,0,0,0,1,1,0,0,1,0,1,0
regs_only_warmup11_cap1024_run01,543,0,D3,02ECFA012D72C2AD,1,0,1,1,0,1,0,1,0,1,0,0,0,0,1,1,0,1,0,0,1,1,1,0,1,0,1,1,0,1,0,0,1,0,0,0,0,0,0,0,0,1,0,1,1,1,1,1,0,0,1,1,0,1,1,1,0,1,0,0,0,0,0,0,1,1,0,0,1,0,1,1
regs_only_warmup11_cap1024_run01,544,1,1D,88EEF30D2CF2CA0D,1,0,1,1,0,0,0,0,0,1,0,1,0,0,1,1,0,1,0,0,1,1,1,1,0,0,1,1,0,1,0,0,1,0,1,1,0,0,0,0,1,1,0,0,1,1,1,1,0,1,1,1,0,1,1,1,0,0,0,1,0,0,0,1,1,0,1,1,1,0,0,0
regs_only_warmup11_cap1024_run01,545,0,78,8867738CA4FA4D05,1,0,1,0,0,0,0,0,1,0,1,1,0,0,1,0,0,1,0,1,1,1,1,1,0,0,1,0,0,1,0,1,0,0,1,1,0,0,0,1,1,1,0,0,1,1,1,0,1,1,1,0,0,1,1,0,0,0,0,1,0,0,0,1,0,0,0,1,1,1,1,0
regs_only_warmup11_cap1024_run01,546,0,9B,016F7B94867B4586,0,1,1,0,0,0,0,1,1,0,1,0,0,0,1,0,1,1,0,1,1,1,1,0,0,1,1,0,0,0,0,1,0,0,1,0,1,0,0,1,1,1,0,1,1,1,1,0,1,1,1,1,0,1,1,0,1,0,0,0,0,0,0,0,1,1,0,1,1,0,0,1
regs_only_warmup11_cap1024_run01,547,1,A8,01CFF8140E71C58E,0,1,1,1,0,0,0,1,1,0,1,0,0,0,1,1,1,0,0,0,1,1,1,0,0,1,1,1,0,0,0,0,0,0,1,0,1,0,0,0,0,0,0,1,1,1,1,1,1,1,1,1,0,0,1,1,1,0,0,0,0,0,0,0,0,0,0,1,0,1,0,1
regs_only_warmup11_cap1024_run01,548,0,87,9BC6F01E0FF1CD0E,0,1,1,1,0,0,0,0,1,0,1,1,0,0,1,1,1,0,0,0,1,1,1,1,1,1,1,1,0,0,0,0,0,1,1,1,1,0,0,0,0,0,0,0,1,1,1,1,0,1,1,0,0,0,1,1,1,1,0,1,1,0,0,1,1,1,1,0,0,0,0,1
regs_only_warmup11_cap1024_run01,549,0,81,9E44789F87F94E07,1,1,1,0,0,0,0,0,0,1,1,1,0,0,1,0,1,0,0,1,1,1,1,1,1,1,1,0,0,0,0,1,1,1,1,1,1,0,0,1,0,0,0,1,1,1,1,0,0,0,1,0,0,0,1,0,0,1,1,1,1,0,0,1,1,0,0,0,0,0,0,1
regs_only_warmup11_cap1024_run01,550,0,9B,164878978378468F,1,1,1,1,0,0,0,1,0,1,1,0,0,0,1,0,0,0,0,1,1,1,1,0,1,1,0,0,0,0,0,1,1,1,1,0,1,0,0,1,0,0,0,1,1,1,1,0,0,0,0,1,0,0,1,0,0,1,1,0,1,0,0,0,1,1,0,1,1,0,0,1
regs_only_warmup11_cap1024_run01,551,0,FC,16C8F1BF0870C68D,1,0,1,1,0,0,0,1,0,1,1,0,0,0,1,1,0,0,0,0,1,1,1,0,0,0,0,1,0,0,0,0,1,1,1,1,1,1,0,1,1,0,0,0,1,1,1,1,0,0,0,1,0,0,1,1,0,1,1,0,1,0,0,0,0,0,1,1,1,1,1,1
regs_only_warmup11_cap1024_run01,552,0,C3,9EC1F33C00FADF01,1,0,0,0,0,0,0,0,1,1,1,1,1,0,1,1,0,1,0,1,1,1,1,1,0,0,0,0,0,0,0,0,0,0,1,1,1,1,0,0,1,1,0,0,1,1,1,1,1,0,0,0,0,0,1,1,0,1,1,1,1,0,0,1,1,1,0,0,0,0,1,1
regs_only_warmup11_cap1024_run01,553,0,E6,D5433BB4C0FB5700,0,0,0,0,0,0,0,0,1,1,1,0,1,0,1,0,1,1,0,1,1,1,1,1,0,0,0,0,0,0,1,1,0,0,1,0,1,1,0,1,1,1,0,1,1,1,0,0,1,1,0,0,0,0,1,0,1,0,1,0,1,0,1,1,0,1,1,0,0,1,1,1
regs_only_warmup11_cap1024_run01,554,1,28,554B3EB4C8775588,0,0,0,1,0,0,0,1,1,0,1,0,1,0,1,0,1,1,1,0,1,1,1,0,0,0,0,1,0,0,1,1,0,0,1,0,1,1,0,1,0,1,1,1,1,1,0,0,1,1,0,1,0,0,1,0,1,0,1,0,1,0,1,0,0,0,0,1,0,1,0,0
regs_only_warmup11_cap1024_run01,555,0,E1,5DC2B63C4B77DD8A,0,1,0,1,0,0,0,1,1,0,1,1,1,0,1,1,1,1,1,0,1,1,1,0,1,1,0,1,0,0,1,0,0,0,1,1,1,1,0,0,0,1,1,0,1,1,0,1,0,1,0,0,0,0,1,1,1,0,1,1,1,0,1,0,1,0,0,0,0,1,1,1
regs_only_warmup11_cap1024_run01,556,0,DC,DCC2B43D43FDFC03,1,1,0,0,0,0,0,0,0,0,1,1,1,1,1,1,1,0,1,1,1,1,1,1,1,1,0,0,0,0,1,0,1,0,1,1,1,1,0,0,0,0,1,0,1,1,0,1,0,1,0,0,0,0,1,1,0,0,1,1,1,0,1,1,0,0,1,1,1,0,1,1
regs_only_warmup11_cap1024_run01,557,1,60,D44A2CB7C3FC7403,1,1,0,0,0,0,0,0,0,0,1,0,1,1,1,0,0,0,1,1,1,1,1,1,1,1,0,0,0,0,1,1,1,1,1,0,1,1,0,1,0,0,1,1,0,1,0,0,0,1,0,1,0,0,1,0,0,0,1,0,1,0,1,1,0,0,0,0,0,1,1,0
regs_only_warmup11_cap1024_run01,558,0,90,764805BFCA74748B,1,1,0,1,0,0,0,1,0,0,1,0,1,1,1,0,0,0,1,0,1,1,1,0,0,1,0,1,0,0,1,1,1,1,1,1,1,1,0,1,1,0,1,0,0,0,0,0,0,0,0,1,0,0,1,0,0,1,1,0,1,1,1,0,0,0,0,0,1,0,0,1
regs_only_warmup11_cap1024_run01,559,0,3E,7E81853E4A4CBF93,1,1,0,0,1,0,0,1,1,1,1,1,1,1,0,1,0,0,1,1,0,0,1,0,0,1,0,1,0,0,1,0,0,1,1,1,1,1,0,0,1,0,1,0,0,0,0,1,1,0,0,0,0,0,0,1,0,1,1,1,1,1,1,0,0,1,1,1,1,1,0,0
regs_only_warmup11_cap1024_run01,560,1,0E,FF818D3640CDBF30,0,0,0,0,1,1,0,0,1,1,1,1,1,1,0,1,1,0,1,1,0,0,1,1,0,0,0,0,0,0,1,0,0,1,1,0,1,1,0,0,1,0,1,1,0,0,0,1,1,0,0,0,0,0,0,1,1,1,1,1,1,1,1,1,0,1,1,1,0,0,0,0
regs_only_warmup11_cap1024_run01,561,1,BF,F7090EB0C8C73738,0,0,0,1,1,1,0,0,1,1,1,0,1,1,0,0,1,1,1,0,0,0,1,1,0,0,0,1,0,0,1,1,0,0,0,0,1,1,0,1,0,1,1,1,0,0,0,0,1,0,0,1,0,0,0,0,1,1,1,0,1,1,1,1,1,1,1,1,1,1,0,1
regs_only_warmup11_cap1024_run01,562,1,0A,7D0A06B8E9473BB8,0,0,0,1,1,1,0,1,1,1,0,1,1,1,0,0,1,1,1,0,0,0,1,0,1,0,0,1,0,1,1,1,0,0,0,1,1,1,0,1,0,1,1,0,0,0,0,0,0,1,0,1,0,0,0,0,1,0,1,1,1,1,1,0,0,1,0,1,0,0,0,0
regs_only_warmup11_cap1024_run01,563,0,BC,7C828679614FB8B1,1,0,0,0,1,1,0,1,0,0,0,1,1,1,0,1,1,1,1,1,0,0,1,0,1,0,0,0,0,1,1,0,1,0,0,1,1,1,1,0,0,1,1,0,0,0,0,1,0,1,0,0,0,0,0,1,0,0,1,1,1,1,1,0,0,0,1,1,1,1,0,1
regs_only_warmup11_cap1024_run01,564,1,CE,F4AE8E7167CEB071,1,0,0,0,1,1,1,0,0,0,0,0,1,1,0,1,0,1,1,1,0,0,1,1,1,1,1,0,0,1,1,0,1,0,0,0,1,1,1,0,0,1,1,1,0,0,0,1,0,1,1,1,0,1,0,1,0,0,1,0,1,1,1,1,0,1,1,1,0,0,1,1
regs_only_warmup11_cap1024_run01,565,0,19,F02E0FF1FEC6307F,1,1,1,1,1,1,1,0,0,0,0,0,1,1,0,0,0,1,1,0,0,0,1,1,0,1,1,1,1,1,1,1,1,0,0,0,1,1,1,1,1,1,1,1,0,0,0,0,0,1,1,1,0,1,0,0,0,0,0,0,1,1,1,1,1,0,0,1,1,0,0,0
regs_only_warmup11_cap1024_run01,566,1,48,783705FAFE4439FF,1,1,1,1,1,1,1,1,1,0,0,1,1,1,0,0,0,0,1,0,0,0,1,0,0,1,1,1,1,1,1,1,0,1,0,1,1,1,1,1,1,0,1,0,0,0,0,0,1,1,1,0,1,1,0,0,0,0,0,1,1,1,1,0,0,0,0,1,0,0,1,0
regs_only_warmup11_cap1024_run01,567,0,5A,7BB58D7A764DB9F6,0,1,1,0,1,1,1,1,1,0,0,1,1,1,0,1,1,0,1,1,0,0,1,0,0,1,1,0,1,1,1,0,0,1,0,1,1,1,1,0,1,0,1,1,0,0,0,1,1,0,1,0,1,1,0,1,1,1,0,1,1,1,1,0,0,1,0,1,1,0,1,0
regs_only_warmup11_cap1024_run01,568,0,3A,F3BD8C52768DB37E,0,1,1,1,1,1,1,0,1,1,0,0,1,1,0,1,1,0,1,1,0,0,0,1,0,1,1,0,1,1,1,0,0,1,0,0,1,0,1,0,0,0,1,1,0,0,0,1,1,0,1,1,1,1,0,1,1,1,0,0,1,1,1,1,0,1,0,1,1,1,0,0
regs_only_warmup11_cap1024_run01,569,0,3F,F33C04DAFD853B7C,0,0,1,1,1,1,1,0,1,1,0,1,1,1,0,0,1,0,1,0,0,0,0,1,1,0,1,1,1,1,1,1,0,1,0,1,1,0,1,1,0,0,1,0,0,0,0,0,0,0,1,1,1,1,0,0,1,1,0,0,1,1,1,1,1,1,1,1,1,1,0,0
regs_only_warmup11_cap1024_run01,570,0,E0,7A3402DBF50F3AF5,1,0,1,0,1,1,1,1,0,1,0,1,1,1,0,0,1,1,1,1,0,0,0,0,1,0,1,0,1,1,1,1,1,1,0,1,1,0,1,1,0,1,0,0,0,0,0,0,0,0,1,0,1,1,0,0,0,1,0,1,1,1,1,0,0,0,0,0,0,1,1,1
regs_only_warmup11_cap1024_run01,571,1,BC,70B48A51750EB2F5,1,0,1,0,1,1,1,1,0,1,0,0,1,1,0,1,0,1,1,1,0,0,0,0,1,0,1,0,1,1,1,0,1,0,0,0,1,0,1,0,0,1,0,1,0,0,0,1,0,0,1,0,1,1,0,1,0,0,0,0,1,1,1,0,0,0,1,1,1,1,0,1
regs_only_warmup11_cap1024_run01,572,0,1A,F0BE8B517C82B07D,1,0,1,1,1,1,1,0,0,0,0,0,1,1,0,1,0,1,0,0,0,0,0,1,0,0,1,1,1,1,1,0,1,0,0,0,1,0,1,0,1,1,0,1,0,0,0,1,0,1,1,1,1,1,0,1,0,0,0,0,1,1,1,1,0,1,0,1,1,0,0,0
regs_only_warmup11_cap1024_run01,573,1,D8,F83703C8FE82397D,1,0,1,1,1,1,1,0,1,0,0,1,1,1,0,0,0,1,0,0,0,0,0,1,0,1,1,1,1,1,1,1,0,0,0,1,0,0,1,1,1,1,0,0,0,0,0,0,1,1,1,0,1,1,0,0,0,0,0,1,1,1,1,1,0,0,0,1,1,0,1,1
regs_only_warmup11_cap1024_run01,574,0,C6,793703CCF60B19F6,0,1,1,0,1,1,1,1,1,0,0,1,1,0,0,0,1,1,0,1,0,0,0,0,0,1,1,0,1,1,1,1,0,0,1,1,0,0,1,1,1,1,0,0,0,0,0,0,1,1,1,0,1,1,0,0,1,0,0,1,1,1,1,0,0,1,1,0,0,0,1,1
regs_only_warmup11_cap1024_run01,575,0,58,41BFC946760995F6,0,1,1,0,1,1,1,1,1,0,1,0,1,0,0,1,1,0,0,1,0,0,0,0,0,1,1,0,1,1,1,0,0,1,1,0,0,0,1,0,1,0,0,1,0,0,1,1,1,1,1,1,1,1,0,1,1,0,0,0,0,0,1,0,0,0,0,1,1,0,1,0
regs_only_warmup11_cap1024_run01,576,1,68,C3BCE04E7F81957E,0,1,1,1,1,1,1,0,1,0,1,0,1,0,0,1,1,0,0,0,0,0,0,1,1,1,1,1,1,1,1,0,0,1,1,1,0,0,1,0,0,0,0,0,0,1,1,1,0,0,1,1,1,1,0,1,1,1,0,0,0,0,1,1,0,0,0,1,0,1,1,0
regs_only_warmup11_cap1024_run01,577,0,C1,CB3460CFFFA91E76,0,1,1,0,1,1,1,0,0,1,1,1,1,0,0,0,1,0,0,1,0,1,0,1,1,1,1,1,1,1,1,1,1,1,1,1,0,0,1,1,0,0,0,0,0,1,1,0,0,0,1,0,1,1,0,0,1,1,0,1,0,0,1,1,1,0,0,0,0,0,1,1
regs_only_warmup11_cap1024_run01,578,1,70,4E3468C7F5281ED7,1,1,1,0,1,0,1,1,0,1,1,1,1,0,0,0,0,0,0,1,0,1,0,0,1,0,1,0,1,1,1,1,1,1,1,0,0,0,1,1,0,0,0,1,0,1,1,0,0,0,1,0,1,1,0,0,0,1,1,1,0,0,1,0,0,0,0,0,1,1,1,0
regs_only_warmup11_cap1024_run01,579,1,C0,46BCEB477D2296DD,1,0,1,1,1,0,1,1,0,1,1,0,1,0,0,1,0,1,0,0,0,1,0,0,1,0,1,1,1,1,1,0,1,1,1,0,0,0,1,0,1,1,0,1,0,1,1,1,0,0,1,1,1,1,0,1,0,1,1,0,0,0,1,0,0,0,0,0,0,0,1,1
regs_only_warmup11_cap1024_run01,580,0,67,8EB9E34D18A28F5D,1,0,1,1,1,0,1,0,1,1,1,1,0,0,0,1,0,1,0,0,0,1,0,1,0,0,0,1,1,0,0,0,1,0,1,1,0,0,1,0,1,1,0,0,0,1,1,1,1,0,0,1,1,1,0,1,0,1,1,1,0,0,0,1,1,1,1,0,0,1,1,0
regs_only_warmup11_cap1024_run01,581,0,07,8D3363CC90AB4F54,0,0,1,0,1,0,1,0,1,1,1,1,0,0,1,0,1,1,0,1,0,1,0,1,0,0,0,0,1,0,0,1,0,0,1,1,0,0,1,1,1,1,0,0,0,1,1,0,1,1,0,0,1,1,0,0,1,0,1,1,0,0,0,1,1,1,1,0,0,0,0,0
regs_only_warmup11_cap1024_run01,582,1,73,055B6BC4902B45D0,0,0,0,0,1,0,1,1,1,0,1,0,0,0,1,0,1,1,0,1,0,1,0,0,0,0,0,0,1,0,0,1,0,0,1,0,0,0,1,1,1,1,0,1,0,1,1,0,1,1,0,1,1,0,1,0,1,0,1,0,0,0,0,0,1,1,0,0,1,1,1,0
regs_only_warmup11_cap1024_run01,583,0,05,05DBEE441B23C5DA,0,1,0,1,1,0,1,1,1,0,1,0,0,0,1,1,1,1,0,0,0,1,0,0,1,1,0,1,1,0,0,0,0,0,1,0,0,0,1,0,0,1,1,1,0,1,1,1,1,1,0,1,1,0,1,1,1,0,1,0,0,0,0,0,1,0,1,0,0,0,0,0
regs_only_warmup11_cap1024_run01,584,0,10,8DD2E44F1BA5CC5A,0,1,0,1,1,0,1,0,0,0,1,1,0,0,1,1,1,0,1,0,0,1,0,1,1,1,0,1,1,0,0,0,1,1,1,1,0,0,1,0,0,0,1,0,0,1,1,1,0,1,0,0,1,0,1,1,1,0,1,1,0,0,0,1,0,0,0,0,1,0,0,0
regs_only_warmup11_cap1024_run01,585,1,02,8E506CCF93AC4C53,1,1,0,0,1,0,1,0,0,0,1,1,0,0,1,0,0,0,1,1,0,1,0,1,1,1,0,0,1,0,0,1,1,1,1,1,0,0,1,1,0,0,1,1,0,1,1,0,0,0,0,0,1,0,1,0,0,1,1,1,0,0,0,1,0,1,0,0,0,0,0,0
regs_only_warmup11_cap1024_run01,586,1,46,06587DE7932C46DB,1,1,0,1,1,0,1,1,0,1,1,0,0,0,1,0,0,0,1,1,0,1,0,0,1,1,0,0,1,0,0,1,1,1,1,0,0,1,1,1,1,0,1,1,1,1,1,0,0,0,0,1,1,0,1,0,0,1,1,0,0,0,0,0,0,1,1,0,0,0,1,0
regs_only_warmup11_cap1024_run01,587,1,46,06D9F56F1834C7DB,1,1,0,1,1,0,1,1,1,1,1,0,0,0,1,1,0,0,1,0,1,1,0,0,0,0,0,1,1,0,0,0,1,1,1,1,0,1,1,0,1,0,1,0,1,1,1,1,1,0,0,1,1,0,1,1,0,1,1,0,0,0,0,0,0,1,1,0,0,0,1,0
regs_only_warmup11_cap1024_run01,588,1,BC,8FD1F76E10BFCF50,0,0,0,0,1,0,1,0,1,1,1,1,0,0,1,1,1,1,1,1,1,1,0,1,0,0,0,0,1,0,0,0,0,1,1,1,0,1,1,0,1,1,1,0,1,1,1,1,1,0,0,0,1,0,1,1,1,1,1,1,0,0,0,1,0,0,1,1,1,1,0,1
regs_only_warmup11_cap1024_run01,589,1,65,87517FE490BF4740,0,0,0,0,0,0,1,0,1,1,1,0,0,0,1,0,1,1,1,1,1,1,0,1,0,0,0,0,1,0,0,1,0,0,1,0,0,1,1,1,1,1,1,1,1,1,1,0,1,0,0,0,1,0,1,0,1,1,1,0,0,0,0,1,1,0,1,0,0,1,1,0
regs_only_warmup11_cap1024_run01,590,0,45,055B7EA0993747C8,0,0,0,1,0,0,1,1,1,1,1,0,0,0,1,0,1,1,1,0,1,1,0,0,1,0,0,1,1,0,0,1,0,0,0,0,0,1,0,1,0,1,1,1,1,1,1,0,1,1,0,1,1,0,1,0,1,0,1,0,0,0,0,0,1,0,1,0,0,0,1,0
regs_only_warmup11_cap1024_run01,591,1,99,0DD2F6291977E8C8,0,0,0,1,0,0,1,1,0,0,0,1,0,1,1,1,1,1,1,0,1,1,1,0,1,0,0,1,1,0,0,0,1,0,0,1,0,1,0,0,0,1,1,0,1,1,1,1,0,1,0,0,1,0,1,1,1,0,1,1,0,0,0,0,1,0,0,1,1,0,0,1
regs_only_warmup11_cap1024_run01,592,0,9D,8CD2F62913FEE843,1,1,0,0,0,0,1,0,0,0,0,1,0,1,1,1,0,1,1,1,1,1,1,1,1,1,0,0,1,0,0,0,1,0,0,1,0,1,0,0,0,1,1,0,1,1,1,1,0,1,0,0,1,0,1,1,0,0,1,1,0,0,0,1,1,0,1,1,1,0,0,1
regs_only_warmup11_cap1024_run01,593,1,C8,A45E7DA397FC6003,1,1,0,0,0,0,0,0,0,0,0,0,0,1,1,0,0,0,1,1,1,1,1,1,1,1,1,0,1,0,0,1,1,1,0,0,0,1,0,1,1,0,1,1,1,1,1,0,0,1,1,1,1,0,1,0,0,0,1,0,0,1,0,1,0,0,0,1,0,0,1,1
regs_only_warmup11_cap1024_run01,594,1,58,225D55AB9E74608B,1,1,0,1,0,0,0,1,0,0,0,0,0,1,1,0,0,0,1,0,1,1,1,0,0,1,1,1,1,0,0,1,1,1,0,1,0,1,0,1,1,0,1,0,1,0,1,0,1,0,1,1,1,0,1,0,0,1,0,0,0,1,0,0,0,0,0,1,1,0,1,0
regs_only_warmup11_cap1024_run01,595,1,7D,2BD5D52A0E5DEB86,0,1,1,0,0,0,0,1,1,1,0,1,0,1,1,1,1,0,1,1,1,0,1,0,0,1,1,1,0,0,0,0,0,1,0,1,0,1,0,0,1,0,1,0,1,0,1,1,1,0,1,0,1,0,1,1,1,1,0,1,0,1,0,0,1,0,1,1,1,1,1,0
regs_only_warmup11_cap1024_run01,596,0,89,ABC5DD2204DDEB26,0,1,1,0,0,1,0,0,1,1,0,1,0,1,1,1,1,0,1,1,1,0,1,1,0,0,1,0,0,0,0,0,0,1,0,0,0,1,0,0,1,0,1,1,1,0,1,1,1,0,1,0,0,0,1,1,1,1,0,1,0,1,0,1,1,0,0,1,0,0,0,1
regs_only_warmup11_cap1024_run01,597,0,31,A34D5EA28DD7632C,0,0,1,1,0,1,0,0,1,1,0,0,0,1,1,0,1,1,1,0,1,0,1,1,1,0,1,1,0,0,0,1,0,1,0,0,0,1,0,1,0,1,1,1,1,0,1,0,1,0,1,1,0,0,1,0,1,1,0,0,0,1,0,1,1,0,0,0,1,1,0,0
regs_only_warmup11_cap1024_run01,598,1,4C,2B4C56A9AD576AAC,0,0,1,1,0,1,0,1,0,1,0,1,0,1,1,0,1,1,1,0,1,0,1,0,1,0,1,1,0,1,0,1,1,0,0,1,0,1,0,1,0,1,1,0,1,0,1,0,0,0,1,1,0,0,1,0,1,1,0,1,0,1,0,0,0,0,1,1,0,0,1,0
regs_only_warmup11_cap1024_run01,599,1,2E,28C6D6A9255EEAA5,1,0,1,0,0,1,0,1,0,1,0,1,0,1,1,1,0,1,1,1,1,0,1,0,1,0,1,0,0,1,0,0,1,0,0,1,0,1,0,1,0,1,1,0,1,0,1,1,0,1,1,0,0,0,1,1,0,0,0,1,0,1,0,0,0,1,1,1,0,1,0,0
regs_only_warmup11_cap1024_run01,600,0,0B,A0EEDB2125DEE025,1,0,1,0,0,1,0,0,0,0,0,0,0,1,1,1,0,1,1,1,1,0,1,1,1,0,1,0,0,1,0,0,1,0,0,0,0,1,0,0,1,1,0,1,1,0,1,1,0,1,1,1,0,1,1,1,0,0,0,0,0,1,0,1,1,1,0,1,0,0,0,0
regs_only_warmup11_cap1024_run01,601,0,3B,A06F5BA1AED2E02F,1,1,1,1,0,1,0,0,0,0,0,0,0,1,1,1,0,1,0,0,1,0,1,1,0,1,1,1,0,1,0,1,1,0,0,0,0,1,0,1,1,1,0,1,1,0,1,0,1,1,1,1,0,1,1,0,0,0,0,0,0,1,0,1,1,1,0,1,1,1,0,0
regs_only_warmup11_cap1024_run01,602,1,F9,296751BAAE5069AE,0,1,1,1,0,1,0,1,1,0,0,1,0,1,1,0,0,0,0,0,1,0,1,0,0,1,1,1,0,1,0,1,0,1,0,1,1,1,0,1,1,0,0,0,1,0,1,0,1,1,1,0,0,1,1,0,1,0,0,1,0,1,0,0,1,0,0,1,1,1,1,1
regs_only_warmup11_cap1024_run01,603,0,02,2BE799BE6659E9A6,0,1,1,0,0,1,0,1,1,0,0,1,0,1,1,1,1,0,0,1,1,0,1,0,0,1,1,0,0,1,1,0,0,1,1,1,1,1,0,1,1,0,0,1,1,0,0,1,1,1,1,0,0,1,1,1,1,1,0,1,0,1,0,0,0,1,0,0,0,0,0,0
regs_only_warmup11_cap1024_run01,604,1,A0,E3ED98366FD1E72E,0,1,1,1,0,1,0,0,1,1,1,0,0,1,1,1,1,0,0,0,1,0,1,1,1,1,1,1,0,1,1,0,0,1,1,0,1,1,0,0,0,0,0,1,1,0,0,1,1,0,1,1,0,1,1,1,1,1,0,0,0,1,1,1,0,0,0,0,0,1,0,1
regs_only_warmup11_cap1024_run01,605,0,A0,FB6C109FEDD1EE2E,0,1,1,1,0,1,0,0,0,1,1,1,0,1,1,1,1,0,0,0,1,0,1,1,1,0,1,1,0,1,1,1,1,1,1,1,1,0,0,1,0,0,0,0,1,0,0,0,0,0,1,1,0,1,1,0,1,1,0,1,1,1,1,1,0,0,0,0,0,1,0,1
regs_only_warmup11_cap1024_run01,606,0,EE,7A64109FE5586EA5,1,0,1,0,0,1,0,1,0,1,1,1,0,1,1,0,0,0,0,1,1,0,1,0,1,0,1,0,0,1,1,1,1,1,1,1,1,0,0,1,0,0,0,0,1,0,0,0,0,0,1,0,0,1,1,0,0,1,0,1,1,1,1,0,0,1,1,1,0,1,1,1
regs_only_warmup11_cap1024_run01,607,0,C2,76EC9A95655AE6A5,1,0,1,0,0,1,0,1,0,1,1,0,0,1,1,1,0,1,0,1,1,0,1,0,1,0,1,0,0,1,1,0,1,0,1,0,1,0,0,1,0,1,0,1,1,0,0,1,0,0,1,1,0,1,1,1,0,1,1,0,1,1,1,0,0,1,0,0,0,0,1,1
regs_only_warmup11_cap1024_run01,608,1,F2,F4EF9B156CD2E62D,1,0,1,1,0,1,0,0,0,1,1,0,0,1,1,1,0,1,0,0,1,0,1,1,0,0,1,1,0,1,1,0,1,0,1,0,1,0,0,0,1,1,0,1,1,0,0,1,1,1,1,1,0,1,1,1,0,0,1,0,1,1,1,1,0,1,0,0,1,1,1,1
regs_only_warmup11_cap1024_run01,609,1,22,FC63139CE8D2FD2D,1,0,1,1,0,1,0,0,1,0,1,1,1,1,1,1,0,1,0,0,1,0,1,1,0,0,0,1,0,1,1,1,0,0,1,1,1,0,0,1,1,1,0,0,1,0,0,0,1,1,0,0,0,1,1,0,0,0,1,1,1,1,1,1,0,1,0,0,0,1,0,0
regs_only_warmup11_cap1024_run01,610,0,44,7D231B9CE25B1DA6,0,1,1,0,0,1,0,1,1,0,1,1,1,0,0,0,1,1,0,1,1,0,1,0,0,1,0,0,0,1,1,1,0,0,1,1,1,0,0,1,1,1,0,1,1,0,0,0,1,1,0,0,0,1,0,0,1,0,1,1,1,1,1,0,0,0,1,0,0,0,1,0
regs_only_warmup11_cap1024_run01,611,0,78,55AB9894625995AA,0,1,0,1,0,1,0,1,1,0,1,0,1,0,0,1,1,0,0,1,1,0,1,0,0,1,0,0,0,1,1,0,0,0,1,0,1,0,0,1,0,0,0,1,1,0,0,1,1,1,0,1,0,1,0,1,1,0,1,0,1,0,1,0,0,0,0,1,1,1,1,0
regs_only_warmup11_cap1024_run01,612,0,BB,D5AAB01F6BD1942A,0,1,0,1,0,1,0,0,0,0,1,0,1,0,0,1,1,0,0,0,1,0,1,1,1,1,0,1,0,1,1,0,1,1,1,1,1,0,0,0,0,0,0,0,1,1,0,1,0,1,0,1,0,1,0,1,1,0,1,0,1,0,1,1,1,1,0,1,1,1,0,1
regs_only_warmup11_cap1024_run01,613,0,67,DE20349FEBF89E23,1,1,0,0,0,1,0,0,0,1,1,1,1,0,0,1,0,0,0,1,1,1,1,1,1,1,0,1,0,1,1,1,1,1,1,1,1,0,0,1,0,0,1,0,1,1,0,0,0,0,0,0,0,1,0,0,0,1,1,1,1,0,1,1,1,1,1,0,0,1,1,0
regs_only_warmup11_cap1024_run01,614,1,CC,5E203CD7E37C1EA3,1,1,0,0,0,1,0,1,0,1,1,1,1,0,0,0,0,0,1,1,1,1,1,0,1,1,0,0,0,1,1,1,1,1,1,0,1,0,1,1,0,0,1,1,1,1,0,0,0,0,0,0,0,1,0,0,0,1,1,1,1,0,1,0,0,0,1,1,0,0,1,1
regs_only_warmup11_cap1024_run01,615,0,48,56A8BDD7687496C9,1,0,0,1,0,0,1,1,0,1,1,0,1,0,0,1,0,0,1,0,1,1,1,0,0,0,0,1,0,1,1,0,1,1,1,0,1,0,1,1,1,0,1,1,1,1,0,1,0,0,0,1,0,1,0,1,0,1,1,0,1,0,1,0,0,0,0,1,0,0,1,0
regs_only_warmup11_cap1024_run01,616,0,21,DEA9A75C48F69F49,1,0,0,1,0,0,1,0,1,1,1,1,1,0,0,1,0,1,1,0,1,1,1,1,0,0,0,1,0,0,1,0,0,0,1,1,1,0,1,0,1,1,1,0,0,1,0,1,1,0,0,1,0,1,0,1,0,1,1,1,1,0,1,1,1,0,0,0,0,1,0,0
regs_only_warmup11_cap1024_run01,617,0,14,DD0327DCC0EF9F50,0,0,0,0,1,0,1,0,1,1,1,1,1,0,0,1,1,1,1,1,0,1,1,1,0,0,0,0,0,0,1,1,0,0,1,1,1,0,1,1,1,1,1,0,0,1,0,0,1,1,0,0,0,0,0,0,1,0,1,1,1,0,1,1,0,0,1,0,1,0,0,0
regs_only_warmup11_cap1024_run01,618,1,43,550B2ED4C06F15D0,0,0,0,0,1,0,1,1,1,0,1,0,1,0,0,0,1,1,1,1,0,1,1,0,0,0,0,0,0,0,1,1,0,0,1,0,1,0,1,1,0,1,1,1,0,1,0,0,1,1,0,1,0,0,0,0,1,0,1,0,1,0,1,0,1,1,0,0,0,0,1,0
regs_only_warmup11_cap1024_run01,619,1,50,558AA6544B2795D8,0,0,0,1,1,0,1,1,1,0,1,0,1,0,0,1,1,1,1,0,0,1,0,0,1,1,0,1,0,0,1,0,0,0,1,0,1,0,1,0,0,1,1,0,0,1,0,1,0,1,0,1,0,0,0,1,1,0,1,0,1,0,1,0,0,0,0,0,1,0,1,0
regs_only_warmup11_cap1024_run01,620,0,85,DC82A6594BA79C5B,1,1,0,1,1,0,1,0,0,0,1,1,1,0,0,1,1,1,1,0,0,1,0,1,1,1,0,1,0,0,1,0,1,0,0,1,1,0,1,0,0,1,1,0,0,1,0,1,0,1,0,0,0,0,0,1,0,0,1,1,1,0,1,1,1,0,1,0,0,0,0,1
regs_only_warmup11_cap1024_run01,621,1,F0,DC022CD3C3AC1853,1,1,0,0,1,0,1,0,0,0,0,1,1,0,0,0,0,0,1,1,0,1,0,1,1,1,0,0,0,0,1,1,1,1,0,0,1,0,1,1,0,0,1,1,0,1,0,0,0,1,0,0,0,0,0,0,0,0,1,1,1,0,1,1,0,0,0,0,1,1,1,1
regs_only_warmup11_cap1024_run01,622,0,42,56082DF3CA2410DB,1,1,0,1,1,0,1,1,0,0,0,0,1,0,0,0,0,0,1,0,0,1,0,0,0,1,0,1,0,0,1,1,1,1,0,0,1,1,1,1,1,0,1,1,0,1,0,0,0,0,0,1,0,0,0,0,0,1,1,0,1,0,1,0,0,1,0,0,0,0,1,0
regs_only_warmup11_cap1024_run01,623,0,92,5E8DA57A4E249BDB,1,1,0,1,1,0,1,1,1,1,0,1,1,0,0,1,0,0,1,0,0,1,0,0,0,1,1,1,0,0,1,0,0,1,0,1,1,1,1,0,1,0,1,0,0,1,0,1,1,0,1,1,0,0,0,1,0,1,1,1,1,0,1,0,0,1,0,0,1,0,0,1
regs_only_warmup11_cap1024_run01,624,1,1E,DB95A57A54AD9B50,0,0,0,0,1,0,1,0,1,1,0,1,1,0,0,1,1,0,1,1,0,1,0,1,0,0,1,0,1,0,1,0,0,1,0,1,1,1,1,0,1,0,1,0,0,1,0,1,1,0,1,0,1,0,0,1,1,1,0,1,1,0,1,1,0,1,1,1,1,0,0,0
regs_only_warmup11_cap1024_run01,625,0,B3,D31D6EF2D4AF1354,0,0,1,0,1,0,1,0,1,1,0,0,1,0,0,0,1,1,1,1,0,1,0,1,0,0,1,0,1,0,1,1,0,1,0,0,1,1,1,1,0,1,1,1,0,1,1,0,1,0,1,1,1,0,0,0,1,1,0,0,1,0,1,1,1,1,0,0,1,1,0,1
regs_only_warmup11_cap1024_run01,626,1,63,531C6EF0DD2713DC,0,0,1,1,1,0,1,1,1,1,0,0,1,0,0,0,1,1,1,0,0,1,0,0,1,0,1,1,1,0,1,1,0,0,0,0,1,1,1,1,0,1,1,1,0,1,1,0,0,0,1,1,1,0,0,0,1,1,0,0,1,0,1,0,1,1,0,0,0,1,1,0
regs_only_warmup11_cap1024_run01,627,0,BA,5896E6795D27BADD,1,0,1,1,1,0,1,1,0,1,0,1,1,1,0,1,1,1,1,0,0,1,0,0,1,0,1,1,1,0,1,0,1,0,0,1,1,1,1,0,0,1,1,0,0,1,1,1,0,1,1,0,1,0,0,1,0,0,0,1,1,0,1,0,0,1,0,1,1,1,0,1
regs_only_warmup11_cap1024_run01,628,1,14,D896EE7955AEB855,1,0,1,0,1,0,1,0,0,0,0,1,1,1,0,1,0,1,1,1,0,1,0,1,1,0,1,0,1,0,1,0,1,0,0,1,1,1,1,0,0,1,1,1,0,1,1,1,0,1,1,0,1,0,0,1,0,0,0,1,1,0,1,1,0,0,1,0,1,0,0,0
regs_only_warmup11_cap1024_run01,629,0,94,D01E6FF1D7AE305F,1,1,1,1,1,0,1,0,0,0,0,0,1,1,0,0,0,1,1,1,0,1,0,1,1,1,1,0,1,0,1,1,1,0,0,0,1,1,1,1,1,1,1,1,0,1,1,0,0,1,1,1,1,0,0,0,0,0,0,0,1,0,1,1,0,0,1,0,1,0,0,1
regs_only_warmup11_cap1024_run01,630,1,C3,701F41FADE2431DF,1,1,1,1,1,0,1,1,1,0,0,0,1,1,0,0,0,0,1,0,0,1,0,0,0,1,1,1,1,0,1,1,0,1,0,1,1,1,1,1,1,0,0,0,0,0,1,0,1,1,1,1,1,0,0,0,0,0,0,0,1,1,1,0,1,1,0,0,0,0,1,1
regs_only_warmup11_cap1024_run01,631,0,B5,3B95C17A1E0DF9D6,0,1,1,0,1,0,1,1,1,0,0,1,1,1,1,1,1,0,1,1,0,0,0,0,0,1,1,1,1,0,0,0,0,1,0,1,1,1,1,0,1,0,0,0,0,0,1,1,1,0,1,0,1,0,0,1,1,1,0,1,1,1,0,0,1,0,1,0,1,1,0,1
regs_only_warmup11_cap1024_run01,632,1,5D,BBD5C9621689F376,0,1,1,0,1,1,1,0,1,1,0,0,1,1,1,1,1,0,0,1,0,0,0,1,0,1,1,0,1,0,0,0,0,1,0,0,0,1,1,0,1,0,0,1,0,0,1,1,1,0,1,0,1,0,1,1,1,1,0,1,1,1,0,1,1,0,1,1,1,0,1,0
regs_only_warmup11_cap1024_run01,633,1,CA,B35D48E29D81737E,0,1,1,1,1,1,1,0,1,1,0,0,1,1,1,0,1,0,0,0,0,0,0,1,1,0,1,1,1,0,0,1,0,1,0,0,0,1,1,1,0,0,0,1,0,0,1,0,1,0,1,1,1,0,1,0,1,1,0,0,1,1,0,1,0,1,0,1,0,0,1,1
regs_only_warmup11_cap1024_run01,634,0,52,2B5442EFBD037AFC,0,0,1,1,1,1,1,1,0,1,0,1,1,1,1,0,1,1,0,0,0,0,0,0,1,0,1,1,1,1,0,1,1,1,1,1,0,1,1,1,0,1,0,0,0,0,1,0,0,0,1,0,1,0,1,0,1,1,0,1,0,1,0,0,0,1,0,0,1,0,1,0
regs_only_warmup11_cap1024_run01,635,1,B2,2AD4C26D350AFEF5,1,0,1,0,1,1,1,1,0,1,1,1,1,1,1,1,0,1,0,1,0,0,0,0,1,0,1,0,1,1,0,0,1,0,1,1,0,1,1,0,0,1,0,0,0,0,1,1,0,0,1,0,1,0,1,1,0,1,0,1,0,1,0,0,0,1,0,0,1,1,0,1
regs_only_warmup11_cap1024_run01,636,0,65,A0FECB65358AF675,1,0,1,0,1,1,1,0,0,1,1,0,1,1,1,1,0,1,0,1,0,0,0,1,1,0,1,0,1,1,0,0,1,0,1,0,0,1,1,0,1,1,0,1,0,0,1,1,0,1,1,1,1,1,1,1,0,0,0,0,0,1,0,1,1,0,1,0,0,1,1,0
regs_only_warmup11_cap1024_run01,637,1,7A,A07F43E5BC82757D,1,0,1,1,1,1,1,0,1,0,1,0,1,1,1,0,0,1,0,0,0,0,0,1,0,0,1,1,1,1,0,1,1,0,1,0,0,1,1,1,1,1,0,0,0,0,1,0,1,1,1,1,1,1,1,0,0,0,0,0,0,1,0,1,0,1,0,1,1,1,1,0
regs_only_warmup11_cap1024_run01,638,1,B1,297743ECBE037DFE,0,1,1,1,1,1,1,1,1,0,1,1,1,1,1,0,1,1,0,0,0,0,0,0,0,1,1,1,1,1,0,1,0,0,1,1,0,1,1,1,1,1,0,0,0,0,1,0,1,1,1,0,1,1,1,0,1,0,0,1,0,1,0,0,1,0,0,0,1,1,0,1
regs_only_warmup11_cap1024_run01,639,0,40,2DF7C9663609EDF6,0,1,1,0,1,1,1,1,1,0,1,1,0,1,1,1,1,0,0,1,0,0,0,0,0,1,1,0,1,1,0,0,0,1,1,0,0,1,1,0,1,0,0,1,0,0,1,1,1,1,1,0,1,1,1,1,1,0,1,1,0,1,0,0,0,0,0,0,0,0,1,0
regs_only_warmup11_cap1024_run01,640,1,E6,A7FDC8063FC1E57E,0,1,1,1,1,1,1,0,1,0,1,0,0,1,1,1,1,0,0,0,0,0,1,1,1,1,1,1,1,1,0,0,0,1,1,0,0,0,0,0,0,0,0,1,0,0,1,1,1,0,1,1,1,1,1,1,1,1,1,0,0,1,0,1,0,1,1,0,0,1,1,1
regs_only_warmup11_cap1024_run01,641,1,36,AF78408FBBC16E7E,0,1,1,1,1,1,1,0,0,1,1,1,0,1,1,0,1,0,0,0,0,0,1,1,1,1,0,1,1,1,0,1,1,1,1,1,0,0,0,1,0,0,0,0,0,0,1,0,0,0,0,1,1,1,1,0,1,1,1,1,0,1,0,1,0,1,1,0,1,1,0,0
regs_only_warmup11_cap1024_run01,642,1,73,2E70408FB1486EF7,1,1,1,0,1,1,1,1,0,1,1,1,0,1,1,0,0,0,0,1,0,0,1,0,1,0,0,0,1,1,0,1,1,1,1,1,0,0,0,1,0,0,0,0,0,0,1,0,0,0,0,0,1,1,1,0,0,1,1,1,0,1,0,0,1,1,0,0,1,1,1,0
regs_only_warmup11_cap1024_run01,643,1,DA,26F8C9073148E6B1,1,0,0,0,1,1,0,1,0,1,1,0,0,1,1,1,0,0,0,1,0,0,1,0,1,0,0,0,1,1,0,0,1,1,1,0,0,0,0,0,1,0,0,1,0,0,1,1,0,0,0,1,1,1,1,1,0,1,1,0,0,1,0,0,0,1,0,1,1,0,1,1
regs_only_warmup11_cap1024_run01,644,1,0E,A6F9CF0538C2E639,1,0,0,1,1,1,0,0,0,1,1,0,0,1,1,1,0,1,0,0,0,0,1,1,0,0,0,1,1,1,0,0,1,0,1,0,0,0,0,0,1,1,1,1,0,0,1,1,1,0,0,1,1,1,1,1,0,1,1,0,0,1,0,1,0,1,1,1,0,0,0,0
regs_only_warmup11_cap1024_run01,645,1,D1,AD73478CB8C66F38,0,0,0,1,1,1,0,0,1,1,1,1,0,1,1,0,0,1,1,0,0,0,1,1,0,0,0,1,1,1,0,1,0,0,1,1,0,0,0,1,1,1,1,0,0,0,1,0,1,1,0,0,1,1,1,0,1,0,1,1,0,1,0,1,1,0,0,0,1,0,1,1
regs_only_warmup11_cap1024_run01,646,0,59,2D735F8CB05F4DB0,0,0,0,0,1,1,0,1,1,0,1,1,0,0,1,0,1,1,1,1,1,0,1,0,0,0,0,0,1,1,0,1,0,0,1,1,0,0,0,1,1,1,1,1,1,0,1,0,1,1,0,0,1,1,1,0,1,0,1,1,0,1,0,0,1,0,0,1,1,0,1,0
regs_only_warmup11_cap1024_run01,647,0,51,05FBDE04335FC5BA,0,1,0,1,1,1,0,1,1,0,1,0,0,0,1,1,1,1,1,1,1,0,1,0,1,1,0,0,1,1,0,0,0,0,1,0,0,0,0,0,0,1,1,1,1,0,1,1,1,1,0,1,1,1,1,1,1,0,1,0,0,0,0,0,1,0,0,0,1,0,1,0
regs_only_warmup11_cap1024_run01,648,1,BE,85FAF40D3BD5C43A,0,1,0,1,1,1,0,0,0,0,1,0,0,0,1,1,1,0,1,0,1,0,1,1,1,1,0,1,1,1,0,0,1,0,1,1,0,0,0,0,0,0,1,0,1,1,1,1,0,1,0,1,1,1,1,1,1,0,1,0,0,0,0,1,0,1,1,1,1,1,0,1
regs_only_warmup11_cap1024_run01,649,0,13,8E72748FBBFC4C23,1,1,0,0,0,1,0,0,0,0,1,1,0,0,1,0,0,0,1,1,1,1,1,1,1,1,0,1,1,1,0,1,1,1,1,1,0,0,0,1,0,0,1,0,1,1,1,0,0,1,0,0,1,1,1,0,0,1,1,1,0,0,0,1,1,1,0,0,1,0,0,0
regs_only_warmup11_cap1024_run01,650,1,CE,0E707D87B37C46A3,1,1,0,0,0,1,0,1,0,1,1,0,0,0,1,0,0,0,1,1,1,1,1,0,1,1,0,0,1,1,0,1,1,1,1,0,0,0,0,1,1,0,1,1,1,1,1,0,0,0,0,0,1,1,1,0,0,1,1,1,0,0,0,0,0,1,1,1,0,0,1,1
regs_only_warmup11_cap1024_run01,651,1,20,06F9FD033A74C68B,1,1,0,1,0,0,0,1,0,1,1,0,0,0,1,1,0,0,1,0,1,1,1,0,0,1,0,1,1,1,0,0,1,1,0,0,0,0,0,0,1,0,1,1,1,1,1,1,1,0,0,1,1,1,1,1,0,1,1,0,0,0,0,0,0,0,0,0,0,1,0,0
regs_only_warmup11_cap1024_run01,652,1,4E,8EF1F50A38F4CB09,1,0,0,1,0,0,0,0,1,1,0,1,0,0,1,1,0,0,1,0,1,1,1,1,0,0,0,1,1,1,0,0,0,1,0,1,0,0,0,0,1,0,1,0,1,1,1,1,1,0,0,0,1,1,1,1,0,1,1,1,0,0,0,1,0,1,1,1,0,0,1,0
regs_only_warmup11_cap1024_run01,653,0,28,CF713788D0FF4B00,0,0,0,0,0,0,0,0,1,1,0,1,0,0,1,0,1,1,1,1,1,1,1,1,0,0,0,0,1,0,1,1,0,0,0,1,0,0,0,1,1,1,1,0,1,1,0,0,1,0,0,0,1,1,1,0,1,1,1,1,0,0,1,1,0,0,0,1,0,1,0,0
regs_only_warmup11_cap1024_run01,654,0,B7,455F3E80D47F4380,0,0,0,0,0,0,0,1,1,1,0,0,0,0,1,0,1,1,1,1,1,1,1,0,0,0,1,0,1,0,1,1,0,0,0,0,0,0,0,1,0,1,1,1,1,1,0,0,1,1,1,1,1,0,1,0,1,0,1,0,0,0,1,0,1,1,1,0,1,1,0,1
regs_only_warmup11_cap1024_run01,655,1,D0,45CEBE014D77C088,0,0,0,1,0,0,0,1,0,0,0,0,0,0,1,1,1,1,1,0,1,1,1,0,1,0,1,1,0,0,1,0,1,0,0,0,0,0,0,0,0,1,1,1,1,1,0,1,0,1,1,1,0,0,1,1,1,0,1,0,0,0,1,0,0,0,0,0,1,0,1,1
regs_only_warmup11_cap1024_run01,656,0,AA,C8C6B6094FF6C80F,1,1,1,1,0,0,0,0,0,0,0,1,0,0,1,1,0,1,1,0,1,1,1,1,1,1,1,1,0,0,1,0,1,0,0,1,0,0,0,0,0,1,1,0,1,1,0,1,0,1,1,0,0,0,1,1,0,0,0,1,0,0,1,1,0,1,0,1,0,1,0,1
regs_only_warmup11_cap1024_run01,657,0,D9,C8463C89C7FC4807,1,1,1,0,0,0,0,0,0,0,0,1,0,0,1,0,0,0,1,1,1,1,1,1,1,1,1,0,0,0,1,1,1,0,0,1,0,0,0,1,0,0,1,1,1,1,0,0,0,1,1,0,0,0,1,0,0,0,0,1,0,0,1,1,1,0,0,1,1,0,1,1
regs_only_warmup11_cap1024_run01,658,1,AB,404E3DA3CE74408F,1,1,1,1,0,0,0,1,0,0,0,0,0,0,1,0,0,0,1,0,1,1,1,0,0,1,1,1,0,0,1,1,1,1,0,0,0,1,0,1,1,0,1,1,1,1,0,0,0,1,1,1,0,0,1,0,0,0,0,0,0,0,1,0,1,1,0,1,0,1,0,1
regs_only_warmup11_cap1024_run01,659,1,F1,4ACDB52A4E74C98F,1,1,1,1,0,0,0,1,1,0,0,1,0,0,1,1,0,0,1,0,1,1,1,0,0,1,1,1,0,0,1,0,0,1,0,1,0,1,0,0,1,0,1,0,1,1,0,1,1,0,1,1,0,0,1,1,0,1,0,1,0,0,1,0,1,0,0,0,1,1,1,1
regs_only_warmup11_cap1024_run01,660,1,FC,CB85B52A46FD8B06,0,1,1,0,0,0,0,0,1,1,0,1,0,0,0,1,1,0,1,1,1,1,1,1,0,1,1,0,0,0,1,0,0,1,0,1,0,1,0,0,1,0,1,0,1,1,0,1,1,0,1,0,0,0,0,1,1,1,0,1,0,0,1,1,0,0,1,1,1,1,1,1
regs_only_warmup11_cap1024_run01,661,0,6D,C30D38B2C4FD0304,0,0,1,0,0,0,0,0,1,1,0,0,0,0,0,0,1,0,1,1,1,1,1,1,0,0,1,0,0,0,1,1,0,1,0,0,1,1,0,1,0,0,0,1,1,1,0,0,1,0,1,1,0,0,0,0,1,1,0,0,0,0,1,1,1,0,1,1,0,1,1,0
regs_only_warmup11_cap1024_run01,662,1,9D,430C3AB0CD73038C,0,0,1,1,0,0,0,1,1,1,0,0,0,0,0,0,1,1,0,0,1,1,1,0,1,0,1,1,0,0,1,1,0,0,0,0,1,1,0,1,0,1,0,1,1,1,0,0,0,0,1,1,0,0,0,0,1,1,0,0,0,0,1,0,1,0,1,1,1,0,0,1
regs_only_warmup11_cap1024_run01,663,1,44,4886B2394D73AA8D,1,0,1,1,0,0,0,1,0,1,0,1,0,1,0,1,1,1,0,0,1,1,1,0,1,0,1,1,0,0,1,0,1,0,0,1,1,1,0,0,0,1,0,0,1,1,0,1,0,1,1,0,0,0,0,1,0,0,0,1,0,0,1,0,0,0,1,0,0,0,1,0
regs_only_warmup11_cap1024_run01,664,0,6A,D886BA7D45FAA805,1,0,1,0,0,0,0,0,0,0,0,1,0,1,0,1,0,1,0,1,1,1,1,1,1,0,1,0,0,0,1,0,1,0,1,1,1,1,1,0,0,1,0,1,1,1,0,1,0,1,1,0,0,0,0,1,0,0,0,1,1,0,1,1,0,1,0,1,0,1,1,0
regs_only_warmup11_cap1024_run01,665,0,41,F00E1BF5C6FA240D,1,0,1,1,0,0,0,0,0,0,1,0,0,1,0,0,0,1,0,1,1,1,1,1,0,1,1,0,0,0,1,1,1,0,1,0,1,1,1,1,1,1,0,1,1,0,0,0,0,1,1,1,0,0,0,0,0,0,0,0,1,1,1,1,1,0,0,0,0,0,1,0
regs_only_warmup11_cap1024_run01,666,0,AA,700F13FCCE7225CF,1,1,1,1,0,0,1,1,1,0,1,0,0,1,0,0,0,1,0,0,1,1,1,0,0,1,1,1,0,0,1,1,0,0,1,1,1,1,1,1,1,1,0,0,1,0,0,0,1,1,1,1,0,0,0,0,0,0,0,0,1,1,1,0,0,1,0,1,0,1,0,1
regs_only_warmup11_cap1024_run01,667,0,A1,7987917E4E59BDE6,0,1,1,0,0,1,1,1,1,0,1,1,1,1,0,1,1,0,0,1,1,0,1,0,0,1,1,1,0,0,1,0,0,1,1,1,1,1,1,0,1,0,0,0,1,0,0,1,1,1,1,0,0,0,0,1,1,0,0,1,1,1,1,0,1,0,0,0,0,1,0,1
regs_only_warmup11_cap1024_run01,668,1,FC,FB85987646D9BD66,0,1,1,0,0,1,1,0,1,0,1,1,1,1,0,1,1,0,0,1,1,0,1,1,0,1,1,0,0,0,1,0,0,1,1,0,1,1,1,0,0,0,0,1,1,0,0,1,1,0,1,0,0,0,0,1,1,1,0,1,1,1,1,1,0,0,1,1,1,1,1,1
regs_only_warmup11_cap1024_run01,669,0,83,F70C18F6CFD1376E,0,1,1,1,0,1,1,0,1,1,1,0,1,1,0,0,1,0,0,0,1,0,1,1,1,1,1,1,0,0,1,1,0,1,1,0,1,1,1,1,0,0,0,1,1,0,0,0,0,0,1,1,0,0,0,0,1,1,1,0,1,1,1,1,1,1,0,0,0,0,0,1
regs_only_warmup11_cap1024_run01,670,1,22,7E0C10FFED113EED,1,0,1,1,0,1,1,1,0,1,1,1,1,1,0,0,1,0,0,0,1,0,0,0,1,0,1,1,0,1,1,1,1,1,1,1,1,1,1,1,0,0,0,0,1,0,0,0,0,0,1,1,0,0,0,0,0,1,1,1,1,1,1,0,0,1,0,0,0,1,0,0
regs_only_warmup11_cap1024_run01,671,0,3D,7EA0927F611ABEE5,1,0,1,0,0,1,1,1,0,1,1,1,1,1,0,1,0,1,0,1,1,0,0,0,1,0,0,0,0,1,1,0,1,1,1,1,1,1,1,0,0,1,0,0,1,0,0,1,0,0,0,0,0,1,0,1,0,1,1,1,1,1,1,0,1,0,1,1,1,1,0,0
regs_only_warmup11_cap1024_run01,672,0,7A,F6A89B75619AB665,1,0,1,0,0,1,1,0,0,1,1,0,1,1,0,1,0,1,0,1,1,0,0,1,1,0,0,0,0,1,1,0,1,0,1,0,1,1,1,0,1,1,0,1,1,0,0,1,0,0,0,1,0,1,0,1,0,1,1,0,1,1,1,1,0,1,0,1,1,1,1,0
regs_only_warmup11_cap1024_run01,673,1,96,F42B1BF4E8923769,1,0,0,1,0,1,1,0,1,1,1,0,1,1,0,0,0,1,0,0,1,0,0,1,0,0,0,1,0,1,1,1,0,0,1,0,1,1,1,1,1,1,0,1,1,0,0,0,1,1,0,1,0,1,0,0,0,0,1,0,1,1,1,1,0,1,1,0,1,0,0,1
regs_only_warmup11_cap1024_run01,674,0,66,7D2307FCE8133DE8,0,0,0,1,0,1,1,1,1,0,1,1,1,1,0,0,1,1,0,0,1,0,0,0,0,0,0,1,0,1,1,1,0,0,1,1,1,1,1,1,1,1,1,0,0,0,0,0,1,1,0,0,0,1,0,0,1,0,1,1,1,1,1,0,0,1,1,0,0,1,1,0
regs_only_warmup11_cap1024_run01,675,0,28,7DA38F5C620FBDE2,0,1,0,0,0,1,1,1,1,0,1,1,1,1,0,1,1,1,1,1,0,0,0,0,0,1,0,0,0,1,1,0,0,0,1,1,1,0,1,0,1,1,1,1,0,0,0,1,1,1,0,0,0,1,0,1,1,0,1,1,1,1,1,0,0,0,0,1,0,1,0,0
regs_only_warmup11_cap1024_run01,676,0,03,F5AACC56638DB57A,0,1,0,1,1,1,1,0,1,0,1,0,1,1,0,1,1,0,1,1,0,0,0,1,1,1,0,0,0,1,1,0,0,1,1,0,1,0,1,0,0,0,1,1,0,0,1,1,0,1,0,1,0,1,0,1,1,0,1,0,1,1,1,1,1,1,0,0,0,0,0,0
regs_only_warmup11_cap1024_run01,677,0,94,F72844DFEB853C7B,1,1,0,1,1,1,1,0,0,0,1,1,1,1,0,0,1,0,1,0,0,0,0,1,1,1,0,1,0,1,1,1,1,1,1,1,1,0,1,1,0,0,1,0,0,0,1,0,0,0,0,1,0,1,0,0,1,1,1,0,1,1,1,1,0,0,1,0,1,0,0,1
regs_only_warmup11_cap1024_run01,678,1,5A,7E2044DFE30C3EF3,1,1,0,0,1,1,1,1,0,1,1,1,1,1,0,0,0,0,1,1,0,0,0,0,1,1,0,0,0,1,1,1,1,1,1,1,1,0,1,1,0,0,1,0,0,0,1,0,0,0,0,0,0,1,0,0,0,1,1,1,1,1,1,0,0,1,0,1,1,0,1,0
regs_only_warmup11_cap1024_run01,679,0,BA,76A0CD57610CB6F3,1,1,0,0,1,1,1,1,0,1,1,0,1,1,0,1,0,0,1,1,0,0,0,0,1,0,0,0,0,1,1,0,1,1,1,0,1,0,1,0,1,0,1,1,0,0,1,1,0,0,0,0,0,1,0,1,0,1,1,0,1,1,1,0,0,1,0,1,1,1,0,1
regs_only_warmup11_cap1024_run01,680,1,1D,F6A9CF576886B779,1,0,0,1,1,1,1,0,1,1,1,0,1,1,0,1,0,1,1,0,0,0,0,1,0,0,0,1,0,1,1,0,1,1,1,0,1,0,1,0,1,1,1,1,0,0,1,1,1,0,0,1,0,1,0,1,0,1,1,0,1,1,1,1,1,0,1,1,1,0,0,0
regs_only_warmup11_cap1024_run01,681,0,9A,DF2147DCF8871F78,0,0,0,1,1,1,1,0,1,1,1,1,1,0,0,0,1,1,1,0,0,0,0,1,0,0,0,1,1,1,1,1,0,0,1,1,1,0,1,1,1,1,1,0,0,0,1,0,1,0,0,0,0,1,0,0,1,1,1,1,1,0,1,1,0,1,0,1,1,0,0,1
regs_only_warmup11_cap1024_run01,682,0,28,1D3367D8B00F5FF0,0,0,0,0,1,1,1,1,1,1,1,1,1,0,1,0,1,1,1,1,0,0,0,0,0,0,0,0,1,1,0,1,0,0,0,1,1,0,1,1,1,1,1,0,0,1,1,0,1,1,0,0,1,1,0,0,1,0,1,1,1,0,0,0,0,0,0,1,0,1,0,0
regs_only_warmup11_cap1024_run01,683,0,8D,15BBEE50312FD1F8,0,0,0,1,1,1,1,1,1,0,0,0,1,0,1,1,1,1,1,1,0,1,0,0,1,0,0,0,1,1,0,0,0,0,0,0,1,0,1,0,0,1,1,1,0,1,1,1,1,1,0,1,1,1,0,1,1,0,1,0,1,0,0,0,1,0,1,1,0,0,0,1
regs_only_warmup11_cap1024_run01,684,0,2F,95FAE6593BA7D07A,0,1,0,1,1,1,1,0,0,0,0,0,1,0,1,1,1,1,1,0,0,1,0,1,1,1,0,1,1,1,0,0,1,0,0,1,1,0,1,0,0,1,1,0,0,1,1,1,0,1,0,1,1,1,1,1,1,0,1,0,1,0,0,1,1,1,1,1,0,1,0,0
regs_only_warmup11_cap1024_run01,685,1,6A,9C7664DBBFAC5853,1,1,0,0,1,0,1,0,0,0,0,1,1,0,1,0,0,0,1,1,0,1,0,1,1,1,1,1,1,1,0,1,1,1,0,1,1,0,1,1,0,0,1,0,0,1,1,0,0,1,1,0,1,1,1,0,0,0,1,1,1,0,0,1,0,1,0,1,0,1,1,0
regs_only_warmup11_cap1024_run01,686,0,F6,1A766DD3B72C58D7,1,1,1,0,1,0,1,1,0,0,0,1,1,0,1,0,0,0,1,1,0,1,0,0,1,1,1,0,1,1,0,1,1,1,0,0,1,0,1,1,1,0,1,1,0,1,1,0,0,1,1,0,1,1,1,0,0,1,0,1,1,0,0,0,0,1,1,0,1,1,1,1
regs_only_warmup11_cap1024_run01,687,0,41,12FDED531E24D2DF,1,1,1,1,1,0,1,1,0,1,0,0,1,0,1,1,0,0,1,0,0,1,0,0,0,1,1,1,1,0,0,0,1,1,0,0,1,0,1,0,1,0,1,1,0,1,1,1,1,0,1,1,1,1,1,1,0,1,0,0,1,0,0,0,1,0,0,0,0,0,1,0
regs_only_warmup11_cap1024_run01,688,0,A1,9BDDE55A1EA5DB5E,0,1,1,1,1,0,1,0,1,1,0,1,1,0,1,1,1,0,1,0,0,1,0,1,0,1,1,1,1,0,0,0,0,1,0,1,1,0,1,0,1,0,1,0,0,1,1,1,1,0,1,1,1,0,1,1,1,1,0,1,1,0,0,1,1,0,0,0,0,1,0,1
regs_only_warmup11_cap1024_run01,689,0,8F,9B5565CA94AD5B54,0,0,1,0,1,0,1,0,1,1,0,1,1,0,1,0,1,0,1,1,0,1,0,1,0,0,1,0,1,0,0,1,0,1,0,1,0,0,1,1,1,0,1,0,0,1,1,0,1,0,1,0,1,0,1,0,1,1,0,1,1,0,0,1,1,1,1,1,0,0,0,1
regs_only_warmup11_cap1024_run01,690,1,E4,135D6EC0952F53D4,0,0,1,0,1,0,1,1,1,1,0,0,1,0,1,0,1,1,1,1,0,1,0,0,1,0,1,0,1,0,0,1,0,0,0,0,0,0,1,1,0,1,1,1,0,1,1,0,1,0,1,1,1,0,1,0,1,1,0,0,1,0,0,0,0,0,1,0,0,1,1,1
regs_only_warmup11_cap1024_run01,691,0,B1,01DEEA011D27D2DC,0,0,1,1,1,0,1,1,0,1,0,0,1,0,1,1,1,1,1,0,0,1,0,0,1,0,1,1,1,0,0,0,1,0,0,0,0,0,0,0,0,1,0,1,0,1,1,1,0,1,1,1,1,0,1,1,1,0,0,0,0,0,0,0,1,0,0,0,1,1,0,1
regs_only_warmup11_cap1024_run01,692,0,41,88D6E2091DE2D85D,1,0,1,1,1,0,1,0,0,0,0,1,1,0,1,1,0,1,0,0,0,1,1,1,1,0,1,1,1,0,0,0,1,0,0,1,0,0,0,0,0,1,0,0,0,1,1,1,0,1,1,0,1,0,1,1,0,0,0,1,0,0,0,1,1,0,0,0,0,0,1,0
regs_only_warmup11_cap1024_run01,693,0,2F,88566BA997EA5857,1,1,1,0,1,0,1,0,0,0,0,1,1,0,1,0,0,1,0,1,0,1,1,1,1,1,1,0,1,0,0,1,1,0,0,1,0,1,0,1,1,1,0,1,0,1,1,0,0,1,1,0,1,0,1,0,0,0,0,1,0,0,0,1,1,1,1,1,0,1,0,0
regs_only_warmup11_cap1024_run01,694,1,1C,005F69A19E68509F,1,1,1,1,1,0,0,1,0,0,0,0,1,0,1,0,0,0,0,1,0,1,1,0,0,1,1,1,1,0,0,1,1,0,0,0,0,1,0,1,1,0,0,1,0,1,1,0,1,1,1,1,1,0,1,0,0,0,0,0,0,0,0,0,0,0,1,1,1,0,0,0
regs_only_warmup11_cap1024_run01,695,1,C0,02DFE12E1E60DD9F,1,1,1,1,1,0,0,1,1,0,1,1,1,0,1,1,0,0,0,0,0,1,1,0,0,1,1,1,1,0,0,0,0,1,1,1,0,1,0,0,1,0,0,0,0,1,1,1,1,1,1,1,1,0,1,1,0,1,0,0,0,0,0,0,0,0,0,0,0,0,1,1
regs_only_warmup11_cap1024_run01,696,0,4D,8BD5E12E16E9CF16,0,1,1,0,1,0,0,0,1,1,1,1,0,0,1,1,1,0,0,1,0,1,1,1,0,1,1,0,1,0,0,0,0,1,1,1,0,1,0,0,1,0,0,0,0,1,1,1,1,0,1,0,1,0,1,1,1,1,0,1,0,0,0,1,1,0,1,1,0,0,1,0
regs_only_warmup11_cap1024_run01,697,0,E5,835D68A696E94716,0,1,1,0,1,0,0,0,1,1,1,0,0,0,1,0,1,0,0,1,0,1,1,1,0,1,1,0,1,0,0,1,0,1,1,0,0,1,0,1,0,0,0,1,0,1,1,0,1,0,1,1,1,0,1,0,1,1,0,0,0,0,0,1,1,0,1,0,0,1,1,1
regs_only_warmup11_cap1024_run01,698,1,3C,035C68A79D61669C,0,0,1,1,1,0,0,1,0,1,1,0,0,1,1,0,1,0,0,0,0,1,1,0,1,0,1,1,1,0,0,1,1,1,1,0,0,1,0,1,0,0,0,1,0,1,1,0,0,0,1,1,1,0,1,0,1,1,0,0,0,0,0,0,0,0,1,1,1,1,0,0
regs_only_warmup11_cap1024_run01,699,0,85,0ED4E22D1D62EE9D,1,0,1,1,1,0,0,1,0,1,1,1,0,1,1,1,0,1,0,0,0,1,1,0,1,0,1,1,1,0,0,0,1,0,1,1,0,1,0,0,0,1,0,0,0,1,1,1,0,0,1,0,1,0,1,1,0,1,1,1,0,0,0,0,1,0,1,0,0,0,0,1
regs_only_warmup11_cap1024_run01,700,1,ED,8CD6EA2D15EAEE15,1,0,1,0,1,0,0,0,0,1,1,1,0,1,1,1,0,1,0,1,0,1,1,1,1,0,1,0,1,0,0,0,1,0,1,1,0,1,0,0,0,1,0,1,0,1,1,1,0,1,1,0,1,0,1,1,0,0,1,1,0,0,0,1,1,0,1,1,0,1,1,1
regs_only_warmup11_cap1024_run01,701,0,84,A45A4BA590EAE41D,1,0,1,1,1,0,0,0,0,0,1,0,0,1,1,1,0,1,0,1,0,1,1,1,0,0,0,0,1,0,0,1,1,0,1,0,0,1,0,1,1,1,0,1,0,0,1,0,0,1,0,1,1,0,1,0,0,0,1,0,0,1,0,1,0,0,1,0,0,0,0,1
regs_only_warmup11_cap1024_run01,702,0,41,245B53AC9A42659D,1,0,1,1,1,0,0,1,1,0,1,0,0,1,1,0,0,1,0,0,0,0,1,0,0,1,0,1,1,0,0,1,0,0,1,1,0,1,0,1,1,1,0,0,1,0,1,0,1,1,0,1,1,0,1,0,0,0,1,0,0,1,0,0,1,0,0,0,0,0,1,0
regs_only_warmup11_cap1024_run01,703,0,4C,2DD3D1AC1A5BEDB2,0,1,0,0,1,1,0,1,1,0,1,1,0,1,1,1,1,1,0,1,1,0,1,0,0,1,0,1,1,0,0,0,0,0,1,1,0,1,0,1,1,0,0,0,1,0,1,1,1,1,0,0,1,0,1,1,1,0,1,1,0,1,0,0,0,0,1,1,0,0,1,0
regs_only_warmup11_cap1024_run01,704,1,D5,ADD39C2612D9ED32,0,1,0,0,1,1,0,0,1,0,1,1,0,1,1,1,1,0,0,1,1,0,1,1,0,1,0,0,1,0,0,0,0,1,1,0,0,1,0,0,0,0,1,1,1,0,0,1,1,1,0,0,1,0,1,1,1,0,1,1,0,1,0,1,1,0,1,0,1,0,1,1
regs_only_warmup11_cap1024_run01,705,1,6F,E7581CA6FBD5E52A,0,1,0,1,0,1,0,0,1,0,1,0,0,1,1,1,1,0,1,0,1,0,1,1,1,1,0,1,1,1,1,1,0,1,1,0,0,1,0,1,0,0,1,1,1,0,0,0,0,0,0,1,1,0,1,0,1,1,1,0,0,1,1,1,1,1,1,1,0,1,1,0
regs_only_warmup11_cap1024_run01,706,0,CB,6E5814AFFB556EAB,1,1,0,1,0,1,0,1,0,1,1,1,0,1,1,0,1,0,1,0,1,0,1,0,1,1,0,1,1,1,1,1,1,1,1,1,0,1,0,1,0,0,1,0,1,0,0,0,0,0,0,1,1,0,1,0,0,1,1,1,0,1,1,0,1,1,0,1,0,0,1,1
regs_only_warmup11_cap1024_run01,707,1,A1,6EF094AF715CEEA1,1,0,0,0,0,1,0,1,0,1,1,1,0,1,1,1,0,0,1,1,1,0,1,0,1,0,0,0,1,1,1,0,1,1,1,1,0,1,0,1,0,0,1,0,1,0,0,1,0,0,0,0,1,1,1,1,0,1,1,1,0,1,1,0,1,0,0,0,0,1,0,1
regs_only_warmup11_cap1024_run01,708,0,CA,E6F89F2770DEE621,1,0,0,0,0,1,0,0,0,1,1,0,0,1,1,1,0,1,1,1,1,0,1,1,0,0,0,0,1,1,1,0,1,1,1,0,0,1,0,0,1,1,1,1,1,0,0,1,0,0,0,1,1,1,1,1,0,1,1,0,0,1,1,1,0,1,0,1,0,0,1,1
regs_only_warmup11_cap1024_run01,709,0,7D,E4791FA4F8D6E729,1,0,0,1,0,1,0,0,1,1,1,0,0,1,1,1,0,1,1,0,1,0,1,1,0,0,0,1,1,1,1,1,0,0,1,0,0,1,0,1,1,1,1,1,1,0,0,0,1,0,0,1,1,1,1,0,0,0,1,0,0,1,1,1,1,0,1,1,1,1,1,0
regs_only_warmup11_cap1024_run01,710,0,C7,6D7317ACE8576DA8,0,0,0,1,0,1,0,1,1,0,1,1,0,1,1,0,1,1,1,0,1,0,1,0,0,0,0,1,0,1,1,1,0,0,1,1,0,1,0,1,1,1,1,0,1,0,0,0,1,1,0,0,1,1,1,0,1,0,1,1,0,1,1,0,1,1,1,0,0,0,1,1
regs_only_warmup11_cap1024_run01,711,1,A2,6DA39E88605FADA0,0,0,0,0,0,1,0,1,1,0,1,1,0,1,0,1,1,1,1,1,1,0,1,0,0,0,0,0,0,1,1,0,0,0,0,1,0,0,0,1,0,1,1,1,1,0,0,1,1,1,0,0,0,1,0,1,1,0,1,1,0,1,1,0,0,1,0,0,0,1,0,1
regs_only_warmup11_cap1024_run01,712,0,AF,E5AA9E006BDFA12A,0,1,0,1,0,1,0,0,1,0,0,0,0,1,0,1,1,1,1,1,1,0,1,1,1,1,0,1,0,1,1,0,0,0,0,0,0,0,0,0,0,1,1,1,1,0,0,1,0,1,0,1,0,1,0,1,1,0,1,0,0,1,1,1,1,1,1,1,0,1,0,1
regs_only_warmup11_cap1024_run01,713,0,C6,EC2A148BEBD5A82B,1,1,0,1,0,1,0,0,0,0,0,1,0,1,0,1,1,0,1,0,1,0,1,1,1,1,0,1,0,1,1,1,1,1,0,1,0,0,0,1,0,0,1,0,1,0,0,0,0,1,0,1,0,1,0,0,0,0,1,1,0,1,1,1,0,1,1,0,0,0,1,1
regs_only_warmup11_cap1024_run01,714,0,80,6E24148BE75C28A3,1,1,0,0,0,1,0,1,0,0,0,1,0,1,0,0,0,0,1,1,1,0,1,0,1,1,1,0,0,1,1,1,1,1,0,1,0,0,0,1,0,0,1,0,1,0,0,0,0,0,1,0,0,1,0,0,0,1,1,1,0,1,1,0,0,0,0,0,0,0,0,1
regs_only_warmup11_cap1024_run01,715,1,A2,62AC9DC3665CA2A3,1,1,0,0,0,1,0,1,0,1,0,0,0,1,0,1,0,0,1,1,1,0,1,0,0,1,1,0,0,1,1,0,1,1,0,0,0,0,1,1,1,0,1,1,1,0,0,1,0,0,1,1,0,1,0,1,0,1,0,0,0,1,1,0,0,1,0,0,0,1,0,1
regs_only_warmup11_cap1024_run01,716,1,61,E2AD9D426CD4A32F,1,1,1,1,0,1,0,0,1,1,0,0,0,1,0,1,0,0,1,0,1,0,1,1,0,0,1,1,0,1,1,0,0,1,0,0,0,0,1,0,1,0,1,1,1,0,0,1,1,0,1,1,0,1,0,1,0,1,0,0,0,1,1,1,1,0,0,0,0,1,1,0
regs_only_warmup11_cap1024_run01,717,1,58,EB2517DAECD78B6C,0,0,1,1,0,1,1,0,1,1,0,1,0,0,0,1,1,1,1,0,1,0,1,1,0,0,1,1,0,1,1,1,0,1,0,1,1,0,1,1,1,1,1,0,1,0,0,0,1,0,1,0,0,1,0,0,1,1,0,1,0,1,1,1,0,0,0,1,1,0,1,0
regs_only_warmup11_cap1024_run01,718,1,62,4B251FD8E45F0BE4,0,0,1,0,0,1,1,1,1,1,0,1,0,0,0,0,1,1,1,1,1,0,1,0,0,0,1,0,0,1,1,1,0,0,0,1,1,0,1,1,1,1,1,1,1,0,0,0,1,0,1,0,0,1,0,0,1,1,0,1,0,0,1,0,0,1,0,0,0,1,1,0
regs_only_warmup11_cap1024_run01,719,1,D3,51AEBED0655F83EC,0,0,1,1,0,1,1,1,1,1,0,0,0,0,0,1,1,1,1,1,1,0,1,0,1,0,1,0,0,1,1,0,0,0,0,0,1,0,1,1,0,1,1,1,1,1,0,1,0,1,1,1,0,1,0,1,1,0,0,0,1,0,1,0,1,1,0,0,1,0,1,1
regs_only_warmup11_cap1024_run01,720,0,6F,D1AEB6596DF7806D,1,0,1,1,0,1,1,0,0,0,0,0,0,0,0,1,1,1,1,0,1,1,1,1,1,0,1,1,0,1,1,0,1,0,0,1,1,0,1,0,0,1,1,0,1,1,0,1,0,1,1,1,0,1,0,1,1,0,0,0,1,0,1,1,1,1,1,1,0,1,1,0
regs_only_warmup11_cap1024_run01,721,0,58,D82636D9EFBE8847,1,1,1,0,0,0,1,0,0,0,0,1,0,0,0,1,0,1,1,1,1,1,0,1,1,1,1,1,0,1,1,1,1,0,0,1,1,0,1,1,0,1,1,0,1,1,0,0,0,1,1,0,0,1,0,0,0,0,0,1,1,0,1,1,0,0,0,1,1,0,1,0
regs_only_warmup11_cap1024_run01,722,1,D3,582639D3E73C08C7,1,1,1,0,0,0,1,1,0,0,0,1,0,0,0,0,0,0,1,1,1,1,0,0,1,1,1,0,0,1,1,1,1,1,0,0,1,0,1,1,1,0,0,1,1,1,0,0,0,1,1,0,0,1,0,0,0,0,0,1,1,0,1,0,1,1,0,0,1,0,1,1
regs_only_warmup11_cap1024_run01,723,1,A2,52AFB9D24E3091CF,1,1,1,1,0,0,1,1,1,0,0,0,1,0,0,1,0,0,0,0,1,1,0,0,0,1,1,1,0,0,1,0,0,1,0,0,1,0,1,1,1,0,0,1,1,1,0,1,1,1,1,1,0,1,0,1,0,1,0,0,1,0,1,0,0,1,0,0,0,1,0,1
regs_only_warmup11_cap1024_run01,724,1,42,DBADB15A4EB19B4E,0,1,1,1,0,0,1,0,1,1,0,1,1,0,0,1,1,0,0,0,1,1,0,1,0,1,1,1,0,0,1,0,0,1,0,1,1,0,1,0,1,0,0,0,1,1,0,1,1,0,1,1,0,1,0,1,1,1,0,1,1,0,1,1,0,1,0,0,0,0,1,0
regs_only_warmup11_cap1024_run01,725,0,2F,DB0531DEC4B99B46,0,1,1,0,0,0,1,0,1,1,0,1,1,0,0,1,1,0,0,1,1,1,0,1,0,0,1,0,0,0,1,1,0,1,1,1,1,0,1,1,1,0,0,0,1,1,0,0,1,0,1,0,0,0,0,0,1,1,0,1,1,0,1,1,1,1,1,1,0,1,0,0
regs_only_warmup11_cap1024_run01,726,0,71,530D38D6C53917C4,0,0,1,0,0,0,1,1,1,1,1,0,1,0,0,0,1,0,0,1,1,1,0,0,1,0,1,0,0,0,1,1,0,1,1,0,1,0,1,1,0,0,0,1,1,1,0,0,1,0,1,1,0,0,0,0,1,1,0,0,1,0,1,0,1,0,0,0,1,1,1,0
regs_only_warmup11_cap1024_run01,727,0,70,538CBAD54D3396CC,0,0,1,1,0,0,1,1,0,1,1,0,1,0,0,1,1,1,0,0,1,1,0,0,1,0,1,1,0,0,1,0,1,0,1,0,1,0,1,1,0,1,0,1,1,1,0,1,0,0,1,1,0,0,0,1,1,1,0,0,1,0,1,0,0,0,0,0,1,1,1,0
regs_only_warmup11_cap1024_run01,728,1,72,D886F25D4DB29E4D,1,0,1,1,0,0,1,0,0,1,1,1,1,0,0,1,0,1,0,0,1,1,0,1,1,0,1,1,0,0,1,0,1,0,1,1,1,0,1,0,0,1,0,0,1,1,1,1,0,1,1,0,0,0,0,1,0,0,0,1,1,0,1,1,0,1,0,0,1,1,1,0
regs_only_warmup11_cap1024_run01,729,0,15,D8067BFDC5BA9C45,1,0,1,0,0,0,1,0,0,0,1,1,1,0,0,1,0,1,0,1,1,1,0,1,1,0,1,0,0,0,1,1,1,0,1,1,1,1,1,1,1,1,0,1,1,1,1,0,0,1,1,0,0,0,0,0,0,0,0,1,1,0,1,1,1,0,1,0,1,0,0,0
regs_only_warmup11_cap1024_run01,730,1,AA,540F6BF5CE3A15CF,1,1,1,1,0,0,1,1,1,0,1,0,1,0,0,0,0,1,0,1,1,1,0,0,0,1,1,1,0,0,1,1,1,0,1,0,1,1,1,1,1,1,0,1,0,1,1,0,1,1,1,1,0,0,0,0,0,0,1,0,1,0,1,0,0,1,0,1,0,1,0,1
regs_only_warmup11_cap1024_run01,731,0,43,558FE1FC4E219DCE,0,1,1,1,0,0,1,1,1,0,1,1,1,0,0,1,1,0,0,0,0,1,0,0,0,1,1,1,0,0,1,0,0,0,1,1,1,1,1,1,1,0,0,0,0,1,1,1,1,1,1,1,0,0,0,1,1,0,1,0,1,0,1,0,1,1,0,0,0,0,1,0
regs_only_warmup11_cap1024_run01,732,1,42,DD83E17E42A99D56,0,1,1,0,1,0,1,0,1,0,1,1,1,0,0,1,1,0,0,1,0,1,0,1,0,1,0,0,0,0,1,0,0,1,1,1,1,1,1,0,1,0,0,0,0,1,1,1,1,1,0,0,0,0,0,1,1,0,1,1,1,0,1,1,0,1,0,0,0,0,1,0
regs_only_warmup11_cap1024_run01,733,0,AA,970968F683A99756,0,1,1,0,1,0,1,0,1,1,1,0,1,0,0,1,1,0,0,1,0,1,0,1,1,1,0,0,0,0,0,1,0,1,1,0,1,1,1,1,0,0,0,1,0,1,1,0,1,0,0,1,0,0,0,0,1,1,1,0,1,0,0,1,0,1,0,1,0,1,0,1
regs_only_warmup11_cap1024_run01,734,0,73,170868F78B2176DA,0,1,0,1,1,0,1,1,0,1,1,0,1,1,1,0,1,0,0,0,0,1,0,0,1,1,0,1,0,0,0,1,1,1,1,0,1,1,1,1,0,0,0,1,0,1,1,0,0,0,0,1,0,0,0,0,1,1,1,0,1,0,0,0,1,1,0,0,1,1,1,0
regs_only_warmup11_cap1024_run01,735,1,07,1EC0E4FF0920FED9,1,0,0,1,1,0,1,1,0,1,1,1,1,1,1,1,0,0,0,0,0,1,0,0,1,0,0,1,0,0,0,0,1,1,1,1,1,1,1,1,0,0,1,0,0,1,1,1,0,0,0,0,0,0,1,1,0,1,1,1,1,0,0,0,1,1,1,0,0,0,0,0
regs_only_warmup11_cap1024_run01,736,1,0F,BEC0CF7D01AEFE51,1,0,0,0,1,0,1,0,0,1,1,1,1,1,1,1,0,1,1,1,0,1,0,1,1,0,0,0,0,0,0,0,1,0,1,1,1,1,1,0,1,1,1,1,0,0,1,1,0,0,0,0,0,0,1,1,0,1,1,1,1,1,0,1,1,1,1,1,0,0,0,0
regs_only_warmup11_cap1024_run01,737,0,2C,B44B4FF580AEF659,1,0,0,1,1,0,1,0,0,1,1,0,1,1,1,1,0,1,1,1,0,1,0,1,0,0,0,0,0,0,0,1,1,0,1,0,1,1,1,1,1,1,1,1,0,0,1,0,1,1,0,1,0,0,1,0,0,0,1,0,1,1,0,1,0,0,1,1,0,1,0,0
regs_only_warmup11_cap1024_run01,738,1,0F,354B47FC980775F8,0,0,0,1,1,1,1,1,1,0,1,0,1,1,1,0,1,1,1,0,0,0,0,0,0,0,0,1,1,0,0,1,0,0,1,1,1,1,1,1,1,1,1,0,0,0,1,0,1,1,0,1,0,0,1,0,1,0,1,0,1,1,0,0,1,1,1,1,0,0,0,0
regs_only_warmup11_cap1024_run01,739,0,EA,3DD3C7FC1A0FFDF0,0,0,0,0,1,1,1,1,1,0,1,1,1,1,1,1,1,1,1,1,0,0,0,0,0,1,0,1,1,0,0,0,0,0,1,1,1,1,1,1,1,1,1,0,0,0,1,1,1,1,0,0,1,0,1,1,1,0,1,1,1,1,0,0,0,1,0,1,0,1,1,1
regs_only_warmup11_cap1024_run01,740,1,6E,BDD3CE74138FFD72,0,1,0,0,1,1,1,0,1,0,1,1,1,1,1,1,1,1,1,1,0,0,0,1,1,1,0,0,1,0,0,0,0,0,1,0,1,1,1,0,0,1,1,1,0,0,1,1,1,1,0,0,1,0,1,1,1,0,1,1,1,1,0,1,0,1,1,1,0,1,1,0
regs_only_warmup11_cap1024_run01,741,1,B7,B55A4CF7BB85F47A,0,1,0,1,1,1,1,0,0,0,1,0,1,1,1,1,1,0,1,0,0,0,0,1,1,1,0,1,1,1,0,1,1,1,1,0,1,1,1,1,0,0,1,1,0,0,1,0,0,1,0,1,1,0,1,0,1,0,1,0,1,1,0,1,1,1,1,0,1,1,0,1
regs_only_warmup11_cap1024_run01,742,0,87,3E7844BBBB047CFB,1,1,0,1,1,1,1,1,0,0,1,1,1,1,1,0,0,0,1,0,0,0,0,0,1,1,0,1,1,1,0,1,1,1,0,1,1,1,0,1,0,0,1,0,0,0,1,0,0,0,0,1,1,1,1,0,0,1,1,1,1,1,0,0,1,1,1,0,0,0,0,1
regs_only_warmup11_cap1024_run01,743,1,84,3EF0C5BB334CFAF3,1,1,0,0,1,1,1,1,0,1,0,1,1,1,1,1,0,0,1,1,0,0,1,0,1,1,0,0,1,1,0,0,1,1,0,1,1,1,0,1,1,0,1,0,0,0,1,1,0,0,0,0,1,1,1,1,0,1,1,1,1,1,0,0,0,0,1,0,0,0,0,1
regs_only_warmup11_cap1024_run01,744,0,A3,B6F9CD3330CCF231,1,0,0,0,1,1,0,0,0,1,0,0,1,1,1,1,0,0,1,1,0,0,1,1,0,0,0,0,1,1,0,0,1,1,0,0,1,1,0,0,1,0,1,1,0,0,1,1,1,0,0,1,1,1,1,1,0,1,1,0,1,1,0,1,1,1,0,0,0,1,0,1
regs_only_warmup11_cap1024_run01,745,0,F8,B6794FA2BCC6F339,1,0,0,1,1,1,0,0,1,1,0,0,1,1,1,1,0,1,1,0,0,0,1,1,0,0,1,1,1,1,0,1,0,1,0,0,0,1,0,1,1,1,1,1,0,0,1,0,1,0,0,1,1,1,1,0,0,1,1,0,1,1,0,1,0,0,0,1,1,1,1,1
regs_only_warmup11_cap1024_run01,746,1,C8,2F754788BC477BB8,0,0,0,1,1,1,0,1,1,1,0,1,1,1,1,0,1,1,1,0,0,0,1,0,0,0,1,1,1,1,0,1,0,0,0,1,0,0,0,1,1,1,1,0,0,0,1,0,1,0,1,0,1,1,1,0,1,1,1,1,0,1,0,0,0,0,0,1,0,0,1,1
regs_only_warmup11_cap1024_run01,747,1,E6,29F7CE88354FFBB4,0,0,1,0,1,1,0,1,1,1,0,1,1,1,1,1,1,1,1,1,0,0,1,0,1,0,1,0,1,1,0,0,0,0,0,1,0,0,0,1,0,1,1,1,0,0,1,1,1,1,1,0,1,1,1,1,1,0,0,1,0,1,0,0,0,1,1,0,0,1,1,1
regs_only_warmup11_cap1024_run01,748,1,F0,A1FECE0135CFF03C,0,0,1,1,1,1,0,0,0,0,0,0,1,1,1,1,1,1,1,1,0,0,1,1,1,0,1,0,1,1,0,0,1,0,0,0,0,0,0,0,0,1,1,1,0,0,1,1,0,1,1,1,1,1,1,1,1,0,0,0,0,1,0,1,0,0,0,0,1,1,1,1
regs_only_warmup11_cap1024_run01,749,0,3A,A07E4689BFC6F83F,1,1,1,1,1,1,0,0,0,0,0,1,1,1,1,1,0,1,1,0,0,0,1,1,1,1,1,1,1,1,0,1,1,0,0,1,0,0,0,1,0,1,1,0,0,0,1,0,0,1,1,1,1,1,1,0,0,0,0,0,0,1,0,1,0,1,0,1,1,1,0,0
regs_only_warmup11_cap1024_run01,750,0,46,2876448BB74C68B7,1,1,1,0,1,1,0,1,0,0,0,1,0,1,1,0,0,0,1,1,0,0,1,0,1,1,1,0,1,1,0,1,1,1,0,1,0,0,0,1,0,0,1,0,0,0,1,0,0,1,1,0,1,1,1,0,0,0,0,1,0,1,0,0,0,1,1,0,0,0,1,0
regs_only_warmup11_cap1024_run01,751,1,34,22F5CD83364CC0B7,1,1,1,0,1,1,0,1,0,0,0,0,0,0,1,1,0,0,1,1,0,0,1,0,0,1,1,0,1,1,0,0,1,1,0,0,0,0,0,1,1,0,1,1,0,0,1,1,1,0,1,0,1,1,1,1,0,1,0,0,0,1,0,0,0,0,1,0,1,1,0,0
regs_only_warmup11_cap1024_run01,752,1,7C,82FDCD023EC4C33F,1,1,1,1,1,1,0,0,1,1,0,0,0,0,1,1,0,0,1,0,0,0,1,1,0,1,1,1,1,1,0,0,0,1,0,0,0,0,0,0,1,0,1,1,0,0,1,1,1,0,1,1,1,1,1,1,0,1,0,0,0,0,0,1,0,0,1,1,1,1,1,0
regs_only_warmup11_cap1024_run01,753,1,5B,8B75218ABCC5CB3E,0,1,1,1,1,1,0,0,1,1,0,1,0,0,1,1,1,0,1,0,0,0,1,1,0,0,1,1,1,1,0,1,0,1,0,1,0,0,0,1,1,0,0,0,0,1,0,0,1,0,1,0,1,1,1,0,1,1,0,1,0,0,0,1,1,1,0,1,1,0,1,0
regs_only_warmup11_cap1024_run01,754,1,7C,4B75208AF46B4BB4,0,0,1,0,1,1,0,1,1,1,0,1,0,0,1,0,1,1,0,1,0,1,1,0,0,0,1,0,1,1,1,1,0,1,0,1,0,0,0,1,0,0,0,0,0,1,0,0,1,0,1,0,1,1,1,0,1,1,0,1,0,0,1,0,0,0,1,1,1,1,1,0
regs_only_warmup11_cap1024_run01,755,1,9F,43FCAA80756BC294,0,0,1,0,1,0,0,1,0,1,0,0,0,0,1,1,1,1,0,1,0,1,1,0,1,0,1,0,1,1,1,0,0,0,0,0,0,0,0,1,0,1,0,1,0,1,0,1,0,0,1,1,1,1,1,1,1,1,0,0,0,0,1,0,1,1,1,1,1,0,0,1
regs_only_warmup11_cap1024_run01,756,0,42,C0FEB2057DE2C21D,1,0,1,1,1,0,0,0,0,1,0,0,0,0,1,1,0,1,0,0,0,1,1,1,1,0,1,1,1,1,1,0,1,0,1,0,0,0,0,0,0,1,0,0,1,1,0,1,0,1,1,1,1,1,1,1,0,0,0,0,0,0,1,1,0,1,0,0,0,0,1,0
regs_only_warmup11_cap1024_run01,757,0,E1,C876328DDDFACC15,1,0,1,0,1,0,0,0,0,0,1,1,0,0,1,1,0,1,0,1,1,1,1,1,1,0,1,1,1,0,1,1,1,0,1,1,0,0,0,1,0,1,0,0,1,1,0,0,0,1,1,0,1,1,1,0,0,0,0,1,0,0,1,1,1,0,0,0,0,1,1,1
regs_only_warmup11_cap1024_run01,758,0,3F,48563B85D67A4C97,1,1,1,0,1,0,0,1,0,0,1,1,0,0,1,0,0,1,0,1,1,1,1,0,0,1,1,0,1,0,1,1,1,0,1,0,0,0,0,1,1,1,0,1,1,1,0,0,0,1,1,0,1,0,1,0,0,0,0,1,0,0,1,0,1,1,1,1,1,1,0,0
regs_only_warmup11_cap1024_run01,759,1,ED,40DFB9845E70C58F,1,1,1,1,0,0,0,1,1,0,1,0,0,0,1,1,0,0,0,0,1,1,1,0,0,1,1,1,1,0,1,0,0,0,1,0,0,0,0,1,1,0,0,1,1,1,0,1,1,1,1,1,1,0,1,1,0,0,0,0,0,0,1,0,1,0,1,1,0,1,1,1
regs_only_warmup11_cap1024_run01,760,0,9D,CB9FB10E5EF18D0E,0,1,1,1,0,0,0,0,1,0,1,1,0,0,0,1,1,0,0,0,1,1,1,1,0,1,1,1,1,0,1,0,0,1,1,1,0,0,0,0,1,0,0,0,1,1,0,1,1,1,1,1,1,0,0,1,1,1,0,1,0,0,1,1,1,0,1,1,1,0,0,1
regs_only_warmup11_cap1024_run01,761,1,5A,CF15300ED6F98F06,0,1,1,0,0,0,0,0,1,1,1,1,0,0,0,1,1,0,0,1,1,1,1,1,0,1,1,0,1,0,1,1,0,1,1,1,0,0,0,0,0,0,0,0,1,1,0,0,1,0,1,0,1,0,0,0,1,1,1,1,0,0,1,1,0,1,0,1,1,0,1,0
regs_only_warmup11_cap1024_run01,762,0,77,471C3886D7790786,0,1,1,0,0,0,0,1,1,1,1,0,0,0,0,0,1,0,0,1,1,1,1,0,1,1,1,0,1,0,1,1,0,1,1,0,0,0,0,1,0,0,0,1,1,1,0,0,0,0,1,1,1,0,0,0,1,1,1,0,0,0,1,0,1,1,1,0,1,1,1,0
regs_only_warmup11_cap1024_run01,763,0,D2,4698B8A75971868D,1,0,1,1,0,0,0,1,0,1,1,0,0,0,0,1,1,0,0,0,1,1,1,0,1,0,0,1,1,0,1,0,1,1,1,0,0,1,0,1,0,0,0,1,1,1,0,1,0,0,0,1,1,0,0,1,0,1,1,0,0,0,1,0,0,1,0,0,1,0,1,1
regs_only_warmup11_cap1024_run01,764,1,95,CE90B26D59F28E0D,1,0,1,1,0,0,0,0,0,1,1,1,0,0,0,1,0,1,0,0,1,1,1,1,1,0,0,1,1,0,1,0,1,0,1,1,0,1,1,0,0,1,0,0,1,1,0,1,0,0,0,0,1,0,0,1,0,1,1,1,0,0,1,1,1,0,1,0,1,0,0,1
regs_only_warmup11_cap1024_run01,765,0,70,CC023B6DC0FA8E41,1,0,0,0,0,0,1,0,0,1,1,1,0,0,0,1,0,1,0,1,1,1,1,1,0,0,0,0,0,0,1,1,1,0,1,1,0,1,1,0,1,1,0,1,1,1,0,0,0,1,0,0,0,0,0,0,0,0,1,1,0,0,1,1,0,0,0,0,1,1,1,0
regs_only_warmup11_cap1024_run01,766,0,44,440B3FE4C07A05C9,1,0,0,1,0,0,1,1,1,0,1,0,0,0,0,0,0,1,0,1,1,1,1,0,0,0,0,0,0,0,1,1,0,0,1,0,0,1,1,1,1,1,1,1,1,1,0,0,1,1,0,1,0,0,0,0,0,0,1,0,0,0,1,0,0,0,1,0,0,0,1,0
regs_only_warmup11_cap1024_run01,767,0,99,458BB7EC4A778DC8,0,0,0,1,0,0,1,1,1,0,1,1,0,0,0,1,1,1,1,0,1,1,1,0,0,1,0,1,0,0,1,0,0,0,1,1,0,1,1,1,1,1,1,0,1,1,0,1,1,1,0,1,0,0,0,1,1,0,1,0,0,0,1,0,1,0,0,1,1,0,0,1
regs_only_warmup11_cap1024_run01,768,0,E2,CD83B66C42FFAD42,0,1,0,0,0,0,1,0,1,0,1,1,0,1,0,1,1,1,1,1,1,1,1,1,0,1,0,0,0,0,1,0,0,0,1,1,0,1,1,0,0,1,1,0,1,1,0,1,1,1,0,0,0,0,0,1,1,0,1,1,0,0,1,1,0,1,0,0,0,1,1,1
regs_only_warmup11_cap1024_run01,769,0,D0,E5023CE6C3BDA542,0,1,0,0,0,0,1,0,1,0,1,0,0,1,0,1,1,0,1,1,1,1,0,1,1,1,0,0,0,0,1,1,0,1,1,0,0,1,1,1,0,0,1,1,1,1,0,0,0,1,0,0,0,0,0,0,1,0,1,0,0,1,1,1,0,0,0,0,1,0,1,1
regs_only_warmup11_cap1024_run01,770,1,79,66081CF7CB3524CB,1,1,0,1,0,0,1,1,0,0,1,0,0,1,0,0,1,0,1,0,1,1,0,0,1,1,0,1,0,0,1,1,1,1,1,0,1,1,1,1,0,0,1,1,1,0,0,0,0,0,0,1,0,0,0,0,0,1,1,0,0,1,1,0,1,0,0,1,1,1,1,0
regs_only_warmup11_cap1024_run01,771,1,E2,6E8094FF4B14AEEB,1,1,0,1,0,1,1,1,0,1,1,1,0,1,0,1,0,0,1,0,1,0,0,0,1,1,0,1,0,0,1,0,1,1,1,1,1,1,1,1,0,0,1,0,1,0,0,1,0,0,0,0,0,0,0,1,0,1,1,1,0,1,1,0,0,1,0,0,0,1,1,1
regs_only_warmup11_cap1024_run01,772,0,DA,FE80957F409CAE63,1,1,0,0,0,1,1,0,0,1,1,1,0,1,0,1,0,0,1,1,1,0,0,1,0,0,0,0,0,0,1,0,1,1,1,1,1,1,1,0,1,0,1,0,1,0,0,1,0,0,0,0,0,0,0,1,0,1,1,1,1,1,1,1,0,1,0,1,1,0,1,1
regs_only_warmup11_cap1024_run01,773,1,27,F6091FF6C09EA761,1,0,0,0,0,1,1,0,1,1,1,0,0,1,0,1,0,1,1,1,1,0,0,1,0,0,0,0,0,0,1,1,0,1,1,0,1,1,1,1,1,1,1,1,1,0,0,0,1,0,0,1,0,0,0,0,0,1,1,0,1,1,1,1,1,1,1,0,0,1,0,0
regs_only_warmup11_cap1024_run01,774,0,00,770917F0E81727E8,0,0,0,1,0,1,1,1,1,1,1,0,0,1,0,0,1,1,1,0,1,0,0,0,0,0,0,1,0,1,1,1,0,0,0,0,1,1,1,1,1,1,1,0,1,0,0,0,1,0,0,1,0,0,0,0,1,1,1,0,1,1,1,0,0,0,0,0,0,0,0,0
regs_only_warmup11_cap1024_run01,775,0,3A,7DA3D6F86817ABE8,0,0,0,1,0,1,1,1,1,1,0,1,0,1,0,1,1,1,1,0,1,0,0,0,0,0,0,1,0,1,1,0,0,0,0,1,1,1,1,1,0,1,1,0,1,0,1,1,1,1,0,0,0,1,0,1,1,0,1,1,1,1,1,0,0,1,0,1,1,1,0,0
regs_only_warmup11_cap1024_run01,776,1,DA,FDA2DE70619FB960,0,0,0,0,0,1,1,0,1,0,0,1,1,1,0,1,1,1,1,1,1,0,0,1,1,0,0,0,0,1,1,0,0,0,0,0,1,1,1,0,0,1,1,1,1,0,1,1,0,1,0,0,0,1,0,1,1,0,1,1,1,1,1,1,0,1,0,1,1,0,1,1
regs_only_warmup11_cap1024_run01,777,1,F7,F42A5EF1EB97B06B,1,1,0,1,0,1,1,0,0,0,0,0,1,1,0,1,1,1,1,0,1,0,0,1,1,1,0,1,0,1,1,1,1,0,0,0,1,1,1,1,0,1,1,1,1,0,1,0,0,1,0,1,0,1,0,0,0,0,1,0,1,1,1,1,1,1,1,0,1,1,1,1
regs_only_warmup11_cap1024_run01,778,1,AA,7C2E54F9EF1438EB,1,1,0,1,0,1,1,1,0,0,0,1,1,1,0,0,0,0,1,0,1,0,0,0,1,1,1,1,0,1,1,1,1,0,0,1,1,1,1,1,0,0,1,0,1,0,1,0,0,1,1,1,0,1,0,0,0,0,1,1,1,1,1,0,0,1,0,1,0,1,0,1
regs_only_warmup11_cap1024_run01,779,0,A4,7AA6D5DB661CB8E7,1,1,1,0,0,1,1,1,0,0,0,1,1,1,0,1,0,0,1,1,1,0,0,0,0,1,1,0,0,1,1,0,1,1,0,1,1,0,1,1,1,0,1,0,1,0,1,1,0,1,1,0,0,1,0,1,0,1,0,1,1,1,1,0,0,0,1,0,0,1,0,1
regs_only_warmup11_cap1024_run01,780,1,59,B2ADDD52269CF367,1,1,1,0,0,1,1,0,1,1,0,0,1,1,1,1,0,0,1,1,1,0,0,1,0,1,1,0,0,1,0,0,0,1,0,0,1,0,1,0,1,0,1,1,1,0,1,1,1,0,1,1,0,1,0,1,0,1,0,0,1,1,0,1,1,0,0,1,1,0,1,0
regs_only_warmup11_cap1024_run01,781,0,B9,B32D5D52AE95F36E,0,1,1,1,0,1,1,0,1,1,0,0,1,1,1,1,1,0,1,0,1,0,0,1,0,1,1,1,0,1,0,1,0,1,0,0,1,0,1,0,1,0,1,1,1,0,1,0,1,0,1,1,0,1,0,0,1,1,0,0,1,1,0,1,1,0,0,1,1,1,0,1
regs_only_warmup11_cap1024_run01,782,1,95,3B6544DAAC157BEC,0,0,1,1,0,1,1,1,1,1,0,1,1,1,1,0,1,0,1,0,1,0,0,0,0,0,1,1,0,1,0,1,0,1,0,1,1,0,1,1,0,0,1,0,0,0,1,0,1,0,1,0,0,1,1,0,1,1,0,1,1,1,0,0,1,0,1,0,1,0,0,1
regs_only_warmup11_cap1024_run01,783,0,AA,3BE4CED8250FFBE4,0,0,1,0,0,1,1,1,1,1,0,1,1,1,1,1,1,1,1,1,0,0,0,0,1,0,1,0,0,1,0,0,0,0,0,1,1,0,1,1,0,1,1,1,0,0,1,1,0,0,1,0,0,1,1,1,1,1,0,1,1,1,0,0,0,1,0,1,0,1,0,1
regs_only_warmup11_cap1024_run01,784,0,BC,B0EECE51258FD27D,1,0,1,1,1,1,1,0,0,1,0,0,1,0,1,1,1,1,1,1,0,0,0,1,1,0,1,0,0,1,0,0,1,0,0,0,1,0,1,0,0,1,1,1,0,0,1,1,0,1,1,1,0,1,1,1,0,0,0,0,1,1,0,1,0,0,1,1,1,1,0,1
regs_only_warmup11_cap1024_run01,785,1,5E,906E42D9AD86D07D,1,0,1,1,1,1,1,0,0,0,0,0,1,0,1,1,0,1,1,0,0,0,0,1,1,0,1,1,0,1,0,1,1,0,0,1,1,0,1,1,0,1,0,0,0,0,1,0,0,1,1,1,0,1,1,0,0,0,0,0,1,0,0,1,0,1,1,1,1,0,1,0
regs_only_warmup11_cap1024_run01,786,1,1A,186663D9AE0A58F5,1,0,1,0,1,1,1,1,0,0,0,1,1,0,1,0,0,1,0,1,0,0,0,0,0,1,1,1,0,1,0,1,1,0,0,1,1,0,1,1,1,1,0,0,0,1,1,0,0,1,1,0,0,1,1,0,0,0,0,1,1,0,0,0,0,1,0,1,1,0,0,0
regs_only_warmup11_cap1024_run01,787,1,1F,18E7EBD0262AD9F7,1,1,1,0,1,1,1,1,1,0,0,1,1,0,1,1,0,1,0,1,0,1,0,0,0,1,1,0,0,1,0,0,0,0,0,0,1,0,1,1,1,1,0,1,0,1,1,1,1,1,1,0,0,1,1,1,0,0,0,1,1,0,0,0,1,1,1,1,1,0,0,0
regs_only_warmup11_cap1024_run01,788,1,F5,91EFE9522EA1D15E,0,1,1,1,1,0,1,0,1,0,0,0,1,0,1,1,1,0,0,0,0,1,0,1,0,1,1,1,0,1,0,0,0,1,0,0,1,0,1,0,1,0,0,1,0,1,1,1,1,1,1,1,0,1,1,1,1,0,0,0,1,0,0,1,1,0,1,0,1,1,1,1
regs_only_warmup11_cap1024_run01,789,0,B3,9B7D619EBEE1D95E,0,1,1,1,1,0,1,0,1,0,0,1,1,0,1,1,1,0,0,0,0,1,1,1,0,1,1,1,1,1,0,1,0,1,1,1,1,0,0,1,1,0,0,0,0,1,1,0,1,0,1,1,1,1,1,0,1,1,0,1,1,0,0,1,1,1,0,0,1,1,0,1
regs_only_warmup11_cap1024_run01,790,1,11,1B74609EB7695FD6,0,1,1,0,1,0,1,1,1,1,1,1,1,0,1,0,1,0,0,1,0,1,1,0,1,1,1,0,1,1,0,1,0,1,1,1,1,0,0,1,0,0,0,0,0,1,1,0,0,0,1,0,1,1,1,0,1,1,0,1,1,0,0,0,1,0,0,0,1,0,0,0
regs_only_warmup11_cap1024_run01,791,1,9A,13FCE8971569D696,0,1,1,0,1,0,0,1,0,1,1,0,1,0,1,1,1,0,0,1,0,1,1,0,1,0,1,0,1,0,0,0,1,1,1,0,1,0,0,1,0,0,0,1,0,1,1,1,0,0,1,1,1,1,1,1,1,1,0,0,1,0,0,0,0,1,0,1,1,0,0,1
regs_only_warmup11_cap1024_run01,792,0,E2,92DCEA171DE2D61D,1,0,1,1,1,0,0,0,0,1,1,0,1,0,1,1,0,1,0,0,0,1,1,1,1,0,1,1,1,0,0,0,1,1,1,0,1,0,0,0,0,1,0,1,0,1,1,1,0,0,1,1,1,0,1,1,0,1,0,0,1,0,0,1,0,1,0,0,0,1,1,1
regs_only_warmup11_cap1024_run01,793,1,58,9A54639D9DE2DE1D,1,0,1,1,1,0,0,0,0,1,1,1,1,0,1,1,0,1,0,0,0,1,1,1,1,0,1,1,1,0,0,1,1,0,1,1,1,0,0,1,1,1,0,0,0,1,1,0,0,0,1,0,1,0,1,0,0,1,0,1,1,0,0,1,0,0,0,1,1,0,1,0
regs_only_warmup11_cap1024_run01,794,1,F8,1C576B9D946A5F95,1,0,1,0,1,0,0,1,1,1,1,1,1,0,1,0,0,1,0,1,0,1,1,0,0,0,1,0,1,0,0,1,1,0,1,1,1,0,0,1,1,1,0,1,0,1,1,0,1,1,1,0,1,0,1,0,0,0,1,1,1,0,0,0,0,0,0,1,1,1,1,1
regs_only_warmup11_cap1024_run01,795,1,DE,15DFEB941C6BD59C,0,0,1,1,1,0,0,1,1,0,1,0,1,0,1,1,1,1,0,1,0,1,1,0,0,0,1,1,1,0,0,0,0,0,1,0,1,0,0,1,1,1,0,1,0,1,1,1,1,1,1,1,1,0,1,1,1,0,1,0,1,0,0,0,0,1,1,1,1,0,1,1
regs_only_warmup11_cap1024_run01,796,0,AC,9DDBE30C1AE3DD1E,0,1,1,1,1,0,0,0,1,0,1,1,1,0,1,1,1,1,0,0,0,1,1,1,0,1,0,1,1,0,0,0,0,0,1,1,0,0,0,0,1,1,0,0,0,1,1,1,1,1,0,1,1,0,1,1,1,0,1,1,1,0,0,1,0,0,1,1,0,1,0,1
regs_only_warmup11_cap1024_run01,797,1,94,9D5360AE93E9DD12,0,1,0,0,1,0,0,0,1,0,1,1,1,0,1,1,1,0,0,1,0,1,1,1,1,1,0,0,1,0,0,1,0,1,1,1,0,1,0,1,0,0,0,0,0,1,1,0,1,1,0,0,1,0,1,0,1,0,1,1,1,0,0,1,0,0,1,0,1,0,0,1
regs_only_warmup11_cap1024_run01,798,1,73,175868A793695492,0,1,0,0,1,0,0,1,0,0,1,0,1,0,1,0,1,0,0,1,0,1,1,0,1,1,0,0,1,0,0,1,1,1,1,0,0,1,0,1,0,0,0,1,0,1,1,0,0,0,0,1,1,0,1,0,1,1,1,0,1,0,0,0,1,1,0,0,1,1,1,0
regs_only_warmup11_cap1024_run01,799,1,33,06D8ECA71B60D69B,1,1,0,1,1,0,0,1,0,1,1,0,1,0,1,1,0,0,0,0,0,1,1,0,1,1,0,1,1,0,0,0,1,1,1,0,0,1,0,1,0,0,1,1,0,1,1,1,0,0,0,1,1,0,1,1,0,1,1,0,0,0,0,0,1,1,0,0,1,1,0,0
regs_only_warmup11_cap1024_run01,800,0,78,8ED0E52F19E4DE1B,1,1,0,1,1,0,0,0,0,1,1,1,1,0,1,1,0,0,1,0,0,1,1,1,1,0,0,1,1,0,0,0,1,1,1,1,0,1,0,0,1,0,1,0,0,1,1,1,0,0,0,0,1,0,1,1,0,1,1,1,0,0,0,1,0,0,0,1,1,1,1,0
regs_only_warmup11_cap1024_run01,801,0,D8,CE512D2FD0EEDE11,1,0,0,0,1,0,0,0,0,1,1,1,1,0,1,1,0,1,1,1,0,1,1,1,0,0,0,0,1,0,1,1,1,1,1,1,0,1,0,0,1,0,1,1,0,1,0,0,1,0,0,0,1,0,1,0,0,1,1,1,0,0,1,1,0,0,0,1,1,0,1,1
regs_only_warmup11_cap1024_run01,802,0,39,47592FA4D06F7798,0,0,0,1,1,0,0,1,1,1,1,0,1,1,1,0,1,1,1,1,0,1,1,0,0,0,0,0,1,0,1,1,0,0,1,0,0,1,0,1,1,1,1,1,0,1,0,0,1,0,0,1,1,0,1,0,1,1,1,0,0,0,1,0,1,0,0,1,1,1,0,0
regs_only_warmup11_cap1024_run01,803,0,AD,45DBA7AC5867E798,0,0,0,1,1,0,0,1,1,1,1,0,0,1,1,1,1,1,1,0,0,1,1,0,0,0,0,1,1,0,1,0,0,0,1,1,0,1,0,1,1,1,1,0,0,1,0,1,1,1,0,1,1,0,1,1,1,0,1,0,0,0,1,0,1,0,1,1,0,1,0,1
regs_only_warmup11_cap1024_run01,804,1,75,EDD3862C59EFED10,0,0,0,0,1,0,0,0,1,0,1,1,0,1,1,1,1,1,1,1,0,1,1,1,1,0,0,1,1,0,1,0,0,0,1,1,0,1,0,0,0,1,1,0,0,0,0,1,1,1,0,0,1,0,1,1,1,0,1,1,0,1,1,1,1,0,1,0,1,1,1,0
regs_only_warmup11_cap1024_run01,805,1,7A,ED520E25D3CFEC12,0,1,0,0,1,0,0,0,0,0,1,1,0,1,1,1,1,1,1,1,0,0,1,1,1,1,0,0,1,0,1,1,1,0,1,0,0,1,0,0,0,1,1,1,0,0,0,0,0,1,0,0,1,0,1,0,1,0,1,1,0,1,1,1,0,1,0,1,1,1,1,0
regs_only_warmup11_cap1024_run01,806,1,82,645A0CA3DB4464BB,1,1,0,1,1,1,0,1,0,0,1,0,0,1,1,0,0,0,1,0,0,0,1,0,1,1,0,1,1,0,1,1,1,1,0,0,0,1,0,1,0,0,1,1,0,0,0,0,0,1,0,1,1,0,1,0,0,0,1,0,0,1,1,0,0,1,0,0,0,0,0,1
regs_only_warmup11_cap1024_run01,807,0,B8,6E9A85AB5B44E8BB,1,1,0,1,1,1,0,1,0,0,0,1,0,1,1,1,0,0,1,0,0,0,1,0,1,1,0,1,1,0,1,0,1,1,0,1,0,1,0,1,1,0,1,0,0,0,0,1,0,1,0,1,1,0,0,1,0,1,1,1,0,1,1,0,0,0,0,1,1,1,0,1
regs_only_warmup11_cap1024_run01,808,0,48,EE91952B52CCAA33,1,1,0,0,1,1,0,0,0,1,0,1,0,1,0,1,0,0,1,1,0,0,1,1,0,1,0,0,1,0,1,0,1,1,0,1,0,1,0,0,1,0,1,0,1,0,0,1,1,0,0,0,1,0,0,1,0,1,1,1,0,1,1,1,0,0,0,1,0,0,1,0
regs_only_warmup11_cap1024_run01,809,0,0D,E71D1D22F4DCA332,0,1,0,0,1,1,0,0,1,1,0,0,0,1,0,1,0,0,1,1,1,0,1,1,0,0,1,0,1,1,1,1,0,1,0,0,0,1,0,0,1,0,1,1,1,0,0,0,1,0,1,1,1,0,0,0,1,1,1,0,0,1,1,1,1,0,1,1,0,0,0,0
regs_only_warmup11_cap1024_run01,810,1,52,633D1DA2FC5523B8,0,0,0,1,1,1,0,1,1,1,0,0,0,1,0,0,1,0,1,0,1,0,1,0,0,0,1,1,1,1,1,1,0,1,0,0,0,1,0,1,1,0,1,1,1,0,0,0,1,0,1,1,1,1,0,0,1,1,0,0,0,1,1,0,0,1,0,0,1,0,1,0
regs_only_warmup11_cap1024_run01,811,0,C6,6BB596E87D57ABAC,0,0,1,1,0,1,0,1,1,1,0,1,0,1,0,1,1,1,1,0,1,0,1,0,1,0,1,1,1,1,1,0,0,0,0,1,0,1,1,1,0,1,1,0,1,0,0,1,1,0,1,0,1,1,0,1,1,1,0,1,0,1,1,0,0,1,1,0,0,0,1,1
regs_only_warmup11_cap1024_run01,812,0,EC,E9B69E6975DFAA24,0,0,1,0,0,1,0,0,0,1,0,1,0,1,0,1,1,1,1,1,1,0,1,1,1,0,1,0,1,1,1,0,1,0,0,1,0,1,1,0,0,1,1,1,1,0,0,1,0,1,1,0,1,1,0,1,1,0,0,1,0,1,1,1,0,0,1,1,0,1,1,1
regs_only_warmup11_cap1024_run01,813,1,D1,E03E1E61F5DEA06D,1,0,1,1,0,1,1,0,0,0,0,0,0,1,0,1,0,1,1,1,1,0,1,1,1,0,1,0,1,1,1,1,1,0,0,0,0,1,1,0,0,1,1,1,1,0,0,0,0,1,1,1,1,1,0,0,0,0,0,0,0,1,1,1,1,0,0,0,1,0,1,1
regs_only_warmup11_cap1024_run01,814,0,71,603E16E9FF5628EF,1,1,1,1,0,1,1,1,0,0,0,1,0,1,0,0,0,1,1,0,1,0,1,0,1,1,1,1,1,1,1,1,1,0,0,1,0,1,1,1,0,1,1,0,1,0,0,0,0,1,1,1,1,1,0,0,0,0,0,0,0,1,1,0,1,0,0,0,1,1,1,0
regs_only_warmup11_cap1024_run01,815,0,8A,68B795C9765CA8E7,1,1,1,0,0,1,1,1,0,0,0,1,0,1,0,1,0,0,1,1,1,0,1,0,0,1,1,0,1,1,1,0,1,0,0,1,0,0,1,1,1,0,1,0,1,0,0,1,1,1,1,0,1,1,0,1,0,0,0,1,0,1,1,0,0,1,0,1,0,0,0,1
regs_only_warmup11_cap1024_run01,816,1,8B,E0B79942769CA167,1,1,1,0,0,1,1,0,1,0,0,0,0,1,0,1,0,0,1,1,1,0,0,1,0,1,1,0,1,1,1,0,0,1,0,0,0,0,1,0,1,0,0,1,1,0,0,1,1,1,1,0,1,1,0,1,0,0,0,0,0,1,1,1,1,1,0,1,0,0,0,1
regs_only_warmup11_cap1024_run01,817,0,A1,E32D1942EE95A36E,0,1,1,1,0,1,1,0,1,1,0,0,0,1,0,1,1,0,1,0,1,0,0,1,0,1,1,1,0,1,1,1,0,1,0,0,0,0,1,0,1,0,0,1,1,0,0,0,1,0,1,1,0,1,0,0,1,1,0,0,0,1,1,1,1,0,0,0,0,1,0,1
regs_only_warmup11_cap1024_run01,818,0,E0,6B2510CAEE112BEE,0,1,1,1,0,1,1,1,1,1,0,1,0,1,0,0,1,0,0,0,1,0,0,0,0,1,1,1,0,1,1,1,0,1,0,1,0,0,1,1,0,0,0,0,1,0,0,0,1,0,1,0,0,1,0,0,1,1,0,1,0,1,1,0,0,0,0,0,0,1,1,1
regs_only_warmup11_cap1024_run01,819,1,D4,6BA490CB6519AAE4,0,0,1,0,0,1,1,1,0,1,0,1,0,1,0,1,1,0,0,1,1,0,0,0,1,0,1,0,0,1,1,0,1,1,0,1,0,0,1,1,0,0,0,0,1,0,0,1,0,0,1,0,0,1,0,1,1,1,0,1,0,1,1,0,0,0,1,0,1,0,1,1
regs_only_warmup11_cap1024_run01,820,0,13,E2AC9A45659A866D,1,0,1,1,0,1,1,0,0,1,1,0,0,0,0,1,0,1,0,1,1,0,0,1,1,0,1,0,0,1,1,0,1,0,1,0,0,0,1,0,0,1,0,1,1,0,0,1,0,0,1,1,0,1,0,1,0,1,0,0,0,1,1,1,1,1,0,0,1,0,0,0
regs_only_warmup11_cap1024_run01,821,1,07,C02E124DED92866D,1,0,1,1,0,1,1,0,0,1,1,0,0,0,0,1,0,1,0,0,1,0,0,1,1,0,1,1,0,1,1,1,1,0,1,1,0,0,1,0,0,1,0,0,1,0,0,0,0,1,1,1,0,1,0,0,0,0,0,0,0,0,1,1,1,1,1,0,0,0,0,0
regs_only_warmup11_cap1024_run01,822,1,5D,482633CDEC1A0CE5,1,0,1,0,0,1,1,1,0,0,1,1,0,0,0,0,0,1,0,1,1,0,0,0,0,0,1,1,0,1,1,1,1,0,1,1,0,0,1,1,1,1,0,0,1,1,0,0,0,1,1,0,0,1,0,0,0,0,0,1,0,0,1,0,1,0,1,1,1,0,1,0
regs_only_warmup11_cap1024_run01,823,1,61,48A7FBD4663A8DE5,1,0,1,0,0,1,1,1,1,0,1,1,0,0,0,1,0,1,0,1,1,1,0,0,0,1,1,0,0,1,1,0,0,0,1,0,1,0,1,1,1,1,0,1,1,1,1,1,1,1,1,0,0,1,0,1,0,0,0,1,0,0,1,0,1,0,0,0,0,1,1,0
regs_only_warmup11_cap1024_run01,824,1,1E,C5AFF9546EB3854E,0,1,1,1,0,0,1,0,1,0,1,0,0,0,0,1,1,1,0,0,1,1,0,1,0,1,1,1,0,1,1,0,0,0,1,0,1,0,1,0,1,0,0,1,1,1,1,1,1,1,1,1,0,1,0,1,1,0,1,0,0,0,1,1,0,1,1,1,1,0,0,0
regs_only_warmup11_cap1024_run01,825,0,F0,CD2F705EEEB18D4E,0,1,1,1,0,0,1,0,1,0,1,1,0,0,0,1,1,0,0,0,1,1,0,1,0,1,1,1,0,1,1,1,0,1,1,1,1,0,1,0,0,0,0,0,1,1,1,0,1,1,1,1,0,1,0,0,1,0,1,1,0,0,1,1,0,0,0,0,1,1,1,1
regs_only_warmup11_cap1024_run01,826,0,62,5F2070DEC3390DC6,0,1,1,0,0,0,1,1,1,0,1,1,0,0,0,0,1,0,0,1,1,1,0,0,1,1,0,0,0,0,1,1,0,1,1,1,1,0,1,1,0,0,0,0,1,1,1,0,0,0,0,0,0,1,0,0,1,1,1,1,1,0,1,0,0,1,0,0,0,1,1,0
regs_only_warmup11_cap1024_run01,827,0,2F,5688F8D7433886C7,1,1,1,0,0,0,1,1,0,1,1,0,0,0,0,1,0,0,0,1,1,1,0,0,1,1,0,0,0,0,1,0,1,1,1,0,1,0,1,1,0,0,0,1,1,1,1,1,0,0,0,1,0,0,0,1,0,1,1,0,1,0,1,0,1,1,1,1,0,1,0,0
regs_only_warmup11_cap1024_run01,828,0,36,9688F85709B0864D,1,0,1,1,0,0,1,0,0,1,1,0,0,0,0,1,0,0,0,0,1,1,0,1,1,0,0,1,0,0,0,0,1,1,1,0,1,0,1,0,0,0,0,1,1,1,1,1,0,0,0,1,0,0,0,1,0,1,1,0,1,0,0,1,0,1,1,0,1,1,0,0
regs_only_warmup11_cap1024_run01,829,0,A1,9E00735F88B2DE49,1,0,0,1,0,0,1,0,0,1,1,1,1,0,1,1,0,1,0,0,1,1,0,1,0,0,0,1,0,0,0,1,1,1,1,1,1,0,1,0,1,1,0,0,1,1,1,0,0,0,0,0,0,0,0,0,0,1,1,1,1,0,0,1,1,0,0,0,0,1,0,1
regs_only_warmup11_cap1024_run01,830,1,B9,1C417FDC803A5FC1,1,0,0,0,0,0,1,1,1,1,1,1,1,0,1,0,0,1,0,1,1,1,0,0,0,0,0,0,0,0,0,1,0,0,1,1,1,0,1,1,1,1,1,1,1,1,1,0,1,0,0,0,0,0,1,0,0,0,1,1,1,0,0,0,1,0,0,1,1,1,0,1
regs_only_warmup11_cap1024_run01,831,1,C3,15CBFFD4003FD5C8,0,0,0,1,0,0,1,1,1,0,1,0,1,0,1,1,1,1,1,1,1,1,0,0,0,0,0,0,0,0,0,0,0,0,1,0,1,0,1,1,1,1,1,1,1,1,1,1,1,1,0,1,0,0,1,1,1,0,1,0,1,0,0,0,1,1,0,0,0,0,1,1
regs_only_warmup11_cap1024_run01,832,0,5A,95CBF67C08B7D548,0,0,0,1,0,0,1,0,1,0,1,0,1,0,1,1,1,1,1,0,1,1,0,1,0,0,0,1,0,0,0,0,0,0,1,1,1,1,1,0,0,1,1,0,1,1,1,1,1,1,0,1,0,0,1,1,1,0,1,0,1,0,0,1,0,1,0,1,1,0,1,0
regs_only_warmup11_cap1024_run01,833,0,A4,9D4276FC8BBFDD42,0,1,0,0,0,0,1,0,1,0,1,1,1,0,1,1,1,1,1,1,1,1,0,1,1,1,0,1,0,0,0,1,0,0,1,1,1,1,1,1,0,1,1,0,1,1,1,0,0,1,0,0,0,0,1,0,1,0,1,1,1,0,0,1,0,0,1,0,0,1,0,1
regs_only_warmup11_cap1024_run01,834,1,BE,1C427CF7833D54C3,1,1,0,0,0,0,1,1,0,0,1,0,1,0,1,0,1,0,1,1,1,1,0,0,1,1,0,0,0,0,0,1,1,1,1,0,1,1,1,1,0,0,1,1,1,1,1,0,0,1,0,0,0,0,1,0,0,0,1,1,1,0,0,0,0,1,1,1,1,1,0,1
regs_only_warmup11_cap1024_run01,835,0,FD,16C8ECF70B34D4CB,1,1,0,1,0,0,1,1,0,0,1,0,1,0,1,1,0,0,1,0,1,1,0,0,1,1,0,1,0,0,0,0,1,1,1,0,1,1,1,1,0,0,1,1,0,1,1,1,0,0,0,1,0,0,1,1,0,1,1,0,1,0,0,0,1,0,1,1,1,1,1,1
regs_only_warmup11_cap1024_run01,836,1,A6,9EC0E53F0AA4FE4B,1,1,0,1,0,0,1,0,0,1,1,1,1,1,1,1,0,0,1,0,0,1,0,1,0,1,0,1,0,0,0,0,1,1,1,1,1,1,0,0,1,0,1,0,0,1,1,1,0,0,0,0,0,0,1,1,0,1,1,1,1,0,0,1,0,1,1,0,0,1,0,1
regs_only_warmup11_cap1024_run01,837,0,8C,9E4165BE80ECFF53,1,1,0,0,1,0,1,0,1,1,1,1,1,1,1,1,0,0,1,1,0,1,1,1,0,0,0,0,0,0,0,1,0,1,1,1,1,1,0,1,1,0,1,0,0,1,1,0,1,0,0,0,0,0,1,0,0,1,1,1,1,0,0,1,0,0,1,1,0,0,0,1
regs_only_warmup11_cap1024_run01,838,1,E9,37494FB2806F77D0,0,0,0,0,1,0,1,1,1,1,1,0,1,1,1,0,1,1,1,1,0,1,1,0,0,0,0,0,0,0,0,1,0,1,0,0,1,1,0,1,1,1,1,1,0,0,1,0,1,0,0,1,0,0,1,0,1,1,1,0,1,1,0,0,1,0,0,1,0,1,1,1
regs_only_warmup11_cap1024_run01,839,1,BD,37C9CEB00867F398,0,0,0,1,1,0,0,1,1,1,0,0,1,1,1,1,1,1,1,0,0,1,1,0,0,0,0,1,0,0,0,0,0,0,0,0,1,1,0,1,0,1,1,1,0,0,1,1,1,0,0,1,0,0,1,1,1,1,1,0,1,1,0,0,1,0,1,1,1,1,0,1
regs_only_warmup11_cap1024_run01,840,0,57,BDC2C63809C7FB38,0,0,0,1,1,1,0,0,1,1,0,1,1,1,1,1,1,1,1,0,0,0,1,1,1,0,0,1,0,0,0,0,0,0,0,1,1,1,0,0,0,1,1,0,0,0,1,1,0,1,0,0,0,0,1,1,1,0,1,1,1,1,0,1,1,1,1,0,1,0,1,0
regs_only_warmup11_cap1024_run01,841,1,5B,BD464EB985CFF831,1,0,0,0,1,1,0,0,0,0,0,1,1,1,1,1,1,1,1,1,0,0,1,1,1,0,1,0,0,0,0,1,1,0,0,1,1,1,0,1,0,1,1,1,0,0,1,0,0,1,1,0,0,0,1,0,1,0,1,1,1,1,0,1,1,1,0,1,1,0,1,0
regs_only_warmup11_cap1024_run01,842,1,C6,345E4EB19F4670BB,1,1,0,1,1,1,0,1,0,0,0,0,1,1,1,0,0,1,1,0,0,0,1,0,1,1,1,1,1,0,0,1,1,0,0,0,1,1,0,1,0,1,1,1,0,0,1,0,0,1,1,1,1,0,1,0,0,0,1,0,1,1,0,0,0,1,1,0,0,0,1,1
regs_only_warmup11_cap1024_run01,843,0,9B,38DEC5B93E44F8BF,1,1,1,1,1,1,0,1,0,0,0,1,1,1,1,1,0,0,1,0,0,0,1,0,0,1,1,1,1,1,0,0,1,0,0,1,1,1,0,1,1,0,1,0,0,0,1,1,0,1,1,1,1,0,1,1,0,0,0,1,1,1,0,0,1,1,0,1,1,0,0,1
regs_only_warmup11_cap1024_run01,844,1,C1,BAF7C53A36CCF937,1,1,1,0,1,1,0,0,1,0,0,1,1,1,1,1,0,0,1,1,0,0,1,1,0,1,1,0,1,1,0,0,0,1,0,1,1,1,0,0,1,0,1,0,0,0,1,1,1,1,1,0,1,1,1,1,0,1,0,1,1,1,0,1,1,0,0,0,0,0,1,1
regs_only_warmup11_cap1024_run01,845,0,8C,B37D4DB2B6CDF336,0,1,1,0,1,1,0,0,1,1,0,0,1,1,1,1,1,0,1,1,0,0,1,1,0,1,1,0,1,1,0,1,0,1,0,0,1,1,0,1,1,0,1,1,0,0,1,0,1,0,1,1,1,1,1,0,1,1,0,0,1,1,0,1,0,0,1,1,0,0,0,1
regs_only_warmup11_cap1024_run01,846,1,06,337D4DB2BE4573BE,0,1,1,1,1,1,0,1,1,1,0,0,1,1,1,0,1,0,1,0,0,0,1,0,0,1,1,1,1,1,0,1,0,1,0,0,1,1,0,1,1,0,1,1,0,0,1,0,1,0,1,1,1,1,1,0,1,1,0,0,1,1,0,0,0,1,1,0,0,0,0,0
regs_only_warmup11_cap1024_run01,847,0,BF,3BF5C4BA3D45FBBC,0,0,1,1,1,1,0,1,1,1,0,1,1,1,1,1,1,0,1,0,0,0,1,0,1,0,1,1,1,1,0,0,0,1,0,1,1,1,0,1,0,0,1,0,0,0,1,1,1,0,1,0,1,1,1,1,1,1,0,1,1,1,0,0,1,1,1,1,1,1,0,1
regs_only_warmup11_cap1024_run01,848,1,D9,FBF48E1975CFFA34,0,0,1,0,1,1,0,0,0,1,0,1,1,1,1,1,1,1,1,1,0,0,1,1,1,0,1,0,1,1,1,0,1,0,0,1,1,0,0,0,0,1,1,1,0,0,0,1,0,0,1,0,1,1,1,1,1,1,0,1,1,1,1,1,1,0,0,1,1,0,1,1
regs_only_warmup11_cap1024_run01,849,1,07,F07E0A81F5CEF23D,1,0,1,1,1,1,0,0,0,1,0,0,1,1,1,1,0,1,1,1,0,0,1,1,1,0,1,0,1,1,1,1,1,0,0,0,0,0,0,1,0,1,0,1,0,0,0,0,0,1,1,1,1,1,1,0,0,0,0,0,1,1,1,1,1,1,1,0,0,0,0,0
regs_only_warmup11_cap1024_run01,850,1,9A,707E0389FD4270BD,1,0,1,1,1,1,0,1,0,0,0,0,1,1,1,0,0,1,0,0,0,0,1,0,1,0,1,1,1,1,1,1,1,0,0,1,0,0,0,1,1,1,0,0,0,0,0,0,0,1,1,1,1,1,1,0,0,0,0,0,1,1,1,0,0,1,0,1,1,0,0,1
regs_only_warmup11_cap1024_run01,851,0,F4,68F783897E4AF9B7,1,1,1,0,1,1,0,1,1,0,0,1,1,1,1,1,0,1,0,1,0,0,1,0,0,1,1,1,1,1,1,0,1,0,0,1,0,0,0,1,1,1,0,0,0,0,0,1,1,1,1,0,1,1,1,1,0,0,0,1,0,1,1,0,0,0,1,0,1,1,1,1
regs_only_warmup11_cap1024_run01,852,1,F8,E9F7890476C9F936,0,1,1,0,1,1,0,0,1,0,0,1,1,1,1,1,1,0,0,1,0,0,1,1,0,1,1,0,1,1,1,0,0,0,1,0,0,0,0,0,1,0,0,1,0,0,0,1,1,1,1,0,1,1,1,1,1,0,0,1,0,1,1,1,0,0,0,1,1,1,1,1
regs_only_warmup11_cap1024_run01,853,1,4D,E17F0906FEC1F53E,0,1,1,1,1,1,0,0,1,0,1,0,1,1,1,1,1,0,0,0,0,0,1,1,0,1,1,1,1,1,1,1,0,1,1,0,0,0,0,0,1,0,0,1,0,0,0,0,1,1,1,1,1,1,1,0,1,0,0,0,0,1,1,1,1,0,1,1,0,0,1,0
regs_only_warmup11_cap1024_run01,854,0,C0,6B3D008EFF415FBE,0,1,1,1,1,1,0,1,1,1,1,1,1,0,1,0,1,0,0,0,0,0,1,0,1,1,1,1,1,1,1,1,0,1,1,1,0,0,0,1,0,0,0,0,0,0,0,0,1,0,1,1,1,1,0,0,1,1,0,1,0,1,1,0,0,0,0,0,0,0,1,1
regs_only_warmup11_cap1024_run01,855,0,37,4BB4808F77499EB6,0,1,1,0,1,1,0,1,0,1,1,1,1,0,0,1,1,0,0,1,0,0,1,0,1,1,1,0,1,1,1,0,1,1,1,1,0,0,0,1,0,0,0,0,0,0,0,1,0,0,1,0,1,1,0,1,1,1,0,1,0,0,1,0,1,1,1,0,1,1,0,0
regs_only_warmup11_cap1024_run01,856,1,FA,C2BCA80775E88635,1,0,1,0,1,1,0,0,0,1,1,0,0,0,0,1,0,0,0,1,0,1,1,1,1,0,1,0,1,1,1,0,1,1,1,0,0,0,0,0,0,0,0,1,0,1,0,1,0,0,1,1,1,1,0,1,0,1,0,0,0,0,1,1,0,1,0,1,1,1,1,1
regs_only_warmup11_cap1024_run01,857,0,0B,C63C2B05FDE2863D,1,0,1,1,1,1,0,0,0,1,1,0,0,0,0,1,0,1,0,0,0,1,1,1,1,0,1,1,1,1,1,1,1,0,1,0,0,0,0,0,1,1,0,1,0,1,0,0,0,0,1,1,1,1,0,0,0,1,1,0,0,0,1,1,1,1,0,1,0,0,0,0
regs_only_warmup11_cap1024_run01,858,1,F7,4C3723CDFC620E9D,1,0,1,1,1,0,0,1,0,1,1,1,0,0,0,0,0,1,0,0,0,1,1,0,0,0,1,1,1,1,1,1,1,0,1,1,0,0,1,1,1,1,0,0,0,1,0,0,1,1,1,0,1,1,0,0,0,0,1,1,0,0,1,0,1,1,1,0,1,1,1,1
regs_only_warmup11_cap1024_run01,859,1,6D,4DB3ABCC706B8D94,0,0,1,0,1,0,0,1,1,0,1,1,0,0,0,1,1,1,0,1,0,1,1,0,0,0,0,0,1,1,1,0,0,0,1,1,0,0,1,1,1,1,0,1,0,1,0,1,1,1,0,0,1,1,0,1,1,0,1,1,0,0,1,0,1,0,1,1,0,1,1,0
regs_only_warmup11_cap1024_run01,860,0,02,C5BBBB445AEB855C,0,0,1,1,1,0,1,0,1,0,1,0,0,0,0,1,1,1,0,1,0,1,1,1,0,1,0,1,1,0,1,0,0,0,1,0,0,0,1,0,1,1,0,1,1,1,0,1,1,1,0,1,1,1,0,1,1,0,1,0,0,0,1,1,0,1,0,0,0,0,0,0
regs_only_warmup11_cap1024_run01,861,1,94,CD1B304CDBF18D5A,0,1,0,1,1,0,1,0,1,0,1,1,0,0,0,1,1,0,0,0,1,1,1,1,1,1,0,1,1,0,1,1,0,0,1,1,0,0,1,0,0,0,0,0,1,1,0,0,1,1,0,1,1,0,0,0,1,0,1,1,0,0,1,1,0,0,1,0,1,0,0,1
regs_only_warmup11_cap1024_run01,862,0,0C,4D1230CFD3790CD2,0,1,0,0,1,0,1,1,0,0,1,1,0,0,0,0,1,0,0,1,1,1,1,0,1,1,0,0,1,0,1,1,1,1,1,1,0,0,1,1,0,0,0,0,1,1,0,0,0,1,0,0,1,0,0,0,1,0,1,1,0,0,1,0,0,0,1,1,0,0,0,0
regs_only_warmup11_cap1024_run01,863,0,F0,4698BCC7537884C3,1,1,0,0,0,0,1,1,0,0,1,0,0,0,0,1,0,0,0,1,1,1,1,0,1,1,0,0,1,0,1,0,1,1,1,0,0,0,1,1,0,0,1,1,1,1,0,1,0,0,0,1,1,0,0,1,0,1,1,0,0,0,1,0,0,0,0,0,1,1,1,1
regs_only_warmup11_cap1024_run01,864,0,4A,C698BD475BB4864B,1,1,0,1,0,0,1,0,0,1,1,0,0,0,0,1,0,0,1,0,1,1,0,1,1,1,0,1,1,0,1,0,1,1,1,0,0,0,1,0,1,0,1,1,1,1,0,1,0,0,0,1,1,0,0,1,0,1,1,0,0,0,1,1,0,1,0,1,0,0,1,0
regs_only_warmup11_cap1024_run01,865,1,81,CE1135CFD8B48E49,1,0,0,1,0,0,1,0,0,1,1,1,0,0,0,1,0,0,1,0,1,1,0,1,0,0,0,1,1,0,1,1,1,1,1,1,0,0,1,1,1,0,1,0,1,1,0,0,1,0,0,0,1,0,0,0,0,1,1,1,0,0,1,1,1,0,0,0,0,0,0,1
regs_only_warmup11_cap1024_run01,866,0,88,4F113FEED03F0FC0,0,0,0,0,0,0,1,1,1,1,1,1,0,0,0,0,1,1,1,1,1,1,0,0,0,0,0,0,1,0,1,1,0,1,1,1,0,1,1,1,1,1,1,1,1,1,0,0,1,0,0,0,1,0,0,0,1,1,1,1,0,0,1,0,0,0,0,1,0,0,0,1
regs_only_warmup11_cap1024_run01,867,0,A1,4599BFE4503F87C8,0,0,0,1,0,0,1,1,1,1,1,0,0,0,0,1,1,1,1,1,1,1,0,0,0,0,0,0,1,0,1,0,0,0,1,0,0,1,1,1,1,1,1,1,1,1,0,1,1,0,0,1,1,0,0,1,1,0,1,0,0,0,1,0,1,0,0,0,0,1,0,1
regs_only_warmup11_cap1024_run01,868,1,2A,C58BB66C49B78548,0,0,0,1,0,0,1,0,1,0,1,0,0,0,0,1,1,1,1,0,1,1,0,1,1,0,0,1,0,0,1,0,0,0,1,1,0,1,1,0,0,1,1,0,1,1,0,1,1,1,0,1,0,0,0,1,1,0,1,0,0,0,1,1,0,1,0,1,0,1,0,0
regs_only_warmup11_cap1024_run01,869,0,CF,CD0236EDCBBF8C40,0,0,0,0,0,0,1,0,0,0,1,1,0,0,0,1,1,1,1,1,1,1,0,1,1,1,0,1,0,0,1,1,1,0,1,1,0,1,1,1,0,1,1,0,1,1,0,0,0,1,0,0,0,0,0,0,1,0,1,1,0,0,1,1,1,1,1,1,0,0,1,1
regs_only_warmup11_cap1024_run01,870,0,D6,4C027EE5C33E2CC3,1,1,0,0,0,0,1,1,0,0,1,1,0,1,0,0,0,1,1,1,1,1,0,0,1,1,0,0,0,0,1,1,1,0,1,0,0,1,1,1,0,1,1,1,1,1,1,0,0,1,0,0,0,0,0,0,0,0,1,1,0,0,1,0,0,1,1,0,1,0,1,1
regs_only_warmup11_cap1024_run01,871,1,F7,648AFDE34B34A4CB,1,1,0,1,0,0,1,1,0,0,1,0,0,1,0,1,0,0,1,0,1,1,0,0,1,1,0,1,0,0,1,0,1,1,0,0,0,1,1,1,1,0,1,1,1,1,1,1,0,1,0,1,0,0,0,1,0,0,1,0,0,1,1,0,1,1,1,0,1,1,1,1
regs_only_warmup11_cap1024_run01,872,1,7A,EE89D56B4AB4A84B,1,1,0,1,0,0,1,0,0,0,0,1,0,1,0,1,0,0,1,0,1,1,0,1,0,1,0,1,0,0,1,0,1,1,0,1,0,1,1,0,1,0,1,0,1,0,1,1,1,0,0,1,0,0,0,1,0,1,1,1,0,1,1,1,0,1,0,1,1,1,1,0
regs_only_warmup11_cap1024_run01,873,1,CC,EF0155FAC29D2B42,0,1,0,0,0,0,1,0,1,1,0,1,0,1,0,0,1,0,1,1,1,0,0,1,0,1,0,0,0,0,1,1,0,1,0,1,1,1,1,1,1,0,1,0,1,0,1,0,1,0,0,0,0,0,0,0,1,1,1,1,0,1,1,1,0,0,1,1,0,0,1,1
regs_only_warmup11_cap1024_run01,874,0,FA,670D5DF2C41D23E2,0,1,0,0,0,1,1,1,1,1,0,0,0,1,0,0,1,0,1,1,1,0,0,0,0,0,1,0,0,0,1,1,0,1,0,0,1,1,1,1,1,0,1,1,1,0,1,0,1,0,1,1,0,0,0,0,1,1,1,0,0,1,1,0,0,1,0,1,1,1,1,1
regs_only_warmup11_cap1024_run01,875,0,10,638DDEF24D17A3E8,0,0,0,1,0,1,1,1,1,1,0,0,0,1,0,1,1,1,1,0,1,0,0,0,1,0,1,1,0,0,1,0,0,1,0,0,1,1,1,1,0,1,1,1,1,0,1,1,1,0,1,1,0,0,0,1,1,1,0,0,0,1,1,0,0,0,0,0,1,0,0,0
regs_only_warmup11_cap1024_run01,876,1,36,BB84D6792D97EA6C,0,0,1,1,0,1,1,0,0,1,0,1,0,1,1,1,1,1,1,0,1,0,0,1,1,0,1,1,0,1,0,0,1,0,0,1,1,1,1,0,0,1,1,0,1,0,1,1,0,0,1,0,0,0,0,1,1,1,0,1,1,1,0,1,0,1,1,0,1,1,0,0
regs_only_warmup11_cap1024_run01,877,0,24,B8665EF9A59E6A65,1,0,1,0,0,1,1,0,0,1,0,1,0,1,1,0,0,1,1,1,1,0,0,1,1,0,1,0,0,1,0,1,1,0,0,1,1,1,1,1,0,1,1,1,1,0,1,0,0,1,1,0,0,1,1,0,0,0,0,1,1,1,0,1,0,0,1,0,0,1,0,0
regs_only_warmup11_cap1024_run01,878,0,50,306E5FF1A51E60ED,1,0,1,1,0,1,1,1,0,0,0,0,0,1,1,0,0,1,1,1,1,0,0,0,1,0,1,0,0,1,0,1,1,0,0,0,1,1,1,1,1,1,1,1,1,0,1,0,0,1,1,1,0,1,1,0,0,0,0,0,1,1,0,0,0,0,0,0,1,0,1,0
regs_only_warmup11_cap1024_run01,879,0,55,30EFD7792E16F0EF,1,1,1,1,0,1,1,1,0,0,0,0,1,1,1,1,0,1,1,0,1,0,0,0,0,1,1,1,0,1,0,0,1,0,0,1,1,1,1,0,1,1,1,0,1,0,1,1,1,1,1,1,0,1,1,1,0,0,0,0,1,1,0,0,1,0,1,0,1,0,1,0
regs_only_warmup11_cap1024_run01,880,0,B0,B9E7D57A2E9CF966,0,1,1,0,0,1,1,0,1,0,0,1,1,1,1,1,0,0,1,1,1,0,0,1,0,1,1,1,0,1,0,0,0,1,0,1,1,1,1,0,1,0,1,0,1,0,1,1,1,1,1,0,0,1,1,1,1,0,0,1,1,1,0,1,0,0,0,0,1,1,0,1
regs_only_warmup11_cap1024_run01,881,1,44,BB6759D2A69D7166,0,1,1,0,0,1,1,0,1,0,0,0,1,1,1,0,1,0,1,1,1,0,0,1,0,1,1,0,0,1,0,1,0,1,0,0,1,0,1,1,1,0,0,1,1,0,1,0,1,1,1,0,0,1,1,0,1,1,0,1,1,1,0,1,0,0,1,0,0,0,1,0
regs_only_warmup11_cap1024_run01,882,0,62,336D58D2AF1173EE,0,1,1,1,0,1,1,1,1,1,0,0,1,1,1,0,1,0,0,0,1,0,0,0,1,1,1,1,0,1,0,1,0,1,0,0,1,0,1,1,0,0,0,1,1,0,1,0,1,0,1,1,0,1,1,0,1,1,0,0,1,1,0,0,0,1,0,0,0,1,1,0
regs_only_warmup11_cap1024_run01,883,1,B8,3BE4D05B2F11FAEE,0,1,1,1,0,1,1,1,0,1,0,1,1,1,1,1,1,0,0,0,1,0,0,0,1,1,1,1,0,1,0,0,1,1,0,1,1,0,1,0,0,0,0,0,1,0,1,1,0,0,1,0,0,1,1,1,1,1,0,1,1,1,0,0,0,0,0,1,1,1,0,1
regs_only_warmup11_cap1024_run01,884,0,BC,BAE4D05B2598FA65,1,0,1,0,0,1,1,0,0,1,0,1,1,1,1,1,0,0,0,1,1,0,0,1,1,0,1,0,0,1,0,0,1,1,0,1,1,0,1,0,0,0,0,0,1,0,1,1,0,0,1,0,0,1,1,1,0,1,0,1,1,1,0,1,0,0,1,1,1,1,0,1
regs_only_warmup11_cap1024_run01,885,1,26,B26C5B95A5DA7665,1,0,1,0,0,1,1,0,0,1,1,0,1,1,1,0,0,1,0,1,1,0,1,1,1,0,1,0,0,1,0,1,1,0,1,0,1,0,0,1,1,1,0,1,1,0,1,0,0,0,1,1,0,1,1,0,0,1,0,0,1,1,0,1,0,1,1,0,0,1,0,0
regs_only_warmup11_cap1024_run01,886,1,24,306F4395AC5256ED,1,0,1,1,0,1,1,1,0,1,1,0,1,0,1,0,0,1,0,0,1,0,1,0,0,0,1,1,0,1,0,1,1,0,1,0,1,0,0,1,1,1,0,0,0,0,1,0,1,1,1,1,0,1,1,0,0,0,0,0,1,1,0,0,0,0,1,0,0,1,0,0
regs_only_warmup11_cap1024_run01,887,0,99,19E7C31C2C42DDAD,1,0,1,1,0,1,0,1,1,0,1,1,1,0,1,1,0,1,0,0,0,0,1,0,0,0,1,1,0,1,0,0,0,0,1,1,1,0,0,0,1,1,0,0,0,0,1,1,1,1,1,0,0,1,1,1,1,0,0,1,1,0,0,0,1,0,0,1,1,0,0,1
regs_only_warmup11_cap1024_run01,888,0,1D,99E7EB1C26CBDD34,0,0,1,0,1,1,0,0,1,0,1,1,1,0,1,1,1,1,0,1,0,0,1,1,0,1,1,0,0,1,0,0,0,0,1,1,1,0,0,0,1,1,0,1,0,1,1,1,1,1,1,0,0,1,1,1,1,0,0,1,1,0,0,1,1,0,1,1,1,0,0,0
regs_only_warmup11_cap1024_run01,889,0,B5,916F6894AFE3553E,0,1,1,1,1,1,0,0,1,0,1,0,1,0,1,0,1,1,0,0,0,1,1,1,1,1,1,1,0,1,0,1,0,0,1,0,1,0,0,1,0,0,0,1,0,1,1,0,1,1,1,1,0,1,1,0,1,0,0,0,1,0,0,1,1,0,1,0,1,1,0,1
regs_only_warmup11_cap1024_run01,890,1,44,1D6E609FAF615CBE,0,1,1,1,1,1,0,1,0,0,1,1,1,0,1,0,1,0,0,0,0,1,1,0,1,1,1,1,0,1,0,1,1,1,1,1,1,0,0,1,0,0,0,0,0,1,1,0,0,1,1,1,0,1,1,0,1,0,1,1,1,0,0,0,0,0,1,0,0,0,1,0
regs_only_warmup11_cap1024_run01,891,0,37,1EE4E01F2768DC97,1,1,1,0,1,0,0,1,0,0,1,1,1,0,1,1,0,0,0,1,0,1,1,0,1,1,1,0,0,1,0,0,1,1,1,1,1,0,0,0,0,0,0,0,0,1,1,1,0,0,1,0,0,1,1,1,0,1,1,1,1,0,0,0,1,1,1,0,1,1,0,0
regs_only_warmup11_cap1024_run01,892,1,0A,96E8E81723E8D617,1,1,1,0,1,0,0,0,0,1,1,0,1,0,1,1,0,0,0,1,0,1,1,1,1,1,0,0,0,1,0,0,1,1,1,0,1,0,0,0,0,0,0,1,0,1,1,1,0,0,0,1,0,1,1,1,0,1,1,0,1,0,0,1,0,1,0,1,0,0,0,0
regs_only_warmup11_cap1024_run01,893,1,14,9669699788E0561D,1,0,1,1,1,0,0,0,0,1,1,0,1,0,1,0,0,0,0,0,0,1,1,1,0,0,0,1,0,0,0,1,1,1,1,0,1,0,0,1,1,0,0,1,0,1,1,0,1,0,0,1,0,1,1,0,0,1,1,0,1,0,0,1,0,0,1,0,1,0,0,0
regs_only_warmup11_cap1024_run01,894,0,5C,1E51639E98625F99,1,0,0,1,1,0,0,1,1,1,1,1,1,0,1,0,0,1,0,0,0,1,1,0,0,0,0,1,1,0,0,1,0,1,1,1,1,0,0,1,1,1,0,0,0,1,1,0,1,0,0,0,1,0,1,0,0,1,1,1,1,0,0,0,0,0,1,1,1,0,1,0
regs_only_warmup11_cap1024_run01,895,1,3E,1DD1EF1C106BDF90,0,0,0,0,1,0,0,1,1,1,1,1,1,0,1,1,1,1,0,1,0,1,1,0,0,0,0,0,1,0,0,0,0,0,1,1,1,0,0,0,1,1,1,1,0,1,1,1,1,0,0,0,1,0,1,1,1,0,1,1,1,0,0,0,0,1,1,1,1,1,0,0
regs_only_warmup11_cap1024_run01,896,1,0E,95DBEE1410EFD518,0,0,0,1,1,0,0,0,1,0,1,0,1,0,1,1,1,1,1,1,0,1,1,1,0,0,0,0,1,0,0,0,0,0,1,0,1,0,0,0,0,1,1,1,0,1,1,1,1,1,0,1,1,0,1,1,1,0,1,0,1,0,0,1,0,1,1,1,0,0,0,0
regs_only_warmup11_cap1024_run01,897,1,3A,955A269D9BE75418,0,0,0,1,1,0,0,0,0,0,1,0,1,0,1,0,1,1,1,0,0,1,1,1,1,1,0,1,1,0,0,1,1,0,1,1,1,0,0,1,0,1,1,0,0,1,0,0,0,1,0,1,1,0,1,0,1,0,1,0,1,0,0,1,0,1,0,1,1,1,0,0
regs_only_warmup11_cap1024_run01,898,0,64,5C5226BDDB6E5C93,1,1,0,0,1,0,0,1,0,0,1,1,1,0,1,0,0,1,1,1,0,1,1,0,1,1,0,1,1,0,1,1,1,0,1,1,1,1,0,1,0,1,1,0,0,1,0,0,0,1,0,0,1,0,1,0,0,0,1,1,1,0,1,0,0,0,1,0,0,1,1,0
regs_only_warmup11_cap1024_run01,899,1,12,5CD2AC37536CDC93,1,1,0,0,1,0,0,1,0,0,1,1,1,0,1,1,0,0,1,1,0,1,1,0,1,1,0,0,1,0,1,0,1,1,1,0,1,1,0,0,0,0,1,1,0,1,0,1,0,1,0,0,1,0,1,1,0,0,1,1,1,0,1,0,0,1,0,0,1,0,0,0
regs_only_warmup11_cap1024_run01,900,0,A0,D6D8AD275AE4D41B,1,1,0,1,1,0,0,0,0,0,1,0,1,0,1,1,0,0,1,0,0,1,1,1,0,1,0,1,1,0,1,0,1,1,1,0,0,1,0,0,1,0,1,1,0,1,0,1,0,0,0,1,1,0,1,1,0,1,1,0,1,0,1,1,0,0,0,0,0,1,0,1
regs_only_warmup11_cap1024_run01,901,0,38,DE5925AEDAE45F1B,1,1,0,1,1,0,0,0,1,1,1,1,1,0,1,0,0,0,1,0,0,1,1,1,0,1,0,1,1,0,1,1,0,1,1,1,0,1,0,1,1,0,1,0,0,1,0,0,1,0,0,1,1,0,1,0,0,1,1,1,1,0,1,1,0,0,0,1,1,1,0,0
regs_only_warmup11_cap1024_run01,902,1,7D,5F5125AED06D5F92,0,1,0,0,1,0,0,1,1,1,1,1,1,0,1,0,1,0,1,1,0,1,1,0,0,0,0,0,1,0,1,1,0,1,1,1,0,1,0,1,1,0,1,0,0,1,0,0,1,0,0,0,1,0,1,0,1,1,1,1,1,0,1,0,1,0,1,1,1,1,1,0
regs_only_warmup11_cap1024_run01,903,0,22,4799AE22506FF790,0,0,0,0,1,0,0,1,1,1,1,0,1,1,1,1,1,1,1,1,0,1,1,0,0,0,0,0,1,0,1,0,0,1,0,0,0,1,0,0,0,1,1,1,0,1,0,1,1,0,0,1,1,0,0,1,1,1,1,0,0,0,1,0,0,1,0,0,0,1,0,0
regs_only_warmup11_cap1024_run01,904,0,F2,C798AE2059E7B318,0,0,0,1,1,0,0,0,1,1,0,0,1,1,0,1,1,1,1,0,0,1,1,1,1,0,0,1,1,0,1,0,0,0,0,0,0,1,0,0,0,1,1,1,0,1,0,1,0,0,0,1,1,0,0,1,1,1,1,0,0,0,1,1,0,1,0,0,1,1,1,1
regs_only_warmup11_cap1024_run01,905,1,8D,EC1206A9D9E63A19,1,0,0,1,1,0,0,0,0,1,0,1,1,1,0,0,0,1,1,0,0,1,1,1,1,0,0,1,1,0,1,1,1,0,0,1,0,1,0,1,0,1,1,0,0,0,0,0,0,1,0,0,1,0,0,0,0,0,1,1,0,1,1,1,1,0,1,1,0,0,0,1
regs_only_warmup11_cap1024_run01,906,0,6A,6C160EA9D54E38B1,1,0,0,0,1,1,0,1,0,0,0,1,1,1,0,0,0,1,1,1,0,0,1,0,1,0,1,0,1,0,1,1,1,0,0,1,0,1,0,1,0,1,1,1,0,0,0,0,0,1,1,0,1,0,0,0,0,0,1,1,0,1,1,0,0,1,0,1,0,1,1,0
regs_only_warmup11_cap1024_run01,907,0,70,609E8F61564EA0BB,1,1,0,1,1,1,0,1,0,0,0,0,0,1,0,1,0,1,1,1,0,0,1,0,0,1,1,0,1,0,1,0,1,0,0,0,0,1,1,0,1,1,1,1,0,0,0,1,0,1,1,1,1,0,0,1,0,0,0,0,0,1,1,0,0,0,0,0,1,1,1,0
regs_only_warmup11_cap1024_run01,908,1,BF,E09F85685EC4A17F,1,1,1,1,1,1,1,0,1,0,0,0,0,1,0,1,0,0,1,0,0,0,1,1,0,1,1,1,1,0,1,0,0,0,0,1,0,1,1,0,1,0,1,0,0,0,0,1,1,1,1,1,1,0,0,1,0,0,0,0,0,1,1,1,1,1,1,1,1,1,0,1
regs_only_warmup11_cap1024_run01,909,1,17,EB1705EAF6CD2976,0,1,1,0,1,1,1,0,1,0,0,1,0,1,0,0,1,0,1,1,0,0,1,1,0,1,1,0,1,1,1,1,0,1,0,1,0,1,1,1,1,0,1,0,0,0,0,0,1,1,1,0,1,0,0,0,1,1,0,1,0,1,1,1,1,1,1,0,1,0,0,0
regs_only_warmup11_cap1024_run01,910,0,02,63350CE2F64D23F6,0,1,1,0,1,1,1,1,1,1,0,0,0,1,0,0,1,0,1,1,0,0,1,0,0,1,1,0,1,1,1,1,0,1,0,0,0,1,1,1,0,0,1,1,0,0,0,0,1,0,1,0,1,1,0,0,1,1,0,0,0,1,1,0,0,1,0,0,0,0,0,0
regs_only_warmup11_cap1024_run01,911,0,7D,63BC8C627F45A3FE,0,1,1,1,1,1,1,1,1,1,0,0,0,1,0,1,1,0,1,0,0,0,1,0,1,1,1,1,1,1,1,0,0,1,0,0,0,1,1,0,0,0,1,1,0,0,0,1,0,0,1,1,1,1,0,1,1,1,0,0,0,1,1,0,1,0,1,1,1,1,1,0
regs_only_warmup11_cap1024_run01,912,0,B0,EAB4946B7D84AA7D,1,0,1,1,1,1,1,0,0,1,0,1,0,1,0,1,0,0,1,0,0,0,0,1,1,0,1,1,1,1,1,0,1,1,0,1,0,1,1,0,0,0,1,0,1,0,0,1,0,0,1,0,1,1,0,1,0,1,0,1,0,1,1,1,0,0,0,0,1,1,0,1
regs_only_warmup11_cap1024_run01,913,1,D7,EA3412E9F59E2A75,1,0,1,0,1,1,1,0,0,1,0,1,0,1,0,0,0,1,1,1,1,0,0,1,1,0,1,0,1,1,1,1,1,0,0,1,0,1,1,1,0,1,0,0,1,0,0,0,0,0,1,0,1,1,0,0,0,1,0,1,0,1,1,1,1,1,1,0,1,0,1,1
regs_only_warmup11_cap1024_run01,914,0,4C,603E1BE1F41A22F5,1,0,1,0,1,1,1,1,0,1,0,0,0,1,0,0,0,1,0,1,1,0,0,0,0,0,1,0,1,1,1,1,1,0,0,0,0,1,1,1,1,1,0,1,1,0,0,0,0,1,1,1,1,1,0,0,0,0,0,0,0,1,1,0,0,0,1,1,0,0,1,0
regs_only_warmup11_cap1024_run01,915,1,5A,60BF93407C12A1ED,1,0,1,1,0,1,1,1,1,0,0,0,0,1,0,1,0,1,0,0,1,0,0,0,0,0,1,1,1,1,1,0,0,0,0,0,0,0,1,0,1,1,0,0,1,0,0,1,1,1,1,1,1,1,0,1,0,0,0,0,0,1,1,0,0,1,0,1,1,0,1,0
regs_only_warmup11_cap1024_run01,916,0,85,E9B793487E9BA964,0,0,1,0,0,1,1,0,1,0,0,1,0,1,0,1,1,1,0,1,1,0,0,1,0,1,1,1,1,1,1,0,0,0,0,1,0,0,1,0,1,1,0,0,1,0,0,1,1,1,1,0,1,1,0,1,1,0,0,1,0,1,1,1,1,0,1,0,0,0,0,1
regs_only_warmup11_cap1024_run01,917,1,F4,E9371AC4F69B2D66,0,1,1,0,0,1,1,0,1,0,1,1,0,1,0,0,1,1,0,1,1,0,0,1,0,1,1,0,1,1,1,1,0,0,1,0,0,0,1,1,0,1,0,1,1,0,0,0,1,1,1,0,1,1,0,0,1,0,0,1,0,1,1,1,0,0,1,0,1,1,1,1
regs_only_warmup11_cap1024_run01,918,1,E2,613E58C6FF1125EE,0,1,1,1,0,1,1,1,1,0,1,0,0,1,0,0,1,0,0,0,1,0,0,0,1,1,1,1,1,1,1,1,0,1,1,0,0,0,1,1,0,0,0,1,1,0,1,0,0,1,1,1,1,1,0,0,1,0,0,0,0,1,1,0,0,1,0,0,0,1,1,1
regs_only_warmup11_cap1024_run01,919,0,7D,6ABCD04F7F10ACEF,1,1,1,1,0,1,1,1,0,0,1,1,0,1,0,1,0,0,0,0,1,0,0,0,1,1,1,1,1,1,1,0,1,1,1,1,0,0,1,0,0,0,0,0,1,0,1,1,0,0,1,1,1,1,0,1,0,1,0,1,0,1,1,0,1,0,1,1,1,1,1,0
regs_only_warmup11_cap1024_run01,920,0,B5,EAB4D04F77988E67,1,1,1,0,0,1,1,0,0,1,1,1,0,0,0,1,0,0,0,1,1,0,0,1,1,1,1,0,1,1,1,0,1,1,1,1,0,0,1,0,0,0,0,0,1,0,1,1,0,0,1,0,1,1,0,1,0,1,0,1,0,1,1,1,1,0,1,0,1,1,0,1
regs_only_warmup11_cap1024_run01,921,1,55,C62C59C7E4980667,1,1,1,0,0,1,1,0,0,1,1,0,0,0,0,0,0,0,0,1,1,0,0,1,0,0,1,0,0,1,1,1,1,1,1,0,0,0,1,1,1,0,0,1,1,0,1,0,0,0,1,1,0,1,0,0,0,1,1,0,0,0,1,1,1,0,1,0,1,0,1,0
regs_only_warmup11_cap1024_run01,922,1,8A,462D7BC6EC1207ED,1,0,1,1,0,1,1,1,1,1,1,0,0,0,0,0,0,1,0,0,1,0,0,0,0,0,1,1,0,1,1,1,0,1,1,0,0,0,1,1,1,1,0,1,1,1,1,0,1,0,1,1,0,1,0,0,0,1,1,0,0,0,1,0,0,1,0,1,0,0,0,1
regs_only_warmup11_cap1024_run01,923,1,D3,4FA1F34C28338FEC,0,0,1,1,0,1,1,1,1,1,1,1,0,0,0,1,1,1,0,0,1,1,0,0,0,0,0,1,0,1,0,0,0,0,1,1,0,0,1,0,1,1,0,0,1,1,1,1,1,0,0,0,0,1,0,1,1,1,1,1,0,0,1,0,1,1,0,0,1,0,1,1
regs_only_warmup11_cap1024_run01,924,0,18,8DA3FA4C20BBCF44,0,0,1,0,0,0,1,0,1,1,1,1,0,0,1,1,1,1,0,1,1,1,0,1,0,0,0,0,0,1,0,0,0,0,1,1,0,0,1,0,0,1,0,1,1,1,1,1,1,1,0,0,0,1,0,1,1,0,1,1,0,0,0,1,0,0,0,1,1,0,0,0
regs_only_warmup11_cap1024_run01,925,0,BA,856A7AC4A1BB4548,0,0,0,1,0,0,1,0,1,0,1,0,0,0,1,0,1,1,0,1,1,1,0,1,1,0,0,0,0,1,0,1,0,0,1,0,0,0,1,1,0,1,0,1,1,1,1,0,0,1,0,1,0,1,1,0,1,0,1,0,0,0,0,1,0,1,0,1,1,1,0,1
regs_only_warmup11_cap1024_run01,926,1,91,046A72CD8B3344CB,1,1,0,1,0,0,1,1,0,0,1,0,0,0,1,0,1,1,0,0,1,1,0,0,1,1,0,1,0,0,0,1,1,0,1,1,0,0,1,1,0,1,0,0,1,1,1,0,0,1,0,1,0,1,1,0,0,0,1,0,0,0,0,0,1,0,0,0,1,0,0,1
regs_only_warmup11_cap1024_run01,927,1,7C,0CC2F45D0B38CCC3,1,1,0,0,0,0,1,1,0,0,1,1,0,0,1,1,0,0,0,1,1,1,0,0,1,1,0,1,0,0,0,0,1,0,1,1,1,0,1,0,0,0,1,0,1,1,1,1,0,1,0,0,0,0,1,1,0,0,1,1,0,0,0,0,0,0,1,1,1,1,1,0
regs_only_warmup11_cap1024_run01,928,0,FD,8CC2FD5702BCCC43,1,1,0,0,0,0,1,0,0,0,1,1,0,0,1,1,0,0,1,1,1,1,0,1,0,1,0,0,0,0,0,0,1,1,1,0,1,0,1,0,1,0,1,1,1,1,1,1,0,1,0,0,0,0,1,1,0,0,1,1,0,0,0,1,1,0,1,1,1,1,1,1
regs_only_warmup11_cap1024_run01,929,1,58,96497DD68AB4474B,1,1,0,1,0,0,1,0,1,1,1,0,0,0,1,0,0,0,1,0,1,1,0,1,0,1,0,1,0,0,0,1,0,1,1,0,1,0,1,1,1,0,1,1,1,1,1,0,1,0,0,1,0,0,1,0,0,1,1,0,1,0,0,1,0,0,0,1,1,0,1,0
regs_only_warmup11_cap1024_run01,930,1,EA,1F4975DE8A354FCA,0,1,0,1,0,0,1,1,1,1,1,1,0,0,1,0,1,0,1,0,1,1,0,0,0,1,0,1,0,0,0,1,0,1,1,1,1,0,1,1,1,0,1,0,1,1,1,0,1,0,0,1,0,0,1,0,1,1,1,1,1,0,0,0,0,1,0,1,0,1,1,1
regs_only_warmup11_cap1024_run01,931,1,F4,1FC1F45E003DCFC0,0,0,0,0,0,0,1,1,1,1,1,1,0,0,1,1,1,0,1,1,1,1,0,0,0,0,0,0,0,0,0,0,0,1,1,1,1,0,1,0,0,0,1,0,1,1,1,1,1,0,0,0,0,0,1,1,1,1,1,1,1,0,0,0,0,0,1,0,1,1,1,1
regs_only_warmup11_cap1024_run01,932,1,FF,97C8FE3401BFC740,0,0,0,0,0,0,1,0,1,1,1,0,0,0,1,1,1,1,1,1,1,1,0,1,1,0,0,0,0,0,0,0,0,0,1,0,1,1,0,0,0,1,1,1,1,1,1,1,0,0,0,1,0,0,1,1,1,1,1,0,1,0,0,1,1,1,1,1,1,1,1,1
regs_only_warmup11_cap1024_run01,933,0,D9,944A7EB589F65649,1,0,0,1,0,0,1,0,0,1,1,0,1,0,1,0,0,1,1,0,1,1,1,1,1,0,0,1,0,0,0,1,1,0,1,0,1,1,0,1,0,1,1,1,1,1,1,0,0,1,0,1,0,0,1,0,0,0,1,0,1,0,0,1,1,0,0,1,1,0,1,1
regs_only_warmup11_cap1024_run01,934,1,BD,1C4276B989765C89,1,0,0,1,0,0,0,1,0,0,1,1,1,0,1,0,0,1,1,0,1,1,1,0,1,0,0,1,0,0,0,1,1,0,0,1,1,1,0,1,0,1,1,0,1,1,1,0,0,1,0,0,0,0,1,0,0,0,1,1,1,0,0,0,1,0,1,1,1,1,0,1
regs_only_warmup11_cap1024_run01,935,0,C8,1CC2FF39027ED881,1,0,0,0,0,0,0,1,0,0,0,1,1,0,1,1,0,1,1,1,1,1,1,0,0,1,0,0,0,0,0,0,1,0,0,1,1,1,0,0,1,1,1,1,1,1,1,1,0,1,0,0,0,0,1,1,0,0,1,1,1,0,0,0,0,0,0,1,0,0,1,1
regs_only_warmup11_cap1024_run01,936,1,CF,94CBFF3002FEF10B,1,1,0,1,0,0,0,0,1,0,0,0,1,1,1,1,0,1,1,1,1,1,1,1,0,1,0,0,0,0,0,0,0,0,0,0,1,1,0,0,1,1,1,1,1,1,1,1,1,1,0,1,0,0,1,1,0,0,1,0,1,0,0,1,1,1,1,1,0,0,1,1
regs_only_warmup11_cap1024_run01,937,0,38,954B75BA8AF5710A,0,1,0,1,0,0,0,0,1,0,0,0,1,1,1,0,1,0,1,0,1,1,1,1,0,1,0,1,0,0,0,1,0,1,0,1,1,1,0,1,1,0,1,0,1,1,1,0,1,1,0,1,0,0,1,0,1,0,1,0,1,0,0,1,0,0,0,1,1,1,0,0
regs_only_warmup11_cap1024_run01,938,1,7A,3F4554BA867D7982,0,1,0,0,0,0,0,1,1,0,0,1,1,1,1,0,1,0,1,1,1,1,1,0,0,1,1,0,0,0,0,1,0,1,0,1,1,1,0,1,0,0,1,0,1,0,1,0,1,0,1,0,0,0,1,0,1,1,1,1,1,1,0,0,0,1,0,1,1,1,1,0
regs_only_warmup11_cap1024_run01,939,1,79,33C4DC32077DF386,0,1,1,0,0,0,0,1,1,1,0,0,1,1,1,1,1,0,1,1,1,1,1,0,1,1,1,0,0,0,0,0,0,1,0,0,1,1,0,0,0,0,1,1,1,0,1,1,0,0,1,0,0,0,1,1,1,1,0,0,1,1,0,0,1,0,0,1,1,1,1,0
regs_only_warmup11_cap1024_run01,940,1,0E,B2CCCC330DD5F20F,1,1,1,1,0,0,0,0,0,1,0,0,1,1,1,1,1,0,1,0,1,0,1,1,1,0,1,1,0,0,0,0,1,1,0,0,1,1,0,0,0,0,1,1,0,0,1,1,0,0,1,1,0,0,1,1,0,1,0,0,1,1,0,1,0,1,1,1,0,0,0,0
regs_only_warmup11_cap1024_run01,941,1,A3,BA4446BB8DC67A3D,1,0,1,1,1,1,0,0,0,1,0,1,1,1,1,0,0,1,1,0,0,0,1,1,1,0,1,1,0,0,0,1,1,1,0,1,1,1,0,1,0,1,1,0,0,0,1,0,0,0,1,0,0,0,1,0,0,1,0,1,1,1,0,1,1,1,0,0,0,1,0,1
regs_only_warmup11_cap1024_run01,942,0,13,3A4447B9844E7AB5,1,0,1,0,1,1,0,1,0,1,0,1,1,1,1,0,0,1,1,1,0,0,1,0,0,0,1,0,0,0,0,1,1,0,0,1,1,1,0,1,1,1,1,0,0,0,1,0,0,0,1,0,0,0,1,0,0,1,0,1,1,1,0,0,1,1,0,0,1,0,0,0
regs_only_warmup11_cap1024_run01,943,1,29,30CF8F30644EF3B5,1,0,1,0,1,1,0,1,1,1,0,0,1,1,1,1,0,1,1,1,0,0,1,0,0,0,1,0,0,1,1,0,0,0,0,0,1,1,0,0,1,1,1,1,0,0,0,1,1,1,1,1,0,0,1,1,0,0,0,0,1,1,0,0,1,0,0,1,0,1,0,0
regs_only_warmup11_cap1024_run01,944,1,C6,F1EF87306CC7F13C,0,0,1,1,1,1,0,0,1,0,0,0,1,1,1,1,1,1,1,0,0,0,1,1,0,0,1,1,0,1,1,0,0,0,0,0,1,1,0,0,1,1,1,0,0,0,0,1,1,1,1,1,0,1,1,1,1,0,0,0,1,1,1,1,0,1,1,0,0,0,1,1
regs_only_warmup11_cap1024_run01,945,1,67,F96702B8EEC7793E,0,1,1,1,1,1,0,0,1,0,0,1,1,1,1,0,1,1,1,0,0,0,1,1,0,1,1,1,0,1,1,1,0,0,0,1,1,1,0,1,0,1,0,0,0,0,0,0,1,1,1,0,0,1,1,0,1,0,0,1,1,1,1,1,1,1,1,0,0,1,1,0
regs_only_warmup11_cap1024_run01,946,1,A7,796608B2E74979B6,0,1,1,0,1,1,0,1,1,0,0,1,1,1,1,0,1,0,0,1,0,0,1,0,1,1,1,0,0,1,1,1,0,1,0,0,1,1,0,1,0,0,0,1,0,0,0,0,0,1,1,0,0,1,1,0,1,0,0,1,1,1,1,0,1,1,1,0,0,1,0,1
regs_only_warmup11_cap1024_run01,947,1,09,72EE88337F41F0BF,1,1,1,1,1,1,0,1,0,0,0,0,1,1,1,1,1,0,0,0,0,0,1,0,1,1,1,1,1,1,1,0,1,1,0,0,1,1,0,0,0,0,0,1,0,0,0,1,0,1,1,1,0,1,1,1,0,1,0,0,1,1,1,0,1,0,0,1,0,0,0,0
regs_only_warmup11_cap1024_run01,948,0,28,FAFC803F7FC0FA3F,1,1,1,1,1,1,0,0,0,1,0,1,1,1,1,1,0,0,0,0,0,0,1,1,1,1,1,1,1,1,1,0,1,1,1,1,1,1,0,0,0,0,0,0,0,0,0,1,0,0,1,1,1,1,1,1,0,1,0,1,1,1,1,1,0,0,0,1,0,1,0,0
regs_only_warmup11_cap1024_run01,949,0,67,FA34019FF6C83E37,1,1,1,0,1,1,0,0,0,1,1,1,1,1,0,0,0,0,0,1,0,0,1,1,0,1,1,0,1,1,1,1,1,1,1,1,1,0,0,1,1,0,0,0,0,0,0,0,0,0,1,0,1,1,0,0,0,1,0,1,1,1,1,1,1,1,1,0,0,1,1,0
regs_only_warmup11_cap1024_run01,950,1,4B,723D0996F44837B5,1,0,1,0,1,1,0,1,1,1,1,0,1,1,0,0,0,0,0,1,0,0,1,0,0,0,1,0,1,1,1,1,0,1,1,0,1,0,0,1,1,0,0,1,0,0,0,0,1,0,1,1,1,1,0,0,0,1,0,0,1,1,1,0,1,1,0,1,0,0,1,0
regs_only_warmup11_cap1024_run01,951,0,9D,73BD8B947C43B7BC,0,0,1,1,1,1,0,1,1,1,1,0,1,1,0,1,1,1,0,0,0,0,1,0,0,0,1,1,1,1,1,0,0,0,1,0,1,0,0,1,1,1,0,1,0,0,0,1,1,0,1,1,1,1,0,1,1,1,0,0,1,1,1,0,1,0,1,1,1,0,0,1
regs_only_warmup11_cap1024_run01,952,1,0A,F9B7825C7CC3BF3C,0,0,1,1,1,1,0,0,1,1,1,1,1,1,0,1,1,1,0,0,0,0,1,1,0,0,1,1,1,1,1,0,0,0,1,1,1,0,1,0,0,1,0,0,0,0,0,1,1,1,1,0,1,1,0,1,1,0,0,1,1,1,1,1,0,1,0,1,0,0,0,0
regs_only_warmup11_cap1024_run01,953,0,95,FD360ADCF5CBBD34,0,0,1,0,1,1,0,0,1,0,1,1,1,1,0,1,1,1,0,1,0,0,1,1,1,0,1,0,1,1,1,1,0,0,1,1,1,0,1,1,0,1,0,1,0,0,0,0,0,1,1,0,1,1,0,0,1,0,1,1,1,1,1,1,1,0,1,0,1,0,0,1
regs_only_warmup11_cap1024_run01,954,0,59,743E0AD5F74B14FD,1,0,1,1,1,1,1,1,0,0,1,0,1,0,0,0,1,1,0,1,0,0,1,0,1,1,1,0,1,1,1,1,1,0,1,0,1,0,1,1,0,1,0,1,0,0,0,0,0,1,1,1,1,1,0,0,0,0,1,0,1,1,1,0,1,0,0,1,1,0,1,0
regs_only_warmup11_cap1024_run01,955,0,F2,54BA80CD7B4294FF,1,1,1,1,1,1,1,1,0,0,1,0,1,0,0,1,0,1,0,0,0,0,1,0,1,1,0,1,1,1,1,0,1,0,1,1,0,0,1,1,0,0,0,0,0,0,0,1,0,1,0,1,1,1,0,1,0,0,1,0,1,0,1,0,0,1,0,0,1,1,1,1
regs_only_warmup11_cap1024_run01,956,0,B8,DCB2A14F7AE89C77,1,1,1,0,1,1,1,0,0,0,1,1,1,0,0,1,0,0,0,1,0,1,1,1,0,1,0,1,1,1,1,0,1,1,1,1,0,0,1,0,1,0,0,0,0,1,0,1,0,1,0,0,1,1,0,1,0,0,1,1,1,0,1,1,0,0,0,1,1,1,0,1
regs_only_warmup11_cap1024_run01,957,0,EF,CE3129C6F2A89D73,1,1,0,0,1,1,1,0,1,0,1,1,1,0,0,1,0,0,0,1,0,1,0,1,0,1,0,0,1,1,1,1,0,1,1,0,0,0,1,1,1,0,0,1,0,1,0,0,1,0,0,0,1,1,0,0,0,1,1,1,0,0,1,1,1,1,1,1,0,1,1,1
regs_only_warmup11_cap1024_run01,958,1,21,473929C6FA2117DA,0,1,0,1,1,0,1,1,1,1,1,0,1,0,0,0,1,0,0,0,0,1,0,0,0,1,0,1,1,1,1,1,0,1,1,0,0,0,1,1,1,0,0,1,0,1,0,0,1,0,0,1,1,1,0,0,1,1,1,0,0,0,1,0,1,0,0,0,0,1,0,0
regs_only_warmup11_cap1024_run01,959,0,D0,4FB9A5CE78219FD8,0,0,0,1,1,0,1,1,1,1,1,1,1,0,0,1,1,0,0,0,0,1,0,0,0,0,0,1,1,1,1,0,0,1,1,1,0,0,1,1,1,0,1,0,0,1,0,1,1,0,0,1,1,1,0,1,1,1,1,1,0,0,1,0,0,0,0,0,1,0,1,1
regs_only_warmup11_cap1024_run01,960,1,48,CFB0A64E51AF9F50,0,0,0,0,1,0,1,0,1,1,1,1,1,0,0,1,1,1,1,1,0,1,0,1,1,0,0,0,1,0,1,0,0,1,1,1,0,0,1,0,0,1,1,0,0,1,0,1,0,0,0,0,1,1,0,1,1,1,1,1,0,0,1,1,0,0,0,1,0,0,1,0
regs_only_warmup11_cap1024_run01,961,0,01,C5182EC5D1AF0651,1,0,0,0,1,0,1,0,0,1,1,0,0,0,0,0,1,1,1,1,0,1,0,1,1,0,0,0,1,0,1,1,1,0,1,0,0,0,1,1,0,1,1,1,0,1,0,0,0,0,0,1,1,0,0,0,1,0,1,0,0,0,1,1,1,0,0,0,0,0,0,0
regs_only_warmup11_cap1024_run01,962,0,4F,441A2EC5D92604D9,1,0,0,1,1,0,1,1,0,0,1,0,0,0,0,0,0,1,1,0,0,1,0,0,1,0,0,1,1,0,1,1,1,0,1,0,0,0,1,1,0,1,1,1,0,1,0,0,0,1,0,1,1,0,0,0,0,0,1,0,0,0,1,0,1,1,1,1,0,0,1,0
regs_only_warmup11_cap1024_run01,963,1,CF,4C92E74D58268CD9,1,0,0,1,1,0,1,1,0,0,1,1,0,0,0,1,0,1,1,0,0,1,0,0,0,0,0,1,1,0,1,0,1,0,1,1,0,0,1,0,1,1,1,0,0,1,1,1,0,1,0,0,1,0,0,1,0,0,1,1,0,0,1,0,1,1,1,1,0,0,1,1
regs_only_warmup11_cap1024_run01,964,0,3C,CC93EF4C52AE8D53,1,1,0,0,1,0,1,0,1,0,1,1,0,0,0,1,0,1,1,1,0,1,0,1,0,1,0,0,1,0,1,0,0,0,1,1,0,0,1,0,1,1,1,1,0,1,1,1,1,1,0,0,1,0,0,1,0,0,1,1,0,0,1,1,0,0,1,1,1,1,0,0
regs_only_warmup11_cap1024_run01,965,0,34,C51B6DE6D2AD055A,0,1,0,1,1,0,1,0,1,0,1,0,0,0,0,0,1,0,1,1,0,1,0,1,0,1,0,0,1,0,1,1,0,1,1,0,0,1,1,1,1,0,1,1,0,1,1,0,1,1,0,1,1,0,0,0,1,0,1,0,0,0,1,1,0,0,1,0,1,1,0,0
regs_only_warmup11_cap1024_run01,966,1,7D,471975EADA2505DA,0,1,0,1,1,0,1,1,1,0,1,0,0,0,0,0,1,0,1,0,0,1,0,0,0,1,0,1,1,0,1,1,0,1,0,1,0,1,1,1,1,0,1,0,1,1,1,0,1,0,0,1,1,0,0,0,1,1,1,0,0,0,1,0,1,0,1,1,1,1,1,0
regs_only_warmup11_cap1024_run01,967,0,2C,0F90F46A133D8BD2,0,1,0,0,1,0,1,1,1,1,0,1,0,0,0,1,1,0,1,1,1,1,0,0,1,1,0,0,1,0,0,0,0,1,0,1,0,1,1,0,0,0,1,0,1,1,1,1,0,0,0,0,1,0,0,1,1,1,1,1,0,0,0,0,0,0,1,1,0,1,0,0
regs_only_warmup11_cap1024_run01,968,1,02,8790FC6311BDC253,1,1,0,0,1,0,1,0,0,1,0,0,0,0,1,1,1,0,1,1,1,1,0,1,1,0,0,0,1,0,0,0,1,1,0,0,0,1,1,0,0,0,1,1,1,1,1,1,0,0,0,0,1,0,0,1,1,1,1,0,0,0,0,1,0,1,0,0,0,0,0,0
regs_only_warmup11_cap1024_run01,969,1,9D,865C7EE39DB64249,1,0,0,1,0,0,1,0,0,1,0,0,0,0,1,0,0,1,1,0,1,1,0,1,1,0,1,1,1,0,0,1,1,1,0,0,0,1,1,1,0,1,1,1,1,1,1,0,0,0,1,1,1,0,1,0,0,1,1,0,0,0,0,1,1,0,1,1,1,0,0,1
regs_only_warmup11_cap1024_run01,970,1,50,0A5477E99C366AC9,1,0,0,1,0,0,1,1,0,1,0,1,0,1,1,0,0,1,1,0,1,1,0,0,0,0,1,1,1,0,0,1,1,0,0,1,0,1,1,1,1,1,1,0,1,1,1,0,0,0,1,0,1,0,1,0,0,1,0,1,0,0,0,0,0,0,0,0,1,0,1,0
regs_only_warmup11_cap1024_run01,971,0,B4,08D7F768143EEBC5,1,0,1,0,0,0,1,1,1,1,0,1,0,1,1,1,0,1,1,1,1,1,0,0,0,0,1,0,1,0,0,0,0,0,0,1,0,1,1,0,1,1,1,0,1,1,1,1,1,1,1,0,1,0,1,1,0,0,0,1,0,0,0,0,0,0,1,0,1,1,0,1
regs_only_warmup11_cap1024_run01,972,0,E4,A1DFDF6014BFE144,0,0,1,0,0,0,1,0,1,0,0,0,0,1,1,1,1,1,1,1,1,1,0,1,0,0,1,0,1,0,0,0,0,0,0,0,0,1,1,0,1,1,1,1,1,0,1,1,1,1,1,1,1,0,1,1,1,0,0,0,0,1,0,1,0,0,1,0,0,1,1,1
regs_only_warmup11_cap1024_run01,973,0,BE,A15F57E09E97614E,0,1,1,1,0,0,1,0,1,0,0,0,0,1,1,0,1,1,1,0,1,0,0,1,0,1,1,1,1,0,0,1,0,0,0,0,0,1,1,1,1,1,1,0,1,0,1,0,1,1,1,1,1,0,1,0,1,0,0,0,0,1,0,1,0,1,1,1,1,1,0,1
regs_only_warmup11_cap1024_run01,974,0,A4,295654E89F1569EE,0,1,1,1,0,1,1,1,1,0,0,1,0,1,1,0,1,0,1,0,1,0,0,0,1,1,1,1,1,0,0,1,0,0,0,1,0,1,1,1,0,0,1,0,1,0,1,0,0,1,1,0,1,0,1,0,1,0,0,1,0,1,0,0,0,0,1,0,0,1,0,1
regs_only_warmup11_cap1024_run01,975,1,28,2BC6DC63071DE8E7,1,1,1,0,0,1,1,1,0,0,0,1,0,1,1,1,1,0,1,1,1,0,0,0,1,1,1,0,0,0,0,0,1,1,0,0,0,1,1,0,0,0,1,1,1,0,1,1,0,1,1,0,0,0,1,1,1,1,0,1,0,1,0,0,0,0,0,1,0,1,0,0
regs_only_warmup11_cap1024_run01,976,1,98,A2CCD8232FD4E26F,1,1,1,1,0,1,1,0,0,1,0,0,0,1,1,1,0,0,1,0,1,0,1,1,1,1,1,1,0,1,0,0,1,1,0,0,0,1,0,0,0,0,0,1,1,0,1,1,0,0,1,1,0,0,1,1,0,1,0,0,0,1,0,1,0,0,0,1,1,0,0,1
regs_only_warmup11_cap1024_run01,977,1,74,AA4C51ABAFD06A6F,1,1,1,1,0,1,1,0,0,1,0,1,0,1,1,0,0,0,0,0,1,0,1,1,1,1,1,1,0,1,0,1,1,1,0,1,0,1,0,1,1,0,0,0,1,0,1,0,0,0,1,1,0,0,1,0,0,1,0,1,0,1,0,1,0,0,1,0,1,1,1,0
regs_only_warmup11_cap1024_run01,978,0,AE,2A6551AAA4586BA5,1,0,1,0,0,1,0,1,1,1,0,1,0,1,1,0,0,0,0,1,1,0,1,0,0,0,1,0,0,1,0,1,0,1,0,1,0,1,0,1,1,0,0,0,1,0,1,0,1,0,1,0,0,1,1,0,0,1,0,1,0,1,0,0,0,1,1,1,0,1,0,1
regs_only_warmup11_cap1024_run01,979,0,87,23EDDB24245BE3A4,0,0,1,0,0,1,0,1,1,1,0,0,0,1,1,1,1,1,0,1,1,0,1,0,0,0,1,0,0,1,0,0,0,0,1,0,0,1,0,0,1,1,0,1,1,0,1,1,1,0,1,1,0,1,1,1,1,1,0,0,0,1,0,0,1,1,1,0,0,0,0,1
regs_only_warmup11_cap1024_run01,980,0,CD,A1EFDB242CD3E72C,0,0,1,1,0,1,0,0,1,1,1,0,0,1,1,1,1,1,0,0,1,0,1,1,0,0,1,1,0,1,0,0,0,0,1,0,0,1,0,0,1,1,0,1,1,0,1,1,1,1,1,1,0,1,1,1,1,0,0,0,0,1,0,1,1,0,1,1,0,0,1,1
regs_only_warmup11_cap1024_run01,981,1,6F,A96752ACADD36D2C,0,0,1,1,0,1,0,0,1,0,1,1,0,1,1,0,1,1,0,0,1,0,1,1,1,0,1,1,0,1,0,1,0,0,1,1,0,1,0,1,0,1,0,0,1,0,1,0,1,1,1,0,0,1,1,0,1,0,0,1,0,1,0,1,1,1,1,1,0,1,1,0
regs_only_warmup11_cap1024_run01,982,0,9D,29665A9DA75B6CA4,0,0,1,0,0,1,0,1,0,0,1,1,0,1,1,0,1,1,0,1,1,0,1,0,1,1,1,0,0,1,0,1,1,0,1,1,1,0,0,1,0,1,0,1,1,0,1,0,0,1,1,0,0,1,1,0,1,0,0,1,0,1,0,0,1,0,1,1,1,0,0,1
regs_only_warmup11_cap1024_run01,983,1,94,20EED8152758E4AF,1,1,1,1,0,1,0,1,0,0,1,0,0,1,1,1,0,0,0,1,1,0,1,0,1,1,1,0,0,1,0,0,1,0,1,0,1,0,0,0,0,0,0,1,1,0,1,1,0,1,1,1,0,1,1,1,0,0,0,0,0,1,0,0,0,0,1,0,1,0,0,1
regs_only_warmup11_cap1024_run01,984,1,1D,B4EED11F2FD0E42F,1,1,1,1,0,1,0,0,0,0,1,0,0,1,1,1,0,0,0,0,1,0,1,1,1,1,1,1,0,1,0,0,1,1,1,1,1,0,0,0,1,0,0,0,1,0,1,1,0,1,1,1,0,1,1,1,0,0,1,0,1,1,0,1,1,0,1,1,1,0,0,0
regs_only_warmup11_cap1024_run01,985,0,32,BE65519EA6D86D27,1,1,1,0,0,1,0,0,1,0,1,1,0,1,1,0,0,0,0,1,1,0,1,1,0,1,1,0,0,1,0,1,0,1,1,1,1,0,0,1,1,0,0,0,1,0,1,0,1,0,1,0,0,1,1,0,0,1,1,1,1,1,0,1,0,1,0,0,1,1,0,0
regs_only_warmup11_cap1024_run01,986,1,CA,37615996A25967A6,0,1,1,0,0,1,0,1,1,1,1,0,0,1,1,0,1,0,0,1,1,0,1,0,0,1,0,0,0,1,0,1,0,1,1,0,1,0,0,1,1,0,0,1,1,0,1,0,1,0,0,0,0,1,1,0,1,1,1,0,1,1,0,0,0,1,0,1,0,0,1,1
regs_only_warmup11_cap1024_run01,987,1,5E,77E999166851C7AC,0,0,1,1,0,1,0,1,1,1,1,0,0,0,1,1,1,0,0,0,1,0,1,0,0,0,0,1,0,1,1,0,0,1,1,0,1,0,0,0,1,0,0,1,1,0,0,1,1,0,0,1,0,1,1,1,1,1,1,0,1,1,1,0,0,1,1,1,1,0,1,0
regs_only_warmup11_cap1024_run01,988,1,E6,DFE0921E69D3DF28,0,0,0,1,0,1,0,0,1,1,1,1,1,0,1,1,1,1,0,0,1,0,1,1,1,0,0,1,0,1,1,0,0,1,1,1,1,0,0,0,0,1,0,0,1,0,0,1,0,0,0,0,0,1,1,1,1,1,1,1,1,0,1,1,0,1,1,0,0,1,1,1
regs_only_warmup11_cap1024_run01,989,0,13,DD60369DE1DB5E20,0,0,0,0,0,1,0,0,0,1,1,1,1,0,1,0,1,1,0,1,1,0,1,1,1,0,0,0,0,1,1,1,1,0,1,1,1,0,0,1,0,1,1,0,1,1,0,0,0,0,0,0,0,1,1,0,1,0,1,1,1,0,1,1,1,1,0,0,1,0,0,0
regs_only_warmup11_cap1024_run01,990,1,A3,546A3E95E17E54A1,1,0,0,0,0,1,0,1,0,0,1,0,1,0,1,0,0,1,1,1,1,1,1,0,1,0,0,0,0,1,1,1,1,0,1,0,1,0,0,1,0,1,1,1,1,1,0,0,0,1,0,1,0,1,1,0,0,0,1,0,1,0,1,0,1,1,0,0,0,1,0,1
regs_only_warmup11_cap1024_run01,991,0,D5,54EAB7156976D489,1,0,0,1,0,0,0,1,0,0,1,0,1,0,1,1,0,1,1,0,1,1,1,0,1,0,0,1,0,1,1,0,1,0,1,0,1,0,0,0,1,1,1,0,1,1,0,1,0,1,0,1,0,1,1,1,0,0,1,0,1,0,1,0,1,0,1,0,1,0,1,1
regs_only_warmup11_cap1024_run01,992,1,81,DCA3B71D6AF6DD0B,1,1,0,1,0,0,0,0,1,0,1,1,1,0,1,1,0,1,1,0,1,1,1,1,0,1,0,1,0,1,1,0,1,0,1,1,1,0,0,0,1,1,1,0,1,1,0,1,1,1,0,0,0,1,0,1,0,0,1,1,1,0,1,1,1,0,0,0,0,0,0,1
regs_only_warmup11_cap1024_run01,993,0,6D,DD233D96C2FD1D02,0,1,0,0,0,0,0,0,1,0,1,1,1,0,0,0,1,0,1,1,1,1,1,1,0,1,0,0,0,0,1,1,0,1,1,0,1,0,0,1,1,0,1,1,1,1,0,0,1,1,0,0,0,1,0,0,1,0,1,1,1,0,1,1,1,0,1,1,0,1,1,0
regs_only_warmup11_cap1024_run01,994,1,87,57092D96CA75158A,0,1,0,1,0,0,0,1,1,0,1,0,1,0,0,0,1,0,1,0,1,1,1,0,0,1,0,1,0,0,1,1,0,1,1,0,1,0,0,1,1,0,1,1,0,1,0,0,1,0,0,1,0,0,0,0,1,1,1,0,1,0,1,0,1,1,1,0,0,0,0,1
regs_only_warmup11_cap1024_run01,995,1,65,5F89A41E4B759F8A,0,1,0,1,0,0,0,1,1,1,1,1,1,0,0,1,1,0,1,0,1,1,1,0,1,1,0,1,0,0,1,0,0,1,1,1,1,0,0,0,0,0,1,0,0,1,0,1,1,0,0,1,0,0,0,1,1,1,1,1,1,0,1,0,1,0,1,0,0,1,1,0
regs_only_warmup11_cap1024_run01,996,0,E2,DF80A45F41ED9E12,0,1,0,0,1,0,0,0,0,1,1,1,1,0,0,1,1,0,1,1,0,1,1,1,1,0,0,0,0,0,1,0,1,1,1,1,1,0,1,0,0,0,1,0,0,1,0,1,0,0,0,0,0,0,0,1,1,1,1,1,1,0,1,1,0,1,0,0,0,1,1,1
regs_only_warmup11_cap1024_run01,997,0,FF,D6082CD3C1EC1651,1,0,0,0,1,0,1,0,0,1,1,0,1,0,0,0,0,0,1,1,0,1,1,1,1,0,0,0,0,0,1,1,1,1,0,0,1,0,1,1,0,0,1,1,0,1,0,0,0,0,0,1,0,0,0,0,0,1,1,0,1,0,1,1,1,1,1,1,1,1,1,1
regs_only_warmup11_cap1024_run01,998,0,71,56082FF1C96612D9,1,0,0,1,1,0,1,1,0,1,0,0,1,0,0,0,0,1,1,0,0,1,1,0,1,0,0,1,0,0,1,1,1,0,0,0,1,1,1,1,1,1,1,1,0,1,0,0,0,0,0,1,0,0,0,0,0,1,1,0,1,0,1,0,1,0,0,0,1,1,1,0
regs_only_warmup11_cap1024_run01,999,0,73,5C83A77948669BD9,1,0,0,1,1,0,1,1,1,1,0,1,1,0,0,1,0,1,1,0,0,1,1,0,0,0,0,1,0,0,1,0,1,0,0,1,1,1,1,0,1,1,1,0,0,1,0,1,1,1,0,0,0,0,0,1,0,0,1,1,1,0,1,0,1,1,0,0,1,1,1,0
regs_only_warmup11_cap1024_run01,1000,1,04,DD87AF7844EF9950,0,0,0,0,1,0,1,0,1,0,0,1,1,0,0,1,1,1,1,1,0,1,1,1,0,0,1,0,0,0,1,0,0,0,0,1,1,1,1,0,1,1,1,1,0,1,0,1,1,1,1,0,0,0,0,1,1,0,1,1,1,0,1,1,0,0,1,0,0,0,0,0
regs_only_warmup11_cap1024_run01,1001,1,20,D10F2FF0C6AF115A,0,1,0,1,1,0,1,0,1,0,0,0,1,0,0,0,1,1,1,1,0,1,0,1,0,1,1,0,0,0,1,1,0,0,0,0,1,1,1,1,1,1,1,1,0,1,0,0,1,1,1,1,0,0,0,0,1,0,0,0,1,0,1,1,0,0,0,0,0,1,0,0
regs_only_warmup11_cap1024_run01,1002,1,9C,510F24F8DF2511DE,0,1,1,1,1,0,1,1,1,0,0,0,1,0,0,0,1,0,1,0,0,1,0,0,1,1,1,1,1,0,1,1,0,0,0,1,1,1,1,1,0,0,1,0,0,1,0,0,1,1,1,1,0,0,0,0,1,0,0,0,1,0,1,0,0,0,1,1,1,0,0,1
regs_only_warmup11_cap1024_run01,1003,0,21,5996A47B5F2DB8D6,0,1,1,0,1,0,1,1,0,0,0,1,1,1,0,1,1,0,1,1,0,1,0,0,1,1,1,1,1,0,1,0,1,1,0,1,1,1,1,0,0,0,1,0,0,1,0,1,0,1,1,0,1,0,0,1,1,0,0,1,1,0,1,0,1,0,0,0,0,1,0,0
regs_only_warmup11_cap1024_run01,1004,0,D9,DA94AC7357ACB857,1,1,1,0,1,0,1,0,0,0,0,1,1,1,0,1,0,0,1,1,0,1,0,1,1,1,1,0,1,0,1,0,1,1,0,0,1,1,1,0,0,0,1,1,0,1,0,1,0,0,1,0,1,0,0,1,0,1,0,1,1,0,1,1,1,0,0,1,1,0,1,1
regs_only_warmup11_cap1024_run01,1005,1,EE,F21C0DF3DFA4325F,1,1,1,1,1,0,1,0,0,1,0,0,1,1,0,0,0,0,1,0,0,1,0,1,1,1,1,1,1,0,1,1,1,1,0,0,1,1,1,1,1,0,1,1,0,0,0,0,0,0,1,1,1,0,0,0,0,1,0,0,1,1,1,1,0,1,1,1,0,1,1,1
regs_only_warmup11_cap1024_run01,1006,0,9E,7A1D05FBDC043BDD,1,0,1,1,1,0,1,1,1,1,0,1,1,1,0,0,0,0,1,0,0,0,0,0,0,0,1,1,1,0,1,1,1,1,0,1,1,1,1,1,1,0,1,0,0,0,0,0,1,0,1,1,1,0,0,0,0,1,0,1,1,1,1,0,0,1,1,1,1,0,0,1
regs_only_warmup11_cap1024_run01,1007,1,09,7B95C378540FBBF4,0,0,1,0,1,1,1,1,1,1,0,1,1,1,0,1,1,1,1,1,0,0,0,0,0,0,1,0,1,0,1,0,0,0,0,1,1,1,1,0,1,1,0,0,0,0,1,1,1,0,1,0,1,0,0,1,1,1,0,1,1,1,1,0,1,0,0,1,0,0,0,0
regs_only_warmup11_cap1024_run01,1008,0,BE,F19FCB70548FB374,0,0,1,0,1,1,1,0,1,1,0,0,1,1,0,1,1,1,1,1,0,0,0,1,0,0,1,0,1,0,1,0,0,0,0,0,1,1,1,0,1,1,0,1,0,0,1,1,1,1,1,1,1,0,0,1,1,0,0,0,1,1,1,1,0,1,1,1,1,1,0,1
regs_only_warmup11_cap1024_run01,1009,0,FF,F11F4AE0FD83317C,0,0,1,1,1,1,1,0,1,0,0,0,1,1,0,0,1,1,0,0,0,0,0,1,1,0,1,1,1,1,1,1,0,0,0,0,0,1,1,1,0,1,0,1,0,0,1,0,1,1,1,1,1,0,0,0,1,0,0,0,1,1,1,1,1,1,1,1,1,1,1,1
regs_only_warmup11_cap1024_run01,1010,0,D2,791642E9FF0338FC,0,0,1,1,1,1,1,1,0,0,0,1,1,1,0,0,1,1,0,0,0,0,0,0,1,1,1,1,1,1,1,1,1,0,0,1,0,1,1,1,0,1,0,0,0,0,1,0,0,1,1,0,1,0,0,0,1,0,0,1,1,1,1,0,0,1,0,0,1,0,1,1
regs_only_warmup11_cap1024_run01,1011,0,D1,68B6CA6D770AB8F7,1,1,1,0,1,1,1,1,0,0,0,1,1,1,0,1,0,1,0,1,0,0,0,0,1,1,1,0,1,1,1,0,1,0,1,1,0,1,1,0,0,1,0,1,0,0,1,1,0,1,1,0,1,1,0,1,0,0,0,1,0,1,1,0,1,0,0,0,1,0,1,1
regs_only_warmup11_cap1024_run01,1012,1,99,E0BEC9673788B47F,1,1,1,1,1,1,1,0,0,0,1,0,1,1,0,1,0,0,0,1,0,0,0,1,1,1,1,0,1,1,0,0,1,1,1,0,0,1,1,0,1,0,0,1,0,0,1,1,0,1,1,1,1,1,0,1,0,0,0,0,0,1,1,1,1,0,0,1,1,0,0,1
regs_only_warmup11_cap1024_run01,1013,0,D5,A23D41EFBE807D7F,1,1,1,1,1,1,1,0,1,0,1,1,1,1,1,0,0,0,0,0,0,0,0,1,0,1,1,1,1,1,0,1,1,1,1,1,0,1,1,1,1,0,0,0,0,0,1,0,1,0,1,1,1,1,0,0,0,1,0,0,0,1,0,1,1,0,1,0,1,0,1,1
regs_only_warmup11_cap1024_run01,1014,1,4A,2B7541EEB6097FF6,0,1,1,0,1,1,1,1,1,1,1,1,1,1,1,0,1,0,0,1,0,0,0,0,0,1,1,0,1,1,0,1,0,1,1,1,0,1,1,1,1,0,0,0,0,0,1,0,1,0,1,0,1,1,1,0,1,1,0,1,0,1,0,0,0,1,0,1,0,0,1,0
regs_only_warmup11_cap1024_run01,1015,1,9A,23F5C9463409F7F6,0,1,1,0,1,1,1,1,1,1,1,0,1,1,1,1,1,0,0,1,0,0,0,0,0,0,1,0,1,1,0,0,0,1,1,0,0,0,1,0,1,0,0,1,0,0,1,1,1,0,1,0,1,1,1,1,1,1,0,0,0,1,0,0,0,1,0,1,1,0,0,1
regs_only_warmup11_cap1024_run01,1016,0,DD,A7FDCA463D83E77C,0,0,1,1,1,1,1,0,1,1,1,0,0,1,1,1,1,1,0,0,0,0,0,1,1,0,1,1,1,1,0,0,0,1,1,0,0,0,1,0,0,1,0,1,0,0,1,1,1,0,1,1,1,1,1,1,1,1,1,0,0,1,0,1,1,0,1,1,1,0,1,1
regs_only_warmup11_cap1024_run01,1017,0,17,AF7442CDBD836E7C,0,0,1,1,1,1,1,0,0,1,1,1,0,1,1,0,1,1,0,0,0,0,0,1,1,0,1,1,1,1,0,1,1,0,1,1,0,0,1,1,0,1,0,0,0,0,1,0,0,0,1,0,1,1,1,0,1,1,1,1,0,1,0,1,1,1,1,0,1,0,0,0
regs_only_warmup11_cap1024_run01,1018,0,DA,2C7642CDB50A6EF5,1,0,1,0,1,1,1,1,0,1,1,1,0,1,1,0,0,1,0,1,0,0,0,0,1,0,1,0,1,1,0,1,1,0,1,1,0,0,1,1,0,1,0,0,0,0,1,0,0,1,1,0,1,1,1,0,0,0,1,1,0,1,0,0,0,1,0,1,1,0,1,1
regs_only_warmup11_cap1024_run01,1019,1,38,24FACB45310AE4F5,1,0,1,0,1,1,1,1,0,0,1,0,0,1,1,1,0,1,0,1,0,0,0,0,1,0,0,0,1,1,0,0,1,0,1,0,0,0,1,0,1,1,0,1,0,0,1,1,0,1,0,1,1,1,1,1,0,0,1,0,0,1,0,0,0,0,0,1,1,1,0,0
regs_only_warmup11_cap1024_run01,1020,0,D1,A4FBC3453A82C57F,1,1,1,1,1,1,1,0,1,0,1,0,0,0,1,1,0,1,0,0,0,0,0,1,0,1,0,1,1,1,0,0,1,0,1,0,0,0,1,0,1,1,0,0,0,0,1,1,1,1,0,1,1,1,1,1,0,0,1,0,0,1,0,1,1,0,0,0,1,0,1,1
regs_only_warmup11_cap1024_run01,1021,0,7C,8D7351CEBA894D72,0,1,0,0,1,1,1,0,1,0,1,1,0,0,1,0,1,0,0,1,0,0,0,1,0,1,0,1,1,1,0,1,0,1,1,1,0,0,1,1,1,0,0,0,1,0,1,0,1,1,0,0,1,1,1,0,1,0,1,1,0,0,0,1,0,0,1,1,1,1,1,0
regs_only_warmup11_cap1024_run01,1022,1,55,0F737D86B2794DF2,0,1,0,0,1,1,1,1,1,0,1,1,0,0,1,0,1,0,0,1,1,1,1,0,0,1,0,0,1,1,0,1,0,1,1,0,0,0,0,1,1,0,1,1,1,1,1,0,1,1,0,0,1,1,1,0,1,1,1,1,0,0,0,0,1,0,1,0,1,0,1,0
regs_only_warmup11_cap1024_run01,1023,0,8E,07F9FC063B75C7FA,0,1,0,1,1,1,1,1,1,1,1,0,0,0,1,1,1,0,1,0,1,1,1,0,1,1,0,1,1,1,0,0,0,1,1,0,0,0,0,0,0,0,1,1,1,1,1,1,1,0,0,1,1,1,1,1,1,1,1,0,0,0,0,0,0,1,1,1,0,0,0,1
