label,seq,rand_bit,stage_xor_hex,snapshot64_hex,b00,b01,b02,b03,b04,b05,b06,b07,b08,b09,b10,b11,b12,b13,b14,b15,b16,b17,b18,b19,b20,b21,b22,b23,b24,b25,b26,b27,b28,b29,b30,b31,b32,b33,b34,b35,b36,b37,b38,b39,b40,b41,b42,b43,b44,b45,b46,b47,b48,b49,b50,b51,b52,b53,b54,b55,b56,b57,b58,b59,b60,b61,b62,b63,sx0,sx1,sx2,sx3,sx4,sx5,sx6,sx7
restart_aligned_regs_only_warmup11_cap1024_run01,0,0,F5,D04638F14738844F,1,1,1,1,0,0,1,0,0,0,1,0,0,0,0,1,0,0,0,1,1,1,0,0,1,1,1,0,0,0,1,0,1,0,0,0,1,1,1,1,0,0,0,1,1,1,0,0,0,1,1,0,0,0,1,0,0,0,0,0,1,0,1,1,1,0,1,0,1,1,1,1
restart_aligned_regs_only_warmup11_cap1024_run01,1,0,77,B19E6DB0066DD50E,0,1,1,1,0,0,0,0,1,0,1,0,1,0,1,1,1,0,1,1,0,1,1,0,0,1,1,0,0,0,0,0,0,0,0,0,1,1,0,1,1,0,1,1,0,1,1,0,0,1,1,1,1,0,0,1,1,0,0,0,1,1,0,1,1,1,1,0,1,1,1,0
restart_aligned_regs_only_warmup11_cap1024_run01,2,1,34,B1966BB0966DF51E,0,1,1,1,1,0,0,0,1,0,1,0,1,1,1,1,1,0,1,1,0,1,1,0,0,1,1,0,1,0,0,1,0,0,0,0,1,1,0,1,1,1,0,1,0,1,1,0,0,1,1,0,1,0,0,1,1,0,0,0,1,1,0,1,0,0,1,0,1,1,0,0
restart_aligned_regs_only_warmup11_cap1024_run01,3,0,44,B19E6FA0966DF51E,0,1,1,1,1,0,0,0,1,0,1,0,1,1,1,1,1,0,1,1,0,1,1,0,0,1,1,0,1,0,0,1,0,0,0,0,0,1,0,1,1,1,1,1,0,1,1,0,0,1,1,1,1,0,0,1,1,0,0,0,1,1,0,1,0,0,1,0,0,0,1,0
restart_aligned_regs_only_warmup11_cap1024_run01,4,0,55,B19E6FB0966DF50E,0,1,1,1,0,0,0,0,1,0,1,0,1,1,1,1,1,0,1,1,0,1,1,0,0,1,1,0,1,0,0,1,0,0,0,0,1,1,0,1,1,1,1,1,0,1,1,0,0,1,1,1,1,0,0,1,1,0,0,0,1,1,0,1,1,0,1,0,1,0,1,0
restart_aligned_regs_only_warmup11_cap1024_run01,5,0,14,B1966FB0966DF51E,0,1,1,1,1,0,0,0,1,0,1,0,1,1,1,1,1,0,1,1,0,1,1,0,0,1,1,0,1,0,0,1,0,0,0,0,1,1,0,1,1,1,1,1,0,1,1,0,0,1,1,0,1,0,0,1,1,0,0,0,1,1,0,1,0,0,1,0,1,0,0,0
restart_aligned_regs_only_warmup11_cap1024_run01,6,1,76,B19E6BB0966DD51E,0,1,1,1,1,0,0,0,1,0,1,0,1,0,1,1,1,0,1,1,0,1,1,0,0,1,1,0,1,0,0,1,0,0,0,0,1,1,0,1,1,1,0,1,0,1,1,0,0,1,1,1,1,0,0,1,1,0,0,0,1,1,0,1,0,1,1,0,1,1,1,0
restart_aligned_regs_only_warmup11_cap1024_run01,7,1,54,B19E6FB0966DF51E,0,1,1,1,1,0,0,0,1,0,1,0,1,1,1,1,1,0,1,1,0,1,1,0,0,1,1,0,1,0,0,1,0,0,0,0,1,1,0,1,1,1,1,1,0,1,1,0,0,1,1,1,1,0,0,1,1,0,0,0,1,1,0,1,0,0,1,0,1,0,1,0
restart_aligned_regs_only_warmup11_cap1024_run01,8,1,54,B19E69B0966DF51E,0,1,1,1,1,0,0,0,1,0,1,0,1,1,1,1,1,0,1,1,0,1,1,0,0,1,1,0,1,0,0,1,0,0,0,0,1,1,0,1,1,0,0,1,0,1,1,0,0,1,1,1,1,0,0,1,1,0,0,0,1,1,0,1,0,0,1,0,1,0,1,0
restart_aligned_regs_only_warmup11_cap1024_run01,9,0,74,B19E6DB0966DF51E,0,1,1,1,1,0,0,0,1,0,1,0,1,1,1,1,1,0,1,1,0,1,1,0,0,1,1,0,1,0,0,1,0,0,0,0,1,1,0,1,1,0,1,1,0,1,1,0,0,1,1,1,1,0,0,1,1,0,0,0,1,1,0,1,0,0,1,0,1,1,1,0
restart_aligned_regs_only_warmup11_cap1024_run01,10,0,7D,B19E6BB0166DF50E,0,1,1,1,0,0,0,0,1,0,1,0,1,1,1,1,1,0,1,1,0,1,1,0,0,1,1,0,1,0,0,0,0,0,0,0,1,1,0,1,1,1,0,1,0,1,1,0,0,1,1,1,1,0,0,1,1,0,0,0,1,1,0,1,1,0,1,1,1,1,1,0
restart_aligned_regs_only_warmup11_cap1024_run01,11,0,7D,B19E6DB0866DF50E,0,1,1,1,0,0,0,0,1,0,1,0,1,1,1,1,1,0,1,1,0,1,1,0,0,1,1,0,0,0,0,1,0,0,0,0,1,1,0,1,1,0,1,1,0,1,1,0,0,1,1,1,1,0,0,1,1,0,0,0,1,1,0,1,1,0,1,1,1,1,1,0
restart_aligned_regs_only_warmup11_cap1024_run01,12,0,FF,919E6BB0866DD50E,0,1,1,1,0,0,0,0,1,0,1,0,1,0,1,1,1,0,1,1,0,1,1,0,0,1,1,0,0,0,0,1,0,0,0,0,1,1,0,1,1,1,0,1,0,1,1,0,0,1,1,1,1,0,0,1,1,0,0,0,1,0,0,1,1,1,1,1,1,1,1,1
restart_aligned_regs_only_warmup11_cap1024_run01,13,1,97,919669B0966DD50E,0,1,1,1,0,0,0,0,1,0,1,0,1,0,1,1,1,0,1,1,0,1,1,0,0,1,1,0,1,0,0,1,0,0,0,0,1,1,0,1,1,0,0,1,0,1,1,0,0,1,1,0,1,0,0,1,1,0,0,0,1,0,0,1,1,1,1,0,1,0,0,1
restart_aligned_regs_only_warmup11_cap1024_run01,14,0,1E,B1966FB0166DD51E,0,1,1,1,1,0,0,0,1,0,1,0,1,0,1,1,1,0,1,1,0,1,1,0,0,1,1,0,1,0,0,0,0,0,0,0,1,1,0,1,1,1,1,1,0,1,1,0,0,1,1,0,1,0,0,1,1,0,0,0,1,1,0,1,0,1,1,1,1,0,0,0
restart_aligned_regs_only_warmup11_cap1024_run01,15,0,14,B1966FB0966DF51E,0,1,1,1,1,0,0,0,1,0,1,0,1,1,1,1,1,0,1,1,0,1,1,0,0,1,1,0,1,0,0,1,0,0,0,0,1,1,0,1,1,1,1,1,0,1,1,0,0,1,1,0,1,0,0,1,1,0,0,0,1,1,0,1,0,0,1,0,1,0,0,0
restart_aligned_regs_only_warmup11_cap1024_run01,16,0,B7,91966BB0066DD50E,0,1,1,1,0,0,0,0,1,0,1,0,1,0,1,1,1,0,1,1,0,1,1,0,0,1,1,0,0,0,0,0,0,0,0,0,1,1,0,1,1,1,0,1,0,1,1,0,0,1,1,0,1,0,0,1,1,0,0,0,1,0,0,1,1,1,1,0,1,1,0,1
restart_aligned_regs_only_warmup11_cap1024_run01,17,0,1D,B1966FB0866DF50E,0,1,1,1,0,0,0,0,1,0,1,0,1,1,1,1,1,0,1,1,0,1,1,0,0,1,1,0,0,0,0,1,0,0,0,0,1,1,0,1,1,1,1,1,0,1,1,0,0,1,1,0,1,0,0,1,1,0,0,0,1,1,0,1,1,0,1,1,1,0,0,0
restart_aligned_regs_only_warmup11_cap1024_run01,18,0,55,B19E69B0066DF50E,0,1,1,1,0,0,0,0,1,0,1,0,1,1,1,1,1,0,1,1,0,1,1,0,0,1,1,0,0,0,0,0,0,0,0,0,1,1,0,1,1,0,0,1,0,1,1,0,0,1,1,1,1,0,0,1,1,0,0,0,1,1,0,1,1,0,1,0,1,0,1,0
restart_aligned_regs_only_warmup11_cap1024_run01,19,0,5C,B19E69B0166DF51E,0,1,1,1,1,0,0,0,1,0,1,0,1,1,1,1,1,0,1,1,0,1,1,0,0,1,1,0,1,0,0,0,0,0,0,0,1,1,0,1,1,0,0,1,0,1,1,0,0,1,1,1,1,0,0,1,1,0,0,0,1,1,0,1,0,0,1,1,1,0,1,0
restart_aligned_regs_only_warmup11_cap1024_run01,20,0,3C,B1966DB0166DF51E,0,1,1,1,1,0,0,0,1,0,1,0,1,1,1,1,1,0,1,1,0,1,1,0,0,1,1,0,1,0,0,0,0,0,0,0,1,1,0,1,1,0,1,1,0,1,1,0,0,1,1,0,1,0,0,1,1,0,0,0,1,1,0,1,0,0,1,1,1,1,0,0
restart_aligned_regs_only_warmup11_cap1024_run01,21,1,97,919669B0066DD50E,0,1,1,1,0,0,0,0,1,0,1,0,1,0,1,1,1,0,1,1,0,1,1,0,0,1,1,0,0,0,0,0,0,0,0,0,1,1,0,1,1,0,0,1,0,1,1,0,0,1,1,0,1,0,0,1,1,0,0,0,1,0,0,1,1,1,1,0,1,0,0,1
restart_aligned_regs_only_warmup11_cap1024_run01,22,0,1D,B19669B0866DF50E,0,1,1,1,0,0,0,0,1,0,1,0,1,1,1,1,1,0,1,1,0,1,1,0,0,1,1,0,0,0,0,1,0,0,0,0,1,1,0,1,1,0,0,1,0,1,1,0,0,1,1,0,1,0,0,1,1,0,0,0,1,1,0,1,1,0,1,1,1,0,0,0
restart_aligned_regs_only_warmup11_cap1024_run01,23,1,5D,B19E4BB0866DF50E,0,1,1,1,0,0,0,0,1,0,1,0,1,1,1,1,1,0,1,1,0,1,1,0,0,1,1,0,0,0,0,1,0,0,0,0,1,1,0,1,1,1,0,1,0,0,1,0,0,1,1,1,1,0,0,1,1,0,0,0,1,1,0,1,1,0,1,1,1,0,1,0
restart_aligned_regs_only_warmup11_cap1024_run01,24,1,16,B19669B0966DD51E,0,1,1,1,1,0,0,0,1,0,1,0,1,0,1,1,1,0,1,1,0,1,1,0,0,1,1,0,1,0,0,1,0,0,0,0,1,1,0,1,1,0,0,1,0,1,1,0,0,1,1,0,1,0,0,1,1,0,0,0,1,1,0,1,0,1,1,0,1,0,0,0
restart_aligned_regs_only_warmup11_cap1024_run01,25,1,57,B19E69B0066DD50E,0,1,1,1,0,0,0,0,1,0,1,0,1,0,1,1,1,0,1,1,0,1,1,0,0,1,1,0,0,0,0,0,0,0,0,0,1,1,0,1,1,0,0,1,0,1,1,0,0,1,1,1,1,0,0,1,1,0,0,0,1,1,0,1,1,1,1,0,1,0,1,0
restart_aligned_regs_only_warmup11_cap1024_run01,26,0,7D,B19E6DB0866DF50E,0,1,1,1,0,0,0,0,1,0,1,0,1,1,1,1,1,0,1,1,0,1,1,0,0,1,1,0,0,0,0,1,0,0,0,0,1,1,0,1,1,0,1,1,0,1,1,0,0,1,1,1,1,0,0,1,1,0,0,0,1,1,0,1,1,0,1,1,1,1,1,0
restart_aligned_regs_only_warmup11_cap1024_run01,27,1,3D,B1966DB0866DF50E,0,1,1,1,0,0,0,0,1,0,1,0,1,1,1,1,1,0,1,1,0,1,1,0,0,1,1,0,0,0,0,1,0,0,0,0,1,1,0,1,1,0,1,1,0,1,1,0,0,1,1,0,1,0,0,1,1,0,0,0,1,1,0,1,1,0,1,1,1,1,0,0
restart_aligned_regs_only_warmup11_cap1024_run01,28,1,57,B19E69B0066DD50E,0,1,1,1,0,0,0,0,1,0,1,0,1,0,1,1,1,0,1,1,0,1,1,0,0,1,1,0,0,0,0,0,0,0,0,0,1,1,0,1,1,0,0,1,0,1,1,0,0,1,1,1,1,0,0,1,1,0,0,0,1,1,0,1,1,1,1,0,1,0,1,0
restart_aligned_regs_only_warmup11_cap1024_run01,29,1,15,B1966FB0966DF50E,0,1,1,1,0,0,0,0,1,0,1,0,1,1,1,1,1,0,1,1,0,1,1,0,0,1,1,0,1,0,0,1,0,0,0,0,1,1,0,1,1,1,1,1,0,1,1,0,0,1,1,0,1,0,0,1,1,0,0,0,1,1,0,1,1,0,1,0,1,0,0,0
restart_aligned_regs_only_warmup11_cap1024_run01,30,1,1F,B19669B0866DD50E,0,1,1,1,0,0,0,0,1,0,1,0,1,0,1,1,1,0,1,1,0,1,1,0,0,1,1,0,0,0,0,1,0,0,0,0,1,1,0,1,1,0,0,1,0,1,1,0,0,1,1,0,1,0,0,1,1,0,0,0,1,1,0,1,1,1,1,1,1,0,0,0
restart_aligned_regs_only_warmup11_cap1024_run01,31,0,55,B19E6FB0066DF50E,0,1,1,1,0,0,0,0,1,0,1,0,1,1,1,1,1,0,1,1,0,1,1,0,0,1,1,0,0,0,0,0,0,0,0,0,1,1,0,1,1,1,1,1,0,1,1,0,0,1,1,1,1,0,0,1,1,0,0,0,1,1,0,1,1,0,1,0,1,0,1,0
restart_aligned_regs_only_warmup11_cap1024_run01,32,0,1B,B19669B08669D50E,0,1,1,1,0,0,0,0,1,0,1,0,1,0,1,1,1,0,0,1,0,1,1,0,0,1,1,0,0,0,0,1,0,0,0,0,1,1,0,1,1,0,0,1,0,1,1,0,0,1,1,0,1,0,0,1,1,0,0,0,1,1,0,1,1,1,0,1,1,0,0,0
restart_aligned_regs_only_warmup11_cap1024_run01,33,0,17,B19669B0066DD50E,0,1,1,1,0,0,0,0,1,0,1,0,1,0,1,1,1,0,1,1,0,1,1,0,0,1,1,0,0,0,0,0,0,0,0,0,1,1,0,1,1,0,0,1,0,1,1,0,0,1,1,0,1,0,0,1,1,0,0,0,1,1,0,1,1,1,1,0,1,0,0,0
restart_aligned_regs_only_warmup11_cap1024_run01,34,1,7F,B19E6DB0866DD50E,0,1,1,1,0,0,0,0,1,0,1,0,1,0,1,1,1,0,1,1,0,1,1,0,0,1,1,0,0,0,0,1,0,0,0,0,1,1,0,1,1,0,1,1,0,1,1,0,0,1,1,1,1,0,0,1,1,0,0,0,1,1,0,1,1,1,1,1,1,1,1,0
restart_aligned_regs_only_warmup11_cap1024_run01,35,1,54,B19E69B0966DF51E,0,1,1,1,1,0,0,0,1,0,1,0,1,1,1,1,1,0,1,1,0,1,1,0,0,1,1,0,1,0,0,1,0,0,0,0,1,1,0,1,1,0,0,1,0,1,1,0,0,1,1,1,1,0,0,1,1,0,0,0,1,1,0,1,0,0,1,0,1,0,1,0
restart_aligned_regs_only_warmup11_cap1024_run01,36,1,5D,B19E69B0166DF50E,0,1,1,1,0,0,0,0,1,0,1,0,1,1,1,1,1,0,1,1,0,1,1,0,0,1,1,0,1,0,0,0,0,0,0,0,1,1,0,1,1,0,0,1,0,1,1,0,0,1,1,1,1,0,0,1,1,0,0,0,1,1,0,1,1,0,1,1,1,0,1,0
restart_aligned_regs_only_warmup11_cap1024_run01,37,0,D7,919E69B0066DD50E,0,1,1,1,0,0,0,0,1,0,1,0,1,0,1,1,1,0,1,1,0,1,1,0,0,1,1,0,0,0,0,0,0,0,0,0,1,1,0,1,1,0,0,1,0,1,1,0,0,1,1,1,1,0,0,1,1,0,0,0,1,0,0,1,1,1,1,0,1,0,1,1
restart_aligned_regs_only_warmup11_cap1024_run01,38,0,55,B19E6FB0966DF50E,0,1,1,1,0,0,0,0,1,0,1,0,1,1,1,1,1,0,1,1,0,1,1,0,0,1,1,0,1,0,0,1,0,0,0,0,1,1,0,1,1,1,1,1,0,1,1,0,0,1,1,1,1,0,0,1,1,0,0,0,1,1,0,1,1,0,1,0,1,0,1,0
restart_aligned_regs_only_warmup11_cap1024_run01,39,0,1D,B19669B0866DF50E,0,1,1,1,0,0,0,0,1,0,1,0,1,1,1,1,1,0,1,1,0,1,1,0,0,1,1,0,0,0,0,1,0,0,0,0,1,1,0,1,1,0,0,1,0,1,1,0,0,1,1,0,1,0,0,1,1,0,0,0,1,1,0,1,1,0,1,1,1,0,0,0
restart_aligned_regs_only_warmup11_cap1024_run01,40,1,79,B19E49B01669F50E,0,1,1,1,0,0,0,0,1,0,1,0,1,1,1,1,1,0,0,1,0,1,1,0,0,1,1,0,1,0,0,0,0,0,0,0,1,1,0,1,1,0,0,1,0,0,1,0,0,1,1,1,1,0,0,1,1,0,0,0,1,1,0,1,1,0,0,1,1,1,1,0
restart_aligned_regs_only_warmup11_cap1024_run01,41,1,15,B1964DB0966DF50E,0,1,1,1,0,0,0,0,1,0,1,0,1,1,1,1,1,0,1,1,0,1,1,0,0,1,1,0,1,0,0,1,0,0,0,0,1,1,0,1,1,0,1,1,0,0,1,0,0,1,1,0,1,0,0,1,1,0,0,0,1,1,0,1,1,0,1,0,1,0,0,0
restart_aligned_regs_only_warmup11_cap1024_run01,42,0,DB,919E69B08669D50E,0,1,1,1,0,0,0,0,1,0,1,0,1,0,1,1,1,0,0,1,0,1,1,0,0,1,1,0,0,0,0,1,0,0,0,0,1,1,0,1,1,0,0,1,0,1,1,0,0,1,1,1,1,0,0,1,1,0,0,0,1,0,0,1,1,1,0,1,1,0,1,1
restart_aligned_regs_only_warmup11_cap1024_run01,43,1,5D,B19E4BB0866DF50E,0,1,1,1,0,0,0,0,1,0,1,0,1,1,1,1,1,0,1,1,0,1,1,0,0,1,1,0,0,0,0,1,0,0,0,0,1,1,0,1,1,1,0,1,0,0,1,0,0,1,1,1,1,0,0,1,1,0,0,0,1,1,0,1,1,0,1,1,1,0,1,0
restart_aligned_regs_only_warmup11_cap1024_run01,44,0,33,B1966BB00669D50E,0,1,1,1,0,0,0,0,1,0,1,0,1,0,1,1,1,0,0,1,0,1,1,0,0,1,1,0,0,0,0,0,0,0,0,0,1,1,0,1,1,1,0,1,0,1,1,0,0,1,1,0,1,0,0,1,1,0,0,0,1,1,0,1,1,1,0,0,1,1,0,0
restart_aligned_regs_only_warmup11_cap1024_run01,45,0,F3,919E6BB00669D50E,0,1,1,1,0,0,0,0,1,0,1,0,1,0,1,1,1,0,0,1,0,1,1,0,0,1,1,0,0,0,0,0,0,0,0,0,1,1,0,1,1,1,0,1,0,1,1,0,0,1,1,1,1,0,0,1,1,0,0,0,1,0,0,1,1,1,0,0,1,1,1,1
restart_aligned_regs_only_warmup11_cap1024_run01,46,1,15,B19669B0966DF50E,0,1,1,1,0,0,0,0,1,0,1,0,1,1,1,1,1,0,1,1,0,1,1,0,0,1,1,0,1,0,0,1,0,0,0,0,1,1,0,1,1,0,0,1,0,1,1,0,0,1,1,0,1,0,0,1,1,0,0,0,1,1,0,1,1,0,1,0,1,0,0,0
restart_aligned_regs_only_warmup11_cap1024_run01,47,1,75,B19E6BB0066DF50E,0,1,1,1,0,0,0,0,1,0,1,0,1,1,1,1,1,0,1,1,0,1,1,0,0,1,1,0,0,0,0,0,0,0,0,0,1,1,0,1,1,1,0,1,0,1,1,0,0,1,1,1,1,0,0,1,1,0,0,0,1,1,0,1,1,0,1,0,1,1,1,0
restart_aligned_regs_only_warmup11_cap1024_run01,48,0,7D,B19E49B0866DF50E,0,1,1,1,0,0,0,0,1,0,1,0,1,1,1,1,1,0,1,1,0,1,1,0,0,1,1,0,0,0,0,1,0,0,0,0,1,1,0,1,1,0,0,1,0,0,1,0,0,1,1,1,1,0,0,1,1,0,0,0,1,1,0,1,1,0,1,1,1,1,1,0
restart_aligned_regs_only_warmup11_cap1024_run01,49,0,5F,B19E69B0866DD50E,0,1,1,1,0,0,0,0,1,0,1,0,1,0,1,1,1,0,1,1,0,1,1,0,0,1,1,0,0,0,0,1,0,0,0,0,1,1,0,1,1,0,0,1,0,1,1,0,0,1,1,1,1,0,0,1,1,0,0,0,1,1,0,1,1,1,1,1,1,0,1,0
restart_aligned_regs_only_warmup11_cap1024_run01,50,1,75,B19E49B0066DF50E,0,1,1,1,0,0,0,0,1,0,1,0,1,1,1,1,1,0,1,1,0,1,1,0,0,1,1,0,0,0,0,0,0,0,0,0,1,1,0,1,1,0,0,1,0,0,1,0,0,1,1,1,1,0,0,1,1,0,0,0,1,1,0,1,1,0,1,0,1,1,1,0
restart_aligned_regs_only_warmup11_cap1024_run01,51,0,DB,919E69B08669D50E,0,1,1,1,0,0,0,0,1,0,1,0,1,0,1,1,1,0,0,1,0,1,1,0,0,1,1,0,0,0,0,1,0,0,0,0,1,1,0,1,1,0,0,1,0,1,1,0,0,1,1,1,1,0,0,1,1,0,0,0,1,0,0,1,1,1,0,1,1,0,1,1
restart_aligned_regs_only_warmup11_cap1024_run01,52,1,34,B1966DB0966DF51E,0,1,1,1,1,0,0,0,1,0,1,0,1,1,1,1,1,0,1,1,0,1,1,0,0,1,1,0,1,0,0,1,0,0,0,0,1,1,0,1,1,0,1,1,0,1,1,0,0,1,1,0,1,0,0,1,1,0,0,0,1,1,0,1,0,0,1,0,1,1,0,0
restart_aligned_regs_only_warmup11_cap1024_run01,53,0,53,B19E69B00669D50E,0,1,1,1,0,0,0,0,1,0,1,0,1,0,1,1,1,0,0,1,0,1,1,0,0,1,1,0,0,0,0,0,0,0,0,0,1,1,0,1,1,0,0,1,0,1,1,0,0,1,1,1,1,0,0,1,1,0,0,0,1,1,0,1,1,1,0,0,1,0,1,0
restart_aligned_regs_only_warmup11_cap1024_run01,54,1,54,B19E69B0966DF51E,0,1,1,1,1,0,0,0,1,0,1,0,1,1,1,1,1,0,1,1,0,1,1,0,0,1,1,0,1,0,0,1,0,0,0,0,1,1,0,1,1,0,0,1,0,1,1,0,0,1,1,1,1,0,0,1,1,0,0,0,1,1,0,1,0,0,1,0,1,0,1,0
restart_aligned_regs_only_warmup11_cap1024_run01,55,1,75,B19E6DB0966DF50E,0,1,1,1,0,0,0,0,1,0,1,0,1,1,1,1,1,0,1,1,0,1,1,0,0,1,1,0,1,0,0,1,0,0,0,0,1,1,0,1,1,0,1,1,0,1,1,0,0,1,1,1,1,0,0,1,1,0,0,0,1,1,0,1,1,0,1,0,1,1,1,0
restart_aligned_regs_only_warmup11_cap1024_run01,56,0,74,B19E6DB0966DF51E,0,1,1,1,1,0,0,0,1,0,1,0,1,1,1,1,1,0,1,1,0,1,1,0,0,1,1,0,1,0,0,1,0,0,0,0,1,1,0,1,1,0,1,1,0,1,1,0,0,1,1,1,1,0,0,1,1,0,0,0,1,1,0,1,0,0,1,0,1,1,1,0
restart_aligned_regs_only_warmup11_cap1024_run01,57,1,DF,919E69B0866DD50E,0,1,1,1,0,0,0,0,1,0,1,0,1,0,1,1,1,0,1,1,0,1,1,0,0,1,1,0,0,0,0,1,0,0,0,0,1,1,0,1,1,0,0,1,0,1,1,0,0,1,1,1,1,0,0,1,1,0,0,0,1,0,0,1,1,1,1,1,1,0,1,1
restart_aligned_regs_only_warmup11_cap1024_run01,58,1,34,B1966BB0966DF51E,0,1,1,1,1,0,0,0,1,0,1,0,1,1,1,1,1,0,1,1,0,1,1,0,0,1,1,0,1,0,0,1,0,0,0,0,1,1,0,1,1,1,0,1,0,1,1,0,0,1,1,0,1,0,0,1,1,0,0,0,1,1,0,1,0,0,1,0,1,1,0,0
restart_aligned_regs_only_warmup11_cap1024_run01,59,1,34,B1966BB0966DF51E,0,1,1,1,1,0,0,0,1,0,1,0,1,1,1,1,1,0,1,1,0,1,1,0,0,1,1,0,1,0,0,1,0,0,0,0,1,1,0,1,1,1,0,1,0,1,1,0,0,1,1,0,1,0,0,1,1,0,0,0,1,1,0,1,0,0,1,0,1,1,0,0
restart_aligned_regs_only_warmup11_cap1024_run01,60,1,15,B19669B0066DF50E,0,1,1,1,0,0,0,0,1,0,1,0,1,1,1,1,1,0,1,1,0,1,1,0,0,1,1,0,0,0,0,0,0,0,0,0,1,1,0,1,1,0,0,1,0,1,1,0,0,1,1,0,1,0,0,1,1,0,0,0,1,1,0,1,1,0,1,0,1,0,0,0
restart_aligned_regs_only_warmup11_cap1024_run01,61,1,19,B19669B08669F50E,0,1,1,1,0,0,0,0,1,0,1,0,1,1,1,1,1,0,0,1,0,1,1,0,0,1,1,0,0,0,0,1,0,0,0,0,1,1,0,1,1,0,0,1,0,1,1,0,0,1,1,0,1,0,0,1,1,0,0,0,1,1,0,1,1,0,0,1,1,0,0,0
restart_aligned_regs_only_warmup11_cap1024_run01,62,1,15,B19669B0066DF50E,0,1,1,1,0,0,0,0,1,0,1,0,1,1,1,1,1,0,1,1,0,1,1,0,0,1,1,0,0,0,0,0,0,0,0,0,1,1,0,1,1,0,0,1,0,1,1,0,0,1,1,0,1,0,0,1,1,0,0,0,1,1,0,1,1,0,1,0,1,0,0,0
restart_aligned_regs_only_warmup11_cap1024_run01,63,0,DB,919E69B08669D50E,0,1,1,1,0,0,0,0,1,0,1,0,1,0,1,1,1,0,0,1,0,1,1,0,0,1,1,0,0,0,0,1,0,0,0,0,1,1,0,1,1,0,0,1,0,1,1,0,0,1,1,1,1,0,0,1,1,0,0,0,1,0,0,1,1,1,0,1,1,0,1,1
restart_aligned_regs_only_warmup11_cap1024_run01,64,1,79,B19E6BB08669F50E,0,1,1,1,0,0,0,0,1,0,1,0,1,1,1,1,1,0,0,1,0,1,1,0,0,1,1,0,0,0,0,1,0,0,0,0,1,1,0,1,1,1,0,1,0,1,1,0,0,1,1,1,1,0,0,1,1,0,0,0,1,1,0,1,1,0,0,1,1,1,1,0
restart_aligned_regs_only_warmup11_cap1024_run01,65,1,75,B19E6BB0966DF50E,0,1,1,1,0,0,0,0,1,0,1,0,1,1,1,1,1,0,1,1,0,1,1,0,0,1,1,0,1,0,0,1,0,0,0,0,1,1,0,1,1,1,0,1,0,1,1,0,0,1,1,1,1,0,0,1,1,0,0,0,1,1,0,1,1,0,1,0,1,1,1,0
restart_aligned_regs_only_warmup11_cap1024_run01,66,1,5D,B19E6FB0866DF50E,0,1,1,1,0,0,0,0,1,0,1,0,1,1,1,1,1,0,1,1,0,1,1,0,0,1,1,0,0,0,0,1,0,0,0,0,1,1,0,1,1,1,1,1,0,1,1,0,0,1,1,1,1,0,0,1,1,0,0,0,1,1,0,1,1,0,1,1,1,0,1,0
restart_aligned_regs_only_warmup11_cap1024_run01,67,1,DF,919E6FB0166DD50E,0,1,1,1,0,0,0,0,1,0,1,0,1,0,1,1,1,0,1,1,0,1,1,0,0,1,1,0,1,0,0,0,0,0,0,0,1,1,0,1,1,1,1,1,0,1,1,0,0,1,1,1,1,0,0,1,1,0,0,0,1,0,0,1,1,1,1,1,1,0,1,1
restart_aligned_regs_only_warmup11_cap1024_run01,68,0,53,B19E69B09669D50E,0,1,1,1,0,0,0,0,1,0,1,0,1,0,1,1,1,0,0,1,0,1,1,0,0,1,1,0,1,0,0,1,0,0,0,0,1,1,0,1,1,0,0,1,0,1,1,0,0,1,1,1,1,0,0,1,1,0,0,0,1,1,0,1,1,1,0,0,1,0,1,0
restart_aligned_regs_only_warmup11_cap1024_run01,69,0,D7,919E69B0066DD50E,0,1,1,1,0,0,0,0,1,0,1,0,1,0,1,1,1,0,1,1,0,1,1,0,0,1,1,0,0,0,0,0,0,0,0,0,1,1,0,1,1,0,0,1,0,1,1,0,0,1,1,1,1,0,0,1,1,0,0,0,1,0,0,1,1,1,1,0,1,0,1,1
restart_aligned_regs_only_warmup11_cap1024_run01,70,0,14,B1966FB0966DF51E,0,1,1,1,1,0,0,0,1,0,1,0,1,1,1,1,1,0,1,1,0,1,1,0,0,1,1,0,1,0,0,1,0,0,0,0,1,1,0,1,1,1,1,1,0,1,1,0,0,1,1,0,1,0,0,1,1,0,0,0,1,1,0,1,0,0,1,0,1,0,0,0
restart_aligned_regs_only_warmup11_cap1024_run01,71,0,FF,919E6BB0866DD50E,0,1,1,1,0,0,0,0,1,0,1,0,1,0,1,1,1,0,1,1,0,1,1,0,0,1,1,0,0,0,0,1,0,0,0,0,1,1,0,1,1,1,0,1,0,1,1,0,0,1,1,1,1,0,0,1,1,0,0,0,1,0,0,1,1,1,1,1,1,1,1,1
restart_aligned_regs_only_warmup11_cap1024_run01,72,1,15,B19669B0966DF50E,0,1,1,1,0,0,0,0,1,0,1,0,1,1,1,1,1,0,1,1,0,1,1,0,0,1,1,0,1,0,0,1,0,0,0,0,1,1,0,1,1,0,0,1,0,1,1,0,0,1,1,0,1,0,0,1,1,0,0,0,1,1,0,1,1,0,1,0,1,0,0,0
restart_aligned_regs_only_warmup11_cap1024_run01,73,1,34,B1966BB0966DF51E,0,1,1,1,1,0,0,0,1,0,1,0,1,1,1,1,1,0,1,1,0,1,1,0,0,1,1,0,1,0,0,1,0,0,0,0,1,1,0,1,1,1,0,1,0,1,1,0,0,1,1,0,1,0,0,1,1,0,0,0,1,1,0,1,0,0,1,0,1,1,0,0
restart_aligned_regs_only_warmup11_cap1024_run01,74,1,54,B19E69B0966DF51E,0,1,1,1,1,0,0,0,1,0,1,0,1,1,1,1,1,0,1,1,0,1,1,0,0,1,1,0,1,0,0,1,0,0,0,0,1,1,0,1,1,0,0,1,0,1,1,0,0,1,1,1,1,0,0,1,1,0,0,0,1,1,0,1,0,0,1,0,1,0,1,0
restart_aligned_regs_only_warmup11_cap1024_run01,75,0,5C,B19E6FB0166DF51E,0,1,1,1,1,0,0,0,1,0,1,0,1,1,1,1,1,0,1,1,0,1,1,0,0,1,1,0,1,0,0,0,0,0,0,0,1,1,0,1,1,1,1,1,0,1,1,0,0,1,1,1,1,0,0,1,1,0,0,0,1,1,0,1,0,0,1,1,1,0,1,0
restart_aligned_regs_only_warmup11_cap1024_run01,76,0,50,B19E69B09669F51E,0,1,1,1,1,0,0,0,1,0,1,0,1,1,1,1,1,0,0,1,0,1,1,0,0,1,1,0,1,0,0,1,0,0,0,0,1,1,0,1,1,0,0,1,0,1,1,0,0,1,1,1,1,0,0,1,1,0,0,0,1,1,0,1,0,0,0,0,1,0,1,0
restart_aligned_regs_only_warmup11_cap1024_run01,77,1,1F,B19669B0866DD50E,0,1,1,1,0,0,0,0,1,0,1,0,1,0,1,1,1,0,1,1,0,1,1,0,0,1,1,0,0,0,0,1,0,0,0,0,1,1,0,1,1,0,0,1,0,1,1,0,0,1,1,0,1,0,0,1,1,0,0,0,1,1,0,1,1,1,1,1,1,0,0,0
restart_aligned_regs_only_warmup11_cap1024_run01,78,0,DE,919E69B0166DD51E,0,1,1,1,1,0,0,0,1,0,1,0,1,0,1,1,1,0,1,1,0,1,1,0,0,1,1,0,1,0,0,0,0,0,0,0,1,1,0,1,1,0,0,1,0,1,1,0,0,1,1,1,1,0,0,1,1,0,0,0,1,0,0,1,0,1,1,1,1,0,1,1
restart_aligned_regs_only_warmup11_cap1024_run01,79,1,57,B19E69B0066DD50E,0,1,1,1,0,0,0,0,1,0,1,0,1,0,1,1,1,0,1,1,0,1,1,0,0,1,1,0,0,0,0,0,0,0,0,0,1,1,0,1,1,0,0,1,0,1,1,0,0,1,1,1,1,0,0,1,1,0,0,0,1,1,0,1,1,1,1,0,1,0,1,0
restart_aligned_regs_only_warmup11_cap1024_run01,80,0,FF,919E6BB0866DD50E,0,1,1,1,0,0,0,0,1,0,1,0,1,0,1,1,1,0,1,1,0,1,1,0,0,1,1,0,0,0,0,1,0,0,0,0,1,1,0,1,1,1,0,1,0,1,1,0,0,1,1,1,1,0,0,1,1,0,0,0,1,0,0,1,1,1,1,1,1,1,1,1
restart_aligned_regs_only_warmup11_cap1024_run01,81,1,5D,B19E4BB0866DF50E,0,1,1,1,0,0,0,0,1,0,1,0,1,1,1,1,1,0,1,1,0,1,1,0,0,1,1,0,0,0,0,1,0,0,0,0,1,1,0,1,1,1,0,1,0,0,1,0,0,1,1,1,1,0,0,1,1,0,0,0,1,1,0,1,1,0,1,1,1,0,1,0
restart_aligned_regs_only_warmup11_cap1024_run01,82,1,7F,B19E6DB0866DD50E,0,1,1,1,0,0,0,0,1,0,1,0,1,0,1,1,1,0,1,1,0,1,1,0,0,1,1,0,0,0,0,1,0,0,0,0,1,1,0,1,1,0,1,1,0,1,1,0,0,1,1,1,1,0,0,1,1,0,0,0,1,1,0,1,1,1,1,1,1,1,1,0
restart_aligned_regs_only_warmup11_cap1024_run01,83,1,15,B1966FB0966DF50E,0,1,1,1,0,0,0,0,1,0,1,0,1,1,1,1,1,0,1,1,0,1,1,0,0,1,1,0,1,0,0,1,0,0,0,0,1,1,0,1,1,1,1,1,0,1,1,0,0,1,1,0,1,0,0,1,1,0,0,0,1,1,0,1,1,0,1,0,1,0,0,0
restart_aligned_regs_only_warmup11_cap1024_run01,84,0,35,B1966DB0966DF50E,0,1,1,1,0,0,0,0,1,0,1,0,1,1,1,1,1,0,1,1,0,1,1,0,0,1,1,0,1,0,0,1,0,0,0,0,1,1,0,1,1,0,1,1,0,1,1,0,0,1,1,0,1,0,0,1,1,0,0,0,1,1,0,1,1,0,1,0,1,1,0,0
restart_aligned_regs_only_warmup11_cap1024_run01,85,1,34,B1966BB0966DF51E,0,1,1,1,1,0,0,0,1,0,1,0,1,1,1,1,1,0,1,1,0,1,1,0,0,1,1,0,1,0,0,1,0,0,0,0,1,1,0,1,1,1,0,1,0,1,1,0,0,1,1,0,1,0,0,1,1,0,0,0,1,1,0,1,0,0,1,0,1,1,0,0
restart_aligned_regs_only_warmup11_cap1024_run01,86,0,D7,919E69B0066DD50E,0,1,1,1,0,0,0,0,1,0,1,0,1,0,1,1,1,0,1,1,0,1,1,0,0,1,1,0,0,0,0,0,0,0,0,0,1,1,0,1,1,0,0,1,0,1,1,0,0,1,1,1,1,0,0,1,1,0,0,0,1,0,0,1,1,1,1,0,1,0,1,1
restart_aligned_regs_only_warmup11_cap1024_run01,87,0,1D,B1966FB0866DF50E,0,1,1,1,0,0,0,0,1,0,1,0,1,1,1,1,1,0,1,1,0,1,1,0,0,1,1,0,0,0,0,1,0,0,0,0,1,1,0,1,1,1,1,1,0,1,1,0,0,1,1,0,1,0,0,1,1,0,0,0,1,1,0,1,1,0,1,1,1,0,0,0
restart_aligned_regs_only_warmup11_cap1024_run01,88,1,5D,B19E6FB0166DF50E,0,1,1,1,0,0,0,0,1,0,1,0,1,1,1,1,1,0,1,1,0,1,1,0,0,1,1,0,1,0,0,0,0,0,0,0,1,1,0,1,1,1,1,1,0,1,1,0,0,1,1,1,1,0,0,1,1,0,0,0,1,1,0,1,1,0,1,1,1,0,1,0
restart_aligned_regs_only_warmup11_cap1024_run01,89,0,5F,B19E6FB0866DD50E,0,1,1,1,0,0,0,0,1,0,1,0,1,0,1,1,1,0,1,1,0,1,1,0,0,1,1,0,0,0,0,1,0,0,0,0,1,1,0,1,1,1,1,1,0,1,1,0,0,1,1,1,1,0,0,1,1,0,0,0,1,1,0,1,1,1,1,1,1,0,1,0
restart_aligned_regs_only_warmup11_cap1024_run01,90,0,74,B19E6BB0966DF51E,0,1,1,1,1,0,0,0,1,0,1,0,1,1,1,1,1,0,1,1,0,1,1,0,0,1,1,0,1,0,0,1,0,0,0,0,1,1,0,1,1,1,0,1,0,1,1,0,0,1,1,1,1,0,0,1,1,0,0,0,1,1,0,1,0,0,1,0,1,1,1,0
restart_aligned_regs_only_warmup11_cap1024_run01,91,1,5D,B19E69B0866DF50E,0,1,1,1,0,0,0,0,1,0,1,0,1,1,1,1,1,0,1,1,0,1,1,0,0,1,1,0,0,0,0,1,0,0,0,0,1,1,0,1,1,0,0,1,0,1,1,0,0,1,1,1,1,0,0,1,1,0,0,0,1,1,0,1,1,0,1,1,1,0,1,0
restart_aligned_regs_only_warmup11_cap1024_run01,92,1,5D,B19E6FB0866DF50E,0,1,1,1,0,0,0,0,1,0,1,0,1,1,1,1,1,0,1,1,0,1,1,0,0,1,1,0,0,0,0,1,0,0,0,0,1,1,0,1,1,1,1,1,0,1,1,0,0,1,1,1,1,0,0,1,1,0,0,0,1,1,0,1,1,0,1,1,1,0,1,0
restart_aligned_regs_only_warmup11_cap1024_run01,93,0,7D,B19E6DB0866DF50E,0,1,1,1,0,0,0,0,1,0,1,0,1,1,1,1,1,0,1,1,0,1,1,0,0,1,1,0,0,0,0,1,0,0,0,0,1,1,0,1,1,0,1,1,0,1,1,0,0,1,1,1,1,0,0,1,1,0,0,0,1,1,0,1,1,0,1,1,1,1,1,0
restart_aligned_regs_only_warmup11_cap1024_run01,94,0,50,B19E4DB0964DF51E,0,1,1,1,1,0,0,0,1,0,1,0,1,1,1,1,1,0,1,1,0,0,1,0,0,1,1,0,1,0,0,1,0,0,0,0,1,1,0,1,1,0,1,1,0,0,1,0,0,1,1,1,1,0,0,1,1,0,0,0,1,1,0,1,0,0,0,0,1,0,1,0
restart_aligned_regs_only_warmup11_cap1024_run01,95,1,75,B19E49B0066DF50E,0,1,1,1,0,0,0,0,1,0,1,0,1,1,1,1,1,0,1,1,0,1,1,0,0,1,1,0,0,0,0,0,0,0,0,0,1,1,0,1,1,0,0,1,0,0,1,0,0,1,1,1,1,0,0,1,1,0,0,0,1,1,0,1,1,0,1,0,1,1,1,0
restart_aligned_regs_only_warmup11_cap1024_run01,96,0,14,B19669B0966DF51E,0,1,1,1,1,0,0,0,1,0,1,0,1,1,1,1,1,0,1,1,0,1,1,0,0,1,1,0,1,0,0,1,0,0,0,0,1,1,0,1,1,0,0,1,0,1,1,0,0,1,1,0,1,0,0,1,1,0,0,0,1,1,0,1,0,0,1,0,1,0,0,0
restart_aligned_regs_only_warmup11_cap1024_run01,97,0,7D,B19E6DB0866DF50E,0,1,1,1,0,0,0,0,1,0,1,0,1,1,1,1,1,0,1,1,0,1,1,0,0,1,1,0,0,0,0,1,0,0,0,0,1,1,0,1,1,0,1,1,0,1,1,0,0,1,1,1,1,0,0,1,1,0,0,0,1,1,0,1,1,0,1,1,1,1,1,0
restart_aligned_regs_only_warmup11_cap1024_run01,98,0,55,B19E6FB0066DF50E,0,1,1,1,0,0,0,0,1,0,1,0,1,1,1,1,1,0,1,1,0,1,1,0,0,1,1,0,0,0,0,0,0,0,0,0,1,1,0,1,1,1,1,1,0,1,1,0,0,1,1,1,1,0,0,1,1,0,0,0,1,1,0,1,1,0,1,0,1,0,1,0
restart_aligned_regs_only_warmup11_cap1024_run01,99,0,7D,B19E6DB0866DF50E,0,1,1,1,0,0,0,0,1,0,1,0,1,1,1,1,1,0,1,1,0,1,1,0,0,1,1,0,0,0,0,1,0,0,0,0,1,1,0,1,1,0,1,1,0,1,1,0,0,1,1,1,1,0,0,1,1,0,0,0,1,1,0,1,1,0,1,1,1,1,1,0
restart_aligned_regs_only_warmup11_cap1024_run01,100,1,54,B19E6FB0966DF51E,0,1,1,1,1,0,0,0,1,0,1,0,1,1,1,1,1,0,1,1,0,1,1,0,0,1,1,0,1,0,0,1,0,0,0,0,1,1,0,1,1,1,1,1,0,1,1,0,0,1,1,1,1,0,0,1,1,0,0,0,1,1,0,1,0,0,1,0,1,0,1,0
restart_aligned_regs_only_warmup11_cap1024_run01,101,0,96,F1966FB0966DF11E,0,1,1,1,1,0,0,0,1,0,0,0,1,1,1,1,1,0,1,1,0,1,1,0,0,1,1,0,1,0,0,1,0,0,0,0,1,1,0,1,1,1,1,1,0,1,1,0,0,1,1,0,1,0,0,1,1,0,0,0,1,1,1,1,0,1,1,0,1,0,0,1
restart_aligned_regs_only_warmup11_cap1024_run01,102,1,54,B19E6FB0966DF51E,0,1,1,1,1,0,0,0,1,0,1,0,1,1,1,1,1,0,1,1,0,1,1,0,0,1,1,0,1,0,0,1,0,0,0,0,1,1,0,1,1,1,1,1,0,1,1,0,0,1,1,1,1,0,0,1,1,0,0,0,1,1,0,1,0,0,1,0,1,0,1,0
restart_aligned_regs_only_warmup11_cap1024_run01,103,0,74,B19E6DB0966DF51E,0,1,1,1,1,0,0,0,1,0,1,0,1,1,1,1,1,0,1,1,0,1,1,0,0,1,1,0,1,0,0,1,0,0,0,0,1,1,0,1,1,0,1,1,0,1,1,0,0,1,1,1,1,0,0,1,1,0,0,0,1,1,0,1,0,0,1,0,1,1,1,0
restart_aligned_regs_only_warmup11_cap1024_run01,104,1,76,B19E6DB0966DF11E,0,1,1,1,1,0,0,0,1,0,0,0,1,1,1,1,1,0,1,1,0,1,1,0,0,1,1,0,1,0,0,1,0,0,0,0,1,1,0,1,1,0,1,1,0,1,1,0,0,1,1,1,1,0,0,1,1,0,0,0,1,1,0,1,0,1,1,0,1,1,1,0
restart_aligned_regs_only_warmup11_cap1024_run01,105,1,16,B1966FB0966DF11E,0,1,1,1,1,0,0,0,1,0,0,0,1,1,1,1,1,0,1,1,0,1,1,0,0,1,1,0,1,0,0,1,0,0,0,0,1,1,0,1,1,1,1,1,0,1,1,0,0,1,1,0,1,0,0,1,1,0,0,0,1,1,0,1,0,1,1,0,1,0,0,0
restart_aligned_regs_only_warmup11_cap1024_run01,106,0,7D,B19E6DB0866DF50E,0,1,1,1,0,0,0,0,1,0,1,0,1,1,1,1,1,0,1,1,0,1,1,0,0,1,1,0,0,0,0,1,0,0,0,0,1,1,0,1,1,0,1,1,0,1,1,0,0,1,1,1,1,0,0,1,1,0,0,0,1,1,0,1,1,0,1,1,1,1,1,0
restart_aligned_regs_only_warmup11_cap1024_run01,107,0,35,B1966DB0966DF50E,0,1,1,1,0,0,0,0,1,0,1,0,1,1,1,1,1,0,1,1,0,1,1,0,0,1,1,0,1,0,0,1,0,0,0,0,1,1,0,1,1,0,1,1,0,1,1,0,0,1,1,0,1,0,0,1,1,0,0,0,1,1,0,1,1,0,1,0,1,1,0,0
restart_aligned_regs_only_warmup11_cap1024_run01,108,0,4E,B19E6FA0166DF11E,0,1,1,1,1,0,0,0,1,0,0,0,1,1,1,1,1,0,1,1,0,1,1,0,0,1,1,0,1,0,0,0,0,0,0,0,0,1,0,1,1,1,1,1,0,1,1,0,0,1,1,1,1,0,0,1,1,0,0,0,1,1,0,1,0,1,1,1,0,0,1,0
restart_aligned_regs_only_warmup11_cap1024_run01,109,1,7C,B19E6DB0166DF51E,0,1,1,1,1,0,0,0,1,0,1,0,1,1,1,1,1,0,1,1,0,1,1,0,0,1,1,0,1,0,0,0,0,0,0,0,1,1,0,1,1,0,1,1,0,1,1,0,0,1,1,1,1,0,0,1,1,0,0,0,1,1,0,1,0,0,1,1,1,1,1,0
restart_aligned_regs_only_warmup11_cap1024_run01,110,1,5E,B19E6FB0166DD51E,0,1,1,1,1,0,0,0,1,0,1,0,1,0,1,1,1,0,1,1,0,1,1,0,0,1,1,0,1,0,0,0,0,0,0,0,1,1,0,1,1,1,1,1,0,1,1,0,0,1,1,1,1,0,0,1,1,0,0,0,1,1,0,1,0,1,1,1,1,0,1,0
restart_aligned_regs_only_warmup11_cap1024_run01,111,0,5F,B19E69B0866DD50E,0,1,1,1,0,0,0,0,1,0,1,0,1,0,1,1,1,0,1,1,0,1,1,0,0,1,1,0,0,0,0,1,0,0,0,0,1,1,0,1,1,0,0,1,0,1,1,0,0,1,1,1,1,0,0,1,1,0,0,0,1,1,0,1,1,1,1,1,1,0,1,0
restart_aligned_regs_only_warmup11_cap1024_run01,112,0,55,B19E69B0066DF50E,0,1,1,1,0,0,0,0,1,0,1,0,1,1,1,1,1,0,1,1,0,1,1,0,0,1,1,0,0,0,0,0,0,0,0,0,1,1,0,1,1,0,0,1,0,1,1,0,0,1,1,1,1,0,0,1,1,0,0,0,1,1,0,1,1,0,1,0,1,0,1,0
restart_aligned_regs_only_warmup11_cap1024_run01,113,1,75,B19E6DB0066DF50E,0,1,1,1,0,0,0,0,1,0,1,0,1,1,1,1,1,0,1,1,0,1,1,0,0,1,1,0,0,0,0,0,0,0,0,0,1,1,0,1,1,0,1,1,0,1,1,0,0,1,1,1,1,0,0,1,1,0,0,0,1,1,0,1,1,0,1,0,1,1,1,0
restart_aligned_regs_only_warmup11_cap1024_run01,114,0,5C,B19E69B0166DF51E,0,1,1,1,1,0,0,0,1,0,1,0,1,1,1,1,1,0,1,1,0,1,1,0,0,1,1,0,1,0,0,0,0,0,0,0,1,1,0,1,1,0,0,1,0,1,1,0,0,1,1,1,1,0,0,1,1,0,0,0,1,1,0,1,0,0,1,1,1,0,1,0
restart_aligned_regs_only_warmup11_cap1024_run01,115,1,15,B11E69B0066DF50E,0,1,1,1,0,0,0,0,1,0,1,0,1,1,1,1,1,0,1,1,0,1,1,0,0,1,1,0,0,0,0,0,0,0,0,0,1,1,0,1,1,0,0,1,0,1,1,0,0,1,1,1,1,0,0,0,1,0,0,0,1,1,0,1,1,0,1,0,1,0,0,0
restart_aligned_regs_only_warmup11_cap1024_run01,116,0,55,B19E6FB0066DF50E,0,1,1,1,0,0,0,0,1,0,1,0,1,1,1,1,1,0,1,1,0,1,1,0,0,1,1,0,0,0,0,0,0,0,0,0,1,1,0,1,1,1,1,1,0,1,1,0,0,1,1,1,1,0,0,1,1,0,0,0,1,1,0,1,1,0,1,0,1,0,1,0
restart_aligned_regs_only_warmup11_cap1024_run01,117,1,3D,B1966DB0866DF50E,0,1,1,1,0,0,0,0,1,0,1,0,1,1,1,1,1,0,1,1,0,1,1,0,0,1,1,0,0,0,0,1,0,0,0,0,1,1,0,1,1,0,1,1,0,1,1,0,0,1,1,0,1,0,0,1,1,0,0,0,1,1,0,1,1,0,1,1,1,1,0,0
restart_aligned_regs_only_warmup11_cap1024_run01,118,1,97,919669B0066DD50E,0,1,1,1,0,0,0,0,1,0,1,0,1,0,1,1,1,0,1,1,0,1,1,0,0,1,1,0,0,0,0,0,0,0,0,0,1,1,0,1,1,0,0,1,0,1,1,0,0,1,1,0,1,0,0,1,1,0,0,0,1,0,0,1,1,1,1,0,1,0,0,1
restart_aligned_regs_only_warmup11_cap1024_run01,119,1,14,B1966FB0966DF51E,0,1,1,1,1,0,0,0,1,0,1,0,1,1,1,1,1,0,1,1,0,1,1,0,0,1,1,0,1,0,0,1,0,0,0,0,1,1,0,1,1,1,1,1,0,1,1,0,0,1,1,0,1,0,0,1,1,0,0,0,1,1,0,1,0,0,1,0,1,0,0,0
restart_aligned_regs_only_warmup11_cap1024_run01,120,1,54,B19E6FB0966DF51E,0,1,1,1,1,0,0,0,1,0,1,0,1,1,1,1,1,0,1,1,0,1,1,0,0,1,1,0,1,0,0,1,0,0,0,0,1,1,0,1,1,1,1,1,0,1,1,0,0,1,1,1,1,0,0,1,1,0,0,0,1,1,0,1,0,0,1,0,1,0,1,0
restart_aligned_regs_only_warmup11_cap1024_run01,121,1,70,B1B64FB0964DF51E,0,1,1,1,1,0,0,0,1,0,1,0,1,1,1,1,1,0,1,1,0,0,1,0,0,1,1,0,1,0,0,1,0,0,0,0,1,1,0,1,1,1,1,1,0,0,1,0,0,1,1,0,1,1,0,1,1,0,0,0,1,1,0,1,0,0,0,0,1,1,1,0
restart_aligned_regs_only_warmup11_cap1024_run01,122,0,14,B1966FB0966DF51E,0,1,1,1,1,0,0,0,1,0,1,0,1,1,1,1,1,0,1,1,0,1,1,0,0,1,1,0,1,0,0,1,0,0,0,0,1,1,0,1,1,1,1,1,0,1,1,0,0,1,1,0,1,0,0,1,1,0,0,0,1,1,0,1,0,0,1,0,1,0,0,0
restart_aligned_regs_only_warmup11_cap1024_run01,123,1,57,B19E69B0066DD50E,0,1,1,1,0,0,0,0,1,0,1,0,1,0,1,1,1,0,1,1,0,1,1,0,0,1,1,0,0,0,0,0,0,0,0,0,1,1,0,1,1,0,0,1,0,1,1,0,0,1,1,1,1,0,0,1,1,0,0,0,1,1,0,1,1,1,1,0,1,0,1,0
restart_aligned_regs_only_warmup11_cap1024_run01,124,0,7D,B19E6DB0866DF50E,0,1,1,1,0,0,0,0,1,0,1,0,1,1,1,1,1,0,1,1,0,1,1,0,0,1,1,0,0,0,0,1,0,0,0,0,1,1,0,1,1,0,1,1,0,1,1,0,0,1,1,1,1,0,0,1,1,0,0,0,1,1,0,1,1,0,1,1,1,1,1,0
restart_aligned_regs_only_warmup11_cap1024_run01,125,0,74,B19E6DB0966DF51E,0,1,1,1,1,0,0,0,1,0,1,0,1,1,1,1,1,0,1,1,0,1,1,0,0,1,1,0,1,0,0,1,0,0,0,0,1,1,0,1,1,0,1,1,0,1,1,0,0,1,1,1,1,0,0,1,1,0,0,0,1,1,0,1,0,0,1,0,1,1,1,0
restart_aligned_regs_only_warmup11_cap1024_run01,126,1,D6,919E69B0966DD51E,0,1,1,1,1,0,0,0,1,0,1,0,1,0,1,1,1,0,1,1,0,1,1,0,0,1,1,0,1,0,0,1,0,0,0,0,1,1,0,1,1,0,0,1,0,1,1,0,0,1,1,1,1,0,0,1,1,0,0,0,1,0,0,1,0,1,1,0,1,0,1,1
restart_aligned_regs_only_warmup11_cap1024_run01,127,0,14,B1964DB0966DF51E,0,1,1,1,1,0,0,0,1,0,1,0,1,1,1,1,1,0,1,1,0,1,1,0,0,1,1,0,1,0,0,1,0,0,0,0,1,1,0,1,1,0,1,1,0,0,1,0,0,1,1,0,1,0,0,1,1,0,0,0,1,1,0,1,0,0,1,0,1,0,0,0
restart_aligned_regs_only_warmup11_cap1024_run01,128,1,75,B19E6DB0066DF50E,0,1,1,1,0,0,0,0,1,0,1,0,1,1,1,1,1,0,1,1,0,1,1,0,0,1,1,0,0,0,0,0,0,0,0,0,1,1,0,1,1,0,1,1,0,1,1,0,0,1,1,1,1,0,0,1,1,0,0,0,1,1,0,1,1,0,1,0,1,1,1,0
restart_aligned_regs_only_warmup11_cap1024_run01,129,1,DF,919E69B0866DD50E,0,1,1,1,0,0,0,0,1,0,1,0,1,0,1,1,1,0,1,1,0,1,1,0,0,1,1,0,0,0,0,1,0,0,0,0,1,1,0,1,1,0,0,1,0,1,1,0,0,1,1,1,1,0,0,1,1,0,0,0,1,0,0,1,1,1,1,1,1,0,1,1
restart_aligned_regs_only_warmup11_cap1024_run01,130,0,77,B19E6DB0066DD50E,0,1,1,1,0,0,0,0,1,0,1,0,1,0,1,1,1,0,1,1,0,1,1,0,0,1,1,0,0,0,0,0,0,0,0,0,1,1,0,1,1,0,1,1,0,1,1,0,0,1,1,1,1,0,0,1,1,0,0,0,1,1,0,1,1,1,1,0,1,1,1,0
restart_aligned_regs_only_warmup11_cap1024_run01,131,0,55,B19E4DB0066DF50E,0,1,1,1,0,0,0,0,1,0,1,0,1,1,1,1,1,0,1,1,0,1,1,0,0,1,1,0,0,0,0,0,0,0,0,0,1,1,0,1,1,0,1,1,0,0,1,0,0,1,1,1,1,0,0,1,1,0,0,0,1,1,0,1,1,0,1,0,1,0,1,0
restart_aligned_regs_only_warmup11_cap1024_run01,132,0,DE,919E69B0166DD51E,0,1,1,1,1,0,0,0,1,0,1,0,1,0,1,1,1,0,1,1,0,1,1,0,0,1,1,0,1,0,0,0,0,0,0,0,1,1,0,1,1,0,0,1,0,1,1,0,0,1,1,1,1,0,0,1,1,0,0,0,1,0,0,1,0,1,1,1,1,0,1,1
restart_aligned_regs_only_warmup11_cap1024_run01,133,0,5F,B19E69B0866DD50E,0,1,1,1,0,0,0,0,1,0,1,0,1,0,1,1,1,0,1,1,0,1,1,0,0,1,1,0,0,0,0,1,0,0,0,0,1,1,0,1,1,0,0,1,0,1,1,0,0,1,1,1,1,0,0,1,1,0,0,0,1,1,0,1,1,1,1,1,1,0,1,0
restart_aligned_regs_only_warmup11_cap1024_run01,134,1,5D,B19E6FB0866DF50E,0,1,1,1,0,0,0,0,1,0,1,0,1,1,1,1,1,0,1,1,0,1,1,0,0,1,1,0,0,0,0,1,0,0,0,0,1,1,0,1,1,1,1,1,0,1,1,0,0,1,1,1,1,0,0,1,1,0,0,0,1,1,0,1,1,0,1,1,1,0,1,0
restart_aligned_regs_only_warmup11_cap1024_run01,135,1,5D,B19E69B0866DF50E,0,1,1,1,0,0,0,0,1,0,1,0,1,1,1,1,1,0,1,1,0,1,1,0,0,1,1,0,0,0,0,1,0,0,0,0,1,1,0,1,1,0,0,1,0,1,1,0,0,1,1,1,1,0,0,1,1,0,0,0,1,1,0,1,1,0,1,1,1,0,1,0
restart_aligned_regs_only_warmup11_cap1024_run01,136,1,5D,B19E6FB0866DF50E,0,1,1,1,0,0,0,0,1,0,1,0,1,1,1,1,1,0,1,1,0,1,1,0,0,1,1,0,0,0,0,1,0,0,0,0,1,1,0,1,1,1,1,1,0,1,1,0,0,1,1,1,1,0,0,1,1,0,0,0,1,1,0,1,1,0,1,1,1,0,1,0
restart_aligned_regs_only_warmup11_cap1024_run01,137,0,1D,B19669B0866DF50E,0,1,1,1,0,0,0,0,1,0,1,0,1,1,1,1,1,0,1,1,0,1,1,0,0,1,1,0,0,0,0,1,0,0,0,0,1,1,0,1,1,0,0,1,0,1,1,0,0,1,1,0,1,0,0,1,1,0,0,0,1,1,0,1,1,0,1,1,1,0,0,0
restart_aligned_regs_only_warmup11_cap1024_run01,138,1,76,B19E6BB0966DD51E,0,1,1,1,1,0,0,0,1,0,1,0,1,0,1,1,1,0,1,1,0,1,1,0,0,1,1,0,1,0,0,1,0,0,0,0,1,1,0,1,1,1,0,1,0,1,1,0,0,1,1,1,1,0,0,1,1,0,0,0,1,1,0,1,0,1,1,0,1,1,1,0
restart_aligned_regs_only_warmup11_cap1024_run01,139,1,04,B1966FA0966DF51E,0,1,1,1,1,0,0,0,1,0,1,0,1,1,1,1,1,0,1,1,0,1,1,0,0,1,1,0,1,0,0,1,0,0,0,0,0,1,0,1,1,1,1,1,0,1,1,0,0,1,1,0,1,0,0,1,1,0,0,0,1,1,0,1,0,0,1,0,0,0,0,0
restart_aligned_regs_only_warmup11_cap1024_run01,140,0,74,B19E6BB0966DF51E,0,1,1,1,1,0,0,0,1,0,1,0,1,1,1,1,1,0,1,1,0,1,1,0,0,1,1,0,1,0,0,1,0,0,0,0,1,1,0,1,1,1,0,1,0,1,1,0,0,1,1,1,1,0,0,1,1,0,0,0,1,1,0,1,0,0,1,0,1,1,1,0
restart_aligned_regs_only_warmup11_cap1024_run01,141,0,78,B19E4FB0164DF51E,0,1,1,1,1,0,0,0,1,0,1,0,1,1,1,1,1,0,1,1,0,0,1,0,0,1,1,0,1,0,0,0,0,0,0,0,1,1,0,1,1,1,1,1,0,0,1,0,0,1,1,1,1,0,0,1,1,0,0,0,1,1,0,1,0,0,0,1,1,1,1,0
restart_aligned_regs_only_warmup11_cap1024_run01,142,1,31,B1964FB0964DF50E,0,1,1,1,0,0,0,0,1,0,1,0,1,1,1,1,1,0,1,1,0,0,1,0,0,1,1,0,1,0,0,1,0,0,0,0,1,1,0,1,1,1,1,1,0,0,1,0,0,1,1,0,1,0,0,1,1,0,0,0,1,1,0,1,1,0,0,0,1,1,0,0
restart_aligned_regs_only_warmup11_cap1024_run01,143,1,76,B19E4FB0966DF11E,0,1,1,1,1,0,0,0,1,0,0,0,1,1,1,1,1,0,1,1,0,1,1,0,0,1,1,0,1,0,0,1,0,0,0,0,1,1,0,1,1,1,1,1,0,0,1,0,0,1,1,1,1,0,0,1,1,0,0,0,1,1,0,1,0,1,1,0,1,1,1,0
restart_aligned_regs_only_warmup11_cap1024_run01,144,0,7D,B19E4FB0166DF50E,0,1,1,1,0,0,0,0,1,0,1,0,1,1,1,1,1,0,1,1,0,1,1,0,0,1,1,0,1,0,0,0,0,0,0,0,1,1,0,1,1,1,1,1,0,0,1,0,0,1,1,1,1,0,0,1,1,0,0,0,1,1,0,1,1,0,1,1,1,1,1,0
restart_aligned_regs_only_warmup11_cap1024_run01,145,0,55,B19E6FB0066DF50E,0,1,1,1,0,0,0,0,1,0,1,0,1,1,1,1,1,0,1,1,0,1,1,0,0,1,1,0,0,0,0,0,0,0,0,0,1,1,0,1,1,1,1,1,0,1,1,0,0,1,1,1,1,0,0,1,1,0,0,0,1,1,0,1,1,0,1,0,1,0,1,0
restart_aligned_regs_only_warmup11_cap1024_run01,146,1,E6,919E6DA0966DD51E,0,1,1,1,1,0,0,0,1,0,1,0,1,0,1,1,1,0,1,1,0,1,1,0,0,1,1,0,1,0,0,1,0,0,0,0,0,1,0,1,1,0,1,1,0,1,1,0,0,1,1,1,1,0,0,1,1,0,0,0,1,0,0,1,0,1,1,0,0,1,1,1
restart_aligned_regs_only_warmup11_cap1024_run01,147,1,15,B1966FB0966DF50E,0,1,1,1,0,0,0,0,1,0,1,0,1,1,1,1,1,0,1,1,0,1,1,0,0,1,1,0,1,0,0,1,0,0,0,0,1,1,0,1,1,1,1,1,0,1,1,0,0,1,1,0,1,0,0,1,1,0,0,0,1,1,0,1,1,0,1,0,1,0,0,0
restart_aligned_regs_only_warmup11_cap1024_run01,148,1,75,B19E4FB0066DF50E,0,1,1,1,0,0,0,0,1,0,1,0,1,1,1,1,1,0,1,1,0,1,1,0,0,1,1,0,0,0,0,0,0,0,0,0,1,1,0,1,1,1,1,1,0,0,1,0,0,1,1,1,1,0,0,1,1,0,0,0,1,1,0,1,1,0,1,0,1,1,1,0
restart_aligned_regs_only_warmup11_cap1024_run01,149,1,5D,B19E6FB0866DF50E,0,1,1,1,0,0,0,0,1,0,1,0,1,1,1,1,1,0,1,1,0,1,1,0,0,1,1,0,0,0,0,1,0,0,0,0,1,1,0,1,1,1,1,1,0,1,1,0,0,1,1,1,1,0,0,1,1,0,0,0,1,1,0,1,1,0,1,1,1,0,1,0
restart_aligned_regs_only_warmup11_cap1024_run01,150,1,7C,B19E6DB0166DF51E,0,1,1,1,1,0,0,0,1,0,1,0,1,1,1,1,1,0,1,1,0,1,1,0,0,1,1,0,1,0,0,0,0,0,0,0,1,1,0,1,1,0,1,1,0,1,1,0,0,1,1,1,1,0,0,1,1,0,0,0,1,1,0,1,0,0,1,1,1,1,1,0
restart_aligned_regs_only_warmup11_cap1024_run01,151,1,10,B1BE4DB0964DF51E,0,1,1,1,1,0,0,0,1,0,1,0,1,1,1,1,1,0,1,1,0,0,1,0,0,1,1,0,1,0,0,1,0,0,0,0,1,1,0,1,1,0,1,1,0,0,1,0,0,1,1,1,1,1,0,1,1,0,0,0,1,1,0,1,0,0,0,0,1,0,0,0
restart_aligned_regs_only_warmup11_cap1024_run01,152,1,75,B19E6BB0066DF50E,0,1,1,1,0,0,0,0,1,0,1,0,1,1,1,1,1,0,1,1,0,1,1,0,0,1,1,0,0,0,0,0,0,0,0,0,1,1,0,1,1,1,0,1,0,1,1,0,0,1,1,1,1,0,0,1,1,0,0,0,1,1,0,1,1,0,1,0,1,1,1,0
restart_aligned_regs_only_warmup11_cap1024_run01,153,1,57,B19E6FB0066DD50E,0,1,1,1,0,0,0,0,1,0,1,0,1,0,1,1,1,0,1,1,0,1,1,0,0,1,1,0,0,0,0,0,0,0,0,0,1,1,0,1,1,1,1,1,0,1,1,0,0,1,1,1,1,0,0,1,1,0,0,0,1,1,0,1,1,1,1,0,1,0,1,0
restart_aligned_regs_only_warmup11_cap1024_run01,154,0,7E,B19E4FB0166DF11E,0,1,1,1,1,0,0,0,1,0,0,0,1,1,1,1,1,0,1,1,0,1,1,0,0,1,1,0,1,0,0,0,0,0,0,0,1,1,0,1,1,1,1,1,0,0,1,0,0,1,1,1,1,0,0,1,1,0,0,0,1,1,0,1,0,1,1,1,1,1,1,0
restart_aligned_regs_only_warmup11_cap1024_run01,155,1,1A,B1966FB0166FF11E,0,1,1,1,1,0,0,0,1,0,0,0,1,1,1,1,1,1,1,1,0,1,1,0,0,1,1,0,1,0,0,0,0,0,0,0,1,1,0,1,1,1,1,1,0,1,1,0,0,1,1,0,1,0,0,1,1,0,0,0,1,1,0,1,0,1,0,1,1,0,0,0
restart_aligned_regs_only_warmup11_cap1024_run01,156,0,5C,B19E69B0166DF51E,0,1,1,1,1,0,0,0,1,0,1,0,1,1,1,1,1,0,1,1,0,1,1,0,0,1,1,0,1,0,0,0,0,0,0,0,1,1,0,1,1,0,0,1,0,1,1,0,0,1,1,1,1,0,0,1,1,0,0,0,1,1,0,1,0,0,1,1,1,0,1,0
restart_aligned_regs_only_warmup11_cap1024_run01,157,0,77,B19E6DB0966DF10E,0,1,1,1,0,0,0,0,1,0,0,0,1,1,1,1,1,0,1,1,0,1,1,0,0,1,1,0,1,0,0,1,0,0,0,0,1,1,0,1,1,0,1,1,0,1,1,0,0,1,1,1,1,0,0,1,1,0,0,0,1,1,0,1,1,1,1,0,1,1,1,0
restart_aligned_regs_only_warmup11_cap1024_run01,158,1,57,B19E69B0066DD50E,0,1,1,1,0,0,0,0,1,0,1,0,1,0,1,1,1,0,1,1,0,1,1,0,0,1,1,0,0,0,0,0,0,0,0,0,1,1,0,1,1,0,0,1,0,1,1,0,0,1,1,1,1,0,0,1,1,0,0,0,1,1,0,1,1,1,1,0,1,0,1,0
restart_aligned_regs_only_warmup11_cap1024_run01,159,0,D7,919E6FB0066DD50E,0,1,1,1,0,0,0,0,1,0,1,0,1,0,1,1,1,0,1,1,0,1,1,0,0,1,1,0,0,0,0,0,0,0,0,0,1,1,0,1,1,1,1,1,0,1,1,0,0,1,1,1,1,0,0,1,1,0,0,0,1,0,0,1,1,1,1,0,1,0,1,1
restart_aligned_regs_only_warmup11_cap1024_run01,160,1,75,B19E6BB0966DF50E,0,1,1,1,0,0,0,0,1,0,1,0,1,1,1,1,1,0,1,1,0,1,1,0,0,1,1,0,1,0,0,1,0,0,0,0,1,1,0,1,1,1,0,1,0,1,1,0,0,1,1,1,1,0,0,1,1,0,0,0,1,1,0,1,1,0,1,0,1,1,1,0
restart_aligned_regs_only_warmup11_cap1024_run01,161,1,57,B19E69B0966DD50E,0,1,1,1,0,0,0,0,1,0,1,0,1,0,1,1,1,0,1,1,0,1,1,0,0,1,1,0,1,0,0,1,0,0,0,0,1,1,0,1,1,0,0,1,0,1,1,0,0,1,1,1,1,0,0,1,1,0,0,0,1,1,0,1,1,1,1,0,1,0,1,0
restart_aligned_regs_only_warmup11_cap1024_run01,162,1,51,B19E4BB0064DF50E,0,1,1,1,0,0,0,0,1,0,1,0,1,1,1,1,1,0,1,1,0,0,1,0,0,1,1,0,0,0,0,0,0,0,0,0,1,1,0,1,1,1,0,1,0,0,1,0,0,1,1,1,1,0,0,1,1,0,0,0,1,1,0,1,1,0,0,0,1,0,1,0
restart_aligned_regs_only_warmup11_cap1024_run01,163,0,35,B1966BB0966DF50E,0,1,1,1,0,0,0,0,1,0,1,0,1,1,1,1,1,0,1,1,0,1,1,0,0,1,1,0,1,0,0,1,0,0,0,0,1,1,0,1,1,1,0,1,0,1,1,0,0,1,1,0,1,0,0,1,1,0,0,0,1,1,0,1,1,0,1,0,1,1,0,0
restart_aligned_regs_only_warmup11_cap1024_run01,164,0,5C,B19E69B0166DF51E,0,1,1,1,1,0,0,0,1,0,1,0,1,1,1,1,1,0,1,1,0,1,1,0,0,1,1,0,1,0,0,0,0,0,0,0,1,1,0,1,1,0,0,1,0,1,1,0,0,1,1,1,1,0,0,1,1,0,0,0,1,1,0,1,0,0,1,1,1,0,1,0
restart_aligned_regs_only_warmup11_cap1024_run01,165,1,34,B1966BB0966DF51E,0,1,1,1,1,0,0,0,1,0,1,0,1,1,1,1,1,0,1,1,0,1,1,0,0,1,1,0,1,0,0,1,0,0,0,0,1,1,0,1,1,1,0,1,0,1,1,0,0,1,1,0,1,0,0,1,1,0,0,0,1,1,0,1,0,0,1,0,1,1,0,0
restart_aligned_regs_only_warmup11_cap1024_run01,166,1,04,B1964DA0966DF51E,0,1,1,1,1,0,0,0,1,0,1,0,1,1,1,1,1,0,1,1,0,1,1,0,0,1,1,0,1,0,0,1,0,0,0,0,0,1,0,1,1,0,1,1,0,0,1,0,0,1,1,0,1,0,0,1,1,0,0,0,1,1,0,1,0,0,1,0,0,0,0,0
restart_aligned_regs_only_warmup11_cap1024_run01,167,0,7D,B19E6BB0866DF50E,0,1,1,1,0,0,0,0,1,0,1,0,1,1,1,1,1,0,1,1,0,1,1,0,0,1,1,0,0,0,0,1,0,0,0,0,1,1,0,1,1,1,0,1,0,1,1,0,0,1,1,1,1,0,0,1,1,0,0,0,1,1,0,1,1,0,1,1,1,1,1,0
restart_aligned_regs_only_warmup11_cap1024_run01,168,1,34,B1966BB0966DF51E,0,1,1,1,1,0,0,0,1,0,1,0,1,1,1,1,1,0,1,1,0,1,1,0,0,1,1,0,1,0,0,1,0,0,0,0,1,1,0,1,1,1,0,1,0,1,1,0,0,1,1,0,1,0,0,1,1,0,0,0,1,1,0,1,0,0,1,0,1,1,0,0
restart_aligned_regs_only_warmup11_cap1024_run01,169,1,54,B19E69B0966DF51E,0,1,1,1,1,0,0,0,1,0,1,0,1,1,1,1,1,0,1,1,0,1,1,0,0,1,1,0,1,0,0,1,0,0,0,0,1,1,0,1,1,0,0,1,0,1,1,0,0,1,1,1,1,0,0,1,1,0,0,0,1,1,0,1,0,0,1,0,1,0,1,0
restart_aligned_regs_only_warmup11_cap1024_run01,170,0,50,B1B64DB0964DF51E,0,1,1,1,1,0,0,0,1,0,1,0,1,1,1,1,1,0,1,1,0,0,1,0,0,1,1,0,1,0,0,1,0,0,0,0,1,1,0,1,1,0,1,1,0,0,1,0,0,1,1,0,1,1,0,1,1,0,0,0,1,1,0,1,0,0,0,0,1,0,1,0
restart_aligned_regs_only_warmup11_cap1024_run01,171,0,14,B1966FB0966DF51E,0,1,1,1,1,0,0,0,1,0,1,0,1,1,1,1,1,0,1,1,0,1,1,0,0,1,1,0,1,0,0,1,0,0,0,0,1,1,0,1,1,1,1,1,0,1,1,0,0,1,1,0,1,0,0,1,1,0,0,0,1,1,0,1,0,0,1,0,1,0,0,0
restart_aligned_regs_only_warmup11_cap1024_run01,172,1,54,B19E6FB0966DF51E,0,1,1,1,1,0,0,0,1,0,1,0,1,1,1,1,1,0,1,1,0,1,1,0,0,1,1,0,1,0,0,1,0,0,0,0,1,1,0,1,1,1,1,1,0,1,1,0,0,1,1,1,1,0,0,1,1,0,0,0,1,1,0,1,0,0,1,0,1,0,1,0
restart_aligned_regs_only_warmup11_cap1024_run01,173,1,7C,B19E49B0166DF51E,0,1,1,1,1,0,0,0,1,0,1,0,1,1,1,1,1,0,1,1,0,1,1,0,0,1,1,0,1,0,0,0,0,0,0,0,1,1,0,1,1,0,0,1,0,0,1,0,0,1,1,1,1,0,0,1,1,0,0,0,1,1,0,1,0,0,1,1,1,1,1,0
restart_aligned_regs_only_warmup11_cap1024_run01,174,0,5C,B19E6FB0166DF51E,0,1,1,1,1,0,0,0,1,0,1,0,1,1,1,1,1,0,1,1,0,1,1,0,0,1,1,0,1,0,0,0,0,0,0,0,1,1,0,1,1,1,1,1,0,1,1,0,0,1,1,1,1,0,0,1,1,0,0,0,1,1,0,1,0,0,1,1,1,0,1,0
restart_aligned_regs_only_warmup11_cap1024_run01,175,0,7D,B19E6DB0866DF50E,0,1,1,1,0,0,0,0,1,0,1,0,1,1,1,1,1,0,1,1,0,1,1,0,0,1,1,0,0,0,0,1,0,0,0,0,1,1,0,1,1,0,1,1,0,1,1,0,0,1,1,1,1,0,0,1,1,0,0,0,1,1,0,1,1,0,1,1,1,1,1,0
restart_aligned_regs_only_warmup11_cap1024_run01,176,1,5D,B19E69B0866DF50E,0,1,1,1,0,0,0,0,1,0,1,0,1,1,1,1,1,0,1,1,0,1,1,0,0,1,1,0,0,0,0,1,0,0,0,0,1,1,0,1,1,0,0,1,0,1,1,0,0,1,1,1,1,0,0,1,1,0,0,0,1,1,0,1,1,0,1,1,1,0,1,0
restart_aligned_regs_only_warmup11_cap1024_run01,177,1,51,B19E69B00669F50E,0,1,1,1,0,0,0,0,1,0,1,0,1,1,1,1,1,0,0,1,0,1,1,0,0,1,1,0,0,0,0,0,0,0,0,0,1,1,0,1,1,0,0,1,0,1,1,0,0,1,1,1,1,0,0,1,1,0,0,0,1,1,0,1,1,0,0,0,1,0,1,0
restart_aligned_regs_only_warmup11_cap1024_run01,178,1,57,B19E69B0066DD50E,0,1,1,1,0,0,0,0,1,0,1,0,1,0,1,1,1,0,1,1,0,1,1,0,0,1,1,0,0,0,0,0,0,0,0,0,1,1,0,1,1,0,0,1,0,1,1,0,0,1,1,1,1,0,0,1,1,0,0,0,1,1,0,1,1,1,1,0,1,0,1,0
restart_aligned_regs_only_warmup11_cap1024_run01,179,1,5E,B19E69B0166DD51E,0,1,1,1,1,0,0,0,1,0,1,0,1,0,1,1,1,0,1,1,0,1,1,0,0,1,1,0,1,0,0,0,0,0,0,0,1,1,0,1,1,0,0,1,0,1,1,0,0,1,1,1,1,0,0,1,1,0,0,0,1,1,0,1,0,1,1,1,1,0,1,0
restart_aligned_regs_only_warmup11_cap1024_run01,180,0,D7,919E69B0066DD50E,0,1,1,1,0,0,0,0,1,0,1,0,1,0,1,1,1,0,1,1,0,1,1,0,0,1,1,0,0,0,0,0,0,0,0,0,1,1,0,1,1,0,0,1,0,1,1,0,0,1,1,1,1,0,0,1,1,0,0,0,1,0,0,1,1,1,1,0,1,0,1,1
restart_aligned_regs_only_warmup11_cap1024_run01,181,1,54,B19E6FB0966DF51E,0,1,1,1,1,0,0,0,1,0,1,0,1,1,1,1,1,0,1,1,0,1,1,0,0,1,1,0,1,0,0,1,0,0,0,0,1,1,0,1,1,1,1,1,0,1,1,0,0,1,1,1,1,0,0,1,1,0,0,0,1,1,0,1,0,0,1,0,1,0,1,0
restart_aligned_regs_only_warmup11_cap1024_run01,182,0,77,B19E6DB0966DD50E,0,1,1,1,0,0,0,0,1,0,1,0,1,0,1,1,1,0,1,1,0,1,1,0,0,1,1,0,1,0,0,1,0,0,0,0,1,1,0,1,1,0,1,1,0,1,1,0,0,1,1,1,1,0,0,1,1,0,0,0,1,1,0,1,1,1,1,0,1,1,1,0
restart_aligned_regs_only_warmup11_cap1024_run01,183,0,7D,B19E6DB0866DF50E,0,1,1,1,0,0,0,0,1,0,1,0,1,1,1,1,1,0,1,1,0,1,1,0,0,1,1,0,0,0,0,1,0,0,0,0,1,1,0,1,1,0,1,1,0,1,1,0,0,1,1,1,1,0,0,1,1,0,0,0,1,1,0,1,1,0,1,1,1,1,1,0
restart_aligned_regs_only_warmup11_cap1024_run01,184,0,36,B1966DB0966DD51E,0,1,1,1,1,0,0,0,1,0,1,0,1,0,1,1,1,0,1,1,0,1,1,0,0,1,1,0,1,0,0,1,0,0,0,0,1,1,0,1,1,0,1,1,0,1,1,0,0,1,1,0,1,0,0,1,1,0,0,0,1,1,0,1,0,1,1,0,1,1,0,0
restart_aligned_regs_only_warmup11_cap1024_run01,185,1,3D,B1966BB0866DF50E,0,1,1,1,0,0,0,0,1,0,1,0,1,1,1,1,1,0,1,1,0,1,1,0,0,1,1,0,0,0,0,1,0,0,0,0,1,1,0,1,1,1,0,1,0,1,1,0,0,1,1,0,1,0,0,1,1,0,0,0,1,1,0,1,1,0,1,1,1,1,0,0
restart_aligned_regs_only_warmup11_cap1024_run01,186,0,14,B19669B0966DF51E,0,1,1,1,1,0,0,0,1,0,1,0,1,1,1,1,1,0,1,1,0,1,1,0,0,1,1,0,1,0,0,1,0,0,0,0,1,1,0,1,1,0,0,1,0,1,1,0,0,1,1,0,1,0,0,1,1,0,0,0,1,1,0,1,0,0,1,0,1,0,0,0
restart_aligned_regs_only_warmup11_cap1024_run01,187,1,FE,919E6DB0166DD51E,0,1,1,1,1,0,0,0,1,0,1,0,1,0,1,1,1,0,1,1,0,1,1,0,0,1,1,0,1,0,0,0,0,0,0,0,1,1,0,1,1,0,1,1,0,1,1,0,0,1,1,1,1,0,0,1,1,0,0,0,1,0,0,1,0,1,1,1,1,1,1,1
restart_aligned_regs_only_warmup11_cap1024_run01,188,1,BF,91966DB0866DD50E,0,1,1,1,0,0,0,0,1,0,1,0,1,0,1,1,1,0,1,1,0,1,1,0,0,1,1,0,0,0,0,1,0,0,0,0,1,1,0,1,1,0,1,1,0,1,1,0,0,1,1,0,1,0,0,1,1,0,0,0,1,0,0,1,1,1,1,1,1,1,0,1
restart_aligned_regs_only_warmup11_cap1024_run01,189,1,5D,B19E4BB0866DF50E,0,1,1,1,0,0,0,0,1,0,1,0,1,1,1,1,1,0,1,1,0,1,1,0,0,1,1,0,0,0,0,1,0,0,0,0,1,1,0,1,1,1,0,1,0,0,1,0,0,1,1,1,1,0,0,1,1,0,0,0,1,1,0,1,1,0,1,1,1,0,1,0
restart_aligned_regs_only_warmup11_cap1024_run01,190,0,56,B19E6FB0966DF11E,0,1,1,1,1,0,0,0,1,0,0,0,1,1,1,1,1,0,1,1,0,1,1,0,0,1,1,0,1,0,0,1,0,0,0,0,1,1,0,1,1,1,1,1,0,1,1,0,0,1,1,1,1,0,0,1,1,0,0,0,1,1,0,1,0,1,1,0,1,0,1,0
restart_aligned_regs_only_warmup11_cap1024_run01,191,1,54,B19E6FB0966DF51E,0,1,1,1,1,0,0,0,1,0,1,0,1,1,1,1,1,0,1,1,0,1,1,0,0,1,1,0,1,0,0,1,0,0,0,0,1,1,0,1,1,1,1,1,0,1,1,0,0,1,1,1,1,0,0,1,1,0,0,0,1,1,0,1,0,0,1,0,1,0,1,0
restart_aligned_regs_only_warmup11_cap1024_run01,192,1,5D,B19E6FB0866DD10E,0,1,1,1,0,0,0,0,1,0,0,0,1,0,1,1,1,0,1,1,0,1,1,0,0,1,1,0,0,0,0,1,0,0,0,0,1,1,0,1,1,1,1,1,0,1,1,0,0,1,1,1,1,0,0,1,1,0,0,0,1,1,0,1,1,0,1,1,1,0,1,0
restart_aligned_regs_only_warmup11_cap1024_run01,193,1,75,B19E6DB0066DF50E,0,1,1,1,0,0,0,0,1,0,1,0,1,1,1,1,1,0,1,1,0,1,1,0,0,1,1,0,0,0,0,0,0,0,0,0,1,1,0,1,1,0,1,1,0,1,1,0,0,1,1,1,1,0,0,1,1,0,0,0,1,1,0,1,1,0,1,0,1,1,1,0
restart_aligned_regs_only_warmup11_cap1024_run01,194,0,D7,919E69B0066DD50E,0,1,1,1,0,0,0,0,1,0,1,0,1,0,1,1,1,0,1,1,0,1,1,0,0,1,1,0,0,0,0,0,0,0,0,0,1,1,0,1,1,0,0,1,0,1,1,0,0,1,1,1,1,0,0,1,1,0,0,0,1,0,0,1,1,1,1,0,1,0,1,1
restart_aligned_regs_only_warmup11_cap1024_run01,195,0,7D,B19E6DB0866DF50E,0,1,1,1,0,0,0,0,1,0,1,0,1,1,1,1,1,0,1,1,0,1,1,0,0,1,1,0,0,0,0,1,0,0,0,0,1,1,0,1,1,0,1,1,0,1,1,0,0,1,1,1,1,0,0,1,1,0,0,0,1,1,0,1,1,0,1,1,1,1,1,0
restart_aligned_regs_only_warmup11_cap1024_run01,196,0,44,B19E4BA0966DF51E,0,1,1,1,1,0,0,0,1,0,1,0,1,1,1,1,1,0,1,1,0,1,1,0,0,1,1,0,1,0,0,1,0,0,0,0,0,1,0,1,1,1,0,1,0,0,1,0,0,1,1,1,1,0,0,1,1,0,0,0,1,1,0,1,0,0,1,0,0,0,1,0
restart_aligned_regs_only_warmup11_cap1024_run01,197,0,56,B19E6FB0966DF11E,0,1,1,1,1,0,0,0,1,0,0,0,1,1,1,1,1,0,1,1,0,1,1,0,0,1,1,0,1,0,0,1,0,0,0,0,1,1,0,1,1,1,1,1,0,1,1,0,0,1,1,1,1,0,0,1,1,0,0,0,1,1,0,1,0,1,1,0,1,0,1,0
restart_aligned_regs_only_warmup11_cap1024_run01,198,1,7C,B19E6BB0166DF51E,0,1,1,1,1,0,0,0,1,0,1,0,1,1,1,1,1,0,1,1,0,1,1,0,0,1,1,0,1,0,0,0,0,0,0,0,1,1,0,1,1,1,0,1,0,1,1,0,0,1,1,1,1,0,0,1,1,0,0,0,1,1,0,1,0,0,1,1,1,1,1,0
restart_aligned_regs_only_warmup11_cap1024_run01,199,1,54,B19E69B0966DF51E,0,1,1,1,1,0,0,0,1,0,1,0,1,1,1,1,1,0,1,1,0,1,1,0,0,1,1,0,1,0,0,1,0,0,0,0,1,1,0,1,1,0,0,1,0,1,1,0,0,1,1,1,1,0,0,1,1,0,0,0,1,1,0,1,0,0,1,0,1,0,1,0
restart_aligned_regs_only_warmup11_cap1024_run01,200,1,34,B1966DB0966DF51E,0,1,1,1,1,0,0,0,1,0,1,0,1,1,1,1,1,0,1,1,0,1,1,0,0,1,1,0,1,0,0,1,0,0,0,0,1,1,0,1,1,0,1,1,0,1,1,0,0,1,1,0,1,0,0,1,1,0,0,0,1,1,0,1,0,0,1,0,1,1,0,0
restart_aligned_regs_only_warmup11_cap1024_run01,201,0,55,B19E69B0066DF50E,0,1,1,1,0,0,0,0,1,0,1,0,1,1,1,1,1,0,1,1,0,1,1,0,0,1,1,0,0,0,0,0,0,0,0,0,1,1,0,1,1,0,0,1,0,1,1,0,0,1,1,1,1,0,0,1,1,0,0,0,1,1,0,1,1,0,1,0,1,0,1,0
restart_aligned_regs_only_warmup11_cap1024_run01,202,1,75,B19E6BB0966DF50E,0,1,1,1,0,0,0,0,1,0,1,0,1,1,1,1,1,0,1,1,0,1,1,0,0,1,1,0,1,0,0,1,0,0,0,0,1,1,0,1,1,1,0,1,0,1,1,0,0,1,1,1,1,0,0,1,1,0,0,0,1,1,0,1,1,0,1,0,1,1,1,0
restart_aligned_regs_only_warmup11_cap1024_run01,203,0,5C,B19E69B0166DF51E,0,1,1,1,1,0,0,0,1,0,1,0,1,1,1,1,1,0,1,1,0,1,1,0,0,1,1,0,1,0,0,0,0,0,0,0,1,1,0,1,1,0,0,1,0,1,1,0,0,1,1,1,1,0,0,1,1,0,0,0,1,1,0,1,0,0,1,1,1,0,1,0
restart_aligned_regs_only_warmup11_cap1024_run01,204,1,34,B1966BB0966DF51E,0,1,1,1,1,0,0,0,1,0,1,0,1,1,1,1,1,0,1,1,0,1,1,0,0,1,1,0,1,0,0,1,0,0,0,0,1,1,0,1,1,1,0,1,0,1,1,0,0,1,1,0,1,0,0,1,1,0,0,0,1,1,0,1,0,0,1,0,1,1,0,0
restart_aligned_regs_only_warmup11_cap1024_run01,205,1,54,B19E4DB0966DF51E,0,1,1,1,1,0,0,0,1,0,1,0,1,1,1,1,1,0,1,1,0,1,1,0,0,1,1,0,1,0,0,1,0,0,0,0,1,1,0,1,1,0,1,1,0,0,1,0,0,1,1,1,1,0,0,1,1,0,0,0,1,1,0,1,0,0,1,0,1,0,1,0
restart_aligned_regs_only_warmup11_cap1024_run01,206,1,76,B19E4FB0966DF11E,0,1,1,1,1,0,0,0,1,0,0,0,1,1,1,1,1,0,1,1,0,1,1,0,0,1,1,0,1,0,0,1,0,0,0,0,1,1,0,1,1,1,1,1,0,0,1,0,0,1,1,1,1,0,0,1,1,0,0,0,1,1,0,1,0,1,1,0,1,1,1,0
restart_aligned_regs_only_warmup11_cap1024_run01,207,1,D0,F1B64BB0964DF51E,0,1,1,1,1,0,0,0,1,0,1,0,1,1,1,1,1,0,1,1,0,0,1,0,0,1,1,0,1,0,0,1,0,0,0,0,1,1,0,1,1,1,0,1,0,0,1,0,0,1,1,0,1,1,0,1,1,0,0,0,1,1,1,1,0,0,0,0,1,0,1,1
restart_aligned_regs_only_warmup11_cap1024_run01,208,1,5D,B19E69B0866DF50E,0,1,1,1,0,0,0,0,1,0,1,0,1,1,1,1,1,0,1,1,0,1,1,0,0,1,1,0,0,0,0,1,0,0,0,0,1,1,0,1,1,0,0,1,0,1,1,0,0,1,1,1,1,0,0,1,1,0,0,0,1,1,0,1,1,0,1,1,1,0,1,0
restart_aligned_regs_only_warmup11_cap1024_run01,209,0,35,B19649B0966DF50E,0,1,1,1,0,0,0,0,1,0,1,0,1,1,1,1,1,0,1,1,0,1,1,0,0,1,1,0,1,0,0,1,0,0,0,0,1,1,0,1,1,0,0,1,0,0,1,0,0,1,1,0,1,0,0,1,1,0,0,0,1,1,0,1,1,0,1,0,1,1,0,0
restart_aligned_regs_only_warmup11_cap1024_run01,210,0,74,B19E6DB0966DF51E,0,1,1,1,1,0,0,0,1,0,1,0,1,1,1,1,1,0,1,1,0,1,1,0,0,1,1,0,1,0,0,1,0,0,0,0,1,1,0,1,1,0,1,1,0,1,1,0,0,1,1,1,1,0,0,1,1,0,0,0,1,1,0,1,0,0,1,0,1,1,1,0
restart_aligned_regs_only_warmup11_cap1024_run01,211,0,1D,B1964BB0866DF50E,0,1,1,1,0,0,0,0,1,0,1,0,1,1,1,1,1,0,1,1,0,1,1,0,0,1,1,0,0,0,0,1,0,0,0,0,1,1,0,1,1,1,0,1,0,0,1,0,0,1,1,0,1,0,0,1,1,0,0,0,1,1,0,1,1,0,1,1,1,0,0,0
restart_aligned_regs_only_warmup11_cap1024_run01,212,0,48,B19E69A01669F51E,0,1,1,1,1,0,0,0,1,0,1,0,1,1,1,1,1,0,0,1,0,1,1,0,0,1,1,0,1,0,0,0,0,0,0,0,0,1,0,1,1,0,0,1,0,1,1,0,0,1,1,1,1,0,0,1,1,0,0,0,1,1,0,1,0,0,0,1,0,0,1,0
restart_aligned_regs_only_warmup11_cap1024_run01,213,0,50,B19E69B09669F51E,0,1,1,1,1,0,0,0,1,0,1,0,1,1,1,1,1,0,0,1,0,1,1,0,0,1,1,0,1,0,0,1,0,0,0,0,1,1,0,1,1,0,0,1,0,1,1,0,0,1,1,1,1,0,0,1,1,0,0,0,1,1,0,1,0,0,0,0,1,0,1,0
restart_aligned_regs_only_warmup11_cap1024_run01,214,0,14,B19669B0966DF51E,0,1,1,1,1,0,0,0,1,0,1,0,1,1,1,1,1,0,1,1,0,1,1,0,0,1,1,0,1,0,0,1,0,0,0,0,1,1,0,1,1,0,0,1,0,1,1,0,0,1,1,0,1,0,0,1,1,0,0,0,1,1,0,1,0,0,1,0,1,0,0,0
restart_aligned_regs_only_warmup11_cap1024_run01,215,1,31,B1BE49B0964DF50E,0,1,1,1,0,0,0,0,1,0,1,0,1,1,1,1,1,0,1,1,0,0,1,0,0,1,1,0,1,0,0,1,0,0,0,0,1,1,0,1,1,0,0,1,0,0,1,0,0,1,1,1,1,1,0,1,1,0,0,0,1,1,0,1,1,0,0,0,1,1,0,0
restart_aligned_regs_only_warmup11_cap1024_run01,216,0,74,B19E6DB0966DF51E,0,1,1,1,1,0,0,0,1,0,1,0,1,1,1,1,1,0,1,1,0,1,1,0,0,1,1,0,1,0,0,1,0,0,0,0,1,1,0,1,1,0,1,1,0,1,1,0,0,1,1,1,1,0,0,1,1,0,0,0,1,1,0,1,0,0,1,0,1,1,1,0
restart_aligned_regs_only_warmup11_cap1024_run01,217,1,54,B19E69B0966DF51E,0,1,1,1,1,0,0,0,1,0,1,0,1,1,1,1,1,0,1,1,0,1,1,0,0,1,1,0,1,0,0,1,0,0,0,0,1,1,0,1,1,0,0,1,0,1,1,0,0,1,1,1,1,0,0,1,1,0,0,0,1,1,0,1,0,0,1,0,1,0,1,0
restart_aligned_regs_only_warmup11_cap1024_run01,218,1,52,B19E69B09669D51E,0,1,1,1,1,0,0,0,1,0,1,0,1,0,1,1,1,0,0,1,0,1,1,0,0,1,1,0,1,0,0,1,0,0,0,0,1,1,0,1,1,0,0,1,0,1,1,0,0,1,1,1,1,0,0,1,1,0,0,0,1,1,0,1,0,1,0,0,1,0,1,0
restart_aligned_regs_only_warmup11_cap1024_run01,219,1,54,B19E69B0966DF51E,0,1,1,1,1,0,0,0,1,0,1,0,1,1,1,1,1,0,1,1,0,1,1,0,0,1,1,0,1,0,0,1,0,0,0,0,1,1,0,1,1,0,0,1,0,1,1,0,0,1,1,1,1,0,0,1,1,0,0,0,1,1,0,1,0,0,1,0,1,0,1,0
restart_aligned_regs_only_warmup11_cap1024_run01,220,1,57,B19E69B0966DD50E,0,1,1,1,0,0,0,0,1,0,1,0,1,0,1,1,1,0,1,1,0,1,1,0,0,1,1,0,1,0,0,1,0,0,0,0,1,1,0,1,1,0,0,1,0,1,1,0,0,1,1,1,1,0,0,1,1,0,0,0,1,1,0,1,1,1,1,0,1,0,1,0
restart_aligned_regs_only_warmup11_cap1024_run01,221,1,57,B19E69B0066DD50E,0,1,1,1,0,0,0,0,1,0,1,0,1,0,1,1,1,0,1,1,0,1,1,0,0,1,1,0,0,0,0,0,0,0,0,0,1,1,0,1,1,0,0,1,0,1,1,0,0,1,1,1,1,0,0,1,1,0,0,0,1,1,0,1,1,1,1,0,1,0,1,0
restart_aligned_regs_only_warmup11_cap1024_run01,222,1,76,B19E6BB0966DD51E,0,1,1,1,1,0,0,0,1,0,1,0,1,0,1,1,1,0,1,1,0,1,1,0,0,1,1,0,1,0,0,1,0,0,0,0,1,1,0,1,1,1,0,1,0,1,1,0,0,1,1,1,1,0,0,1,1,0,0,0,1,1,0,1,0,1,1,0,1,1,1,0
restart_aligned_regs_only_warmup11_cap1024_run01,223,1,04,B1966FA0966DF51E,0,1,1,1,1,0,0,0,1,0,1,0,1,1,1,1,1,0,1,1,0,1,1,0,0,1,1,0,1,0,0,1,0,0,0,0,0,1,0,1,1,1,1,1,0,1,1,0,0,1,1,0,1,0,0,1,1,0,0,0,1,1,0,1,0,0,1,0,0,0,0,0
restart_aligned_regs_only_warmup11_cap1024_run01,224,0,55,B19E4DB0966DF50E,0,1,1,1,0,0,0,0,1,0,1,0,1,1,1,1,1,0,1,1,0,1,1,0,0,1,1,0,1,0,0,1,0,0,0,0,1,1,0,1,1,0,1,1,0,0,1,0,0,1,1,1,1,0,0,1,1,0,0,0,1,1,0,1,1,0,1,0,1,0,1,0
restart_aligned_regs_only_warmup11_cap1024_run01,225,1,1C,B1964DB0166DF51E,0,1,1,1,1,0,0,0,1,0,1,0,1,1,1,1,1,0,1,1,0,1,1,0,0,1,1,0,1,0,0,0,0,0,0,0,1,1,0,1,1,0,1,1,0,0,1,0,0,1,1,0,1,0,0,1,1,0,0,0,1,1,0,1,0,0,1,1,1,0,0,0
restart_aligned_regs_only_warmup11_cap1024_run01,226,0,74,B19E6BB0966DF51E,0,1,1,1,1,0,0,0,1,0,1,0,1,1,1,1,1,0,1,1,0,1,1,0,0,1,1,0,1,0,0,1,0,0,0,0,1,1,0,1,1,1,0,1,0,1,1,0,0,1,1,1,1,0,0,1,1,0,0,0,1,1,0,1,0,0,1,0,1,1,1,0
restart_aligned_regs_only_warmup11_cap1024_run01,227,1,51,B19E69B00669F50E,0,1,1,1,0,0,0,0,1,0,1,0,1,1,1,1,1,0,0,1,0,1,1,0,0,1,1,0,0,0,0,0,0,0,0,0,1,1,0,1,1,0,0,1,0,1,1,0,0,1,1,1,1,0,0,1,1,0,0,0,1,1,0,1,1,0,0,0,1,0,1,0
restart_aligned_regs_only_warmup11_cap1024_run01,228,1,51,B19E69B00669F50E,0,1,1,1,0,0,0,0,1,0,1,0,1,1,1,1,1,0,0,1,0,1,1,0,0,1,1,0,0,0,0,0,0,0,0,0,1,1,0,1,1,0,0,1,0,1,1,0,0,1,1,1,1,0,0,1,1,0,0,0,1,1,0,1,1,0,0,0,1,0,1,0
restart_aligned_regs_only_warmup11_cap1024_run01,229,0,30,B1BE4FB0964DF51E,0,1,1,1,1,0,0,0,1,0,1,0,1,1,1,1,1,0,1,1,0,0,1,0,0,1,1,0,1,0,0,1,0,0,0,0,1,1,0,1,1,1,1,1,0,0,1,0,0,1,1,1,1,1,0,1,1,0,0,0,1,1,0,1,0,0,0,0,1,1,0,0
restart_aligned_regs_only_warmup11_cap1024_run01,230,0,50,B19E69B09669F51E,0,1,1,1,1,0,0,0,1,0,1,0,1,1,1,1,1,0,0,1,0,1,1,0,0,1,1,0,1,0,0,1,0,0,0,0,1,1,0,1,1,0,0,1,0,1,1,0,0,1,1,1,1,0,0,1,1,0,0,0,1,1,0,1,0,0,0,0,1,0,1,0
restart_aligned_regs_only_warmup11_cap1024_run01,231,1,1F,B19669B0866DD50E,0,1,1,1,0,0,0,0,1,0,1,0,1,0,1,1,1,0,1,1,0,1,1,0,0,1,1,0,0,0,0,1,0,0,0,0,1,1,0,1,1,0,0,1,0,1,1,0,0,1,1,0,1,0,0,1,1,0,0,0,1,1,0,1,1,1,1,1,1,0,0,0
restart_aligned_regs_only_warmup11_cap1024_run01,232,1,54,B19E69B0966DF51E,0,1,1,1,1,0,0,0,1,0,1,0,1,1,1,1,1,0,1,1,0,1,1,0,0,1,1,0,1,0,0,1,0,0,0,0,1,1,0,1,1,0,0,1,0,1,1,0,0,1,1,1,1,0,0,1,1,0,0,0,1,1,0,1,0,0,1,0,1,0,1,0
restart_aligned_regs_only_warmup11_cap1024_run01,233,0,5F,B19E69B0866DD50E,0,1,1,1,0,0,0,0,1,0,1,0,1,0,1,1,1,0,1,1,0,1,1,0,0,1,1,0,0,0,0,1,0,0,0,0,1,1,0,1,1,0,0,1,0,1,1,0,0,1,1,1,1,0,0,1,1,0,0,0,1,1,0,1,1,1,1,1,1,0,1,0
restart_aligned_regs_only_warmup11_cap1024_run01,234,1,54,B19E69B0966DF51E,0,1,1,1,1,0,0,0,1,0,1,0,1,1,1,1,1,0,1,1,0,1,1,0,0,1,1,0,1,0,0,1,0,0,0,0,1,1,0,1,1,0,0,1,0,1,1,0,0,1,1,1,1,0,0,1,1,0,0,0,1,1,0,1,0,0,1,0,1,0,1,0
restart_aligned_regs_only_warmup11_cap1024_run01,235,0,50,B19E4DB0964DF51E,0,1,1,1,1,0,0,0,1,0,1,0,1,1,1,1,1,0,1,1,0,0,1,0,0,1,1,0,1,0,0,1,0,0,0,0,1,1,0,1,1,0,1,1,0,0,1,0,0,1,1,1,1,0,0,1,1,0,0,0,1,1,0,1,0,0,0,0,1,0,1,0
restart_aligned_regs_only_warmup11_cap1024_run01,236,1,54,B19E69B0966DF51E,0,1,1,1,1,0,0,0,1,0,1,0,1,1,1,1,1,0,1,1,0,1,1,0,0,1,1,0,1,0,0,1,0,0,0,0,1,1,0,1,1,0,0,1,0,1,1,0,0,1,1,1,1,0,0,1,1,0,0,0,1,1,0,1,0,0,1,0,1,0,1,0
restart_aligned_regs_only_warmup11_cap1024_run01,237,1,76,B19E6DB0966DF11E,0,1,1,1,1,0,0,0,1,0,0,0,1,1,1,1,1,0,1,1,0,1,1,0,0,1,1,0,1,0,0,1,0,0,0,0,1,1,0,1,1,0,1,1,0,1,1,0,0,1,1,1,1,0,0,1,1,0,0,0,1,1,0,1,0,1,1,0,1,1,1,0
restart_aligned_regs_only_warmup11_cap1024_run01,238,1,54,B19E69B0966DF51E,0,1,1,1,1,0,0,0,1,0,1,0,1,1,1,1,1,0,1,1,0,1,1,0,0,1,1,0,1,0,0,1,0,0,0,0,1,1,0,1,1,0,0,1,0,1,1,0,0,1,1,1,1,0,0,1,1,0,0,0,1,1,0,1,0,0,1,0,1,0,1,0
restart_aligned_regs_only_warmup11_cap1024_run01,239,1,5E,B19E69B0166DD51E,0,1,1,1,1,0,0,0,1,0,1,0,1,0,1,1,1,0,1,1,0,1,1,0,0,1,1,0,1,0,0,0,0,0,0,0,1,1,0,1,1,0,0,1,0,1,1,0,0,1,1,1,1,0,0,1,1,0,0,0,1,1,0,1,0,1,1,1,1,0,1,0
restart_aligned_regs_only_warmup11_cap1024_run01,240,1,5D,B19E6FB0866DF50E,0,1,1,1,0,0,0,0,1,0,1,0,1,1,1,1,1,0,1,1,0,1,1,0,0,1,1,0,0,0,0,1,0,0,0,0,1,1,0,1,1,1,1,1,0,1,1,0,0,1,1,1,1,0,0,1,1,0,0,0,1,1,0,1,1,0,1,1,1,0,1,0
restart_aligned_regs_only_warmup11_cap1024_run01,241,1,7C,B19E6DB0166DF51E,0,1,1,1,1,0,0,0,1,0,1,0,1,1,1,1,1,0,1,1,0,1,1,0,0,1,1,0,1,0,0,0,0,0,0,0,1,1,0,1,1,0,1,1,0,1,1,0,0,1,1,1,1,0,0,1,1,0,0,0,1,1,0,1,0,0,1,1,1,1,1,0
restart_aligned_regs_only_warmup11_cap1024_run01,242,1,54,B19E69B0966DF51E,0,1,1,1,1,0,0,0,1,0,1,0,1,1,1,1,1,0,1,1,0,1,1,0,0,1,1,0,1,0,0,1,0,0,0,0,1,1,0,1,1,0,0,1,0,1,1,0,0,1,1,1,1,0,0,1,1,0,0,0,1,1,0,1,0,0,1,0,1,0,1,0
restart_aligned_regs_only_warmup11_cap1024_run01,243,1,57,B19E69B0066DD50E,0,1,1,1,0,0,0,0,1,0,1,0,1,0,1,1,1,0,1,1,0,1,1,0,0,1,1,0,0,0,0,0,0,0,0,0,1,1,0,1,1,0,0,1,0,1,1,0,0,1,1,1,1,0,0,1,1,0,0,0,1,1,0,1,1,1,1,0,1,0,1,0
restart_aligned_regs_only_warmup11_cap1024_run01,244,1,4C,B19E69A0166DF51E,0,1,1,1,1,0,0,0,1,0,1,0,1,1,1,1,1,0,1,1,0,1,1,0,0,1,1,0,1,0,0,0,0,0,0,0,0,1,0,1,1,0,0,1,0,1,1,0,0,1,1,1,1,0,0,1,1,0,0,0,1,1,0,1,0,0,1,1,0,0,1,0
restart_aligned_regs_only_warmup11_cap1024_run01,245,1,75,B19E6DB0066DF50E,0,1,1,1,0,0,0,0,1,0,1,0,1,1,1,1,1,0,1,1,0,1,1,0,0,1,1,0,0,0,0,0,0,0,0,0,1,1,0,1,1,0,1,1,0,1,1,0,0,1,1,1,1,0,0,1,1,0,0,0,1,1,0,1,1,0,1,0,1,1,1,0
restart_aligned_regs_only_warmup11_cap1024_run01,246,0,17,B19669B0066DD50E,0,1,1,1,0,0,0,0,1,0,1,0,1,0,1,1,1,0,1,1,0,1,1,0,0,1,1,0,0,0,0,0,0,0,0,0,1,1,0,1,1,0,0,1,0,1,1,0,0,1,1,0,1,0,0,1,1,0,0,0,1,1,0,1,1,1,1,0,1,0,0,0
restart_aligned_regs_only_warmup11_cap1024_run01,247,1,75,B19E6DB0966DF50E,0,1,1,1,0,0,0,0,1,0,1,0,1,1,1,1,1,0,1,1,0,1,1,0,0,1,1,0,1,0,0,1,0,0,0,0,1,1,0,1,1,0,1,1,0,1,1,0,0,1,1,1,1,0,0,1,1,0,0,0,1,1,0,1,1,0,1,0,1,1,1,0
restart_aligned_regs_only_warmup11_cap1024_run01,248,0,55,B19E69B0066DF50E,0,1,1,1,0,0,0,0,1,0,1,0,1,1,1,1,1,0,1,1,0,1,1,0,0,1,1,0,0,0,0,0,0,0,0,0,1,1,0,1,1,0,0,1,0,1,1,0,0,1,1,1,1,0,0,1,1,0,0,0,1,1,0,1,1,0,1,0,1,0,1,0
restart_aligned_regs_only_warmup11_cap1024_run01,249,0,1D,B1964DB0866DF50E,0,1,1,1,0,0,0,0,1,0,1,0,1,1,1,1,1,0,1,1,0,1,1,0,0,1,1,0,0,0,0,1,0,0,0,0,1,1,0,1,1,0,1,1,0,0,1,0,0,1,1,0,1,0,0,1,1,0,0,0,1,1,0,1,1,0,1,1,1,0,0,0
restart_aligned_regs_only_warmup11_cap1024_run01,250,0,74,B19E49B0966DF51E,0,1,1,1,1,0,0,0,1,0,1,0,1,1,1,1,1,0,1,1,0,1,1,0,0,1,1,0,1,0,0,1,0,0,0,0,1,1,0,1,1,0,0,1,0,0,1,0,0,1,1,1,1,0,0,1,1,0,0,0,1,1,0,1,0,0,1,0,1,1,1,0
restart_aligned_regs_only_warmup11_cap1024_run01,251,1,1C,B19669B0166DF51E,0,1,1,1,1,0,0,0,1,0,1,0,1,1,1,1,1,0,1,1,0,1,1,0,0,1,1,0,1,0,0,0,0,0,0,0,1,1,0,1,1,0,0,1,0,1,1,0,0,1,1,0,1,0,0,1,1,0,0,0,1,1,0,1,0,0,1,1,1,0,0,0
restart_aligned_regs_only_warmup11_cap1024_run01,252,1,31,B1BE49B0064DF50E,0,1,1,1,0,0,0,0,1,0,1,0,1,1,1,1,1,0,1,1,0,0,1,0,0,1,1,0,0,0,0,0,0,0,0,0,1,1,0,1,1,0,0,1,0,0,1,0,0,1,1,1,1,1,0,1,1,0,0,0,1,1,0,1,1,0,0,0,1,1,0,0
restart_aligned_regs_only_warmup11_cap1024_run01,253,0,55,B1B64BB09649F50E,0,1,1,1,0,0,0,0,1,0,1,0,1,1,1,1,1,0,0,1,0,0,1,0,0,1,1,0,1,0,0,1,0,0,0,0,1,1,0,1,1,1,0,1,0,0,1,0,0,1,1,0,1,1,0,1,1,0,0,0,1,1,0,1,1,0,1,0,1,0,1,0
restart_aligned_regs_only_warmup11_cap1024_run01,254,1,52,B19E69B09669D51E,0,1,1,1,1,0,0,0,1,0,1,0,1,0,1,1,1,0,0,1,0,1,1,0,0,1,1,0,1,0,0,1,0,0,0,0,1,1,0,1,1,0,0,1,0,1,1,0,0,1,1,1,1,0,0,1,1,0,0,0,1,1,0,1,0,1,0,0,1,0,1,0
restart_aligned_regs_only_warmup11_cap1024_run01,255,0,55,B19E69B0066DF50E,0,1,1,1,0,0,0,0,1,0,1,0,1,1,1,1,1,0,1,1,0,1,1,0,0,1,1,0,0,0,0,0,0,0,0,0,1,1,0,1,1,0,0,1,0,1,1,0,0,1,1,1,1,0,0,1,1,0,0,0,1,1,0,1,1,0,1,0,1,0,1,0
restart_aligned_regs_only_warmup11_cap1024_run01,256,1,75,B19E49B0966DF50E,0,1,1,1,0,0,0,0,1,0,1,0,1,1,1,1,1,0,1,1,0,1,1,0,0,1,1,0,1,0,0,1,0,0,0,0,1,1,0,1,1,0,0,1,0,0,1,0,0,1,1,1,1,0,0,1,1,0,0,0,1,1,0,1,1,0,1,0,1,1,1,0
restart_aligned_regs_only_warmup11_cap1024_run01,257,1,7C,B19E6BB0166DF51E,0,1,1,1,1,0,0,0,1,0,1,0,1,1,1,1,1,0,1,1,0,1,1,0,0,1,1,0,1,0,0,0,0,0,0,0,1,1,0,1,1,1,0,1,0,1,1,0,0,1,1,1,1,0,0,1,1,0,0,0,1,1,0,1,0,0,1,1,1,1,1,0
restart_aligned_regs_only_warmup11_cap1024_run01,258,1,5D,B19E69B0166DF50E,0,1,1,1,0,0,0,0,1,0,1,0,1,1,1,1,1,0,1,1,0,1,1,0,0,1,1,0,1,0,0,0,0,0,0,0,1,1,0,1,1,0,0,1,0,1,1,0,0,1,1,1,1,0,0,1,1,0,0,0,1,1,0,1,1,0,1,1,1,0,1,0
restart_aligned_regs_only_warmup11_cap1024_run01,259,0,77,B19E6BB0066DD50E,0,1,1,1,0,0,0,0,1,0,1,0,1,0,1,1,1,0,1,1,0,1,1,0,0,1,1,0,0,0,0,0,0,0,0,0,1,1,0,1,1,1,0,1,0,1,1,0,0,1,1,1,1,0,0,1,1,0,0,0,1,1,0,1,1,1,1,0,1,1,1,0
restart_aligned_regs_only_warmup11_cap1024_run01,260,0,7D,B19E49B0866DF50E,0,1,1,1,0,0,0,0,1,0,1,0,1,1,1,1,1,0,1,1,0,1,1,0,0,1,1,0,0,0,0,1,0,0,0,0,1,1,0,1,1,0,0,1,0,0,1,0,0,1,1,1,1,0,0,1,1,0,0,0,1,1,0,1,1,0,1,1,1,1,1,0
restart_aligned_regs_only_warmup11_cap1024_run01,261,1,54,B19E69B0966DF51E,0,1,1,1,1,0,0,0,1,0,1,0,1,1,1,1,1,0,1,1,0,1,1,0,0,1,1,0,1,0,0,1,0,0,0,0,1,1,0,1,1,0,0,1,0,1,1,0,0,1,1,1,1,0,0,1,1,0,0,0,1,1,0,1,0,0,1,0,1,0,1,0
restart_aligned_regs_only_warmup11_cap1024_run01,262,1,5D,B19E4BB0166DF50E,0,1,1,1,0,0,0,0,1,0,1,0,1,1,1,1,1,0,1,1,0,1,1,0,0,1,1,0,1,0,0,0,0,0,0,0,1,1,0,1,1,1,0,1,0,0,1,0,0,1,1,1,1,0,0,1,1,0,0,0,1,1,0,1,1,0,1,1,1,0,1,0
restart_aligned_regs_only_warmup11_cap1024_run01,263,1,70,B19E6BB09669F51E,0,1,1,1,1,0,0,0,1,0,1,0,1,1,1,1,1,0,0,1,0,1,1,0,0,1,1,0,1,0,0,1,0,0,0,0,1,1,0,1,1,1,0,1,0,1,1,0,0,1,1,1,1,0,0,1,1,0,0,0,1,1,0,1,0,0,0,0,1,1,1,0
restart_aligned_regs_only_warmup11_cap1024_run01,264,0,7D,B19E6BB0866DF50E,0,1,1,1,0,0,0,0,1,0,1,0,1,1,1,1,1,0,1,1,0,1,1,0,0,1,1,0,0,0,0,1,0,0,0,0,1,1,0,1,1,1,0,1,0,1,1,0,0,1,1,1,1,0,0,1,1,0,0,0,1,1,0,1,1,0,1,1,1,1,1,0
restart_aligned_regs_only_warmup11_cap1024_run01,265,1,5D,B19E4BB0866DF50E,0,1,1,1,0,0,0,0,1,0,1,0,1,1,1,1,1,0,1,1,0,1,1,0,0,1,1,0,0,0,0,1,0,0,0,0,1,1,0,1,1,1,0,1,0,0,1,0,0,1,1,1,1,0,0,1,1,0,0,0,1,1,0,1,1,0,1,1,1,0,1,0
restart_aligned_regs_only_warmup11_cap1024_run01,266,1,34,B1966BB0966DF51E,0,1,1,1,1,0,0,0,1,0,1,0,1,1,1,1,1,0,1,1,0,1,1,0,0,1,1,0,1,0,0,1,0,0,0,0,1,1,0,1,1,1,0,1,0,1,1,0,0,1,1,0,1,0,0,1,1,0,0,0,1,1,0,1,0,0,1,0,1,1,0,0
restart_aligned_regs_only_warmup11_cap1024_run01,267,0,14,B1964BB0966DF51E,0,1,1,1,1,0,0,0,1,0,1,0,1,1,1,1,1,0,1,1,0,1,1,0,0,1,1,0,1,0,0,1,0,0,0,0,1,1,0,1,1,1,0,1,0,0,1,0,0,1,1,0,1,0,0,1,1,0,0,0,1,1,0,1,0,0,1,0,1,0,0,0
restart_aligned_regs_only_warmup11_cap1024_run01,268,0,7D,B19E49B0866DF50E,0,1,1,1,0,0,0,0,1,0,1,0,1,1,1,1,1,0,1,1,0,1,1,0,0,1,1,0,0,0,0,1,0,0,0,0,1,1,0,1,1,0,0,1,0,0,1,0,0,1,1,1,1,0,0,1,1,0,0,0,1,1,0,1,1,0,1,1,1,1,1,0
restart_aligned_regs_only_warmup11_cap1024_run01,269,0,5F,B19E69B0866DD50E,0,1,1,1,0,0,0,0,1,0,1,0,1,0,1,1,1,0,1,1,0,1,1,0,0,1,1,0,0,0,0,1,0,0,0,0,1,1,0,1,1,0,0,1,0,1,1,0,0,1,1,1,1,0,0,1,1,0,0,0,1,1,0,1,1,1,1,1,1,0,1,0
restart_aligned_regs_only_warmup11_cap1024_run01,270,1,10,B1BE4BB0964DF51E,0,1,1,1,1,0,0,0,1,0,1,0,1,1,1,1,1,0,1,1,0,0,1,0,0,1,1,0,1,0,0,1,0,0,0,0,1,1,0,1,1,1,0,1,0,0,1,0,0,1,1,1,1,1,0,1,1,0,0,0,1,1,0,1,0,0,0,0,1,0,0,0
restart_aligned_regs_only_warmup11_cap1024_run01,271,0,71,B1B649B0064DF50E,0,1,1,1,0,0,0,0,1,0,1,0,1,1,1,1,1,0,1,1,0,0,1,0,0,1,1,0,0,0,0,0,0,0,0,0,1,1,0,1,1,0,0,1,0,0,1,0,0,1,1,0,1,1,0,1,1,0,0,0,1,1,0,1,1,0,0,0,1,1,1,0
restart_aligned_regs_only_warmup11_cap1024_run01,272,1,5D,B19E69B0866DF50E,0,1,1,1,0,0,0,0,1,0,1,0,1,1,1,1,1,0,1,1,0,1,1,0,0,1,1,0,0,0,0,1,0,0,0,0,1,1,0,1,1,0,0,1,0,1,1,0,0,1,1,1,1,0,0,1,1,0,0,0,1,1,0,1,1,0,1,1,1,0,1,0
restart_aligned_regs_only_warmup11_cap1024_run01,273,0,1D,B1964BB0866DF50E,0,1,1,1,0,0,0,0,1,0,1,0,1,1,1,1,1,0,1,1,0,1,1,0,0,1,1,0,0,0,0,1,0,0,0,0,1,1,0,1,1,1,0,1,0,0,1,0,0,1,1,0,1,0,0,1,1,0,0,0,1,1,0,1,1,0,1,1,1,0,0,0
restart_aligned_regs_only_warmup11_cap1024_run01,274,1,79,B19E49B0864DF50E,0,1,1,1,0,0,0,0,1,0,1,0,1,1,1,1,1,0,1,1,0,0,1,0,0,1,1,0,0,0,0,1,0,0,0,0,1,1,0,1,1,0,0,1,0,0,1,0,0,1,1,1,1,0,0,1,1,0,0,0,1,1,0,1,1,0,0,1,1,1,1,0
restart_aligned_regs_only_warmup11_cap1024_run01,275,0,74,B19E6BB0966DF51E,0,1,1,1,1,0,0,0,1,0,1,0,1,1,1,1,1,0,1,1,0,1,1,0,0,1,1,0,1,0,0,1,0,0,0,0,1,1,0,1,1,1,0,1,0,1,1,0,0,1,1,1,1,0,0,1,1,0,0,0,1,1,0,1,0,0,1,0,1,1,1,0
restart_aligned_regs_only_warmup11_cap1024_run01,276,0,7D,B19E6DB0866DF50E,0,1,1,1,0,0,0,0,1,0,1,0,1,1,1,1,1,0,1,1,0,1,1,0,0,1,1,0,0,0,0,1,0,0,0,0,1,1,0,1,1,0,1,1,0,1,1,0,0,1,1,1,1,0,0,1,1,0,0,0,1,1,0,1,1,0,1,1,1,1,1,0
restart_aligned_regs_only_warmup11_cap1024_run01,277,0,7D,B19E6BB0166DF50E,0,1,1,1,0,0,0,0,1,0,1,0,1,1,1,1,1,0,1,1,0,1,1,0,0,1,1,0,1,0,0,0,0,0,0,0,1,1,0,1,1,1,0,1,0,1,1,0,0,1,1,1,1,0,0,1,1,0,0,0,1,1,0,1,1,0,1,1,1,1,1,0
restart_aligned_regs_only_warmup11_cap1024_run01,278,1,34,B1966DB0966DF51E,0,1,1,1,1,0,0,0,1,0,1,0,1,1,1,1,1,0,1,1,0,1,1,0,0,1,1,0,1,0,0,1,0,0,0,0,1,1,0,1,1,0,1,1,0,1,1,0,0,1,1,0,1,0,0,1,1,0,0,0,1,1,0,1,0,0,1,0,1,1,0,0
restart_aligned_regs_only_warmup11_cap1024_run01,279,0,55,B19E69B0066DF50E,0,1,1,1,0,0,0,0,1,0,1,0,1,1,1,1,1,0,1,1,0,1,1,0,0,1,1,0,0,0,0,0,0,0,0,0,1,1,0,1,1,0,0,1,0,1,1,0,0,1,1,1,1,0,0,1,1,0,0,0,1,1,0,1,1,0,1,0,1,0,1,0
restart_aligned_regs_only_warmup11_cap1024_run01,280,1,54,B19E69B0966DF51E,0,1,1,1,1,0,0,0,1,0,1,0,1,1,1,1,1,0,1,1,0,1,1,0,0,1,1,0,1,0,0,1,0,0,0,0,1,1,0,1,1,0,0,1,0,1,1,0,0,1,1,1,1,0,0,1,1,0,0,0,1,1,0,1,0,0,1,0,1,0,1,0
restart_aligned_regs_only_warmup11_cap1024_run01,281,0,7D,B19E6BB0866DF50E,0,1,1,1,0,0,0,0,1,0,1,0,1,1,1,1,1,0,1,1,0,1,1,0,0,1,1,0,0,0,0,1,0,0,0,0,1,1,0,1,1,1,0,1,0,1,1,0,0,1,1,1,1,0,0,1,1,0,0,0,1,1,0,1,1,0,1,1,1,1,1,0
restart_aligned_regs_only_warmup11_cap1024_run01,282,0,55,B19E69B0966DF50E,0,1,1,1,0,0,0,0,1,0,1,0,1,1,1,1,1,0,1,1,0,1,1,0,0,1,1,0,1,0,0,1,0,0,0,0,1,1,0,1,1,0,0,1,0,1,1,0,0,1,1,1,1,0,0,1,1,0,0,0,1,1,0,1,1,0,1,0,1,0,1,0
restart_aligned_regs_only_warmup11_cap1024_run01,283,0,7D,B19E6DB0866DF50E,0,1,1,1,0,0,0,0,1,0,1,0,1,1,1,1,1,0,1,1,0,1,1,0,0,1,1,0,0,0,0,1,0,0,0,0,1,1,0,1,1,0,1,1,0,1,1,0,0,1,1,1,1,0,0,1,1,0,0,0,1,1,0,1,1,0,1,1,1,1,1,0
restart_aligned_regs_only_warmup11_cap1024_run01,284,1,5D,B19E69B0866DF50E,0,1,1,1,0,0,0,0,1,0,1,0,1,1,1,1,1,0,1,1,0,1,1,0,0,1,1,0,0,0,0,1,0,0,0,0,1,1,0,1,1,0,0,1,0,1,1,0,0,1,1,1,1,0,0,1,1,0,0,0,1,1,0,1,1,0,1,1,1,0,1,0
restart_aligned_regs_only_warmup11_cap1024_run01,285,1,75,B19E6DB0066DF50E,0,1,1,1,0,0,0,0,1,0,1,0,1,1,1,1,1,0,1,1,0,1,1,0,0,1,1,0,0,0,0,0,0,0,0,0,1,1,0,1,1,0,1,1,0,1,1,0,0,1,1,1,1,0,0,1,1,0,0,0,1,1,0,1,1,0,1,0,1,1,1,0
restart_aligned_regs_only_warmup11_cap1024_run01,286,1,5D,B19E6FB0866DF50E,0,1,1,1,0,0,0,0,1,0,1,0,1,1,1,1,1,0,1,1,0,1,1,0,0,1,1,0,0,0,0,1,0,0,0,0,1,1,0,1,1,1,1,1,0,1,1,0,0,1,1,1,1,0,0,1,1,0,0,0,1,1,0,1,1,0,1,1,1,0,1,0
restart_aligned_regs_only_warmup11_cap1024_run01,287,1,3D,B1966DB0866DF50E,0,1,1,1,0,0,0,0,1,0,1,0,1,1,1,1,1,0,1,1,0,1,1,0,0,1,1,0,0,0,0,1,0,0,0,0,1,1,0,1,1,0,1,1,0,1,1,0,0,1,1,0,1,0,0,1,1,0,0,0,1,1,0,1,1,0,1,1,1,1,0,0
restart_aligned_regs_only_warmup11_cap1024_run01,288,1,5D,B19E6FB0866DF50E,0,1,1,1,0,0,0,0,1,0,1,0,1,1,1,1,1,0,1,1,0,1,1,0,0,1,1,0,0,0,0,1,0,0,0,0,1,1,0,1,1,1,1,1,0,1,1,0,0,1,1,1,1,0,0,1,1,0,0,0,1,1,0,1,1,0,1,1,1,0,1,0
restart_aligned_regs_only_warmup11_cap1024_run01,289,0,59,B19E4DB0864DF50E,0,1,1,1,0,0,0,0,1,0,1,0,1,1,1,1,1,0,1,1,0,0,1,0,0,1,1,0,0,0,0,1,0,0,0,0,1,1,0,1,1,0,1,1,0,0,1,0,0,1,1,1,1,0,0,1,1,0,0,0,1,1,0,1,1,0,0,1,1,0,1,0
restart_aligned_regs_only_warmup11_cap1024_run01,290,1,34,B1964FB0966DF51E,0,1,1,1,1,0,0,0,1,0,1,0,1,1,1,1,1,0,1,1,0,1,1,0,0,1,1,0,1,0,0,1,0,0,0,0,1,1,0,1,1,1,1,1,0,0,1,0,0,1,1,0,1,0,0,1,1,0,0,0,1,1,0,1,0,0,1,0,1,1,0,0
restart_aligned_regs_only_warmup11_cap1024_run01,291,1,54,B19E4BB0966DF51E,0,1,1,1,1,0,0,0,1,0,1,0,1,1,1,1,1,0,1,1,0,1,1,0,0,1,1,0,1,0,0,1,0,0,0,0,1,1,0,1,1,1,0,1,0,0,1,0,0,1,1,1,1,0,0,1,1,0,0,0,1,1,0,1,0,0,1,0,1,0,1,0
restart_aligned_regs_only_warmup11_cap1024_run01,292,1,15,B19669B0966DF50E,0,1,1,1,0,0,0,0,1,0,1,0,1,1,1,1,1,0,1,1,0,1,1,0,0,1,1,0,1,0,0,1,0,0,0,0,1,1,0,1,1,0,0,1,0,1,1,0,0,1,1,0,1,0,0,1,1,0,0,0,1,1,0,1,1,0,1,0,1,0,0,0
restart_aligned_regs_only_warmup11_cap1024_run01,293,1,70,B1B649B0964DF51E,0,1,1,1,1,0,0,0,1,0,1,0,1,1,1,1,1,0,1,1,0,0,1,0,0,1,1,0,1,0,0,1,0,0,0,0,1,1,0,1,1,0,0,1,0,0,1,0,0,1,1,0,1,1,0,1,1,0,0,0,1,1,0,1,0,0,0,0,1,1,1,0
restart_aligned_regs_only_warmup11_cap1024_run01,294,1,7C,B19E4FB0166DF51E,0,1,1,1,1,0,0,0,1,0,1,0,1,1,1,1,1,0,1,1,0,1,1,0,0,1,1,0,1,0,0,0,0,0,0,0,1,1,0,1,1,1,1,1,0,0,1,0,0,1,1,1,1,0,0,1,1,0,0,0,1,1,0,1,0,0,1,1,1,1,1,0
restart_aligned_regs_only_warmup11_cap1024_run01,295,0,55,B19E69B0066DF50E,0,1,1,1,0,0,0,0,1,0,1,0,1,1,1,1,1,0,1,1,0,1,1,0,0,1,1,0,0,0,0,0,0,0,0,0,1,1,0,1,1,0,0,1,0,1,1,0,0,1,1,1,1,0,0,1,1,0,0,0,1,1,0,1,1,0,1,0,1,0,1,0
restart_aligned_regs_only_warmup11_cap1024_run01,296,0,5C,B19E69B0166DF51E,0,1,1,1,1,0,0,0,1,0,1,0,1,1,1,1,1,0,1,1,0,1,1,0,0,1,1,0,1,0,0,0,0,0,0,0,1,1,0,1,1,0,0,1,0,1,1,0,0,1,1,1,1,0,0,1,1,0,0,0,1,1,0,1,0,0,1,1,1,0,1,0
restart_aligned_regs_only_warmup11_cap1024_run01,297,1,54,B19E69B0966DF51E,0,1,1,1,1,0,0,0,1,0,1,0,1,1,1,1,1,0,1,1,0,1,1,0,0,1,1,0,1,0,0,1,0,0,0,0,1,1,0,1,1,0,0,1,0,1,1,0,0,1,1,1,1,0,0,1,1,0,0,0,1,1,0,1,0,0,1,0,1,0,1,0
restart_aligned_regs_only_warmup11_cap1024_run01,298,0,74,B19E6BB0966DF51E,0,1,1,1,1,0,0,0,1,0,1,0,1,1,1,1,1,0,1,1,0,1,1,0,0,1,1,0,1,0,0,1,0,0,0,0,1,1,0,1,1,1,0,1,0,1,1,0,0,1,1,1,1,0,0,1,1,0,0,0,1,1,0,1,0,0,1,0,1,1,1,0
restart_aligned_regs_only_warmup11_cap1024_run01,299,0,14,B19669B0966DF51E,0,1,1,1,1,0,0,0,1,0,1,0,1,1,1,1,1,0,1,1,0,1,1,0,0,1,1,0,1,0,0,1,0,0,0,0,1,1,0,1,1,0,0,1,0,1,1,0,0,1,1,0,1,0,0,1,1,0,0,0,1,1,0,1,0,0,1,0,1,0,0,0
restart_aligned_regs_only_warmup11_cap1024_run01,300,0,1D,B1964DB0866DF50E,0,1,1,1,0,0,0,0,1,0,1,0,1,1,1,1,1,0,1,1,0,1,1,0,0,1,1,0,0,0,0,1,0,0,0,0,1,1,0,1,1,0,1,1,0,0,1,0,0,1,1,0,1,0,0,1,1,0,0,0,1,1,0,1,1,0,1,1,1,0,0,0
restart_aligned_regs_only_warmup11_cap1024_run01,301,0,5C,B19E6FB0166DF51E,0,1,1,1,1,0,0,0,1,0,1,0,1,1,1,1,1,0,1,1,0,1,1,0,0,1,1,0,1,0,0,0,0,0,0,0,1,1,0,1,1,1,1,1,0,1,1,0,0,1,1,1,1,0,0,1,1,0,0,0,1,1,0,1,0,0,1,1,1,0,1,0
restart_aligned_regs_only_warmup11_cap1024_run01,302,1,7F,B19E6DB0866DD50E,0,1,1,1,0,0,0,0,1,0,1,0,1,0,1,1,1,0,1,1,0,1,1,0,0,1,1,0,0,0,0,1,0,0,0,0,1,1,0,1,1,0,1,1,0,1,1,0,0,1,1,1,1,0,0,1,1,0,0,0,1,1,0,1,1,1,1,1,1,1,1,0
restart_aligned_regs_only_warmup11_cap1024_run01,303,0,1D,B19669B0866DF50E,0,1,1,1,0,0,0,0,1,0,1,0,1,1,1,1,1,0,1,1,0,1,1,0,0,1,1,0,0,0,0,1,0,0,0,0,1,1,0,1,1,0,0,1,0,1,1,0,0,1,1,0,1,0,0,1,1,0,0,0,1,1,0,1,1,0,1,1,1,0,0,0
restart_aligned_regs_only_warmup11_cap1024_run01,304,1,75,B19E79B0066DF50E,0,1,1,1,0,0,0,0,1,0,1,0,1,1,1,1,1,0,1,1,0,1,1,0,0,1,1,0,0,0,0,0,0,0,0,0,1,1,0,1,1,0,0,1,1,1,1,0,0,1,1,1,1,0,0,1,1,0,0,0,1,1,0,1,1,0,1,0,1,1,1,0
restart_aligned_regs_only_warmup11_cap1024_run01,305,1,5D,B19E4BB0866DF50E,0,1,1,1,0,0,0,0,1,0,1,0,1,1,1,1,1,0,1,1,0,1,1,0,0,1,1,0,0,0,0,1,0,0,0,0,1,1,0,1,1,1,0,1,0,0,1,0,0,1,1,1,1,0,0,1,1,0,0,0,1,1,0,1,1,0,1,1,1,0,1,0
restart_aligned_regs_only_warmup11_cap1024_run01,306,0,71,B19E6BB00669F50E,0,1,1,1,0,0,0,0,1,0,1,0,1,1,1,1,1,0,0,1,0,1,1,0,0,1,1,0,0,0,0,0,0,0,0,0,1,1,0,1,1,1,0,1,0,1,1,0,0,1,1,1,1,0,0,1,1,0,0,0,1,1,0,1,1,0,0,0,1,1,1,0
restart_aligned_regs_only_warmup11_cap1024_run01,307,0,1D,B19669B0166DF50E,0,1,1,1,0,0,0,0,1,0,1,0,1,1,1,1,1,0,1,1,0,1,1,0,0,1,1,0,1,0,0,0,0,0,0,0,1,1,0,1,1,0,0,1,0,1,1,0,0,1,1,0,1,0,0,1,1,0,0,0,1,1,0,1,1,0,1,1,1,0,0,0
restart_aligned_regs_only_warmup11_cap1024_run01,308,1,7F,B19E6BB0866DD50E,0,1,1,1,0,0,0,0,1,0,1,0,1,0,1,1,1,0,1,1,0,1,1,0,0,1,1,0,0,0,0,1,0,0,0,0,1,1,0,1,1,1,0,1,0,1,1,0,0,1,1,1,1,0,0,1,1,0,0,0,1,1,0,1,1,1,1,1,1,1,1,0
restart_aligned_regs_only_warmup11_cap1024_run01,309,1,75,B19E6BB0966DF50E,0,1,1,1,0,0,0,0,1,0,1,0,1,1,1,1,1,0,1,1,0,1,1,0,0,1,1,0,1,0,0,1,0,0,0,0,1,1,0,1,1,1,0,1,0,1,1,0,0,1,1,1,1,0,0,1,1,0,0,0,1,1,0,1,1,0,1,0,1,1,1,0
restart_aligned_regs_only_warmup11_cap1024_run01,310,1,5D,B19E69B0866DF50E,0,1,1,1,0,0,0,0,1,0,1,0,1,1,1,1,1,0,1,1,0,1,1,0,0,1,1,0,0,0,0,1,0,0,0,0,1,1,0,1,1,0,0,1,0,1,1,0,0,1,1,1,1,0,0,1,1,0,0,0,1,1,0,1,1,0,1,1,1,0,1,0
restart_aligned_regs_only_warmup11_cap1024_run01,311,1,34,B1966DB0966DF51E,0,1,1,1,1,0,0,0,1,0,1,0,1,1,1,1,1,0,1,1,0,1,1,0,0,1,1,0,1,0,0,1,0,0,0,0,1,1,0,1,1,0,1,1,0,1,1,0,0,1,1,0,1,0,0,1,1,0,0,0,1,1,0,1,0,0,1,0,1,1,0,0
restart_aligned_regs_only_warmup11_cap1024_run01,312,1,34,B1966DB0966DF51E,0,1,1,1,1,0,0,0,1,0,1,0,1,1,1,1,1,0,1,1,0,1,1,0,0,1,1,0,1,0,0,1,0,0,0,0,1,1,0,1,1,0,1,1,0,1,1,0,0,1,1,0,1,0,0,1,1,0,0,0,1,1,0,1,0,0,1,0,1,1,0,0
restart_aligned_regs_only_warmup11_cap1024_run01,313,1,54,B19E69B0966DF51E,0,1,1,1,1,0,0,0,1,0,1,0,1,1,1,1,1,0,1,1,0,1,1,0,0,1,1,0,1,0,0,1,0,0,0,0,1,1,0,1,1,0,0,1,0,1,1,0,0,1,1,1,1,0,0,1,1,0,0,0,1,1,0,1,0,0,1,0,1,0,1,0
restart_aligned_regs_only_warmup11_cap1024_run01,314,1,54,B19E6FB0966DF51E,0,1,1,1,1,0,0,0,1,0,1,0,1,1,1,1,1,0,1,1,0,1,1,0,0,1,1,0,1,0,0,1,0,0,0,0,1,1,0,1,1,1,1,1,0,1,1,0,0,1,1,1,1,0,0,1,1,0,0,0,1,1,0,1,0,0,1,0,1,0,1,0
restart_aligned_regs_only_warmup11_cap1024_run01,315,0,59,B19E69B08669F50E,0,1,1,1,0,0,0,0,1,0,1,0,1,1,1,1,1,0,0,1,0,1,1,0,0,1,1,0,0,0,0,1,0,0,0,0,1,1,0,1,1,0,0,1,0,1,1,0,0,1,1,1,1,0,0,1,1,0,0,0,1,1,0,1,1,0,0,1,1,0,1,0
restart_aligned_regs_only_warmup11_cap1024_run01,316,0,14,B1966FB0966DF51E,0,1,1,1,1,0,0,0,1,0,1,0,1,1,1,1,1,0,1,1,0,1,1,0,0,1,1,0,1,0,0,1,0,0,0,0,1,1,0,1,1,1,1,1,0,1,1,0,0,1,1,0,1,0,0,1,1,0,0,0,1,1,0,1,0,0,1,0,1,0,0,0
restart_aligned_regs_only_warmup11_cap1024_run01,317,1,54,B19E69B0966DF51E,0,1,1,1,1,0,0,0,1,0,1,0,1,1,1,1,1,0,1,1,0,1,1,0,0,1,1,0,1,0,0,1,0,0,0,0,1,1,0,1,1,0,0,1,0,1,1,0,0,1,1,1,1,0,0,1,1,0,0,0,1,1,0,1,0,0,1,0,1,0,1,0
restart_aligned_regs_only_warmup11_cap1024_run01,318,0,71,B19E49B09669F50E,0,1,1,1,0,0,0,0,1,0,1,0,1,1,1,1,1,0,0,1,0,1,1,0,0,1,1,0,1,0,0,1,0,0,0,0,1,1,0,1,1,0,0,1,0,0,1,0,0,1,1,1,1,0,0,1,1,0,0,0,1,1,0,1,1,0,0,0,1,1,1,0
restart_aligned_regs_only_warmup11_cap1024_run01,319,0,74,B19E6BB0966DF51E,0,1,1,1,1,0,0,0,1,0,1,0,1,1,1,1,1,0,1,1,0,1,1,0,0,1,1,0,1,0,0,1,0,0,0,0,1,1,0,1,1,1,0,1,0,1,1,0,0,1,1,1,1,0,0,1,1,0,0,0,1,1,0,1,0,0,1,0,1,1,1,0
restart_aligned_regs_only_warmup11_cap1024_run01,320,0,14,B1966FB0966DF51E,0,1,1,1,1,0,0,0,1,0,1,0,1,1,1,1,1,0,1,1,0,1,1,0,0,1,1,0,1,0,0,1,0,0,0,0,1,1,0,1,1,1,1,1,0,1,1,0,0,1,1,0,1,0,0,1,1,0,0,0,1,1,0,1,0,0,1,0,1,0,0,0
restart_aligned_regs_only_warmup11_cap1024_run01,321,1,7C,B19E49B0166DF51E,0,1,1,1,1,0,0,0,1,0,1,0,1,1,1,1,1,0,1,1,0,1,1,0,0,1,1,0,1,0,0,0,0,0,0,0,1,1,0,1,1,0,0,1,0,0,1,0,0,1,1,1,1,0,0,1,1,0,0,0,1,1,0,1,0,0,1,1,1,1,1,0
restart_aligned_regs_only_warmup11_cap1024_run01,322,0,7D,B19E49B0866DF50E,0,1,1,1,0,0,0,0,1,0,1,0,1,1,1,1,1,0,1,1,0,1,1,0,0,1,1,0,0,0,0,1,0,0,0,0,1,1,0,1,1,0,0,1,0,0,1,0,0,1,1,1,1,0,0,1,1,0,0,0,1,1,0,1,1,0,1,1,1,1,1,0
restart_aligned_regs_only_warmup11_cap1024_run01,323,1,10,B19669B09669F51E,0,1,1,1,1,0,0,0,1,0,1,0,1,1,1,1,1,0,0,1,0,1,1,0,0,1,1,0,1,0,0,1,0,0,0,0,1,1,0,1,1,0,0,1,0,1,1,0,0,1,1,0,1,0,0,1,1,0,0,0,1,1,0,1,0,0,0,0,1,0,0,0
restart_aligned_regs_only_warmup11_cap1024_run01,324,1,54,B19E6FB0966DF51E,0,1,1,1,1,0,0,0,1,0,1,0,1,1,1,1,1,0,1,1,0,1,1,0,0,1,1,0,1,0,0,1,0,0,0,0,1,1,0,1,1,1,1,1,0,1,1,0,0,1,1,1,1,0,0,1,1,0,0,0,1,1,0,1,0,0,1,0,1,0,1,0
restart_aligned_regs_only_warmup11_cap1024_run01,325,0,39,B1964FB0864DF50E,0,1,1,1,0,0,0,0,1,0,1,0,1,1,1,1,1,0,1,1,0,0,1,0,0,1,1,0,0,0,0,1,0,0,0,0,1,1,0,1,1,1,1,1,0,0,1,0,0,1,1,0,1,0,0,1,1,0,0,0,1,1,0,1,1,0,0,1,1,1,0,0
restart_aligned_regs_only_warmup11_cap1024_run01,326,0,74,B19E4FB0966DF51E,0,1,1,1,1,0,0,0,1,0,1,0,1,1,1,1,1,0,1,1,0,1,1,0,0,1,1,0,1,0,0,1,0,0,0,0,1,1,0,1,1,1,1,1,0,0,1,0,0,1,1,1,1,0,0,1,1,0,0,0,1,1,0,1,0,0,1,0,1,1,1,0
restart_aligned_regs_only_warmup11_cap1024_run01,327,1,34,B1964FB0966DF51E,0,1,1,1,1,0,0,0,1,0,1,0,1,1,1,1,1,0,1,1,0,1,1,0,0,1,1,0,1,0,0,1,0,0,0,0,1,1,0,1,1,1,1,1,0,0,1,0,0,1,1,0,1,0,0,1,1,0,0,0,1,1,0,1,0,0,1,0,1,1,0,0
restart_aligned_regs_only_warmup11_cap1024_run01,328,1,7F,B19E4FB0866DF10E,0,1,1,1,0,0,0,0,1,0,0,0,1,1,1,1,1,0,1,1,0,1,1,0,0,1,1,0,0,0,0,1,0,0,0,0,1,1,0,1,1,1,1,1,0,0,1,0,0,1,1,1,1,0,0,1,1,0,0,0,1,1,0,1,1,1,1,1,1,1,1,0
restart_aligned_regs_only_warmup11_cap1024_run01,329,0,74,B19E6BB0966DF51E,0,1,1,1,1,0,0,0,1,0,1,0,1,1,1,1,1,0,1,1,0,1,1,0,0,1,1,0,1,0,0,1,0,0,0,0,1,1,0,1,1,1,0,1,0,1,1,0,0,1,1,1,1,0,0,1,1,0,0,0,1,1,0,1,0,0,1,0,1,1,1,0
restart_aligned_regs_only_warmup11_cap1024_run01,330,0,30,B1964FB0964DF51E,0,1,1,1,1,0,0,0,1,0,1,0,1,1,1,1,1,0,1,1,0,0,1,0,0,1,1,0,1,0,0,1,0,0,0,0,1,1,0,1,1,1,1,1,0,0,1,0,0,1,1,0,1,0,0,1,1,0,0,0,1,1,0,1,0,0,0,0,1,1,0,0
restart_aligned_regs_only_warmup11_cap1024_run01,331,0,5C,B19E4DB0166DF51E,0,1,1,1,1,0,0,0,1,0,1,0,1,1,1,1,1,0,1,1,0,1,1,0,0,1,1,0,1,0,0,0,0,0,0,0,1,1,0,1,1,0,1,1,0,0,1,0,0,1,1,1,1,0,0,1,1,0,0,0,1,1,0,1,0,0,1,1,1,0,1,0
restart_aligned_regs_only_warmup11_cap1024_run01,332,0,59,B19E69B08669F50E,0,1,1,1,0,0,0,0,1,0,1,0,1,1,1,1,1,0,0,1,0,1,1,0,0,1,1,0,0,0,0,1,0,0,0,0,1,1,0,1,1,0,0,1,0,1,1,0,0,1,1,1,1,0,0,1,1,0,0,0,1,1,0,1,1,0,0,1,1,0,1,0
restart_aligned_regs_only_warmup11_cap1024_run01,333,0,74,B19E6BB0966DF51E,0,1,1,1,1,0,0,0,1,0,1,0,1,1,1,1,1,0,1,1,0,1,1,0,0,1,1,0,1,0,0,1,0,0,0,0,1,1,0,1,1,1,0,1,0,1,1,0,0,1,1,1,1,0,0,1,1,0,0,0,1,1,0,1,0,0,1,0,1,1,1,0
restart_aligned_regs_only_warmup11_cap1024_run01,334,0,1D,B1964DB0166DF50E,0,1,1,1,0,0,0,0,1,0,1,0,1,1,1,1,1,0,1,1,0,1,1,0,0,1,1,0,1,0,0,0,0,0,0,0,1,1,0,1,1,0,1,1,0,0,1,0,0,1,1,0,1,0,0,1,1,0,0,0,1,1,0,1,1,0,1,1,1,0,0,0
restart_aligned_regs_only_warmup11_cap1024_run01,335,1,1C,B1966FB0166DF51E,0,1,1,1,1,0,0,0,1,0,1,0,1,1,1,1,1,0,1,1,0,1,1,0,0,1,1,0,1,0,0,0,0,0,0,0,1,1,0,1,1,1,1,1,0,1,1,0,0,1,1,0,1,0,0,1,1,0,0,0,1,1,0,1,0,0,1,1,1,0,0,0
restart_aligned_regs_only_warmup11_cap1024_run01,336,0,55,B19E4BB0966DF50E,0,1,1,1,0,0,0,0,1,0,1,0,1,1,1,1,1,0,1,1,0,1,1,0,0,1,1,0,1,0,0,1,0,0,0,0,1,1,0,1,1,1,0,1,0,0,1,0,0,1,1,1,1,0,0,1,1,0,0,0,1,1,0,1,1,0,1,0,1,0,1,0
restart_aligned_regs_only_warmup11_cap1024_run01,337,1,5D,B19E6FB0866DD10E,0,1,1,1,0,0,0,0,1,0,0,0,1,0,1,1,1,0,1,1,0,1,1,0,0,1,1,0,0,0,0,1,0,0,0,0,1,1,0,1,1,1,1,1,0,1,1,0,0,1,1,1,1,0,0,1,1,0,0,0,1,1,0,1,1,0,1,1,1,0,1,0
restart_aligned_regs_only_warmup11_cap1024_run01,338,0,7D,B19E6BB0866DF50E,0,1,1,1,0,0,0,0,1,0,1,0,1,1,1,1,1,0,1,1,0,1,1,0,0,1,1,0,0,0,0,1,0,0,0,0,1,1,0,1,1,1,0,1,0,1,1,0,0,1,1,1,1,0,0,1,1,0,0,0,1,1,0,1,1,0,1,1,1,1,1,0
restart_aligned_regs_only_warmup11_cap1024_run01,339,1,5D,B19E6FB0166DF50E,0,1,1,1,0,0,0,0,1,0,1,0,1,1,1,1,1,0,1,1,0,1,1,0,0,1,1,0,1,0,0,0,0,0,0,0,1,1,0,1,1,1,1,1,0,1,1,0,0,1,1,1,1,0,0,1,1,0,0,0,1,1,0,1,1,0,1,1,1,0,1,0
restart_aligned_regs_only_warmup11_cap1024_run01,340,1,54,B19E6FB0966DF51E,0,1,1,1,1,0,0,0,1,0,1,0,1,1,1,1,1,0,1,1,0,1,1,0,0,1,1,0,1,0,0,1,0,0,0,0,1,1,0,1,1,1,1,1,0,1,1,0,0,1,1,1,1,0,0,1,1,0,0,0,1,1,0,1,0,0,1,0,1,0,1,0
restart_aligned_regs_only_warmup11_cap1024_run01,341,0,56,B19E69B0966DD51E,0,1,1,1,1,0,0,0,1,0,1,0,1,0,1,1,1,0,1,1,0,1,1,0,0,1,1,0,1,0,0,1,0,0,0,0,1,1,0,1,1,0,0,1,0,1,1,0,0,1,1,1,1,0,0,1,1,0,0,0,1,1,0,1,0,1,1,0,1,0,1,0
restart_aligned_regs_only_warmup11_cap1024_run01,342,1,04,B19669A0966DF51E,0,1,1,1,1,0,0,0,1,0,1,0,1,1,1,1,1,0,1,1,0,1,1,0,0,1,1,0,1,0,0,1,0,0,0,0,0,1,0,1,1,0,0,1,0,1,1,0,0,1,1,0,1,0,0,1,1,0,0,0,1,1,0,1,0,0,1,0,0,0,0,0
restart_aligned_regs_only_warmup11_cap1024_run01,343,1,1C,B1966FB0166DF51E,0,1,1,1,1,0,0,0,1,0,1,0,1,1,1,1,1,0,1,1,0,1,1,0,0,1,1,0,1,0,0,0,0,0,0,0,1,1,0,1,1,1,1,1,0,1,1,0,0,1,1,0,1,0,0,1,1,0,0,0,1,1,0,1,0,0,1,1,1,0,0,0
restart_aligned_regs_only_warmup11_cap1024_run01,344,1,15,B19669B0066DF50E,0,1,1,1,0,0,0,0,1,0,1,0,1,1,1,1,1,0,1,1,0,1,1,0,0,1,1,0,0,0,0,0,0,0,0,0,1,1,0,1,1,0,0,1,0,1,1,0,0,1,1,0,1,0,0,1,1,0,0,0,1,1,0,1,1,0,1,0,1,0,0,0
restart_aligned_regs_only_warmup11_cap1024_run01,345,1,58,B19E69B01669F51E,0,1,1,1,1,0,0,0,1,0,1,0,1,1,1,1,1,0,0,1,0,1,1,0,0,1,1,0,1,0,0,0,0,0,0,0,1,1,0,1,1,0,0,1,0,1,1,0,0,1,1,1,1,0,0,1,1,0,0,0,1,1,0,1,0,0,0,1,1,0,1,0
restart_aligned_regs_only_warmup11_cap1024_run01,346,0,14,B1966FB0966DF51E,0,1,1,1,1,0,0,0,1,0,1,0,1,1,1,1,1,0,1,1,0,1,1,0,0,1,1,0,1,0,0,1,0,0,0,0,1,1,0,1,1,1,1,1,0,1,1,0,0,1,1,0,1,0,0,1,1,0,0,0,1,1,0,1,0,0,1,0,1,0,0,0
restart_aligned_regs_only_warmup11_cap1024_run01,347,1,15,B1966FB0966DF50E,0,1,1,1,0,0,0,0,1,0,1,0,1,1,1,1,1,0,1,1,0,1,1,0,0,1,1,0,1,0,0,1,0,0,0,0,1,1,0,1,1,1,1,1,0,1,1,0,0,1,1,0,1,0,0,1,1,0,0,0,1,1,0,1,1,0,1,0,1,0,0,0
restart_aligned_regs_only_warmup11_cap1024_run01,348,0,F6,919E6BB0966DD51E,0,1,1,1,1,0,0,0,1,0,1,0,1,0,1,1,1,0,1,1,0,1,1,0,0,1,1,0,1,0,0,1,0,0,0,0,1,1,0,1,1,1,0,1,0,1,1,0,0,1,1,1,1,0,0,1,1,0,0,0,1,0,0,1,0,1,1,0,1,1,1,1
restart_aligned_regs_only_warmup11_cap1024_run01,349,0,3F,B1966BB0866DD50E,0,1,1,1,0,0,0,0,1,0,1,0,1,0,1,1,1,0,1,1,0,1,1,0,0,1,1,0,0,0,0,1,0,0,0,0,1,1,0,1,1,1,0,1,0,1,1,0,0,1,1,0,1,0,0,1,1,0,0,0,1,1,0,1,1,1,1,1,1,1,0,0
restart_aligned_regs_only_warmup11_cap1024_run01,350,1,76,B19E6BB0966DD51E,0,1,1,1,1,0,0,0,1,0,1,0,1,0,1,1,1,0,1,1,0,1,1,0,0,1,1,0,1,0,0,1,0,0,0,0,1,1,0,1,1,1,0,1,0,1,1,0,0,1,1,1,1,0,0,1,1,0,0,0,1,1,0,1,0,1,1,0,1,1,1,0
restart_aligned_regs_only_warmup11_cap1024_run01,351,1,64,B19E4FA0966DF51E,0,1,1,1,1,0,0,0,1,0,1,0,1,1,1,1,1,0,1,1,0,1,1,0,0,1,1,0,1,0,0,1,0,0,0,0,0,1,0,1,1,1,1,1,0,0,1,0,0,1,1,1,1,0,0,1,1,0,0,0,1,1,0,1,0,0,1,0,0,1,1,0
restart_aligned_regs_only_warmup11_cap1024_run01,352,1,16,B1966FB0966DF11E,0,1,1,1,1,0,0,0,1,0,0,0,1,1,1,1,1,0,1,1,0,1,1,0,0,1,1,0,1,0,0,1,0,0,0,0,1,1,0,1,1,1,1,1,0,1,1,0,0,1,1,0,1,0,0,1,1,0,0,0,1,1,0,1,0,1,1,0,1,0,0,0
restart_aligned_regs_only_warmup11_cap1024_run01,353,0,DB,919E69B01669D50E,0,1,1,1,0,0,0,0,1,0,1,0,1,0,1,1,1,0,0,1,0,1,1,0,0,1,1,0,1,0,0,0,0,0,0,0,1,1,0,1,1,0,0,1,0,1,1,0,0,1,1,1,1,0,0,1,1,0,0,0,1,0,0,1,1,1,0,1,1,0,1,1
restart_aligned_regs_only_warmup11_cap1024_run01,354,1,57,B19E69B0966DD50E,0,1,1,1,0,0,0,0,1,0,1,0,1,0,1,1,1,0,1,1,0,1,1,0,0,1,1,0,1,0,0,1,0,0,0,0,1,1,0,1,1,0,0,1,0,1,1,0,0,1,1,1,1,0,0,1,1,0,0,0,1,1,0,1,1,1,1,0,1,0,1,0
restart_aligned_regs_only_warmup11_cap1024_run01,355,0,35,B1964FB0966DF50E,0,1,1,1,0,0,0,0,1,0,1,0,1,1,1,1,1,0,1,1,0,1,1,0,0,1,1,0,1,0,0,1,0,0,0,0,1,1,0,1,1,1,1,1,0,0,1,0,0,1,1,0,1,0,0,1,1,0,0,0,1,1,0,1,1,0,1,0,1,1,0,0
restart_aligned_regs_only_warmup11_cap1024_run01,356,1,5E,B19E69B0166DD51E,0,1,1,1,1,0,0,0,1,0,1,0,1,0,1,1,1,0,1,1,0,1,1,0,0,1,1,0,1,0,0,0,0,0,0,0,1,1,0,1,1,0,0,1,0,1,1,0,0,1,1,1,1,0,0,1,1,0,0,0,1,1,0,1,0,1,1,1,1,0,1,0
restart_aligned_regs_only_warmup11_cap1024_run01,357,0,D7,919E6FB0966DD50E,0,1,1,1,0,0,0,0,1,0,1,0,1,0,1,1,1,0,1,1,0,1,1,0,0,1,1,0,1,0,0,1,0,0,0,0,1,1,0,1,1,1,1,1,0,1,1,0,0,1,1,1,1,0,0,1,1,0,0,0,1,0,0,1,1,1,1,0,1,0,1,1
restart_aligned_regs_only_warmup11_cap1024_run01,358,0,1D,B1964BB0866DF50E,0,1,1,1,0,0,0,0,1,0,1,0,1,1,1,1,1,0,1,1,0,1,1,0,0,1,1,0,0,0,0,1,0,0,0,0,1,1,0,1,1,1,0,1,0,0,1,0,0,1,1,0,1,0,0,1,1,0,0,0,1,1,0,1,1,0,1,1,1,0,0,0
restart_aligned_regs_only_warmup11_cap1024_run01,359,0,44,B19E6FA0966DF51E,0,1,1,1,1,0,0,0,1,0,1,0,1,1,1,1,1,0,1,1,0,1,1,0,0,1,1,0,1,0,0,1,0,0,0,0,0,1,0,1,1,1,1,1,0,1,1,0,0,1,1,1,1,0,0,1,1,0,0,0,1,1,0,1,0,0,1,0,0,0,1,0
restart_aligned_regs_only_warmup11_cap1024_run01,360,0,36,B1966BB0966DD51E,0,1,1,1,1,0,0,0,1,0,1,0,1,0,1,1,1,0,1,1,0,1,1,0,0,1,1,0,1,0,0,1,0,0,0,0,1,1,0,1,1,1,0,1,0,1,1,0,0,1,1,0,1,0,0,1,1,0,0,0,1,1,0,1,0,1,1,0,1,1,0,0
restart_aligned_regs_only_warmup11_cap1024_run01,361,0,24,B1964FA0966DF51E,0,1,1,1,1,0,0,0,1,0,1,0,1,1,1,1,1,0,1,1,0,1,1,0,0,1,1,0,1,0,0,1,0,0,0,0,0,1,0,1,1,1,1,1,0,0,1,0,0,1,1,0,1,0,0,1,1,0,0,0,1,1,0,1,0,0,1,0,0,1,0,0
restart_aligned_regs_only_warmup11_cap1024_run01,362,0,14,B19669B0966DF51E,0,1,1,1,1,0,0,0,1,0,1,0,1,1,1,1,1,0,1,1,0,1,1,0,0,1,1,0,1,0,0,1,0,0,0,0,1,1,0,1,1,0,0,1,0,1,1,0,0,1,1,0,1,0,0,1,1,0,0,0,1,1,0,1,0,0,1,0,1,0,0,0
restart_aligned_regs_only_warmup11_cap1024_run01,363,0,D7,919E69B0966DD50E,0,1,1,1,0,0,0,0,1,0,1,0,1,0,1,1,1,0,1,1,0,1,1,0,0,1,1,0,1,0,0,1,0,0,0,0,1,1,0,1,1,0,0,1,0,1,1,0,0,1,1,1,1,0,0,1,1,0,0,0,1,0,0,1,1,1,1,0,1,0,1,1
restart_aligned_regs_only_warmup11_cap1024_run01,364,1,5D,B19E69B0866DF50E,0,1,1,1,0,0,0,0,1,0,1,0,1,1,1,1,1,0,1,1,0,1,1,0,0,1,1,0,0,0,0,1,0,0,0,0,1,1,0,1,1,0,0,1,0,1,1,0,0,1,1,1,1,0,0,1,1,0,0,0,1,1,0,1,1,0,1,1,1,0,1,0
restart_aligned_regs_only_warmup11_cap1024_run01,365,0,7D,B19E6DB0866DF50E,0,1,1,1,0,0,0,0,1,0,1,0,1,1,1,1,1,0,1,1,0,1,1,0,0,1,1,0,0,0,0,1,0,0,0,0,1,1,0,1,1,0,1,1,0,1,1,0,0,1,1,1,1,0,0,1,1,0,0,0,1,1,0,1,1,0,1,1,1,1,1,0
restart_aligned_regs_only_warmup11_cap1024_run01,366,0,53,B19E69B09669D50E,0,1,1,1,0,0,0,0,1,0,1,0,1,0,1,1,1,0,0,1,0,1,1,0,0,1,1,0,1,0,0,1,0,0,0,0,1,1,0,1,1,0,0,1,0,1,1,0,0,1,1,1,1,0,0,1,1,0,0,0,1,1,0,1,1,1,0,0,1,0,1,0
restart_aligned_regs_only_warmup11_cap1024_run01,367,0,24,B1964FA0966DF51E,0,1,1,1,1,0,0,0,1,0,1,0,1,1,1,1,1,0,1,1,0,1,1,0,0,1,1,0,1,0,0,1,0,0,0,0,0,1,0,1,1,1,1,1,0,0,1,0,0,1,1,0,1,0,0,1,1,0,0,0,1,1,0,1,0,0,1,0,0,1,0,0
restart_aligned_regs_only_warmup11_cap1024_run01,368,1,34,B1966DB0966DF51E,0,1,1,1,1,0,0,0,1,0,1,0,1,1,1,1,1,0,1,1,0,1,1,0,0,1,1,0,1,0,0,1,0,0,0,0,1,1,0,1,1,0,1,1,0,1,1,0,0,1,1,0,1,0,0,1,1,0,0,0,1,1,0,1,0,0,1,0,1,1,0,0
restart_aligned_regs_only_warmup11_cap1024_run01,369,0,14,B19669B0966DF51E,0,1,1,1,1,0,0,0,1,0,1,0,1,1,1,1,1,0,1,1,0,1,1,0,0,1,1,0,1,0,0,1,0,0,0,0,1,1,0,1,1,0,0,1,0,1,1,0,0,1,1,0,1,0,0,1,1,0,0,0,1,1,0,1,0,0,1,0,1,0,0,0
restart_aligned_regs_only_warmup11_cap1024_run01,370,0,55,B19E69B0966DF50E,0,1,1,1,0,0,0,0,1,0,1,0,1,1,1,1,1,0,1,1,0,1,1,0,0,1,1,0,1,0,0,1,0,0,0,0,1,1,0,1,1,0,0,1,0,1,1,0,0,1,1,1,1,0,0,1,1,0,0,0,1,1,0,1,1,0,1,0,1,0,1,0
restart_aligned_regs_only_warmup11_cap1024_run01,371,0,1D,B19669B0866DF50E,0,1,1,1,0,0,0,0,1,0,1,0,1,1,1,1,1,0,1,1,0,1,1,0,0,1,1,0,0,0,0,1,0,0,0,0,1,1,0,1,1,0,0,1,0,1,1,0,0,1,1,0,1,0,0,1,1,0,0,0,1,1,0,1,1,0,1,1,1,0,0,0
restart_aligned_regs_only_warmup11_cap1024_run01,372,0,35,B1966DB0966DF50E,0,1,1,1,0,0,0,0,1,0,1,0,1,1,1,1,1,0,1,1,0,1,1,0,0,1,1,0,1,0,0,1,0,0,0,0,1,1,0,1,1,0,1,1,0,1,1,0,0,1,1,0,1,0,0,1,1,0,0,0,1,1,0,1,1,0,1,0,1,1,0,0
restart_aligned_regs_only_warmup11_cap1024_run01,373,1,34,B1966BB0966DF51E,0,1,1,1,1,0,0,0,1,0,1,0,1,1,1,1,1,0,1,1,0,1,1,0,0,1,1,0,1,0,0,1,0,0,0,0,1,1,0,1,1,1,0,1,0,1,1,0,0,1,1,0,1,0,0,1,1,0,0,0,1,1,0,1,0,0,1,0,1,1,0,0
restart_aligned_regs_only_warmup11_cap1024_run01,374,1,54,B19E6FB0966DF51E,0,1,1,1,1,0,0,0,1,0,1,0,1,1,1,1,1,0,1,1,0,1,1,0,0,1,1,0,1,0,0,1,0,0,0,0,1,1,0,1,1,1,1,1,0,1,1,0,0,1,1,1,1,0,0,1,1,0,0,0,1,1,0,1,0,0,1,0,1,0,1,0
restart_aligned_regs_only_warmup11_cap1024_run01,375,1,54,B19E6FB0966DF51E,0,1,1,1,1,0,0,0,1,0,1,0,1,1,1,1,1,0,1,1,0,1,1,0,0,1,1,0,1,0,0,1,0,0,0,0,1,1,0,1,1,1,1,1,0,1,1,0,0,1,1,1,1,0,0,1,1,0,0,0,1,1,0,1,0,0,1,0,1,0,1,0
restart_aligned_regs_only_warmup11_cap1024_run01,376,1,75,B19E6DB0966DF50E,0,1,1,1,0,0,0,0,1,0,1,0,1,1,1,1,1,0,1,1,0,1,1,0,0,1,1,0,1,0,0,1,0,0,0,0,1,1,0,1,1,0,1,1,0,1,1,0,0,1,1,1,1,0,0,1,1,0,0,0,1,1,0,1,1,0,1,0,1,1,1,0
restart_aligned_regs_only_warmup11_cap1024_run01,377,0,3C,B19649B0166DF51E,0,1,1,1,1,0,0,0,1,0,1,0,1,1,1,1,1,0,1,1,0,1,1,0,0,1,1,0,1,0,0,0,0,0,0,0,1,1,0,1,1,0,0,1,0,0,1,0,0,1,1,0,1,0,0,1,1,0,0,0,1,1,0,1,0,0,1,1,1,1,0,0
restart_aligned_regs_only_warmup11_cap1024_run01,378,1,34,B1964FB0966DF51E,0,1,1,1,1,0,0,0,1,0,1,0,1,1,1,1,1,0,1,1,0,1,1,0,0,1,1,0,1,0,0,1,0,0,0,0,1,1,0,1,1,1,1,1,0,0,1,0,0,1,1,0,1,0,0,1,1,0,0,0,1,1,0,1,0,0,1,0,1,1,0,0
restart_aligned_regs_only_warmup11_cap1024_run01,379,1,3D,B1964FB0866DF50E,0,1,1,1,0,0,0,0,1,0,1,0,1,1,1,1,1,0,1,1,0,1,1,0,0,1,1,0,0,0,0,1,0,0,0,0,1,1,0,1,1,1,1,1,0,0,1,0,0,1,1,0,1,0,0,1,1,0,0,0,1,1,0,1,1,0,1,1,1,1,0,0
restart_aligned_regs_only_warmup11_cap1024_run01,380,0,F6,919E6BB0966DD51E,0,1,1,1,1,0,0,0,1,0,1,0,1,0,1,1,1,0,1,1,0,1,1,0,0,1,1,0,1,0,0,1,0,0,0,0,1,1,0,1,1,1,0,1,0,1,1,0,0,1,1,1,1,0,0,1,1,0,0,0,1,0,0,1,0,1,1,0,1,1,1,1
restart_aligned_regs_only_warmup11_cap1024_run01,381,0,14,B19669B0966DF51E,0,1,1,1,1,0,0,0,1,0,1,0,1,1,1,1,1,0,1,1,0,1,1,0,0,1,1,0,1,0,0,1,0,0,0,0,1,1,0,1,1,0,0,1,0,1,1,0,0,1,1,0,1,0,0,1,1,0,0,0,1,1,0,1,0,0,1,0,1,0,0,0
restart_aligned_regs_only_warmup11_cap1024_run01,382,0,36,B1966BB0966DD51E,0,1,1,1,1,0,0,0,1,0,1,0,1,0,1,1,1,0,1,1,0,1,1,0,0,1,1,0,1,0,0,1,0,0,0,0,1,1,0,1,1,1,0,1,0,1,1,0,0,1,1,0,1,0,0,1,1,0,0,0,1,1,0,1,0,1,1,0,1,1,0,0
restart_aligned_regs_only_warmup11_cap1024_run01,383,0,30,B1964FB0964DF51E,0,1,1,1,1,0,0,0,1,0,1,0,1,1,1,1,1,0,1,1,0,0,1,0,0,1,1,0,1,0,0,1,0,0,0,0,1,1,0,1,1,1,1,1,0,0,1,0,0,1,1,0,1,0,0,1,1,0,0,0,1,1,0,1,0,0,0,0,1,1,0,0
restart_aligned_regs_only_warmup11_cap1024_run01,384,0,17,B1966FB0966DD50E,0,1,1,1,0,0,0,0,1,0,1,0,1,0,1,1,1,0,1,1,0,1,1,0,0,1,1,0,1,0,0,1,0,0,0,0,1,1,0,1,1,1,1,1,0,1,1,0,0,1,1,0,1,0,0,1,1,0,0,0,1,1,0,1,1,1,1,0,1,0,0,0
restart_aligned_regs_only_warmup11_cap1024_run01,385,0,1D,B19669B0866DF50E,0,1,1,1,0,0,0,0,1,0,1,0,1,1,1,1,1,0,1,1,0,1,1,0,0,1,1,0,0,0,0,1,0,0,0,0,1,1,0,1,1,0,0,1,0,1,1,0,0,1,1,0,1,0,0,1,1,0,0,0,1,1,0,1,1,0,1,1,1,0,0,0
restart_aligned_regs_only_warmup11_cap1024_run01,386,1,51,B1B64BB0964DF50E,0,1,1,1,0,0,0,0,1,0,1,0,1,1,1,1,1,0,1,1,0,0,1,0,0,1,1,0,1,0,0,1,0,0,0,0,1,1,0,1,1,1,0,1,0,0,1,0,0,1,1,0,1,1,0,1,1,0,0,0,1,1,0,1,1,0,0,0,1,0,1,0
restart_aligned_regs_only_warmup11_cap1024_run01,387,0,56,B19E69B0966DD51E,0,1,1,1,1,0,0,0,1,0,1,0,1,0,1,1,1,0,1,1,0,1,1,0,0,1,1,0,1,0,0,1,0,0,0,0,1,1,0,1,1,0,0,1,0,1,1,0,0,1,1,1,1,0,0,1,1,0,0,0,1,1,0,1,0,1,1,0,1,0,1,0
restart_aligned_regs_only_warmup11_cap1024_run01,388,1,F7,919E6DB0966DD50E,0,1,1,1,0,0,0,0,1,0,1,0,1,0,1,1,1,0,1,1,0,1,1,0,0,1,1,0,1,0,0,1,0,0,0,0,1,1,0,1,1,0,1,1,0,1,1,0,0,1,1,1,1,0,0,1,1,0,0,0,1,0,0,1,1,1,1,0,1,1,1,1
restart_aligned_regs_only_warmup11_cap1024_run01,389,1,3D,B1966BB0866DF50E,0,1,1,1,0,0,0,0,1,0,1,0,1,1,1,1,1,0,1,1,0,1,1,0,0,1,1,0,0,0,0,1,0,0,0,0,1,1,0,1,1,1,0,1,0,1,1,0,0,1,1,0,1,0,0,1,1,0,0,0,1,1,0,1,1,0,1,1,1,1,0,0
restart_aligned_regs_only_warmup11_cap1024_run01,390,1,3D,B1966DB0866DF50E,0,1,1,1,0,0,0,0,1,0,1,0,1,1,1,1,1,0,1,1,0,1,1,0,0,1,1,0,0,0,0,1,0,0,0,0,1,1,0,1,1,0,1,1,0,1,1,0,0,1,1,0,1,0,0,1,1,0,0,0,1,1,0,1,1,0,1,1,1,1,0,0
restart_aligned_regs_only_warmup11_cap1024_run01,391,1,19,B19669B08669F50E,0,1,1,1,0,0,0,0,1,0,1,0,1,1,1,1,1,0,0,1,0,1,1,0,0,1,1,0,0,0,0,1,0,0,0,0,1,1,0,1,1,0,0,1,0,1,1,0,0,1,1,0,1,0,0,1,1,0,0,0,1,1,0,1,1,0,0,1,1,0,0,0
restart_aligned_regs_only_warmup11_cap1024_run01,392,1,3D,B1966BB0866DF50E,0,1,1,1,0,0,0,0,1,0,1,0,1,1,1,1,1,0,1,1,0,1,1,0,0,1,1,0,0,0,0,1,0,0,0,0,1,1,0,1,1,1,0,1,0,1,1,0,0,1,1,0,1,0,0,1,1,0,0,0,1,1,0,1,1,0,1,1,1,1,0,0
restart_aligned_regs_only_warmup11_cap1024_run01,393,1,57,B19E69B0966DD50E,0,1,1,1,0,0,0,0,1,0,1,0,1,0,1,1,1,0,1,1,0,1,1,0,0,1,1,0,1,0,0,1,0,0,0,0,1,1,0,1,1,0,0,1,0,1,1,0,0,1,1,1,1,0,0,1,1,0,0,0,1,1,0,1,1,1,1,0,1,0,1,0
restart_aligned_regs_only_warmup11_cap1024_run01,394,1,15,B19669B0066DF50E,0,1,1,1,0,0,0,0,1,0,1,0,1,1,1,1,1,0,1,1,0,1,1,0,0,1,1,0,0,0,0,0,0,0,0,0,1,1,0,1,1,0,0,1,0,1,1,0,0,1,1,0,1,0,0,1,1,0,0,0,1,1,0,1,1,0,1,0,1,0,0,0
restart_aligned_regs_only_warmup11_cap1024_run01,395,1,15,B19669B0966DF50E,0,1,1,1,0,0,0,0,1,0,1,0,1,1,1,1,1,0,1,1,0,1,1,0,0,1,1,0,1,0,0,1,0,0,0,0,1,1,0,1,1,0,0,1,0,1,1,0,0,1,1,0,1,0,0,1,1,0,0,0,1,1,0,1,1,0,1,0,1,0,0,0
restart_aligned_regs_only_warmup11_cap1024_run01,396,0,17,B19669B0966DD50E,0,1,1,1,0,0,0,0,1,0,1,0,1,0,1,1,1,0,1,1,0,1,1,0,0,1,1,0,1,0,0,1,0,0,0,0,1,1,0,1,1,0,0,1,0,1,1,0,0,1,1,0,1,0,0,1,1,0,0,0,1,1,0,1,1,1,1,0,1,0,0,0
restart_aligned_regs_only_warmup11_cap1024_run01,397,0,14,B1964DB0966DF51E,0,1,1,1,1,0,0,0,1,0,1,0,1,1,1,1,1,0,1,1,0,1,1,0,0,1,1,0,1,0,0,1,0,0,0,0,1,1,0,1,1,0,1,1,0,0,1,0,0,1,1,0,1,0,0,1,1,0,0,0,1,1,0,1,0,0,1,0,1,0,0,0
restart_aligned_regs_only_warmup11_cap1024_run01,398,0,5F,B19E69B0166DD50E,0,1,1,1,0,0,0,0,1,0,1,0,1,0,1,1,1,0,1,1,0,1,1,0,0,1,1,0,1,0,0,0,0,0,0,0,1,1,0,1,1,0,0,1,0,1,1,0,0,1,1,1,1,0,0,1,1,0,0,0,1,1,0,1,1,1,1,1,1,0,1,0
restart_aligned_regs_only_warmup11_cap1024_run01,399,1,1C,B19669B0166DF51E,0,1,1,1,1,0,0,0,1,0,1,0,1,1,1,1,1,0,1,1,0,1,1,0,0,1,1,0,1,0,0,0,0,0,0,0,1,1,0,1,1,0,0,1,0,1,1,0,0,1,1,0,1,0,0,1,1,0,0,0,1,1,0,1,0,0,1,1,1,0,0,0
restart_aligned_regs_only_warmup11_cap1024_run01,400,1,51,B19E69B09669F50E,0,1,1,1,0,0,0,0,1,0,1,0,1,1,1,1,1,0,0,1,0,1,1,0,0,1,1,0,1,0,0,1,0,0,0,0,1,1,0,1,1,0,0,1,0,1,1,0,0,1,1,1,1,0,0,1,1,0,0,0,1,1,0,1,1,0,0,0,1,0,1,0
restart_aligned_regs_only_warmup11_cap1024_run01,401,1,54,B19E6FB0966DF51E,0,1,1,1,1,0,0,0,1,0,1,0,1,1,1,1,1,0,1,1,0,1,1,0,0,1,1,0,1,0,0,1,0,0,0,0,1,1,0,1,1,1,1,1,0,1,1,0,0,1,1,1,1,0,0,1,1,0,0,0,1,1,0,1,0,0,1,0,1,0,1,0
restart_aligned_regs_only_warmup11_cap1024_run01,402,0,7D,B19E6BB0866DF50E,0,1,1,1,0,0,0,0,1,0,1,0,1,1,1,1,1,0,1,1,0,1,1,0,0,1,1,0,0,0,0,1,0,0,0,0,1,1,0,1,1,1,0,1,0,1,1,0,0,1,1,1,1,0,0,1,1,0,0,0,1,1,0,1,1,0,1,1,1,1,1,0
restart_aligned_regs_only_warmup11_cap1024_run01,403,0,55,B19E69B0066DF50E,0,1,1,1,0,0,0,0,1,0,1,0,1,1,1,1,1,0,1,1,0,1,1,0,0,1,1,0,0,0,0,0,0,0,0,0,1,1,0,1,1,0,0,1,0,1,1,0,0,1,1,1,1,0,0,1,1,0,0,0,1,1,0,1,1,0,1,0,1,0,1,0
restart_aligned_regs_only_warmup11_cap1024_run01,404,0,36,B1966BB0966DD51E,0,1,1,1,1,0,0,0,1,0,1,0,1,0,1,1,1,0,1,1,0,1,1,0,0,1,1,0,1,0,0,1,0,0,0,0,1,1,0,1,1,1,0,1,0,1,1,0,0,1,1,0,1,0,0,1,1,0,0,0,1,1,0,1,0,1,1,0,1,1,0,0
restart_aligned_regs_only_warmup11_cap1024_run01,405,0,55,B19E69B0966DF50E,0,1,1,1,0,0,0,0,1,0,1,0,1,1,1,1,1,0,1,1,0,1,1,0,0,1,1,0,1,0,0,1,0,0,0,0,1,1,0,1,1,0,0,1,0,1,1,0,0,1,1,1,1,0,0,1,1,0,0,0,1,1,0,1,1,0,1,0,1,0,1,0
restart_aligned_regs_only_warmup11_cap1024_run01,406,1,54,B19E4BB0966DF51E,0,1,1,1,1,0,0,0,1,0,1,0,1,1,1,1,1,0,1,1,0,1,1,0,0,1,1,0,1,0,0,1,0,0,0,0,1,1,0,1,1,1,0,1,0,0,1,0,0,1,1,1,1,0,0,1,1,0,0,0,1,1,0,1,0,0,1,0,1,0,1,0
restart_aligned_regs_only_warmup11_cap1024_run01,407,0,9F,919669B0166DD50E,0,1,1,1,0,0,0,0,1,0,1,0,1,0,1,1,1,0,1,1,0,1,1,0,0,1,1,0,1,0,0,0,0,0,0,0,1,1,0,1,1,0,0,1,0,1,1,0,0,1,1,0,1,0,0,1,1,0,0,0,1,0,0,1,1,1,1,1,1,0,0,1
restart_aligned_regs_only_warmup11_cap1024_run01,408,1,1F,B1966FB0866DD50E,0,1,1,1,0,0,0,0,1,0,1,0,1,0,1,1,1,0,1,1,0,1,1,0,0,1,1,0,0,0,0,1,0,0,0,0,1,1,0,1,1,1,1,1,0,1,1,0,0,1,1,0,1,0,0,1,1,0,0,0,1,1,0,1,1,1,1,1,1,0,0,0
restart_aligned_regs_only_warmup11_cap1024_run01,409,0,5F,B19E69B0866DD50E,0,1,1,1,0,0,0,0,1,0,1,0,1,0,1,1,1,0,1,1,0,1,1,0,0,1,1,0,0,0,0,1,0,0,0,0,1,1,0,1,1,0,0,1,0,1,1,0,0,1,1,1,1,0,0,1,1,0,0,0,1,1,0,1,1,1,1,1,1,0,1,0
restart_aligned_regs_only_warmup11_cap1024_run01,410,0,74,B19E6BB0966DF51E,0,1,1,1,1,0,0,0,1,0,1,0,1,1,1,1,1,0,1,1,0,1,1,0,0,1,1,0,1,0,0,1,0,0,0,0,1,1,0,1,1,1,0,1,0,1,1,0,0,1,1,1,1,0,0,1,1,0,0,0,1,1,0,1,0,0,1,0,1,1,1,0
restart_aligned_regs_only_warmup11_cap1024_run01,411,1,64,B19E6DA0966DF51E,0,1,1,1,1,0,0,0,1,0,1,0,1,1,1,1,1,0,1,1,0,1,1,0,0,1,1,0,1,0,0,1,0,0,0,0,0,1,0,1,1,0,1,1,0,1,1,0,0,1,1,1,1,0,0,1,1,0,0,0,1,1,0,1,0,0,1,0,0,1,1,0
restart_aligned_regs_only_warmup11_cap1024_run01,412,0,56,B19E69B0966DD51E,0,1,1,1,1,0,0,0,1,0,1,0,1,0,1,1,1,0,1,1,0,1,1,0,0,1,1,0,1,0,0,1,0,0,0,0,1,1,0,1,1,0,0,1,0,1,1,0,0,1,1,1,1,0,0,1,1,0,0,0,1,1,0,1,0,1,1,0,1,0,1,0
restart_aligned_regs_only_warmup11_cap1024_run01,413,1,3D,B1966BB0866DF50E,0,1,1,1,0,0,0,0,1,0,1,0,1,1,1,1,1,0,1,1,0,1,1,0,0,1,1,0,0,0,0,1,0,0,0,0,1,1,0,1,1,1,0,1,0,1,1,0,0,1,1,0,1,0,0,1,1,0,0,0,1,1,0,1,1,0,1,1,1,1,0,0
restart_aligned_regs_only_warmup11_cap1024_run01,414,0,F6,919E6DB0966DD51E,0,1,1,1,1,0,0,0,1,0,1,0,1,0,1,1,1,0,1,1,0,1,1,0,0,1,1,0,1,0,0,1,0,0,0,0,1,1,0,1,1,0,1,1,0,1,1,0,0,1,1,1,1,0,0,1,1,0,0,0,1,0,0,1,0,1,1,0,1,1,1,1
restart_aligned_regs_only_warmup11_cap1024_run01,415,1,54,B19E6FB0966DF51E,0,1,1,1,1,0,0,0,1,0,1,0,1,1,1,1,1,0,1,1,0,1,1,0,0,1,1,0,1,0,0,1,0,0,0,0,1,1,0,1,1,1,1,1,0,1,1,0,0,1,1,1,1,0,0,1,1,0,0,0,1,1,0,1,0,0,1,0,1,0,1,0
restart_aligned_regs_only_warmup11_cap1024_run01,416,1,51,B19E69B09669F50E,0,1,1,1,0,0,0,0,1,0,1,0,1,1,1,1,1,0,0,1,0,1,1,0,0,1,1,0,1,0,0,1,0,0,0,0,1,1,0,1,1,0,0,1,0,1,1,0,0,1,1,1,1,0,0,1,1,0,0,0,1,1,0,1,1,0,0,0,1,0,1,0
restart_aligned_regs_only_warmup11_cap1024_run01,417,0,5F,B19E69B0866DD50E,0,1,1,1,0,0,0,0,1,0,1,0,1,0,1,1,1,0,1,1,0,1,1,0,0,1,1,0,0,0,0,1,0,0,0,0,1,1,0,1,1,0,0,1,0,1,1,0,0,1,1,1,1,0,0,1,1,0,0,0,1,1,0,1,1,1,1,1,1,0,1,0
restart_aligned_regs_only_warmup11_cap1024_run01,418,0,96,919669B0966DD51E,0,1,1,1,1,0,0,0,1,0,1,0,1,0,1,1,1,0,1,1,0,1,1,0,0,1,1,0,1,0,0,1,0,0,0,0,1,1,0,1,1,0,0,1,0,1,1,0,0,1,1,0,1,0,0,1,1,0,0,0,1,0,0,1,0,1,1,0,1,0,0,1
restart_aligned_regs_only_warmup11_cap1024_run01,419,0,96,919669B0966DD51E,0,1,1,1,1,0,0,0,1,0,1,0,1,0,1,1,1,0,1,1,0,1,1,0,0,1,1,0,1,0,0,1,0,0,0,0,1,1,0,1,1,0,0,1,0,1,1,0,0,1,1,0,1,0,0,1,1,0,0,0,1,0,0,1,0,1,1,0,1,0,0,1
restart_aligned_regs_only_warmup11_cap1024_run01,420,1,DF,919E69B0866DD50E,0,1,1,1,0,0,0,0,1,0,1,0,1,0,1,1,1,0,1,1,0,1,1,0,0,1,1,0,0,0,0,1,0,0,0,0,1,1,0,1,1,0,0,1,0,1,1,0,0,1,1,1,1,0,0,1,1,0,0,0,1,0,0,1,1,1,1,1,1,0,1,1
restart_aligned_regs_only_warmup11_cap1024_run01,421,1,92,919669B09669D51E,0,1,1,1,1,0,0,0,1,0,1,0,1,0,1,1,1,0,0,1,0,1,1,0,0,1,1,0,1,0,0,1,0,0,0,0,1,1,0,1,1,0,0,1,0,1,1,0,0,1,1,0,1,0,0,1,1,0,0,0,1,0,0,1,0,1,0,0,1,0,0,1
restart_aligned_regs_only_warmup11_cap1024_run01,422,0,17,B19669B0966DD50E,0,1,1,1,0,0,0,0,1,0,1,0,1,0,1,1,1,0,1,1,0,1,1,0,0,1,1,0,1,0,0,1,0,0,0,0,1,1,0,1,1,0,0,1,0,1,1,0,0,1,1,0,1,0,0,1,1,0,0,0,1,1,0,1,1,1,1,0,1,0,0,0
restart_aligned_regs_only_warmup11_cap1024_run01,423,1,DF,919E69B0866DD50E,0,1,1,1,0,0,0,0,1,0,1,0,1,0,1,1,1,0,1,1,0,1,1,0,0,1,1,0,0,0,0,1,0,0,0,0,1,1,0,1,1,0,0,1,0,1,1,0,0,1,1,1,1,0,0,1,1,0,0,0,1,0,0,1,1,1,1,1,1,0,1,1
restart_aligned_regs_only_warmup11_cap1024_run01,424,0,50,B19E69B09669F51E,0,1,1,1,1,0,0,0,1,0,1,0,1,1,1,1,1,0,0,1,0,1,1,0,0,1,1,0,1,0,0,1,0,0,0,0,1,1,0,1,1,0,0,1,0,1,1,0,0,1,1,1,1,0,0,1,1,0,0,0,1,1,0,1,0,0,0,0,1,0,1,0
restart_aligned_regs_only_warmup11_cap1024_run01,425,0,74,B19E6BB0966DF51E,0,1,1,1,1,0,0,0,1,0,1,0,1,1,1,1,1,0,1,1,0,1,1,0,0,1,1,0,1,0,0,1,0,0,0,0,1,1,0,1,1,1,0,1,0,1,1,0,0,1,1,1,1,0,0,1,1,0,0,0,1,1,0,1,0,0,1,0,1,1,1,0
restart_aligned_regs_only_warmup11_cap1024_run01,426,0,24,B19649A0966DF51E,0,1,1,1,1,0,0,0,1,0,1,0,1,1,1,1,1,0,1,1,0,1,1,0,0,1,1,0,1,0,0,1,0,0,0,0,0,1,0,1,1,0,0,1,0,0,1,0,0,1,1,0,1,0,0,1,1,0,0,0,1,1,0,1,0,0,1,0,0,1,0,0
restart_aligned_regs_only_warmup11_cap1024_run01,427,1,1C,B19669B0166DF51E,0,1,1,1,1,0,0,0,1,0,1,0,1,1,1,1,1,0,1,1,0,1,1,0,0,1,1,0,1,0,0,0,0,0,0,0,1,1,0,1,1,0,0,1,0,1,1,0,0,1,1,0,1,0,0,1,1,0,0,0,1,1,0,1,0,0,1,1,1,0,0,0
restart_aligned_regs_only_warmup11_cap1024_run01,428,1,16,B19669B0966DD51E,0,1,1,1,1,0,0,0,1,0,1,0,1,0,1,1,1,0,1,1,0,1,1,0,0,1,1,0,1,0,0,1,0,0,0,0,1,1,0,1,1,0,0,1,0,1,1,0,0,1,1,0,1,0,0,1,1,0,0,0,1,1,0,1,0,1,1,0,1,0,0,0
restart_aligned_regs_only_warmup11_cap1024_run01,429,1,15,B19669B0066DF50E,0,1,1,1,0,0,0,0,1,0,1,0,1,1,1,1,1,0,1,1,0,1,1,0,0,1,1,0,0,0,0,0,0,0,0,0,1,1,0,1,1,0,0,1,0,1,1,0,0,1,1,0,1,0,0,1,1,0,0,0,1,1,0,1,1,0,1,0,1,0,0,0
restart_aligned_regs_only_warmup11_cap1024_run01,430,1,04,B1966FB1966DF51E,0,1,1,1,1,0,0,0,1,0,1,0,1,1,1,1,1,0,1,1,0,1,1,0,0,1,1,0,1,0,0,1,1,0,0,0,1,1,0,1,1,1,1,1,0,1,1,0,0,1,1,0,1,0,0,1,1,0,0,0,1,1,0,1,0,0,1,0,0,0,0,0
restart_aligned_regs_only_warmup11_cap1024_run01,431,1,D6,919E6FB0966DD51E,0,1,1,1,1,0,0,0,1,0,1,0,1,0,1,1,1,0,1,1,0,1,1,0,0,1,1,0,1,0,0,1,0,0,0,0,1,1,0,1,1,1,1,1,0,1,1,0,0,1,1,1,1,0,0,1,1,0,0,0,1,0,0,1,0,1,1,0,1,0,1,1
restart_aligned_regs_only_warmup11_cap1024_run01,432,1,DF,919E69B0866DD50E,0,1,1,1,0,0,0,0,1,0,1,0,1,0,1,1,1,0,1,1,0,1,1,0,0,1,1,0,0,0,0,1,0,0,0,0,1,1,0,1,1,0,0,1,0,1,1,0,0,1,1,1,1,0,0,1,1,0,0,0,1,0,0,1,1,1,1,1,1,0,1,1
restart_aligned_regs_only_warmup11_cap1024_run01,433,0,1D,B19669B0866DF50E,0,1,1,1,0,0,0,0,1,0,1,0,1,1,1,1,1,0,1,1,0,1,1,0,0,1,1,0,0,0,0,1,0,0,0,0,1,1,0,1,1,0,0,1,0,1,1,0,0,1,1,0,1,0,0,1,1,0,0,0,1,1,0,1,1,0,1,1,1,0,0,0
restart_aligned_regs_only_warmup11_cap1024_run01,434,0,14,B1966FB0966DF51E,0,1,1,1,1,0,0,0,1,0,1,0,1,1,1,1,1,0,1,1,0,1,1,0,0,1,1,0,1,0,0,1,0,0,0,0,1,1,0,1,1,1,1,1,0,1,1,0,0,1,1,0,1,0,0,1,1,0,0,0,1,1,0,1,0,0,1,0,1,0,0,0
restart_aligned_regs_only_warmup11_cap1024_run01,435,1,34,B1966DB0966DF51E,0,1,1,1,1,0,0,0,1,0,1,0,1,1,1,1,1,0,1,1,0,1,1,0,0,1,1,0,1,0,0,1,0,0,0,0,1,1,0,1,1,0,1,1,0,1,1,0,0,1,1,0,1,0,0,1,1,0,0,0,1,1,0,1,0,0,1,0,1,1,0,0
restart_aligned_regs_only_warmup11_cap1024_run01,436,1,76,B19E6BB0966DD51E,0,1,1,1,1,0,0,0,1,0,1,0,1,0,1,1,1,0,1,1,0,1,1,0,0,1,1,0,1,0,0,1,0,0,0,0,1,1,0,1,1,1,0,1,0,1,1,0,0,1,1,1,1,0,0,1,1,0,0,0,1,1,0,1,0,1,1,0,1,1,1,0
restart_aligned_regs_only_warmup11_cap1024_run01,437,0,7D,B19E6DB0866DF50E,0,1,1,1,0,0,0,0,1,0,1,0,1,1,1,1,1,0,1,1,0,1,1,0,0,1,1,0,0,0,0,1,0,0,0,0,1,1,0,1,1,0,1,1,0,1,1,0,0,1,1,1,1,0,0,1,1,0,0,0,1,1,0,1,1,0,1,1,1,1,1,0
restart_aligned_regs_only_warmup11_cap1024_run01,438,1,75,B19E6DB0066DF50E,0,1,1,1,0,0,0,0,1,0,1,0,1,1,1,1,1,0,1,1,0,1,1,0,0,1,1,0,0,0,0,0,0,0,0,0,1,1,0,1,1,0,1,1,0,1,1,0,0,1,1,1,1,0,0,1,1,0,0,0,1,1,0,1,1,0,1,0,1,1,1,0
restart_aligned_regs_only_warmup11_cap1024_run01,439,1,32,B1964FB0966FF11E,0,1,1,1,1,0,0,0,1,0,0,0,1,1,1,1,1,1,1,1,0,1,1,0,0,1,1,0,1,0,0,1,0,0,0,0,1,1,0,1,1,1,1,1,0,0,1,0,0,1,1,0,1,0,0,1,1,0,0,0,1,1,0,1,0,1,0,0,1,1,0,0
restart_aligned_regs_only_warmup11_cap1024_run01,440,0,7E,B19E6DB0166DF11E,0,1,1,1,1,0,0,0,1,0,0,0,1,1,1,1,1,0,1,1,0,1,1,0,0,1,1,0,1,0,0,0,0,0,0,0,1,1,0,1,1,0,1,1,0,1,1,0,0,1,1,1,1,0,0,1,1,0,0,0,1,1,0,1,0,1,1,1,1,1,1,0
restart_aligned_regs_only_warmup11_cap1024_run01,441,0,1D,B19669B0866DF50E,0,1,1,1,0,0,0,0,1,0,1,0,1,1,1,1,1,0,1,1,0,1,1,0,0,1,1,0,0,0,0,1,0,0,0,0,1,1,0,1,1,0,0,1,0,1,1,0,0,1,1,0,1,0,0,1,1,0,0,0,1,1,0,1,1,0,1,1,1,0,0,0
restart_aligned_regs_only_warmup11_cap1024_run01,442,1,3D,B1964FB0866DF50E,0,1,1,1,0,0,0,0,1,0,1,0,1,1,1,1,1,0,1,1,0,1,1,0,0,1,1,0,0,0,0,1,0,0,0,0,1,1,0,1,1,1,1,1,0,0,1,0,0,1,1,0,1,0,0,1,1,0,0,0,1,1,0,1,1,0,1,1,1,1,0,0
restart_aligned_regs_only_warmup11_cap1024_run01,443,0,2D,B1964FB1866DF50E,0,1,1,1,0,0,0,0,1,0,1,0,1,1,1,1,1,0,1,1,0,1,1,0,0,1,1,0,0,0,0,1,1,0,0,0,1,1,0,1,1,1,1,1,0,0,1,0,0,1,1,0,1,0,0,1,1,0,0,0,1,1,0,1,1,0,1,1,0,1,0,0
restart_aligned_regs_only_warmup11_cap1024_run01,444,1,15,B1966FB0966DF50E,0,1,1,1,0,0,0,0,1,0,1,0,1,1,1,1,1,0,1,1,0,1,1,0,0,1,1,0,1,0,0,1,0,0,0,0,1,1,0,1,1,1,1,1,0,1,1,0,0,1,1,0,1,0,0,1,1,0,0,0,1,1,0,1,1,0,1,0,1,0,0,0
restart_aligned_regs_only_warmup11_cap1024_run01,445,0,5F,B19E69B0866DD50E,0,1,1,1,0,0,0,0,1,0,1,0,1,0,1,1,1,0,1,1,0,1,1,0,0,1,1,0,0,0,0,1,0,0,0,0,1,1,0,1,1,0,0,1,0,1,1,0,0,1,1,1,1,0,0,1,1,0,0,0,1,1,0,1,1,1,1,1,1,0,1,0
restart_aligned_regs_only_warmup11_cap1024_run01,446,0,77,B19E6DB0966DD50E,0,1,1,1,0,0,0,0,1,0,1,0,1,0,1,1,1,0,1,1,0,1,1,0,0,1,1,0,1,0,0,1,0,0,0,0,1,1,0,1,1,0,1,1,0,1,1,0,0,1,1,1,1,0,0,1,1,0,0,0,1,1,0,1,1,1,1,0,1,1,1,0
restart_aligned_regs_only_warmup11_cap1024_run01,447,1,37,B1966DB0966DD50E,0,1,1,1,0,0,0,0,1,0,1,0,1,0,1,1,1,0,1,1,0,1,1,0,0,1,1,0,1,0,0,1,0,0,0,0,1,1,0,1,1,0,1,1,0,1,1,0,0,1,1,0,1,0,0,1,1,0,0,0,1,1,0,1,1,1,1,0,1,1,0,0
restart_aligned_regs_only_warmup11_cap1024_run01,448,1,37,B19679B0066DD50E,0,1,1,1,0,0,0,0,1,0,1,0,1,0,1,1,1,0,1,1,0,1,1,0,0,1,1,0,0,0,0,0,0,0,0,0,1,1,0,1,1,0,0,1,1,1,1,0,0,1,1,0,1,0,0,1,1,0,0,0,1,1,0,1,1,1,1,0,1,1,0,0
restart_aligned_regs_only_warmup11_cap1024_run01,449,1,7F,B19E6DB0866DF10E,0,1,1,1,0,0,0,0,1,0,0,0,1,1,1,1,1,0,1,1,0,1,1,0,0,1,1,0,0,0,0,1,0,0,0,0,1,1,0,1,1,0,1,1,0,1,1,0,0,1,1,1,1,0,0,1,1,0,0,0,1,1,0,1,1,1,1,1,1,1,1,0
restart_aligned_regs_only_warmup11_cap1024_run01,450,0,14,B1966FB0966DF51E,0,1,1,1,1,0,0,0,1,0,1,0,1,1,1,1,1,0,1,1,0,1,1,0,0,1,1,0,1,0,0,1,0,0,0,0,1,1,0,1,1,1,1,1,0,1,1,0,0,1,1,0,1,0,0,1,1,0,0,0,1,1,0,1,0,0,1,0,1,0,0,0
restart_aligned_regs_only_warmup11_cap1024_run01,451,0,7E,B19E6BB0166DD51E,0,1,1,1,1,0,0,0,1,0,1,0,1,0,1,1,1,0,1,1,0,1,1,0,0,1,1,0,1,0,0,0,0,0,0,0,1,1,0,1,1,1,0,1,0,1,1,0,0,1,1,1,1,0,0,1,1,0,0,0,1,1,0,1,0,1,1,1,1,1,1,0
restart_aligned_regs_only_warmup11_cap1024_run01,452,0,7D,B19E4FB0866DF50E,0,1,1,1,0,0,0,0,1,0,1,0,1,1,1,1,1,0,1,1,0,1,1,0,0,1,1,0,0,0,0,1,0,0,0,0,1,1,0,1,1,1,1,1,0,0,1,0,0,1,1,1,1,0,0,1,1,0,0,0,1,1,0,1,1,0,1,1,1,1,1,0
restart_aligned_regs_only_warmup11_cap1024_run01,453,0,7D,B19E6BB0866DF50E,0,1,1,1,0,0,0,0,1,0,1,0,1,1,1,1,1,0,1,1,0,1,1,0,0,1,1,0,0,0,0,1,0,0,0,0,1,1,0,1,1,1,0,1,0,1,1,0,0,1,1,1,1,0,0,1,1,0,0,0,1,1,0,1,1,0,1,1,1,1,1,0
restart_aligned_regs_only_warmup11_cap1024_run01,454,1,5D,B19E4DB0866DF50E,0,1,1,1,0,0,0,0,1,0,1,0,1,1,1,1,1,0,1,1,0,1,1,0,0,1,1,0,0,0,0,1,0,0,0,0,1,1,0,1,1,0,1,1,0,0,1,0,0,1,1,1,1,0,0,1,1,0,0,0,1,1,0,1,1,0,1,1,1,0,1,0
restart_aligned_regs_only_warmup11_cap1024_run01,455,1,75,B19E6BB0966DF50E,0,1,1,1,0,0,0,0,1,0,1,0,1,1,1,1,1,0,1,1,0,1,1,0,0,1,1,0,1,0,0,1,0,0,0,0,1,1,0,1,1,1,0,1,0,1,1,0,0,1,1,1,1,0,0,1,1,0,0,0,1,1,0,1,1,0,1,0,1,1,1,0
restart_aligned_regs_only_warmup11_cap1024_run01,456,0,56,B19E6FB0966DF11E,0,1,1,1,1,0,0,0,1,0,0,0,1,1,1,1,1,0,1,1,0,1,1,0,0,1,1,0,1,0,0,1,0,0,0,0,1,1,0,1,1,1,1,1,0,1,1,0,0,1,1,1,1,0,0,1,1,0,0,0,1,1,0,1,0,1,1,0,1,0,1,0
restart_aligned_regs_only_warmup11_cap1024_run01,457,1,34,B1966BB0966DF51E,0,1,1,1,1,0,0,0,1,0,1,0,1,1,1,1,1,0,1,1,0,1,1,0,0,1,1,0,1,0,0,1,0,0,0,0,1,1,0,1,1,1,0,1,0,1,1,0,0,1,1,0,1,0,0,1,1,0,0,0,1,1,0,1,0,0,1,0,1,1,0,0
restart_aligned_regs_only_warmup11_cap1024_run01,458,1,34,B1964FB0966DF51E,0,1,1,1,1,0,0,0,1,0,1,0,1,1,1,1,1,0,1,1,0,1,1,0,0,1,1,0,1,0,0,1,0,0,0,0,1,1,0,1,1,1,1,1,0,0,1,0,0,1,1,0,1,0,0,1,1,0,0,0,1,1,0,1,0,0,1,0,1,1,0,0
restart_aligned_regs_only_warmup11_cap1024_run01,459,0,14,B1966FB0966DF51E,0,1,1,1,1,0,0,0,1,0,1,0,1,1,1,1,1,0,1,1,0,1,1,0,0,1,1,0,1,0,0,1,0,0,0,0,1,1,0,1,1,1,1,1,0,1,1,0,0,1,1,0,1,0,0,1,1,0,0,0,1,1,0,1,0,0,1,0,1,0,0,0
restart_aligned_regs_only_warmup11_cap1024_run01,460,0,35,B1966BB0966DF50E,0,1,1,1,0,0,0,0,1,0,1,0,1,1,1,1,1,0,1,1,0,1,1,0,0,1,1,0,1,0,0,1,0,0,0,0,1,1,0,1,1,1,0,1,0,1,1,0,0,1,1,0,1,0,0,1,1,0,0,0,1,1,0,1,1,0,1,0,1,1,0,0
restart_aligned_regs_only_warmup11_cap1024_run01,461,1,54,B19E6FB0966DD11E,0,1,1,1,1,0,0,0,1,0,0,0,1,0,1,1,1,0,1,1,0,1,1,0,0,1,1,0,1,0,0,1,0,0,0,0,1,1,0,1,1,1,1,1,0,1,1,0,0,1,1,1,1,0,0,1,1,0,0,0,1,1,0,1,0,0,1,0,1,0,1,0
restart_aligned_regs_only_warmup11_cap1024_run01,462,1,34,B1966DB0966DF51E,0,1,1,1,1,0,0,0,1,0,1,0,1,1,1,1,1,0,1,1,0,1,1,0,0,1,1,0,1,0,0,1,0,0,0,0,1,1,0,1,1,0,1,1,0,1,1,0,0,1,1,0,1,0,0,1,1,0,0,0,1,1,0,1,0,0,1,0,1,1,0,0
restart_aligned_regs_only_warmup11_cap1024_run01,463,1,76,B19E6DB0966DD51E,0,1,1,1,1,0,0,0,1,0,1,0,1,0,1,1,1,0,1,1,0,1,1,0,0,1,1,0,1,0,0,1,0,0,0,0,1,1,0,1,1,0,1,1,0,1,1,0,0,1,1,1,1,0,0,1,1,0,0,0,1,1,0,1,0,1,1,0,1,1,1,0
restart_aligned_regs_only_warmup11_cap1024_run01,464,1,19,B19669B08669F50E,0,1,1,1,0,0,0,0,1,0,1,0,1,1,1,1,1,0,0,1,0,1,1,0,0,1,1,0,0,0,0,1,0,0,0,0,1,1,0,1,1,0,0,1,0,1,1,0,0,1,1,0,1,0,0,1,1,0,0,0,1,1,0,1,1,0,0,1,1,0,0,0
restart_aligned_regs_only_warmup11_cap1024_run01,465,1,97,919669B0066DD50E,0,1,1,1,0,0,0,0,1,0,1,0,1,0,1,1,1,0,1,1,0,1,1,0,0,1,1,0,0,0,0,0,0,0,0,0,1,1,0,1,1,0,0,1,0,1,1,0,0,1,1,0,1,0,0,1,1,0,0,0,1,0,0,1,1,1,1,0,1,0,0,1
restart_aligned_regs_only_warmup11_cap1024_run01,466,1,54,B19E69B0966DF51E,0,1,1,1,1,0,0,0,1,0,1,0,1,1,1,1,1,0,1,1,0,1,1,0,0,1,1,0,1,0,0,1,0,0,0,0,1,1,0,1,1,0,0,1,0,1,1,0,0,1,1,1,1,0,0,1,1,0,0,0,1,1,0,1,0,0,1,0,1,0,1,0
restart_aligned_regs_only_warmup11_cap1024_run01,467,0,17,B19669B0066DD50E,0,1,1,1,0,0,0,0,1,0,1,0,1,0,1,1,1,0,1,1,0,1,1,0,0,1,1,0,0,0,0,0,0,0,0,0,1,1,0,1,1,0,0,1,0,1,1,0,0,1,1,0,1,0,0,1,1,0,0,0,1,1,0,1,1,1,1,0,1,0,0,0
restart_aligned_regs_only_warmup11_cap1024_run01,468,0,3F,B1966BB0866DD50E,0,1,1,1,0,0,0,0,1,0,1,0,1,0,1,1,1,0,1,1,0,1,1,0,0,1,1,0,0,0,0,1,0,0,0,0,1,1,0,1,1,1,0,1,0,1,1,0,0,1,1,0,1,0,0,1,1,0,0,0,1,1,0,1,1,1,1,1,1,1,0,0
restart_aligned_regs_only_warmup11_cap1024_run01,469,1,BF,91966DB0866DD50E,0,1,1,1,0,0,0,0,1,0,1,0,1,0,1,1,1,0,1,1,0,1,1,0,0,1,1,0,0,0,0,1,0,0,0,0,1,1,0,1,1,0,1,1,0,1,1,0,0,1,1,0,1,0,0,1,1,0,0,0,1,0,0,1,1,1,1,1,1,1,0,1
restart_aligned_regs_only_warmup11_cap1024_run01,470,1,3D,B1964FB0866DF50E,0,1,1,1,0,0,0,0,1,0,1,0,1,1,1,1,1,0,1,1,0,1,1,0,0,1,1,0,0,0,0,1,0,0,0,0,1,1,0,1,1,1,1,1,0,0,1,0,0,1,1,0,1,0,0,1,1,0,0,0,1,1,0,1,1,0,1,1,1,1,0,0
restart_aligned_regs_only_warmup11_cap1024_run01,471,1,7F,B19E6BB0866DD50E,0,1,1,1,0,0,0,0,1,0,1,0,1,0,1,1,1,0,1,1,0,1,1,0,0,1,1,0,0,0,0,1,0,0,0,0,1,1,0,1,1,1,0,1,0,1,1,0,0,1,1,1,1,0,0,1,1,0,0,0,1,1,0,1,1,1,1,1,1,1,1,0
restart_aligned_regs_only_warmup11_cap1024_run01,472,0,36,B1966DB0966DF11E,0,1,1,1,1,0,0,0,1,0,0,0,1,1,1,1,1,0,1,1,0,1,1,0,0,1,1,0,1,0,0,1,0,0,0,0,1,1,0,1,1,0,1,1,0,1,1,0,0,1,1,0,1,0,0,1,1,0,0,0,1,1,0,1,0,1,1,0,1,1,0,0
restart_aligned_regs_only_warmup11_cap1024_run01,473,1,3D,B1966DB0866DF50E,0,1,1,1,0,0,0,0,1,0,1,0,1,1,1,1,1,0,1,1,0,1,1,0,0,1,1,0,0,0,0,1,0,0,0,0,1,1,0,1,1,0,1,1,0,1,1,0,0,1,1,0,1,0,0,1,1,0,0,0,1,1,0,1,1,0,1,1,1,1,0,0
restart_aligned_regs_only_warmup11_cap1024_run01,474,0,14,B1966FB0966DD11E,0,1,1,1,1,0,0,0,1,0,0,0,1,0,1,1,1,0,1,1,0,1,1,0,0,1,1,0,1,0,0,1,0,0,0,0,1,1,0,1,1,1,1,1,0,1,1,0,0,1,1,0,1,0,0,1,1,0,0,0,1,1,0,1,0,0,1,0,1,0,0,0
restart_aligned_regs_only_warmup11_cap1024_run01,475,0,9F,919669B0866DD50E,0,1,1,1,0,0,0,0,1,0,1,0,1,0,1,1,1,0,1,1,0,1,1,0,0,1,1,0,0,0,0,1,0,0,0,0,1,1,0,1,1,0,0,1,0,1,1,0,0,1,1,0,1,0,0,1,1,0,0,0,1,0,0,1,1,1,1,1,1,0,0,1
restart_aligned_regs_only_warmup11_cap1024_run01,476,1,34,B19649B0966DF51E,0,1,1,1,1,0,0,0,1,0,1,0,1,1,1,1,1,0,1,1,0,1,1,0,0,1,1,0,1,0,0,1,0,0,0,0,1,1,0,1,1,0,0,1,0,0,1,0,0,1,1,0,1,0,0,1,1,0,0,0,1,1,0,1,0,0,1,0,1,1,0,0
restart_aligned_regs_only_warmup11_cap1024_run01,477,0,74,B19E6BB0966DF51E,0,1,1,1,1,0,0,0,1,0,1,0,1,1,1,1,1,0,1,1,0,1,1,0,0,1,1,0,1,0,0,1,0,0,0,0,1,1,0,1,1,1,0,1,0,1,1,0,0,1,1,1,1,0,0,1,1,0,0,0,1,1,0,1,0,0,1,0,1,1,1,0
restart_aligned_regs_only_warmup11_cap1024_run01,478,1,5D,B19E6FB0866DF50E,0,1,1,1,0,0,0,0,1,0,1,0,1,1,1,1,1,0,1,1,0,1,1,0,0,1,1,0,0,0,0,1,0,0,0,0,1,1,0,1,1,1,1,1,0,1,1,0,0,1,1,1,1,0,0,1,1,0,0,0,1,1,0,1,1,0,1,1,1,0,1,0
restart_aligned_regs_only_warmup11_cap1024_run01,479,1,5D,B19E69B0866DF50E,0,1,1,1,0,0,0,0,1,0,1,0,1,1,1,1,1,0,1,1,0,1,1,0,0,1,1,0,0,0,0,1,0,0,0,0,1,1,0,1,1,0,0,1,0,1,1,0,0,1,1,1,1,0,0,1,1,0,0,0,1,1,0,1,1,0,1,1,1,0,1,0
restart_aligned_regs_only_warmup11_cap1024_run01,480,1,5D,B19E69B0866DF50E,0,1,1,1,0,0,0,0,1,0,1,0,1,1,1,1,1,0,1,1,0,1,1,0,0,1,1,0,0,0,0,1,0,0,0,0,1,1,0,1,1,0,0,1,0,1,1,0,0,1,1,1,1,0,0,1,1,0,0,0,1,1,0,1,1,0,1,1,1,0,1,0
restart_aligned_regs_only_warmup11_cap1024_run01,481,1,26,B1966DA0966DD51E,0,1,1,1,1,0,0,0,1,0,1,0,1,0,1,1,1,0,1,1,0,1,1,0,0,1,1,0,1,0,0,1,0,0,0,0,0,1,0,1,1,0,1,1,0,1,1,0,0,1,1,0,1,0,0,1,1,0,0,0,1,1,0,1,0,1,1,0,0,1,0,0
restart_aligned_regs_only_warmup11_cap1024_run01,482,0,50,B1B64BB0964DF51E,0,1,1,1,1,0,0,0,1,0,1,0,1,1,1,1,1,0,1,1,0,0,1,0,0,1,1,0,1,0,0,1,0,0,0,0,1,1,0,1,1,1,0,1,0,0,1,0,0,1,1,0,1,1,0,1,1,0,0,0,1,1,0,1,0,0,0,0,1,0,1,0
restart_aligned_regs_only_warmup11_cap1024_run01,483,0,74,B19E6BB0966DF51E,0,1,1,1,1,0,0,0,1,0,1,0,1,1,1,1,1,0,1,1,0,1,1,0,0,1,1,0,1,0,0,1,0,0,0,0,1,1,0,1,1,1,0,1,0,1,1,0,0,1,1,1,1,0,0,1,1,0,0,0,1,1,0,1,0,0,1,0,1,1,1,0
restart_aligned_regs_only_warmup11_cap1024_run01,484,1,97,919669B0066DD50E,0,1,1,1,0,0,0,0,1,0,1,0,1,0,1,1,1,0,1,1,0,1,1,0,0,1,1,0,0,0,0,0,0,0,0,0,1,1,0,1,1,0,0,1,0,1,1,0,0,1,1,0,1,0,0,1,1,0,0,0,1,0,0,1,1,1,1,0,1,0,0,1
restart_aligned_regs_only_warmup11_cap1024_run01,485,1,DF,919E69B0866DD50E,0,1,1,1,0,0,0,0,1,0,1,0,1,0,1,1,1,0,1,1,0,1,1,0,0,1,1,0,0,0,0,1,0,0,0,0,1,1,0,1,1,0,0,1,0,1,1,0,0,1,1,1,1,0,0,1,1,0,0,0,1,0,0,1,1,1,1,1,1,0,1,1
restart_aligned_regs_only_warmup11_cap1024_run01,486,0,35,B1966BB0966DF50E,0,1,1,1,0,0,0,0,1,0,1,0,1,1,1,1,1,0,1,1,0,1,1,0,0,1,1,0,1,0,0,1,0,0,0,0,1,1,0,1,1,1,0,1,0,1,1,0,0,1,1,0,1,0,0,1,1,0,0,0,1,1,0,1,1,0,1,0,1,1,0,0
restart_aligned_regs_only_warmup11_cap1024_run01,487,0,35,B1966BB0066DF50E,0,1,1,1,0,0,0,0,1,0,1,0,1,1,1,1,1,0,1,1,0,1,1,0,0,1,1,0,0,0,0,0,0,0,0,0,1,1,0,1,1,1,0,1,0,1,1,0,0,1,1,0,1,0,0,1,1,0,0,0,1,1,0,1,1,0,1,0,1,1,0,0
restart_aligned_regs_only_warmup11_cap1024_run01,488,1,34,B1966DB0966DF51E,0,1,1,1,1,0,0,0,1,0,1,0,1,1,1,1,1,0,1,1,0,1,1,0,0,1,1,0,1,0,0,1,0,0,0,0,1,1,0,1,1,0,1,1,0,1,1,0,0,1,1,0,1,0,0,1,1,0,0,0,1,1,0,1,0,0,1,0,1,1,0,0
restart_aligned_regs_only_warmup11_cap1024_run01,489,1,75,B19E6DB0066DF50E,0,1,1,1,0,0,0,0,1,0,1,0,1,1,1,1,1,0,1,1,0,1,1,0,0,1,1,0,0,0,0,0,0,0,0,0,1,1,0,1,1,0,1,1,0,1,1,0,0,1,1,1,1,0,0,1,1,0,0,0,1,1,0,1,1,0,1,0,1,1,1,0
restart_aligned_regs_only_warmup11_cap1024_run01,490,0,9F,919669B0866DD50E,0,1,1,1,0,0,0,0,1,0,1,0,1,0,1,1,1,0,1,1,0,1,1,0,0,1,1,0,0,0,0,1,0,0,0,0,1,1,0,1,1,0,0,1,0,1,1,0,0,1,1,0,1,0,0,1,1,0,0,0,1,0,0,1,1,1,1,1,1,0,0,1
restart_aligned_regs_only_warmup11_cap1024_run01,491,1,F7,919E6BB0966DD50E,0,1,1,1,0,0,0,0,1,0,1,0,1,0,1,1,1,0,1,1,0,1,1,0,0,1,1,0,1,0,0,1,0,0,0,0,1,1,0,1,1,1,0,1,0,1,1,0,0,1,1,1,1,0,0,1,1,0,0,0,1,0,0,1,1,1,1,0,1,1,1,1
restart_aligned_regs_only_warmup11_cap1024_run01,492,0,77,B19E6DB0966DD50E,0,1,1,1,0,0,0,0,1,0,1,0,1,0,1,1,1,0,1,1,0,1,1,0,0,1,1,0,1,0,0,1,0,0,0,0,1,1,0,1,1,0,1,1,0,1,1,0,0,1,1,1,1,0,0,1,1,0,0,0,1,1,0,1,1,1,1,0,1,1,1,0
restart_aligned_regs_only_warmup11_cap1024_run01,493,1,34,B1966DB0966DF51E,0,1,1,1,1,0,0,0,1,0,1,0,1,1,1,1,1,0,1,1,0,1,1,0,0,1,1,0,1,0,0,1,0,0,0,0,1,1,0,1,1,0,1,1,0,1,1,0,0,1,1,0,1,0,0,1,1,0,0,0,1,1,0,1,0,0,1,0,1,1,0,0
restart_aligned_regs_only_warmup11_cap1024_run01,494,1,34,B1966DB0966DF51E,0,1,1,1,1,0,0,0,1,0,1,0,1,1,1,1,1,0,1,1,0,1,1,0,0,1,1,0,1,0,0,1,0,0,0,0,1,1,0,1,1,0,1,1,0,1,1,0,0,1,1,0,1,0,0,1,1,0,0,0,1,1,0,1,0,0,1,0,1,1,0,0
restart_aligned_regs_only_warmup11_cap1024_run01,495,0,14,B19669B0966DF51E,0,1,1,1,1,0,0,0,1,0,1,0,1,1,1,1,1,0,1,1,0,1,1,0,0,1,1,0,1,0,0,1,0,0,0,0,1,1,0,1,1,0,0,1,0,1,1,0,0,1,1,0,1,0,0,1,1,0,0,0,1,1,0,1,0,0,1,0,1,0,0,0
restart_aligned_regs_only_warmup11_cap1024_run01,496,1,34,B1966DB0966DF51E,0,1,1,1,1,0,0,0,1,0,1,0,1,1,1,1,1,0,1,1,0,1,1,0,0,1,1,0,1,0,0,1,0,0,0,0,1,1,0,1,1,0,1,1,0,1,1,0,0,1,1,0,1,0,0,1,1,0,0,0,1,1,0,1,0,0,1,0,1,1,0,0
restart_aligned_regs_only_warmup11_cap1024_run01,497,1,34,B1966DB0966DF51E,0,1,1,1,1,0,0,0,1,0,1,0,1,1,1,1,1,0,1,1,0,1,1,0,0,1,1,0,1,0,0,1,0,0,0,0,1,1,0,1,1,0,1,1,0,1,1,0,0,1,1,0,1,0,0,1,1,0,0,0,1,1,0,1,0,0,1,0,1,1,0,0
restart_aligned_regs_only_warmup11_cap1024_run01,498,0,14,B19669B0966DF51E,0,1,1,1,1,0,0,0,1,0,1,0,1,1,1,1,1,0,1,1,0,1,1,0,0,1,1,0,1,0,0,1,0,0,0,0,1,1,0,1,1,0,0,1,0,1,1,0,0,1,1,0,1,0,0,1,1,0,0,0,1,1,0,1,0,0,1,0,1,0,0,0
restart_aligned_regs_only_warmup11_cap1024_run01,499,0,9F,919669B0866DD50E,0,1,1,1,0,0,0,0,1,0,1,0,1,0,1,1,1,0,1,1,0,1,1,0,0,1,1,0,0,0,0,1,0,0,0,0,1,1,0,1,1,0,0,1,0,1,1,0,0,1,1,0,1,0,0,1,1,0,0,0,1,0,0,1,1,1,1,1,1,0,0,1
restart_aligned_regs_only_warmup11_cap1024_run01,500,0,9F,919669B0866DD50E,0,1,1,1,0,0,0,0,1,0,1,0,1,0,1,1,1,0,1,1,0,1,1,0,0,1,1,0,0,0,0,1,0,0,0,0,1,1,0,1,1,0,0,1,0,1,1,0,0,1,1,0,1,0,0,1,1,0,0,0,1,0,0,1,1,1,1,1,1,0,0,1
restart_aligned_regs_only_warmup11_cap1024_run01,501,0,39,B19649B08669F50E,0,1,1,1,0,0,0,0,1,0,1,0,1,1,1,1,1,0,0,1,0,1,1,0,0,1,1,0,0,0,0,1,0,0,0,0,1,1,0,1,1,0,0,1,0,0,1,0,0,1,1,0,1,0,0,1,1,0,0,0,1,1,0,1,1,0,0,1,1,1,0,0
restart_aligned_regs_only_warmup11_cap1024_run01,502,0,F3,919E6BB00669D50E,0,1,1,1,0,0,0,0,1,0,1,0,1,0,1,1,1,0,0,1,0,1,1,0,0,1,1,0,0,0,0,0,0,0,0,0,1,1,0,1,1,1,0,1,0,1,1,0,0,1,1,1,1,0,0,1,1,0,0,0,1,0,0,1,1,1,0,0,1,1,1,1
restart_aligned_regs_only_warmup11_cap1024_run01,503,1,15,B1966FB0966DF50E,0,1,1,1,0,0,0,0,1,0,1,0,1,1,1,1,1,0,1,1,0,1,1,0,0,1,1,0,1,0,0,1,0,0,0,0,1,1,0,1,1,1,1,1,0,1,1,0,0,1,1,0,1,0,0,1,1,0,0,0,1,1,0,1,1,0,1,0,1,0,0,0
restart_aligned_regs_only_warmup11_cap1024_run01,504,1,97,919669B0966DD50E,0,1,1,1,0,0,0,0,1,0,1,0,1,0,1,1,1,0,1,1,0,1,1,0,0,1,1,0,1,0,0,1,0,0,0,0,1,1,0,1,1,0,0,1,0,1,1,0,0,1,1,0,1,0,0,1,1,0,0,0,1,0,0,1,1,1,1,0,1,0,0,1
restart_aligned_regs_only_warmup11_cap1024_run01,505,0,74,B19E6BB0966DF51E,0,1,1,1,1,0,0,0,1,0,1,0,1,1,1,1,1,0,1,1,0,1,1,0,0,1,1,0,1,0,0,1,0,0,0,0,1,1,0,1,1,1,0,1,0,1,1,0,0,1,1,1,1,0,0,1,1,0,0,0,1,1,0,1,0,0,1,0,1,1,1,0
restart_aligned_regs_only_warmup11_cap1024_run01,506,1,34,B1964FB0966DF51E,0,1,1,1,1,0,0,0,1,0,1,0,1,1,1,1,1,0,1,1,0,1,1,0,0,1,1,0,1,0,0,1,0,0,0,0,1,1,0,1,1,1,1,1,0,0,1,0,0,1,1,0,1,0,0,1,1,0,0,0,1,1,0,1,0,0,1,0,1,1,0,0
restart_aligned_regs_only_warmup11_cap1024_run01,507,0,74,B19E6DB0966DF51E,0,1,1,1,1,0,0,0,1,0,1,0,1,1,1,1,1,0,1,1,0,1,1,0,0,1,1,0,1,0,0,1,0,0,0,0,1,1,0,1,1,0,1,1,0,1,1,0,0,1,1,1,1,0,0,1,1,0,0,0,1,1,0,1,0,0,1,0,1,1,1,0
restart_aligned_regs_only_warmup11_cap1024_run01,508,0,3F,B1966DB0866DD50E,0,1,1,1,0,0,0,0,1,0,1,0,1,0,1,1,1,0,1,1,0,1,1,0,0,1,1,0,0,0,0,1,0,0,0,0,1,1,0,1,1,0,1,1,0,1,1,0,0,1,1,0,1,0,0,1,1,0,0,0,1,1,0,1,1,1,1,1,1,1,0,0
restart_aligned_regs_only_warmup11_cap1024_run01,509,1,76,B19E6DB0966DD51E,0,1,1,1,1,0,0,0,1,0,1,0,1,0,1,1,1,0,1,1,0,1,1,0,0,1,1,0,1,0,0,1,0,0,0,0,1,1,0,1,1,0,1,1,0,1,1,0,0,1,1,1,1,0,0,1,1,0,0,0,1,1,0,1,0,1,1,0,1,1,1,0
restart_aligned_regs_only_warmup11_cap1024_run01,510,0,7D,B19E6BB0866DF50E,0,1,1,1,0,0,0,0,1,0,1,0,1,1,1,1,1,0,1,1,0,1,1,0,0,1,1,0,0,0,0,1,0,0,0,0,1,1,0,1,1,1,0,1,0,1,1,0,0,1,1,1,1,0,0,1,1,0,0,0,1,1,0,1,1,0,1,1,1,1,1,0
restart_aligned_regs_only_warmup11_cap1024_run01,511,1,54,B19E4BB0966DF51E,0,1,1,1,1,0,0,0,1,0,1,0,1,1,1,1,1,0,1,1,0,1,1,0,0,1,1,0,1,0,0,1,0,0,0,0,1,1,0,1,1,1,0,1,0,0,1,0,0,1,1,1,1,0,0,1,1,0,0,0,1,1,0,1,0,0,1,0,1,0,1,0
restart_aligned_regs_only_warmup11_cap1024_run01,512,1,1C,B19669B0166DF51E,0,1,1,1,1,0,0,0,1,0,1,0,1,1,1,1,1,0,1,1,0,1,1,0,0,1,1,0,1,0,0,0,0,0,0,0,1,1,0,1,1,0,0,1,0,1,1,0,0,1,1,0,1,0,0,1,1,0,0,0,1,1,0,1,0,0,1,1,1,0,0,0
restart_aligned_regs_only_warmup11_cap1024_run01,513,0,14,B1966FB0966DF51E,0,1,1,1,1,0,0,0,1,0,1,0,1,1,1,1,1,0,1,1,0,1,1,0,0,1,1,0,1,0,0,1,0,0,0,0,1,1,0,1,1,1,1,1,0,1,1,0,0,1,1,0,1,0,0,1,1,0,0,0,1,1,0,1,0,0,1,0,1,0,0,0
restart_aligned_regs_only_warmup11_cap1024_run01,514,0,1D,B1966FB0866DF50E,0,1,1,1,0,0,0,0,1,0,1,0,1,1,1,1,1,0,1,1,0,1,1,0,0,1,1,0,0,0,0,1,0,0,0,0,1,1,0,1,1,1,1,1,0,1,1,0,0,1,1,0,1,0,0,1,1,0,0,0,1,1,0,1,1,0,1,1,1,0,0,0
restart_aligned_regs_only_warmup11_cap1024_run01,515,1,7C,B19E6DB0166DF51E,0,1,1,1,1,0,0,0,1,0,1,0,1,1,1,1,1,0,1,1,0,1,1,0,0,1,1,0,1,0,0,0,0,0,0,0,1,1,0,1,1,0,1,1,0,1,1,0,0,1,1,1,1,0,0,1,1,0,0,0,1,1,0,1,0,0,1,1,1,1,1,0
restart_aligned_regs_only_warmup11_cap1024_run01,516,1,54,B19E4BB0966DF51E,0,1,1,1,1,0,0,0,1,0,1,0,1,1,1,1,1,0,1,1,0,1,1,0,0,1,1,0,1,0,0,1,0,0,0,0,1,1,0,1,1,1,0,1,0,0,1,0,0,1,1,1,1,0,0,1,1,0,0,0,1,1,0,1,0,0,1,0,1,0,1,0
restart_aligned_regs_only_warmup11_cap1024_run01,517,0,7D,B19E6BB0866DF50E,0,1,1,1,0,0,0,0,1,0,1,0,1,1,1,1,1,0,1,1,0,1,1,0,0,1,1,0,0,0,0,1,0,0,0,0,1,1,0,1,1,1,0,1,0,1,1,0,0,1,1,1,1,0,0,1,1,0,0,0,1,1,0,1,1,0,1,1,1,1,1,0
restart_aligned_regs_only_warmup11_cap1024_run01,518,1,34,B1964FB0966DF51E,0,1,1,1,1,0,0,0,1,0,1,0,1,1,1,1,1,0,1,1,0,1,1,0,0,1,1,0,1,0,0,1,0,0,0,0,1,1,0,1,1,1,1,1,0,0,1,0,0,1,1,0,1,0,0,1,1,0,0,0,1,1,0,1,0,0,1,0,1,1,0,0
restart_aligned_regs_only_warmup11_cap1024_run01,519,1,51,B19E69B00669F50E,0,1,1,1,0,0,0,0,1,0,1,0,1,1,1,1,1,0,0,1,0,1,1,0,0,1,1,0,0,0,0,0,0,0,0,0,1,1,0,1,1,0,0,1,0,1,1,0,0,1,1,1,1,0,0,1,1,0,0,0,1,1,0,1,1,0,0,0,1,0,1,0
restart_aligned_regs_only_warmup11_cap1024_run01,520,1,3B,B1964FB0164DF10E,0,1,1,1,0,0,0,0,1,0,0,0,1,1,1,1,1,0,1,1,0,0,1,0,0,1,1,0,1,0,0,0,0,0,0,0,1,1,0,1,1,1,1,1,0,0,1,0,0,1,1,0,1,0,0,1,1,0,0,0,1,1,0,1,1,1,0,1,1,1,0,0
restart_aligned_regs_only_warmup11_cap1024_run01,521,1,34,B1966DB0966DF51E,0,1,1,1,1,0,0,0,1,0,1,0,1,1,1,1,1,0,1,1,0,1,1,0,0,1,1,0,1,0,0,1,0,0,0,0,1,1,0,1,1,0,1,1,0,1,1,0,0,1,1,0,1,0,0,1,1,0,0,0,1,1,0,1,0,0,1,0,1,1,0,0
restart_aligned_regs_only_warmup11_cap1024_run01,522,0,74,B19E49B0966DF51E,0,1,1,1,1,0,0,0,1,0,1,0,1,1,1,1,1,0,1,1,0,1,1,0,0,1,1,0,1,0,0,1,0,0,0,0,1,1,0,1,1,0,0,1,0,0,1,0,0,1,1,1,1,0,0,1,1,0,0,0,1,1,0,1,0,0,1,0,1,1,1,0
restart_aligned_regs_only_warmup11_cap1024_run01,523,0,14,B1966FB0966DF51E,0,1,1,1,1,0,0,0,1,0,1,0,1,1,1,1,1,0,1,1,0,1,1,0,0,1,1,0,1,0,0,1,0,0,0,0,1,1,0,1,1,1,1,1,0,1,1,0,0,1,1,0,1,0,0,1,1,0,0,0,1,1,0,1,0,0,1,0,1,0,0,0
restart_aligned_regs_only_warmup11_cap1024_run01,524,1,34,B1964FB0966DF51E,0,1,1,1,1,0,0,0,1,0,1,0,1,1,1,1,1,0,1,1,0,1,1,0,0,1,1,0,1,0,0,1,0,0,0,0,1,1,0,1,1,1,1,1,0,0,1,0,0,1,1,0,1,0,0,1,1,0,0,0,1,1,0,1,0,0,1,0,1,1,0,0
restart_aligned_regs_only_warmup11_cap1024_run01,525,1,15,B1966FB0966DF50E,0,1,1,1,0,0,0,0,1,0,1,0,1,1,1,1,1,0,1,1,0,1,1,0,0,1,1,0,1,0,0,1,0,0,0,0,1,1,0,1,1,1,1,1,0,1,1,0,0,1,1,0,1,0,0,1,1,0,0,0,1,1,0,1,1,0,1,0,1,0,0,0
restart_aligned_regs_only_warmup11_cap1024_run01,526,0,36,B1966BB0966DD51E,0,1,1,1,1,0,0,0,1,0,1,0,1,0,1,1,1,0,1,1,0,1,1,0,0,1,1,0,1,0,0,1,0,0,0,0,1,1,0,1,1,1,0,1,0,1,1,0,0,1,1,0,1,0,0,1,1,0,0,0,1,1,0,1,0,1,1,0,1,1,0,0
restart_aligned_regs_only_warmup11_cap1024_run01,527,0,35,B1966DB0966DF50E,0,1,1,1,0,0,0,0,1,0,1,0,1,1,1,1,1,0,1,1,0,1,1,0,0,1,1,0,1,0,0,1,0,0,0,0,1,1,0,1,1,0,1,1,0,1,1,0,0,1,1,0,1,0,0,1,1,0,0,0,1,1,0,1,1,0,1,0,1,1,0,0
restart_aligned_regs_only_warmup11_cap1024_run01,528,1,34,B1966DB0966DF51E,0,1,1,1,1,0,0,0,1,0,1,0,1,1,1,1,1,0,1,1,0,1,1,0,0,1,1,0,1,0,0,1,0,0,0,0,1,1,0,1,1,0,1,1,0,1,1,0,0,1,1,0,1,0,0,1,1,0,0,0,1,1,0,1,0,0,1,0,1,1,0,0
restart_aligned_regs_only_warmup11_cap1024_run01,529,1,54,B19E6FB0966DF51E,0,1,1,1,1,0,0,0,1,0,1,0,1,1,1,1,1,0,1,1,0,1,1,0,0,1,1,0,1,0,0,1,0,0,0,0,1,1,0,1,1,1,1,1,0,1,1,0,0,1,1,1,1,0,0,1,1,0,0,0,1,1,0,1,0,0,1,0,1,0,1,0
restart_aligned_regs_only_warmup11_cap1024_run01,530,1,3D,B1966DB0866DF50E,0,1,1,1,0,0,0,0,1,0,1,0,1,1,1,1,1,0,1,1,0,1,1,0,0,1,1,0,0,0,0,1,0,0,0,0,1,1,0,1,1,0,1,1,0,1,1,0,0,1,1,0,1,0,0,1,1,0,0,0,1,1,0,1,1,0,1,1,1,1,0,0
restart_aligned_regs_only_warmup11_cap1024_run01,531,1,97,919669B0966DD50E,0,1,1,1,0,0,0,0,1,0,1,0,1,0,1,1,1,0,1,1,0,1,1,0,0,1,1,0,1,0,0,1,0,0,0,0,1,1,0,1,1,0,0,1,0,1,1,0,0,1,1,0,1,0,0,1,1,0,0,0,1,0,0,1,1,1,1,0,1,0,0,1
restart_aligned_regs_only_warmup11_cap1024_run01,532,0,1D,B19669B0866DF50E,0,1,1,1,0,0,0,0,1,0,1,0,1,1,1,1,1,0,1,1,0,1,1,0,0,1,1,0,0,0,0,1,0,0,0,0,1,1,0,1,1,0,0,1,0,1,1,0,0,1,1,0,1,0,0,1,1,0,0,0,1,1,0,1,1,0,1,1,1,0,0,0
restart_aligned_regs_only_warmup11_cap1024_run01,533,1,3D,B1966BB0866DF50E,0,1,1,1,0,0,0,0,1,0,1,0,1,1,1,1,1,0,1,1,0,1,1,0,0,1,1,0,0,0,0,1,0,0,0,0,1,1,0,1,1,1,0,1,0,1,1,0,0,1,1,0,1,0,0,1,1,0,0,0,1,1,0,1,1,0,1,1,1,1,0,0
restart_aligned_regs_only_warmup11_cap1024_run01,534,1,76,B19E6DB0966DD51E,0,1,1,1,1,0,0,0,1,0,1,0,1,0,1,1,1,0,1,1,0,1,1,0,0,1,1,0,1,0,0,1,0,0,0,0,1,1,0,1,1,0,1,1,0,1,1,0,0,1,1,1,1,0,0,1,1,0,0,0,1,1,0,1,0,1,1,0,1,1,1,0
restart_aligned_regs_only_warmup11_cap1024_run01,535,0,14,B1966FB0966DF51E,0,1,1,1,1,0,0,0,1,0,1,0,1,1,1,1,1,0,1,1,0,1,1,0,0,1,1,0,1,0,0,1,0,0,0,0,1,1,0,1,1,1,1,1,0,1,1,0,0,1,1,0,1,0,0,1,1,0,0,0,1,1,0,1,0,0,1,0,1,0,0,0
restart_aligned_regs_only_warmup11_cap1024_run01,536,1,54,B19E69B0966DF51E,0,1,1,1,1,0,0,0,1,0,1,0,1,1,1,1,1,0,1,1,0,1,1,0,0,1,1,0,1,0,0,1,0,0,0,0,1,1,0,1,1,0,0,1,0,1,1,0,0,1,1,1,1,0,0,1,1,0,0,0,1,1,0,1,0,0,1,0,1,0,1,0
restart_aligned_regs_only_warmup11_cap1024_run01,537,1,7F,B19E6DB0866DD50E,0,1,1,1,0,0,0,0,1,0,1,0,1,0,1,1,1,0,1,1,0,1,1,0,0,1,1,0,0,0,0,1,0,0,0,0,1,1,0,1,1,0,1,1,0,1,1,0,0,1,1,1,1,0,0,1,1,0,0,0,1,1,0,1,1,1,1,1,1,1,1,0
restart_aligned_regs_only_warmup11_cap1024_run01,538,0,14,B1966FB0966DF51E,0,1,1,1,1,0,0,0,1,0,1,0,1,1,1,1,1,0,1,1,0,1,1,0,0,1,1,0,1,0,0,1,0,0,0,0,1,1,0,1,1,1,1,1,0,1,1,0,0,1,1,0,1,0,0,1,1,0,0,0,1,1,0,1,0,0,1,0,1,0,0,0
restart_aligned_regs_only_warmup11_cap1024_run01,539,0,1D,B1966FB0866DD10E,0,1,1,1,0,0,0,0,1,0,0,0,1,0,1,1,1,0,1,1,0,1,1,0,0,1,1,0,0,0,0,1,0,0,0,0,1,1,0,1,1,1,1,1,0,1,1,0,0,1,1,0,1,0,0,1,1,0,0,0,1,1,0,1,1,0,1,1,1,0,0,0
restart_aligned_regs_only_warmup11_cap1024_run01,540,0,1D,B1966FB0866DF50E,0,1,1,1,0,0,0,0,1,0,1,0,1,1,1,1,1,0,1,1,0,1,1,0,0,1,1,0,0,0,0,1,0,0,0,0,1,1,0,1,1,1,1,1,0,1,1,0,0,1,1,0,1,0,0,1,1,0,0,0,1,1,0,1,1,0,1,1,1,0,0,0
restart_aligned_regs_only_warmup11_cap1024_run01,541,1,37,B1966DB0966DD50E,0,1,1,1,0,0,0,0,1,0,1,0,1,0,1,1,1,0,1,1,0,1,1,0,0,1,1,0,1,0,0,1,0,0,0,0,1,1,0,1,1,0,1,1,0,1,1,0,0,1,1,0,1,0,0,1,1,0,0,0,1,1,0,1,1,1,1,0,1,1,0,0
restart_aligned_regs_only_warmup11_cap1024_run01,542,0,17,B19669B0966DD50E,0,1,1,1,0,0,0,0,1,0,1,0,1,0,1,1,1,0,1,1,0,1,1,0,0,1,1,0,1,0,0,1,0,0,0,0,1,1,0,1,1,0,0,1,0,1,1,0,0,1,1,0,1,0,0,1,1,0,0,0,1,1,0,1,1,1,1,0,1,0,0,0
restart_aligned_regs_only_warmup11_cap1024_run01,543,1,DF,919E69B0866DD50E,0,1,1,1,0,0,0,0,1,0,1,0,1,0,1,1,1,0,1,1,0,1,1,0,0,1,1,0,0,0,0,1,0,0,0,0,1,1,0,1,1,0,0,1,0,1,1,0,0,1,1,1,1,0,0,1,1,0,0,0,1,0,0,1,1,1,1,1,1,0,1,1
restart_aligned_regs_only_warmup11_cap1024_run01,544,1,10,B1964BB0964DF51E,0,1,1,1,1,0,0,0,1,0,1,0,1,1,1,1,1,0,1,1,0,0,1,0,0,1,1,0,1,0,0,1,0,0,0,0,1,1,0,1,1,1,0,1,0,0,1,0,0,1,1,0,1,0,0,1,1,0,0,0,1,1,0,1,0,0,0,0,1,0,0,0
restart_aligned_regs_only_warmup11_cap1024_run01,545,0,1D,B1966FB0866DF50E,0,1,1,1,0,0,0,0,1,0,1,0,1,1,1,1,1,0,1,1,0,1,1,0,0,1,1,0,0,0,0,1,0,0,0,0,1,1,0,1,1,1,1,1,0,1,1,0,0,1,1,0,1,0,0,1,1,0,0,0,1,1,0,1,1,0,1,1,1,0,0,0
restart_aligned_regs_only_warmup11_cap1024_run01,546,0,35,B1966DB0966DF50E,0,1,1,1,0,0,0,0,1,0,1,0,1,1,1,1,1,0,1,1,0,1,1,0,0,1,1,0,1,0,0,1,0,0,0,0,1,1,0,1,1,0,1,1,0,1,1,0,0,1,1,0,1,0,0,1,1,0,0,0,1,1,0,1,1,0,1,0,1,1,0,0
restart_aligned_regs_only_warmup11_cap1024_run01,547,1,15,B19669B0966DF50E,0,1,1,1,0,0,0,0,1,0,1,0,1,1,1,1,1,0,1,1,0,1,1,0,0,1,1,0,1,0,0,1,0,0,0,0,1,1,0,1,1,0,0,1,0,1,1,0,0,1,1,0,1,0,0,1,1,0,0,0,1,1,0,1,1,0,1,0,1,0,0,0
restart_aligned_regs_only_warmup11_cap1024_run01,548,0,14,B1966FB0966DF51E,0,1,1,1,1,0,0,0,1,0,1,0,1,1,1,1,1,0,1,1,0,1,1,0,0,1,1,0,1,0,0,1,0,0,0,0,1,1,0,1,1,1,1,1,0,1,1,0,0,1,1,0,1,0,0,1,1,0,0,0,1,1,0,1,0,0,1,0,1,0,0,0
restart_aligned_regs_only_warmup11_cap1024_run01,549,1,1F,B19669B0866DD50E,0,1,1,1,0,0,0,0,1,0,1,0,1,0,1,1,1,0,1,1,0,1,1,0,0,1,1,0,0,0,0,1,0,0,0,0,1,1,0,1,1,0,0,1,0,1,1,0,0,1,1,0,1,0,0,1,1,0,0,0,1,1,0,1,1,1,1,1,1,0,0,0
restart_aligned_regs_only_warmup11_cap1024_run01,550,1,16,B1966FB0966DF11E,0,1,1,1,1,0,0,0,1,0,0,0,1,1,1,1,1,0,1,1,0,1,1,0,0,1,1,0,1,0,0,1,0,0,0,0,1,1,0,1,1,1,1,1,0,1,1,0,0,1,1,0,1,0,0,1,1,0,0,0,1,1,0,1,0,1,1,0,1,0,0,0
restart_aligned_regs_only_warmup11_cap1024_run01,551,0,96,91966FB0966DD51E,0,1,1,1,1,0,0,0,1,0,1,0,1,0,1,1,1,0,1,1,0,1,1,0,0,1,1,0,1,0,0,1,0,0,0,0,1,1,0,1,1,1,1,1,0,1,1,0,0,1,1,0,1,0,0,1,1,0,0,0,1,0,0,1,0,1,1,0,1,0,0,1
restart_aligned_regs_only_warmup11_cap1024_run01,552,1,1F,B19669B0866DD50E,0,1,1,1,0,0,0,0,1,0,1,0,1,0,1,1,1,0,1,1,0,1,1,0,0,1,1,0,0,0,0,1,0,0,0,0,1,1,0,1,1,0,0,1,0,1,1,0,0,1,1,0,1,0,0,1,1,0,0,0,1,1,0,1,1,1,1,1,1,0,0,0
restart_aligned_regs_only_warmup11_cap1024_run01,553,1,37,B1966DB0066DD50E,0,1,1,1,0,0,0,0,1,0,1,0,1,0,1,1,1,0,1,1,0,1,1,0,0,1,1,0,0,0,0,0,0,0,0,0,1,1,0,1,1,0,1,1,0,1,1,0,0,1,1,0,1,0,0,1,1,0,0,0,1,1,0,1,1,1,1,0,1,1,0,0
restart_aligned_regs_only_warmup11_cap1024_run01,554,0,3F,B1966DB0866DF10E,0,1,1,1,0,0,0,0,1,0,0,0,1,1,1,1,1,0,1,1,0,1,1,0,0,1,1,0,0,0,0,1,0,0,0,0,1,1,0,1,1,0,1,1,0,1,1,0,0,1,1,0,1,0,0,1,1,0,0,0,1,1,0,1,1,1,1,1,1,1,0,0
restart_aligned_regs_only_warmup11_cap1024_run01,555,1,F7,919E6DB0066DD50E,0,1,1,1,0,0,0,0,1,0,1,0,1,0,1,1,1,0,1,1,0,1,1,0,0,1,1,0,0,0,0,0,0,0,0,0,1,1,0,1,1,0,1,1,0,1,1,0,0,1,1,1,1,0,0,1,1,0,0,0,1,0,0,1,1,1,1,0,1,1,1,1
restart_aligned_regs_only_warmup11_cap1024_run01,556,0,B4,91966DB0966DD11E,0,1,1,1,1,0,0,0,1,0,0,0,1,0,1,1,1,0,1,1,0,1,1,0,0,1,1,0,1,0,0,1,0,0,0,0,1,1,0,1,1,0,1,1,0,1,1,0,0,1,1,0,1,0,0,1,1,0,0,0,1,0,0,1,0,0,1,0,1,1,0,1
restart_aligned_regs_only_warmup11_cap1024_run01,557,1,26,B1966DA0966DF11E,0,1,1,1,1,0,0,0,1,0,0,0,1,1,1,1,1,0,1,1,0,1,1,0,0,1,1,0,1,0,0,1,0,0,0,0,0,1,0,1,1,0,1,1,0,1,1,0,0,1,1,0,1,0,0,1,1,0,0,0,1,1,0,1,0,1,1,0,0,1,0,0
restart_aligned_regs_only_warmup11_cap1024_run01,558,1,34,B1966DB0966DF51E,0,1,1,1,1,0,0,0,1,0,1,0,1,1,1,1,1,0,1,1,0,1,1,0,0,1,1,0,1,0,0,1,0,0,0,0,1,1,0,1,1,0,1,1,0,1,1,0,0,1,1,0,1,0,0,1,1,0,0,0,1,1,0,1,0,0,1,0,1,1,0,0
restart_aligned_regs_only_warmup11_cap1024_run01,559,1,34,B1966DB0966DF51E,0,1,1,1,1,0,0,0,1,0,1,0,1,1,1,1,1,0,1,1,0,1,1,0,0,1,1,0,1,0,0,1,0,0,0,0,1,1,0,1,1,0,1,1,0,1,1,0,0,1,1,0,1,0,0,1,1,0,0,0,1,1,0,1,0,0,1,0,1,1,0,0
restart_aligned_regs_only_warmup11_cap1024_run01,560,0,3F,B1966DB0866DF10E,0,1,1,1,0,0,0,0,1,0,0,0,1,1,1,1,1,0,1,1,0,1,1,0,0,1,1,0,0,0,0,1,0,0,0,0,1,1,0,1,1,0,1,1,0,1,1,0,0,1,1,0,1,0,0,1,1,0,0,0,1,1,0,1,1,1,1,1,1,1,0,0
restart_aligned_regs_only_warmup11_cap1024_run01,561,1,15,B19669B0066DF50E,0,1,1,1,0,0,0,0,1,0,1,0,1,1,1,1,1,0,1,1,0,1,1,0,0,1,1,0,0,0,0,0,0,0,0,0,1,1,0,1,1,0,0,1,0,1,1,0,0,1,1,0,1,0,0,1,1,0,0,0,1,1,0,1,1,0,1,0,1,0,0,0
restart_aligned_regs_only_warmup11_cap1024_run01,562,0,55,B19E69B0066DF50E,0,1,1,1,0,0,0,0,1,0,1,0,1,1,1,1,1,0,1,1,0,1,1,0,0,1,1,0,0,0,0,0,0,0,0,0,1,1,0,1,1,0,0,1,0,1,1,0,0,1,1,1,1,0,0,1,1,0,0,0,1,1,0,1,1,0,1,0,1,0,1,0
restart_aligned_regs_only_warmup11_cap1024_run01,563,0,14,B1964DB0966DF51E,0,1,1,1,1,0,0,0,1,0,1,0,1,1,1,1,1,0,1,1,0,1,1,0,0,1,1,0,1,0,0,1,0,0,0,0,1,1,0,1,1,0,1,1,0,0,1,0,0,1,1,0,1,0,0,1,1,0,0,0,1,1,0,1,0,0,1,0,1,0,0,0
restart_aligned_regs_only_warmup11_cap1024_run01,564,0,1D,B19669B0866DF50E,0,1,1,1,0,0,0,0,1,0,1,0,1,1,1,1,1,0,1,1,0,1,1,0,0,1,1,0,0,0,0,1,0,0,0,0,1,1,0,1,1,0,0,1,0,1,1,0,0,1,1,0,1,0,0,1,1,0,0,0,1,1,0,1,1,0,1,1,1,0,0,0
restart_aligned_regs_only_warmup11_cap1024_run01,565,1,9E,919669B0166DD51E,0,1,1,1,1,0,0,0,1,0,1,0,1,0,1,1,1,0,1,1,0,1,1,0,0,1,1,0,1,0,0,0,0,0,0,0,1,1,0,1,1,0,0,1,0,1,1,0,0,1,1,0,1,0,0,1,1,0,0,0,1,0,0,1,0,1,1,1,1,0,0,1
restart_aligned_regs_only_warmup11_cap1024_run01,566,1,34,B1966DB0966DF51E,0,1,1,1,1,0,0,0,1,0,1,0,1,1,1,1,1,0,1,1,0,1,1,0,0,1,1,0,1,0,0,1,0,0,0,0,1,1,0,1,1,0,1,1,0,1,1,0,0,1,1,0,1,0,0,1,1,0,0,0,1,1,0,1,0,0,1,0,1,1,0,0
restart_aligned_regs_only_warmup11_cap1024_run01,567,0,36,B1964FB0966DF11E,0,1,1,1,1,0,0,0,1,0,0,0,1,1,1,1,1,0,1,1,0,1,1,0,0,1,1,0,1,0,0,1,0,0,0,0,1,1,0,1,1,1,1,1,0,0,1,0,0,1,1,0,1,0,0,1,1,0,0,0,1,1,0,1,0,1,1,0,1,1,0,0
restart_aligned_regs_only_warmup11_cap1024_run01,568,1,3E,B1966DB0166DD51E,0,1,1,1,1,0,0,0,1,0,1,0,1,0,1,1,1,0,1,1,0,1,1,0,0,1,1,0,1,0,0,0,0,0,0,0,1,1,0,1,1,0,1,1,0,1,1,0,0,1,1,0,1,0,0,1,1,0,0,0,1,1,0,1,0,1,1,1,1,1,0,0
restart_aligned_regs_only_warmup11_cap1024_run01,569,1,3D,B1966DB0166DF50E,0,1,1,1,0,0,0,0,1,0,1,0,1,1,1,1,1,0,1,1,0,1,1,0,0,1,1,0,1,0,0,0,0,0,0,0,1,1,0,1,1,0,1,1,0,1,1,0,0,1,1,0,1,0,0,1,1,0,0,0,1,1,0,1,1,0,1,1,1,1,0,0
restart_aligned_regs_only_warmup11_cap1024_run01,570,0,36,B1966DB0966DF11E,0,1,1,1,1,0,0,0,1,0,0,0,1,1,1,1,1,0,1,1,0,1,1,0,0,1,1,0,1,0,0,1,0,0,0,0,1,1,0,1,1,0,1,1,0,1,1,0,0,1,1,0,1,0,0,1,1,0,0,0,1,1,0,1,0,1,1,0,1,1,0,0
restart_aligned_regs_only_warmup11_cap1024_run01,571,0,5F,B19E69B0866DD50E,0,1,1,1,0,0,0,0,1,0,1,0,1,0,1,1,1,0,1,1,0,1,1,0,0,1,1,0,0,0,0,1,0,0,0,0,1,1,0,1,1,0,0,1,0,1,1,0,0,1,1,1,1,0,0,1,1,0,0,0,1,1,0,1,1,1,1,1,1,0,1,0
restart_aligned_regs_only_warmup11_cap1024_run01,572,0,14,B1966FB0966DD11E,0,1,1,1,1,0,0,0,1,0,0,0,1,0,1,1,1,0,1,1,0,1,1,0,0,1,1,0,1,0,0,1,0,0,0,0,1,1,0,1,1,1,1,1,0,1,1,0,0,1,1,0,1,0,0,1,1,0,0,0,1,1,0,1,0,0,1,0,1,0,0,0
restart_aligned_regs_only_warmup11_cap1024_run01,573,1,3D,B1966DB0166DF50E,0,1,1,1,0,0,0,0,1,0,1,0,1,1,1,1,1,0,1,1,0,1,1,0,0,1,1,0,1,0,0,0,0,0,0,0,1,1,0,1,1,0,1,1,0,1,1,0,0,1,1,0,1,0,0,1,1,0,0,0,1,1,0,1,1,0,1,1,1,1,0,0
restart_aligned_regs_only_warmup11_cap1024_run01,574,0,35,B1964FB0066DF50E,0,1,1,1,0,0,0,0,1,0,1,0,1,1,1,1,1,0,1,1,0,1,1,0,0,1,1,0,0,0,0,0,0,0,0,0,1,1,0,1,1,1,1,1,0,0,1,0,0,1,1,0,1,0,0,1,1,0,0,0,1,1,0,1,1,0,1,0,1,1,0,0
restart_aligned_regs_only_warmup11_cap1024_run01,575,1,3D,B1966DB0866DF50E,0,1,1,1,0,0,0,0,1,0,1,0,1,1,1,1,1,0,1,1,0,1,1,0,0,1,1,0,0,0,0,1,0,0,0,0,1,1,0,1,1,0,1,1,0,1,1,0,0,1,1,0,1,0,0,1,1,0,0,0,1,1,0,1,1,0,1,1,1,1,0,0
restart_aligned_regs_only_warmup11_cap1024_run01,576,0,1D,B1966FB0866DF50E,0,1,1,1,0,0,0,0,1,0,1,0,1,1,1,1,1,0,1,1,0,1,1,0,0,1,1,0,0,0,0,1,0,0,0,0,1,1,0,1,1,1,1,1,0,1,1,0,0,1,1,0,1,0,0,1,1,0,0,0,1,1,0,1,1,0,1,1,1,0,0,0
restart_aligned_regs_only_warmup11_cap1024_run01,577,0,35,B1966DB0066DF50E,0,1,1,1,0,0,0,0,1,0,1,0,1,1,1,1,1,0,1,1,0,1,1,0,0,1,1,0,0,0,0,0,0,0,0,0,1,1,0,1,1,0,1,1,0,1,1,0,0,1,1,0,1,0,0,1,1,0,0,0,1,1,0,1,1,0,1,0,1,1,0,0
restart_aligned_regs_only_warmup11_cap1024_run01,578,0,35,B1964FB0066DF50E,0,1,1,1,0,0,0,0,1,0,1,0,1,1,1,1,1,0,1,1,0,1,1,0,0,1,1,0,0,0,0,0,0,0,0,0,1,1,0,1,1,1,1,1,0,0,1,0,0,1,1,0,1,0,0,1,1,0,0,0,1,1,0,1,1,0,1,0,1,1,0,0
restart_aligned_regs_only_warmup11_cap1024_run01,579,0,74,B19E6BB0966DF51E,0,1,1,1,1,0,0,0,1,0,1,0,1,1,1,1,1,0,1,1,0,1,1,0,0,1,1,0,1,0,0,1,0,0,0,0,1,1,0,1,1,1,0,1,0,1,1,0,0,1,1,1,1,0,0,1,1,0,0,0,1,1,0,1,0,0,1,0,1,1,1,0
restart_aligned_regs_only_warmup11_cap1024_run01,580,1,3D,B1966DB0866DF50E,0,1,1,1,0,0,0,0,1,0,1,0,1,1,1,1,1,0,1,1,0,1,1,0,0,1,1,0,0,0,0,1,0,0,0,0,1,1,0,1,1,0,1,1,0,1,1,0,0,1,1,0,1,0,0,1,1,0,0,0,1,1,0,1,1,0,1,1,1,1,0,0
restart_aligned_regs_only_warmup11_cap1024_run01,581,1,3D,B1966DB0866DF50E,0,1,1,1,0,0,0,0,1,0,1,0,1,1,1,1,1,0,1,1,0,1,1,0,0,1,1,0,0,0,0,1,0,0,0,0,1,1,0,1,1,0,1,1,0,1,1,0,0,1,1,0,1,0,0,1,1,0,0,0,1,1,0,1,1,0,1,1,1,1,0,0
restart_aligned_regs_only_warmup11_cap1024_run01,582,0,77,B19E79B0066DD50E,0,1,1,1,0,0,0,0,1,0,1,0,1,0,1,1,1,0,1,1,0,1,1,0,0,1,1,0,0,0,0,0,0,0,0,0,1,1,0,1,1,0,0,1,1,1,1,0,0,1,1,1,1,0,0,1,1,0,0,0,1,1,0,1,1,1,1,0,1,1,1,0
restart_aligned_regs_only_warmup11_cap1024_run01,583,1,15,B19669B0066DF50E,0,1,1,1,0,0,0,0,1,0,1,0,1,1,1,1,1,0,1,1,0,1,1,0,0,1,1,0,0,0,0,0,0,0,0,0,1,1,0,1,1,0,0,1,0,1,1,0,0,1,1,0,1,0,0,1,1,0,0,0,1,1,0,1,1,0,1,0,1,0,0,0
restart_aligned_regs_only_warmup11_cap1024_run01,584,0,3F,B1966DB0866DF10E,0,1,1,1,0,0,0,0,1,0,0,0,1,1,1,1,1,0,1,1,0,1,1,0,0,1,1,0,0,0,0,1,0,0,0,0,1,1,0,1,1,0,1,1,0,1,1,0,0,1,1,0,1,0,0,1,1,0,0,0,1,1,0,1,1,1,1,1,1,1,0,0
restart_aligned_regs_only_warmup11_cap1024_run01,585,1,15,B19669B0066DF50E,0,1,1,1,0,0,0,0,1,0,1,0,1,1,1,1,1,0,1,1,0,1,1,0,0,1,1,0,0,0,0,0,0,0,0,0,1,1,0,1,1,0,0,1,0,1,1,0,0,1,1,0,1,0,0,1,1,0,0,0,1,1,0,1,1,0,1,0,1,0,0,0
restart_aligned_regs_only_warmup11_cap1024_run01,586,0,7D,B19E6DB0166DF50E,0,1,1,1,0,0,0,0,1,0,1,0,1,1,1,1,1,0,1,1,0,1,1,0,0,1,1,0,1,0,0,0,0,0,0,0,1,1,0,1,1,0,1,1,0,1,1,0,0,1,1,1,1,0,0,1,1,0,0,0,1,1,0,1,1,0,1,1,1,1,1,0
restart_aligned_regs_only_warmup11_cap1024_run01,587,0,1D,B1966FB0866DF50E,0,1,1,1,0,0,0,0,1,0,1,0,1,1,1,1,1,0,1,1,0,1,1,0,0,1,1,0,0,0,0,1,0,0,0,0,1,1,0,1,1,1,1,1,0,1,1,0,0,1,1,0,1,0,0,1,1,0,0,0,1,1,0,1,1,0,1,1,1,0,0,0
restart_aligned_regs_only_warmup11_cap1024_run01,588,0,1E,B1966FB0166DD51E,0,1,1,1,1,0,0,0,1,0,1,0,1,0,1,1,1,0,1,1,0,1,1,0,0,1,1,0,1,0,0,0,0,0,0,0,1,1,0,1,1,1,1,1,0,1,1,0,0,1,1,0,1,0,0,1,1,0,0,0,1,1,0,1,0,1,1,1,1,0,0,0
restart_aligned_regs_only_warmup11_cap1024_run01,589,1,DF,919E69B0866DD50E,0,1,1,1,0,0,0,0,1,0,1,0,1,0,1,1,1,0,1,1,0,1,1,0,0,1,1,0,0,0,0,1,0,0,0,0,1,1,0,1,1,0,0,1,0,1,1,0,0,1,1,1,1,0,0,1,1,0,0,0,1,0,0,1,1,1,1,1,1,0,1,1
restart_aligned_regs_only_warmup11_cap1024_run01,590,0,FF,919E6BB0866DD50E,0,1,1,1,0,0,0,0,1,0,1,0,1,0,1,1,1,0,1,1,0,1,1,0,0,1,1,0,0,0,0,1,0,0,0,0,1,1,0,1,1,1,0,1,0,1,1,0,0,1,1,1,1,0,0,1,1,0,0,0,1,0,0,1,1,1,1,1,1,1,1,1
restart_aligned_regs_only_warmup11_cap1024_run01,591,1,15,B1964DB0966DF50E,0,1,1,1,0,0,0,0,1,0,1,0,1,1,1,1,1,0,1,1,0,1,1,0,0,1,1,0,1,0,0,1,0,0,0,0,1,1,0,1,1,0,1,1,0,0,1,0,0,1,1,0,1,0,0,1,1,0,0,0,1,1,0,1,1,0,1,0,1,0,0,0
restart_aligned_regs_only_warmup11_cap1024_run01,592,1,37,B1966DB0066DD50E,0,1,1,1,0,0,0,0,1,0,1,0,1,0,1,1,1,0,1,1,0,1,1,0,0,1,1,0,0,0,0,0,0,0,0,0,1,1,0,1,1,0,1,1,0,1,1,0,0,1,1,0,1,0,0,1,1,0,0,0,1,1,0,1,1,1,1,0,1,1,0,0
restart_aligned_regs_only_warmup11_cap1024_run01,593,0,5F,B19E6FB0866DF10E,0,1,1,1,0,0,0,0,1,0,0,0,1,1,1,1,1,0,1,1,0,1,1,0,0,1,1,0,0,0,0,1,0,0,0,0,1,1,0,1,1,1,1,1,0,1,1,0,0,1,1,1,1,0,0,1,1,0,0,0,1,1,0,1,1,1,1,1,1,0,1,0
restart_aligned_regs_only_warmup11_cap1024_run01,594,1,37,B1964FB0966DF10E,0,1,1,1,0,0,0,0,1,0,0,0,1,1,1,1,1,0,1,1,0,1,1,0,0,1,1,0,1,0,0,1,0,0,0,0,1,1,0,1,1,1,1,1,0,0,1,0,0,1,1,0,1,0,0,1,1,0,0,0,1,1,0,1,1,1,1,0,1,1,0,0
restart_aligned_regs_only_warmup11_cap1024_run01,595,0,3F,B1966DB0866DF10E,0,1,1,1,0,0,0,0,1,0,0,0,1,1,1,1,1,0,1,1,0,1,1,0,0,1,1,0,0,0,0,1,0,0,0,0,1,1,0,1,1,0,1,1,0,1,1,0,0,1,1,0,1,0,0,1,1,0,0,0,1,1,0,1,1,1,1,1,1,1,0,0
restart_aligned_regs_only_warmup11_cap1024_run01,596,1,3D,B19649B0866DF50E,0,1,1,1,0,0,0,0,1,0,1,0,1,1,1,1,1,0,1,1,0,1,1,0,0,1,1,0,0,0,0,1,0,0,0,0,1,1,0,1,1,0,0,1,0,0,1,0,0,1,1,0,1,0,0,1,1,0,0,0,1,1,0,1,1,0,1,1,1,1,0,0
restart_aligned_regs_only_warmup11_cap1024_run01,597,0,B7,91966BB0066DD50E,0,1,1,1,0,0,0,0,1,0,1,0,1,0,1,1,1,0,1,1,0,1,1,0,0,1,1,0,0,0,0,0,0,0,0,0,1,1,0,1,1,1,0,1,0,1,1,0,0,1,1,0,1,0,0,1,1,0,0,0,1,0,0,1,1,1,1,0,1,1,0,1
restart_aligned_regs_only_warmup11_cap1024_run01,598,0,1D,B1964DB0866DF50E,0,1,1,1,0,0,0,0,1,0,1,0,1,1,1,1,1,0,1,1,0,1,1,0,0,1,1,0,0,0,0,1,0,0,0,0,1,1,0,1,1,0,1,1,0,0,1,0,0,1,1,0,1,0,0,1,1,0,0,0,1,1,0,1,1,0,1,1,1,0,0,0
restart_aligned_regs_only_warmup11_cap1024_run01,599,1,34,B1966DB0966DF51E,0,1,1,1,1,0,0,0,1,0,1,0,1,1,1,1,1,0,1,1,0,1,1,0,0,1,1,0,1,0,0,1,0,0,0,0,1,1,0,1,1,0,1,1,0,1,1,0,0,1,1,0,1,0,0,1,1,0,0,0,1,1,0,1,0,0,1,0,1,1,0,0
restart_aligned_regs_only_warmup11_cap1024_run01,600,0,35,B1966DB0066DF50E,0,1,1,1,0,0,0,0,1,0,1,0,1,1,1,1,1,0,1,1,0,1,1,0,0,1,1,0,0,0,0,0,0,0,0,0,1,1,0,1,1,0,1,1,0,1,1,0,0,1,1,0,1,0,0,1,1,0,0,0,1,1,0,1,1,0,1,0,1,1,0,0
restart_aligned_regs_only_warmup11_cap1024_run01,601,0,7B,B19E79B08669D50E,0,1,1,1,0,0,0,0,1,0,1,0,1,0,1,1,1,0,0,1,0,1,1,0,0,1,1,0,0,0,0,1,0,0,0,0,1,1,0,1,1,0,0,1,1,1,1,0,0,1,1,1,1,0,0,1,1,0,0,0,1,1,0,1,1,1,0,1,1,1,1,0
restart_aligned_regs_only_warmup11_cap1024_run01,602,1,5D,B19E69B0866DF50E,0,1,1,1,0,0,0,0,1,0,1,0,1,1,1,1,1,0,1,1,0,1,1,0,0,1,1,0,0,0,0,1,0,0,0,0,1,1,0,1,1,0,0,1,0,1,1,0,0,1,1,1,1,0,0,1,1,0,0,0,1,1,0,1,1,0,1,1,1,0,1,0
restart_aligned_regs_only_warmup11_cap1024_run01,603,0,14,B1964DB0966DF51E,0,1,1,1,1,0,0,0,1,0,1,0,1,1,1,1,1,0,1,1,0,1,1,0,0,1,1,0,1,0,0,1,0,0,0,0,1,1,0,1,1,0,1,1,0,0,1,0,0,1,1,0,1,0,0,1,1,0,0,0,1,1,0,1,0,0,1,0,1,0,0,0
restart_aligned_regs_only_warmup11_cap1024_run01,604,0,14,B1964DB0966DF51E,0,1,1,1,1,0,0,0,1,0,1,0,1,1,1,1,1,0,1,1,0,1,1,0,0,1,1,0,1,0,0,1,0,0,0,0,1,1,0,1,1,0,1,1,0,0,1,0,0,1,1,0,1,0,0,1,1,0,0,0,1,1,0,1,0,0,1,0,1,0,0,0
restart_aligned_regs_only_warmup11_cap1024_run01,605,0,5F,B19E69B0866DD50E,0,1,1,1,0,0,0,0,1,0,1,0,1,0,1,1,1,0,1,1,0,1,1,0,0,1,1,0,0,0,0,1,0,0,0,0,1,1,0,1,1,0,0,1,0,1,1,0,0,1,1,1,1,0,0,1,1,0,0,0,1,1,0,1,1,1,1,1,1,0,1,0
restart_aligned_regs_only_warmup11_cap1024_run01,606,0,1D,B19669B0866DF50E,0,1,1,1,0,0,0,0,1,0,1,0,1,1,1,1,1,0,1,1,0,1,1,0,0,1,1,0,0,0,0,1,0,0,0,0,1,1,0,1,1,0,0,1,0,1,1,0,0,1,1,0,1,0,0,1,1,0,0,0,1,1,0,1,1,0,1,1,1,0,0,0
restart_aligned_regs_only_warmup11_cap1024_run01,607,0,5F,B19E6FB0866DD50E,0,1,1,1,0,0,0,0,1,0,1,0,1,0,1,1,1,0,1,1,0,1,1,0,0,1,1,0,0,0,0,1,0,0,0,0,1,1,0,1,1,1,1,1,0,1,1,0,0,1,1,1,1,0,0,1,1,0,0,0,1,1,0,1,1,1,1,1,1,0,1,0
restart_aligned_regs_only_warmup11_cap1024_run01,608,1,3D,B1966BB0866DF50E,0,1,1,1,0,0,0,0,1,0,1,0,1,1,1,1,1,0,1,1,0,1,1,0,0,1,1,0,0,0,0,1,0,0,0,0,1,1,0,1,1,1,0,1,0,1,1,0,0,1,1,0,1,0,0,1,1,0,0,0,1,1,0,1,1,0,1,1,1,1,0,0
restart_aligned_regs_only_warmup11_cap1024_run01,609,1,15,B1966FB0066DF50E,0,1,1,1,0,0,0,0,1,0,1,0,1,1,1,1,1,0,1,1,0,1,1,0,0,1,1,0,0,0,0,0,0,0,0,0,1,1,0,1,1,1,1,1,0,1,1,0,0,1,1,0,1,0,0,1,1,0,0,0,1,1,0,1,1,0,1,0,1,0,0,0
restart_aligned_regs_only_warmup11_cap1024_run01,610,1,15,B19669B0066DF50E,0,1,1,1,0,0,0,0,1,0,1,0,1,1,1,1,1,0,1,1,0,1,1,0,0,1,1,0,0,0,0,0,0,0,0,0,1,1,0,1,1,0,0,1,0,1,1,0,0,1,1,0,1,0,0,1,1,0,0,0,1,1,0,1,1,0,1,0,1,0,0,0
restart_aligned_regs_only_warmup11_cap1024_run01,611,0,3C,B1966BB0166DF51E,0,1,1,1,1,0,0,0,1,0,1,0,1,1,1,1,1,0,1,1,0,1,1,0,0,1,1,0,1,0,0,0,0,0,0,0,1,1,0,1,1,1,0,1,0,1,1,0,0,1,1,0,1,0,0,1,1,0,0,0,1,1,0,1,0,0,1,1,1,1,0,0
restart_aligned_regs_only_warmup11_cap1024_run01,612,1,3D,B1966BB0866DF50E,0,1,1,1,0,0,0,0,1,0,1,0,1,1,1,1,1,0,1,1,0,1,1,0,0,1,1,0,0,0,0,1,0,0,0,0,1,1,0,1,1,1,0,1,0,1,1,0,0,1,1,0,1,0,0,1,1,0,0,0,1,1,0,1,1,0,1,1,1,1,0,0
restart_aligned_regs_only_warmup11_cap1024_run01,613,0,FF,919E6BB0866DD50E,0,1,1,1,0,0,0,0,1,0,1,0,1,0,1,1,1,0,1,1,0,1,1,0,0,1,1,0,0,0,0,1,0,0,0,0,1,1,0,1,1,1,0,1,0,1,1,0,0,1,1,1,1,0,0,1,1,0,0,0,1,0,0,1,1,1,1,1,1,1,1,1
restart_aligned_regs_only_warmup11_cap1024_run01,614,0,35,B1966BB0066DF50E,0,1,1,1,0,0,0,0,1,0,1,0,1,1,1,1,1,0,1,1,0,1,1,0,0,1,1,0,0,0,0,0,0,0,0,0,1,1,0,1,1,1,0,1,0,1,1,0,0,1,1,0,1,0,0,1,1,0,0,0,1,1,0,1,1,0,1,0,1,1,0,0
restart_aligned_regs_only_warmup11_cap1024_run01,615,0,55,B19E6FB0066DF50E,0,1,1,1,0,0,0,0,1,0,1,0,1,1,1,1,1,0,1,1,0,1,1,0,0,1,1,0,0,0,0,0,0,0,0,0,1,1,0,1,1,1,1,1,0,1,1,0,0,1,1,1,1,0,0,1,1,0,0,0,1,1,0,1,1,0,1,0,1,0,1,0
restart_aligned_regs_only_warmup11_cap1024_run01,616,1,57,B19E6FB0966DF10E,0,1,1,1,0,0,0,0,1,0,0,0,1,1,1,1,1,0,1,1,0,1,1,0,0,1,1,0,1,0,0,1,0,0,0,0,1,1,0,1,1,1,1,1,0,1,1,0,0,1,1,1,1,0,0,1,1,0,0,0,1,1,0,1,1,1,1,0,1,0,1,0
restart_aligned_regs_only_warmup11_cap1024_run01,617,0,14,B1966FB0966DF51E,0,1,1,1,1,0,0,0,1,0,1,0,1,1,1,1,1,0,1,1,0,1,1,0,0,1,1,0,1,0,0,1,0,0,0,0,1,1,0,1,1,1,1,1,0,1,1,0,0,1,1,0,1,0,0,1,1,0,0,0,1,1,0,1,0,0,1,0,1,0,0,0
restart_aligned_regs_only_warmup11_cap1024_run01,618,1,34,B1964FB0966DF51E,0,1,1,1,1,0,0,0,1,0,1,0,1,1,1,1,1,0,1,1,0,1,1,0,0,1,1,0,1,0,0,1,0,0,0,0,1,1,0,1,1,1,1,1,0,0,1,0,0,1,1,0,1,0,0,1,1,0,0,0,1,1,0,1,0,0,1,0,1,1,0,0
restart_aligned_regs_only_warmup11_cap1024_run01,619,1,3D,B1966DB0866DF50E,0,1,1,1,0,0,0,0,1,0,1,0,1,1,1,1,1,0,1,1,0,1,1,0,0,1,1,0,0,0,0,1,0,0,0,0,1,1,0,1,1,0,1,1,0,1,1,0,0,1,1,0,1,0,0,1,1,0,0,0,1,1,0,1,1,0,1,1,1,1,0,0
restart_aligned_regs_only_warmup11_cap1024_run01,620,1,3D,B19649B0866DF50E,0,1,1,1,0,0,0,0,1,0,1,0,1,1,1,1,1,0,1,1,0,1,1,0,0,1,1,0,0,0,0,1,0,0,0,0,1,1,0,1,1,0,0,1,0,0,1,0,0,1,1,0,1,0,0,1,1,0,0,0,1,1,0,1,1,0,1,1,1,1,0,0
restart_aligned_regs_only_warmup11_cap1024_run01,621,1,15,B1966FB0066DF50E,0,1,1,1,0,0,0,0,1,0,1,0,1,1,1,1,1,0,1,1,0,1,1,0,0,1,1,0,0,0,0,0,0,0,0,0,1,1,0,1,1,1,1,1,0,1,1,0,0,1,1,0,1,0,0,1,1,0,0,0,1,1,0,1,1,0,1,0,1,0,0,0
restart_aligned_regs_only_warmup11_cap1024_run01,622,1,75,B19E6DB0066DF50E,0,1,1,1,0,0,0,0,1,0,1,0,1,1,1,1,1,0,1,1,0,1,1,0,0,1,1,0,0,0,0,0,0,0,0,0,1,1,0,1,1,0,1,1,0,1,1,0,0,1,1,1,1,0,0,1,1,0,0,0,1,1,0,1,1,0,1,0,1,1,1,0
restart_aligned_regs_only_warmup11_cap1024_run01,623,1,1F,B1966FB0866DF10E,0,1,1,1,0,0,0,0,1,0,0,0,1,1,1,1,1,0,1,1,0,1,1,0,0,1,1,0,0,0,0,1,0,0,0,0,1,1,0,1,1,1,1,1,0,1,1,0,0,1,1,0,1,0,0,1,1,0,0,0,1,1,0,1,1,1,1,1,1,0,0,0
restart_aligned_regs_only_warmup11_cap1024_run01,624,1,97,91967DB0066DD50E,0,1,1,1,0,0,0,0,1,0,1,0,1,0,1,1,1,0,1,1,0,1,1,0,0,1,1,0,0,0,0,0,0,0,0,0,1,1,0,1,1,0,1,1,1,1,1,0,0,1,1,0,1,0,0,1,1,0,0,0,1,0,0,1,1,1,1,0,1,0,0,1
restart_aligned_regs_only_warmup11_cap1024_run01,625,0,9F,919669B0866DD50E,0,1,1,1,0,0,0,0,1,0,1,0,1,0,1,1,1,0,1,1,0,1,1,0,0,1,1,0,0,0,0,1,0,0,0,0,1,1,0,1,1,0,0,1,0,1,1,0,0,1,1,0,1,0,0,1,1,0,0,0,1,0,0,1,1,1,1,1,1,0,0,1
restart_aligned_regs_only_warmup11_cap1024_run01,626,1,37,B1966DB0966DF10E,0,1,1,1,0,0,0,0,1,0,0,0,1,1,1,1,1,0,1,1,0,1,1,0,0,1,1,0,1,0,0,1,0,0,0,0,1,1,0,1,1,0,1,1,0,1,1,0,0,1,1,0,1,0,0,1,1,0,0,0,1,1,0,1,1,1,1,0,1,1,0,0
restart_aligned_regs_only_warmup11_cap1024_run01,627,1,75,B19E6DB0066DF50E,0,1,1,1,0,0,0,0,1,0,1,0,1,1,1,1,1,0,1,1,0,1,1,0,0,1,1,0,0,0,0,0,0,0,0,0,1,1,0,1,1,0,1,1,0,1,1,0,0,1,1,1,1,0,0,1,1,0,0,0,1,1,0,1,1,0,1,0,1,1,1,0
restart_aligned_regs_only_warmup11_cap1024_run01,628,1,F7,919E79B0066DD50E,0,1,1,1,0,0,0,0,1,0,1,0,1,0,1,1,1,0,1,1,0,1,1,0,0,1,1,0,0,0,0,0,0,0,0,0,1,1,0,1,1,0,0,1,1,1,1,0,0,1,1,1,1,0,0,1,1,0,0,0,1,0,0,1,1,1,1,0,1,1,1,1
restart_aligned_regs_only_warmup11_cap1024_run01,629,0,14,B1966FB0966DF51E,0,1,1,1,1,0,0,0,1,0,1,0,1,1,1,1,1,0,1,1,0,1,1,0,0,1,1,0,1,0,0,1,0,0,0,0,1,1,0,1,1,1,1,1,0,1,1,0,0,1,1,0,1,0,0,1,1,0,0,0,1,1,0,1,0,0,1,0,1,0,0,0
restart_aligned_regs_only_warmup11_cap1024_run01,630,0,59,B19E69B08669F50E,0,1,1,1,0,0,0,0,1,0,1,0,1,1,1,1,1,0,0,1,0,1,1,0,0,1,1,0,0,0,0,1,0,0,0,0,1,1,0,1,1,0,0,1,0,1,1,0,0,1,1,1,1,0,0,1,1,0,0,0,1,1,0,1,1,0,0,1,1,0,1,0
restart_aligned_regs_only_warmup11_cap1024_run01,631,0,7D,B19E6BB0866DF50E,0,1,1,1,0,0,0,0,1,0,1,0,1,1,1,1,1,0,1,1,0,1,1,0,0,1,1,0,0,0,0,1,0,0,0,0,1,1,0,1,1,1,0,1,0,1,1,0,0,1,1,1,1,0,0,1,1,0,0,0,1,1,0,1,1,0,1,1,1,1,1,0
restart_aligned_regs_only_warmup11_cap1024_run01,632,1,3D,B1966DB0866DF50E,0,1,1,1,0,0,0,0,1,0,1,0,1,1,1,1,1,0,1,1,0,1,1,0,0,1,1,0,0,0,0,1,0,0,0,0,1,1,0,1,1,0,1,1,0,1,1,0,0,1,1,0,1,0,0,1,1,0,0,0,1,1,0,1,1,0,1,1,1,1,0,0
restart_aligned_regs_only_warmup11_cap1024_run01,633,1,7F,B19E6BB0866DD50E,0,1,1,1,0,0,0,0,1,0,1,0,1,0,1,1,1,0,1,1,0,1,1,0,0,1,1,0,0,0,0,1,0,0,0,0,1,1,0,1,1,1,0,1,0,1,1,0,0,1,1,1,1,0,0,1,1,0,0,0,1,1,0,1,1,1,1,1,1,1,1,0
restart_aligned_regs_only_warmup11_cap1024_run01,634,0,77,B19E6BB0066DD50E,0,1,1,1,0,0,0,0,1,0,1,0,1,0,1,1,1,0,1,1,0,1,1,0,0,1,1,0,0,0,0,0,0,0,0,0,1,1,0,1,1,1,0,1,0,1,1,0,0,1,1,1,1,0,0,1,1,0,0,0,1,1,0,1,1,1,1,0,1,1,1,0
restart_aligned_regs_only_warmup11_cap1024_run01,635,1,97,919669B0966DD50E,0,1,1,1,0,0,0,0,1,0,1,0,1,0,1,1,1,0,1,1,0,1,1,0,0,1,1,0,1,0,0,1,0,0,0,0,1,1,0,1,1,0,0,1,0,1,1,0,0,1,1,0,1,0,0,1,1,0,0,0,1,0,0,1,1,1,1,0,1,0,0,1
restart_aligned_regs_only_warmup11_cap1024_run01,636,0,1D,B1966FB0866DF50E,0,1,1,1,0,0,0,0,1,0,1,0,1,1,1,1,1,0,1,1,0,1,1,0,0,1,1,0,0,0,0,1,0,0,0,0,1,1,0,1,1,1,1,1,0,1,1,0,0,1,1,0,1,0,0,1,1,0,0,0,1,1,0,1,1,0,1,1,1,0,0,0
restart_aligned_regs_only_warmup11_cap1024_run01,637,0,55,B19E69B0966DF50E,0,1,1,1,0,0,0,0,1,0,1,0,1,1,1,1,1,0,1,1,0,1,1,0,0,1,1,0,1,0,0,1,0,0,0,0,1,1,0,1,1,0,0,1,0,1,1,0,0,1,1,1,1,0,0,1,1,0,0,0,1,1,0,1,1,0,1,0,1,0,1,0
restart_aligned_regs_only_warmup11_cap1024_run01,638,1,3D,B1964FB0866DF50E,0,1,1,1,0,0,0,0,1,0,1,0,1,1,1,1,1,0,1,1,0,1,1,0,0,1,1,0,0,0,0,1,0,0,0,0,1,1,0,1,1,1,1,1,0,0,1,0,0,1,1,0,1,0,0,1,1,0,0,0,1,1,0,1,1,0,1,1,1,1,0,0
restart_aligned_regs_only_warmup11_cap1024_run01,639,1,1F,B1966FB0866DD50E,0,1,1,1,0,0,0,0,1,0,1,0,1,0,1,1,1,0,1,1,0,1,1,0,0,1,1,0,0,0,0,1,0,0,0,0,1,1,0,1,1,1,1,1,0,1,1,0,0,1,1,0,1,0,0,1,1,0,0,0,1,1,0,1,1,1,1,1,1,0,0,0
restart_aligned_regs_only_warmup11_cap1024_run01,640,0,35,B1966DB0066DF50E,0,1,1,1,0,0,0,0,1,0,1,0,1,1,1,1,1,0,1,1,0,1,1,0,0,1,1,0,0,0,0,0,0,0,0,0,1,1,0,1,1,0,1,1,0,1,1,0,0,1,1,0,1,0,0,1,1,0,0,0,1,1,0,1,1,0,1,0,1,1,0,0
restart_aligned_regs_only_warmup11_cap1024_run01,641,0,D7,919E6FB0066DD50E,0,1,1,1,0,0,0,0,1,0,1,0,1,0,1,1,1,0,1,1,0,1,1,0,0,1,1,0,0,0,0,0,0,0,0,0,1,1,0,1,1,1,1,1,0,1,1,0,0,1,1,1,1,0,0,1,1,0,0,0,1,0,0,1,1,1,1,0,1,0,1,1
restart_aligned_regs_only_warmup11_cap1024_run01,642,1,5D,B19E69B0866DF50E,0,1,1,1,0,0,0,0,1,0,1,0,1,1,1,1,1,0,1,1,0,1,1,0,0,1,1,0,0,0,0,1,0,0,0,0,1,1,0,1,1,0,0,1,0,1,1,0,0,1,1,1,1,0,0,1,1,0,0,0,1,1,0,1,1,0,1,1,1,0,1,0
restart_aligned_regs_only_warmup11_cap1024_run01,643,0,55,B19E6FB0066DF50E,0,1,1,1,0,0,0,0,1,0,1,0,1,1,1,1,1,0,1,1,0,1,1,0,0,1,1,0,0,0,0,0,0,0,0,0,1,1,0,1,1,1,1,1,0,1,1,0,0,1,1,1,1,0,0,1,1,0,0,0,1,1,0,1,1,0,1,0,1,0,1,0
restart_aligned_regs_only_warmup11_cap1024_run01,644,0,5F,B19E69B0866DD50E,0,1,1,1,0,0,0,0,1,0,1,0,1,0,1,1,1,0,1,1,0,1,1,0,0,1,1,0,0,0,0,1,0,0,0,0,1,1,0,1,1,0,0,1,0,1,1,0,0,1,1,1,1,0,0,1,1,0,0,0,1,1,0,1,1,1,1,1,1,0,1,0
restart_aligned_regs_only_warmup11_cap1024_run01,645,0,77,B19E6BB0066DD50E,0,1,1,1,0,0,0,0,1,0,1,0,1,0,1,1,1,0,1,1,0,1,1,0,0,1,1,0,0,0,0,0,0,0,0,0,1,1,0,1,1,1,0,1,0,1,1,0,0,1,1,1,1,0,0,1,1,0,0,0,1,1,0,1,1,1,1,0,1,1,1,0
restart_aligned_regs_only_warmup11_cap1024_run01,646,0,55,B19E69B0066DF50E,0,1,1,1,0,0,0,0,1,0,1,0,1,1,1,1,1,0,1,1,0,1,1,0,0,1,1,0,0,0,0,0,0,0,0,0,1,1,0,1,1,0,0,1,0,1,1,0,0,1,1,1,1,0,0,1,1,0,0,0,1,1,0,1,1,0,1,0,1,0,1,0
restart_aligned_regs_only_warmup11_cap1024_run01,647,1,75,B19E6DB0066DF50E,0,1,1,1,0,0,0,0,1,0,1,0,1,1,1,1,1,0,1,1,0,1,1,0,0,1,1,0,0,0,0,0,0,0,0,0,1,1,0,1,1,0,1,1,0,1,1,0,0,1,1,1,1,0,0,1,1,0,0,0,1,1,0,1,1,0,1,0,1,1,1,0
restart_aligned_regs_only_warmup11_cap1024_run01,648,0,1D,B19669B0866DF50E,0,1,1,1,0,0,0,0,1,0,1,0,1,1,1,1,1,0,1,1,0,1,1,0,0,1,1,0,0,0,0,1,0,0,0,0,1,1,0,1,1,0,0,1,0,1,1,0,0,1,1,0,1,0,0,1,1,0,0,0,1,1,0,1,1,0,1,1,1,0,0,0
restart_aligned_regs_only_warmup11_cap1024_run01,649,0,9F,919669B0866DD50E,0,1,1,1,0,0,0,0,1,0,1,0,1,0,1,1,1,0,1,1,0,1,1,0,0,1,1,0,0,0,0,1,0,0,0,0,1,1,0,1,1,0,0,1,0,1,1,0,0,1,1,0,1,0,0,1,1,0,0,0,1,0,0,1,1,1,1,1,1,0,0,1
restart_aligned_regs_only_warmup11_cap1024_run01,650,1,15,B1966FB0966DF50E,0,1,1,1,0,0,0,0,1,0,1,0,1,1,1,1,1,0,1,1,0,1,1,0,0,1,1,0,1,0,0,1,0,0,0,0,1,1,0,1,1,1,1,1,0,1,1,0,0,1,1,0,1,0,0,1,1,0,0,0,1,1,0,1,1,0,1,0,1,0,0,0
restart_aligned_regs_only_warmup11_cap1024_run01,651,0,B7,91966DB0066DD50E,0,1,1,1,0,0,0,0,1,0,1,0,1,0,1,1,1,0,1,1,0,1,1,0,0,1,1,0,0,0,0,0,0,0,0,0,1,1,0,1,1,0,1,1,0,1,1,0,0,1,1,0,1,0,0,1,1,0,0,0,1,0,0,1,1,1,1,0,1,1,0,1
restart_aligned_regs_only_warmup11_cap1024_run01,652,1,15,B19669B0066DF50E,0,1,1,1,0,0,0,0,1,0,1,0,1,1,1,1,1,0,1,1,0,1,1,0,0,1,1,0,0,0,0,0,0,0,0,0,1,1,0,1,1,0,0,1,0,1,1,0,0,1,1,0,1,0,0,1,1,0,0,0,1,1,0,1,1,0,1,0,1,0,0,0
restart_aligned_regs_only_warmup11_cap1024_run01,653,1,3D,B19649B0866DF50E,0,1,1,1,0,0,0,0,1,0,1,0,1,1,1,1,1,0,1,1,0,1,1,0,0,1,1,0,0,0,0,1,0,0,0,0,1,1,0,1,1,0,0,1,0,0,1,0,0,1,1,0,1,0,0,1,1,0,0,0,1,1,0,1,1,0,1,1,1,1,0,0
restart_aligned_regs_only_warmup11_cap1024_run01,654,1,34,B1966BB0966DF51E,0,1,1,1,1,0,0,0,1,0,1,0,1,1,1,1,1,0,1,1,0,1,1,0,0,1,1,0,1,0,0,1,0,0,0,0,1,1,0,1,1,1,0,1,0,1,1,0,0,1,1,0,1,0,0,1,1,0,0,0,1,1,0,1,0,0,1,0,1,1,0,0
restart_aligned_regs_only_warmup11_cap1024_run01,655,1,15,B1966FB0966DF50E,0,1,1,1,0,0,0,0,1,0,1,0,1,1,1,1,1,0,1,1,0,1,1,0,0,1,1,0,1,0,0,1,0,0,0,0,1,1,0,1,1,1,1,1,0,1,1,0,0,1,1,0,1,0,0,1,1,0,0,0,1,1,0,1,1,0,1,0,1,0,0,0
restart_aligned_regs_only_warmup11_cap1024_run01,656,1,7F,B19E6DB0866DD50E,0,1,1,1,0,0,0,0,1,0,1,0,1,0,1,1,1,0,1,1,0,1,1,0,0,1,1,0,0,0,0,1,0,0,0,0,1,1,0,1,1,0,1,1,0,1,1,0,0,1,1,1,1,0,0,1,1,0,0,0,1,1,0,1,1,1,1,1,1,1,1,0
restart_aligned_regs_only_warmup11_cap1024_run01,657,1,75,B19E6DB0066DF50E,0,1,1,1,0,0,0,0,1,0,1,0,1,1,1,1,1,0,1,1,0,1,1,0,0,1,1,0,0,0,0,0,0,0,0,0,1,1,0,1,1,0,1,1,0,1,1,0,0,1,1,1,1,0,0,1,1,0,0,0,1,1,0,1,1,0,1,0,1,1,1,0
restart_aligned_regs_only_warmup11_cap1024_run01,658,1,16,B1966FB0966DF11E,0,1,1,1,1,0,0,0,1,0,0,0,1,1,1,1,1,0,1,1,0,1,1,0,0,1,1,0,1,0,0,1,0,0,0,0,1,1,0,1,1,1,1,1,0,1,1,0,0,1,1,0,1,0,0,1,1,0,0,0,1,1,0,1,0,1,1,0,1,0,0,0
restart_aligned_regs_only_warmup11_cap1024_run01,659,1,5D,B19E69B0866DF50E,0,1,1,1,0,0,0,0,1,0,1,0,1,1,1,1,1,0,1,1,0,1,1,0,0,1,1,0,0,0,0,1,0,0,0,0,1,1,0,1,1,0,0,1,0,1,1,0,0,1,1,1,1,0,0,1,1,0,0,0,1,1,0,1,1,0,1,1,1,0,1,0
restart_aligned_regs_only_warmup11_cap1024_run01,660,0,1D,B19669B0166DF50E,0,1,1,1,0,0,0,0,1,0,1,0,1,1,1,1,1,0,1,1,0,1,1,0,0,1,1,0,1,0,0,0,0,0,0,0,1,1,0,1,1,0,0,1,0,1,1,0,0,1,1,0,1,0,0,1,1,0,0,0,1,1,0,1,1,0,1,1,1,0,0,0
restart_aligned_regs_only_warmup11_cap1024_run01,661,1,37,B1966BB0966DD50E,0,1,1,1,0,0,0,0,1,0,1,0,1,0,1,1,1,0,1,1,0,1,1,0,0,1,1,0,1,0,0,1,0,0,0,0,1,1,0,1,1,1,0,1,0,1,1,0,0,1,1,0,1,0,0,1,1,0,0,0,1,1,0,1,1,1,1,0,1,1,0,0
restart_aligned_regs_only_warmup11_cap1024_run01,662,0,1D,B19669B0866DF50E,0,1,1,1,0,0,0,0,1,0,1,0,1,1,1,1,1,0,1,1,0,1,1,0,0,1,1,0,0,0,0,1,0,0,0,0,1,1,0,1,1,0,0,1,0,1,1,0,0,1,1,0,1,0,0,1,1,0,0,0,1,1,0,1,1,0,1,1,1,0,0,0
restart_aligned_regs_only_warmup11_cap1024_run01,663,1,1F,B19669B0166DD50E,0,1,1,1,0,0,0,0,1,0,1,0,1,0,1,1,1,0,1,1,0,1,1,0,0,1,1,0,1,0,0,0,0,0,0,0,1,1,0,1,1,0,0,1,0,1,1,0,0,1,1,0,1,0,0,1,1,0,0,0,1,1,0,1,1,1,1,1,1,0,0,0
restart_aligned_regs_only_warmup11_cap1024_run01,664,1,1F,B1966FB0866DF10E,0,1,1,1,0,0,0,0,1,0,0,0,1,1,1,1,1,0,1,1,0,1,1,0,0,1,1,0,0,0,0,1,0,0,0,0,1,1,0,1,1,1,1,1,0,1,1,0,0,1,1,0,1,0,0,1,1,0,0,0,1,1,0,1,1,1,1,1,1,0,0,0
restart_aligned_regs_only_warmup11_cap1024_run01,665,1,3D,B1966DB0866DF50E,0,1,1,1,0,0,0,0,1,0,1,0,1,1,1,1,1,0,1,1,0,1,1,0,0,1,1,0,0,0,0,1,0,0,0,0,1,1,0,1,1,0,1,1,0,1,1,0,0,1,1,0,1,0,0,1,1,0,0,0,1,1,0,1,1,0,1,1,1,1,0,0
restart_aligned_regs_only_warmup11_cap1024_run01,666,0,3F,B1966DB0866DF10E,0,1,1,1,0,0,0,0,1,0,0,0,1,1,1,1,1,0,1,1,0,1,1,0,0,1,1,0,0,0,0,1,0,0,0,0,1,1,0,1,1,0,1,1,0,1,1,0,0,1,1,0,1,0,0,1,1,0,0,0,1,1,0,1,1,1,1,1,1,1,0,0
restart_aligned_regs_only_warmup11_cap1024_run01,667,1,3D,B1966DB0866DF50E,0,1,1,1,0,0,0,0,1,0,1,0,1,1,1,1,1,0,1,1,0,1,1,0,0,1,1,0,0,0,0,1,0,0,0,0,1,1,0,1,1,0,1,1,0,1,1,0,0,1,1,0,1,0,0,1,1,0,0,0,1,1,0,1,1,0,1,1,1,1,0,0
restart_aligned_regs_only_warmup11_cap1024_run01,668,1,16,B19669B0966DD51E,0,1,1,1,1,0,0,0,1,0,1,0,1,0,1,1,1,0,1,1,0,1,1,0,0,1,1,0,1,0,0,1,0,0,0,0,1,1,0,1,1,0,0,1,0,1,1,0,0,1,1,0,1,0,0,1,1,0,0,0,1,1,0,1,0,1,1,0,1,0,0,0
restart_aligned_regs_only_warmup11_cap1024_run01,669,1,34,B1966DB0966DF51E,0,1,1,1,1,0,0,0,1,0,1,0,1,1,1,1,1,0,1,1,0,1,1,0,0,1,1,0,1,0,0,1,0,0,0,0,1,1,0,1,1,0,1,1,0,1,1,0,0,1,1,0,1,0,0,1,1,0,0,0,1,1,0,1,0,0,1,0,1,1,0,0
restart_aligned_regs_only_warmup11_cap1024_run01,670,1,15,B19669B0066DF50E,0,1,1,1,0,0,0,0,1,0,1,0,1,1,1,1,1,0,1,1,0,1,1,0,0,1,1,0,0,0,0,0,0,0,0,0,1,1,0,1,1,0,0,1,0,1,1,0,0,1,1,0,1,0,0,1,1,0,0,0,1,1,0,1,1,0,1,0,1,0,0,0
restart_aligned_regs_only_warmup11_cap1024_run01,671,0,1D,B1966FB0866DF50E,0,1,1,1,0,0,0,0,1,0,1,0,1,1,1,1,1,0,1,1,0,1,1,0,0,1,1,0,0,0,0,1,0,0,0,0,1,1,0,1,1,1,1,1,0,1,1,0,0,1,1,0,1,0,0,1,1,0,0,0,1,1,0,1,1,0,1,1,1,0,0,0
restart_aligned_regs_only_warmup11_cap1024_run01,672,0,3C,B1966DB0166DF51E,0,1,1,1,1,0,0,0,1,0,1,0,1,1,1,1,1,0,1,1,0,1,1,0,0,1,1,0,1,0,0,0,0,0,0,0,1,1,0,1,1,0,1,1,0,1,1,0,0,1,1,0,1,0,0,1,1,0,0,0,1,1,0,1,0,0,1,1,1,1,0,0
restart_aligned_regs_only_warmup11_cap1024_run01,673,0,77,B19E6DB0066DD50E,0,1,1,1,0,0,0,0,1,0,1,0,1,0,1,1,1,0,1,1,0,1,1,0,0,1,1,0,0,0,0,0,0,0,0,0,1,1,0,1,1,0,1,1,0,1,1,0,0,1,1,1,1,0,0,1,1,0,0,0,1,1,0,1,1,1,1,0,1,1,1,0
restart_aligned_regs_only_warmup11_cap1024_run01,674,1,64,B19E6BA0966DF51E,0,1,1,1,1,0,0,0,1,0,1,0,1,1,1,1,1,0,1,1,0,1,1,0,0,1,1,0,1,0,0,1,0,0,0,0,0,1,0,1,1,1,0,1,0,1,1,0,0,1,1,1,1,0,0,1,1,0,0,0,1,1,0,1,0,0,1,0,0,1,1,0
restart_aligned_regs_only_warmup11_cap1024_run01,675,1,1F,B19669B0866DD50E,0,1,1,1,0,0,0,0,1,0,1,0,1,0,1,1,1,0,1,1,0,1,1,0,0,1,1,0,0,0,0,1,0,0,0,0,1,1,0,1,1,0,0,1,0,1,1,0,0,1,1,0,1,0,0,1,1,0,0,0,1,1,0,1,1,1,1,1,1,0,0,0
restart_aligned_regs_only_warmup11_cap1024_run01,676,0,7D,B19E79B0866DF50E,0,1,1,1,0,0,0,0,1,0,1,0,1,1,1,1,1,0,1,1,0,1,1,0,0,1,1,0,0,0,0,1,0,0,0,0,1,1,0,1,1,0,0,1,1,1,1,0,0,1,1,1,1,0,0,1,1,0,0,0,1,1,0,1,1,0,1,1,1,1,1,0
restart_aligned_regs_only_warmup11_cap1024_run01,677,0,35,B1966BB0966DF50E,0,1,1,1,0,0,0,0,1,0,1,0,1,1,1,1,1,0,1,1,0,1,1,0,0,1,1,0,1,0,0,1,0,0,0,0,1,1,0,1,1,1,0,1,0,1,1,0,0,1,1,0,1,0,0,1,1,0,0,0,1,1,0,1,1,0,1,0,1,1,0,0
restart_aligned_regs_only_warmup11_cap1024_run01,678,1,BF,91966DB0866DD50E,0,1,1,1,0,0,0,0,1,0,1,0,1,0,1,1,1,0,1,1,0,1,1,0,0,1,1,0,0,0,0,1,0,0,0,0,1,1,0,1,1,0,1,1,0,1,1,0,0,1,1,0,1,0,0,1,1,0,0,0,1,0,0,1,1,1,1,1,1,1,0,1
restart_aligned_regs_only_warmup11_cap1024_run01,679,0,1D,B19669B0866DF50E,0,1,1,1,0,0,0,0,1,0,1,0,1,1,1,1,1,0,1,1,0,1,1,0,0,1,1,0,0,0,0,1,0,0,0,0,1,1,0,1,1,0,0,1,0,1,1,0,0,1,1,0,1,0,0,1,1,0,0,0,1,1,0,1,1,0,1,1,1,0,0,0
restart_aligned_regs_only_warmup11_cap1024_run01,680,0,7D,B19E49B0166DF50E,0,1,1,1,0,0,0,0,1,0,1,0,1,1,1,1,1,0,1,1,0,1,1,0,0,1,1,0,1,0,0,0,0,0,0,0,1,1,0,1,1,0,0,1,0,0,1,0,0,1,1,1,1,0,0,1,1,0,0,0,1,1,0,1,1,0,1,1,1,1,1,0
restart_aligned_regs_only_warmup11_cap1024_run01,681,0,55,B19E69B0966DF50E,0,1,1,1,0,0,0,0,1,0,1,0,1,1,1,1,1,0,1,1,0,1,1,0,0,1,1,0,1,0,0,1,0,0,0,0,1,1,0,1,1,0,0,1,0,1,1,0,0,1,1,1,1,0,0,1,1,0,0,0,1,1,0,1,1,0,1,0,1,0,1,0
restart_aligned_regs_only_warmup11_cap1024_run01,682,1,3D,B1966DB0866DF50E,0,1,1,1,0,0,0,0,1,0,1,0,1,1,1,1,1,0,1,1,0,1,1,0,0,1,1,0,0,0,0,1,0,0,0,0,1,1,0,1,1,0,1,1,0,1,1,0,0,1,1,0,1,0,0,1,1,0,0,0,1,1,0,1,1,0,1,1,1,1,0,0
restart_aligned_regs_only_warmup11_cap1024_run01,683,1,DF,919E69B0866DD50E,0,1,1,1,0,0,0,0,1,0,1,0,1,0,1,1,1,0,1,1,0,1,1,0,0,1,1,0,0,0,0,1,0,0,0,0,1,1,0,1,1,0,0,1,0,1,1,0,0,1,1,1,1,0,0,1,1,0,0,0,1,0,0,1,1,1,1,1,1,0,1,1
restart_aligned_regs_only_warmup11_cap1024_run01,684,0,35,B1966DB0966DF50E,0,1,1,1,0,0,0,0,1,0,1,0,1,1,1,1,1,0,1,1,0,1,1,0,0,1,1,0,1,0,0,1,0,0,0,0,1,1,0,1,1,0,1,1,0,1,1,0,0,1,1,0,1,0,0,1,1,0,0,0,1,1,0,1,1,0,1,0,1,1,0,0
restart_aligned_regs_only_warmup11_cap1024_run01,685,0,35,B1966BB0966DF50E,0,1,1,1,0,0,0,0,1,0,1,0,1,1,1,1,1,0,1,1,0,1,1,0,0,1,1,0,1,0,0,1,0,0,0,0,1,1,0,1,1,1,0,1,0,1,1,0,0,1,1,0,1,0,0,1,1,0,0,0,1,1,0,1,1,0,1,0,1,1,0,0
restart_aligned_regs_only_warmup11_cap1024_run01,686,1,19,B19669B08669F50E,0,1,1,1,0,0,0,0,1,0,1,0,1,1,1,1,1,0,0,1,0,1,1,0,0,1,1,0,0,0,0,1,0,0,0,0,1,1,0,1,1,0,0,1,0,1,1,0,0,1,1,0,1,0,0,1,1,0,0,0,1,1,0,1,1,0,0,1,1,0,0,0
restart_aligned_regs_only_warmup11_cap1024_run01,687,0,36,B1966DB0966DF11E,0,1,1,1,1,0,0,0,1,0,0,0,1,1,1,1,1,0,1,1,0,1,1,0,0,1,1,0,1,0,0,1,0,0,0,0,1,1,0,1,1,0,1,1,0,1,1,0,0,1,1,0,1,0,0,1,1,0,0,0,1,1,0,1,0,1,1,0,1,1,0,0
restart_aligned_regs_only_warmup11_cap1024_run01,688,0,9F,919669B0866DD50E,0,1,1,1,0,0,0,0,1,0,1,0,1,0,1,1,1,0,1,1,0,1,1,0,0,1,1,0,0,0,0,1,0,0,0,0,1,1,0,1,1,0,0,1,0,1,1,0,0,1,1,0,1,0,0,1,1,0,0,0,1,0,0,1,1,1,1,1,1,0,0,1
restart_aligned_regs_only_warmup11_cap1024_run01,689,0,74,B19E6DB0966DF51E,0,1,1,1,1,0,0,0,1,0,1,0,1,1,1,1,1,0,1,1,0,1,1,0,0,1,1,0,1,0,0,1,0,0,0,0,1,1,0,1,1,0,1,1,0,1,1,0,0,1,1,1,1,0,0,1,1,0,0,0,1,1,0,1,0,0,1,0,1,1,1,0
restart_aligned_regs_only_warmup11_cap1024_run01,690,0,1D,B1964DB0866DF50E,0,1,1,1,0,0,0,0,1,0,1,0,1,1,1,1,1,0,1,1,0,1,1,0,0,1,1,0,0,0,0,1,0,0,0,0,1,1,0,1,1,0,1,1,0,0,1,0,0,1,1,0,1,0,0,1,1,0,0,0,1,1,0,1,1,0,1,1,1,0,0,0
restart_aligned_regs_only_warmup11_cap1024_run01,691,1,5D,B19E69B0866DF50E,0,1,1,1,0,0,0,0,1,0,1,0,1,1,1,1,1,0,1,1,0,1,1,0,0,1,1,0,0,0,0,1,0,0,0,0,1,1,0,1,1,0,0,1,0,1,1,0,0,1,1,1,1,0,0,1,1,0,0,0,1,1,0,1,1,0,1,1,1,0,1,0
restart_aligned_regs_only_warmup11_cap1024_run01,692,0,55,B19E69B0066DF50E,0,1,1,1,0,0,0,0,1,0,1,0,1,1,1,1,1,0,1,1,0,1,1,0,0,1,1,0,0,0,0,0,0,0,0,0,1,1,0,1,1,0,0,1,0,1,1,0,0,1,1,1,1,0,0,1,1,0,0,0,1,1,0,1,1,0,1,0,1,0,1,0
restart_aligned_regs_only_warmup11_cap1024_run01,693,1,75,B19E49B0966DF50E,0,1,1,1,0,0,0,0,1,0,1,0,1,1,1,1,1,0,1,1,0,1,1,0,0,1,1,0,1,0,0,1,0,0,0,0,1,1,0,1,1,0,0,1,0,0,1,0,0,1,1,1,1,0,0,1,1,0,0,0,1,1,0,1,1,0,1,0,1,1,1,0
restart_aligned_regs_only_warmup11_cap1024_run01,694,1,15,B19669B0966DF50E,0,1,1,1,0,0,0,0,1,0,1,0,1,1,1,1,1,0,1,1,0,1,1,0,0,1,1,0,1,0,0,1,0,0,0,0,1,1,0,1,1,0,0,1,0,1,1,0,0,1,1,0,1,0,0,1,1,0,0,0,1,1,0,1,1,0,1,0,1,0,0,0
restart_aligned_regs_only_warmup11_cap1024_run01,695,0,35,B19649B0966DF50E,0,1,1,1,0,0,0,0,1,0,1,0,1,1,1,1,1,0,1,1,0,1,1,0,0,1,1,0,1,0,0,1,0,0,0,0,1,1,0,1,1,0,0,1,0,0,1,0,0,1,1,0,1,0,0,1,1,0,0,0,1,1,0,1,1,0,1,0,1,1,0,0
restart_aligned_regs_only_warmup11_cap1024_run01,696,0,14,B19669B0966DF51E,0,1,1,1,1,0,0,0,1,0,1,0,1,1,1,1,1,0,1,1,0,1,1,0,0,1,1,0,1,0,0,1,0,0,0,0,1,1,0,1,1,0,0,1,0,1,1,0,0,1,1,0,1,0,0,1,1,0,0,0,1,1,0,1,0,0,1,0,1,0,0,0
restart_aligned_regs_only_warmup11_cap1024_run01,697,0,1D,B19669B0866DF50E,0,1,1,1,0,0,0,0,1,0,1,0,1,1,1,1,1,0,1,1,0,1,1,0,0,1,1,0,0,0,0,1,0,0,0,0,1,1,0,1,1,0,0,1,0,1,1,0,0,1,1,0,1,0,0,1,1,0,0,0,1,1,0,1,1,0,1,1,1,0,0,0
restart_aligned_regs_only_warmup11_cap1024_run01,698,0,1B,B19669B08669D50E,0,1,1,1,0,0,0,0,1,0,1,0,1,0,1,1,1,0,0,1,0,1,1,0,0,1,1,0,0,0,0,1,0,0,0,0,1,1,0,1,1,0,0,1,0,1,1,0,0,1,1,0,1,0,0,1,1,0,0,0,1,1,0,1,1,1,0,1,1,0,0,0
restart_aligned_regs_only_warmup11_cap1024_run01,699,0,1D,B19669B0866DF50E,0,1,1,1,0,0,0,0,1,0,1,0,1,1,1,1,1,0,1,1,0,1,1,0,0,1,1,0,0,0,0,1,0,0,0,0,1,1,0,1,1,0,0,1,0,1,1,0,0,1,1,0,1,0,0,1,1,0,0,0,1,1,0,1,1,0,1,1,1,0,0,0
restart_aligned_regs_only_warmup11_cap1024_run01,700,0,1D,B19669B0866DF50E,0,1,1,1,0,0,0,0,1,0,1,0,1,1,1,1,1,0,1,1,0,1,1,0,0,1,1,0,0,0,0,1,0,0,0,0,1,1,0,1,1,0,0,1,0,1,1,0,0,1,1,0,1,0,0,1,1,0,0,0,1,1,0,1,1,0,1,1,1,0,0,0
restart_aligned_regs_only_warmup11_cap1024_run01,701,1,1F,B19669B0866DD50E,0,1,1,1,0,0,0,0,1,0,1,0,1,0,1,1,1,0,1,1,0,1,1,0,0,1,1,0,0,0,0,1,0,0,0,0,1,1,0,1,1,0,0,1,0,1,1,0,0,1,1,0,1,0,0,1,1,0,0,0,1,1,0,1,1,1,1,1,1,0,0,0
restart_aligned_regs_only_warmup11_cap1024_run01,702,1,5D,B19E4DB0866DF50E,0,1,1,1,0,0,0,0,1,0,1,0,1,1,1,1,1,0,1,1,0,1,1,0,0,1,1,0,0,0,0,1,0,0,0,0,1,1,0,1,1,0,1,1,0,0,1,0,0,1,1,1,1,0,0,1,1,0,0,0,1,1,0,1,1,0,1,1,1,0,1,0
restart_aligned_regs_only_warmup11_cap1024_run01,703,1,3D,B1966BB0866DF50E,0,1,1,1,0,0,0,0,1,0,1,0,1,1,1,1,1,0,1,1,0,1,1,0,0,1,1,0,0,0,0,1,0,0,0,0,1,1,0,1,1,1,0,1,0,1,1,0,0,1,1,0,1,0,0,1,1,0,0,0,1,1,0,1,1,0,1,1,1,1,0,0
restart_aligned_regs_only_warmup11_cap1024_run01,704,1,3D,B1966DB0866DF50E,0,1,1,1,0,0,0,0,1,0,1,0,1,1,1,1,1,0,1,1,0,1,1,0,0,1,1,0,0,0,0,1,0,0,0,0,1,1,0,1,1,0,1,1,0,1,1,0,0,1,1,0,1,0,0,1,1,0,0,0,1,1,0,1,1,0,1,1,1,1,0,0
restart_aligned_regs_only_warmup11_cap1024_run01,705,0,B7,91966DB0066DD50E,0,1,1,1,0,0,0,0,1,0,1,0,1,0,1,1,1,0,1,1,0,1,1,0,0,1,1,0,0,0,0,0,0,0,0,0,1,1,0,1,1,0,1,1,0,1,1,0,0,1,1,0,1,0,0,1,1,0,0,0,1,0,0,1,1,1,1,0,1,1,0,1
restart_aligned_regs_only_warmup11_cap1024_run01,706,0,39,B1964FB0864DF50E,0,1,1,1,0,0,0,0,1,0,1,0,1,1,1,1,1,0,1,1,0,0,1,0,0,1,1,0,0,0,0,1,0,0,0,0,1,1,0,1,1,1,1,1,0,0,1,0,0,1,1,0,1,0,0,1,1,0,0,0,1,1,0,1,1,0,0,1,1,1,0,0
restart_aligned_regs_only_warmup11_cap1024_run01,707,1,3D,B1964FB0866DF50E,0,1,1,1,0,0,0,0,1,0,1,0,1,1,1,1,1,0,1,1,0,1,1,0,0,1,1,0,0,0,0,1,0,0,0,0,1,1,0,1,1,1,1,1,0,0,1,0,0,1,1,0,1,0,0,1,1,0,0,0,1,1,0,1,1,0,1,1,1,1,0,0
restart_aligned_regs_only_warmup11_cap1024_run01,708,1,34,B1966DB0966DF51E,0,1,1,1,1,0,0,0,1,0,1,0,1,1,1,1,1,0,1,1,0,1,1,0,0,1,1,0,1,0,0,1,0,0,0,0,1,1,0,1,1,0,1,1,0,1,1,0,0,1,1,0,1,0,0,1,1,0,0,0,1,1,0,1,0,0,1,0,1,1,0,0
restart_aligned_regs_only_warmup11_cap1024_run01,709,0,35,B1966DB0966DF50E,0,1,1,1,0,0,0,0,1,0,1,0,1,1,1,1,1,0,1,1,0,1,1,0,0,1,1,0,1,0,0,1,0,0,0,0,1,1,0,1,1,0,1,1,0,1,1,0,0,1,1,0,1,0,0,1,1,0,0,0,1,1,0,1,1,0,1,0,1,1,0,0
restart_aligned_regs_only_warmup11_cap1024_run01,710,1,F7,919E6DB0066DD50E,0,1,1,1,0,0,0,0,1,0,1,0,1,0,1,1,1,0,1,1,0,1,1,0,0,1,1,0,0,0,0,0,0,0,0,0,1,1,0,1,1,0,1,1,0,1,1,0,0,1,1,1,1,0,0,1,1,0,0,0,1,0,0,1,1,1,1,0,1,1,1,1
restart_aligned_regs_only_warmup11_cap1024_run01,711,1,10,B19669B09669F51E,0,1,1,1,1,0,0,0,1,0,1,0,1,1,1,1,1,0,0,1,0,1,1,0,0,1,1,0,1,0,0,1,0,0,0,0,1,1,0,1,1,0,0,1,0,1,1,0,0,1,1,0,1,0,0,1,1,0,0,0,1,1,0,1,0,0,0,0,1,0,0,0
restart_aligned_regs_only_warmup11_cap1024_run01,712,1,7C,B19E6DB0166DF51E,0,1,1,1,1,0,0,0,1,0,1,0,1,1,1,1,1,0,1,1,0,1,1,0,0,1,1,0,1,0,0,0,0,0,0,0,1,1,0,1,1,0,1,1,0,1,1,0,0,1,1,1,1,0,0,1,1,0,0,0,1,1,0,1,0,0,1,1,1,1,1,0
restart_aligned_regs_only_warmup11_cap1024_run01,713,0,71,B19E49B09669F50E,0,1,1,1,0,0,0,0,1,0,1,0,1,1,1,1,1,0,0,1,0,1,1,0,0,1,1,0,1,0,0,1,0,0,0,0,1,1,0,1,1,0,0,1,0,0,1,0,0,1,1,1,1,0,0,1,1,0,0,0,1,1,0,1,1,0,0,0,1,1,1,0
restart_aligned_regs_only_warmup11_cap1024_run01,714,1,3D,B1966DB0866DF50E,0,1,1,1,0,0,0,0,1,0,1,0,1,1,1,1,1,0,1,1,0,1,1,0,0,1,1,0,0,0,0,1,0,0,0,0,1,1,0,1,1,0,1,1,0,1,1,0,0,1,1,0,1,0,0,1,1,0,0,0,1,1,0,1,1,0,1,1,1,1,0,0
restart_aligned_regs_only_warmup11_cap1024_run01,715,0,7D,B19E49B0866DF50E,0,1,1,1,0,0,0,0,1,0,1,0,1,1,1,1,1,0,1,1,0,1,1,0,0,1,1,0,0,0,0,1,0,0,0,0,1,1,0,1,1,0,0,1,0,0,1,0,0,1,1,1,1,0,0,1,1,0,0,0,1,1,0,1,1,0,1,1,1,1,1,0
restart_aligned_regs_only_warmup11_cap1024_run01,716,0,1D,B19669B0866DF50E,0,1,1,1,0,0,0,0,1,0,1,0,1,1,1,1,1,0,1,1,0,1,1,0,0,1,1,0,0,0,0,1,0,0,0,0,1,1,0,1,1,0,0,1,0,1,1,0,0,1,1,0,1,0,0,1,1,0,0,0,1,1,0,1,1,0,1,1,1,0,0,0
restart_aligned_regs_only_warmup11_cap1024_run01,717,0,59,B19E69B08669F50E,0,1,1,1,0,0,0,0,1,0,1,0,1,1,1,1,1,0,0,1,0,1,1,0,0,1,1,0,0,0,0,1,0,0,0,0,1,1,0,1,1,0,0,1,0,1,1,0,0,1,1,1,1,0,0,1,1,0,0,0,1,1,0,1,1,0,0,1,1,0,1,0
restart_aligned_regs_only_warmup11_cap1024_run01,718,0,55,B19E69B0066DF50E,0,1,1,1,0,0,0,0,1,0,1,0,1,1,1,1,1,0,1,1,0,1,1,0,0,1,1,0,0,0,0,0,0,0,0,0,1,1,0,1,1,0,0,1,0,1,1,0,0,1,1,1,1,0,0,1,1,0,0,0,1,1,0,1,1,0,1,0,1,0,1,0
restart_aligned_regs_only_warmup11_cap1024_run01,719,1,5D,B19E6FB0866DF50E,0,1,1,1,0,0,0,0,1,0,1,0,1,1,1,1,1,0,1,1,0,1,1,0,0,1,1,0,0,0,0,1,0,0,0,0,1,1,0,1,1,1,1,1,0,1,1,0,0,1,1,1,1,0,0,1,1,0,0,0,1,1,0,1,1,0,1,1,1,0,1,0
restart_aligned_regs_only_warmup11_cap1024_run01,720,1,79,B19E6BB08669F50E,0,1,1,1,0,0,0,0,1,0,1,0,1,1,1,1,1,0,0,1,0,1,1,0,0,1,1,0,0,0,0,1,0,0,0,0,1,1,0,1,1,1,0,1,0,1,1,0,0,1,1,1,1,0,0,1,1,0,0,0,1,1,0,1,1,0,0,1,1,1,1,0
restart_aligned_regs_only_warmup11_cap1024_run01,721,0,17,B1966FB0066DD50E,0,1,1,1,0,0,0,0,1,0,1,0,1,0,1,1,1,0,1,1,0,1,1,0,0,1,1,0,0,0,0,0,0,0,0,0,1,1,0,1,1,1,1,1,0,1,1,0,0,1,1,0,1,0,0,1,1,0,0,0,1,1,0,1,1,1,1,0,1,0,0,0
restart_aligned_regs_only_warmup11_cap1024_run01,722,0,17,B1966FB0966DD50E,0,1,1,1,0,0,0,0,1,0,1,0,1,0,1,1,1,0,1,1,0,1,1,0,0,1,1,0,1,0,0,1,0,0,0,0,1,1,0,1,1,1,1,1,0,1,1,0,0,1,1,0,1,0,0,1,1,0,0,0,1,1,0,1,1,1,1,0,1,0,0,0
restart_aligned_regs_only_warmup11_cap1024_run01,723,0,1D,B19669B0866DF50E,0,1,1,1,0,0,0,0,1,0,1,0,1,1,1,1,1,0,1,1,0,1,1,0,0,1,1,0,0,0,0,1,0,0,0,0,1,1,0,1,1,0,0,1,0,1,1,0,0,1,1,0,1,0,0,1,1,0,0,0,1,1,0,1,1,0,1,1,1,0,0,0
restart_aligned_regs_only_warmup11_cap1024_run01,724,0,9F,919669B0866DD50E,0,1,1,1,0,0,0,0,1,0,1,0,1,0,1,1,1,0,1,1,0,1,1,0,0,1,1,0,0,0,0,1,0,0,0,0,1,1,0,1,1,0,0,1,0,1,1,0,0,1,1,0,1,0,0,1,1,0,0,0,1,0,0,1,1,1,1,1,1,0,0,1
restart_aligned_regs_only_warmup11_cap1024_run01,725,0,9F,919669B0866DD50E,0,1,1,1,0,0,0,0,1,0,1,0,1,0,1,1,1,0,1,1,0,1,1,0,0,1,1,0,0,0,0,1,0,0,0,0,1,1,0,1,1,0,0,1,0,1,1,0,0,1,1,0,1,0,0,1,1,0,0,0,1,0,0,1,1,1,1,1,1,0,0,1
restart_aligned_regs_only_warmup11_cap1024_run01,726,1,15,B1966FB0966DF50E,0,1,1,1,0,0,0,0,1,0,1,0,1,1,1,1,1,0,1,1,0,1,1,0,0,1,1,0,1,0,0,1,0,0,0,0,1,1,0,1,1,1,1,1,0,1,1,0,0,1,1,0,1,0,0,1,1,0,0,0,1,1,0,1,1,0,1,0,1,0,0,0
restart_aligned_regs_only_warmup11_cap1024_run01,727,0,14,B1966FB0966DF51E,0,1,1,1,1,0,0,0,1,0,1,0,1,1,1,1,1,0,1,1,0,1,1,0,0,1,1,0,1,0,0,1,0,0,0,0,1,1,0,1,1,1,1,1,0,1,1,0,0,1,1,0,1,0,0,1,1,0,0,0,1,1,0,1,0,0,1,0,1,0,0,0
restart_aligned_regs_only_warmup11_cap1024_run01,728,1,5D,B19E69B0866DF50E,0,1,1,1,0,0,0,0,1,0,1,0,1,1,1,1,1,0,1,1,0,1,1,0,0,1,1,0,0,0,0,1,0,0,0,0,1,1,0,1,1,0,0,1,0,1,1,0,0,1,1,1,1,0,0,1,1,0,0,0,1,1,0,1,1,0,1,1,1,0,1,0
restart_aligned_regs_only_warmup11_cap1024_run01,729,0,3F,B1966BB0866DD50E,0,1,1,1,0,0,0,0,1,0,1,0,1,0,1,1,1,0,1,1,0,1,1,0,0,1,1,0,0,0,0,1,0,0,0,0,1,1,0,1,1,1,0,1,0,1,1,0,0,1,1,0,1,0,0,1,1,0,0,0,1,1,0,1,1,1,1,1,1,1,0,0
restart_aligned_regs_only_warmup11_cap1024_run01,730,0,35,B1966BB0966DF50E,0,1,1,1,0,0,0,0,1,0,1,0,1,1,1,1,1,0,1,1,0,1,1,0,0,1,1,0,1,0,0,1,0,0,0,0,1,1,0,1,1,1,0,1,0,1,1,0,0,1,1,0,1,0,0,1,1,0,0,0,1,1,0,1,1,0,1,0,1,1,0,0
restart_aligned_regs_only_warmup11_cap1024_run01,731,0,1D,B19669B0866DF50E,0,1,1,1,0,0,0,0,1,0,1,0,1,1,1,1,1,0,1,1,0,1,1,0,0,1,1,0,0,0,0,1,0,0,0,0,1,1,0,1,1,0,0,1,0,1,1,0,0,1,1,0,1,0,0,1,1,0,0,0,1,1,0,1,1,0,1,1,1,0,0,0
restart_aligned_regs_only_warmup11_cap1024_run01,732,0,9F,919669B0866DD50E,0,1,1,1,0,0,0,0,1,0,1,0,1,0,1,1,1,0,1,1,0,1,1,0,0,1,1,0,0,0,0,1,0,0,0,0,1,1,0,1,1,0,0,1,0,1,1,0,0,1,1,0,1,0,0,1,1,0,0,0,1,0,0,1,1,1,1,1,1,0,0,1
restart_aligned_regs_only_warmup11_cap1024_run01,733,0,17,B19669B0966DD50E,0,1,1,1,0,0,0,0,1,0,1,0,1,0,1,1,1,0,1,1,0,1,1,0,0,1,1,0,1,0,0,1,0,0,0,0,1,1,0,1,1,0,0,1,0,1,1,0,0,1,1,0,1,0,0,1,1,0,0,0,1,1,0,1,1,1,1,0,1,0,0,0
restart_aligned_regs_only_warmup11_cap1024_run01,734,1,3D,B1966DB0866DF50E,0,1,1,1,0,0,0,0,1,0,1,0,1,1,1,1,1,0,1,1,0,1,1,0,0,1,1,0,0,0,0,1,0,0,0,0,1,1,0,1,1,0,1,1,0,1,1,0,0,1,1,0,1,0,0,1,1,0,0,0,1,1,0,1,1,0,1,1,1,1,0,0
restart_aligned_regs_only_warmup11_cap1024_run01,735,1,15,B1966FB0966DF50E,0,1,1,1,0,0,0,0,1,0,1,0,1,1,1,1,1,0,1,1,0,1,1,0,0,1,1,0,1,0,0,1,0,0,0,0,1,1,0,1,1,1,1,1,0,1,1,0,0,1,1,0,1,0,0,1,1,0,0,0,1,1,0,1,1,0,1,0,1,0,0,0
restart_aligned_regs_only_warmup11_cap1024_run01,736,0,1D,B1964BB0866DF50E,0,1,1,1,0,0,0,0,1,0,1,0,1,1,1,1,1,0,1,1,0,1,1,0,0,1,1,0,0,0,0,1,0,0,0,0,1,1,0,1,1,1,0,1,0,0,1,0,0,1,1,0,1,0,0,1,1,0,0,0,1,1,0,1,1,0,1,1,1,0,0,0
restart_aligned_regs_only_warmup11_cap1024_run01,737,0,1D,B1966FB0866DF50E,0,1,1,1,0,0,0,0,1,0,1,0,1,1,1,1,1,0,1,1,0,1,1,0,0,1,1,0,0,0,0,1,0,0,0,0,1,1,0,1,1,1,1,1,0,1,1,0,0,1,1,0,1,0,0,1,1,0,0,0,1,1,0,1,1,0,1,1,1,0,0,0
restart_aligned_regs_only_warmup11_cap1024_run01,738,0,1D,B19669B0866DF50E,0,1,1,1,0,0,0,0,1,0,1,0,1,1,1,1,1,0,1,1,0,1,1,0,0,1,1,0,0,0,0,1,0,0,0,0,1,1,0,1,1,0,0,1,0,1,1,0,0,1,1,0,1,0,0,1,1,0,0,0,1,1,0,1,1,0,1,1,1,0,0,0
restart_aligned_regs_only_warmup11_cap1024_run01,739,0,35,B1966BB0966DF50E,0,1,1,1,0,0,0,0,1,0,1,0,1,1,1,1,1,0,1,1,0,1,1,0,0,1,1,0,1,0,0,1,0,0,0,0,1,1,0,1,1,1,0,1,0,1,1,0,0,1,1,0,1,0,0,1,1,0,0,0,1,1,0,1,1,0,1,0,1,1,0,0
restart_aligned_regs_only_warmup11_cap1024_run01,740,1,DF,919E69B0866DD50E,0,1,1,1,0,0,0,0,1,0,1,0,1,0,1,1,1,0,1,1,0,1,1,0,0,1,1,0,0,0,0,1,0,0,0,0,1,1,0,1,1,0,0,1,0,1,1,0,0,1,1,1,1,0,0,1,1,0,0,0,1,0,0,1,1,1,1,1,1,0,1,1
restart_aligned_regs_only_warmup11_cap1024_run01,741,0,56,B19E6FB0966DD51E,0,1,1,1,1,0,0,0,1,0,1,0,1,0,1,1,1,0,1,1,0,1,1,0,0,1,1,0,1,0,0,1,0,0,0,0,1,1,0,1,1,1,1,1,0,1,1,0,0,1,1,1,1,0,0,1,1,0,0,0,1,1,0,1,0,1,1,0,1,0,1,0
restart_aligned_regs_only_warmup11_cap1024_run01,742,1,5D,B19E69B0866DF50E,0,1,1,1,0,0,0,0,1,0,1,0,1,1,1,1,1,0,1,1,0,1,1,0,0,1,1,0,0,0,0,1,0,0,0,0,1,1,0,1,1,0,0,1,0,1,1,0,0,1,1,1,1,0,0,1,1,0,0,0,1,1,0,1,1,0,1,1,1,0,1,0
restart_aligned_regs_only_warmup11_cap1024_run01,743,0,7D,B19E6BB0866DF50E,0,1,1,1,0,0,0,0,1,0,1,0,1,1,1,1,1,0,1,1,0,1,1,0,0,1,1,0,0,0,0,1,0,0,0,0,1,1,0,1,1,1,0,1,0,1,1,0,0,1,1,1,1,0,0,1,1,0,0,0,1,1,0,1,1,0,1,1,1,1,1,0
restart_aligned_regs_only_warmup11_cap1024_run01,744,0,1D,B19669B0866DF50E,0,1,1,1,0,0,0,0,1,0,1,0,1,1,1,1,1,0,1,1,0,1,1,0,0,1,1,0,0,0,0,1,0,0,0,0,1,1,0,1,1,0,0,1,0,1,1,0,0,1,1,0,1,0,0,1,1,0,0,0,1,1,0,1,1,0,1,1,1,0,0,0
restart_aligned_regs_only_warmup11_cap1024_run01,745,1,5D,B19E69B0866DF50E,0,1,1,1,0,0,0,0,1,0,1,0,1,1,1,1,1,0,1,1,0,1,1,0,0,1,1,0,0,0,0,1,0,0,0,0,1,1,0,1,1,0,0,1,0,1,1,0,0,1,1,1,1,0,0,1,1,0,0,0,1,1,0,1,1,0,1,1,1,0,1,0
restart_aligned_regs_only_warmup11_cap1024_run01,746,0,59,B19E69B08669F50E,0,1,1,1,0,0,0,0,1,0,1,0,1,1,1,1,1,0,0,1,0,1,1,0,0,1,1,0,0,0,0,1,0,0,0,0,1,1,0,1,1,0,0,1,0,1,1,0,0,1,1,1,1,0,0,1,1,0,0,0,1,1,0,1,1,0,0,1,1,0,1,0
restart_aligned_regs_only_warmup11_cap1024_run01,747,1,5D,B19E4DB0866DF50E,0,1,1,1,0,0,0,0,1,0,1,0,1,1,1,1,1,0,1,1,0,1,1,0,0,1,1,0,0,0,0,1,0,0,0,0,1,1,0,1,1,0,1,1,0,0,1,0,0,1,1,1,1,0,0,1,1,0,0,0,1,1,0,1,1,0,1,1,1,0,1,0
restart_aligned_regs_only_warmup11_cap1024_run01,748,0,59,B19E69B08669F50E,0,1,1,1,0,0,0,0,1,0,1,0,1,1,1,1,1,0,0,1,0,1,1,0,0,1,1,0,0,0,0,1,0,0,0,0,1,1,0,1,1,0,0,1,0,1,1,0,0,1,1,1,1,0,0,1,1,0,0,0,1,1,0,1,1,0,0,1,1,0,1,0
restart_aligned_regs_only_warmup11_cap1024_run01,749,1,5D,B19E69B0866DF50E,0,1,1,1,0,0,0,0,1,0,1,0,1,1,1,1,1,0,1,1,0,1,1,0,0,1,1,0,0,0,0,1,0,0,0,0,1,1,0,1,1,0,0,1,0,1,1,0,0,1,1,1,1,0,0,1,1,0,0,0,1,1,0,1,1,0,1,1,1,0,1,0
restart_aligned_regs_only_warmup11_cap1024_run01,750,1,1F,B19669B0866DD50E,0,1,1,1,0,0,0,0,1,0,1,0,1,0,1,1,1,0,1,1,0,1,1,0,0,1,1,0,0,0,0,1,0,0,0,0,1,1,0,1,1,0,0,1,0,1,1,0,0,1,1,0,1,0,0,1,1,0,0,0,1,1,0,1,1,1,1,1,1,0,0,0
restart_aligned_regs_only_warmup11_cap1024_run01,751,1,3D,B1966DB0866DF50E,0,1,1,1,0,0,0,0,1,0,1,0,1,1,1,1,1,0,1,1,0,1,1,0,0,1,1,0,0,0,0,1,0,0,0,0,1,1,0,1,1,0,1,1,0,1,1,0,0,1,1,0,1,0,0,1,1,0,0,0,1,1,0,1,1,0,1,1,1,1,0,0
restart_aligned_regs_only_warmup11_cap1024_run01,752,0,9F,919669B0866DD50E,0,1,1,1,0,0,0,0,1,0,1,0,1,0,1,1,1,0,1,1,0,1,1,0,0,1,1,0,0,0,0,1,0,0,0,0,1,1,0,1,1,0,0,1,0,1,1,0,0,1,1,0,1,0,0,1,1,0,0,0,1,0,0,1,1,1,1,1,1,0,0,1
restart_aligned_regs_only_warmup11_cap1024_run01,753,0,1D,B19669B0866DF50E,0,1,1,1,0,0,0,0,1,0,1,0,1,1,1,1,1,0,1,1,0,1,1,0,0,1,1,0,0,0,0,1,0,0,0,0,1,1,0,1,1,0,0,1,0,1,1,0,0,1,1,0,1,0,0,1,1,0,0,0,1,1,0,1,1,0,1,1,1,0,0,0
restart_aligned_regs_only_warmup11_cap1024_run01,754,0,1D,B19669B0866DF50E,0,1,1,1,0,0,0,0,1,0,1,0,1,1,1,1,1,0,1,1,0,1,1,0,0,1,1,0,0,0,0,1,0,0,0,0,1,1,0,1,1,0,0,1,0,1,1,0,0,1,1,0,1,0,0,1,1,0,0,0,1,1,0,1,1,0,1,1,1,0,0,0
restart_aligned_regs_only_warmup11_cap1024_run01,755,1,3D,B1966BB0866DF50E,0,1,1,1,0,0,0,0,1,0,1,0,1,1,1,1,1,0,1,1,0,1,1,0,0,1,1,0,0,0,0,1,0,0,0,0,1,1,0,1,1,1,0,1,0,1,1,0,0,1,1,0,1,0,0,1,1,0,0,0,1,1,0,1,1,0,1,1,1,1,0,0
restart_aligned_regs_only_warmup11_cap1024_run01,756,1,5D,B19E69B0866DF50E,0,1,1,1,0,0,0,0,1,0,1,0,1,1,1,1,1,0,1,1,0,1,1,0,0,1,1,0,0,0,0,1,0,0,0,0,1,1,0,1,1,0,0,1,0,1,1,0,0,1,1,1,1,0,0,1,1,0,0,0,1,1,0,1,1,0,1,1,1,0,1,0
restart_aligned_regs_only_warmup11_cap1024_run01,757,0,9F,919669B0866DD50E,0,1,1,1,0,0,0,0,1,0,1,0,1,0,1,1,1,0,1,1,0,1,1,0,0,1,1,0,0,0,0,1,0,0,0,0,1,1,0,1,1,0,0,1,0,1,1,0,0,1,1,0,1,0,0,1,1,0,0,0,1,0,0,1,1,1,1,1,1,0,0,1
restart_aligned_regs_only_warmup11_cap1024_run01,758,0,35,B1966BB0966DF50E,0,1,1,1,0,0,0,0,1,0,1,0,1,1,1,1,1,0,1,1,0,1,1,0,0,1,1,0,1,0,0,1,0,0,0,0,1,1,0,1,1,1,0,1,0,1,1,0,0,1,1,0,1,0,0,1,1,0,0,0,1,1,0,1,1,0,1,0,1,1,0,0
restart_aligned_regs_only_warmup11_cap1024_run01,759,0,1D,B1966FB0866DF50E,0,1,1,1,0,0,0,0,1,0,1,0,1,1,1,1,1,0,1,1,0,1,1,0,0,1,1,0,0,0,0,1,0,0,0,0,1,1,0,1,1,1,1,1,0,1,1,0,0,1,1,0,1,0,0,1,1,0,0,0,1,1,0,1,1,0,1,1,1,0,0,0
restart_aligned_regs_only_warmup11_cap1024_run01,760,0,1D,B19669B0866DF50E,0,1,1,1,0,0,0,0,1,0,1,0,1,1,1,1,1,0,1,1,0,1,1,0,0,1,1,0,0,0,0,1,0,0,0,0,1,1,0,1,1,0,0,1,0,1,1,0,0,1,1,0,1,0,0,1,1,0,0,0,1,1,0,1,1,0,1,1,1,0,0,0
restart_aligned_regs_only_warmup11_cap1024_run01,761,1,BF,919679B0866DD50E,0,1,1,1,0,0,0,0,1,0,1,0,1,0,1,1,1,0,1,1,0,1,1,0,0,1,1,0,0,0,0,1,0,0,0,0,1,1,0,1,1,0,0,1,1,1,1,0,0,1,1,0,1,0,0,1,1,0,0,0,1,0,0,1,1,1,1,1,1,1,0,1
restart_aligned_regs_only_warmup11_cap1024_run01,762,0,5F,B19E69B0866DD50E,0,1,1,1,0,0,0,0,1,0,1,0,1,0,1,1,1,0,1,1,0,1,1,0,0,1,1,0,0,0,0,1,0,0,0,0,1,1,0,1,1,0,0,1,0,1,1,0,0,1,1,1,1,0,0,1,1,0,0,0,1,1,0,1,1,1,1,1,1,0,1,0
restart_aligned_regs_only_warmup11_cap1024_run01,763,1,B6,91966BB0966DD51E,0,1,1,1,1,0,0,0,1,0,1,0,1,0,1,1,1,0,1,1,0,1,1,0,0,1,1,0,1,0,0,1,0,0,0,0,1,1,0,1,1,1,0,1,0,1,1,0,0,1,1,0,1,0,0,1,1,0,0,0,1,0,0,1,0,1,1,0,1,1,0,1
restart_aligned_regs_only_warmup11_cap1024_run01,764,0,12,B19669B09669D51E,0,1,1,1,1,0,0,0,1,0,1,0,1,0,1,1,1,0,0,1,0,1,1,0,0,1,1,0,1,0,0,1,0,0,0,0,1,1,0,1,1,0,0,1,0,1,1,0,0,1,1,0,1,0,0,1,1,0,0,0,1,1,0,1,0,1,0,0,1,0,0,0
restart_aligned_regs_only_warmup11_cap1024_run01,765,1,19,B19669B08669F50E,0,1,1,1,0,0,0,0,1,0,1,0,1,1,1,1,1,0,0,1,0,1,1,0,0,1,1,0,0,0,0,1,0,0,0,0,1,1,0,1,1,0,0,1,0,1,1,0,0,1,1,0,1,0,0,1,1,0,0,0,1,1,0,1,1,0,0,1,1,0,0,0
restart_aligned_regs_only_warmup11_cap1024_run01,766,0,9F,919669B0866DD50E,0,1,1,1,0,0,0,0,1,0,1,0,1,0,1,1,1,0,1,1,0,1,1,0,0,1,1,0,0,0,0,1,0,0,0,0,1,1,0,1,1,0,0,1,0,1,1,0,0,1,1,0,1,0,0,1,1,0,0,0,1,0,0,1,1,1,1,1,1,0,0,1
restart_aligned_regs_only_warmup11_cap1024_run01,767,0,14,B19669B0966DF51E,0,1,1,1,1,0,0,0,1,0,1,0,1,1,1,1,1,0,1,1,0,1,1,0,0,1,1,0,1,0,0,1,0,0,0,0,1,1,0,1,1,0,0,1,0,1,1,0,0,1,1,0,1,0,0,1,1,0,0,0,1,1,0,1,0,0,1,0,1,0,0,0
restart_aligned_regs_only_warmup11_cap1024_run01,768,0,14,B19669B0966DF51E,0,1,1,1,1,0,0,0,1,0,1,0,1,1,1,1,1,0,1,1,0,1,1,0,0,1,1,0,1,0,0,1,0,0,0,0,1,1,0,1,1,0,0,1,0,1,1,0,0,1,1,0,1,0,0,1,1,0,0,0,1,1,0,1,0,0,1,0,1,0,0,0
restart_aligned_regs_only_warmup11_cap1024_run01,769,0,14,B19669B0966DF51E,0,1,1,1,1,0,0,0,1,0,1,0,1,1,1,1,1,0,1,1,0,1,1,0,0,1,1,0,1,0,0,1,0,0,0,0,1,1,0,1,1,0,0,1,0,1,1,0,0,1,1,0,1,0,0,1,1,0,0,0,1,1,0,1,0,0,1,0,1,0,0,0
restart_aligned_regs_only_warmup11_cap1024_run01,770,1,15,B19669B0966DF50E,0,1,1,1,0,0,0,0,1,0,1,0,1,1,1,1,1,0,1,1,0,1,1,0,0,1,1,0,1,0,0,1,0,0,0,0,1,1,0,1,1,0,0,1,0,1,1,0,0,1,1,0,1,0,0,1,1,0,0,0,1,1,0,1,1,0,1,0,1,0,0,0
restart_aligned_regs_only_warmup11_cap1024_run01,771,1,1F,B19669B0866DD50E,0,1,1,1,0,0,0,0,1,0,1,0,1,0,1,1,1,0,1,1,0,1,1,0,0,1,1,0,0,0,0,1,0,0,0,0,1,1,0,1,1,0,0,1,0,1,1,0,0,1,1,0,1,0,0,1,1,0,0,0,1,1,0,1,1,1,1,1,1,0,0,0
restart_aligned_regs_only_warmup11_cap1024_run01,772,1,1F,B19669B0866DD50E,0,1,1,1,0,0,0,0,1,0,1,0,1,0,1,1,1,0,1,1,0,1,1,0,0,1,1,0,0,0,0,1,0,0,0,0,1,1,0,1,1,0,0,1,0,1,1,0,0,1,1,0,1,0,0,1,1,0,0,0,1,1,0,1,1,1,1,1,1,0,0,0
restart_aligned_regs_only_warmup11_cap1024_run01,773,1,19,B19669B08669F50E,0,1,1,1,0,0,0,0,1,0,1,0,1,1,1,1,1,0,0,1,0,1,1,0,0,1,1,0,0,0,0,1,0,0,0,0,1,1,0,1,1,0,0,1,0,1,1,0,0,1,1,0,1,0,0,1,1,0,0,0,1,1,0,1,1,0,0,1,1,0,0,0
restart_aligned_regs_only_warmup11_cap1024_run01,774,1,DF,919E69B0866DD50E,0,1,1,1,0,0,0,0,1,0,1,0,1,0,1,1,1,0,1,1,0,1,1,0,0,1,1,0,0,0,0,1,0,0,0,0,1,1,0,1,1,0,0,1,0,1,1,0,0,1,1,1,1,0,0,1,1,0,0,0,1,0,0,1,1,1,1,1,1,0,1,1
restart_aligned_regs_only_warmup11_cap1024_run01,775,0,17,B1966FB0966DD50E,0,1,1,1,0,0,0,0,1,0,1,0,1,0,1,1,1,0,1,1,0,1,1,0,0,1,1,0,1,0,0,1,0,0,0,0,1,1,0,1,1,1,1,1,0,1,1,0,0,1,1,0,1,0,0,1,1,0,0,0,1,1,0,1,1,1,1,0,1,0,0,0
restart_aligned_regs_only_warmup11_cap1024_run01,776,1,1F,B1966FB0866DD50E,0,1,1,1,0,0,0,0,1,0,1,0,1,0,1,1,1,0,1,1,0,1,1,0,0,1,1,0,0,0,0,1,0,0,0,0,1,1,0,1,1,1,1,1,0,1,1,0,0,1,1,0,1,0,0,1,1,0,0,0,1,1,0,1,1,1,1,1,1,0,0,0
restart_aligned_regs_only_warmup11_cap1024_run01,777,1,5D,B19E6FB0866DF50E,0,1,1,1,0,0,0,0,1,0,1,0,1,1,1,1,1,0,1,1,0,1,1,0,0,1,1,0,0,0,0,1,0,0,0,0,1,1,0,1,1,1,1,1,0,1,1,0,0,1,1,1,1,0,0,1,1,0,0,0,1,1,0,1,1,0,1,1,1,0,1,0
restart_aligned_regs_only_warmup11_cap1024_run01,778,0,1D,B19669B0866DF50E,0,1,1,1,0,0,0,0,1,0,1,0,1,1,1,1,1,0,1,1,0,1,1,0,0,1,1,0,0,0,0,1,0,0,0,0,1,1,0,1,1,0,0,1,0,1,1,0,0,1,1,0,1,0,0,1,1,0,0,0,1,1,0,1,1,0,1,1,1,0,0,0
restart_aligned_regs_only_warmup11_cap1024_run01,779,1,5D,B19E69B0866DF50E,0,1,1,1,0,0,0,0,1,0,1,0,1,1,1,1,1,0,1,1,0,1,1,0,0,1,1,0,0,0,0,1,0,0,0,0,1,1,0,1,1,0,0,1,0,1,1,0,0,1,1,1,1,0,0,1,1,0,0,0,1,1,0,1,1,0,1,1,1,0,1,0
restart_aligned_regs_only_warmup11_cap1024_run01,780,0,5F,B19E69B0866DD50E,0,1,1,1,0,0,0,0,1,0,1,0,1,0,1,1,1,0,1,1,0,1,1,0,0,1,1,0,0,0,0,1,0,0,0,0,1,1,0,1,1,0,0,1,0,1,1,0,0,1,1,1,1,0,0,1,1,0,0,0,1,1,0,1,1,1,1,1,1,0,1,0
restart_aligned_regs_only_warmup11_cap1024_run01,781,0,14,B1966FB0966DF51E,0,1,1,1,1,0,0,0,1,0,1,0,1,1,1,1,1,0,1,1,0,1,1,0,0,1,1,0,1,0,0,1,0,0,0,0,1,1,0,1,1,1,1,1,0,1,1,0,0,1,1,0,1,0,0,1,1,0,0,0,1,1,0,1,0,0,1,0,1,0,0,0
restart_aligned_regs_only_warmup11_cap1024_run01,782,1,57,B19E69B0966DD50E,0,1,1,1,0,0,0,0,1,0,1,0,1,0,1,1,1,0,1,1,0,1,1,0,0,1,1,0,1,0,0,1,0,0,0,0,1,1,0,1,1,0,0,1,0,1,1,0,0,1,1,1,1,0,0,1,1,0,0,0,1,1,0,1,1,1,1,0,1,0,1,0
restart_aligned_regs_only_warmup11_cap1024_run01,783,0,7D,B19E6BB0866DF50E,0,1,1,1,0,0,0,0,1,0,1,0,1,1,1,1,1,0,1,1,0,1,1,0,0,1,1,0,0,0,0,1,0,0,0,0,1,1,0,1,1,1,0,1,0,1,1,0,0,1,1,1,1,0,0,1,1,0,0,0,1,1,0,1,1,0,1,1,1,1,1,0
restart_aligned_regs_only_warmup11_cap1024_run01,784,1,54,B19E6FB0966DD11E,0,1,1,1,1,0,0,0,1,0,0,0,1,0,1,1,1,0,1,1,0,1,1,0,0,1,1,0,1,0,0,1,0,0,0,0,1,1,0,1,1,1,1,1,0,1,1,0,0,1,1,1,1,0,0,1,1,0,0,0,1,1,0,1,0,0,1,0,1,0,1,0
restart_aligned_regs_only_warmup11_cap1024_run01,785,0,FF,919E6BB0866DD50E,0,1,1,1,0,0,0,0,1,0,1,0,1,0,1,1,1,0,1,1,0,1,1,0,0,1,1,0,0,0,0,1,0,0,0,0,1,1,0,1,1,1,0,1,0,1,1,0,0,1,1,1,1,0,0,1,1,0,0,0,1,0,0,1,1,1,1,1,1,1,1,1
restart_aligned_regs_only_warmup11_cap1024_run01,786,1,1F,B19669B0866DD50E,0,1,1,1,0,0,0,0,1,0,1,0,1,0,1,1,1,0,1,1,0,1,1,0,0,1,1,0,0,0,0,1,0,0,0,0,1,1,0,1,1,0,0,1,0,1,1,0,0,1,1,0,1,0,0,1,1,0,0,0,1,1,0,1,1,1,1,1,1,0,0,0
restart_aligned_regs_only_warmup11_cap1024_run01,787,1,3B,B19679B08669D50E,0,1,1,1,0,0,0,0,1,0,1,0,1,0,1,1,1,0,0,1,0,1,1,0,0,1,1,0,0,0,0,1,0,0,0,0,1,1,0,1,1,0,0,1,1,1,1,0,0,1,1,0,1,0,0,1,1,0,0,0,1,1,0,1,1,1,0,1,1,1,0,0
restart_aligned_regs_only_warmup11_cap1024_run01,788,1,7F,B19E6DB0866DD50E,0,1,1,1,0,0,0,0,1,0,1,0,1,0,1,1,1,0,1,1,0,1,1,0,0,1,1,0,0,0,0,1,0,0,0,0,1,1,0,1,1,0,1,1,0,1,1,0,0,1,1,1,1,0,0,1,1,0,0,0,1,1,0,1,1,1,1,1,1,1,1,0
restart_aligned_regs_only_warmup11_cap1024_run01,789,1,20,B1966BA0966FF51E,0,1,1,1,1,0,0,0,1,0,1,0,1,1,1,1,1,1,1,1,0,1,1,0,0,1,1,0,1,0,0,1,0,0,0,0,0,1,0,1,1,1,0,1,0,1,1,0,0,1,1,0,1,0,0,1,1,0,0,0,1,1,0,1,0,0,0,0,0,1,0,0
restart_aligned_regs_only_warmup11_cap1024_run01,790,0,74,B19E6BB0966DF51E,0,1,1,1,1,0,0,0,1,0,1,0,1,1,1,1,1,0,1,1,0,1,1,0,0,1,1,0,1,0,0,1,0,0,0,0,1,1,0,1,1,1,0,1,0,1,1,0,0,1,1,1,1,0,0,1,1,0,0,0,1,1,0,1,0,0,1,0,1,1,1,0
restart_aligned_regs_only_warmup11_cap1024_run01,791,1,1F,B1966FB0866DD50E,0,1,1,1,0,0,0,0,1,0,1,0,1,0,1,1,1,0,1,1,0,1,1,0,0,1,1,0,0,0,0,1,0,0,0,0,1,1,0,1,1,1,1,1,0,1,1,0,0,1,1,0,1,0,0,1,1,0,0,0,1,1,0,1,1,1,1,1,1,0,0,0
restart_aligned_regs_only_warmup11_cap1024_run01,792,0,14,B1966FB0966DF51E,0,1,1,1,1,0,0,0,1,0,1,0,1,1,1,1,1,0,1,1,0,1,1,0,0,1,1,0,1,0,0,1,0,0,0,0,1,1,0,1,1,1,1,1,0,1,1,0,0,1,1,0,1,0,0,1,1,0,0,0,1,1,0,1,0,0,1,0,1,0,0,0
restart_aligned_regs_only_warmup11_cap1024_run01,793,0,9F,919669B0866DD50E,0,1,1,1,0,0,0,0,1,0,1,0,1,0,1,1,1,0,1,1,0,1,1,0,0,1,1,0,0,0,0,1,0,0,0,0,1,1,0,1,1,0,0,1,0,1,1,0,0,1,1,0,1,0,0,1,1,0,0,0,1,0,0,1,1,1,1,1,1,0,0,1
restart_aligned_regs_only_warmup11_cap1024_run01,794,1,5B,B19E69B08669D50E,0,1,1,1,0,0,0,0,1,0,1,0,1,0,1,1,1,0,0,1,0,1,1,0,0,1,1,0,0,0,0,1,0,0,0,0,1,1,0,1,1,0,0,1,0,1,1,0,0,1,1,1,1,0,0,1,1,0,0,0,1,1,0,1,1,1,0,1,1,0,1,0
restart_aligned_regs_only_warmup11_cap1024_run01,795,1,3D,B1964FB0866DF50E,0,1,1,1,0,0,0,0,1,0,1,0,1,1,1,1,1,0,1,1,0,1,1,0,0,1,1,0,0,0,0,1,0,0,0,0,1,1,0,1,1,1,1,1,0,0,1,0,0,1,1,0,1,0,0,1,1,0,0,0,1,1,0,1,1,0,1,1,1,1,0,0
restart_aligned_regs_only_warmup11_cap1024_run01,796,1,97,919669B0066DD50E,0,1,1,1,0,0,0,0,1,0,1,0,1,0,1,1,1,0,1,1,0,1,1,0,0,1,1,0,0,0,0,0,0,0,0,0,1,1,0,1,1,0,0,1,0,1,1,0,0,1,1,0,1,0,0,1,1,0,0,0,1,0,0,1,1,1,1,0,1,0,0,1
restart_aligned_regs_only_warmup11_cap1024_run01,797,0,95,91966FB0966DD10E,0,1,1,1,0,0,0,0,1,0,0,0,1,0,1,1,1,0,1,1,0,1,1,0,0,1,1,0,1,0,0,1,0,0,0,0,1,1,0,1,1,1,1,1,0,1,1,0,0,1,1,0,1,0,0,1,1,0,0,0,1,0,0,1,1,0,1,0,1,0,0,1
restart_aligned_regs_only_warmup11_cap1024_run01,798,0,B7,91966BB0066DD50E,0,1,1,1,0,0,0,0,1,0,1,0,1,0,1,1,1,0,1,1,0,1,1,0,0,1,1,0,0,0,0,0,0,0,0,0,1,1,0,1,1,1,0,1,0,1,1,0,0,1,1,0,1,0,0,1,1,0,0,0,1,0,0,1,1,1,1,0,1,1,0,1
restart_aligned_regs_only_warmup11_cap1024_run01,799,0,5F,B19E69B0866DD50E,0,1,1,1,0,0,0,0,1,0,1,0,1,0,1,1,1,0,1,1,0,1,1,0,0,1,1,0,0,0,0,1,0,0,0,0,1,1,0,1,1,0,0,1,0,1,1,0,0,1,1,1,1,0,0,1,1,0,0,0,1,1,0,1,1,1,1,1,1,0,1,0
restart_aligned_regs_only_warmup11_cap1024_run01,800,1,DF,919E69B0866DD50E,0,1,1,1,0,0,0,0,1,0,1,0,1,0,1,1,1,0,1,1,0,1,1,0,0,1,1,0,0,0,0,1,0,0,0,0,1,1,0,1,1,0,0,1,0,1,1,0,0,1,1,1,1,0,0,1,1,0,0,0,1,0,0,1,1,1,1,1,1,0,1,1
restart_aligned_regs_only_warmup11_cap1024_run01,801,0,3F,B1966BB0866DD50E,0,1,1,1,0,0,0,0,1,0,1,0,1,0,1,1,1,0,1,1,0,1,1,0,0,1,1,0,0,0,0,1,0,0,0,0,1,1,0,1,1,1,0,1,0,1,1,0,0,1,1,0,1,0,0,1,1,0,0,0,1,1,0,1,1,1,1,1,1,1,0,0
restart_aligned_regs_only_warmup11_cap1024_run01,802,0,1D,B1966FB0866DF50E,0,1,1,1,0,0,0,0,1,0,1,0,1,1,1,1,1,0,1,1,0,1,1,0,0,1,1,0,0,0,0,1,0,0,0,0,1,1,0,1,1,1,1,1,0,1,1,0,0,1,1,0,1,0,0,1,1,0,0,0,1,1,0,1,1,0,1,1,1,0,0,0
restart_aligned_regs_only_warmup11_cap1024_run01,803,1,3D,B1966BB0866DF50E,0,1,1,1,0,0,0,0,1,0,1,0,1,1,1,1,1,0,1,1,0,1,1,0,0,1,1,0,0,0,0,1,0,0,0,0,1,1,0,1,1,1,0,1,0,1,1,0,0,1,1,0,1,0,0,1,1,0,0,0,1,1,0,1,1,0,1,1,1,1,0,0
restart_aligned_regs_only_warmup11_cap1024_run01,804,0,9F,919669B0866DD50E,0,1,1,1,0,0,0,0,1,0,1,0,1,0,1,1,1,0,1,1,0,1,1,0,0,1,1,0,0,0,0,1,0,0,0,0,1,1,0,1,1,0,0,1,0,1,1,0,0,1,1,0,1,0,0,1,1,0,0,0,1,0,0,1,1,1,1,1,1,0,0,1
restart_aligned_regs_only_warmup11_cap1024_run01,805,1,1F,B19669B0866DD50E,0,1,1,1,0,0,0,0,1,0,1,0,1,0,1,1,1,0,1,1,0,1,1,0,0,1,1,0,0,0,0,1,0,0,0,0,1,1,0,1,1,0,0,1,0,1,1,0,0,1,1,0,1,0,0,1,1,0,0,0,1,1,0,1,1,1,1,1,1,0,0,0
restart_aligned_regs_only_warmup11_cap1024_run01,806,1,57,B19E69B0066DD50E,0,1,1,1,0,0,0,0,1,0,1,0,1,0,1,1,1,0,1,1,0,1,1,0,0,1,1,0,0,0,0,0,0,0,0,0,1,1,0,1,1,0,0,1,0,1,1,0,0,1,1,1,1,0,0,1,1,0,0,0,1,1,0,1,1,1,1,0,1,0,1,0
restart_aligned_regs_only_warmup11_cap1024_run01,807,1,37,B1966BB0066DD50E,0,1,1,1,0,0,0,0,1,0,1,0,1,0,1,1,1,0,1,1,0,1,1,0,0,1,1,0,0,0,0,0,0,0,0,0,1,1,0,1,1,1,0,1,0,1,1,0,0,1,1,0,1,0,0,1,1,0,0,0,1,1,0,1,1,1,1,0,1,1,0,0
restart_aligned_regs_only_warmup11_cap1024_run01,808,1,37,B1966DB0966DD50E,0,1,1,1,0,0,0,0,1,0,1,0,1,0,1,1,1,0,1,1,0,1,1,0,0,1,1,0,1,0,0,1,0,0,0,0,1,1,0,1,1,0,1,1,0,1,1,0,0,1,1,0,1,0,0,1,1,0,0,0,1,1,0,1,1,1,1,0,1,1,0,0
restart_aligned_regs_only_warmup11_cap1024_run01,809,0,9F,919669B0866DD50E,0,1,1,1,0,0,0,0,1,0,1,0,1,0,1,1,1,0,1,1,0,1,1,0,0,1,1,0,0,0,0,1,0,0,0,0,1,1,0,1,1,0,0,1,0,1,1,0,0,1,1,0,1,0,0,1,1,0,0,0,1,0,0,1,1,1,1,1,1,0,0,1
restart_aligned_regs_only_warmup11_cap1024_run01,810,0,7D,B19E6BB0866DF50E,0,1,1,1,0,0,0,0,1,0,1,0,1,1,1,1,1,0,1,1,0,1,1,0,0,1,1,0,0,0,0,1,0,0,0,0,1,1,0,1,1,1,0,1,0,1,1,0,0,1,1,1,1,0,0,1,1,0,0,0,1,1,0,1,1,0,1,1,1,1,1,0
restart_aligned_regs_only_warmup11_cap1024_run01,811,0,74,B19E4FB0966DF51E,0,1,1,1,1,0,0,0,1,0,1,0,1,1,1,1,1,0,1,1,0,1,1,0,0,1,1,0,1,0,0,1,0,0,0,0,1,1,0,1,1,1,1,1,0,0,1,0,0,1,1,1,1,0,0,1,1,0,0,0,1,1,0,1,0,0,1,0,1,1,1,0
restart_aligned_regs_only_warmup11_cap1024_run01,812,0,7D,B19E6BB0866DF50E,0,1,1,1,0,0,0,0,1,0,1,0,1,1,1,1,1,0,1,1,0,1,1,0,0,1,1,0,0,0,0,1,0,0,0,0,1,1,0,1,1,1,0,1,0,1,1,0,0,1,1,1,1,0,0,1,1,0,0,0,1,1,0,1,1,0,1,1,1,1,1,0
restart_aligned_regs_only_warmup11_cap1024_run01,813,1,3D,B1966DB0866DD10E,0,1,1,1,0,0,0,0,1,0,0,0,1,0,1,1,1,0,1,1,0,1,1,0,0,1,1,0,0,0,0,1,0,0,0,0,1,1,0,1,1,0,1,1,0,1,1,0,0,1,1,0,1,0,0,1,1,0,0,0,1,1,0,1,1,0,1,1,1,1,0,0
restart_aligned_regs_only_warmup11_cap1024_run01,814,1,54,B19E69B0966DF51E,0,1,1,1,1,0,0,0,1,0,1,0,1,1,1,1,1,0,1,1,0,1,1,0,0,1,1,0,1,0,0,1,0,0,0,0,1,1,0,1,1,0,0,1,0,1,1,0,0,1,1,1,1,0,0,1,1,0,0,0,1,1,0,1,0,0,1,0,1,0,1,0
restart_aligned_regs_only_warmup11_cap1024_run01,815,0,14,B1966FB0966DF51E,0,1,1,1,1,0,0,0,1,0,1,0,1,1,1,1,1,0,1,1,0,1,1,0,0,1,1,0,1,0,0,1,0,0,0,0,1,1,0,1,1,1,1,1,0,1,1,0,0,1,1,0,1,0,0,1,1,0,0,0,1,1,0,1,0,0,1,0,1,0,0,0
restart_aligned_regs_only_warmup11_cap1024_run01,816,0,1D,B19669B0866DF50E,0,1,1,1,0,0,0,0,1,0,1,0,1,1,1,1,1,0,1,1,0,1,1,0,0,1,1,0,0,0,0,1,0,0,0,0,1,1,0,1,1,0,0,1,0,1,1,0,0,1,1,0,1,0,0,1,1,0,0,0,1,1,0,1,1,0,1,1,1,0,0,0
restart_aligned_regs_only_warmup11_cap1024_run01,817,1,75,B19E6BB0966DF50E,0,1,1,1,0,0,0,0,1,0,1,0,1,1,1,1,1,0,1,1,0,1,1,0,0,1,1,0,1,0,0,1,0,0,0,0,1,1,0,1,1,1,0,1,0,1,1,0,0,1,1,1,1,0,0,1,1,0,0,0,1,1,0,1,1,0,1,0,1,1,1,0
restart_aligned_regs_only_warmup11_cap1024_run01,818,1,DF,919E69B0866DD50E,0,1,1,1,0,0,0,0,1,0,1,0,1,0,1,1,1,0,1,1,0,1,1,0,0,1,1,0,0,0,0,1,0,0,0,0,1,1,0,1,1,0,0,1,0,1,1,0,0,1,1,1,1,0,0,1,1,0,0,0,1,0,0,1,1,1,1,1,1,0,1,1
restart_aligned_regs_only_warmup11_cap1024_run01,819,0,1D,B19669B0866DF50E,0,1,1,1,0,0,0,0,1,0,1,0,1,1,1,1,1,0,1,1,0,1,1,0,0,1,1,0,0,0,0,1,0,0,0,0,1,1,0,1,1,0,0,1,0,1,1,0,0,1,1,0,1,0,0,1,1,0,0,0,1,1,0,1,1,0,1,1,1,0,0,0
restart_aligned_regs_only_warmup11_cap1024_run01,820,0,3F,B1966DB0866DD50E,0,1,1,1,0,0,0,0,1,0,1,0,1,0,1,1,1,0,1,1,0,1,1,0,0,1,1,0,0,0,0,1,0,0,0,0,1,1,0,1,1,0,1,1,0,1,1,0,0,1,1,0,1,0,0,1,1,0,0,0,1,1,0,1,1,1,1,1,1,1,0,0
restart_aligned_regs_only_warmup11_cap1024_run01,821,1,02,B1964DA0964DF11E,0,1,1,1,1,0,0,0,1,0,0,0,1,1,1,1,1,0,1,1,0,0,1,0,0,1,1,0,1,0,0,1,0,0,0,0,0,1,0,1,1,0,1,1,0,0,1,0,0,1,1,0,1,0,0,1,1,0,0,0,1,1,0,1,0,1,0,0,0,0,0,0
restart_aligned_regs_only_warmup11_cap1024_run01,822,1,34,B1966DB0966DF51E,0,1,1,1,1,0,0,0,1,0,1,0,1,1,1,1,1,0,1,1,0,1,1,0,0,1,1,0,1,0,0,1,0,0,0,0,1,1,0,1,1,0,1,1,0,1,1,0,0,1,1,0,1,0,0,1,1,0,0,0,1,1,0,1,0,0,1,0,1,1,0,0
restart_aligned_regs_only_warmup11_cap1024_run01,823,1,34,B1966DB0966DF51E,0,1,1,1,1,0,0,0,1,0,1,0,1,1,1,1,1,0,1,1,0,1,1,0,0,1,1,0,1,0,0,1,0,0,0,0,1,1,0,1,1,0,1,1,0,1,1,0,0,1,1,0,1,0,0,1,1,0,0,0,1,1,0,1,0,0,1,0,1,1,0,0
restart_aligned_regs_only_warmup11_cap1024_run01,824,1,7F,B19E6DB0866DD50E,0,1,1,1,0,0,0,0,1,0,1,0,1,0,1,1,1,0,1,1,0,1,1,0,0,1,1,0,0,0,0,1,0,0,0,0,1,1,0,1,1,0,1,1,0,1,1,0,0,1,1,1,1,0,0,1,1,0,0,0,1,1,0,1,1,1,1,1,1,1,1,0
restart_aligned_regs_only_warmup11_cap1024_run01,825,0,35,B19649B0966DF50E,0,1,1,1,0,0,0,0,1,0,1,0,1,1,1,1,1,0,1,1,0,1,1,0,0,1,1,0,1,0,0,1,0,0,0,0,1,1,0,1,1,0,0,1,0,0,1,0,0,1,1,0,1,0,0,1,1,0,0,0,1,1,0,1,1,0,1,0,1,1,0,0
restart_aligned_regs_only_warmup11_cap1024_run01,826,0,7D,B19E6DB0866DF50E,0,1,1,1,0,0,0,0,1,0,1,0,1,1,1,1,1,0,1,1,0,1,1,0,0,1,1,0,0,0,0,1,0,0,0,0,1,1,0,1,1,0,1,1,0,1,1,0,0,1,1,1,1,0,0,1,1,0,0,0,1,1,0,1,1,0,1,1,1,1,1,0
restart_aligned_regs_only_warmup11_cap1024_run01,827,1,37,B1966DB0966DF10E,0,1,1,1,0,0,0,0,1,0,0,0,1,1,1,1,1,0,1,1,0,1,1,0,0,1,1,0,1,0,0,1,0,0,0,0,1,1,0,1,1,0,1,1,0,1,1,0,0,1,1,0,1,0,0,1,1,0,0,0,1,1,0,1,1,1,1,0,1,1,0,0
restart_aligned_regs_only_warmup11_cap1024_run01,828,0,17,B1967BB0066DD50E,0,1,1,1,0,0,0,0,1,0,1,0,1,0,1,1,1,0,1,1,0,1,1,0,0,1,1,0,0,0,0,0,0,0,0,0,1,1,0,1,1,1,0,1,1,1,1,0,0,1,1,0,1,0,0,1,1,0,0,0,1,1,0,1,1,1,1,0,1,0,0,0
restart_aligned_regs_only_warmup11_cap1024_run01,829,1,15,B19669B0966DF50E,0,1,1,1,0,0,0,0,1,0,1,0,1,1,1,1,1,0,1,1,0,1,1,0,0,1,1,0,1,0,0,1,0,0,0,0,1,1,0,1,1,0,0,1,0,1,1,0,0,1,1,0,1,0,0,1,1,0,0,0,1,1,0,1,1,0,1,0,1,0,0,0
restart_aligned_regs_only_warmup11_cap1024_run01,830,1,15,B19669B0066DF50E,0,1,1,1,0,0,0,0,1,0,1,0,1,1,1,1,1,0,1,1,0,1,1,0,0,1,1,0,0,0,0,0,0,0,0,0,1,1,0,1,1,0,0,1,0,1,1,0,0,1,1,0,1,0,0,1,1,0,0,0,1,1,0,1,1,0,1,0,1,0,0,0
restart_aligned_regs_only_warmup11_cap1024_run01,831,0,17,B19669B0066DD50E,0,1,1,1,0,0,0,0,1,0,1,0,1,0,1,1,1,0,1,1,0,1,1,0,0,1,1,0,0,0,0,0,0,0,0,0,1,1,0,1,1,0,0,1,0,1,1,0,0,1,1,0,1,0,0,1,1,0,0,0,1,1,0,1,1,1,1,0,1,0,0,0
restart_aligned_regs_only_warmup11_cap1024_run01,832,1,37,B1966BB0066DD50E,0,1,1,1,0,0,0,0,1,0,1,0,1,0,1,1,1,0,1,1,0,1,1,0,0,1,1,0,0,0,0,0,0,0,0,0,1,1,0,1,1,1,0,1,0,1,1,0,0,1,1,0,1,0,0,1,1,0,0,0,1,1,0,1,1,1,1,0,1,1,0,0
restart_aligned_regs_only_warmup11_cap1024_run01,833,0,3F,B1966DB0166DD50E,0,1,1,1,0,0,0,0,1,0,1,0,1,0,1,1,1,0,1,1,0,1,1,0,0,1,1,0,1,0,0,0,0,0,0,0,1,1,0,1,1,0,1,1,0,1,1,0,0,1,1,0,1,0,0,1,1,0,0,0,1,1,0,1,1,1,1,1,1,1,0,0
restart_aligned_regs_only_warmup11_cap1024_run01,834,0,96,919669B0966DD51E,0,1,1,1,1,0,0,0,1,0,1,0,1,0,1,1,1,0,1,1,0,1,1,0,0,1,1,0,1,0,0,1,0,0,0,0,1,1,0,1,1,0,0,1,0,1,1,0,0,1,1,0,1,0,0,1,1,0,0,0,1,0,0,1,0,1,1,0,1,0,0,1
restart_aligned_regs_only_warmup11_cap1024_run01,835,1,1F,B19669B0866DD50E,0,1,1,1,0,0,0,0,1,0,1,0,1,0,1,1,1,0,1,1,0,1,1,0,0,1,1,0,0,0,0,1,0,0,0,0,1,1,0,1,1,0,0,1,0,1,1,0,0,1,1,0,1,0,0,1,1,0,0,0,1,1,0,1,1,1,1,1,1,0,0,0
restart_aligned_regs_only_warmup11_cap1024_run01,836,0,56,B19E6FB0966DD51E,0,1,1,1,1,0,0,0,1,0,1,0,1,0,1,1,1,0,1,1,0,1,1,0,0,1,1,0,1,0,0,1,0,0,0,0,1,1,0,1,1,1,1,1,0,1,1,0,0,1,1,1,1,0,0,1,1,0,0,0,1,1,0,1,0,1,1,0,1,0,1,0
restart_aligned_regs_only_warmup11_cap1024_run01,837,1,16,B1966FB0966DD51E,0,1,1,1,1,0,0,0,1,0,1,0,1,0,1,1,1,0,1,1,0,1,1,0,0,1,1,0,1,0,0,1,0,0,0,0,1,1,0,1,1,1,1,1,0,1,1,0,0,1,1,0,1,0,0,1,1,0,0,0,1,1,0,1,0,1,1,0,1,0,0,0
restart_aligned_regs_only_warmup11_cap1024_run01,838,0,FF,919E6BB0866DD50E,0,1,1,1,0,0,0,0,1,0,1,0,1,0,1,1,1,0,1,1,0,1,1,0,0,1,1,0,0,0,0,1,0,0,0,0,1,1,0,1,1,1,0,1,0,1,1,0,0,1,1,1,1,0,0,1,1,0,0,0,1,0,0,1,1,1,1,1,1,1,1,1
restart_aligned_regs_only_warmup11_cap1024_run01,839,1,5D,B19E6FB0866DF50E,0,1,1,1,0,0,0,0,1,0,1,0,1,1,1,1,1,0,1,1,0,1,1,0,0,1,1,0,0,0,0,1,0,0,0,0,1,1,0,1,1,1,1,1,0,1,1,0,0,1,1,1,1,0,0,1,1,0,0,0,1,1,0,1,1,0,1,1,1,0,1,0
restart_aligned_regs_only_warmup11_cap1024_run01,840,1,54,B19E4DB0966DF51E,0,1,1,1,1,0,0,0,1,0,1,0,1,1,1,1,1,0,1,1,0,1,1,0,0,1,1,0,1,0,0,1,0,0,0,0,1,1,0,1,1,0,1,1,0,0,1,0,0,1,1,1,1,0,0,1,1,0,0,0,1,1,0,1,0,0,1,0,1,0,1,0
restart_aligned_regs_only_warmup11_cap1024_run01,841,1,57,B19E69B0066DD50E,0,1,1,1,0,0,0,0,1,0,1,0,1,0,1,1,1,0,1,1,0,1,1,0,0,1,1,0,0,0,0,0,0,0,0,0,1,1,0,1,1,0,0,1,0,1,1,0,0,1,1,1,1,0,0,1,1,0,0,0,1,1,0,1,1,1,1,0,1,0,1,0
restart_aligned_regs_only_warmup11_cap1024_run01,842,0,3F,B1966BB0866DD50E,0,1,1,1,0,0,0,0,1,0,1,0,1,0,1,1,1,0,1,1,0,1,1,0,0,1,1,0,0,0,0,1,0,0,0,0,1,1,0,1,1,1,0,1,0,1,1,0,0,1,1,0,1,0,0,1,1,0,0,0,1,1,0,1,1,1,1,1,1,1,0,0
restart_aligned_regs_only_warmup11_cap1024_run01,843,1,3D,B1966DB0866DF50E,0,1,1,1,0,0,0,0,1,0,1,0,1,1,1,1,1,0,1,1,0,1,1,0,0,1,1,0,0,0,0,1,0,0,0,0,1,1,0,1,1,0,1,1,0,1,1,0,0,1,1,0,1,0,0,1,1,0,0,0,1,1,0,1,1,0,1,1,1,1,0,0
restart_aligned_regs_only_warmup11_cap1024_run01,844,1,3D,B1965DB0866DF50E,0,1,1,1,0,0,0,0,1,0,1,0,1,1,1,1,1,0,1,1,0,1,1,0,0,1,1,0,0,0,0,1,0,0,0,0,1,1,0,1,1,0,1,1,1,0,1,0,0,1,1,0,1,0,0,1,1,0,0,0,1,1,0,1,1,0,1,1,1,1,0,0
restart_aligned_regs_only_warmup11_cap1024_run01,845,1,DF,919E6FB0866DD50E,0,1,1,1,0,0,0,0,1,0,1,0,1,0,1,1,1,0,1,1,0,1,1,0,0,1,1,0,0,0,0,1,0,0,0,0,1,1,0,1,1,1,1,1,0,1,1,0,0,1,1,1,1,0,0,1,1,0,0,0,1,0,0,1,1,1,1,1,1,0,1,1
restart_aligned_regs_only_warmup11_cap1024_run01,846,1,34,B1964FB0966DF51E,0,1,1,1,1,0,0,0,1,0,1,0,1,1,1,1,1,0,1,1,0,1,1,0,0,1,1,0,1,0,0,1,0,0,0,0,1,1,0,1,1,1,1,1,0,0,1,0,0,1,1,0,1,0,0,1,1,0,0,0,1,1,0,1,0,0,1,0,1,1,0,0
restart_aligned_regs_only_warmup11_cap1024_run01,847,0,3F,B1966DB0866DF10E,0,1,1,1,0,0,0,0,1,0,0,0,1,1,1,1,1,0,1,1,0,1,1,0,0,1,1,0,0,0,0,1,0,0,0,0,1,1,0,1,1,0,1,1,0,1,1,0,0,1,1,0,1,0,0,1,1,0,0,0,1,1,0,1,1,1,1,1,1,1,0,0
restart_aligned_regs_only_warmup11_cap1024_run01,848,1,7F,B19E6BB0866DD50E,0,1,1,1,0,0,0,0,1,0,1,0,1,0,1,1,1,0,1,1,0,1,1,0,0,1,1,0,0,0,0,1,0,0,0,0,1,1,0,1,1,1,0,1,0,1,1,0,0,1,1,1,1,0,0,1,1,0,0,0,1,1,0,1,1,1,1,1,1,1,1,0
restart_aligned_regs_only_warmup11_cap1024_run01,849,0,1D,B1966FB0866DF50E,0,1,1,1,0,0,0,0,1,0,1,0,1,1,1,1,1,0,1,1,0,1,1,0,0,1,1,0,0,0,0,1,0,0,0,0,1,1,0,1,1,1,1,1,0,1,1,0,0,1,1,0,1,0,0,1,1,0,0,0,1,1,0,1,1,0,1,1,1,0,0,0
restart_aligned_regs_only_warmup11_cap1024_run01,850,1,1F,B1966FB0866DD50E,0,1,1,1,0,0,0,0,1,0,1,0,1,0,1,1,1,0,1,1,0,1,1,0,0,1,1,0,0,0,0,1,0,0,0,0,1,1,0,1,1,1,1,1,0,1,1,0,0,1,1,0,1,0,0,1,1,0,0,0,1,1,0,1,1,1,1,1,1,0,0,0
restart_aligned_regs_only_warmup11_cap1024_run01,851,0,35,B1966BB0966DF50E,0,1,1,1,0,0,0,0,1,0,1,0,1,1,1,1,1,0,1,1,0,1,1,0,0,1,1,0,1,0,0,1,0,0,0,0,1,1,0,1,1,1,0,1,0,1,1,0,0,1,1,0,1,0,0,1,1,0,0,0,1,1,0,1,1,0,1,0,1,1,0,0
restart_aligned_regs_only_warmup11_cap1024_run01,852,0,14,B1966FB0966DF51E,0,1,1,1,1,0,0,0,1,0,1,0,1,1,1,1,1,0,1,1,0,1,1,0,0,1,1,0,1,0,0,1,0,0,0,0,1,1,0,1,1,1,1,1,0,1,1,0,0,1,1,0,1,0,0,1,1,0,0,0,1,1,0,1,0,0,1,0,1,0,0,0
restart_aligned_regs_only_warmup11_cap1024_run01,853,0,14,B1964BB0966DF51E,0,1,1,1,1,0,0,0,1,0,1,0,1,1,1,1,1,0,1,1,0,1,1,0,0,1,1,0,1,0,0,1,0,0,0,0,1,1,0,1,1,1,0,1,0,0,1,0,0,1,1,0,1,0,0,1,1,0,0,0,1,1,0,1,0,0,1,0,1,0,0,0
restart_aligned_regs_only_warmup11_cap1024_run01,854,1,BF,91966DB0866DD50E,0,1,1,1,0,0,0,0,1,0,1,0,1,0,1,1,1,0,1,1,0,1,1,0,0,1,1,0,0,0,0,1,0,0,0,0,1,1,0,1,1,0,1,1,0,1,1,0,0,1,1,0,1,0,0,1,1,0,0,0,1,0,0,1,1,1,1,1,1,1,0,1
restart_aligned_regs_only_warmup11_cap1024_run01,855,1,5D,B19E69B0866DF50E,0,1,1,1,0,0,0,0,1,0,1,0,1,1,1,1,1,0,1,1,0,1,1,0,0,1,1,0,0,0,0,1,0,0,0,0,1,1,0,1,1,0,0,1,0,1,1,0,0,1,1,1,1,0,0,1,1,0,0,0,1,1,0,1,1,0,1,1,1,0,1,0
restart_aligned_regs_only_warmup11_cap1024_run01,856,1,3D,B1966BB0866DF50E,0,1,1,1,0,0,0,0,1,0,1,0,1,1,1,1,1,0,1,1,0,1,1,0,0,1,1,0,0,0,0,1,0,0,0,0,1,1,0,1,1,1,0,1,0,1,1,0,0,1,1,0,1,0,0,1,1,0,0,0,1,1,0,1,1,0,1,1,1,1,0,0
restart_aligned_regs_only_warmup11_cap1024_run01,857,0,5F,B19E6FB0866DD50E,0,1,1,1,0,0,0,0,1,0,1,0,1,0,1,1,1,0,1,1,0,1,1,0,0,1,1,0,0,0,0,1,0,0,0,0,1,1,0,1,1,1,1,1,0,1,1,0,0,1,1,1,1,0,0,1,1,0,0,0,1,1,0,1,1,1,1,1,1,0,1,0
restart_aligned_regs_only_warmup11_cap1024_run01,858,0,7D,B19E6BB0866DF50E,0,1,1,1,0,0,0,0,1,0,1,0,1,1,1,1,1,0,1,1,0,1,1,0,0,1,1,0,0,0,0,1,0,0,0,0,1,1,0,1,1,1,0,1,0,1,1,0,0,1,1,1,1,0,0,1,1,0,0,0,1,1,0,1,1,0,1,1,1,1,1,0
restart_aligned_regs_only_warmup11_cap1024_run01,859,0,35,B1966BB0966DF50E,0,1,1,1,0,0,0,0,1,0,1,0,1,1,1,1,1,0,1,1,0,1,1,0,0,1,1,0,1,0,0,1,0,0,0,0,1,1,0,1,1,1,0,1,0,1,1,0,0,1,1,0,1,0,0,1,1,0,0,0,1,1,0,1,1,0,1,0,1,1,0,0
restart_aligned_regs_only_warmup11_cap1024_run01,860,0,5C,B19E69B0166DF51E,0,1,1,1,1,0,0,0,1,0,1,0,1,1,1,1,1,0,1,1,0,1,1,0,0,1,1,0,1,0,0,0,0,0,0,0,1,1,0,1,1,0,0,1,0,1,1,0,0,1,1,1,1,0,0,1,1,0,0,0,1,1,0,1,0,0,1,1,1,0,1,0
restart_aligned_regs_only_warmup11_cap1024_run01,861,0,71,B19E6BB00669F50E,0,1,1,1,0,0,0,0,1,0,1,0,1,1,1,1,1,0,0,1,0,1,1,0,0,1,1,0,0,0,0,0,0,0,0,0,1,1,0,1,1,1,0,1,0,1,1,0,0,1,1,1,1,0,0,1,1,0,0,0,1,1,0,1,1,0,0,0,1,1,1,0
restart_aligned_regs_only_warmup11_cap1024_run01,862,1,15,B1966FB0066DF50E,0,1,1,1,0,0,0,0,1,0,1,0,1,1,1,1,1,0,1,1,0,1,1,0,0,1,1,0,0,0,0,0,0,0,0,0,1,1,0,1,1,1,1,1,0,1,1,0,0,1,1,0,1,0,0,1,1,0,0,0,1,1,0,1,1,0,1,0,1,0,0,0
restart_aligned_regs_only_warmup11_cap1024_run01,863,0,55,B19E6FB0066DF50E,0,1,1,1,0,0,0,0,1,0,1,0,1,1,1,1,1,0,1,1,0,1,1,0,0,1,1,0,0,0,0,0,0,0,0,0,1,1,0,1,1,1,1,1,0,1,1,0,0,1,1,1,1,0,0,1,1,0,0,0,1,1,0,1,1,0,1,0,1,0,1,0
restart_aligned_regs_only_warmup11_cap1024_run01,864,0,14,B1966FB0966DF51E,0,1,1,1,1,0,0,0,1,0,1,0,1,1,1,1,1,0,1,1,0,1,1,0,0,1,1,0,1,0,0,1,0,0,0,0,1,1,0,1,1,1,1,1,0,1,1,0,0,1,1,0,1,0,0,1,1,0,0,0,1,1,0,1,0,0,1,0,1,0,0,0
restart_aligned_regs_only_warmup11_cap1024_run01,865,1,3D,B1966BB0866DF50E,0,1,1,1,0,0,0,0,1,0,1,0,1,1,1,1,1,0,1,1,0,1,1,0,0,1,1,0,0,0,0,1,0,0,0,0,1,1,0,1,1,1,0,1,0,1,1,0,0,1,1,0,1,0,0,1,1,0,0,0,1,1,0,1,1,0,1,1,1,1,0,0
restart_aligned_regs_only_warmup11_cap1024_run01,866,0,1D,B1966FB0866DD10E,0,1,1,1,0,0,0,0,1,0,0,0,1,0,1,1,1,0,1,1,0,1,1,0,0,1,1,0,0,0,0,1,0,0,0,0,1,1,0,1,1,1,1,1,0,1,1,0,0,1,1,0,1,0,0,1,1,0,0,0,1,1,0,1,1,0,1,1,1,0,0,0
restart_aligned_regs_only_warmup11_cap1024_run01,867,1,1F,B1966FB0866DF10E,0,1,1,1,0,0,0,0,1,0,0,0,1,1,1,1,1,0,1,1,0,1,1,0,0,1,1,0,0,0,0,1,0,0,0,0,1,1,0,1,1,1,1,1,0,1,1,0,0,1,1,0,1,0,0,1,1,0,0,0,1,1,0,1,1,1,1,1,1,0,0,0
restart_aligned_regs_only_warmup11_cap1024_run01,868,1,16,B1966FB0966DD51E,0,1,1,1,1,0,0,0,1,0,1,0,1,0,1,1,1,0,1,1,0,1,1,0,0,1,1,0,1,0,0,1,0,0,0,0,1,1,0,1,1,1,1,1,0,1,1,0,0,1,1,0,1,0,0,1,1,0,0,0,1,1,0,1,0,1,1,0,1,0,0,0
restart_aligned_regs_only_warmup11_cap1024_run01,869,0,1D,B1964BB0866DF50E,0,1,1,1,0,0,0,0,1,0,1,0,1,1,1,1,1,0,1,1,0,1,1,0,0,1,1,0,0,0,0,1,0,0,0,0,1,1,0,1,1,1,0,1,0,0,1,0,0,1,1,0,1,0,0,1,1,0,0,0,1,1,0,1,1,0,1,1,1,0,0,0
restart_aligned_regs_only_warmup11_cap1024_run01,870,0,35,B1966BB0966DF50E,0,1,1,1,0,0,0,0,1,0,1,0,1,1,1,1,1,0,1,1,0,1,1,0,0,1,1,0,1,0,0,1,0,0,0,0,1,1,0,1,1,1,0,1,0,1,1,0,0,1,1,0,1,0,0,1,1,0,0,0,1,1,0,1,1,0,1,0,1,1,0,0
restart_aligned_regs_only_warmup11_cap1024_run01,871,0,7D,B19E6BB0866DF50E,0,1,1,1,0,0,0,0,1,0,1,0,1,1,1,1,1,0,1,1,0,1,1,0,0,1,1,0,0,0,0,1,0,0,0,0,1,1,0,1,1,1,0,1,0,1,1,0,0,1,1,1,1,0,0,1,1,0,0,0,1,1,0,1,1,0,1,1,1,1,1,0
restart_aligned_regs_only_warmup11_cap1024_run01,872,0,1D,B19669B0866DF50E,0,1,1,1,0,0,0,0,1,0,1,0,1,1,1,1,1,0,1,1,0,1,1,0,0,1,1,0,0,0,0,1,0,0,0,0,1,1,0,1,1,0,0,1,0,1,1,0,0,1,1,0,1,0,0,1,1,0,0,0,1,1,0,1,1,0,1,1,1,0,0,0
restart_aligned_regs_only_warmup11_cap1024_run01,873,1,3D,B1966BB0866DF50E,0,1,1,1,0,0,0,0,1,0,1,0,1,1,1,1,1,0,1,1,0,1,1,0,0,1,1,0,0,0,0,1,0,0,0,0,1,1,0,1,1,1,0,1,0,1,1,0,0,1,1,0,1,0,0,1,1,0,0,0,1,1,0,1,1,0,1,1,1,1,0,0
restart_aligned_regs_only_warmup11_cap1024_run01,874,1,1F,B19669B0866DD50E,0,1,1,1,0,0,0,0,1,0,1,0,1,0,1,1,1,0,1,1,0,1,1,0,0,1,1,0,0,0,0,1,0,0,0,0,1,1,0,1,1,0,0,1,0,1,1,0,0,1,1,0,1,0,0,1,1,0,0,0,1,1,0,1,1,1,1,1,1,0,0,0
restart_aligned_regs_only_warmup11_cap1024_run01,875,1,DF,919E69B0866DD50E,0,1,1,1,0,0,0,0,1,0,1,0,1,0,1,1,1,0,1,1,0,1,1,0,0,1,1,0,0,0,0,1,0,0,0,0,1,1,0,1,1,0,0,1,0,1,1,0,0,1,1,1,1,0,0,1,1,0,0,0,1,0,0,1,1,1,1,1,1,0,1,1
restart_aligned_regs_only_warmup11_cap1024_run01,876,1,5D,B19E69B0866DF50E,0,1,1,1,0,0,0,0,1,0,1,0,1,1,1,1,1,0,1,1,0,1,1,0,0,1,1,0,0,0,0,1,0,0,0,0,1,1,0,1,1,0,0,1,0,1,1,0,0,1,1,1,1,0,0,1,1,0,0,0,1,1,0,1,1,0,1,1,1,0,1,0
restart_aligned_regs_only_warmup11_cap1024_run01,877,1,DF,919E6FB0866DD50E,0,1,1,1,0,0,0,0,1,0,1,0,1,0,1,1,1,0,1,1,0,1,1,0,0,1,1,0,0,0,0,1,0,0,0,0,1,1,0,1,1,1,1,1,0,1,1,0,0,1,1,1,1,0,0,1,1,0,0,0,1,0,0,1,1,1,1,1,1,0,1,1
restart_aligned_regs_only_warmup11_cap1024_run01,878,1,5D,B19E6FB0866DF50E,0,1,1,1,0,0,0,0,1,0,1,0,1,1,1,1,1,0,1,1,0,1,1,0,0,1,1,0,0,0,0,1,0,0,0,0,1,1,0,1,1,1,1,1,0,1,1,0,0,1,1,1,1,0,0,1,1,0,0,0,1,1,0,1,1,0,1,1,1,0,1,0
restart_aligned_regs_only_warmup11_cap1024_run01,879,1,1F,B19669B0866DD50E,0,1,1,1,0,0,0,0,1,0,1,0,1,0,1,1,1,0,1,1,0,1,1,0,0,1,1,0,0,0,0,1,0,0,0,0,1,1,0,1,1,0,0,1,0,1,1,0,0,1,1,0,1,0,0,1,1,0,0,0,1,1,0,1,1,1,1,1,1,0,0,0
restart_aligned_regs_only_warmup11_cap1024_run01,880,0,1D,B1964BB0866DF50E,0,1,1,1,0,0,0,0,1,0,1,0,1,1,1,1,1,0,1,1,0,1,1,0,0,1,1,0,0,0,0,1,0,0,0,0,1,1,0,1,1,1,0,1,0,0,1,0,0,1,1,0,1,0,0,1,1,0,0,0,1,1,0,1,1,0,1,1,1,0,0,0
restart_aligned_regs_only_warmup11_cap1024_run01,881,1,DF,919E6FB0866DD50E,0,1,1,1,0,0,0,0,1,0,1,0,1,0,1,1,1,0,1,1,0,1,1,0,0,1,1,0,0,0,0,1,0,0,0,0,1,1,0,1,1,1,1,1,0,1,1,0,0,1,1,1,1,0,0,1,1,0,0,0,1,0,0,1,1,1,1,1,1,0,1,1
restart_aligned_regs_only_warmup11_cap1024_run01,882,1,57,B19E6FB0066DF10E,0,1,1,1,0,0,0,0,1,0,0,0,1,1,1,1,1,0,1,1,0,1,1,0,0,1,1,0,0,0,0,0,0,0,0,0,1,1,0,1,1,1,1,1,0,1,1,0,0,1,1,1,1,0,0,1,1,0,0,0,1,1,0,1,1,1,1,0,1,0,1,0
restart_aligned_regs_only_warmup11_cap1024_run01,883,1,1F,B19669B0866DD50E,0,1,1,1,0,0,0,0,1,0,1,0,1,0,1,1,1,0,1,1,0,1,1,0,0,1,1,0,0,0,0,1,0,0,0,0,1,1,0,1,1,0,0,1,0,1,1,0,0,1,1,0,1,0,0,1,1,0,0,0,1,1,0,1,1,1,1,1,1,0,0,0
restart_aligned_regs_only_warmup11_cap1024_run01,884,0,30,B1966BB0966FF51E,0,1,1,1,1,0,0,0,1,0,1,0,1,1,1,1,1,1,1,1,0,1,1,0,0,1,1,0,1,0,0,1,0,0,0,0,1,1,0,1,1,1,0,1,0,1,1,0,0,1,1,0,1,0,0,1,1,0,0,0,1,1,0,1,0,0,0,0,1,1,0,0
restart_aligned_regs_only_warmup11_cap1024_run01,885,1,1F,B19669B0866DD50E,0,1,1,1,0,0,0,0,1,0,1,0,1,0,1,1,1,0,1,1,0,1,1,0,0,1,1,0,0,0,0,1,0,0,0,0,1,1,0,1,1,0,0,1,0,1,1,0,0,1,1,0,1,0,0,1,1,0,0,0,1,1,0,1,1,1,1,1,1,0,0,0
restart_aligned_regs_only_warmup11_cap1024_run01,886,0,3F,B1966BB0866DD50E,0,1,1,1,0,0,0,0,1,0,1,0,1,0,1,1,1,0,1,1,0,1,1,0,0,1,1,0,0,0,0,1,0,0,0,0,1,1,0,1,1,1,0,1,0,1,1,0,0,1,1,0,1,0,0,1,1,0,0,0,1,1,0,1,1,1,1,1,1,1,0,0
restart_aligned_regs_only_warmup11_cap1024_run01,887,1,34,B1966BB0966DF51E,0,1,1,1,1,0,0,0,1,0,1,0,1,1,1,1,1,0,1,1,0,1,1,0,0,1,1,0,1,0,0,1,0,0,0,0,1,1,0,1,1,1,0,1,0,1,1,0,0,1,1,0,1,0,0,1,1,0,0,0,1,1,0,1,0,0,1,0,1,1,0,0
restart_aligned_regs_only_warmup11_cap1024_run01,888,1,34,B1966BB0966DF51E,0,1,1,1,1,0,0,0,1,0,1,0,1,1,1,1,1,0,1,1,0,1,1,0,0,1,1,0,1,0,0,1,0,0,0,0,1,1,0,1,1,1,0,1,0,1,1,0,0,1,1,0,1,0,0,1,1,0,0,0,1,1,0,1,0,0,1,0,1,1,0,0
restart_aligned_regs_only_warmup11_cap1024_run01,889,0,7D,B19E6BB0866DF50E,0,1,1,1,0,0,0,0,1,0,1,0,1,1,1,1,1,0,1,1,0,1,1,0,0,1,1,0,0,0,0,1,0,0,0,0,1,1,0,1,1,1,0,1,0,1,1,0,0,1,1,1,1,0,0,1,1,0,0,0,1,1,0,1,1,0,1,1,1,1,1,0
restart_aligned_regs_only_warmup11_cap1024_run01,890,1,15,B1966FB0066DF50E,0,1,1,1,0,0,0,0,1,0,1,0,1,1,1,1,1,0,1,1,0,1,1,0,0,1,1,0,0,0,0,0,0,0,0,0,1,1,0,1,1,1,1,1,0,1,1,0,0,1,1,0,1,0,0,1,1,0,0,0,1,1,0,1,1,0,1,0,1,0,0,0
restart_aligned_regs_only_warmup11_cap1024_run01,891,0,1D,B1966FB0866DF50E,0,1,1,1,0,0,0,0,1,0,1,0,1,1,1,1,1,0,1,1,0,1,1,0,0,1,1,0,0,0,0,1,0,0,0,0,1,1,0,1,1,1,1,1,0,1,1,0,0,1,1,0,1,0,0,1,1,0,0,0,1,1,0,1,1,0,1,1,1,0,0,0
restart_aligned_regs_only_warmup11_cap1024_run01,892,0,3F,B1966BB0866DD50E,0,1,1,1,0,0,0,0,1,0,1,0,1,0,1,1,1,0,1,1,0,1,1,0,0,1,1,0,0,0,0,1,0,0,0,0,1,1,0,1,1,1,0,1,0,1,1,0,0,1,1,0,1,0,0,1,1,0,0,0,1,1,0,1,1,1,1,1,1,1,0,0
restart_aligned_regs_only_warmup11_cap1024_run01,893,0,5F,B19E69B0866DD50E,0,1,1,1,0,0,0,0,1,0,1,0,1,0,1,1,1,0,1,1,0,1,1,0,0,1,1,0,0,0,0,1,0,0,0,0,1,1,0,1,1,0,0,1,0,1,1,0,0,1,1,1,1,0,0,1,1,0,0,0,1,1,0,1,1,1,1,1,1,0,1,0
restart_aligned_regs_only_warmup11_cap1024_run01,894,1,15,B1966FB0966DF59E,0,1,1,1,1,0,0,1,1,0,1,0,1,1,1,1,1,0,1,1,0,1,1,0,0,1,1,0,1,0,0,1,0,0,0,0,1,1,0,1,1,1,1,1,0,1,1,0,0,1,1,0,1,0,0,1,1,0,0,0,1,1,0,1,1,0,1,0,1,0,0,0
restart_aligned_regs_only_warmup11_cap1024_run01,895,0,7D,B19E6BB0866DF50E,0,1,1,1,0,0,0,0,1,0,1,0,1,1,1,1,1,0,1,1,0,1,1,0,0,1,1,0,0,0,0,1,0,0,0,0,1,1,0,1,1,1,0,1,0,1,1,0,0,1,1,1,1,0,0,1,1,0,0,0,1,1,0,1,1,0,1,1,1,1,1,0
restart_aligned_regs_only_warmup11_cap1024_run01,896,0,7D,B19E6BB0866DF50E,0,1,1,1,0,0,0,0,1,0,1,0,1,1,1,1,1,0,1,1,0,1,1,0,0,1,1,0,0,0,0,1,0,0,0,0,1,1,0,1,1,1,0,1,0,1,1,0,0,1,1,1,1,0,0,1,1,0,0,0,1,1,0,1,1,0,1,1,1,1,1,0
restart_aligned_regs_only_warmup11_cap1024_run01,897,0,55,B19E6FB0966DF50E,0,1,1,1,0,0,0,0,1,0,1,0,1,1,1,1,1,0,1,1,0,1,1,0,0,1,1,0,1,0,0,1,0,0,0,0,1,1,0,1,1,1,1,1,0,1,1,0,0,1,1,1,1,0,0,1,1,0,0,0,1,1,0,1,1,0,1,0,1,0,1,0
restart_aligned_regs_only_warmup11_cap1024_run01,898,0,5F,B19E6FB0866DD50E,0,1,1,1,0,0,0,0,1,0,1,0,1,0,1,1,1,0,1,1,0,1,1,0,0,1,1,0,0,0,0,1,0,0,0,0,1,1,0,1,1,1,1,1,0,1,1,0,0,1,1,1,1,0,0,1,1,0,0,0,1,1,0,1,1,1,1,1,1,0,1,0
restart_aligned_regs_only_warmup11_cap1024_run01,899,0,17,B1967DB0066DD50E,0,1,1,1,0,0,0,0,1,0,1,0,1,0,1,1,1,0,1,1,0,1,1,0,0,1,1,0,0,0,0,0,0,0,0,0,1,1,0,1,1,0,1,1,1,1,1,0,0,1,1,0,1,0,0,1,1,0,0,0,1,1,0,1,1,1,1,0,1,0,0,0
restart_aligned_regs_only_warmup11_cap1024_run01,900,0,5F,B19E69B0866DD50E,0,1,1,1,0,0,0,0,1,0,1,0,1,0,1,1,1,0,1,1,0,1,1,0,0,1,1,0,0,0,0,1,0,0,0,0,1,1,0,1,1,0,0,1,0,1,1,0,0,1,1,1,1,0,0,1,1,0,0,0,1,1,0,1,1,1,1,1,1,0,1,0
restart_aligned_regs_only_warmup11_cap1024_run01,901,1,BF,91966BB0866DD50E,0,1,1,1,0,0,0,0,1,0,1,0,1,0,1,1,1,0,1,1,0,1,1,0,0,1,1,0,0,0,0,1,0,0,0,0,1,1,0,1,1,1,0,1,0,1,1,0,0,1,1,0,1,0,0,1,1,0,0,0,1,0,0,1,1,1,1,1,1,1,0,1
restart_aligned_regs_only_warmup11_cap1024_run01,902,0,DD,919E6FB0866DD10E,0,1,1,1,0,0,0,0,1,0,0,0,1,0,1,1,1,0,1,1,0,1,1,0,0,1,1,0,0,0,0,1,0,0,0,0,1,1,0,1,1,1,1,1,0,1,1,0,0,1,1,1,1,0,0,1,1,0,0,0,1,0,0,1,1,0,1,1,1,0,1,1
restart_aligned_regs_only_warmup11_cap1024_run01,903,1,15,B19669B0966DF50E,0,1,1,1,0,0,0,0,1,0,1,0,1,1,1,1,1,0,1,1,0,1,1,0,0,1,1,0,1,0,0,1,0,0,0,0,1,1,0,1,1,0,0,1,0,1,1,0,0,1,1,0,1,0,0,1,1,0,0,0,1,1,0,1,1,0,1,0,1,0,0,0
restart_aligned_regs_only_warmup11_cap1024_run01,904,0,17,B1966FB0966DD50E,0,1,1,1,0,0,0,0,1,0,1,0,1,0,1,1,1,0,1,1,0,1,1,0,0,1,1,0,1,0,0,1,0,0,0,0,1,1,0,1,1,1,1,1,0,1,1,0,0,1,1,0,1,0,0,1,1,0,0,0,1,1,0,1,1,1,1,0,1,0,0,0
restart_aligned_regs_only_warmup11_cap1024_run01,905,1,3D,B1966DB0866DF50E,0,1,1,1,0,0,0,0,1,0,1,0,1,1,1,1,1,0,1,1,0,1,1,0,0,1,1,0,0,0,0,1,0,0,0,0,1,1,0,1,1,0,1,1,0,1,1,0,0,1,1,0,1,0,0,1,1,0,0,0,1,1,0,1,1,0,1,1,1,1,0,0
restart_aligned_regs_only_warmup11_cap1024_run01,906,0,74,B19E6BB0966DF51E,0,1,1,1,1,0,0,0,1,0,1,0,1,1,1,1,1,0,1,1,0,1,1,0,0,1,1,0,1,0,0,1,0,0,0,0,1,1,0,1,1,1,0,1,0,1,1,0,0,1,1,1,1,0,0,1,1,0,0,0,1,1,0,1,0,0,1,0,1,1,1,0
restart_aligned_regs_only_warmup11_cap1024_run01,907,1,5D,B19E69B0866DF50E,0,1,1,1,0,0,0,0,1,0,1,0,1,1,1,1,1,0,1,1,0,1,1,0,0,1,1,0,0,0,0,1,0,0,0,0,1,1,0,1,1,0,0,1,0,1,1,0,0,1,1,1,1,0,0,1,1,0,0,0,1,1,0,1,1,0,1,1,1,0,1,0
restart_aligned_regs_only_warmup11_cap1024_run01,908,1,7F,B19E6BB0866DD50E,0,1,1,1,0,0,0,0,1,0,1,0,1,0,1,1,1,0,1,1,0,1,1,0,0,1,1,0,0,0,0,1,0,0,0,0,1,1,0,1,1,1,0,1,0,1,1,0,0,1,1,1,1,0,0,1,1,0,0,0,1,1,0,1,1,1,1,1,1,1,1,0
restart_aligned_regs_only_warmup11_cap1024_run01,909,0,1D,B19669B0866DF50E,0,1,1,1,0,0,0,0,1,0,1,0,1,1,1,1,1,0,1,1,0,1,1,0,0,1,1,0,0,0,0,1,0,0,0,0,1,1,0,1,1,0,0,1,0,1,1,0,0,1,1,0,1,0,0,1,1,0,0,0,1,1,0,1,1,0,1,1,1,0,0,0
restart_aligned_regs_only_warmup11_cap1024_run01,910,0,30,B1964FB0966FF51E,0,1,1,1,1,0,0,0,1,0,1,0,1,1,1,1,1,1,1,1,0,1,1,0,0,1,1,0,1,0,0,1,0,0,0,0,1,1,0,1,1,1,1,1,0,0,1,0,0,1,1,0,1,0,0,1,1,0,0,0,1,1,0,1,0,0,0,0,1,1,0,0
restart_aligned_regs_only_warmup11_cap1024_run01,911,0,74,B19E4FB0966DF51E,0,1,1,1,1,0,0,0,1,0,1,0,1,1,1,1,1,0,1,1,0,1,1,0,0,1,1,0,1,0,0,1,0,0,0,0,1,1,0,1,1,1,1,1,0,0,1,0,0,1,1,1,1,0,0,1,1,0,0,0,1,1,0,1,0,0,1,0,1,1,1,0
restart_aligned_regs_only_warmup11_cap1024_run01,912,1,5D,B19E6FB0866DF50E,0,1,1,1,0,0,0,0,1,0,1,0,1,1,1,1,1,0,1,1,0,1,1,0,0,1,1,0,0,0,0,1,0,0,0,0,1,1,0,1,1,1,1,1,0,1,1,0,0,1,1,1,1,0,0,1,1,0,0,0,1,1,0,1,1,0,1,1,1,0,1,0
restart_aligned_regs_only_warmup11_cap1024_run01,913,0,7D,B19E6BB0866DF50E,0,1,1,1,0,0,0,0,1,0,1,0,1,1,1,1,1,0,1,1,0,1,1,0,0,1,1,0,0,0,0,1,0,0,0,0,1,1,0,1,1,1,0,1,0,1,1,0,0,1,1,1,1,0,0,1,1,0,0,0,1,1,0,1,1,0,1,1,1,1,1,0
restart_aligned_regs_only_warmup11_cap1024_run01,914,1,79,B19E6BB08669F50E,0,1,1,1,0,0,0,0,1,0,1,0,1,1,1,1,1,0,0,1,0,1,1,0,0,1,1,0,0,0,0,1,0,0,0,0,1,1,0,1,1,1,0,1,0,1,1,0,0,1,1,1,1,0,0,1,1,0,0,0,1,1,0,1,1,0,0,1,1,1,1,0
restart_aligned_regs_only_warmup11_cap1024_run01,915,1,15,B1964DB0966DF50E,0,1,1,1,0,0,0,0,1,0,1,0,1,1,1,1,1,0,1,1,0,1,1,0,0,1,1,0,1,0,0,1,0,0,0,0,1,1,0,1,1,0,1,1,0,0,1,0,0,1,1,0,1,0,0,1,1,0,0,0,1,1,0,1,1,0,1,0,1,0,0,0
restart_aligned_regs_only_warmup11_cap1024_run01,916,0,7D,B19E6DB0866DF50E,0,1,1,1,0,0,0,0,1,0,1,0,1,1,1,1,1,0,1,1,0,1,1,0,0,1,1,0,0,0,0,1,0,0,0,0,1,1,0,1,1,0,1,1,0,1,1,0,0,1,1,1,1,0,0,1,1,0,0,0,1,1,0,1,1,0,1,1,1,1,1,0
restart_aligned_regs_only_warmup11_cap1024_run01,917,0,7D,B19E6DB0866DF50E,0,1,1,1,0,0,0,0,1,0,1,0,1,1,1,1,1,0,1,1,0,1,1,0,0,1,1,0,0,0,0,1,0,0,0,0,1,1,0,1,1,0,1,1,0,1,1,0,0,1,1,1,1,0,0,1,1,0,0,0,1,1,0,1,1,0,1,1,1,1,1,0
restart_aligned_regs_only_warmup11_cap1024_run01,918,0,FF,919E6DB0866DD50E,0,1,1,1,0,0,0,0,1,0,1,0,1,0,1,1,1,0,1,1,0,1,1,0,0,1,1,0,0,0,0,1,0,0,0,0,1,1,0,1,1,0,1,1,0,1,1,0,0,1,1,1,1,0,0,1,1,0,0,0,1,0,0,1,1,1,1,1,1,1,1,1
restart_aligned_regs_only_warmup11_cap1024_run01,919,0,5F,B19E69B0866DD50E,0,1,1,1,0,0,0,0,1,0,1,0,1,0,1,1,1,0,1,1,0,1,1,0,0,1,1,0,0,0,0,1,0,0,0,0,1,1,0,1,1,0,0,1,0,1,1,0,0,1,1,1,1,0,0,1,1,0,0,0,1,1,0,1,1,1,1,1,1,0,1,0
restart_aligned_regs_only_warmup11_cap1024_run01,920,1,75,B19E6DB0966DF50E,0,1,1,1,0,0,0,0,1,0,1,0,1,1,1,1,1,0,1,1,0,1,1,0,0,1,1,0,1,0,0,1,0,0,0,0,1,1,0,1,1,0,1,1,0,1,1,0,0,1,1,1,1,0,0,1,1,0,0,0,1,1,0,1,1,0,1,0,1,1,1,0
restart_aligned_regs_only_warmup11_cap1024_run01,921,1,3D,B1966DB0866DF50E,0,1,1,1,0,0,0,0,1,0,1,0,1,1,1,1,1,0,1,1,0,1,1,0,0,1,1,0,0,0,0,1,0,0,0,0,1,1,0,1,1,0,1,1,0,1,1,0,0,1,1,0,1,0,0,1,1,0,0,0,1,1,0,1,1,0,1,1,1,1,0,0
restart_aligned_regs_only_warmup11_cap1024_run01,922,0,9F,91966FB0866DD50E,0,1,1,1,0,0,0,0,1,0,1,0,1,0,1,1,1,0,1,1,0,1,1,0,0,1,1,0,0,0,0,1,0,0,0,0,1,1,0,1,1,1,1,1,0,1,1,0,0,1,1,0,1,0,0,1,1,0,0,0,1,0,0,1,1,1,1,1,1,0,0,1
restart_aligned_regs_only_warmup11_cap1024_run01,923,0,1D,B1966FB0866DF50E,0,1,1,1,0,0,0,0,1,0,1,0,1,1,1,1,1,0,1,1,0,1,1,0,0,1,1,0,0,0,0,1,0,0,0,0,1,1,0,1,1,1,1,1,0,1,1,0,0,1,1,0,1,0,0,1,1,0,0,0,1,1,0,1,1,0,1,1,1,0,0,0
restart_aligned_regs_only_warmup11_cap1024_run01,924,0,30,B1964FB0964DF51E,0,1,1,1,1,0,0,0,1,0,1,0,1,1,1,1,1,0,1,1,0,0,1,0,0,1,1,0,1,0,0,1,0,0,0,0,1,1,0,1,1,1,1,1,0,0,1,0,0,1,1,0,1,0,0,1,1,0,0,0,1,1,0,1,0,0,0,0,1,1,0,0
restart_aligned_regs_only_warmup11_cap1024_run01,925,0,39,B1964FB0864DF50E,0,1,1,1,0,0,0,0,1,0,1,0,1,1,1,1,1,0,1,1,0,0,1,0,0,1,1,0,0,0,0,1,0,0,0,0,1,1,0,1,1,1,1,1,0,0,1,0,0,1,1,0,1,0,0,1,1,0,0,0,1,1,0,1,1,0,0,1,1,1,0,0
restart_aligned_regs_only_warmup11_cap1024_run01,926,0,74,B19E6DB0966DF51E,0,1,1,1,1,0,0,0,1,0,1,0,1,1,1,1,1,0,1,1,0,1,1,0,0,1,1,0,1,0,0,1,0,0,0,0,1,1,0,1,1,0,1,1,0,1,1,0,0,1,1,1,1,0,0,1,1,0,0,0,1,1,0,1,0,0,1,0,1,1,1,0
restart_aligned_regs_only_warmup11_cap1024_run01,927,0,1D,B1964BB0866DF50E,0,1,1,1,0,0,0,0,1,0,1,0,1,1,1,1,1,0,1,1,0,1,1,0,0,1,1,0,0,0,0,1,0,0,0,0,1,1,0,1,1,1,0,1,0,0,1,0,0,1,1,0,1,0,0,1,1,0,0,0,1,1,0,1,1,0,1,1,1,0,0,0
restart_aligned_regs_only_warmup11_cap1024_run01,928,1,3D,B1966DB0866DF50E,0,1,1,1,0,0,0,0,1,0,1,0,1,1,1,1,1,0,1,1,0,1,1,0,0,1,1,0,0,0,0,1,0,0,0,0,1,1,0,1,1,0,1,1,0,1,1,0,0,1,1,0,1,0,0,1,1,0,0,0,1,1,0,1,1,0,1,1,1,1,0,0
restart_aligned_regs_only_warmup11_cap1024_run01,929,0,1D,B1966FB0866DF50E,0,1,1,1,0,0,0,0,1,0,1,0,1,1,1,1,1,0,1,1,0,1,1,0,0,1,1,0,0,0,0,1,0,0,0,0,1,1,0,1,1,1,1,1,0,1,1,0,0,1,1,0,1,0,0,1,1,0,0,0,1,1,0,1,1,0,1,1,1,0,0,0
restart_aligned_regs_only_warmup11_cap1024_run01,930,1,3D,B1966BB0866DF50E,0,1,1,1,0,0,0,0,1,0,1,0,1,1,1,1,1,0,1,1,0,1,1,0,0,1,1,0,0,0,0,1,0,0,0,0,1,1,0,1,1,1,0,1,0,1,1,0,0,1,1,0,1,0,0,1,1,0,0,0,1,1,0,1,1,0,1,1,1,1,0,0
restart_aligned_regs_only_warmup11_cap1024_run01,931,1,5D,B19E6FB0866DF50E,0,1,1,1,0,0,0,0,1,0,1,0,1,1,1,1,1,0,1,1,0,1,1,0,0,1,1,0,0,0,0,1,0,0,0,0,1,1,0,1,1,1,1,1,0,1,1,0,0,1,1,1,1,0,0,1,1,0,0,0,1,1,0,1,1,0,1,1,1,0,1,0
restart_aligned_regs_only_warmup11_cap1024_run01,932,0,5F,B19E6FB0866DF10E,0,1,1,1,0,0,0,0,1,0,0,0,1,1,1,1,1,0,1,1,0,1,1,0,0,1,1,0,0,0,0,1,0,0,0,0,1,1,0,1,1,1,1,1,0,1,1,0,0,1,1,1,1,0,0,1,1,0,0,0,1,1,0,1,1,1,1,1,1,0,1,0
restart_aligned_regs_only_warmup11_cap1024_run01,933,0,1D,B19669B0866DF50E,0,1,1,1,0,0,0,0,1,0,1,0,1,1,1,1,1,0,1,1,0,1,1,0,0,1,1,0,0,0,0,1,0,0,0,0,1,1,0,1,1,0,0,1,0,1,1,0,0,1,1,0,1,0,0,1,1,0,0,0,1,1,0,1,1,0,1,1,1,0,0,0
restart_aligned_regs_only_warmup11_cap1024_run01,934,0,59,B19E69B08669F50E,0,1,1,1,0,0,0,0,1,0,1,0,1,1,1,1,1,0,0,1,0,1,1,0,0,1,1,0,0,0,0,1,0,0,0,0,1,1,0,1,1,0,0,1,0,1,1,0,0,1,1,1,1,0,0,1,1,0,0,0,1,1,0,1,1,0,0,1,1,0,1,0
restart_aligned_regs_only_warmup11_cap1024_run01,935,0,3F,B1966DB0866DD50E,0,1,1,1,0,0,0,0,1,0,1,0,1,0,1,1,1,0,1,1,0,1,1,0,0,1,1,0,0,0,0,1,0,0,0,0,1,1,0,1,1,0,1,1,0,1,1,0,0,1,1,0,1,0,0,1,1,0,0,0,1,1,0,1,1,1,1,1,1,1,0,0
restart_aligned_regs_only_warmup11_cap1024_run01,936,0,36,B1964FB0966DF11E,0,1,1,1,1,0,0,0,1,0,0,0,1,1,1,1,1,0,1,1,0,1,1,0,0,1,1,0,1,0,0,1,0,0,0,0,1,1,0,1,1,1,1,1,0,0,1,0,0,1,1,0,1,0,0,1,1,0,0,0,1,1,0,1,0,1,1,0,1,1,0,0
restart_aligned_regs_only_warmup11_cap1024_run01,937,0,55,B19E69B0066DF50E,0,1,1,1,0,0,0,0,1,0,1,0,1,1,1,1,1,0,1,1,0,1,1,0,0,1,1,0,0,0,0,0,0,0,0,0,1,1,0,1,1,0,0,1,0,1,1,0,0,1,1,1,1,0,0,1,1,0,0,0,1,1,0,1,1,0,1,0,1,0,1,0
restart_aligned_regs_only_warmup11_cap1024_run01,938,0,1D,B19669B0866DF50E,0,1,1,1,0,0,0,0,1,0,1,0,1,1,1,1,1,0,1,1,0,1,1,0,0,1,1,0,0,0,0,1,0,0,0,0,1,1,0,1,1,0,0,1,0,1,1,0,0,1,1,0,1,0,0,1,1,0,0,0,1,1,0,1,1,0,1,1,1,0,0,0
restart_aligned_regs_only_warmup11_cap1024_run01,939,0,72,B1B64FB0964DF11E,0,1,1,1,1,0,0,0,1,0,0,0,1,1,1,1,1,0,1,1,0,0,1,0,0,1,1,0,1,0,0,1,0,0,0,0,1,1,0,1,1,1,1,1,0,0,1,0,0,1,1,0,1,1,0,1,1,0,0,0,1,1,0,1,0,1,0,0,1,1,1,0
restart_aligned_regs_only_warmup11_cap1024_run01,940,1,3D,B1966BB0866DF50E,0,1,1,1,0,0,0,0,1,0,1,0,1,1,1,1,1,0,1,1,0,1,1,0,0,1,1,0,0,0,0,1,0,0,0,0,1,1,0,1,1,1,0,1,0,1,1,0,0,1,1,0,1,0,0,1,1,0,0,0,1,1,0,1,1,0,1,1,1,1,0,0
restart_aligned_regs_only_warmup11_cap1024_run01,941,1,1F,B1967DB0866DD50E,0,1,1,1,0,0,0,0,1,0,1,0,1,0,1,1,1,0,1,1,0,1,1,0,0,1,1,0,0,0,0,1,0,0,0,0,1,1,0,1,1,0,1,1,1,1,1,0,0,1,1,0,1,0,0,1,1,0,0,0,1,1,0,1,1,1,1,1,1,0,0,0
restart_aligned_regs_only_warmup11_cap1024_run01,942,0,14,B1966FB0966DF51E,0,1,1,1,1,0,0,0,1,0,1,0,1,1,1,1,1,0,1,1,0,1,1,0,0,1,1,0,1,0,0,1,0,0,0,0,1,1,0,1,1,1,1,1,0,1,1,0,0,1,1,0,1,0,0,1,1,0,0,0,1,1,0,1,0,0,1,0,1,0,0,0
restart_aligned_regs_only_warmup11_cap1024_run01,943,1,1F,B19669B0866DD50E,0,1,1,1,0,0,0,0,1,0,1,0,1,0,1,1,1,0,1,1,0,1,1,0,0,1,1,0,0,0,0,1,0,0,0,0,1,1,0,1,1,0,0,1,0,1,1,0,0,1,1,0,1,0,0,1,1,0,0,0,1,1,0,1,1,1,1,1,1,0,0,0
restart_aligned_regs_only_warmup11_cap1024_run01,944,1,5D,B19E6FB0866DF50E,0,1,1,1,0,0,0,0,1,0,1,0,1,1,1,1,1,0,1,1,0,1,1,0,0,1,1,0,0,0,0,1,0,0,0,0,1,1,0,1,1,1,1,1,0,1,1,0,0,1,1,1,1,0,0,1,1,0,0,0,1,1,0,1,1,0,1,1,1,0,1,0
restart_aligned_regs_only_warmup11_cap1024_run01,945,1,34,B1966BB0966DF51E,0,1,1,1,1,0,0,0,1,0,1,0,1,1,1,1,1,0,1,1,0,1,1,0,0,1,1,0,1,0,0,1,0,0,0,0,1,1,0,1,1,1,0,1,0,1,1,0,0,1,1,0,1,0,0,1,1,0,0,0,1,1,0,1,0,0,1,0,1,1,0,0
restart_aligned_regs_only_warmup11_cap1024_run01,946,0,74,B19E6DB0966DF51E,0,1,1,1,1,0,0,0,1,0,1,0,1,1,1,1,1,0,1,1,0,1,1,0,0,1,1,0,1,0,0,1,0,0,0,0,1,1,0,1,1,0,1,1,0,1,1,0,0,1,1,1,1,0,0,1,1,0,0,0,1,1,0,1,0,0,1,0,1,1,1,0
restart_aligned_regs_only_warmup11_cap1024_run01,947,0,FF,919E6BB0866DD50E,0,1,1,1,0,0,0,0,1,0,1,0,1,0,1,1,1,0,1,1,0,1,1,0,0,1,1,0,0,0,0,1,0,0,0,0,1,1,0,1,1,1,0,1,0,1,1,0,0,1,1,1,1,0,0,1,1,0,0,0,1,0,0,1,1,1,1,1,1,1,1,1
restart_aligned_regs_only_warmup11_cap1024_run01,948,1,54,B19E6FB0966DF51E,0,1,1,1,1,0,0,0,1,0,1,0,1,1,1,1,1,0,1,1,0,1,1,0,0,1,1,0,1,0,0,1,0,0,0,0,1,1,0,1,1,1,1,1,0,1,1,0,0,1,1,1,1,0,0,1,1,0,0,0,1,1,0,1,0,0,1,0,1,0,1,0
restart_aligned_regs_only_warmup11_cap1024_run01,949,0,1D,B19669B0866DF50E,0,1,1,1,0,0,0,0,1,0,1,0,1,1,1,1,1,0,1,1,0,1,1,0,0,1,1,0,0,0,0,1,0,0,0,0,1,1,0,1,1,0,0,1,0,1,1,0,0,1,1,0,1,0,0,1,1,0,0,0,1,1,0,1,1,0,1,1,1,0,0,0
restart_aligned_regs_only_warmup11_cap1024_run01,950,0,7D,B19E6BB0866DF50E,0,1,1,1,0,0,0,0,1,0,1,0,1,1,1,1,1,0,1,1,0,1,1,0,0,1,1,0,0,0,0,1,0,0,0,0,1,1,0,1,1,1,0,1,0,1,1,0,0,1,1,1,1,0,0,1,1,0,0,0,1,1,0,1,1,0,1,1,1,1,1,0
restart_aligned_regs_only_warmup11_cap1024_run01,951,0,55,B19E69B0966DF50E,0,1,1,1,0,0,0,0,1,0,1,0,1,1,1,1,1,0,1,1,0,1,1,0,0,1,1,0,1,0,0,1,0,0,0,0,1,1,0,1,1,0,0,1,0,1,1,0,0,1,1,1,1,0,0,1,1,0,0,0,1,1,0,1,1,0,1,0,1,0,1,0
restart_aligned_regs_only_warmup11_cap1024_run01,952,1,54,B19E6FB0966DF51E,0,1,1,1,1,0,0,0,1,0,1,0,1,1,1,1,1,0,1,1,0,1,1,0,0,1,1,0,1,0,0,1,0,0,0,0,1,1,0,1,1,1,1,1,0,1,1,0,0,1,1,1,1,0,0,1,1,0,0,0,1,1,0,1,0,0,1,0,1,0,1,0
restart_aligned_regs_only_warmup11_cap1024_run01,953,0,35,B1966DB0966DF50E,0,1,1,1,0,0,0,0,1,0,1,0,1,1,1,1,1,0,1,1,0,1,1,0,0,1,1,0,1,0,0,1,0,0,0,0,1,1,0,1,1,0,1,1,0,1,1,0,0,1,1,0,1,0,0,1,1,0,0,0,1,1,0,1,1,0,1,0,1,1,0,0
restart_aligned_regs_only_warmup11_cap1024_run01,954,0,74,B19E6DB0966DF51E,0,1,1,1,1,0,0,0,1,0,1,0,1,1,1,1,1,0,1,1,0,1,1,0,0,1,1,0,1,0,0,1,0,0,0,0,1,1,0,1,1,0,1,1,0,1,1,0,0,1,1,1,1,0,0,1,1,0,0,0,1,1,0,1,0,0,1,0,1,1,1,0
restart_aligned_regs_only_warmup11_cap1024_run01,955,1,DF,919E69B0866DD50E,0,1,1,1,0,0,0,0,1,0,1,0,1,0,1,1,1,0,1,1,0,1,1,0,0,1,1,0,0,0,0,1,0,0,0,0,1,1,0,1,1,0,0,1,0,1,1,0,0,1,1,1,1,0,0,1,1,0,0,0,1,0,0,1,1,1,1,1,1,0,1,1
restart_aligned_regs_only_warmup11_cap1024_run01,956,1,7F,B19E6DB0866DD50E,0,1,1,1,0,0,0,0,1,0,1,0,1,0,1,1,1,0,1,1,0,1,1,0,0,1,1,0,0,0,0,1,0,0,0,0,1,1,0,1,1,0,1,1,0,1,1,0,0,1,1,1,1,0,0,1,1,0,0,0,1,1,0,1,1,1,1,1,1,1,1,0
restart_aligned_regs_only_warmup11_cap1024_run01,957,1,75,B19E6BB0966DF50E,0,1,1,1,0,0,0,0,1,0,1,0,1,1,1,1,1,0,1,1,0,1,1,0,0,1,1,0,1,0,0,1,0,0,0,0,1,1,0,1,1,1,0,1,0,1,1,0,0,1,1,1,1,0,0,1,1,0,0,0,1,1,0,1,1,0,1,0,1,1,1,0
restart_aligned_regs_only_warmup11_cap1024_run01,958,0,1D,B1964BB0866DF50E,0,1,1,1,0,0,0,0,1,0,1,0,1,1,1,1,1,0,1,1,0,1,1,0,0,1,1,0,0,0,0,1,0,0,0,0,1,1,0,1,1,1,0,1,0,0,1,0,0,1,1,0,1,0,0,1,1,0,0,0,1,1,0,1,1,0,1,1,1,0,0,0
restart_aligned_regs_only_warmup11_cap1024_run01,959,1,7F,B19E6DB0866DD50E,0,1,1,1,0,0,0,0,1,0,1,0,1,0,1,1,1,0,1,1,0,1,1,0,0,1,1,0,0,0,0,1,0,0,0,0,1,1,0,1,1,0,1,1,0,1,1,0,0,1,1,1,1,0,0,1,1,0,0,0,1,1,0,1,1,1,1,1,1,1,1,0
restart_aligned_regs_only_warmup11_cap1024_run01,960,0,17,B19669B0966DD50E,0,1,1,1,0,0,0,0,1,0,1,0,1,0,1,1,1,0,1,1,0,1,1,0,0,1,1,0,1,0,0,1,0,0,0,0,1,1,0,1,1,0,0,1,0,1,1,0,0,1,1,0,1,0,0,1,1,0,0,0,1,1,0,1,1,1,1,0,1,0,0,0
restart_aligned_regs_only_warmup11_cap1024_run01,961,0,7D,B19E6DB0866DF50E,0,1,1,1,0,0,0,0,1,0,1,0,1,1,1,1,1,0,1,1,0,1,1,0,0,1,1,0,0,0,0,1,0,0,0,0,1,1,0,1,1,0,1,1,0,1,1,0,0,1,1,1,1,0,0,1,1,0,0,0,1,1,0,1,1,0,1,1,1,1,1,0
restart_aligned_regs_only_warmup11_cap1024_run01,962,1,5D,B19E4DB0866DF50E,0,1,1,1,0,0,0,0,1,0,1,0,1,1,1,1,1,0,1,1,0,1,1,0,0,1,1,0,0,0,0,1,0,0,0,0,1,1,0,1,1,0,1,1,0,0,1,0,0,1,1,1,1,0,0,1,1,0,0,0,1,1,0,1,1,0,1,1,1,0,1,0
restart_aligned_regs_only_warmup11_cap1024_run01,963,1,10,B1964DB0964DF51E,0,1,1,1,1,0,0,0,1,0,1,0,1,1,1,1,1,0,1,1,0,0,1,0,0,1,1,0,1,0,0,1,0,0,0,0,1,1,0,1,1,0,1,1,0,0,1,0,0,1,1,0,1,0,0,1,1,0,0,0,1,1,0,1,0,0,0,0,1,0,0,0
restart_aligned_regs_only_warmup11_cap1024_run01,964,0,FF,919E6DB0866DD50E,0,1,1,1,0,0,0,0,1,0,1,0,1,0,1,1,1,0,1,1,0,1,1,0,0,1,1,0,0,0,0,1,0,0,0,0,1,1,0,1,1,0,1,1,0,1,1,0,0,1,1,1,1,0,0,1,1,0,0,0,1,0,0,1,1,1,1,1,1,1,1,1
restart_aligned_regs_only_warmup11_cap1024_run01,965,1,7F,B19E6DB0866DF10E,0,1,1,1,0,0,0,0,1,0,0,0,1,1,1,1,1,0,1,1,0,1,1,0,0,1,1,0,0,0,0,1,0,0,0,0,1,1,0,1,1,0,1,1,0,1,1,0,0,1,1,1,1,0,0,1,1,0,0,0,1,1,0,1,1,1,1,1,1,1,1,0
restart_aligned_regs_only_warmup11_cap1024_run01,966,0,55,B19E69B0066DF50E,0,1,1,1,0,0,0,0,1,0,1,0,1,1,1,1,1,0,1,1,0,1,1,0,0,1,1,0,0,0,0,0,0,0,0,0,1,1,0,1,1,0,0,1,0,1,1,0,0,1,1,1,1,0,0,1,1,0,0,0,1,1,0,1,1,0,1,0,1,0,1,0
restart_aligned_regs_only_warmup11_cap1024_run01,967,1,5D,B19E69B0866DF50E,0,1,1,1,0,0,0,0,1,0,1,0,1,1,1,1,1,0,1,1,0,1,1,0,0,1,1,0,0,0,0,1,0,0,0,0,1,1,0,1,1,0,0,1,0,1,1,0,0,1,1,1,1,0,0,1,1,0,0,0,1,1,0,1,1,0,1,1,1,0,1,0
restart_aligned_regs_only_warmup11_cap1024_run01,968,1,5D,B19E69B0866DF50E,0,1,1,1,0,0,0,0,1,0,1,0,1,1,1,1,1,0,1,1,0,1,1,0,0,1,1,0,0,0,0,1,0,0,0,0,1,1,0,1,1,0,0,1,0,1,1,0,0,1,1,1,1,0,0,1,1,0,0,0,1,1,0,1,1,0,1,1,1,0,1,0
restart_aligned_regs_only_warmup11_cap1024_run01,969,1,5D,B19E6FB0166DF50E,0,1,1,1,0,0,0,0,1,0,1,0,1,1,1,1,1,0,1,1,0,1,1,0,0,1,1,0,1,0,0,0,0,0,0,0,1,1,0,1,1,1,1,1,0,1,1,0,0,1,1,1,1,0,0,1,1,0,0,0,1,1,0,1,1,0,1,1,1,0,1,0
restart_aligned_regs_only_warmup11_cap1024_run01,970,0,55,B19E69B08E6DF50E,0,1,1,1,0,0,0,0,1,0,1,0,1,1,1,1,1,0,1,1,0,1,1,0,0,1,1,1,0,0,0,1,0,0,0,0,1,1,0,1,1,0,0,1,0,1,1,0,0,1,1,1,1,0,0,1,1,0,0,0,1,1,0,1,1,0,1,0,1,0,1,0
restart_aligned_regs_only_warmup11_cap1024_run01,971,0,74,B19E6BB0966DF51E,0,1,1,1,1,0,0,0,1,0,1,0,1,1,1,1,1,0,1,1,0,1,1,0,0,1,1,0,1,0,0,1,0,0,0,0,1,1,0,1,1,1,0,1,0,1,1,0,0,1,1,1,1,0,0,1,1,0,0,0,1,1,0,1,0,0,1,0,1,1,1,0
restart_aligned_regs_only_warmup11_cap1024_run01,972,1,5D,B19E69B0866DF50E,0,1,1,1,0,0,0,0,1,0,1,0,1,1,1,1,1,0,1,1,0,1,1,0,0,1,1,0,0,0,0,1,0,0,0,0,1,1,0,1,1,0,0,1,0,1,1,0,0,1,1,1,1,0,0,1,1,0,0,0,1,1,0,1,1,0,1,1,1,0,1,0
restart_aligned_regs_only_warmup11_cap1024_run01,973,0,59,B19E69B01669F50E,0,1,1,1,0,0,0,0,1,0,1,0,1,1,1,1,1,0,0,1,0,1,1,0,0,1,1,0,1,0,0,0,0,0,0,0,1,1,0,1,1,0,0,1,0,1,1,0,0,1,1,1,1,0,0,1,1,0,0,0,1,1,0,1,1,0,0,1,1,0,1,0
restart_aligned_regs_only_warmup11_cap1024_run01,974,0,1D,B19669B0866DF50E,0,1,1,1,0,0,0,0,1,0,1,0,1,1,1,1,1,0,1,1,0,1,1,0,0,1,1,0,0,0,0,1,0,0,0,0,1,1,0,1,1,0,0,1,0,1,1,0,0,1,1,0,1,0,0,1,1,0,0,0,1,1,0,1,1,0,1,1,1,0,0,0
restart_aligned_regs_only_warmup11_cap1024_run01,975,1,54,B19E6FB0966DF51E,0,1,1,1,1,0,0,0,1,0,1,0,1,1,1,1,1,0,1,1,0,1,1,0,0,1,1,0,1,0,0,1,0,0,0,0,1,1,0,1,1,1,1,1,0,1,1,0,0,1,1,1,1,0,0,1,1,0,0,0,1,1,0,1,0,0,1,0,1,0,1,0
restart_aligned_regs_only_warmup11_cap1024_run01,976,1,31,B1966BB00669F50E,0,1,1,1,0,0,0,0,1,0,1,0,1,1,1,1,1,0,0,1,0,1,1,0,0,1,1,0,0,0,0,0,0,0,0,0,1,1,0,1,1,1,0,1,0,1,1,0,0,1,1,0,1,0,0,1,1,0,0,0,1,1,0,1,1,0,0,0,1,1,0,0
restart_aligned_regs_only_warmup11_cap1024_run01,977,0,14,B1966FB0966DF51E,0,1,1,1,1,0,0,0,1,0,1,0,1,1,1,1,1,0,1,1,0,1,1,0,0,1,1,0,1,0,0,1,0,0,0,0,1,1,0,1,1,1,1,1,0,1,1,0,0,1,1,0,1,0,0,1,1,0,0,0,1,1,0,1,0,0,1,0,1,0,0,0
restart_aligned_regs_only_warmup11_cap1024_run01,978,1,3D,B1966DB0866DF50E,0,1,1,1,0,0,0,0,1,0,1,0,1,1,1,1,1,0,1,1,0,1,1,0,0,1,1,0,0,0,0,1,0,0,0,0,1,1,0,1,1,0,1,1,0,1,1,0,0,1,1,0,1,0,0,1,1,0,0,0,1,1,0,1,1,0,1,1,1,1,0,0
restart_aligned_regs_only_warmup11_cap1024_run01,979,0,56,B19E69B0966DD51E,0,1,1,1,1,0,0,0,1,0,1,0,1,0,1,1,1,0,1,1,0,1,1,0,0,1,1,0,1,0,0,1,0,0,0,0,1,1,0,1,1,0,0,1,0,1,1,0,0,1,1,1,1,0,0,1,1,0,0,0,1,1,0,1,0,1,1,0,1,0,1,0
restart_aligned_regs_only_warmup11_cap1024_run01,980,0,1D,B19669B0866DF50E,0,1,1,1,0,0,0,0,1,0,1,0,1,1,1,1,1,0,1,1,0,1,1,0,0,1,1,0,0,0,0,1,0,0,0,0,1,1,0,1,1,0,0,1,0,1,1,0,0,1,1,0,1,0,0,1,1,0,0,0,1,1,0,1,1,0,1,1,1,0,0,0
restart_aligned_regs_only_warmup11_cap1024_run01,981,1,3D,B1966BB0866DF50E,0,1,1,1,0,0,0,0,1,0,1,0,1,1,1,1,1,0,1,1,0,1,1,0,0,1,1,0,0,0,0,1,0,0,0,0,1,1,0,1,1,1,0,1,0,1,1,0,0,1,1,0,1,0,0,1,1,0,0,0,1,1,0,1,1,0,1,1,1,1,0,0
restart_aligned_regs_only_warmup11_cap1024_run01,982,0,7D,B19E6DB0866DF50E,0,1,1,1,0,0,0,0,1,0,1,0,1,1,1,1,1,0,1,1,0,1,1,0,0,1,1,0,0,0,0,1,0,0,0,0,1,1,0,1,1,0,1,1,0,1,1,0,0,1,1,1,1,0,0,1,1,0,0,0,1,1,0,1,1,0,1,1,1,1,1,0
restart_aligned_regs_only_warmup11_cap1024_run01,983,1,34,B1964FB0966DF51E,0,1,1,1,1,0,0,0,1,0,1,0,1,1,1,1,1,0,1,1,0,1,1,0,0,1,1,0,1,0,0,1,0,0,0,0,1,1,0,1,1,1,1,1,0,0,1,0,0,1,1,0,1,0,0,1,1,0,0,0,1,1,0,1,0,0,1,0,1,1,0,0
restart_aligned_regs_only_warmup11_cap1024_run01,984,0,74,B19E6BB0966DF51E,0,1,1,1,1,0,0,0,1,0,1,0,1,1,1,1,1,0,1,1,0,1,1,0,0,1,1,0,1,0,0,1,0,0,0,0,1,1,0,1,1,1,0,1,0,1,1,0,0,1,1,1,1,0,0,1,1,0,0,0,1,1,0,1,0,0,1,0,1,1,1,0
restart_aligned_regs_only_warmup11_cap1024_run01,985,1,5D,B19E69B0866DF50E,0,1,1,1,0,0,0,0,1,0,1,0,1,1,1,1,1,0,1,1,0,1,1,0,0,1,1,0,0,0,0,1,0,0,0,0,1,1,0,1,1,0,0,1,0,1,1,0,0,1,1,1,1,0,0,1,1,0,0,0,1,1,0,1,1,0,1,1,1,0,1,0
restart_aligned_regs_only_warmup11_cap1024_run01,986,1,5D,B19E69B0866DF50E,0,1,1,1,0,0,0,0,1,0,1,0,1,1,1,1,1,0,1,1,0,1,1,0,0,1,1,0,0,0,0,1,0,0,0,0,1,1,0,1,1,0,0,1,0,1,1,0,0,1,1,1,1,0,0,1,1,0,0,0,1,1,0,1,1,0,1,1,1,0,1,0
restart_aligned_regs_only_warmup11_cap1024_run01,987,0,55,B19E6FB0966DF50E,0,1,1,1,0,0,0,0,1,0,1,0,1,1,1,1,1,0,1,1,0,1,1,0,0,1,1,0,1,0,0,1,0,0,0,0,1,1,0,1,1,1,1,1,0,1,1,0,0,1,1,1,1,0,0,1,1,0,0,0,1,1,0,1,1,0,1,0,1,0,1,0
restart_aligned_regs_only_warmup11_cap1024_run01,988,1,54,B19E6FB0966DF51E,0,1,1,1,1,0,0,0,1,0,1,0,1,1,1,1,1,0,1,1,0,1,1,0,0,1,1,0,1,0,0,1,0,0,0,0,1,1,0,1,1,1,1,1,0,1,1,0,0,1,1,1,1,0,0,1,1,0,0,0,1,1,0,1,0,0,1,0,1,0,1,0
restart_aligned_regs_only_warmup11_cap1024_run01,989,0,5F,B19E69B0866DD50E,0,1,1,1,0,0,0,0,1,0,1,0,1,0,1,1,1,0,1,1,0,1,1,0,0,1,1,0,0,0,0,1,0,0,0,0,1,1,0,1,1,0,0,1,0,1,1,0,0,1,1,1,1,0,0,1,1,0,0,0,1,1,0,1,1,1,1,1,1,0,1,0
restart_aligned_regs_only_warmup11_cap1024_run01,990,0,59,B19E69B08669F50E,0,1,1,1,0,0,0,0,1,0,1,0,1,1,1,1,1,0,0,1,0,1,1,0,0,1,1,0,0,0,0,1,0,0,0,0,1,1,0,1,1,0,0,1,0,1,1,0,0,1,1,1,1,0,0,1,1,0,0,0,1,1,0,1,1,0,0,1,1,0,1,0
restart_aligned_regs_only_warmup11_cap1024_run01,991,0,5F,B19E69B0866DD50E,0,1,1,1,0,0,0,0,1,0,1,0,1,0,1,1,1,0,1,1,0,1,1,0,0,1,1,0,0,0,0,1,0,0,0,0,1,1,0,1,1,0,0,1,0,1,1,0,0,1,1,1,1,0,0,1,1,0,0,0,1,1,0,1,1,1,1,1,1,0,1,0
restart_aligned_regs_only_warmup11_cap1024_run01,992,0,1D,B19669B0866DF50E,0,1,1,1,0,0,0,0,1,0,1,0,1,1,1,1,1,0,1,1,0,1,1,0,0,1,1,0,0,0,0,1,0,0,0,0,1,1,0,1,1,0,0,1,0,1,1,0,0,1,1,0,1,0,0,1,1,0,0,0,1,1,0,1,1,0,1,1,1,0,0,0
restart_aligned_regs_only_warmup11_cap1024_run01,993,1,DF,919E69B0866DD50E,0,1,1,1,0,0,0,0,1,0,1,0,1,0,1,1,1,0,1,1,0,1,1,0,0,1,1,0,0,0,0,1,0,0,0,0,1,1,0,1,1,0,0,1,0,1,1,0,0,1,1,1,1,0,0,1,1,0,0,0,1,0,0,1,1,1,1,1,1,0,1,1
restart_aligned_regs_only_warmup11_cap1024_run01,994,0,35,B1966DB0966DF50E,0,1,1,1,0,0,0,0,1,0,1,0,1,1,1,1,1,0,1,1,0,1,1,0,0,1,1,0,1,0,0,1,0,0,0,0,1,1,0,1,1,0,1,1,0,1,1,0,0,1,1,0,1,0,0,1,1,0,0,0,1,1,0,1,1,0,1,0,1,1,0,0
restart_aligned_regs_only_warmup11_cap1024_run01,995,0,1D,B19669B0866DF50E,0,1,1,1,0,0,0,0,1,0,1,0,1,1,1,1,1,0,1,1,0,1,1,0,0,1,1,0,0,0,0,1,0,0,0,0,1,1,0,1,1,0,0,1,0,1,1,0,0,1,1,0,1,0,0,1,1,0,0,0,1,1,0,1,1,0,1,1,1,0,0,0
restart_aligned_regs_only_warmup11_cap1024_run01,996,0,1D,B1966FB0866DF50E,0,1,1,1,0,0,0,0,1,0,1,0,1,1,1,1,1,0,1,1,0,1,1,0,0,1,1,0,0,0,0,1,0,0,0,0,1,1,0,1,1,1,1,1,0,1,1,0,0,1,1,0,1,0,0,1,1,0,0,0,1,1,0,1,1,0,1,1,1,0,0,0
restart_aligned_regs_only_warmup11_cap1024_run01,997,0,B7,91966BB0966DD50E,0,1,1,1,0,0,0,0,1,0,1,0,1,0,1,1,1,0,1,1,0,1,1,0,0,1,1,0,1,0,0,1,0,0,0,0,1,1,0,1,1,1,0,1,0,1,1,0,0,1,1,0,1,0,0,1,1,0,0,0,1,0,0,1,1,1,1,0,1,1,0,1
restart_aligned_regs_only_warmup11_cap1024_run01,998,1,BF,91966DB0866DD50E,0,1,1,1,0,0,0,0,1,0,1,0,1,0,1,1,1,0,1,1,0,1,1,0,0,1,1,0,0,0,0,1,0,0,0,0,1,1,0,1,1,0,1,1,0,1,1,0,0,1,1,0,1,0,0,1,1,0,0,0,1,0,0,1,1,1,1,1,1,1,0,1
restart_aligned_regs_only_warmup11_cap1024_run01,999,1,75,B19E6BB0066DF50E,0,1,1,1,0,0,0,0,1,0,1,0,1,1,1,1,1,0,1,1,0,1,1,0,0,1,1,0,0,0,0,0,0,0,0,0,1,1,0,1,1,1,0,1,0,1,1,0,0,1,1,1,1,0,0,1,1,0,0,0,1,1,0,1,1,0,1,0,1,1,1,0
restart_aligned_regs_only_warmup11_cap1024_run01,1000,1,7F,B19E6BB0866DD50E,0,1,1,1,0,0,0,0,1,0,1,0,1,0,1,1,1,0,1,1,0,1,1,0,0,1,1,0,0,0,0,1,0,0,0,0,1,1,0,1,1,1,0,1,0,1,1,0,0,1,1,1,1,0,0,1,1,0,0,0,1,1,0,1,1,1,1,1,1,1,1,0
restart_aligned_regs_only_warmup11_cap1024_run01,1001,1,97,919669B0066DD50E,0,1,1,1,0,0,0,0,1,0,1,0,1,0,1,1,1,0,1,1,0,1,1,0,0,1,1,0,0,0,0,0,0,0,0,0,1,1,0,1,1,0,0,1,0,1,1,0,0,1,1,0,1,0,0,1,1,0,0,0,1,0,0,1,1,1,1,0,1,0,0,1
restart_aligned_regs_only_warmup11_cap1024_run01,1002,1,DF,919E69B0866DD50E,0,1,1,1,0,0,0,0,1,0,1,0,1,0,1,1,1,0,1,1,0,1,1,0,0,1,1,0,0,0,0,1,0,0,0,0,1,1,0,1,1,0,0,1,0,1,1,0,0,1,1,1,1,0,0,1,1,0,0,0,1,0,0,1,1,1,1,1,1,0,1,1
restart_aligned_regs_only_warmup11_cap1024_run01,1003,1,D6,919E69B01E6DD51E,0,1,1,1,1,0,0,0,1,0,1,0,1,0,1,1,1,0,1,1,0,1,1,0,0,1,1,1,1,0,0,0,0,0,0,0,1,1,0,1,1,0,0,1,0,1,1,0,0,1,1,1,1,0,0,1,1,0,0,0,1,0,0,1,0,1,1,0,1,0,1,1
restart_aligned_regs_only_warmup11_cap1024_run01,1004,1,75,B19E6DB0066DF50E,0,1,1,1,0,0,0,0,1,0,1,0,1,1,1,1,1,0,1,1,0,1,1,0,0,1,1,0,0,0,0,0,0,0,0,0,1,1,0,1,1,0,1,1,0,1,1,0,0,1,1,1,1,0,0,1,1,0,0,0,1,1,0,1,1,0,1,0,1,1,1,0
restart_aligned_regs_only_warmup11_cap1024_run01,1005,0,77,B19E6BB0066DD50E,0,1,1,1,0,0,0,0,1,0,1,0,1,0,1,1,1,0,1,1,0,1,1,0,0,1,1,0,0,0,0,0,0,0,0,0,1,1,0,1,1,1,0,1,0,1,1,0,0,1,1,1,1,0,0,1,1,0,0,0,1,1,0,1,1,1,1,0,1,1,1,0
restart_aligned_regs_only_warmup11_cap1024_run01,1006,0,35,B1966BB0066DF50E,0,1,1,1,0,0,0,0,1,0,1,0,1,1,1,1,1,0,1,1,0,1,1,0,0,1,1,0,0,0,0,0,0,0,0,0,1,1,0,1,1,1,0,1,0,1,1,0,0,1,1,0,1,0,0,1,1,0,0,0,1,1,0,1,1,0,1,0,1,1,0,0
restart_aligned_regs_only_warmup11_cap1024_run01,1007,1,5D,B19E4DB0866DF50E,0,1,1,1,0,0,0,0,1,0,1,0,1,1,1,1,1,0,1,1,0,1,1,0,0,1,1,0,0,0,0,1,0,0,0,0,1,1,0,1,1,0,1,1,0,0,1,0,0,1,1,1,1,0,0,1,1,0,0,0,1,1,0,1,1,0,1,1,1,0,1,0
restart_aligned_regs_only_warmup11_cap1024_run01,1008,0,53,B19E69B00669D50E,0,1,1,1,0,0,0,0,1,0,1,0,1,0,1,1,1,0,0,1,0,1,1,0,0,1,1,0,0,0,0,0,0,0,0,0,1,1,0,1,1,0,0,1,0,1,1,0,0,1,1,1,1,0,0,1,1,0,0,0,1,1,0,1,1,1,0,0,1,0,1,0
restart_aligned_regs_only_warmup11_cap1024_run01,1009,1,75,B19E49B0066DF50E,0,1,1,1,0,0,0,0,1,0,1,0,1,1,1,1,1,0,1,1,0,1,1,0,0,1,1,0,0,0,0,0,0,0,0,0,1,1,0,1,1,0,0,1,0,0,1,0,0,1,1,1,1,0,0,1,1,0,0,0,1,1,0,1,1,0,1,0,1,1,1,0
restart_aligned_regs_only_warmup11_cap1024_run01,1010,1,54,B19E69B0966DF51E,0,1,1,1,1,0,0,0,1,0,1,0,1,1,1,1,1,0,1,1,0,1,1,0,0,1,1,0,1,0,0,1,0,0,0,0,1,1,0,1,1,0,0,1,0,1,1,0,0,1,1,1,1,0,0,1,1,0,0,0,1,1,0,1,0,0,1,0,1,0,1,0
restart_aligned_regs_only_warmup11_cap1024_run01,1011,1,DF,919E69B0866DD50E,0,1,1,1,0,0,0,0,1,0,1,0,1,0,1,1,1,0,1,1,0,1,1,0,0,1,1,0,0,0,0,1,0,0,0,0,1,1,0,1,1,0,0,1,0,1,1,0,0,1,1,1,1,0,0,1,1,0,0,0,1,0,0,1,1,1,1,1,1,0,1,1
restart_aligned_regs_only_warmup11_cap1024_run01,1012,0,55,B19E69B0966DF50E,0,1,1,1,0,0,0,0,1,0,1,0,1,1,1,1,1,0,1,1,0,1,1,0,0,1,1,0,1,0,0,1,0,0,0,0,1,1,0,1,1,0,0,1,0,1,1,0,0,1,1,1,1,0,0,1,1,0,0,0,1,1,0,1,1,0,1,0,1,0,1,0
restart_aligned_regs_only_warmup11_cap1024_run01,1013,0,77,B19E6BB0066DD50E,0,1,1,1,0,0,0,0,1,0,1,0,1,0,1,1,1,0,1,1,0,1,1,0,0,1,1,0,0,0,0,0,0,0,0,0,1,1,0,1,1,1,0,1,0,1,1,0,0,1,1,1,1,0,0,1,1,0,0,0,1,1,0,1,1,1,1,0,1,1,1,0
restart_aligned_regs_only_warmup11_cap1024_run01,1014,0,1D,B19669B0866DF50E,0,1,1,1,0,0,0,0,1,0,1,0,1,1,1,1,1,0,1,1,0,1,1,0,0,1,1,0,0,0,0,1,0,0,0,0,1,1,0,1,1,0,0,1,0,1,1,0,0,1,1,0,1,0,0,1,1,0,0,0,1,1,0,1,1,0,1,1,1,0,0,0
restart_aligned_regs_only_warmup11_cap1024_run01,1015,1,57,B19E69B0066DD50E,0,1,1,1,0,0,0,0,1,0,1,0,1,0,1,1,1,0,1,1,0,1,1,0,0,1,1,0,0,0,0,0,0,0,0,0,1,1,0,1,1,0,0,1,0,1,1,0,0,1,1,1,1,0,0,1,1,0,0,0,1,1,0,1,1,1,1,0,1,0,1,0
restart_aligned_regs_only_warmup11_cap1024_run01,1016,0,FF,919E6DB0866DD50E,0,1,1,1,0,0,0,0,1,0,1,0,1,0,1,1,1,0,1,1,0,1,1,0,0,1,1,0,0,0,0,1,0,0,0,0,1,1,0,1,1,0,1,1,0,1,1,0,0,1,1,1,1,0,0,1,1,0,0,0,1,0,0,1,1,1,1,1,1,1,1,1
restart_aligned_regs_only_warmup11_cap1024_run01,1017,0,7D,B19E6BB0866DF50E,0,1,1,1,0,0,0,0,1,0,1,0,1,1,1,1,1,0,1,1,0,1,1,0,0,1,1,0,0,0,0,1,0,0,0,0,1,1,0,1,1,1,0,1,0,1,1,0,0,1,1,1,1,0,0,1,1,0,0,0,1,1,0,1,1,0,1,1,1,1,1,0
restart_aligned_regs_only_warmup11_cap1024_run01,1018,0,1D,B19669B0866DF50E,0,1,1,1,0,0,0,0,1,0,1,0,1,1,1,1,1,0,1,1,0,1,1,0,0,1,1,0,0,0,0,1,0,0,0,0,1,1,0,1,1,0,0,1,0,1,1,0,0,1,1,0,1,0,0,1,1,0,0,0,1,1,0,1,1,0,1,1,1,0,0,0
restart_aligned_regs_only_warmup11_cap1024_run01,1019,1,5D,B19E6FB0866DF50E,0,1,1,1,0,0,0,0,1,0,1,0,1,1,1,1,1,0,1,1,0,1,1,0,0,1,1,0,0,0,0,1,0,0,0,0,1,1,0,1,1,1,1,1,0,1,1,0,0,1,1,1,1,0,0,1,1,0,0,0,1,1,0,1,1,0,1,1,1,0,1,0
restart_aligned_regs_only_warmup11_cap1024_run01,1020,0,FF,919E6DB0866DD50E,0,1,1,1,0,0,0,0,1,0,1,0,1,0,1,1,1,0,1,1,0,1,1,0,0,1,1,0,0,0,0,1,0,0,0,0,1,1,0,1,1,0,1,1,0,1,1,0,0,1,1,1,1,0,0,1,1,0,0,0,1,0,0,1,1,1,1,1,1,1,1,1
restart_aligned_regs_only_warmup11_cap1024_run01,1021,1,FD,919E6DB0866DD10E,0,1,1,1,0,0,0,0,1,0,0,0,1,0,1,1,1,0,1,1,0,1,1,0,0,1,1,0,0,0,0,1,0,0,0,0,1,1,0,1,1,0,1,1,0,1,1,0,0,1,1,1,1,0,0,1,1,0,0,0,1,0,0,1,1,0,1,1,1,1,1,1
restart_aligned_regs_only_warmup11_cap1024_run01,1022,0,3F,B1966DB0866DD50E,0,1,1,1,0,0,0,0,1,0,1,0,1,0,1,1,1,0,1,1,0,1,1,0,0,1,1,0,0,0,0,1,0,0,0,0,1,1,0,1,1,0,1,1,0,1,1,0,0,1,1,0,1,0,0,1,1,0,0,0,1,1,0,1,1,1,1,1,1,1,0,0
restart_aligned_regs_only_warmup11_cap1024_run01,1023,0,B7,91966BB0066DD50E,0,1,1,1,0,0,0,0,1,0,1,0,1,0,1,1,1,0,1,1,0,1,1,0,0,1,1,0,0,0,0,0,0,0,0,0,1,1,0,1,1,1,0,1,0,1,1,0,0,1,1,0,1,0,0,1,1,0,0,0,1,0,0,1,1,1,1,0,1,1,0,1
