label,seq,rand_bit,stage_xor_hex,snapshot64_hex,b00,b01,b02,b03,b04,b05,b06,b07,b08,b09,b10,b11,b12,b13,b14,b15,b16,b17,b18,b19,b20,b21,b22,b23,b24,b25,b26,b27,b28,b29,b30,b31,b32,b33,b34,b35,b36,b37,b38,b39,b40,b41,b42,b43,b44,b45,b46,b47,b48,b49,b50,b51,b52,b53,b54,b55,b56,b57,b58,b59,b60,b61,b62,b63,sx0,sx1,sx2,sx3,sx4,sx5,sx6,sx7
restart_aligned_bits_regs_only_warmup40_cap1024_run01,0,0,3C,EEE4164FF11AAFF0,0,0,0,0,1,1,1,1,1,1,1,1,0,1,0,1,0,1,0,1,1,0,0,0,1,0,0,0,1,1,1,1,1,1,1,1,0,0,1,0,0,1,1,0,1,0,0,0,0,0,1,0,0,1,1,1,0,1,1,1,0,1,1,1,0,0,1,1,1,1,0,0
restart_aligned_bits_regs_only_warmup40_cap1024_run01,1,1,E0,0B8C707B8DF0CF84,0,0,1,0,0,0,0,1,1,1,1,1,0,0,1,1,0,0,0,0,1,1,1,1,1,0,1,1,0,0,0,1,1,1,0,1,1,1,1,0,0,0,0,0,1,1,1,0,0,0,1,1,0,0,0,1,1,1,0,1,0,0,0,0,0,0,0,0,0,1,1,1
restart_aligned_bits_regs_only_warmup40_cap1024_run01,2,0,8D,0B84F07B94FBCF94,0,0,1,0,1,0,0,1,1,1,1,1,0,0,1,1,1,1,0,1,1,1,1,1,0,0,1,0,1,0,0,1,1,1,0,1,1,1,1,0,0,0,0,0,1,1,1,1,0,0,1,0,0,0,0,1,1,1,0,1,0,0,0,0,1,0,1,1,0,0,0,1
restart_aligned_bits_regs_only_warmup40_cap1024_run01,3,0,88,0B84727B8CF3CF84,0,0,1,0,0,0,0,1,1,1,1,1,0,0,1,1,1,1,0,0,1,1,1,1,0,0,1,1,0,0,0,1,1,1,0,1,1,1,1,0,0,1,0,0,1,1,1,0,0,0,1,0,0,0,0,1,1,1,0,1,0,0,0,0,0,0,0,1,0,0,0,1
restart_aligned_bits_regs_only_warmup40_cap1024_run01,4,1,B0,0B84703B84F9CF84,0,0,1,0,0,0,0,1,1,1,1,1,0,0,1,1,1,0,0,1,1,1,1,1,0,0,1,0,0,0,0,1,1,1,0,1,1,1,0,0,0,0,0,0,1,1,1,0,0,0,1,0,0,0,0,1,1,1,0,1,0,0,0,0,0,0,0,0,1,1,0,1
restart_aligned_bits_regs_only_warmup40_cap1024_run01,5,1,BC,0B84F13B8CF1CF84,0,0,1,0,0,0,0,1,1,1,1,1,0,0,1,1,1,0,0,0,1,1,1,1,0,0,1,1,0,0,0,1,1,1,0,1,1,1,0,0,1,0,0,0,1,1,1,1,0,0,1,0,0,0,0,1,1,1,0,1,0,0,0,0,0,0,1,1,1,1,0,1
restart_aligned_bits_regs_only_warmup40_cap1024_run01,6,1,BC,0B84703B8CF1CF84,0,0,1,0,0,0,0,1,1,1,1,1,0,0,1,1,1,0,0,0,1,1,1,1,0,0,1,1,0,0,0,1,1,1,0,1,1,1,0,0,0,0,0,0,1,1,1,0,0,0,1,0,0,0,0,1,1,1,0,1,0,0,0,0,0,0,1,1,1,1,0,1
restart_aligned_bits_regs_only_warmup40_cap1024_run01,7,0,B4,0B84F23B84FBCF84,0,0,1,0,0,0,0,1,1,1,1,1,0,0,1,1,1,1,0,1,1,1,1,1,0,0,1,0,0,0,0,1,1,1,0,1,1,1,0,0,0,1,0,0,1,1,1,1,0,0,1,0,0,0,0,1,1,1,0,1,0,0,0,0,0,0,1,0,1,1,0,1
restart_aligned_bits_regs_only_warmup40_cap1024_run01,8,0,28,0F84703F94F9CF90,0,0,0,0,1,0,0,1,1,1,1,1,0,0,1,1,1,0,0,1,1,1,1,1,0,0,1,0,1,0,0,1,1,1,1,1,1,1,0,0,0,0,0,0,1,1,1,0,0,0,1,0,0,0,0,1,1,1,1,1,0,0,0,0,0,0,0,1,0,1,0,0
restart_aligned_bits_regs_only_warmup40_cap1024_run01,9,1,04,4B84F07B84FBCF84,0,0,1,0,0,0,0,1,1,1,1,1,0,0,1,1,1,1,0,1,1,1,1,1,0,0,1,0,0,0,0,1,1,1,0,1,1,1,1,0,0,0,0,0,1,1,1,1,0,0,1,0,0,0,0,1,1,1,0,1,0,0,1,0,0,0,1,0,0,0,0,0
restart_aligned_bits_regs_only_warmup40_cap1024_run01,10,0,A0,0B84707B84F9CF84,0,0,1,0,0,0,0,1,1,1,1,1,0,0,1,1,1,0,0,1,1,1,1,1,0,0,1,0,0,0,0,1,1,1,0,1,1,1,1,0,0,0,0,0,1,1,1,0,0,0,1,0,0,0,0,1,1,1,0,1,0,0,0,0,0,0,0,0,0,1,0,1
restart_aligned_bits_regs_only_warmup40_cap1024_run01,11,0,28,0F847A6F947BCF90,0,0,0,0,1,0,0,1,1,1,1,1,0,0,1,1,1,1,0,1,1,1,1,0,0,0,1,0,1,0,0,1,1,1,1,1,0,1,1,0,0,1,0,1,1,1,1,0,0,0,1,0,0,0,0,1,1,1,1,1,0,0,0,0,0,0,0,1,0,1,0,0
restart_aligned_bits_regs_only_warmup40_cap1024_run01,12,0,9C,0B84783B9479CFB4,0,0,1,0,1,1,0,1,1,1,1,1,0,0,1,1,1,0,0,1,1,1,1,0,0,0,1,0,1,0,0,1,1,1,0,1,1,1,0,0,0,0,0,1,1,1,1,0,0,0,1,0,0,0,0,1,1,1,0,1,0,0,0,0,0,0,1,1,1,0,0,1
restart_aligned_bits_regs_only_warmup40_cap1024_run01,13,0,90,0B84723B847BCF84,0,0,1,0,0,0,0,1,1,1,1,1,0,0,1,1,1,1,0,1,1,1,1,0,0,0,1,0,0,0,0,1,1,1,0,1,1,1,0,0,0,1,0,0,1,1,1,0,0,0,1,0,0,0,0,1,1,1,0,1,0,0,0,0,0,0,0,0,1,0,0,1
restart_aligned_bits_regs_only_warmup40_cap1024_run01,14,1,1C,0F84782F94FBCF90,0,0,0,0,1,0,0,1,1,1,1,1,0,0,1,1,1,1,0,1,1,1,1,1,0,0,1,0,1,0,0,1,1,1,1,1,0,1,0,0,0,0,0,1,1,1,1,0,0,0,1,0,0,0,0,1,1,1,1,1,0,0,0,0,0,0,1,1,1,0,0,0
restart_aligned_bits_regs_only_warmup40_cap1024_run01,15,1,9D,0B84727F94FBCF94,0,0,1,0,1,0,0,1,1,1,1,1,0,0,1,1,1,1,0,1,1,1,1,1,0,0,1,0,1,0,0,1,1,1,1,1,1,1,1,0,0,1,0,0,1,1,1,0,0,0,1,0,0,0,0,1,1,1,0,1,0,0,0,0,1,0,1,1,1,0,0,1
restart_aligned_bits_regs_only_warmup40_cap1024_run01,16,0,0A,0F84783F94F9C790,0,0,0,0,1,0,0,1,1,1,1,0,0,0,1,1,1,0,0,1,1,1,1,1,0,0,1,0,1,0,0,1,1,1,1,1,1,1,0,0,0,0,0,1,1,1,1,0,0,0,1,0,0,0,0,1,1,1,1,1,0,0,0,0,0,1,0,1,0,0,0,0
restart_aligned_bits_regs_only_warmup40_cap1024_run01,17,1,0E,0F84783F9479C790,0,0,0,0,1,0,0,1,1,1,1,0,0,0,1,1,1,0,0,1,1,1,1,0,0,0,1,0,1,0,0,1,1,1,1,1,1,1,0,0,0,0,0,1,1,1,1,0,0,0,1,0,0,0,0,1,1,1,1,1,0,0,0,0,0,1,1,1,0,0,0,0
restart_aligned_bits_regs_only_warmup40_cap1024_run01,18,0,0C,0F84716F9479CF90,0,0,0,0,1,0,0,1,1,1,1,1,0,0,1,1,1,0,0,1,1,1,1,0,0,0,1,0,1,0,0,1,1,1,1,1,0,1,1,0,1,0,0,0,1,1,1,0,0,0,1,0,0,0,0,1,1,1,1,1,0,0,0,0,0,0,1,1,0,0,0,0
restart_aligned_bits_regs_only_warmup40_cap1024_run01,19,0,35,0F84732F90FBCFB0,0,0,0,0,1,1,0,1,1,1,1,1,0,0,1,1,1,1,0,1,1,1,1,1,0,0,0,0,1,0,0,1,1,1,1,1,0,1,0,0,1,1,0,0,1,1,1,0,0,0,1,0,0,0,0,1,1,1,1,1,0,0,0,0,1,0,1,0,1,1,0,0
restart_aligned_bits_regs_only_warmup40_cap1024_run01,20,0,18,0F84782F94F9CF90,0,0,0,0,1,0,0,1,1,1,1,1,0,0,1,1,1,0,0,1,1,1,1,1,0,0,1,0,1,0,0,1,1,1,1,1,0,1,0,0,0,0,0,1,1,1,1,0,0,0,1,0,0,0,0,1,1,1,1,1,0,0,0,0,0,0,0,1,1,0,0,0
restart_aligned_bits_regs_only_warmup40_cap1024_run01,21,1,7C,0FC47A2F94FBCF90,0,0,0,0,1,0,0,1,1,1,1,1,0,0,1,1,1,1,0,1,1,1,1,1,0,0,1,0,1,0,0,1,1,1,1,1,0,1,0,0,0,1,0,1,1,1,1,0,0,0,1,0,0,0,1,1,1,1,1,1,0,0,0,0,0,0,1,1,1,1,1,0
restart_aligned_bits_regs_only_warmup40_cap1024_run01,22,1,2C,0F84733F94FBCF90,0,0,0,0,1,0,0,1,1,1,1,1,0,0,1,1,1,1,0,1,1,1,1,1,0,0,1,0,1,0,0,1,1,1,1,1,1,1,0,0,1,1,0,0,1,1,1,0,0,0,1,0,0,0,0,1,1,1,1,1,0,0,0,0,0,0,1,1,0,1,0,0
restart_aligned_bits_regs_only_warmup40_cap1024_run01,23,0,99,0B84723B85FFCF94,0,0,1,0,1,0,0,1,1,1,1,1,0,0,1,1,1,1,1,1,1,1,1,1,1,0,1,0,0,0,0,1,1,1,0,1,1,1,0,0,0,1,0,0,1,1,1,0,0,0,1,0,0,0,0,1,1,1,0,1,0,0,0,0,1,0,0,1,1,0,0,1
restart_aligned_bits_regs_only_warmup40_cap1024_run01,24,1,29,0F84733F947BCFB0,0,0,0,0,1,1,0,1,1,1,1,1,0,0,1,1,1,1,0,1,1,1,1,0,0,0,1,0,1,0,0,1,1,1,1,1,1,1,0,0,1,1,0,0,1,1,1,0,0,0,1,0,0,0,0,1,1,1,1,1,0,0,0,0,1,0,0,1,0,1,0,0
restart_aligned_bits_regs_only_warmup40_cap1024_run01,25,0,2D,8B84702B9479CF94,0,0,1,0,1,0,0,1,1,1,1,1,0,0,1,1,1,0,0,1,1,1,1,0,0,0,1,0,1,0,0,1,1,1,0,1,0,1,0,0,0,0,0,0,1,1,1,0,0,0,1,0,0,0,0,1,1,1,0,1,0,0,0,1,1,0,1,1,0,1,0,0
restart_aligned_bits_regs_only_warmup40_cap1024_run01,26,1,9D,0B84723B94FBCF94,0,0,1,0,1,0,0,1,1,1,1,1,0,0,1,1,1,1,0,1,1,1,1,1,0,0,1,0,1,0,0,1,1,1,0,1,1,1,0,0,0,1,0,0,1,1,1,0,0,0,1,0,0,0,0,1,1,1,0,1,0,0,0,0,1,0,1,1,1,0,0,1
restart_aligned_bits_regs_only_warmup40_cap1024_run01,27,0,8D,0B84722B94FBCF94,0,0,1,0,1,0,0,1,1,1,1,1,0,0,1,1,1,1,0,1,1,1,1,1,0,0,1,0,1,0,0,1,1,1,0,1,0,1,0,0,0,1,0,0,1,1,1,0,0,0,1,0,0,0,0,1,1,1,0,1,0,0,0,0,1,0,1,1,0,0,0,1
restart_aligned_bits_regs_only_warmup40_cap1024_run01,28,1,7C,0FC4732F94FBCF90,0,0,0,0,1,0,0,1,1,1,1,1,0,0,1,1,1,1,0,1,1,1,1,1,0,0,1,0,1,0,0,1,1,1,1,1,0,1,0,0,1,1,0,0,1,1,1,0,0,0,1,0,0,0,1,1,1,1,1,1,0,0,0,0,0,0,1,1,1,1,1,0
restart_aligned_bits_regs_only_warmup40_cap1024_run01,29,1,1A,8B847B2A947BC7B4,0,0,1,0,1,1,0,1,1,1,1,0,0,0,1,1,1,1,0,1,1,1,1,0,0,0,1,0,1,0,0,1,0,1,0,1,0,1,0,0,1,1,0,1,1,1,1,0,0,0,1,0,0,0,0,1,1,1,0,1,0,0,0,1,0,1,0,1,1,0,0,0
restart_aligned_bits_regs_only_warmup40_cap1024_run01,30,1,8A,0B847B2B947BC7B4,0,0,1,0,1,1,0,1,1,1,1,0,0,0,1,1,1,1,0,1,1,1,1,0,0,0,1,0,1,0,0,1,1,1,0,1,0,1,0,0,1,1,0,1,1,1,1,0,0,0,1,0,0,0,0,1,1,1,0,1,0,0,0,0,0,1,0,1,0,0,0,1
restart_aligned_bits_regs_only_warmup40_cap1024_run01,31,1,BF,0B84FB3B94FBC794,0,0,1,0,1,0,0,1,1,1,1,0,0,0,1,1,1,1,0,1,1,1,1,1,0,0,1,0,1,0,0,1,1,1,0,1,1,1,0,0,1,1,0,1,1,1,1,1,0,0,1,0,0,0,0,1,1,1,0,1,0,0,0,0,1,1,1,1,1,1,0,1
restart_aligned_bits_regs_only_warmup40_cap1024_run01,32,0,8D,0B847B2B94FBCF94,0,0,1,0,1,0,0,1,1,1,1,1,0,0,1,1,1,1,0,1,1,1,1,1,0,0,1,0,1,0,0,1,1,1,0,1,0,1,0,0,1,1,0,1,1,1,1,0,0,0,1,0,0,0,0,1,1,1,0,1,0,0,0,0,1,0,1,1,0,0,0,1
restart_aligned_bits_regs_only_warmup40_cap1024_run01,33,0,BD,0B84706B9479CF94,0,0,1,0,1,0,0,1,1,1,1,1,0,0,1,1,1,0,0,1,1,1,1,0,0,0,1,0,1,0,0,1,1,1,0,1,0,1,1,0,0,0,0,0,1,1,1,0,0,0,1,0,0,0,0,1,1,1,0,1,0,0,0,0,1,0,1,1,1,1,0,1
restart_aligned_bits_regs_only_warmup40_cap1024_run01,34,0,87,0B847B7B84FBC794,0,0,1,0,1,0,0,1,1,1,1,0,0,0,1,1,1,1,0,1,1,1,1,1,0,0,1,0,0,0,0,1,1,1,0,1,1,1,1,0,1,1,0,1,1,1,1,0,0,0,1,0,0,0,0,1,1,1,0,1,0,0,0,0,1,1,1,0,0,0,0,1
restart_aligned_bits_regs_only_warmup40_cap1024_run01,35,0,18,0F847B2F947BCF90,0,0,0,0,1,0,0,1,1,1,1,1,0,0,1,1,1,1,0,1,1,1,1,0,0,0,1,0,1,0,0,1,1,1,1,1,0,1,0,0,1,1,0,1,1,1,1,0,0,0,1,0,0,0,0,1,1,1,1,1,0,0,0,0,0,0,0,1,1,0,0,0
restart_aligned_bits_regs_only_warmup40_cap1024_run01,36,0,99,0B84712A94F9CF94,0,0,1,0,1,0,0,1,1,1,1,1,0,0,1,1,1,0,0,1,1,1,1,1,0,0,1,0,1,0,0,1,0,1,0,1,0,1,0,0,1,0,0,0,1,1,1,0,0,0,1,0,0,0,0,1,1,1,0,1,0,0,0,0,1,0,0,1,1,0,0,1
restart_aligned_bits_regs_only_warmup40_cap1024_run01,37,0,90,0B84723B847BCF84,0,0,1,0,0,0,0,1,1,1,1,1,0,0,1,1,1,1,0,1,1,1,1,0,0,0,1,0,0,0,0,1,1,1,0,1,1,1,0,0,0,1,0,0,1,1,1,0,0,0,1,0,0,0,0,1,1,1,0,1,0,0,0,0,0,0,0,0,1,0,0,1
restart_aligned_bits_regs_only_warmup40_cap1024_run01,38,0,84,0B84727B84FBCF84,0,0,1,0,0,0,0,1,1,1,1,1,0,0,1,1,1,1,0,1,1,1,1,1,0,0,1,0,0,0,0,1,1,1,0,1,1,1,1,0,0,1,0,0,1,1,1,0,0,0,1,0,0,0,0,1,1,1,0,1,0,0,0,0,0,0,1,0,0,0,0,1
restart_aligned_bits_regs_only_warmup40_cap1024_run01,39,0,BD,0B84736B94FBCF94,0,0,1,0,1,0,0,1,1,1,1,1,0,0,1,1,1,1,0,1,1,1,1,1,0,0,1,0,1,0,0,1,1,1,0,1,0,1,1,0,1,1,0,0,1,1,1,0,0,0,1,0,0,0,0,1,1,1,0,1,0,0,0,0,1,0,1,1,1,1,0,1
restart_aligned_bits_regs_only_warmup40_cap1024_run01,40,1,8C,0B847B2B94FBCFB4,0,0,1,0,1,1,0,1,1,1,1,1,0,0,1,1,1,1,0,1,1,1,1,1,0,0,1,0,1,0,0,1,1,1,0,1,0,1,0,0,1,1,0,1,1,1,1,0,0,0,1,0,0,0,0,1,1,1,0,1,0,0,0,0,0,0,1,1,0,0,0,1
restart_aligned_bits_regs_only_warmup40_cap1024_run01,41,1,BC,0B84F83B94FBCFB4,0,0,1,0,1,1,0,1,1,1,1,1,0,0,1,1,1,1,0,1,1,1,1,1,0,0,1,0,1,0,0,1,1,1,0,1,1,1,0,0,0,0,0,1,1,1,1,1,0,0,1,0,0,0,0,1,1,1,0,1,0,0,0,0,0,0,1,1,1,1,0,1
restart_aligned_bits_regs_only_warmup40_cap1024_run01,42,0,B1,0B84733B84F3CF94,0,0,1,0,1,0,0,1,1,1,1,1,0,0,1,1,1,1,0,0,1,1,1,1,0,0,1,0,0,0,0,1,1,1,0,1,1,1,0,0,1,1,0,0,1,1,1,0,0,0,1,0,0,0,0,1,1,1,0,1,0,0,0,0,1,0,0,0,1,1,0,1
restart_aligned_bits_regs_only_warmup40_cap1024_run01,43,0,8D,0B84F37B94FBCF94,0,0,1,0,1,0,0,1,1,1,1,1,0,0,1,1,1,1,0,1,1,1,1,1,0,0,1,0,1,0,0,1,1,1,0,1,1,1,1,0,1,1,0,0,1,1,1,1,0,0,1,0,0,0,0,1,1,1,0,1,0,0,0,0,1,0,1,1,0,0,0,1
restart_aligned_bits_regs_only_warmup40_cap1024_run01,44,0,A9,0B84737B94F3CF94,0,0,1,0,1,0,0,1,1,1,1,1,0,0,1,1,1,1,0,0,1,1,1,1,0,0,1,0,1,0,0,1,1,1,0,1,1,1,1,0,1,1,0,0,1,1,1,0,0,0,1,0,0,0,0,1,1,1,0,1,0,0,0,0,1,0,0,1,0,1,0,1
restart_aligned_bits_regs_only_warmup40_cap1024_run01,45,0,B4,0B84733B84FBCF84,0,0,1,0,0,0,0,1,1,1,1,1,0,0,1,1,1,1,0,1,1,1,1,1,0,0,1,0,0,0,0,1,1,1,0,1,1,1,0,0,1,1,0,0,1,1,1,0,0,0,1,0,0,0,0,1,1,1,0,1,0,0,0,0,0,0,1,0,1,1,0,1
restart_aligned_bits_regs_only_warmup40_cap1024_run01,46,0,99,0B84726B947BCF94,0,0,1,0,1,0,0,1,1,1,1,1,0,0,1,1,1,1,0,1,1,1,1,0,0,0,1,0,1,0,0,1,1,1,0,1,0,1,1,0,0,1,0,0,1,1,1,0,0,0,1,0,0,0,0,1,1,1,0,1,0,0,0,0,1,0,0,1,1,0,0,1
restart_aligned_bits_regs_only_warmup40_cap1024_run01,47,0,A5,0B84707B8479CF94,0,0,1,0,1,0,0,1,1,1,1,1,0,0,1,1,1,0,0,1,1,1,1,0,0,0,1,0,0,0,0,1,1,1,0,1,1,1,1,0,0,0,0,0,1,1,1,0,0,0,1,0,0,0,0,1,1,1,0,1,0,0,0,0,1,0,1,0,0,1,0,1
restart_aligned_bits_regs_only_warmup40_cap1024_run01,48,0,28,0F84733F947BCF90,0,0,0,0,1,0,0,1,1,1,1,1,0,0,1,1,1,1,0,1,1,1,1,0,0,0,1,0,1,0,0,1,1,1,1,1,1,1,0,0,1,1,0,0,1,1,1,0,0,0,1,0,0,0,0,1,1,1,1,1,0,0,0,0,0,0,0,1,0,1,0,0
restart_aligned_bits_regs_only_warmup40_cap1024_run01,49,1,08,0F84712E94F9CF90,0,0,0,0,1,0,0,1,1,1,1,1,0,0,1,1,1,0,0,1,1,1,1,1,0,0,1,0,1,0,0,1,0,1,1,1,0,1,0,0,1,0,0,0,1,1,1,0,0,0,1,0,0,0,0,1,1,1,1,1,0,0,0,0,0,0,0,1,0,0,0,0
restart_aligned_bits_regs_only_warmup40_cap1024_run01,50,0,39,4B84B36BDCF3CF94,0,0,1,0,1,0,0,1,1,1,1,1,0,0,1,1,1,1,0,0,1,1,1,1,0,0,1,1,1,0,1,1,1,1,0,1,0,1,1,0,1,1,0,0,1,1,0,1,0,0,1,0,0,0,0,1,1,1,0,1,0,0,1,0,1,0,0,1,1,1,0,0
restart_aligned_bits_regs_only_warmup40_cap1024_run01,51,1,B9,0B84732A947BCF94,0,0,1,0,1,0,0,1,1,1,1,1,0,0,1,1,1,1,0,1,1,1,1,0,0,0,1,0,1,0,0,1,0,1,0,1,0,1,0,0,1,1,0,0,1,1,1,0,0,0,1,0,0,0,0,1,1,1,0,1,0,0,0,0,1,0,0,1,1,1,0,1
restart_aligned_bits_regs_only_warmup40_cap1024_run01,52,0,FF,0B94F26B94FBDF94,0,0,1,0,1,0,0,1,1,1,1,1,1,0,1,1,1,1,0,1,1,1,1,1,0,0,1,0,1,0,0,1,1,1,0,1,0,1,1,0,0,1,0,0,1,1,1,1,0,0,1,0,1,0,0,1,1,1,0,1,0,0,0,0,1,1,1,1,1,1,1,1
restart_aligned_bits_regs_only_warmup40_cap1024_run01,53,1,1C,0F847B2F94FBCF90,0,0,0,0,1,0,0,1,1,1,1,1,0,0,1,1,1,1,0,1,1,1,1,1,0,0,1,0,1,0,0,1,1,1,1,1,0,1,0,0,1,1,0,1,1,1,1,0,0,0,1,0,0,0,0,1,1,1,1,1,0,0,0,0,0,0,1,1,1,0,0,0
restart_aligned_bits_regs_only_warmup40_cap1024_run01,54,0,A9,0B84737B947BCF94,0,0,1,0,1,0,0,1,1,1,1,1,0,0,1,1,1,1,0,1,1,1,1,0,0,0,1,0,1,0,0,1,1,1,0,1,1,1,1,0,1,1,0,0,1,1,1,0,0,0,1,0,0,0,0,1,1,1,0,1,0,0,0,0,1,0,0,1,0,1,0,1
restart_aligned_bits_regs_only_warmup40_cap1024_run01,55,0,8D,0B84722B94FBCF94,0,0,1,0,1,0,0,1,1,1,1,1,0,0,1,1,1,1,0,1,1,1,1,1,0,0,1,0,1,0,0,1,1,1,0,1,0,1,0,0,0,1,0,0,1,1,1,0,0,0,1,0,0,0,0,1,1,1,0,1,0,0,0,0,1,0,1,1,0,0,0,1
restart_aligned_bits_regs_only_warmup40_cap1024_run01,56,0,0F,0984F32B94FBCD94,0,0,1,0,1,0,0,1,1,0,1,1,0,0,1,1,1,1,0,1,1,1,1,1,0,0,1,0,1,0,0,1,1,1,0,1,0,1,0,0,1,1,0,0,1,1,1,1,0,0,1,0,0,0,0,1,1,0,0,1,0,0,0,0,1,1,1,1,0,0,0,0
restart_aligned_bits_regs_only_warmup40_cap1024_run01,57,1,4A,0F947B2E947BC790,0,0,0,0,1,0,0,1,1,1,1,0,0,0,1,1,1,1,0,1,1,1,1,0,0,0,1,0,1,0,0,1,0,1,1,1,0,1,0,0,1,1,0,1,1,1,1,0,0,0,1,0,1,0,0,1,1,1,1,1,0,0,0,0,0,1,0,1,0,0,1,0
restart_aligned_bits_regs_only_warmup40_cap1024_run01,58,1,9D,0B84717F9479CF94,0,0,1,0,1,0,0,1,1,1,1,1,0,0,1,1,1,0,0,1,1,1,1,0,0,0,1,0,1,0,0,1,1,1,1,1,1,1,1,0,1,0,0,0,1,1,1,0,0,0,1,0,0,0,0,1,1,1,0,1,0,0,0,0,1,0,1,1,1,0,0,1
restart_aligned_bits_regs_only_warmup40_cap1024_run01,59,1,AD,0B84732B94FBCF94,0,0,1,0,1,0,0,1,1,1,1,1,0,0,1,1,1,1,0,1,1,1,1,1,0,0,1,0,1,0,0,1,1,1,0,1,0,1,0,0,1,1,0,0,1,1,1,0,0,0,1,0,0,0,0,1,1,1,0,1,0,0,0,0,1,0,1,1,0,1,0,1
restart_aligned_bits_regs_only_warmup40_cap1024_run01,60,1,15,0F84727F84FBCF80,0,0,0,0,0,0,0,1,1,1,1,1,0,0,1,1,1,1,0,1,1,1,1,1,0,0,1,0,0,0,0,1,1,1,1,1,1,1,1,0,0,1,0,0,1,1,1,0,0,0,1,0,0,0,0,1,1,1,1,1,0,0,0,0,1,0,1,0,1,0,0,0
restart_aligned_bits_regs_only_warmup40_cap1024_run01,61,1,B9,0B84F13E94F9CF94,0,0,1,0,1,0,0,1,1,1,1,1,0,0,1,1,1,0,0,1,1,1,1,1,0,0,1,0,1,0,0,1,0,1,1,1,1,1,0,0,1,0,0,0,1,1,1,1,0,0,1,0,0,0,0,1,1,1,0,1,0,0,0,0,1,0,0,1,1,1,0,1
restart_aligned_bits_regs_only_warmup40_cap1024_run01,62,1,B9,0B84703B94F9CF94,0,0,1,0,1,0,0,1,1,1,1,1,0,0,1,1,1,0,0,1,1,1,1,1,0,0,1,0,1,0,0,1,1,1,0,1,1,1,0,0,0,0,0,0,1,1,1,0,0,0,1,0,0,0,0,1,1,1,0,1,0,0,0,0,1,0,0,1,1,1,0,1
restart_aligned_bits_regs_only_warmup40_cap1024_run01,63,1,C8,0BC4723F947BCF90,0,0,0,0,1,0,0,1,1,1,1,1,0,0,1,1,1,1,0,1,1,1,1,0,0,0,1,0,1,0,0,1,1,1,1,1,1,1,0,0,0,1,0,0,1,1,1,0,0,0,1,0,0,0,1,1,1,1,0,1,0,0,0,0,0,0,0,1,0,0,1,1
restart_aligned_bits_regs_only_warmup40_cap1024_run01,64,0,B4,0B84733B84FBCF84,0,0,1,0,0,0,0,1,1,1,1,1,0,0,1,1,1,1,0,1,1,1,1,1,0,0,1,0,0,0,0,1,1,1,0,1,1,1,0,0,1,1,0,0,1,1,1,0,0,0,1,0,0,0,0,1,1,1,0,1,0,0,0,0,0,0,1,0,1,1,0,1
restart_aligned_bits_regs_only_warmup40_cap1024_run01,65,0,DD,0BC4712A9479CF94,0,0,1,0,1,0,0,1,1,1,1,1,0,0,1,1,1,0,0,1,1,1,1,0,0,0,1,0,1,0,0,1,0,1,0,1,0,1,0,0,1,0,0,0,1,1,1,0,0,0,1,0,0,0,1,1,1,1,0,1,0,0,0,0,1,0,1,1,1,0,1,1
restart_aligned_bits_regs_only_warmup40_cap1024_run01,66,0,71,0FC4733E847BCFE0,0,0,0,0,0,1,1,1,1,1,1,1,0,0,1,1,1,1,0,1,1,1,1,0,0,0,1,0,0,0,0,1,0,1,1,1,1,1,0,0,1,1,0,0,1,1,1,0,0,0,1,0,0,0,1,1,1,1,1,1,0,0,0,0,1,0,0,0,1,1,1,0
restart_aligned_bits_regs_only_warmup40_cap1024_run01,67,1,85,0B84F02B9CF1CF94,0,0,1,0,1,0,0,1,1,1,1,1,0,0,1,1,1,0,0,0,1,1,1,1,0,0,1,1,1,0,0,1,1,1,0,1,0,1,0,0,0,0,0,0,1,1,1,1,0,0,1,0,0,0,0,1,1,1,0,1,0,0,0,0,1,0,1,0,0,0,0,1
restart_aligned_bits_regs_only_warmup40_cap1024_run01,68,0,3C,0F84702F9479CF90,0,0,0,0,1,0,0,1,1,1,1,1,0,0,1,1,1,0,0,1,1,1,1,0,0,0,1,0,1,0,0,1,1,1,1,1,0,1,0,0,0,0,0,0,1,1,1,0,0,0,1,0,0,0,0,1,1,1,1,1,0,0,0,0,0,0,1,1,1,1,0,0
restart_aligned_bits_regs_only_warmup40_cap1024_run01,69,0,8D,0B84F32B94FBCF94,0,0,1,0,1,0,0,1,1,1,1,1,0,0,1,1,1,1,0,1,1,1,1,1,0,0,1,0,1,0,0,1,1,1,0,1,0,1,0,0,1,1,0,0,1,1,1,1,0,0,1,0,0,0,0,1,1,1,0,1,0,0,0,0,1,0,1,1,0,0,0,1
restart_aligned_bits_regs_only_warmup40_cap1024_run01,70,1,04,0F847B3F84FBCF90,0,0,0,0,1,0,0,1,1,1,1,1,0,0,1,1,1,1,0,1,1,1,1,1,0,0,1,0,0,0,0,1,1,1,1,1,1,1,0,0,1,1,0,1,1,1,1,0,0,0,1,0,0,0,0,1,1,1,1,1,0,0,0,0,0,0,1,0,0,0,0,0
restart_aligned_bits_regs_only_warmup40_cap1024_run01,71,0,18,0F84F93E94F9CF90,0,0,0,0,1,0,0,1,1,1,1,1,0,0,1,1,1,0,0,1,1,1,1,1,0,0,1,0,1,0,0,1,0,1,1,1,1,1,0,0,1,0,0,1,1,1,1,1,0,0,1,0,0,0,0,1,1,1,1,1,0,0,0,0,0,0,0,1,1,0,0,0
restart_aligned_bits_regs_only_warmup40_cap1024_run01,72,0,8D,0B84712B94F1CF94,0,0,1,0,1,0,0,1,1,1,1,1,0,0,1,1,1,0,0,0,1,1,1,1,0,0,1,0,1,0,0,1,1,1,0,1,0,1,0,0,1,0,0,0,1,1,1,0,0,0,1,0,0,0,0,1,1,1,0,1,0,0,0,0,1,0,1,1,0,0,0,1
restart_aligned_bits_regs_only_warmup40_cap1024_run01,73,0,0C,0F84713F9479CF90,0,0,0,0,1,0,0,1,1,1,1,1,0,0,1,1,1,0,0,1,1,1,1,0,0,0,1,0,1,0,0,1,1,1,1,1,1,1,0,0,1,0,0,0,1,1,1,0,0,0,1,0,0,0,0,1,1,1,1,1,0,0,0,0,0,0,1,1,0,0,0,0
restart_aligned_bits_regs_only_warmup40_cap1024_run01,74,1,89,0B84712B94F9CF94,0,0,1,0,1,0,0,1,1,1,1,1,0,0,1,1,1,0,0,1,1,1,1,1,0,0,1,0,1,0,0,1,1,1,0,1,0,1,0,0,1,0,0,0,1,1,1,0,0,0,1,0,0,0,0,1,1,1,0,1,0,0,0,0,1,0,0,1,0,0,0,1
restart_aligned_bits_regs_only_warmup40_cap1024_run01,75,0,EB,0B94616A94F3DF94,0,0,1,0,1,0,0,1,1,1,1,1,1,0,1,1,1,1,0,0,1,1,1,1,0,0,1,0,1,0,0,1,0,1,0,1,0,1,1,0,1,0,0,0,0,1,1,0,0,0,1,0,1,0,0,1,1,1,0,1,0,0,0,0,1,1,0,1,0,1,1,1
restart_aligned_bits_regs_only_warmup40_cap1024_run01,76,1,A1,0B84733A9CF3CF94,0,0,1,0,1,0,0,1,1,1,1,1,0,0,1,1,1,1,0,0,1,1,1,1,0,0,1,1,1,0,0,1,0,1,0,1,1,1,0,0,1,1,0,0,1,1,1,0,0,0,1,0,0,0,0,1,1,1,0,1,0,0,0,0,1,0,0,0,0,1,0,1
restart_aligned_bits_regs_only_warmup40_cap1024_run01,77,1,AD,0B84702B94F1CF94,0,0,1,0,1,0,0,1,1,1,1,1,0,0,1,1,1,0,0,0,1,1,1,1,0,0,1,0,1,0,0,1,1,1,0,1,0,1,0,0,0,0,0,0,1,1,1,0,0,0,1,0,0,0,0,1,1,1,0,1,0,0,0,0,1,0,1,1,0,1,0,1
restart_aligned_bits_regs_only_warmup40_cap1024_run01,78,0,A9,0B84736A947BCF94,0,0,1,0,1,0,0,1,1,1,1,1,0,0,1,1,1,1,0,1,1,1,1,0,0,0,1,0,1,0,0,1,0,1,0,1,0,1,1,0,1,1,0,0,1,1,1,0,0,0,1,0,0,0,0,1,1,1,0,1,0,0,0,0,1,0,0,1,0,1,0,1
restart_aligned_bits_regs_only_warmup40_cap1024_run01,79,1,BC,0B84733B94FBCFB4,0,0,1,0,1,1,0,1,1,1,1,1,0,0,1,1,1,1,0,1,1,1,1,1,0,0,1,0,1,0,0,1,1,1,0,1,1,1,0,0,1,1,0,0,1,1,1,0,0,0,1,0,0,0,0,1,1,1,0,1,0,0,0,0,0,0,1,1,1,1,0,1
restart_aligned_bits_regs_only_warmup40_cap1024_run01,80,1,89,0B84713F9471CF94,0,0,1,0,1,0,0,1,1,1,1,1,0,0,1,1,1,0,0,0,1,1,1,0,0,0,1,0,1,0,0,1,1,1,1,1,1,1,0,0,1,0,0,0,1,1,1,0,0,0,1,0,0,0,0,1,1,1,0,1,0,0,0,0,1,0,0,1,0,0,0,1
restart_aligned_bits_regs_only_warmup40_cap1024_run01,81,0,B8,0B84732A947BCFB4,0,0,1,0,1,1,0,1,1,1,1,1,0,0,1,1,1,1,0,1,1,1,1,0,0,0,1,0,1,0,0,1,0,1,0,1,0,1,0,0,1,1,0,0,1,1,1,0,0,0,1,0,0,0,0,1,1,1,0,1,0,0,0,0,0,0,0,1,1,1,0,1
restart_aligned_bits_regs_only_warmup40_cap1024_run01,82,0,99,0B84716B9471CF94,0,0,1,0,1,0,0,1,1,1,1,1,0,0,1,1,1,0,0,0,1,1,1,0,0,0,1,0,1,0,0,1,1,1,0,1,0,1,1,0,1,0,0,0,1,1,1,0,0,0,1,0,0,0,0,1,1,1,0,1,0,0,0,0,1,0,0,1,1,0,0,1
restart_aligned_bits_regs_only_warmup40_cap1024_run01,83,1,6D,0F8C703F8CF1CF80,0,0,0,0,0,0,0,1,1,1,1,1,0,0,1,1,1,0,0,0,1,1,1,1,0,0,1,1,0,0,0,1,1,1,1,1,1,1,0,0,0,0,0,0,1,1,1,0,0,0,1,1,0,0,0,1,1,1,1,1,0,0,0,0,1,0,1,1,0,1,1,0
restart_aligned_bits_regs_only_warmup40_cap1024_run01,84,0,3C,0F84702F94F1CF90,0,0,0,0,1,0,0,1,1,1,1,1,0,0,1,1,1,0,0,0,1,1,1,1,0,0,1,0,1,0,0,1,1,1,1,1,0,1,0,0,0,0,0,0,1,1,1,0,0,0,1,0,0,0,0,1,1,1,1,1,0,0,0,0,0,0,1,1,1,1,0,0
restart_aligned_bits_regs_only_warmup40_cap1024_run01,85,1,9D,0B84717A94F1CF94,0,0,1,0,1,0,0,1,1,1,1,1,0,0,1,1,1,0,0,0,1,1,1,1,0,0,1,0,1,0,0,1,0,1,0,1,1,1,1,0,1,0,0,0,1,1,1,0,0,0,1,0,0,0,0,1,1,1,0,1,0,0,0,0,1,0,1,1,1,0,0,1
restart_aligned_bits_regs_only_warmup40_cap1024_run01,86,1,B5,0B84706B9CF1CF94,0,0,1,0,1,0,0,1,1,1,1,1,0,0,1,1,1,0,0,0,1,1,1,1,0,0,1,1,1,0,0,1,1,1,0,1,0,1,1,0,0,0,0,0,1,1,1,0,0,0,1,0,0,0,0,1,1,1,0,1,0,0,0,0,1,0,1,0,1,1,0,1
restart_aligned_bits_regs_only_warmup40_cap1024_run01,87,1,85,0B84712B9CF1CF94,0,0,1,0,1,0,0,1,1,1,1,1,0,0,1,1,1,0,0,0,1,1,1,1,0,0,1,1,1,0,0,1,1,1,0,1,0,1,0,0,1,0,0,0,1,1,1,0,0,0,1,0,0,0,0,1,1,1,0,1,0,0,0,0,1,0,1,0,0,0,0,1
restart_aligned_bits_regs_only_warmup40_cap1024_run01,88,0,44,0F8C713F9CF1CF90,0,0,0,0,1,0,0,1,1,1,1,1,0,0,1,1,1,0,0,0,1,1,1,1,0,0,1,1,1,0,0,1,1,1,1,1,1,1,0,0,1,0,0,0,1,1,1,0,0,0,1,1,0,0,0,1,1,1,1,1,0,0,0,0,0,0,1,0,0,0,1,0
restart_aligned_bits_regs_only_warmup40_cap1024_run01,89,1,08,0F84F33F94F3CF90,0,0,0,0,1,0,0,1,1,1,1,1,0,0,1,1,1,1,0,0,1,1,1,1,0,0,1,0,1,0,0,1,1,1,1,1,1,1,0,0,1,1,0,0,1,1,1,1,0,0,1,0,0,0,0,1,1,1,1,1,0,0,0,0,0,0,0,1,0,0,0,0
restart_aligned_bits_regs_only_warmup40_cap1024_run01,90,0,BD,0B84732F94FBCF94,0,0,1,0,1,0,0,1,1,1,1,1,0,0,1,1,1,1,0,1,1,1,1,1,0,0,1,0,1,0,0,1,1,1,1,1,0,1,0,0,1,1,0,0,1,1,1,0,0,0,1,0,0,0,0,1,1,1,0,1,0,0,0,0,1,0,1,1,1,1,0,1
restart_aligned_bits_regs_only_warmup40_cap1024_run01,91,1,1C,0F84716E9479CF90,0,0,0,0,1,0,0,1,1,1,1,1,0,0,1,1,1,0,0,1,1,1,1,0,0,0,1,0,1,0,0,1,0,1,1,1,0,1,1,0,1,0,0,0,1,1,1,0,0,0,1,0,0,0,0,1,1,1,1,1,0,0,0,0,0,0,1,1,1,0,0,0
restart_aligned_bits_regs_only_warmup40_cap1024_run01,92,0,A9,0B84732B947BCF94,0,0,1,0,1,0,0,1,1,1,1,1,0,0,1,1,1,1,0,1,1,1,1,0,0,0,1,0,1,0,0,1,1,1,0,1,0,1,0,0,1,1,0,0,1,1,1,0,0,0,1,0,0,0,0,1,1,1,0,1,0,0,0,0,1,0,0,1,0,1,0,1
restart_aligned_bits_regs_only_warmup40_cap1024_run01,93,1,34,0F84792F9679CF90,0,0,0,0,1,0,0,1,1,1,1,1,0,0,1,1,1,0,0,1,1,1,1,0,0,1,1,0,1,0,0,1,1,1,1,1,0,1,0,0,1,0,0,1,1,1,1,0,0,0,1,0,0,0,0,1,1,1,1,1,0,0,0,0,0,0,1,0,1,1,0,0
restart_aligned_bits_regs_only_warmup40_cap1024_run01,94,1,D9,0BC4712A9471CF94,0,0,1,0,1,0,0,1,1,1,1,1,0,0,1,1,1,0,0,0,1,1,1,0,0,0,1,0,1,0,0,1,0,1,0,1,0,1,0,0,1,0,0,0,1,1,1,0,0,0,1,0,0,0,1,1,1,1,0,1,0,0,0,0,1,0,0,1,1,0,1,1
restart_aligned_bits_regs_only_warmup40_cap1024_run01,95,1,FD,0B8C707F8CF1CF80,0,0,0,0,0,0,0,1,1,1,1,1,0,0,1,1,1,0,0,0,1,1,1,1,0,0,1,1,0,0,0,1,1,1,1,1,1,1,1,0,0,0,0,0,1,1,1,0,0,0,1,1,0,0,0,1,1,1,0,1,0,0,0,0,1,0,1,1,1,1,1,1
restart_aligned_bits_regs_only_warmup40_cap1024_run01,96,0,44,0FC4712E9079CF90,0,0,0,0,1,0,0,1,1,1,1,1,0,0,1,1,1,0,0,1,1,1,1,0,0,0,0,0,1,0,0,1,0,1,1,1,0,1,0,0,1,0,0,0,1,1,1,0,0,0,1,0,0,0,1,1,1,1,1,1,0,0,0,0,0,0,1,0,0,0,1,0
restart_aligned_bits_regs_only_warmup40_cap1024_run01,97,0,C5,0BC4712B9679CF94,0,0,1,0,1,0,0,1,1,1,1,1,0,0,1,1,1,0,0,1,1,1,1,0,0,1,1,0,1,0,0,1,1,1,0,1,0,1,0,0,1,0,0,0,1,1,1,0,0,0,1,0,0,0,1,1,1,1,0,1,0,0,0,0,1,0,1,0,0,0,1,1
restart_aligned_bits_regs_only_warmup40_cap1024_run01,98,1,85,0B84713A9679CF94,0,0,1,0,1,0,0,1,1,1,1,1,0,0,1,1,1,0,0,1,1,1,1,0,0,1,1,0,1,0,0,1,0,1,0,1,1,1,0,0,1,0,0,0,1,1,1,0,0,0,1,0,0,0,0,1,1,1,0,1,0,0,0,0,1,0,1,0,0,0,0,1
restart_aligned_bits_regs_only_warmup40_cap1024_run01,99,0,C5,0B8C712B9CF1CF94,0,0,1,0,1,0,0,1,1,1,1,1,0,0,1,1,1,0,0,0,1,1,1,1,0,0,1,1,1,0,0,1,1,1,0,1,0,1,0,0,1,0,0,0,1,1,1,0,0,0,1,1,0,0,0,1,1,1,0,1,0,0,0,0,1,0,1,0,0,0,1,1
restart_aligned_bits_regs_only_warmup40_cap1024_run01,100,0,18,0F84712F94F9CF90,0,0,0,0,1,0,0,1,1,1,1,1,0,0,1,1,1,0,0,1,1,1,1,1,0,0,1,0,1,0,0,1,1,1,1,1,0,1,0,0,1,0,0,0,1,1,1,0,0,0,1,0,0,0,0,1,1,1,1,1,0,0,0,0,0,0,0,1,1,0,0,0
restart_aligned_bits_regs_only_warmup40_cap1024_run01,101,0,A5,0B84702B9C75CF94,0,0,1,0,1,0,0,1,1,1,1,1,0,0,1,1,1,0,1,0,1,1,1,0,0,0,1,1,1,0,0,1,1,1,0,1,0,1,0,0,0,0,0,0,1,1,1,0,0,0,1,0,0,0,0,1,1,1,0,1,0,0,0,0,1,0,1,0,0,1,0,1
restart_aligned_bits_regs_only_warmup40_cap1024_run01,102,1,AD,0B84702B94F1CF94,0,0,1,0,1,0,0,1,1,1,1,1,0,0,1,1,1,0,0,0,1,1,1,1,0,0,1,0,1,0,0,1,1,1,0,1,0,1,0,0,0,0,0,0,1,1,1,0,0,0,1,0,0,0,0,1,1,1,0,1,0,0,0,0,1,0,1,1,0,1,0,1
restart_aligned_bits_regs_only_warmup40_cap1024_run01,103,1,EF,0B94612B9479DF94,0,0,1,0,1,0,0,1,1,1,1,1,1,0,1,1,1,0,0,1,1,1,1,0,0,0,1,0,1,0,0,1,1,1,0,1,0,1,0,0,1,0,0,0,0,1,1,0,0,0,1,0,1,0,0,1,1,1,0,1,0,0,0,0,1,1,1,1,0,1,1,1
restart_aligned_bits_regs_only_warmup40_cap1024_run01,104,0,81,0B84716A9671CF94,0,0,1,0,1,0,0,1,1,1,1,1,0,0,1,1,1,0,0,0,1,1,1,0,0,1,1,0,1,0,0,1,0,1,0,1,0,1,1,0,1,0,0,0,1,1,1,0,0,0,1,0,0,0,0,1,1,1,0,1,0,0,0,0,1,0,0,0,0,0,0,1
restart_aligned_bits_regs_only_warmup40_cap1024_run01,105,1,94,0B84713B8EF1CF84,0,0,1,0,0,0,0,1,1,1,1,1,0,0,1,1,1,0,0,0,1,1,1,1,0,1,1,1,0,0,0,1,1,1,0,1,1,1,0,0,1,0,0,0,1,1,1,0,0,0,1,0,0,0,0,1,1,1,0,1,0,0,0,0,0,0,1,0,1,0,0,1
restart_aligned_bits_regs_only_warmup40_cap1024_run01,106,1,B5,0B84703B8479CF94,0,0,1,0,1,0,0,1,1,1,1,1,0,0,1,1,1,0,0,1,1,1,1,0,0,0,1,0,0,0,0,1,1,1,0,1,1,1,0,0,0,0,0,0,1,1,1,0,0,0,1,0,0,0,0,1,1,1,0,1,0,0,0,0,1,0,1,0,1,1,0,1
restart_aligned_bits_regs_only_warmup40_cap1024_run01,107,0,3C,0F84732F94FBCF90,0,0,0,0,1,0,0,1,1,1,1,1,0,0,1,1,1,1,0,1,1,1,1,1,0,0,1,0,1,0,0,1,1,1,1,1,0,1,0,0,1,1,0,0,1,1,1,0,0,0,1,0,0,0,0,1,1,1,1,1,0,0,0,0,0,0,1,1,1,1,0,0
restart_aligned_bits_regs_only_warmup40_cap1024_run01,108,0,8D,0B84712B9479CF94,0,0,1,0,1,0,0,1,1,1,1,1,0,0,1,1,1,0,0,1,1,1,1,0,0,0,1,0,1,0,0,1,1,1,0,1,0,1,0,0,1,0,0,0,1,1,1,0,0,0,1,0,0,0,0,1,1,1,0,1,0,0,0,0,1,0,1,1,0,0,0,1
restart_aligned_bits_regs_only_warmup40_cap1024_run01,109,0,99,0B84712A9471CF94,0,0,1,0,1,0,0,1,1,1,1,1,0,0,1,1,1,0,0,0,1,1,1,0,0,0,1,0,1,0,0,1,0,1,0,1,0,1,0,0,1,0,0,0,1,1,1,0,0,0,1,0,0,0,0,1,1,1,0,1,0,0,0,0,1,0,0,1,1,0,0,1
restart_aligned_bits_regs_only_warmup40_cap1024_run01,110,1,91,0B84713B84F3CF94,0,0,1,0,1,0,0,1,1,1,1,1,0,0,1,1,1,1,0,0,1,1,1,1,0,0,1,0,0,0,0,1,1,1,0,1,1,1,0,0,1,0,0,0,1,1,1,0,0,0,1,0,0,0,0,1,1,1,0,1,0,0,0,0,1,0,0,0,1,0,0,1
restart_aligned_bits_regs_only_warmup40_cap1024_run01,111,0,E1,0B8C702B9C71CF94,0,0,1,0,1,0,0,1,1,1,1,1,0,0,1,1,1,0,0,0,1,1,1,0,0,0,1,1,1,0,0,1,1,1,0,1,0,1,0,0,0,0,0,0,1,1,1,0,0,0,1,1,0,0,0,1,1,1,0,1,0,0,0,0,1,0,0,0,0,1,1,1
restart_aligned_bits_regs_only_warmup40_cap1024_run01,112,1,34,0F84732F9C73CF90,0,0,0,0,1,0,0,1,1,1,1,1,0,0,1,1,1,1,0,0,1,1,1,0,0,0,1,1,1,0,0,1,1,1,1,1,0,1,0,0,1,1,0,0,1,1,1,0,0,0,1,0,0,0,0,1,1,1,1,1,0,0,0,0,0,0,1,0,1,1,0,0
restart_aligned_bits_regs_only_warmup40_cap1024_run01,113,0,11,8B84712F9C71CF94,0,0,1,0,1,0,0,1,1,1,1,1,0,0,1,1,1,0,0,0,1,1,1,0,0,0,1,1,1,0,0,1,1,1,1,1,0,1,0,0,1,0,0,0,1,1,1,0,0,0,1,0,0,0,0,1,1,1,0,1,0,0,0,1,1,0,0,0,1,0,0,0
restart_aligned_bits_regs_only_warmup40_cap1024_run01,114,1,BC,0B84703B85F8CF84,0,0,1,0,0,0,0,1,1,1,1,1,0,0,1,1,0,0,0,1,1,1,1,1,1,0,1,0,0,0,0,1,1,1,0,1,1,1,0,0,0,0,0,0,1,1,1,0,0,0,1,0,0,0,0,1,1,1,0,1,0,0,0,0,0,0,1,1,1,1,0,1
restart_aligned_bits_regs_only_warmup40_cap1024_run01,115,1,20,0F84703F9C71CF90,0,0,0,0,1,0,0,1,1,1,1,1,0,0,1,1,1,0,0,0,1,1,1,0,0,0,1,1,1,0,0,1,1,1,1,1,1,1,0,0,0,0,0,0,1,1,1,0,0,0,1,0,0,0,0,1,1,1,1,1,0,0,0,0,0,0,0,0,0,1,0,0
restart_aligned_bits_regs_only_warmup40_cap1024_run01,116,0,F9,0B8C703B9EF5CF94,0,0,1,0,1,0,0,1,1,1,1,1,0,0,1,1,1,0,1,0,1,1,1,1,0,1,1,1,1,0,0,1,1,1,0,1,1,1,0,0,0,0,0,0,1,1,1,0,0,0,1,1,0,0,0,1,1,1,0,1,0,0,0,0,1,0,0,1,1,1,1,1
restart_aligned_bits_regs_only_warmup40_cap1024_run01,117,0,5C,0FC4712F9479CF90,0,0,0,0,1,0,0,1,1,1,1,1,0,0,1,1,1,0,0,1,1,1,1,0,0,0,1,0,1,0,0,1,1,1,1,1,0,1,0,0,1,0,0,0,1,1,1,0,0,0,1,0,0,0,1,1,1,1,1,1,0,0,0,0,0,0,1,1,1,0,1,0
restart_aligned_bits_regs_only_warmup40_cap1024_run01,118,0,99,0B84F03B94F9CF94,0,0,1,0,1,0,0,1,1,1,1,1,0,0,1,1,1,0,0,1,1,1,1,1,0,0,1,0,1,0,0,1,1,1,0,1,1,1,0,0,0,0,0,0,1,1,1,1,0,0,1,0,0,0,0,1,1,1,0,1,0,0,0,0,1,0,0,1,1,0,0,1
restart_aligned_bits_regs_only_warmup40_cap1024_run01,119,0,95,0B84F03B9CF1CF94,0,0,1,0,1,0,0,1,1,1,1,1,0,0,1,1,1,0,0,0,1,1,1,1,0,0,1,1,1,0,0,1,1,1,0,1,1,1,0,0,0,0,0,0,1,1,1,1,0,0,1,0,0,0,0,1,1,1,0,1,0,0,0,0,1,0,1,0,1,0,0,1
restart_aligned_bits_regs_only_warmup40_cap1024_run01,120,0,18,0F84712F94F9CF90,0,0,0,0,1,0,0,1,1,1,1,1,0,0,1,1,1,0,0,1,1,1,1,1,0,0,1,0,1,0,0,1,1,1,1,1,0,1,0,0,1,0,0,0,1,1,1,0,0,0,1,0,0,0,0,1,1,1,1,1,0,0,0,0,0,0,0,1,1,0,0,0
restart_aligned_bits_regs_only_warmup40_cap1024_run01,121,0,FA,0B94612A9469DFB4,0,0,1,0,1,1,0,1,1,1,1,1,1,0,1,1,1,0,0,1,0,1,1,0,0,0,1,0,1,0,0,1,0,1,0,1,0,1,0,0,1,0,0,0,0,1,1,0,0,0,1,0,1,0,0,1,1,1,0,1,0,0,0,0,0,1,0,1,1,1,1,1
restart_aligned_bits_regs_only_warmup40_cap1024_run01,122,1,0D,4B84307BDCF1CF94,0,0,1,0,1,0,0,1,1,1,1,1,0,0,1,1,1,0,0,0,1,1,1,1,0,0,1,1,1,0,1,1,1,1,0,1,1,1,1,0,0,0,0,0,1,1,0,0,0,0,1,0,0,0,0,1,1,1,0,1,0,0,1,0,1,0,1,1,0,0,0,0
restart_aligned_bits_regs_only_warmup40_cap1024_run01,123,0,FC,0B8C703B8CF1CF84,0,0,1,0,0,0,0,1,1,1,1,1,0,0,1,1,1,0,0,0,1,1,1,1,0,0,1,1,0,0,0,1,1,1,0,1,1,1,0,0,0,0,0,0,1,1,1,0,0,0,1,1,0,0,0,1,1,1,0,1,0,0,0,0,0,0,1,1,1,1,1,1
restart_aligned_bits_regs_only_warmup40_cap1024_run01,124,1,25,0F84733F84FBCF80,0,0,0,0,0,0,0,1,1,1,1,1,0,0,1,1,1,1,0,1,1,1,1,1,0,0,1,0,0,0,0,1,1,1,1,1,1,1,0,0,1,1,0,0,1,1,1,0,0,0,1,0,0,0,0,1,1,1,1,1,0,0,0,0,1,0,1,0,0,1,0,0
restart_aligned_bits_regs_only_warmup40_cap1024_run01,125,1,1C,0F84712F9479CF90,0,0,0,0,1,0,0,1,1,1,1,1,0,0,1,1,1,0,0,1,1,1,1,0,0,0,1,0,1,0,0,1,1,1,1,1,0,1,0,0,1,0,0,0,1,1,1,0,0,0,1,0,0,0,0,1,1,1,1,1,0,0,0,0,0,0,1,1,1,0,0,0
restart_aligned_bits_regs_only_warmup40_cap1024_run01,126,0,18,0F84712F94F9CF90,0,0,0,0,1,0,0,1,1,1,1,1,0,0,1,1,1,0,0,1,1,1,1,1,0,0,1,0,1,0,0,1,1,1,1,1,0,1,0,0,1,0,0,0,1,1,1,0,0,0,1,0,0,0,0,1,1,1,1,1,0,0,0,0,0,0,0,1,1,0,0,0
restart_aligned_bits_regs_only_warmup40_cap1024_run01,127,0,B1,0B84F26B9CF3CF94,0,0,1,0,1,0,0,1,1,1,1,1,0,0,1,1,1,1,0,0,1,1,1,1,0,0,1,1,1,0,0,1,1,1,0,1,0,1,1,0,0,1,0,0,1,1,1,1,0,0,1,0,0,0,0,1,1,1,0,1,0,0,0,0,1,0,0,0,1,1,0,1
restart_aligned_bits_regs_only_warmup40_cap1024_run01,128,1,EC,0B8C707B8CF1CF84,0,0,1,0,0,0,0,1,1,1,1,1,0,0,1,1,1,0,0,0,1,1,1,1,0,0,1,1,0,0,0,1,1,1,0,1,1,1,1,0,0,0,0,0,1,1,1,0,0,0,1,1,0,0,0,1,1,1,0,1,0,0,0,0,0,0,1,1,0,1,1,1
restart_aligned_bits_regs_only_warmup40_cap1024_run01,129,1,89,0B84722B94FFCF94,0,0,1,0,1,0,0,1,1,1,1,1,0,0,1,1,1,1,1,1,1,1,1,1,0,0,1,0,1,0,0,1,1,1,0,1,0,1,0,0,0,1,0,0,1,1,1,0,0,0,1,0,0,0,0,1,1,1,0,1,0,0,0,0,1,0,0,1,0,0,0,1
restart_aligned_bits_regs_only_warmup40_cap1024_run01,130,1,B0,0B84703B84F3CF84,0,0,1,0,0,0,0,1,1,1,1,1,0,0,1,1,1,1,0,0,1,1,1,1,0,0,1,0,0,0,0,1,1,1,0,1,1,1,0,0,0,0,0,0,1,1,1,0,0,0,1,0,0,0,0,1,1,1,0,1,0,0,0,0,0,0,0,0,1,1,0,1
restart_aligned_bits_regs_only_warmup40_cap1024_run01,131,1,BC,0B84F13B8CF1CF84,0,0,1,0,0,0,0,1,1,1,1,1,0,0,1,1,1,0,0,0,1,1,1,1,0,0,1,1,0,0,0,1,1,1,0,1,1,1,0,0,1,0,0,0,1,1,1,1,0,0,1,0,0,0,0,1,1,1,0,1,0,0,0,0,0,0,1,1,1,1,0,1
restart_aligned_bits_regs_only_warmup40_cap1024_run01,132,1,A1,0B84707B9C71CF94,0,0,1,0,1,0,0,1,1,1,1,1,0,0,1,1,1,0,0,0,1,1,1,0,0,0,1,1,1,0,0,1,1,1,0,1,1,1,1,0,0,0,0,0,1,1,1,0,0,0,1,0,0,0,0,1,1,1,0,1,0,0,0,0,1,0,0,0,0,1,0,1
restart_aligned_bits_regs_only_warmup40_cap1024_run01,133,0,24,0F84733F9C73CF90,0,0,0,0,1,0,0,1,1,1,1,1,0,0,1,1,1,1,0,0,1,1,1,0,0,0,1,1,1,0,0,1,1,1,1,1,1,1,0,0,1,1,0,0,1,1,1,0,0,0,1,0,0,0,0,1,1,1,1,1,0,0,0,0,0,0,1,0,0,1,0,0
restart_aligned_bits_regs_only_warmup40_cap1024_run01,134,0,A9,0B84702B94F9CF94,0,0,1,0,1,0,0,1,1,1,1,1,0,0,1,1,1,0,0,1,1,1,1,1,0,0,1,0,1,0,0,1,1,1,0,1,0,1,0,0,0,0,0,0,1,1,1,0,0,0,1,0,0,0,0,1,1,1,0,1,0,0,0,0,1,0,0,1,0,1,0,1
restart_aligned_bits_regs_only_warmup40_cap1024_run01,135,1,FD,0BC4703B94F1CF94,0,0,1,0,1,0,0,1,1,1,1,1,0,0,1,1,1,0,0,0,1,1,1,1,0,0,1,0,1,0,0,1,1,1,0,1,1,1,0,0,0,0,0,0,1,1,1,0,0,0,1,0,0,0,1,1,1,1,0,1,0,0,0,0,1,0,1,1,1,1,1,1
restart_aligned_bits_regs_only_warmup40_cap1024_run01,136,1,7F,0FC4702F94F18FD0,0,0,0,0,1,0,1,1,1,1,1,1,0,0,0,1,1,0,0,0,1,1,1,1,0,0,1,0,1,0,0,1,1,1,1,1,0,1,0,0,0,0,0,0,1,1,1,0,0,0,1,0,0,0,1,1,1,1,1,1,0,0,0,0,1,1,1,1,1,1,1,0
restart_aligned_bits_regs_only_warmup40_cap1024_run01,137,1,C8,0BC4722B947BCFD4,0,0,1,0,1,0,1,1,1,1,1,1,0,0,1,1,1,1,0,1,1,1,1,0,0,0,1,0,1,0,0,1,1,1,0,1,0,1,0,0,0,1,0,0,1,1,1,0,0,0,1,0,0,0,1,1,1,1,0,1,0,0,0,0,0,0,0,1,0,0,1,1
restart_aligned_bits_regs_only_warmup40_cap1024_run01,138,0,B8,0B84703B85F9CF84,0,0,1,0,0,0,0,1,1,1,1,1,0,0,1,1,1,0,0,1,1,1,1,1,1,0,1,0,0,0,0,1,1,1,0,1,1,1,0,0,0,0,0,0,1,1,1,0,0,0,1,0,0,0,0,1,1,1,0,1,0,0,0,0,0,0,0,1,1,1,0,1
restart_aligned_bits_regs_only_warmup40_cap1024_run01,139,0,B4,0B84733B84FBCF84,0,0,1,0,0,0,0,1,1,1,1,1,0,0,1,1,1,1,0,1,1,1,1,1,0,0,1,0,0,0,0,1,1,1,0,1,1,1,0,0,1,1,0,0,1,1,1,0,0,0,1,0,0,0,0,1,1,1,0,1,0,0,0,0,0,0,1,0,1,1,0,1
restart_aligned_bits_regs_only_warmup40_cap1024_run01,140,1,AD,0B84702B9479CF94,0,0,1,0,1,0,0,1,1,1,1,1,0,0,1,1,1,0,0,1,1,1,1,0,0,0,1,0,1,0,0,1,1,1,0,1,0,1,0,0,0,0,0,0,1,1,1,0,0,0,1,0,0,0,0,1,1,1,0,1,0,0,0,0,1,0,1,1,0,1,0,1
restart_aligned_bits_regs_only_warmup40_cap1024_run01,141,1,01,0F847B3F847BCF80,0,0,0,0,0,0,0,1,1,1,1,1,0,0,1,1,1,1,0,1,1,1,1,0,0,0,1,0,0,0,0,1,1,1,1,1,1,1,0,0,1,1,0,1,1,1,1,0,0,0,1,0,0,0,0,1,1,1,1,1,0,0,0,0,1,0,0,0,0,0,0,0
restart_aligned_bits_regs_only_warmup40_cap1024_run01,142,0,7E,0FC4792F9479C790,0,0,0,0,1,0,0,1,1,1,1,0,0,0,1,1,1,0,0,1,1,1,1,0,0,0,1,0,1,0,0,1,1,1,1,1,0,1,0,0,1,0,0,1,1,1,1,0,0,0,1,0,0,0,1,1,1,1,1,1,0,0,0,0,0,1,1,1,1,1,1,0
restart_aligned_bits_regs_only_warmup40_cap1024_run01,143,1,D6,0BC4723B9C738FD4,0,0,1,0,1,0,1,1,1,1,1,1,0,0,0,1,1,1,0,0,1,1,1,0,0,0,1,1,1,0,0,1,1,1,0,1,1,1,0,0,0,1,0,0,1,1,1,0,0,0,1,0,0,0,1,1,1,1,0,1,0,0,0,0,0,1,1,0,1,0,1,1
restart_aligned_bits_regs_only_warmup40_cap1024_run01,144,1,89,0B84713A94F9CF94,0,0,1,0,1,0,0,1,1,1,1,1,0,0,1,1,1,0,0,1,1,1,1,1,0,0,1,0,1,0,0,1,0,1,0,1,1,1,0,0,1,0,0,0,1,1,1,0,0,0,1,0,0,0,0,1,1,1,0,1,0,0,0,0,1,0,0,1,0,0,0,1
restart_aligned_bits_regs_only_warmup40_cap1024_run01,145,1,80,0B84713F84F9CF84,0,0,1,0,0,0,0,1,1,1,1,1,0,0,1,1,1,0,0,1,1,1,1,1,0,0,1,0,0,0,0,1,1,1,1,1,1,1,0,0,1,0,0,0,1,1,1,0,0,0,1,0,0,0,0,1,1,1,0,1,0,0,0,0,0,0,0,0,0,0,0,1
restart_aligned_bits_regs_only_warmup40_cap1024_run01,146,1,20,0F84706F9071CF90,0,0,0,0,1,0,0,1,1,1,1,1,0,0,1,1,1,0,0,0,1,1,1,0,0,0,0,0,1,0,0,1,1,1,1,1,0,1,1,0,0,0,0,0,1,1,1,0,0,0,1,0,0,0,0,1,1,1,1,1,0,0,0,0,0,0,0,0,0,1,0,0
restart_aligned_bits_regs_only_warmup40_cap1024_run01,147,0,00,0F84713F90F9CF90,0,0,0,0,1,0,0,1,1,1,1,1,0,0,1,1,1,0,0,1,1,1,1,1,0,0,0,0,1,0,0,1,1,1,1,1,1,1,0,0,1,0,0,0,1,1,1,0,0,0,1,0,0,0,0,1,1,1,1,1,0,0,0,0,0,0,0,0,0,0,0,0
restart_aligned_bits_regs_only_warmup40_cap1024_run01,148,1,29,0F84733F80F3CF80,0,0,0,0,0,0,0,1,1,1,1,1,0,0,1,1,1,1,0,0,1,1,1,1,0,0,0,0,0,0,0,1,1,1,1,1,1,1,0,0,1,1,0,0,1,1,1,0,0,0,1,0,0,0,0,1,1,1,1,1,0,0,0,0,1,0,0,1,0,1,0,0
restart_aligned_bits_regs_only_warmup40_cap1024_run01,149,0,B1,0B84733B84F3CF94,0,0,1,0,1,0,0,1,1,1,1,1,0,0,1,1,1,1,0,0,1,1,1,1,0,0,1,0,0,0,0,1,1,1,0,1,1,1,0,0,1,1,0,0,1,1,1,0,0,0,1,0,0,0,0,1,1,1,0,1,0,0,0,0,1,0,0,0,1,1,0,1
restart_aligned_bits_regs_only_warmup40_cap1024_run01,150,1,89,0B84712B94F9CF94,0,0,1,0,1,0,0,1,1,1,1,1,0,0,1,1,1,0,0,1,1,1,1,1,0,0,1,0,1,0,0,1,1,1,0,1,0,1,0,0,1,0,0,0,1,1,1,0,0,0,1,0,0,0,0,1,1,1,0,1,0,0,0,0,1,0,0,1,0,0,0,1
restart_aligned_bits_regs_only_warmup40_cap1024_run01,151,0,B8,0B84703B8C71CF84,0,0,1,0,0,0,0,1,1,1,1,1,0,0,1,1,1,0,0,0,1,1,1,0,0,0,1,1,0,0,0,1,1,1,0,1,1,1,0,0,0,0,0,0,1,1,1,0,0,0,1,0,0,0,0,1,1,1,0,1,0,0,0,0,0,0,0,1,1,1,0,1
restart_aligned_bits_regs_only_warmup40_cap1024_run01,152,0,B4,0B84F23B84FBCF84,0,0,1,0,0,0,0,1,1,1,1,1,0,0,1,1,1,1,0,1,1,1,1,1,0,0,1,0,0,0,0,1,1,1,0,1,1,1,0,0,0,1,0,0,1,1,1,1,0,0,1,0,0,0,0,1,1,1,0,1,0,0,0,0,0,0,1,0,1,1,0,1
restart_aligned_bits_regs_only_warmup40_cap1024_run01,153,0,B4,0B84703B8479CF84,0,0,1,0,0,0,0,1,1,1,1,1,0,0,1,1,1,0,0,1,1,1,1,0,0,0,1,0,0,0,0,1,1,1,0,1,1,1,0,0,0,0,0,0,1,1,1,0,0,0,1,0,0,0,0,1,1,1,0,1,0,0,0,0,0,0,1,0,1,1,0,1
restart_aligned_bits_regs_only_warmup40_cap1024_run01,154,1,B9,0B84F16B94DBCF94,0,0,1,0,1,0,0,1,1,1,1,1,0,0,1,1,1,1,0,1,1,0,1,1,0,0,1,0,1,0,0,1,1,1,0,1,0,1,1,0,1,0,0,0,1,1,1,1,0,0,1,0,0,0,0,1,1,1,0,1,0,0,0,0,1,0,0,1,1,1,0,1
restart_aligned_bits_regs_only_warmup40_cap1024_run01,155,1,25,0F84733F84FBCF80,0,0,0,0,0,0,0,1,1,1,1,1,0,0,1,1,1,1,0,1,1,1,1,1,0,0,1,0,0,0,0,1,1,1,1,1,1,1,0,0,1,1,0,0,1,1,1,0,0,0,1,0,0,0,0,1,1,1,1,1,0,0,0,0,1,0,1,0,0,1,0,0
restart_aligned_bits_regs_only_warmup40_cap1024_run01,156,0,B1,0B84F13B84F9CF94,0,0,1,0,1,0,0,1,1,1,1,1,0,0,1,1,1,0,0,1,1,1,1,1,0,0,1,0,0,0,0,1,1,1,0,1,1,1,0,0,1,0,0,0,1,1,1,1,0,0,1,0,0,0,0,1,1,1,0,1,0,0,0,0,1,0,0,0,1,1,0,1
restart_aligned_bits_regs_only_warmup40_cap1024_run01,157,1,B0,0B84703B84F9CF84,0,0,1,0,0,0,0,1,1,1,1,1,0,0,1,1,1,0,0,1,1,1,1,1,0,0,1,0,0,0,0,1,1,1,0,1,1,1,0,0,0,0,0,0,1,1,1,0,0,0,1,0,0,0,0,1,1,1,0,1,0,0,0,0,0,0,0,0,1,1,0,1
restart_aligned_bits_regs_only_warmup40_cap1024_run01,158,1,38,0F84732F94F3CF90,0,0,0,0,1,0,0,1,1,1,1,1,0,0,1,1,1,1,0,0,1,1,1,1,0,0,1,0,1,0,0,1,1,1,1,1,0,1,0,0,1,1,0,0,1,1,1,0,0,0,1,0,0,0,0,1,1,1,1,1,0,0,0,0,0,0,0,1,1,1,0,0
restart_aligned_bits_regs_only_warmup40_cap1024_run01,159,1,E5,0B8CF17B9CF1CF94,0,0,1,0,1,0,0,1,1,1,1,1,0,0,1,1,1,0,0,0,1,1,1,1,0,0,1,1,1,0,0,1,1,1,0,1,1,1,1,0,1,0,0,0,1,1,1,1,0,0,1,1,0,0,0,1,1,1,0,1,0,0,0,0,1,0,1,0,0,1,1,1
restart_aligned_bits_regs_only_warmup40_cap1024_run01,160,0,AC,0B84703F8CF1CF90,0,0,0,0,1,0,0,1,1,1,1,1,0,0,1,1,1,0,0,0,1,1,1,1,0,0,1,1,0,0,0,1,1,1,1,1,1,1,0,0,0,0,0,0,1,1,1,0,0,0,1,0,0,0,0,1,1,1,0,1,0,0,0,0,0,0,1,1,0,1,0,1
restart_aligned_bits_regs_only_warmup40_cap1024_run01,161,1,94,0B84717F84F1CF84,0,0,1,0,0,0,0,1,1,1,1,1,0,0,1,1,1,0,0,0,1,1,1,1,0,0,1,0,0,0,0,1,1,1,1,1,1,1,1,0,1,0,0,0,1,1,1,0,0,0,1,0,0,0,0,1,1,1,0,1,0,0,0,0,0,0,1,0,1,0,0,1
restart_aligned_bits_regs_only_warmup40_cap1024_run01,162,0,90,0B84723B84F3CF84,0,0,1,0,0,0,0,1,1,1,1,1,0,0,1,1,1,1,0,0,1,1,1,1,0,0,1,0,0,0,0,1,1,1,0,1,1,1,0,0,0,1,0,0,1,1,1,0,0,0,1,0,0,0,0,1,1,1,0,1,0,0,0,0,0,0,0,0,1,0,0,1
restart_aligned_bits_regs_only_warmup40_cap1024_run01,163,0,F0,0BC4703B84F9CF84,0,0,1,0,0,0,0,1,1,1,1,1,0,0,1,1,1,0,0,1,1,1,1,1,0,0,1,0,0,0,0,1,1,1,0,1,1,1,0,0,0,0,0,0,1,1,1,0,0,0,1,0,0,0,1,1,1,1,0,1,0,0,0,0,0,0,0,0,1,1,1,1
restart_aligned_bits_regs_only_warmup40_cap1024_run01,164,0,BD,0B84703B8CF1CF94,0,0,1,0,1,0,0,1,1,1,1,1,0,0,1,1,1,0,0,0,1,1,1,1,0,0,1,1,0,0,0,1,1,1,0,1,1,1,0,0,0,0,0,0,1,1,1,0,0,0,1,0,0,0,0,1,1,1,0,1,0,0,0,0,1,0,1,1,1,1,0,1
restart_aligned_bits_regs_only_warmup40_cap1024_run01,165,1,D5,0B8C713B9CF1CF94,0,0,1,0,1,0,0,1,1,1,1,1,0,0,1,1,1,0,0,0,1,1,1,1,0,0,1,1,1,0,0,1,1,1,0,1,1,1,0,0,1,0,0,0,1,1,1,0,0,0,1,1,0,0,0,1,1,1,0,1,0,0,0,0,1,0,1,0,1,0,1,1
restart_aligned_bits_regs_only_warmup40_cap1024_run01,166,1,38,0F84702F947BCF90,0,0,0,0,1,0,0,1,1,1,1,1,0,0,1,1,1,1,0,1,1,1,1,0,0,0,1,0,1,0,0,1,1,1,1,1,0,1,0,0,0,0,0,0,1,1,1,0,0,0,1,0,0,0,0,1,1,1,1,1,0,0,0,0,0,0,0,1,1,1,0,0
restart_aligned_bits_regs_only_warmup40_cap1024_run01,167,0,24,0F84703F8479CF90,0,0,0,0,1,0,0,1,1,1,1,1,0,0,1,1,1,0,0,1,1,1,1,0,0,0,1,0,0,0,0,1,1,1,1,1,1,1,0,0,0,0,0,0,1,1,1,0,0,0,1,0,0,0,0,1,1,1,1,1,0,0,0,0,0,0,1,0,0,1,0,0
restart_aligned_bits_regs_only_warmup40_cap1024_run01,168,1,34,0F84702F9CF1CF90,0,0,0,0,1,0,0,1,1,1,1,1,0,0,1,1,1,0,0,0,1,1,1,1,0,0,1,1,1,0,0,1,1,1,1,1,0,1,0,0,0,0,0,0,1,1,1,0,0,0,1,0,0,0,0,1,1,1,1,1,0,0,0,0,0,0,1,0,1,1,0,0
restart_aligned_bits_regs_only_warmup40_cap1024_run01,169,1,31,0F84707F84F9CF80,0,0,0,0,0,0,0,1,1,1,1,1,0,0,1,1,1,0,0,1,1,1,1,1,0,0,1,0,0,0,0,1,1,1,1,1,1,1,1,0,0,0,0,0,1,1,1,0,0,0,1,0,0,0,0,1,1,1,1,1,0,0,0,0,1,0,0,0,1,1,0,0
restart_aligned_bits_regs_only_warmup40_cap1024_run01,170,0,81,0B84727B9CF3CF94,0,0,1,0,1,0,0,1,1,1,1,1,0,0,1,1,1,1,0,0,1,1,1,1,0,0,1,1,1,0,0,1,1,1,0,1,1,1,1,0,0,1,0,0,1,1,1,0,0,0,1,0,0,0,0,1,1,1,0,1,0,0,0,0,1,0,0,0,0,0,0,1
restart_aligned_bits_regs_only_warmup40_cap1024_run01,171,1,F8,0B8C703B8C71CF84,0,0,1,0,0,0,0,1,1,1,1,1,0,0,1,1,1,0,0,0,1,1,1,0,0,0,1,1,0,0,0,1,1,1,0,1,1,1,0,0,0,0,0,0,1,1,1,0,0,0,1,1,0,0,0,1,1,1,0,1,0,0,0,0,0,0,0,1,1,1,1,1
restart_aligned_bits_regs_only_warmup40_cap1024_run01,172,0,8D,0B84F33F94FBCFB0,0,0,0,0,1,1,0,1,1,1,1,1,0,0,1,1,1,1,0,1,1,1,1,1,0,0,1,0,1,0,0,1,1,1,1,1,1,1,0,0,1,1,0,0,1,1,1,1,0,0,1,0,0,0,0,1,1,1,0,1,0,0,0,0,1,0,1,1,0,0,0,1
restart_aligned_bits_regs_only_warmup40_cap1024_run01,173,1,20,0F84706F9C71CF90,0,0,0,0,1,0,0,1,1,1,1,1,0,0,1,1,1,0,0,0,1,1,1,0,0,0,1,1,1,0,0,1,1,1,1,1,0,1,1,0,0,0,0,0,1,1,1,0,0,0,1,0,0,0,0,1,1,1,1,1,0,0,0,0,0,0,0,0,0,1,0,0
restart_aligned_bits_regs_only_warmup40_cap1024_run01,174,1,8C,0B84717B8CF1CF84,0,0,1,0,0,0,0,1,1,1,1,1,0,0,1,1,1,0,0,0,1,1,1,1,0,0,1,1,0,0,0,1,1,1,0,1,1,1,1,0,1,0,0,0,1,1,1,0,0,0,1,0,0,0,0,1,1,1,0,1,0,0,0,0,0,0,1,1,0,0,0,1
restart_aligned_bits_regs_only_warmup40_cap1024_run01,175,1,20,0F84733F907BCF90,0,0,0,0,1,0,0,1,1,1,1,1,0,0,1,1,1,1,0,1,1,1,1,0,0,0,0,0,1,0,0,1,1,1,1,1,1,1,0,0,1,1,0,0,1,1,1,0,0,0,1,0,0,0,0,1,1,1,1,1,0,0,0,0,0,0,0,0,0,1,0,0
restart_aligned_bits_regs_only_warmup40_cap1024_run01,176,0,18,0F84712F9471CF90,0,0,0,0,1,0,0,1,1,1,1,1,0,0,1,1,1,0,0,0,1,1,1,0,0,0,1,0,1,0,0,1,1,1,1,1,0,1,0,0,1,0,0,0,1,1,1,0,0,0,1,0,0,0,0,1,1,1,1,1,0,0,0,0,0,0,0,1,1,0,0,0
restart_aligned_bits_regs_only_warmup40_cap1024_run01,177,1,89,0B84717B94F9CF94,0,0,1,0,1,0,0,1,1,1,1,1,0,0,1,1,1,0,0,1,1,1,1,1,0,0,1,0,1,0,0,1,1,1,0,1,1,1,1,0,1,0,0,0,1,1,1,0,0,0,1,0,0,0,0,1,1,1,0,1,0,0,0,0,1,0,0,1,0,0,0,1
restart_aligned_bits_regs_only_warmup40_cap1024_run01,178,0,BD,0B84702F9479CF94,0,0,1,0,1,0,0,1,1,1,1,1,0,0,1,1,1,0,0,1,1,1,1,0,0,0,1,0,1,0,0,1,1,1,1,1,0,1,0,0,0,0,0,0,1,1,1,0,0,0,1,0,0,0,0,1,1,1,0,1,0,0,0,0,1,0,1,1,1,1,0,1
restart_aligned_bits_regs_only_warmup40_cap1024_run01,179,0,3A,0F84796E94F9C790,0,0,0,0,1,0,0,1,1,1,1,0,0,0,1,1,1,0,0,1,1,1,1,1,0,0,1,0,1,0,0,1,0,1,1,1,0,1,1,0,1,0,0,1,1,1,1,0,0,0,1,0,0,0,0,1,1,1,1,1,0,0,0,0,0,1,0,1,1,1,0,0
restart_aligned_bits_regs_only_warmup40_cap1024_run01,180,0,8D,0B84712B9479CF94,0,0,1,0,1,0,0,1,1,1,1,1,0,0,1,1,1,0,0,1,1,1,1,0,0,0,1,0,1,0,0,1,1,1,0,1,0,1,0,0,1,0,0,0,1,1,1,0,0,0,1,0,0,0,0,1,1,1,0,1,0,0,0,0,1,0,1,1,0,0,0,1
restart_aligned_bits_regs_only_warmup40_cap1024_run01,181,1,38,0F84702F94F9CF90,0,0,0,0,1,0,0,1,1,1,1,1,0,0,1,1,1,0,0,1,1,1,1,1,0,0,1,0,1,0,0,1,1,1,1,1,0,1,0,0,0,0,0,0,1,1,1,0,0,0,1,0,0,0,0,1,1,1,1,1,0,0,0,0,0,0,0,1,1,1,0,0
restart_aligned_bits_regs_only_warmup40_cap1024_run01,182,0,90,0B84713B8471CF84,0,0,1,0,0,0,0,1,1,1,1,1,0,0,1,1,1,0,0,0,1,1,1,0,0,0,1,0,0,0,0,1,1,1,0,1,1,1,0,0,1,0,0,0,1,1,1,0,0,0,1,0,0,0,0,1,1,1,0,1,0,0,0,0,0,0,0,0,1,0,0,1
restart_aligned_bits_regs_only_warmup40_cap1024_run01,183,1,89,0B84712B94F9CF94,0,0,1,0,1,0,0,1,1,1,1,1,0,0,1,1,1,0,0,1,1,1,1,1,0,0,1,0,1,0,0,1,1,1,0,1,0,1,0,0,1,0,0,0,1,1,1,0,0,0,1,0,0,0,0,1,1,1,0,1,0,0,0,0,1,0,0,1,0,0,0,1
restart_aligned_bits_regs_only_warmup40_cap1024_run01,184,1,20,0F84703F84F9CF90,0,0,0,0,1,0,0,1,1,1,1,1,0,0,1,1,1,0,0,1,1,1,1,1,0,0,1,0,0,0,0,1,1,1,1,1,1,1,0,0,0,0,0,0,1,1,1,0,0,0,1,0,0,0,0,1,1,1,1,1,0,0,0,0,0,0,0,0,0,1,0,0
restart_aligned_bits_regs_only_warmup40_cap1024_run01,185,1,B9,0B84702F94F9CF94,0,0,1,0,1,0,0,1,1,1,1,1,0,0,1,1,1,0,0,1,1,1,1,1,0,0,1,0,1,0,0,1,1,1,1,1,0,1,0,0,0,0,0,0,1,1,1,0,0,0,1,0,0,0,0,1,1,1,0,1,0,0,0,0,1,0,0,1,1,1,0,1
restart_aligned_bits_regs_only_warmup40_cap1024_run01,186,1,34,0F84732F9073CF90,0,0,0,0,1,0,0,1,1,1,1,1,0,0,1,1,1,1,0,0,1,1,1,0,0,0,0,0,1,0,0,1,1,1,1,1,0,1,0,0,1,1,0,0,1,1,1,0,0,0,1,0,0,0,0,1,1,1,1,1,0,0,0,0,0,0,1,0,1,1,0,0
restart_aligned_bits_regs_only_warmup40_cap1024_run01,187,1,91,0B84717F84F9CF80,0,0,0,0,0,0,0,1,1,1,1,1,0,0,1,1,1,0,0,1,1,1,1,1,0,0,1,0,0,0,0,1,1,1,1,1,1,1,1,0,1,0,0,0,1,1,1,0,0,0,1,0,0,0,0,1,1,1,0,1,0,0,0,0,1,0,0,0,1,0,0,1
restart_aligned_bits_regs_only_warmup40_cap1024_run01,188,0,18,0F84722F947BCF90,0,0,0,0,1,0,0,1,1,1,1,1,0,0,1,1,1,1,0,1,1,1,1,0,0,0,1,0,1,0,0,1,1,1,1,1,0,1,0,0,0,1,0,0,1,1,1,0,0,0,1,0,0,0,0,1,1,1,1,1,0,0,0,0,0,0,0,1,1,0,0,0
restart_aligned_bits_regs_only_warmup40_cap1024_run01,189,0,0C,0F847B7E94FBCF90,0,0,0,0,1,0,0,1,1,1,1,1,0,0,1,1,1,1,0,1,1,1,1,1,0,0,1,0,1,0,0,1,0,1,1,1,1,1,1,0,1,1,0,1,1,1,1,0,0,0,1,0,0,0,0,1,1,1,1,1,0,0,0,0,0,0,1,1,0,0,0,0
restart_aligned_bits_regs_only_warmup40_cap1024_run01,190,0,28,0F84736F947BCF90,0,0,0,0,1,0,0,1,1,1,1,1,0,0,1,1,1,1,0,1,1,1,1,0,0,0,1,0,1,0,0,1,1,1,1,1,0,1,1,0,1,1,0,0,1,1,1,0,0,0,1,0,0,0,0,1,1,1,1,1,0,0,0,0,0,0,0,1,0,1,0,0
restart_aligned_bits_regs_only_warmup40_cap1024_run01,191,0,BD,0B84732A94FBCF94,0,0,1,0,1,0,0,1,1,1,1,1,0,0,1,1,1,1,0,1,1,1,1,1,0,0,1,0,1,0,0,1,0,1,0,1,0,1,0,0,1,1,0,0,1,1,1,0,0,0,1,0,0,0,0,1,1,1,0,1,0,0,0,0,1,0,1,1,1,1,0,1
restart_aligned_bits_regs_only_warmup40_cap1024_run01,192,1,34,0F84732F9073CF90,0,0,0,0,1,0,0,1,1,1,1,1,0,0,1,1,1,1,0,0,1,1,1,0,0,0,0,0,1,0,0,1,1,1,1,1,0,1,0,0,1,1,0,0,1,1,1,0,0,0,1,0,0,0,0,1,1,1,1,1,0,0,0,0,0,0,1,0,1,1,0,0
restart_aligned_bits_regs_only_warmup40_cap1024_run01,193,0,BD,0B84732A94FBCF94,0,0,1,0,1,0,0,1,1,1,1,1,0,0,1,1,1,1,0,1,1,1,1,1,0,0,1,0,1,0,0,1,0,1,0,1,0,1,0,0,1,1,0,0,1,1,1,0,0,0,1,0,0,0,0,1,1,1,0,1,0,0,0,0,1,0,1,1,1,1,0,1
restart_aligned_bits_regs_only_warmup40_cap1024_run01,194,0,A9,0B84F17B94F9CF94,0,0,1,0,1,0,0,1,1,1,1,1,0,0,1,1,1,0,0,1,1,1,1,1,0,0,1,0,1,0,0,1,1,1,0,1,1,1,1,0,1,0,0,0,1,1,1,1,0,0,1,0,0,0,0,1,1,1,0,1,0,0,0,0,1,0,0,1,0,1,0,1
restart_aligned_bits_regs_only_warmup40_cap1024_run01,195,0,BD,0B84706B94F1CF94,0,0,1,0,1,0,0,1,1,1,1,1,0,0,1,1,1,0,0,0,1,1,1,1,0,0,1,0,1,0,0,1,1,1,0,1,0,1,1,0,0,0,0,0,1,1,1,0,0,0,1,0,0,0,0,1,1,1,0,1,0,0,0,0,1,0,1,1,1,1,0,1
restart_aligned_bits_regs_only_warmup40_cap1024_run01,196,0,A0,8F84732E907BCF90,0,0,0,0,1,0,0,1,1,1,1,1,0,0,1,1,1,1,0,1,1,1,1,0,0,0,0,0,1,0,0,1,0,1,1,1,0,1,0,0,1,1,0,0,1,1,1,0,0,0,1,0,0,0,0,1,1,1,1,1,0,0,0,1,0,0,0,0,0,1,0,1
restart_aligned_bits_regs_only_warmup40_cap1024_run01,197,0,BD,0B84737A94FBCF94,0,0,1,0,1,0,0,1,1,1,1,1,0,0,1,1,1,1,0,1,1,1,1,1,0,0,1,0,1,0,0,1,0,1,0,1,1,1,1,0,1,1,0,0,1,1,1,0,0,0,1,0,0,0,0,1,1,1,0,1,0,0,0,0,1,0,1,1,1,1,0,1
restart_aligned_bits_regs_only_warmup40_cap1024_run01,198,0,A9,0B84732B94F3CF94,0,0,1,0,1,0,0,1,1,1,1,1,0,0,1,1,1,1,0,0,1,1,1,1,0,0,1,0,1,0,0,1,1,1,0,1,0,1,0,0,1,1,0,0,1,1,1,0,0,0,1,0,0,0,0,1,1,1,0,1,0,0,0,0,1,0,0,1,0,1,0,1
restart_aligned_bits_regs_only_warmup40_cap1024_run01,199,1,B9,0B84F13B94F3CF94,0,0,1,0,1,0,0,1,1,1,1,1,0,0,1,1,1,1,0,0,1,1,1,1,0,0,1,0,1,0,0,1,1,1,0,1,1,1,0,0,1,0,0,0,1,1,1,1,0,0,1,0,0,0,0,1,1,1,0,1,0,0,0,0,1,0,0,1,1,1,0,1
restart_aligned_bits_regs_only_warmup40_cap1024_run01,200,0,28,0F84732E947BCF90,0,0,0,0,1,0,0,1,1,1,1,1,0,0,1,1,1,1,0,1,1,1,1,0,0,0,1,0,1,0,0,1,0,1,1,1,0,1,0,0,1,1,0,0,1,1,1,0,0,0,1,0,0,0,0,1,1,1,1,1,0,0,0,0,0,0,0,1,0,1,0,0
restart_aligned_bits_regs_only_warmup40_cap1024_run01,201,1,89,0B84712B9471CF94,0,0,1,0,1,0,0,1,1,1,1,1,0,0,1,1,1,0,0,0,1,1,1,0,0,0,1,0,1,0,0,1,1,1,0,1,0,1,0,0,1,0,0,0,1,1,1,0,0,0,1,0,0,0,0,1,1,1,0,1,0,0,0,0,1,0,0,1,0,0,0,1
restart_aligned_bits_regs_only_warmup40_cap1024_run01,202,0,BD,0B84736B9473CF94,0,0,1,0,1,0,0,1,1,1,1,1,0,0,1,1,1,1,0,0,1,1,1,0,0,0,1,0,1,0,0,1,1,1,0,1,0,1,1,0,1,1,0,0,1,1,1,0,0,0,1,0,0,0,0,1,1,1,0,1,0,0,0,0,1,0,1,1,1,1,0,1
restart_aligned_bits_regs_only_warmup40_cap1024_run01,203,1,B5,0B84733B8473CF94,0,0,1,0,1,0,0,1,1,1,1,1,0,0,1,1,1,1,0,0,1,1,1,0,0,0,1,0,0,0,0,1,1,1,0,1,1,1,0,0,1,1,0,0,1,1,1,0,0,0,1,0,0,0,0,1,1,1,0,1,0,0,0,0,1,0,1,0,1,1,0,1
restart_aligned_bits_regs_only_warmup40_cap1024_run01,204,0,F9,0BC4732A947BCF94,0,0,1,0,1,0,0,1,1,1,1,1,0,0,1,1,1,1,0,1,1,1,1,0,0,0,1,0,1,0,0,1,0,1,0,1,0,1,0,0,1,1,0,0,1,1,1,0,0,0,1,0,0,0,1,1,1,1,0,1,0,0,0,0,1,0,0,1,1,1,1,1
restart_aligned_bits_regs_only_warmup40_cap1024_run01,205,1,34,0F84732F90FBCF90,0,0,0,0,1,0,0,1,1,1,1,1,0,0,1,1,1,1,0,1,1,1,1,1,0,0,0,0,1,0,0,1,1,1,1,1,0,1,0,0,1,1,0,0,1,1,1,0,0,0,1,0,0,0,0,1,1,1,1,1,0,0,0,0,0,0,1,0,1,1,0,0
restart_aligned_bits_regs_only_warmup40_cap1024_run01,206,0,28,0F84732E947BCF90,0,0,0,0,1,0,0,1,1,1,1,1,0,0,1,1,1,1,0,1,1,1,1,0,0,0,1,0,1,0,0,1,0,1,1,1,0,1,0,0,1,1,0,0,1,1,1,0,0,0,1,0,0,0,0,1,1,1,1,1,0,0,0,0,0,0,0,1,0,1,0,0
restart_aligned_bits_regs_only_warmup40_cap1024_run01,207,0,9C,8F84712F9479CF90,0,0,0,0,1,0,0,1,1,1,1,1,0,0,1,1,1,0,0,1,1,1,1,0,0,0,1,0,1,0,0,1,1,1,1,1,0,1,0,0,1,0,0,0,1,1,1,0,0,0,1,0,0,0,0,1,1,1,1,1,0,0,0,1,0,0,1,1,1,0,0,1
restart_aligned_bits_regs_only_warmup40_cap1024_run01,208,1,91,0B84716B9C71CF94,0,0,1,0,1,0,0,1,1,1,1,1,0,0,1,1,1,0,0,0,1,1,1,0,0,0,1,1,1,0,0,1,1,1,0,1,0,1,1,0,1,0,0,0,1,1,1,0,0,0,1,0,0,0,0,1,1,1,0,1,0,0,0,0,1,0,0,0,1,0,0,1
restart_aligned_bits_regs_only_warmup40_cap1024_run01,209,1,B0,0B84733B847BCF84,0,0,1,0,0,0,0,1,1,1,1,1,0,0,1,1,1,1,0,1,1,1,1,0,0,0,1,0,0,0,0,1,1,1,0,1,1,1,0,0,1,1,0,0,1,1,1,0,0,0,1,0,0,0,0,1,1,1,0,1,0,0,0,0,0,0,0,0,1,1,0,1
restart_aligned_bits_regs_only_warmup40_cap1024_run01,210,0,8D,0B84713A9479CF94,0,0,1,0,1,0,0,1,1,1,1,1,0,0,1,1,1,0,0,1,1,1,1,0,0,0,1,0,1,0,0,1,0,1,0,1,1,1,0,0,1,0,0,0,1,1,1,0,0,0,1,0,0,0,0,1,1,1,0,1,0,0,0,0,1,0,1,1,0,0,0,1
restart_aligned_bits_regs_only_warmup40_cap1024_run01,211,0,BD,0B84736B94FBCF94,0,0,1,0,1,0,0,1,1,1,1,1,0,0,1,1,1,1,0,1,1,1,1,1,0,0,1,0,1,0,0,1,1,1,0,1,0,1,1,0,1,1,0,0,1,1,1,0,0,0,1,0,0,0,0,1,1,1,0,1,0,0,0,0,1,0,1,1,1,1,0,1
restart_aligned_bits_regs_only_warmup40_cap1024_run01,212,0,A9,0B84702B94F9CF94,0,0,1,0,1,0,0,1,1,1,1,1,0,0,1,1,1,0,0,1,1,1,1,1,0,0,1,0,1,0,0,1,1,1,0,1,0,1,0,0,0,0,0,0,1,1,1,0,0,0,1,0,0,0,0,1,1,1,0,1,0,0,0,0,1,0,0,1,0,1,0,1
restart_aligned_bits_regs_only_warmup40_cap1024_run01,213,0,8D,0B847B7B94FBCF94,0,0,1,0,1,0,0,1,1,1,1,1,0,0,1,1,1,1,0,1,1,1,1,1,0,0,1,0,1,0,0,1,1,1,0,1,1,1,1,0,1,1,0,1,1,1,1,0,0,0,1,0,0,0,0,1,1,1,0,1,0,0,0,0,1,0,1,1,0,0,0,1
restart_aligned_bits_regs_only_warmup40_cap1024_run01,214,1,C5,0B8C717B9CF1CF94,0,0,1,0,1,0,0,1,1,1,1,1,0,0,1,1,1,0,0,0,1,1,1,1,0,0,1,1,1,0,0,1,1,1,0,1,1,1,1,0,1,0,0,0,1,1,1,0,0,0,1,1,0,0,0,1,1,1,0,1,0,0,0,0,1,0,1,0,0,0,1,1
restart_aligned_bits_regs_only_warmup40_cap1024_run01,215,1,B9,0B84732F947BCF94,0,0,1,0,1,0,0,1,1,1,1,1,0,0,1,1,1,1,0,1,1,1,1,0,0,0,1,0,1,0,0,1,1,1,1,1,0,1,0,0,1,1,0,0,1,1,1,0,0,0,1,0,0,0,0,1,1,1,0,1,0,0,0,0,1,0,0,1,1,1,0,1
restart_aligned_bits_regs_only_warmup40_cap1024_run01,216,0,8D,0B84F07B94F1CF94,0,0,1,0,1,0,0,1,1,1,1,1,0,0,1,1,1,0,0,0,1,1,1,1,0,0,1,0,1,0,0,1,1,1,0,1,1,1,1,0,0,0,0,0,1,1,1,1,0,0,1,0,0,0,0,1,1,1,0,1,0,0,0,0,1,0,1,1,0,0,0,1
restart_aligned_bits_regs_only_warmup40_cap1024_run01,217,0,A9,0B84732B947BCF94,0,0,1,0,1,0,0,1,1,1,1,1,0,0,1,1,1,1,0,1,1,1,1,0,0,0,1,0,1,0,0,1,1,1,0,1,0,1,0,0,1,1,0,0,1,1,1,0,0,0,1,0,0,0,0,1,1,1,0,1,0,0,0,0,1,0,0,1,0,1,0,1
restart_aligned_bits_regs_only_warmup40_cap1024_run01,218,1,9D,0B84713B9479CF94,0,0,1,0,1,0,0,1,1,1,1,1,0,0,1,1,1,0,0,1,1,1,1,0,0,0,1,0,1,0,0,1,1,1,0,1,1,1,0,0,1,0,0,0,1,1,1,0,0,0,1,0,0,0,0,1,1,1,0,1,0,0,0,0,1,0,1,1,1,0,0,1
restart_aligned_bits_regs_only_warmup40_cap1024_run01,219,0,D4,0B8C713B8EF1CF84,0,0,1,0,0,0,0,1,1,1,1,1,0,0,1,1,1,0,0,0,1,1,1,1,0,1,1,1,0,0,0,1,1,1,0,1,1,1,0,0,1,0,0,0,1,1,1,0,0,0,1,1,0,0,0,1,1,1,0,1,0,0,0,0,0,0,1,0,1,0,1,1
restart_aligned_bits_regs_only_warmup40_cap1024_run01,220,1,9D,0B84712A94F1CF94,0,0,1,0,1,0,0,1,1,1,1,1,0,0,1,1,1,0,0,0,1,1,1,1,0,0,1,0,1,0,0,1,0,1,0,1,0,1,0,0,1,0,0,0,1,1,1,0,0,0,1,0,0,0,0,1,1,1,0,1,0,0,0,0,1,0,1,1,1,0,0,1
restart_aligned_bits_regs_only_warmup40_cap1024_run01,221,1,B0,0B84F13B84F9CF84,0,0,1,0,0,0,0,1,1,1,1,1,0,0,1,1,1,0,0,1,1,1,1,1,0,0,1,0,0,0,0,1,1,1,0,1,1,1,0,0,1,0,0,0,1,1,1,1,0,0,1,0,0,0,0,1,1,1,0,1,0,0,0,0,0,0,0,0,1,1,0,1
restart_aligned_bits_regs_only_warmup40_cap1024_run01,222,1,DA,0BC4712A94F98FD4,0,0,1,0,1,0,1,1,1,1,1,1,0,0,0,1,1,0,0,1,1,1,1,1,0,0,1,0,1,0,0,1,0,1,0,1,0,1,0,0,1,0,0,0,1,1,1,0,0,0,1,0,0,0,1,1,1,1,0,1,0,0,0,0,0,1,0,1,1,0,1,1
restart_aligned_bits_regs_only_warmup40_cap1024_run01,223,1,EC,0B8CF17B8CF1CF84,0,0,1,0,0,0,0,1,1,1,1,1,0,0,1,1,1,0,0,0,1,1,1,1,0,0,1,1,0,0,0,1,1,1,0,1,1,1,1,0,1,0,0,0,1,1,1,1,0,0,1,1,0,0,0,1,1,1,0,1,0,0,0,0,0,0,1,1,0,1,1,1
restart_aligned_bits_regs_only_warmup40_cap1024_run01,224,0,9C,8F84712F9479CF90,0,0,0,0,1,0,0,1,1,1,1,1,0,0,1,1,1,0,0,1,1,1,1,0,0,0,1,0,1,0,0,1,1,1,1,1,0,1,0,0,1,0,0,0,1,1,1,0,0,0,1,0,0,0,0,1,1,1,1,1,0,0,0,1,0,0,1,1,1,0,0,1
restart_aligned_bits_regs_only_warmup40_cap1024_run01,225,0,14,0F84712F9CF1CF90,0,0,0,0,1,0,0,1,1,1,1,1,0,0,1,1,1,0,0,0,1,1,1,1,0,0,1,1,1,0,0,1,1,1,1,1,0,1,0,0,1,0,0,0,1,1,1,0,0,0,1,0,0,0,0,1,1,1,1,1,0,0,0,0,0,0,1,0,1,0,0,0
restart_aligned_bits_regs_only_warmup40_cap1024_run01,226,1,1C,0F84712F9479CF90,0,0,0,0,1,0,0,1,1,1,1,1,0,0,1,1,1,0,0,1,1,1,1,0,0,0,1,0,1,0,0,1,1,1,1,1,0,1,0,0,1,0,0,0,1,1,1,0,0,0,1,0,0,0,0,1,1,1,1,1,0,0,0,0,0,0,1,1,1,0,0,0
restart_aligned_bits_regs_only_warmup40_cap1024_run01,227,0,8D,0B84713A9473CF94,0,0,1,0,1,0,0,1,1,1,1,1,0,0,1,1,1,1,0,0,1,1,1,0,0,0,1,0,1,0,0,1,0,1,0,1,1,1,0,0,1,0,0,0,1,1,1,0,0,0,1,0,0,0,0,1,1,1,0,1,0,0,0,0,1,0,1,1,0,0,0,1
restart_aligned_bits_regs_only_warmup40_cap1024_run01,228,1,85,0B84712B9CF1CF94,0,0,1,0,1,0,0,1,1,1,1,1,0,0,1,1,1,0,0,0,1,1,1,1,0,0,1,1,1,0,0,1,1,1,0,1,0,1,0,0,1,0,0,0,1,1,1,0,0,0,1,0,0,0,0,1,1,1,0,1,0,0,0,0,1,0,1,0,0,0,0,1
restart_aligned_bits_regs_only_warmup40_cap1024_run01,229,0,0C,0F84712E9479CF90,0,0,0,0,1,0,0,1,1,1,1,1,0,0,1,1,1,0,0,1,1,1,1,0,0,0,1,0,1,0,0,1,0,1,1,1,0,1,0,0,1,0,0,0,1,1,1,0,0,0,1,0,0,0,0,1,1,1,1,1,0,0,0,0,0,0,1,1,0,0,0,0
restart_aligned_bits_regs_only_warmup40_cap1024_run01,230,0,B8,0B84702F947BCF90,0,0,0,0,1,0,0,1,1,1,1,1,0,0,1,1,1,1,0,1,1,1,1,0,0,0,1,0,1,0,0,1,1,1,1,1,0,1,0,0,0,0,0,0,1,1,1,0,0,0,1,0,0,0,0,1,1,1,0,1,0,0,0,0,0,0,0,1,1,1,0,1
restart_aligned_bits_regs_only_warmup40_cap1024_run01,231,0,B8,8F84732F947BCF90,0,0,0,0,1,0,0,1,1,1,1,1,0,0,1,1,1,1,0,1,1,1,1,0,0,0,1,0,1,0,0,1,1,1,1,1,0,1,0,0,1,1,0,0,1,1,1,0,0,0,1,0,0,0,0,1,1,1,1,1,0,0,0,1,0,0,0,1,1,1,0,1
restart_aligned_bits_regs_only_warmup40_cap1024_run01,232,1,89,0B84712B947BCF94,0,0,1,0,1,0,0,1,1,1,1,1,0,0,1,1,1,1,0,1,1,1,1,0,0,0,1,0,1,0,0,1,1,1,0,1,0,1,0,0,1,0,0,0,1,1,1,0,0,0,1,0,0,0,0,1,1,1,0,1,0,0,0,0,1,0,0,1,0,0,0,1
restart_aligned_bits_regs_only_warmup40_cap1024_run01,233,0,99,0B84712F9471CF94,0,0,1,0,1,0,0,1,1,1,1,1,0,0,1,1,1,0,0,0,1,1,1,0,0,0,1,0,1,0,0,1,1,1,1,1,0,1,0,0,1,0,0,0,1,1,1,0,0,0,1,0,0,0,0,1,1,1,0,1,0,0,0,0,1,0,0,1,1,0,0,1
restart_aligned_bits_regs_only_warmup40_cap1024_run01,234,1,94,0B84713B8EF1CF84,0,0,1,0,0,0,0,1,1,1,1,1,0,0,1,1,1,0,0,0,1,1,1,1,0,1,1,1,0,0,0,1,1,1,0,1,1,1,0,0,1,0,0,0,1,1,1,0,0,0,1,0,0,0,0,1,1,1,0,1,0,0,0,0,0,0,1,0,1,0,0,1
restart_aligned_bits_regs_only_warmup40_cap1024_run01,235,0,3C,0F84702F94F1CF90,0,0,0,0,1,0,0,1,1,1,1,1,0,0,1,1,1,0,0,0,1,1,1,1,0,0,1,0,1,0,0,1,1,1,1,1,0,1,0,0,0,0,0,0,1,1,1,0,0,0,1,0,0,0,0,1,1,1,1,1,0,0,0,0,0,0,1,1,1,1,0,0
restart_aligned_bits_regs_only_warmup40_cap1024_run01,236,1,91,0B84713B84F9CF94,0,0,1,0,1,0,0,1,1,1,1,1,0,0,1,1,1,0,0,1,1,1,1,1,0,0,1,0,0,0,0,1,1,1,0,1,1,1,0,0,1,0,0,0,1,1,1,0,0,0,1,0,0,0,0,1,1,1,0,1,0,0,0,0,1,0,0,0,1,0,0,1
restart_aligned_bits_regs_only_warmup40_cap1024_run01,237,1,80,0B84717B84F9CF84,0,0,1,0,0,0,0,1,1,1,1,1,0,0,1,1,1,0,0,1,1,1,1,1,0,0,1,0,0,0,0,1,1,1,0,1,1,1,1,0,1,0,0,0,1,1,1,0,0,0,1,0,0,0,0,1,1,1,0,1,0,0,0,0,0,0,0,0,0,0,0,1
restart_aligned_bits_regs_only_warmup40_cap1024_run01,238,1,1C,0F84712F9479CF90,0,0,0,0,1,0,0,1,1,1,1,1,0,0,1,1,1,0,0,1,1,1,1,0,0,0,1,0,1,0,0,1,1,1,1,1,0,1,0,0,1,0,0,0,1,1,1,0,0,0,1,0,0,0,0,1,1,1,1,1,0,0,0,0,0,0,1,1,1,0,0,0
restart_aligned_bits_regs_only_warmup40_cap1024_run01,239,0,6F,0F94612E9479DFB0,0,0,0,0,1,1,0,1,1,1,1,1,1,0,1,1,1,0,0,1,1,1,1,0,0,0,1,0,1,0,0,1,0,1,1,1,0,1,0,0,1,0,0,0,0,1,1,0,0,0,1,0,1,0,0,1,1,1,1,1,0,0,0,0,1,1,1,1,0,1,1,0
restart_aligned_bits_regs_only_warmup40_cap1024_run01,240,1,91,0B84713B96F9CF94,0,0,1,0,1,0,0,1,1,1,1,1,0,0,1,1,1,0,0,1,1,1,1,1,0,1,1,0,1,0,0,1,1,1,0,1,1,1,0,0,1,0,0,0,1,1,1,0,0,0,1,0,0,0,0,1,1,1,0,1,0,0,0,0,1,0,0,0,1,0,0,1
restart_aligned_bits_regs_only_warmup40_cap1024_run01,241,1,F4,0BC4703B8EF1CF84,0,0,1,0,0,0,0,1,1,1,1,1,0,0,1,1,1,0,0,0,1,1,1,1,0,1,1,1,0,0,0,1,1,1,0,1,1,1,0,0,0,0,0,0,1,1,1,0,0,0,1,0,0,0,1,1,1,1,0,1,0,0,0,0,0,0,1,0,1,1,1,1
restart_aligned_bits_regs_only_warmup40_cap1024_run01,242,0,CC,0BC4712E9479CF90,0,0,0,0,1,0,0,1,1,1,1,1,0,0,1,1,1,0,0,1,1,1,1,0,0,0,1,0,1,0,0,1,0,1,1,1,0,1,0,0,1,0,0,0,1,1,1,0,0,0,1,0,0,0,1,1,1,1,0,1,0,0,0,0,0,0,1,1,0,0,1,1
restart_aligned_bits_regs_only_warmup40_cap1024_run01,243,1,94,0B84713B8EF1CF84,0,0,1,0,0,0,0,1,1,1,1,1,0,0,1,1,1,0,0,0,1,1,1,1,0,1,1,1,0,0,0,1,1,1,0,1,1,1,0,0,1,0,0,0,1,1,1,0,0,0,1,0,0,0,0,1,1,1,0,1,0,0,0,0,0,0,1,0,1,0,0,1
restart_aligned_bits_regs_only_warmup40_cap1024_run01,244,0,0C,0F84713F9479CF90,0,0,0,0,1,0,0,1,1,1,1,1,0,0,1,1,1,0,0,1,1,1,1,0,0,0,1,0,1,0,0,1,1,1,1,1,1,1,0,0,1,0,0,0,1,1,1,0,0,0,1,0,0,0,0,1,1,1,1,1,0,0,0,0,0,0,1,1,0,0,0,0
restart_aligned_bits_regs_only_warmup40_cap1024_run01,245,0,B1,0B84F13B84F9CF94,0,0,1,0,1,0,0,1,1,1,1,1,0,0,1,1,1,0,0,1,1,1,1,1,0,0,1,0,0,0,0,1,1,1,0,1,1,1,0,0,1,0,0,0,1,1,1,1,0,0,1,0,0,0,0,1,1,1,0,1,0,0,0,0,1,0,0,0,1,1,0,1
restart_aligned_bits_regs_only_warmup40_cap1024_run01,246,1,B9,0B84706B94F9CF94,0,0,1,0,1,0,0,1,1,1,1,1,0,0,1,1,1,0,0,1,1,1,1,1,0,0,1,0,1,0,0,1,1,1,0,1,0,1,1,0,0,0,0,0,1,1,1,0,0,0,1,0,0,0,0,1,1,1,0,1,0,0,0,0,1,0,0,1,1,1,0,1
restart_aligned_bits_regs_only_warmup40_cap1024_run01,247,0,BD,0B84703B8CF1CF94,0,0,1,0,1,0,0,1,1,1,1,1,0,0,1,1,1,0,0,0,1,1,1,1,0,0,1,1,0,0,0,1,1,1,0,1,1,1,0,0,0,0,0,0,1,1,1,0,0,0,1,0,0,0,0,1,1,1,0,1,0,0,0,0,1,0,1,1,1,1,0,1
restart_aligned_bits_regs_only_warmup40_cap1024_run01,248,1,AD,0B84703F8CF1CF94,0,0,1,0,1,0,0,1,1,1,1,1,0,0,1,1,1,0,0,0,1,1,1,1,0,0,1,1,0,0,0,1,1,1,1,1,1,1,0,0,0,0,0,0,1,1,1,0,0,0,1,0,0,0,0,1,1,1,0,1,0,0,0,0,1,0,1,1,0,1,0,1
restart_aligned_bits_regs_only_warmup40_cap1024_run01,249,1,B9,0B84703B8671CF94,0,0,1,0,1,0,0,1,1,1,1,1,0,0,1,1,1,0,0,0,1,1,1,0,0,1,1,0,0,0,0,1,1,1,0,1,1,1,0,0,0,0,0,0,1,1,1,0,0,0,1,0,0,0,0,1,1,1,0,1,0,0,0,0,1,0,0,1,1,1,0,1
restart_aligned_bits_regs_only_warmup40_cap1024_run01,250,1,2C,0F84737E94FBCF90,0,0,0,0,1,0,0,1,1,1,1,1,0,0,1,1,1,1,0,1,1,1,1,1,0,0,1,0,1,0,0,1,0,1,1,1,1,1,1,0,1,1,0,0,1,1,1,0,0,0,1,0,0,0,0,1,1,1,1,1,0,0,0,0,0,0,1,1,0,1,0,0
restart_aligned_bits_regs_only_warmup40_cap1024_run01,251,0,14,0F847B2F90FBCF90,0,0,0,0,1,0,0,1,1,1,1,1,0,0,1,1,1,1,0,1,1,1,1,1,0,0,0,0,1,0,0,1,1,1,1,1,0,1,0,0,1,1,0,1,1,1,1,0,0,0,1,0,0,0,0,1,1,1,1,1,0,0,0,0,0,0,1,0,1,0,0,0
restart_aligned_bits_regs_only_warmup40_cap1024_run01,252,0,D1,0BC4713B84F9CF94,0,0,1,0,1,0,0,1,1,1,1,1,0,0,1,1,1,0,0,1,1,1,1,1,0,0,1,0,0,0,0,1,1,1,0,1,1,1,0,0,1,0,0,0,1,1,1,0,0,0,1,0,0,0,1,1,1,1,0,1,0,0,0,0,1,0,0,0,1,0,1,1
restart_aligned_bits_regs_only_warmup40_cap1024_run01,253,0,A9,0B84702B94F9CF94,0,0,1,0,1,0,0,1,1,1,1,1,0,0,1,1,1,0,0,1,1,1,1,1,0,0,1,0,1,0,0,1,1,1,0,1,0,1,0,0,0,0,0,0,1,1,1,0,0,0,1,0,0,0,0,1,1,1,0,1,0,0,0,0,1,0,0,1,0,1,0,1
restart_aligned_bits_regs_only_warmup40_cap1024_run01,254,0,8D,0B84712B9479CF94,0,0,1,0,1,0,0,1,1,1,1,1,0,0,1,1,1,0,0,1,1,1,1,0,0,0,1,0,1,0,0,1,1,1,0,1,0,1,0,0,1,0,0,0,1,1,1,0,0,0,1,0,0,0,0,1,1,1,0,1,0,0,0,0,1,0,1,1,0,0,0,1
restart_aligned_bits_regs_only_warmup40_cap1024_run01,255,1,A4,0B84707B84F1CF84,0,0,1,0,0,0,0,1,1,1,1,1,0,0,1,1,1,0,0,0,1,1,1,1,0,0,1,0,0,0,0,1,1,1,0,1,1,1,1,0,0,0,0,0,1,1,1,0,0,0,1,0,0,0,0,1,1,1,0,1,0,0,0,0,0,0,1,0,0,1,0,1
restart_aligned_bits_regs_only_warmup40_cap1024_run01,256,0,18,0F84712F94F9CF90,0,0,0,0,1,0,0,1,1,1,1,1,0,0,1,1,1,0,0,1,1,1,1,1,0,0,1,0,1,0,0,1,1,1,1,1,0,1,0,0,1,0,0,0,1,1,1,0,0,0,1,0,0,0,0,1,1,1,1,1,0,0,0,0,0,0,0,1,1,0,0,0
restart_aligned_bits_regs_only_warmup40_cap1024_run01,257,1,A1,0B84F12B96F9CF94,0,0,1,0,1,0,0,1,1,1,1,1,0,0,1,1,1,0,0,1,1,1,1,1,0,1,1,0,1,0,0,1,1,1,0,1,0,1,0,0,1,0,0,0,1,1,1,1,0,0,1,0,0,0,0,1,1,1,0,1,0,0,0,0,1,0,0,0,0,1,0,1
restart_aligned_bits_regs_only_warmup40_cap1024_run01,258,1,80,0B84F07B84F9CF84,0,0,1,0,0,0,0,1,1,1,1,1,0,0,1,1,1,0,0,1,1,1,1,1,0,0,1,0,0,0,0,1,1,1,0,1,1,1,1,0,0,0,0,0,1,1,1,1,0,0,1,0,0,0,0,1,1,1,0,1,0,0,0,0,0,0,0,0,0,0,0,1
restart_aligned_bits_regs_only_warmup40_cap1024_run01,259,0,0C,0F84713F80F1CF90,0,0,0,0,1,0,0,1,1,1,1,1,0,0,1,1,1,0,0,0,1,1,1,1,0,0,0,0,0,0,0,1,1,1,1,1,1,1,0,0,1,0,0,0,1,1,1,0,0,0,1,0,0,0,0,1,1,1,1,1,0,0,0,0,0,0,1,1,0,0,0,0
restart_aligned_bits_regs_only_warmup40_cap1024_run01,260,1,9D,0B84713B9479CF94,0,0,1,0,1,0,0,1,1,1,1,1,0,0,1,1,1,0,0,1,1,1,1,0,0,0,1,0,1,0,0,1,1,1,0,1,1,1,0,0,1,0,0,0,1,1,1,0,0,0,1,0,0,0,0,1,1,1,0,1,0,0,0,0,1,0,1,1,1,0,0,1
restart_aligned_bits_regs_only_warmup40_cap1024_run01,261,1,04,0F84F03F9CF1CF90,0,0,0,0,1,0,0,1,1,1,1,1,0,0,1,1,1,0,0,0,1,1,1,1,0,0,1,1,1,0,0,1,1,1,1,1,1,1,0,0,0,0,0,0,1,1,1,1,0,0,1,0,0,0,0,1,1,1,1,1,0,0,0,0,0,0,1,0,0,0,0,0
restart_aligned_bits_regs_only_warmup40_cap1024_run01,262,1,10,0F84712F90F9CF90,0,0,0,0,1,0,0,1,1,1,1,1,0,0,1,1,1,0,0,1,1,1,1,1,0,0,0,0,1,0,0,1,1,1,1,1,0,1,0,0,1,0,0,0,1,1,1,0,0,0,1,0,0,0,0,1,1,1,1,1,0,0,0,0,0,0,0,0,1,0,0,0
restart_aligned_bits_regs_only_warmup40_cap1024_run01,263,1,0D,0F84713F8CF1CFB0,0,0,0,0,1,1,0,1,1,1,1,1,0,0,1,1,1,0,0,0,1,1,1,1,0,0,1,1,0,0,0,1,1,1,1,1,1,1,0,0,1,0,0,0,1,1,1,0,0,0,1,0,0,0,0,1,1,1,1,1,0,0,0,0,1,0,1,1,0,0,0,0
restart_aligned_bits_regs_only_warmup40_cap1024_run01,264,0,00,0F84713F90F9CF90,0,0,0,0,1,0,0,1,1,1,1,1,0,0,1,1,1,0,0,1,1,1,1,1,0,0,0,0,1,0,0,1,1,1,1,1,1,1,0,0,1,0,0,0,1,1,1,0,0,0,1,0,0,0,0,1,1,1,1,1,0,0,0,0,0,0,0,0,0,0,0,0
restart_aligned_bits_regs_only_warmup40_cap1024_run01,265,1,29,0F84F13F86F9CF80,0,0,0,0,0,0,0,1,1,1,1,1,0,0,1,1,1,0,0,1,1,1,1,1,0,1,1,0,0,0,0,1,1,1,1,1,1,1,0,0,1,0,0,0,1,1,1,1,0,0,1,0,0,0,0,1,1,1,1,1,0,0,0,0,1,0,0,1,0,1,0,0
restart_aligned_bits_regs_only_warmup40_cap1024_run01,266,1,E5,0BC4F13A84FBCFC4,0,0,1,0,0,0,1,1,1,1,1,1,0,0,1,1,1,1,0,1,1,1,1,1,0,0,1,0,0,0,0,1,0,1,0,1,1,1,0,0,1,0,0,0,1,1,1,1,0,0,1,0,0,0,1,1,1,1,0,1,0,0,0,0,1,0,1,0,0,1,1,1
restart_aligned_bits_regs_only_warmup40_cap1024_run01,267,0,0C,0F84712E94F1CF90,0,0,0,0,1,0,0,1,1,1,1,1,0,0,1,1,1,0,0,0,1,1,1,1,0,0,1,0,1,0,0,1,0,1,1,1,0,1,0,0,1,0,0,0,1,1,1,0,0,0,1,0,0,0,0,1,1,1,1,1,0,0,0,0,0,0,1,1,0,0,0,0
restart_aligned_bits_regs_only_warmup40_cap1024_run01,268,0,95,0B84713B84F1CF94,0,0,1,0,1,0,0,1,1,1,1,1,0,0,1,1,1,0,0,0,1,1,1,1,0,0,1,0,0,0,0,1,1,1,0,1,1,1,0,0,1,0,0,0,1,1,1,0,0,0,1,0,0,0,0,1,1,1,0,1,0,0,0,0,1,0,1,0,1,0,0,1
restart_aligned_bits_regs_only_warmup40_cap1024_run01,269,0,DD,0BC4713E86F1CF80,0,0,0,0,0,0,0,1,1,1,1,1,0,0,1,1,1,0,0,0,1,1,1,1,0,1,1,0,0,0,0,1,0,1,1,1,1,1,0,0,1,0,0,0,1,1,1,0,0,0,1,0,0,0,1,1,1,1,0,1,0,0,0,0,1,0,1,1,1,0,1,1
restart_aligned_bits_regs_only_warmup40_cap1024_run01,270,0,90,0B84713B84F9CF84,0,0,1,0,0,0,0,1,1,1,1,1,0,0,1,1,1,0,0,1,1,1,1,1,0,0,1,0,0,0,0,1,1,1,0,1,1,1,0,0,1,0,0,0,1,1,1,0,0,0,1,0,0,0,0,1,1,1,0,1,0,0,0,0,0,0,0,0,1,0,0,1
restart_aligned_bits_regs_only_warmup40_cap1024_run01,271,0,05,4B84F07B84F1CF94,0,0,1,0,1,0,0,1,1,1,1,1,0,0,1,1,1,0,0,0,1,1,1,1,0,0,1,0,0,0,0,1,1,1,0,1,1,1,1,0,0,0,0,0,1,1,1,1,0,0,1,0,0,0,0,1,1,1,0,1,0,0,1,0,1,0,1,0,0,0,0,0
restart_aligned_bits_regs_only_warmup40_cap1024_run01,272,0,B4,0B84703B84F1CF84,0,0,1,0,0,0,0,1,1,1,1,1,0,0,1,1,1,0,0,0,1,1,1,1,0,0,1,0,0,0,0,1,1,1,0,1,1,1,0,0,0,0,0,0,1,1,1,0,0,0,1,0,0,0,0,1,1,1,0,1,0,0,0,0,0,0,1,0,1,1,0,1
restart_aligned_bits_regs_only_warmup40_cap1024_run01,273,1,F4,0B8CF13B8EF1CF84,0,0,1,0,0,0,0,1,1,1,1,1,0,0,1,1,1,0,0,0,1,1,1,1,0,1,1,1,0,0,0,1,1,1,0,1,1,1,0,0,1,0,0,0,1,1,1,1,0,0,1,1,0,0,0,1,1,1,0,1,0,0,0,0,0,0,1,0,1,1,1,1
restart_aligned_bits_regs_only_warmup40_cap1024_run01,274,0,C5,0B86F07B8EF1CF86,0,1,1,0,0,0,0,1,1,1,1,1,0,0,1,1,1,0,0,0,1,1,1,1,0,1,1,1,0,0,0,1,1,1,0,1,1,1,1,0,0,0,0,0,1,1,1,1,0,1,1,0,0,0,0,1,1,1,0,1,0,0,0,0,1,0,1,0,0,0,1,1
restart_aligned_bits_regs_only_warmup40_cap1024_run01,275,0,DD,0B8C713B8CF1CF94,0,0,1,0,1,0,0,1,1,1,1,1,0,0,1,1,1,0,0,0,1,1,1,1,0,0,1,1,0,0,0,1,1,1,0,1,1,1,0,0,1,0,0,0,1,1,1,0,0,0,1,1,0,0,0,1,1,1,0,1,0,0,0,0,1,0,1,1,1,0,1,1
restart_aligned_bits_regs_only_warmup40_cap1024_run01,276,0,CC,0B8CF07B8CF1CF84,0,0,1,0,0,0,0,1,1,1,1,1,0,0,1,1,1,0,0,0,1,1,1,1,0,0,1,1,0,0,0,1,1,1,0,1,1,1,1,0,0,0,0,0,1,1,1,1,0,0,1,1,0,0,0,1,1,1,0,1,0,0,0,0,0,0,1,1,0,0,1,1
restart_aligned_bits_regs_only_warmup40_cap1024_run01,277,1,64,0F8CF13F9CF1CF90,0,0,0,0,1,0,0,1,1,1,1,1,0,0,1,1,1,0,0,0,1,1,1,1,0,0,1,1,1,0,0,1,1,1,1,1,1,1,0,0,1,0,0,0,1,1,1,1,0,0,1,1,0,0,0,1,1,1,1,1,0,0,0,0,0,0,1,0,0,1,1,0
restart_aligned_bits_regs_only_warmup40_cap1024_run01,278,0,18,0F84F07F94F9CF90,0,0,0,0,1,0,0,1,1,1,1,1,0,0,1,1,1,0,0,1,1,1,1,1,0,0,1,0,1,0,0,1,1,1,1,1,1,1,1,0,0,0,0,0,1,1,1,1,0,0,1,0,0,0,0,1,1,1,1,1,0,0,0,0,0,0,0,1,1,0,0,0
restart_aligned_bits_regs_only_warmup40_cap1024_run01,279,1,31,0F84707F84F9CF80,0,0,0,0,0,0,0,1,1,1,1,1,0,0,1,1,1,0,0,1,1,1,1,1,0,0,1,0,0,0,0,1,1,1,1,1,1,1,1,0,0,0,0,0,1,1,1,0,0,0,1,0,0,0,0,1,1,1,1,1,0,0,0,0,1,0,0,0,1,1,0,0
restart_aligned_bits_regs_only_warmup40_cap1024_run01,280,1,45,0F8CF03F8EF1CF80,0,0,0,0,0,0,0,1,1,1,1,1,0,0,1,1,1,0,0,0,1,1,1,1,0,1,1,1,0,0,0,1,1,1,1,1,1,1,0,0,0,0,0,0,1,1,1,1,0,0,1,1,0,0,0,1,1,1,1,1,0,0,0,0,1,0,1,0,0,0,1,0
restart_aligned_bits_regs_only_warmup40_cap1024_run01,281,1,94,0B8EF03B8EF1CF84,0,0,1,0,0,0,0,1,1,1,1,1,0,0,1,1,1,0,0,0,1,1,1,1,0,1,1,1,0,0,0,1,1,1,0,1,1,1,0,0,0,0,0,0,1,1,1,1,0,1,1,1,0,0,0,1,1,1,0,1,0,0,0,0,0,0,1,0,1,0,0,1
restart_aligned_bits_regs_only_warmup40_cap1024_run01,282,1,F2,0BC4703B84F98FD4,0,0,1,0,1,0,1,1,1,1,1,1,0,0,0,1,1,0,0,1,1,1,1,1,0,0,1,0,0,0,0,1,1,1,0,1,1,1,0,0,0,0,0,0,1,1,1,0,0,0,1,0,0,0,1,1,1,1,0,1,0,0,0,0,0,1,0,0,1,1,1,1
restart_aligned_bits_regs_only_warmup40_cap1024_run01,283,0,95,0B84713B9CF1CF94,0,0,1,0,1,0,0,1,1,1,1,1,0,0,1,1,1,0,0,0,1,1,1,1,0,0,1,1,1,0,0,1,1,1,0,1,1,1,0,0,1,0,0,0,1,1,1,0,0,0,1,0,0,0,0,1,1,1,0,1,0,0,0,0,1,0,1,0,1,0,0,1
restart_aligned_bits_regs_only_warmup40_cap1024_run01,284,1,15,0F84F33E84FBCF80,0,0,0,0,0,0,0,1,1,1,1,1,0,0,1,1,1,1,0,1,1,1,1,1,0,0,1,0,0,0,0,1,0,1,1,1,1,1,0,0,1,1,0,0,1,1,1,1,0,0,1,0,0,0,0,1,1,1,1,1,0,0,0,0,1,0,1,0,1,0,0,0
restart_aligned_bits_regs_only_warmup40_cap1024_run01,285,0,14,0F84712F9CF1CF90,0,0,0,0,1,0,0,1,1,1,1,1,0,0,1,1,1,0,0,0,1,1,1,1,0,0,1,1,1,0,0,1,1,1,1,1,0,1,0,0,1,0,0,0,1,1,1,0,0,0,1,0,0,0,0,1,1,1,1,1,0,0,0,0,0,0,1,0,1,0,0,0
restart_aligned_bits_regs_only_warmup40_cap1024_run01,286,1,68,0FC4733F947BCFF0,0,0,0,0,1,1,1,1,1,1,1,1,0,0,1,1,1,1,0,1,1,1,1,0,0,0,1,0,1,0,0,1,1,1,1,1,1,1,0,0,1,1,0,0,1,1,1,0,0,0,1,0,0,0,1,1,1,1,1,1,0,0,0,0,0,0,0,1,0,1,1,0
restart_aligned_bits_regs_only_warmup40_cap1024_run01,287,0,00,0F84713F96F9CF90,0,0,0,0,1,0,0,1,1,1,1,1,0,0,1,1,1,0,0,1,1,1,1,1,0,1,1,0,1,0,0,1,1,1,1,1,1,1,0,0,1,0,0,0,1,1,1,0,0,0,1,0,0,0,0,1,1,1,1,1,0,0,0,0,0,0,0,0,0,0,0,0
restart_aligned_bits_regs_only_warmup40_cap1024_run01,288,1,08,0F84713F94F9CF90,0,0,0,0,1,0,0,1,1,1,1,1,0,0,1,1,1,0,0,1,1,1,1,1,0,0,1,0,1,0,0,1,1,1,1,1,1,1,0,0,1,0,0,0,1,1,1,0,0,0,1,0,0,0,0,1,1,1,1,1,0,0,0,0,0,0,0,1,0,0,0,0
restart_aligned_bits_regs_only_warmup40_cap1024_run01,289,1,25,0F84703F8479CF80,0,0,0,0,0,0,0,1,1,1,1,1,0,0,1,1,1,0,0,1,1,1,1,0,0,0,1,0,0,0,0,1,1,1,1,1,1,1,0,0,0,0,0,0,1,1,1,0,0,0,1,0,0,0,0,1,1,1,1,1,0,0,0,0,1,0,1,0,0,1,0,0
restart_aligned_bits_regs_only_warmup40_cap1024_run01,290,1,15,0F84F07F84F1CF80,0,0,0,0,0,0,0,1,1,1,1,1,0,0,1,1,1,0,0,0,1,1,1,1,0,0,1,0,0,0,0,1,1,1,1,1,1,1,1,0,0,0,0,0,1,1,1,1,0,0,1,0,0,0,0,1,1,1,1,1,0,0,0,0,1,0,1,0,1,0,0,0
restart_aligned_bits_regs_only_warmup40_cap1024_run01,291,0,00,0F84713F84F9CF90,0,0,0,0,1,0,0,1,1,1,1,1,0,0,1,1,1,0,0,1,1,1,1,1,0,0,1,0,0,0,0,1,1,1,1,1,1,1,0,0,1,0,0,0,1,1,1,0,0,0,1,0,0,0,0,1,1,1,1,1,0,0,0,0,0,0,0,0,0,0,0,0
restart_aligned_bits_regs_only_warmup40_cap1024_run01,292,0,CC,0B8CF07B8CF1CF84,0,0,1,0,0,0,0,1,1,1,1,1,0,0,1,1,1,0,0,0,1,1,1,1,0,0,1,1,0,0,0,1,1,1,0,1,1,1,1,0,0,0,0,0,1,1,1,1,0,0,1,1,0,0,0,1,1,1,0,1,0,0,0,0,0,0,1,1,0,0,1,1
restart_aligned_bits_regs_only_warmup40_cap1024_run01,293,1,25,0F84703F82F1CF80,0,0,0,0,0,0,0,1,1,1,1,1,0,0,1,1,1,0,0,0,1,1,1,1,0,1,0,0,0,0,0,1,1,1,1,1,1,1,0,0,0,0,0,0,1,1,1,0,0,0,1,0,0,0,0,1,1,1,1,1,0,0,0,0,1,0,1,0,0,1,0,0
restart_aligned_bits_regs_only_warmup40_cap1024_run01,294,0,BD,0B84702F9EF1CF94,0,0,1,0,1,0,0,1,1,1,1,1,0,0,1,1,1,0,0,0,1,1,1,1,0,1,1,1,1,0,0,1,1,1,1,1,0,1,0,0,0,0,0,0,1,1,1,0,0,0,1,0,0,0,0,1,1,1,0,1,0,0,0,0,1,0,1,1,1,1,0,1
restart_aligned_bits_regs_only_warmup40_cap1024_run01,295,0,18,0F84713E86F9CF90,0,0,0,0,1,0,0,1,1,1,1,1,0,0,1,1,1,0,0,1,1,1,1,1,0,1,1,0,0,0,0,1,0,1,1,1,1,1,0,0,1,0,0,0,1,1,1,0,0,0,1,0,0,0,0,1,1,1,1,1,0,0,0,0,0,0,0,1,1,0,0,0
restart_aligned_bits_regs_only_warmup40_cap1024_run01,296,0,60,0F8C733F88F3CF90,0,0,0,0,1,0,0,1,1,1,1,1,0,0,1,1,1,1,0,0,1,1,1,1,0,0,0,1,0,0,0,1,1,1,1,1,1,1,0,0,1,1,0,0,1,1,1,0,0,0,1,1,0,0,0,1,1,1,1,1,0,0,0,0,0,0,0,0,0,1,1,0
restart_aligned_bits_regs_only_warmup40_cap1024_run01,297,1,54,0F8C712F9CF1CF90,0,0,0,0,1,0,0,1,1,1,1,1,0,0,1,1,1,0,0,0,1,1,1,1,0,0,1,1,1,0,0,1,1,1,1,1,0,1,0,0,1,0,0,0,1,1,1,0,0,0,1,1,0,0,0,1,1,1,1,1,0,0,0,0,0,0,1,0,1,0,1,0
restart_aligned_bits_regs_only_warmup40_cap1024_run01,298,1,C4,0B8CF07B8EF1CF84,0,0,1,0,0,0,0,1,1,1,1,1,0,0,1,1,1,0,0,0,1,1,1,1,0,1,1,1,0,0,0,1,1,1,0,1,1,1,1,0,0,0,0,0,1,1,1,1,0,0,1,1,0,0,0,1,1,1,0,1,0,0,0,0,0,0,1,0,0,0,1,1
restart_aligned_bits_regs_only_warmup40_cap1024_run01,299,0,6C,0F8CF13F9EF1CF90,0,0,0,0,1,0,0,1,1,1,1,1,0,0,1,1,1,0,0,0,1,1,1,1,0,1,1,1,1,0,0,1,1,1,1,1,1,1,0,0,1,0,0,0,1,1,1,1,0,0,1,1,0,0,0,1,1,1,1,1,0,0,0,0,0,0,1,1,0,1,1,0
restart_aligned_bits_regs_only_warmup40_cap1024_run01,300,0,5C,0F8CF02F9EF1CF90,0,0,0,0,1,0,0,1,1,1,1,1,0,0,1,1,1,0,0,0,1,1,1,1,0,1,1,1,1,0,0,1,1,1,1,1,0,1,0,0,0,0,0,0,1,1,1,1,0,0,1,1,0,0,0,1,1,1,1,1,0,0,0,0,0,0,1,1,1,0,1,0
restart_aligned_bits_regs_only_warmup40_cap1024_run01,301,1,2C,0F84703F94F1CF90,0,0,0,0,1,0,0,1,1,1,1,1,0,0,1,1,1,0,0,0,1,1,1,1,0,0,1,0,1,0,0,1,1,1,1,1,1,1,0,0,0,0,0,0,1,1,1,0,0,0,1,0,0,0,0,1,1,1,1,1,0,0,0,0,0,0,1,1,0,1,0,0
restart_aligned_bits_regs_only_warmup40_cap1024_run01,302,1,EC,0B8C707B8CF1CF84,0,0,1,0,0,0,0,1,1,1,1,1,0,0,1,1,1,0,0,0,1,1,1,1,0,0,1,1,0,0,0,1,1,1,0,1,1,1,1,0,0,0,0,0,1,1,1,0,0,0,1,1,0,0,0,1,1,1,0,1,0,0,0,0,0,0,1,1,0,1,1,1
restart_aligned_bits_regs_only_warmup40_cap1024_run01,303,1,1C,0F84712F94F1CF90,0,0,0,0,1,0,0,1,1,1,1,1,0,0,1,1,1,0,0,0,1,1,1,1,0,0,1,0,1,0,0,1,1,1,1,1,0,1,0,0,1,0,0,0,1,1,1,0,0,0,1,0,0,0,0,1,1,1,1,1,0,0,0,0,0,0,1,1,1,0,0,0
restart_aligned_bits_regs_only_warmup40_cap1024_run01,304,1,10,0F84717F90F9CF90,0,0,0,0,1,0,0,1,1,1,1,1,0,0,1,1,1,0,0,1,1,1,1,1,0,0,0,0,1,0,0,1,1,1,1,1,1,1,1,0,1,0,0,0,1,1,1,0,0,0,1,0,0,0,0,1,1,1,1,1,0,0,0,0,0,0,0,0,1,0,0,0
restart_aligned_bits_regs_only_warmup40_cap1024_run01,305,0,81,0B84F02B96F9CF94,0,0,1,0,1,0,0,1,1,1,1,1,0,0,1,1,1,0,0,1,1,1,1,1,0,1,1,0,1,0,0,1,1,1,0,1,0,1,0,0,0,0,0,0,1,1,1,1,0,0,1,0,0,0,0,1,1,1,0,1,0,0,0,0,1,0,0,0,0,0,0,1
restart_aligned_bits_regs_only_warmup40_cap1024_run01,306,1,1C,0F84712F9479CF90,0,0,0,0,1,0,0,1,1,1,1,1,0,0,1,1,1,0,0,1,1,1,1,0,0,0,1,0,1,0,0,1,1,1,1,1,0,1,0,0,1,0,0,0,1,1,1,0,0,0,1,0,0,0,0,1,1,1,1,1,0,0,0,0,0,0,1,1,1,0,0,0
restart_aligned_bits_regs_only_warmup40_cap1024_run01,307,0,6C,0F8CF13F8CF1CF90,0,0,0,0,1,0,0,1,1,1,1,1,0,0,1,1,1,0,0,0,1,1,1,1,0,0,1,1,0,0,0,1,1,1,1,1,1,1,0,0,1,0,0,0,1,1,1,1,0,0,1,1,0,0,0,1,1,1,1,1,0,0,0,0,0,0,1,1,0,1,1,0
restart_aligned_bits_regs_only_warmup40_cap1024_run01,308,1,D5,0B8CF03B9CF1CF94,0,0,1,0,1,0,0,1,1,1,1,1,0,0,1,1,1,0,0,0,1,1,1,1,0,0,1,1,1,0,0,1,1,1,0,1,1,1,0,0,0,0,0,0,1,1,1,1,0,0,1,1,0,0,0,1,1,1,0,1,0,0,0,0,1,0,1,0,1,0,1,1
restart_aligned_bits_regs_only_warmup40_cap1024_run01,309,0,05,0F84713F8EF1CF80,0,0,0,0,0,0,0,1,1,1,1,1,0,0,1,1,1,0,0,0,1,1,1,1,0,1,1,1,0,0,0,1,1,1,1,1,1,1,0,0,1,0,0,0,1,1,1,0,0,0,1,0,0,0,0,1,1,1,1,1,0,0,0,0,1,0,1,0,0,0,0,0
restart_aligned_bits_regs_only_warmup40_cap1024_run01,310,0,9C,0B84F03B86F1CF84,0,0,1,0,0,0,0,1,1,1,1,1,0,0,1,1,1,0,0,0,1,1,1,1,0,1,1,0,0,0,0,1,1,1,0,1,1,1,0,0,0,0,0,0,1,1,1,1,0,0,1,0,0,0,0,1,1,1,0,1,0,0,0,0,0,0,1,1,1,0,0,1
restart_aligned_bits_regs_only_warmup40_cap1024_run01,311,1,9D,0B84F02F94F1CF94,0,0,1,0,1,0,0,1,1,1,1,1,0,0,1,1,1,0,0,0,1,1,1,1,0,0,1,0,1,0,0,1,1,1,1,1,0,1,0,0,0,0,0,0,1,1,1,1,0,0,1,0,0,0,0,1,1,1,0,1,0,0,0,0,1,0,1,1,1,0,0,1
restart_aligned_bits_regs_only_warmup40_cap1024_run01,312,1,91,0B84713B96F9CF94,0,0,1,0,1,0,0,1,1,1,1,1,0,0,1,1,1,0,0,1,1,1,1,1,0,1,1,0,1,0,0,1,1,1,0,1,1,1,0,0,1,0,0,0,1,1,1,0,0,0,1,0,0,0,0,1,1,1,0,1,0,0,0,0,1,0,0,0,1,0,0,1
restart_aligned_bits_regs_only_warmup40_cap1024_run01,313,0,18,0F84712F94F9CF90,0,0,0,0,1,0,0,1,1,1,1,1,0,0,1,1,1,0,0,1,1,1,1,1,0,0,1,0,1,0,0,1,1,1,1,1,0,1,0,0,1,0,0,0,1,1,1,0,0,0,1,0,0,0,0,1,1,1,1,1,0,0,0,0,0,0,0,1,1,0,0,0
restart_aligned_bits_regs_only_warmup40_cap1024_run01,314,0,11,0F84717F82F9CF80,0,0,0,0,0,0,0,1,1,1,1,1,0,0,1,1,1,0,0,1,1,1,1,1,0,1,0,0,0,0,0,1,1,1,1,1,1,1,1,0,1,0,0,0,1,1,1,0,0,0,1,0,0,0,0,1,1,1,1,1,0,0,0,0,1,0,0,0,1,0,0,0
restart_aligned_bits_regs_only_warmup40_cap1024_run01,315,1,C1,0B86F07B96F9CF94,0,0,1,0,1,0,0,1,1,1,1,1,0,0,1,1,1,0,0,1,1,1,1,1,0,1,1,0,1,0,0,1,1,1,0,1,1,1,1,0,0,0,0,0,1,1,1,1,0,1,1,0,0,0,0,1,1,1,0,1,0,0,0,0,1,0,0,0,0,0,1,1
restart_aligned_bits_regs_only_warmup40_cap1024_run01,316,0,28,0F84F13F94F9CF90,0,0,0,0,1,0,0,1,1,1,1,1,0,0,1,1,1,0,0,1,1,1,1,1,0,0,1,0,1,0,0,1,1,1,1,1,1,1,0,0,1,0,0,0,1,1,1,1,0,0,1,0,0,0,0,1,1,1,1,1,0,0,0,0,0,0,0,1,0,1,0,0
restart_aligned_bits_regs_only_warmup40_cap1024_run01,317,1,AD,0B84702B9EF1CF94,0,0,1,0,1,0,0,1,1,1,1,1,0,0,1,1,1,0,0,0,1,1,1,1,0,1,1,1,1,0,0,1,1,1,0,1,0,1,0,0,0,0,0,0,1,1,1,0,0,0,1,0,0,0,0,1,1,1,0,1,0,0,0,0,1,0,1,1,0,1,0,1
restart_aligned_bits_regs_only_warmup40_cap1024_run01,318,1,EC,0B8C707B8CF1CF84,0,0,1,0,0,0,0,1,1,1,1,1,0,0,1,1,1,0,0,0,1,1,1,1,0,0,1,1,0,0,0,1,1,1,0,1,1,1,1,0,0,0,0,0,1,1,1,0,0,0,1,1,0,0,0,1,1,1,0,1,0,0,0,0,0,0,1,1,0,1,1,1
restart_aligned_bits_regs_only_warmup40_cap1024_run01,319,0,18,0F84712F94F9CF90,0,0,0,0,1,0,0,1,1,1,1,1,0,0,1,1,1,0,0,1,1,1,1,1,0,0,1,0,1,0,0,1,1,1,1,1,0,1,0,0,1,0,0,0,1,1,1,0,0,0,1,0,0,0,0,1,1,1,1,1,0,0,0,0,0,0,0,1,1,0,0,0
restart_aligned_bits_regs_only_warmup40_cap1024_run01,320,0,4D,0F8CF03F8CF1CF80,0,0,0,0,0,0,0,1,1,1,1,1,0,0,1,1,1,0,0,0,1,1,1,1,0,0,1,1,0,0,0,1,1,1,1,1,1,1,0,0,0,0,0,0,1,1,1,1,0,0,1,1,0,0,0,1,1,1,1,1,0,0,0,0,1,0,1,1,0,0,1,0
restart_aligned_bits_regs_only_warmup40_cap1024_run01,321,1,29,0F84703F86F9CF80,0,0,0,0,0,0,0,1,1,1,1,1,0,0,1,1,1,0,0,1,1,1,1,1,0,1,1,0,0,0,0,1,1,1,1,1,1,1,0,0,0,0,0,0,1,1,1,0,0,0,1,0,0,0,0,1,1,1,1,1,0,0,0,0,1,0,0,1,0,1,0,0
restart_aligned_bits_regs_only_warmup40_cap1024_run01,322,0,44,1B8CF07B8EF1CF84,0,0,1,0,0,0,0,1,1,1,1,1,0,0,1,1,1,0,0,0,1,1,1,1,0,1,1,1,0,0,0,1,1,1,0,1,1,1,1,0,0,0,0,0,1,1,1,1,0,0,1,1,0,0,0,1,1,1,0,1,1,0,0,0,0,0,1,0,0,0,1,0
restart_aligned_bits_regs_only_warmup40_cap1024_run01,323,1,B5,0B84F13B84F1CF94,0,0,1,0,1,0,0,1,1,1,1,1,0,0,1,1,1,0,0,0,1,1,1,1,0,0,1,0,0,0,0,1,1,1,0,1,1,1,0,0,1,0,0,0,1,1,1,1,0,0,1,0,0,0,0,1,1,1,0,1,0,0,0,0,1,0,1,0,1,1,0,1
restart_aligned_bits_regs_only_warmup40_cap1024_run01,324,1,89,0B84713F94F9CF94,0,0,1,0,1,0,0,1,1,1,1,1,0,0,1,1,1,0,0,1,1,1,1,1,0,0,1,0,1,0,0,1,1,1,1,1,1,1,0,0,1,0,0,0,1,1,1,0,0,0,1,0,0,0,0,1,1,1,0,1,0,0,0,0,1,0,0,1,0,0,0,1
restart_aligned_bits_regs_only_warmup40_cap1024_run01,325,0,B1,0B84703B84F9CF94,0,0,1,0,1,0,0,1,1,1,1,1,0,0,1,1,1,0,0,1,1,1,1,1,0,0,1,0,0,0,0,1,1,1,0,1,1,1,0,0,0,0,0,0,1,1,1,0,0,0,1,0,0,0,0,1,1,1,0,1,0,0,0,0,1,0,0,0,1,1,0,1
restart_aligned_bits_regs_only_warmup40_cap1024_run01,326,1,25,0F84703F8EF1CF80,0,0,0,0,0,0,0,1,1,1,1,1,0,0,1,1,1,0,0,0,1,1,1,1,0,1,1,1,0,0,0,1,1,1,1,1,1,1,0,0,0,0,0,0,1,1,1,0,0,0,1,0,0,0,0,1,1,1,1,1,0,0,0,0,1,0,1,0,0,1,0,0
restart_aligned_bits_regs_only_warmup40_cap1024_run01,327,0,28,0F84F12E94F9CF90,0,0,0,0,1,0,0,1,1,1,1,1,0,0,1,1,1,0,0,1,1,1,1,1,0,0,1,0,1,0,0,1,0,1,1,1,0,1,0,0,1,0,0,0,1,1,1,1,0,0,1,0,0,0,0,1,1,1,1,1,0,0,0,0,0,0,0,1,0,1,0,0
restart_aligned_bits_regs_only_warmup40_cap1024_run01,328,0,88,0B84717B86F9CF84,0,0,1,0,0,0,0,1,1,1,1,1,0,0,1,1,1,0,0,1,1,1,1,1,0,1,1,0,0,0,0,1,1,1,0,1,1,1,1,0,1,0,0,0,1,1,1,0,0,0,1,0,0,0,0,1,1,1,0,1,0,0,0,0,0,0,0,1,0,0,0,1
restart_aligned_bits_regs_only_warmup40_cap1024_run01,329,1,8C,0B84713A86F1CF84,0,0,1,0,0,0,0,1,1,1,1,1,0,0,1,1,1,0,0,0,1,1,1,1,0,1,1,0,0,0,0,1,0,1,0,1,1,1,0,0,1,0,0,0,1,1,1,0,0,0,1,0,0,0,0,1,1,1,0,1,0,0,0,0,0,0,1,1,0,0,0,1
restart_aligned_bits_regs_only_warmup40_cap1024_run01,330,0,81,0B84713F84F9CF94,0,0,1,0,1,0,0,1,1,1,1,1,0,0,1,1,1,0,0,1,1,1,1,1,0,0,1,0,0,0,0,1,1,1,1,1,1,1,0,0,1,0,0,0,1,1,1,0,0,0,1,0,0,0,0,1,1,1,0,1,0,0,0,0,1,0,0,0,0,0,0,1
restart_aligned_bits_regs_only_warmup40_cap1024_run01,331,1,C1,0B86712B96F9CF94,0,0,1,0,1,0,0,1,1,1,1,1,0,0,1,1,1,0,0,1,1,1,1,1,0,1,1,0,1,0,0,1,1,1,0,1,0,1,0,0,1,0,0,0,1,1,1,0,0,1,1,0,0,0,0,1,1,1,0,1,0,0,0,0,1,0,0,0,0,0,1,1
restart_aligned_bits_regs_only_warmup40_cap1024_run01,332,0,84,0B84713A84F1CF84,0,0,1,0,0,0,0,1,1,1,1,1,0,0,1,1,1,0,0,0,1,1,1,1,0,0,1,0,0,0,0,1,0,1,0,1,1,1,0,0,1,0,0,0,1,1,1,0,0,0,1,0,0,0,0,1,1,1,0,1,0,0,0,0,0,0,1,0,0,0,0,1
restart_aligned_bits_regs_only_warmup40_cap1024_run01,333,0,90,0B84712A96F9CFB4,0,0,1,0,1,1,0,1,1,1,1,1,0,0,1,1,1,0,0,1,1,1,1,1,0,1,1,0,1,0,0,1,0,1,0,1,0,1,0,0,1,0,0,0,1,1,1,0,0,0,1,0,0,0,0,1,1,1,0,1,0,0,0,0,0,0,0,0,1,0,0,1
restart_aligned_bits_regs_only_warmup40_cap1024_run01,334,0,1D,0F84712F9479CFB0,0,0,0,0,1,1,0,1,1,1,1,1,0,0,1,1,1,0,0,1,1,1,1,0,0,0,1,0,1,0,0,1,1,1,1,1,0,1,0,0,1,0,0,0,1,1,1,0,0,0,1,0,0,0,0,1,1,1,1,1,0,0,0,0,1,0,1,1,1,0,0,0
restart_aligned_bits_regs_only_warmup40_cap1024_run01,335,1,8C,0B84717B8679CF84,0,0,1,0,0,0,0,1,1,1,1,1,0,0,1,1,1,0,0,1,1,1,1,0,0,1,1,0,0,0,0,1,1,1,0,1,1,1,1,0,1,0,0,0,1,1,1,0,0,0,1,0,0,0,0,1,1,1,0,1,0,0,0,0,0,0,1,1,0,0,0,1
restart_aligned_bits_regs_only_warmup40_cap1024_run01,336,1,A8,0B84707B86F9CF84,0,0,1,0,0,0,0,1,1,1,1,1,0,0,1,1,1,0,0,1,1,1,1,1,0,1,1,0,0,0,0,1,1,1,0,1,1,1,1,0,0,0,0,0,1,1,1,0,0,0,1,0,0,0,0,1,1,1,0,1,0,0,0,0,0,0,0,1,0,1,0,1
restart_aligned_bits_regs_only_warmup40_cap1024_run01,337,0,11,0F84713E8471CF80,0,0,0,0,0,0,0,1,1,1,1,1,0,0,1,1,1,0,0,0,1,1,1,0,0,0,1,0,0,0,0,1,0,1,1,1,1,1,0,0,1,0,0,0,1,1,1,0,0,0,1,0,0,0,0,1,1,1,1,1,0,0,0,0,1,0,0,0,1,0,0,0
restart_aligned_bits_regs_only_warmup40_cap1024_run01,338,0,18,0F84713E94F9CF90,0,0,0,0,1,0,0,1,1,1,1,1,0,0,1,1,1,0,0,1,1,1,1,1,0,0,1,0,1,0,0,1,0,1,1,1,1,1,0,0,1,0,0,0,1,1,1,0,0,0,1,0,0,0,0,1,1,1,1,1,0,0,0,0,0,0,0,1,1,0,0,0
restart_aligned_bits_regs_only_warmup40_cap1024_run01,339,0,1D,0F84712F9479CFB0,0,0,0,0,1,1,0,1,1,1,1,1,0,0,1,1,1,0,0,1,1,1,1,0,0,0,1,0,1,0,0,1,1,1,1,1,0,1,0,0,1,0,0,0,1,1,1,0,0,0,1,0,0,0,0,1,1,1,1,1,0,0,0,0,1,0,1,1,1,0,0,0
restart_aligned_bits_regs_only_warmup40_cap1024_run01,340,0,18,0F84713E94F9CF90,0,0,0,0,1,0,0,1,1,1,1,1,0,0,1,1,1,0,0,1,1,1,1,1,0,0,1,0,1,0,0,1,0,1,1,1,1,1,0,0,1,0,0,0,1,1,1,0,0,0,1,0,0,0,0,1,1,1,1,1,0,0,0,0,0,0,0,1,1,0,0,0
restart_aligned_bits_regs_only_warmup40_cap1024_run01,341,0,99,0B84713B9471CF94,0,0,1,0,1,0,0,1,1,1,1,1,0,0,1,1,1,0,0,0,1,1,1,0,0,0,1,0,1,0,0,1,1,1,0,1,1,1,0,0,1,0,0,0,1,1,1,0,0,0,1,0,0,0,0,1,1,1,0,1,0,0,0,0,1,0,0,1,1,0,0,1
restart_aligned_bits_regs_only_warmup40_cap1024_run01,342,1,38,8B84703B8671CF84,0,0,1,0,0,0,0,1,1,1,1,1,0,0,1,1,1,0,0,0,1,1,1,0,0,1,1,0,0,0,0,1,1,1,0,1,1,1,0,0,0,0,0,0,1,1,1,0,0,0,1,0,0,0,0,1,1,1,0,1,0,0,0,1,0,0,0,1,1,1,0,0
restart_aligned_bits_regs_only_warmup40_cap1024_run01,343,1,B0,0B84703B84F9CF84,0,0,1,0,0,0,0,1,1,1,1,1,0,0,1,1,1,0,0,1,1,1,1,1,0,0,1,0,0,0,0,1,1,1,0,1,1,1,0,0,0,0,0,0,1,1,1,0,0,0,1,0,0,0,0,1,1,1,0,1,0,0,0,0,0,0,0,0,1,1,0,1
restart_aligned_bits_regs_only_warmup40_cap1024_run01,344,1,04,0F84723F9C73CF90,0,0,0,0,1,0,0,1,1,1,1,1,0,0,1,1,1,1,0,0,1,1,1,0,0,0,1,1,1,0,0,1,1,1,1,1,1,1,0,0,0,1,0,0,1,1,1,0,0,0,1,0,0,0,0,1,1,1,1,1,0,0,0,0,0,0,1,0,0,0,0,0
restart_aligned_bits_regs_only_warmup40_cap1024_run01,345,1,9D,0B84713B94F1CF94,0,0,1,0,1,0,0,1,1,1,1,1,0,0,1,1,1,0,0,0,1,1,1,1,0,0,1,0,1,0,0,1,1,1,0,1,1,1,0,0,1,0,0,0,1,1,1,0,0,0,1,0,0,0,0,1,1,1,0,1,0,0,0,0,1,0,1,1,1,0,0,1
restart_aligned_bits_regs_only_warmup40_cap1024_run01,346,0,9C,0B84F03B8CF1CF84,0,0,1,0,0,0,0,1,1,1,1,1,0,0,1,1,1,0,0,0,1,1,1,1,0,0,1,1,0,0,0,1,1,1,0,1,1,1,0,0,0,0,0,0,1,1,1,1,0,0,1,0,0,0,0,1,1,1,0,1,0,0,0,0,0,0,1,1,1,0,0,1
restart_aligned_bits_regs_only_warmup40_cap1024_run01,347,0,CC,0B8CF07B8CF1CF84,0,0,1,0,0,0,0,1,1,1,1,1,0,0,1,1,1,0,0,0,1,1,1,1,0,0,1,1,0,0,0,1,1,1,0,1,1,1,1,0,0,0,0,0,1,1,1,1,0,0,1,1,0,0,0,1,1,1,0,1,0,0,0,0,0,0,1,1,0,0,1,1
restart_aligned_bits_regs_only_warmup40_cap1024_run01,348,0,65,0FC4703F8479CF80,0,0,0,0,0,0,0,1,1,1,1,1,0,0,1,1,1,0,0,1,1,1,1,0,0,0,1,0,0,0,0,1,1,1,1,1,1,1,0,0,0,0,0,0,1,1,1,0,0,0,1,0,0,0,1,1,1,1,1,1,0,0,0,0,1,0,1,0,0,1,1,0
restart_aligned_bits_regs_only_warmup40_cap1024_run01,349,0,4D,4B8CF07B8CF1CF94,0,0,1,0,1,0,0,1,1,1,1,1,0,0,1,1,1,0,0,0,1,1,1,1,0,0,1,1,0,0,0,1,1,1,0,1,1,1,1,0,0,0,0,0,1,1,1,1,0,0,1,1,0,0,0,1,1,1,0,1,0,0,1,0,1,0,1,1,0,0,1,0
restart_aligned_bits_regs_only_warmup40_cap1024_run01,350,0,05,0F84713F88F1CF80,0,0,0,0,0,0,0,1,1,1,1,1,0,0,1,1,1,0,0,0,1,1,1,1,0,0,0,1,0,0,0,1,1,1,1,1,1,1,0,0,1,0,0,0,1,1,1,0,0,0,1,0,0,0,0,1,1,1,1,1,0,0,0,0,1,0,1,0,0,0,0,0
restart_aligned_bits_regs_only_warmup40_cap1024_run01,351,1,98,0B84F03B94F9CFB4,0,0,1,0,1,1,0,1,1,1,1,1,0,0,1,1,1,0,0,1,1,1,1,1,0,0,1,0,1,0,0,1,1,1,0,1,1,1,0,0,0,0,0,0,1,1,1,1,0,0,1,0,0,0,0,1,1,1,0,1,0,0,0,0,0,0,0,1,1,0,0,1
restart_aligned_bits_regs_only_warmup40_cap1024_run01,352,0,BD,0B84703B94F1CF94,0,0,1,0,1,0,0,1,1,1,1,1,0,0,1,1,1,0,0,0,1,1,1,1,0,0,1,0,1,0,0,1,1,1,0,1,1,1,0,0,0,0,0,0,1,1,1,0,0,0,1,0,0,0,0,1,1,1,0,1,0,0,0,0,1,0,1,1,1,1,0,1
restart_aligned_bits_regs_only_warmup40_cap1024_run01,353,0,B1,0B84F13B84F9CFA4,0,0,1,0,0,1,0,1,1,1,1,1,0,0,1,1,1,0,0,1,1,1,1,1,0,0,1,0,0,0,0,1,1,1,0,1,1,1,0,0,1,0,0,0,1,1,1,1,0,0,1,0,0,0,0,1,1,1,0,1,0,0,0,0,1,0,0,0,1,1,0,1
restart_aligned_bits_regs_only_warmup40_cap1024_run01,354,1,89,0B84F02B94F9CF94,0,0,1,0,1,0,0,1,1,1,1,1,0,0,1,1,1,0,0,1,1,1,1,1,0,0,1,0,1,0,0,1,1,1,0,1,0,1,0,0,0,0,0,0,1,1,1,1,0,0,1,0,0,0,0,1,1,1,0,1,0,0,0,0,1,0,0,1,0,0,0,1
restart_aligned_bits_regs_only_warmup40_cap1024_run01,355,1,29,0F84792E94F9CFB0,0,0,0,0,1,1,0,1,1,1,1,1,0,0,1,1,1,0,0,1,1,1,1,1,0,0,1,0,1,0,0,1,0,1,1,1,0,1,0,0,1,0,0,1,1,1,1,0,0,0,1,0,0,0,0,1,1,1,1,1,0,0,0,0,1,0,0,1,0,1,0,0
restart_aligned_bits_regs_only_warmup40_cap1024_run01,356,1,45,0F8C713F88F1CF80,0,0,0,0,0,0,0,1,1,1,1,1,0,0,1,1,1,0,0,0,1,1,1,1,0,0,0,1,0,0,0,1,1,1,1,1,1,1,0,0,1,0,0,0,1,1,1,0,0,0,1,1,0,0,0,1,1,1,1,1,0,0,0,0,1,0,1,0,0,0,1,0
restart_aligned_bits_regs_only_warmup40_cap1024_run01,357,0,05,0F84713F8479CF80,0,0,0,0,0,0,0,1,1,1,1,1,0,0,1,1,1,0,0,1,1,1,1,0,0,0,1,0,0,0,0,1,1,1,1,1,1,1,0,0,1,0,0,0,1,1,1,0,0,0,1,0,0,0,0,1,1,1,1,1,0,0,0,0,1,0,1,0,0,0,0,0
restart_aligned_bits_regs_only_warmup40_cap1024_run01,358,1,9D,0B84713B9479CF94,0,0,1,0,1,0,0,1,1,1,1,1,0,0,1,1,1,0,0,1,1,1,1,0,0,0,1,0,1,0,0,1,1,1,0,1,1,1,0,0,1,0,0,0,1,1,1,0,0,0,1,0,0,0,0,1,1,1,0,1,0,0,0,0,1,0,1,1,1,0,0,1
restart_aligned_bits_regs_only_warmup40_cap1024_run01,359,0,A9,0B847A2B947BCF94,0,0,1,0,1,0,0,1,1,1,1,1,0,0,1,1,1,1,0,1,1,1,1,0,0,0,1,0,1,0,0,1,1,1,0,1,0,1,0,0,0,1,0,1,1,1,1,0,0,0,1,0,0,0,0,1,1,1,0,1,0,0,0,0,1,0,0,1,0,1,0,1
restart_aligned_bits_regs_only_warmup40_cap1024_run01,360,1,61,0FC4732E907BCFD0,0,0,0,0,1,0,1,1,1,1,1,1,0,0,1,1,1,1,0,1,1,1,1,0,0,0,0,0,1,0,0,1,0,1,1,1,0,1,0,0,1,1,0,0,1,1,1,0,0,0,1,0,0,0,1,1,1,1,1,1,0,0,0,0,1,0,0,0,0,1,1,0
restart_aligned_bits_regs_only_warmup40_cap1024_run01,361,0,88,0B84712B94F9CFB4,0,0,1,0,1,1,0,1,1,1,1,1,0,0,1,1,1,0,0,1,1,1,1,1,0,0,1,0,1,0,0,1,1,1,0,1,0,1,0,0,1,0,0,0,1,1,1,0,0,0,1,0,0,0,0,1,1,1,0,1,0,0,0,0,0,0,0,1,0,0,0,1
restart_aligned_bits_regs_only_warmup40_cap1024_run01,362,0,99,0B84723B947BCF94,0,0,1,0,1,0,0,1,1,1,1,1,0,0,1,1,1,1,0,1,1,1,1,0,0,0,1,0,1,0,0,1,1,1,0,1,1,1,0,0,0,1,0,0,1,1,1,0,0,0,1,0,0,0,0,1,1,1,0,1,0,0,0,0,1,0,0,1,1,0,0,1
restart_aligned_bits_regs_only_warmup40_cap1024_run01,363,0,95,0B84F03B84F1CF94,0,0,1,0,1,0,0,1,1,1,1,1,0,0,1,1,1,0,0,0,1,1,1,1,0,0,1,0,0,0,0,1,1,1,0,1,1,1,0,0,0,0,0,0,1,1,1,1,0,0,1,0,0,0,0,1,1,1,0,1,0,0,0,0,1,0,1,0,1,0,0,1
restart_aligned_bits_regs_only_warmup40_cap1024_run01,364,0,99,0B84713B94F9CF94,0,0,1,0,1,0,0,1,1,1,1,1,0,0,1,1,1,0,0,1,1,1,1,1,0,0,1,0,1,0,0,1,1,1,0,1,1,1,0,0,1,0,0,0,1,1,1,0,0,0,1,0,0,0,0,1,1,1,0,1,0,0,0,0,1,0,0,1,1,0,0,1
restart_aligned_bits_regs_only_warmup40_cap1024_run01,365,1,7C,0FC4733E94FBCFF0,0,0,0,0,1,1,1,1,1,1,1,1,0,0,1,1,1,1,0,1,1,1,1,1,0,0,1,0,1,0,0,1,0,1,1,1,1,1,0,0,1,1,0,0,1,1,1,0,0,0,1,0,0,0,1,1,1,1,1,1,0,0,0,0,0,0,1,1,1,1,1,0
restart_aligned_bits_regs_only_warmup40_cap1024_run01,366,0,90,0B84F33B84F3CF84,0,0,1,0,0,0,0,1,1,1,1,1,0,0,1,1,1,1,0,0,1,1,1,1,0,0,1,0,0,0,0,1,1,1,0,1,1,1,0,0,1,1,0,0,1,1,1,1,0,0,1,0,0,0,0,1,1,1,0,1,0,0,0,0,0,0,0,0,1,0,0,1
restart_aligned_bits_regs_only_warmup40_cap1024_run01,367,0,48,0FC4F03F94F9CF90,0,0,0,0,1,0,0,1,1,1,1,1,0,0,1,1,1,0,0,1,1,1,1,1,0,0,1,0,1,0,0,1,1,1,1,1,1,1,0,0,0,0,0,0,1,1,1,1,0,0,1,0,0,0,1,1,1,1,1,1,0,0,0,0,0,0,0,1,0,0,1,0
restart_aligned_bits_regs_only_warmup40_cap1024_run01,368,1,D0,0BC4713B84F9CF84,0,0,1,0,0,0,0,1,1,1,1,1,0,0,1,1,1,0,0,1,1,1,1,1,0,0,1,0,0,0,0,1,1,1,0,1,1,1,0,0,1,0,0,0,1,1,1,0,0,0,1,0,0,0,1,1,1,1,0,1,0,0,0,0,0,0,0,0,1,0,1,1
restart_aligned_bits_regs_only_warmup40_cap1024_run01,369,1,85,0B84712B9CF1CF94,0,0,1,0,1,0,0,1,1,1,1,1,0,0,1,1,1,0,0,0,1,1,1,1,0,0,1,1,1,0,0,1,1,1,0,1,0,1,0,0,1,0,0,0,1,1,1,0,0,0,1,0,0,0,0,1,1,1,0,1,0,0,0,0,1,0,1,0,0,0,0,1
restart_aligned_bits_regs_only_warmup40_cap1024_run01,370,0,9C,0B84713B8CF1CF84,0,0,1,0,0,0,0,1,1,1,1,1,0,0,1,1,1,0,0,0,1,1,1,1,0,0,1,1,0,0,0,1,1,1,0,1,1,1,0,0,1,0,0,0,1,1,1,0,0,0,1,0,0,0,0,1,1,1,0,1,0,0,0,0,0,0,1,1,1,0,0,1
restart_aligned_bits_regs_only_warmup40_cap1024_run01,371,0,AC,0B84707B86F1CF84,0,0,1,0,0,0,0,1,1,1,1,1,0,0,1,1,1,0,0,0,1,1,1,1,0,1,1,0,0,0,0,1,1,1,0,1,1,1,1,0,0,0,0,0,1,1,1,0,0,0,1,0,0,0,0,1,1,1,0,1,0,0,0,0,0,0,1,1,0,1,0,1
restart_aligned_bits_regs_only_warmup40_cap1024_run01,372,1,EA,0BC4702B94F98FD4,0,0,1,0,1,0,1,1,1,1,1,1,0,0,0,1,1,0,0,1,1,1,1,1,0,0,1,0,1,0,0,1,1,1,0,1,0,1,0,0,0,0,0,0,1,1,1,0,0,0,1,0,0,0,1,1,1,1,0,1,0,0,0,0,0,1,0,1,0,1,1,1
restart_aligned_bits_regs_only_warmup40_cap1024_run01,373,1,B0,0B84733B84F3CF84,0,0,1,0,0,0,0,1,1,1,1,1,0,0,1,1,1,1,0,0,1,1,1,1,0,0,1,0,0,0,0,1,1,1,0,1,1,1,0,0,1,1,0,0,1,1,1,0,0,0,1,0,0,0,0,1,1,1,0,1,0,0,0,0,0,0,0,0,1,1,0,1
restart_aligned_bits_regs_only_warmup40_cap1024_run01,374,1,BC,0B84703B8679CF84,0,0,1,0,0,0,0,1,1,1,1,1,0,0,1,1,1,0,0,1,1,1,1,0,0,1,1,0,0,0,0,1,1,1,0,1,1,1,0,0,0,0,0,0,1,1,1,0,0,0,1,0,0,0,0,1,1,1,0,1,0,0,0,0,0,0,1,1,1,1,0,1
restart_aligned_bits_regs_only_warmup40_cap1024_run01,375,0,A0,0B84F13A84F9CF84,0,0,1,0,0,0,0,1,1,1,1,1,0,0,1,1,1,0,0,1,1,1,1,1,0,0,1,0,0,0,0,1,0,1,0,1,1,1,0,0,1,0,0,0,1,1,1,1,0,0,1,0,0,0,0,1,1,1,0,1,0,0,0,0,0,0,0,0,0,1,0,1
restart_aligned_bits_regs_only_warmup40_cap1024_run01,376,0,24,0F84733F90FBCF90,0,0,0,0,1,0,0,1,1,1,1,1,0,0,1,1,1,1,0,1,1,1,1,1,0,0,0,0,1,0,0,1,1,1,1,1,1,1,0,0,1,1,0,0,1,1,1,0,0,0,1,0,0,0,0,1,1,1,1,1,0,0,0,0,0,0,1,0,0,1,0,0
restart_aligned_bits_regs_only_warmup40_cap1024_run01,377,0,18,0F84712F94F9CF90,0,0,0,0,1,0,0,1,1,1,1,1,0,0,1,1,1,0,0,1,1,1,1,1,0,0,1,0,1,0,0,1,1,1,1,1,0,1,0,0,1,0,0,0,1,1,1,0,0,0,1,0,0,0,0,1,1,1,1,1,0,0,0,0,0,0,0,1,1,0,0,0
restart_aligned_bits_regs_only_warmup40_cap1024_run01,378,1,B0,0B84F13B84F9CF84,0,0,1,0,0,0,0,1,1,1,1,1,0,0,1,1,1,0,0,1,1,1,1,1,0,0,1,0,0,0,0,1,1,1,0,1,1,1,0,0,1,0,0,0,1,1,1,1,0,0,1,0,0,0,0,1,1,1,0,1,0,0,0,0,0,0,0,0,1,1,0,1
restart_aligned_bits_regs_only_warmup40_cap1024_run01,379,0,41,0FC4713F847BCFE0,0,0,0,0,0,1,1,1,1,1,1,1,0,0,1,1,1,1,0,1,1,1,1,0,0,0,1,0,0,0,0,1,1,1,1,1,1,1,0,0,1,0,0,0,1,1,1,0,0,0,1,0,0,0,1,1,1,1,1,1,0,0,0,0,1,0,0,0,0,0,1,0
restart_aligned_bits_regs_only_warmup40_cap1024_run01,380,0,90,0B84713B84F9CF84,0,0,1,0,0,0,0,1,1,1,1,1,0,0,1,1,1,0,0,1,1,1,1,1,0,0,1,0,0,0,0,1,1,1,0,1,1,1,0,0,1,0,0,0,1,1,1,0,0,0,1,0,0,0,0,1,1,1,0,1,0,0,0,0,0,0,0,0,1,0,0,1
restart_aligned_bits_regs_only_warmup40_cap1024_run01,381,1,D0,0BC4783B84F9CF84,0,0,1,0,0,0,0,1,1,1,1,1,0,0,1,1,1,0,0,1,1,1,1,1,0,0,1,0,0,0,0,1,1,1,0,1,1,1,0,0,0,0,0,1,1,1,1,0,0,0,1,0,0,0,1,1,1,1,0,1,0,0,0,0,0,0,0,0,1,0,1,1
restart_aligned_bits_regs_only_warmup40_cap1024_run01,382,0,00,0F84712E90F9CF90,0,0,0,0,1,0,0,1,1,1,1,1,0,0,1,1,1,0,0,1,1,1,1,1,0,0,0,0,1,0,0,1,0,1,1,1,0,1,0,0,1,0,0,0,1,1,1,0,0,0,1,0,0,0,0,1,1,1,1,1,0,0,0,0,0,0,0,0,0,0,0,0
restart_aligned_bits_regs_only_warmup40_cap1024_run01,383,0,7D,0FC4732F94FBCFD0,0,0,0,0,1,0,1,1,1,1,1,1,0,0,1,1,1,1,0,1,1,1,1,1,0,0,1,0,1,0,0,1,1,1,1,1,0,1,0,0,1,1,0,0,1,1,1,0,0,0,1,0,0,0,1,1,1,1,1,1,0,0,0,0,1,0,1,1,1,1,1,0
restart_aligned_bits_regs_only_warmup40_cap1024_run01,384,1,94,0B84723B84FBCF84,0,0,1,0,0,0,0,1,1,1,1,1,0,0,1,1,1,1,0,1,1,1,1,1,0,0,1,0,0,0,0,1,1,1,0,1,1,1,0,0,0,1,0,0,1,1,1,0,0,0,1,0,0,0,0,1,1,1,0,1,0,0,0,0,0,0,1,0,1,0,0,1
restart_aligned_bits_regs_only_warmup40_cap1024_run01,385,1,94,0B84713B84F1CF84,0,0,1,0,0,0,0,1,1,1,1,1,0,0,1,1,1,0,0,0,1,1,1,1,0,0,1,0,0,0,0,1,1,1,0,1,1,1,0,0,1,0,0,0,1,1,1,0,0,0,1,0,0,0,0,1,1,1,0,1,0,0,0,0,0,0,1,0,1,0,0,1
restart_aligned_bits_regs_only_warmup40_cap1024_run01,386,0,95,0B84FA3B84FBCF94,0,0,1,0,1,0,0,1,1,1,1,1,0,0,1,1,1,1,0,1,1,1,1,1,0,0,1,0,0,0,0,1,1,1,0,1,1,1,0,0,0,1,0,1,1,1,1,1,0,0,1,0,0,0,0,1,1,1,0,1,0,0,0,0,1,0,1,0,1,0,0,1
restart_aligned_bits_regs_only_warmup40_cap1024_run01,387,0,90,0B84723B84F3CF84,0,0,1,0,0,0,0,1,1,1,1,1,0,0,1,1,1,1,0,0,1,1,1,1,0,0,1,0,0,0,0,1,1,1,0,1,1,1,0,0,0,1,0,0,1,1,1,0,0,0,1,0,0,0,0,1,1,1,0,1,0,0,0,0,0,0,0,0,1,0,0,1
restart_aligned_bits_regs_only_warmup40_cap1024_run01,388,0,05,0F84713F8479CF80,0,0,0,0,0,0,0,1,1,1,1,1,0,0,1,1,1,0,0,1,1,1,1,0,0,0,1,0,0,0,0,1,1,1,1,1,1,1,0,0,1,0,0,0,1,1,1,0,0,0,1,0,0,0,0,1,1,1,1,1,0,0,0,0,1,0,1,0,0,0,0,0
restart_aligned_bits_regs_only_warmup40_cap1024_run01,389,0,9F,0B847B2A94FBC794,0,0,1,0,1,0,0,1,1,1,1,0,0,0,1,1,1,1,0,1,1,1,1,1,0,0,1,0,1,0,0,1,0,1,0,1,0,1,0,0,1,1,0,1,1,1,1,0,0,0,1,0,0,0,0,1,1,1,0,1,0,0,0,0,1,1,1,1,1,0,0,1
restart_aligned_bits_regs_only_warmup40_cap1024_run01,390,1,BC,0B84733B94FBCFB4,0,0,1,0,1,1,0,1,1,1,1,1,0,0,1,1,1,1,0,1,1,1,1,1,0,0,1,0,1,0,0,1,1,1,0,1,1,1,0,0,1,1,0,0,1,1,1,0,0,0,1,0,0,0,0,1,1,1,0,1,0,0,0,0,0,0,1,1,1,1,0,1
restart_aligned_bits_regs_only_warmup40_cap1024_run01,391,1,BA,0B84793B94F9C7B4,0,0,1,0,1,1,0,1,1,1,1,0,0,0,1,1,1,0,0,1,1,1,1,1,0,0,1,0,1,0,0,1,1,1,0,1,1,1,0,0,1,0,0,1,1,1,1,0,0,0,1,0,0,0,0,1,1,1,0,1,0,0,0,0,0,1,0,1,1,1,0,1
restart_aligned_bits_regs_only_warmup40_cap1024_run01,392,0,14,1B84713B84F1CF84,0,0,1,0,0,0,0,1,1,1,1,1,0,0,1,1,1,0,0,0,1,1,1,1,0,0,1,0,0,0,0,1,1,1,0,1,1,1,0,0,1,0,0,0,1,1,1,0,0,0,1,0,0,0,0,1,1,1,0,1,1,0,0,0,0,0,1,0,1,0,0,0
restart_aligned_bits_regs_only_warmup40_cap1024_run01,393,0,99,0B84F03B94F9CF94,0,0,1,0,1,0,0,1,1,1,1,1,0,0,1,1,1,0,0,1,1,1,1,1,0,0,1,0,1,0,0,1,1,1,0,1,1,1,0,0,0,0,0,0,1,1,1,1,0,0,1,0,0,0,0,1,1,1,0,1,0,0,0,0,1,0,0,1,1,0,0,1
restart_aligned_bits_regs_only_warmup40_cap1024_run01,394,1,4C,0FC4783F8079CFA0,0,0,0,0,0,1,0,1,1,1,1,1,0,0,1,1,1,0,0,1,1,1,1,0,0,0,0,0,0,0,0,1,1,1,1,1,1,1,0,0,0,0,0,1,1,1,1,0,0,0,1,0,0,0,1,1,1,1,1,1,0,0,0,0,0,0,1,1,0,0,1,0
restart_aligned_bits_regs_only_warmup40_cap1024_run01,395,1,0B,0F847B3F947BC7B0,0,0,0,0,1,1,0,1,1,1,1,0,0,0,1,1,1,1,0,1,1,1,1,0,0,0,1,0,1,0,0,1,1,1,1,1,1,1,0,0,1,1,0,1,1,1,1,0,0,0,1,0,0,0,0,1,1,1,1,1,0,0,0,0,1,1,0,1,0,0,0,0
restart_aligned_bits_regs_only_warmup40_cap1024_run01,396,1,25,0F84733F84FBCF80,0,0,0,0,0,0,0,1,1,1,1,1,0,0,1,1,1,1,0,1,1,1,1,1,0,0,1,0,0,0,0,1,1,1,1,1,1,1,0,0,1,1,0,0,1,1,1,0,0,0,1,0,0,0,0,1,1,1,1,1,0,0,0,0,1,0,1,0,0,1,0,0
restart_aligned_bits_regs_only_warmup40_cap1024_run01,397,0,50,0FC4713E84F9CFC0,0,0,0,0,0,0,1,1,1,1,1,1,0,0,1,1,1,0,0,1,1,1,1,1,0,0,1,0,0,0,0,1,0,1,1,1,1,1,0,0,1,0,0,0,1,1,1,0,0,0,1,0,0,0,1,1,1,1,1,1,0,0,0,0,0,0,0,0,1,0,1,0
restart_aligned_bits_regs_only_warmup40_cap1024_run01,398,1,8F,0B847B3A94FBC794,0,0,1,0,1,0,0,1,1,1,1,0,0,0,1,1,1,1,0,1,1,1,1,1,0,0,1,0,1,0,0,1,0,1,0,1,1,1,0,0,1,1,0,1,1,1,1,0,0,0,1,0,0,0,0,1,1,1,0,1,0,0,0,0,1,1,1,1,0,0,0,1
restart_aligned_bits_regs_only_warmup40_cap1024_run01,399,0,90,0B84F33B84F3CF84,0,0,1,0,0,0,0,1,1,1,1,1,0,0,1,1,1,1,0,0,1,1,1,1,0,0,1,0,0,0,0,1,1,1,0,1,1,1,0,0,1,1,0,0,1,1,1,1,0,0,1,0,0,0,0,1,1,1,0,1,0,0,0,0,0,0,0,0,1,0,0,1
restart_aligned_bits_regs_only_warmup40_cap1024_run01,400,1,DC,0B8CF03B8CF1CF84,0,0,1,0,0,0,0,1,1,1,1,1,0,0,1,1,1,0,0,0,1,1,1,1,0,0,1,1,0,0,0,1,1,1,0,1,1,1,0,0,0,0,0,0,1,1,1,1,0,0,1,1,0,0,0,1,1,1,0,1,0,0,0,0,0,0,1,1,1,0,1,1
restart_aligned_bits_regs_only_warmup40_cap1024_run01,401,0,14,1B84713B84F1CF84,0,0,1,0,0,0,0,1,1,1,1,1,0,0,1,1,1,0,0,0,1,1,1,1,0,0,1,0,0,0,0,1,1,1,0,1,1,1,0,0,1,0,0,0,1,1,1,0,0,0,1,0,0,0,0,1,1,1,0,1,1,0,0,0,0,0,1,0,1,0,0,0
restart_aligned_bits_regs_only_warmup40_cap1024_run01,402,0,F0,0BC4733B847BCF84,0,0,1,0,0,0,0,1,1,1,1,1,0,0,1,1,1,1,0,1,1,1,1,0,0,0,1,0,0,0,0,1,1,1,0,1,1,1,0,0,1,1,0,0,1,1,1,0,0,0,1,0,0,0,1,1,1,1,0,1,0,0,0,0,0,0,0,0,1,1,1,1
restart_aligned_bits_regs_only_warmup40_cap1024_run01,403,0,99,0B847B3B947BCF94,0,0,1,0,1,0,0,1,1,1,1,1,0,0,1,1,1,1,0,1,1,1,1,0,0,0,1,0,1,0,0,1,1,1,0,1,1,1,0,0,1,1,0,1,1,1,1,0,0,0,1,0,0,0,0,1,1,1,0,1,0,0,0,0,1,0,0,1,1,0,0,1
restart_aligned_bits_regs_only_warmup40_cap1024_run01,404,0,90,0B84713B84F9CF84,0,0,1,0,0,0,0,1,1,1,1,1,0,0,1,1,1,0,0,1,1,1,1,1,0,0,1,0,0,0,0,1,1,1,0,1,1,1,0,0,1,0,0,0,1,1,1,0,0,0,1,0,0,0,0,1,1,1,0,1,0,0,0,0,0,0,0,0,1,0,0,1
restart_aligned_bits_regs_only_warmup40_cap1024_run01,405,1,20,8B84733AB47BCFB4,0,0,1,0,1,1,0,1,1,1,1,1,0,0,1,1,1,1,0,1,1,1,1,0,0,0,1,0,1,1,0,1,0,1,0,1,1,1,0,0,1,1,0,0,1,1,1,0,0,0,1,0,0,0,0,1,1,1,0,1,0,0,0,1,0,0,0,0,0,1,0,0
restart_aligned_bits_regs_only_warmup40_cap1024_run01,406,1,94,0B84711AB479CFB4,0,0,1,0,1,1,0,1,1,1,1,1,0,0,1,1,1,0,0,1,1,1,1,0,0,0,1,0,1,1,0,1,0,1,0,1,1,0,0,0,1,0,0,0,1,1,1,0,0,0,1,0,0,0,0,1,1,1,0,1,0,0,0,0,0,0,1,0,1,0,0,1
restart_aligned_bits_regs_only_warmup40_cap1024_run01,407,1,85,8F84713F8479CFB0,0,0,0,0,1,1,0,1,1,1,1,1,0,0,1,1,1,0,0,1,1,1,1,0,0,0,1,0,0,0,0,1,1,1,1,1,1,1,0,0,1,0,0,0,1,1,1,0,0,0,1,0,0,0,0,1,1,1,1,1,0,0,0,1,1,0,1,0,0,0,0,1
restart_aligned_bits_regs_only_warmup40_cap1024_run01,408,0,21,0F84733F847BCFB0,0,0,0,0,1,1,0,1,1,1,1,1,0,0,1,1,1,1,0,1,1,1,1,0,0,0,1,0,0,0,0,1,1,1,1,1,1,1,0,0,1,1,0,0,1,1,1,0,0,0,1,0,0,0,0,1,1,1,1,1,0,0,0,0,1,0,0,0,0,1,0,0
restart_aligned_bits_regs_only_warmup40_cap1024_run01,409,0,A9,0B84733A947BCF94,0,0,1,0,1,0,0,1,1,1,1,1,0,0,1,1,1,1,0,1,1,1,1,0,0,0,1,0,1,0,0,1,0,1,0,1,1,1,0,0,1,1,0,0,1,1,1,0,0,0,1,0,0,0,0,1,1,1,0,1,0,0,0,0,1,0,0,1,0,1,0,1
restart_aligned_bits_regs_only_warmup40_cap1024_run01,410,1,D0,0BC47B3B847BCFE4,0,0,1,0,0,1,1,1,1,1,1,1,0,0,1,1,1,1,0,1,1,1,1,0,0,0,1,0,0,0,0,1,1,1,0,1,1,1,0,0,1,1,0,1,1,1,1,0,0,0,1,0,0,0,1,1,1,1,0,1,0,0,0,0,0,0,0,0,1,0,1,1
restart_aligned_bits_regs_only_warmup40_cap1024_run01,411,1,B0,0B84737A847BCF84,0,0,1,0,0,0,0,1,1,1,1,1,0,0,1,1,1,1,0,1,1,1,1,0,0,0,1,0,0,0,0,1,0,1,0,1,1,1,1,0,1,1,0,0,1,1,1,0,0,0,1,0,0,0,0,1,1,1,0,1,0,0,0,0,0,0,0,0,1,1,0,1
restart_aligned_bits_regs_only_warmup40_cap1024_run01,412,0,81,0B84713A84F9CF94,0,0,1,0,1,0,0,1,1,1,1,1,0,0,1,1,1,0,0,1,1,1,1,1,0,0,1,0,0,0,0,1,0,1,0,1,1,1,0,0,1,0,0,0,1,1,1,0,0,0,1,0,0,0,0,1,1,1,0,1,0,0,0,0,1,0,0,0,0,0,0,1
restart_aligned_bits_regs_only_warmup40_cap1024_run01,413,1,94,0B84713B84F1CF84,0,0,1,0,0,0,0,1,1,1,1,1,0,0,1,1,1,0,0,0,1,1,1,1,0,0,1,0,0,0,0,1,1,1,0,1,1,1,0,0,1,0,0,0,1,1,1,0,0,0,1,0,0,0,0,1,1,1,0,1,0,0,0,0,0,0,1,0,1,0,0,1
restart_aligned_bits_regs_only_warmup40_cap1024_run01,414,0,00,8B84713F8471CF84,0,0,1,0,0,0,0,1,1,1,1,1,0,0,1,1,1,0,0,0,1,1,1,0,0,0,1,0,0,0,0,1,1,1,1,1,1,1,0,0,1,0,0,0,1,1,1,0,0,0,1,0,0,0,0,1,1,1,0,1,0,0,0,1,0,0,0,0,0,0,0,0
restart_aligned_bits_regs_only_warmup40_cap1024_run01,415,0,90,0B84713B84F9CF84,0,0,1,0,0,0,0,1,1,1,1,1,0,0,1,1,1,0,0,1,1,1,1,1,0,0,1,0,0,0,0,1,1,1,0,1,1,1,0,0,1,0,0,0,1,1,1,0,0,0,1,0,0,0,0,1,1,1,0,1,0,0,0,0,0,0,0,0,1,0,0,1
restart_aligned_bits_regs_only_warmup40_cap1024_run01,416,0,60,0FC4793F84F9CFF0,0,0,0,0,1,1,1,1,1,1,1,1,0,0,1,1,1,0,0,1,1,1,1,1,0,0,1,0,0,0,0,1,1,1,1,1,1,1,0,0,1,0,0,1,1,1,1,0,0,0,1,0,0,0,1,1,1,1,1,1,0,0,0,0,0,0,0,0,0,1,1,0
restart_aligned_bits_regs_only_warmup40_cap1024_run01,417,0,84,0B84713F84FBCF84,0,0,1,0,0,0,0,1,1,1,1,1,0,0,1,1,1,1,0,1,1,1,1,1,0,0,1,0,0,0,0,1,1,1,1,1,1,1,0,0,1,0,0,0,1,1,1,0,0,0,1,0,0,0,0,1,1,1,0,1,0,0,0,0,0,0,1,0,0,0,0,1
restart_aligned_bits_regs_only_warmup40_cap1024_run01,418,0,05,0F84F03F84F1CF80,0,0,0,0,0,0,0,1,1,1,1,1,0,0,1,1,1,0,0,0,1,1,1,1,0,0,1,0,0,0,0,1,1,1,1,1,1,1,0,0,0,0,0,0,1,1,1,1,0,0,1,0,0,0,0,1,1,1,1,1,0,0,0,0,1,0,1,0,0,0,0,0
restart_aligned_bits_regs_only_warmup40_cap1024_run01,419,0,B4,0B84F23B84FBCF84,0,0,1,0,0,0,0,1,1,1,1,1,0,0,1,1,1,1,0,1,1,1,1,1,0,0,1,0,0,0,0,1,1,1,0,1,1,1,0,0,0,1,0,0,1,1,1,1,0,0,1,0,0,0,0,1,1,1,0,1,0,0,0,0,0,0,1,0,1,1,0,1
restart_aligned_bits_regs_only_warmup40_cap1024_run01,420,1,B5,0B84F23B84FBCFA4,0,0,1,0,0,1,0,1,1,1,1,1,0,0,1,1,1,1,0,1,1,1,1,1,0,0,1,0,0,0,0,1,1,1,0,1,1,1,0,0,0,1,0,0,1,1,1,1,0,0,1,0,0,0,0,1,1,1,0,1,0,0,0,0,1,0,1,0,1,1,0,1
restart_aligned_bits_regs_only_warmup40_cap1024_run01,421,1,B0,0B84703B84F9CF84,0,0,1,0,0,0,0,1,1,1,1,1,0,0,1,1,1,0,0,1,1,1,1,1,0,0,1,0,0,0,0,1,1,1,0,1,1,1,0,0,0,0,0,0,1,1,1,0,0,0,1,0,0,0,0,1,1,1,0,1,0,0,0,0,0,0,0,0,1,1,0,1
restart_aligned_bits_regs_only_warmup40_cap1024_run01,422,1,2C,4B84707B8CF1CF84,0,0,1,0,0,0,0,1,1,1,1,1,0,0,1,1,1,0,0,0,1,1,1,1,0,0,1,1,0,0,0,1,1,1,0,1,1,1,1,0,0,0,0,0,1,1,1,0,0,0,1,0,0,0,0,1,1,1,0,1,0,0,1,0,0,0,1,1,0,1,0,0
restart_aligned_bits_regs_only_warmup40_cap1024_run01,423,0,BD,0B84703B94FBCF94,0,0,1,0,1,0,0,1,1,1,1,1,0,0,1,1,1,1,0,1,1,1,1,1,0,0,1,0,1,0,0,1,1,1,0,1,1,1,0,0,0,0,0,0,1,1,1,0,0,0,1,0,0,0,0,1,1,1,0,1,0,0,0,0,1,0,1,1,1,1,0,1
restart_aligned_bits_regs_only_warmup40_cap1024_run01,424,1,20,0F84733F84F3CFA0,0,0,0,0,0,1,0,1,1,1,1,1,0,0,1,1,1,1,0,0,1,1,1,1,0,0,1,0,0,0,0,1,1,1,1,1,1,1,0,0,1,1,0,0,1,1,1,0,0,0,1,0,0,0,0,1,1,1,1,1,0,0,0,0,0,0,0,0,0,1,0,0
restart_aligned_bits_regs_only_warmup40_cap1024_run01,425,0,84,0B84717B8479CF84,0,0,1,0,0,0,0,1,1,1,1,1,0,0,1,1,1,0,0,1,1,1,1,0,0,0,1,0,0,0,0,1,1,1,0,1,1,1,1,0,1,0,0,0,1,1,1,0,0,0,1,0,0,0,0,1,1,1,0,1,0,0,0,0,0,0,1,0,0,0,0,1
restart_aligned_bits_regs_only_warmup40_cap1024_run01,426,0,0C,0F84F32E94FBCF90,0,0,0,0,1,0,0,1,1,1,1,1,0,0,1,1,1,1,0,1,1,1,1,1,0,0,1,0,1,0,0,1,0,1,1,1,0,1,0,0,1,1,0,0,1,1,1,1,0,0,1,0,0,0,0,1,1,1,1,1,0,0,0,0,0,0,1,1,0,0,0,0
restart_aligned_bits_regs_only_warmup40_cap1024_run01,427,1,01,0F84713F84F3CF80,0,0,0,0,0,0,0,1,1,1,1,1,0,0,1,1,1,1,0,0,1,1,1,1,0,0,1,0,0,0,0,1,1,1,1,1,1,1,0,0,1,0,0,0,1,1,1,0,0,0,1,0,0,0,0,1,1,1,1,1,0,0,0,0,1,0,0,0,0,0,0,0
restart_aligned_bits_regs_only_warmup40_cap1024_run01,428,1,B0,1F84733E847BCFA0,0,0,0,0,0,1,0,1,1,1,1,1,0,0,1,1,1,1,0,1,1,1,1,0,0,0,1,0,0,0,0,1,0,1,1,1,1,1,0,0,1,1,0,0,1,1,1,0,0,0,1,0,0,0,0,1,1,1,1,1,1,0,0,0,0,0,0,0,1,1,0,1
restart_aligned_bits_regs_only_warmup40_cap1024_run01,429,0,B4,0B847A7F84FBCF84,0,0,1,0,0,0,0,1,1,1,1,1,0,0,1,1,1,1,0,1,1,1,1,1,0,0,1,0,0,0,0,1,1,1,1,1,1,1,1,0,0,1,0,1,1,1,1,0,0,0,1,0,0,0,0,1,1,1,0,1,0,0,0,0,0,0,1,0,1,1,0,1
restart_aligned_bits_regs_only_warmup40_cap1024_run01,430,0,8D,0B84717B86F1CF94,0,0,1,0,1,0,0,1,1,1,1,1,0,0,1,1,1,0,0,0,1,1,1,1,0,1,1,0,0,0,0,1,1,1,0,1,1,1,1,0,1,0,0,0,1,1,1,0,0,0,1,0,0,0,0,1,1,1,0,1,0,0,0,0,1,0,1,1,0,0,0,1
restart_aligned_bits_regs_only_warmup40_cap1024_run01,431,0,05,0F84F33FB4FBCFB0,0,0,0,0,1,1,0,1,1,1,1,1,0,0,1,1,1,1,0,1,1,1,1,1,0,0,1,0,1,1,0,1,1,1,1,1,1,1,0,0,1,1,0,0,1,1,1,1,0,0,1,0,0,0,0,1,1,1,1,1,0,0,0,0,1,0,1,0,0,0,0,0
restart_aligned_bits_regs_only_warmup40_cap1024_run01,432,0,A0,0B84703F84F9CF84,0,0,1,0,0,0,0,1,1,1,1,1,0,0,1,1,1,0,0,1,1,1,1,1,0,0,1,0,0,0,0,1,1,1,1,1,1,1,0,0,0,0,0,0,1,1,1,0,0,0,1,0,0,0,0,1,1,1,0,1,0,0,0,0,0,0,0,0,0,1,0,1
restart_aligned_bits_regs_only_warmup40_cap1024_run01,433,1,A4,0B84700FB4F1CFB4,0,0,1,0,1,1,0,1,1,1,1,1,0,0,1,1,1,0,0,0,1,1,1,1,0,0,1,0,1,1,0,1,1,1,1,1,0,0,0,0,0,0,0,0,1,1,1,0,0,0,1,0,0,0,0,1,1,1,0,1,0,0,0,0,0,0,1,0,0,1,0,1
restart_aligned_bits_regs_only_warmup40_cap1024_run01,434,0,3C,0F84732F94FBCF90,0,0,0,0,1,0,0,1,1,1,1,1,0,0,1,1,1,1,0,1,1,1,1,1,0,0,1,0,1,0,0,1,1,1,1,1,0,1,0,0,1,1,0,0,1,1,1,0,0,0,1,0,0,0,0,1,1,1,1,1,0,0,0,0,0,0,1,1,1,1,0,0
restart_aligned_bits_regs_only_warmup40_cap1024_run01,435,0,48,1B8CF07B8CF5CF84,0,0,1,0,0,0,0,1,1,1,1,1,0,0,1,1,1,0,1,0,1,1,1,1,0,0,1,1,0,0,0,1,1,1,0,1,1,1,1,0,0,0,0,0,1,1,1,1,0,0,1,1,0,0,0,1,1,1,0,1,1,0,0,0,0,0,0,1,0,0,1,0
restart_aligned_bits_regs_only_warmup40_cap1024_run01,436,1,94,0B84F33B84FBCF84,0,0,1,0,0,0,0,1,1,1,1,1,0,0,1,1,1,1,0,1,1,1,1,1,0,0,1,0,0,0,0,1,1,1,0,1,1,1,0,0,1,1,0,0,1,1,1,1,0,0,1,0,0,0,0,1,1,1,0,1,0,0,0,0,0,0,1,0,1,0,0,1
restart_aligned_bits_regs_only_warmup40_cap1024_run01,437,1,AD,0B84732B94FBCF94,0,0,1,0,1,0,0,1,1,1,1,1,0,0,1,1,1,1,0,1,1,1,1,1,0,0,1,0,1,0,0,1,1,1,0,1,0,1,0,0,1,1,0,0,1,1,1,0,0,0,1,0,0,0,0,1,1,1,0,1,0,0,0,0,1,0,1,1,0,1,0,1
restart_aligned_bits_regs_only_warmup40_cap1024_run01,438,1,8C,0B84F07B8CF1CF84,0,0,1,0,0,0,0,1,1,1,1,1,0,0,1,1,1,0,0,0,1,1,1,1,0,0,1,1,0,0,0,1,1,1,0,1,1,1,1,0,0,0,0,0,1,1,1,1,0,0,1,0,0,0,0,1,1,1,0,1,0,0,0,0,0,0,1,1,0,0,0,1
restart_aligned_bits_regs_only_warmup40_cap1024_run01,439,1,9D,0B84F33B94FBCF94,0,0,1,0,1,0,0,1,1,1,1,1,0,0,1,1,1,1,0,1,1,1,1,1,0,0,1,0,1,0,0,1,1,1,0,1,1,1,0,0,1,1,0,0,1,1,1,1,0,0,1,0,0,0,0,1,1,1,0,1,0,0,0,0,1,0,1,1,1,0,0,1
restart_aligned_bits_regs_only_warmup40_cap1024_run01,440,0,ED,0BC4732B94FBCF94,0,0,1,0,1,0,0,1,1,1,1,1,0,0,1,1,1,1,0,1,1,1,1,1,0,0,1,0,1,0,0,1,1,1,0,1,0,1,0,0,1,1,0,0,1,1,1,0,0,0,1,0,0,0,1,1,1,1,0,1,0,0,0,0,1,0,1,1,0,1,1,1
restart_aligned_bits_regs_only_warmup40_cap1024_run01,441,0,B4,0B84737A84FBCF84,0,0,1,0,0,0,0,1,1,1,1,1,0,0,1,1,1,1,0,1,1,1,1,1,0,0,1,0,0,0,0,1,0,1,0,1,1,1,1,0,1,1,0,0,1,1,1,0,0,0,1,0,0,0,0,1,1,1,0,1,0,0,0,0,0,0,1,0,1,1,0,1
restart_aligned_bits_regs_only_warmup40_cap1024_run01,442,0,60,0F8C733F9CF3CF90,0,0,0,0,1,0,0,1,1,1,1,1,0,0,1,1,1,1,0,0,1,1,1,1,0,0,1,1,1,0,0,1,1,1,1,1,1,1,0,0,1,1,0,0,1,1,1,0,0,0,1,1,0,0,0,1,1,1,1,1,0,0,0,0,0,0,0,0,0,1,1,0
restart_aligned_bits_regs_only_warmup40_cap1024_run01,443,0,3C,0F84732F94FBCF90,0,0,0,0,1,0,0,1,1,1,1,1,0,0,1,1,1,1,0,1,1,1,1,1,0,0,1,0,1,0,0,1,1,1,1,1,0,1,0,0,1,1,0,0,1,1,1,0,0,0,1,0,0,0,0,1,1,1,1,1,0,0,0,0,0,0,1,1,1,1,0,0
restart_aligned_bits_regs_only_warmup40_cap1024_run01,444,0,B4,0B84703B84F1CF84,0,0,1,0,0,0,0,1,1,1,1,1,0,0,1,1,1,0,0,0,1,1,1,1,0,0,1,0,0,0,0,1,1,1,0,1,1,1,0,0,0,0,0,0,1,1,1,0,0,0,1,0,0,0,0,1,1,1,0,1,0,0,0,0,0,0,1,0,1,1,0,1
restart_aligned_bits_regs_only_warmup40_cap1024_run01,445,0,24,0F84733F84FBCF90,0,0,0,0,1,0,0,1,1,1,1,1,0,0,1,1,1,1,0,1,1,1,1,1,0,0,1,0,0,0,0,1,1,1,1,1,1,1,0,0,1,1,0,0,1,1,1,0,0,0,1,0,0,0,0,1,1,1,1,1,0,0,0,0,0,0,1,0,0,1,0,0
restart_aligned_bits_regs_only_warmup40_cap1024_run01,446,0,A9,0B84F12B94F9CF94,0,0,1,0,1,0,0,1,1,1,1,1,0,0,1,1,1,0,0,1,1,1,1,1,0,0,1,0,1,0,0,1,1,1,0,1,0,1,0,0,1,0,0,0,1,1,1,1,0,0,1,0,0,0,0,1,1,1,0,1,0,0,0,0,1,0,0,1,0,1,0,1
restart_aligned_bits_regs_only_warmup40_cap1024_run01,447,1,8C,0B84713A8CF1CF84,0,0,1,0,0,0,0,1,1,1,1,1,0,0,1,1,1,0,0,0,1,1,1,1,0,0,1,1,0,0,0,1,0,1,0,1,1,1,0,0,1,0,0,0,1,1,1,0,0,0,1,0,0,0,0,1,1,1,0,1,0,0,0,0,0,0,1,1,0,0,0,1
restart_aligned_bits_regs_only_warmup40_cap1024_run01,448,0,14,0F84712F90F1CF90,0,0,0,0,1,0,0,1,1,1,1,1,0,0,1,1,1,0,0,0,1,1,1,1,0,0,0,0,1,0,0,1,1,1,1,1,0,1,0,0,1,0,0,0,1,1,1,0,0,0,1,0,0,0,0,1,1,1,1,1,0,0,0,0,0,0,1,0,1,0,0,0
restart_aligned_bits_regs_only_warmup40_cap1024_run01,449,1,80,0B84713F84F9CF84,0,0,1,0,0,0,0,1,1,1,1,1,0,0,1,1,1,0,0,1,1,1,1,1,0,0,1,0,0,0,0,1,1,1,1,1,1,1,0,0,1,0,0,0,1,1,1,0,0,0,1,0,0,0,0,1,1,1,0,1,0,0,0,0,0,0,0,0,0,0,0,1
restart_aligned_bits_regs_only_warmup40_cap1024_run01,450,0,00,0F84F33F90F3CF90,0,0,0,0,1,0,0,1,1,1,1,1,0,0,1,1,1,1,0,0,1,1,1,1,0,0,0,0,1,0,0,1,1,1,1,1,1,1,0,0,1,1,0,0,1,1,1,1,0,0,1,0,0,0,0,1,1,1,1,1,0,0,0,0,0,0,0,0,0,0,0,0
restart_aligned_bits_regs_only_warmup40_cap1024_run01,451,1,34,0F84732F90FBCF90,0,0,0,0,1,0,0,1,1,1,1,1,0,0,1,1,1,1,0,1,1,1,1,1,0,0,0,0,1,0,0,1,1,1,1,1,0,1,0,0,1,1,0,0,1,1,1,0,0,0,1,0,0,0,0,1,1,1,1,1,0,0,0,0,0,0,1,0,1,1,0,0
restart_aligned_bits_regs_only_warmup40_cap1024_run01,452,0,1E,0F847B2F94FBC790,0,0,0,0,1,0,0,1,1,1,1,0,0,0,1,1,1,1,0,1,1,1,1,1,0,0,1,0,1,0,0,1,1,1,1,1,0,1,0,0,1,1,0,1,1,1,1,0,0,0,1,0,0,0,0,1,1,1,1,1,0,0,0,0,0,1,1,1,1,0,0,0
restart_aligned_bits_regs_only_warmup40_cap1024_run01,453,1,31,0F84733E847BCF80,0,0,0,0,0,0,0,1,1,1,1,1,0,0,1,1,1,1,0,1,1,1,1,0,0,0,1,0,0,0,0,1,0,1,1,1,1,1,0,0,1,1,0,0,1,1,1,0,0,0,1,0,0,0,0,1,1,1,1,1,0,0,0,0,1,0,0,0,1,1,0,0
restart_aligned_bits_regs_only_warmup40_cap1024_run01,454,1,31,0F84F13E84F9CF80,0,0,0,0,0,0,0,1,1,1,1,1,0,0,1,1,1,0,0,1,1,1,1,1,0,0,1,0,0,0,0,1,0,1,1,1,1,1,0,0,1,0,0,0,1,1,1,1,0,0,1,0,0,0,0,1,1,1,1,1,0,0,0,0,1,0,0,0,1,1,0,0
restart_aligned_bits_regs_only_warmup40_cap1024_run01,455,0,2D,0F84792E9479CFB0,0,0,0,0,1,1,0,1,1,1,1,1,0,0,1,1,1,0,0,1,1,1,1,0,0,0,1,0,1,0,0,1,0,1,1,1,0,1,0,0,1,0,0,1,1,1,1,0,0,0,1,0,0,0,0,1,1,1,1,1,0,0,0,0,1,0,1,1,0,1,0,0
restart_aligned_bits_regs_only_warmup40_cap1024_run01,456,1,80,0B84713F84F9CF84,0,0,1,0,0,0,0,1,1,1,1,1,0,0,1,1,1,0,0,1,1,1,1,1,0,0,1,0,0,0,0,1,1,1,1,1,1,1,0,0,1,0,0,0,1,1,1,0,0,0,1,0,0,0,0,1,1,1,0,1,0,0,0,0,0,0,0,0,0,0,0,1
restart_aligned_bits_regs_only_warmup40_cap1024_run01,457,1,46,0F94692E9079DF90,0,0,0,0,1,0,0,1,1,1,1,1,1,0,1,1,1,0,0,1,1,1,1,0,0,0,0,0,1,0,0,1,0,1,1,1,0,1,0,0,1,0,0,1,0,1,1,0,0,0,1,0,1,0,0,1,1,1,1,1,0,0,0,0,0,1,1,0,0,0,1,0
restart_aligned_bits_regs_only_warmup40_cap1024_run01,458,1,08,0F84716F94F9CF90,0,0,0,0,1,0,0,1,1,1,1,1,0,0,1,1,1,0,0,1,1,1,1,1,0,0,1,0,1,0,0,1,1,1,1,1,0,1,1,0,1,0,0,0,1,1,1,0,0,0,1,0,0,0,0,1,1,1,1,1,0,0,0,0,0,0,0,1,0,0,0,0
restart_aligned_bits_regs_only_warmup40_cap1024_run01,459,1,80,0B84717B84F9CF84,0,0,1,0,0,0,0,1,1,1,1,1,0,0,1,1,1,0,0,1,1,1,1,1,0,0,1,0,0,0,0,1,1,1,0,1,1,1,1,0,1,0,0,0,1,1,1,0,0,0,1,0,0,0,0,1,1,1,0,1,0,0,0,0,0,0,0,0,0,0,0,1
restart_aligned_bits_regs_only_warmup40_cap1024_run01,460,1,0D,4B84717B94F1CF94,0,0,1,0,1,0,0,1,1,1,1,1,0,0,1,1,1,0,0,0,1,1,1,1,0,0,1,0,1,0,0,1,1,1,0,1,1,1,1,0,1,0,0,0,1,1,1,0,0,0,1,0,0,0,0,1,1,1,0,1,0,0,1,0,1,0,1,1,0,0,0,0
restart_aligned_bits_regs_only_warmup40_cap1024_run01,461,1,08,0F84F03F94F9CF90,0,0,0,0,1,0,0,1,1,1,1,1,0,0,1,1,1,0,0,1,1,1,1,1,0,0,1,0,1,0,0,1,1,1,1,1,1,1,0,0,0,0,0,0,1,1,1,1,0,0,1,0,0,0,0,1,1,1,1,1,0,0,0,0,0,0,0,1,0,0,0,0
restart_aligned_bits_regs_only_warmup40_cap1024_run01,462,1,B5,0B84733B84FBCF94,0,0,1,0,1,0,0,1,1,1,1,1,0,0,1,1,1,1,0,1,1,1,1,1,0,0,1,0,0,0,0,1,1,1,0,1,1,1,0,0,1,1,0,0,1,1,1,0,0,0,1,0,0,0,0,1,1,1,0,1,0,0,0,0,1,0,1,0,1,1,0,1
restart_aligned_bits_regs_only_warmup40_cap1024_run01,463,1,9D,0B84F32A94FBCF94,0,0,1,0,1,0,0,1,1,1,1,1,0,0,1,1,1,1,0,1,1,1,1,1,0,0,1,0,1,0,0,1,0,1,0,1,0,1,0,0,1,1,0,0,1,1,1,1,0,0,1,0,0,0,0,1,1,1,0,1,0,0,0,0,1,0,1,1,1,0,0,1
restart_aligned_bits_regs_only_warmup40_cap1024_run01,464,1,AD,0B84F27B94FBCF94,0,0,1,0,1,0,0,1,1,1,1,1,0,0,1,1,1,1,0,1,1,1,1,1,0,0,1,0,1,0,0,1,1,1,0,1,1,1,1,0,0,1,0,0,1,1,1,1,0,0,1,0,0,0,0,1,1,1,0,1,0,0,0,0,1,0,1,1,0,1,0,1
restart_aligned_bits_regs_only_warmup40_cap1024_run01,465,0,84,0B84F97B84FBCF84,0,0,1,0,0,0,0,1,1,1,1,1,0,0,1,1,1,1,0,1,1,1,1,1,0,0,1,0,0,0,0,1,1,1,0,1,1,1,1,0,1,0,0,1,1,1,1,1,0,0,1,0,0,0,0,1,1,1,0,1,0,0,0,0,0,0,1,0,0,0,0,1
restart_aligned_bits_regs_only_warmup40_cap1024_run01,466,1,94,0B84F03B84F1CF84,0,0,1,0,0,0,0,1,1,1,1,1,0,0,1,1,1,0,0,0,1,1,1,1,0,0,1,0,0,0,0,1,1,1,0,1,1,1,0,0,0,0,0,0,1,1,1,1,0,0,1,0,0,0,0,1,1,1,0,1,0,0,0,0,0,0,1,0,1,0,0,1
restart_aligned_bits_regs_only_warmup40_cap1024_run01,467,0,30,0F84797F84F9CF90,0,0,0,0,1,0,0,1,1,1,1,1,0,0,1,1,1,0,0,1,1,1,1,1,0,0,1,0,0,0,0,1,1,1,1,1,1,1,1,0,1,0,0,1,1,1,1,0,0,0,1,0,0,0,0,1,1,1,1,1,0,0,0,0,0,0,0,0,1,1,0,0
restart_aligned_bits_regs_only_warmup40_cap1024_run01,468,1,AD,0B84797E9479CF94,0,0,1,0,1,0,0,1,1,1,1,1,0,0,1,1,1,0,0,1,1,1,1,0,0,0,1,0,1,0,0,1,0,1,1,1,1,1,1,0,1,0,0,1,1,1,1,0,0,0,1,0,0,0,0,1,1,1,0,1,0,0,0,0,1,0,1,1,0,1,0,1
restart_aligned_bits_regs_only_warmup40_cap1024_run01,469,1,B0,0B84F17F84F9CF84,0,0,1,0,0,0,0,1,1,1,1,1,0,0,1,1,1,0,0,1,1,1,1,1,0,0,1,0,0,0,0,1,1,1,1,1,1,1,1,0,1,0,0,0,1,1,1,1,0,0,1,0,0,0,0,1,1,1,0,1,0,0,0,0,0,0,0,0,1,1,0,1
restart_aligned_bits_regs_only_warmup40_cap1024_run01,470,1,2C,0F84733F94FBCF90,0,0,0,0,1,0,0,1,1,1,1,1,0,0,1,1,1,1,0,1,1,1,1,1,0,0,1,0,1,0,0,1,1,1,1,1,1,1,0,0,1,1,0,0,1,1,1,0,0,0,1,0,0,0,0,1,1,1,1,1,0,0,0,0,0,0,1,1,0,1,0,0
restart_aligned_bits_regs_only_warmup40_cap1024_run01,471,0,2D,0F84733F8C73CF80,0,0,0,0,0,0,0,1,1,1,1,1,0,0,1,1,1,1,0,0,1,1,1,0,0,0,1,1,0,0,0,1,1,1,1,1,1,1,0,0,1,1,0,0,1,1,1,0,0,0,1,0,0,0,0,1,1,1,1,1,0,0,0,0,1,0,1,1,0,1,0,0
restart_aligned_bits_regs_only_warmup40_cap1024_run01,472,0,3C,0F84732F94FBCF90,0,0,0,0,1,0,0,1,1,1,1,1,0,0,1,1,1,1,0,1,1,1,1,1,0,0,1,0,1,0,0,1,1,1,1,1,0,1,0,0,1,1,0,0,1,1,1,0,0,0,1,0,0,0,0,1,1,1,1,1,0,0,0,0,0,0,1,1,1,1,0,0
restart_aligned_bits_regs_only_warmup40_cap1024_run01,473,0,14,0F84F32F90FBCF90,0,0,0,0,1,0,0,1,1,1,1,1,0,0,1,1,1,1,0,1,1,1,1,1,0,0,0,0,1,0,0,1,1,1,1,1,0,1,0,0,1,1,0,0,1,1,1,1,0,0,1,0,0,0,0,1,1,1,1,1,0,0,0,0,0,0,1,0,1,0,0,0
restart_aligned_bits_regs_only_warmup40_cap1024_run01,474,1,80,0B84713F84F9CF84,0,0,1,0,0,0,0,1,1,1,1,1,0,0,1,1,1,0,0,1,1,1,1,1,0,0,1,0,0,0,0,1,1,1,1,1,1,1,0,0,1,0,0,0,1,1,1,0,0,0,1,0,0,0,0,1,1,1,0,1,0,0,0,0,0,0,0,0,0,0,0,1
restart_aligned_bits_regs_only_warmup40_cap1024_run01,475,1,31,0F84732F907BCFB0,0,0,0,0,1,1,0,1,1,1,1,1,0,0,1,1,1,1,0,1,1,1,1,0,0,0,0,0,1,0,0,1,1,1,1,1,0,1,0,0,1,1,0,0,1,1,1,0,0,0,1,0,0,0,0,1,1,1,1,1,0,0,0,0,1,0,0,0,1,1,0,0
restart_aligned_bits_regs_only_warmup40_cap1024_run01,476,0,14,0F84F37F84FBCF90,0,0,0,0,1,0,0,1,1,1,1,1,0,0,1,1,1,1,0,1,1,1,1,1,0,0,1,0,0,0,0,1,1,1,1,1,1,1,1,0,1,1,0,0,1,1,1,1,0,0,1,0,0,0,0,1,1,1,1,1,0,0,0,0,0,0,1,0,1,0,0,0
restart_aligned_bits_regs_only_warmup40_cap1024_run01,477,0,09,0F84723F807BCF80,0,0,0,0,0,0,0,1,1,1,1,1,0,0,1,1,1,1,0,1,1,1,1,0,0,0,0,0,0,0,0,1,1,1,1,1,1,1,0,0,0,1,0,0,1,1,1,0,0,0,1,0,0,0,0,1,1,1,1,1,0,0,0,0,1,0,0,1,0,0,0,0
restart_aligned_bits_regs_only_warmup40_cap1024_run01,478,0,84,0B84717B84F1CF84,0,0,1,0,0,0,0,1,1,1,1,1,0,0,1,1,1,0,0,0,1,1,1,1,0,0,1,0,0,0,0,1,1,1,0,1,1,1,1,0,1,0,0,0,1,1,1,0,0,0,1,0,0,0,0,1,1,1,0,1,0,0,0,0,0,0,1,0,0,0,0,1
restart_aligned_bits_regs_only_warmup40_cap1024_run01,479,0,00,0F84712E90F9CF90,0,0,0,0,1,0,0,1,1,1,1,1,0,0,1,1,1,0,0,1,1,1,1,1,0,0,0,0,1,0,0,1,0,1,1,1,0,1,0,0,1,0,0,0,1,1,1,0,0,0,1,0,0,0,0,1,1,1,1,1,0,0,0,0,0,0,0,0,0,0,0,0
restart_aligned_bits_regs_only_warmup40_cap1024_run01,480,1,0D,0F84713F8079CF80,0,0,0,0,0,0,0,1,1,1,1,1,0,0,1,1,1,0,0,1,1,1,1,0,0,0,0,0,0,0,0,1,1,1,1,1,1,1,0,0,1,0,0,0,1,1,1,0,0,0,1,0,0,0,0,1,1,1,1,1,0,0,0,0,1,0,1,1,0,0,0,0
restart_aligned_bits_regs_only_warmup40_cap1024_run01,481,1,98,0B84723B8CF3CF84,0,0,1,0,0,0,0,1,1,1,1,1,0,0,1,1,1,1,0,0,1,1,1,1,0,0,1,1,0,0,0,1,1,1,0,1,1,1,0,0,0,1,0,0,1,1,1,0,0,0,1,0,0,0,0,1,1,1,0,1,0,0,0,0,0,0,0,1,1,0,0,1
restart_aligned_bits_regs_only_warmup40_cap1024_run01,482,0,B1,0B84703B84F9CF94,0,0,1,0,1,0,0,1,1,1,1,1,0,0,1,1,1,0,0,1,1,1,1,1,0,0,1,0,0,0,0,1,1,1,0,1,1,1,0,0,0,0,0,0,1,1,1,0,0,0,1,0,0,0,0,1,1,1,0,1,0,0,0,0,1,0,0,0,1,1,0,1
restart_aligned_bits_regs_only_warmup40_cap1024_run01,483,1,0D,0F847B2E94FBCFB0,0,0,0,0,1,1,0,1,1,1,1,1,0,0,1,1,1,1,0,1,1,1,1,1,0,0,1,0,1,0,0,1,0,1,1,1,0,1,0,0,1,1,0,1,1,1,1,0,0,0,1,0,0,0,0,1,1,1,1,1,0,0,0,0,1,0,1,1,0,0,0,0
restart_aligned_bits_regs_only_warmup40_cap1024_run01,484,1,8C,0B84F07B8CF1CF84,0,0,1,0,0,0,0,1,1,1,1,1,0,0,1,1,1,0,0,0,1,1,1,1,0,0,1,1,0,0,0,1,1,1,0,1,1,1,1,0,0,0,0,0,1,1,1,1,0,0,1,0,0,0,0,1,1,1,0,1,0,0,0,0,0,0,1,1,0,0,0,1
restart_aligned_bits_regs_only_warmup40_cap1024_run01,485,1,2C,0F84733F94FBCF90,0,0,0,0,1,0,0,1,1,1,1,1,0,0,1,1,1,1,0,1,1,1,1,1,0,0,1,0,1,0,0,1,1,1,1,1,1,1,0,0,1,1,0,0,1,1,1,0,0,0,1,0,0,0,0,1,1,1,1,1,0,0,0,0,0,0,1,1,0,1,0,0
restart_aligned_bits_regs_only_warmup40_cap1024_run01,486,0,28,0F84793F94F9CF90,0,0,0,0,1,0,0,1,1,1,1,1,0,0,1,1,1,0,0,1,1,1,1,1,0,0,1,0,1,0,0,1,1,1,1,1,1,1,0,0,1,0,0,1,1,1,1,0,0,0,1,0,0,0,0,1,1,1,1,1,0,0,0,0,0,0,0,1,0,1,0,0
restart_aligned_bits_regs_only_warmup40_cap1024_run01,487,0,24,0F84733F84FBCFA0,0,0,0,0,0,1,0,1,1,1,1,1,0,0,1,1,1,1,0,1,1,1,1,1,0,0,1,0,0,0,0,1,1,1,1,1,1,1,0,0,1,1,0,0,1,1,1,0,0,0,1,0,0,0,0,1,1,1,1,1,0,0,0,0,0,0,1,0,0,1,0,0
restart_aligned_bits_regs_only_warmup40_cap1024_run01,488,0,99,0B84713B94F9CF94,0,0,1,0,1,0,0,1,1,1,1,1,0,0,1,1,1,0,0,1,1,1,1,1,0,0,1,0,1,0,0,1,1,1,0,1,1,1,0,0,1,0,0,0,1,1,1,0,0,0,1,0,0,0,0,1,1,1,0,1,0,0,0,0,1,0,0,1,1,0,0,1
restart_aligned_bits_regs_only_warmup40_cap1024_run01,489,0,90,0B84F03B84F9CF84,0,0,1,0,0,0,0,1,1,1,1,1,0,0,1,1,1,0,0,1,1,1,1,1,0,0,1,0,0,0,0,1,1,1,0,1,1,1,0,0,0,0,0,0,1,1,1,1,0,0,1,0,0,0,0,1,1,1,0,1,0,0,0,0,0,0,0,0,1,0,0,1
restart_aligned_bits_regs_only_warmup40_cap1024_run01,490,1,31,0F84707F84F9CF80,0,0,0,0,0,0,0,1,1,1,1,1,0,0,1,1,1,0,0,1,1,1,1,1,0,0,1,0,0,0,0,1,1,1,1,1,1,1,1,0,0,0,0,0,1,1,1,0,0,0,1,0,0,0,0,1,1,1,1,1,0,0,0,0,1,0,0,0,1,1,0,0
restart_aligned_bits_regs_only_warmup40_cap1024_run01,491,1,15,0F847B2F90FBCFB0,0,0,0,0,1,1,0,1,1,1,1,1,0,0,1,1,1,1,0,1,1,1,1,1,0,0,0,0,1,0,0,1,1,1,1,1,0,1,0,0,1,1,0,1,1,1,1,0,0,0,1,0,0,0,0,1,1,1,1,1,0,0,0,0,1,0,1,0,1,0,0,0
restart_aligned_bits_regs_only_warmup40_cap1024_run01,492,1,31,0F84732FB47BCFB0,0,0,0,0,1,1,0,1,1,1,1,1,0,0,1,1,1,1,0,1,1,1,1,0,0,0,1,0,1,1,0,1,1,1,1,1,0,1,0,0,1,1,0,0,1,1,1,0,0,0,1,0,0,0,0,1,1,1,1,1,0,0,0,0,1,0,0,0,1,1,0,0
restart_aligned_bits_regs_only_warmup40_cap1024_run01,493,0,11,0F847B3E907BCFB0,0,0,0,0,1,1,0,1,1,1,1,1,0,0,1,1,1,1,0,1,1,1,1,0,0,0,0,0,1,0,0,1,0,1,1,1,1,1,0,0,1,1,0,1,1,1,1,0,0,0,1,0,0,0,0,1,1,1,1,1,0,0,0,0,1,0,0,0,1,0,0,0
restart_aligned_bits_regs_only_warmup40_cap1024_run01,494,1,08,0F84783F80F9CF90,0,0,0,0,1,0,0,1,1,1,1,1,0,0,1,1,1,0,0,1,1,1,1,1,0,0,0,0,0,0,0,1,1,1,1,1,1,1,0,0,0,0,0,1,1,1,1,0,0,0,1,0,0,0,0,1,1,1,1,1,0,0,0,0,0,0,0,1,0,0,0,0
restart_aligned_bits_regs_only_warmup40_cap1024_run01,495,0,8D,0B84727B94FBCF94,0,0,1,0,1,0,0,1,1,1,1,1,0,0,1,1,1,1,0,1,1,1,1,1,0,0,1,0,1,0,0,1,1,1,0,1,1,1,1,0,0,1,0,0,1,1,1,0,0,0,1,0,0,0,0,1,1,1,0,1,0,0,0,0,1,0,1,1,0,0,0,1
restart_aligned_bits_regs_only_warmup40_cap1024_run01,496,0,0C,0F84F33F94FBCF90,0,0,0,0,1,0,0,1,1,1,1,1,0,0,1,1,1,1,0,1,1,1,1,1,0,0,1,0,1,0,0,1,1,1,1,1,1,1,0,0,1,1,0,0,1,1,1,1,0,0,1,0,0,0,0,1,1,1,1,1,0,0,0,0,0,0,1,1,0,0,0,0
restart_aligned_bits_regs_only_warmup40_cap1024_run01,497,1,07,0F84FA3F84FBC780,0,0,0,0,0,0,0,1,1,1,1,0,0,0,1,1,1,1,0,1,1,1,1,1,0,0,1,0,0,0,0,1,1,1,1,1,1,1,0,0,0,1,0,1,1,1,1,1,0,0,1,0,0,0,0,1,1,1,1,1,0,0,0,0,1,1,1,0,0,0,0,0
restart_aligned_bits_regs_only_warmup40_cap1024_run01,498,0,3C,0F84F22F94FBCF90,0,0,0,0,1,0,0,1,1,1,1,1,0,0,1,1,1,1,0,1,1,1,1,1,0,0,1,0,1,0,0,1,1,1,1,1,0,1,0,0,0,1,0,0,1,1,1,1,0,0,1,0,0,0,0,1,1,1,1,1,0,0,0,0,0,0,1,1,1,1,0,0
restart_aligned_bits_regs_only_warmup40_cap1024_run01,499,1,B0,4F84B07F84F9CF90,0,0,0,0,1,0,0,1,1,1,1,1,0,0,1,1,1,0,0,1,1,1,1,1,0,0,1,0,0,0,0,1,1,1,1,1,1,1,1,0,0,0,0,0,1,1,0,1,0,0,1,0,0,0,0,1,1,1,1,1,0,0,1,0,0,0,0,0,1,1,0,1
restart_aligned_bits_regs_only_warmup40_cap1024_run01,500,0,1D,0F84F37F80FBCF80,0,0,0,0,0,0,0,1,1,1,1,1,0,0,1,1,1,1,0,1,1,1,1,1,0,0,0,0,0,0,0,1,1,1,1,1,1,1,1,0,1,1,0,0,1,1,1,1,0,0,1,0,0,0,0,1,1,1,1,1,0,0,0,0,1,0,1,1,1,0,0,0
restart_aligned_bits_regs_only_warmup40_cap1024_run01,501,0,2D,0F84703F8079CF80,0,0,0,0,0,0,0,1,1,1,1,1,0,0,1,1,1,0,0,1,1,1,1,0,0,0,0,0,0,0,0,1,1,1,1,1,1,1,0,0,0,0,0,0,1,1,1,0,0,0,1,0,0,0,0,1,1,1,1,1,0,0,0,0,1,0,1,1,0,1,0,0
restart_aligned_bits_regs_only_warmup40_cap1024_run01,502,0,14,0F84722F90FBCF90,0,0,0,0,1,0,0,1,1,1,1,1,0,0,1,1,1,1,0,1,1,1,1,1,0,0,0,0,1,0,0,1,1,1,1,1,0,1,0,0,0,1,0,0,1,1,1,0,0,0,1,0,0,0,0,1,1,1,1,1,0,0,0,0,0,0,1,0,1,0,0,0
restart_aligned_bits_regs_only_warmup40_cap1024_run01,503,1,34,0F84732F90FBCF90,0,0,0,0,1,0,0,1,1,1,1,1,0,0,1,1,1,1,0,1,1,1,1,1,0,0,0,0,1,0,0,1,1,1,1,1,0,1,0,0,1,1,0,0,1,1,1,0,0,0,1,0,0,0,0,1,1,1,1,1,0,0,0,0,0,0,1,0,1,1,0,0
restart_aligned_bits_regs_only_warmup40_cap1024_run01,504,0,D8,0B8CF33B8CF3CF84,0,0,1,0,0,0,0,1,1,1,1,1,0,0,1,1,1,1,0,0,1,1,1,1,0,0,1,1,0,0,0,1,1,1,0,1,1,1,0,0,1,1,0,0,1,1,1,1,0,0,1,1,0,0,0,1,1,1,0,1,0,0,0,0,0,0,0,1,1,0,1,1
restart_aligned_bits_regs_only_warmup40_cap1024_run01,505,0,30,0F84707F9071CF90,0,0,0,0,1,0,0,1,1,1,1,1,0,0,1,1,1,0,0,0,1,1,1,0,0,0,0,0,1,0,0,1,1,1,1,1,1,1,1,0,0,0,0,0,1,1,1,0,0,0,1,0,0,0,0,1,1,1,1,1,0,0,0,0,0,0,0,0,1,1,0,0
restart_aligned_bits_regs_only_warmup40_cap1024_run01,506,1,20,0F84F13F90F9CF90,0,0,0,0,1,0,0,1,1,1,1,1,0,0,1,1,1,0,0,1,1,1,1,1,0,0,0,0,1,0,0,1,1,1,1,1,1,1,0,0,1,0,0,0,1,1,1,1,0,0,1,0,0,0,0,1,1,1,1,1,0,0,0,0,0,0,0,0,0,1,0,0
restart_aligned_bits_regs_only_warmup40_cap1024_run01,507,0,11,0F84717F84F9CF80,0,0,0,0,0,0,0,1,1,1,1,1,0,0,1,1,1,0,0,1,1,1,1,1,0,0,1,0,0,0,0,1,1,1,1,1,1,1,1,0,1,0,0,0,1,1,1,0,0,0,1,0,0,0,0,1,1,1,1,1,0,0,0,0,1,0,0,0,1,0,0,0
restart_aligned_bits_regs_only_warmup40_cap1024_run01,508,1,04,0F84723F90FBCF90,0,0,0,0,1,0,0,1,1,1,1,1,0,0,1,1,1,1,0,1,1,1,1,1,0,0,0,0,1,0,0,1,1,1,1,1,1,1,0,0,0,1,0,0,1,1,1,0,0,0,1,0,0,0,0,1,1,1,1,1,0,0,0,0,0,0,1,0,0,0,0,0
restart_aligned_bits_regs_only_warmup40_cap1024_run01,509,0,2D,0F84793F80FBCF80,0,0,0,0,0,0,0,1,1,1,1,1,0,0,1,1,1,1,0,1,1,1,1,1,0,0,0,0,0,0,0,1,1,1,1,1,1,1,0,0,1,0,0,1,1,1,1,0,0,0,1,0,0,0,0,1,1,1,1,1,0,0,0,0,1,0,1,1,0,1,0,0
restart_aligned_bits_regs_only_warmup40_cap1024_run01,510,0,95,0B84723B84FBCFA4,0,0,1,0,0,1,0,1,1,1,1,1,0,0,1,1,1,1,0,1,1,1,1,1,0,0,1,0,0,0,0,1,1,1,0,1,1,1,0,0,0,1,0,0,1,1,1,0,0,0,1,0,0,0,0,1,1,1,0,1,0,0,0,0,1,0,1,0,1,0,0,1
restart_aligned_bits_regs_only_warmup40_cap1024_run01,511,0,00,0F84F03F84F9CF90,0,0,0,0,1,0,0,1,1,1,1,1,0,0,1,1,1,0,0,1,1,1,1,1,0,0,1,0,0,0,0,1,1,1,1,1,1,1,0,0,0,0,0,0,1,1,1,1,0,0,1,0,0,0,0,1,1,1,1,1,0,0,0,0,0,0,0,0,0,0,0,0
restart_aligned_bits_regs_only_warmup40_cap1024_run01,512,1,08,0F84F33F80F3CF90,0,0,0,0,1,0,0,1,1,1,1,1,0,0,1,1,1,1,0,0,1,1,1,1,0,0,0,0,0,0,0,1,1,1,1,1,1,1,0,0,1,1,0,0,1,1,1,1,0,0,1,0,0,0,0,1,1,1,1,1,0,0,0,0,0,0,0,1,0,0,0,0
restart_aligned_bits_regs_only_warmup40_cap1024_run01,513,0,09,0F84713FB0F9CFB0,0,0,0,0,1,1,0,1,1,1,1,1,0,0,1,1,1,0,0,1,1,1,1,1,0,0,0,0,1,1,0,1,1,1,1,1,1,1,0,0,1,0,0,0,1,1,1,0,0,0,1,0,0,0,0,1,1,1,1,1,0,0,0,0,1,0,0,1,0,0,0,0
restart_aligned_bits_regs_only_warmup40_cap1024_run01,514,0,24,0F847A3F84FBCFA0,0,0,0,0,0,1,0,1,1,1,1,1,0,0,1,1,1,1,0,1,1,1,1,1,0,0,1,0,0,0,0,1,1,1,1,1,1,1,0,0,0,1,0,1,1,1,1,0,0,0,1,0,0,0,0,1,1,1,1,1,0,0,0,0,0,0,1,0,0,1,0,0
restart_aligned_bits_regs_only_warmup40_cap1024_run01,515,1,F1,0B8CF23B9CF3CF94,0,0,1,0,1,0,0,1,1,1,1,1,0,0,1,1,1,1,0,0,1,1,1,1,0,0,1,1,1,0,0,1,1,1,0,1,1,1,0,0,0,1,0,0,1,1,1,1,0,0,1,1,0,0,0,1,1,1,0,1,0,0,0,0,1,0,0,0,1,1,1,1
restart_aligned_bits_regs_only_warmup40_cap1024_run01,516,0,4B,0F04F03F80F94F80,0,0,0,0,0,0,0,1,1,1,1,1,0,0,1,0,1,0,0,1,1,1,1,1,0,0,0,0,0,0,0,1,1,1,1,1,1,1,0,0,0,0,0,0,1,1,1,1,0,0,1,0,0,0,0,0,1,1,1,1,0,0,0,0,1,1,0,1,0,0,1,0
restart_aligned_bits_regs_only_warmup40_cap1024_run01,517,1,2C,0F84F23F94FBCF90,0,0,0,0,1,0,0,1,1,1,1,1,0,0,1,1,1,1,0,1,1,1,1,1,0,0,1,0,1,0,0,1,1,1,1,1,1,1,0,0,0,1,0,0,1,1,1,1,0,0,1,0,0,0,0,1,1,1,1,1,0,0,0,0,0,0,1,1,0,1,0,0
restart_aligned_bits_regs_only_warmup40_cap1024_run01,518,0,2D,0F84736F94FBCFB0,0,0,0,0,1,1,0,1,1,1,1,1,0,0,1,1,1,1,0,1,1,1,1,1,0,0,1,0,1,0,0,1,1,1,1,1,0,1,1,0,1,1,0,0,1,1,1,0,0,0,1,0,0,0,0,1,1,1,1,1,0,0,0,0,1,0,1,1,0,1,0,0
restart_aligned_bits_regs_only_warmup40_cap1024_run01,519,1,89,0B84F02B94F9CF94,0,0,1,0,1,0,0,1,1,1,1,1,0,0,1,1,1,0,0,1,1,1,1,1,0,0,1,0,1,0,0,1,1,1,0,1,0,1,0,0,0,0,0,0,1,1,1,1,0,0,1,0,0,0,0,1,1,1,0,1,0,0,0,0,1,0,0,1,0,0,0,1
restart_aligned_bits_regs_only_warmup40_cap1024_run01,520,0,24,0F84F13F90FBCF90,0,0,0,0,1,0,0,1,1,1,1,1,0,0,1,1,1,1,0,1,1,1,1,1,0,0,0,0,1,0,0,1,1,1,1,1,1,1,0,0,1,0,0,0,1,1,1,1,0,0,1,0,0,0,0,1,1,1,1,1,0,0,0,0,0,0,1,0,0,1,0,0
restart_aligned_bits_regs_only_warmup40_cap1024_run01,521,1,20,0F84706F90F9CF90,0,0,0,0,1,0,0,1,1,1,1,1,0,0,1,1,1,0,0,1,1,1,1,1,0,0,0,0,1,0,0,1,1,1,1,1,0,1,1,0,0,0,0,0,1,1,1,0,0,0,1,0,0,0,0,1,1,1,1,1,0,0,0,0,0,0,0,0,0,1,0,0
restart_aligned_bits_regs_only_warmup40_cap1024_run01,522,1,F8,0B86F13B86F9CF84,0,0,1,0,0,0,0,1,1,1,1,1,0,0,1,1,1,0,0,1,1,1,1,1,0,1,1,0,0,0,0,1,1,1,0,1,1,1,0,0,1,0,0,0,1,1,1,1,0,1,1,0,0,0,0,1,1,1,0,1,0,0,0,0,0,0,0,1,1,1,1,1
restart_aligned_bits_regs_only_warmup40_cap1024_run01,523,0,21,0F84F23F84F3CF80,0,0,0,0,0,0,0,1,1,1,1,1,0,0,1,1,1,1,0,0,1,1,1,1,0,0,1,0,0,0,0,1,1,1,1,1,1,1,0,0,0,1,0,0,1,1,1,1,0,0,1,0,0,0,0,1,1,1,1,1,0,0,0,0,1,0,0,0,0,1,0,0
restart_aligned_bits_regs_only_warmup40_cap1024_run01,524,0,21,0F84703F84F9CF80,0,0,0,0,0,0,0,1,1,1,1,1,0,0,1,1,1,0,0,1,1,1,1,1,0,0,1,0,0,0,0,1,1,1,1,1,1,1,0,0,0,0,0,0,1,1,1,0,0,0,1,0,0,0,0,1,1,1,1,1,0,0,0,0,1,0,0,0,0,1,0,0
restart_aligned_bits_regs_only_warmup40_cap1024_run01,525,0,05,0F84F33F90FBCFB0,0,0,0,0,1,1,0,1,1,1,1,1,0,0,1,1,1,1,0,1,1,1,1,1,0,0,0,0,1,0,0,1,1,1,1,1,1,1,0,0,1,1,0,0,1,1,1,1,0,0,1,0,0,0,0,1,1,1,1,1,0,0,0,0,1,0,1,0,0,0,0,0
restart_aligned_bits_regs_only_warmup40_cap1024_run01,526,1,9D,0B84FA3B94FBCF94,0,0,1,0,1,0,0,1,1,1,1,1,0,0,1,1,1,1,0,1,1,1,1,1,0,0,1,0,1,0,0,1,1,1,0,1,1,1,0,0,0,1,0,1,1,1,1,1,0,0,1,0,0,0,0,1,1,1,0,1,0,0,0,0,1,0,1,1,1,0,0,1
restart_aligned_bits_regs_only_warmup40_cap1024_run01,527,1,31,0F84F17F84F9CF80,0,0,0,0,0,0,0,1,1,1,1,1,0,0,1,1,1,0,0,1,1,1,1,1,0,0,1,0,0,0,0,1,1,1,1,1,1,1,1,0,1,0,0,0,1,1,1,1,0,0,1,0,0,0,0,1,1,1,1,1,0,0,0,0,1,0,0,0,1,1,0,0
restart_aligned_bits_regs_only_warmup40_cap1024_run01,528,0,21,0F84703F84F9CF80,0,0,0,0,0,0,0,1,1,1,1,1,0,0,1,1,1,0,0,1,1,1,1,1,0,0,1,0,0,0,0,1,1,1,1,1,1,1,0,0,0,0,0,0,1,1,1,0,0,0,1,0,0,0,0,1,1,1,1,1,0,0,0,0,1,0,0,0,0,1,0,0
restart_aligned_bits_regs_only_warmup40_cap1024_run01,529,0,8D,0B84722B94FBCF94,0,0,1,0,1,0,0,1,1,1,1,1,0,0,1,1,1,1,0,1,1,1,1,1,0,0,1,0,1,0,0,1,1,1,0,1,0,1,0,0,0,1,0,0,1,1,1,0,0,0,1,0,0,0,0,1,1,1,0,1,0,0,0,0,1,0,1,1,0,0,0,1
restart_aligned_bits_regs_only_warmup40_cap1024_run01,530,1,3D,0F84732F94FBCFB0,0,0,0,0,1,1,0,1,1,1,1,1,0,0,1,1,1,1,0,1,1,1,1,1,0,0,1,0,1,0,0,1,1,1,1,1,0,1,0,0,1,1,0,0,1,1,1,0,0,0,1,0,0,0,0,1,1,1,1,1,0,0,0,0,1,0,1,1,1,1,0,0
restart_aligned_bits_regs_only_warmup40_cap1024_run01,531,0,18,0F84712F94F9CF90,0,0,0,0,1,0,0,1,1,1,1,1,0,0,1,1,1,0,0,1,1,1,1,1,0,0,1,0,1,0,0,1,1,1,1,1,0,1,0,0,1,0,0,0,1,1,1,0,0,0,1,0,0,0,0,1,1,1,1,1,0,0,0,0,0,0,0,1,1,0,0,0
restart_aligned_bits_regs_only_warmup40_cap1024_run01,532,1,B9,0B84F16B94F9CF94,0,0,1,0,1,0,0,1,1,1,1,1,0,0,1,1,1,0,0,1,1,1,1,1,0,0,1,0,1,0,0,1,1,1,0,1,0,1,1,0,1,0,0,0,1,1,1,1,0,0,1,0,0,0,0,1,1,1,0,1,0,0,0,0,1,0,0,1,1,1,0,1
restart_aligned_bits_regs_only_warmup40_cap1024_run01,533,1,1C,0F84722F94FBCF90,0,0,0,0,1,0,0,1,1,1,1,1,0,0,1,1,1,1,0,1,1,1,1,1,0,0,1,0,1,0,0,1,1,1,1,1,0,1,0,0,0,1,0,0,1,1,1,0,0,0,1,0,0,0,0,1,1,1,1,1,0,0,0,0,0,0,1,1,1,0,0,0
restart_aligned_bits_regs_only_warmup40_cap1024_run01,534,0,A5,0B84F17B84FBCF94,0,0,1,0,1,0,0,1,1,1,1,1,0,0,1,1,1,1,0,1,1,1,1,1,0,0,1,0,0,0,0,1,1,1,0,1,1,1,1,0,1,0,0,0,1,1,1,1,0,0,1,0,0,0,0,1,1,1,0,1,0,0,0,0,1,0,1,0,0,1,0,1
restart_aligned_bits_regs_only_warmup40_cap1024_run01,535,1,A8,0B84F13F94F9CF90,0,0,0,0,1,0,0,1,1,1,1,1,0,0,1,1,1,0,0,1,1,1,1,1,0,0,1,0,1,0,0,1,1,1,1,1,1,1,0,0,1,0,0,0,1,1,1,1,0,0,1,0,0,0,0,1,1,1,0,1,0,0,0,0,0,0,0,1,0,1,0,1
restart_aligned_bits_regs_only_warmup40_cap1024_run01,536,1,1C,0F847B2F94FBCF90,0,0,0,0,1,0,0,1,1,1,1,1,0,0,1,1,1,1,0,1,1,1,1,1,0,0,1,0,1,0,0,1,1,1,1,1,0,1,0,0,1,1,0,1,1,1,1,0,0,0,1,0,0,0,0,1,1,1,1,1,0,0,0,0,0,0,1,1,1,0,0,0
restart_aligned_bits_regs_only_warmup40_cap1024_run01,537,0,05,0F84713F8479CF80,0,0,0,0,0,0,0,1,1,1,1,1,0,0,1,1,1,0,0,1,1,1,1,0,0,0,1,0,0,0,0,1,1,1,1,1,1,1,0,0,1,0,0,0,1,1,1,0,0,0,1,0,0,0,0,1,1,1,1,1,0,0,0,0,1,0,1,0,0,0,0,0
restart_aligned_bits_regs_only_warmup40_cap1024_run01,538,0,FC,0B8CF13B8CF1CF84,0,0,1,0,0,0,0,1,1,1,1,1,0,0,1,1,1,0,0,0,1,1,1,1,0,0,1,1,0,0,0,1,1,1,0,1,1,1,0,0,1,0,0,0,1,1,1,1,0,0,1,1,0,0,0,1,1,1,0,1,0,0,0,0,0,0,1,1,1,1,1,1
restart_aligned_bits_regs_only_warmup40_cap1024_run01,539,0,D1,0BC4F03B84F9CFC4,0,0,1,0,0,0,1,1,1,1,1,1,0,0,1,1,1,0,0,1,1,1,1,1,0,0,1,0,0,0,0,1,1,1,0,1,1,1,0,0,0,0,0,0,1,1,1,1,0,0,1,0,0,0,1,1,1,1,0,1,0,0,0,0,1,0,0,0,1,0,1,1
restart_aligned_bits_regs_only_warmup40_cap1024_run01,540,0,7E,0FC47A2F94FBC790,0,0,0,0,1,0,0,1,1,1,1,0,0,0,1,1,1,1,0,1,1,1,1,1,0,0,1,0,1,0,0,1,1,1,1,1,0,1,0,0,0,1,0,1,1,1,1,0,0,0,1,0,0,0,1,1,1,1,1,1,0,0,0,0,0,1,1,1,1,1,1,0
restart_aligned_bits_regs_only_warmup40_cap1024_run01,541,1,B0,0B84F83B84F9CF84,0,0,1,0,0,0,0,1,1,1,1,1,0,0,1,1,1,0,0,1,1,1,1,1,0,0,1,0,0,0,0,1,1,1,0,1,1,1,0,0,0,0,0,1,1,1,1,1,0,0,1,0,0,0,0,1,1,1,0,1,0,0,0,0,0,0,0,0,1,1,0,1
restart_aligned_bits_regs_only_warmup40_cap1024_run01,542,1,A4,0B84F17B84F1CF84,0,0,1,0,0,0,0,1,1,1,1,1,0,0,1,1,1,0,0,0,1,1,1,1,0,0,1,0,0,0,0,1,1,1,0,1,1,1,1,0,1,0,0,0,1,1,1,1,0,0,1,0,0,0,0,1,1,1,0,1,0,0,0,0,0,0,1,0,0,1,0,1
restart_aligned_bits_regs_only_warmup40_cap1024_run01,543,0,0F,0F847B3F94FBC7B0,0,0,0,0,1,1,0,1,1,1,1,0,0,0,1,1,1,1,0,1,1,1,1,1,0,0,1,0,1,0,0,1,1,1,1,1,1,1,0,0,1,1,0,1,1,1,1,0,0,0,1,0,0,0,0,1,1,1,1,1,0,0,0,0,1,1,1,1,0,0,0,0
restart_aligned_bits_regs_only_warmup40_cap1024_run01,544,0,C9,0BC4712B94F9CF94,0,0,1,0,1,0,0,1,1,1,1,1,0,0,1,1,1,0,0,1,1,1,1,1,0,0,1,0,1,0,0,1,1,1,0,1,0,1,0,0,1,0,0,0,1,1,1,0,0,0,1,0,0,0,1,1,1,1,0,1,0,0,0,0,1,0,0,1,0,0,1,1
restart_aligned_bits_regs_only_warmup40_cap1024_run01,545,1,B0,0B84F13B84F9CF84,0,0,1,0,0,0,0,1,1,1,1,1,0,0,1,1,1,0,0,1,1,1,1,1,0,0,1,0,0,0,0,1,1,1,0,1,1,1,0,0,1,0,0,0,1,1,1,1,0,0,1,0,0,0,0,1,1,1,0,1,0,0,0,0,0,0,0,0,1,1,0,1
restart_aligned_bits_regs_only_warmup40_cap1024_run01,546,1,A4,0B84FB7B84FBCF84,0,0,1,0,0,0,0,1,1,1,1,1,0,0,1,1,1,1,0,1,1,1,1,1,0,0,1,0,0,0,0,1,1,1,0,1,1,1,1,0,1,1,0,1,1,1,1,1,0,0,1,0,0,0,0,1,1,1,0,1,0,0,0,0,0,0,1,0,0,1,0,1
restart_aligned_bits_regs_only_warmup40_cap1024_run01,547,0,90,0B84F03B84F9CF84,0,0,1,0,0,0,0,1,1,1,1,1,0,0,1,1,1,0,0,1,1,1,1,1,0,0,1,0,0,0,0,1,1,1,0,1,1,1,0,0,0,0,0,0,1,1,1,1,0,0,1,0,0,0,0,1,1,1,0,1,0,0,0,0,0,0,0,0,1,0,0,1
restart_aligned_bits_regs_only_warmup40_cap1024_run01,548,1,9D,0B84713B94F1CF94,0,0,1,0,1,0,0,1,1,1,1,1,0,0,1,1,1,0,0,0,1,1,1,1,0,0,1,0,1,0,0,1,1,1,0,1,1,1,0,0,1,0,0,0,1,1,1,0,0,0,1,0,0,0,0,1,1,1,0,1,0,0,0,0,1,0,1,1,1,0,0,1
restart_aligned_bits_regs_only_warmup40_cap1024_run01,549,1,B9,0B84F13B94F9CF94,0,0,1,0,1,0,0,1,1,1,1,1,0,0,1,1,1,0,0,1,1,1,1,1,0,0,1,0,1,0,0,1,1,1,0,1,1,1,0,0,1,0,0,0,1,1,1,1,0,0,1,0,0,0,0,1,1,1,0,1,0,0,0,0,1,0,0,1,1,1,0,1
restart_aligned_bits_regs_only_warmup40_cap1024_run01,550,0,A0,0B84F17B84F9CF84,0,0,1,0,0,0,0,1,1,1,1,1,0,0,1,1,1,0,0,1,1,1,1,1,0,0,1,0,0,0,0,1,1,1,0,1,1,1,1,0,1,0,0,0,1,1,1,1,0,0,1,0,0,0,0,1,1,1,0,1,0,0,0,0,0,0,0,0,0,1,0,1
restart_aligned_bits_regs_only_warmup40_cap1024_run01,551,1,9D,0B84F33B94FBCF94,0,0,1,0,1,0,0,1,1,1,1,1,0,0,1,1,1,1,0,1,1,1,1,1,0,0,1,0,1,0,0,1,1,1,0,1,1,1,0,0,1,1,0,0,1,1,1,1,0,0,1,0,0,0,0,1,1,1,0,1,0,0,0,0,1,0,1,1,1,0,0,1
restart_aligned_bits_regs_only_warmup40_cap1024_run01,552,1,85,0B84712B9CF1CF94,0,0,1,0,1,0,0,1,1,1,1,1,0,0,1,1,1,0,0,0,1,1,1,1,0,0,1,1,1,0,0,1,1,1,0,1,0,1,0,0,1,0,0,0,1,1,1,0,0,0,1,0,0,0,0,1,1,1,0,1,0,0,0,0,1,0,1,0,0,0,0,1
restart_aligned_bits_regs_only_warmup40_cap1024_run01,553,0,99,0B84713B94F9CF94,0,0,1,0,1,0,0,1,1,1,1,1,0,0,1,1,1,0,0,1,1,1,1,1,0,0,1,0,1,0,0,1,1,1,0,1,1,1,0,0,1,0,0,0,1,1,1,0,0,0,1,0,0,0,0,1,1,1,0,1,0,0,0,0,1,0,0,1,1,0,0,1
restart_aligned_bits_regs_only_warmup40_cap1024_run01,554,1,89,0B84F02B94F9CF94,0,0,1,0,1,0,0,1,1,1,1,1,0,0,1,1,1,0,0,1,1,1,1,1,0,0,1,0,1,0,0,1,1,1,0,1,0,1,0,0,0,0,0,0,1,1,1,1,0,0,1,0,0,0,0,1,1,1,0,1,0,0,0,0,1,0,0,1,0,0,0,1
restart_aligned_bits_regs_only_warmup40_cap1024_run01,555,1,29,0F84793F80F9CFB0,0,0,0,0,1,1,0,1,1,1,1,1,0,0,1,1,1,0,0,1,1,1,1,1,0,0,0,0,0,0,0,1,1,1,1,1,1,1,0,0,1,0,0,1,1,1,1,0,0,0,1,0,0,0,0,1,1,1,1,1,0,0,0,0,1,0,0,1,0,1,0,0
restart_aligned_bits_regs_only_warmup40_cap1024_run01,556,1,20,0F84F13F96F9CF90,0,0,0,0,1,0,0,1,1,1,1,1,0,0,1,1,1,0,0,1,1,1,1,1,0,1,1,0,1,0,0,1,1,1,1,1,1,1,0,0,1,0,0,0,1,1,1,1,0,0,1,0,0,0,0,1,1,1,1,1,0,0,0,0,0,0,0,0,0,1,0,0
restart_aligned_bits_regs_only_warmup40_cap1024_run01,557,0,18,0F84712F94F9CF90,0,0,0,0,1,0,0,1,1,1,1,1,0,0,1,1,1,0,0,1,1,1,1,1,0,0,1,0,1,0,0,1,1,1,1,1,0,1,0,0,1,0,0,0,1,1,1,0,0,0,1,0,0,0,0,1,1,1,1,1,0,0,0,0,0,0,0,1,1,0,0,0
restart_aligned_bits_regs_only_warmup40_cap1024_run01,558,0,90,0B84713B84F9CF84,0,0,1,0,0,0,0,1,1,1,1,1,0,0,1,1,1,0,0,1,1,1,1,1,0,0,1,0,0,0,0,1,1,1,0,1,1,1,0,0,1,0,0,0,1,1,1,0,0,0,1,0,0,0,0,1,1,1,0,1,0,0,0,0,0,0,0,0,1,0,0,1
restart_aligned_bits_regs_only_warmup40_cap1024_run01,559,0,84,0B84F07B84F1CF84,0,0,1,0,0,0,0,1,1,1,1,1,0,0,1,1,1,0,0,0,1,1,1,1,0,0,1,0,0,0,0,1,1,1,0,1,1,1,1,0,0,0,0,0,1,1,1,1,0,0,1,0,0,0,0,1,1,1,0,1,0,0,0,0,0,0,1,0,0,0,0,1
restart_aligned_bits_regs_only_warmup40_cap1024_run01,560,1,DC,0BC4723B94FBCFD4,0,0,1,0,1,0,1,1,1,1,1,1,0,0,1,1,1,1,0,1,1,1,1,1,0,0,1,0,1,0,0,1,1,1,0,1,1,1,0,0,0,1,0,0,1,1,1,0,0,0,1,0,0,0,1,1,1,1,0,1,0,0,0,0,0,0,1,1,1,0,1,1
restart_aligned_bits_regs_only_warmup40_cap1024_run01,561,1,9D,0B84716B94F1CF94,0,0,1,0,1,0,0,1,1,1,1,1,0,0,1,1,1,0,0,0,1,1,1,1,0,0,1,0,1,0,0,1,1,1,0,1,0,1,1,0,1,0,0,0,1,1,1,0,0,0,1,0,0,0,0,1,1,1,0,1,0,0,0,0,1,0,1,1,1,0,0,1
restart_aligned_bits_regs_only_warmup40_cap1024_run01,562,1,10,0F847B2F907BCF90,0,0,0,0,1,0,0,1,1,1,1,1,0,0,1,1,1,1,0,1,1,1,1,0,0,0,0,0,1,0,0,1,1,1,1,1,0,1,0,0,1,1,0,1,1,1,1,0,0,0,1,0,0,0,0,1,1,1,1,1,0,0,0,0,0,0,0,0,1,0,0,0
restart_aligned_bits_regs_only_warmup40_cap1024_run01,563,0,A9,0B84736A94F3CF94,0,0,1,0,1,0,0,1,1,1,1,1,0,0,1,1,1,1,0,0,1,1,1,1,0,0,1,0,1,0,0,1,0,1,0,1,0,1,1,0,1,1,0,0,1,1,1,0,0,0,1,0,0,0,0,1,1,1,0,1,0,0,0,0,1,0,0,1,0,1,0,1
restart_aligned_bits_regs_only_warmup40_cap1024_run01,564,0,2D,4B84707B9479CF94,0,0,1,0,1,0,0,1,1,1,1,1,0,0,1,1,1,0,0,1,1,1,1,0,0,0,1,0,1,0,0,1,1,1,0,1,1,1,1,0,0,0,0,0,1,1,1,0,0,0,1,0,0,0,0,1,1,1,0,1,0,0,1,0,1,0,1,1,0,1,0,0
restart_aligned_bits_regs_only_warmup40_cap1024_run01,565,1,20,4B84F17B84F9CF84,0,0,1,0,0,0,0,1,1,1,1,1,0,0,1,1,1,0,0,1,1,1,1,1,0,0,1,0,0,0,0,1,1,1,0,1,1,1,1,0,1,0,0,0,1,1,1,1,0,0,1,0,0,0,0,1,1,1,0,1,0,0,1,0,0,0,0,0,0,1,0,0
restart_aligned_bits_regs_only_warmup40_cap1024_run01,566,1,38,0F84792F94F9CF90,0,0,0,0,1,0,0,1,1,1,1,1,0,0,1,1,1,0,0,1,1,1,1,1,0,0,1,0,1,0,0,1,1,1,1,1,0,1,0,0,1,0,0,1,1,1,1,0,0,0,1,0,0,0,0,1,1,1,1,1,0,0,0,0,0,0,0,1,1,1,0,0
restart_aligned_bits_regs_only_warmup40_cap1024_run01,567,0,BD,0B84F13B94F1CF94,0,0,1,0,1,0,0,1,1,1,1,1,0,0,1,1,1,0,0,0,1,1,1,1,0,0,1,0,1,0,0,1,1,1,0,1,1,1,0,0,1,0,0,0,1,1,1,1,0,0,1,0,0,0,0,1,1,1,0,1,0,0,0,0,1,0,1,1,1,1,0,1
restart_aligned_bits_regs_only_warmup40_cap1024_run01,568,1,08,0F84716F94F9CF90,0,0,0,0,1,0,0,1,1,1,1,1,0,0,1,1,1,0,0,1,1,1,1,1,0,0,1,0,1,0,0,1,1,1,1,1,0,1,1,0,1,0,0,0,1,1,1,0,0,0,1,0,0,0,0,1,1,1,1,1,0,0,0,0,0,0,0,1,0,0,0,0
restart_aligned_bits_regs_only_warmup40_cap1024_run01,569,0,BD,0B84F13B94F1CF94,0,0,1,0,1,0,0,1,1,1,1,1,0,0,1,1,1,0,0,0,1,1,1,1,0,0,1,0,1,0,0,1,1,1,0,1,1,1,0,0,1,0,0,0,1,1,1,1,0,0,1,0,0,0,0,1,1,1,0,1,0,0,0,0,1,0,1,1,1,1,0,1
restart_aligned_bits_regs_only_warmup40_cap1024_run01,570,1,98,0B84712A94F9CFB4,0,0,1,0,1,1,0,1,1,1,1,1,0,0,1,1,1,0,0,1,1,1,1,1,0,0,1,0,1,0,0,1,0,1,0,1,0,1,0,0,1,0,0,0,1,1,1,0,0,0,1,0,0,0,0,1,1,1,0,1,0,0,0,0,0,0,0,1,1,0,0,1
restart_aligned_bits_regs_only_warmup40_cap1024_run01,571,1,94,0B84F03B84F1CF84,0,0,1,0,0,0,0,1,1,1,1,1,0,0,1,1,1,0,0,0,1,1,1,1,0,0,1,0,0,0,0,1,1,1,0,1,1,1,0,0,0,0,0,0,1,1,1,1,0,0,1,0,0,0,0,1,1,1,0,1,0,0,0,0,0,0,1,0,1,0,0,1
restart_aligned_bits_regs_only_warmup40_cap1024_run01,572,1,B5,0B84703B84F1CF94,0,0,1,0,1,0,0,1,1,1,1,1,0,0,1,1,1,0,0,0,1,1,1,1,0,0,1,0,0,0,0,1,1,1,0,1,1,1,0,0,0,0,0,0,1,1,1,0,0,0,1,0,0,0,0,1,1,1,0,1,0,0,0,0,1,0,1,0,1,1,0,1
restart_aligned_bits_regs_only_warmup40_cap1024_run01,573,1,B9,0B84732A947BCF94,0,0,1,0,1,0,0,1,1,1,1,1,0,0,1,1,1,1,0,1,1,1,1,0,0,0,1,0,1,0,0,1,0,1,0,1,0,1,0,0,1,1,0,0,1,1,1,0,0,0,1,0,0,0,0,1,1,1,0,1,0,0,0,0,1,0,0,1,1,1,0,1
restart_aligned_bits_regs_only_warmup40_cap1024_run01,574,0,3C,0F84707F94F1CF90,0,0,0,0,1,0,0,1,1,1,1,1,0,0,1,1,1,0,0,0,1,1,1,1,0,0,1,0,1,0,0,1,1,1,1,1,1,1,1,0,0,0,0,0,1,1,1,0,0,0,1,0,0,0,0,1,1,1,1,1,0,0,0,0,0,0,1,1,1,1,0,0
restart_aligned_bits_regs_only_warmup40_cap1024_run01,575,0,39,4B84706B94F9CF94,0,0,1,0,1,0,0,1,1,1,1,1,0,0,1,1,1,0,0,1,1,1,1,1,0,0,1,0,1,0,0,1,1,1,0,1,0,1,1,0,0,0,0,0,1,1,1,0,0,0,1,0,0,0,0,1,1,1,0,1,0,0,1,0,1,0,0,1,1,1,0,0
restart_aligned_bits_regs_only_warmup40_cap1024_run01,576,0,28,0F84703F94F9CF90,0,0,0,0,1,0,0,1,1,1,1,1,0,0,1,1,1,0,0,1,1,1,1,1,0,0,1,0,1,0,0,1,1,1,1,1,1,1,0,0,0,0,0,0,1,1,1,0,0,0,1,0,0,0,0,1,1,1,1,1,0,0,0,0,0,0,0,1,0,1,0,0
restart_aligned_bits_regs_only_warmup40_cap1024_run01,577,0,0F,0F847B2E94FBC7B0,0,0,0,0,1,1,0,1,1,1,1,0,0,0,1,1,1,1,0,1,1,1,1,1,0,0,1,0,1,0,0,1,0,1,1,1,0,1,0,0,1,1,0,1,1,1,1,0,0,0,1,0,0,0,0,1,1,1,1,1,0,0,0,0,1,1,1,1,0,0,0,0
restart_aligned_bits_regs_only_warmup40_cap1024_run01,578,1,1C,0F84F32F94FBCF90,0,0,0,0,1,0,0,1,1,1,1,1,0,0,1,1,1,1,0,1,1,1,1,1,0,0,1,0,1,0,0,1,1,1,1,1,0,1,0,0,1,1,0,0,1,1,1,1,0,0,1,0,0,0,0,1,1,1,1,1,0,0,0,0,0,0,1,1,1,0,0,0
restart_aligned_bits_regs_only_warmup40_cap1024_run01,579,1,6D,0FC4733F94FBCFB0,0,0,0,0,1,1,0,1,1,1,1,1,0,0,1,1,1,1,0,1,1,1,1,1,0,0,1,0,1,0,0,1,1,1,1,1,1,1,0,0,1,1,0,0,1,1,1,0,0,0,1,0,0,0,1,1,1,1,1,1,0,0,0,0,1,0,1,1,0,1,1,0
restart_aligned_bits_regs_only_warmup40_cap1024_run01,580,0,05,0F84710FB479CFB0,0,0,0,0,1,1,0,1,1,1,1,1,0,0,1,1,1,0,0,1,1,1,1,0,0,0,1,0,1,1,0,1,1,1,1,1,0,0,0,0,1,0,0,0,1,1,1,0,0,0,1,0,0,0,0,1,1,1,1,1,0,0,0,0,1,0,1,0,0,0,0,0
restart_aligned_bits_regs_only_warmup40_cap1024_run01,581,0,8D,0B84F07B94F1CF94,0,0,1,0,1,0,0,1,1,1,1,1,0,0,1,1,1,0,0,0,1,1,1,1,0,0,1,0,1,0,0,1,1,1,0,1,1,1,1,0,0,0,0,0,1,1,1,1,0,0,1,0,0,0,0,1,1,1,0,1,0,0,0,0,1,0,1,1,0,0,0,1
restart_aligned_bits_regs_only_warmup40_cap1024_run01,582,0,2D,0F84F13F80F1CF80,0,0,0,0,0,0,0,1,1,1,1,1,0,0,1,1,1,0,0,0,1,1,1,1,0,0,0,0,0,0,0,1,1,1,1,1,1,1,0,0,1,0,0,0,1,1,1,1,0,0,1,0,0,0,0,1,1,1,1,1,0,0,0,0,1,0,1,1,0,1,0,0
restart_aligned_bits_regs_only_warmup40_cap1024_run01,583,0,99,0B84712F94F9CF94,0,0,1,0,1,0,0,1,1,1,1,1,0,0,1,1,1,0,0,1,1,1,1,1,0,0,1,0,1,0,0,1,1,1,1,1,0,1,0,0,1,0,0,0,1,1,1,0,0,0,1,0,0,0,0,1,1,1,0,1,0,0,0,0,1,0,0,1,1,0,0,1
restart_aligned_bits_regs_only_warmup40_cap1024_run01,584,0,0C,0F84713F9EF1CF90,0,0,0,0,1,0,0,1,1,1,1,1,0,0,1,1,1,0,0,0,1,1,1,1,0,1,1,1,1,0,0,1,1,1,1,1,1,1,0,0,1,0,0,0,1,1,1,0,0,0,1,0,0,0,0,1,1,1,1,1,0,0,0,0,0,0,1,1,0,0,0,0
restart_aligned_bits_regs_only_warmup40_cap1024_run01,585,1,20,0F84F26F9CF3CF90,0,0,0,0,1,0,0,1,1,1,1,1,0,0,1,1,1,1,0,0,1,1,1,1,0,0,1,1,1,0,0,1,1,1,1,1,0,1,1,0,0,1,0,0,1,1,1,1,0,0,1,0,0,0,0,1,1,1,1,1,0,0,0,0,0,0,0,0,0,1,0,0
restart_aligned_bits_regs_only_warmup40_cap1024_run01,586,1,57,0F04F07F84F14F80,0,0,0,0,0,0,0,1,1,1,1,1,0,0,1,0,1,0,0,0,1,1,1,1,0,0,1,0,0,0,0,1,1,1,1,1,1,1,1,0,0,0,0,0,1,1,1,1,0,0,1,0,0,0,0,0,1,1,1,1,0,0,0,0,1,1,1,0,1,0,1,0
restart_aligned_bits_regs_only_warmup40_cap1024_run01,587,1,98,0B84F03B94F9CFB4,0,0,1,0,1,1,0,1,1,1,1,1,0,0,1,1,1,0,0,1,1,1,1,1,0,0,1,0,1,0,0,1,1,1,0,1,1,1,0,0,0,0,0,0,1,1,1,1,0,0,1,0,0,0,0,1,1,1,0,1,0,0,0,0,0,0,0,1,1,0,0,1
restart_aligned_bits_regs_only_warmup40_cap1024_run01,588,1,8C,0B84F07B86F1CF84,0,0,1,0,0,0,0,1,1,1,1,1,0,0,1,1,1,0,0,0,1,1,1,1,0,1,1,0,0,0,0,1,1,1,0,1,1,1,1,0,0,0,0,0,1,1,1,1,0,0,1,0,0,0,0,1,1,1,0,1,0,0,0,0,0,0,1,1,0,0,0,1
restart_aligned_bits_regs_only_warmup40_cap1024_run01,589,1,91,0B84F03B84F9CF94,0,0,1,0,1,0,0,1,1,1,1,1,0,0,1,1,1,0,0,1,1,1,1,1,0,0,1,0,0,0,0,1,1,1,0,1,1,1,0,0,0,0,0,0,1,1,1,1,0,0,1,0,0,0,0,1,1,1,0,1,0,0,0,0,1,0,0,0,1,0,0,1
restart_aligned_bits_regs_only_warmup40_cap1024_run01,590,1,01,0F84713F84F9CF80,0,0,0,0,0,0,0,1,1,1,1,1,0,0,1,1,1,0,0,1,1,1,1,1,0,0,1,0,0,0,0,1,1,1,1,1,1,1,0,0,1,0,0,0,1,1,1,0,0,0,1,0,0,0,0,1,1,1,1,1,0,0,0,0,1,0,0,0,0,0,0,0
restart_aligned_bits_regs_only_warmup40_cap1024_run01,591,1,80,0B84713F84F9CF84,0,0,1,0,0,0,0,1,1,1,1,1,0,0,1,1,1,0,0,1,1,1,1,1,0,0,1,0,0,0,0,1,1,1,1,1,1,1,0,0,1,0,0,0,1,1,1,0,0,0,1,0,0,0,0,1,1,1,0,1,0,0,0,0,0,0,0,0,0,0,0,1
restart_aligned_bits_regs_only_warmup40_cap1024_run01,592,0,99,0B84713B94F9CF94,0,0,1,0,1,0,0,1,1,1,1,1,0,0,1,1,1,0,0,1,1,1,1,1,0,0,1,0,1,0,0,1,1,1,0,1,1,1,0,0,1,0,0,0,1,1,1,0,0,0,1,0,0,0,0,1,1,1,0,1,0,0,0,0,1,0,0,1,1,0,0,1
restart_aligned_bits_regs_only_warmup40_cap1024_run01,593,0,28,0F84793F80F9CFA0,0,0,0,0,0,1,0,1,1,1,1,1,0,0,1,1,1,0,0,1,1,1,1,1,0,0,0,0,0,0,0,1,1,1,1,1,1,1,0,0,1,0,0,1,1,1,1,0,0,0,1,0,0,0,0,1,1,1,1,1,0,0,0,0,0,0,0,1,0,1,0,0
restart_aligned_bits_regs_only_warmup40_cap1024_run01,594,1,DF,0B04F06B94F14F94,0,0,1,0,1,0,0,1,1,1,1,1,0,0,1,0,1,0,0,0,1,1,1,1,0,0,1,0,1,0,0,1,1,1,0,1,0,1,1,0,0,0,0,0,1,1,1,1,0,0,1,0,0,0,0,0,1,1,0,1,0,0,0,0,1,1,1,1,1,0,1,1
restart_aligned_bits_regs_only_warmup40_cap1024_run01,595,1,B0,0B84F13B84F9CF84,0,0,1,0,0,0,0,1,1,1,1,1,0,0,1,1,1,0,0,1,1,1,1,1,0,0,1,0,0,0,0,1,1,1,0,1,1,1,0,0,1,0,0,0,1,1,1,1,0,0,1,0,0,0,0,1,1,1,0,1,0,0,0,0,0,0,0,0,1,1,0,1
restart_aligned_bits_regs_only_warmup40_cap1024_run01,596,0,DD,0B8C723B8C73CF94,0,0,1,0,1,0,0,1,1,1,1,1,0,0,1,1,1,1,0,0,1,1,1,0,0,0,1,1,0,0,0,1,1,1,0,1,1,1,0,0,0,1,0,0,1,1,1,0,0,0,1,1,0,0,0,1,1,1,0,1,0,0,0,0,1,0,1,1,1,0,1,1
restart_aligned_bits_regs_only_warmup40_cap1024_run01,597,1,B0,0B84703B84F9CF84,0,0,1,0,0,0,0,1,1,1,1,1,0,0,1,1,1,0,0,1,1,1,1,1,0,0,1,0,0,0,0,1,1,1,0,1,1,1,0,0,0,0,0,0,1,1,1,0,0,0,1,0,0,0,0,1,1,1,0,1,0,0,0,0,0,0,0,0,1,1,0,1
restart_aligned_bits_regs_only_warmup40_cap1024_run01,598,0,B1,0B84F16B96F9CF94,0,0,1,0,1,0,0,1,1,1,1,1,0,0,1,1,1,0,0,1,1,1,1,1,0,1,1,0,1,0,0,1,1,1,0,1,0,1,1,0,1,0,0,0,1,1,1,1,0,0,1,0,0,0,0,1,1,1,0,1,0,0,0,0,1,0,0,0,1,1,0,1
restart_aligned_bits_regs_only_warmup40_cap1024_run01,599,0,CA,0B04F07B86F54F84,0,0,1,0,0,0,0,1,1,1,1,1,0,0,1,0,1,0,1,0,1,1,1,1,0,1,1,0,0,0,0,1,1,1,0,1,1,1,1,0,0,0,0,0,1,1,1,1,0,0,1,0,0,0,0,0,1,1,0,1,0,0,0,0,0,1,0,1,0,0,1,1
restart_aligned_bits_regs_only_warmup40_cap1024_run01,600,0,3C,0F84797F9479CF90,0,0,0,0,1,0,0,1,1,1,1,1,0,0,1,1,1,0,0,1,1,1,1,0,0,0,1,0,1,0,0,1,1,1,1,1,1,1,1,0,1,0,0,1,1,1,1,0,0,0,1,0,0,0,0,1,1,1,1,1,0,0,0,0,0,0,1,1,1,1,0,0
restart_aligned_bits_regs_only_warmup40_cap1024_run01,601,1,85,0B84F02B96F1CF94,0,0,1,0,1,0,0,1,1,1,1,1,0,0,1,1,1,0,0,0,1,1,1,1,0,1,1,0,1,0,0,1,1,1,0,1,0,1,0,0,0,0,0,0,1,1,1,1,0,0,1,0,0,0,0,1,1,1,0,1,0,0,0,0,1,0,1,0,0,0,0,1
restart_aligned_bits_regs_only_warmup40_cap1024_run01,602,1,89,0B84712B94F9CF94,0,0,1,0,1,0,0,1,1,1,1,1,0,0,1,1,1,0,0,1,1,1,1,1,0,0,1,0,1,0,0,1,1,1,0,1,0,1,0,0,1,0,0,0,1,1,1,0,0,0,1,0,0,0,0,1,1,1,0,1,0,0,0,0,1,0,0,1,0,0,0,1
restart_aligned_bits_regs_only_warmup40_cap1024_run01,603,1,B5,0B847A3B84FBCF94,0,0,1,0,1,0,0,1,1,1,1,1,0,0,1,1,1,1,0,1,1,1,1,1,0,0,1,0,0,0,0,1,1,1,0,1,1,1,0,0,0,1,0,1,1,1,1,0,0,0,1,0,0,0,0,1,1,1,0,1,0,0,0,0,1,0,1,0,1,1,0,1
restart_aligned_bits_regs_only_warmup40_cap1024_run01,604,0,B1,0B84F13B84F9CF94,0,0,1,0,1,0,0,1,1,1,1,1,0,0,1,1,1,0,0,1,1,1,1,1,0,0,1,0,0,0,0,1,1,1,0,1,1,1,0,0,1,0,0,0,1,1,1,1,0,0,1,0,0,0,0,1,1,1,0,1,0,0,0,0,1,0,0,0,1,1,0,1
restart_aligned_bits_regs_only_warmup40_cap1024_run01,605,1,B9,0B84703B94F9CF94,0,0,1,0,1,0,0,1,1,1,1,1,0,0,1,1,1,0,0,1,1,1,1,1,0,0,1,0,1,0,0,1,1,1,0,1,1,1,0,0,0,0,0,0,1,1,1,0,0,0,1,0,0,0,0,1,1,1,0,1,0,0,0,0,1,0,0,1,1,1,0,1
restart_aligned_bits_regs_only_warmup40_cap1024_run01,606,0,3C,0F84F22F94FBCF90,0,0,0,0,1,0,0,1,1,1,1,1,0,0,1,1,1,1,0,1,1,1,1,1,0,0,1,0,1,0,0,1,1,1,1,1,0,1,0,0,0,1,0,0,1,1,1,1,0,0,1,0,0,0,0,1,1,1,1,1,0,0,0,0,0,0,1,1,1,1,0,0
restart_aligned_bits_regs_only_warmup40_cap1024_run01,607,0,8D,0B847B2B94FBCF94,0,0,1,0,1,0,0,1,1,1,1,1,0,0,1,1,1,1,0,1,1,1,1,1,0,0,1,0,1,0,0,1,1,1,0,1,0,1,0,0,1,1,0,1,1,1,1,0,0,0,1,0,0,0,0,1,1,1,0,1,0,0,0,0,1,0,1,1,0,0,0,1
restart_aligned_bits_regs_only_warmup40_cap1024_run01,608,0,28,0F84703F94F9CF90,0,0,0,0,1,0,0,1,1,1,1,1,0,0,1,1,1,0,0,1,1,1,1,1,0,0,1,0,1,0,0,1,1,1,1,1,1,1,0,0,0,0,0,0,1,1,1,0,0,0,1,0,0,0,0,1,1,1,1,1,0,0,0,0,0,0,0,1,0,1,0,0
restart_aligned_bits_regs_only_warmup40_cap1024_run01,609,0,8D,0B84717B8CF1CF94,0,0,1,0,1,0,0,1,1,1,1,1,0,0,1,1,1,0,0,0,1,1,1,1,0,0,1,1,0,0,0,1,1,1,0,1,1,1,1,0,1,0,0,0,1,1,1,0,0,0,1,0,0,0,0,1,1,1,0,1,0,0,0,0,1,0,1,1,0,0,0,1
restart_aligned_bits_regs_only_warmup40_cap1024_run01,610,0,B1,0B84703B84F9CF94,0,0,1,0,1,0,0,1,1,1,1,1,0,0,1,1,1,0,0,1,1,1,1,1,0,0,1,0,0,0,0,1,1,1,0,1,1,1,0,0,0,0,0,0,1,1,1,0,0,0,1,0,0,0,0,1,1,1,0,1,0,0,0,0,1,0,0,0,1,1,0,1
restart_aligned_bits_regs_only_warmup40_cap1024_run01,611,0,99,0B84F33B94F3CF94,0,0,1,0,1,0,0,1,1,1,1,1,0,0,1,1,1,1,0,0,1,1,1,1,0,0,1,0,1,0,0,1,1,1,0,1,1,1,0,0,1,1,0,0,1,1,1,1,0,0,1,0,0,0,0,1,1,1,0,1,0,0,0,0,1,0,0,1,1,0,0,1
restart_aligned_bits_regs_only_warmup40_cap1024_run01,612,1,EA,0BC4733F947B8FD4,0,0,1,0,1,0,1,1,1,1,1,1,0,0,0,1,1,1,0,1,1,1,1,0,0,0,1,0,1,0,0,1,1,1,1,1,1,1,0,0,1,1,0,0,1,1,1,0,0,0,1,0,0,0,1,1,1,1,0,1,0,0,0,0,0,1,0,1,0,1,1,1
restart_aligned_bits_regs_only_warmup40_cap1024_run01,613,1,4F,4B04F07B86F14F94,0,0,1,0,1,0,0,1,1,1,1,1,0,0,1,0,1,0,0,0,1,1,1,1,0,1,1,0,0,0,0,1,1,1,0,1,1,1,1,0,0,0,0,0,1,1,1,1,0,0,1,0,0,0,0,0,1,1,0,1,0,0,1,0,1,1,1,1,0,0,1,0
restart_aligned_bits_regs_only_warmup40_cap1024_run01,614,1,9D,0B84F06B94F1CF94,0,0,1,0,1,0,0,1,1,1,1,1,0,0,1,1,1,0,0,0,1,1,1,1,0,0,1,0,1,0,0,1,1,1,0,1,0,1,1,0,0,0,0,0,1,1,1,1,0,0,1,0,0,0,0,1,1,1,0,1,0,0,0,0,1,0,1,1,1,0,0,1
restart_aligned_bits_regs_only_warmup40_cap1024_run01,615,0,BD,0B84707F94F1CF94,0,0,1,0,1,0,0,1,1,1,1,1,0,0,1,1,1,0,0,0,1,1,1,1,0,0,1,0,1,0,0,1,1,1,1,1,1,1,1,0,0,0,0,0,1,1,1,0,0,0,1,0,0,0,0,1,1,1,0,1,0,0,0,0,1,0,1,1,1,1,0,1
restart_aligned_bits_regs_only_warmup40_cap1024_run01,616,1,A1,0B84F17B84F9CF94,0,0,1,0,1,0,0,1,1,1,1,1,0,0,1,1,1,0,0,1,1,1,1,1,0,0,1,0,0,0,0,1,1,1,0,1,1,1,1,0,1,0,0,0,1,1,1,1,0,0,1,0,0,0,0,1,1,1,0,1,0,0,0,0,1,0,0,0,0,1,0,1
restart_aligned_bits_regs_only_warmup40_cap1024_run01,617,0,B8,0B84792A94F9CFB4,0,0,1,0,1,1,0,1,1,1,1,1,0,0,1,1,1,0,0,1,1,1,1,1,0,0,1,0,1,0,0,1,0,1,0,1,0,1,0,0,1,0,0,1,1,1,1,0,0,0,1,0,0,0,0,1,1,1,0,1,0,0,0,0,0,0,0,1,1,1,0,1
restart_aligned_bits_regs_only_warmup40_cap1024_run01,618,0,14,0F84F07F96F1CF90,0,0,0,0,1,0,0,1,1,1,1,1,0,0,1,1,1,0,0,0,1,1,1,1,0,1,1,0,1,0,0,1,1,1,1,1,1,1,1,0,0,0,0,0,1,1,1,1,0,0,1,0,0,0,0,1,1,1,1,1,0,0,0,0,0,0,1,0,1,0,0,0
restart_aligned_bits_regs_only_warmup40_cap1024_run01,619,0,88,0B84713F94F9CF90,0,0,0,0,1,0,0,1,1,1,1,1,0,0,1,1,1,0,0,1,1,1,1,1,0,0,1,0,1,0,0,1,1,1,1,1,1,1,0,0,1,0,0,0,1,1,1,0,0,0,1,0,0,0,0,1,1,1,0,1,0,0,0,0,0,0,0,1,0,0,0,1
restart_aligned_bits_regs_only_warmup40_cap1024_run01,620,0,B1,0B84F13B96F9CF94,0,0,1,0,1,0,0,1,1,1,1,1,0,0,1,1,1,0,0,1,1,1,1,1,0,1,1,0,1,0,0,1,1,1,0,1,1,1,0,0,1,0,0,0,1,1,1,1,0,0,1,0,0,0,0,1,1,1,0,1,0,0,0,0,1,0,0,0,1,1,0,1
restart_aligned_bits_regs_only_warmup40_cap1024_run01,621,1,B5,0B84F16B9CF1CF94,0,0,1,0,1,0,0,1,1,1,1,1,0,0,1,1,1,0,0,0,1,1,1,1,0,0,1,1,1,0,0,1,1,1,0,1,0,1,1,0,1,0,0,0,1,1,1,1,0,0,1,0,0,0,0,1,1,1,0,1,0,0,0,0,1,0,1,0,1,1,0,1
restart_aligned_bits_regs_only_warmup40_cap1024_run01,622,1,38,0F84702F94F9CF90,0,0,0,0,1,0,0,1,1,1,1,1,0,0,1,1,1,0,0,1,1,1,1,1,0,0,1,0,1,0,0,1,1,1,1,1,0,1,0,0,0,0,0,0,1,1,1,0,0,0,1,0,0,0,0,1,1,1,1,1,0,0,0,0,0,0,0,1,1,1,0,0
restart_aligned_bits_regs_only_warmup40_cap1024_run01,623,1,89,0B84F07B94F9CF94,0,0,1,0,1,0,0,1,1,1,1,1,0,0,1,1,1,0,0,1,1,1,1,1,0,0,1,0,1,0,0,1,1,1,0,1,1,1,1,0,0,0,0,0,1,1,1,1,0,0,1,0,0,0,0,1,1,1,0,1,0,0,0,0,1,0,0,1,0,0,0,1
restart_aligned_bits_regs_only_warmup40_cap1024_run01,624,1,80,0B84717B84F9CF84,0,0,1,0,0,0,0,1,1,1,1,1,0,0,1,1,1,0,0,1,1,1,1,1,0,0,1,0,0,0,0,1,1,1,0,1,1,1,1,0,1,0,0,0,1,1,1,0,0,0,1,0,0,0,0,1,1,1,0,1,0,0,0,0,0,0,0,0,0,0,0,1
restart_aligned_bits_regs_only_warmup40_cap1024_run01,625,0,84,5B84F07B8EF1CF84,0,0,1,0,0,0,0,1,1,1,1,1,0,0,1,1,1,0,0,0,1,1,1,1,0,1,1,1,0,0,0,1,1,1,0,1,1,1,1,0,0,0,0,0,1,1,1,1,0,0,1,0,0,0,0,1,1,1,0,1,1,0,1,0,0,0,1,0,0,0,0,1
restart_aligned_bits_regs_only_warmup40_cap1024_run01,626,0,0C,0F84713F9479CF90,0,0,0,0,1,0,0,1,1,1,1,1,0,0,1,1,1,0,0,1,1,1,1,0,0,0,1,0,1,0,0,1,1,1,1,1,1,1,0,0,1,0,0,0,1,1,1,0,0,0,1,0,0,0,0,1,1,1,1,1,0,0,0,0,0,0,1,1,0,0,0,0
restart_aligned_bits_regs_only_warmup40_cap1024_run01,627,0,D4,0BC4713B8479CF84,0,0,1,0,0,0,0,1,1,1,1,1,0,0,1,1,1,0,0,1,1,1,1,0,0,0,1,0,0,0,0,1,1,1,0,1,1,1,0,0,1,0,0,0,1,1,1,0,0,0,1,0,0,0,1,1,1,1,0,1,0,0,0,0,0,0,1,0,1,0,1,1
restart_aligned_bits_regs_only_warmup40_cap1024_run01,628,1,57,0FC4713E84798FD0,0,0,0,0,1,0,1,1,1,1,1,1,0,0,0,1,1,0,0,1,1,1,1,0,0,0,1,0,0,0,0,1,0,1,1,1,1,1,0,0,1,0,0,0,1,1,1,0,0,0,1,0,0,0,1,1,1,1,1,1,0,0,0,0,1,1,1,0,1,0,1,0
restart_aligned_bits_regs_only_warmup40_cap1024_run01,629,0,60,0FC4703F84F9CF90,0,0,0,0,1,0,0,1,1,1,1,1,0,0,1,1,1,0,0,1,1,1,1,1,0,0,1,0,0,0,0,1,1,1,1,1,1,1,0,0,0,0,0,0,1,1,1,0,0,0,1,0,0,0,1,1,1,1,1,1,0,0,0,0,0,0,0,0,0,1,1,0
restart_aligned_bits_regs_only_warmup40_cap1024_run01,630,0,C0,0BC4713F84F9CF84,0,0,1,0,0,0,0,1,1,1,1,1,0,0,1,1,1,0,0,1,1,1,1,1,0,0,1,0,0,0,0,1,1,1,1,1,1,1,0,0,1,0,0,0,1,1,1,0,0,0,1,0,0,0,1,1,1,1,0,1,0,0,0,0,0,0,0,0,0,0,1,1
restart_aligned_bits_regs_only_warmup40_cap1024_run01,631,0,ED,0BC4732B94FBCF94,0,0,1,0,1,0,0,1,1,1,1,1,0,0,1,1,1,1,0,1,1,1,1,1,0,0,1,0,1,0,0,1,1,1,0,1,0,1,0,0,1,1,0,0,1,1,1,0,0,0,1,0,0,0,1,1,1,1,0,1,0,0,0,0,1,0,1,1,0,1,1,1
restart_aligned_bits_regs_only_warmup40_cap1024_run01,632,1,91,0B84F03B96F9CF94,0,0,1,0,1,0,0,1,1,1,1,1,0,0,1,1,1,0,0,1,1,1,1,1,0,1,1,0,1,0,0,1,1,1,0,1,1,1,0,0,0,0,0,0,1,1,1,1,0,0,1,0,0,0,0,1,1,1,0,1,0,0,0,0,1,0,0,0,1,0,0,1
restart_aligned_bits_regs_only_warmup40_cap1024_run01,633,0,A9,0B84702B94F9CF94,0,0,1,0,1,0,0,1,1,1,1,1,0,0,1,1,1,0,0,1,1,1,1,1,0,0,1,0,1,0,0,1,1,1,0,1,0,1,0,0,0,0,0,0,1,1,1,0,0,0,1,0,0,0,0,1,1,1,0,1,0,0,0,0,1,0,0,1,0,1,0,1
restart_aligned_bits_regs_only_warmup40_cap1024_run01,634,1,89,0B84712B94F9CF94,0,0,1,0,1,0,0,1,1,1,1,1,0,0,1,1,1,0,0,1,1,1,1,1,0,0,1,0,1,0,0,1,1,1,0,1,0,1,0,0,1,0,0,0,1,1,1,0,0,0,1,0,0,0,0,1,1,1,0,1,0,0,0,0,1,0,0,1,0,0,0,1
restart_aligned_bits_regs_only_warmup40_cap1024_run01,635,0,A9,0B84F12B94F9CF94,0,0,1,0,1,0,0,1,1,1,1,1,0,0,1,1,1,0,0,1,1,1,1,1,0,0,1,0,1,0,0,1,1,1,0,1,0,1,0,0,1,0,0,0,1,1,1,1,0,0,1,0,0,0,0,1,1,1,0,1,0,0,0,0,1,0,0,1,0,1,0,1
restart_aligned_bits_regs_only_warmup40_cap1024_run01,636,0,28,0F84793F94F9CF90,0,0,0,0,1,0,0,1,1,1,1,1,0,0,1,1,1,0,0,1,1,1,1,1,0,0,1,0,1,0,0,1,1,1,1,1,1,1,0,0,1,0,0,1,1,1,1,0,0,0,1,0,0,0,0,1,1,1,1,1,0,0,0,0,0,0,0,1,0,1,0,0
restart_aligned_bits_regs_only_warmup40_cap1024_run01,637,1,98,0B84F03B86F9CF84,0,0,1,0,0,0,0,1,1,1,1,1,0,0,1,1,1,0,0,1,1,1,1,1,0,1,1,0,0,0,0,1,1,1,0,1,1,1,0,0,0,0,0,0,1,1,1,1,0,0,1,0,0,0,0,1,1,1,0,1,0,0,0,0,0,0,0,1,1,0,0,1
restart_aligned_bits_regs_only_warmup40_cap1024_run01,638,1,B0,0B84F13B84F9CF84,0,0,1,0,0,0,0,1,1,1,1,1,0,0,1,1,1,0,0,1,1,1,1,1,0,0,1,0,0,0,0,1,1,1,0,1,1,1,0,0,1,0,0,0,1,1,1,1,0,0,1,0,0,0,0,1,1,1,0,1,0,0,0,0,0,0,0,0,1,1,0,1
restart_aligned_bits_regs_only_warmup40_cap1024_run01,639,0,90,0B84F03B84F9CF84,0,0,1,0,0,0,0,1,1,1,1,1,0,0,1,1,1,0,0,1,1,1,1,1,0,0,1,0,0,0,0,1,1,1,0,1,1,1,0,0,0,0,0,0,1,1,1,1,0,0,1,0,0,0,0,1,1,1,0,1,0,0,0,0,0,0,0,0,1,0,0,1
restart_aligned_bits_regs_only_warmup40_cap1024_run01,640,0,28,0F84793F80F9CF90,0,0,0,0,1,0,0,1,1,1,1,1,0,0,1,1,1,0,0,1,1,1,1,1,0,0,0,0,0,0,0,1,1,1,1,1,1,1,0,0,1,0,0,1,1,1,1,0,0,0,1,0,0,0,0,1,1,1,1,1,0,0,0,0,0,0,0,1,0,1,0,0
restart_aligned_bits_regs_only_warmup40_cap1024_run01,641,0,90,0B84F03B84F9CF84,0,0,1,0,0,0,0,1,1,1,1,1,0,0,1,1,1,0,0,1,1,1,1,1,0,0,1,0,0,0,0,1,1,1,0,1,1,1,0,0,0,0,0,0,1,1,1,1,0,0,1,0,0,0,0,1,1,1,0,1,0,0,0,0,0,0,0,0,1,0,0,1
restart_aligned_bits_regs_only_warmup40_cap1024_run01,642,1,91,0B84F06B96F9CF94,0,0,1,0,1,0,0,1,1,1,1,1,0,0,1,1,1,0,0,1,1,1,1,1,0,1,1,0,1,0,0,1,1,1,0,1,0,1,1,0,0,0,0,0,1,1,1,1,0,0,1,0,0,0,0,1,1,1,0,1,0,0,0,0,1,0,0,0,1,0,0,1
restart_aligned_bits_regs_only_warmup40_cap1024_run01,643,1,8C,0B84712B9479CFB4,0,0,1,0,1,1,0,1,1,1,1,1,0,0,1,1,1,0,0,1,1,1,1,0,0,0,1,0,1,0,0,1,1,1,0,1,0,1,0,0,1,0,0,0,1,1,1,0,0,0,1,0,0,0,0,1,1,1,0,1,0,0,0,0,0,0,1,1,0,0,0,1
restart_aligned_bits_regs_only_warmup40_cap1024_run01,644,0,99,0B84712F94F9CF94,0,0,1,0,1,0,0,1,1,1,1,1,0,0,1,1,1,0,0,1,1,1,1,1,0,0,1,0,1,0,0,1,1,1,1,1,0,1,0,0,1,0,0,0,1,1,1,0,0,0,1,0,0,0,0,1,1,1,0,1,0,0,0,0,1,0,0,1,1,0,0,1
restart_aligned_bits_regs_only_warmup40_cap1024_run01,645,0,BD,0B84733E94FBCF94,0,0,1,0,1,0,0,1,1,1,1,1,0,0,1,1,1,1,0,1,1,1,1,1,0,0,1,0,1,0,0,1,0,1,1,1,1,1,0,0,1,1,0,0,1,1,1,0,0,0,1,0,0,0,0,1,1,1,0,1,0,0,0,0,1,0,1,1,1,1,0,1
restart_aligned_bits_regs_only_warmup40_cap1024_run01,646,0,BD,0B84F23B94FBCF94,0,0,1,0,1,0,0,1,1,1,1,1,0,0,1,1,1,1,0,1,1,1,1,1,0,0,1,0,1,0,0,1,1,1,0,1,1,1,0,0,0,1,0,0,1,1,1,1,0,0,1,0,0,0,0,1,1,1,0,1,0,0,0,0,1,0,1,1,1,1,0,1
restart_aligned_bits_regs_only_warmup40_cap1024_run01,647,1,DC,0BC4713B94F1CFD4,0,0,1,0,1,0,1,1,1,1,1,1,0,0,1,1,1,0,0,0,1,1,1,1,0,0,1,0,1,0,0,1,1,1,0,1,1,1,0,0,1,0,0,0,1,1,1,0,0,0,1,0,0,0,1,1,1,1,0,1,0,0,0,0,0,0,1,1,1,0,1,1
restart_aligned_bits_regs_only_warmup40_cap1024_run01,648,0,90,0B84F93B84F9CF84,0,0,1,0,0,0,0,1,1,1,1,1,0,0,1,1,1,0,0,1,1,1,1,1,0,0,1,0,0,0,0,1,1,1,0,1,1,1,0,0,1,0,0,1,1,1,1,1,0,0,1,0,0,0,0,1,1,1,0,1,0,0,0,0,0,0,0,0,1,0,0,1
restart_aligned_bits_regs_only_warmup40_cap1024_run01,649,1,A8,0B84703F94F9CF90,0,0,0,0,1,0,0,1,1,1,1,1,0,0,1,1,1,0,0,1,1,1,1,1,0,0,1,0,1,0,0,1,1,1,1,1,1,1,0,0,0,0,0,0,1,1,1,0,0,0,1,0,0,0,0,1,1,1,0,1,0,0,0,0,0,0,0,1,0,1,0,1
restart_aligned_bits_regs_only_warmup40_cap1024_run01,650,1,6D,0F8CF13F8CF1CF80,0,0,0,0,0,0,0,1,1,1,1,1,0,0,1,1,1,0,0,0,1,1,1,1,0,0,1,1,0,0,0,1,1,1,1,1,1,1,0,0,1,0,0,0,1,1,1,1,0,0,1,1,0,0,0,1,1,1,1,1,0,0,0,0,1,0,1,1,0,1,1,0
restart_aligned_bits_regs_only_warmup40_cap1024_run01,651,0,B4,0B84F23B84FBCF84,0,0,1,0,0,0,0,1,1,1,1,1,0,0,1,1,1,1,0,1,1,1,1,1,0,0,1,0,0,0,0,1,1,1,0,1,1,1,0,0,0,1,0,0,1,1,1,1,0,0,1,0,0,0,0,1,1,1,0,1,0,0,0,0,0,0,1,0,1,1,0,1
restart_aligned_bits_regs_only_warmup40_cap1024_run01,652,0,BD,0B84732A94FBCF94,0,0,1,0,1,0,0,1,1,1,1,1,0,0,1,1,1,1,0,1,1,1,1,1,0,0,1,0,1,0,0,1,0,1,0,1,0,1,0,0,1,1,0,0,1,1,1,0,0,0,1,0,0,0,0,1,1,1,0,1,0,0,0,0,1,0,1,1,1,1,0,1
restart_aligned_bits_regs_only_warmup40_cap1024_run01,653,1,91,0B84F06B96F9CF94,0,0,1,0,1,0,0,1,1,1,1,1,0,0,1,1,1,0,0,1,1,1,1,1,0,1,1,0,1,0,0,1,1,1,0,1,0,1,1,0,0,0,0,0,1,1,1,1,0,0,1,0,0,0,0,1,1,1,0,1,0,0,0,0,1,0,0,0,1,0,0,1
restart_aligned_bits_regs_only_warmup40_cap1024_run01,654,0,99,0B84F03B86F9CF94,0,0,1,0,1,0,0,1,1,1,1,1,0,0,1,1,1,0,0,1,1,1,1,1,0,1,1,0,0,0,0,1,1,1,0,1,1,1,0,0,0,0,0,0,1,1,1,1,0,0,1,0,0,0,0,1,1,1,0,1,0,0,0,0,1,0,0,1,1,0,0,1
restart_aligned_bits_regs_only_warmup40_cap1024_run01,655,0,95,0B84713B8479CF94,0,0,1,0,1,0,0,1,1,1,1,1,0,0,1,1,1,0,0,1,1,1,1,0,0,0,1,0,0,0,0,1,1,1,0,1,1,1,0,0,1,0,0,0,1,1,1,0,0,0,1,0,0,0,0,1,1,1,0,1,0,0,0,0,1,0,1,0,1,0,0,1
restart_aligned_bits_regs_only_warmup40_cap1024_run01,656,1,80,0B84727B84F3CF84,0,0,1,0,0,0,0,1,1,1,1,1,0,0,1,1,1,1,0,0,1,1,1,1,0,0,1,0,0,0,0,1,1,1,0,1,1,1,1,0,0,1,0,0,1,1,1,0,0,0,1,0,0,0,0,1,1,1,0,1,0,0,0,0,0,0,0,0,0,0,0,1
restart_aligned_bits_regs_only_warmup40_cap1024_run01,657,0,39,4B84736B94F3CF94,0,0,1,0,1,0,0,1,1,1,1,1,0,0,1,1,1,1,0,0,1,1,1,1,0,0,1,0,1,0,0,1,1,1,0,1,0,1,1,0,1,1,0,0,1,1,1,0,0,0,1,0,0,0,0,1,1,1,0,1,0,0,1,0,1,0,0,1,1,1,0,0
restart_aligned_bits_regs_only_warmup40_cap1024_run01,658,1,C8,0B8CF07B8CF3CF84,0,0,1,0,0,0,0,1,1,1,1,1,0,0,1,1,1,1,0,0,1,1,1,1,0,0,1,1,0,0,0,1,1,1,0,1,1,1,1,0,0,0,0,0,1,1,1,1,0,0,1,1,0,0,0,1,1,1,0,1,0,0,0,0,0,0,0,1,0,0,1,1
restart_aligned_bits_regs_only_warmup40_cap1024_run01,659,0,99,0B84712A9471CF94,0,0,1,0,1,0,0,1,1,1,1,1,0,0,1,1,1,0,0,0,1,1,1,0,0,0,1,0,1,0,0,1,0,1,0,1,0,1,0,0,1,0,0,0,1,1,1,0,0,0,1,0,0,0,0,1,1,1,0,1,0,0,0,0,1,0,0,1,1,0,0,1
restart_aligned_bits_regs_only_warmup40_cap1024_run01,660,0,B1,0B84706B96F9CF94,0,0,1,0,1,0,0,1,1,1,1,1,0,0,1,1,1,0,0,1,1,1,1,1,0,1,1,0,1,0,0,1,1,1,0,1,0,1,1,0,0,0,0,0,1,1,1,0,0,0,1,0,0,0,0,1,1,1,0,1,0,0,0,0,1,0,0,0,1,1,0,1
restart_aligned_bits_regs_only_warmup40_cap1024_run01,661,0,8D,0B84712B94F1CF94,0,0,1,0,1,0,0,1,1,1,1,1,0,0,1,1,1,0,0,0,1,1,1,1,0,0,1,0,1,0,0,1,1,1,0,1,0,1,0,0,1,0,0,0,1,1,1,0,0,0,1,0,0,0,0,1,1,1,0,1,0,0,0,0,1,0,1,1,0,0,0,1
restart_aligned_bits_regs_only_warmup40_cap1024_run01,662,1,E6,0B04F17B84F14F84,0,0,1,0,0,0,0,1,1,1,1,1,0,0,1,0,1,0,0,0,1,1,1,1,0,0,1,0,0,0,0,1,1,1,0,1,1,1,1,0,1,0,0,0,1,1,1,1,0,0,1,0,0,0,0,0,1,1,0,1,0,0,0,0,0,1,1,0,0,1,1,1
restart_aligned_bits_regs_only_warmup40_cap1024_run01,663,0,99,0B84713B94F9CF94,0,0,1,0,1,0,0,1,1,1,1,1,0,0,1,1,1,0,0,1,1,1,1,1,0,0,1,0,1,0,0,1,1,1,0,1,1,1,0,0,1,0,0,0,1,1,1,0,0,0,1,0,0,0,0,1,1,1,0,1,0,0,0,0,1,0,0,1,1,0,0,1
restart_aligned_bits_regs_only_warmup40_cap1024_run01,664,1,38,0F84792F94F9CF90,0,0,0,0,1,0,0,1,1,1,1,1,0,0,1,1,1,0,0,1,1,1,1,1,0,0,1,0,1,0,0,1,1,1,1,1,0,1,0,0,1,0,0,1,1,1,1,0,0,0,1,0,0,0,0,1,1,1,1,1,0,0,0,0,0,0,0,1,1,1,0,0
restart_aligned_bits_regs_only_warmup40_cap1024_run01,665,1,19,0F84712F94F9CFB0,0,0,0,0,1,1,0,1,1,1,1,1,0,0,1,1,1,0,0,1,1,1,1,1,0,0,1,0,1,0,0,1,1,1,1,1,0,1,0,0,1,0,0,0,1,1,1,0,0,0,1,0,0,0,0,1,1,1,1,1,0,0,0,0,1,0,0,1,1,0,0,0
restart_aligned_bits_regs_only_warmup40_cap1024_run01,666,1,DC,0B86F03B86F1CF84,0,0,1,0,0,0,0,1,1,1,1,1,0,0,1,1,1,0,0,0,1,1,1,1,0,1,1,0,0,0,0,1,1,1,0,1,1,1,0,0,0,0,0,0,1,1,1,1,0,1,1,0,0,0,0,1,1,1,0,1,0,0,0,0,0,0,1,1,1,0,1,1
restart_aligned_bits_regs_only_warmup40_cap1024_run01,667,0,90,0B84713B84F9CF84,0,0,1,0,0,0,0,1,1,1,1,1,0,0,1,1,1,0,0,1,1,1,1,1,0,0,1,0,0,0,0,1,1,1,0,1,1,1,0,0,1,0,0,0,1,1,1,0,0,0,1,0,0,0,0,1,1,1,0,1,0,0,0,0,0,0,0,0,1,0,0,1
restart_aligned_bits_regs_only_warmup40_cap1024_run01,668,0,35,0F84F13E9CF1CFB0,0,0,0,0,1,1,0,1,1,1,1,1,0,0,1,1,1,0,0,0,1,1,1,1,0,0,1,1,1,0,0,1,0,1,1,1,1,1,0,0,1,0,0,0,1,1,1,1,0,0,1,0,0,0,0,1,1,1,1,1,0,0,0,0,1,0,1,0,1,1,0,0
restart_aligned_bits_regs_only_warmup40_cap1024_run01,669,1,08,0F84713F94F9CF90,0,0,0,0,1,0,0,1,1,1,1,1,0,0,1,1,1,0,0,1,1,1,1,1,0,0,1,0,1,0,0,1,1,1,1,1,1,1,0,0,1,0,0,0,1,1,1,0,0,0,1,0,0,0,0,1,1,1,1,1,0,0,0,0,0,0,0,1,0,0,0,0
restart_aligned_bits_regs_only_warmup40_cap1024_run01,670,0,8D,0B84712B9EF1CF94,0,0,1,0,1,0,0,1,1,1,1,1,0,0,1,1,1,0,0,0,1,1,1,1,0,1,1,1,1,0,0,1,1,1,0,1,0,1,0,0,1,0,0,0,1,1,1,0,0,0,1,0,0,0,0,1,1,1,0,1,0,0,0,0,1,0,1,1,0,0,0,1
restart_aligned_bits_regs_only_warmup40_cap1024_run01,671,0,FC,0B8CF17F8CF1CF84,0,0,1,0,0,0,0,1,1,1,1,1,0,0,1,1,1,0,0,0,1,1,1,1,0,0,1,1,0,0,0,1,1,1,1,1,1,1,1,0,1,0,0,0,1,1,1,1,0,0,1,1,0,0,0,1,1,1,0,1,0,0,0,0,0,0,1,1,1,1,1,1
restart_aligned_bits_regs_only_warmup40_cap1024_run01,672,0,A9,0B84702B94F9CF94,0,0,1,0,1,0,0,1,1,1,1,1,0,0,1,1,1,0,0,1,1,1,1,1,0,0,1,0,1,0,0,1,1,1,0,1,0,1,0,0,0,0,0,0,1,1,1,0,0,0,1,0,0,0,0,1,1,1,0,1,0,0,0,0,1,0,0,1,0,1,0,1
restart_aligned_bits_regs_only_warmup40_cap1024_run01,673,1,9D,0B84713B94F1CF94,0,0,1,0,1,0,0,1,1,1,1,1,0,0,1,1,1,0,0,0,1,1,1,1,0,0,1,0,1,0,0,1,1,1,0,1,1,1,0,0,1,0,0,0,1,1,1,0,0,0,1,0,0,0,0,1,1,1,0,1,0,0,0,0,1,0,1,1,1,0,0,1
restart_aligned_bits_regs_only_warmup40_cap1024_run01,674,1,29,4B84F17B94F9CF94,0,0,1,0,1,0,0,1,1,1,1,1,0,0,1,1,1,0,0,1,1,1,1,1,0,0,1,0,1,0,0,1,1,1,0,1,1,1,1,0,1,0,0,0,1,1,1,1,0,0,1,0,0,0,0,1,1,1,0,1,0,0,1,0,1,0,0,1,0,1,0,0
restart_aligned_bits_regs_only_warmup40_cap1024_run01,675,1,9D,0B84F03B94F1CF94,0,0,1,0,1,0,0,1,1,1,1,1,0,0,1,1,1,0,0,0,1,1,1,1,0,0,1,0,1,0,0,1,1,1,0,1,1,1,0,0,0,0,0,0,1,1,1,1,0,0,1,0,0,0,0,1,1,1,0,1,0,0,0,0,1,0,1,1,1,0,0,1
restart_aligned_bits_regs_only_warmup40_cap1024_run01,676,1,80,0B84F97B84F9CF84,0,0,1,0,0,0,0,1,1,1,1,1,0,0,1,1,1,0,0,1,1,1,1,1,0,0,1,0,0,0,0,1,1,1,0,1,1,1,1,0,1,0,0,1,1,1,1,1,0,0,1,0,0,0,0,1,1,1,0,1,0,0,0,0,0,0,0,0,0,0,0,1
restart_aligned_bits_regs_only_warmup40_cap1024_run01,677,0,11,0F84713E84F9CF80,0,0,0,0,0,0,0,1,1,1,1,1,0,0,1,1,1,0,0,1,1,1,1,1,0,0,1,0,0,0,0,1,0,1,1,1,1,1,0,0,1,0,0,0,1,1,1,0,0,0,1,0,0,0,0,1,1,1,1,1,0,0,0,0,1,0,0,0,1,0,0,0
restart_aligned_bits_regs_only_warmup40_cap1024_run01,678,0,8D,0B84722B94FBCF94,0,0,1,0,1,0,0,1,1,1,1,1,0,0,1,1,1,1,0,1,1,1,1,1,0,0,1,0,1,0,0,1,1,1,0,1,0,1,0,0,0,1,0,0,1,1,1,0,0,0,1,0,0,0,0,1,1,1,0,1,0,0,0,0,1,0,1,1,0,0,0,1
restart_aligned_bits_regs_only_warmup40_cap1024_run01,679,1,04,0F84F33F84FBCF90,0,0,0,0,1,0,0,1,1,1,1,1,0,0,1,1,1,1,0,1,1,1,1,1,0,0,1,0,0,0,0,1,1,1,1,1,1,1,0,0,1,1,0,0,1,1,1,1,0,0,1,0,0,0,0,1,1,1,1,1,0,0,0,0,0,0,1,0,0,0,0,0
restart_aligned_bits_regs_only_warmup40_cap1024_run01,680,1,C1,0B8CF07B9CF5CF94,0,0,1,0,1,0,0,1,1,1,1,1,0,0,1,1,1,0,1,0,1,1,1,1,0,0,1,1,1,0,0,1,1,1,0,1,1,1,1,0,0,0,0,0,1,1,1,1,0,0,1,1,0,0,0,1,1,1,0,1,0,0,0,0,1,0,0,0,0,0,1,1
restart_aligned_bits_regs_only_warmup40_cap1024_run01,681,1,04,0F84F03F9CF1CF90,0,0,0,0,1,0,0,1,1,1,1,1,0,0,1,1,1,0,0,0,1,1,1,1,0,0,1,1,1,0,0,1,1,1,1,1,1,1,0,0,0,0,0,0,1,1,1,1,0,0,1,0,0,0,0,1,1,1,1,1,0,0,0,0,0,0,1,0,0,0,0,0
restart_aligned_bits_regs_only_warmup40_cap1024_run01,682,1,89,0B84713A94F9CF94,0,0,1,0,1,0,0,1,1,1,1,1,0,0,1,1,1,0,0,1,1,1,1,1,0,0,1,0,1,0,0,1,0,1,0,1,1,1,0,0,1,0,0,0,1,1,1,0,0,0,1,0,0,0,0,1,1,1,0,1,0,0,0,0,1,0,0,1,0,0,0,1
restart_aligned_bits_regs_only_warmup40_cap1024_run01,683,0,BD,0B84703B8CF1CF94,0,0,1,0,1,0,0,1,1,1,1,1,0,0,1,1,1,0,0,0,1,1,1,1,0,0,1,1,0,0,0,1,1,1,0,1,1,1,0,0,0,0,0,0,1,1,1,0,0,0,1,0,0,0,0,1,1,1,0,1,0,0,0,0,1,0,1,1,1,1,0,1
restart_aligned_bits_regs_only_warmup40_cap1024_run01,684,1,25,4B84B07B84F1CF94,0,0,1,0,1,0,0,1,1,1,1,1,0,0,1,1,1,0,0,0,1,1,1,1,0,0,1,0,0,0,0,1,1,1,0,1,1,1,1,0,0,0,0,0,1,1,0,1,0,0,1,0,0,0,0,1,1,1,0,1,0,0,1,0,1,0,1,0,0,1,0,0
restart_aligned_bits_regs_only_warmup40_cap1024_run01,685,1,85,0B84F07B9CF1CF94,0,0,1,0,1,0,0,1,1,1,1,1,0,0,1,1,1,0,0,0,1,1,1,1,0,0,1,1,1,0,0,1,1,1,0,1,1,1,1,0,0,0,0,0,1,1,1,1,0,0,1,0,0,0,0,1,1,1,0,1,0,0,0,0,1,0,1,0,0,0,0,1
restart_aligned_bits_regs_only_warmup40_cap1024_run01,686,1,B9,0B84F12A94F9CF94,0,0,1,0,1,0,0,1,1,1,1,1,0,0,1,1,1,0,0,1,1,1,1,1,0,0,1,0,1,0,0,1,0,1,0,1,0,1,0,0,1,0,0,0,1,1,1,1,0,0,1,0,0,0,0,1,1,1,0,1,0,0,0,0,1,0,0,1,1,1,0,1
restart_aligned_bits_regs_only_warmup40_cap1024_run01,687,0,AC,0B84F17B8CF1CF84,0,0,1,0,0,0,0,1,1,1,1,1,0,0,1,1,1,0,0,0,1,1,1,1,0,0,1,1,0,0,0,1,1,1,0,1,1,1,1,0,1,0,0,0,1,1,1,1,0,0,1,0,0,0,0,1,1,1,0,1,0,0,0,0,0,0,1,1,0,1,0,1
restart_aligned_bits_regs_only_warmup40_cap1024_run01,688,1,80,0B84F07B84F9CF84,0,0,1,0,0,0,0,1,1,1,1,1,0,0,1,1,1,0,0,1,1,1,1,1,0,0,1,0,0,0,0,1,1,1,0,1,1,1,1,0,0,0,0,0,1,1,1,1,0,0,1,0,0,0,0,1,1,1,0,1,0,0,0,0,0,0,0,0,0,0,0,1
restart_aligned_bits_regs_only_warmup40_cap1024_run01,689,0,A5,0B84707B84F1CF94,0,0,1,0,1,0,0,1,1,1,1,1,0,0,1,1,1,0,0,0,1,1,1,1,0,0,1,0,0,0,0,1,1,1,0,1,1,1,1,0,0,0,0,0,1,1,1,0,0,0,1,0,0,0,0,1,1,1,0,1,0,0,0,0,1,0,1,0,0,1,0,1
restart_aligned_bits_regs_only_warmup40_cap1024_run01,690,1,01,0F84F03F84F9CF80,0,0,0,0,0,0,0,1,1,1,1,1,0,0,1,1,1,0,0,1,1,1,1,1,0,0,1,0,0,0,0,1,1,1,1,1,1,1,0,0,0,0,0,0,1,1,1,1,0,0,1,0,0,0,0,1,1,1,1,1,0,0,0,0,1,0,0,0,0,0,0,0
restart_aligned_bits_regs_only_warmup40_cap1024_run01,691,1,8C,0B84F07B86F1CF84,0,0,1,0,0,0,0,1,1,1,1,1,0,0,1,1,1,0,0,0,1,1,1,1,0,1,1,0,0,0,0,1,1,1,0,1,1,1,1,0,0,0,0,0,1,1,1,1,0,0,1,0,0,0,0,1,1,1,0,1,0,0,0,0,0,0,1,1,0,0,0,1
restart_aligned_bits_regs_only_warmup40_cap1024_run01,692,1,38,0F84702F94F9CF90,0,0,0,0,1,0,0,1,1,1,1,1,0,0,1,1,1,0,0,1,1,1,1,1,0,0,1,0,1,0,0,1,1,1,1,1,0,1,0,0,0,0,0,0,1,1,1,0,0,0,1,0,0,0,0,1,1,1,1,1,0,0,0,0,0,0,0,1,1,1,0,0
restart_aligned_bits_regs_only_warmup40_cap1024_run01,693,0,A5,0B84F13F84F1CF80,0,0,0,0,0,0,0,1,1,1,1,1,0,0,1,1,1,0,0,0,1,1,1,1,0,0,1,0,0,0,0,1,1,1,1,1,1,1,0,0,1,0,0,0,1,1,1,1,0,0,1,0,0,0,0,1,1,1,0,1,0,0,0,0,1,0,1,0,0,1,0,1
restart_aligned_bits_regs_only_warmup40_cap1024_run01,694,0,00,0F84F33F90F3CF90,0,0,0,0,1,0,0,1,1,1,1,1,0,0,1,1,1,1,0,0,1,1,1,1,0,0,0,0,1,0,0,1,1,1,1,1,1,1,0,0,1,1,0,0,1,1,1,1,0,0,1,0,0,0,0,1,1,1,1,1,0,0,0,0,0,0,0,0,0,0,0,0
restart_aligned_bits_regs_only_warmup40_cap1024_run01,695,1,38,0F84733E80F3CF90,0,0,0,0,1,0,0,1,1,1,1,1,0,0,1,1,1,1,0,0,1,1,1,1,0,0,0,0,0,0,0,1,0,1,1,1,1,1,0,0,1,1,0,0,1,1,1,0,0,0,1,0,0,0,0,1,1,1,1,1,0,0,0,0,0,0,0,1,1,1,0,0
restart_aligned_bits_regs_only_warmup40_cap1024_run01,696,1,10,0F84F37F90F3CF90,0,0,0,0,1,0,0,1,1,1,1,1,0,0,1,1,1,1,0,0,1,1,1,1,0,0,0,0,1,0,0,1,1,1,1,1,1,1,1,0,1,1,0,0,1,1,1,1,0,0,1,0,0,0,0,1,1,1,1,1,0,0,0,0,0,0,0,0,1,0,0,0
restart_aligned_bits_regs_only_warmup40_cap1024_run01,697,1,5D,0F8C713E8CF1CF80,0,0,0,0,0,0,0,1,1,1,1,1,0,0,1,1,1,0,0,0,1,1,1,1,0,0,1,1,0,0,0,1,0,1,1,1,1,1,0,0,1,0,0,0,1,1,1,0,0,0,1,1,0,0,0,1,1,1,1,1,0,0,0,0,1,0,1,1,1,0,1,0
restart_aligned_bits_regs_only_warmup40_cap1024_run01,698,0,28,0F84F13F80F9CF90,0,0,0,0,1,0,0,1,1,1,1,1,0,0,1,1,1,0,0,1,1,1,1,1,0,0,0,0,0,0,0,1,1,1,1,1,1,1,0,0,1,0,0,0,1,1,1,1,0,0,1,0,0,0,0,1,1,1,1,1,0,0,0,0,0,0,0,1,0,1,0,0
restart_aligned_bits_regs_only_warmup40_cap1024_run01,699,1,04,0F84723F84FBCFA0,0,0,0,0,0,1,0,1,1,1,1,1,0,0,1,1,1,1,0,1,1,1,1,1,0,0,1,0,0,0,0,1,1,1,1,1,1,1,0,0,0,1,0,0,1,1,1,0,0,0,1,0,0,0,0,1,1,1,1,1,0,0,0,0,0,0,1,0,0,0,0,0
restart_aligned_bits_regs_only_warmup40_cap1024_run01,700,0,3C,0F84733E94FBCF90,0,0,0,0,1,0,0,1,1,1,1,1,0,0,1,1,1,1,0,1,1,1,1,1,0,0,1,0,1,0,0,1,0,1,1,1,1,1,0,0,1,1,0,0,1,1,1,0,0,0,1,0,0,0,0,1,1,1,1,1,0,0,0,0,0,0,1,1,1,1,0,0
restart_aligned_bits_regs_only_warmup40_cap1024_run01,701,1,2C,0F84F13F94F1CF90,0,0,0,0,1,0,0,1,1,1,1,1,0,0,1,1,1,0,0,0,1,1,1,1,0,0,1,0,1,0,0,1,1,1,1,1,1,1,0,0,1,0,0,0,1,1,1,1,0,0,1,0,0,0,0,1,1,1,1,1,0,0,0,0,0,0,1,1,0,1,0,0
restart_aligned_bits_regs_only_warmup40_cap1024_run01,702,0,9C,0B84F07F8CF1CF84,0,0,1,0,0,0,0,1,1,1,1,1,0,0,1,1,1,0,0,0,1,1,1,1,0,0,1,1,0,0,0,1,1,1,1,1,1,1,1,0,0,0,0,0,1,1,1,1,0,0,1,0,0,0,0,1,1,1,0,1,0,0,0,0,0,0,1,1,1,0,0,1
restart_aligned_bits_regs_only_warmup40_cap1024_run01,703,0,1B,0F84787F94F9C7B0,0,0,0,0,1,1,0,1,1,1,1,0,0,0,1,1,1,0,0,1,1,1,1,1,0,0,1,0,1,0,0,1,1,1,1,1,1,1,1,0,0,0,0,1,1,1,1,0,0,0,1,0,0,0,0,1,1,1,1,1,0,0,0,0,1,1,0,1,1,0,0,0
restart_aligned_bits_regs_only_warmup40_cap1024_run01,704,1,89,0B84712B94F9CF94,0,0,1,0,1,0,0,1,1,1,1,1,0,0,1,1,1,0,0,1,1,1,1,1,0,0,1,0,1,0,0,1,1,1,0,1,0,1,0,0,1,0,0,0,1,1,1,0,0,0,1,0,0,0,0,1,1,1,0,1,0,0,0,0,1,0,0,1,0,0,0,1
restart_aligned_bits_regs_only_warmup40_cap1024_run01,705,1,6D,4B8C317BDCF1CF94,0,0,1,0,1,0,0,1,1,1,1,1,0,0,1,1,1,0,0,0,1,1,1,1,0,0,1,1,1,0,1,1,1,1,0,1,1,1,1,0,1,0,0,0,1,1,0,0,0,0,1,1,0,0,0,1,1,1,0,1,0,0,1,0,1,0,1,1,0,1,1,0
restart_aligned_bits_regs_only_warmup40_cap1024_run01,706,0,6C,4B8CB07BCEF1CF84,0,0,1,0,0,0,0,1,1,1,1,1,0,0,1,1,1,0,0,0,1,1,1,1,0,1,1,1,0,0,1,1,1,1,0,1,1,1,1,0,0,0,0,0,1,1,0,1,0,0,1,1,0,0,0,1,1,1,0,1,0,0,1,0,0,0,1,1,0,1,1,0
restart_aligned_bits_regs_only_warmup40_cap1024_run01,707,1,0D,4B84717BAEF1CFA4,0,0,1,0,0,1,0,1,1,1,1,1,0,0,1,1,1,0,0,0,1,1,1,1,0,1,1,1,0,1,0,1,1,1,0,1,1,1,1,0,1,0,0,0,1,1,1,0,0,0,1,0,0,0,0,1,1,1,0,1,0,0,1,0,1,0,1,1,0,0,0,0
restart_aligned_bits_regs_only_warmup40_cap1024_run01,708,1,C4,0B8CF07B8EF1CF84,0,0,1,0,0,0,0,1,1,1,1,1,0,0,1,1,1,0,0,0,1,1,1,1,0,1,1,1,0,0,0,1,1,1,0,1,1,1,1,0,0,0,0,0,1,1,1,1,0,0,1,1,0,0,0,1,1,1,0,1,0,0,0,0,0,0,1,0,0,0,1,1
restart_aligned_bits_regs_only_warmup40_cap1024_run01,709,0,21,0F84F13F84F9CF80,0,0,0,0,0,0,0,1,1,1,1,1,0,0,1,1,1,0,0,1,1,1,1,1,0,0,1,0,0,0,0,1,1,1,1,1,1,1,0,0,1,0,0,0,1,1,1,1,0,0,1,0,0,0,0,1,1,1,1,1,0,0,0,0,1,0,0,0,0,1,0,0
restart_aligned_bits_regs_only_warmup40_cap1024_run01,710,0,42,4B04F07B84F94F84,0,0,1,0,0,0,0,1,1,1,1,1,0,0,1,0,1,0,0,1,1,1,1,1,0,0,1,0,0,0,0,1,1,1,0,1,1,1,1,0,0,0,0,0,1,1,1,1,0,0,1,0,0,0,0,0,1,1,0,1,0,0,1,0,0,1,0,0,0,0,1,0
restart_aligned_bits_regs_only_warmup40_cap1024_run01,711,0,18,0F84F07F86F9CF90,0,0,0,0,1,0,0,1,1,1,1,1,0,0,1,1,1,0,0,1,1,1,1,1,0,1,1,0,0,0,0,1,1,1,1,1,1,1,1,0,0,0,0,0,1,1,1,1,0,0,1,0,0,0,0,1,1,1,1,1,0,0,0,0,0,0,0,1,1,0,0,0
restart_aligned_bits_regs_only_warmup40_cap1024_run01,712,1,A8,0B84707B86F9CF84,0,0,1,0,0,0,0,1,1,1,1,1,0,0,1,1,1,0,0,1,1,1,1,1,0,1,1,0,0,0,0,1,1,1,0,1,1,1,1,0,0,0,0,0,1,1,1,0,0,0,1,0,0,0,0,1,1,1,0,1,0,0,0,0,0,0,0,1,0,1,0,1
restart_aligned_bits_regs_only_warmup40_cap1024_run01,713,1,89,0B84717B94F9CF94,0,0,1,0,1,0,0,1,1,1,1,1,0,0,1,1,1,0,0,1,1,1,1,1,0,0,1,0,1,0,0,1,1,1,0,1,1,1,1,0,1,0,0,0,1,1,1,0,0,0,1,0,0,0,0,1,1,1,0,1,0,0,0,0,1,0,0,1,0,0,0,1
restart_aligned_bits_regs_only_warmup40_cap1024_run01,714,1,3B,0F84791FB0F9C7B0,0,0,0,0,1,1,0,1,1,1,1,0,0,0,1,1,1,0,0,1,1,1,1,1,0,0,0,0,1,1,0,1,1,1,1,1,1,0,0,0,1,0,0,1,1,1,1,0,0,0,1,0,0,0,0,1,1,1,1,1,0,0,0,0,1,1,0,1,1,1,0,0
restart_aligned_bits_regs_only_warmup40_cap1024_run01,715,1,91,0B84F03B84F9CF94,0,0,1,0,1,0,0,1,1,1,1,1,0,0,1,1,1,0,0,1,1,1,1,1,0,0,1,0,0,0,0,1,1,1,0,1,1,1,0,0,0,0,0,0,1,1,1,1,0,0,1,0,0,0,0,1,1,1,0,1,0,0,0,0,1,0,0,0,1,0,0,1
restart_aligned_bits_regs_only_warmup40_cap1024_run01,716,0,8D,0B84717E94F1CF94,0,0,1,0,1,0,0,1,1,1,1,1,0,0,1,1,1,0,0,0,1,1,1,1,0,0,1,0,1,0,0,1,0,1,1,1,1,1,1,0,1,0,0,0,1,1,1,0,0,0,1,0,0,0,0,1,1,1,0,1,0,0,0,0,1,0,1,1,0,0,0,1
restart_aligned_bits_regs_only_warmup40_cap1024_run01,717,0,3C,0F84733E94FBCF90,0,0,0,0,1,0,0,1,1,1,1,1,0,0,1,1,1,1,0,1,1,1,1,1,0,0,1,0,1,0,0,1,0,1,1,1,1,1,0,0,1,1,0,0,1,1,1,0,0,0,1,0,0,0,0,1,1,1,1,1,0,0,0,0,0,0,1,1,1,1,0,0
restart_aligned_bits_regs_only_warmup40_cap1024_run01,718,1,10,0F84713E84F9CFA0,0,0,0,0,0,1,0,1,1,1,1,1,0,0,1,1,1,0,0,1,1,1,1,1,0,0,1,0,0,0,0,1,0,1,1,1,1,1,0,0,1,0,0,0,1,1,1,0,0,0,1,0,0,0,0,1,1,1,1,1,0,0,0,0,0,0,0,0,1,0,0,0
restart_aligned_bits_regs_only_warmup40_cap1024_run01,719,0,05,0F84F33F84FBCF80,0,0,0,0,0,0,0,1,1,1,1,1,0,0,1,1,1,1,0,1,1,1,1,1,0,0,1,0,0,0,0,1,1,1,1,1,1,1,0,0,1,1,0,0,1,1,1,1,0,0,1,0,0,0,0,1,1,1,1,1,0,0,0,0,1,0,1,0,0,0,0,0
restart_aligned_bits_regs_only_warmup40_cap1024_run01,720,0,A0,0B84707B84F9CF84,0,0,1,0,0,0,0,1,1,1,1,1,0,0,1,1,1,0,0,1,1,1,1,1,0,0,1,0,0,0,0,1,1,1,0,1,1,1,1,0,0,0,0,0,1,1,1,0,0,0,1,0,0,0,0,1,1,1,0,1,0,0,0,0,0,0,0,0,0,1,0,1
restart_aligned_bits_regs_only_warmup40_cap1024_run01,721,0,35,0F847A2F90FBCFB0,0,0,0,0,1,1,0,1,1,1,1,1,0,0,1,1,1,1,0,1,1,1,1,1,0,0,0,0,1,0,0,1,1,1,1,1,0,1,0,0,0,1,0,1,1,1,1,0,0,0,1,0,0,0,0,1,1,1,1,1,0,0,0,0,1,0,1,0,1,1,0,0
restart_aligned_bits_regs_only_warmup40_cap1024_run01,722,1,15,0F84F37F84FBCF80,0,0,0,0,0,0,0,1,1,1,1,1,0,0,1,1,1,1,0,1,1,1,1,1,0,0,1,0,0,0,0,1,1,1,1,1,1,1,1,0,1,1,0,0,1,1,1,1,0,0,1,0,0,0,0,1,1,1,1,1,0,0,0,0,1,0,1,0,1,0,0,0
restart_aligned_bits_regs_only_warmup40_cap1024_run01,723,0,39,0F84797F86F9CF80,0,0,0,0,0,0,0,1,1,1,1,1,0,0,1,1,1,0,0,1,1,1,1,1,0,1,1,0,0,0,0,1,1,1,1,1,1,1,1,0,1,0,0,1,1,1,1,0,0,0,1,0,0,0,0,1,1,1,1,1,0,0,0,0,1,0,0,1,1,1,0,0
restart_aligned_bits_regs_only_warmup40_cap1024_run01,724,0,28,0F84733F947BCF90,0,0,0,0,1,0,0,1,1,1,1,1,0,0,1,1,1,1,0,1,1,1,1,0,0,0,1,0,1,0,0,1,1,1,1,1,1,1,0,0,1,1,0,0,1,1,1,0,0,0,1,0,0,0,0,1,1,1,1,1,0,0,0,0,0,0,0,1,0,1,0,0
restart_aligned_bits_regs_only_warmup40_cap1024_run01,725,1,01,0F84713F84F9CF80,0,0,0,0,0,0,0,1,1,1,1,1,0,0,1,1,1,0,0,1,1,1,1,1,0,0,1,0,0,0,0,1,1,1,1,1,1,1,0,0,1,0,0,0,1,1,1,0,0,0,1,0,0,0,0,1,1,1,1,1,0,0,0,0,1,0,0,0,0,0,0,0
restart_aligned_bits_regs_only_warmup40_cap1024_run01,726,0,90,0B84F03B84F9CF84,0,0,1,0,0,0,0,1,1,1,1,1,0,0,1,1,1,0,0,1,1,1,1,1,0,0,1,0,0,0,0,1,1,1,0,1,1,1,0,0,0,0,0,0,1,1,1,1,0,0,1,0,0,0,0,1,1,1,0,1,0,0,0,0,0,0,0,0,1,0,0,1
restart_aligned_bits_regs_only_warmup40_cap1024_run01,727,1,BC,0B84703B8CF1CF84,0,0,1,0,0,0,0,1,1,1,1,1,0,0,1,1,1,0,0,0,1,1,1,1,0,0,1,1,0,0,0,1,1,1,0,1,1,1,0,0,0,0,0,0,1,1,1,0,0,0,1,0,0,0,0,1,1,1,0,1,0,0,0,0,0,0,1,1,1,1,0,1
restart_aligned_bits_regs_only_warmup40_cap1024_run01,728,0,90,0B84F03B84F9CF84,0,0,1,0,0,0,0,1,1,1,1,1,0,0,1,1,1,0,0,1,1,1,1,1,0,0,1,0,0,0,0,1,1,1,0,1,1,1,0,0,0,0,0,0,1,1,1,1,0,0,1,0,0,0,0,1,1,1,0,1,0,0,0,0,0,0,0,0,1,0,0,1
restart_aligned_bits_regs_only_warmup40_cap1024_run01,729,0,A5,0B84707B9CF1CF94,0,0,1,0,1,0,0,1,1,1,1,1,0,0,1,1,1,0,0,0,1,1,1,1,0,0,1,1,1,0,0,1,1,1,0,1,1,1,1,0,0,0,0,0,1,1,1,0,0,0,1,0,0,0,0,1,1,1,0,1,0,0,0,0,1,0,1,0,0,1,0,1
restart_aligned_bits_regs_only_warmup40_cap1024_run01,730,1,4F,0FC4712E94798FD0,0,0,0,0,1,0,1,1,1,1,1,1,0,0,0,1,1,0,0,1,1,1,1,0,0,0,1,0,1,0,0,1,0,1,1,1,0,1,0,0,1,0,0,0,1,1,1,0,0,0,1,0,0,0,1,1,1,1,1,1,0,0,0,0,1,1,1,1,0,0,1,0
restart_aligned_bits_regs_only_warmup40_cap1024_run01,731,0,B1,0B84F13B84F9CF94,0,0,1,0,1,0,0,1,1,1,1,1,0,0,1,1,1,0,0,1,1,1,1,1,0,0,1,0,0,0,0,1,1,1,0,1,1,1,0,0,1,0,0,0,1,1,1,1,0,0,1,0,0,0,0,1,1,1,0,1,0,0,0,0,1,0,0,0,1,1,0,1
restart_aligned_bits_regs_only_warmup40_cap1024_run01,732,0,99,0B84713B94F9CF94,0,0,1,0,1,0,0,1,1,1,1,1,0,0,1,1,1,0,0,1,1,1,1,1,0,0,1,0,1,0,0,1,1,1,0,1,1,1,0,0,1,0,0,0,1,1,1,0,0,0,1,0,0,0,0,1,1,1,0,1,0,0,0,0,1,0,0,1,1,0,0,1
restart_aligned_bits_regs_only_warmup40_cap1024_run01,733,0,BD,0B84F13B8CF1CF94,0,0,1,0,1,0,0,1,1,1,1,1,0,0,1,1,1,0,0,0,1,1,1,1,0,0,1,1,0,0,0,1,1,1,0,1,1,1,0,0,1,0,0,0,1,1,1,1,0,0,1,0,0,0,0,1,1,1,0,1,0,0,0,0,1,0,1,1,1,1,0,1
restart_aligned_bits_regs_only_warmup40_cap1024_run01,734,0,0C,4B84F07B94F1CFB4,0,0,1,0,1,1,0,1,1,1,1,1,0,0,1,1,1,0,0,0,1,1,1,1,0,0,1,0,1,0,0,1,1,1,0,1,1,1,1,0,0,0,0,0,1,1,1,1,0,0,1,0,0,0,0,1,1,1,0,1,0,0,1,0,0,0,1,1,0,0,0,0
restart_aligned_bits_regs_only_warmup40_cap1024_run01,735,0,44,4B8C307BCCF1CF84,0,0,1,0,0,0,0,1,1,1,1,1,0,0,1,1,1,0,0,0,1,1,1,1,0,0,1,1,0,0,1,1,1,1,0,1,1,1,1,0,0,0,0,0,1,1,0,0,0,0,1,1,0,0,0,1,1,1,0,1,0,0,1,0,0,0,1,0,0,0,1,0
restart_aligned_bits_regs_only_warmup40_cap1024_run01,736,0,90,4F84307FD4F9CF90,0,0,0,0,1,0,0,1,1,1,1,1,0,0,1,1,1,0,0,1,1,1,1,1,0,0,1,0,1,0,1,1,1,1,1,1,1,1,1,0,0,0,0,0,1,1,0,0,0,0,1,0,0,0,0,1,1,1,1,1,0,0,1,0,0,0,0,0,1,0,0,1
restart_aligned_bits_regs_only_warmup40_cap1024_run01,737,1,94,0B84F33BB4FBCFB4,0,0,1,0,1,1,0,1,1,1,1,1,0,0,1,1,1,1,0,1,1,1,1,1,0,0,1,0,1,1,0,1,1,1,0,1,1,1,0,0,1,1,0,0,1,1,1,1,0,0,1,0,0,0,0,1,1,1,0,1,0,0,0,0,0,0,1,0,1,0,0,1
restart_aligned_bits_regs_only_warmup40_cap1024_run01,738,1,98,0B84713B9471CFB4,0,0,1,0,1,1,0,1,1,1,1,1,0,0,1,1,1,0,0,0,1,1,1,0,0,0,1,0,1,0,0,1,1,1,0,1,1,1,0,0,1,0,0,0,1,1,1,0,0,0,1,0,0,0,0,1,1,1,0,1,0,0,0,0,0,0,0,1,1,0,0,1
restart_aligned_bits_regs_only_warmup40_cap1024_run01,739,1,2C,4B84707B8CF1CF84,0,0,1,0,0,0,0,1,1,1,1,1,0,0,1,1,1,0,0,0,1,1,1,1,0,0,1,1,0,0,0,1,1,1,0,1,1,1,1,0,0,0,0,0,1,1,1,0,0,0,1,0,0,0,0,1,1,1,0,1,0,0,1,0,0,0,1,1,0,1,0,0
restart_aligned_bits_regs_only_warmup40_cap1024_run01,740,0,81,0B84F07B84F9CFA4,0,0,1,0,0,1,0,1,1,1,1,1,0,0,1,1,1,0,0,1,1,1,1,1,0,0,1,0,0,0,0,1,1,1,0,1,1,1,1,0,0,0,0,0,1,1,1,1,0,0,1,0,0,0,0,1,1,1,0,1,0,0,0,0,1,0,0,0,0,0,0,1
restart_aligned_bits_regs_only_warmup40_cap1024_run01,741,1,B5,0B84703B9CF1CF94,0,0,1,0,1,0,0,1,1,1,1,1,0,0,1,1,1,0,0,0,1,1,1,1,0,0,1,1,1,0,0,1,1,1,0,1,1,1,0,0,0,0,0,0,1,1,1,0,0,0,1,0,0,0,0,1,1,1,0,1,0,0,0,0,1,0,1,0,1,1,0,1
restart_aligned_bits_regs_only_warmup40_cap1024_run01,742,0,AC,0B84707B94F1CFB4,0,0,1,0,1,1,0,1,1,1,1,1,0,0,1,1,1,0,0,0,1,1,1,1,0,0,1,0,1,0,0,1,1,1,0,1,1,1,1,0,0,0,0,0,1,1,1,0,0,0,1,0,0,0,0,1,1,1,0,1,0,0,0,0,0,0,1,1,0,1,0,1
restart_aligned_bits_regs_only_warmup40_cap1024_run01,743,1,91,0B84713B84F9CF94,0,0,1,0,1,0,0,1,1,1,1,1,0,0,1,1,1,0,0,1,1,1,1,1,0,0,1,0,0,0,0,1,1,1,0,1,1,1,0,0,1,0,0,0,1,1,1,0,0,0,1,0,0,0,0,1,1,1,0,1,0,0,0,0,1,0,0,0,1,0,0,1
restart_aligned_bits_regs_only_warmup40_cap1024_run01,744,0,8D,0B84712B94F1CF94,0,0,1,0,1,0,0,1,1,1,1,1,0,0,1,1,1,0,0,0,1,1,1,1,0,0,1,0,1,0,0,1,1,1,0,1,0,1,0,0,1,0,0,0,1,1,1,0,0,0,1,0,0,0,0,1,1,1,0,1,0,0,0,0,1,0,1,1,0,0,0,1
restart_aligned_bits_regs_only_warmup40_cap1024_run01,745,1,1C,0F84712F9479CF90,0,0,0,0,1,0,0,1,1,1,1,1,0,0,1,1,1,0,0,1,1,1,1,0,0,0,1,0,1,0,0,1,1,1,1,1,0,1,0,0,1,0,0,0,1,1,1,0,0,0,1,0,0,0,0,1,1,1,1,1,0,0,0,0,0,0,1,1,1,0,0,0
restart_aligned_bits_regs_only_warmup40_cap1024_run01,746,1,B9,0B84703B94F9CF94,0,0,1,0,1,0,0,1,1,1,1,1,0,0,1,1,1,0,0,1,1,1,1,1,0,0,1,0,1,0,0,1,1,1,0,1,1,1,0,0,0,0,0,0,1,1,1,0,0,0,1,0,0,0,0,1,1,1,0,1,0,0,0,0,1,0,0,1,1,1,0,1
restart_aligned_bits_regs_only_warmup40_cap1024_run01,747,1,BC,0B84F13B8CF1CF84,0,0,1,0,0,0,0,1,1,1,1,1,0,0,1,1,1,0,0,0,1,1,1,1,0,0,1,1,0,0,0,1,1,1,0,1,1,1,0,0,1,0,0,0,1,1,1,1,0,0,1,0,0,0,0,1,1,1,0,1,0,0,0,0,0,0,1,1,1,1,0,1
restart_aligned_bits_regs_only_warmup40_cap1024_run01,748,1,94,0B84723B84FBCF84,0,0,1,0,0,0,0,1,1,1,1,1,0,0,1,1,1,1,0,1,1,1,1,1,0,0,1,0,0,0,0,1,1,1,0,1,1,1,0,0,0,1,0,0,1,1,1,0,0,0,1,0,0,0,0,1,1,1,0,1,0,0,0,0,0,0,1,0,1,0,0,1
restart_aligned_bits_regs_only_warmup40_cap1024_run01,749,1,D5,0B8CF03B9CF1CF94,0,0,1,0,1,0,0,1,1,1,1,1,0,0,1,1,1,0,0,0,1,1,1,1,0,0,1,1,1,0,0,1,1,1,0,1,1,1,0,0,0,0,0,0,1,1,1,1,0,0,1,1,0,0,0,1,1,1,0,1,0,0,0,0,1,0,1,0,1,0,1,1
restart_aligned_bits_regs_only_warmup40_cap1024_run01,750,1,AD,0B84702B9EF1CF94,0,0,1,0,1,0,0,1,1,1,1,1,0,0,1,1,1,0,0,0,1,1,1,1,0,1,1,1,1,0,0,1,1,1,0,1,0,1,0,0,0,0,0,0,1,1,1,0,0,0,1,0,0,0,0,1,1,1,0,1,0,0,0,0,1,0,1,1,0,1,0,1
restart_aligned_bits_regs_only_warmup40_cap1024_run01,751,1,D5,0B8CF03B9CF1CF94,0,0,1,0,1,0,0,1,1,1,1,1,0,0,1,1,1,0,0,0,1,1,1,1,0,0,1,1,1,0,0,1,1,1,0,1,1,1,0,0,0,0,0,0,1,1,1,1,0,0,1,1,0,0,0,1,1,1,0,1,0,0,0,0,1,0,1,0,1,0,1,1
restart_aligned_bits_regs_only_warmup40_cap1024_run01,752,0,9C,0B84F03B8CF1CF84,0,0,1,0,0,0,0,1,1,1,1,1,0,0,1,1,1,0,0,0,1,1,1,1,0,0,1,1,0,0,0,1,1,1,0,1,1,1,0,0,0,0,0,0,1,1,1,1,0,0,1,0,0,0,0,1,1,1,0,1,0,0,0,0,0,0,1,1,1,0,0,1
restart_aligned_bits_regs_only_warmup40_cap1024_run01,753,0,B4,0B84F13B84F1CF84,0,0,1,0,0,0,0,1,1,1,1,1,0,0,1,1,1,0,0,0,1,1,1,1,0,0,1,0,0,0,0,1,1,1,0,1,1,1,0,0,1,0,0,0,1,1,1,1,0,0,1,0,0,0,0,1,1,1,0,1,0,0,0,0,0,0,1,0,1,1,0,1
restart_aligned_bits_regs_only_warmup40_cap1024_run01,754,0,F5,0B8CF13B9CF1CF94,0,0,1,0,1,0,0,1,1,1,1,1,0,0,1,1,1,0,0,0,1,1,1,1,0,0,1,1,1,0,0,1,1,1,0,1,1,1,0,0,1,0,0,0,1,1,1,1,0,0,1,1,0,0,0,1,1,1,0,1,0,0,0,0,1,0,1,0,1,1,1,1
restart_aligned_bits_regs_only_warmup40_cap1024_run01,755,0,88,0B84F07B8CF3CF84,0,0,1,0,0,0,0,1,1,1,1,1,0,0,1,1,1,1,0,0,1,1,1,1,0,0,1,1,0,0,0,1,1,1,0,1,1,1,1,0,0,0,0,0,1,1,1,1,0,0,1,0,0,0,0,1,1,1,0,1,0,0,0,0,0,0,0,1,0,0,0,1
restart_aligned_bits_regs_only_warmup40_cap1024_run01,756,1,D5,0B8CF03B9CF1CF94,0,0,1,0,1,0,0,1,1,1,1,1,0,0,1,1,1,0,0,0,1,1,1,1,0,0,1,1,1,0,0,1,1,1,0,1,1,1,0,0,0,0,0,0,1,1,1,1,0,0,1,1,0,0,0,1,1,1,0,1,0,0,0,0,1,0,1,0,1,0,1,1
restart_aligned_bits_regs_only_warmup40_cap1024_run01,757,1,B0,0B84F13B84F9CF84,0,0,1,0,0,0,0,1,1,1,1,1,0,0,1,1,1,0,0,1,1,1,1,1,0,0,1,0,0,0,0,1,1,1,0,1,1,1,0,0,1,0,0,0,1,1,1,1,0,0,1,0,0,0,0,1,1,1,0,1,0,0,0,0,0,0,0,0,1,1,0,1
restart_aligned_bits_regs_only_warmup40_cap1024_run01,758,1,29,0F84733F80F3CF80,0,0,0,0,0,0,0,1,1,1,1,1,0,0,1,1,1,1,0,0,1,1,1,1,0,0,0,0,0,0,0,1,1,1,1,1,1,1,0,0,1,1,0,0,1,1,1,0,0,0,1,0,0,0,0,1,1,1,1,1,0,0,0,0,1,0,0,1,0,1,0,0
restart_aligned_bits_regs_only_warmup40_cap1024_run01,759,1,A8,0B84702B94F9CFB4,0,0,1,0,1,1,0,1,1,1,1,1,0,0,1,1,1,0,0,1,1,1,1,1,0,0,1,0,1,0,0,1,1,1,0,1,0,1,0,0,0,0,0,0,1,1,1,0,0,0,1,0,0,0,0,1,1,1,0,1,0,0,0,0,0,0,0,1,0,1,0,1
restart_aligned_bits_regs_only_warmup40_cap1024_run01,760,0,3C,0F84702F94F1CF90,0,0,0,0,1,0,0,1,1,1,1,1,0,0,1,1,1,0,0,0,1,1,1,1,0,0,1,0,1,0,0,1,1,1,1,1,0,1,0,0,0,0,0,0,1,1,1,0,0,0,1,0,0,0,0,1,1,1,1,1,0,0,0,0,0,0,1,1,1,1,0,0
restart_aligned_bits_regs_only_warmup40_cap1024_run01,761,0,D4,0B8CF03B8DF1CF84,0,0,1,0,0,0,0,1,1,1,1,1,0,0,1,1,1,0,0,0,1,1,1,1,1,0,1,1,0,0,0,1,1,1,0,1,1,1,0,0,0,0,0,0,1,1,1,1,0,0,1,1,0,0,0,1,1,1,0,1,0,0,0,0,0,0,1,0,1,0,1,1
restart_aligned_bits_regs_only_warmup40_cap1024_run01,762,0,FC,0B8C703B8CF1CF84,0,0,1,0,0,0,0,1,1,1,1,1,0,0,1,1,1,0,0,0,1,1,1,1,0,0,1,1,0,0,0,1,1,1,0,1,1,1,0,0,0,0,0,0,1,1,1,0,0,0,1,1,0,0,0,1,1,1,0,1,0,0,0,0,0,0,1,1,1,1,1,1
restart_aligned_bits_regs_only_warmup40_cap1024_run01,763,1,9D,0B84713B8CF1CF94,0,0,1,0,1,0,0,1,1,1,1,1,0,0,1,1,1,0,0,0,1,1,1,1,0,0,1,1,0,0,0,1,1,1,0,1,1,1,0,0,1,0,0,0,1,1,1,0,0,0,1,0,0,0,0,1,1,1,0,1,0,0,0,0,1,0,1,1,1,0,0,1
restart_aligned_bits_regs_only_warmup40_cap1024_run01,764,1,B5,0B84702F9CF1CF94,0,0,1,0,1,0,0,1,1,1,1,1,0,0,1,1,1,0,0,0,1,1,1,1,0,0,1,1,1,0,0,1,1,1,1,1,0,1,0,0,0,0,0,0,1,1,1,0,0,0,1,0,0,0,0,1,1,1,0,1,0,0,0,0,1,0,1,0,1,1,0,1
restart_aligned_bits_regs_only_warmup40_cap1024_run01,765,0,FC,0BC4703B86F1CF84,0,0,1,0,0,0,0,1,1,1,1,1,0,0,1,1,1,0,0,0,1,1,1,1,0,1,1,0,0,0,0,1,1,1,0,1,1,1,0,0,0,0,0,0,1,1,1,0,0,0,1,0,0,0,1,1,1,1,0,1,0,0,0,0,0,0,1,1,1,1,1,1
restart_aligned_bits_regs_only_warmup40_cap1024_run01,766,0,9F,0B84F03B8CF14F94,0,0,1,0,1,0,0,1,1,1,1,1,0,0,1,0,1,0,0,0,1,1,1,1,0,0,1,1,0,0,0,1,1,1,0,1,1,1,0,0,0,0,0,0,1,1,1,1,0,0,1,0,0,0,0,1,1,1,0,1,0,0,0,0,1,1,1,1,1,0,0,1
restart_aligned_bits_regs_only_warmup40_cap1024_run01,767,0,F5,0B8C703B9CF1CF94,0,0,1,0,1,0,0,1,1,1,1,1,0,0,1,1,1,0,0,0,1,1,1,1,0,0,1,1,1,0,0,1,1,1,0,1,1,1,0,0,0,0,0,0,1,1,1,0,0,0,1,1,0,0,0,1,1,1,0,1,0,0,0,0,1,0,1,0,1,1,1,1
restart_aligned_bits_regs_only_warmup40_cap1024_run01,768,0,B4,0B84F13B84F1CF84,0,0,1,0,0,0,0,1,1,1,1,1,0,0,1,1,1,0,0,0,1,1,1,1,0,0,1,0,0,0,0,1,1,1,0,1,1,1,0,0,1,0,0,0,1,1,1,1,0,0,1,0,0,0,0,1,1,1,0,1,0,0,0,0,0,0,1,0,1,1,0,1
restart_aligned_bits_regs_only_warmup40_cap1024_run01,769,1,A1,0B84703F84F9CF94,0,0,1,0,1,0,0,1,1,1,1,1,0,0,1,1,1,0,0,1,1,1,1,1,0,0,1,0,0,0,0,1,1,1,1,1,1,1,0,0,0,0,0,0,1,1,1,0,0,0,1,0,0,0,0,1,1,1,0,1,0,0,0,0,1,0,0,0,0,1,0,1
restart_aligned_bits_regs_only_warmup40_cap1024_run01,770,0,9C,0B84F03B8CF1CF84,0,0,1,0,0,0,0,1,1,1,1,1,0,0,1,1,1,0,0,0,1,1,1,1,0,0,1,1,0,0,0,1,1,1,0,1,1,1,0,0,0,0,0,0,1,1,1,1,0,0,1,0,0,0,0,1,1,1,0,1,0,0,0,0,0,0,1,1,1,0,0,1
restart_aligned_bits_regs_only_warmup40_cap1024_run01,771,1,E5,0B8C702B9CF1CF94,0,0,1,0,1,0,0,1,1,1,1,1,0,0,1,1,1,0,0,0,1,1,1,1,0,0,1,1,1,0,0,1,1,1,0,1,0,1,0,0,0,0,0,0,1,1,1,0,0,0,1,1,0,0,0,1,1,1,0,1,0,0,0,0,1,0,1,0,0,1,1,1
restart_aligned_bits_regs_only_warmup40_cap1024_run01,772,0,3C,0F84702F98F1CF90,0,0,0,0,1,0,0,1,1,1,1,1,0,0,1,1,1,0,0,0,1,1,1,1,0,0,0,1,1,0,0,1,1,1,1,1,0,1,0,0,0,0,0,0,1,1,1,0,0,0,1,0,0,0,0,1,1,1,1,1,0,0,0,0,0,0,1,1,1,1,0,0
restart_aligned_bits_regs_only_warmup40_cap1024_run01,773,1,F8,0B8CF23B8CF3CF84,0,0,1,0,0,0,0,1,1,1,1,1,0,0,1,1,1,1,0,0,1,1,1,1,0,0,1,1,0,0,0,1,1,1,0,1,1,1,0,0,0,1,0,0,1,1,1,1,0,0,1,1,0,0,0,1,1,1,0,1,0,0,0,0,0,0,0,1,1,1,1,1
restart_aligned_bits_regs_only_warmup40_cap1024_run01,774,1,9E,0B0CF03B8CF14F84,0,0,1,0,0,0,0,1,1,1,1,1,0,0,1,0,1,0,0,0,1,1,1,1,0,0,1,1,0,0,0,1,1,1,0,1,1,1,0,0,0,0,0,0,1,1,1,1,0,0,1,1,0,0,0,0,1,1,0,1,0,0,0,0,0,1,1,1,1,0,0,1
restart_aligned_bits_regs_only_warmup40_cap1024_run01,775,1,B0,0B84F17F84F3CFA0,0,0,0,0,0,1,0,1,1,1,1,1,0,0,1,1,1,1,0,0,1,1,1,1,0,0,1,0,0,0,0,1,1,1,1,1,1,1,1,0,1,0,0,0,1,1,1,1,0,0,1,0,0,0,0,1,1,1,0,1,0,0,0,0,0,0,0,0,1,1,0,1
restart_aligned_bits_regs_only_warmup40_cap1024_run01,776,1,F8,0B8CF23B8CF3CF84,0,0,1,0,0,0,0,1,1,1,1,1,0,0,1,1,1,1,0,0,1,1,1,1,0,0,1,1,0,0,0,1,1,1,0,1,1,1,0,0,0,1,0,0,1,1,1,1,0,0,1,1,0,0,0,1,1,1,0,1,0,0,0,0,0,0,0,1,1,1,1,1
restart_aligned_bits_regs_only_warmup40_cap1024_run01,777,1,49,0F8CF33F8CF3CF80,0,0,0,0,0,0,0,1,1,1,1,1,0,0,1,1,1,1,0,0,1,1,1,1,0,0,1,1,0,0,0,1,1,1,1,1,1,1,0,0,1,1,0,0,1,1,1,1,0,0,1,1,0,0,0,1,1,1,1,1,0,0,0,0,1,0,0,1,0,0,1,0
restart_aligned_bits_regs_only_warmup40_cap1024_run01,778,0,8D,0B84F32B94FBCF94,0,0,1,0,1,0,0,1,1,1,1,1,0,0,1,1,1,1,0,1,1,1,1,1,0,0,1,0,1,0,0,1,1,1,0,1,0,1,0,0,1,1,0,0,1,1,1,1,0,0,1,0,0,0,0,1,1,1,0,1,0,0,0,0,1,0,1,1,0,0,0,1
restart_aligned_bits_regs_only_warmup40_cap1024_run01,779,0,8D,0B84F02B94F1CF94,0,0,1,0,1,0,0,1,1,1,1,1,0,0,1,1,1,0,0,0,1,1,1,1,0,0,1,0,1,0,0,1,1,1,0,1,0,1,0,0,0,0,0,0,1,1,1,1,0,0,1,0,0,0,0,1,1,1,0,1,0,0,0,0,1,0,1,1,0,0,0,1
restart_aligned_bits_regs_only_warmup40_cap1024_run01,780,1,04,0F84723F84FBCF90,0,0,0,0,1,0,0,1,1,1,1,1,0,0,1,1,1,1,0,1,1,1,1,1,0,0,1,0,0,0,0,1,1,1,1,1,1,1,0,0,0,1,0,0,1,1,1,0,0,0,1,0,0,0,0,1,1,1,1,1,0,0,0,0,0,0,1,0,0,0,0,0
restart_aligned_bits_regs_only_warmup40_cap1024_run01,781,1,94,0B84723B84FBCF84,0,0,1,0,0,0,0,1,1,1,1,1,0,0,1,1,1,1,0,1,1,1,1,1,0,0,1,0,0,0,0,1,1,1,0,1,1,1,0,0,0,1,0,0,1,1,1,0,0,0,1,0,0,0,0,1,1,1,0,1,0,0,0,0,0,0,1,0,1,0,0,1
restart_aligned_bits_regs_only_warmup40_cap1024_run01,782,0,C0,0B8CF07B8DF0CF84,0,0,1,0,0,0,0,1,1,1,1,1,0,0,1,1,0,0,0,0,1,1,1,1,1,0,1,1,0,0,0,1,1,1,0,1,1,1,1,0,0,0,0,0,1,1,1,1,0,0,1,1,0,0,0,1,1,1,0,1,0,0,0,0,0,0,0,0,0,0,1,1
restart_aligned_bits_regs_only_warmup40_cap1024_run01,783,0,99,0B84F03B94F5CF94,0,0,1,0,1,0,0,1,1,1,1,1,0,0,1,1,1,0,1,0,1,1,1,1,0,0,1,0,1,0,0,1,1,1,0,1,1,1,0,0,0,0,0,0,1,1,1,1,0,0,1,0,0,0,0,1,1,1,0,1,0,0,0,0,1,0,0,1,1,0,0,1
restart_aligned_bits_regs_only_warmup40_cap1024_run01,784,1,B0,0B84F23B84F3CF84,0,0,1,0,0,0,0,1,1,1,1,1,0,0,1,1,1,1,0,0,1,1,1,1,0,0,1,0,0,0,0,1,1,1,0,1,1,1,0,0,0,1,0,0,1,1,1,1,0,0,1,0,0,0,0,1,1,1,0,1,0,0,0,0,0,0,0,0,1,1,0,1
restart_aligned_bits_regs_only_warmup40_cap1024_run01,785,0,B8,0B84F23B8CF3CF84,0,0,1,0,0,0,0,1,1,1,1,1,0,0,1,1,1,1,0,0,1,1,1,1,0,0,1,1,0,0,0,1,1,1,0,1,1,1,0,0,0,1,0,0,1,1,1,1,0,0,1,0,0,0,0,1,1,1,0,1,0,0,0,0,0,0,0,1,1,1,0,1
restart_aligned_bits_regs_only_warmup40_cap1024_run01,786,1,94,0B84713B84F1CF84,0,0,1,0,0,0,0,1,1,1,1,1,0,0,1,1,1,0,0,0,1,1,1,1,0,0,1,0,0,0,0,1,1,1,0,1,1,1,0,0,1,0,0,0,1,1,1,0,0,0,1,0,0,0,0,1,1,1,0,1,0,0,0,0,0,0,1,0,1,0,0,1
restart_aligned_bits_regs_only_warmup40_cap1024_run01,787,0,CA,0B04F37B8CF34F84,0,0,1,0,0,0,0,1,1,1,1,1,0,0,1,0,1,1,0,0,1,1,1,1,0,0,1,1,0,0,0,1,1,1,0,1,1,1,1,0,1,1,0,0,1,1,1,1,0,0,1,0,0,0,0,0,1,1,0,1,0,0,0,0,0,1,0,1,0,0,1,1
restart_aligned_bits_regs_only_warmup40_cap1024_run01,788,1,80,0B84F07B84F9CF84,0,0,1,0,0,0,0,1,1,1,1,1,0,0,1,1,1,0,0,1,1,1,1,1,0,0,1,0,0,0,0,1,1,1,0,1,1,1,1,0,0,0,0,0,1,1,1,1,0,0,1,0,0,0,0,1,1,1,0,1,0,0,0,0,0,0,0,0,0,0,0,1
restart_aligned_bits_regs_only_warmup40_cap1024_run01,789,1,8C,0B84F07B86F1CF84,0,0,1,0,0,0,0,1,1,1,1,1,0,0,1,1,1,0,0,0,1,1,1,1,0,1,1,0,0,0,0,1,1,1,0,1,1,1,1,0,0,0,0,0,1,1,1,1,0,0,1,0,0,0,0,1,1,1,0,1,0,0,0,0,0,0,1,1,0,0,0,1
restart_aligned_bits_regs_only_warmup40_cap1024_run01,790,1,29,0F84703F80F9CF80,0,0,0,0,0,0,0,1,1,1,1,1,0,0,1,1,1,0,0,1,1,1,1,1,0,0,0,0,0,0,0,1,1,1,1,1,1,1,0,0,0,0,0,0,1,1,1,0,0,0,1,0,0,0,0,1,1,1,1,1,0,0,0,0,1,0,0,1,0,1,0,0
restart_aligned_bits_regs_only_warmup40_cap1024_run01,791,1,04,4B84F07B84F1CF84,0,0,1,0,0,0,0,1,1,1,1,1,0,0,1,1,1,0,0,0,1,1,1,1,0,0,1,0,0,0,0,1,1,1,0,1,1,1,1,0,0,0,0,0,1,1,1,1,0,0,1,0,0,0,0,1,1,1,0,1,0,0,1,0,0,0,1,0,0,0,0,0
restart_aligned_bits_regs_only_warmup40_cap1024_run01,792,1,BC,0B84703B85F1CF84,0,0,1,0,0,0,0,1,1,1,1,1,0,0,1,1,1,0,0,0,1,1,1,1,1,0,1,0,0,0,0,1,1,1,0,1,1,1,0,0,0,0,0,0,1,1,1,0,0,0,1,0,0,0,0,1,1,1,0,1,0,0,0,0,0,0,1,1,1,1,0,1
restart_aligned_bits_regs_only_warmup40_cap1024_run01,793,1,9D,4F84F07F8CF1CF80,0,0,0,0,0,0,0,1,1,1,1,1,0,0,1,1,1,0,0,0,1,1,1,1,0,0,1,1,0,0,0,1,1,1,1,1,1,1,1,0,0,0,0,0,1,1,1,1,0,0,1,0,0,0,0,1,1,1,1,1,0,0,1,0,1,0,1,1,1,0,0,1
restart_aligned_bits_regs_only_warmup40_cap1024_run01,794,1,B9,0B84F12F94F9CF94,0,0,1,0,1,0,0,1,1,1,1,1,0,0,1,1,1,0,0,1,1,1,1,1,0,0,1,0,1,0,0,1,1,1,1,1,0,1,0,0,1,0,0,0,1,1,1,1,0,0,1,0,0,0,0,1,1,1,0,1,0,0,0,0,1,0,0,1,1,1,0,1
restart_aligned_bits_regs_only_warmup40_cap1024_run01,795,1,3D,4B84B06B94F1CF94,0,0,1,0,1,0,0,1,1,1,1,1,0,0,1,1,1,0,0,0,1,1,1,1,0,0,1,0,1,0,0,1,1,1,0,1,0,1,1,0,0,0,0,0,1,1,0,1,0,0,1,0,0,0,0,1,1,1,0,1,0,0,1,0,1,0,1,1,1,1,0,0
restart_aligned_bits_regs_only_warmup40_cap1024_run01,796,0,7D,0F8CF12FBCF1CFB0,0,0,0,0,1,1,0,1,1,1,1,1,0,0,1,1,1,0,0,0,1,1,1,1,0,0,1,1,1,1,0,1,1,1,1,1,0,1,0,0,1,0,0,0,1,1,1,1,0,0,1,1,0,0,0,1,1,1,1,1,0,0,0,0,1,0,1,1,1,1,1,0
restart_aligned_bits_regs_only_warmup40_cap1024_run01,797,0,4B,0FC4713F94F98FD0,0,0,0,0,1,0,1,1,1,1,1,1,0,0,0,1,1,0,0,1,1,1,1,1,0,0,1,0,1,0,0,1,1,1,1,1,1,1,0,0,1,0,0,0,1,1,1,0,0,0,1,0,0,0,1,1,1,1,1,1,0,0,0,0,1,1,0,1,0,0,1,0
restart_aligned_bits_regs_only_warmup40_cap1024_run01,798,0,CC,0B8CF07B8CF1CF84,0,0,1,0,0,0,0,1,1,1,1,1,0,0,1,1,1,0,0,0,1,1,1,1,0,0,1,1,0,0,0,1,1,1,0,1,1,1,1,0,0,0,0,0,1,1,1,1,0,0,1,1,0,0,0,1,1,1,0,1,0,0,0,0,0,0,1,1,0,0,1,1
restart_aligned_bits_regs_only_warmup40_cap1024_run01,799,1,98,0B84F03B85F9CF84,0,0,1,0,0,0,0,1,1,1,1,1,0,0,1,1,1,0,0,1,1,1,1,1,1,0,1,0,0,0,0,1,1,1,0,1,1,1,0,0,0,0,0,0,1,1,1,1,0,0,1,0,0,0,0,1,1,1,0,1,0,0,0,0,0,0,0,1,1,0,0,1
restart_aligned_bits_regs_only_warmup40_cap1024_run01,800,1,A4,0B84707B84F1CF84,0,0,1,0,0,0,0,1,1,1,1,1,0,0,1,1,1,0,0,0,1,1,1,1,0,0,1,0,0,0,0,1,1,1,0,1,1,1,1,0,0,0,0,0,1,1,1,0,0,0,1,0,0,0,0,1,1,1,0,1,0,0,0,0,0,0,1,0,0,1,0,1
restart_aligned_bits_regs_only_warmup40_cap1024_run01,801,1,B9,0B84F13B94F9CF94,0,0,1,0,1,0,0,1,1,1,1,1,0,0,1,1,1,0,0,1,1,1,1,1,0,0,1,0,1,0,0,1,1,1,0,1,1,1,0,0,1,0,0,0,1,1,1,1,0,0,1,0,0,0,0,1,1,1,0,1,0,0,0,0,1,0,0,1,1,1,0,1
restart_aligned_bits_regs_only_warmup40_cap1024_run01,802,0,95,0B84F03B84FBCFA4,0,0,1,0,0,1,0,1,1,1,1,1,0,0,1,1,1,1,0,1,1,1,1,1,0,0,1,0,0,0,0,1,1,1,0,1,1,1,0,0,0,0,0,0,1,1,1,1,0,0,1,0,0,0,0,1,1,1,0,1,0,0,0,0,1,0,1,0,1,0,0,1
restart_aligned_bits_regs_only_warmup40_cap1024_run01,803,1,80,0B84F07B84F9CF84,0,0,1,0,0,0,0,1,1,1,1,1,0,0,1,1,1,0,0,1,1,1,1,1,0,0,1,0,0,0,0,1,1,1,0,1,1,1,1,0,0,0,0,0,1,1,1,1,0,0,1,0,0,0,0,1,1,1,0,1,0,0,0,0,0,0,0,0,0,0,0,1
restart_aligned_bits_regs_only_warmup40_cap1024_run01,804,1,BC,0B84F13B8CF1CF84,0,0,1,0,0,0,0,1,1,1,1,1,0,0,1,1,1,0,0,0,1,1,1,1,0,0,1,1,0,0,0,1,1,1,0,1,1,1,0,0,1,0,0,0,1,1,1,1,0,0,1,0,0,0,0,1,1,1,0,1,0,0,0,0,0,0,1,1,1,1,0,1
restart_aligned_bits_regs_only_warmup40_cap1024_run01,805,0,A0,0B84707B84F9CF84,0,0,1,0,0,0,0,1,1,1,1,1,0,0,1,1,1,0,0,1,1,1,1,1,0,0,1,0,0,0,0,1,1,1,0,1,1,1,1,0,0,0,0,0,1,1,1,0,0,0,1,0,0,0,0,1,1,1,0,1,0,0,0,0,0,0,0,0,0,1,0,1
restart_aligned_bits_regs_only_warmup40_cap1024_run01,806,0,0C,1B84F07B8FF1CF84,0,0,1,0,0,0,0,1,1,1,1,1,0,0,1,1,1,0,0,0,1,1,1,1,1,1,1,1,0,0,0,1,1,1,0,1,1,1,1,0,0,0,0,0,1,1,1,1,0,0,1,0,0,0,0,1,1,1,0,1,1,0,0,0,0,0,1,1,0,0,0,0
restart_aligned_bits_regs_only_warmup40_cap1024_run01,807,1,25,0F84F23F84FBCF80,0,0,0,0,0,0,0,1,1,1,1,1,0,0,1,1,1,1,0,1,1,1,1,1,0,0,1,0,0,0,0,1,1,1,1,1,1,1,0,0,0,1,0,0,1,1,1,1,0,0,1,0,0,0,0,1,1,1,1,1,0,0,0,0,1,0,1,0,0,1,0,0
restart_aligned_bits_regs_only_warmup40_cap1024_run01,808,0,B4,0B84F23B84FBCF84,0,0,1,0,0,0,0,1,1,1,1,1,0,0,1,1,1,1,0,1,1,1,1,1,0,0,1,0,0,0,0,1,1,1,0,1,1,1,0,0,0,1,0,0,1,1,1,1,0,0,1,0,0,0,0,1,1,1,0,1,0,0,0,0,0,0,1,0,1,1,0,1
restart_aligned_bits_regs_only_warmup40_cap1024_run01,809,0,A0,0B84707B84F9CF84,0,0,1,0,0,0,0,1,1,1,1,1,0,0,1,1,1,0,0,1,1,1,1,1,0,0,1,0,0,0,0,1,1,1,0,1,1,1,1,0,0,0,0,0,1,1,1,0,0,0,1,0,0,0,0,1,1,1,0,1,0,0,0,0,0,0,0,0,0,1,0,1
restart_aligned_bits_regs_only_warmup40_cap1024_run01,810,0,9C,0B84F03B8CF1CF84,0,0,1,0,0,0,0,1,1,1,1,1,0,0,1,1,1,0,0,0,1,1,1,1,0,0,1,1,0,0,0,1,1,1,0,1,1,1,0,0,0,0,0,0,1,1,1,1,0,0,1,0,0,0,0,1,1,1,0,1,0,0,0,0,0,0,1,1,1,0,0,1
restart_aligned_bits_regs_only_warmup40_cap1024_run01,811,1,89,0B84F37B94F3CF94,0,0,1,0,1,0,0,1,1,1,1,1,0,0,1,1,1,1,0,0,1,1,1,1,0,0,1,0,1,0,0,1,1,1,0,1,1,1,1,0,1,1,0,0,1,1,1,1,0,0,1,0,0,0,0,1,1,1,0,1,0,0,0,0,1,0,0,1,0,0,0,1
restart_aligned_bits_regs_only_warmup40_cap1024_run01,812,1,98,0B84723B8CF3CF84,0,0,1,0,0,0,0,1,1,1,1,1,0,0,1,1,1,1,0,0,1,1,1,1,0,0,1,1,0,0,0,1,1,1,0,1,1,1,0,0,0,1,0,0,1,1,1,0,0,0,1,0,0,0,0,1,1,1,0,1,0,0,0,0,0,0,0,1,1,0,0,1
restart_aligned_bits_regs_only_warmup40_cap1024_run01,813,1,04,4B84F07B84F1CF84,0,0,1,0,0,0,0,1,1,1,1,1,0,0,1,1,1,0,0,0,1,1,1,1,0,0,1,0,0,0,0,1,1,1,0,1,1,1,1,0,0,0,0,0,1,1,1,1,0,0,1,0,0,0,0,1,1,1,0,1,0,0,1,0,0,0,1,0,0,0,0,0
restart_aligned_bits_regs_only_warmup40_cap1024_run01,814,0,BD,0B84F23B94FBCF94,0,0,1,0,1,0,0,1,1,1,1,1,0,0,1,1,1,1,0,1,1,1,1,1,0,0,1,0,1,0,0,1,1,1,0,1,1,1,0,0,0,1,0,0,1,1,1,1,0,0,1,0,0,0,0,1,1,1,0,1,0,0,0,0,1,0,1,1,1,1,0,1
restart_aligned_bits_regs_only_warmup40_cap1024_run01,815,1,2C,0F84F13F8CF1CFA0,0,0,0,0,0,1,0,1,1,1,1,1,0,0,1,1,1,0,0,0,1,1,1,1,0,0,1,1,0,0,0,1,1,1,1,1,1,1,0,0,1,0,0,0,1,1,1,1,0,0,1,0,0,0,0,1,1,1,1,1,0,0,0,0,0,0,1,1,0,1,0,0
restart_aligned_bits_regs_only_warmup40_cap1024_run01,816,0,99,0B84723BA4F3CFA4,0,0,1,0,0,1,0,1,1,1,1,1,0,0,1,1,1,1,0,0,1,1,1,1,0,0,1,0,0,1,0,1,1,1,0,1,1,1,0,0,0,1,0,0,1,1,1,0,0,0,1,0,0,0,0,1,1,1,0,1,0,0,0,0,1,0,0,1,1,0,0,1
restart_aligned_bits_regs_only_warmup40_cap1024_run01,817,1,2C,0F84732E94FBCF90,0,0,0,0,1,0,0,1,1,1,1,1,0,0,1,1,1,1,0,1,1,1,1,1,0,0,1,0,1,0,0,1,0,1,1,1,0,1,0,0,1,1,0,0,1,1,1,0,0,0,1,0,0,0,0,1,1,1,1,1,0,0,0,0,0,0,1,1,0,1,0,0
restart_aligned_bits_regs_only_warmup40_cap1024_run01,818,0,9C,0B84F03B8CF1CF84,0,0,1,0,0,0,0,1,1,1,1,1,0,0,1,1,1,0,0,0,1,1,1,1,0,0,1,1,0,0,0,1,1,1,0,1,1,1,0,0,0,0,0,0,1,1,1,1,0,0,1,0,0,0,0,1,1,1,0,1,0,0,0,0,0,0,1,1,1,0,0,1
restart_aligned_bits_regs_only_warmup40_cap1024_run01,819,1,80,0B84717B84F9CF84,0,0,1,0,0,0,0,1,1,1,1,1,0,0,1,1,1,0,0,1,1,1,1,1,0,0,1,0,0,0,0,1,1,1,0,1,1,1,1,0,1,0,0,0,1,1,1,0,0,0,1,0,0,0,0,1,1,1,0,1,0,0,0,0,0,0,0,0,0,0,0,1
restart_aligned_bits_regs_only_warmup40_cap1024_run01,820,1,3D,0F84707F8CF1CF80,0,0,0,0,0,0,0,1,1,1,1,1,0,0,1,1,1,0,0,0,1,1,1,1,0,0,1,1,0,0,0,1,1,1,1,1,1,1,1,0,0,0,0,0,1,1,1,0,0,0,1,0,0,0,0,1,1,1,1,1,0,0,0,0,1,0,1,1,1,1,0,0
restart_aligned_bits_regs_only_warmup40_cap1024_run01,821,0,CC,0B8CF07B8CF1CF84,0,0,1,0,0,0,0,1,1,1,1,1,0,0,1,1,1,0,0,0,1,1,1,1,0,0,1,1,0,0,0,1,1,1,0,1,1,1,1,0,0,0,0,0,1,1,1,1,0,0,1,1,0,0,0,1,1,1,0,1,0,0,0,0,0,0,1,1,0,0,1,1
restart_aligned_bits_regs_only_warmup40_cap1024_run01,822,1,89,0B84F02B94F9CF94,0,0,1,0,1,0,0,1,1,1,1,1,0,0,1,1,1,0,0,1,1,1,1,1,0,0,1,0,1,0,0,1,1,1,0,1,0,1,0,0,0,0,0,0,1,1,1,1,0,0,1,0,0,0,0,1,1,1,0,1,0,0,0,0,1,0,0,1,0,0,0,1
restart_aligned_bits_regs_only_warmup40_cap1024_run01,823,1,B9,0B84703B94F9CF94,0,0,1,0,1,0,0,1,1,1,1,1,0,0,1,1,1,0,0,1,1,1,1,1,0,0,1,0,1,0,0,1,1,1,0,1,1,1,0,0,0,0,0,0,1,1,1,0,0,0,1,0,0,0,0,1,1,1,0,1,0,0,0,0,1,0,0,1,1,1,0,1
restart_aligned_bits_regs_only_warmup40_cap1024_run01,824,0,B1,0B84703B84F9CF94,0,0,1,0,1,0,0,1,1,1,1,1,0,0,1,1,1,0,0,1,1,1,1,1,0,0,1,0,0,0,0,1,1,1,0,1,1,1,0,0,0,0,0,0,1,1,1,0,0,0,1,0,0,0,0,1,1,1,0,1,0,0,0,0,1,0,0,0,1,1,0,1
restart_aligned_bits_regs_only_warmup40_cap1024_run01,825,0,0C,0F84713F80F1CF90,0,0,0,0,1,0,0,1,1,1,1,1,0,0,1,1,1,0,0,0,1,1,1,1,0,0,0,0,0,0,0,1,1,1,1,1,1,1,0,0,1,0,0,0,1,1,1,0,0,0,1,0,0,0,0,1,1,1,1,1,0,0,0,0,0,0,1,1,0,0,0,0
restart_aligned_bits_regs_only_warmup40_cap1024_run01,826,0,5C,0FC4722F94FBCF90,0,0,0,0,1,0,0,1,1,1,1,1,0,0,1,1,1,1,0,1,1,1,1,1,0,0,1,0,1,0,0,1,1,1,1,1,0,1,0,0,0,1,0,0,1,1,1,0,0,0,1,0,0,0,1,1,1,1,1,1,0,0,0,0,0,0,1,1,1,0,1,0
restart_aligned_bits_regs_only_warmup40_cap1024_run01,827,0,B8,0B84F13B94F9CFB4,0,0,1,0,1,1,0,1,1,1,1,1,0,0,1,1,1,0,0,1,1,1,1,1,0,0,1,0,1,0,0,1,1,1,0,1,1,1,0,0,1,0,0,0,1,1,1,1,0,0,1,0,0,0,0,1,1,1,0,1,0,0,0,0,0,0,0,1,1,1,0,1
restart_aligned_bits_regs_only_warmup40_cap1024_run01,828,1,38,0F84F17F80F9CFA0,0,0,0,0,0,1,0,1,1,1,1,1,0,0,1,1,1,0,0,1,1,1,1,1,0,0,0,0,0,0,0,1,1,1,1,1,1,1,1,0,1,0,0,0,1,1,1,1,0,0,1,0,0,0,0,1,1,1,1,1,0,0,0,0,0,0,0,1,1,1,0,0
restart_aligned_bits_regs_only_warmup40_cap1024_run01,829,0,71,0FC4F12F90F9CFB0,0,0,0,0,1,1,0,1,1,1,1,1,0,0,1,1,1,0,0,1,1,1,1,1,0,0,0,0,1,0,0,1,1,1,1,1,0,1,0,0,1,0,0,0,1,1,1,1,0,0,1,0,0,0,1,1,1,1,1,1,0,0,0,0,1,0,0,0,1,1,1,0
restart_aligned_bits_regs_only_warmup40_cap1024_run01,830,0,8D,0B84F07B85F1CFA4,0,0,1,0,0,1,0,1,1,1,1,1,0,0,1,1,1,0,0,0,1,1,1,1,1,0,1,0,0,0,0,1,1,1,0,1,1,1,1,0,0,0,0,0,1,1,1,1,0,0,1,0,0,0,0,1,1,1,0,1,0,0,0,0,1,0,1,1,0,0,0,1
restart_aligned_bits_regs_only_warmup40_cap1024_run01,831,1,DC,0B8CF03B8CF1CF84,0,0,1,0,0,0,0,1,1,1,1,1,0,0,1,1,1,0,0,0,1,1,1,1,0,0,1,1,0,0,0,1,1,1,0,1,1,1,0,0,0,0,0,0,1,1,1,1,0,0,1,1,0,0,0,1,1,1,0,1,0,0,0,0,0,0,1,1,1,0,1,1
restart_aligned_bits_regs_only_warmup40_cap1024_run01,832,0,9C,0B84F03B8CF1CF84,0,0,1,0,0,0,0,1,1,1,1,1,0,0,1,1,1,0,0,0,1,1,1,1,0,0,1,1,0,0,0,1,1,1,0,1,1,1,0,0,0,0,0,0,1,1,1,1,0,0,1,0,0,0,0,1,1,1,0,1,0,0,0,0,0,0,1,1,1,0,0,1
restart_aligned_bits_regs_only_warmup40_cap1024_run01,833,0,9C,0B84F03B8CF1CF84,0,0,1,0,0,0,0,1,1,1,1,1,0,0,1,1,1,0,0,0,1,1,1,1,0,0,1,1,0,0,0,1,1,1,0,1,1,1,0,0,0,0,0,0,1,1,1,1,0,0,1,0,0,0,0,1,1,1,0,1,0,0,0,0,0,0,1,1,1,0,0,1
restart_aligned_bits_regs_only_warmup40_cap1024_run01,834,0,24,0F84F13F84F1CFA0,0,0,0,0,0,1,0,1,1,1,1,1,0,0,1,1,1,0,0,0,1,1,1,1,0,0,1,0,0,0,0,1,1,1,1,1,1,1,0,0,1,0,0,0,1,1,1,1,0,0,1,0,0,0,0,1,1,1,1,1,0,0,0,0,0,0,1,0,0,1,0,0
restart_aligned_bits_regs_only_warmup40_cap1024_run01,835,1,01,0F84F03F84F9CF80,0,0,0,0,0,0,0,1,1,1,1,1,0,0,1,1,1,0,0,1,1,1,1,1,0,0,1,0,0,0,0,1,1,1,1,1,1,1,0,0,0,0,0,0,1,1,1,1,0,0,1,0,0,0,0,1,1,1,1,1,0,0,0,0,1,0,0,0,0,0,0,0
restart_aligned_bits_regs_only_warmup40_cap1024_run01,836,0,00,0F84F03F84F9CFA0,0,0,0,0,0,1,0,1,1,1,1,1,0,0,1,1,1,0,0,1,1,1,1,1,0,0,1,0,0,0,0,1,1,1,1,1,1,1,0,0,0,0,0,0,1,1,1,1,0,0,1,0,0,0,0,1,1,1,1,1,0,0,0,0,0,0,0,0,0,0,0,0
restart_aligned_bits_regs_only_warmup40_cap1024_run01,837,0,09,0F84713F8CF3CF80,0,0,0,0,0,0,0,1,1,1,1,1,0,0,1,1,1,1,0,0,1,1,1,1,0,0,1,1,0,0,0,1,1,1,1,1,1,1,0,0,1,0,0,0,1,1,1,0,0,0,1,0,0,0,0,1,1,1,1,1,0,0,0,0,1,0,0,1,0,0,0,0
restart_aligned_bits_regs_only_warmup40_cap1024_run01,838,1,A1,0B84F13F84F9CF80,0,0,0,0,0,0,0,1,1,1,1,1,0,0,1,1,1,0,0,1,1,1,1,1,0,0,1,0,0,0,0,1,1,1,1,1,1,1,0,0,1,0,0,0,1,1,1,1,0,0,1,0,0,0,0,1,1,1,0,1,0,0,0,0,1,0,0,0,0,1,0,1
restart_aligned_bits_regs_only_warmup40_cap1024_run01,839,0,CA,0BC4712E94F98FD4,0,0,1,0,1,0,1,1,1,1,1,1,0,0,0,1,1,0,0,1,1,1,1,1,0,0,1,0,1,0,0,1,0,1,1,1,0,1,0,0,1,0,0,0,1,1,1,0,0,0,1,0,0,0,1,1,1,1,0,1,0,0,0,0,0,1,0,1,0,0,1,1
restart_aligned_bits_regs_only_warmup40_cap1024_run01,840,0,18,0F84F92F94F9CF90,0,0,0,0,1,0,0,1,1,1,1,1,0,0,1,1,1,0,0,1,1,1,1,1,0,0,1,0,1,0,0,1,1,1,1,1,0,1,0,0,1,0,0,1,1,1,1,1,0,0,1,0,0,0,0,1,1,1,1,1,0,0,0,0,0,0,0,1,1,0,0,0
restart_aligned_bits_regs_only_warmup40_cap1024_run01,841,1,98,0B84F03B86F9CF84,0,0,1,0,0,0,0,1,1,1,1,1,0,0,1,1,1,0,0,1,1,1,1,1,0,1,1,0,0,0,0,1,1,1,0,1,1,1,0,0,0,0,0,0,1,1,1,1,0,0,1,0,0,0,0,1,1,1,0,1,0,0,0,0,0,0,0,1,1,0,0,1
restart_aligned_bits_regs_only_warmup40_cap1024_run01,842,1,25,0F84703F84F1CF80,0,0,0,0,0,0,0,1,1,1,1,1,0,0,1,1,1,0,0,0,1,1,1,1,0,0,1,0,0,0,0,1,1,1,1,1,1,1,0,0,0,0,0,0,1,1,1,0,0,0,1,0,0,0,0,1,1,1,1,1,0,0,0,0,1,0,1,0,0,1,0,0
restart_aligned_bits_regs_only_warmup40_cap1024_run01,843,1,94,0B84713B84F1CF84,0,0,1,0,0,0,0,1,1,1,1,1,0,0,1,1,1,0,0,0,1,1,1,1,0,0,1,0,0,0,0,1,1,1,0,1,1,1,0,0,1,0,0,0,1,1,1,0,0,0,1,0,0,0,0,1,1,1,0,1,0,0,0,0,0,0,1,0,1,0,0,1
restart_aligned_bits_regs_only_warmup40_cap1024_run01,844,0,90,0B84713B84F9CF84,0,0,1,0,0,0,0,1,1,1,1,1,0,0,1,1,1,0,0,1,1,1,1,1,0,0,1,0,0,0,0,1,1,1,0,1,1,1,0,0,1,0,0,0,1,1,1,0,0,0,1,0,0,0,0,1,1,1,0,1,0,0,0,0,0,0,0,0,1,0,0,1
restart_aligned_bits_regs_only_warmup40_cap1024_run01,845,1,94,0B84F03B84F1CF84,0,0,1,0,0,0,0,1,1,1,1,1,0,0,1,1,1,0,0,0,1,1,1,1,0,0,1,0,0,0,0,1,1,1,0,1,1,1,0,0,0,0,0,0,1,1,1,1,0,0,1,0,0,0,0,1,1,1,0,1,0,0,0,0,0,0,1,0,1,0,0,1
restart_aligned_bits_regs_only_warmup40_cap1024_run01,846,0,96,0B84F03B84FB4F84,0,0,1,0,0,0,0,1,1,1,1,1,0,0,1,0,1,1,0,1,1,1,1,1,0,0,1,0,0,0,0,1,1,1,0,1,1,1,0,0,0,0,0,0,1,1,1,1,0,0,1,0,0,0,0,1,1,1,0,1,0,0,0,0,0,1,1,0,1,0,0,1
restart_aligned_bits_regs_only_warmup40_cap1024_run01,847,1,80,0B84713A84F9CF84,0,0,1,0,0,0,0,1,1,1,1,1,0,0,1,1,1,0,0,1,1,1,1,1,0,0,1,0,0,0,0,1,0,1,0,1,1,1,0,0,1,0,0,0,1,1,1,0,0,0,1,0,0,0,0,1,1,1,0,1,0,0,0,0,0,0,0,0,0,0,0,1
restart_aligned_bits_regs_only_warmup40_cap1024_run01,848,0,A0,0B84F17B84F9CF84,0,0,1,0,0,0,0,1,1,1,1,1,0,0,1,1,1,0,0,1,1,1,1,1,0,0,1,0,0,0,0,1,1,1,0,1,1,1,1,0,1,0,0,0,1,1,1,1,0,0,1,0,0,0,0,1,1,1,0,1,0,0,0,0,0,0,0,0,0,1,0,1
restart_aligned_bits_regs_only_warmup40_cap1024_run01,849,0,A0,0B84F17B84F9CF84,0,0,1,0,0,0,0,1,1,1,1,1,0,0,1,1,1,0,0,1,1,1,1,1,0,0,1,0,0,0,0,1,1,1,0,1,1,1,1,0,1,0,0,0,1,1,1,1,0,0,1,0,0,0,0,1,1,1,0,1,0,0,0,0,0,0,0,0,0,1,0,1
restart_aligned_bits_regs_only_warmup40_cap1024_run01,850,1,80,0B84F07B84F9CF84,0,0,1,0,0,0,0,1,1,1,1,1,0,0,1,1,1,0,0,1,1,1,1,1,0,0,1,0,0,0,0,1,1,1,0,1,1,1,1,0,0,0,0,0,1,1,1,1,0,0,1,0,0,0,0,1,1,1,0,1,0,0,0,0,0,0,0,0,0,0,0,1
restart_aligned_bits_regs_only_warmup40_cap1024_run01,851,1,E6,0B04F17B84F14F84,0,0,1,0,0,0,0,1,1,1,1,1,0,0,1,0,1,0,0,0,1,1,1,1,0,0,1,0,0,0,0,1,1,1,0,1,1,1,1,0,1,0,0,0,1,1,1,1,0,0,1,0,0,0,0,0,1,1,0,1,0,0,0,0,0,1,1,0,0,1,1,1
restart_aligned_bits_regs_only_warmup40_cap1024_run01,852,1,01,0F84713F84F9CF80,0,0,0,0,0,0,0,1,1,1,1,1,0,0,1,1,1,0,0,1,1,1,1,1,0,0,1,0,0,0,0,1,1,1,1,1,1,1,0,0,1,0,0,0,1,1,1,0,0,0,1,0,0,0,0,1,1,1,1,1,0,0,0,0,1,0,0,0,0,0,0,0
restart_aligned_bits_regs_only_warmup40_cap1024_run01,853,0,90,0B84F93B84F9CF84,0,0,1,0,0,0,0,1,1,1,1,1,0,0,1,1,1,0,0,1,1,1,1,1,0,0,1,0,0,0,0,1,1,1,0,1,1,1,0,0,1,0,0,1,1,1,1,1,0,0,1,0,0,0,0,1,1,1,0,1,0,0,0,0,0,0,0,0,1,0,0,1
restart_aligned_bits_regs_only_warmup40_cap1024_run01,854,1,8C,0B84713A8CF1CF84,0,0,1,0,0,0,0,1,1,1,1,1,0,0,1,1,1,0,0,0,1,1,1,1,0,0,1,1,0,0,0,1,0,1,0,1,1,1,0,0,1,0,0,0,1,1,1,0,0,0,1,0,0,0,0,1,1,1,0,1,0,0,0,0,0,0,1,1,0,0,0,1
restart_aligned_bits_regs_only_warmup40_cap1024_run01,855,0,A9,0B84F13A94F9CF94,0,0,1,0,1,0,0,1,1,1,1,1,0,0,1,1,1,0,0,1,1,1,1,1,0,0,1,0,1,0,0,1,0,1,0,1,1,1,0,0,1,0,0,0,1,1,1,1,0,0,1,0,0,0,0,1,1,1,0,1,0,0,0,0,1,0,0,1,0,1,0,1
restart_aligned_bits_regs_only_warmup40_cap1024_run01,856,1,94,0B84713B8EF1CF84,0,0,1,0,0,0,0,1,1,1,1,1,0,0,1,1,1,0,0,0,1,1,1,1,0,1,1,1,0,0,0,1,1,1,0,1,1,1,0,0,1,0,0,0,1,1,1,0,0,0,1,0,0,0,0,1,1,1,0,1,0,0,0,0,0,0,1,0,1,0,0,1
restart_aligned_bits_regs_only_warmup40_cap1024_run01,857,0,BD,0B84FB3B94FBCF94,0,0,1,0,1,0,0,1,1,1,1,1,0,0,1,1,1,1,0,1,1,1,1,1,0,0,1,0,1,0,0,1,1,1,0,1,1,1,0,0,1,1,0,1,1,1,1,1,0,0,1,0,0,0,0,1,1,1,0,1,0,0,0,0,1,0,1,1,1,1,0,1
restart_aligned_bits_regs_only_warmup40_cap1024_run01,858,0,81,0B84F07B96F9CF94,0,0,1,0,1,0,0,1,1,1,1,1,0,0,1,1,1,0,0,1,1,1,1,1,0,1,1,0,1,0,0,1,1,1,0,1,1,1,1,0,0,0,0,0,1,1,1,1,0,0,1,0,0,0,0,1,1,1,0,1,0,0,0,0,1,0,0,0,0,0,0,1
restart_aligned_bits_regs_only_warmup40_cap1024_run01,859,1,40,0FC4713F84F9CF90,0,0,0,0,1,0,0,1,1,1,1,1,0,0,1,1,1,0,0,1,1,1,1,1,0,0,1,0,0,0,0,1,1,1,1,1,1,1,0,0,1,0,0,0,1,1,1,0,0,0,1,0,0,0,1,1,1,1,1,1,0,0,0,0,0,0,0,0,0,0,1,0
restart_aligned_bits_regs_only_warmup40_cap1024_run01,860,0,90,0B84713B84F9CF84,0,0,1,0,0,0,0,1,1,1,1,1,0,0,1,1,1,0,0,1,1,1,1,1,0,0,1,0,0,0,0,1,1,1,0,1,1,1,0,0,1,0,0,0,1,1,1,0,0,0,1,0,0,0,0,1,1,1,0,1,0,0,0,0,0,0,0,0,1,0,0,1
restart_aligned_bits_regs_only_warmup40_cap1024_run01,861,1,A8,0B84F12E94F9CF90,0,0,0,0,1,0,0,1,1,1,1,1,0,0,1,1,1,0,0,1,1,1,1,1,0,0,1,0,1,0,0,1,0,1,1,1,0,1,0,0,1,0,0,0,1,1,1,1,0,0,1,0,0,0,0,1,1,1,0,1,0,0,0,0,0,0,0,1,0,1,0,1
restart_aligned_bits_regs_only_warmup40_cap1024_run01,862,1,08,0F84712E94F9CF90,0,0,0,0,1,0,0,1,1,1,1,1,0,0,1,1,1,0,0,1,1,1,1,1,0,0,1,0,1,0,0,1,0,1,1,1,0,1,0,0,1,0,0,0,1,1,1,0,0,0,1,0,0,0,0,1,1,1,1,1,0,0,0,0,0,0,0,1,0,0,0,0
restart_aligned_bits_regs_only_warmup40_cap1024_run01,863,0,A9,0B84792B94F9CF94,0,0,1,0,1,0,0,1,1,1,1,1,0,0,1,1,1,0,0,1,1,1,1,1,0,0,1,0,1,0,0,1,1,1,0,1,0,1,0,0,1,0,0,1,1,1,1,0,0,0,1,0,0,0,0,1,1,1,0,1,0,0,0,0,1,0,0,1,0,1,0,1
restart_aligned_bits_regs_only_warmup40_cap1024_run01,864,1,89,0B84713A94F9CF94,0,0,1,0,1,0,0,1,1,1,1,1,0,0,1,1,1,0,0,1,1,1,1,1,0,0,1,0,1,0,0,1,0,1,0,1,1,1,0,0,1,0,0,0,1,1,1,0,0,0,1,0,0,0,0,1,1,1,0,1,0,0,0,0,1,0,0,1,0,0,0,1
restart_aligned_bits_regs_only_warmup40_cap1024_run01,865,0,0C,0F84F33F94FBCF90,0,0,0,0,1,0,0,1,1,1,1,1,0,0,1,1,1,1,0,1,1,1,1,1,0,0,1,0,1,0,0,1,1,1,1,1,1,1,0,0,1,1,0,0,1,1,1,1,0,0,1,0,0,0,0,1,1,1,1,1,0,0,0,0,0,0,1,1,0,0,0,0
restart_aligned_bits_regs_only_warmup40_cap1024_run01,866,1,A1,0B84F13A84F9CF94,0,0,1,0,1,0,0,1,1,1,1,1,0,0,1,1,1,0,0,1,1,1,1,1,0,0,1,0,0,0,0,1,0,1,0,1,1,1,0,0,1,0,0,0,1,1,1,1,0,0,1,0,0,0,0,1,1,1,0,1,0,0,0,0,1,0,0,0,0,1,0,1
restart_aligned_bits_regs_only_warmup40_cap1024_run01,867,0,81,0B84F97B84F9CF94,0,0,1,0,1,0,0,1,1,1,1,1,0,0,1,1,1,0,0,1,1,1,1,1,0,0,1,0,0,0,0,1,1,1,0,1,1,1,1,0,1,0,0,1,1,1,1,1,0,0,1,0,0,0,0,1,1,1,0,1,0,0,0,0,1,0,0,0,0,0,0,1
restart_aligned_bits_regs_only_warmup40_cap1024_run01,868,0,90,0B84717A84F9CF84,0,0,1,0,0,0,0,1,1,1,1,1,0,0,1,1,1,0,0,1,1,1,1,1,0,0,1,0,0,0,0,1,0,1,0,1,1,1,1,0,1,0,0,0,1,1,1,0,0,0,1,0,0,0,0,1,1,1,0,1,0,0,0,0,0,0,0,0,1,0,0,1
restart_aligned_bits_regs_only_warmup40_cap1024_run01,869,0,11,0F84713E84F9CF80,0,0,0,0,0,0,0,1,1,1,1,1,0,0,1,1,1,0,0,1,1,1,1,1,0,0,1,0,0,0,0,1,0,1,1,1,1,1,0,0,1,0,0,0,1,1,1,0,0,0,1,0,0,0,0,1,1,1,1,1,0,0,0,0,1,0,0,0,1,0,0,0
restart_aligned_bits_regs_only_warmup40_cap1024_run01,870,1,89,0B84F93A86F9CFA4,0,0,1,0,0,1,0,1,1,1,1,1,0,0,1,1,1,0,0,1,1,1,1,1,0,1,1,0,0,0,0,1,0,1,0,1,1,1,0,0,1,0,0,1,1,1,1,1,0,0,1,0,0,0,0,1,1,1,0,1,0,0,0,0,1,0,0,1,0,0,0,1
restart_aligned_bits_regs_only_warmup40_cap1024_run01,871,0,60,0F86793F96F9CF90,0,0,0,0,1,0,0,1,1,1,1,1,0,0,1,1,1,0,0,1,1,1,1,1,0,1,1,0,1,0,0,1,1,1,1,1,1,1,0,0,1,0,0,1,1,1,1,0,0,1,1,0,0,0,0,1,1,1,1,1,0,0,0,0,0,0,0,0,0,1,1,0
restart_aligned_bits_regs_only_warmup40_cap1024_run01,872,1,F8,0B86F13B86F9CF84,0,0,1,0,0,0,0,1,1,1,1,1,0,0,1,1,1,0,0,1,1,1,1,1,0,1,1,0,0,0,0,1,1,1,0,1,1,1,0,0,1,0,0,0,1,1,1,1,0,1,1,0,0,0,0,1,1,1,0,1,0,0,0,0,0,0,0,1,1,1,1,1
restart_aligned_bits_regs_only_warmup40_cap1024_run01,873,0,F5,0B86F13B8EF1CF86,0,1,1,0,0,0,0,1,1,1,1,1,0,0,1,1,1,0,0,0,1,1,1,1,0,1,1,1,0,0,0,1,1,1,0,1,1,1,0,0,1,0,0,0,1,1,1,1,0,1,1,0,0,0,0,1,1,1,0,1,0,0,0,0,1,0,1,0,1,1,1,1
restart_aligned_bits_regs_only_warmup40_cap1024_run01,874,1,EA,0B04F17B86F94F84,0,0,1,0,0,0,0,1,1,1,1,1,0,0,1,0,1,0,0,1,1,1,1,1,0,1,1,0,0,0,0,1,1,1,0,1,1,1,1,0,1,0,0,0,1,1,1,1,0,0,1,0,0,0,0,0,1,1,0,1,0,0,0,0,0,1,0,1,0,1,1,1
restart_aligned_bits_regs_only_warmup40_cap1024_run01,875,0,A0,0B84F13A84F9CF84,0,0,1,0,0,0,0,1,1,1,1,1,0,0,1,1,1,0,0,1,1,1,1,1,0,0,1,0,0,0,0,1,0,1,0,1,1,1,0,0,1,0,0,0,1,1,1,1,0,0,1,0,0,0,0,1,1,1,0,1,0,0,0,0,0,0,0,0,0,1,0,1
restart_aligned_bits_regs_only_warmup40_cap1024_run01,876,1,C8,0B86F07B86F9CF84,0,0,1,0,0,0,0,1,1,1,1,1,0,0,1,1,1,0,0,1,1,1,1,1,0,1,1,0,0,0,0,1,1,1,0,1,1,1,1,0,0,0,0,0,1,1,1,1,0,1,1,0,0,0,0,1,1,1,0,1,0,0,0,0,0,0,0,1,0,0,1,1
restart_aligned_bits_regs_only_warmup40_cap1024_run01,877,1,89,0B84F07B94F9CF94,0,0,1,0,1,0,0,1,1,1,1,1,0,0,1,1,1,0,0,1,1,1,1,1,0,0,1,0,1,0,0,1,1,1,0,1,1,1,1,0,0,0,0,0,1,1,1,1,0,0,1,0,0,0,0,1,1,1,0,1,0,0,0,0,1,0,0,1,0,0,0,1
restart_aligned_bits_regs_only_warmup40_cap1024_run01,878,1,04,4B84B17B84F1CF84,0,0,1,0,0,0,0,1,1,1,1,1,0,0,1,1,1,0,0,0,1,1,1,1,0,0,1,0,0,0,0,1,1,1,0,1,1,1,1,0,1,0,0,0,1,1,0,1,0,0,1,0,0,0,0,1,1,1,0,1,0,0,1,0,0,0,1,0,0,0,0,0
restart_aligned_bits_regs_only_warmup40_cap1024_run01,879,0,E8,0B86F13A86F9CF84,0,0,1,0,0,0,0,1,1,1,1,1,0,0,1,1,1,0,0,1,1,1,1,1,0,1,1,0,0,0,0,1,0,1,0,1,1,1,0,0,1,0,0,0,1,1,1,1,0,1,1,0,0,0,0,1,1,1,0,1,0,0,0,0,0,0,0,1,0,1,1,1
restart_aligned_bits_regs_only_warmup40_cap1024_run01,880,1,BF,0B84F13B94F14F94,0,0,1,0,1,0,0,1,1,1,1,1,0,0,1,0,1,0,0,0,1,1,1,1,0,0,1,0,1,0,0,1,1,1,0,1,1,1,0,0,1,0,0,0,1,1,1,1,0,0,1,0,0,0,0,1,1,1,0,1,0,0,0,0,1,1,1,1,1,1,0,1
restart_aligned_bits_regs_only_warmup40_cap1024_run01,881,1,38,0F84F13E92F9CF90,0,0,0,0,1,0,0,1,1,1,1,1,0,0,1,1,1,0,0,1,1,1,1,1,0,1,0,0,1,0,0,1,0,1,1,1,1,1,0,0,1,0,0,0,1,1,1,1,0,0,1,0,0,0,0,1,1,1,1,1,0,0,0,0,0,0,0,1,1,1,0,0
restart_aligned_bits_regs_only_warmup40_cap1024_run01,882,0,A0,0B84F17B84F9CF84,0,0,1,0,0,0,0,1,1,1,1,1,0,0,1,1,1,0,0,1,1,1,1,1,0,0,1,0,0,0,0,1,1,1,0,1,1,1,1,0,1,0,0,0,1,1,1,1,0,0,1,0,0,0,0,1,1,1,0,1,0,0,0,0,0,0,0,0,0,1,0,1
restart_aligned_bits_regs_only_warmup40_cap1024_run01,883,0,A0,0B84797B84F9CF84,0,0,1,0,0,0,0,1,1,1,1,1,0,0,1,1,1,0,0,1,1,1,1,1,0,0,1,0,0,0,0,1,1,1,0,1,1,1,1,0,1,0,0,1,1,1,1,0,0,0,1,0,0,0,0,1,1,1,0,1,0,0,0,0,0,0,0,0,0,1,0,1
restart_aligned_bits_regs_only_warmup40_cap1024_run01,884,1,80,0B84F93A84F9CF84,0,0,1,0,0,0,0,1,1,1,1,1,0,0,1,1,1,0,0,1,1,1,1,1,0,0,1,0,0,0,0,1,0,1,0,1,1,1,0,0,1,0,0,1,1,1,1,1,0,0,1,0,0,0,0,1,1,1,0,1,0,0,0,0,0,0,0,0,0,0,0,1
restart_aligned_bits_regs_only_warmup40_cap1024_run01,885,1,01,0F84F93F84F9CF80,0,0,0,0,0,0,0,1,1,1,1,1,0,0,1,1,1,0,0,1,1,1,1,1,0,0,1,0,0,0,0,1,1,1,1,1,1,1,0,0,1,0,0,1,1,1,1,1,0,0,1,0,0,0,0,1,1,1,1,1,0,0,0,0,1,0,0,0,0,0,0,0
restart_aligned_bits_regs_only_warmup40_cap1024_run01,886,1,EA,0B04F13A86F94F84,0,0,1,0,0,0,0,1,1,1,1,1,0,0,1,0,1,0,0,1,1,1,1,1,0,1,1,0,0,0,0,1,0,1,0,1,1,1,0,0,1,0,0,0,1,1,1,1,0,0,1,0,0,0,0,0,1,1,0,1,0,0,0,0,0,1,0,1,0,1,1,1
restart_aligned_bits_regs_only_warmup40_cap1024_run01,887,0,A0,0B84F13A84F9CF84,0,0,1,0,0,0,0,1,1,1,1,1,0,0,1,1,1,0,0,1,1,1,1,1,0,0,1,0,0,0,0,1,0,1,0,1,1,1,0,0,1,0,0,0,1,1,1,1,0,0,1,0,0,0,0,1,1,1,0,1,0,0,0,0,0,0,0,0,0,1,0,1
restart_aligned_bits_regs_only_warmup40_cap1024_run01,888,0,FA,0B04F13B86F94F84,0,0,1,0,0,0,0,1,1,1,1,1,0,0,1,0,1,0,0,1,1,1,1,1,0,1,1,0,0,0,0,1,1,1,0,1,1,1,0,0,1,0,0,0,1,1,1,1,0,0,1,0,0,0,0,0,1,1,0,1,0,0,0,0,0,1,0,1,1,1,1,1
restart_aligned_bits_regs_only_warmup40_cap1024_run01,889,0,CA,0B04F07B86F94F84,0,0,1,0,0,0,0,1,1,1,1,1,0,0,1,0,1,0,0,1,1,1,1,1,0,1,1,0,0,0,0,1,1,1,0,1,1,1,1,0,0,0,0,0,1,1,1,1,0,0,1,0,0,0,0,0,1,1,0,1,0,0,0,0,0,1,0,1,0,0,1,1
restart_aligned_bits_regs_only_warmup40_cap1024_run01,890,0,A9,0B84F17B86F9CF94,0,0,1,0,1,0,0,1,1,1,1,1,0,0,1,1,1,0,0,1,1,1,1,1,0,1,1,0,0,0,0,1,1,1,0,1,1,1,1,0,1,0,0,0,1,1,1,1,0,0,1,0,0,0,0,1,1,1,0,1,0,0,0,0,1,0,0,1,0,1,0,1
restart_aligned_bits_regs_only_warmup40_cap1024_run01,891,0,59,1B86713B86F9CF86,0,1,1,0,0,0,0,1,1,1,1,1,0,0,1,1,1,0,0,1,1,1,1,1,0,1,1,0,0,0,0,1,1,1,0,1,1,1,0,0,1,0,0,0,1,1,1,0,0,1,1,0,0,0,0,1,1,1,0,1,1,0,0,0,1,0,0,1,1,0,1,0
restart_aligned_bits_regs_only_warmup40_cap1024_run01,892,0,C0,0B86F93A96F9CF96,0,1,1,0,1,0,0,1,1,1,1,1,0,0,1,1,1,0,0,1,1,1,1,1,0,1,1,0,1,0,0,1,0,1,0,1,1,1,0,0,1,0,0,1,1,1,1,1,0,1,1,0,0,0,0,1,1,1,0,1,0,0,0,0,0,0,0,0,0,0,1,1
restart_aligned_bits_regs_only_warmup40_cap1024_run01,893,0,90,0B84713B84F9CF84,0,0,1,0,0,0,0,1,1,1,1,1,0,0,1,1,1,0,0,1,1,1,1,1,0,0,1,0,0,0,0,1,1,1,0,1,1,1,0,0,1,0,0,0,1,1,1,0,0,0,1,0,0,0,0,1,1,1,0,1,0,0,0,0,0,0,0,0,1,0,0,1
restart_aligned_bits_regs_only_warmup40_cap1024_run01,894,0,A9,0B84F12B94F5CF94,0,0,1,0,1,0,0,1,1,1,1,1,0,0,1,1,1,0,1,0,1,1,1,1,0,0,1,0,1,0,0,1,1,1,0,1,0,1,0,0,1,0,0,0,1,1,1,1,0,0,1,0,0,0,0,1,1,1,0,1,0,0,0,0,1,0,0,1,0,1,0,1
restart_aligned_bits_regs_only_warmup40_cap1024_run01,895,0,D8,0BC4712A94F9CFB4,0,0,1,0,1,1,0,1,1,1,1,1,0,0,1,1,1,0,0,1,1,1,1,1,0,0,1,0,1,0,0,1,0,1,0,1,0,1,0,0,1,0,0,0,1,1,1,0,0,0,1,0,0,0,1,1,1,1,0,1,0,0,0,0,0,0,0,1,1,0,1,1
restart_aligned_bits_regs_only_warmup40_cap1024_run01,896,0,A0,0B84F13AA6F9CFB4,0,0,1,0,1,1,0,1,1,1,1,1,0,0,1,1,1,0,0,1,1,1,1,1,0,1,1,0,0,1,0,1,0,1,0,1,1,1,0,0,1,0,0,0,1,1,1,1,0,0,1,0,0,0,0,1,1,1,0,1,0,0,0,0,0,0,0,0,0,1,0,1
restart_aligned_bits_regs_only_warmup40_cap1024_run01,897,1,98,0B84F03B86F9CF84,0,0,1,0,0,0,0,1,1,1,1,1,0,0,1,1,1,0,0,1,1,1,1,1,0,1,1,0,0,0,0,1,1,1,0,1,1,1,0,0,0,0,0,0,1,1,1,1,0,0,1,0,0,0,0,1,1,1,0,1,0,0,0,0,0,0,0,1,1,0,0,1
restart_aligned_bits_regs_only_warmup40_cap1024_run01,898,1,C2,0BC4F92B96F9C7B4,0,0,1,0,1,1,0,1,1,1,1,0,0,0,1,1,1,0,0,1,1,1,1,1,0,1,1,0,1,0,0,1,1,1,0,1,0,1,0,0,1,0,0,1,1,1,1,1,0,0,1,0,0,0,1,1,1,1,0,1,0,0,0,0,0,1,0,0,0,0,1,1
restart_aligned_bits_regs_only_warmup40_cap1024_run01,899,0,A9,0B84F82B94F9CF94,0,0,1,0,1,0,0,1,1,1,1,1,0,0,1,1,1,0,0,1,1,1,1,1,0,0,1,0,1,0,0,1,1,1,0,1,0,1,0,0,0,0,0,1,1,1,1,1,0,0,1,0,0,0,0,1,1,1,0,1,0,0,0,0,1,0,0,1,0,1,0,1
restart_aligned_bits_regs_only_warmup40_cap1024_run01,900,1,A8,0B84F13A94F9CFB4,0,0,1,0,1,1,0,1,1,1,1,1,0,0,1,1,1,0,0,1,1,1,1,1,0,0,1,0,1,0,0,1,0,1,0,1,1,1,0,0,1,0,0,0,1,1,1,1,0,0,1,0,0,0,0,1,1,1,0,1,0,0,0,0,0,0,0,1,0,1,0,1
restart_aligned_bits_regs_only_warmup40_cap1024_run01,901,0,B8,0B84793B86F9CF84,0,0,1,0,0,0,0,1,1,1,1,1,0,0,1,1,1,0,0,1,1,1,1,1,0,1,1,0,0,0,0,1,1,1,0,1,1,1,0,0,1,0,0,1,1,1,1,0,0,0,1,0,0,0,0,1,1,1,0,1,0,0,0,0,0,0,0,1,1,1,0,1
restart_aligned_bits_regs_only_warmup40_cap1024_run01,902,0,DE,0BC47B3B94FB8FD4,0,0,1,0,1,0,1,1,1,1,1,1,0,0,0,1,1,1,0,1,1,1,1,1,0,0,1,0,1,0,0,1,1,1,0,1,1,1,0,0,1,1,0,1,1,1,1,0,0,0,1,0,0,0,1,1,1,1,0,1,0,0,0,0,0,1,1,1,1,0,1,1
restart_aligned_bits_regs_only_warmup40_cap1024_run01,903,1,9B,0B06F03B86F94F94,0,0,1,0,1,0,0,1,1,1,1,1,0,0,1,0,1,0,0,1,1,1,1,1,0,1,1,0,0,0,0,1,1,1,0,1,1,1,0,0,0,0,0,0,1,1,1,1,0,1,1,0,0,0,0,0,1,1,0,1,0,0,0,0,1,1,0,1,1,0,0,1
restart_aligned_bits_regs_only_warmup40_cap1024_run01,904,1,98,0B84783B86F9CF84,0,0,1,0,0,0,0,1,1,1,1,1,0,0,1,1,1,0,0,1,1,1,1,1,0,1,1,0,0,0,0,1,1,1,0,1,1,1,0,0,0,0,0,1,1,1,1,0,0,0,1,0,0,0,0,1,1,1,0,1,0,0,0,0,0,0,0,1,1,0,0,1
restart_aligned_bits_regs_only_warmup40_cap1024_run01,905,1,B0,0B84F13B84F9CF84,0,0,1,0,0,0,0,1,1,1,1,1,0,0,1,1,1,0,0,1,1,1,1,1,0,0,1,0,0,0,0,1,1,1,0,1,1,1,0,0,1,0,0,0,1,1,1,1,0,0,1,0,0,0,0,1,1,1,0,1,0,0,0,0,0,0,0,0,1,1,0,1
restart_aligned_bits_regs_only_warmup40_cap1024_run01,906,0,84,0B84F37B84FBCF84,0,0,1,0,0,0,0,1,1,1,1,1,0,0,1,1,1,1,0,1,1,1,1,1,0,0,1,0,0,0,0,1,1,1,0,1,1,1,1,0,1,1,0,0,1,1,1,1,0,0,1,0,0,0,0,1,1,1,0,1,0,0,0,0,0,0,1,0,0,0,0,1
restart_aligned_bits_regs_only_warmup40_cap1024_run01,907,1,F8,0B86F13B86F9CF84,0,0,1,0,0,0,0,1,1,1,1,1,0,0,1,1,1,0,0,1,1,1,1,1,0,1,1,0,0,0,0,1,1,1,0,1,1,1,0,0,1,0,0,0,1,1,1,1,0,1,1,0,0,0,0,1,1,1,0,1,0,0,0,0,0,0,0,1,1,1,1,1
restart_aligned_bits_regs_only_warmup40_cap1024_run01,908,0,B1,0B84F13B96F9CF94,0,0,1,0,1,0,0,1,1,1,1,1,0,0,1,1,1,0,0,1,1,1,1,1,0,1,1,0,1,0,0,1,1,1,0,1,1,1,0,0,1,0,0,0,1,1,1,1,0,0,1,0,0,0,0,1,1,1,0,1,0,0,0,0,1,0,0,0,1,1,0,1
restart_aligned_bits_regs_only_warmup40_cap1024_run01,909,1,B0,0B84793B84F9CF84,0,0,1,0,0,0,0,1,1,1,1,1,0,0,1,1,1,0,0,1,1,1,1,1,0,0,1,0,0,0,0,1,1,1,0,1,1,1,0,0,1,0,0,1,1,1,1,0,0,0,1,0,0,0,0,1,1,1,0,1,0,0,0,0,0,0,0,0,1,1,0,1
restart_aligned_bits_regs_only_warmup40_cap1024_run01,910,1,DA,0B04F03B86F94F84,0,0,1,0,0,0,0,1,1,1,1,1,0,0,1,0,1,0,0,1,1,1,1,1,0,1,1,0,0,0,0,1,1,1,0,1,1,1,0,0,0,0,0,0,1,1,1,1,0,0,1,0,0,0,0,0,1,1,0,1,0,0,0,0,0,1,0,1,1,0,1,1
restart_aligned_bits_regs_only_warmup40_cap1024_run01,911,1,B0,0B84F13B84F9CF84,0,0,1,0,0,0,0,1,1,1,1,1,0,0,1,1,1,0,0,1,1,1,1,1,0,0,1,0,0,0,0,1,1,1,0,1,1,1,0,0,1,0,0,0,1,1,1,1,0,0,1,0,0,0,0,1,1,1,0,1,0,0,0,0,0,0,0,0,1,1,0,1
restart_aligned_bits_regs_only_warmup40_cap1024_run01,912,0,A0,0B84F13A84F9CF84,0,0,1,0,0,0,0,1,1,1,1,1,0,0,1,1,1,0,0,1,1,1,1,1,0,0,1,0,0,0,0,1,0,1,0,1,1,1,0,0,1,0,0,0,1,1,1,1,0,0,1,0,0,0,0,1,1,1,0,1,0,0,0,0,0,0,0,0,0,1,0,1
restart_aligned_bits_regs_only_warmup40_cap1024_run01,913,0,DD,0B8C713B8CF1CF94,0,0,1,0,1,0,0,1,1,1,1,1,0,0,1,1,1,0,0,0,1,1,1,1,0,0,1,1,0,0,0,1,1,1,0,1,1,1,0,0,1,0,0,0,1,1,1,0,0,0,1,1,0,0,0,1,1,1,0,1,0,0,0,0,1,0,1,1,1,0,1,1
restart_aligned_bits_regs_only_warmup40_cap1024_run01,914,1,67,0F04F13F8EF14F80,0,0,0,0,0,0,0,1,1,1,1,1,0,0,1,0,1,0,0,0,1,1,1,1,0,1,1,1,0,0,0,1,1,1,1,1,1,1,0,0,1,0,0,0,1,1,1,1,0,0,1,0,0,0,0,0,1,1,1,1,0,0,0,0,1,1,1,0,0,1,1,0
restart_aligned_bits_regs_only_warmup40_cap1024_run01,915,1,AD,0B84F12B94F1CF94,0,0,1,0,1,0,0,1,1,1,1,1,0,0,1,1,1,0,0,0,1,1,1,1,0,0,1,0,1,0,0,1,1,1,0,1,0,1,0,0,1,0,0,0,1,1,1,1,0,0,1,0,0,0,0,1,1,1,0,1,0,0,0,0,1,0,1,1,0,1,0,1
restart_aligned_bits_regs_only_warmup40_cap1024_run01,916,1,B9,0B84793B94F9CF94,0,0,1,0,1,0,0,1,1,1,1,1,0,0,1,1,1,0,0,1,1,1,1,1,0,0,1,0,1,0,0,1,1,1,0,1,1,1,0,0,1,0,0,1,1,1,1,0,0,0,1,0,0,0,0,1,1,1,0,1,0,0,0,0,1,0,0,1,1,1,0,1
restart_aligned_bits_regs_only_warmup40_cap1024_run01,917,1,A1,0B84793F84F9CF94,0,0,1,0,1,0,0,1,1,1,1,1,0,0,1,1,1,0,0,1,1,1,1,1,0,0,1,0,0,0,0,1,1,1,1,1,1,1,0,0,1,0,0,1,1,1,1,0,0,0,1,0,0,0,0,1,1,1,0,1,0,0,0,0,1,0,0,0,0,1,0,1
restart_aligned_bits_regs_only_warmup40_cap1024_run01,918,0,88,0B84717B86F9CF84,0,0,1,0,0,0,0,1,1,1,1,1,0,0,1,1,1,0,0,1,1,1,1,1,0,1,1,0,0,0,0,1,1,1,0,1,1,1,1,0,1,0,0,0,1,1,1,0,0,0,1,0,0,0,0,1,1,1,0,1,0,0,0,0,0,0,0,1,0,0,0,1
restart_aligned_bits_regs_only_warmup40_cap1024_run01,919,0,B4,0B84703B84F1CF84,0,0,1,0,0,0,0,1,1,1,1,1,0,0,1,1,1,0,0,0,1,1,1,1,0,0,1,0,0,0,0,1,1,1,0,1,1,1,0,0,0,0,0,0,1,1,1,0,0,0,1,0,0,0,0,1,1,1,0,1,0,0,0,0,0,0,1,0,1,1,0,1
restart_aligned_bits_regs_only_warmup40_cap1024_run01,920,0,30,4B84707F84F9CF84,0,0,1,0,0,0,0,1,1,1,1,1,0,0,1,1,1,0,0,1,1,1,1,1,0,0,1,0,0,0,0,1,1,1,1,1,1,1,1,0,0,0,0,0,1,1,1,0,0,0,1,0,0,0,0,1,1,1,0,1,0,0,1,0,0,0,0,0,1,1,0,0
restart_aligned_bits_regs_only_warmup40_cap1024_run01,921,0,90,0B84F03B84F9CF84,0,0,1,0,0,0,0,1,1,1,1,1,0,0,1,1,1,0,0,1,1,1,1,1,0,0,1,0,0,0,0,1,1,1,0,1,1,1,0,0,0,0,0,0,1,1,1,1,0,0,1,0,0,0,0,1,1,1,0,1,0,0,0,0,0,0,0,0,1,0,0,1
restart_aligned_bits_regs_only_warmup40_cap1024_run01,922,0,8D,0B847B3A94FBCF94,0,0,1,0,1,0,0,1,1,1,1,1,0,0,1,1,1,1,0,1,1,1,1,1,0,0,1,0,1,0,0,1,0,1,0,1,1,1,0,0,1,1,0,1,1,1,1,0,0,0,1,0,0,0,0,1,1,1,0,1,0,0,0,0,1,0,1,1,0,0,0,1
restart_aligned_bits_regs_only_warmup40_cap1024_run01,923,0,A9,0B84707B94F9CF94,0,0,1,0,1,0,0,1,1,1,1,1,0,0,1,1,1,0,0,1,1,1,1,1,0,0,1,0,1,0,0,1,1,1,0,1,1,1,1,0,0,0,0,0,1,1,1,0,0,0,1,0,0,0,0,1,1,1,0,1,0,0,0,0,1,0,0,1,0,1,0,1
restart_aligned_bits_regs_only_warmup40_cap1024_run01,924,0,90,0B84713B84F9CF84,0,0,1,0,0,0,0,1,1,1,1,1,0,0,1,1,1,0,0,1,1,1,1,1,0,0,1,0,0,0,0,1,1,1,0,1,1,1,0,0,1,0,0,0,1,1,1,0,0,0,1,0,0,0,0,1,1,1,0,1,0,0,0,0,0,0,0,0,1,0,0,1
restart_aligned_bits_regs_only_warmup40_cap1024_run01,925,0,AC,0B84707B86F1CF84,0,0,1,0,0,0,0,1,1,1,1,1,0,0,1,1,1,0,0,0,1,1,1,1,0,1,1,0,0,0,0,1,1,1,0,1,1,1,1,0,0,0,0,0,1,1,1,0,0,0,1,0,0,0,0,1,1,1,0,1,0,0,0,0,0,0,1,1,0,1,0,1
restart_aligned_bits_regs_only_warmup40_cap1024_run01,926,0,99,0B84713B94F9CF94,0,0,1,0,1,0,0,1,1,1,1,1,0,0,1,1,1,0,0,1,1,1,1,1,0,0,1,0,1,0,0,1,1,1,0,1,1,1,0,0,1,0,0,0,1,1,1,0,0,0,1,0,0,0,0,1,1,1,0,1,0,0,0,0,1,0,0,1,1,0,0,1
restart_aligned_bits_regs_only_warmup40_cap1024_run01,927,1,9D,0B84F06B94F1CF94,0,0,1,0,1,0,0,1,1,1,1,1,0,0,1,1,1,0,0,0,1,1,1,1,0,0,1,0,1,0,0,1,1,1,0,1,0,1,1,0,0,0,0,0,1,1,1,1,0,0,1,0,0,0,0,1,1,1,0,1,0,0,0,0,1,0,1,1,1,0,0,1
restart_aligned_bits_regs_only_warmup40_cap1024_run01,928,1,62,4B04B07B84F94F84,0,0,1,0,0,0,0,1,1,1,1,1,0,0,1,0,1,0,0,1,1,1,1,1,0,0,1,0,0,0,0,1,1,1,0,1,1,1,1,0,0,0,0,0,1,1,0,1,0,0,1,0,0,0,0,0,1,1,0,1,0,0,1,0,0,1,0,0,0,1,1,0
restart_aligned_bits_regs_only_warmup40_cap1024_run01,929,0,84,0B84F37B84FBCF84,0,0,1,0,0,0,0,1,1,1,1,1,0,0,1,1,1,1,0,1,1,1,1,1,0,0,1,0,0,0,0,1,1,1,0,1,1,1,1,0,1,1,0,0,1,1,1,1,0,0,1,0,0,0,0,1,1,1,0,1,0,0,0,0,0,0,1,0,0,0,0,1
restart_aligned_bits_regs_only_warmup40_cap1024_run01,930,1,80,0B84F07B84F9CF84,0,0,1,0,0,0,0,1,1,1,1,1,0,0,1,1,1,0,0,1,1,1,1,1,0,0,1,0,0,0,0,1,1,1,0,1,1,1,1,0,0,0,0,0,1,1,1,1,0,0,1,0,0,0,0,1,1,1,0,1,0,0,0,0,0,0,0,0,0,0,0,1
restart_aligned_bits_regs_only_warmup40_cap1024_run01,931,0,D1,0B86F03B96F9CF94,0,0,1,0,1,0,0,1,1,1,1,1,0,0,1,1,1,0,0,1,1,1,1,1,0,1,1,0,1,0,0,1,1,1,0,1,1,1,0,0,0,0,0,0,1,1,1,1,0,1,1,0,0,0,0,1,1,1,0,1,0,0,0,0,1,0,0,0,1,0,1,1
restart_aligned_bits_regs_only_warmup40_cap1024_run01,932,1,C7,0B04F07B96F14F94,0,0,1,0,1,0,0,1,1,1,1,1,0,0,1,0,1,0,0,0,1,1,1,1,0,1,1,0,1,0,0,1,1,1,0,1,1,1,1,0,0,0,0,0,1,1,1,1,0,0,1,0,0,0,0,0,1,1,0,1,0,0,0,0,1,1,1,0,0,0,1,1
restart_aligned_bits_regs_only_warmup40_cap1024_run01,933,1,89,0B84F02B94F9CF94,0,0,1,0,1,0,0,1,1,1,1,1,0,0,1,1,1,0,0,1,1,1,1,1,0,0,1,0,1,0,0,1,1,1,0,1,0,1,0,0,0,0,0,0,1,1,1,1,0,0,1,0,0,0,0,1,1,1,0,1,0,0,0,0,1,0,0,1,0,0,0,1
restart_aligned_bits_regs_only_warmup40_cap1024_run01,934,1,A1,0B84702B96F9CF94,0,0,1,0,1,0,0,1,1,1,1,1,0,0,1,1,1,0,0,1,1,1,1,1,0,1,1,0,1,0,0,1,1,1,0,1,0,1,0,0,0,0,0,0,1,1,1,0,0,0,1,0,0,0,0,1,1,1,0,1,0,0,0,0,1,0,0,0,0,1,0,1
restart_aligned_bits_regs_only_warmup40_cap1024_run01,935,0,A9,0B84F12B94F9CF94,0,0,1,0,1,0,0,1,1,1,1,1,0,0,1,1,1,0,0,1,1,1,1,1,0,0,1,0,1,0,0,1,1,1,0,1,0,1,0,0,1,0,0,0,1,1,1,1,0,0,1,0,0,0,0,1,1,1,0,1,0,0,0,0,1,0,0,1,0,1,0,1
restart_aligned_bits_regs_only_warmup40_cap1024_run01,936,1,10,0F84713E84F9CF90,0,0,0,0,1,0,0,1,1,1,1,1,0,0,1,1,1,0,0,1,1,1,1,1,0,0,1,0,0,0,0,1,0,1,1,1,1,1,0,0,1,0,0,0,1,1,1,0,0,0,1,0,0,0,0,1,1,1,1,1,0,0,0,0,0,0,0,0,1,0,0,0
restart_aligned_bits_regs_only_warmup40_cap1024_run01,937,1,86,0B0CF07B8EF14F84,0,0,1,0,0,0,0,1,1,1,1,1,0,0,1,0,1,0,0,0,1,1,1,1,0,1,1,1,0,0,0,1,1,1,0,1,1,1,1,0,0,0,0,0,1,1,1,1,0,0,1,1,0,0,0,0,1,1,0,1,0,0,0,0,0,1,1,0,0,0,0,1
restart_aligned_bits_regs_only_warmup40_cap1024_run01,938,1,98,0B84713B86F9CF84,0,0,1,0,0,0,0,1,1,1,1,1,0,0,1,1,1,0,0,1,1,1,1,1,0,1,1,0,0,0,0,1,1,1,0,1,1,1,0,0,1,0,0,0,1,1,1,0,0,0,1,0,0,0,0,1,1,1,0,1,0,0,0,0,0,0,0,1,1,0,0,1
restart_aligned_bits_regs_only_warmup40_cap1024_run01,939,0,B1,0B84F13B84F9CF94,0,0,1,0,1,0,0,1,1,1,1,1,0,0,1,1,1,0,0,1,1,1,1,1,0,0,1,0,0,0,0,1,1,1,0,1,1,1,0,0,1,0,0,0,1,1,1,1,0,0,1,0,0,0,0,1,1,1,0,1,0,0,0,0,1,0,0,0,1,1,0,1
restart_aligned_bits_regs_only_warmup40_cap1024_run01,940,0,AC,0B84F17B86F1CF84,0,0,1,0,0,0,0,1,1,1,1,1,0,0,1,1,1,0,0,0,1,1,1,1,0,1,1,0,0,0,0,1,1,1,0,1,1,1,1,0,1,0,0,0,1,1,1,1,0,0,1,0,0,0,0,1,1,1,0,1,0,0,0,0,0,0,1,1,0,1,0,1
restart_aligned_bits_regs_only_warmup40_cap1024_run01,941,1,F2,0B04F13B84F94F84,0,0,1,0,0,0,0,1,1,1,1,1,0,0,1,0,1,0,0,1,1,1,1,1,0,0,1,0,0,0,0,1,1,1,0,1,1,1,0,0,1,0,0,0,1,1,1,1,0,0,1,0,0,0,0,0,1,1,0,1,0,0,0,0,0,1,0,0,1,1,1,1
restart_aligned_bits_regs_only_warmup40_cap1024_run01,942,0,D2,0BC4713E84F98FD4,0,0,1,0,1,0,1,1,1,1,1,1,0,0,0,1,1,0,0,1,1,1,1,1,0,0,1,0,0,0,0,1,0,1,1,1,1,1,0,0,1,0,0,0,1,1,1,0,0,0,1,0,0,0,1,1,1,1,0,1,0,0,0,0,0,1,0,0,1,0,1,1
restart_aligned_bits_regs_only_warmup40_cap1024_run01,943,1,CD,0B8CF07B9EF1CF94,0,0,1,0,1,0,0,1,1,1,1,1,0,0,1,1,1,0,0,0,1,1,1,1,0,1,1,1,1,0,0,1,1,1,0,1,1,1,1,0,0,0,0,0,1,1,1,1,0,0,1,1,0,0,0,1,1,1,0,1,0,0,0,0,1,0,1,1,0,0,1,1
restart_aligned_bits_regs_only_warmup40_cap1024_run01,944,1,DC,0B8CF03B8CF1CF84,0,0,1,0,0,0,0,1,1,1,1,1,0,0,1,1,1,0,0,0,1,1,1,1,0,0,1,1,0,0,0,1,1,1,0,1,1,1,0,0,0,0,0,0,1,1,1,1,0,0,1,1,0,0,0,1,1,1,0,1,0,0,0,0,0,0,1,1,1,0,1,1
restart_aligned_bits_regs_only_warmup40_cap1024_run01,945,1,B9,0B84F13B86F9CF94,0,0,1,0,1,0,0,1,1,1,1,1,0,0,1,1,1,0,0,1,1,1,1,1,0,1,1,0,0,0,0,1,1,1,0,1,1,1,0,0,1,0,0,0,1,1,1,1,0,0,1,0,0,0,0,1,1,1,0,1,0,0,0,0,1,0,0,1,1,1,0,1
restart_aligned_bits_regs_only_warmup40_cap1024_run01,946,1,94,0B84F03B84F1CF84,0,0,1,0,0,0,0,1,1,1,1,1,0,0,1,1,1,0,0,0,1,1,1,1,0,0,1,0,0,0,0,1,1,1,0,1,1,1,0,0,0,0,0,0,1,1,1,1,0,0,1,0,0,0,0,1,1,1,0,1,0,0,0,0,0,0,1,0,1,0,0,1
restart_aligned_bits_regs_only_warmup40_cap1024_run01,947,0,F5,0B86F13B96F1CF94,0,0,1,0,1,0,0,1,1,1,1,1,0,0,1,1,1,0,0,0,1,1,1,1,0,1,1,0,1,0,0,1,1,1,0,1,1,1,0,0,1,0,0,0,1,1,1,1,0,1,1,0,0,0,0,1,1,1,0,1,0,0,0,0,1,0,1,0,1,1,1,1
restart_aligned_bits_regs_only_warmup40_cap1024_run01,948,0,95,0B84723B84FBCFA4,0,0,1,0,0,1,0,1,1,1,1,1,0,0,1,1,1,1,0,1,1,1,1,1,0,0,1,0,0,0,0,1,1,1,0,1,1,1,0,0,0,1,0,0,1,1,1,0,0,0,1,0,0,0,0,1,1,1,0,1,0,0,0,0,1,0,1,0,1,0,0,1
restart_aligned_bits_regs_only_warmup40_cap1024_run01,949,0,99,0B84F03B86F9CFA4,0,0,1,0,0,1,0,1,1,1,1,1,0,0,1,1,1,0,0,1,1,1,1,1,0,1,1,0,0,0,0,1,1,1,0,1,1,1,0,0,0,0,0,0,1,1,1,1,0,0,1,0,0,0,0,1,1,1,0,1,0,0,0,0,1,0,0,1,1,0,0,1
restart_aligned_bits_regs_only_warmup40_cap1024_run01,950,1,94,0B84F33E84FBCF84,0,0,1,0,0,0,0,1,1,1,1,1,0,0,1,1,1,1,0,1,1,1,1,1,0,0,1,0,0,0,0,1,0,1,1,1,1,1,0,0,1,1,0,0,1,1,1,1,0,0,1,0,0,0,0,1,1,1,0,1,0,0,0,0,0,0,1,0,1,0,0,1
restart_aligned_bits_regs_only_warmup40_cap1024_run01,951,1,20,0F84F13F84F9CFA0,0,0,0,0,0,1,0,1,1,1,1,1,0,0,1,1,1,0,0,1,1,1,1,1,0,0,1,0,0,0,0,1,1,1,1,1,1,1,0,0,1,0,0,0,1,1,1,1,0,0,1,0,0,0,0,1,1,1,1,1,0,0,0,0,0,0,0,0,0,1,0,0
restart_aligned_bits_regs_only_warmup40_cap1024_run01,952,0,B8,0B84F13B86F9CF84,0,0,1,0,0,0,0,1,1,1,1,1,0,0,1,1,1,0,0,1,1,1,1,1,0,1,1,0,0,0,0,1,1,1,0,1,1,1,0,0,1,0,0,0,1,1,1,1,0,0,1,0,0,0,0,1,1,1,0,1,0,0,0,0,0,0,0,1,1,1,0,1
restart_aligned_bits_regs_only_warmup40_cap1024_run01,953,0,99,0B84F03B94F9CF94,0,0,1,0,1,0,0,1,1,1,1,1,0,0,1,1,1,0,0,1,1,1,1,1,0,0,1,0,1,0,0,1,1,1,0,1,1,1,0,0,0,0,0,0,1,1,1,1,0,0,1,0,0,0,0,1,1,1,0,1,0,0,0,0,1,0,0,1,1,0,0,1
restart_aligned_bits_regs_only_warmup40_cap1024_run01,954,0,D4,0BC4713B84FBCF84,0,0,1,0,0,0,0,1,1,1,1,1,0,0,1,1,1,1,0,1,1,1,1,1,0,0,1,0,0,0,0,1,1,1,0,1,1,1,0,0,1,0,0,0,1,1,1,0,0,0,1,0,0,0,1,1,1,1,0,1,0,0,0,0,0,0,1,0,1,0,1,1
restart_aligned_bits_regs_only_warmup40_cap1024_run01,955,1,20,1B84F13F84F9CF84,0,0,1,0,0,0,0,1,1,1,1,1,0,0,1,1,1,0,0,1,1,1,1,1,0,0,1,0,0,0,0,1,1,1,1,1,1,1,0,0,1,0,0,0,1,1,1,1,0,0,1,0,0,0,0,1,1,1,0,1,1,0,0,0,0,0,0,0,0,1,0,0
restart_aligned_bits_regs_only_warmup40_cap1024_run01,956,0,D8,0B86F03B86F9CF84,0,0,1,0,0,0,0,1,1,1,1,1,0,0,1,1,1,0,0,1,1,1,1,1,0,1,1,0,0,0,0,1,1,1,0,1,1,1,0,0,0,0,0,0,1,1,1,1,0,1,1,0,0,0,0,1,1,1,0,1,0,0,0,0,0,0,0,1,1,0,1,1
restart_aligned_bits_regs_only_warmup40_cap1024_run01,957,1,94,0B84F03B84F1CF84,0,0,1,0,0,0,0,1,1,1,1,1,0,0,1,1,1,0,0,0,1,1,1,1,0,0,1,0,0,0,0,1,1,1,0,1,1,1,0,0,0,0,0,0,1,1,1,1,0,0,1,0,0,0,0,1,1,1,0,1,0,0,0,0,0,0,1,0,1,0,0,1
restart_aligned_bits_regs_only_warmup40_cap1024_run01,958,0,B8,0B84F13B86F9CF84,0,0,1,0,0,0,0,1,1,1,1,1,0,0,1,1,1,0,0,1,1,1,1,1,0,1,1,0,0,0,0,1,1,1,0,1,1,1,0,0,1,0,0,0,1,1,1,1,0,0,1,0,0,0,0,1,1,1,0,1,0,0,0,0,0,0,0,1,1,1,0,1
restart_aligned_bits_regs_only_warmup40_cap1024_run01,959,0,B4,0B84703B84F1CF84,0,0,1,0,0,0,0,1,1,1,1,1,0,0,1,1,1,0,0,0,1,1,1,1,0,0,1,0,0,0,0,1,1,1,0,1,1,1,0,0,0,0,0,0,1,1,1,0,0,0,1,0,0,0,0,1,1,1,0,1,0,0,0,0,0,0,1,0,1,1,0,1
restart_aligned_bits_regs_only_warmup40_cap1024_run01,960,1,B0,0B84F13B84F9CF84,0,0,1,0,0,0,0,1,1,1,1,1,0,0,1,1,1,0,0,1,1,1,1,1,0,0,1,0,0,0,0,1,1,1,0,1,1,1,0,0,1,0,0,0,1,1,1,1,0,0,1,0,0,0,0,1,1,1,0,1,0,0,0,0,0,0,0,0,1,1,0,1
restart_aligned_bits_regs_only_warmup40_cap1024_run01,961,1,B9,0B84F13B86F9CF94,0,0,1,0,1,0,0,1,1,1,1,1,0,0,1,1,1,0,0,1,1,1,1,1,0,1,1,0,0,0,0,1,1,1,0,1,1,1,0,0,1,0,0,0,1,1,1,1,0,0,1,0,0,0,0,1,1,1,0,1,0,0,0,0,1,0,0,1,1,1,0,1
restart_aligned_bits_regs_only_warmup40_cap1024_run01,962,0,ED,0BC4702B94F1CF94,0,0,1,0,1,0,0,1,1,1,1,1,0,0,1,1,1,0,0,0,1,1,1,1,0,0,1,0,1,0,0,1,1,1,0,1,0,1,0,0,0,0,0,0,1,1,1,0,0,0,1,0,0,0,1,1,1,1,0,1,0,0,0,0,1,0,1,1,0,1,1,1
restart_aligned_bits_regs_only_warmup40_cap1024_run01,963,1,91,0B84713B9CF3CF94,0,0,1,0,1,0,0,1,1,1,1,1,0,0,1,1,1,1,0,0,1,1,1,1,0,0,1,1,1,0,0,1,1,1,0,1,1,1,0,0,1,0,0,0,1,1,1,0,0,0,1,0,0,0,0,1,1,1,0,1,0,0,0,0,1,0,0,0,1,0,0,1
restart_aligned_bits_regs_only_warmup40_cap1024_run01,964,0,1D,0F84F32F94FBCFB0,0,0,0,0,1,1,0,1,1,1,1,1,0,0,1,1,1,1,0,1,1,1,1,1,0,0,1,0,1,0,0,1,1,1,1,1,0,1,0,0,1,1,0,0,1,1,1,1,0,0,1,0,0,0,0,1,1,1,1,1,0,0,0,0,1,0,1,1,1,0,0,0
restart_aligned_bits_regs_only_warmup40_cap1024_run01,965,1,9D,0B84F32A94FBCF94,0,0,1,0,1,0,0,1,1,1,1,1,0,0,1,1,1,1,0,1,1,1,1,1,0,0,1,0,1,0,0,1,0,1,0,1,0,1,0,0,1,1,0,0,1,1,1,1,0,0,1,0,0,0,0,1,1,1,0,1,0,0,0,0,1,0,1,1,1,0,0,1
restart_aligned_bits_regs_only_warmup40_cap1024_run01,966,0,18,0F84712F94F9CF90,0,0,0,0,1,0,0,1,1,1,1,1,0,0,1,1,1,0,0,1,1,1,1,1,0,0,1,0,1,0,0,1,1,1,1,1,0,1,0,0,1,0,0,0,1,1,1,0,0,0,1,0,0,0,0,1,1,1,1,1,0,0,0,0,0,0,0,1,1,0,0,0
restart_aligned_bits_regs_only_warmup40_cap1024_run01,967,1,0D,4B84F07B94F1CF94,0,0,1,0,1,0,0,1,1,1,1,1,0,0,1,1,1,0,0,0,1,1,1,1,0,0,1,0,1,0,0,1,1,1,0,1,1,1,1,0,0,0,0,0,1,1,1,1,0,0,1,0,0,0,0,1,1,1,0,1,0,0,1,0,1,0,1,1,0,0,0,0
restart_aligned_bits_regs_only_warmup40_cap1024_run01,968,1,89,0B84F02B94F9CF94,0,0,1,0,1,0,0,1,1,1,1,1,0,0,1,1,1,0,0,1,1,1,1,1,0,0,1,0,1,0,0,1,1,1,0,1,0,1,0,0,0,0,0,0,1,1,1,1,0,0,1,0,0,0,0,1,1,1,0,1,0,0,0,0,1,0,0,1,0,0,0,1
restart_aligned_bits_regs_only_warmup40_cap1024_run01,969,1,F4,0BC4F13B84F1CF84,0,0,1,0,0,0,0,1,1,1,1,1,0,0,1,1,1,0,0,0,1,1,1,1,0,0,1,0,0,0,0,1,1,1,0,1,1,1,0,0,1,0,0,0,1,1,1,1,0,0,1,0,0,0,1,1,1,1,0,1,0,0,0,0,0,0,1,0,1,1,1,1
restart_aligned_bits_regs_only_warmup40_cap1024_run01,970,0,09,4B84F07B94F5CF94,0,0,1,0,1,0,0,1,1,1,1,1,0,0,1,1,1,0,1,0,1,1,1,1,0,0,1,0,1,0,0,1,1,1,0,1,1,1,1,0,0,0,0,0,1,1,1,1,0,0,1,0,0,0,0,1,1,1,0,1,0,0,1,0,1,0,0,1,0,0,0,0
restart_aligned_bits_regs_only_warmup40_cap1024_run01,971,1,DF,0B04F03B94F14F94,0,0,1,0,1,0,0,1,1,1,1,1,0,0,1,0,1,0,0,0,1,1,1,1,0,0,1,0,1,0,0,1,1,1,0,1,1,1,0,0,0,0,0,0,1,1,1,1,0,0,1,0,0,0,0,0,1,1,0,1,0,0,0,0,1,1,1,1,1,0,1,1
restart_aligned_bits_regs_only_warmup40_cap1024_run01,972,1,08,0F84F33F94F3CF90,0,0,0,0,1,0,0,1,1,1,1,1,0,0,1,1,1,1,0,0,1,1,1,1,0,0,1,0,1,0,0,1,1,1,1,1,1,1,0,0,1,1,0,0,1,1,1,1,0,0,1,0,0,0,0,1,1,1,1,1,0,0,0,0,0,0,0,1,0,0,0,0
restart_aligned_bits_regs_only_warmup40_cap1024_run01,973,0,90,0B84F03B84F9CF84,0,0,1,0,0,0,0,1,1,1,1,1,0,0,1,1,1,0,0,1,1,1,1,1,0,0,1,0,0,0,0,1,1,1,0,1,1,1,0,0,0,0,0,0,1,1,1,1,0,0,1,0,0,0,0,1,1,1,0,1,0,0,0,0,0,0,0,0,1,0,0,1
restart_aligned_bits_regs_only_warmup40_cap1024_run01,974,0,CC,0B86F07B86F1CF84,0,0,1,0,0,0,0,1,1,1,1,1,0,0,1,1,1,0,0,0,1,1,1,1,0,1,1,0,0,0,0,1,1,1,0,1,1,1,1,0,0,0,0,0,1,1,1,1,0,1,1,0,0,0,0,1,1,1,0,1,0,0,0,0,0,0,1,1,0,0,1,1
restart_aligned_bits_regs_only_warmup40_cap1024_run01,975,1,CB,0B04F02B94F94F94,0,0,1,0,1,0,0,1,1,1,1,1,0,0,1,0,1,0,0,1,1,1,1,1,0,0,1,0,1,0,0,1,1,1,0,1,0,1,0,0,0,0,0,0,1,1,1,1,0,0,1,0,0,0,0,0,1,1,0,1,0,0,0,0,1,1,0,1,0,0,1,1
restart_aligned_bits_regs_only_warmup40_cap1024_run01,976,1,A4,0BC6F12B96F1CFD4,0,0,1,0,1,0,1,1,1,1,1,1,0,0,1,1,1,0,0,0,1,1,1,1,0,1,1,0,1,0,0,1,1,1,0,1,0,1,0,0,1,0,0,0,1,1,1,1,0,1,1,0,0,0,1,1,1,1,0,1,0,0,0,0,0,0,1,0,0,1,0,1
restart_aligned_bits_regs_only_warmup40_cap1024_run01,977,1,B0,0B84F13B84F9CF84,0,0,1,0,0,0,0,1,1,1,1,1,0,0,1,1,1,0,0,1,1,1,1,1,0,0,1,0,0,0,0,1,1,1,0,1,1,1,0,0,1,0,0,0,1,1,1,1,0,0,1,0,0,0,0,1,1,1,0,1,0,0,0,0,0,0,0,0,1,1,0,1
restart_aligned_bits_regs_only_warmup40_cap1024_run01,978,0,99,0B84F03B94F9CF94,0,0,1,0,1,0,0,1,1,1,1,1,0,0,1,1,1,0,0,1,1,1,1,1,0,0,1,0,1,0,0,1,1,1,0,1,1,1,0,0,0,0,0,0,1,1,1,1,0,0,1,0,0,0,0,1,1,1,0,1,0,0,0,0,1,0,0,1,1,0,0,1
restart_aligned_bits_regs_only_warmup40_cap1024_run01,979,0,D2,0B04F03B84F94F84,0,0,1,0,0,0,0,1,1,1,1,1,0,0,1,0,1,0,0,1,1,1,1,1,0,0,1,0,0,0,0,1,1,1,0,1,1,1,0,0,0,0,0,0,1,1,1,1,0,0,1,0,0,0,0,0,1,1,0,1,0,0,0,0,0,1,0,0,1,0,1,1
restart_aligned_bits_regs_only_warmup40_cap1024_run01,980,0,A9,0B84F12B94F9CF94,0,0,1,0,1,0,0,1,1,1,1,1,0,0,1,1,1,0,0,1,1,1,1,1,0,0,1,0,1,0,0,1,1,1,0,1,0,1,0,0,1,0,0,0,1,1,1,1,0,0,1,0,0,0,0,1,1,1,0,1,0,0,0,0,1,0,0,1,0,1,0,1
restart_aligned_bits_regs_only_warmup40_cap1024_run01,981,0,99,0B84F03B94F9CF94,0,0,1,0,1,0,0,1,1,1,1,1,0,0,1,1,1,0,0,1,1,1,1,1,0,0,1,0,1,0,0,1,1,1,0,1,1,1,0,0,0,0,0,0,1,1,1,1,0,0,1,0,0,0,0,1,1,1,0,1,0,0,0,0,1,0,0,1,1,0,0,1
restart_aligned_bits_regs_only_warmup40_cap1024_run01,982,1,9D,0B84F03B94F1CF94,0,0,1,0,1,0,0,1,1,1,1,1,0,0,1,1,1,0,0,0,1,1,1,1,0,0,1,0,1,0,0,1,1,1,0,1,1,1,0,0,0,0,0,0,1,1,1,1,0,0,1,0,0,0,0,1,1,1,0,1,0,0,0,0,1,0,1,1,1,0,0,1
restart_aligned_bits_regs_only_warmup40_cap1024_run01,983,1,F8,0BC4F13B86F9CFD4,0,0,1,0,1,0,1,1,1,1,1,1,0,0,1,1,1,0,0,1,1,1,1,1,0,1,1,0,0,0,0,1,1,1,0,1,1,1,0,0,1,0,0,0,1,1,1,1,0,0,1,0,0,0,1,1,1,1,0,1,0,0,0,0,0,0,0,1,1,1,1,1
restart_aligned_bits_regs_only_warmup40_cap1024_run01,984,1,FD,0BC4F13B86F1CFC4,0,0,1,0,0,0,1,1,1,1,1,1,0,0,1,1,1,0,0,0,1,1,1,1,0,1,1,0,0,0,0,1,1,1,0,1,1,1,0,0,1,0,0,0,1,1,1,1,0,0,1,0,0,0,1,1,1,1,0,1,0,0,0,0,1,0,1,1,1,1,1,1
restart_aligned_bits_regs_only_warmup40_cap1024_run01,985,0,BD,0B84F13B94F1CF94,0,0,1,0,1,0,0,1,1,1,1,1,0,0,1,1,1,0,0,0,1,1,1,1,0,0,1,0,1,0,0,1,1,1,0,1,1,1,0,0,1,0,0,0,1,1,1,1,0,0,1,0,0,0,0,1,1,1,0,1,0,0,0,0,1,0,1,1,1,1,0,1
restart_aligned_bits_regs_only_warmup40_cap1024_run01,986,0,DB,0B94E12A94F9DF94,0,0,1,0,1,0,0,1,1,1,1,1,1,0,1,1,1,0,0,1,1,1,1,1,0,0,1,0,1,0,0,1,0,1,0,1,0,1,0,0,1,0,0,0,0,1,1,1,0,0,1,0,1,0,0,1,1,1,0,1,0,0,0,0,1,1,0,1,1,0,1,1
restart_aligned_bits_regs_only_warmup40_cap1024_run01,987,0,D4,0B8CF03B8EF1CF84,0,0,1,0,0,0,0,1,1,1,1,1,0,0,1,1,1,0,0,0,1,1,1,1,0,1,1,1,0,0,0,1,1,1,0,1,1,1,0,0,0,0,0,0,1,1,1,1,0,0,1,1,0,0,0,1,1,1,0,1,0,0,0,0,0,0,1,0,1,0,1,1
restart_aligned_bits_regs_only_warmup40_cap1024_run01,988,1,A4,0B84733F84FBCF84,0,0,1,0,0,0,0,1,1,1,1,1,0,0,1,1,1,1,0,1,1,1,1,1,0,0,1,0,0,0,0,1,1,1,1,1,1,1,0,0,1,1,0,0,1,1,1,0,0,0,1,0,0,0,0,1,1,1,0,1,0,0,0,0,0,0,1,0,0,1,0,1
restart_aligned_bits_regs_only_warmup40_cap1024_run01,989,1,B9,0B84F13B94F9CF94,0,0,1,0,1,0,0,1,1,1,1,1,0,0,1,1,1,0,0,1,1,1,1,1,0,0,1,0,1,0,0,1,1,1,0,1,1,1,0,0,1,0,0,0,1,1,1,1,0,0,1,0,0,0,0,1,1,1,0,1,0,0,0,0,1,0,0,1,1,1,0,1
restart_aligned_bits_regs_only_warmup40_cap1024_run01,990,0,B1,0B84F13B84F9CF94,0,0,1,0,1,0,0,1,1,1,1,1,0,0,1,1,1,0,0,1,1,1,1,1,0,0,1,0,0,0,0,1,1,1,0,1,1,1,0,0,1,0,0,0,1,1,1,1,0,0,1,0,0,0,0,1,1,1,0,1,0,0,0,0,1,0,0,0,1,1,0,1
restart_aligned_bits_regs_only_warmup40_cap1024_run01,991,0,CA,0B04F07B8CF54F84,0,0,1,0,0,0,0,1,1,1,1,1,0,0,1,0,1,0,1,0,1,1,1,1,0,0,1,1,0,0,0,1,1,1,0,1,1,1,1,0,0,0,0,0,1,1,1,1,0,0,1,0,0,0,0,0,1,1,0,1,0,0,0,0,0,1,0,1,0,0,1,1
restart_aligned_bits_regs_only_warmup40_cap1024_run01,992,1,80,0B84F07B84F9CF84,0,0,1,0,0,0,0,1,1,1,1,1,0,0,1,1,1,0,0,1,1,1,1,1,0,0,1,0,0,0,0,1,1,1,0,1,1,1,1,0,0,0,0,0,1,1,1,1,0,0,1,0,0,0,0,1,1,1,0,1,0,0,0,0,0,0,0,0,0,0,0,1
restart_aligned_bits_regs_only_warmup40_cap1024_run01,993,1,BC,0B84F13B94F1CFB4,0,0,1,0,1,1,0,1,1,1,1,1,0,0,1,1,1,0,0,0,1,1,1,1,0,0,1,0,1,0,0,1,1,1,0,1,1,1,0,0,1,0,0,0,1,1,1,1,0,0,1,0,0,0,0,1,1,1,0,1,0,0,0,0,0,0,1,1,1,1,0,1
restart_aligned_bits_regs_only_warmup40_cap1024_run01,994,0,CF,0B04F07B94F14F94,0,0,1,0,1,0,0,1,1,1,1,1,0,0,1,0,1,0,0,0,1,1,1,1,0,0,1,0,1,0,0,1,1,1,0,1,1,1,1,0,0,0,0,0,1,1,1,1,0,0,1,0,0,0,0,0,1,1,0,1,0,0,0,0,1,1,1,1,0,0,1,1
restart_aligned_bits_regs_only_warmup40_cap1024_run01,995,0,C3,0B04F07B84F94F94,0,0,1,0,1,0,0,1,1,1,1,1,0,0,1,0,1,0,0,1,1,1,1,1,0,0,1,0,0,0,0,1,1,1,0,1,1,1,1,0,0,0,0,0,1,1,1,1,0,0,1,0,0,0,0,0,1,1,0,1,0,0,0,0,1,1,0,0,0,0,1,1
restart_aligned_bits_regs_only_warmup40_cap1024_run01,996,0,E8,0B8CF27B8CF3CF84,0,0,1,0,0,0,0,1,1,1,1,1,0,0,1,1,1,1,0,0,1,1,1,1,0,0,1,1,0,0,0,1,1,1,0,1,1,1,1,0,0,1,0,0,1,1,1,1,0,0,1,1,0,0,0,1,1,1,0,1,0,0,0,0,0,0,0,1,0,1,1,1
restart_aligned_bits_regs_only_warmup40_cap1024_run01,997,0,05,4B84F07B96F1CF94,0,0,1,0,1,0,0,1,1,1,1,1,0,0,1,1,1,0,0,0,1,1,1,1,0,1,1,0,1,0,0,1,1,1,0,1,1,1,1,0,0,0,0,0,1,1,1,1,0,0,1,0,0,0,0,1,1,1,0,1,0,0,1,0,1,0,1,0,0,0,0,0
restart_aligned_bits_regs_only_warmup40_cap1024_run01,998,0,8E,0B0CF07B8CF14F84,0,0,1,0,0,0,0,1,1,1,1,1,0,0,1,0,1,0,0,0,1,1,1,1,0,0,1,1,0,0,0,1,1,1,0,1,1,1,1,0,0,0,0,0,1,1,1,1,0,0,1,1,0,0,0,0,1,1,0,1,0,0,0,0,0,1,1,1,0,0,0,1
restart_aligned_bits_regs_only_warmup40_cap1024_run01,999,0,D1,0BC4F03B84F9CF94,0,0,1,0,1,0,0,1,1,1,1,1,0,0,1,1,1,0,0,1,1,1,1,1,0,0,1,0,0,0,0,1,1,1,0,1,1,1,0,0,0,0,0,0,1,1,1,1,0,0,1,0,0,0,1,1,1,1,0,1,0,0,0,0,1,0,0,0,1,0,1,1
restart_aligned_bits_regs_only_warmup40_cap1024_run01,1000,1,15,0F84F07F8EF1CF80,0,0,0,0,0,0,0,1,1,1,1,1,0,0,1,1,1,0,0,0,1,1,1,1,0,1,1,1,0,0,0,1,1,1,1,1,1,1,1,0,0,0,0,0,1,1,1,1,0,0,1,0,0,0,0,1,1,1,1,1,0,0,0,0,1,0,1,0,1,0,0,0
restart_aligned_bits_regs_only_warmup40_cap1024_run01,1001,0,9C,0B84F03B8CF1CF84,0,0,1,0,0,0,0,1,1,1,1,1,0,0,1,1,1,0,0,0,1,1,1,1,0,0,1,1,0,0,0,1,1,1,0,1,1,1,0,0,0,0,0,0,1,1,1,1,0,0,1,0,0,0,0,1,1,1,0,1,0,0,0,0,0,0,1,1,1,0,0,1
restart_aligned_bits_regs_only_warmup40_cap1024_run01,1002,1,A8,0B84F12B94F9CFB4,0,0,1,0,1,1,0,1,1,1,1,1,0,0,1,1,1,0,0,1,1,1,1,1,0,0,1,0,1,0,0,1,1,1,0,1,0,1,0,0,1,0,0,0,1,1,1,1,0,0,1,0,0,0,0,1,1,1,0,1,0,0,0,0,0,0,0,1,0,1,0,1
restart_aligned_bits_regs_only_warmup40_cap1024_run01,1003,0,B8,0B84F13B8CF3CF84,0,0,1,0,0,0,0,1,1,1,1,1,0,0,1,1,1,1,0,0,1,1,1,1,0,0,1,1,0,0,0,1,1,1,0,1,1,1,0,0,1,0,0,0,1,1,1,1,0,0,1,0,0,0,0,1,1,1,0,1,0,0,0,0,0,0,0,1,1,1,0,1
restart_aligned_bits_regs_only_warmup40_cap1024_run01,1004,0,4D,0F86F03F86F1CF80,0,0,0,0,0,0,0,1,1,1,1,1,0,0,1,1,1,0,0,0,1,1,1,1,0,1,1,0,0,0,0,1,1,1,1,1,1,1,0,0,0,0,0,0,1,1,1,1,0,1,1,0,0,0,0,1,1,1,1,1,0,0,0,0,1,0,1,1,0,0,1,0
restart_aligned_bits_regs_only_warmup40_cap1024_run01,1005,1,80,0B84F07B84F9CF84,0,0,1,0,0,0,0,1,1,1,1,1,0,0,1,1,1,0,0,1,1,1,1,1,0,0,1,0,0,0,0,1,1,1,0,1,1,1,1,0,0,0,0,0,1,1,1,1,0,0,1,0,0,0,0,1,1,1,0,1,0,0,0,0,0,0,0,0,0,0,0,1
restart_aligned_bits_regs_only_warmup40_cap1024_run01,1006,0,99,0B84F93B94F9CF94,0,0,1,0,1,0,0,1,1,1,1,1,0,0,1,1,1,0,0,1,1,1,1,1,0,0,1,0,1,0,0,1,1,1,0,1,1,1,0,0,1,0,0,1,1,1,1,1,0,0,1,0,0,0,0,1,1,1,0,1,0,0,0,0,1,0,0,1,1,0,0,1
restart_aligned_bits_regs_only_warmup40_cap1024_run01,1007,1,91,0B84F03B96F9CF94,0,0,1,0,1,0,0,1,1,1,1,1,0,0,1,1,1,0,0,1,1,1,1,1,0,1,1,0,1,0,0,1,1,1,0,1,1,1,0,0,0,0,0,0,1,1,1,1,0,0,1,0,0,0,0,1,1,1,0,1,0,0,0,0,1,0,0,0,1,0,0,1
restart_aligned_bits_regs_only_warmup40_cap1024_run01,1008,0,B1,0B84F13B84F9CF94,0,0,1,0,1,0,0,1,1,1,1,1,0,0,1,1,1,0,0,1,1,1,1,1,0,0,1,0,0,0,0,1,1,1,0,1,1,1,0,0,1,0,0,0,1,1,1,1,0,0,1,0,0,0,0,1,1,1,0,1,0,0,0,0,1,0,0,0,1,1,0,1
restart_aligned_bits_regs_only_warmup40_cap1024_run01,1009,0,28,0F84703F94F9CF90,0,0,0,0,1,0,0,1,1,1,1,1,0,0,1,1,1,0,0,1,1,1,1,1,0,0,1,0,1,0,0,1,1,1,1,1,1,1,0,0,0,0,0,0,1,1,1,0,0,0,1,0,0,0,0,1,1,1,1,1,0,0,0,0,0,0,0,1,0,1,0,0
restart_aligned_bits_regs_only_warmup40_cap1024_run01,1010,1,34,0F84F12F9CF1CF90,0,0,0,0,1,0,0,1,1,1,1,1,0,0,1,1,1,0,0,0,1,1,1,1,0,0,1,1,1,0,0,1,1,1,1,1,0,1,0,0,1,0,0,0,1,1,1,1,0,0,1,0,0,0,0,1,1,1,1,1,0,0,0,0,0,0,1,0,1,1,0,0
restart_aligned_bits_regs_only_warmup40_cap1024_run01,1011,1,94,0B84F03B8EF1CF84,0,0,1,0,0,0,0,1,1,1,1,1,0,0,1,1,1,0,0,0,1,1,1,1,0,1,1,1,0,0,0,1,1,1,0,1,1,1,0,0,0,0,0,0,1,1,1,1,0,0,1,0,0,0,0,1,1,1,0,1,0,0,0,0,0,0,1,0,1,0,0,1
restart_aligned_bits_regs_only_warmup40_cap1024_run01,1012,1,80,0B84F97B84F9CF84,0,0,1,0,0,0,0,1,1,1,1,1,0,0,1,1,1,0,0,1,1,1,1,1,0,0,1,0,0,0,0,1,1,1,0,1,1,1,1,0,1,0,0,1,1,1,1,1,0,0,1,0,0,0,0,1,1,1,0,1,0,0,0,0,0,0,0,0,0,0,0,1
restart_aligned_bits_regs_only_warmup40_cap1024_run01,1013,1,AD,0B84F12B94F1CF94,0,0,1,0,1,0,0,1,1,1,1,1,0,0,1,1,1,0,0,0,1,1,1,1,0,0,1,0,1,0,0,1,1,1,0,1,0,1,0,0,1,0,0,0,1,1,1,1,0,0,1,0,0,0,0,1,1,1,0,1,0,0,0,0,1,0,1,1,0,1,0,1
restart_aligned_bits_regs_only_warmup40_cap1024_run01,1014,1,38,0F84F12F94F9CF90,0,0,0,0,1,0,0,1,1,1,1,1,0,0,1,1,1,0,0,1,1,1,1,1,0,0,1,0,1,0,0,1,1,1,1,1,0,1,0,0,1,0,0,0,1,1,1,1,0,0,1,0,0,0,0,1,1,1,1,1,0,0,0,0,0,0,0,1,1,1,0,0
restart_aligned_bits_regs_only_warmup40_cap1024_run01,1015,0,B1,0B84F13B96F9CF94,0,0,1,0,1,0,0,1,1,1,1,1,0,0,1,1,1,0,0,1,1,1,1,1,0,1,1,0,1,0,0,1,1,1,0,1,1,1,0,0,1,0,0,0,1,1,1,1,0,0,1,0,0,0,0,1,1,1,0,1,0,0,0,0,1,0,0,0,1,1,0,1
restart_aligned_bits_regs_only_warmup40_cap1024_run01,1016,0,0C,0F84F03F94F1CF90,0,0,0,0,1,0,0,1,1,1,1,1,0,0,1,1,1,0,0,0,1,1,1,1,0,0,1,0,1,0,0,1,1,1,1,1,1,1,0,0,0,0,0,0,1,1,1,1,0,0,1,0,0,0,0,1,1,1,1,1,0,0,0,0,0,0,1,1,0,0,0,0
restart_aligned_bits_regs_only_warmup40_cap1024_run01,1017,1,89,0B84712B94F9CF94,0,0,1,0,1,0,0,1,1,1,1,1,0,0,1,1,1,0,0,1,1,1,1,1,0,0,1,0,1,0,0,1,1,1,0,1,0,1,0,0,1,0,0,0,1,1,1,0,0,0,1,0,0,0,0,1,1,1,0,1,0,0,0,0,1,0,0,1,0,0,0,1
restart_aligned_bits_regs_only_warmup40_cap1024_run01,1018,1,E5,0B86F17B96F1CF94,0,0,1,0,1,0,0,1,1,1,1,1,0,0,1,1,1,0,0,0,1,1,1,1,0,1,1,0,1,0,0,1,1,1,0,1,1,1,1,0,1,0,0,0,1,1,1,1,0,1,1,0,0,0,0,1,1,1,0,1,0,0,0,0,1,0,1,0,0,1,1,1
restart_aligned_bits_regs_only_warmup40_cap1024_run01,1019,1,3D,0FD4E32F94FB9FD0,0,0,0,0,1,0,1,1,1,1,1,1,1,0,0,1,1,1,0,1,1,1,1,1,0,0,1,0,1,0,0,1,1,1,1,1,0,1,0,0,1,1,0,0,0,1,1,1,0,0,1,0,1,0,1,1,1,1,1,1,0,0,0,0,1,0,1,1,1,1,0,0
restart_aligned_bits_regs_only_warmup40_cap1024_run01,1020,0,FC,0B04F13B8CF1CF84,0,0,1,0,0,0,0,1,1,1,1,1,0,0,1,1,1,0,0,0,1,1,1,1,0,0,1,1,0,0,0,1,1,1,0,1,1,1,0,0,1,0,0,0,1,1,1,1,0,0,1,0,0,0,0,0,1,1,0,1,0,0,0,0,0,0,1,1,1,1,1,1
restart_aligned_bits_regs_only_warmup40_cap1024_run01,1021,1,9E,0B0CF03B8CF14F84,0,0,1,0,0,0,0,1,1,1,1,1,0,0,1,0,1,0,0,0,1,1,1,1,0,0,1,1,0,0,0,1,1,1,0,1,1,1,0,0,0,0,0,0,1,1,1,1,0,0,1,1,0,0,0,0,1,1,0,1,0,0,0,0,0,1,1,1,1,0,0,1
restart_aligned_bits_regs_only_warmup40_cap1024_run01,1022,1,89,0B84712B94F9CF94,0,0,1,0,1,0,0,1,1,1,1,1,0,0,1,1,1,0,0,1,1,1,1,1,0,0,1,0,1,0,0,1,1,1,0,1,0,1,0,0,1,0,0,0,1,1,1,0,0,0,1,0,0,0,0,1,1,1,0,1,0,0,0,0,1,0,0,1,0,0,0,1
restart_aligned_bits_regs_only_warmup40_cap1024_run01,1023,0,90,0B84713B84F9CF84,0,0,1,0,0,0,0,1,1,1,1,1,0,0,1,1,1,0,0,1,1,1,1,1,0,0,1,0,0,0,0,1,1,1,0,1,1,1,0,0,1,0,0,0,1,1,1,0,0,0,1,0,0,0,0,1,1,1,0,1,0,0,0,0,0,0,0,0,1,0,0,1
