"label","net","group","driver_pins","load_pins","driver_cells","load_cells","fanout","route_status","pips_count","nodes_count","route"
"reverse_w4_compact_sample","u_entropy_source/RO_NUM_LOOP[0].RO_AND.u_LUT6_and2_1/<const0>","data_ro_net","u_entropy_source/RO_NUM_LOOP[0].RO_AND.u_LUT6_and2_1/GND/G","u_entropy_source/RO_NUM_LOOP[0].RO_AND.u_LUT6_and2_1/u_LUT6/I2 u_entropy_source/RO_NUM_LOOP[0].RO_AND.u_LUT6_and2_1/u_LUT6/I3 u_entropy_source/RO_NUM_LOOP[0].RO_AND.u_LUT6_and2_1/u_LUT6/I4 u_entropy_source/RO_NUM_LOOP[0].RO_AND.u_LUT6_and2_1/u_LUT6/I5","u_entropy_source/RO_NUM_LOOP[0].RO_AND.u_LUT6_and2_1/GND","u_entropy_source/RO_NUM_LOOP[0].RO_AND.u_LUT6_and2_1/u_LUT6","5","ROUTED","922","975"," (  { INT_L_X72Y65/GND_WIRE INT_L_X72Y65/GFAN1 INT_L_X72Y65/FAN_ALT5 INT_L_X72Y65/FAN_BOUNCE5 INT_L_X72Y65/CLK_L1 CMT_TOP_L_LOWER_B_X178Y61/CMT_L_LOWER_B_CLK_IN2_INT CMT_TOP_L_LOWER_B_X178Y61/CMT_LR_LOWER_B_MMCM_CLKIN2 }  )   (  { INT_L_X72Y51/GND_WIRE  { INT_L_X72Y51/GFAN1  { INT_L_X72Y51/FAN_ALT5 INT_L_X72Y51/FAN_BOUNCE5 INT_L_X72Y51/CLK_L0 CMT_TOP_L_LOWER_B_X178Y61/CMT_LR_LOWER_B_MMCM_PSCLK }   { INT_L_X72Y51/IMUX_L15 CMT_TOP_L_LOWER_B_X178Y61/CMT_LR_LOWER_B_MMCM_DEN }   { INT_L_X72Y51/IMUX_L22 CMT_TOP_L_LOWER_B_X178Y61/CMT_LR_LOWER_B_MMCM_DWE }  INT_L_X72Y51/IMUX_L44 CMT_TOP_L_LOWER_B_X178Y61/CMT_LR_LOWER_B_MMCM_DADDR6 }  INT_L_X72Y51/GFAN0  { INT_L_X72Y51/IMUX_L0 CMT_TOP_L_LOWER_B_X178Y61/CMT_LR_LOWER_B_MMCM_DADDR0 }   { INT_L_X72Y51/IMUX_L1 CMT_TOP_L_LOWER_B_X178Y61/CMT_LR_LOWER_B_MMCM_DADDR1 }   { INT_L_X72Y51/IMUX_L2 CMT_TOP_L_LOWER_B_X178Y61/CMT_LR_LOWER_B_MMCM_DADDR2 }   { INT_L_X72Y51/IMUX_L34 CMT_TOP_L_LOWER_B_X178Y61/CMT_LR_LOWER_B_MMCM_DADDR3 }   { INT_L_X72Y51/IMUX_L35 CMT_TOP_L_LOWER_B_X178Y61/CMT_LR_LOWER_B_MMCM_DADDR5 }  INT_L_X72Y51/IMUX_L3 CMT_TOP_L_LOWER_B_X178Y61/CMT_LR_LOWER_B_MMCM_DADDR4 }  )   (  { INT_L_X72Y50/GND_WIRE  { INT_L_X72Y50/GFAN1  { INT_L_X72Y50/FAN_ALT5 INT_L_X72Y50/FAN_BOUNCE5  { INT_L_X72Y50/CLK_L0 CMT_TOP_L_LOWER_B_X178Y61/CMT_LR_LOWER_B_MMCM_DCLK }   { INT_L_X72Y50/IMUX_L1 CMT_TOP_L_LOWER_B_X178Y61/CMT_LR_LOWER_B_MMCM_DI2 }   { INT_L_X72Y50/IMUX_L33 CMT_TOP_L_LOWER_B_X178Y61/CMT_LR_LOWER_B_MMCM_DI3 }   { INT_L_X72Y50/IMUX_L35 CMT_TOP_L_LOWER_B_X178Y61/CMT_LR_LOWER_B_MMCM_DI7 }  INT_L_X72Y50/IMUX_L3 CMT_TOP_L_LOWER_B_X178Y61/CMT_LR_LOWER_B_MMCM_DI6 }   { INT_L_X72Y50/IMUX_L36 CMT_TOP_L_LOWER_B_X178Y61/CMT_LR_LOWER_B_MMCM_DI9 }   { INT_L_X72Y50/IMUX_L37 CMT_TOP_L_LOWER_B_X178Y61/CMT_LR_LOWER_B_MMCM_DI11 }   { INT_L_X72Y50/IMUX_L38 CMT_TOP_L_LOWER_B_X178Y61/CMT_LR_LOWER_B_MMCM_DI13 }   { INT_L_X72Y50/IMUX_L39 CMT_TOP_L_LOWER_B_X178Y61/CMT_LR_LOWER_B_MMCM_DI15 }   { INT_L_X72Y50/IMUX_L4 CMT_TOP_L_LOWER_B_X178Y61/CMT_LR_LOWER_B_M..."
"reverse_w4_compact_sample","u_entropy_source/RO_NUM_LOOP[0].RO_AND.u_LUT6_and2_1/en","data_ro_net","","u_entropy_source/RO_NUM_LOOP[0].RO_AND.u_LUT6_and2_1/u_LUT6/I0 u_entropy_source/RO_NUM_LOOP[0].RO_AND.u_LUT6_and2_1/en","","u_entropy_source/RO_NUM_LOOP[0].RO_AND.u_LUT6_and2_1/u_LUT6 u_entropy_source/RO_NUM_LOOP[0].RO_AND.u_LUT6_and2_1","11","ROUTED","39","40"," { CLBLM_M_AQ CLBLM_LOGIC_OUTS4 NL1BEG_N3 EE2BEG3 EE2BEG3  { FAN_ALT3 FAN_BOUNCE3 IMUX3 CLBLM_L_A2 }   { NE2BEG3 SL1BEG3 IMUX_L7 CLBLL_LL_A1 }   { IMUX15 CLBLM_M_B1 }   { SS2BEG3  { IMUX15 CLBLM_M_B1 }  SL1BEG3  { IMUX14 CLBLM_L_B1 }  WW2BEG3  { WW4BEG0 WR1BEG1 WR1BEG2 IMUX28 CLBLM_M_C4 }  ER1BEG_S0  { IMUX_L2 CLBLL_LL_A2 }  IMUX_L32 CLBLL_LL_C1 }  SE2BEG3 WL1BEG2  { BYP_ALT3 BYP_BOUNCE3 IMUX15 CLBLM_M_B1 }  IMUX14 CLBLM_L_B1 }  "
"reverse_w4_compact_sample","u_entropy_source/RO_NUM_LOOP[0].RO_AND.u_LUT6_and2_1/in0[0]","data_ro_net","u_entropy_source/RO_NUM_LOOP[0].RO_AND.u_LUT6_and2_1/u_LUT6/O u_entropy_source/RO_NUM_LOOP[0].RO_AND.u_LUT6_and2_1/in0[0]","","u_entropy_source/RO_NUM_LOOP[0].RO_AND.u_LUT6_and2_1/u_LUT6 u_entropy_source/RO_NUM_LOOP[0].RO_AND.u_LUT6_and2_1","","2","ROUTED","5","6"," { CLBLL_LL_A CLBLL_LOGIC_OUTS12 NW2BEG0 EL1BEG_N3 IMUX_L15 CLBLL_LL_B1 }  "
"reverse_w4_compact_sample","u_entropy_source/RO_NUM_LOOP[0].RO_AND.u_LUT6_and2_1/out[0]","data_ro_net","","u_entropy_source/RO_NUM_LOOP[0].RO_AND.u_LUT6_and2_1/u_LUT6/I1 u_entropy_source/RO_NUM_LOOP[0].RO_AND.u_LUT6_and2_1/out[0]","","u_entropy_source/RO_NUM_LOOP[0].RO_AND.u_LUT6_and2_1/u_LUT6 u_entropy_source/RO_NUM_LOOP[0].RO_AND.u_LUT6_and2_1","10","ROUTED","40","41"," { CLBLL_LL_B  { CLBLL_LOGIC_OUTS13 FAN_ALT6 FAN_BOUNCE6 BYP_ALT1 BYP_L1 CLBLL_LL_AX }  CLBLL_LL_BMUX CLBLL_LOGIC_OUTS21  { EL1BEG2 IMUX5 CLBLM_L_A6 }   { IMUX_L7 CLBLL_LL_A1 }   { NE2BEG3  { WR1BEG_S0 BYP_ALT0 BYP_L0 CLBLL_L_AX }  NL1BEG2 NL1BEG1 BYP_ALT1 BYP1 CLBLM_M_AX }  SL1BEG3 ER1BEG_S0  { SL1BEG0 BYP_ALT0 BYP0 CLBLM_L_AX }   { BYP_ALT1 BYP1 CLBLM_M_AX }  NE2BEG0  { NW2BEG0 BYP_ALT0 BYP0 CLBLM_L_AX }  BYP_ALT0 BYP_L0 CLBLL_L_AX }  "
"reverse_w4_compact_sample","u_entropy_source/RO_NUM_LOOP[0].RO_STAGE_LOOP[0].u_LUT6_not1/<const0>","data_ro_net","u_entropy_source/RO_NUM_LOOP[0].RO_STAGE_LOOP[0].u_LUT6_not1/GND/G","u_entropy_source/RO_NUM_LOOP[0].RO_STAGE_LOOP[0].u_LUT6_not1/u_LUT6/I1 u_entropy_source/RO_NUM_LOOP[0].RO_STAGE_LOOP[0].u_LUT6_not1/u_LUT6/I2 u_entropy_source/RO_NUM_LOOP[0].RO_STAGE_LOOP[0].u_LUT6_not1/u_LUT6/I3 u_entropy_source/RO_NUM_LOOP[0].RO_STAGE_LOOP[0].u_LUT6_not1/u_LUT6/I4 u_entropy_source/RO_NUM_LOOP[0].RO_STAGE_LOOP[0].u_LUT6_not1/u_LUT6/I5","u_entropy_source/RO_NUM_LOOP[0].RO_STAGE_LOOP[0].u_LUT6_not1/GND","u_entropy_source/RO_NUM_LOOP[0].RO_STAGE_LOOP[0].u_LUT6_not1/u_LUT6","6","ROUTED","922","975"," (  { INT_L_X72Y65/GND_WIRE INT_L_X72Y65/GFAN1 INT_L_X72Y65/FAN_ALT5 INT_L_X72Y65/FAN_BOUNCE5 INT_L_X72Y65/CLK_L1 CMT_TOP_L_LOWER_B_X178Y61/CMT_L_LOWER_B_CLK_IN2_INT CMT_TOP_L_LOWER_B_X178Y61/CMT_LR_LOWER_B_MMCM_CLKIN2 }  )   (  { INT_L_X72Y51/GND_WIRE  { INT_L_X72Y51/GFAN1  { INT_L_X72Y51/FAN_ALT5 INT_L_X72Y51/FAN_BOUNCE5 INT_L_X72Y51/CLK_L0 CMT_TOP_L_LOWER_B_X178Y61/CMT_LR_LOWER_B_MMCM_PSCLK }   { INT_L_X72Y51/IMUX_L15 CMT_TOP_L_LOWER_B_X178Y61/CMT_LR_LOWER_B_MMCM_DEN }   { INT_L_X72Y51/IMUX_L22 CMT_TOP_L_LOWER_B_X178Y61/CMT_LR_LOWER_B_MMCM_DWE }  INT_L_X72Y51/IMUX_L44 CMT_TOP_L_LOWER_B_X178Y61/CMT_LR_LOWER_B_MMCM_DADDR6 }  INT_L_X72Y51/GFAN0  { INT_L_X72Y51/IMUX_L0 CMT_TOP_L_LOWER_B_X178Y61/CMT_LR_LOWER_B_MMCM_DADDR0 }   { INT_L_X72Y51/IMUX_L1 CMT_TOP_L_LOWER_B_X178Y61/CMT_LR_LOWER_B_MMCM_DADDR1 }   { INT_L_X72Y51/IMUX_L2 CMT_TOP_L_LOWER_B_X178Y61/CMT_LR_LOWER_B_MMCM_DADDR2 }   { INT_L_X72Y51/IMUX_L34 CMT_TOP_L_LOWER_B_X178Y61/CMT_LR_LOWER_B_MMCM_DADDR3 }   { INT_L_X72Y51/IMUX_L35 CMT_TOP_L_LOWER_B_X178Y61/CMT_LR_LOWER_B_MMCM_DADDR5 }  INT_L_X72Y51/IMUX_L3 CMT_TOP_L_LOWER_B_X178Y61/CMT_LR_LOWER_B_MMCM_DADDR4 }  )   (  { INT_L_X72Y50/GND_WIRE  { INT_L_X72Y50/GFAN1  { INT_L_X72Y50/FAN_ALT5 INT_L_X72Y50/FAN_BOUNCE5  { INT_L_X72Y50/CLK_L0 CMT_TOP_L_LOWER_B_X178Y61/CMT_LR_LOWER_B_MMCM_DCLK }   { INT_L_X72Y50/IMUX_L1 CMT_TOP_L_LOWER_B_X178Y61/CMT_LR_LOWER_B_MMCM_DI2 }   { INT_L_X72Y50/IMUX_L33 CMT_TOP_L_LOWER_B_X178Y61/CMT_LR_LOWER_B_MMCM_DI3 }   { INT_L_X72Y50/IMUX_L35 CMT_TOP_L_LOWER_B_X178Y61/CMT_LR_LOWER_B_MMCM_DI7 }  INT_L_X72Y50/IMUX_L3 CMT_TOP_L_LOWER_B_X178Y61/CMT_LR_LOWER_B_MMCM_DI6 }   { INT_L_X72Y50/IMUX_L36 CMT_TOP_L_LOWER_B_X178Y61/CMT_LR_LOWER_B_MMCM_DI9 }   { INT_L_X72Y50/IMUX_L37 CMT_TOP_L_LOWER_B_X178Y61/CMT_LR_LOWER_B_MMCM_DI11 }   { INT_L_X72Y50/IMUX_L38 CMT_TOP_L_LOWER_B_X178Y61/CMT_LR_LOWER_B_MMCM_DI13 }   { INT_L_X72Y50/IMUX_L39 CMT_TOP_L_LOWER_B_X178Y61/CMT_LR_LOWER_B_MMCM_DI15 }   { INT_L_X72Y50/IMUX_L4 CMT_TOP_L_LOWER_B_X178Y61/CMT_LR_LOWER_B_M..."
"reverse_w4_compact_sample","u_entropy_source/RO_NUM_LOOP[0].RO_STAGE_LOOP[0].u_LUT6_not1/in0[0]","data_ro_net","u_entropy_source/RO_NUM_LOOP[0].RO_STAGE_LOOP[0].u_LUT6_not1/u_LUT6/O u_entropy_source/RO_NUM_LOOP[0].RO_STAGE_LOOP[0].u_LUT6_not1/in0[0]","","u_entropy_source/RO_NUM_LOOP[0].RO_STAGE_LOOP[0].u_LUT6_not1/u_LUT6 u_entropy_source/RO_NUM_LOOP[0].RO_STAGE_LOOP[0].u_LUT6_not1","","10","ROUTED","40","41"," { CLBLL_LL_B  { CLBLL_LOGIC_OUTS13 FAN_ALT6 FAN_BOUNCE6 BYP_ALT1 BYP_L1 CLBLL_LL_AX }  CLBLL_LL_BMUX CLBLL_LOGIC_OUTS21  { EL1BEG2 IMUX5 CLBLM_L_A6 }   { IMUX_L7 CLBLL_LL_A1 }   { NE2BEG3  { WR1BEG_S0 BYP_ALT0 BYP_L0 CLBLL_L_AX }  NL1BEG2 NL1BEG1 BYP_ALT1 BYP1 CLBLM_M_AX }  SL1BEG3 ER1BEG_S0  { SL1BEG0 BYP_ALT0 BYP0 CLBLM_L_AX }   { BYP_ALT1 BYP1 CLBLM_M_AX }  NE2BEG0  { NW2BEG0 BYP_ALT0 BYP0 CLBLM_L_AX }  BYP_ALT0 BYP_L0 CLBLL_L_AX }  "
"reverse_w4_compact_sample","u_entropy_source/RO_NUM_LOOP[0].RO_STAGE_LOOP[0].u_LUT6_not1/out[0]","data_ro_net","","u_entropy_source/RO_NUM_LOOP[0].RO_STAGE_LOOP[0].u_LUT6_not1/u_LUT6/I0 u_entropy_source/RO_NUM_LOOP[0].RO_STAGE_LOOP[0].u_LUT6_not1/out[0]","","u_entropy_source/RO_NUM_LOOP[0].RO_STAGE_LOOP[0].u_LUT6_not1/u_LUT6 u_entropy_source/RO_NUM_LOOP[0].RO_STAGE_LOOP[0].u_LUT6_not1","2","ROUTED","5","6"," { CLBLL_LL_A CLBLL_LOGIC_OUTS12 NW2BEG0 EL1BEG_N3 IMUX_L15 CLBLL_LL_B1 }  "
"reverse_w4_compact_sample","u_entropy_source/RO_NUM_LOOP[1].RO_AND.u_LUT6_and2_1/<const0>","data_ro_net","u_entropy_source/RO_NUM_LOOP[1].RO_AND.u_LUT6_and2_1/GND/G","u_entropy_source/RO_NUM_LOOP[1].RO_AND.u_LUT6_and2_1/u_LUT6/I2 u_entropy_source/RO_NUM_LOOP[1].RO_AND.u_LUT6_and2_1/u_LUT6/I3 u_entropy_source/RO_NUM_LOOP[1].RO_AND.u_LUT6_and2_1/u_LUT6/I4 u_entropy_source/RO_NUM_LOOP[1].RO_AND.u_LUT6_and2_1/u_LUT6/I5","u_entropy_source/RO_NUM_LOOP[1].RO_AND.u_LUT6_and2_1/GND","u_entropy_source/RO_NUM_LOOP[1].RO_AND.u_LUT6_and2_1/u_LUT6","5","ROUTED","922","975"," (  { INT_L_X72Y65/GND_WIRE INT_L_X72Y65/GFAN1 INT_L_X72Y65/FAN_ALT5 INT_L_X72Y65/FAN_BOUNCE5 INT_L_X72Y65/CLK_L1 CMT_TOP_L_LOWER_B_X178Y61/CMT_L_LOWER_B_CLK_IN2_INT CMT_TOP_L_LOWER_B_X178Y61/CMT_LR_LOWER_B_MMCM_CLKIN2 }  )   (  { INT_L_X72Y51/GND_WIRE  { INT_L_X72Y51/GFAN1  { INT_L_X72Y51/FAN_ALT5 INT_L_X72Y51/FAN_BOUNCE5 INT_L_X72Y51/CLK_L0 CMT_TOP_L_LOWER_B_X178Y61/CMT_LR_LOWER_B_MMCM_PSCLK }   { INT_L_X72Y51/IMUX_L15 CMT_TOP_L_LOWER_B_X178Y61/CMT_LR_LOWER_B_MMCM_DEN }   { INT_L_X72Y51/IMUX_L22 CMT_TOP_L_LOWER_B_X178Y61/CMT_LR_LOWER_B_MMCM_DWE }  INT_L_X72Y51/IMUX_L44 CMT_TOP_L_LOWER_B_X178Y61/CMT_LR_LOWER_B_MMCM_DADDR6 }  INT_L_X72Y51/GFAN0  { INT_L_X72Y51/IMUX_L0 CMT_TOP_L_LOWER_B_X178Y61/CMT_LR_LOWER_B_MMCM_DADDR0 }   { INT_L_X72Y51/IMUX_L1 CMT_TOP_L_LOWER_B_X178Y61/CMT_LR_LOWER_B_MMCM_DADDR1 }   { INT_L_X72Y51/IMUX_L2 CMT_TOP_L_LOWER_B_X178Y61/CMT_LR_LOWER_B_MMCM_DADDR2 }   { INT_L_X72Y51/IMUX_L34 CMT_TOP_L_LOWER_B_X178Y61/CMT_LR_LOWER_B_MMCM_DADDR3 }   { INT_L_X72Y51/IMUX_L35 CMT_TOP_L_LOWER_B_X178Y61/CMT_LR_LOWER_B_MMCM_DADDR5 }  INT_L_X72Y51/IMUX_L3 CMT_TOP_L_LOWER_B_X178Y61/CMT_LR_LOWER_B_MMCM_DADDR4 }  )   (  { INT_L_X72Y50/GND_WIRE  { INT_L_X72Y50/GFAN1  { INT_L_X72Y50/FAN_ALT5 INT_L_X72Y50/FAN_BOUNCE5  { INT_L_X72Y50/CLK_L0 CMT_TOP_L_LOWER_B_X178Y61/CMT_LR_LOWER_B_MMCM_DCLK }   { INT_L_X72Y50/IMUX_L1 CMT_TOP_L_LOWER_B_X178Y61/CMT_LR_LOWER_B_MMCM_DI2 }   { INT_L_X72Y50/IMUX_L33 CMT_TOP_L_LOWER_B_X178Y61/CMT_LR_LOWER_B_MMCM_DI3 }   { INT_L_X72Y50/IMUX_L35 CMT_TOP_L_LOWER_B_X178Y61/CMT_LR_LOWER_B_MMCM_DI7 }  INT_L_X72Y50/IMUX_L3 CMT_TOP_L_LOWER_B_X178Y61/CMT_LR_LOWER_B_MMCM_DI6 }   { INT_L_X72Y50/IMUX_L36 CMT_TOP_L_LOWER_B_X178Y61/CMT_LR_LOWER_B_MMCM_DI9 }   { INT_L_X72Y50/IMUX_L37 CMT_TOP_L_LOWER_B_X178Y61/CMT_LR_LOWER_B_MMCM_DI11 }   { INT_L_X72Y50/IMUX_L38 CMT_TOP_L_LOWER_B_X178Y61/CMT_LR_LOWER_B_MMCM_DI13 }   { INT_L_X72Y50/IMUX_L39 CMT_TOP_L_LOWER_B_X178Y61/CMT_LR_LOWER_B_MMCM_DI15 }   { INT_L_X72Y50/IMUX_L4 CMT_TOP_L_LOWER_B_X178Y61/CMT_LR_LOWER_B_M..."
"reverse_w4_compact_sample","u_entropy_source/RO_NUM_LOOP[1].RO_AND.u_LUT6_and2_1/en","data_ro_net","","u_entropy_source/RO_NUM_LOOP[1].RO_AND.u_LUT6_and2_1/u_LUT6/I0 u_entropy_source/RO_NUM_LOOP[1].RO_AND.u_LUT6_and2_1/en","","u_entropy_source/RO_NUM_LOOP[1].RO_AND.u_LUT6_and2_1/u_LUT6 u_entropy_source/RO_NUM_LOOP[1].RO_AND.u_LUT6_and2_1","11","ROUTED","39","40"," { CLBLM_M_AQ CLBLM_LOGIC_OUTS4 NL1BEG_N3 EE2BEG3 EE2BEG3  { FAN_ALT3 FAN_BOUNCE3 IMUX3 CLBLM_L_A2 }   { NE2BEG3 SL1BEG3 IMUX_L7 CLBLL_LL_A1 }   { IMUX15 CLBLM_M_B1 }   { SS2BEG3  { IMUX15 CLBLM_M_B1 }  SL1BEG3  { IMUX14 CLBLM_L_B1 }  WW2BEG3  { WW4BEG0 WR1BEG1 WR1BEG2 IMUX28 CLBLM_M_C4 }  ER1BEG_S0  { IMUX_L2 CLBLL_LL_A2 }  IMUX_L32 CLBLL_LL_C1 }  SE2BEG3 WL1BEG2  { BYP_ALT3 BYP_BOUNCE3 IMUX15 CLBLM_M_B1 }  IMUX14 CLBLM_L_B1 }  "
"reverse_w4_compact_sample","u_entropy_source/RO_NUM_LOOP[1].RO_AND.u_LUT6_and2_1/in0[0]","data_ro_net","u_entropy_source/RO_NUM_LOOP[1].RO_AND.u_LUT6_and2_1/u_LUT6/O u_entropy_source/RO_NUM_LOOP[1].RO_AND.u_LUT6_and2_1/in0[0]","","u_entropy_source/RO_NUM_LOOP[1].RO_AND.u_LUT6_and2_1/u_LUT6 u_entropy_source/RO_NUM_LOOP[1].RO_AND.u_LUT6_and2_1","","2","ROUTED","5","6"," { CLBLM_L_B CLBLM_L_BMUX CLBLM_LOGIC_OUTS17 SR1BEG_S0 IMUX33 CLBLM_L_C1 }  "
"reverse_w4_compact_sample","u_entropy_source/RO_NUM_LOOP[1].RO_AND.u_LUT6_and2_1/out[0]","data_ro_net","","u_entropy_source/RO_NUM_LOOP[1].RO_AND.u_LUT6_and2_1/u_LUT6/I1 u_entropy_source/RO_NUM_LOOP[1].RO_AND.u_LUT6_and2_1/out[0]","","u_entropy_source/RO_NUM_LOOP[1].RO_AND.u_LUT6_and2_1/u_LUT6 u_entropy_source/RO_NUM_LOOP[1].RO_AND.u_LUT6_and2_1","10","ROUTED","42","43"," { CLBLM_L_C  { CLBLM_L_CMUX CLBLM_LOGIC_OUTS18 ER1BEG1 BYP_ALT5 BYP_L5 CLBLL_L_BX }  CLBLM_LOGIC_OUTS10  { SL1BEG2 IMUX13 CLBLM_L_B6 }   { FAN_ALT5 FAN_BOUNCE5 IMUX19 CLBLM_L_B2 }   { SE2BEG2  { SL1BEG2 WL1BEG1 BYP_ALT5 BYP5 CLBLM_L_BX }  WL1BEG1  { SW2BEG1 NL1BEG1 BYP_ALT4 BYP_L4 CLBLL_LL_BX }   { BYP_ALT4 BYP4 CLBLM_M_BX }  NN2BEG2 BYP_ALT5 BYP5 CLBLM_L_BX }  NW2BEG2  { EL1BEG1 NR1BEG1 BYP_ALT4 BYP4 CLBLM_M_BX }  BYP_ALT5 BYP_L5 CLBLL_L_BX }  "
"reverse_w4_compact_sample","u_entropy_source/RO_NUM_LOOP[1].RO_STAGE_LOOP[0].u_LUT6_not1/<const0>","data_ro_net","u_entropy_source/RO_NUM_LOOP[1].RO_STAGE_LOOP[0].u_LUT6_not1/GND/G","u_entropy_source/RO_NUM_LOOP[1].RO_STAGE_LOOP[0].u_LUT6_not1/u_LUT6/I1 u_entropy_source/RO_NUM_LOOP[1].RO_STAGE_LOOP[0].u_LUT6_not1/u_LUT6/I2 u_entropy_source/RO_NUM_LOOP[1].RO_STAGE_LOOP[0].u_LUT6_not1/u_LUT6/I3 u_entropy_source/RO_NUM_LOOP[1].RO_STAGE_LOOP[0].u_LUT6_not1/u_LUT6/I4 u_entropy_source/RO_NUM_LOOP[1].RO_STAGE_LOOP[0].u_LUT6_not1/u_LUT6/I5","u_entropy_source/RO_NUM_LOOP[1].RO_STAGE_LOOP[0].u_LUT6_not1/GND","u_entropy_source/RO_NUM_LOOP[1].RO_STAGE_LOOP[0].u_LUT6_not1/u_LUT6","6","ROUTED","922","975"," (  { INT_L_X72Y65/GND_WIRE INT_L_X72Y65/GFAN1 INT_L_X72Y65/FAN_ALT5 INT_L_X72Y65/FAN_BOUNCE5 INT_L_X72Y65/CLK_L1 CMT_TOP_L_LOWER_B_X178Y61/CMT_L_LOWER_B_CLK_IN2_INT CMT_TOP_L_LOWER_B_X178Y61/CMT_LR_LOWER_B_MMCM_CLKIN2 }  )   (  { INT_L_X72Y51/GND_WIRE  { INT_L_X72Y51/GFAN1  { INT_L_X72Y51/FAN_ALT5 INT_L_X72Y51/FAN_BOUNCE5 INT_L_X72Y51/CLK_L0 CMT_TOP_L_LOWER_B_X178Y61/CMT_LR_LOWER_B_MMCM_PSCLK }   { INT_L_X72Y51/IMUX_L15 CMT_TOP_L_LOWER_B_X178Y61/CMT_LR_LOWER_B_MMCM_DEN }   { INT_L_X72Y51/IMUX_L22 CMT_TOP_L_LOWER_B_X178Y61/CMT_LR_LOWER_B_MMCM_DWE }  INT_L_X72Y51/IMUX_L44 CMT_TOP_L_LOWER_B_X178Y61/CMT_LR_LOWER_B_MMCM_DADDR6 }  INT_L_X72Y51/GFAN0  { INT_L_X72Y51/IMUX_L0 CMT_TOP_L_LOWER_B_X178Y61/CMT_LR_LOWER_B_MMCM_DADDR0 }   { INT_L_X72Y51/IMUX_L1 CMT_TOP_L_LOWER_B_X178Y61/CMT_LR_LOWER_B_MMCM_DADDR1 }   { INT_L_X72Y51/IMUX_L2 CMT_TOP_L_LOWER_B_X178Y61/CMT_LR_LOWER_B_MMCM_DADDR2 }   { INT_L_X72Y51/IMUX_L34 CMT_TOP_L_LOWER_B_X178Y61/CMT_LR_LOWER_B_MMCM_DADDR3 }   { INT_L_X72Y51/IMUX_L35 CMT_TOP_L_LOWER_B_X178Y61/CMT_LR_LOWER_B_MMCM_DADDR5 }  INT_L_X72Y51/IMUX_L3 CMT_TOP_L_LOWER_B_X178Y61/CMT_LR_LOWER_B_MMCM_DADDR4 }  )   (  { INT_L_X72Y50/GND_WIRE  { INT_L_X72Y50/GFAN1  { INT_L_X72Y50/FAN_ALT5 INT_L_X72Y50/FAN_BOUNCE5  { INT_L_X72Y50/CLK_L0 CMT_TOP_L_LOWER_B_X178Y61/CMT_LR_LOWER_B_MMCM_DCLK }   { INT_L_X72Y50/IMUX_L1 CMT_TOP_L_LOWER_B_X178Y61/CMT_LR_LOWER_B_MMCM_DI2 }   { INT_L_X72Y50/IMUX_L33 CMT_TOP_L_LOWER_B_X178Y61/CMT_LR_LOWER_B_MMCM_DI3 }   { INT_L_X72Y50/IMUX_L35 CMT_TOP_L_LOWER_B_X178Y61/CMT_LR_LOWER_B_MMCM_DI7 }  INT_L_X72Y50/IMUX_L3 CMT_TOP_L_LOWER_B_X178Y61/CMT_LR_LOWER_B_MMCM_DI6 }   { INT_L_X72Y50/IMUX_L36 CMT_TOP_L_LOWER_B_X178Y61/CMT_LR_LOWER_B_MMCM_DI9 }   { INT_L_X72Y50/IMUX_L37 CMT_TOP_L_LOWER_B_X178Y61/CMT_LR_LOWER_B_MMCM_DI11 }   { INT_L_X72Y50/IMUX_L38 CMT_TOP_L_LOWER_B_X178Y61/CMT_LR_LOWER_B_MMCM_DI13 }   { INT_L_X72Y50/IMUX_L39 CMT_TOP_L_LOWER_B_X178Y61/CMT_LR_LOWER_B_MMCM_DI15 }   { INT_L_X72Y50/IMUX_L4 CMT_TOP_L_LOWER_B_X178Y61/CMT_LR_LOWER_B_M..."
"reverse_w4_compact_sample","u_entropy_source/RO_NUM_LOOP[1].RO_STAGE_LOOP[0].u_LUT6_not1/in0[0]","data_ro_net","u_entropy_source/RO_NUM_LOOP[1].RO_STAGE_LOOP[0].u_LUT6_not1/u_LUT6/O u_entropy_source/RO_NUM_LOOP[1].RO_STAGE_LOOP[0].u_LUT6_not1/in0[0]","","u_entropy_source/RO_NUM_LOOP[1].RO_STAGE_LOOP[0].u_LUT6_not1/u_LUT6 u_entropy_source/RO_NUM_LOOP[1].RO_STAGE_LOOP[0].u_LUT6_not1","","10","ROUTED","42","43"," { CLBLM_L_C  { CLBLM_L_CMUX CLBLM_LOGIC_OUTS18 ER1BEG1 BYP_ALT5 BYP_L5 CLBLL_L_BX }  CLBLM_LOGIC_OUTS10  { SL1BEG2 IMUX13 CLBLM_L_B6 }   { FAN_ALT5 FAN_BOUNCE5 IMUX19 CLBLM_L_B2 }   { SE2BEG2  { SL1BEG2 WL1BEG1 BYP_ALT5 BYP5 CLBLM_L_BX }  WL1BEG1  { SW2BEG1 NL1BEG1 BYP_ALT4 BYP_L4 CLBLL_LL_BX }   { BYP_ALT4 BYP4 CLBLM_M_BX }  NN2BEG2 BYP_ALT5 BYP5 CLBLM_L_BX }  NW2BEG2  { EL1BEG1 NR1BEG1 BYP_ALT4 BYP4 CLBLM_M_BX }  BYP_ALT5 BYP_L5 CLBLL_L_BX }  "
"reverse_w4_compact_sample","u_entropy_source/RO_NUM_LOOP[1].RO_STAGE_LOOP[0].u_LUT6_not1/out[0]","data_ro_net","","u_entropy_source/RO_NUM_LOOP[1].RO_STAGE_LOOP[0].u_LUT6_not1/u_LUT6/I0 u_entropy_source/RO_NUM_LOOP[1].RO_STAGE_LOOP[0].u_LUT6_not1/out[0]","","u_entropy_source/RO_NUM_LOOP[1].RO_STAGE_LOOP[0].u_LUT6_not1/u_LUT6 u_entropy_source/RO_NUM_LOOP[1].RO_STAGE_LOOP[0].u_LUT6_not1","2","ROUTED","5","6"," { CLBLM_L_B CLBLM_L_BMUX CLBLM_LOGIC_OUTS17 SR1BEG_S0 IMUX33 CLBLM_L_C1 }  "
"reverse_w4_compact_sample","u_entropy_source/RO_NUM_LOOP[2].RO_AND.u_LUT6_and2_1/<const0>","data_ro_net","u_entropy_source/RO_NUM_LOOP[2].RO_AND.u_LUT6_and2_1/GND/G","u_entropy_source/RO_NUM_LOOP[2].RO_AND.u_LUT6_and2_1/u_LUT6/I2 u_entropy_source/RO_NUM_LOOP[2].RO_AND.u_LUT6_and2_1/u_LUT6/I3 u_entropy_source/RO_NUM_LOOP[2].RO_AND.u_LUT6_and2_1/u_LUT6/I4 u_entropy_source/RO_NUM_LOOP[2].RO_AND.u_LUT6_and2_1/u_LUT6/I5","u_entropy_source/RO_NUM_LOOP[2].RO_AND.u_LUT6_and2_1/GND","u_entropy_source/RO_NUM_LOOP[2].RO_AND.u_LUT6_and2_1/u_LUT6","5","ROUTED","922","975"," (  { INT_L_X72Y65/GND_WIRE INT_L_X72Y65/GFAN1 INT_L_X72Y65/FAN_ALT5 INT_L_X72Y65/FAN_BOUNCE5 INT_L_X72Y65/CLK_L1 CMT_TOP_L_LOWER_B_X178Y61/CMT_L_LOWER_B_CLK_IN2_INT CMT_TOP_L_LOWER_B_X178Y61/CMT_LR_LOWER_B_MMCM_CLKIN2 }  )   (  { INT_L_X72Y51/GND_WIRE  { INT_L_X72Y51/GFAN1  { INT_L_X72Y51/FAN_ALT5 INT_L_X72Y51/FAN_BOUNCE5 INT_L_X72Y51/CLK_L0 CMT_TOP_L_LOWER_B_X178Y61/CMT_LR_LOWER_B_MMCM_PSCLK }   { INT_L_X72Y51/IMUX_L15 CMT_TOP_L_LOWER_B_X178Y61/CMT_LR_LOWER_B_MMCM_DEN }   { INT_L_X72Y51/IMUX_L22 CMT_TOP_L_LOWER_B_X178Y61/CMT_LR_LOWER_B_MMCM_DWE }  INT_L_X72Y51/IMUX_L44 CMT_TOP_L_LOWER_B_X178Y61/CMT_LR_LOWER_B_MMCM_DADDR6 }  INT_L_X72Y51/GFAN0  { INT_L_X72Y51/IMUX_L0 CMT_TOP_L_LOWER_B_X178Y61/CMT_LR_LOWER_B_MMCM_DADDR0 }   { INT_L_X72Y51/IMUX_L1 CMT_TOP_L_LOWER_B_X178Y61/CMT_LR_LOWER_B_MMCM_DADDR1 }   { INT_L_X72Y51/IMUX_L2 CMT_TOP_L_LOWER_B_X178Y61/CMT_LR_LOWER_B_MMCM_DADDR2 }   { INT_L_X72Y51/IMUX_L34 CMT_TOP_L_LOWER_B_X178Y61/CMT_LR_LOWER_B_MMCM_DADDR3 }   { INT_L_X72Y51/IMUX_L35 CMT_TOP_L_LOWER_B_X178Y61/CMT_LR_LOWER_B_MMCM_DADDR5 }  INT_L_X72Y51/IMUX_L3 CMT_TOP_L_LOWER_B_X178Y61/CMT_LR_LOWER_B_MMCM_DADDR4 }  )   (  { INT_L_X72Y50/GND_WIRE  { INT_L_X72Y50/GFAN1  { INT_L_X72Y50/FAN_ALT5 INT_L_X72Y50/FAN_BOUNCE5  { INT_L_X72Y50/CLK_L0 CMT_TOP_L_LOWER_B_X178Y61/CMT_LR_LOWER_B_MMCM_DCLK }   { INT_L_X72Y50/IMUX_L1 CMT_TOP_L_LOWER_B_X178Y61/CMT_LR_LOWER_B_MMCM_DI2 }   { INT_L_X72Y50/IMUX_L33 CMT_TOP_L_LOWER_B_X178Y61/CMT_LR_LOWER_B_MMCM_DI3 }   { INT_L_X72Y50/IMUX_L35 CMT_TOP_L_LOWER_B_X178Y61/CMT_LR_LOWER_B_MMCM_DI7 }  INT_L_X72Y50/IMUX_L3 CMT_TOP_L_LOWER_B_X178Y61/CMT_LR_LOWER_B_MMCM_DI6 }   { INT_L_X72Y50/IMUX_L36 CMT_TOP_L_LOWER_B_X178Y61/CMT_LR_LOWER_B_MMCM_DI9 }   { INT_L_X72Y50/IMUX_L37 CMT_TOP_L_LOWER_B_X178Y61/CMT_LR_LOWER_B_MMCM_DI11 }   { INT_L_X72Y50/IMUX_L38 CMT_TOP_L_LOWER_B_X178Y61/CMT_LR_LOWER_B_MMCM_DI13 }   { INT_L_X72Y50/IMUX_L39 CMT_TOP_L_LOWER_B_X178Y61/CMT_LR_LOWER_B_MMCM_DI15 }   { INT_L_X72Y50/IMUX_L4 CMT_TOP_L_LOWER_B_X178Y61/CMT_LR_LOWER_B_M..."
"reverse_w4_compact_sample","u_entropy_source/RO_NUM_LOOP[2].RO_AND.u_LUT6_and2_1/en","data_ro_net","","u_entropy_source/RO_NUM_LOOP[2].RO_AND.u_LUT6_and2_1/u_LUT6/I0 u_entropy_source/RO_NUM_LOOP[2].RO_AND.u_LUT6_and2_1/en","","u_entropy_source/RO_NUM_LOOP[2].RO_AND.u_LUT6_and2_1/u_LUT6 u_entropy_source/RO_NUM_LOOP[2].RO_AND.u_LUT6_and2_1","11","ROUTED","39","40"," { CLBLM_M_AQ CLBLM_LOGIC_OUTS4 NL1BEG_N3 EE2BEG3 EE2BEG3  { FAN_ALT3 FAN_BOUNCE3 IMUX3 CLBLM_L_A2 }   { NE2BEG3 SL1BEG3 IMUX_L7 CLBLL_LL_A1 }   { IMUX15 CLBLM_M_B1 }   { SS2BEG3  { IMUX15 CLBLM_M_B1 }  SL1BEG3  { IMUX14 CLBLM_L_B1 }  WW2BEG3  { WW4BEG0 WR1BEG1 WR1BEG2 IMUX28 CLBLM_M_C4 }  ER1BEG_S0  { IMUX_L2 CLBLL_LL_A2 }  IMUX_L32 CLBLL_LL_C1 }  SE2BEG3 WL1BEG2  { BYP_ALT3 BYP_BOUNCE3 IMUX15 CLBLM_M_B1 }  IMUX14 CLBLM_L_B1 }  "
"reverse_w4_compact_sample","u_entropy_source/RO_NUM_LOOP[2].RO_AND.u_LUT6_and2_1/in0[0]","data_ro_net","u_entropy_source/RO_NUM_LOOP[2].RO_AND.u_LUT6_and2_1/u_LUT6/O u_entropy_source/RO_NUM_LOOP[2].RO_AND.u_LUT6_and2_1/in0[0]","","u_entropy_source/RO_NUM_LOOP[2].RO_AND.u_LUT6_and2_1/u_LUT6 u_entropy_source/RO_NUM_LOOP[2].RO_AND.u_LUT6_and2_1","","2","ROUTED","4","5"," { CLBLL_LL_C CLBLL_LL_CMUX CLBLL_LOGIC_OUTS22 IMUX_L40 CLBLL_LL_D1 }  "
"reverse_w4_compact_sample","u_entropy_source/RO_NUM_LOOP[2].RO_AND.u_LUT6_and2_1/out[0]","data_ro_net","","u_entropy_source/RO_NUM_LOOP[2].RO_AND.u_LUT6_and2_1/u_LUT6/I1 u_entropy_source/RO_NUM_LOOP[2].RO_AND.u_LUT6_and2_1/out[0]","","u_entropy_source/RO_NUM_LOOP[2].RO_AND.u_LUT6_and2_1/u_LUT6 u_entropy_source/RO_NUM_LOOP[2].RO_AND.u_LUT6_and2_1","10","ROUTED","40","41"," { CLBLL_LL_D  { CLBLL_LOGIC_OUTS15  { FAN_ALT3 FAN_BOUNCE3  { BYP_ALT3 BYP_L3 CLBLL_LL_CX }  IMUX_L29 CLBLL_LL_C2 }  NL1BEG2  { NR1BEG2 BYP_ALT2 BYP_L2 CLBLL_L_CX }  NE2BEG2  { FAN_ALT5 FAN_BOUNCE5 BYP_ALT1 BYP1 CLBLM_M_AX }   { BYP_ALT2 BYP2 CLBLM_L_CX }  NR1BEG2 BYP_ALT3 BYP3 CLBLM_M_CX }  CLBLL_LL_DMUX CLBLL_LOGIC_OUTS23  { SE2BEG1 NR1BEG1 IMUX34 CLBLM_L_C6 }  ER1BEG2  { SL1BEG2 BYP_ALT2 BYP2 CLBLM_L_CX }  BYP_ALT3 BYP3 CLBLM_M_CX }  "
"reverse_w4_compact_sample","u_entropy_source/RO_NUM_LOOP[2].RO_STAGE_LOOP[0].u_LUT6_not1/<const0>","data_ro_net","u_entropy_source/RO_NUM_LOOP[2].RO_STAGE_LOOP[0].u_LUT6_not1/GND/G","u_entropy_source/RO_NUM_LOOP[2].RO_STAGE_LOOP[0].u_LUT6_not1/u_LUT6/I1 u_entropy_source/RO_NUM_LOOP[2].RO_STAGE_LOOP[0].u_LUT6_not1/u_LUT6/I2 u_entropy_source/RO_NUM_LOOP[2].RO_STAGE_LOOP[0].u_LUT6_not1/u_LUT6/I3 u_entropy_source/RO_NUM_LOOP[2].RO_STAGE_LOOP[0].u_LUT6_not1/u_LUT6/I4 u_entropy_source/RO_NUM_LOOP[2].RO_STAGE_LOOP[0].u_LUT6_not1/u_LUT6/I5","u_entropy_source/RO_NUM_LOOP[2].RO_STAGE_LOOP[0].u_LUT6_not1/GND","u_entropy_source/RO_NUM_LOOP[2].RO_STAGE_LOOP[0].u_LUT6_not1/u_LUT6","6","ROUTED","922","975"," (  { INT_L_X72Y65/GND_WIRE INT_L_X72Y65/GFAN1 INT_L_X72Y65/FAN_ALT5 INT_L_X72Y65/FAN_BOUNCE5 INT_L_X72Y65/CLK_L1 CMT_TOP_L_LOWER_B_X178Y61/CMT_L_LOWER_B_CLK_IN2_INT CMT_TOP_L_LOWER_B_X178Y61/CMT_LR_LOWER_B_MMCM_CLKIN2 }  )   (  { INT_L_X72Y51/GND_WIRE  { INT_L_X72Y51/GFAN1  { INT_L_X72Y51/FAN_ALT5 INT_L_X72Y51/FAN_BOUNCE5 INT_L_X72Y51/CLK_L0 CMT_TOP_L_LOWER_B_X178Y61/CMT_LR_LOWER_B_MMCM_PSCLK }   { INT_L_X72Y51/IMUX_L15 CMT_TOP_L_LOWER_B_X178Y61/CMT_LR_LOWER_B_MMCM_DEN }   { INT_L_X72Y51/IMUX_L22 CMT_TOP_L_LOWER_B_X178Y61/CMT_LR_LOWER_B_MMCM_DWE }  INT_L_X72Y51/IMUX_L44 CMT_TOP_L_LOWER_B_X178Y61/CMT_LR_LOWER_B_MMCM_DADDR6 }  INT_L_X72Y51/GFAN0  { INT_L_X72Y51/IMUX_L0 CMT_TOP_L_LOWER_B_X178Y61/CMT_LR_LOWER_B_MMCM_DADDR0 }   { INT_L_X72Y51/IMUX_L1 CMT_TOP_L_LOWER_B_X178Y61/CMT_LR_LOWER_B_MMCM_DADDR1 }   { INT_L_X72Y51/IMUX_L2 CMT_TOP_L_LOWER_B_X178Y61/CMT_LR_LOWER_B_MMCM_DADDR2 }   { INT_L_X72Y51/IMUX_L34 CMT_TOP_L_LOWER_B_X178Y61/CMT_LR_LOWER_B_MMCM_DADDR3 }   { INT_L_X72Y51/IMUX_L35 CMT_TOP_L_LOWER_B_X178Y61/CMT_LR_LOWER_B_MMCM_DADDR5 }  INT_L_X72Y51/IMUX_L3 CMT_TOP_L_LOWER_B_X178Y61/CMT_LR_LOWER_B_MMCM_DADDR4 }  )   (  { INT_L_X72Y50/GND_WIRE  { INT_L_X72Y50/GFAN1  { INT_L_X72Y50/FAN_ALT5 INT_L_X72Y50/FAN_BOUNCE5  { INT_L_X72Y50/CLK_L0 CMT_TOP_L_LOWER_B_X178Y61/CMT_LR_LOWER_B_MMCM_DCLK }   { INT_L_X72Y50/IMUX_L1 CMT_TOP_L_LOWER_B_X178Y61/CMT_LR_LOWER_B_MMCM_DI2 }   { INT_L_X72Y50/IMUX_L33 CMT_TOP_L_LOWER_B_X178Y61/CMT_LR_LOWER_B_MMCM_DI3 }   { INT_L_X72Y50/IMUX_L35 CMT_TOP_L_LOWER_B_X178Y61/CMT_LR_LOWER_B_MMCM_DI7 }  INT_L_X72Y50/IMUX_L3 CMT_TOP_L_LOWER_B_X178Y61/CMT_LR_LOWER_B_MMCM_DI6 }   { INT_L_X72Y50/IMUX_L36 CMT_TOP_L_LOWER_B_X178Y61/CMT_LR_LOWER_B_MMCM_DI9 }   { INT_L_X72Y50/IMUX_L37 CMT_TOP_L_LOWER_B_X178Y61/CMT_LR_LOWER_B_MMCM_DI11 }   { INT_L_X72Y50/IMUX_L38 CMT_TOP_L_LOWER_B_X178Y61/CMT_LR_LOWER_B_MMCM_DI13 }   { INT_L_X72Y50/IMUX_L39 CMT_TOP_L_LOWER_B_X178Y61/CMT_LR_LOWER_B_MMCM_DI15 }   { INT_L_X72Y50/IMUX_L4 CMT_TOP_L_LOWER_B_X178Y61/CMT_LR_LOWER_B_M..."
"reverse_w4_compact_sample","u_entropy_source/RO_NUM_LOOP[2].RO_STAGE_LOOP[0].u_LUT6_not1/in0[0]","data_ro_net","u_entropy_source/RO_NUM_LOOP[2].RO_STAGE_LOOP[0].u_LUT6_not1/u_LUT6/O u_entropy_source/RO_NUM_LOOP[2].RO_STAGE_LOOP[0].u_LUT6_not1/in0[0]","","u_entropy_source/RO_NUM_LOOP[2].RO_STAGE_LOOP[0].u_LUT6_not1/u_LUT6 u_entropy_source/RO_NUM_LOOP[2].RO_STAGE_LOOP[0].u_LUT6_not1","","10","ROUTED","40","41"," { CLBLL_LL_D  { CLBLL_LOGIC_OUTS15  { FAN_ALT3 FAN_BOUNCE3  { BYP_ALT3 BYP_L3 CLBLL_LL_CX }  IMUX_L29 CLBLL_LL_C2 }  NL1BEG2  { NR1BEG2 BYP_ALT2 BYP_L2 CLBLL_L_CX }  NE2BEG2  { FAN_ALT5 FAN_BOUNCE5 BYP_ALT1 BYP1 CLBLM_M_AX }   { BYP_ALT2 BYP2 CLBLM_L_CX }  NR1BEG2 BYP_ALT3 BYP3 CLBLM_M_CX }  CLBLL_LL_DMUX CLBLL_LOGIC_OUTS23  { SE2BEG1 NR1BEG1 IMUX34 CLBLM_L_C6 }  ER1BEG2  { SL1BEG2 BYP_ALT2 BYP2 CLBLM_L_CX }  BYP_ALT3 BYP3 CLBLM_M_CX }  "
"reverse_w4_compact_sample","u_entropy_source/RO_NUM_LOOP[2].RO_STAGE_LOOP[0].u_LUT6_not1/out[0]","data_ro_net","","u_entropy_source/RO_NUM_LOOP[2].RO_STAGE_LOOP[0].u_LUT6_not1/u_LUT6/I0 u_entropy_source/RO_NUM_LOOP[2].RO_STAGE_LOOP[0].u_LUT6_not1/out[0]","","u_entropy_source/RO_NUM_LOOP[2].RO_STAGE_LOOP[0].u_LUT6_not1/u_LUT6 u_entropy_source/RO_NUM_LOOP[2].RO_STAGE_LOOP[0].u_LUT6_not1","2","ROUTED","4","5"," { CLBLL_LL_C CLBLL_LL_CMUX CLBLL_LOGIC_OUTS22 IMUX_L40 CLBLL_LL_D1 }  "
"reverse_w4_compact_sample","u_entropy_source/RO_NUM_LOOP[3].RO_AND.u_LUT6_and2_1/<const0>","data_ro_net","u_entropy_source/RO_NUM_LOOP[3].RO_AND.u_LUT6_and2_1/GND/G","u_entropy_source/RO_NUM_LOOP[3].RO_AND.u_LUT6_and2_1/u_LUT6/I2 u_entropy_source/RO_NUM_LOOP[3].RO_AND.u_LUT6_and2_1/u_LUT6/I3 u_entropy_source/RO_NUM_LOOP[3].RO_AND.u_LUT6_and2_1/u_LUT6/I4 u_entropy_source/RO_NUM_LOOP[3].RO_AND.u_LUT6_and2_1/u_LUT6/I5","u_entropy_source/RO_NUM_LOOP[3].RO_AND.u_LUT6_and2_1/GND","u_entropy_source/RO_NUM_LOOP[3].RO_AND.u_LUT6_and2_1/u_LUT6","5","ROUTED","922","975"," (  { INT_L_X72Y65/GND_WIRE INT_L_X72Y65/GFAN1 INT_L_X72Y65/FAN_ALT5 INT_L_X72Y65/FAN_BOUNCE5 INT_L_X72Y65/CLK_L1 CMT_TOP_L_LOWER_B_X178Y61/CMT_L_LOWER_B_CLK_IN2_INT CMT_TOP_L_LOWER_B_X178Y61/CMT_LR_LOWER_B_MMCM_CLKIN2 }  )   (  { INT_L_X72Y51/GND_WIRE  { INT_L_X72Y51/GFAN1  { INT_L_X72Y51/FAN_ALT5 INT_L_X72Y51/FAN_BOUNCE5 INT_L_X72Y51/CLK_L0 CMT_TOP_L_LOWER_B_X178Y61/CMT_LR_LOWER_B_MMCM_PSCLK }   { INT_L_X72Y51/IMUX_L15 CMT_TOP_L_LOWER_B_X178Y61/CMT_LR_LOWER_B_MMCM_DEN }   { INT_L_X72Y51/IMUX_L22 CMT_TOP_L_LOWER_B_X178Y61/CMT_LR_LOWER_B_MMCM_DWE }  INT_L_X72Y51/IMUX_L44 CMT_TOP_L_LOWER_B_X178Y61/CMT_LR_LOWER_B_MMCM_DADDR6 }  INT_L_X72Y51/GFAN0  { INT_L_X72Y51/IMUX_L0 CMT_TOP_L_LOWER_B_X178Y61/CMT_LR_LOWER_B_MMCM_DADDR0 }   { INT_L_X72Y51/IMUX_L1 CMT_TOP_L_LOWER_B_X178Y61/CMT_LR_LOWER_B_MMCM_DADDR1 }   { INT_L_X72Y51/IMUX_L2 CMT_TOP_L_LOWER_B_X178Y61/CMT_LR_LOWER_B_MMCM_DADDR2 }   { INT_L_X72Y51/IMUX_L34 CMT_TOP_L_LOWER_B_X178Y61/CMT_LR_LOWER_B_MMCM_DADDR3 }   { INT_L_X72Y51/IMUX_L35 CMT_TOP_L_LOWER_B_X178Y61/CMT_LR_LOWER_B_MMCM_DADDR5 }  INT_L_X72Y51/IMUX_L3 CMT_TOP_L_LOWER_B_X178Y61/CMT_LR_LOWER_B_MMCM_DADDR4 }  )   (  { INT_L_X72Y50/GND_WIRE  { INT_L_X72Y50/GFAN1  { INT_L_X72Y50/FAN_ALT5 INT_L_X72Y50/FAN_BOUNCE5  { INT_L_X72Y50/CLK_L0 CMT_TOP_L_LOWER_B_X178Y61/CMT_LR_LOWER_B_MMCM_DCLK }   { INT_L_X72Y50/IMUX_L1 CMT_TOP_L_LOWER_B_X178Y61/CMT_LR_LOWER_B_MMCM_DI2 }   { INT_L_X72Y50/IMUX_L33 CMT_TOP_L_LOWER_B_X178Y61/CMT_LR_LOWER_B_MMCM_DI3 }   { INT_L_X72Y50/IMUX_L35 CMT_TOP_L_LOWER_B_X178Y61/CMT_LR_LOWER_B_MMCM_DI7 }  INT_L_X72Y50/IMUX_L3 CMT_TOP_L_LOWER_B_X178Y61/CMT_LR_LOWER_B_MMCM_DI6 }   { INT_L_X72Y50/IMUX_L36 CMT_TOP_L_LOWER_B_X178Y61/CMT_LR_LOWER_B_MMCM_DI9 }   { INT_L_X72Y50/IMUX_L37 CMT_TOP_L_LOWER_B_X178Y61/CMT_LR_LOWER_B_MMCM_DI11 }   { INT_L_X72Y50/IMUX_L38 CMT_TOP_L_LOWER_B_X178Y61/CMT_LR_LOWER_B_MMCM_DI13 }   { INT_L_X72Y50/IMUX_L39 CMT_TOP_L_LOWER_B_X178Y61/CMT_LR_LOWER_B_MMCM_DI15 }   { INT_L_X72Y50/IMUX_L4 CMT_TOP_L_LOWER_B_X178Y61/CMT_LR_LOWER_B_M..."
"reverse_w4_compact_sample","u_entropy_source/RO_NUM_LOOP[3].RO_AND.u_LUT6_and2_1/en","data_ro_net","","u_entropy_source/RO_NUM_LOOP[3].RO_AND.u_LUT6_and2_1/u_LUT6/I0 u_entropy_source/RO_NUM_LOOP[3].RO_AND.u_LUT6_and2_1/en","","u_entropy_source/RO_NUM_LOOP[3].RO_AND.u_LUT6_and2_1/u_LUT6 u_entropy_source/RO_NUM_LOOP[3].RO_AND.u_LUT6_and2_1","11","ROUTED","39","40"," { CLBLM_M_AQ CLBLM_LOGIC_OUTS4 NL1BEG_N3 EE2BEG3 EE2BEG3  { FAN_ALT3 FAN_BOUNCE3 IMUX3 CLBLM_L_A2 }   { NE2BEG3 SL1BEG3 IMUX_L7 CLBLL_LL_A1 }   { IMUX15 CLBLM_M_B1 }   { SS2BEG3  { IMUX15 CLBLM_M_B1 }  SL1BEG3  { IMUX14 CLBLM_L_B1 }  WW2BEG3  { WW4BEG0 WR1BEG1 WR1BEG2 IMUX28 CLBLM_M_C4 }  ER1BEG_S0  { IMUX_L2 CLBLL_LL_A2 }  IMUX_L32 CLBLL_LL_C1 }  SE2BEG3 WL1BEG2  { BYP_ALT3 BYP_BOUNCE3 IMUX15 CLBLM_M_B1 }  IMUX14 CLBLM_L_B1 }  "
"reverse_w4_compact_sample","u_entropy_source/RO_NUM_LOOP[3].RO_AND.u_LUT6_and2_1/in0[0]","data_ro_net","u_entropy_source/RO_NUM_LOOP[3].RO_AND.u_LUT6_and2_1/u_LUT6/O u_entropy_source/RO_NUM_LOOP[3].RO_AND.u_LUT6_and2_1/in0[0]","","u_entropy_source/RO_NUM_LOOP[3].RO_AND.u_LUT6_and2_1/u_LUT6 u_entropy_source/RO_NUM_LOOP[3].RO_AND.u_LUT6_and2_1","","2","ROUTED","7","8"," { CLBLM_M_B CLBLM_LOGIC_OUTS13 FAN_ALT6 FAN_BOUNCE6 FAN_ALT2 FAN_BOUNCE2 IMUX32 CLBLM_M_C1 }  "
"reverse_w4_compact_sample","u_entropy_source/RO_NUM_LOOP[3].RO_AND.u_LUT6_and2_1/out[0]","data_ro_net","","u_entropy_source/RO_NUM_LOOP[3].RO_AND.u_LUT6_and2_1/u_LUT6/I1 u_entropy_source/RO_NUM_LOOP[3].RO_AND.u_LUT6_and2_1/out[0]","","u_entropy_source/RO_NUM_LOOP[3].RO_AND.u_LUT6_and2_1/u_LUT6 u_entropy_source/RO_NUM_LOOP[3].RO_AND.u_LUT6_and2_1","10","ROUTED","42","43"," { CLBLM_M_C CLBLM_LOGIC_OUTS14  { WW2BEG2 ER1BEG3  { BYP_ALT7 BYP_L7 CLBLL_L_DX }   { SL1BEG3  { SR1BEG_S0 SL1BEG0 BYP_ALT0 BYP_L0 CLBLL_L_AX }  SE2BEG3 BYP_ALT6 BYP6 CLBLM_M_DX }  ER1BEG_S0  { BYP_ALT0 BYP0 CLBLM_L_AX }  FAN_ALT4 FAN_BOUNCE4 BYP_ALT7 BYP7 CLBLM_L_DX }   { SS2BEG2 FAN_ALT1 FAN_BOUNCE1  { FAN_ALT6 FAN_BOUNCE6 BYP_ALT7 BYP7 CLBLM_L_DX }  IMUX42 CLBLM_L_D6 }  FAN_ALT7 FAN_BOUNCE7  { BYP_ALT4 BYP4 CLBLM_M_BX }  IMUX18 CLBLM_M_B2 }  "
"reverse_w4_compact_sample","u_entropy_source/RO_NUM_LOOP[3].RO_STAGE_LOOP[0].u_LUT6_not1/<const0>","data_ro_net","u_entropy_source/RO_NUM_LOOP[3].RO_STAGE_LOOP[0].u_LUT6_not1/GND/G","u_entropy_source/RO_NUM_LOOP[3].RO_STAGE_LOOP[0].u_LUT6_not1/u_LUT6/I1 u_entropy_source/RO_NUM_LOOP[3].RO_STAGE_LOOP[0].u_LUT6_not1/u_LUT6/I2 u_entropy_source/RO_NUM_LOOP[3].RO_STAGE_LOOP[0].u_LUT6_not1/u_LUT6/I3 u_entropy_source/RO_NUM_LOOP[3].RO_STAGE_LOOP[0].u_LUT6_not1/u_LUT6/I4 u_entropy_source/RO_NUM_LOOP[3].RO_STAGE_LOOP[0].u_LUT6_not1/u_LUT6/I5","u_entropy_source/RO_NUM_LOOP[3].RO_STAGE_LOOP[0].u_LUT6_not1/GND","u_entropy_source/RO_NUM_LOOP[3].RO_STAGE_LOOP[0].u_LUT6_not1/u_LUT6","6","ROUTED","922","975"," (  { INT_L_X72Y65/GND_WIRE INT_L_X72Y65/GFAN1 INT_L_X72Y65/FAN_ALT5 INT_L_X72Y65/FAN_BOUNCE5 INT_L_X72Y65/CLK_L1 CMT_TOP_L_LOWER_B_X178Y61/CMT_L_LOWER_B_CLK_IN2_INT CMT_TOP_L_LOWER_B_X178Y61/CMT_LR_LOWER_B_MMCM_CLKIN2 }  )   (  { INT_L_X72Y51/GND_WIRE  { INT_L_X72Y51/GFAN1  { INT_L_X72Y51/FAN_ALT5 INT_L_X72Y51/FAN_BOUNCE5 INT_L_X72Y51/CLK_L0 CMT_TOP_L_LOWER_B_X178Y61/CMT_LR_LOWER_B_MMCM_PSCLK }   { INT_L_X72Y51/IMUX_L15 CMT_TOP_L_LOWER_B_X178Y61/CMT_LR_LOWER_B_MMCM_DEN }   { INT_L_X72Y51/IMUX_L22 CMT_TOP_L_LOWER_B_X178Y61/CMT_LR_LOWER_B_MMCM_DWE }  INT_L_X72Y51/IMUX_L44 CMT_TOP_L_LOWER_B_X178Y61/CMT_LR_LOWER_B_MMCM_DADDR6 }  INT_L_X72Y51/GFAN0  { INT_L_X72Y51/IMUX_L0 CMT_TOP_L_LOWER_B_X178Y61/CMT_LR_LOWER_B_MMCM_DADDR0 }   { INT_L_X72Y51/IMUX_L1 CMT_TOP_L_LOWER_B_X178Y61/CMT_LR_LOWER_B_MMCM_DADDR1 }   { INT_L_X72Y51/IMUX_L2 CMT_TOP_L_LOWER_B_X178Y61/CMT_LR_LOWER_B_MMCM_DADDR2 }   { INT_L_X72Y51/IMUX_L34 CMT_TOP_L_LOWER_B_X178Y61/CMT_LR_LOWER_B_MMCM_DADDR3 }   { INT_L_X72Y51/IMUX_L35 CMT_TOP_L_LOWER_B_X178Y61/CMT_LR_LOWER_B_MMCM_DADDR5 }  INT_L_X72Y51/IMUX_L3 CMT_TOP_L_LOWER_B_X178Y61/CMT_LR_LOWER_B_MMCM_DADDR4 }  )   (  { INT_L_X72Y50/GND_WIRE  { INT_L_X72Y50/GFAN1  { INT_L_X72Y50/FAN_ALT5 INT_L_X72Y50/FAN_BOUNCE5  { INT_L_X72Y50/CLK_L0 CMT_TOP_L_LOWER_B_X178Y61/CMT_LR_LOWER_B_MMCM_DCLK }   { INT_L_X72Y50/IMUX_L1 CMT_TOP_L_LOWER_B_X178Y61/CMT_LR_LOWER_B_MMCM_DI2 }   { INT_L_X72Y50/IMUX_L33 CMT_TOP_L_LOWER_B_X178Y61/CMT_LR_LOWER_B_MMCM_DI3 }   { INT_L_X72Y50/IMUX_L35 CMT_TOP_L_LOWER_B_X178Y61/CMT_LR_LOWER_B_MMCM_DI7 }  INT_L_X72Y50/IMUX_L3 CMT_TOP_L_LOWER_B_X178Y61/CMT_LR_LOWER_B_MMCM_DI6 }   { INT_L_X72Y50/IMUX_L36 CMT_TOP_L_LOWER_B_X178Y61/CMT_LR_LOWER_B_MMCM_DI9 }   { INT_L_X72Y50/IMUX_L37 CMT_TOP_L_LOWER_B_X178Y61/CMT_LR_LOWER_B_MMCM_DI11 }   { INT_L_X72Y50/IMUX_L38 CMT_TOP_L_LOWER_B_X178Y61/CMT_LR_LOWER_B_MMCM_DI13 }   { INT_L_X72Y50/IMUX_L39 CMT_TOP_L_LOWER_B_X178Y61/CMT_LR_LOWER_B_MMCM_DI15 }   { INT_L_X72Y50/IMUX_L4 CMT_TOP_L_LOWER_B_X178Y61/CMT_LR_LOWER_B_M..."
"reverse_w4_compact_sample","u_entropy_source/RO_NUM_LOOP[3].RO_STAGE_LOOP[0].u_LUT6_not1/in0[0]","data_ro_net","u_entropy_source/RO_NUM_LOOP[3].RO_STAGE_LOOP[0].u_LUT6_not1/u_LUT6/O u_entropy_source/RO_NUM_LOOP[3].RO_STAGE_LOOP[0].u_LUT6_not1/in0[0]","","u_entropy_source/RO_NUM_LOOP[3].RO_STAGE_LOOP[0].u_LUT6_not1/u_LUT6 u_entropy_source/RO_NUM_LOOP[3].RO_STAGE_LOOP[0].u_LUT6_not1","","10","ROUTED","42","43"," { CLBLM_M_C CLBLM_LOGIC_OUTS14  { WW2BEG2 ER1BEG3  { BYP_ALT7 BYP_L7 CLBLL_L_DX }   { SL1BEG3  { SR1BEG_S0 SL1BEG0 BYP_ALT0 BYP_L0 CLBLL_L_AX }  SE2BEG3 BYP_ALT6 BYP6 CLBLM_M_DX }  ER1BEG_S0  { BYP_ALT0 BYP0 CLBLM_L_AX }  FAN_ALT4 FAN_BOUNCE4 BYP_ALT7 BYP7 CLBLM_L_DX }   { SS2BEG2 FAN_ALT1 FAN_BOUNCE1  { FAN_ALT6 FAN_BOUNCE6 BYP_ALT7 BYP7 CLBLM_L_DX }  IMUX42 CLBLM_L_D6 }  FAN_ALT7 FAN_BOUNCE7  { BYP_ALT4 BYP4 CLBLM_M_BX }  IMUX18 CLBLM_M_B2 }  "
"reverse_w4_compact_sample","u_entropy_source/RO_NUM_LOOP[3].RO_STAGE_LOOP[0].u_LUT6_not1/out[0]","data_ro_net","","u_entropy_source/RO_NUM_LOOP[3].RO_STAGE_LOOP[0].u_LUT6_not1/u_LUT6/I0 u_entropy_source/RO_NUM_LOOP[3].RO_STAGE_LOOP[0].u_LUT6_not1/out[0]","","u_entropy_source/RO_NUM_LOOP[3].RO_STAGE_LOOP[0].u_LUT6_not1/u_LUT6 u_entropy_source/RO_NUM_LOOP[3].RO_STAGE_LOOP[0].u_LUT6_not1","2","ROUTED","7","8"," { CLBLM_M_B CLBLM_LOGIC_OUTS13 FAN_ALT6 FAN_BOUNCE6 FAN_ALT2 FAN_BOUNCE2 IMUX32 CLBLM_M_C1 }  "
"reverse_w4_compact_sample","u_entropy_source/RO_NUM_LOOP[4].RO_AND.u_LUT6_and2_1/<const0>","data_ro_net","u_entropy_source/RO_NUM_LOOP[4].RO_AND.u_LUT6_and2_1/GND/G","u_entropy_source/RO_NUM_LOOP[4].RO_AND.u_LUT6_and2_1/u_LUT6/I2 u_entropy_source/RO_NUM_LOOP[4].RO_AND.u_LUT6_and2_1/u_LUT6/I3 u_entropy_source/RO_NUM_LOOP[4].RO_AND.u_LUT6_and2_1/u_LUT6/I4 u_entropy_source/RO_NUM_LOOP[4].RO_AND.u_LUT6_and2_1/u_LUT6/I5","u_entropy_source/RO_NUM_LOOP[4].RO_AND.u_LUT6_and2_1/GND","u_entropy_source/RO_NUM_LOOP[4].RO_AND.u_LUT6_and2_1/u_LUT6","5","ROUTED","922","975"," (  { INT_L_X72Y65/GND_WIRE INT_L_X72Y65/GFAN1 INT_L_X72Y65/FAN_ALT5 INT_L_X72Y65/FAN_BOUNCE5 INT_L_X72Y65/CLK_L1 CMT_TOP_L_LOWER_B_X178Y61/CMT_L_LOWER_B_CLK_IN2_INT CMT_TOP_L_LOWER_B_X178Y61/CMT_LR_LOWER_B_MMCM_CLKIN2 }  )   (  { INT_L_X72Y51/GND_WIRE  { INT_L_X72Y51/GFAN1  { INT_L_X72Y51/FAN_ALT5 INT_L_X72Y51/FAN_BOUNCE5 INT_L_X72Y51/CLK_L0 CMT_TOP_L_LOWER_B_X178Y61/CMT_LR_LOWER_B_MMCM_PSCLK }   { INT_L_X72Y51/IMUX_L15 CMT_TOP_L_LOWER_B_X178Y61/CMT_LR_LOWER_B_MMCM_DEN }   { INT_L_X72Y51/IMUX_L22 CMT_TOP_L_LOWER_B_X178Y61/CMT_LR_LOWER_B_MMCM_DWE }  INT_L_X72Y51/IMUX_L44 CMT_TOP_L_LOWER_B_X178Y61/CMT_LR_LOWER_B_MMCM_DADDR6 }  INT_L_X72Y51/GFAN0  { INT_L_X72Y51/IMUX_L0 CMT_TOP_L_LOWER_B_X178Y61/CMT_LR_LOWER_B_MMCM_DADDR0 }   { INT_L_X72Y51/IMUX_L1 CMT_TOP_L_LOWER_B_X178Y61/CMT_LR_LOWER_B_MMCM_DADDR1 }   { INT_L_X72Y51/IMUX_L2 CMT_TOP_L_LOWER_B_X178Y61/CMT_LR_LOWER_B_MMCM_DADDR2 }   { INT_L_X72Y51/IMUX_L34 CMT_TOP_L_LOWER_B_X178Y61/CMT_LR_LOWER_B_MMCM_DADDR3 }   { INT_L_X72Y51/IMUX_L35 CMT_TOP_L_LOWER_B_X178Y61/CMT_LR_LOWER_B_MMCM_DADDR5 }  INT_L_X72Y51/IMUX_L3 CMT_TOP_L_LOWER_B_X178Y61/CMT_LR_LOWER_B_MMCM_DADDR4 }  )   (  { INT_L_X72Y50/GND_WIRE  { INT_L_X72Y50/GFAN1  { INT_L_X72Y50/FAN_ALT5 INT_L_X72Y50/FAN_BOUNCE5  { INT_L_X72Y50/CLK_L0 CMT_TOP_L_LOWER_B_X178Y61/CMT_LR_LOWER_B_MMCM_DCLK }   { INT_L_X72Y50/IMUX_L1 CMT_TOP_L_LOWER_B_X178Y61/CMT_LR_LOWER_B_MMCM_DI2 }   { INT_L_X72Y50/IMUX_L33 CMT_TOP_L_LOWER_B_X178Y61/CMT_LR_LOWER_B_MMCM_DI3 }   { INT_L_X72Y50/IMUX_L35 CMT_TOP_L_LOWER_B_X178Y61/CMT_LR_LOWER_B_MMCM_DI7 }  INT_L_X72Y50/IMUX_L3 CMT_TOP_L_LOWER_B_X178Y61/CMT_LR_LOWER_B_MMCM_DI6 }   { INT_L_X72Y50/IMUX_L36 CMT_TOP_L_LOWER_B_X178Y61/CMT_LR_LOWER_B_MMCM_DI9 }   { INT_L_X72Y50/IMUX_L37 CMT_TOP_L_LOWER_B_X178Y61/CMT_LR_LOWER_B_MMCM_DI11 }   { INT_L_X72Y50/IMUX_L38 CMT_TOP_L_LOWER_B_X178Y61/CMT_LR_LOWER_B_MMCM_DI13 }   { INT_L_X72Y50/IMUX_L39 CMT_TOP_L_LOWER_B_X178Y61/CMT_LR_LOWER_B_MMCM_DI15 }   { INT_L_X72Y50/IMUX_L4 CMT_TOP_L_LOWER_B_X178Y61/CMT_LR_LOWER_B_M..."
"reverse_w4_compact_sample","u_entropy_source/RO_NUM_LOOP[4].RO_AND.u_LUT6_and2_1/en","data_ro_net","","u_entropy_source/RO_NUM_LOOP[4].RO_AND.u_LUT6_and2_1/u_LUT6/I0 u_entropy_source/RO_NUM_LOOP[4].RO_AND.u_LUT6_and2_1/en","","u_entropy_source/RO_NUM_LOOP[4].RO_AND.u_LUT6_and2_1/u_LUT6 u_entropy_source/RO_NUM_LOOP[4].RO_AND.u_LUT6_and2_1","11","ROUTED","39","40"," { CLBLM_M_AQ CLBLM_LOGIC_OUTS4 NL1BEG_N3 EE2BEG3 EE2BEG3  { FAN_ALT3 FAN_BOUNCE3 IMUX3 CLBLM_L_A2 }   { NE2BEG3 SL1BEG3 IMUX_L7 CLBLL_LL_A1 }   { IMUX15 CLBLM_M_B1 }   { SS2BEG3  { IMUX15 CLBLM_M_B1 }  SL1BEG3  { IMUX14 CLBLM_L_B1 }  WW2BEG3  { WW4BEG0 WR1BEG1 WR1BEG2 IMUX28 CLBLM_M_C4 }  ER1BEG_S0  { IMUX_L2 CLBLL_LL_A2 }  IMUX_L32 CLBLL_LL_C1 }  SE2BEG3 WL1BEG2  { BYP_ALT3 BYP_BOUNCE3 IMUX15 CLBLM_M_B1 }  IMUX14 CLBLM_L_B1 }  "
"reverse_w4_compact_sample","u_entropy_source/RO_NUM_LOOP[4].RO_AND.u_LUT6_and2_1/in0[0]","data_ro_net","u_entropy_source/RO_NUM_LOOP[4].RO_AND.u_LUT6_and2_1/u_LUT6/O u_entropy_source/RO_NUM_LOOP[4].RO_AND.u_LUT6_and2_1/in0[0]","","u_entropy_source/RO_NUM_LOOP[4].RO_AND.u_LUT6_and2_1/u_LUT6 u_entropy_source/RO_NUM_LOOP[4].RO_AND.u_LUT6_and2_1","","2","ROUTED","5","6"," { CLBLL_LL_A CLBLL_LOGIC_OUTS12 NW2BEG0 EL1BEG_N3 IMUX_L15 CLBLL_LL_B1 }  "
"reverse_w4_compact_sample","u_entropy_source/RO_NUM_LOOP[4].RO_AND.u_LUT6_and2_1/out[0]","data_ro_net","","u_entropy_source/RO_NUM_LOOP[4].RO_AND.u_LUT6_and2_1/u_LUT6/I1 u_entropy_source/RO_NUM_LOOP[4].RO_AND.u_LUT6_and2_1/out[0]","","u_entropy_source/RO_NUM_LOOP[4].RO_AND.u_LUT6_and2_1/u_LUT6 u_entropy_source/RO_NUM_LOOP[4].RO_AND.u_LUT6_and2_1","10","ROUTED","39","40"," { CLBLL_LL_B CLBLL_LL_BMUX CLBLL_LOGIC_OUTS21  { WL1BEG2 NL1BEG2 BYP_ALT5 BYP5 CLBLM_L_BX }  SR1BEG_S0  { FAN_ALT2 FAN_BOUNCE2 BYP_ALT0 BYP_L0 CLBLL_L_AX }   { WW2BEG0 BYP_ALT1 BYP_L1 CLBLL_LL_AX }   { BYP_ALT1 BYP_L1 CLBLL_LL_AX }   { SL1BEG0 BYP_ALT1 BYP_L1 CLBLL_LL_AX }   { IMUX_L2 CLBLL_LL_A2 }  SW2BEG0  { BYP_ALT1 BYP1 CLBLM_M_AX }  SL1BEG0  { BYP_ALT0 BYP0 CLBLM_L_AX }  WW2BEG0 ER1BEG1 BYP_ALT5 BYP_L5 CLBLL_L_BX }  "
"reverse_w4_compact_sample","u_entropy_source/RO_NUM_LOOP[4].RO_STAGE_LOOP[0].u_LUT6_not1/<const0>","data_ro_net","u_entropy_source/RO_NUM_LOOP[4].RO_STAGE_LOOP[0].u_LUT6_not1/GND/G","u_entropy_source/RO_NUM_LOOP[4].RO_STAGE_LOOP[0].u_LUT6_not1/u_LUT6/I1 u_entropy_source/RO_NUM_LOOP[4].RO_STAGE_LOOP[0].u_LUT6_not1/u_LUT6/I2 u_entropy_source/RO_NUM_LOOP[4].RO_STAGE_LOOP[0].u_LUT6_not1/u_LUT6/I3 u_entropy_source/RO_NUM_LOOP[4].RO_STAGE_LOOP[0].u_LUT6_not1/u_LUT6/I4 u_entropy_source/RO_NUM_LOOP[4].RO_STAGE_LOOP[0].u_LUT6_not1/u_LUT6/I5","u_entropy_source/RO_NUM_LOOP[4].RO_STAGE_LOOP[0].u_LUT6_not1/GND","u_entropy_source/RO_NUM_LOOP[4].RO_STAGE_LOOP[0].u_LUT6_not1/u_LUT6","6","ROUTED","922","975"," (  { INT_L_X72Y65/GND_WIRE INT_L_X72Y65/GFAN1 INT_L_X72Y65/FAN_ALT5 INT_L_X72Y65/FAN_BOUNCE5 INT_L_X72Y65/CLK_L1 CMT_TOP_L_LOWER_B_X178Y61/CMT_L_LOWER_B_CLK_IN2_INT CMT_TOP_L_LOWER_B_X178Y61/CMT_LR_LOWER_B_MMCM_CLKIN2 }  )   (  { INT_L_X72Y51/GND_WIRE  { INT_L_X72Y51/GFAN1  { INT_L_X72Y51/FAN_ALT5 INT_L_X72Y51/FAN_BOUNCE5 INT_L_X72Y51/CLK_L0 CMT_TOP_L_LOWER_B_X178Y61/CMT_LR_LOWER_B_MMCM_PSCLK }   { INT_L_X72Y51/IMUX_L15 CMT_TOP_L_LOWER_B_X178Y61/CMT_LR_LOWER_B_MMCM_DEN }   { INT_L_X72Y51/IMUX_L22 CMT_TOP_L_LOWER_B_X178Y61/CMT_LR_LOWER_B_MMCM_DWE }  INT_L_X72Y51/IMUX_L44 CMT_TOP_L_LOWER_B_X178Y61/CMT_LR_LOWER_B_MMCM_DADDR6 }  INT_L_X72Y51/GFAN0  { INT_L_X72Y51/IMUX_L0 CMT_TOP_L_LOWER_B_X178Y61/CMT_LR_LOWER_B_MMCM_DADDR0 }   { INT_L_X72Y51/IMUX_L1 CMT_TOP_L_LOWER_B_X178Y61/CMT_LR_LOWER_B_MMCM_DADDR1 }   { INT_L_X72Y51/IMUX_L2 CMT_TOP_L_LOWER_B_X178Y61/CMT_LR_LOWER_B_MMCM_DADDR2 }   { INT_L_X72Y51/IMUX_L34 CMT_TOP_L_LOWER_B_X178Y61/CMT_LR_LOWER_B_MMCM_DADDR3 }   { INT_L_X72Y51/IMUX_L35 CMT_TOP_L_LOWER_B_X178Y61/CMT_LR_LOWER_B_MMCM_DADDR5 }  INT_L_X72Y51/IMUX_L3 CMT_TOP_L_LOWER_B_X178Y61/CMT_LR_LOWER_B_MMCM_DADDR4 }  )   (  { INT_L_X72Y50/GND_WIRE  { INT_L_X72Y50/GFAN1  { INT_L_X72Y50/FAN_ALT5 INT_L_X72Y50/FAN_BOUNCE5  { INT_L_X72Y50/CLK_L0 CMT_TOP_L_LOWER_B_X178Y61/CMT_LR_LOWER_B_MMCM_DCLK }   { INT_L_X72Y50/IMUX_L1 CMT_TOP_L_LOWER_B_X178Y61/CMT_LR_LOWER_B_MMCM_DI2 }   { INT_L_X72Y50/IMUX_L33 CMT_TOP_L_LOWER_B_X178Y61/CMT_LR_LOWER_B_MMCM_DI3 }   { INT_L_X72Y50/IMUX_L35 CMT_TOP_L_LOWER_B_X178Y61/CMT_LR_LOWER_B_MMCM_DI7 }  INT_L_X72Y50/IMUX_L3 CMT_TOP_L_LOWER_B_X178Y61/CMT_LR_LOWER_B_MMCM_DI6 }   { INT_L_X72Y50/IMUX_L36 CMT_TOP_L_LOWER_B_X178Y61/CMT_LR_LOWER_B_MMCM_DI9 }   { INT_L_X72Y50/IMUX_L37 CMT_TOP_L_LOWER_B_X178Y61/CMT_LR_LOWER_B_MMCM_DI11 }   { INT_L_X72Y50/IMUX_L38 CMT_TOP_L_LOWER_B_X178Y61/CMT_LR_LOWER_B_MMCM_DI13 }   { INT_L_X72Y50/IMUX_L39 CMT_TOP_L_LOWER_B_X178Y61/CMT_LR_LOWER_B_MMCM_DI15 }   { INT_L_X72Y50/IMUX_L4 CMT_TOP_L_LOWER_B_X178Y61/CMT_LR_LOWER_B_M..."
"reverse_w4_compact_sample","u_entropy_source/RO_NUM_LOOP[4].RO_STAGE_LOOP[0].u_LUT6_not1/in0[0]","data_ro_net","u_entropy_source/RO_NUM_LOOP[4].RO_STAGE_LOOP[0].u_LUT6_not1/u_LUT6/O u_entropy_source/RO_NUM_LOOP[4].RO_STAGE_LOOP[0].u_LUT6_not1/in0[0]","","u_entropy_source/RO_NUM_LOOP[4].RO_STAGE_LOOP[0].u_LUT6_not1/u_LUT6 u_entropy_source/RO_NUM_LOOP[4].RO_STAGE_LOOP[0].u_LUT6_not1","","10","ROUTED","39","40"," { CLBLL_LL_B CLBLL_LL_BMUX CLBLL_LOGIC_OUTS21  { WL1BEG2 NL1BEG2 BYP_ALT5 BYP5 CLBLM_L_BX }  SR1BEG_S0  { FAN_ALT2 FAN_BOUNCE2 BYP_ALT0 BYP_L0 CLBLL_L_AX }   { WW2BEG0 BYP_ALT1 BYP_L1 CLBLL_LL_AX }   { BYP_ALT1 BYP_L1 CLBLL_LL_AX }   { SL1BEG0 BYP_ALT1 BYP_L1 CLBLL_LL_AX }   { IMUX_L2 CLBLL_LL_A2 }  SW2BEG0  { BYP_ALT1 BYP1 CLBLM_M_AX }  SL1BEG0  { BYP_ALT0 BYP0 CLBLM_L_AX }  WW2BEG0 ER1BEG1 BYP_ALT5 BYP_L5 CLBLL_L_BX }  "
"reverse_w4_compact_sample","u_entropy_source/RO_NUM_LOOP[4].RO_STAGE_LOOP[0].u_LUT6_not1/out[0]","data_ro_net","","u_entropy_source/RO_NUM_LOOP[4].RO_STAGE_LOOP[0].u_LUT6_not1/u_LUT6/I0 u_entropy_source/RO_NUM_LOOP[4].RO_STAGE_LOOP[0].u_LUT6_not1/out[0]","","u_entropy_source/RO_NUM_LOOP[4].RO_STAGE_LOOP[0].u_LUT6_not1/u_LUT6 u_entropy_source/RO_NUM_LOOP[4].RO_STAGE_LOOP[0].u_LUT6_not1","2","ROUTED","5","6"," { CLBLL_LL_A CLBLL_LOGIC_OUTS12 NW2BEG0 EL1BEG_N3 IMUX_L15 CLBLL_LL_B1 }  "
"reverse_w4_compact_sample","u_entropy_source/RO_NUM_LOOP[5].RO_AND.u_LUT6_and2_1/<const0>","data_ro_net","u_entropy_source/RO_NUM_LOOP[5].RO_AND.u_LUT6_and2_1/GND/G","u_entropy_source/RO_NUM_LOOP[5].RO_AND.u_LUT6_and2_1/u_LUT6/I2 u_entropy_source/RO_NUM_LOOP[5].RO_AND.u_LUT6_and2_1/u_LUT6/I3 u_entropy_source/RO_NUM_LOOP[5].RO_AND.u_LUT6_and2_1/u_LUT6/I4 u_entropy_source/RO_NUM_LOOP[5].RO_AND.u_LUT6_and2_1/u_LUT6/I5","u_entropy_source/RO_NUM_LOOP[5].RO_AND.u_LUT6_and2_1/GND","u_entropy_source/RO_NUM_LOOP[5].RO_AND.u_LUT6_and2_1/u_LUT6","5","ROUTED","922","975"," (  { INT_L_X72Y65/GND_WIRE INT_L_X72Y65/GFAN1 INT_L_X72Y65/FAN_ALT5 INT_L_X72Y65/FAN_BOUNCE5 INT_L_X72Y65/CLK_L1 CMT_TOP_L_LOWER_B_X178Y61/CMT_L_LOWER_B_CLK_IN2_INT CMT_TOP_L_LOWER_B_X178Y61/CMT_LR_LOWER_B_MMCM_CLKIN2 }  )   (  { INT_L_X72Y51/GND_WIRE  { INT_L_X72Y51/GFAN1  { INT_L_X72Y51/FAN_ALT5 INT_L_X72Y51/FAN_BOUNCE5 INT_L_X72Y51/CLK_L0 CMT_TOP_L_LOWER_B_X178Y61/CMT_LR_LOWER_B_MMCM_PSCLK }   { INT_L_X72Y51/IMUX_L15 CMT_TOP_L_LOWER_B_X178Y61/CMT_LR_LOWER_B_MMCM_DEN }   { INT_L_X72Y51/IMUX_L22 CMT_TOP_L_LOWER_B_X178Y61/CMT_LR_LOWER_B_MMCM_DWE }  INT_L_X72Y51/IMUX_L44 CMT_TOP_L_LOWER_B_X178Y61/CMT_LR_LOWER_B_MMCM_DADDR6 }  INT_L_X72Y51/GFAN0  { INT_L_X72Y51/IMUX_L0 CMT_TOP_L_LOWER_B_X178Y61/CMT_LR_LOWER_B_MMCM_DADDR0 }   { INT_L_X72Y51/IMUX_L1 CMT_TOP_L_LOWER_B_X178Y61/CMT_LR_LOWER_B_MMCM_DADDR1 }   { INT_L_X72Y51/IMUX_L2 CMT_TOP_L_LOWER_B_X178Y61/CMT_LR_LOWER_B_MMCM_DADDR2 }   { INT_L_X72Y51/IMUX_L34 CMT_TOP_L_LOWER_B_X178Y61/CMT_LR_LOWER_B_MMCM_DADDR3 }   { INT_L_X72Y51/IMUX_L35 CMT_TOP_L_LOWER_B_X178Y61/CMT_LR_LOWER_B_MMCM_DADDR5 }  INT_L_X72Y51/IMUX_L3 CMT_TOP_L_LOWER_B_X178Y61/CMT_LR_LOWER_B_MMCM_DADDR4 }  )   (  { INT_L_X72Y50/GND_WIRE  { INT_L_X72Y50/GFAN1  { INT_L_X72Y50/FAN_ALT5 INT_L_X72Y50/FAN_BOUNCE5  { INT_L_X72Y50/CLK_L0 CMT_TOP_L_LOWER_B_X178Y61/CMT_LR_LOWER_B_MMCM_DCLK }   { INT_L_X72Y50/IMUX_L1 CMT_TOP_L_LOWER_B_X178Y61/CMT_LR_LOWER_B_MMCM_DI2 }   { INT_L_X72Y50/IMUX_L33 CMT_TOP_L_LOWER_B_X178Y61/CMT_LR_LOWER_B_MMCM_DI3 }   { INT_L_X72Y50/IMUX_L35 CMT_TOP_L_LOWER_B_X178Y61/CMT_LR_LOWER_B_MMCM_DI7 }  INT_L_X72Y50/IMUX_L3 CMT_TOP_L_LOWER_B_X178Y61/CMT_LR_LOWER_B_MMCM_DI6 }   { INT_L_X72Y50/IMUX_L36 CMT_TOP_L_LOWER_B_X178Y61/CMT_LR_LOWER_B_MMCM_DI9 }   { INT_L_X72Y50/IMUX_L37 CMT_TOP_L_LOWER_B_X178Y61/CMT_LR_LOWER_B_MMCM_DI11 }   { INT_L_X72Y50/IMUX_L38 CMT_TOP_L_LOWER_B_X178Y61/CMT_LR_LOWER_B_MMCM_DI13 }   { INT_L_X72Y50/IMUX_L39 CMT_TOP_L_LOWER_B_X178Y61/CMT_LR_LOWER_B_MMCM_DI15 }   { INT_L_X72Y50/IMUX_L4 CMT_TOP_L_LOWER_B_X178Y61/CMT_LR_LOWER_B_M..."
"reverse_w4_compact_sample","u_entropy_source/RO_NUM_LOOP[5].RO_AND.u_LUT6_and2_1/en","data_ro_net","","u_entropy_source/RO_NUM_LOOP[5].RO_AND.u_LUT6_and2_1/u_LUT6/I0 u_entropy_source/RO_NUM_LOOP[5].RO_AND.u_LUT6_and2_1/en","","u_entropy_source/RO_NUM_LOOP[5].RO_AND.u_LUT6_and2_1/u_LUT6 u_entropy_source/RO_NUM_LOOP[5].RO_AND.u_LUT6_and2_1","11","ROUTED","39","40"," { CLBLM_M_AQ CLBLM_LOGIC_OUTS4 NL1BEG_N3 EE2BEG3 EE2BEG3  { FAN_ALT3 FAN_BOUNCE3 IMUX3 CLBLM_L_A2 }   { NE2BEG3 SL1BEG3 IMUX_L7 CLBLL_LL_A1 }   { IMUX15 CLBLM_M_B1 }   { SS2BEG3  { IMUX15 CLBLM_M_B1 }  SL1BEG3  { IMUX14 CLBLM_L_B1 }  WW2BEG3  { WW4BEG0 WR1BEG1 WR1BEG2 IMUX28 CLBLM_M_C4 }  ER1BEG_S0  { IMUX_L2 CLBLL_LL_A2 }  IMUX_L32 CLBLL_LL_C1 }  SE2BEG3 WL1BEG2  { BYP_ALT3 BYP_BOUNCE3 IMUX15 CLBLM_M_B1 }  IMUX14 CLBLM_L_B1 }  "
"reverse_w4_compact_sample","u_entropy_source/RO_NUM_LOOP[5].RO_AND.u_LUT6_and2_1/in0[0]","data_ro_net","u_entropy_source/RO_NUM_LOOP[5].RO_AND.u_LUT6_and2_1/u_LUT6/O u_entropy_source/RO_NUM_LOOP[5].RO_AND.u_LUT6_and2_1/in0[0]","","u_entropy_source/RO_NUM_LOOP[5].RO_AND.u_LUT6_and2_1/u_LUT6 u_entropy_source/RO_NUM_LOOP[5].RO_AND.u_LUT6_and2_1","","2","ROUTED","5","6"," { CLBLM_L_B CLBLM_L_BMUX CLBLM_LOGIC_OUTS17 SR1BEG_S0 IMUX33 CLBLM_L_C1 }  "
"reverse_w4_compact_sample","u_entropy_source/RO_NUM_LOOP[5].RO_AND.u_LUT6_and2_1/out[0]","data_ro_net","","u_entropy_source/RO_NUM_LOOP[5].RO_AND.u_LUT6_and2_1/u_LUT6/I1 u_entropy_source/RO_NUM_LOOP[5].RO_AND.u_LUT6_and2_1/out[0]","","u_entropy_source/RO_NUM_LOOP[5].RO_AND.u_LUT6_and2_1/u_LUT6 u_entropy_source/RO_NUM_LOOP[5].RO_AND.u_LUT6_and2_1","10","ROUTED","40","41"," { CLBLM_L_C CLBLM_LOGIC_OUTS10 NW2BEG2  { BYP_ALT2 BYP_L2 CLBLL_L_CX }   { EL1BEG1  { SL1BEG1 IMUX19 CLBLM_L_B2 }  NE2BEG1  { BYP_ALT4 BYP_L4 CLBLL_LL_BX }  NR1BEG1  { NR1BEG1 WR1BEG2 BYP_ALT2 BYP2 CLBLM_L_CX }   { BYP_ALT4 BYP_L4 CLBLL_LL_BX }  BYP_ALT5 BYP_L5 CLBLL_L_BX }  NL1BEG1  { NR1BEG1 BYP_ALT4 BYP_L4 CLBLL_LL_BX }  NE2BEG1  { SL1BEG1 BYP_ALT4 BYP4 CLBLM_M_BX }  SE2BEG1 SW2BEG1 BYP_ALT5 BYP5 CLBLM_L_BX }  "
"reverse_w4_compact_sample","u_entropy_source/RO_NUM_LOOP[5].RO_STAGE_LOOP[0].u_LUT6_not1/<const0>","data_ro_net","u_entropy_source/RO_NUM_LOOP[5].RO_STAGE_LOOP[0].u_LUT6_not1/GND/G","u_entropy_source/RO_NUM_LOOP[5].RO_STAGE_LOOP[0].u_LUT6_not1/u_LUT6/I1 u_entropy_source/RO_NUM_LOOP[5].RO_STAGE_LOOP[0].u_LUT6_not1/u_LUT6/I2 u_entropy_source/RO_NUM_LOOP[5].RO_STAGE_LOOP[0].u_LUT6_not1/u_LUT6/I3 u_entropy_source/RO_NUM_LOOP[5].RO_STAGE_LOOP[0].u_LUT6_not1/u_LUT6/I4 u_entropy_source/RO_NUM_LOOP[5].RO_STAGE_LOOP[0].u_LUT6_not1/u_LUT6/I5","u_entropy_source/RO_NUM_LOOP[5].RO_STAGE_LOOP[0].u_LUT6_not1/GND","u_entropy_source/RO_NUM_LOOP[5].RO_STAGE_LOOP[0].u_LUT6_not1/u_LUT6","6","ROUTED","922","975"," (  { INT_L_X72Y65/GND_WIRE INT_L_X72Y65/GFAN1 INT_L_X72Y65/FAN_ALT5 INT_L_X72Y65/FAN_BOUNCE5 INT_L_X72Y65/CLK_L1 CMT_TOP_L_LOWER_B_X178Y61/CMT_L_LOWER_B_CLK_IN2_INT CMT_TOP_L_LOWER_B_X178Y61/CMT_LR_LOWER_B_MMCM_CLKIN2 }  )   (  { INT_L_X72Y51/GND_WIRE  { INT_L_X72Y51/GFAN1  { INT_L_X72Y51/FAN_ALT5 INT_L_X72Y51/FAN_BOUNCE5 INT_L_X72Y51/CLK_L0 CMT_TOP_L_LOWER_B_X178Y61/CMT_LR_LOWER_B_MMCM_PSCLK }   { INT_L_X72Y51/IMUX_L15 CMT_TOP_L_LOWER_B_X178Y61/CMT_LR_LOWER_B_MMCM_DEN }   { INT_L_X72Y51/IMUX_L22 CMT_TOP_L_LOWER_B_X178Y61/CMT_LR_LOWER_B_MMCM_DWE }  INT_L_X72Y51/IMUX_L44 CMT_TOP_L_LOWER_B_X178Y61/CMT_LR_LOWER_B_MMCM_DADDR6 }  INT_L_X72Y51/GFAN0  { INT_L_X72Y51/IMUX_L0 CMT_TOP_L_LOWER_B_X178Y61/CMT_LR_LOWER_B_MMCM_DADDR0 }   { INT_L_X72Y51/IMUX_L1 CMT_TOP_L_LOWER_B_X178Y61/CMT_LR_LOWER_B_MMCM_DADDR1 }   { INT_L_X72Y51/IMUX_L2 CMT_TOP_L_LOWER_B_X178Y61/CMT_LR_LOWER_B_MMCM_DADDR2 }   { INT_L_X72Y51/IMUX_L34 CMT_TOP_L_LOWER_B_X178Y61/CMT_LR_LOWER_B_MMCM_DADDR3 }   { INT_L_X72Y51/IMUX_L35 CMT_TOP_L_LOWER_B_X178Y61/CMT_LR_LOWER_B_MMCM_DADDR5 }  INT_L_X72Y51/IMUX_L3 CMT_TOP_L_LOWER_B_X178Y61/CMT_LR_LOWER_B_MMCM_DADDR4 }  )   (  { INT_L_X72Y50/GND_WIRE  { INT_L_X72Y50/GFAN1  { INT_L_X72Y50/FAN_ALT5 INT_L_X72Y50/FAN_BOUNCE5  { INT_L_X72Y50/CLK_L0 CMT_TOP_L_LOWER_B_X178Y61/CMT_LR_LOWER_B_MMCM_DCLK }   { INT_L_X72Y50/IMUX_L1 CMT_TOP_L_LOWER_B_X178Y61/CMT_LR_LOWER_B_MMCM_DI2 }   { INT_L_X72Y50/IMUX_L33 CMT_TOP_L_LOWER_B_X178Y61/CMT_LR_LOWER_B_MMCM_DI3 }   { INT_L_X72Y50/IMUX_L35 CMT_TOP_L_LOWER_B_X178Y61/CMT_LR_LOWER_B_MMCM_DI7 }  INT_L_X72Y50/IMUX_L3 CMT_TOP_L_LOWER_B_X178Y61/CMT_LR_LOWER_B_MMCM_DI6 }   { INT_L_X72Y50/IMUX_L36 CMT_TOP_L_LOWER_B_X178Y61/CMT_LR_LOWER_B_MMCM_DI9 }   { INT_L_X72Y50/IMUX_L37 CMT_TOP_L_LOWER_B_X178Y61/CMT_LR_LOWER_B_MMCM_DI11 }   { INT_L_X72Y50/IMUX_L38 CMT_TOP_L_LOWER_B_X178Y61/CMT_LR_LOWER_B_MMCM_DI13 }   { INT_L_X72Y50/IMUX_L39 CMT_TOP_L_LOWER_B_X178Y61/CMT_LR_LOWER_B_MMCM_DI15 }   { INT_L_X72Y50/IMUX_L4 CMT_TOP_L_LOWER_B_X178Y61/CMT_LR_LOWER_B_M..."
"reverse_w4_compact_sample","u_entropy_source/RO_NUM_LOOP[5].RO_STAGE_LOOP[0].u_LUT6_not1/in0[0]","data_ro_net","u_entropy_source/RO_NUM_LOOP[5].RO_STAGE_LOOP[0].u_LUT6_not1/u_LUT6/O u_entropy_source/RO_NUM_LOOP[5].RO_STAGE_LOOP[0].u_LUT6_not1/in0[0]","","u_entropy_source/RO_NUM_LOOP[5].RO_STAGE_LOOP[0].u_LUT6_not1/u_LUT6 u_entropy_source/RO_NUM_LOOP[5].RO_STAGE_LOOP[0].u_LUT6_not1","","10","ROUTED","40","41"," { CLBLM_L_C CLBLM_LOGIC_OUTS10 NW2BEG2  { BYP_ALT2 BYP_L2 CLBLL_L_CX }   { EL1BEG1  { SL1BEG1 IMUX19 CLBLM_L_B2 }  NE2BEG1  { BYP_ALT4 BYP_L4 CLBLL_LL_BX }  NR1BEG1  { NR1BEG1 WR1BEG2 BYP_ALT2 BYP2 CLBLM_L_CX }   { BYP_ALT4 BYP_L4 CLBLL_LL_BX }  BYP_ALT5 BYP_L5 CLBLL_L_BX }  NL1BEG1  { NR1BEG1 BYP_ALT4 BYP_L4 CLBLL_LL_BX }  NE2BEG1  { SL1BEG1 BYP_ALT4 BYP4 CLBLM_M_BX }  SE2BEG1 SW2BEG1 BYP_ALT5 BYP5 CLBLM_L_BX }  "
"reverse_w4_compact_sample","u_entropy_source/RO_NUM_LOOP[5].RO_STAGE_LOOP[0].u_LUT6_not1/out[0]","data_ro_net","","u_entropy_source/RO_NUM_LOOP[5].RO_STAGE_LOOP[0].u_LUT6_not1/u_LUT6/I0 u_entropy_source/RO_NUM_LOOP[5].RO_STAGE_LOOP[0].u_LUT6_not1/out[0]","","u_entropy_source/RO_NUM_LOOP[5].RO_STAGE_LOOP[0].u_LUT6_not1/u_LUT6 u_entropy_source/RO_NUM_LOOP[5].RO_STAGE_LOOP[0].u_LUT6_not1","2","ROUTED","5","6"," { CLBLM_L_B CLBLM_L_BMUX CLBLM_LOGIC_OUTS17 SR1BEG_S0 IMUX33 CLBLM_L_C1 }  "
"reverse_w4_compact_sample","u_entropy_source/RO_NUM_LOOP[6].RO_AND.u_LUT6_and2_1/<const0>","data_ro_net","u_entropy_source/RO_NUM_LOOP[6].RO_AND.u_LUT6_and2_1/GND/G","u_entropy_source/RO_NUM_LOOP[6].RO_AND.u_LUT6_and2_1/u_LUT6/I2 u_entropy_source/RO_NUM_LOOP[6].RO_AND.u_LUT6_and2_1/u_LUT6/I3 u_entropy_source/RO_NUM_LOOP[6].RO_AND.u_LUT6_and2_1/u_LUT6/I4 u_entropy_source/RO_NUM_LOOP[6].RO_AND.u_LUT6_and2_1/u_LUT6/I5","u_entropy_source/RO_NUM_LOOP[6].RO_AND.u_LUT6_and2_1/GND","u_entropy_source/RO_NUM_LOOP[6].RO_AND.u_LUT6_and2_1/u_LUT6","5","ROUTED","922","975"," (  { INT_L_X72Y65/GND_WIRE INT_L_X72Y65/GFAN1 INT_L_X72Y65/FAN_ALT5 INT_L_X72Y65/FAN_BOUNCE5 INT_L_X72Y65/CLK_L1 CMT_TOP_L_LOWER_B_X178Y61/CMT_L_LOWER_B_CLK_IN2_INT CMT_TOP_L_LOWER_B_X178Y61/CMT_LR_LOWER_B_MMCM_CLKIN2 }  )   (  { INT_L_X72Y51/GND_WIRE  { INT_L_X72Y51/GFAN1  { INT_L_X72Y51/FAN_ALT5 INT_L_X72Y51/FAN_BOUNCE5 INT_L_X72Y51/CLK_L0 CMT_TOP_L_LOWER_B_X178Y61/CMT_LR_LOWER_B_MMCM_PSCLK }   { INT_L_X72Y51/IMUX_L15 CMT_TOP_L_LOWER_B_X178Y61/CMT_LR_LOWER_B_MMCM_DEN }   { INT_L_X72Y51/IMUX_L22 CMT_TOP_L_LOWER_B_X178Y61/CMT_LR_LOWER_B_MMCM_DWE }  INT_L_X72Y51/IMUX_L44 CMT_TOP_L_LOWER_B_X178Y61/CMT_LR_LOWER_B_MMCM_DADDR6 }  INT_L_X72Y51/GFAN0  { INT_L_X72Y51/IMUX_L0 CMT_TOP_L_LOWER_B_X178Y61/CMT_LR_LOWER_B_MMCM_DADDR0 }   { INT_L_X72Y51/IMUX_L1 CMT_TOP_L_LOWER_B_X178Y61/CMT_LR_LOWER_B_MMCM_DADDR1 }   { INT_L_X72Y51/IMUX_L2 CMT_TOP_L_LOWER_B_X178Y61/CMT_LR_LOWER_B_MMCM_DADDR2 }   { INT_L_X72Y51/IMUX_L34 CMT_TOP_L_LOWER_B_X178Y61/CMT_LR_LOWER_B_MMCM_DADDR3 }   { INT_L_X72Y51/IMUX_L35 CMT_TOP_L_LOWER_B_X178Y61/CMT_LR_LOWER_B_MMCM_DADDR5 }  INT_L_X72Y51/IMUX_L3 CMT_TOP_L_LOWER_B_X178Y61/CMT_LR_LOWER_B_MMCM_DADDR4 }  )   (  { INT_L_X72Y50/GND_WIRE  { INT_L_X72Y50/GFAN1  { INT_L_X72Y50/FAN_ALT5 INT_L_X72Y50/FAN_BOUNCE5  { INT_L_X72Y50/CLK_L0 CMT_TOP_L_LOWER_B_X178Y61/CMT_LR_LOWER_B_MMCM_DCLK }   { INT_L_X72Y50/IMUX_L1 CMT_TOP_L_LOWER_B_X178Y61/CMT_LR_LOWER_B_MMCM_DI2 }   { INT_L_X72Y50/IMUX_L33 CMT_TOP_L_LOWER_B_X178Y61/CMT_LR_LOWER_B_MMCM_DI3 }   { INT_L_X72Y50/IMUX_L35 CMT_TOP_L_LOWER_B_X178Y61/CMT_LR_LOWER_B_MMCM_DI7 }  INT_L_X72Y50/IMUX_L3 CMT_TOP_L_LOWER_B_X178Y61/CMT_LR_LOWER_B_MMCM_DI6 }   { INT_L_X72Y50/IMUX_L36 CMT_TOP_L_LOWER_B_X178Y61/CMT_LR_LOWER_B_MMCM_DI9 }   { INT_L_X72Y50/IMUX_L37 CMT_TOP_L_LOWER_B_X178Y61/CMT_LR_LOWER_B_MMCM_DI11 }   { INT_L_X72Y50/IMUX_L38 CMT_TOP_L_LOWER_B_X178Y61/CMT_LR_LOWER_B_MMCM_DI13 }   { INT_L_X72Y50/IMUX_L39 CMT_TOP_L_LOWER_B_X178Y61/CMT_LR_LOWER_B_MMCM_DI15 }   { INT_L_X72Y50/IMUX_L4 CMT_TOP_L_LOWER_B_X178Y61/CMT_LR_LOWER_B_M..."
"reverse_w4_compact_sample","u_entropy_source/RO_NUM_LOOP[6].RO_AND.u_LUT6_and2_1/en","data_ro_net","","u_entropy_source/RO_NUM_LOOP[6].RO_AND.u_LUT6_and2_1/u_LUT6/I0 u_entropy_source/RO_NUM_LOOP[6].RO_AND.u_LUT6_and2_1/en","","u_entropy_source/RO_NUM_LOOP[6].RO_AND.u_LUT6_and2_1/u_LUT6 u_entropy_source/RO_NUM_LOOP[6].RO_AND.u_LUT6_and2_1","11","ROUTED","39","40"," { CLBLM_M_AQ CLBLM_LOGIC_OUTS4 NL1BEG_N3 EE2BEG3 EE2BEG3  { FAN_ALT3 FAN_BOUNCE3 IMUX3 CLBLM_L_A2 }   { NE2BEG3 SL1BEG3 IMUX_L7 CLBLL_LL_A1 }   { IMUX15 CLBLM_M_B1 }   { SS2BEG3  { IMUX15 CLBLM_M_B1 }  SL1BEG3  { IMUX14 CLBLM_L_B1 }  WW2BEG3  { WW4BEG0 WR1BEG1 WR1BEG2 IMUX28 CLBLM_M_C4 }  ER1BEG_S0  { IMUX_L2 CLBLL_LL_A2 }  IMUX_L32 CLBLL_LL_C1 }  SE2BEG3 WL1BEG2  { BYP_ALT3 BYP_BOUNCE3 IMUX15 CLBLM_M_B1 }  IMUX14 CLBLM_L_B1 }  "
"reverse_w4_compact_sample","u_entropy_source/RO_NUM_LOOP[6].RO_AND.u_LUT6_and2_1/in0[0]","data_ro_net","u_entropy_source/RO_NUM_LOOP[6].RO_AND.u_LUT6_and2_1/u_LUT6/O u_entropy_source/RO_NUM_LOOP[6].RO_AND.u_LUT6_and2_1/in0[0]","","u_entropy_source/RO_NUM_LOOP[6].RO_AND.u_LUT6_and2_1/u_LUT6 u_entropy_source/RO_NUM_LOOP[6].RO_AND.u_LUT6_and2_1","","2","ROUTED","6","7"," { CLBLM_M_B CLBLM_LOGIC_OUTS13 NW2BEG1 EL1BEG0 SL1BEG0 IMUX32 CLBLM_M_C1 }  "
"reverse_w4_compact_sample","u_entropy_source/RO_NUM_LOOP[6].RO_AND.u_LUT6_and2_1/out[0]","data_ro_net","","u_entropy_source/RO_NUM_LOOP[6].RO_AND.u_LUT6_and2_1/u_LUT6/I1 u_entropy_source/RO_NUM_LOOP[6].RO_AND.u_LUT6_and2_1/out[0]","","u_entropy_source/RO_NUM_LOOP[6].RO_AND.u_LUT6_and2_1/u_LUT6 u_entropy_source/RO_NUM_LOOP[6].RO_AND.u_LUT6_and2_1","10","ROUTED","37","38"," { CLBLM_M_C  { CLBLM_M_CMUX CLBLM_LOGIC_OUTS22 SS2BEG0 BYP_ALT1 BYP1 CLBLM_M_AX }  CLBLM_LOGIC_OUTS14  { FAN_ALT7 FAN_BOUNCE7 IMUX18 CLBLM_M_B2 }  EE2BEG2 WR1BEG3  { SW2BEG2 BYP_ALT2 BYP2 CLBLM_L_CX }   { BYP_ALT3 BYP_L3 CLBLL_LL_CX }  NL1BEG2  { BYP_ALT2  { BYP_L2 CLBLL_L_CX }  BYP_BOUNCE2 BYP_ALT3 BYP_L3 CLBLL_LL_CX }  NR1BEG2 WR1BEG3  { SW2BEG2 BYP_ALT3 BYP_L3 CLBLL_LL_CX }  BYP_ALT6 BYP6 CLBLM_M_DX }  "
"reverse_w4_compact_sample","u_entropy_source/RO_NUM_LOOP[6].RO_STAGE_LOOP[0].u_LUT6_not1/<const0>","data_ro_net","u_entropy_source/RO_NUM_LOOP[6].RO_STAGE_LOOP[0].u_LUT6_not1/GND/G","u_entropy_source/RO_NUM_LOOP[6].RO_STAGE_LOOP[0].u_LUT6_not1/u_LUT6/I1 u_entropy_source/RO_NUM_LOOP[6].RO_STAGE_LOOP[0].u_LUT6_not1/u_LUT6/I2 u_entropy_source/RO_NUM_LOOP[6].RO_STAGE_LOOP[0].u_LUT6_not1/u_LUT6/I3 u_entropy_source/RO_NUM_LOOP[6].RO_STAGE_LOOP[0].u_LUT6_not1/u_LUT6/I4 u_entropy_source/RO_NUM_LOOP[6].RO_STAGE_LOOP[0].u_LUT6_not1/u_LUT6/I5","u_entropy_source/RO_NUM_LOOP[6].RO_STAGE_LOOP[0].u_LUT6_not1/GND","u_entropy_source/RO_NUM_LOOP[6].RO_STAGE_LOOP[0].u_LUT6_not1/u_LUT6","6","ROUTED","922","975"," (  { INT_L_X72Y65/GND_WIRE INT_L_X72Y65/GFAN1 INT_L_X72Y65/FAN_ALT5 INT_L_X72Y65/FAN_BOUNCE5 INT_L_X72Y65/CLK_L1 CMT_TOP_L_LOWER_B_X178Y61/CMT_L_LOWER_B_CLK_IN2_INT CMT_TOP_L_LOWER_B_X178Y61/CMT_LR_LOWER_B_MMCM_CLKIN2 }  )   (  { INT_L_X72Y51/GND_WIRE  { INT_L_X72Y51/GFAN1  { INT_L_X72Y51/FAN_ALT5 INT_L_X72Y51/FAN_BOUNCE5 INT_L_X72Y51/CLK_L0 CMT_TOP_L_LOWER_B_X178Y61/CMT_LR_LOWER_B_MMCM_PSCLK }   { INT_L_X72Y51/IMUX_L15 CMT_TOP_L_LOWER_B_X178Y61/CMT_LR_LOWER_B_MMCM_DEN }   { INT_L_X72Y51/IMUX_L22 CMT_TOP_L_LOWER_B_X178Y61/CMT_LR_LOWER_B_MMCM_DWE }  INT_L_X72Y51/IMUX_L44 CMT_TOP_L_LOWER_B_X178Y61/CMT_LR_LOWER_B_MMCM_DADDR6 }  INT_L_X72Y51/GFAN0  { INT_L_X72Y51/IMUX_L0 CMT_TOP_L_LOWER_B_X178Y61/CMT_LR_LOWER_B_MMCM_DADDR0 }   { INT_L_X72Y51/IMUX_L1 CMT_TOP_L_LOWER_B_X178Y61/CMT_LR_LOWER_B_MMCM_DADDR1 }   { INT_L_X72Y51/IMUX_L2 CMT_TOP_L_LOWER_B_X178Y61/CMT_LR_LOWER_B_MMCM_DADDR2 }   { INT_L_X72Y51/IMUX_L34 CMT_TOP_L_LOWER_B_X178Y61/CMT_LR_LOWER_B_MMCM_DADDR3 }   { INT_L_X72Y51/IMUX_L35 CMT_TOP_L_LOWER_B_X178Y61/CMT_LR_LOWER_B_MMCM_DADDR5 }  INT_L_X72Y51/IMUX_L3 CMT_TOP_L_LOWER_B_X178Y61/CMT_LR_LOWER_B_MMCM_DADDR4 }  )   (  { INT_L_X72Y50/GND_WIRE  { INT_L_X72Y50/GFAN1  { INT_L_X72Y50/FAN_ALT5 INT_L_X72Y50/FAN_BOUNCE5  { INT_L_X72Y50/CLK_L0 CMT_TOP_L_LOWER_B_X178Y61/CMT_LR_LOWER_B_MMCM_DCLK }   { INT_L_X72Y50/IMUX_L1 CMT_TOP_L_LOWER_B_X178Y61/CMT_LR_LOWER_B_MMCM_DI2 }   { INT_L_X72Y50/IMUX_L33 CMT_TOP_L_LOWER_B_X178Y61/CMT_LR_LOWER_B_MMCM_DI3 }   { INT_L_X72Y50/IMUX_L35 CMT_TOP_L_LOWER_B_X178Y61/CMT_LR_LOWER_B_MMCM_DI7 }  INT_L_X72Y50/IMUX_L3 CMT_TOP_L_LOWER_B_X178Y61/CMT_LR_LOWER_B_MMCM_DI6 }   { INT_L_X72Y50/IMUX_L36 CMT_TOP_L_LOWER_B_X178Y61/CMT_LR_LOWER_B_MMCM_DI9 }   { INT_L_X72Y50/IMUX_L37 CMT_TOP_L_LOWER_B_X178Y61/CMT_LR_LOWER_B_MMCM_DI11 }   { INT_L_X72Y50/IMUX_L38 CMT_TOP_L_LOWER_B_X178Y61/CMT_LR_LOWER_B_MMCM_DI13 }   { INT_L_X72Y50/IMUX_L39 CMT_TOP_L_LOWER_B_X178Y61/CMT_LR_LOWER_B_MMCM_DI15 }   { INT_L_X72Y50/IMUX_L4 CMT_TOP_L_LOWER_B_X178Y61/CMT_LR_LOWER_B_M..."
"reverse_w4_compact_sample","u_entropy_source/RO_NUM_LOOP[6].RO_STAGE_LOOP[0].u_LUT6_not1/in0[0]","data_ro_net","u_entropy_source/RO_NUM_LOOP[6].RO_STAGE_LOOP[0].u_LUT6_not1/u_LUT6/O u_entropy_source/RO_NUM_LOOP[6].RO_STAGE_LOOP[0].u_LUT6_not1/in0[0]","","u_entropy_source/RO_NUM_LOOP[6].RO_STAGE_LOOP[0].u_LUT6_not1/u_LUT6 u_entropy_source/RO_NUM_LOOP[6].RO_STAGE_LOOP[0].u_LUT6_not1","","10","ROUTED","37","38"," { CLBLM_M_C  { CLBLM_M_CMUX CLBLM_LOGIC_OUTS22 SS2BEG0 BYP_ALT1 BYP1 CLBLM_M_AX }  CLBLM_LOGIC_OUTS14  { FAN_ALT7 FAN_BOUNCE7 IMUX18 CLBLM_M_B2 }  EE2BEG2 WR1BEG3  { SW2BEG2 BYP_ALT2 BYP2 CLBLM_L_CX }   { BYP_ALT3 BYP_L3 CLBLL_LL_CX }  NL1BEG2  { BYP_ALT2  { BYP_L2 CLBLL_L_CX }  BYP_BOUNCE2 BYP_ALT3 BYP_L3 CLBLL_LL_CX }  NR1BEG2 WR1BEG3  { SW2BEG2 BYP_ALT3 BYP_L3 CLBLL_LL_CX }  BYP_ALT6 BYP6 CLBLM_M_DX }  "
"reverse_w4_compact_sample","u_entropy_source/RO_NUM_LOOP[6].RO_STAGE_LOOP[0].u_LUT6_not1/out[0]","data_ro_net","","u_entropy_source/RO_NUM_LOOP[6].RO_STAGE_LOOP[0].u_LUT6_not1/u_LUT6/I0 u_entropy_source/RO_NUM_LOOP[6].RO_STAGE_LOOP[0].u_LUT6_not1/out[0]","","u_entropy_source/RO_NUM_LOOP[6].RO_STAGE_LOOP[0].u_LUT6_not1/u_LUT6 u_entropy_source/RO_NUM_LOOP[6].RO_STAGE_LOOP[0].u_LUT6_not1","2","ROUTED","6","7"," { CLBLM_M_B CLBLM_LOGIC_OUTS13 NW2BEG1 EL1BEG0 SL1BEG0 IMUX32 CLBLM_M_C1 }  "
"reverse_w4_compact_sample","u_entropy_source/RO_NUM_LOOP[7].RO_AND.u_LUT6_and2_1/<const0>","data_ro_net","u_entropy_source/RO_NUM_LOOP[7].RO_AND.u_LUT6_and2_1/GND/G","u_entropy_source/RO_NUM_LOOP[7].RO_AND.u_LUT6_and2_1/u_LUT6/I2 u_entropy_source/RO_NUM_LOOP[7].RO_AND.u_LUT6_and2_1/u_LUT6/I3 u_entropy_source/RO_NUM_LOOP[7].RO_AND.u_LUT6_and2_1/u_LUT6/I4 u_entropy_source/RO_NUM_LOOP[7].RO_AND.u_LUT6_and2_1/u_LUT6/I5","u_entropy_source/RO_NUM_LOOP[7].RO_AND.u_LUT6_and2_1/GND","u_entropy_source/RO_NUM_LOOP[7].RO_AND.u_LUT6_and2_1/u_LUT6","5","ROUTED","922","975"," (  { INT_L_X72Y65/GND_WIRE INT_L_X72Y65/GFAN1 INT_L_X72Y65/FAN_ALT5 INT_L_X72Y65/FAN_BOUNCE5 INT_L_X72Y65/CLK_L1 CMT_TOP_L_LOWER_B_X178Y61/CMT_L_LOWER_B_CLK_IN2_INT CMT_TOP_L_LOWER_B_X178Y61/CMT_LR_LOWER_B_MMCM_CLKIN2 }  )   (  { INT_L_X72Y51/GND_WIRE  { INT_L_X72Y51/GFAN1  { INT_L_X72Y51/FAN_ALT5 INT_L_X72Y51/FAN_BOUNCE5 INT_L_X72Y51/CLK_L0 CMT_TOP_L_LOWER_B_X178Y61/CMT_LR_LOWER_B_MMCM_PSCLK }   { INT_L_X72Y51/IMUX_L15 CMT_TOP_L_LOWER_B_X178Y61/CMT_LR_LOWER_B_MMCM_DEN }   { INT_L_X72Y51/IMUX_L22 CMT_TOP_L_LOWER_B_X178Y61/CMT_LR_LOWER_B_MMCM_DWE }  INT_L_X72Y51/IMUX_L44 CMT_TOP_L_LOWER_B_X178Y61/CMT_LR_LOWER_B_MMCM_DADDR6 }  INT_L_X72Y51/GFAN0  { INT_L_X72Y51/IMUX_L0 CMT_TOP_L_LOWER_B_X178Y61/CMT_LR_LOWER_B_MMCM_DADDR0 }   { INT_L_X72Y51/IMUX_L1 CMT_TOP_L_LOWER_B_X178Y61/CMT_LR_LOWER_B_MMCM_DADDR1 }   { INT_L_X72Y51/IMUX_L2 CMT_TOP_L_LOWER_B_X178Y61/CMT_LR_LOWER_B_MMCM_DADDR2 }   { INT_L_X72Y51/IMUX_L34 CMT_TOP_L_LOWER_B_X178Y61/CMT_LR_LOWER_B_MMCM_DADDR3 }   { INT_L_X72Y51/IMUX_L35 CMT_TOP_L_LOWER_B_X178Y61/CMT_LR_LOWER_B_MMCM_DADDR5 }  INT_L_X72Y51/IMUX_L3 CMT_TOP_L_LOWER_B_X178Y61/CMT_LR_LOWER_B_MMCM_DADDR4 }  )   (  { INT_L_X72Y50/GND_WIRE  { INT_L_X72Y50/GFAN1  { INT_L_X72Y50/FAN_ALT5 INT_L_X72Y50/FAN_BOUNCE5  { INT_L_X72Y50/CLK_L0 CMT_TOP_L_LOWER_B_X178Y61/CMT_LR_LOWER_B_MMCM_DCLK }   { INT_L_X72Y50/IMUX_L1 CMT_TOP_L_LOWER_B_X178Y61/CMT_LR_LOWER_B_MMCM_DI2 }   { INT_L_X72Y50/IMUX_L33 CMT_TOP_L_LOWER_B_X178Y61/CMT_LR_LOWER_B_MMCM_DI3 }   { INT_L_X72Y50/IMUX_L35 CMT_TOP_L_LOWER_B_X178Y61/CMT_LR_LOWER_B_MMCM_DI7 }  INT_L_X72Y50/IMUX_L3 CMT_TOP_L_LOWER_B_X178Y61/CMT_LR_LOWER_B_MMCM_DI6 }   { INT_L_X72Y50/IMUX_L36 CMT_TOP_L_LOWER_B_X178Y61/CMT_LR_LOWER_B_MMCM_DI9 }   { INT_L_X72Y50/IMUX_L37 CMT_TOP_L_LOWER_B_X178Y61/CMT_LR_LOWER_B_MMCM_DI11 }   { INT_L_X72Y50/IMUX_L38 CMT_TOP_L_LOWER_B_X178Y61/CMT_LR_LOWER_B_MMCM_DI13 }   { INT_L_X72Y50/IMUX_L39 CMT_TOP_L_LOWER_B_X178Y61/CMT_LR_LOWER_B_MMCM_DI15 }   { INT_L_X72Y50/IMUX_L4 CMT_TOP_L_LOWER_B_X178Y61/CMT_LR_LOWER_B_M..."
"reverse_w4_compact_sample","u_entropy_source/RO_NUM_LOOP[7].RO_AND.u_LUT6_and2_1/en","data_ro_net","","u_entropy_source/RO_NUM_LOOP[7].RO_AND.u_LUT6_and2_1/u_LUT6/I0 u_entropy_source/RO_NUM_LOOP[7].RO_AND.u_LUT6_and2_1/en","","u_entropy_source/RO_NUM_LOOP[7].RO_AND.u_LUT6_and2_1/u_LUT6 u_entropy_source/RO_NUM_LOOP[7].RO_AND.u_LUT6_and2_1","11","ROUTED","39","40"," { CLBLM_M_AQ CLBLM_LOGIC_OUTS4 NL1BEG_N3 EE2BEG3 EE2BEG3  { FAN_ALT3 FAN_BOUNCE3 IMUX3 CLBLM_L_A2 }   { NE2BEG3 SL1BEG3 IMUX_L7 CLBLL_LL_A1 }   { IMUX15 CLBLM_M_B1 }   { SS2BEG3  { IMUX15 CLBLM_M_B1 }  SL1BEG3  { IMUX14 CLBLM_L_B1 }  WW2BEG3  { WW4BEG0 WR1BEG1 WR1BEG2 IMUX28 CLBLM_M_C4 }  ER1BEG_S0  { IMUX_L2 CLBLL_LL_A2 }  IMUX_L32 CLBLL_LL_C1 }  SE2BEG3 WL1BEG2  { BYP_ALT3 BYP_BOUNCE3 IMUX15 CLBLM_M_B1 }  IMUX14 CLBLM_L_B1 }  "
"reverse_w4_compact_sample","u_entropy_source/RO_NUM_LOOP[7].RO_AND.u_LUT6_and2_1/in0[0]","data_ro_net","u_entropy_source/RO_NUM_LOOP[7].RO_AND.u_LUT6_and2_1/u_LUT6/O u_entropy_source/RO_NUM_LOOP[7].RO_AND.u_LUT6_and2_1/in0[0]","","u_entropy_source/RO_NUM_LOOP[7].RO_AND.u_LUT6_and2_1/u_LUT6 u_entropy_source/RO_NUM_LOOP[7].RO_AND.u_LUT6_and2_1","","2","ROUTED","6","7"," { CLBLM_L_A CLBLM_LOGIC_OUTS8 WW2BEG0 ER1BEG1 ER1BEG2 IMUX14 CLBLM_L_B1 }  "
"reverse_w4_compact_sample","u_entropy_source/RO_NUM_LOOP[7].RO_AND.u_LUT6_and2_1/out[0]","data_ro_net","","u_entropy_source/RO_NUM_LOOP[7].RO_AND.u_LUT6_and2_1/u_LUT6/I1 u_entropy_source/RO_NUM_LOOP[7].RO_AND.u_LUT6_and2_1/out[0]","","u_entropy_source/RO_NUM_LOOP[7].RO_AND.u_LUT6_and2_1/u_LUT6 u_entropy_source/RO_NUM_LOOP[7].RO_AND.u_LUT6_and2_1","10","ROUTED","38","39"," { CLBLM_L_B  { CLBLM_L_BMUX CLBLM_LOGIC_OUTS17  { NN2BEG3 SR1BEG3 BYP_ALT7 BYP7 CLBLM_L_DX }   { IMUX6 CLBLM_L_A1 }  SW2BEG3  { NL1BEG_N3 BYP_ALT6 BYP_L6 CLBLL_LL_DX }  SL1BEG3 BYP_ALT7 BYP_L7 CLBLL_L_DX }  CLBLM_LOGIC_OUTS9 SR1BEG2  { BYP_ALT6 BYP6 CLBLM_M_DX }   { SR1BEG3 BYP_ALT7 BYP7 CLBLM_L_DX }  ER1BEG3  { BYP_ALT6 BYP_L6 CLBLL_LL_DX }  NR1BEG3  { BYP_ALT6 BYP_L6 CLBLL_LL_DX }  BYP_ALT7 BYP_L7 CLBLL_L_DX }  "
"reverse_w4_compact_sample","u_entropy_source/RO_NUM_LOOP[7].RO_STAGE_LOOP[0].u_LUT6_not1/<const0>","data_ro_net","u_entropy_source/RO_NUM_LOOP[7].RO_STAGE_LOOP[0].u_LUT6_not1/GND/G","u_entropy_source/RO_NUM_LOOP[7].RO_STAGE_LOOP[0].u_LUT6_not1/u_LUT6/I1 u_entropy_source/RO_NUM_LOOP[7].RO_STAGE_LOOP[0].u_LUT6_not1/u_LUT6/I2 u_entropy_source/RO_NUM_LOOP[7].RO_STAGE_LOOP[0].u_LUT6_not1/u_LUT6/I3 u_entropy_source/RO_NUM_LOOP[7].RO_STAGE_LOOP[0].u_LUT6_not1/u_LUT6/I4 u_entropy_source/RO_NUM_LOOP[7].RO_STAGE_LOOP[0].u_LUT6_not1/u_LUT6/I5","u_entropy_source/RO_NUM_LOOP[7].RO_STAGE_LOOP[0].u_LUT6_not1/GND","u_entropy_source/RO_NUM_LOOP[7].RO_STAGE_LOOP[0].u_LUT6_not1/u_LUT6","6","ROUTED","922","975"," (  { INT_L_X72Y65/GND_WIRE INT_L_X72Y65/GFAN1 INT_L_X72Y65/FAN_ALT5 INT_L_X72Y65/FAN_BOUNCE5 INT_L_X72Y65/CLK_L1 CMT_TOP_L_LOWER_B_X178Y61/CMT_L_LOWER_B_CLK_IN2_INT CMT_TOP_L_LOWER_B_X178Y61/CMT_LR_LOWER_B_MMCM_CLKIN2 }  )   (  { INT_L_X72Y51/GND_WIRE  { INT_L_X72Y51/GFAN1  { INT_L_X72Y51/FAN_ALT5 INT_L_X72Y51/FAN_BOUNCE5 INT_L_X72Y51/CLK_L0 CMT_TOP_L_LOWER_B_X178Y61/CMT_LR_LOWER_B_MMCM_PSCLK }   { INT_L_X72Y51/IMUX_L15 CMT_TOP_L_LOWER_B_X178Y61/CMT_LR_LOWER_B_MMCM_DEN }   { INT_L_X72Y51/IMUX_L22 CMT_TOP_L_LOWER_B_X178Y61/CMT_LR_LOWER_B_MMCM_DWE }  INT_L_X72Y51/IMUX_L44 CMT_TOP_L_LOWER_B_X178Y61/CMT_LR_LOWER_B_MMCM_DADDR6 }  INT_L_X72Y51/GFAN0  { INT_L_X72Y51/IMUX_L0 CMT_TOP_L_LOWER_B_X178Y61/CMT_LR_LOWER_B_MMCM_DADDR0 }   { INT_L_X72Y51/IMUX_L1 CMT_TOP_L_LOWER_B_X178Y61/CMT_LR_LOWER_B_MMCM_DADDR1 }   { INT_L_X72Y51/IMUX_L2 CMT_TOP_L_LOWER_B_X178Y61/CMT_LR_LOWER_B_MMCM_DADDR2 }   { INT_L_X72Y51/IMUX_L34 CMT_TOP_L_LOWER_B_X178Y61/CMT_LR_LOWER_B_MMCM_DADDR3 }   { INT_L_X72Y51/IMUX_L35 CMT_TOP_L_LOWER_B_X178Y61/CMT_LR_LOWER_B_MMCM_DADDR5 }  INT_L_X72Y51/IMUX_L3 CMT_TOP_L_LOWER_B_X178Y61/CMT_LR_LOWER_B_MMCM_DADDR4 }  )   (  { INT_L_X72Y50/GND_WIRE  { INT_L_X72Y50/GFAN1  { INT_L_X72Y50/FAN_ALT5 INT_L_X72Y50/FAN_BOUNCE5  { INT_L_X72Y50/CLK_L0 CMT_TOP_L_LOWER_B_X178Y61/CMT_LR_LOWER_B_MMCM_DCLK }   { INT_L_X72Y50/IMUX_L1 CMT_TOP_L_LOWER_B_X178Y61/CMT_LR_LOWER_B_MMCM_DI2 }   { INT_L_X72Y50/IMUX_L33 CMT_TOP_L_LOWER_B_X178Y61/CMT_LR_LOWER_B_MMCM_DI3 }   { INT_L_X72Y50/IMUX_L35 CMT_TOP_L_LOWER_B_X178Y61/CMT_LR_LOWER_B_MMCM_DI7 }  INT_L_X72Y50/IMUX_L3 CMT_TOP_L_LOWER_B_X178Y61/CMT_LR_LOWER_B_MMCM_DI6 }   { INT_L_X72Y50/IMUX_L36 CMT_TOP_L_LOWER_B_X178Y61/CMT_LR_LOWER_B_MMCM_DI9 }   { INT_L_X72Y50/IMUX_L37 CMT_TOP_L_LOWER_B_X178Y61/CMT_LR_LOWER_B_MMCM_DI11 }   { INT_L_X72Y50/IMUX_L38 CMT_TOP_L_LOWER_B_X178Y61/CMT_LR_LOWER_B_MMCM_DI13 }   { INT_L_X72Y50/IMUX_L39 CMT_TOP_L_LOWER_B_X178Y61/CMT_LR_LOWER_B_MMCM_DI15 }   { INT_L_X72Y50/IMUX_L4 CMT_TOP_L_LOWER_B_X178Y61/CMT_LR_LOWER_B_M..."
"reverse_w4_compact_sample","u_entropy_source/RO_NUM_LOOP[7].RO_STAGE_LOOP[0].u_LUT6_not1/in0[0]","data_ro_net","u_entropy_source/RO_NUM_LOOP[7].RO_STAGE_LOOP[0].u_LUT6_not1/u_LUT6/O u_entropy_source/RO_NUM_LOOP[7].RO_STAGE_LOOP[0].u_LUT6_not1/in0[0]","","u_entropy_source/RO_NUM_LOOP[7].RO_STAGE_LOOP[0].u_LUT6_not1/u_LUT6 u_entropy_source/RO_NUM_LOOP[7].RO_STAGE_LOOP[0].u_LUT6_not1","","10","ROUTED","38","39"," { CLBLM_L_B  { CLBLM_L_BMUX CLBLM_LOGIC_OUTS17  { NN2BEG3 SR1BEG3 BYP_ALT7 BYP7 CLBLM_L_DX }   { IMUX6 CLBLM_L_A1 }  SW2BEG3  { NL1BEG_N3 BYP_ALT6 BYP_L6 CLBLL_LL_DX }  SL1BEG3 BYP_ALT7 BYP_L7 CLBLL_L_DX }  CLBLM_LOGIC_OUTS9 SR1BEG2  { BYP_ALT6 BYP6 CLBLM_M_DX }   { SR1BEG3 BYP_ALT7 BYP7 CLBLM_L_DX }  ER1BEG3  { BYP_ALT6 BYP_L6 CLBLL_LL_DX }  NR1BEG3  { BYP_ALT6 BYP_L6 CLBLL_LL_DX }  BYP_ALT7 BYP_L7 CLBLL_L_DX }  "
"reverse_w4_compact_sample","u_entropy_source/RO_NUM_LOOP[7].RO_STAGE_LOOP[0].u_LUT6_not1/out[0]","data_ro_net","","u_entropy_source/RO_NUM_LOOP[7].RO_STAGE_LOOP[0].u_LUT6_not1/u_LUT6/I0 u_entropy_source/RO_NUM_LOOP[7].RO_STAGE_LOOP[0].u_LUT6_not1/out[0]","","u_entropy_source/RO_NUM_LOOP[7].RO_STAGE_LOOP[0].u_LUT6_not1/u_LUT6 u_entropy_source/RO_NUM_LOOP[7].RO_STAGE_LOOP[0].u_LUT6_not1","2","ROUTED","6","7"," { CLBLM_L_A CLBLM_LOGIC_OUTS8 WW2BEG0 ER1BEG1 ER1BEG2 IMUX14 CLBLM_L_B1 }  "
"reverse_w4_compact_sample","u_entropy_source/RO_SAMPLE_LOOP[0].u_LUT6_not1/<const0>","sample_ro_net","u_entropy_source/RO_SAMPLE_LOOP[0].u_LUT6_not1/GND/G","u_entropy_source/RO_SAMPLE_LOOP[0].u_LUT6_not1/u_LUT6/I1 u_entropy_source/RO_SAMPLE_LOOP[0].u_LUT6_not1/u_LUT6/I2 u_entropy_source/RO_SAMPLE_LOOP[0].u_LUT6_not1/u_LUT6/I3 u_entropy_source/RO_SAMPLE_LOOP[0].u_LUT6_not1/u_LUT6/I4 u_entropy_source/RO_SAMPLE_LOOP[0].u_LUT6_not1/u_LUT6/I5","u_entropy_source/RO_SAMPLE_LOOP[0].u_LUT6_not1/GND","u_entropy_source/RO_SAMPLE_LOOP[0].u_LUT6_not1/u_LUT6","6","ROUTED","922","975"," (  { INT_L_X72Y65/GND_WIRE INT_L_X72Y65/GFAN1 INT_L_X72Y65/FAN_ALT5 INT_L_X72Y65/FAN_BOUNCE5 INT_L_X72Y65/CLK_L1 CMT_TOP_L_LOWER_B_X178Y61/CMT_L_LOWER_B_CLK_IN2_INT CMT_TOP_L_LOWER_B_X178Y61/CMT_LR_LOWER_B_MMCM_CLKIN2 }  )   (  { INT_L_X72Y51/GND_WIRE  { INT_L_X72Y51/GFAN1  { INT_L_X72Y51/FAN_ALT5 INT_L_X72Y51/FAN_BOUNCE5 INT_L_X72Y51/CLK_L0 CMT_TOP_L_LOWER_B_X178Y61/CMT_LR_LOWER_B_MMCM_PSCLK }   { INT_L_X72Y51/IMUX_L15 CMT_TOP_L_LOWER_B_X178Y61/CMT_LR_LOWER_B_MMCM_DEN }   { INT_L_X72Y51/IMUX_L22 CMT_TOP_L_LOWER_B_X178Y61/CMT_LR_LOWER_B_MMCM_DWE }  INT_L_X72Y51/IMUX_L44 CMT_TOP_L_LOWER_B_X178Y61/CMT_LR_LOWER_B_MMCM_DADDR6 }  INT_L_X72Y51/GFAN0  { INT_L_X72Y51/IMUX_L0 CMT_TOP_L_LOWER_B_X178Y61/CMT_LR_LOWER_B_MMCM_DADDR0 }   { INT_L_X72Y51/IMUX_L1 CMT_TOP_L_LOWER_B_X178Y61/CMT_LR_LOWER_B_MMCM_DADDR1 }   { INT_L_X72Y51/IMUX_L2 CMT_TOP_L_LOWER_B_X178Y61/CMT_LR_LOWER_B_MMCM_DADDR2 }   { INT_L_X72Y51/IMUX_L34 CMT_TOP_L_LOWER_B_X178Y61/CMT_LR_LOWER_B_MMCM_DADDR3 }   { INT_L_X72Y51/IMUX_L35 CMT_TOP_L_LOWER_B_X178Y61/CMT_LR_LOWER_B_MMCM_DADDR5 }  INT_L_X72Y51/IMUX_L3 CMT_TOP_L_LOWER_B_X178Y61/CMT_LR_LOWER_B_MMCM_DADDR4 }  )   (  { INT_L_X72Y50/GND_WIRE  { INT_L_X72Y50/GFAN1  { INT_L_X72Y50/FAN_ALT5 INT_L_X72Y50/FAN_BOUNCE5  { INT_L_X72Y50/CLK_L0 CMT_TOP_L_LOWER_B_X178Y61/CMT_LR_LOWER_B_MMCM_DCLK }   { INT_L_X72Y50/IMUX_L1 CMT_TOP_L_LOWER_B_X178Y61/CMT_LR_LOWER_B_MMCM_DI2 }   { INT_L_X72Y50/IMUX_L33 CMT_TOP_L_LOWER_B_X178Y61/CMT_LR_LOWER_B_MMCM_DI3 }   { INT_L_X72Y50/IMUX_L35 CMT_TOP_L_LOWER_B_X178Y61/CMT_LR_LOWER_B_MMCM_DI7 }  INT_L_X72Y50/IMUX_L3 CMT_TOP_L_LOWER_B_X178Y61/CMT_LR_LOWER_B_MMCM_DI6 }   { INT_L_X72Y50/IMUX_L36 CMT_TOP_L_LOWER_B_X178Y61/CMT_LR_LOWER_B_MMCM_DI9 }   { INT_L_X72Y50/IMUX_L37 CMT_TOP_L_LOWER_B_X178Y61/CMT_LR_LOWER_B_MMCM_DI11 }   { INT_L_X72Y50/IMUX_L38 CMT_TOP_L_LOWER_B_X178Y61/CMT_LR_LOWER_B_MMCM_DI13 }   { INT_L_X72Y50/IMUX_L39 CMT_TOP_L_LOWER_B_X178Y61/CMT_LR_LOWER_B_MMCM_DI15 }   { INT_L_X72Y50/IMUX_L4 CMT_TOP_L_LOWER_B_X178Y61/CMT_LR_LOWER_B_M..."
"reverse_w4_compact_sample","u_entropy_source/RO_SAMPLE_LOOP[0].u_LUT6_not1/in0[0]","sample_ro_net","u_entropy_source/RO_SAMPLE_LOOP[0].u_LUT6_not1/u_LUT6/O u_entropy_source/RO_SAMPLE_LOOP[0].u_LUT6_not1/in0[0]","","u_entropy_source/RO_SAMPLE_LOOP[0].u_LUT6_not1/u_LUT6 u_entropy_source/RO_SAMPLE_LOOP[0].u_LUT6_not1","","10","ROUTED","10","11"," { CLBLM_M_A CLBLM_LOGIC_OUTS12  { NE2BEG0 NR1BEG0 WR1BEG1 CLK0 CLBLM_L_CLK }  NL1BEG_N3 NR1BEG3 IMUX6 CLBLM_L_A1 }  "
"reverse_w4_compact_sample","u_entropy_source/RO_SAMPLE_LOOP[0].u_LUT6_not1/out[0]","sample_ro_net","","u_entropy_source/RO_SAMPLE_LOOP[0].u_LUT6_not1/u_LUT6/I0 u_entropy_source/RO_SAMPLE_LOOP[0].u_LUT6_not1/out[0]","","u_entropy_source/RO_SAMPLE_LOOP[0].u_LUT6_not1/u_LUT6 u_entropy_source/RO_SAMPLE_LOOP[0].u_LUT6_not1","10","ROUTED","15","16"," { CLBLM_M_B CLBLM_LOGIC_OUTS13  { NN2BEG1 SR1BEG1 CLK1 CLBLM_M_CLK }   { SS2BEG1 NR1BEG1 NN2BEG1 SR1BEG1 CLK1 CLBLM_M_CLK }  SR1BEG2 SR1BEG3 IMUX7 CLBLM_M_A1 }  "
"reverse_w4_compact_sample","u_entropy_source/RO_SAMPLE_LOOP[1].u_LUT6_not1/<const0>","sample_ro_net","u_entropy_source/RO_SAMPLE_LOOP[1].u_LUT6_not1/GND/G","u_entropy_source/RO_SAMPLE_LOOP[1].u_LUT6_not1/u_LUT6/I1 u_entropy_source/RO_SAMPLE_LOOP[1].u_LUT6_not1/u_LUT6/I2 u_entropy_source/RO_SAMPLE_LOOP[1].u_LUT6_not1/u_LUT6/I3 u_entropy_source/RO_SAMPLE_LOOP[1].u_LUT6_not1/u_LUT6/I4 u_entropy_source/RO_SAMPLE_LOOP[1].u_LUT6_not1/u_LUT6/I5","u_entropy_source/RO_SAMPLE_LOOP[1].u_LUT6_not1/GND","u_entropy_source/RO_SAMPLE_LOOP[1].u_LUT6_not1/u_LUT6","6","ROUTED","922","975"," (  { INT_L_X72Y65/GND_WIRE INT_L_X72Y65/GFAN1 INT_L_X72Y65/FAN_ALT5 INT_L_X72Y65/FAN_BOUNCE5 INT_L_X72Y65/CLK_L1 CMT_TOP_L_LOWER_B_X178Y61/CMT_L_LOWER_B_CLK_IN2_INT CMT_TOP_L_LOWER_B_X178Y61/CMT_LR_LOWER_B_MMCM_CLKIN2 }  )   (  { INT_L_X72Y51/GND_WIRE  { INT_L_X72Y51/GFAN1  { INT_L_X72Y51/FAN_ALT5 INT_L_X72Y51/FAN_BOUNCE5 INT_L_X72Y51/CLK_L0 CMT_TOP_L_LOWER_B_X178Y61/CMT_LR_LOWER_B_MMCM_PSCLK }   { INT_L_X72Y51/IMUX_L15 CMT_TOP_L_LOWER_B_X178Y61/CMT_LR_LOWER_B_MMCM_DEN }   { INT_L_X72Y51/IMUX_L22 CMT_TOP_L_LOWER_B_X178Y61/CMT_LR_LOWER_B_MMCM_DWE }  INT_L_X72Y51/IMUX_L44 CMT_TOP_L_LOWER_B_X178Y61/CMT_LR_LOWER_B_MMCM_DADDR6 }  INT_L_X72Y51/GFAN0  { INT_L_X72Y51/IMUX_L0 CMT_TOP_L_LOWER_B_X178Y61/CMT_LR_LOWER_B_MMCM_DADDR0 }   { INT_L_X72Y51/IMUX_L1 CMT_TOP_L_LOWER_B_X178Y61/CMT_LR_LOWER_B_MMCM_DADDR1 }   { INT_L_X72Y51/IMUX_L2 CMT_TOP_L_LOWER_B_X178Y61/CMT_LR_LOWER_B_MMCM_DADDR2 }   { INT_L_X72Y51/IMUX_L34 CMT_TOP_L_LOWER_B_X178Y61/CMT_LR_LOWER_B_MMCM_DADDR3 }   { INT_L_X72Y51/IMUX_L35 CMT_TOP_L_LOWER_B_X178Y61/CMT_LR_LOWER_B_MMCM_DADDR5 }  INT_L_X72Y51/IMUX_L3 CMT_TOP_L_LOWER_B_X178Y61/CMT_LR_LOWER_B_MMCM_DADDR4 }  )   (  { INT_L_X72Y50/GND_WIRE  { INT_L_X72Y50/GFAN1  { INT_L_X72Y50/FAN_ALT5 INT_L_X72Y50/FAN_BOUNCE5  { INT_L_X72Y50/CLK_L0 CMT_TOP_L_LOWER_B_X178Y61/CMT_LR_LOWER_B_MMCM_DCLK }   { INT_L_X72Y50/IMUX_L1 CMT_TOP_L_LOWER_B_X178Y61/CMT_LR_LOWER_B_MMCM_DI2 }   { INT_L_X72Y50/IMUX_L33 CMT_TOP_L_LOWER_B_X178Y61/CMT_LR_LOWER_B_MMCM_DI3 }   { INT_L_X72Y50/IMUX_L35 CMT_TOP_L_LOWER_B_X178Y61/CMT_LR_LOWER_B_MMCM_DI7 }  INT_L_X72Y50/IMUX_L3 CMT_TOP_L_LOWER_B_X178Y61/CMT_LR_LOWER_B_MMCM_DI6 }   { INT_L_X72Y50/IMUX_L36 CMT_TOP_L_LOWER_B_X178Y61/CMT_LR_LOWER_B_MMCM_DI9 }   { INT_L_X72Y50/IMUX_L37 CMT_TOP_L_LOWER_B_X178Y61/CMT_LR_LOWER_B_MMCM_DI11 }   { INT_L_X72Y50/IMUX_L38 CMT_TOP_L_LOWER_B_X178Y61/CMT_LR_LOWER_B_MMCM_DI13 }   { INT_L_X72Y50/IMUX_L39 CMT_TOP_L_LOWER_B_X178Y61/CMT_LR_LOWER_B_MMCM_DI15 }   { INT_L_X72Y50/IMUX_L4 CMT_TOP_L_LOWER_B_X178Y61/CMT_LR_LOWER_B_M..."
"reverse_w4_compact_sample","u_entropy_source/RO_SAMPLE_LOOP[1].u_LUT6_not1/in0[0]","sample_ro_net","u_entropy_source/RO_SAMPLE_LOOP[1].u_LUT6_not1/u_LUT6/O u_entropy_source/RO_SAMPLE_LOOP[1].u_LUT6_not1/in0[0]","","u_entropy_source/RO_SAMPLE_LOOP[1].u_LUT6_not1/u_LUT6 u_entropy_source/RO_SAMPLE_LOOP[1].u_LUT6_not1","","10","ROUTED","15","16"," { CLBLM_L_A CLBLM_LOGIC_OUTS8  { NR1BEG0 WR1BEG1  { CLK_L0 CLBLL_L_CLK }  CLK_L1 CLBLL_LL_CLK }  NW2BEG0  { SR1BEG_S0 ER1BEG1 CLK1 CLBLM_M_CLK }  EL1BEG_N3 IMUX7 CLBLM_M_A1 }  "
"reverse_w4_compact_sample","u_entropy_source/RO_SAMPLE_LOOP[1].u_LUT6_not1/out[0]","sample_ro_net","","u_entropy_source/RO_SAMPLE_LOOP[1].u_LUT6_not1/u_LUT6/I0 u_entropy_source/RO_SAMPLE_LOOP[1].u_LUT6_not1/out[0]","","u_entropy_source/RO_SAMPLE_LOOP[1].u_LUT6_not1/u_LUT6 u_entropy_source/RO_SAMPLE_LOOP[1].u_LUT6_not1","10","ROUTED","10","11"," { CLBLM_M_A CLBLM_LOGIC_OUTS12  { NE2BEG0 NR1BEG0 WR1BEG1 CLK0 CLBLM_L_CLK }  NL1BEG_N3 NR1BEG3 IMUX6 CLBLM_L_A1 }  "
"reverse_w4_compact_sample","u_entropy_source/RO_SAMPLE_LOOP[2].u_LUT6_not1/<const0>","sample_ro_net","u_entropy_source/RO_SAMPLE_LOOP[2].u_LUT6_not1/GND/G","u_entropy_source/RO_SAMPLE_LOOP[2].u_LUT6_not1/u_LUT6/I1 u_entropy_source/RO_SAMPLE_LOOP[2].u_LUT6_not1/u_LUT6/I2 u_entropy_source/RO_SAMPLE_LOOP[2].u_LUT6_not1/u_LUT6/I3 u_entropy_source/RO_SAMPLE_LOOP[2].u_LUT6_not1/u_LUT6/I4 u_entropy_source/RO_SAMPLE_LOOP[2].u_LUT6_not1/u_LUT6/I5","u_entropy_source/RO_SAMPLE_LOOP[2].u_LUT6_not1/GND","u_entropy_source/RO_SAMPLE_LOOP[2].u_LUT6_not1/u_LUT6","6","ROUTED","922","975"," (  { INT_L_X72Y65/GND_WIRE INT_L_X72Y65/GFAN1 INT_L_X72Y65/FAN_ALT5 INT_L_X72Y65/FAN_BOUNCE5 INT_L_X72Y65/CLK_L1 CMT_TOP_L_LOWER_B_X178Y61/CMT_L_LOWER_B_CLK_IN2_INT CMT_TOP_L_LOWER_B_X178Y61/CMT_LR_LOWER_B_MMCM_CLKIN2 }  )   (  { INT_L_X72Y51/GND_WIRE  { INT_L_X72Y51/GFAN1  { INT_L_X72Y51/FAN_ALT5 INT_L_X72Y51/FAN_BOUNCE5 INT_L_X72Y51/CLK_L0 CMT_TOP_L_LOWER_B_X178Y61/CMT_LR_LOWER_B_MMCM_PSCLK }   { INT_L_X72Y51/IMUX_L15 CMT_TOP_L_LOWER_B_X178Y61/CMT_LR_LOWER_B_MMCM_DEN }   { INT_L_X72Y51/IMUX_L22 CMT_TOP_L_LOWER_B_X178Y61/CMT_LR_LOWER_B_MMCM_DWE }  INT_L_X72Y51/IMUX_L44 CMT_TOP_L_LOWER_B_X178Y61/CMT_LR_LOWER_B_MMCM_DADDR6 }  INT_L_X72Y51/GFAN0  { INT_L_X72Y51/IMUX_L0 CMT_TOP_L_LOWER_B_X178Y61/CMT_LR_LOWER_B_MMCM_DADDR0 }   { INT_L_X72Y51/IMUX_L1 CMT_TOP_L_LOWER_B_X178Y61/CMT_LR_LOWER_B_MMCM_DADDR1 }   { INT_L_X72Y51/IMUX_L2 CMT_TOP_L_LOWER_B_X178Y61/CMT_LR_LOWER_B_MMCM_DADDR2 }   { INT_L_X72Y51/IMUX_L34 CMT_TOP_L_LOWER_B_X178Y61/CMT_LR_LOWER_B_MMCM_DADDR3 }   { INT_L_X72Y51/IMUX_L35 CMT_TOP_L_LOWER_B_X178Y61/CMT_LR_LOWER_B_MMCM_DADDR5 }  INT_L_X72Y51/IMUX_L3 CMT_TOP_L_LOWER_B_X178Y61/CMT_LR_LOWER_B_MMCM_DADDR4 }  )   (  { INT_L_X72Y50/GND_WIRE  { INT_L_X72Y50/GFAN1  { INT_L_X72Y50/FAN_ALT5 INT_L_X72Y50/FAN_BOUNCE5  { INT_L_X72Y50/CLK_L0 CMT_TOP_L_LOWER_B_X178Y61/CMT_LR_LOWER_B_MMCM_DCLK }   { INT_L_X72Y50/IMUX_L1 CMT_TOP_L_LOWER_B_X178Y61/CMT_LR_LOWER_B_MMCM_DI2 }   { INT_L_X72Y50/IMUX_L33 CMT_TOP_L_LOWER_B_X178Y61/CMT_LR_LOWER_B_MMCM_DI3 }   { INT_L_X72Y50/IMUX_L35 CMT_TOP_L_LOWER_B_X178Y61/CMT_LR_LOWER_B_MMCM_DI7 }  INT_L_X72Y50/IMUX_L3 CMT_TOP_L_LOWER_B_X178Y61/CMT_LR_LOWER_B_MMCM_DI6 }   { INT_L_X72Y50/IMUX_L36 CMT_TOP_L_LOWER_B_X178Y61/CMT_LR_LOWER_B_MMCM_DI9 }   { INT_L_X72Y50/IMUX_L37 CMT_TOP_L_LOWER_B_X178Y61/CMT_LR_LOWER_B_MMCM_DI11 }   { INT_L_X72Y50/IMUX_L38 CMT_TOP_L_LOWER_B_X178Y61/CMT_LR_LOWER_B_MMCM_DI13 }   { INT_L_X72Y50/IMUX_L39 CMT_TOP_L_LOWER_B_X178Y61/CMT_LR_LOWER_B_MMCM_DI15 }   { INT_L_X72Y50/IMUX_L4 CMT_TOP_L_LOWER_B_X178Y61/CMT_LR_LOWER_B_M..."
"reverse_w4_compact_sample","u_entropy_source/RO_SAMPLE_LOOP[2].u_LUT6_not1/in0[0]","sample_ro_net","u_entropy_source/RO_SAMPLE_LOOP[2].u_LUT6_not1/u_LUT6/O u_entropy_source/RO_SAMPLE_LOOP[2].u_LUT6_not1/in0[0]","","u_entropy_source/RO_SAMPLE_LOOP[2].u_LUT6_not1/u_LUT6 u_entropy_source/RO_SAMPLE_LOOP[2].u_LUT6_not1","","10","ROUTED","15","16"," { CLBLM_M_A CLBLM_LOGIC_OUTS12  { NL1BEG_N3 NR1BEG3 IMUX7 CLBLM_M_A1 }  SE2BEG0 NR1BEG0  { WR1BEG1 CLK0 CLBLM_L_CLK }  NE2BEG0 NR1BEG0 WR1BEG1 CLK_L1 CLBLL_LL_CLK }  "
"reverse_w4_compact_sample","u_entropy_source/RO_SAMPLE_LOOP[2].u_LUT6_not1/out[0]","sample_ro_net","","u_entropy_source/RO_SAMPLE_LOOP[2].u_LUT6_not1/u_LUT6/I0 u_entropy_source/RO_SAMPLE_LOOP[2].u_LUT6_not1/out[0]","","u_entropy_source/RO_SAMPLE_LOOP[2].u_LUT6_not1/u_LUT6 u_entropy_source/RO_SAMPLE_LOOP[2].u_LUT6_not1","10","ROUTED","15","16"," { CLBLM_L_A CLBLM_LOGIC_OUTS8  { NR1BEG0 WR1BEG1  { CLK_L0 CLBLL_L_CLK }  CLK_L1 CLBLL_LL_CLK }  NW2BEG0  { SR1BEG_S0 ER1BEG1 CLK1 CLBLM_M_CLK }  EL1BEG_N3 IMUX7 CLBLM_M_A1 }  "
"reverse_w4_compact_sample","u_entropy_source/RO_SAMPLE_LOOP[3].u_LUT6_not1/<const0>","sample_ro_net","u_entropy_source/RO_SAMPLE_LOOP[3].u_LUT6_not1/GND/G","u_entropy_source/RO_SAMPLE_LOOP[3].u_LUT6_not1/u_LUT6/I1 u_entropy_source/RO_SAMPLE_LOOP[3].u_LUT6_not1/u_LUT6/I2 u_entropy_source/RO_SAMPLE_LOOP[3].u_LUT6_not1/u_LUT6/I3 u_entropy_source/RO_SAMPLE_LOOP[3].u_LUT6_not1/u_LUT6/I4 u_entropy_source/RO_SAMPLE_LOOP[3].u_LUT6_not1/u_LUT6/I5","u_entropy_source/RO_SAMPLE_LOOP[3].u_LUT6_not1/GND","u_entropy_source/RO_SAMPLE_LOOP[3].u_LUT6_not1/u_LUT6","6","ROUTED","922","975"," (  { INT_L_X72Y65/GND_WIRE INT_L_X72Y65/GFAN1 INT_L_X72Y65/FAN_ALT5 INT_L_X72Y65/FAN_BOUNCE5 INT_L_X72Y65/CLK_L1 CMT_TOP_L_LOWER_B_X178Y61/CMT_L_LOWER_B_CLK_IN2_INT CMT_TOP_L_LOWER_B_X178Y61/CMT_LR_LOWER_B_MMCM_CLKIN2 }  )   (  { INT_L_X72Y51/GND_WIRE  { INT_L_X72Y51/GFAN1  { INT_L_X72Y51/FAN_ALT5 INT_L_X72Y51/FAN_BOUNCE5 INT_L_X72Y51/CLK_L0 CMT_TOP_L_LOWER_B_X178Y61/CMT_LR_LOWER_B_MMCM_PSCLK }   { INT_L_X72Y51/IMUX_L15 CMT_TOP_L_LOWER_B_X178Y61/CMT_LR_LOWER_B_MMCM_DEN }   { INT_L_X72Y51/IMUX_L22 CMT_TOP_L_LOWER_B_X178Y61/CMT_LR_LOWER_B_MMCM_DWE }  INT_L_X72Y51/IMUX_L44 CMT_TOP_L_LOWER_B_X178Y61/CMT_LR_LOWER_B_MMCM_DADDR6 }  INT_L_X72Y51/GFAN0  { INT_L_X72Y51/IMUX_L0 CMT_TOP_L_LOWER_B_X178Y61/CMT_LR_LOWER_B_MMCM_DADDR0 }   { INT_L_X72Y51/IMUX_L1 CMT_TOP_L_LOWER_B_X178Y61/CMT_LR_LOWER_B_MMCM_DADDR1 }   { INT_L_X72Y51/IMUX_L2 CMT_TOP_L_LOWER_B_X178Y61/CMT_LR_LOWER_B_MMCM_DADDR2 }   { INT_L_X72Y51/IMUX_L34 CMT_TOP_L_LOWER_B_X178Y61/CMT_LR_LOWER_B_MMCM_DADDR3 }   { INT_L_X72Y51/IMUX_L35 CMT_TOP_L_LOWER_B_X178Y61/CMT_LR_LOWER_B_MMCM_DADDR5 }  INT_L_X72Y51/IMUX_L3 CMT_TOP_L_LOWER_B_X178Y61/CMT_LR_LOWER_B_MMCM_DADDR4 }  )   (  { INT_L_X72Y50/GND_WIRE  { INT_L_X72Y50/GFAN1  { INT_L_X72Y50/FAN_ALT5 INT_L_X72Y50/FAN_BOUNCE5  { INT_L_X72Y50/CLK_L0 CMT_TOP_L_LOWER_B_X178Y61/CMT_LR_LOWER_B_MMCM_DCLK }   { INT_L_X72Y50/IMUX_L1 CMT_TOP_L_LOWER_B_X178Y61/CMT_LR_LOWER_B_MMCM_DI2 }   { INT_L_X72Y50/IMUX_L33 CMT_TOP_L_LOWER_B_X178Y61/CMT_LR_LOWER_B_MMCM_DI3 }   { INT_L_X72Y50/IMUX_L35 CMT_TOP_L_LOWER_B_X178Y61/CMT_LR_LOWER_B_MMCM_DI7 }  INT_L_X72Y50/IMUX_L3 CMT_TOP_L_LOWER_B_X178Y61/CMT_LR_LOWER_B_MMCM_DI6 }   { INT_L_X72Y50/IMUX_L36 CMT_TOP_L_LOWER_B_X178Y61/CMT_LR_LOWER_B_MMCM_DI9 }   { INT_L_X72Y50/IMUX_L37 CMT_TOP_L_LOWER_B_X178Y61/CMT_LR_LOWER_B_MMCM_DI11 }   { INT_L_X72Y50/IMUX_L38 CMT_TOP_L_LOWER_B_X178Y61/CMT_LR_LOWER_B_MMCM_DI13 }   { INT_L_X72Y50/IMUX_L39 CMT_TOP_L_LOWER_B_X178Y61/CMT_LR_LOWER_B_MMCM_DI15 }   { INT_L_X72Y50/IMUX_L4 CMT_TOP_L_LOWER_B_X178Y61/CMT_LR_LOWER_B_M..."
"reverse_w4_compact_sample","u_entropy_source/RO_SAMPLE_LOOP[3].u_LUT6_not1/in0[0]","sample_ro_net","u_entropy_source/RO_SAMPLE_LOOP[3].u_LUT6_not1/u_LUT6/O u_entropy_source/RO_SAMPLE_LOOP[3].u_LUT6_not1/in0[0]","","u_entropy_source/RO_SAMPLE_LOOP[3].u_LUT6_not1/u_LUT6 u_entropy_source/RO_SAMPLE_LOOP[3].u_LUT6_not1","","10","ROUTED","17","18"," { CLBLM_M_A CLBLM_LOGIC_OUTS12  { NL1BEG_N3 NR1BEG3 IMUX7 CLBLM_M_A1 }  EE2BEG0 NN2BEG0 WR1BEG1  { CLK_L0 CLBLL_L_CLK }   { SR1BEG1 CLK_L0 CLBLL_L_CLK }  NW2BEG1 SR1BEG1 CLK1 CLBLM_M_CLK }  "
"reverse_w4_compact_sample","u_entropy_source/RO_SAMPLE_LOOP[3].u_LUT6_not1/out[0]","sample_ro_net","","u_entropy_source/RO_SAMPLE_LOOP[3].u_LUT6_not1/u_LUT6/I0 u_entropy_source/RO_SAMPLE_LOOP[3].u_LUT6_not1/out[0]","","u_entropy_source/RO_SAMPLE_LOOP[3].u_LUT6_not1/u_LUT6 u_entropy_source/RO_SAMPLE_LOOP[3].u_LUT6_not1","10","ROUTED","15","16"," { CLBLM_M_A CLBLM_LOGIC_OUTS12  { NL1BEG_N3 NR1BEG3 IMUX7 CLBLM_M_A1 }  SE2BEG0 NR1BEG0  { WR1BEG1 CLK0 CLBLM_L_CLK }  NE2BEG0 NR1BEG0 WR1BEG1 CLK_L1 CLBLL_LL_CLK }  "
"reverse_w4_compact_sample","u_entropy_source/RO_SAMPLE_LOOP[4].u_LUT6_not1/<const0>","sample_ro_net","u_entropy_source/RO_SAMPLE_LOOP[4].u_LUT6_not1/GND/G","u_entropy_source/RO_SAMPLE_LOOP[4].u_LUT6_not1/u_LUT6/I1 u_entropy_source/RO_SAMPLE_LOOP[4].u_LUT6_not1/u_LUT6/I2 u_entropy_source/RO_SAMPLE_LOOP[4].u_LUT6_not1/u_LUT6/I3 u_entropy_source/RO_SAMPLE_LOOP[4].u_LUT6_not1/u_LUT6/I4 u_entropy_source/RO_SAMPLE_LOOP[4].u_LUT6_not1/u_LUT6/I5","u_entropy_source/RO_SAMPLE_LOOP[4].u_LUT6_not1/GND","u_entropy_source/RO_SAMPLE_LOOP[4].u_LUT6_not1/u_LUT6","6","ROUTED","922","975"," (  { INT_L_X72Y65/GND_WIRE INT_L_X72Y65/GFAN1 INT_L_X72Y65/FAN_ALT5 INT_L_X72Y65/FAN_BOUNCE5 INT_L_X72Y65/CLK_L1 CMT_TOP_L_LOWER_B_X178Y61/CMT_L_LOWER_B_CLK_IN2_INT CMT_TOP_L_LOWER_B_X178Y61/CMT_LR_LOWER_B_MMCM_CLKIN2 }  )   (  { INT_L_X72Y51/GND_WIRE  { INT_L_X72Y51/GFAN1  { INT_L_X72Y51/FAN_ALT5 INT_L_X72Y51/FAN_BOUNCE5 INT_L_X72Y51/CLK_L0 CMT_TOP_L_LOWER_B_X178Y61/CMT_LR_LOWER_B_MMCM_PSCLK }   { INT_L_X72Y51/IMUX_L15 CMT_TOP_L_LOWER_B_X178Y61/CMT_LR_LOWER_B_MMCM_DEN }   { INT_L_X72Y51/IMUX_L22 CMT_TOP_L_LOWER_B_X178Y61/CMT_LR_LOWER_B_MMCM_DWE }  INT_L_X72Y51/IMUX_L44 CMT_TOP_L_LOWER_B_X178Y61/CMT_LR_LOWER_B_MMCM_DADDR6 }  INT_L_X72Y51/GFAN0  { INT_L_X72Y51/IMUX_L0 CMT_TOP_L_LOWER_B_X178Y61/CMT_LR_LOWER_B_MMCM_DADDR0 }   { INT_L_X72Y51/IMUX_L1 CMT_TOP_L_LOWER_B_X178Y61/CMT_LR_LOWER_B_MMCM_DADDR1 }   { INT_L_X72Y51/IMUX_L2 CMT_TOP_L_LOWER_B_X178Y61/CMT_LR_LOWER_B_MMCM_DADDR2 }   { INT_L_X72Y51/IMUX_L34 CMT_TOP_L_LOWER_B_X178Y61/CMT_LR_LOWER_B_MMCM_DADDR3 }   { INT_L_X72Y51/IMUX_L35 CMT_TOP_L_LOWER_B_X178Y61/CMT_LR_LOWER_B_MMCM_DADDR5 }  INT_L_X72Y51/IMUX_L3 CMT_TOP_L_LOWER_B_X178Y61/CMT_LR_LOWER_B_MMCM_DADDR4 }  )   (  { INT_L_X72Y50/GND_WIRE  { INT_L_X72Y50/GFAN1  { INT_L_X72Y50/FAN_ALT5 INT_L_X72Y50/FAN_BOUNCE5  { INT_L_X72Y50/CLK_L0 CMT_TOP_L_LOWER_B_X178Y61/CMT_LR_LOWER_B_MMCM_DCLK }   { INT_L_X72Y50/IMUX_L1 CMT_TOP_L_LOWER_B_X178Y61/CMT_LR_LOWER_B_MMCM_DI2 }   { INT_L_X72Y50/IMUX_L33 CMT_TOP_L_LOWER_B_X178Y61/CMT_LR_LOWER_B_MMCM_DI3 }   { INT_L_X72Y50/IMUX_L35 CMT_TOP_L_LOWER_B_X178Y61/CMT_LR_LOWER_B_MMCM_DI7 }  INT_L_X72Y50/IMUX_L3 CMT_TOP_L_LOWER_B_X178Y61/CMT_LR_LOWER_B_MMCM_DI6 }   { INT_L_X72Y50/IMUX_L36 CMT_TOP_L_LOWER_B_X178Y61/CMT_LR_LOWER_B_MMCM_DI9 }   { INT_L_X72Y50/IMUX_L37 CMT_TOP_L_LOWER_B_X178Y61/CMT_LR_LOWER_B_MMCM_DI11 }   { INT_L_X72Y50/IMUX_L38 CMT_TOP_L_LOWER_B_X178Y61/CMT_LR_LOWER_B_MMCM_DI13 }   { INT_L_X72Y50/IMUX_L39 CMT_TOP_L_LOWER_B_X178Y61/CMT_LR_LOWER_B_MMCM_DI15 }   { INT_L_X72Y50/IMUX_L4 CMT_TOP_L_LOWER_B_X178Y61/CMT_LR_LOWER_B_M..."
"reverse_w4_compact_sample","u_entropy_source/RO_SAMPLE_LOOP[4].u_LUT6_not1/in0[0]","sample_ro_net","u_entropy_source/RO_SAMPLE_LOOP[4].u_LUT6_not1/u_LUT6/O u_entropy_source/RO_SAMPLE_LOOP[4].u_LUT6_not1/in0[0]","","u_entropy_source/RO_SAMPLE_LOOP[4].u_LUT6_not1/u_LUT6 u_entropy_source/RO_SAMPLE_LOOP[4].u_LUT6_not1","","10","ROUTED","13","14"," { CLBLM_M_A CLBLM_LOGIC_OUTS12  { NL1BEG_N3 NR1BEG3 IMUX7 CLBLM_M_A1 }  NN2BEG0 NL1BEG_N3 FAN_ALT5 FAN_BOUNCE5  { CLK0 CLBLM_L_CLK }  CLK1 CLBLM_M_CLK }  "
"reverse_w4_compact_sample","u_entropy_source/RO_SAMPLE_LOOP[4].u_LUT6_not1/out[0]","sample_ro_net","","u_entropy_source/RO_SAMPLE_LOOP[4].u_LUT6_not1/u_LUT6/I0 u_entropy_source/RO_SAMPLE_LOOP[4].u_LUT6_not1/out[0]","","u_entropy_source/RO_SAMPLE_LOOP[4].u_LUT6_not1/u_LUT6 u_entropy_source/RO_SAMPLE_LOOP[4].u_LUT6_not1","10","ROUTED","17","18"," { CLBLM_M_A CLBLM_LOGIC_OUTS12  { NL1BEG_N3 NR1BEG3 IMUX7 CLBLM_M_A1 }  EE2BEG0 NN2BEG0 WR1BEG1  { CLK_L0 CLBLL_L_CLK }   { SR1BEG1 CLK_L0 CLBLL_L_CLK }  NW2BEG1 SR1BEG1 CLK1 CLBLM_M_CLK }  "
"reverse_w4_compact_sample","u_entropy_source/RO_SAMPLE_LOOP[5].u_LUT6_not1/<const0>","sample_ro_net","u_entropy_source/RO_SAMPLE_LOOP[5].u_LUT6_not1/GND/G","u_entropy_source/RO_SAMPLE_LOOP[5].u_LUT6_not1/u_LUT6/I1 u_entropy_source/RO_SAMPLE_LOOP[5].u_LUT6_not1/u_LUT6/I2 u_entropy_source/RO_SAMPLE_LOOP[5].u_LUT6_not1/u_LUT6/I3 u_entropy_source/RO_SAMPLE_LOOP[5].u_LUT6_not1/u_LUT6/I4 u_entropy_source/RO_SAMPLE_LOOP[5].u_LUT6_not1/u_LUT6/I5","u_entropy_source/RO_SAMPLE_LOOP[5].u_LUT6_not1/GND","u_entropy_source/RO_SAMPLE_LOOP[5].u_LUT6_not1/u_LUT6","6","ROUTED","922","975"," (  { INT_L_X72Y65/GND_WIRE INT_L_X72Y65/GFAN1 INT_L_X72Y65/FAN_ALT5 INT_L_X72Y65/FAN_BOUNCE5 INT_L_X72Y65/CLK_L1 CMT_TOP_L_LOWER_B_X178Y61/CMT_L_LOWER_B_CLK_IN2_INT CMT_TOP_L_LOWER_B_X178Y61/CMT_LR_LOWER_B_MMCM_CLKIN2 }  )   (  { INT_L_X72Y51/GND_WIRE  { INT_L_X72Y51/GFAN1  { INT_L_X72Y51/FAN_ALT5 INT_L_X72Y51/FAN_BOUNCE5 INT_L_X72Y51/CLK_L0 CMT_TOP_L_LOWER_B_X178Y61/CMT_LR_LOWER_B_MMCM_PSCLK }   { INT_L_X72Y51/IMUX_L15 CMT_TOP_L_LOWER_B_X178Y61/CMT_LR_LOWER_B_MMCM_DEN }   { INT_L_X72Y51/IMUX_L22 CMT_TOP_L_LOWER_B_X178Y61/CMT_LR_LOWER_B_MMCM_DWE }  INT_L_X72Y51/IMUX_L44 CMT_TOP_L_LOWER_B_X178Y61/CMT_LR_LOWER_B_MMCM_DADDR6 }  INT_L_X72Y51/GFAN0  { INT_L_X72Y51/IMUX_L0 CMT_TOP_L_LOWER_B_X178Y61/CMT_LR_LOWER_B_MMCM_DADDR0 }   { INT_L_X72Y51/IMUX_L1 CMT_TOP_L_LOWER_B_X178Y61/CMT_LR_LOWER_B_MMCM_DADDR1 }   { INT_L_X72Y51/IMUX_L2 CMT_TOP_L_LOWER_B_X178Y61/CMT_LR_LOWER_B_MMCM_DADDR2 }   { INT_L_X72Y51/IMUX_L34 CMT_TOP_L_LOWER_B_X178Y61/CMT_LR_LOWER_B_MMCM_DADDR3 }   { INT_L_X72Y51/IMUX_L35 CMT_TOP_L_LOWER_B_X178Y61/CMT_LR_LOWER_B_MMCM_DADDR5 }  INT_L_X72Y51/IMUX_L3 CMT_TOP_L_LOWER_B_X178Y61/CMT_LR_LOWER_B_MMCM_DADDR4 }  )   (  { INT_L_X72Y50/GND_WIRE  { INT_L_X72Y50/GFAN1  { INT_L_X72Y50/FAN_ALT5 INT_L_X72Y50/FAN_BOUNCE5  { INT_L_X72Y50/CLK_L0 CMT_TOP_L_LOWER_B_X178Y61/CMT_LR_LOWER_B_MMCM_DCLK }   { INT_L_X72Y50/IMUX_L1 CMT_TOP_L_LOWER_B_X178Y61/CMT_LR_LOWER_B_MMCM_DI2 }   { INT_L_X72Y50/IMUX_L33 CMT_TOP_L_LOWER_B_X178Y61/CMT_LR_LOWER_B_MMCM_DI3 }   { INT_L_X72Y50/IMUX_L35 CMT_TOP_L_LOWER_B_X178Y61/CMT_LR_LOWER_B_MMCM_DI7 }  INT_L_X72Y50/IMUX_L3 CMT_TOP_L_LOWER_B_X178Y61/CMT_LR_LOWER_B_MMCM_DI6 }   { INT_L_X72Y50/IMUX_L36 CMT_TOP_L_LOWER_B_X178Y61/CMT_LR_LOWER_B_MMCM_DI9 }   { INT_L_X72Y50/IMUX_L37 CMT_TOP_L_LOWER_B_X178Y61/CMT_LR_LOWER_B_MMCM_DI11 }   { INT_L_X72Y50/IMUX_L38 CMT_TOP_L_LOWER_B_X178Y61/CMT_LR_LOWER_B_MMCM_DI13 }   { INT_L_X72Y50/IMUX_L39 CMT_TOP_L_LOWER_B_X178Y61/CMT_LR_LOWER_B_MMCM_DI15 }   { INT_L_X72Y50/IMUX_L4 CMT_TOP_L_LOWER_B_X178Y61/CMT_LR_LOWER_B_M..."
"reverse_w4_compact_sample","u_entropy_source/RO_SAMPLE_LOOP[5].u_LUT6_not1/in0[0]","sample_ro_net","u_entropy_source/RO_SAMPLE_LOOP[5].u_LUT6_not1/u_LUT6/O u_entropy_source/RO_SAMPLE_LOOP[5].u_LUT6_not1/in0[0]","","u_entropy_source/RO_SAMPLE_LOOP[5].u_LUT6_not1/u_LUT6 u_entropy_source/RO_SAMPLE_LOOP[5].u_LUT6_not1","","10","ROUTED","13","14"," { CLBLM_M_A CLBLM_LOGIC_OUTS12  { SE2BEG0 NR1BEG0 WR1BEG1 CLK0 CLBLM_L_CLK }   { ER1BEG1 CLK_L1 CLBLL_LL_CLK }  NL1BEG_N3 NR1BEG3 IMUX7 CLBLM_M_A1 }  "
"reverse_w4_compact_sample","u_entropy_source/RO_SAMPLE_LOOP[5].u_LUT6_not1/out[0]","sample_ro_net","","u_entropy_source/RO_SAMPLE_LOOP[5].u_LUT6_not1/u_LUT6/I0 u_entropy_source/RO_SAMPLE_LOOP[5].u_LUT6_not1/out[0]","","u_entropy_source/RO_SAMPLE_LOOP[5].u_LUT6_not1/u_LUT6 u_entropy_source/RO_SAMPLE_LOOP[5].u_LUT6_not1","10","ROUTED","13","14"," { CLBLM_M_A CLBLM_LOGIC_OUTS12  { NL1BEG_N3 NR1BEG3 IMUX7 CLBLM_M_A1 }  NN2BEG0 NL1BEG_N3 FAN_ALT5 FAN_BOUNCE5  { CLK0 CLBLM_L_CLK }  CLK1 CLBLM_M_CLK }  "
"reverse_w4_compact_sample","u_entropy_source/RO_SAMPLE_LOOP[6].u_LUT6_not1/<const0>","sample_ro_net","u_entropy_source/RO_SAMPLE_LOOP[6].u_LUT6_not1/GND/G","u_entropy_source/RO_SAMPLE_LOOP[6].u_LUT6_not1/u_LUT6/I1 u_entropy_source/RO_SAMPLE_LOOP[6].u_LUT6_not1/u_LUT6/I2 u_entropy_source/RO_SAMPLE_LOOP[6].u_LUT6_not1/u_LUT6/I3 u_entropy_source/RO_SAMPLE_LOOP[6].u_LUT6_not1/u_LUT6/I4 u_entropy_source/RO_SAMPLE_LOOP[6].u_LUT6_not1/u_LUT6/I5","u_entropy_source/RO_SAMPLE_LOOP[6].u_LUT6_not1/GND","u_entropy_source/RO_SAMPLE_LOOP[6].u_LUT6_not1/u_LUT6","6","ROUTED","922","975"," (  { INT_L_X72Y65/GND_WIRE INT_L_X72Y65/GFAN1 INT_L_X72Y65/FAN_ALT5 INT_L_X72Y65/FAN_BOUNCE5 INT_L_X72Y65/CLK_L1 CMT_TOP_L_LOWER_B_X178Y61/CMT_L_LOWER_B_CLK_IN2_INT CMT_TOP_L_LOWER_B_X178Y61/CMT_LR_LOWER_B_MMCM_CLKIN2 }  )   (  { INT_L_X72Y51/GND_WIRE  { INT_L_X72Y51/GFAN1  { INT_L_X72Y51/FAN_ALT5 INT_L_X72Y51/FAN_BOUNCE5 INT_L_X72Y51/CLK_L0 CMT_TOP_L_LOWER_B_X178Y61/CMT_LR_LOWER_B_MMCM_PSCLK }   { INT_L_X72Y51/IMUX_L15 CMT_TOP_L_LOWER_B_X178Y61/CMT_LR_LOWER_B_MMCM_DEN }   { INT_L_X72Y51/IMUX_L22 CMT_TOP_L_LOWER_B_X178Y61/CMT_LR_LOWER_B_MMCM_DWE }  INT_L_X72Y51/IMUX_L44 CMT_TOP_L_LOWER_B_X178Y61/CMT_LR_LOWER_B_MMCM_DADDR6 }  INT_L_X72Y51/GFAN0  { INT_L_X72Y51/IMUX_L0 CMT_TOP_L_LOWER_B_X178Y61/CMT_LR_LOWER_B_MMCM_DADDR0 }   { INT_L_X72Y51/IMUX_L1 CMT_TOP_L_LOWER_B_X178Y61/CMT_LR_LOWER_B_MMCM_DADDR1 }   { INT_L_X72Y51/IMUX_L2 CMT_TOP_L_LOWER_B_X178Y61/CMT_LR_LOWER_B_MMCM_DADDR2 }   { INT_L_X72Y51/IMUX_L34 CMT_TOP_L_LOWER_B_X178Y61/CMT_LR_LOWER_B_MMCM_DADDR3 }   { INT_L_X72Y51/IMUX_L35 CMT_TOP_L_LOWER_B_X178Y61/CMT_LR_LOWER_B_MMCM_DADDR5 }  INT_L_X72Y51/IMUX_L3 CMT_TOP_L_LOWER_B_X178Y61/CMT_LR_LOWER_B_MMCM_DADDR4 }  )   (  { INT_L_X72Y50/GND_WIRE  { INT_L_X72Y50/GFAN1  { INT_L_X72Y50/FAN_ALT5 INT_L_X72Y50/FAN_BOUNCE5  { INT_L_X72Y50/CLK_L0 CMT_TOP_L_LOWER_B_X178Y61/CMT_LR_LOWER_B_MMCM_DCLK }   { INT_L_X72Y50/IMUX_L1 CMT_TOP_L_LOWER_B_X178Y61/CMT_LR_LOWER_B_MMCM_DI2 }   { INT_L_X72Y50/IMUX_L33 CMT_TOP_L_LOWER_B_X178Y61/CMT_LR_LOWER_B_MMCM_DI3 }   { INT_L_X72Y50/IMUX_L35 CMT_TOP_L_LOWER_B_X178Y61/CMT_LR_LOWER_B_MMCM_DI7 }  INT_L_X72Y50/IMUX_L3 CMT_TOP_L_LOWER_B_X178Y61/CMT_LR_LOWER_B_MMCM_DI6 }   { INT_L_X72Y50/IMUX_L36 CMT_TOP_L_LOWER_B_X178Y61/CMT_LR_LOWER_B_MMCM_DI9 }   { INT_L_X72Y50/IMUX_L37 CMT_TOP_L_LOWER_B_X178Y61/CMT_LR_LOWER_B_MMCM_DI11 }   { INT_L_X72Y50/IMUX_L38 CMT_TOP_L_LOWER_B_X178Y61/CMT_LR_LOWER_B_MMCM_DI13 }   { INT_L_X72Y50/IMUX_L39 CMT_TOP_L_LOWER_B_X178Y61/CMT_LR_LOWER_B_MMCM_DI15 }   { INT_L_X72Y50/IMUX_L4 CMT_TOP_L_LOWER_B_X178Y61/CMT_LR_LOWER_B_M..."
"reverse_w4_compact_sample","u_entropy_source/RO_SAMPLE_LOOP[6].u_LUT6_not1/in0[0]","sample_ro_net","u_entropy_source/RO_SAMPLE_LOOP[6].u_LUT6_not1/u_LUT6/O u_entropy_source/RO_SAMPLE_LOOP[6].u_LUT6_not1/in0[0]","","u_entropy_source/RO_SAMPLE_LOOP[6].u_LUT6_not1/u_LUT6 u_entropy_source/RO_SAMPLE_LOOP[6].u_LUT6_not1","","10","ROUTED","13","14"," { CLBLM_M_A CLBLM_LOGIC_OUTS12  { NN2BEG0 NN6BEG0 EL1BEG_N3 NR1BEG3 IMUX_L6 CLBLL_L_A1 }  WR1BEG1 SR1BEG1  { CLK_L0 CLBLL_L_CLK }  CLK_L1 CLBLL_LL_CLK }  "
"reverse_w4_compact_sample","u_entropy_source/RO_SAMPLE_LOOP[6].u_LUT6_not1/out[0]","sample_ro_net","","u_entropy_source/RO_SAMPLE_LOOP[6].u_LUT6_not1/u_LUT6/I0 u_entropy_source/RO_SAMPLE_LOOP[6].u_LUT6_not1/out[0]","","u_entropy_source/RO_SAMPLE_LOOP[6].u_LUT6_not1/u_LUT6 u_entropy_source/RO_SAMPLE_LOOP[6].u_LUT6_not1","10","ROUTED","13","14"," { CLBLM_M_A CLBLM_LOGIC_OUTS12  { SE2BEG0 NR1BEG0 WR1BEG1 CLK0 CLBLM_L_CLK }   { ER1BEG1 CLK_L1 CLBLL_LL_CLK }  NL1BEG_N3 NR1BEG3 IMUX7 CLBLM_M_A1 }  "
"reverse_w4_compact_sample","u_entropy_source/RO_SAMPLE_LOOP[7].u_LUT6_not1/<const0>","sample_ro_net","u_entropy_source/RO_SAMPLE_LOOP[7].u_LUT6_not1/GND/G","u_entropy_source/RO_SAMPLE_LOOP[7].u_LUT6_not1/u_LUT6/I1 u_entropy_source/RO_SAMPLE_LOOP[7].u_LUT6_not1/u_LUT6/I2 u_entropy_source/RO_SAMPLE_LOOP[7].u_LUT6_not1/u_LUT6/I3 u_entropy_source/RO_SAMPLE_LOOP[7].u_LUT6_not1/u_LUT6/I4 u_entropy_source/RO_SAMPLE_LOOP[7].u_LUT6_not1/u_LUT6/I5","u_entropy_source/RO_SAMPLE_LOOP[7].u_LUT6_not1/GND","u_entropy_source/RO_SAMPLE_LOOP[7].u_LUT6_not1/u_LUT6","6","ROUTED","922","975"," (  { INT_L_X72Y65/GND_WIRE INT_L_X72Y65/GFAN1 INT_L_X72Y65/FAN_ALT5 INT_L_X72Y65/FAN_BOUNCE5 INT_L_X72Y65/CLK_L1 CMT_TOP_L_LOWER_B_X178Y61/CMT_L_LOWER_B_CLK_IN2_INT CMT_TOP_L_LOWER_B_X178Y61/CMT_LR_LOWER_B_MMCM_CLKIN2 }  )   (  { INT_L_X72Y51/GND_WIRE  { INT_L_X72Y51/GFAN1  { INT_L_X72Y51/FAN_ALT5 INT_L_X72Y51/FAN_BOUNCE5 INT_L_X72Y51/CLK_L0 CMT_TOP_L_LOWER_B_X178Y61/CMT_LR_LOWER_B_MMCM_PSCLK }   { INT_L_X72Y51/IMUX_L15 CMT_TOP_L_LOWER_B_X178Y61/CMT_LR_LOWER_B_MMCM_DEN }   { INT_L_X72Y51/IMUX_L22 CMT_TOP_L_LOWER_B_X178Y61/CMT_LR_LOWER_B_MMCM_DWE }  INT_L_X72Y51/IMUX_L44 CMT_TOP_L_LOWER_B_X178Y61/CMT_LR_LOWER_B_MMCM_DADDR6 }  INT_L_X72Y51/GFAN0  { INT_L_X72Y51/IMUX_L0 CMT_TOP_L_LOWER_B_X178Y61/CMT_LR_LOWER_B_MMCM_DADDR0 }   { INT_L_X72Y51/IMUX_L1 CMT_TOP_L_LOWER_B_X178Y61/CMT_LR_LOWER_B_MMCM_DADDR1 }   { INT_L_X72Y51/IMUX_L2 CMT_TOP_L_LOWER_B_X178Y61/CMT_LR_LOWER_B_MMCM_DADDR2 }   { INT_L_X72Y51/IMUX_L34 CMT_TOP_L_LOWER_B_X178Y61/CMT_LR_LOWER_B_MMCM_DADDR3 }   { INT_L_X72Y51/IMUX_L35 CMT_TOP_L_LOWER_B_X178Y61/CMT_LR_LOWER_B_MMCM_DADDR5 }  INT_L_X72Y51/IMUX_L3 CMT_TOP_L_LOWER_B_X178Y61/CMT_LR_LOWER_B_MMCM_DADDR4 }  )   (  { INT_L_X72Y50/GND_WIRE  { INT_L_X72Y50/GFAN1  { INT_L_X72Y50/FAN_ALT5 INT_L_X72Y50/FAN_BOUNCE5  { INT_L_X72Y50/CLK_L0 CMT_TOP_L_LOWER_B_X178Y61/CMT_LR_LOWER_B_MMCM_DCLK }   { INT_L_X72Y50/IMUX_L1 CMT_TOP_L_LOWER_B_X178Y61/CMT_LR_LOWER_B_MMCM_DI2 }   { INT_L_X72Y50/IMUX_L33 CMT_TOP_L_LOWER_B_X178Y61/CMT_LR_LOWER_B_MMCM_DI3 }   { INT_L_X72Y50/IMUX_L35 CMT_TOP_L_LOWER_B_X178Y61/CMT_LR_LOWER_B_MMCM_DI7 }  INT_L_X72Y50/IMUX_L3 CMT_TOP_L_LOWER_B_X178Y61/CMT_LR_LOWER_B_MMCM_DI6 }   { INT_L_X72Y50/IMUX_L36 CMT_TOP_L_LOWER_B_X178Y61/CMT_LR_LOWER_B_MMCM_DI9 }   { INT_L_X72Y50/IMUX_L37 CMT_TOP_L_LOWER_B_X178Y61/CMT_LR_LOWER_B_MMCM_DI11 }   { INT_L_X72Y50/IMUX_L38 CMT_TOP_L_LOWER_B_X178Y61/CMT_LR_LOWER_B_MMCM_DI13 }   { INT_L_X72Y50/IMUX_L39 CMT_TOP_L_LOWER_B_X178Y61/CMT_LR_LOWER_B_MMCM_DI15 }   { INT_L_X72Y50/IMUX_L4 CMT_TOP_L_LOWER_B_X178Y61/CMT_LR_LOWER_B_M..."
"reverse_w4_compact_sample","u_entropy_source/RO_SAMPLE_LOOP[7].u_LUT6_not1/in0[0]","sample_ro_net","u_entropy_source/RO_SAMPLE_LOOP[7].u_LUT6_not1/u_LUT6/O u_entropy_source/RO_SAMPLE_LOOP[7].u_LUT6_not1/in0[0]","","u_entropy_source/RO_SAMPLE_LOOP[7].u_LUT6_not1/u_LUT6 u_entropy_source/RO_SAMPLE_LOOP[7].u_LUT6_not1","","4","ROUTED","12","13"," { CLBLL_L_A CLBLL_LOGIC_OUTS8  { NE2BEG0 IMUX24 CLK_BUFG_BUFGCTRL0_I0 }  SW6BEG0 SS6BEG0 ER1BEG1  { CLK0 CLBLM_L_CLK }  SL1BEG1 IMUX18 CLBLM_M_B2 }  "
"reverse_w4_compact_sample","u_entropy_source/RO_SAMPLE_LOOP[7].u_LUT6_not1/out[0]","sample_ro_net","","u_entropy_source/RO_SAMPLE_LOOP[7].u_LUT6_not1/u_LUT6/I0 u_entropy_source/RO_SAMPLE_LOOP[7].u_LUT6_not1/out[0]","","u_entropy_source/RO_SAMPLE_LOOP[7].u_LUT6_not1/u_LUT6 u_entropy_source/RO_SAMPLE_LOOP[7].u_LUT6_not1","10","ROUTED","13","14"," { CLBLM_M_A CLBLM_LOGIC_OUTS12  { NN2BEG0 NN6BEG0 EL1BEG_N3 NR1BEG3 IMUX_L6 CLBLL_L_A1 }  WR1BEG1 SR1BEG1  { CLK_L0 CLBLL_L_CLK }  CLK_L1 CLBLL_LL_CLK }  "
"reverse_w4_compact_sample","u_entropy_source/RO_SAMPLE_NAND.u_LUT6_nand2_1/<const0>","sample_ro_net","u_entropy_source/RO_SAMPLE_NAND.u_LUT6_nand2_1/GND/G","u_entropy_source/RO_SAMPLE_NAND.u_LUT6_nand2_1/u_LUT6/I2 u_entropy_source/RO_SAMPLE_NAND.u_LUT6_nand2_1/u_LUT6/I3 u_entropy_source/RO_SAMPLE_NAND.u_LUT6_nand2_1/u_LUT6/I4 u_entropy_source/RO_SAMPLE_NAND.u_LUT6_nand2_1/u_LUT6/I5","u_entropy_source/RO_SAMPLE_NAND.u_LUT6_nand2_1/GND","u_entropy_source/RO_SAMPLE_NAND.u_LUT6_nand2_1/u_LUT6","5","ROUTED","922","975"," (  { INT_L_X72Y65/GND_WIRE INT_L_X72Y65/GFAN1 INT_L_X72Y65/FAN_ALT5 INT_L_X72Y65/FAN_BOUNCE5 INT_L_X72Y65/CLK_L1 CMT_TOP_L_LOWER_B_X178Y61/CMT_L_LOWER_B_CLK_IN2_INT CMT_TOP_L_LOWER_B_X178Y61/CMT_LR_LOWER_B_MMCM_CLKIN2 }  )   (  { INT_L_X72Y51/GND_WIRE  { INT_L_X72Y51/GFAN1  { INT_L_X72Y51/FAN_ALT5 INT_L_X72Y51/FAN_BOUNCE5 INT_L_X72Y51/CLK_L0 CMT_TOP_L_LOWER_B_X178Y61/CMT_LR_LOWER_B_MMCM_PSCLK }   { INT_L_X72Y51/IMUX_L15 CMT_TOP_L_LOWER_B_X178Y61/CMT_LR_LOWER_B_MMCM_DEN }   { INT_L_X72Y51/IMUX_L22 CMT_TOP_L_LOWER_B_X178Y61/CMT_LR_LOWER_B_MMCM_DWE }  INT_L_X72Y51/IMUX_L44 CMT_TOP_L_LOWER_B_X178Y61/CMT_LR_LOWER_B_MMCM_DADDR6 }  INT_L_X72Y51/GFAN0  { INT_L_X72Y51/IMUX_L0 CMT_TOP_L_LOWER_B_X178Y61/CMT_LR_LOWER_B_MMCM_DADDR0 }   { INT_L_X72Y51/IMUX_L1 CMT_TOP_L_LOWER_B_X178Y61/CMT_LR_LOWER_B_MMCM_DADDR1 }   { INT_L_X72Y51/IMUX_L2 CMT_TOP_L_LOWER_B_X178Y61/CMT_LR_LOWER_B_MMCM_DADDR2 }   { INT_L_X72Y51/IMUX_L34 CMT_TOP_L_LOWER_B_X178Y61/CMT_LR_LOWER_B_MMCM_DADDR3 }   { INT_L_X72Y51/IMUX_L35 CMT_TOP_L_LOWER_B_X178Y61/CMT_LR_LOWER_B_MMCM_DADDR5 }  INT_L_X72Y51/IMUX_L3 CMT_TOP_L_LOWER_B_X178Y61/CMT_LR_LOWER_B_MMCM_DADDR4 }  )   (  { INT_L_X72Y50/GND_WIRE  { INT_L_X72Y50/GFAN1  { INT_L_X72Y50/FAN_ALT5 INT_L_X72Y50/FAN_BOUNCE5  { INT_L_X72Y50/CLK_L0 CMT_TOP_L_LOWER_B_X178Y61/CMT_LR_LOWER_B_MMCM_DCLK }   { INT_L_X72Y50/IMUX_L1 CMT_TOP_L_LOWER_B_X178Y61/CMT_LR_LOWER_B_MMCM_DI2 }   { INT_L_X72Y50/IMUX_L33 CMT_TOP_L_LOWER_B_X178Y61/CMT_LR_LOWER_B_MMCM_DI3 }   { INT_L_X72Y50/IMUX_L35 CMT_TOP_L_LOWER_B_X178Y61/CMT_LR_LOWER_B_MMCM_DI7 }  INT_L_X72Y50/IMUX_L3 CMT_TOP_L_LOWER_B_X178Y61/CMT_LR_LOWER_B_MMCM_DI6 }   { INT_L_X72Y50/IMUX_L36 CMT_TOP_L_LOWER_B_X178Y61/CMT_LR_LOWER_B_MMCM_DI9 }   { INT_L_X72Y50/IMUX_L37 CMT_TOP_L_LOWER_B_X178Y61/CMT_LR_LOWER_B_MMCM_DI11 }   { INT_L_X72Y50/IMUX_L38 CMT_TOP_L_LOWER_B_X178Y61/CMT_LR_LOWER_B_MMCM_DI13 }   { INT_L_X72Y50/IMUX_L39 CMT_TOP_L_LOWER_B_X178Y61/CMT_LR_LOWER_B_MMCM_DI15 }   { INT_L_X72Y50/IMUX_L4 CMT_TOP_L_LOWER_B_X178Y61/CMT_LR_LOWER_B_M..."
"reverse_w4_compact_sample","u_entropy_source/RO_SAMPLE_NAND.u_LUT6_nand2_1/en","sample_ro_net","","u_entropy_source/RO_SAMPLE_NAND.u_LUT6_nand2_1/u_LUT6/I0 u_entropy_source/RO_SAMPLE_NAND.u_LUT6_nand2_1/en","","u_entropy_source/RO_SAMPLE_NAND.u_LUT6_nand2_1/u_LUT6 u_entropy_source/RO_SAMPLE_NAND.u_LUT6_nand2_1","11","ROUTED","39","40"," { CLBLM_M_AQ CLBLM_LOGIC_OUTS4 NL1BEG_N3 EE2BEG3 EE2BEG3  { FAN_ALT3 FAN_BOUNCE3 IMUX3 CLBLM_L_A2 }   { NE2BEG3 SL1BEG3 IMUX_L7 CLBLL_LL_A1 }   { IMUX15 CLBLM_M_B1 }   { SS2BEG3  { IMUX15 CLBLM_M_B1 }  SL1BEG3  { IMUX14 CLBLM_L_B1 }  WW2BEG3  { WW4BEG0 WR1BEG1 WR1BEG2 IMUX28 CLBLM_M_C4 }  ER1BEG_S0  { IMUX_L2 CLBLL_LL_A2 }  IMUX_L32 CLBLL_LL_C1 }  SE2BEG3 WL1BEG2  { BYP_ALT3 BYP_BOUNCE3 IMUX15 CLBLM_M_B1 }  IMUX14 CLBLM_L_B1 }  "
"reverse_w4_compact_sample","u_entropy_source/RO_SAMPLE_NAND.u_LUT6_nand2_1/in0[0]","sample_ro_net","u_entropy_source/RO_SAMPLE_NAND.u_LUT6_nand2_1/u_LUT6/O u_entropy_source/RO_SAMPLE_NAND.u_LUT6_nand2_1/in0[0]","","u_entropy_source/RO_SAMPLE_NAND.u_LUT6_nand2_1/u_LUT6 u_entropy_source/RO_SAMPLE_NAND.u_LUT6_nand2_1","","10","ROUTED","15","16"," { CLBLM_M_B CLBLM_LOGIC_OUTS13  { NN2BEG1 SR1BEG1 CLK1 CLBLM_M_CLK }   { SS2BEG1 NR1BEG1 NN2BEG1 SR1BEG1 CLK1 CLBLM_M_CLK }  SR1BEG2 SR1BEG3 IMUX7 CLBLM_M_A1 }  "
"reverse_w4_compact_sample","u_entropy_source/RO_SAMPLE_NAND.u_LUT6_nand2_1/out[0]","sample_ro_net","","u_entropy_source/RO_SAMPLE_NAND.u_LUT6_nand2_1/u_LUT6/I1 u_entropy_source/RO_SAMPLE_NAND.u_LUT6_nand2_1/out[0]","","u_entropy_source/RO_SAMPLE_NAND.u_LUT6_nand2_1/u_LUT6 u_entropy_source/RO_SAMPLE_NAND.u_LUT6_nand2_1","4","ROUTED","12","13"," { CLBLL_L_A CLBLL_LOGIC_OUTS8  { NE2BEG0 IMUX24 CLK_BUFG_BUFGCTRL0_I0 }  SW6BEG0 SS6BEG0 ER1BEG1  { CLK0 CLBLM_L_CLK }  SL1BEG1 IMUX18 CLBLM_M_B2 }  "
"reverse_w4_compact_sample","u_entropy_source/ro_chain[0]_0[1]","data_ro_net","u_entropy_source/RO_NUM_LOOP[0].RO_STAGE_LOOP[0].u_LUT6_not1/in0[0]","u_entropy_source/SAMPLE_DATA_LINE_LOOP[0].SAMPLE_DATA_BIT_LOOP[0].sampled_data_reg[0]/D u_entropy_source/SAMPLE_DATA_LINE_LOOP[1].SAMPLE_DATA_BIT_LOOP[0].sampled_data_reg[8]/D u_entropy_source/SAMPLE_DATA_LINE_LOOP[2].SAMPLE_DATA_BIT_LOOP[0].sampled_data_reg[16]/D u_entropy_source/SAMPLE_DATA_LINE_LOOP[3].SAMPLE_DATA_BIT_LOOP[0].sampled_data_reg[24]/D u_entropy_source/SAMPLE_DATA_LINE_LOOP[4].SAMPLE_DATA_BIT_LOOP[0].sampled_data_reg[32]/D u_entropy_source/SAMPLE_DATA_LINE_LOOP[5].SAMPLE_DATA_BIT_LOOP[0].sampled_data_reg[40]/D u_entropy_source/SAMPLE_DATA_LINE_LOOP[6].SAMPLE_DATA_BIT_LOOP[0].sampled_data_reg[48]/D u_entropy_source/SAMPLE_DATA_LINE_LOOP[7].SAMPLE_DATA_BIT_LOOP[0].sampled_data_reg[56]/D u_entropy_source/RO_NUM_LOOP[0].RO_AND.u_LUT6_and2_1/out[0]","u_entropy_source/RO_NUM_LOOP[0].RO_STAGE_LOOP[0].u_LUT6_not1","u_entropy_source/SAMPLE_DATA_LINE_LOOP[0].SAMPLE_DATA_BIT_LOOP[0].sampled_data_reg[0] u_entropy_source/SAMPLE_DATA_LINE_LOOP[1].SAMPLE_DATA_BIT_LOOP[0].sampled_data_reg[8] u_entropy_source/SAMPLE_DATA_LINE_LOOP[2].SAMPLE_DATA_BIT_LOOP[0].sampled_data_reg[16] u_entropy_source/SAMPLE_DATA_LINE_LOOP[3].SAMPLE_DATA_BIT_LOOP[0].sampled_data_reg[24] u_entropy_source/SAMPLE_DATA_LINE_LOOP[4].SAMPLE_DATA_BIT_LOOP[0].sampled_data_reg[32] u_entropy_source/SAMPLE_DATA_LINE_LOOP[5].SAMPLE_DATA_BIT_LOOP[0].sampled_data_reg[40] u_entropy_source/SAMPLE_DATA_LINE_LOOP[6].SAMPLE_DATA_BIT_LOOP[0].sampled_data_reg[48] u_entropy_source/SAMPLE_DATA_LINE_LOOP[7].SAMPLE_DATA_BIT_LOOP[0].sampled_data_reg[56] u_entropy_source/RO_NUM_LOOP[0].RO_AND.u_LUT6_and2_1","10","ROUTED","40","41"," { CLBLL_LL_B  { CLBLL_LOGIC_OUTS13 FAN_ALT6 FAN_BOUNCE6 BYP_ALT1 BYP_L1 CLBLL_LL_AX }  CLBLL_LL_BMUX CLBLL_LOGIC_OUTS21  { EL1BEG2 IMUX5 CLBLM_L_A6 }   { IMUX_L7 CLBLL_LL_A1 }   { NE2BEG3  { WR1BEG_S0 BYP_ALT0 BYP_L0 CLBLL_L_AX }  NL1BEG2 NL1BEG1 BYP_ALT1 BYP1 CLBLM_M_AX }  SL1BEG3 ER1BEG_S0  { SL1BEG0 BYP_ALT0 BYP0 CLBLM_L_AX }   { BYP_ALT1 BYP1 CLBLM_M_AX }  NE2BEG0  { NW2BEG0 BYP_ALT0 BYP0 CLBLM_L_AX }  BYP_ALT0 BYP_L0 CLBLL_L_AX }  "
"reverse_w4_compact_sample","u_entropy_source/ro_chain[1]_1[1]","data_ro_net","u_entropy_source/RO_NUM_LOOP[1].RO_STAGE_LOOP[0].u_LUT6_not1/in0[0]","u_entropy_source/SAMPLE_DATA_LINE_LOOP[0].SAMPLE_DATA_BIT_LOOP[1].sampled_data_reg[1]/D u_entropy_source/SAMPLE_DATA_LINE_LOOP[1].SAMPLE_DATA_BIT_LOOP[1].sampled_data_reg[9]/D u_entropy_source/SAMPLE_DATA_LINE_LOOP[2].SAMPLE_DATA_BIT_LOOP[1].sampled_data_reg[17]/D u_entropy_source/SAMPLE_DATA_LINE_LOOP[3].SAMPLE_DATA_BIT_LOOP[1].sampled_data_reg[25]/D u_entropy_source/SAMPLE_DATA_LINE_LOOP[4].SAMPLE_DATA_BIT_LOOP[1].sampled_data_reg[33]/D u_entropy_source/SAMPLE_DATA_LINE_LOOP[5].SAMPLE_DATA_BIT_LOOP[1].sampled_data_reg[41]/D u_entropy_source/SAMPLE_DATA_LINE_LOOP[6].SAMPLE_DATA_BIT_LOOP[1].sampled_data_reg[49]/D u_entropy_source/SAMPLE_DATA_LINE_LOOP[7].SAMPLE_DATA_BIT_LOOP[1].sampled_data_reg[57]/D u_entropy_source/RO_NUM_LOOP[1].RO_AND.u_LUT6_and2_1/out[0]","u_entropy_source/RO_NUM_LOOP[1].RO_STAGE_LOOP[0].u_LUT6_not1","u_entropy_source/SAMPLE_DATA_LINE_LOOP[0].SAMPLE_DATA_BIT_LOOP[1].sampled_data_reg[1] u_entropy_source/SAMPLE_DATA_LINE_LOOP[1].SAMPLE_DATA_BIT_LOOP[1].sampled_data_reg[9] u_entropy_source/SAMPLE_DATA_LINE_LOOP[2].SAMPLE_DATA_BIT_LOOP[1].sampled_data_reg[17] u_entropy_source/SAMPLE_DATA_LINE_LOOP[3].SAMPLE_DATA_BIT_LOOP[1].sampled_data_reg[25] u_entropy_source/SAMPLE_DATA_LINE_LOOP[4].SAMPLE_DATA_BIT_LOOP[1].sampled_data_reg[33] u_entropy_source/SAMPLE_DATA_LINE_LOOP[5].SAMPLE_DATA_BIT_LOOP[1].sampled_data_reg[41] u_entropy_source/SAMPLE_DATA_LINE_LOOP[6].SAMPLE_DATA_BIT_LOOP[1].sampled_data_reg[49] u_entropy_source/SAMPLE_DATA_LINE_LOOP[7].SAMPLE_DATA_BIT_LOOP[1].sampled_data_reg[57] u_entropy_source/RO_NUM_LOOP[1].RO_AND.u_LUT6_and2_1","10","ROUTED","42","43"," { CLBLM_L_C  { CLBLM_L_CMUX CLBLM_LOGIC_OUTS18 ER1BEG1 BYP_ALT5 BYP_L5 CLBLL_L_BX }  CLBLM_LOGIC_OUTS10  { SL1BEG2 IMUX13 CLBLM_L_B6 }   { FAN_ALT5 FAN_BOUNCE5 IMUX19 CLBLM_L_B2 }   { SE2BEG2  { SL1BEG2 WL1BEG1 BYP_ALT5 BYP5 CLBLM_L_BX }  WL1BEG1  { SW2BEG1 NL1BEG1 BYP_ALT4 BYP_L4 CLBLL_LL_BX }   { BYP_ALT4 BYP4 CLBLM_M_BX }  NN2BEG2 BYP_ALT5 BYP5 CLBLM_L_BX }  NW2BEG2  { EL1BEG1 NR1BEG1 BYP_ALT4 BYP4 CLBLM_M_BX }  BYP_ALT5 BYP_L5 CLBLL_L_BX }  "
"reverse_w4_compact_sample","u_entropy_source/ro_chain[2]_2[1]","data_ro_net","u_entropy_source/RO_NUM_LOOP[2].RO_STAGE_LOOP[0].u_LUT6_not1/in0[0]","u_entropy_source/SAMPLE_DATA_LINE_LOOP[0].SAMPLE_DATA_BIT_LOOP[2].sampled_data_reg[2]/D u_entropy_source/SAMPLE_DATA_LINE_LOOP[1].SAMPLE_DATA_BIT_LOOP[2].sampled_data_reg[10]/D u_entropy_source/SAMPLE_DATA_LINE_LOOP[2].SAMPLE_DATA_BIT_LOOP[2].sampled_data_reg[18]/D u_entropy_source/SAMPLE_DATA_LINE_LOOP[3].SAMPLE_DATA_BIT_LOOP[2].sampled_data_reg[26]/D u_entropy_source/SAMPLE_DATA_LINE_LOOP[4].SAMPLE_DATA_BIT_LOOP[2].sampled_data_reg[34]/D u_entropy_source/SAMPLE_DATA_LINE_LOOP[5].SAMPLE_DATA_BIT_LOOP[2].sampled_data_reg[42]/D u_entropy_source/SAMPLE_DATA_LINE_LOOP[6].SAMPLE_DATA_BIT_LOOP[2].sampled_data_reg[50]/D u_entropy_source/SAMPLE_DATA_LINE_LOOP[7].SAMPLE_DATA_BIT_LOOP[2].sampled_data_reg[58]/D u_entropy_source/RO_NUM_LOOP[2].RO_AND.u_LUT6_and2_1/out[0]","u_entropy_source/RO_NUM_LOOP[2].RO_STAGE_LOOP[0].u_LUT6_not1","u_entropy_source/SAMPLE_DATA_LINE_LOOP[0].SAMPLE_DATA_BIT_LOOP[2].sampled_data_reg[2] u_entropy_source/SAMPLE_DATA_LINE_LOOP[1].SAMPLE_DATA_BIT_LOOP[2].sampled_data_reg[10] u_entropy_source/SAMPLE_DATA_LINE_LOOP[2].SAMPLE_DATA_BIT_LOOP[2].sampled_data_reg[18] u_entropy_source/SAMPLE_DATA_LINE_LOOP[3].SAMPLE_DATA_BIT_LOOP[2].sampled_data_reg[26] u_entropy_source/SAMPLE_DATA_LINE_LOOP[4].SAMPLE_DATA_BIT_LOOP[2].sampled_data_reg[34] u_entropy_source/SAMPLE_DATA_LINE_LOOP[5].SAMPLE_DATA_BIT_LOOP[2].sampled_data_reg[42] u_entropy_source/SAMPLE_DATA_LINE_LOOP[6].SAMPLE_DATA_BIT_LOOP[2].sampled_data_reg[50] u_entropy_source/SAMPLE_DATA_LINE_LOOP[7].SAMPLE_DATA_BIT_LOOP[2].sampled_data_reg[58] u_entropy_source/RO_NUM_LOOP[2].RO_AND.u_LUT6_and2_1","10","ROUTED","40","41"," { CLBLL_LL_D  { CLBLL_LOGIC_OUTS15  { FAN_ALT3 FAN_BOUNCE3  { BYP_ALT3 BYP_L3 CLBLL_LL_CX }  IMUX_L29 CLBLL_LL_C2 }  NL1BEG2  { NR1BEG2 BYP_ALT2 BYP_L2 CLBLL_L_CX }  NE2BEG2  { FAN_ALT5 FAN_BOUNCE5 BYP_ALT1 BYP1 CLBLM_M_AX }   { BYP_ALT2 BYP2 CLBLM_L_CX }  NR1BEG2 BYP_ALT3 BYP3 CLBLM_M_CX }  CLBLL_LL_DMUX CLBLL_LOGIC_OUTS23  { SE2BEG1 NR1BEG1 IMUX34 CLBLM_L_C6 }  ER1BEG2  { SL1BEG2 BYP_ALT2 BYP2 CLBLM_L_CX }  BYP_ALT3 BYP3 CLBLM_M_CX }  "
"reverse_w4_compact_sample","u_entropy_source/ro_chain[3]_3[1]","data_ro_net","u_entropy_source/RO_NUM_LOOP[3].RO_STAGE_LOOP[0].u_LUT6_not1/in0[0]","u_entropy_source/SAMPLE_DATA_LINE_LOOP[0].SAMPLE_DATA_BIT_LOOP[3].sampled_data_reg[3]/D u_entropy_source/SAMPLE_DATA_LINE_LOOP[1].SAMPLE_DATA_BIT_LOOP[3].sampled_data_reg[11]/D u_entropy_source/SAMPLE_DATA_LINE_LOOP[2].SAMPLE_DATA_BIT_LOOP[3].sampled_data_reg[19]/D u_entropy_source/SAMPLE_DATA_LINE_LOOP[3].SAMPLE_DATA_BIT_LOOP[3].sampled_data_reg[27]/D u_entropy_source/SAMPLE_DATA_LINE_LOOP[4].SAMPLE_DATA_BIT_LOOP[3].sampled_data_reg[35]/D u_entropy_source/SAMPLE_DATA_LINE_LOOP[5].SAMPLE_DATA_BIT_LOOP[3].sampled_data_reg[43]/D u_entropy_source/SAMPLE_DATA_LINE_LOOP[6].SAMPLE_DATA_BIT_LOOP[3].sampled_data_reg[51]/D u_entropy_source/SAMPLE_DATA_LINE_LOOP[7].SAMPLE_DATA_BIT_LOOP[3].sampled_data_reg[59]/D u_entropy_source/RO_NUM_LOOP[3].RO_AND.u_LUT6_and2_1/out[0]","u_entropy_source/RO_NUM_LOOP[3].RO_STAGE_LOOP[0].u_LUT6_not1","u_entropy_source/SAMPLE_DATA_LINE_LOOP[0].SAMPLE_DATA_BIT_LOOP[3].sampled_data_reg[3] u_entropy_source/SAMPLE_DATA_LINE_LOOP[1].SAMPLE_DATA_BIT_LOOP[3].sampled_data_reg[11] u_entropy_source/SAMPLE_DATA_LINE_LOOP[2].SAMPLE_DATA_BIT_LOOP[3].sampled_data_reg[19] u_entropy_source/SAMPLE_DATA_LINE_LOOP[3].SAMPLE_DATA_BIT_LOOP[3].sampled_data_reg[27] u_entropy_source/SAMPLE_DATA_LINE_LOOP[4].SAMPLE_DATA_BIT_LOOP[3].sampled_data_reg[35] u_entropy_source/SAMPLE_DATA_LINE_LOOP[5].SAMPLE_DATA_BIT_LOOP[3].sampled_data_reg[43] u_entropy_source/SAMPLE_DATA_LINE_LOOP[6].SAMPLE_DATA_BIT_LOOP[3].sampled_data_reg[51] u_entropy_source/SAMPLE_DATA_LINE_LOOP[7].SAMPLE_DATA_BIT_LOOP[3].sampled_data_reg[59] u_entropy_source/RO_NUM_LOOP[3].RO_AND.u_LUT6_and2_1","10","ROUTED","42","43"," { CLBLM_M_C CLBLM_LOGIC_OUTS14  { WW2BEG2 ER1BEG3  { BYP_ALT7 BYP_L7 CLBLL_L_DX }   { SL1BEG3  { SR1BEG_S0 SL1BEG0 BYP_ALT0 BYP_L0 CLBLL_L_AX }  SE2BEG3 BYP_ALT6 BYP6 CLBLM_M_DX }  ER1BEG_S0  { BYP_ALT0 BYP0 CLBLM_L_AX }  FAN_ALT4 FAN_BOUNCE4 BYP_ALT7 BYP7 CLBLM_L_DX }   { SS2BEG2 FAN_ALT1 FAN_BOUNCE1  { FAN_ALT6 FAN_BOUNCE6 BYP_ALT7 BYP7 CLBLM_L_DX }  IMUX42 CLBLM_L_D6 }  FAN_ALT7 FAN_BOUNCE7  { BYP_ALT4 BYP4 CLBLM_M_BX }  IMUX18 CLBLM_M_B2 }  "
"reverse_w4_compact_sample","u_entropy_source/ro_chain[4]_4[1]","data_ro_net","u_entropy_source/RO_NUM_LOOP[4].RO_STAGE_LOOP[0].u_LUT6_not1/in0[0]","u_entropy_source/SAMPLE_DATA_LINE_LOOP[0].SAMPLE_DATA_BIT_LOOP[4].sampled_data_reg[4]/D u_entropy_source/SAMPLE_DATA_LINE_LOOP[1].SAMPLE_DATA_BIT_LOOP[4].sampled_data_reg[12]/D u_entropy_source/SAMPLE_DATA_LINE_LOOP[2].SAMPLE_DATA_BIT_LOOP[4].sampled_data_reg[20]/D u_entropy_source/SAMPLE_DATA_LINE_LOOP[3].SAMPLE_DATA_BIT_LOOP[4].sampled_data_reg[28]/D u_entropy_source/SAMPLE_DATA_LINE_LOOP[4].SAMPLE_DATA_BIT_LOOP[4].sampled_data_reg[36]/D u_entropy_source/SAMPLE_DATA_LINE_LOOP[5].SAMPLE_DATA_BIT_LOOP[4].sampled_data_reg[44]/D u_entropy_source/SAMPLE_DATA_LINE_LOOP[6].SAMPLE_DATA_BIT_LOOP[4].sampled_data_reg[52]/D u_entropy_source/SAMPLE_DATA_LINE_LOOP[7].SAMPLE_DATA_BIT_LOOP[4].sampled_data_reg[60]/D u_entropy_source/RO_NUM_LOOP[4].RO_AND.u_LUT6_and2_1/out[0]","u_entropy_source/RO_NUM_LOOP[4].RO_STAGE_LOOP[0].u_LUT6_not1","u_entropy_source/SAMPLE_DATA_LINE_LOOP[0].SAMPLE_DATA_BIT_LOOP[4].sampled_data_reg[4] u_entropy_source/SAMPLE_DATA_LINE_LOOP[1].SAMPLE_DATA_BIT_LOOP[4].sampled_data_reg[12] u_entropy_source/SAMPLE_DATA_LINE_LOOP[2].SAMPLE_DATA_BIT_LOOP[4].sampled_data_reg[20] u_entropy_source/SAMPLE_DATA_LINE_LOOP[3].SAMPLE_DATA_BIT_LOOP[4].sampled_data_reg[28] u_entropy_source/SAMPLE_DATA_LINE_LOOP[4].SAMPLE_DATA_BIT_LOOP[4].sampled_data_reg[36] u_entropy_source/SAMPLE_DATA_LINE_LOOP[5].SAMPLE_DATA_BIT_LOOP[4].sampled_data_reg[44] u_entropy_source/SAMPLE_DATA_LINE_LOOP[6].SAMPLE_DATA_BIT_LOOP[4].sampled_data_reg[52] u_entropy_source/SAMPLE_DATA_LINE_LOOP[7].SAMPLE_DATA_BIT_LOOP[4].sampled_data_reg[60] u_entropy_source/RO_NUM_LOOP[4].RO_AND.u_LUT6_and2_1","10","ROUTED","39","40"," { CLBLL_LL_B CLBLL_LL_BMUX CLBLL_LOGIC_OUTS21  { WL1BEG2 NL1BEG2 BYP_ALT5 BYP5 CLBLM_L_BX }  SR1BEG_S0  { FAN_ALT2 FAN_BOUNCE2 BYP_ALT0 BYP_L0 CLBLL_L_AX }   { WW2BEG0 BYP_ALT1 BYP_L1 CLBLL_LL_AX }   { BYP_ALT1 BYP_L1 CLBLL_LL_AX }   { SL1BEG0 BYP_ALT1 BYP_L1 CLBLL_LL_AX }   { IMUX_L2 CLBLL_LL_A2 }  SW2BEG0  { BYP_ALT1 BYP1 CLBLM_M_AX }  SL1BEG0  { BYP_ALT0 BYP0 CLBLM_L_AX }  WW2BEG0 ER1BEG1 BYP_ALT5 BYP_L5 CLBLL_L_BX }  "
"reverse_w4_compact_sample","u_entropy_source/ro_chain[5]_5[1]","data_ro_net","u_entropy_source/RO_NUM_LOOP[5].RO_STAGE_LOOP[0].u_LUT6_not1/in0[0]","u_entropy_source/SAMPLE_DATA_LINE_LOOP[0].SAMPLE_DATA_BIT_LOOP[5].sampled_data_reg[5]/D u_entropy_source/SAMPLE_DATA_LINE_LOOP[1].SAMPLE_DATA_BIT_LOOP[5].sampled_data_reg[13]/D u_entropy_source/SAMPLE_DATA_LINE_LOOP[2].SAMPLE_DATA_BIT_LOOP[5].sampled_data_reg[21]/D u_entropy_source/SAMPLE_DATA_LINE_LOOP[3].SAMPLE_DATA_BIT_LOOP[5].sampled_data_reg[29]/D u_entropy_source/SAMPLE_DATA_LINE_LOOP[4].SAMPLE_DATA_BIT_LOOP[5].sampled_data_reg[37]/D u_entropy_source/SAMPLE_DATA_LINE_LOOP[5].SAMPLE_DATA_BIT_LOOP[5].sampled_data_reg[45]/D u_entropy_source/SAMPLE_DATA_LINE_LOOP[6].SAMPLE_DATA_BIT_LOOP[5].sampled_data_reg[53]/D u_entropy_source/SAMPLE_DATA_LINE_LOOP[7].SAMPLE_DATA_BIT_LOOP[5].sampled_data_reg[61]/D u_entropy_source/RO_NUM_LOOP[5].RO_AND.u_LUT6_and2_1/out[0]","u_entropy_source/RO_NUM_LOOP[5].RO_STAGE_LOOP[0].u_LUT6_not1","u_entropy_source/SAMPLE_DATA_LINE_LOOP[0].SAMPLE_DATA_BIT_LOOP[5].sampled_data_reg[5] u_entropy_source/SAMPLE_DATA_LINE_LOOP[1].SAMPLE_DATA_BIT_LOOP[5].sampled_data_reg[13] u_entropy_source/SAMPLE_DATA_LINE_LOOP[2].SAMPLE_DATA_BIT_LOOP[5].sampled_data_reg[21] u_entropy_source/SAMPLE_DATA_LINE_LOOP[3].SAMPLE_DATA_BIT_LOOP[5].sampled_data_reg[29] u_entropy_source/SAMPLE_DATA_LINE_LOOP[4].SAMPLE_DATA_BIT_LOOP[5].sampled_data_reg[37] u_entropy_source/SAMPLE_DATA_LINE_LOOP[5].SAMPLE_DATA_BIT_LOOP[5].sampled_data_reg[45] u_entropy_source/SAMPLE_DATA_LINE_LOOP[6].SAMPLE_DATA_BIT_LOOP[5].sampled_data_reg[53] u_entropy_source/SAMPLE_DATA_LINE_LOOP[7].SAMPLE_DATA_BIT_LOOP[5].sampled_data_reg[61] u_entropy_source/RO_NUM_LOOP[5].RO_AND.u_LUT6_and2_1","10","ROUTED","40","41"," { CLBLM_L_C CLBLM_LOGIC_OUTS10 NW2BEG2  { BYP_ALT2 BYP_L2 CLBLL_L_CX }   { EL1BEG1  { SL1BEG1 IMUX19 CLBLM_L_B2 }  NE2BEG1  { BYP_ALT4 BYP_L4 CLBLL_LL_BX }  NR1BEG1  { NR1BEG1 WR1BEG2 BYP_ALT2 BYP2 CLBLM_L_CX }   { BYP_ALT4 BYP_L4 CLBLL_LL_BX }  BYP_ALT5 BYP_L5 CLBLL_L_BX }  NL1BEG1  { NR1BEG1 BYP_ALT4 BYP_L4 CLBLL_LL_BX }  NE2BEG1  { SL1BEG1 BYP_ALT4 BYP4 CLBLM_M_BX }  SE2BEG1 SW2BEG1 BYP_ALT5 BYP5 CLBLM_L_BX }  "
"reverse_w4_compact_sample","u_entropy_source/ro_chain[6]_6[1]","data_ro_net","u_entropy_source/RO_NUM_LOOP[6].RO_STAGE_LOOP[0].u_LUT6_not1/in0[0]","u_entropy_source/SAMPLE_DATA_LINE_LOOP[0].SAMPLE_DATA_BIT_LOOP[6].sampled_data_reg[6]/D u_entropy_source/SAMPLE_DATA_LINE_LOOP[1].SAMPLE_DATA_BIT_LOOP[6].sampled_data_reg[14]/D u_entropy_source/SAMPLE_DATA_LINE_LOOP[2].SAMPLE_DATA_BIT_LOOP[6].sampled_data_reg[22]/D u_entropy_source/SAMPLE_DATA_LINE_LOOP[3].SAMPLE_DATA_BIT_LOOP[6].sampled_data_reg[30]/D u_entropy_source/SAMPLE_DATA_LINE_LOOP[4].SAMPLE_DATA_BIT_LOOP[6].sampled_data_reg[38]/D u_entropy_source/SAMPLE_DATA_LINE_LOOP[5].SAMPLE_DATA_BIT_LOOP[6].sampled_data_reg[46]/D u_entropy_source/SAMPLE_DATA_LINE_LOOP[6].SAMPLE_DATA_BIT_LOOP[6].sampled_data_reg[54]/D u_entropy_source/SAMPLE_DATA_LINE_LOOP[7].SAMPLE_DATA_BIT_LOOP[6].sampled_data_reg[62]/D u_entropy_source/RO_NUM_LOOP[6].RO_AND.u_LUT6_and2_1/out[0]","u_entropy_source/RO_NUM_LOOP[6].RO_STAGE_LOOP[0].u_LUT6_not1","u_entropy_source/SAMPLE_DATA_LINE_LOOP[0].SAMPLE_DATA_BIT_LOOP[6].sampled_data_reg[6] u_entropy_source/SAMPLE_DATA_LINE_LOOP[1].SAMPLE_DATA_BIT_LOOP[6].sampled_data_reg[14] u_entropy_source/SAMPLE_DATA_LINE_LOOP[2].SAMPLE_DATA_BIT_LOOP[6].sampled_data_reg[22] u_entropy_source/SAMPLE_DATA_LINE_LOOP[3].SAMPLE_DATA_BIT_LOOP[6].sampled_data_reg[30] u_entropy_source/SAMPLE_DATA_LINE_LOOP[4].SAMPLE_DATA_BIT_LOOP[6].sampled_data_reg[38] u_entropy_source/SAMPLE_DATA_LINE_LOOP[5].SAMPLE_DATA_BIT_LOOP[6].sampled_data_reg[46] u_entropy_source/SAMPLE_DATA_LINE_LOOP[6].SAMPLE_DATA_BIT_LOOP[6].sampled_data_reg[54] u_entropy_source/SAMPLE_DATA_LINE_LOOP[7].SAMPLE_DATA_BIT_LOOP[6].sampled_data_reg[62] u_entropy_source/RO_NUM_LOOP[6].RO_AND.u_LUT6_and2_1","10","ROUTED","37","38"," { CLBLM_M_C  { CLBLM_M_CMUX CLBLM_LOGIC_OUTS22 SS2BEG0 BYP_ALT1 BYP1 CLBLM_M_AX }  CLBLM_LOGIC_OUTS14  { FAN_ALT7 FAN_BOUNCE7 IMUX18 CLBLM_M_B2 }  EE2BEG2 WR1BEG3  { SW2BEG2 BYP_ALT2 BYP2 CLBLM_L_CX }   { BYP_ALT3 BYP_L3 CLBLL_LL_CX }  NL1BEG2  { BYP_ALT2  { BYP_L2 CLBLL_L_CX }  BYP_BOUNCE2 BYP_ALT3 BYP_L3 CLBLL_LL_CX }  NR1BEG2 WR1BEG3  { SW2BEG2 BYP_ALT3 BYP_L3 CLBLL_LL_CX }  BYP_ALT6 BYP6 CLBLM_M_DX }  "
"reverse_w4_compact_sample","u_entropy_source/ro_chain[7]_7[1]","data_ro_net","u_entropy_source/RO_NUM_LOOP[7].RO_STAGE_LOOP[0].u_LUT6_not1/in0[0]","u_entropy_source/SAMPLE_DATA_LINE_LOOP[0].SAMPLE_DATA_BIT_LOOP[7].sampled_data_reg[7]/D u_entropy_source/SAMPLE_DATA_LINE_LOOP[1].SAMPLE_DATA_BIT_LOOP[7].sampled_data_reg[15]/D u_entropy_source/SAMPLE_DATA_LINE_LOOP[2].SAMPLE_DATA_BIT_LOOP[7].sampled_data_reg[23]/D u_entropy_source/SAMPLE_DATA_LINE_LOOP[3].SAMPLE_DATA_BIT_LOOP[7].sampled_data_reg[31]/D u_entropy_source/SAMPLE_DATA_LINE_LOOP[4].SAMPLE_DATA_BIT_LOOP[7].sampled_data_reg[39]/D u_entropy_source/SAMPLE_DATA_LINE_LOOP[5].SAMPLE_DATA_BIT_LOOP[7].sampled_data_reg[47]/D u_entropy_source/SAMPLE_DATA_LINE_LOOP[6].SAMPLE_DATA_BIT_LOOP[7].sampled_data_reg[55]/D u_entropy_source/SAMPLE_DATA_LINE_LOOP[7].SAMPLE_DATA_BIT_LOOP[7].sampled_data_reg[63]/D u_entropy_source/RO_NUM_LOOP[7].RO_AND.u_LUT6_and2_1/out[0]","u_entropy_source/RO_NUM_LOOP[7].RO_STAGE_LOOP[0].u_LUT6_not1","u_entropy_source/SAMPLE_DATA_LINE_LOOP[0].SAMPLE_DATA_BIT_LOOP[7].sampled_data_reg[7] u_entropy_source/SAMPLE_DATA_LINE_LOOP[1].SAMPLE_DATA_BIT_LOOP[7].sampled_data_reg[15] u_entropy_source/SAMPLE_DATA_LINE_LOOP[2].SAMPLE_DATA_BIT_LOOP[7].sampled_data_reg[23] u_entropy_source/SAMPLE_DATA_LINE_LOOP[3].SAMPLE_DATA_BIT_LOOP[7].sampled_data_reg[31] u_entropy_source/SAMPLE_DATA_LINE_LOOP[4].SAMPLE_DATA_BIT_LOOP[7].sampled_data_reg[39] u_entropy_source/SAMPLE_DATA_LINE_LOOP[5].SAMPLE_DATA_BIT_LOOP[7].sampled_data_reg[47] u_entropy_source/SAMPLE_DATA_LINE_LOOP[6].SAMPLE_DATA_BIT_LOOP[7].sampled_data_reg[55] u_entropy_source/SAMPLE_DATA_LINE_LOOP[7].SAMPLE_DATA_BIT_LOOP[7].sampled_data_reg[63] u_entropy_source/RO_NUM_LOOP[7].RO_AND.u_LUT6_and2_1","10","ROUTED","38","39"," { CLBLM_L_B  { CLBLM_L_BMUX CLBLM_LOGIC_OUTS17  { NN2BEG3 SR1BEG3 BYP_ALT7 BYP7 CLBLM_L_DX }   { IMUX6 CLBLM_L_A1 }  SW2BEG3  { NL1BEG_N3 BYP_ALT6 BYP_L6 CLBLL_LL_DX }  SL1BEG3 BYP_ALT7 BYP_L7 CLBLL_L_DX }  CLBLM_LOGIC_OUTS9 SR1BEG2  { BYP_ALT6 BYP6 CLBLM_M_DX }   { SR1BEG3 BYP_ALT7 BYP7 CLBLM_L_DX }  ER1BEG3  { BYP_ALT6 BYP_L6 CLBLL_LL_DX }  NR1BEG3  { BYP_ALT6 BYP_L6 CLBLL_LL_DX }  BYP_ALT7 BYP_L7 CLBLL_L_DX }  "
"reverse_w4_compact_sample","u_entropy_source/ro_sample_chain[0]","sample_ro_net","u_entropy_source/RO_SAMPLE_NAND.u_LUT6_nand2_1/in0[0]","u_entropy_source/SAMPLE_DATA_LINE_LOOP[0].SAMPLE_DATA_BIT_LOOP[0].sampled_data_reg[0]/C u_entropy_source/SAMPLE_DATA_LINE_LOOP[0].SAMPLE_DATA_BIT_LOOP[1].sampled_data_reg[1]/C u_entropy_source/SAMPLE_DATA_LINE_LOOP[0].SAMPLE_DATA_BIT_LOOP[2].sampled_data_reg[2]/C u_entropy_source/SAMPLE_DATA_LINE_LOOP[0].SAMPLE_DATA_BIT_LOOP[3].sampled_data_reg[3]/C u_entropy_source/SAMPLE_DATA_LINE_LOOP[0].SAMPLE_DATA_BIT_LOOP[4].sampled_data_reg[4]/C u_entropy_source/SAMPLE_DATA_LINE_LOOP[0].SAMPLE_DATA_BIT_LOOP[5].sampled_data_reg[5]/C u_entropy_source/SAMPLE_DATA_LINE_LOOP[0].SAMPLE_DATA_BIT_LOOP[6].sampled_data_reg[6]/C u_entropy_source/SAMPLE_DATA_LINE_LOOP[0].SAMPLE_DATA_BIT_LOOP[7].sampled_data_reg[7]/C u_entropy_source/RO_SAMPLE_LOOP[0].u_LUT6_not1/out[0]","u_entropy_source/RO_SAMPLE_NAND.u_LUT6_nand2_1","u_entropy_source/SAMPLE_DATA_LINE_LOOP[0].SAMPLE_DATA_BIT_LOOP[0].sampled_data_reg[0] u_entropy_source/SAMPLE_DATA_LINE_LOOP[0].SAMPLE_DATA_BIT_LOOP[1].sampled_data_reg[1] u_entropy_source/SAMPLE_DATA_LINE_LOOP[0].SAMPLE_DATA_BIT_LOOP[2].sampled_data_reg[2] u_entropy_source/SAMPLE_DATA_LINE_LOOP[0].SAMPLE_DATA_BIT_LOOP[3].sampled_data_reg[3] u_entropy_source/SAMPLE_DATA_LINE_LOOP[0].SAMPLE_DATA_BIT_LOOP[4].sampled_data_reg[4] u_entropy_source/SAMPLE_DATA_LINE_LOOP[0].SAMPLE_DATA_BIT_LOOP[5].sampled_data_reg[5] u_entropy_source/SAMPLE_DATA_LINE_LOOP[0].SAMPLE_DATA_BIT_LOOP[6].sampled_data_reg[6] u_entropy_source/SAMPLE_DATA_LINE_LOOP[0].SAMPLE_DATA_BIT_LOOP[7].sampled_data_reg[7] u_entropy_source/RO_SAMPLE_LOOP[0].u_LUT6_not1","10","ROUTED","15","16"," { CLBLM_M_B CLBLM_LOGIC_OUTS13  { NN2BEG1 SR1BEG1 CLK1 CLBLM_M_CLK }   { SS2BEG1 NR1BEG1 NN2BEG1 SR1BEG1 CLK1 CLBLM_M_CLK }  SR1BEG2 SR1BEG3 IMUX7 CLBLM_M_A1 }  "
"reverse_w4_compact_sample","u_entropy_source/ro_sample_chain[1]","sample_ro_net","u_entropy_source/RO_SAMPLE_LOOP[0].u_LUT6_not1/in0[0]","u_entropy_source/SAMPLE_DATA_LINE_LOOP[1].SAMPLE_DATA_BIT_LOOP[0].sampled_data_reg[8]/C u_entropy_source/SAMPLE_DATA_LINE_LOOP[1].SAMPLE_DATA_BIT_LOOP[1].sampled_data_reg[9]/C u_entropy_source/SAMPLE_DATA_LINE_LOOP[1].SAMPLE_DATA_BIT_LOOP[2].sampled_data_reg[10]/C u_entropy_source/SAMPLE_DATA_LINE_LOOP[1].SAMPLE_DATA_BIT_LOOP[3].sampled_data_reg[11]/C u_entropy_source/SAMPLE_DATA_LINE_LOOP[1].SAMPLE_DATA_BIT_LOOP[4].sampled_data_reg[12]/C u_entropy_source/SAMPLE_DATA_LINE_LOOP[1].SAMPLE_DATA_BIT_LOOP[5].sampled_data_reg[13]/C u_entropy_source/SAMPLE_DATA_LINE_LOOP[1].SAMPLE_DATA_BIT_LOOP[6].sampled_data_reg[14]/C u_entropy_source/SAMPLE_DATA_LINE_LOOP[1].SAMPLE_DATA_BIT_LOOP[7].sampled_data_reg[15]/C u_entropy_source/RO_SAMPLE_LOOP[1].u_LUT6_not1/out[0]","u_entropy_source/RO_SAMPLE_LOOP[0].u_LUT6_not1","u_entropy_source/SAMPLE_DATA_LINE_LOOP[1].SAMPLE_DATA_BIT_LOOP[0].sampled_data_reg[8] u_entropy_source/SAMPLE_DATA_LINE_LOOP[1].SAMPLE_DATA_BIT_LOOP[1].sampled_data_reg[9] u_entropy_source/SAMPLE_DATA_LINE_LOOP[1].SAMPLE_DATA_BIT_LOOP[2].sampled_data_reg[10] u_entropy_source/SAMPLE_DATA_LINE_LOOP[1].SAMPLE_DATA_BIT_LOOP[3].sampled_data_reg[11] u_entropy_source/SAMPLE_DATA_LINE_LOOP[1].SAMPLE_DATA_BIT_LOOP[4].sampled_data_reg[12] u_entropy_source/SAMPLE_DATA_LINE_LOOP[1].SAMPLE_DATA_BIT_LOOP[5].sampled_data_reg[13] u_entropy_source/SAMPLE_DATA_LINE_LOOP[1].SAMPLE_DATA_BIT_LOOP[6].sampled_data_reg[14] u_entropy_source/SAMPLE_DATA_LINE_LOOP[1].SAMPLE_DATA_BIT_LOOP[7].sampled_data_reg[15] u_entropy_source/RO_SAMPLE_LOOP[1].u_LUT6_not1","10","ROUTED","10","11"," { CLBLM_M_A CLBLM_LOGIC_OUTS12  { NE2BEG0 NR1BEG0 WR1BEG1 CLK0 CLBLM_L_CLK }  NL1BEG_N3 NR1BEG3 IMUX6 CLBLM_L_A1 }  "
"reverse_w4_compact_sample","u_entropy_source/ro_sample_chain[2]","sample_ro_net","u_entropy_source/RO_SAMPLE_LOOP[1].u_LUT6_not1/in0[0]","u_entropy_source/SAMPLE_DATA_LINE_LOOP[2].SAMPLE_DATA_BIT_LOOP[0].sampled_data_reg[16]/C u_entropy_source/SAMPLE_DATA_LINE_LOOP[2].SAMPLE_DATA_BIT_LOOP[1].sampled_data_reg[17]/C u_entropy_source/SAMPLE_DATA_LINE_LOOP[2].SAMPLE_DATA_BIT_LOOP[2].sampled_data_reg[18]/C u_entropy_source/SAMPLE_DATA_LINE_LOOP[2].SAMPLE_DATA_BIT_LOOP[3].sampled_data_reg[19]/C u_entropy_source/SAMPLE_DATA_LINE_LOOP[2].SAMPLE_DATA_BIT_LOOP[4].sampled_data_reg[20]/C u_entropy_source/SAMPLE_DATA_LINE_LOOP[2].SAMPLE_DATA_BIT_LOOP[5].sampled_data_reg[21]/C u_entropy_source/SAMPLE_DATA_LINE_LOOP[2].SAMPLE_DATA_BIT_LOOP[6].sampled_data_reg[22]/C u_entropy_source/SAMPLE_DATA_LINE_LOOP[2].SAMPLE_DATA_BIT_LOOP[7].sampled_data_reg[23]/C u_entropy_source/RO_SAMPLE_LOOP[2].u_LUT6_not1/out[0]","u_entropy_source/RO_SAMPLE_LOOP[1].u_LUT6_not1","u_entropy_source/SAMPLE_DATA_LINE_LOOP[2].SAMPLE_DATA_BIT_LOOP[0].sampled_data_reg[16] u_entropy_source/SAMPLE_DATA_LINE_LOOP[2].SAMPLE_DATA_BIT_LOOP[1].sampled_data_reg[17] u_entropy_source/SAMPLE_DATA_LINE_LOOP[2].SAMPLE_DATA_BIT_LOOP[2].sampled_data_reg[18] u_entropy_source/SAMPLE_DATA_LINE_LOOP[2].SAMPLE_DATA_BIT_LOOP[3].sampled_data_reg[19] u_entropy_source/SAMPLE_DATA_LINE_LOOP[2].SAMPLE_DATA_BIT_LOOP[4].sampled_data_reg[20] u_entropy_source/SAMPLE_DATA_LINE_LOOP[2].SAMPLE_DATA_BIT_LOOP[5].sampled_data_reg[21] u_entropy_source/SAMPLE_DATA_LINE_LOOP[2].SAMPLE_DATA_BIT_LOOP[6].sampled_data_reg[22] u_entropy_source/SAMPLE_DATA_LINE_LOOP[2].SAMPLE_DATA_BIT_LOOP[7].sampled_data_reg[23] u_entropy_source/RO_SAMPLE_LOOP[2].u_LUT6_not1","10","ROUTED","15","16"," { CLBLM_L_A CLBLM_LOGIC_OUTS8  { NR1BEG0 WR1BEG1  { CLK_L0 CLBLL_L_CLK }  CLK_L1 CLBLL_LL_CLK }  NW2BEG0  { SR1BEG_S0 ER1BEG1 CLK1 CLBLM_M_CLK }  EL1BEG_N3 IMUX7 CLBLM_M_A1 }  "
"reverse_w4_compact_sample","u_entropy_source/ro_sample_chain[3]","sample_ro_net","u_entropy_source/RO_SAMPLE_LOOP[2].u_LUT6_not1/in0[0]","u_entropy_source/SAMPLE_DATA_LINE_LOOP[3].SAMPLE_DATA_BIT_LOOP[0].sampled_data_reg[24]/C u_entropy_source/SAMPLE_DATA_LINE_LOOP[3].SAMPLE_DATA_BIT_LOOP[1].sampled_data_reg[25]/C u_entropy_source/SAMPLE_DATA_LINE_LOOP[3].SAMPLE_DATA_BIT_LOOP[2].sampled_data_reg[26]/C u_entropy_source/SAMPLE_DATA_LINE_LOOP[3].SAMPLE_DATA_BIT_LOOP[3].sampled_data_reg[27]/C u_entropy_source/SAMPLE_DATA_LINE_LOOP[3].SAMPLE_DATA_BIT_LOOP[4].sampled_data_reg[28]/C u_entropy_source/SAMPLE_DATA_LINE_LOOP[3].SAMPLE_DATA_BIT_LOOP[5].sampled_data_reg[29]/C u_entropy_source/SAMPLE_DATA_LINE_LOOP[3].SAMPLE_DATA_BIT_LOOP[6].sampled_data_reg[30]/C u_entropy_source/SAMPLE_DATA_LINE_LOOP[3].SAMPLE_DATA_BIT_LOOP[7].sampled_data_reg[31]/C u_entropy_source/RO_SAMPLE_LOOP[3].u_LUT6_not1/out[0]","u_entropy_source/RO_SAMPLE_LOOP[2].u_LUT6_not1","u_entropy_source/SAMPLE_DATA_LINE_LOOP[3].SAMPLE_DATA_BIT_LOOP[0].sampled_data_reg[24] u_entropy_source/SAMPLE_DATA_LINE_LOOP[3].SAMPLE_DATA_BIT_LOOP[1].sampled_data_reg[25] u_entropy_source/SAMPLE_DATA_LINE_LOOP[3].SAMPLE_DATA_BIT_LOOP[2].sampled_data_reg[26] u_entropy_source/SAMPLE_DATA_LINE_LOOP[3].SAMPLE_DATA_BIT_LOOP[3].sampled_data_reg[27] u_entropy_source/SAMPLE_DATA_LINE_LOOP[3].SAMPLE_DATA_BIT_LOOP[4].sampled_data_reg[28] u_entropy_source/SAMPLE_DATA_LINE_LOOP[3].SAMPLE_DATA_BIT_LOOP[5].sampled_data_reg[29] u_entropy_source/SAMPLE_DATA_LINE_LOOP[3].SAMPLE_DATA_BIT_LOOP[6].sampled_data_reg[30] u_entropy_source/SAMPLE_DATA_LINE_LOOP[3].SAMPLE_DATA_BIT_LOOP[7].sampled_data_reg[31] u_entropy_source/RO_SAMPLE_LOOP[3].u_LUT6_not1","10","ROUTED","15","16"," { CLBLM_M_A CLBLM_LOGIC_OUTS12  { NL1BEG_N3 NR1BEG3 IMUX7 CLBLM_M_A1 }  SE2BEG0 NR1BEG0  { WR1BEG1 CLK0 CLBLM_L_CLK }  NE2BEG0 NR1BEG0 WR1BEG1 CLK_L1 CLBLL_LL_CLK }  "
"reverse_w4_compact_sample","u_entropy_source/ro_sample_chain[4]","sample_ro_net","u_entropy_source/RO_SAMPLE_LOOP[3].u_LUT6_not1/in0[0]","u_entropy_source/SAMPLE_DATA_LINE_LOOP[4].SAMPLE_DATA_BIT_LOOP[0].sampled_data_reg[32]/C u_entropy_source/SAMPLE_DATA_LINE_LOOP[4].SAMPLE_DATA_BIT_LOOP[1].sampled_data_reg[33]/C u_entropy_source/SAMPLE_DATA_LINE_LOOP[4].SAMPLE_DATA_BIT_LOOP[2].sampled_data_reg[34]/C u_entropy_source/SAMPLE_DATA_LINE_LOOP[4].SAMPLE_DATA_BIT_LOOP[3].sampled_data_reg[35]/C u_entropy_source/SAMPLE_DATA_LINE_LOOP[4].SAMPLE_DATA_BIT_LOOP[4].sampled_data_reg[36]/C u_entropy_source/SAMPLE_DATA_LINE_LOOP[4].SAMPLE_DATA_BIT_LOOP[5].sampled_data_reg[37]/C u_entropy_source/SAMPLE_DATA_LINE_LOOP[4].SAMPLE_DATA_BIT_LOOP[6].sampled_data_reg[38]/C u_entropy_source/SAMPLE_DATA_LINE_LOOP[4].SAMPLE_DATA_BIT_LOOP[7].sampled_data_reg[39]/C u_entropy_source/RO_SAMPLE_LOOP[4].u_LUT6_not1/out[0]","u_entropy_source/RO_SAMPLE_LOOP[3].u_LUT6_not1","u_entropy_source/SAMPLE_DATA_LINE_LOOP[4].SAMPLE_DATA_BIT_LOOP[0].sampled_data_reg[32] u_entropy_source/SAMPLE_DATA_LINE_LOOP[4].SAMPLE_DATA_BIT_LOOP[1].sampled_data_reg[33] u_entropy_source/SAMPLE_DATA_LINE_LOOP[4].SAMPLE_DATA_BIT_LOOP[2].sampled_data_reg[34] u_entropy_source/SAMPLE_DATA_LINE_LOOP[4].SAMPLE_DATA_BIT_LOOP[3].sampled_data_reg[35] u_entropy_source/SAMPLE_DATA_LINE_LOOP[4].SAMPLE_DATA_BIT_LOOP[4].sampled_data_reg[36] u_entropy_source/SAMPLE_DATA_LINE_LOOP[4].SAMPLE_DATA_BIT_LOOP[5].sampled_data_reg[37] u_entropy_source/SAMPLE_DATA_LINE_LOOP[4].SAMPLE_DATA_BIT_LOOP[6].sampled_data_reg[38] u_entropy_source/SAMPLE_DATA_LINE_LOOP[4].SAMPLE_DATA_BIT_LOOP[7].sampled_data_reg[39] u_entropy_source/RO_SAMPLE_LOOP[4].u_LUT6_not1","10","ROUTED","17","18"," { CLBLM_M_A CLBLM_LOGIC_OUTS12  { NL1BEG_N3 NR1BEG3 IMUX7 CLBLM_M_A1 }  EE2BEG0 NN2BEG0 WR1BEG1  { CLK_L0 CLBLL_L_CLK }   { SR1BEG1 CLK_L0 CLBLL_L_CLK }  NW2BEG1 SR1BEG1 CLK1 CLBLM_M_CLK }  "
"reverse_w4_compact_sample","u_entropy_source/ro_sample_chain[5]","sample_ro_net","u_entropy_source/RO_SAMPLE_LOOP[4].u_LUT6_not1/in0[0]","u_entropy_source/SAMPLE_DATA_LINE_LOOP[5].SAMPLE_DATA_BIT_LOOP[0].sampled_data_reg[40]/C u_entropy_source/SAMPLE_DATA_LINE_LOOP[5].SAMPLE_DATA_BIT_LOOP[1].sampled_data_reg[41]/C u_entropy_source/SAMPLE_DATA_LINE_LOOP[5].SAMPLE_DATA_BIT_LOOP[2].sampled_data_reg[42]/C u_entropy_source/SAMPLE_DATA_LINE_LOOP[5].SAMPLE_DATA_BIT_LOOP[3].sampled_data_reg[43]/C u_entropy_source/SAMPLE_DATA_LINE_LOOP[5].SAMPLE_DATA_BIT_LOOP[4].sampled_data_reg[44]/C u_entropy_source/SAMPLE_DATA_LINE_LOOP[5].SAMPLE_DATA_BIT_LOOP[5].sampled_data_reg[45]/C u_entropy_source/SAMPLE_DATA_LINE_LOOP[5].SAMPLE_DATA_BIT_LOOP[6].sampled_data_reg[46]/C u_entropy_source/SAMPLE_DATA_LINE_LOOP[5].SAMPLE_DATA_BIT_LOOP[7].sampled_data_reg[47]/C u_entropy_source/RO_SAMPLE_LOOP[5].u_LUT6_not1/out[0]","u_entropy_source/RO_SAMPLE_LOOP[4].u_LUT6_not1","u_entropy_source/SAMPLE_DATA_LINE_LOOP[5].SAMPLE_DATA_BIT_LOOP[0].sampled_data_reg[40] u_entropy_source/SAMPLE_DATA_LINE_LOOP[5].SAMPLE_DATA_BIT_LOOP[1].sampled_data_reg[41] u_entropy_source/SAMPLE_DATA_LINE_LOOP[5].SAMPLE_DATA_BIT_LOOP[2].sampled_data_reg[42] u_entropy_source/SAMPLE_DATA_LINE_LOOP[5].SAMPLE_DATA_BIT_LOOP[3].sampled_data_reg[43] u_entropy_source/SAMPLE_DATA_LINE_LOOP[5].SAMPLE_DATA_BIT_LOOP[4].sampled_data_reg[44] u_entropy_source/SAMPLE_DATA_LINE_LOOP[5].SAMPLE_DATA_BIT_LOOP[5].sampled_data_reg[45] u_entropy_source/SAMPLE_DATA_LINE_LOOP[5].SAMPLE_DATA_BIT_LOOP[6].sampled_data_reg[46] u_entropy_source/SAMPLE_DATA_LINE_LOOP[5].SAMPLE_DATA_BIT_LOOP[7].sampled_data_reg[47] u_entropy_source/RO_SAMPLE_LOOP[5].u_LUT6_not1","10","ROUTED","13","14"," { CLBLM_M_A CLBLM_LOGIC_OUTS12  { NL1BEG_N3 NR1BEG3 IMUX7 CLBLM_M_A1 }  NN2BEG0 NL1BEG_N3 FAN_ALT5 FAN_BOUNCE5  { CLK0 CLBLM_L_CLK }  CLK1 CLBLM_M_CLK }  "
"reverse_w4_compact_sample","u_entropy_source/ro_sample_chain[6]","sample_ro_net","u_entropy_source/RO_SAMPLE_LOOP[5].u_LUT6_not1/in0[0]","u_entropy_source/SAMPLE_DATA_LINE_LOOP[6].SAMPLE_DATA_BIT_LOOP[0].sampled_data_reg[48]/C u_entropy_source/SAMPLE_DATA_LINE_LOOP[6].SAMPLE_DATA_BIT_LOOP[1].sampled_data_reg[49]/C u_entropy_source/SAMPLE_DATA_LINE_LOOP[6].SAMPLE_DATA_BIT_LOOP[2].sampled_data_reg[50]/C u_entropy_source/SAMPLE_DATA_LINE_LOOP[6].SAMPLE_DATA_BIT_LOOP[3].sampled_data_reg[51]/C u_entropy_source/SAMPLE_DATA_LINE_LOOP[6].SAMPLE_DATA_BIT_LOOP[4].sampled_data_reg[52]/C u_entropy_source/SAMPLE_DATA_LINE_LOOP[6].SAMPLE_DATA_BIT_LOOP[5].sampled_data_reg[53]/C u_entropy_source/SAMPLE_DATA_LINE_LOOP[6].SAMPLE_DATA_BIT_LOOP[6].sampled_data_reg[54]/C u_entropy_source/SAMPLE_DATA_LINE_LOOP[6].SAMPLE_DATA_BIT_LOOP[7].sampled_data_reg[55]/C u_entropy_source/RO_SAMPLE_LOOP[6].u_LUT6_not1/out[0]","u_entropy_source/RO_SAMPLE_LOOP[5].u_LUT6_not1","u_entropy_source/SAMPLE_DATA_LINE_LOOP[6].SAMPLE_DATA_BIT_LOOP[0].sampled_data_reg[48] u_entropy_source/SAMPLE_DATA_LINE_LOOP[6].SAMPLE_DATA_BIT_LOOP[1].sampled_data_reg[49] u_entropy_source/SAMPLE_DATA_LINE_LOOP[6].SAMPLE_DATA_BIT_LOOP[2].sampled_data_reg[50] u_entropy_source/SAMPLE_DATA_LINE_LOOP[6].SAMPLE_DATA_BIT_LOOP[3].sampled_data_reg[51] u_entropy_source/SAMPLE_DATA_LINE_LOOP[6].SAMPLE_DATA_BIT_LOOP[4].sampled_data_reg[52] u_entropy_source/SAMPLE_DATA_LINE_LOOP[6].SAMPLE_DATA_BIT_LOOP[5].sampled_data_reg[53] u_entropy_source/SAMPLE_DATA_LINE_LOOP[6].SAMPLE_DATA_BIT_LOOP[6].sampled_data_reg[54] u_entropy_source/SAMPLE_DATA_LINE_LOOP[6].SAMPLE_DATA_BIT_LOOP[7].sampled_data_reg[55] u_entropy_source/RO_SAMPLE_LOOP[6].u_LUT6_not1","10","ROUTED","13","14"," { CLBLM_M_A CLBLM_LOGIC_OUTS12  { SE2BEG0 NR1BEG0 WR1BEG1 CLK0 CLBLM_L_CLK }   { ER1BEG1 CLK_L1 CLBLL_LL_CLK }  NL1BEG_N3 NR1BEG3 IMUX7 CLBLM_M_A1 }  "
"reverse_w4_compact_sample","u_entropy_source/ro_sample_chain[7]","sample_ro_net","u_entropy_source/RO_SAMPLE_LOOP[6].u_LUT6_not1/in0[0]","u_entropy_source/SAMPLE_DATA_LINE_LOOP[7].SAMPLE_DATA_BIT_LOOP[0].sampled_data_reg[56]/C u_entropy_source/SAMPLE_DATA_LINE_LOOP[7].SAMPLE_DATA_BIT_LOOP[1].sampled_data_reg[57]/C u_entropy_source/SAMPLE_DATA_LINE_LOOP[7].SAMPLE_DATA_BIT_LOOP[2].sampled_data_reg[58]/C u_entropy_source/SAMPLE_DATA_LINE_LOOP[7].SAMPLE_DATA_BIT_LOOP[3].sampled_data_reg[59]/C u_entropy_source/SAMPLE_DATA_LINE_LOOP[7].SAMPLE_DATA_BIT_LOOP[4].sampled_data_reg[60]/C u_entropy_source/SAMPLE_DATA_LINE_LOOP[7].SAMPLE_DATA_BIT_LOOP[5].sampled_data_reg[61]/C u_entropy_source/SAMPLE_DATA_LINE_LOOP[7].SAMPLE_DATA_BIT_LOOP[6].sampled_data_reg[62]/C u_entropy_source/SAMPLE_DATA_LINE_LOOP[7].SAMPLE_DATA_BIT_LOOP[7].sampled_data_reg[63]/C u_entropy_source/RO_SAMPLE_LOOP[7].u_LUT6_not1/out[0]","u_entropy_source/RO_SAMPLE_LOOP[6].u_LUT6_not1","u_entropy_source/SAMPLE_DATA_LINE_LOOP[7].SAMPLE_DATA_BIT_LOOP[0].sampled_data_reg[56] u_entropy_source/SAMPLE_DATA_LINE_LOOP[7].SAMPLE_DATA_BIT_LOOP[1].sampled_data_reg[57] u_entropy_source/SAMPLE_DATA_LINE_LOOP[7].SAMPLE_DATA_BIT_LOOP[2].sampled_data_reg[58] u_entropy_source/SAMPLE_DATA_LINE_LOOP[7].SAMPLE_DATA_BIT_LOOP[3].sampled_data_reg[59] u_entropy_source/SAMPLE_DATA_LINE_LOOP[7].SAMPLE_DATA_BIT_LOOP[4].sampled_data_reg[60] u_entropy_source/SAMPLE_DATA_LINE_LOOP[7].SAMPLE_DATA_BIT_LOOP[5].sampled_data_reg[61] u_entropy_source/SAMPLE_DATA_LINE_LOOP[7].SAMPLE_DATA_BIT_LOOP[6].sampled_data_reg[62] u_entropy_source/SAMPLE_DATA_LINE_LOOP[7].SAMPLE_DATA_BIT_LOOP[7].sampled_data_reg[63] u_entropy_source/RO_SAMPLE_LOOP[7].u_LUT6_not1","10","ROUTED","13","14"," { CLBLM_M_A CLBLM_LOGIC_OUTS12  { NN2BEG0 NN6BEG0 EL1BEG_N3 NR1BEG3 IMUX_L6 CLBLL_L_A1 }  WR1BEG1 SR1BEG1  { CLK_L0 CLBLL_L_CLK }  CLK_L1 CLBLL_LL_CLK }  "
"reverse_w4_compact_sample","u_entropy_source/sampled_data[0]","sampled_data_net","u_entropy_source/SAMPLE_DATA_LINE_LOOP[0].SAMPLE_DATA_BIT_LOOP[0].sampled_data_reg[0]/Q","u_entropy_source/rand_bit_i_2/I2","u_entropy_source/SAMPLE_DATA_LINE_LOOP[0].SAMPLE_DATA_BIT_LOOP[0].sampled_data_reg[0]","u_entropy_source/rand_bit_i_2","2","ROUTED","6","7"," { CLBLM_M_AQ CLBLM_LOGIC_OUTS4 NW2BEG0 SR1BEG_S0 ER1BEG1 IMUX35 CLBLM_M_C6 }  "
"reverse_w4_compact_sample","u_entropy_source/sampled_data[10]","sampled_data_net","u_entropy_source/SAMPLE_DATA_LINE_LOOP[1].SAMPLE_DATA_BIT_LOOP[2].sampled_data_reg[10]/Q","u_entropy_source/rand_bit_i_6/I0","u_entropy_source/SAMPLE_DATA_LINE_LOOP[1].SAMPLE_DATA_BIT_LOOP[2].sampled_data_reg[10]","u_entropy_source/rand_bit_i_6","2","ROUTED","4","5"," { CLBLM_L_CQ CLBLM_LOGIC_OUTS2 NR1BEG2 IMUX37 CLBLM_L_D4 }  "
"reverse_w4_compact_sample","u_entropy_source/sampled_data[11]","sampled_data_net","u_entropy_source/SAMPLE_DATA_LINE_LOOP[1].SAMPLE_DATA_BIT_LOOP[3].sampled_data_reg[11]/Q","u_entropy_source/rand_bit_i_6/I1","u_entropy_source/SAMPLE_DATA_LINE_LOOP[1].SAMPLE_DATA_BIT_LOOP[3].sampled_data_reg[11]","u_entropy_source/rand_bit_i_6","2","ROUTED","4","5"," { CLBLM_L_DQ CLBLM_LOGIC_OUTS3 NL1BEG2 IMUX36 CLBLM_L_D2 }  "
"reverse_w4_compact_sample","u_entropy_source/sampled_data[12]","sampled_data_net","u_entropy_source/SAMPLE_DATA_LINE_LOOP[1].SAMPLE_DATA_BIT_LOOP[4].sampled_data_reg[12]/Q","u_entropy_source/rand_bit_i_6/I5","u_entropy_source/SAMPLE_DATA_LINE_LOOP[1].SAMPLE_DATA_BIT_LOOP[4].sampled_data_reg[12]","u_entropy_source/rand_bit_i_6","2","ROUTED","5","6"," { CLBLM_L_AMUX CLBLM_LOGIC_OUTS16 NE2BEG2 WR1BEG3 IMUX46 CLBLM_L_D5 }  "
"reverse_w4_compact_sample","u_entropy_source/sampled_data[13]","sampled_data_net","u_entropy_source/SAMPLE_DATA_LINE_LOOP[1].SAMPLE_DATA_BIT_LOOP[5].sampled_data_reg[13]/Q","u_entropy_source/rand_bit_i_6/I4","u_entropy_source/SAMPLE_DATA_LINE_LOOP[1].SAMPLE_DATA_BIT_LOOP[5].sampled_data_reg[13]","u_entropy_source/rand_bit_i_6","2","ROUTED","5","6"," { CLBLM_L_BMUX CLBLM_LOGIC_OUTS17 NN2BEG3 SR1BEG3 IMUX39 CLBLM_L_D3 }  "
"reverse_w4_compact_sample","u_entropy_source/sampled_data[14]","sampled_data_net","u_entropy_source/SAMPLE_DATA_LINE_LOOP[1].SAMPLE_DATA_BIT_LOOP[6].sampled_data_reg[14]/Q","u_entropy_source/rand_bit_i_6/I3","u_entropy_source/SAMPLE_DATA_LINE_LOOP[1].SAMPLE_DATA_BIT_LOOP[6].sampled_data_reg[14]","u_entropy_source/rand_bit_i_6","2","ROUTED","4","5"," { CLBLM_L_CMUX CLBLM_LOGIC_OUTS18 NR1BEG0 IMUX41 CLBLM_L_D1 }  "
"reverse_w4_compact_sample","u_entropy_source/sampled_data[15]","sampled_data_net","u_entropy_source/SAMPLE_DATA_LINE_LOOP[1].SAMPLE_DATA_BIT_LOOP[7].sampled_data_reg[15]/Q","u_entropy_source/rand_bit_i_6/I2","u_entropy_source/SAMPLE_DATA_LINE_LOOP[1].SAMPLE_DATA_BIT_LOOP[7].sampled_data_reg[15]","u_entropy_source/rand_bit_i_6","2","ROUTED","4","5"," { CLBLM_L_DMUX CLBLM_LOGIC_OUTS19 NR1BEG1 IMUX42 CLBLM_L_D6 }  "
"reverse_w4_compact_sample","u_entropy_source/sampled_data[16]","sampled_data_net","u_entropy_source/SAMPLE_DATA_LINE_LOOP[2].SAMPLE_DATA_BIT_LOOP[0].sampled_data_reg[16]/Q","u_entropy_source/rand_bit_i_5/I0","u_entropy_source/SAMPLE_DATA_LINE_LOOP[2].SAMPLE_DATA_BIT_LOOP[0].sampled_data_reg[16]","u_entropy_source/rand_bit_i_5","2","ROUTED","3","4"," { CLBLL_LL_AQ CLBLL_LOGIC_OUTS4 IMUX_L9 CLBLL_L_A5 }  "
"reverse_w4_compact_sample","u_entropy_source/sampled_data[17]","sampled_data_net","u_entropy_source/SAMPLE_DATA_LINE_LOOP[2].SAMPLE_DATA_BIT_LOOP[1].sampled_data_reg[17]/Q","u_entropy_source/rand_bit_i_5/I1","u_entropy_source/SAMPLE_DATA_LINE_LOOP[2].SAMPLE_DATA_BIT_LOOP[1].sampled_data_reg[17]","u_entropy_source/rand_bit_i_5","2","ROUTED","3","4"," { CLBLL_LL_BQ CLBLL_LOGIC_OUTS5 IMUX_L10 CLBLL_L_A4 }  "
"reverse_w4_compact_sample","u_entropy_source/sampled_data[18]","sampled_data_net","u_entropy_source/SAMPLE_DATA_LINE_LOOP[2].SAMPLE_DATA_BIT_LOOP[2].sampled_data_reg[18]/Q","u_entropy_source/rand_bit_i_5/I5","u_entropy_source/SAMPLE_DATA_LINE_LOOP[2].SAMPLE_DATA_BIT_LOOP[2].sampled_data_reg[18]","u_entropy_source/rand_bit_i_5","2","ROUTED","3","4"," { CLBLL_LL_CQ CLBLL_LOGIC_OUTS6 IMUX_L5 CLBLL_L_A6 }  "
"reverse_w4_compact_sample","u_entropy_source/sampled_data[19]","sampled_data_net","u_entropy_source/SAMPLE_DATA_LINE_LOOP[2].SAMPLE_DATA_BIT_LOOP[3].sampled_data_reg[19]/Q","u_entropy_source/rand_bit_i_5/I4","u_entropy_source/SAMPLE_DATA_LINE_LOOP[2].SAMPLE_DATA_BIT_LOOP[3].sampled_data_reg[19]","u_entropy_source/rand_bit_i_5","2","ROUTED","4","5"," { CLBLL_L_AQ CLBLL_LOGIC_OUTS0 NL1BEG_N3 IMUX_L6 CLBLL_L_A1 }  "
"reverse_w4_compact_sample","u_entropy_source/sampled_data[1]","sampled_data_net","u_entropy_source/SAMPLE_DATA_LINE_LOOP[0].SAMPLE_DATA_BIT_LOOP[1].sampled_data_reg[1]/Q","u_entropy_source/rand_bit_i_2/I3","u_entropy_source/SAMPLE_DATA_LINE_LOOP[0].SAMPLE_DATA_BIT_LOOP[1].sampled_data_reg[1]","u_entropy_source/rand_bit_i_2","2","ROUTED","5","6"," { CLBLM_M_BQ CLBLM_LOGIC_OUTS5 FAN_ALT2 FAN_BOUNCE2 IMUX32 CLBLM_M_C1 }  "
"reverse_w4_compact_sample","u_entropy_source/sampled_data[20]","sampled_data_net","u_entropy_source/SAMPLE_DATA_LINE_LOOP[2].SAMPLE_DATA_BIT_LOOP[4].sampled_data_reg[20]/Q","u_entropy_source/rand_bit_i_5/I3","u_entropy_source/SAMPLE_DATA_LINE_LOOP[2].SAMPLE_DATA_BIT_LOOP[4].sampled_data_reg[20]","u_entropy_source/rand_bit_i_5","2","ROUTED","3","4"," { CLBLL_L_BQ CLBLL_LOGIC_OUTS1 IMUX_L3 CLBLL_L_A2 }  "
"reverse_w4_compact_sample","u_entropy_source/sampled_data[21]","sampled_data_net","u_entropy_source/SAMPLE_DATA_LINE_LOOP[2].SAMPLE_DATA_BIT_LOOP[5].sampled_data_reg[21]/Q","u_entropy_source/rand_bit_i_5/I2","u_entropy_source/SAMPLE_DATA_LINE_LOOP[2].SAMPLE_DATA_BIT_LOOP[5].sampled_data_reg[21]","u_entropy_source/rand_bit_i_5","2","ROUTED","4","5"," { CLBLL_L_CQ CLBLL_LOGIC_OUTS2 SR1BEG3 IMUX_L0 CLBLL_L_A3 }  "
"reverse_w4_compact_sample","u_entropy_source/sampled_data[22]","sampled_data_net","u_entropy_source/SAMPLE_DATA_LINE_LOOP[2].SAMPLE_DATA_BIT_LOOP[6].sampled_data_reg[22]/Q","u_entropy_source/rand_bit_i_7/I0","u_entropy_source/SAMPLE_DATA_LINE_LOOP[2].SAMPLE_DATA_BIT_LOOP[6].sampled_data_reg[22]","u_entropy_source/rand_bit_i_7","2","ROUTED","3","4"," { CLBLM_M_AQ CLBLM_LOGIC_OUTS4 IMUX41 CLBLM_L_D1 }  "
"reverse_w4_compact_sample","u_entropy_source/sampled_data[23]","sampled_data_net","u_entropy_source/SAMPLE_DATA_LINE_LOOP[2].SAMPLE_DATA_BIT_LOOP[7].sampled_data_reg[23]/Q","u_entropy_source/rand_bit_i_7/I1","u_entropy_source/SAMPLE_DATA_LINE_LOOP[2].SAMPLE_DATA_BIT_LOOP[7].sampled_data_reg[23]","u_entropy_source/rand_bit_i_7","2","ROUTED","4","5"," { CLBLL_L_DQ CLBLL_LOGIC_OUTS3 SE2BEG3 IMUX46 CLBLM_L_D5 }  "
"reverse_w4_compact_sample","u_entropy_source/sampled_data[24]","sampled_data_net","u_entropy_source/SAMPLE_DATA_LINE_LOOP[3].SAMPLE_DATA_BIT_LOOP[0].sampled_data_reg[24]/Q","u_entropy_source/rand_bit_i_7/I5","u_entropy_source/SAMPLE_DATA_LINE_LOOP[3].SAMPLE_DATA_BIT_LOOP[0].sampled_data_reg[24]","u_entropy_source/rand_bit_i_7","2","ROUTED","6","7"," { CLBLM_L_AQ CLBLM_LOGIC_OUTS0 WW2BEG0 ER1BEG1 ER1BEG2 IMUX37 CLBLM_L_D4 }  "
"reverse_w4_compact_sample","u_entropy_source/sampled_data[25]","sampled_data_net","u_entropy_source/SAMPLE_DATA_LINE_LOOP[3].SAMPLE_DATA_BIT_LOOP[1].sampled_data_reg[25]/Q","u_entropy_source/rand_bit_i_7/I4","u_entropy_source/SAMPLE_DATA_LINE_LOOP[3].SAMPLE_DATA_BIT_LOOP[1].sampled_data_reg[25]","u_entropy_source/rand_bit_i_7","2","ROUTED","4","5"," { CLBLM_L_BQ CLBLM_LOGIC_OUTS1 NL1BEG0 IMUX39 CLBLM_L_D3 }  "
"reverse_w4_compact_sample","u_entropy_source/sampled_data[26]","sampled_data_net","u_entropy_source/SAMPLE_DATA_LINE_LOOP[3].SAMPLE_DATA_BIT_LOOP[2].sampled_data_reg[26]/Q","u_entropy_source/rand_bit_i_7/I3","u_entropy_source/SAMPLE_DATA_LINE_LOOP[3].SAMPLE_DATA_BIT_LOOP[2].sampled_data_reg[26]","u_entropy_source/rand_bit_i_7","2","ROUTED","3","4"," { CLBLM_L_CQ CLBLM_LOGIC_OUTS2 IMUX36 CLBLM_L_D2 }  "
"reverse_w4_compact_sample","u_entropy_source/sampled_data[27]","sampled_data_net","u_entropy_source/SAMPLE_DATA_LINE_LOOP[3].SAMPLE_DATA_BIT_LOOP[3].sampled_data_reg[27]/Q","u_entropy_source/rand_bit_i_7/I2","u_entropy_source/SAMPLE_DATA_LINE_LOOP[3].SAMPLE_DATA_BIT_LOOP[3].sampled_data_reg[27]","u_entropy_source/rand_bit_i_7","2","ROUTED","7","8"," { CLBLM_L_DQ CLBLM_LOGIC_OUTS3 FAN_ALT3 FAN_BOUNCE3 FAN_ALT7 FAN_BOUNCE7 IMUX42 CLBLM_L_D6 }  "
"reverse_w4_compact_sample","u_entropy_source/sampled_data[28]","sampled_data_net","u_entropy_source/SAMPLE_DATA_LINE_LOOP[3].SAMPLE_DATA_BIT_LOOP[4].sampled_data_reg[28]/Q","u_entropy_source/rand_bit_i_9/I0","u_entropy_source/SAMPLE_DATA_LINE_LOOP[3].SAMPLE_DATA_BIT_LOOP[4].sampled_data_reg[28]","u_entropy_source/rand_bit_i_9","2","ROUTED","3","4"," { CLBLL_LL_AQ CLBLL_LOGIC_OUTS4 IMUX_L1 CLBLL_LL_A3 }  "
"reverse_w4_compact_sample","u_entropy_source/sampled_data[29]","sampled_data_net","u_entropy_source/SAMPLE_DATA_LINE_LOOP[3].SAMPLE_DATA_BIT_LOOP[5].sampled_data_reg[29]/Q","u_entropy_source/rand_bit_i_9/I1","u_entropy_source/SAMPLE_DATA_LINE_LOOP[3].SAMPLE_DATA_BIT_LOOP[5].sampled_data_reg[29]","u_entropy_source/rand_bit_i_9","2","ROUTED","3","4"," { CLBLL_LL_BQ CLBLL_LOGIC_OUTS5 IMUX_L2 CLBLL_LL_A2 }  "
"reverse_w4_compact_sample","u_entropy_source/sampled_data[2]","sampled_data_net","u_entropy_source/SAMPLE_DATA_LINE_LOOP[0].SAMPLE_DATA_BIT_LOOP[2].sampled_data_reg[2]/Q","u_entropy_source/rand_bit_i_2/I0","u_entropy_source/SAMPLE_DATA_LINE_LOOP[0].SAMPLE_DATA_BIT_LOOP[2].sampled_data_reg[2]","u_entropy_source/rand_bit_i_2","2","ROUTED","3","4"," { CLBLM_M_CQ CLBLM_LOGIC_OUTS6 IMUX29 CLBLM_M_C2 }  "
"reverse_w4_compact_sample","u_entropy_source/sampled_data[30]","sampled_data_net","u_entropy_source/SAMPLE_DATA_LINE_LOOP[3].SAMPLE_DATA_BIT_LOOP[6].sampled_data_reg[30]/Q","u_entropy_source/rand_bit_i_9/I5","u_entropy_source/SAMPLE_DATA_LINE_LOOP[3].SAMPLE_DATA_BIT_LOOP[6].sampled_data_reg[30]","u_entropy_source/rand_bit_i_9","2","ROUTED","5","6"," { CLBLL_LL_CQ CLBLL_LOGIC_OUTS6 FAN_ALT5 FAN_BOUNCE5 IMUX_L11 CLBLL_LL_A4 }  "
"reverse_w4_compact_sample","u_entropy_source/sampled_data[31]","sampled_data_net","u_entropy_source/SAMPLE_DATA_LINE_LOOP[3].SAMPLE_DATA_BIT_LOOP[7].sampled_data_reg[31]/Q","u_entropy_source/rand_bit_i_9/I4","u_entropy_source/SAMPLE_DATA_LINE_LOOP[3].SAMPLE_DATA_BIT_LOOP[7].sampled_data_reg[31]","u_entropy_source/rand_bit_i_9","2","ROUTED","5","6"," { CLBLL_LL_DQ CLBLL_LOGIC_OUTS7 FAN_ALT1 FAN_BOUNCE1 IMUX_L4 CLBLL_LL_A6 }  "
"reverse_w4_compact_sample","u_entropy_source/sampled_data[32]","sampled_data_net","u_entropy_source/SAMPLE_DATA_LINE_LOOP[4].SAMPLE_DATA_BIT_LOOP[0].sampled_data_reg[32]/Q","u_entropy_source/rand_bit_i_9/I2","u_entropy_source/SAMPLE_DATA_LINE_LOOP[4].SAMPLE_DATA_BIT_LOOP[0].sampled_data_reg[32]","u_entropy_source/rand_bit_i_9","2","ROUTED","3","4"," { CLBLL_L_AQ CLBLL_LOGIC_OUTS0 IMUX_L8 CLBLL_LL_A5 }  "
"reverse_w4_compact_sample","u_entropy_source/sampled_data[33]","sampled_data_net","u_entropy_source/SAMPLE_DATA_LINE_LOOP[4].SAMPLE_DATA_BIT_LOOP[1].sampled_data_reg[33]/Q","u_entropy_source/rand_bit_i_9/I3","u_entropy_source/SAMPLE_DATA_LINE_LOOP[4].SAMPLE_DATA_BIT_LOOP[1].sampled_data_reg[33]","u_entropy_source/rand_bit_i_9","2","ROUTED","4","5"," { CLBLL_L_BQ CLBLL_LOGIC_OUTS1 NL1BEG0 IMUX_L7 CLBLL_LL_A1 }  "
"reverse_w4_compact_sample","u_entropy_source/sampled_data[34]","sampled_data_net","u_entropy_source/SAMPLE_DATA_LINE_LOOP[4].SAMPLE_DATA_BIT_LOOP[2].sampled_data_reg[34]/Q","u_entropy_source/rand_bit_i_8/I1","u_entropy_source/SAMPLE_DATA_LINE_LOOP[4].SAMPLE_DATA_BIT_LOOP[2].sampled_data_reg[34]","u_entropy_source/rand_bit_i_8","2","ROUTED","5","6"," { CLBLM_M_AQ CLBLM_LOGIC_OUTS4 NE2BEG0 SL1BEG0 IMUX_L9 CLBLL_L_A5 }  "
"reverse_w4_compact_sample","u_entropy_source/sampled_data[35]","sampled_data_net","u_entropy_source/SAMPLE_DATA_LINE_LOOP[4].SAMPLE_DATA_BIT_LOOP[3].sampled_data_reg[35]/Q","u_entropy_source/rand_bit_i_8/I0","u_entropy_source/SAMPLE_DATA_LINE_LOOP[4].SAMPLE_DATA_BIT_LOOP[3].sampled_data_reg[35]","u_entropy_source/rand_bit_i_8","2","ROUTED","4","5"," { CLBLM_M_BQ CLBLM_LOGIC_OUTS5 ER1BEG2 IMUX_L6 CLBLL_L_A1 }  "
"reverse_w4_compact_sample","u_entropy_source/sampled_data[36]","sampled_data_net","u_entropy_source/SAMPLE_DATA_LINE_LOOP[4].SAMPLE_DATA_BIT_LOOP[4].sampled_data_reg[36]/Q","u_entropy_source/rand_bit_i_8/I4","u_entropy_source/SAMPLE_DATA_LINE_LOOP[4].SAMPLE_DATA_BIT_LOOP[4].sampled_data_reg[36]","u_entropy_source/rand_bit_i_8","2","ROUTED","3","4"," { CLBLL_L_AQ CLBLL_LOGIC_OUTS0 IMUX_L0 CLBLL_L_A3 }  "
"reverse_w4_compact_sample","u_entropy_source/sampled_data[37]","sampled_data_net","u_entropy_source/SAMPLE_DATA_LINE_LOOP[4].SAMPLE_DATA_BIT_LOOP[5].sampled_data_reg[37]/Q","u_entropy_source/rand_bit_i_8/I5","u_entropy_source/SAMPLE_DATA_LINE_LOOP[4].SAMPLE_DATA_BIT_LOOP[5].sampled_data_reg[37]","u_entropy_source/rand_bit_i_8","2","ROUTED","3","4"," { CLBLL_L_BQ CLBLL_LOGIC_OUTS1 IMUX_L3 CLBLL_L_A2 }  "
"reverse_w4_compact_sample","u_entropy_source/sampled_data[38]","sampled_data_net","u_entropy_source/SAMPLE_DATA_LINE_LOOP[4].SAMPLE_DATA_BIT_LOOP[6].sampled_data_reg[38]/Q","u_entropy_source/rand_bit_i_8/I2","u_entropy_source/SAMPLE_DATA_LINE_LOOP[4].SAMPLE_DATA_BIT_LOOP[6].sampled_data_reg[38]","u_entropy_source/rand_bit_i_8","2","ROUTED","5","6"," { CLBLL_L_CQ CLBLL_LOGIC_OUTS2 FAN_ALT7 FAN_BOUNCE7 IMUX_L10 CLBLL_L_A4 }  "
"reverse_w4_compact_sample","u_entropy_source/sampled_data[39]","sampled_data_net","u_entropy_source/SAMPLE_DATA_LINE_LOOP[4].SAMPLE_DATA_BIT_LOOP[7].sampled_data_reg[39]/Q","u_entropy_source/rand_bit_i_8/I3","u_entropy_source/SAMPLE_DATA_LINE_LOOP[4].SAMPLE_DATA_BIT_LOOP[7].sampled_data_reg[39]","u_entropy_source/rand_bit_i_8","2","ROUTED","5","6"," { CLBLL_L_DQ CLBLL_LOGIC_OUTS3 FAN_ALT3 FAN_BOUNCE3 IMUX_L5 CLBLL_L_A6 }  "
"reverse_w4_compact_sample","u_entropy_source/sampled_data[3]","sampled_data_net","u_entropy_source/SAMPLE_DATA_LINE_LOOP[0].SAMPLE_DATA_BIT_LOOP[3].sampled_data_reg[3]/Q","u_entropy_source/rand_bit_i_2/I1","u_entropy_source/SAMPLE_DATA_LINE_LOOP[0].SAMPLE_DATA_BIT_LOOP[3].sampled_data_reg[3]","u_entropy_source/rand_bit_i_2","2","ROUTED","3","4"," { CLBLM_M_DQ CLBLM_LOGIC_OUTS7 IMUX22 CLBLM_M_C3 }  "
"reverse_w4_compact_sample","u_entropy_source/sampled_data[40]","sampled_data_net","u_entropy_source/SAMPLE_DATA_LINE_LOOP[5].SAMPLE_DATA_BIT_LOOP[0].sampled_data_reg[40]/Q","u_entropy_source/rand_bit_i_12/I1","u_entropy_source/SAMPLE_DATA_LINE_LOOP[5].SAMPLE_DATA_BIT_LOOP[0].sampled_data_reg[40]","u_entropy_source/rand_bit_i_12","2","ROUTED","3","4"," { CLBLM_M_AQ CLBLM_LOGIC_OUTS4 IMUX9 CLBLM_L_A5 }  "
"reverse_w4_compact_sample","u_entropy_source/sampled_data[41]","sampled_data_net","u_entropy_source/SAMPLE_DATA_LINE_LOOP[5].SAMPLE_DATA_BIT_LOOP[1].sampled_data_reg[41]/Q","u_entropy_source/rand_bit_i_12/I0","u_entropy_source/SAMPLE_DATA_LINE_LOOP[5].SAMPLE_DATA_BIT_LOOP[1].sampled_data_reg[41]","u_entropy_source/rand_bit_i_12","2","ROUTED","3","4"," { CLBLM_M_BQ CLBLM_LOGIC_OUTS5 IMUX10 CLBLM_L_A4 }  "
"reverse_w4_compact_sample","u_entropy_source/sampled_data[42]","sampled_data_net","u_entropy_source/SAMPLE_DATA_LINE_LOOP[5].SAMPLE_DATA_BIT_LOOP[2].sampled_data_reg[42]/Q","u_entropy_source/rand_bit_i_12/I4","u_entropy_source/SAMPLE_DATA_LINE_LOOP[5].SAMPLE_DATA_BIT_LOOP[2].sampled_data_reg[42]","u_entropy_source/rand_bit_i_12","2","ROUTED","3","4"," { CLBLM_M_CQ CLBLM_LOGIC_OUTS6 IMUX5 CLBLM_L_A6 }  "
"reverse_w4_compact_sample","u_entropy_source/sampled_data[43]","sampled_data_net","u_entropy_source/SAMPLE_DATA_LINE_LOOP[5].SAMPLE_DATA_BIT_LOOP[3].sampled_data_reg[43]/Q","u_entropy_source/rand_bit_i_12/I5","u_entropy_source/SAMPLE_DATA_LINE_LOOP[5].SAMPLE_DATA_BIT_LOOP[3].sampled_data_reg[43]","u_entropy_source/rand_bit_i_12","2","ROUTED","3","4"," { CLBLM_L_AQ CLBLM_LOGIC_OUTS0 IMUX0 CLBLM_L_A3 }  "
"reverse_w4_compact_sample","u_entropy_source/sampled_data[44]","sampled_data_net","u_entropy_source/SAMPLE_DATA_LINE_LOOP[5].SAMPLE_DATA_BIT_LOOP[4].sampled_data_reg[44]/Q","u_entropy_source/rand_bit_i_12/I2","u_entropy_source/SAMPLE_DATA_LINE_LOOP[5].SAMPLE_DATA_BIT_LOOP[4].sampled_data_reg[44]","u_entropy_source/rand_bit_i_12","2","ROUTED","3","4"," { CLBLM_L_BQ CLBLM_LOGIC_OUTS1 IMUX3 CLBLM_L_A2 }  "
"reverse_w4_compact_sample","u_entropy_source/sampled_data[45]","sampled_data_net","u_entropy_source/SAMPLE_DATA_LINE_LOOP[5].SAMPLE_DATA_BIT_LOOP[5].sampled_data_reg[45]/Q","u_entropy_source/rand_bit_i_12/I3","u_entropy_source/SAMPLE_DATA_LINE_LOOP[5].SAMPLE_DATA_BIT_LOOP[5].sampled_data_reg[45]","u_entropy_source/rand_bit_i_12","2","ROUTED","6","7"," { CLBLM_L_CQ CLBLM_LOGIC_OUTS2 NL1BEG1 FAN_ALT2 FAN_BOUNCE2 IMUX6 CLBLM_L_A1 }  "
"reverse_w4_compact_sample","u_entropy_source/sampled_data[46]","sampled_data_net","u_entropy_source/SAMPLE_DATA_LINE_LOOP[5].SAMPLE_DATA_BIT_LOOP[6].sampled_data_reg[46]/Q","u_entropy_source/rand_bit_i_13/I1","u_entropy_source/SAMPLE_DATA_LINE_LOOP[5].SAMPLE_DATA_BIT_LOOP[6].sampled_data_reg[46]","u_entropy_source/rand_bit_i_13","2","ROUTED","4","5"," { CLBLM_M_DQ CLBLM_LOGIC_OUTS7 SL1BEG3 IMUX30 CLBLM_L_C5 }  "
"reverse_w4_compact_sample","u_entropy_source/sampled_data[47]","sampled_data_net","u_entropy_source/SAMPLE_DATA_LINE_LOOP[5].SAMPLE_DATA_BIT_LOOP[7].sampled_data_reg[47]/Q","u_entropy_source/rand_bit_i_13/I0","u_entropy_source/SAMPLE_DATA_LINE_LOOP[5].SAMPLE_DATA_BIT_LOOP[7].sampled_data_reg[47]","u_entropy_source/rand_bit_i_13","2","ROUTED","5","6"," { CLBLM_L_DQ CLBLM_LOGIC_OUTS3 SR1BEG_S0 SL1BEG0 IMUX33 CLBLM_L_C1 }  "
"reverse_w4_compact_sample","u_entropy_source/sampled_data[48]","sampled_data_net","u_entropy_source/SAMPLE_DATA_LINE_LOOP[6].SAMPLE_DATA_BIT_LOOP[0].sampled_data_reg[48]/Q","u_entropy_source/rand_bit_i_13/I4","u_entropy_source/SAMPLE_DATA_LINE_LOOP[6].SAMPLE_DATA_BIT_LOOP[0].sampled_data_reg[48]","u_entropy_source/rand_bit_i_13","2","ROUTED","7","8"," { CLBLM_L_AQ CLBLM_LOGIC_OUTS0 WR1BEG1 SR1BEG1 ER1BEG2 NR1BEG2 IMUX21 CLBLM_L_C4 }  "
"reverse_w4_compact_sample","u_entropy_source/sampled_data[49]","sampled_data_net","u_entropy_source/SAMPLE_DATA_LINE_LOOP[6].SAMPLE_DATA_BIT_LOOP[1].sampled_data_reg[49]/Q","u_entropy_source/rand_bit_i_13/I5","u_entropy_source/SAMPLE_DATA_LINE_LOOP[6].SAMPLE_DATA_BIT_LOOP[1].sampled_data_reg[49]","u_entropy_source/rand_bit_i_13","2","ROUTED","4","5"," { CLBLM_L_BQ CLBLM_LOGIC_OUTS1 NL1BEG0 IMUX23 CLBLM_L_C3 }  "
"reverse_w4_compact_sample","u_entropy_source/sampled_data[4]","sampled_data_net","u_entropy_source/SAMPLE_DATA_LINE_LOOP[0].SAMPLE_DATA_BIT_LOOP[4].sampled_data_reg[4]/Q","u_entropy_source/rand_bit_i_3/I0","u_entropy_source/SAMPLE_DATA_LINE_LOOP[0].SAMPLE_DATA_BIT_LOOP[4].sampled_data_reg[4]","u_entropy_source/rand_bit_i_3","2","ROUTED","6","7"," { CLBLM_M_AQ CLBLM_LOGIC_OUTS4 WL1BEG_N3 NL1BEG_N3 EL1BEG2 IMUX44 CLBLM_M_D4 }  "
"reverse_w4_compact_sample","u_entropy_source/sampled_data[50]","sampled_data_net","u_entropy_source/SAMPLE_DATA_LINE_LOOP[6].SAMPLE_DATA_BIT_LOOP[2].sampled_data_reg[50]/Q","u_entropy_source/rand_bit_i_13/I2","u_entropy_source/SAMPLE_DATA_LINE_LOOP[6].SAMPLE_DATA_BIT_LOOP[2].sampled_data_reg[50]","u_entropy_source/rand_bit_i_13","2","ROUTED","3","4"," { CLBLM_L_CQ CLBLM_LOGIC_OUTS2 IMUX20 CLBLM_L_C2 }  "
"reverse_w4_compact_sample","u_entropy_source/sampled_data[51]","sampled_data_net","u_entropy_source/SAMPLE_DATA_LINE_LOOP[6].SAMPLE_DATA_BIT_LOOP[3].sampled_data_reg[51]/Q","u_entropy_source/rand_bit_i_13/I3","u_entropy_source/SAMPLE_DATA_LINE_LOOP[6].SAMPLE_DATA_BIT_LOOP[3].sampled_data_reg[51]","u_entropy_source/rand_bit_i_13","2","ROUTED","4","5"," { CLBLM_L_DQ CLBLM_LOGIC_OUTS3 SR1BEG_S0 IMUX34 CLBLM_L_C6 }  "
"reverse_w4_compact_sample","u_entropy_source/sampled_data[52]","sampled_data_net","u_entropy_source/SAMPLE_DATA_LINE_LOOP[6].SAMPLE_DATA_BIT_LOOP[4].sampled_data_reg[52]/Q","u_entropy_source/rand_bit_i_10/I1","u_entropy_source/SAMPLE_DATA_LINE_LOOP[6].SAMPLE_DATA_BIT_LOOP[4].sampled_data_reg[52]","u_entropy_source/rand_bit_i_10","2","ROUTED","6","7"," { CLBLL_LL_AQ CLBLL_LOGIC_OUTS4 NL1BEG_N3 FAN_ALT1 FAN_BOUNCE1 IMUX_L28 CLBLL_LL_C4 }  "
"reverse_w4_compact_sample","u_entropy_source/sampled_data[53]","sampled_data_net","u_entropy_source/SAMPLE_DATA_LINE_LOOP[6].SAMPLE_DATA_BIT_LOOP[5].sampled_data_reg[53]/Q","u_entropy_source/rand_bit_i_10/I0","u_entropy_source/SAMPLE_DATA_LINE_LOOP[6].SAMPLE_DATA_BIT_LOOP[5].sampled_data_reg[53]","u_entropy_source/rand_bit_i_10","2","ROUTED","4","5"," { CLBLL_LL_BQ CLBLL_LOGIC_OUTS5 NL1BEG0 IMUX_L31 CLBLL_LL_C5 }  "
"reverse_w4_compact_sample","u_entropy_source/sampled_data[54]","sampled_data_net","u_entropy_source/SAMPLE_DATA_LINE_LOOP[6].SAMPLE_DATA_BIT_LOOP[6].sampled_data_reg[54]/Q","u_entropy_source/rand_bit_i_10/I4","u_entropy_source/SAMPLE_DATA_LINE_LOOP[6].SAMPLE_DATA_BIT_LOOP[6].sampled_data_reg[54]","u_entropy_source/rand_bit_i_10","2","ROUTED","3","4"," { CLBLL_LL_CQ CLBLL_LOGIC_OUTS6 IMUX_L29 CLBLL_LL_C2 }  "
"reverse_w4_compact_sample","u_entropy_source/sampled_data[55]","sampled_data_net","u_entropy_source/SAMPLE_DATA_LINE_LOOP[6].SAMPLE_DATA_BIT_LOOP[7].sampled_data_reg[55]/Q","u_entropy_source/rand_bit_i_10/I5","u_entropy_source/SAMPLE_DATA_LINE_LOOP[6].SAMPLE_DATA_BIT_LOOP[7].sampled_data_reg[55]","u_entropy_source/rand_bit_i_10","2","ROUTED","3","4"," { CLBLL_LL_DQ CLBLL_LOGIC_OUTS7 IMUX_L22 CLBLL_LL_C3 }  "
"reverse_w4_compact_sample","u_entropy_source/sampled_data[56]","sampled_data_net","u_entropy_source/SAMPLE_DATA_LINE_LOOP[7].SAMPLE_DATA_BIT_LOOP[0].sampled_data_reg[56]/Q","u_entropy_source/rand_bit_i_10/I2","u_entropy_source/SAMPLE_DATA_LINE_LOOP[7].SAMPLE_DATA_BIT_LOOP[0].sampled_data_reg[56]","u_entropy_source/rand_bit_i_10","2","ROUTED","4","5"," { CLBLL_L_AQ CLBLL_LOGIC_OUTS0 EE2BEG0 IMUX_L32 CLBLL_LL_C1 }  "
"reverse_w4_compact_sample","u_entropy_source/sampled_data[57]","sampled_data_net","u_entropy_source/SAMPLE_DATA_LINE_LOOP[7].SAMPLE_DATA_BIT_LOOP[1].sampled_data_reg[57]/Q","u_entropy_source/rand_bit_i_10/I3","u_entropy_source/SAMPLE_DATA_LINE_LOOP[7].SAMPLE_DATA_BIT_LOOP[1].sampled_data_reg[57]","u_entropy_source/rand_bit_i_10","2","ROUTED","4","5"," { CLBLL_L_BQ CLBLL_LOGIC_OUTS1 EE2BEG1 IMUX_L35 CLBLL_LL_C6 }  "
"reverse_w4_compact_sample","u_entropy_source/sampled_data[58]","sampled_data_net","u_entropy_source/SAMPLE_DATA_LINE_LOOP[7].SAMPLE_DATA_BIT_LOOP[2].sampled_data_reg[58]/Q","u_entropy_source/rand_bit_i_11/I1","u_entropy_source/SAMPLE_DATA_LINE_LOOP[7].SAMPLE_DATA_BIT_LOOP[2].sampled_data_reg[58]","u_entropy_source/rand_bit_i_11","2","ROUTED","3","4"," { CLBLL_L_CQ CLBLL_LOGIC_OUTS2 IMUX_L4 CLBLL_LL_A6 }  "
"reverse_w4_compact_sample","u_entropy_source/sampled_data[59]","sampled_data_net","u_entropy_source/SAMPLE_DATA_LINE_LOOP[7].SAMPLE_DATA_BIT_LOOP[3].sampled_data_reg[59]/Q","u_entropy_source/rand_bit_i_11/I0","u_entropy_source/SAMPLE_DATA_LINE_LOOP[7].SAMPLE_DATA_BIT_LOOP[3].sampled_data_reg[59]","u_entropy_source/rand_bit_i_11","2","ROUTED","3","4"," { CLBLL_L_DQ CLBLL_LOGIC_OUTS3 IMUX_L7 CLBLL_LL_A1 }  "
"reverse_w4_compact_sample","u_entropy_source/sampled_data[5]","sampled_data_net","u_entropy_source/SAMPLE_DATA_LINE_LOOP[0].SAMPLE_DATA_BIT_LOOP[5].sampled_data_reg[5]/Q","u_entropy_source/rand_bit_i_3/I1","u_entropy_source/SAMPLE_DATA_LINE_LOOP[0].SAMPLE_DATA_BIT_LOOP[5].sampled_data_reg[5]","u_entropy_source/rand_bit_i_3","2","ROUTED","4","5"," { CLBLM_M_BQ CLBLM_LOGIC_OUTS5 NL1BEG0 IMUX47 CLBLM_M_D5 }  "
"reverse_w4_compact_sample","u_entropy_source/sampled_data[60]","sampled_data_net","u_entropy_source/SAMPLE_DATA_LINE_LOOP[7].SAMPLE_DATA_BIT_LOOP[4].sampled_data_reg[60]/Q","u_entropy_source/rand_bit_i_11/I4","u_entropy_source/SAMPLE_DATA_LINE_LOOP[7].SAMPLE_DATA_BIT_LOOP[4].sampled_data_reg[60]","u_entropy_source/rand_bit_i_11","2","ROUTED","3","4"," { CLBLL_LL_AQ CLBLL_LOGIC_OUTS4 IMUX_L1 CLBLL_LL_A3 }  "
"reverse_w4_compact_sample","u_entropy_source/sampled_data[61]","sampled_data_net","u_entropy_source/SAMPLE_DATA_LINE_LOOP[7].SAMPLE_DATA_BIT_LOOP[5].sampled_data_reg[61]/Q","u_entropy_source/rand_bit_i_11/I5","u_entropy_source/SAMPLE_DATA_LINE_LOOP[7].SAMPLE_DATA_BIT_LOOP[5].sampled_data_reg[61]","u_entropy_source/rand_bit_i_11","2","ROUTED","5","6"," { CLBLL_LL_BQ CLBLL_LOGIC_OUTS5 FAN_ALT2 FAN_BOUNCE2 IMUX_L8 CLBLL_LL_A5 }  "
"reverse_w4_compact_sample","u_entropy_source/sampled_data[62]","sampled_data_net","u_entropy_source/SAMPLE_DATA_LINE_LOOP[7].SAMPLE_DATA_BIT_LOOP[6].sampled_data_reg[62]/Q","u_entropy_source/rand_bit_i_11/I2","u_entropy_source/SAMPLE_DATA_LINE_LOOP[7].SAMPLE_DATA_BIT_LOOP[6].sampled_data_reg[62]","u_entropy_source/rand_bit_i_11","2","ROUTED","5","6"," { CLBLL_LL_CQ CLBLL_LOGIC_OUTS6 FAN_ALT5 FAN_BOUNCE5 IMUX_L11 CLBLL_LL_A4 }  "
"reverse_w4_compact_sample","u_entropy_source/sampled_data[63]","sampled_data_net","u_entropy_source/SAMPLE_DATA_LINE_LOOP[7].SAMPLE_DATA_BIT_LOOP[7].sampled_data_reg[63]/Q","u_entropy_source/rand_bit_i_11/I3","u_entropy_source/SAMPLE_DATA_LINE_LOOP[7].SAMPLE_DATA_BIT_LOOP[7].sampled_data_reg[63]","u_entropy_source/rand_bit_i_11","2","ROUTED","4","5"," { CLBLL_LL_DQ CLBLL_LOGIC_OUTS7 SR1BEG_S0 IMUX_L2 CLBLL_LL_A2 }  "
"reverse_w4_compact_sample","u_entropy_source/sampled_data[6]","sampled_data_net","u_entropy_source/SAMPLE_DATA_LINE_LOOP[0].SAMPLE_DATA_BIT_LOOP[6].sampled_data_reg[6]/Q","u_entropy_source/rand_bit_i_3/I5","u_entropy_source/SAMPLE_DATA_LINE_LOOP[0].SAMPLE_DATA_BIT_LOOP[6].sampled_data_reg[6]","u_entropy_source/rand_bit_i_3","2","ROUTED","3","4"," { CLBLM_M_CQ CLBLM_LOGIC_OUTS6 IMUX45 CLBLM_M_D2 }  "
"reverse_w4_compact_sample","u_entropy_source/sampled_data[7]","sampled_data_net","u_entropy_source/SAMPLE_DATA_LINE_LOOP[0].SAMPLE_DATA_BIT_LOOP[7].sampled_data_reg[7]/Q","u_entropy_source/rand_bit_i_3/I4","u_entropy_source/SAMPLE_DATA_LINE_LOOP[0].SAMPLE_DATA_BIT_LOOP[7].sampled_data_reg[7]","u_entropy_source/rand_bit_i_3","2","ROUTED","3","4"," { CLBLM_M_DQ CLBLM_LOGIC_OUTS7 IMUX38 CLBLM_M_D3 }  "
"reverse_w4_compact_sample","u_entropy_source/sampled_data[8]","sampled_data_net","u_entropy_source/SAMPLE_DATA_LINE_LOOP[1].SAMPLE_DATA_BIT_LOOP[0].sampled_data_reg[8]/Q","u_entropy_source/rand_bit_i_3/I3","u_entropy_source/SAMPLE_DATA_LINE_LOOP[1].SAMPLE_DATA_BIT_LOOP[0].sampled_data_reg[8]","u_entropy_source/rand_bit_i_3","2","ROUTED","6","7"," { CLBLM_L_AQ CLBLM_LOGIC_OUTS0 ER1BEG1 NR1BEG1 WR1BEG2 IMUX43 CLBLM_M_D6 }  "
"reverse_w4_compact_sample","u_entropy_source/sampled_data[9]","sampled_data_net","u_entropy_source/SAMPLE_DATA_LINE_LOOP[1].SAMPLE_DATA_BIT_LOOP[1].sampled_data_reg[9]/Q","u_entropy_source/rand_bit_i_3/I2","u_entropy_source/SAMPLE_DATA_LINE_LOOP[1].SAMPLE_DATA_BIT_LOOP[1].sampled_data_reg[9]","u_entropy_source/rand_bit_i_3","2","ROUTED","4","5"," { CLBLM_L_BQ CLBLM_LOGIC_OUTS1 NL1BEG0 IMUX40 CLBLM_M_D1 }  "
