label,byte_index,byte_phase_mod8,bit_index,ones,zeros,p1,abs_bias,x,entropy,min_entropy
restart_auto_random1_regs_only_sample_ro_compact_locked_warmup4_1000x125_run03_20260528,0,0,0,493,507,0.493000000,0.007000000,507,0.999858611,0.979942348
restart_auto_random1_regs_only_sample_ro_compact_locked_warmup4_1000x125_run03_20260528,0,0,1,515,485,0.515000000,0.015000000,515,0.999350690,0.957355663
restart_auto_random1_regs_only_sample_ro_compact_locked_warmup4_1000x125_run03_20260528,0,0,2,508,492,0.508000000,0.008000000,508,0.999815327,0.977099598
restart_auto_random1_regs_only_sample_ro_compact_locked_warmup4_1000x125_run03_20260528,0,0,3,474,526,0.474000000,0.026000000,526,0.998048596,0.926865295
restart_auto_random1_regs_only_sample_ro_compact_locked_warmup4_1000x125_run03_20260528,0,0,4,512,488,0.512000000,0.012000000,512,0.999584464,0.965784285
restart_auto_random1_regs_only_sample_ro_compact_locked_warmup4_1000x125_run03_20260528,0,0,5,471,529,0.471000000,0.029000000,529,0.997572025,0.918660373
restart_auto_random1_regs_only_sample_ro_compact_locked_warmup4_1000x125_run03_20260528,0,0,6,476,524,0.476000000,0.024000000,524,0.998337377,0.932361283
restart_auto_random1_regs_only_sample_ro_compact_locked_warmup4_1000x125_run03_20260528,0,0,7,510,490,0.510000000,0.010000000,510,0.999711442,0.971430848
restart_auto_random1_regs_only_sample_ro_compact_locked_warmup4_1000x125_run03_20260528,1,1,0,450,550,0.450000000,0.050000000,550,0.992774454,0.862496476
restart_auto_random1_regs_only_sample_ro_compact_locked_warmup4_1000x125_run03_20260528,1,1,1,520,480,0.520000000,0.020000000,520,0.998845536,0.943416472
restart_auto_random1_regs_only_sample_ro_compact_locked_warmup4_1000x125_run03_20260528,1,1,2,499,501,0.499000000,0.001000000,501,0.999997115,0.997117491
restart_auto_random1_regs_only_sample_ro_compact_locked_warmup4_1000x125_run03_20260528,1,1,3,479,521,0.479000000,0.021000000,521,0.998727169,0.940644722
restart_auto_random1_regs_only_sample_ro_compact_locked_warmup4_1000x125_run03_20260528,1,1,4,489,511,0.489000000,0.011000000,511,0.999650840,0.968604804
restart_auto_random1_regs_only_sample_ro_compact_locked_warmup4_1000x125_run03_20260528,1,1,5,508,492,0.508000000,0.008000000,508,0.999815327,0.977099598
restart_auto_random1_regs_only_sample_ro_compact_locked_warmup4_1000x125_run03_20260528,1,1,6,507,493,0.507000000,0.007000000,507,0.999858611,0.979942348
restart_auto_random1_regs_only_sample_ro_compact_locked_warmup4_1000x125_run03_20260528,1,1,7,495,505,0.495000000,0.005000000,505,0.999927864,0.985644707
restart_auto_random1_regs_only_sample_ro_compact_locked_warmup4_1000x125_run03_20260528,2,2,0,469,531,0.469000000,0.031000000,531,0.997225361,0.913216234
restart_auto_random1_regs_only_sample_ro_compact_locked_warmup4_1000x125_run03_20260528,2,2,1,514,486,0.514000000,0.014000000,514,0.999434390,0.960159735
restart_auto_random1_regs_only_sample_ro_compact_locked_warmup4_1000x125_run03_20260528,2,2,2,495,505,0.495000000,0.005000000,505,0.999927864,0.985644707
restart_auto_random1_regs_only_sample_ro_compact_locked_warmup4_1000x125_run03_20260528,2,2,3,481,519,0.481000000,0.019000000,519,0.998958123,0.946193556
restart_auto_random1_regs_only_sample_ro_compact_locked_warmup4_1000x125_run03_20260528,2,2,4,482,518,0.482000000,0.018000000,518,0.999064932,0.948975997
restart_auto_random1_regs_only_sample_ro_compact_locked_warmup4_1000x125_run03_20260528,2,2,5,486,514,0.486000000,0.014000000,514,0.999434390,0.960159735
restart_auto_random1_regs_only_sample_ro_compact_locked_warmup4_1000x125_run03_20260528,2,2,6,505,495,0.505000000,0.005000000,505,0.999927864,0.985644707
restart_auto_random1_regs_only_sample_ro_compact_locked_warmup4_1000x125_run03_20260528,2,2,7,488,512,0.488000000,0.012000000,512,0.999584464,0.965784285
restart_auto_random1_regs_only_sample_ro_compact_locked_warmup4_1000x125_run03_20260528,3,3,0,508,492,0.508000000,0.008000000,508,0.999815327,0.977099598
restart_auto_random1_regs_only_sample_ro_compact_locked_warmup4_1000x125_run03_20260528,3,3,1,526,474,0.526000000,0.026000000,526,0.998048596,0.926865295
restart_auto_random1_regs_only_sample_ro_compact_locked_warmup4_1000x125_run03_20260528,3,3,2,483,517,0.483000000,0.017000000,517,0.999165962,0.951763814
restart_auto_random1_regs_only_sample_ro_compact_locked_warmup4_1000x125_run03_20260528,3,3,3,478,522,0.478000000,0.022000000,522,0.998603020,0.937878288
restart_auto_random1_regs_only_sample_ro_compact_locked_warmup4_1000x125_run03_20260528,3,3,4,529,471,0.529000000,0.029000000,529,0.997572025,0.918660373
restart_auto_random1_regs_only_sample_ro_compact_locked_warmup4_1000x125_run03_20260528,3,3,5,496,504,0.496000000,0.004000000,504,0.999953833,0.988504361
restart_auto_random1_regs_only_sample_ro_compact_locked_warmup4_1000x125_run03_20260528,3,3,6,494,506,0.494000000,0.006000000,506,0.999896123,0.982790710
restart_auto_random1_regs_only_sample_ro_compact_locked_warmup4_1000x125_run03_20260528,3,3,7,511,489,0.511000000,0.011000000,511,0.999650840,0.968604804
restart_auto_random1_regs_only_sample_ro_compact_locked_warmup4_1000x125_run03_20260528,4,4,0,484,516,0.484000000,0.016000000,516,0.999261214,0.954557029
restart_auto_random1_regs_only_sample_ro_compact_locked_warmup4_1000x125_run03_20260528,4,4,1,521,479,0.521000000,0.021000000,521,0.998727169,0.940644722
restart_auto_random1_regs_only_sample_ro_compact_locked_warmup4_1000x125_run03_20260528,4,4,2,498,502,0.498000000,0.002000000,502,0.999988458,0.994240731
restart_auto_random1_regs_only_sample_ro_compact_locked_warmup4_1000x125_run03_20260528,4,4,3,482,518,0.482000000,0.018000000,518,0.999064932,0.948975997
restart_auto_random1_regs_only_sample_ro_compact_locked_warmup4_1000x125_run03_20260528,4,4,4,531,469,0.531000000,0.031000000,531,0.997225361,0.913216234
restart_auto_random1_regs_only_sample_ro_compact_locked_warmup4_1000x125_run03_20260528,4,4,5,513,487,0.513000000,0.013000000,513,0.999512314,0.962969269
restart_auto_random1_regs_only_sample_ro_compact_locked_warmup4_1000x125_run03_20260528,4,4,6,465,535,0.465000000,0.035000000,535,0.996462505,0.902389203
restart_auto_random1_regs_only_sample_ro_compact_locked_warmup4_1000x125_run03_20260528,4,4,7,493,507,0.493000000,0.007000000,507,0.999858611,0.979942348
restart_auto_random1_regs_only_sample_ro_compact_locked_warmup4_1000x125_run03_20260528,5,5,0,495,505,0.495000000,0.005000000,505,0.999927864,0.985644707
restart_auto_random1_regs_only_sample_ro_compact_locked_warmup4_1000x125_run03_20260528,5,5,1,478,522,0.478000000,0.022000000,522,0.998603020,0.937878288
restart_auto_random1_regs_only_sample_ro_compact_locked_warmup4_1000x125_run03_20260528,5,5,2,507,493,0.507000000,0.007000000,507,0.999858611,0.979942348
restart_auto_random1_regs_only_sample_ro_compact_locked_warmup4_1000x125_run03_20260528,5,5,3,505,495,0.505000000,0.005000000,505,0.999927864,0.985644707
restart_auto_random1_regs_only_sample_ro_compact_locked_warmup4_1000x125_run03_20260528,5,5,4,477,523,0.477000000,0.023000000,523,0.998473090,0.935117148
restart_auto_random1_regs_only_sample_ro_compact_locked_warmup4_1000x125_run03_20260528,5,5,5,534,466,0.534000000,0.034000000,534,0.996661914,0.905088353
restart_auto_random1_regs_only_sample_ro_compact_locked_warmup4_1000x125_run03_20260528,5,5,6,500,500,0.500000000,0.000000000,500,1.000000000,1.000000000
restart_auto_random1_regs_only_sample_ro_compact_locked_warmup4_1000x125_run03_20260528,5,5,7,506,494,0.506000000,0.006000000,506,0.999896123,0.982790710
restart_auto_random1_regs_only_sample_ro_compact_locked_warmup4_1000x125_run03_20260528,6,6,0,509,491,0.509000000,0.009000000,509,0.999766271,0.974262439
restart_auto_random1_regs_only_sample_ro_compact_locked_warmup4_1000x125_run03_20260528,6,6,1,509,491,0.509000000,0.009000000,509,0.999766271,0.974262439
restart_auto_random1_regs_only_sample_ro_compact_locked_warmup4_1000x125_run03_20260528,6,6,2,492,508,0.492000000,0.008000000,508,0.999815327,0.977099598
restart_auto_random1_regs_only_sample_ro_compact_locked_warmup4_1000x125_run03_20260528,6,6,3,489,511,0.489000000,0.011000000,511,0.999650840,0.968604804
restart_auto_random1_regs_only_sample_ro_compact_locked_warmup4_1000x125_run03_20260528,6,6,4,482,518,0.482000000,0.018000000,518,0.999064932,0.948975997
restart_auto_random1_regs_only_sample_ro_compact_locked_warmup4_1000x125_run03_20260528,6,6,5,502,498,0.502000000,0.002000000,502,0.999988458,0.994240731
restart_auto_random1_regs_only_sample_ro_compact_locked_warmup4_1000x125_run03_20260528,6,6,6,494,506,0.494000000,0.006000000,506,0.999896123,0.982790710
restart_auto_random1_regs_only_sample_ro_compact_locked_warmup4_1000x125_run03_20260528,6,6,7,460,540,0.460000000,0.040000000,540,0.995378439,0.888968688
restart_auto_random1_regs_only_sample_ro_compact_locked_warmup4_1000x125_run03_20260528,7,7,0,509,491,0.509000000,0.009000000,509,0.999766271,0.974262439
restart_auto_random1_regs_only_sample_ro_compact_locked_warmup4_1000x125_run03_20260528,7,7,1,486,514,0.486000000,0.014000000,514,0.999434390,0.960159735
restart_auto_random1_regs_only_sample_ro_compact_locked_warmup4_1000x125_run03_20260528,7,7,2,494,506,0.494000000,0.006000000,506,0.999896123,0.982790710
restart_auto_random1_regs_only_sample_ro_compact_locked_warmup4_1000x125_run03_20260528,7,7,3,531,469,0.531000000,0.031000000,531,0.997225361,0.913216234
restart_auto_random1_regs_only_sample_ro_compact_locked_warmup4_1000x125_run03_20260528,7,7,4,475,525,0.475000000,0.025000000,525,0.998195879,0.929610672
restart_auto_random1_regs_only_sample_ro_compact_locked_warmup4_1000x125_run03_20260528,7,7,5,481,519,0.481000000,0.019000000,519,0.998958123,0.946193556
restart_auto_random1_regs_only_sample_ro_compact_locked_warmup4_1000x125_run03_20260528,7,7,6,509,491,0.509000000,0.009000000,509,0.999766271,0.974262439
restart_auto_random1_regs_only_sample_ro_compact_locked_warmup4_1000x125_run03_20260528,7,7,7,481,519,0.481000000,0.019000000,519,0.998958123,0.946193556
restart_auto_random1_regs_only_sample_ro_compact_locked_warmup4_1000x125_run03_20260528,8,0,0,481,519,0.481000000,0.019000000,519,0.998958123,0.946193556
restart_auto_random1_regs_only_sample_ro_compact_locked_warmup4_1000x125_run03_20260528,8,0,1,490,510,0.490000000,0.010000000,510,0.999711442,0.971430848
restart_auto_random1_regs_only_sample_ro_compact_locked_warmup4_1000x125_run03_20260528,8,0,2,491,509,0.491000000,0.009000000,509,0.999766271,0.974262439
restart_auto_random1_regs_only_sample_ro_compact_locked_warmup4_1000x125_run03_20260528,8,0,3,508,492,0.508000000,0.008000000,508,0.999815327,0.977099598
restart_auto_random1_regs_only_sample_ro_compact_locked_warmup4_1000x125_run03_20260528,8,0,4,502,498,0.502000000,0.002000000,502,0.999988458,0.994240731
restart_auto_random1_regs_only_sample_ro_compact_locked_warmup4_1000x125_run03_20260528,8,0,5,503,497,0.503000000,0.003000000,503,0.999974031,0.991369695
restart_auto_random1_regs_only_sample_ro_compact_locked_warmup4_1000x125_run03_20260528,8,0,6,502,498,0.502000000,0.002000000,502,0.999988458,0.994240731
restart_auto_random1_regs_only_sample_ro_compact_locked_warmup4_1000x125_run03_20260528,8,0,7,497,503,0.497000000,0.003000000,503,0.999974031,0.991369695
restart_auto_random1_regs_only_sample_ro_compact_locked_warmup4_1000x125_run03_20260528,9,1,0,489,511,0.489000000,0.011000000,511,0.999650840,0.968604804
restart_auto_random1_regs_only_sample_ro_compact_locked_warmup4_1000x125_run03_20260528,9,1,1,503,497,0.503000000,0.003000000,503,0.999974031,0.991369695
restart_auto_random1_regs_only_sample_ro_compact_locked_warmup4_1000x125_run03_20260528,9,1,2,506,494,0.506000000,0.006000000,506,0.999896123,0.982790710
restart_auto_random1_regs_only_sample_ro_compact_locked_warmup4_1000x125_run03_20260528,9,1,3,522,478,0.522000000,0.022000000,522,0.998603020,0.937878288
restart_auto_random1_regs_only_sample_ro_compact_locked_warmup4_1000x125_run03_20260528,9,1,4,501,499,0.501000000,0.001000000,501,0.999997115,0.997117491
restart_auto_random1_regs_only_sample_ro_compact_locked_warmup4_1000x125_run03_20260528,9,1,5,490,510,0.490000000,0.010000000,510,0.999711442,0.971430848
restart_auto_random1_regs_only_sample_ro_compact_locked_warmup4_1000x125_run03_20260528,9,1,6,506,494,0.506000000,0.006000000,506,0.999896123,0.982790710
restart_auto_random1_regs_only_sample_ro_compact_locked_warmup4_1000x125_run03_20260528,9,1,7,500,500,0.500000000,0.000000000,500,1.000000000,1.000000000
restart_auto_random1_regs_only_sample_ro_compact_locked_warmup4_1000x125_run03_20260528,10,2,0,486,514,0.486000000,0.014000000,514,0.999434390,0.960159735
restart_auto_random1_regs_only_sample_ro_compact_locked_warmup4_1000x125_run03_20260528,10,2,1,496,504,0.496000000,0.004000000,504,0.999953833,0.988504361
restart_auto_random1_regs_only_sample_ro_compact_locked_warmup4_1000x125_run03_20260528,10,2,2,507,493,0.507000000,0.007000000,507,0.999858611,0.979942348
restart_auto_random1_regs_only_sample_ro_compact_locked_warmup4_1000x125_run03_20260528,10,2,3,497,503,0.497000000,0.003000000,503,0.999974031,0.991369695
restart_auto_random1_regs_only_sample_ro_compact_locked_warmup4_1000x125_run03_20260528,10,2,4,468,532,0.468000000,0.032000000,532,0.997043340,0.910501849
restart_auto_random1_regs_only_sample_ro_compact_locked_warmup4_1000x125_run03_20260528,10,2,5,492,508,0.492000000,0.008000000,508,0.999815327,0.977099598
restart_auto_random1_regs_only_sample_ro_compact_locked_warmup4_1000x125_run03_20260528,10,2,6,514,486,0.514000000,0.014000000,514,0.999434390,0.960159735
restart_auto_random1_regs_only_sample_ro_compact_locked_warmup4_1000x125_run03_20260528,10,2,7,492,508,0.492000000,0.008000000,508,0.999815327,0.977099598
restart_auto_random1_regs_only_sample_ro_compact_locked_warmup4_1000x125_run03_20260528,11,3,0,500,500,0.500000000,0.000000000,500,1.000000000,1.000000000
restart_auto_random1_regs_only_sample_ro_compact_locked_warmup4_1000x125_run03_20260528,11,3,1,507,493,0.507000000,0.007000000,507,0.999858611,0.979942348
restart_auto_random1_regs_only_sample_ro_compact_locked_warmup4_1000x125_run03_20260528,11,3,2,492,508,0.492000000,0.008000000,508,0.999815327,0.977099598
restart_auto_random1_regs_only_sample_ro_compact_locked_warmup4_1000x125_run03_20260528,11,3,3,501,499,0.501000000,0.001000000,501,0.999997115,0.997117491
restart_auto_random1_regs_only_sample_ro_compact_locked_warmup4_1000x125_run03_20260528,11,3,4,517,483,0.517000000,0.017000000,517,0.999165962,0.951763814
restart_auto_random1_regs_only_sample_ro_compact_locked_warmup4_1000x125_run03_20260528,11,3,5,488,512,0.488000000,0.012000000,512,0.999584464,0.965784285
restart_auto_random1_regs_only_sample_ro_compact_locked_warmup4_1000x125_run03_20260528,11,3,6,508,492,0.508000000,0.008000000,508,0.999815327,0.977099598
restart_auto_random1_regs_only_sample_ro_compact_locked_warmup4_1000x125_run03_20260528,11,3,7,522,478,0.522000000,0.022000000,522,0.998603020,0.937878288
restart_auto_random1_regs_only_sample_ro_compact_locked_warmup4_1000x125_run03_20260528,12,4,0,478,522,0.478000000,0.022000000,522,0.998603020,0.937878288
restart_auto_random1_regs_only_sample_ro_compact_locked_warmup4_1000x125_run03_20260528,12,4,1,476,524,0.476000000,0.024000000,524,0.998337377,0.932361283
restart_auto_random1_regs_only_sample_ro_compact_locked_warmup4_1000x125_run03_20260528,12,4,2,479,521,0.479000000,0.021000000,521,0.998727169,0.940644722
restart_auto_random1_regs_only_sample_ro_compact_locked_warmup4_1000x125_run03_20260528,12,4,3,507,493,0.507000000,0.007000000,507,0.999858611,0.979942348
restart_auto_random1_regs_only_sample_ro_compact_locked_warmup4_1000x125_run03_20260528,12,4,4,495,505,0.495000000,0.005000000,505,0.999927864,0.985644707
restart_auto_random1_regs_only_sample_ro_compact_locked_warmup4_1000x125_run03_20260528,12,4,5,503,497,0.503000000,0.003000000,503,0.999974031,0.991369695
restart_auto_random1_regs_only_sample_ro_compact_locked_warmup4_1000x125_run03_20260528,12,4,6,498,502,0.498000000,0.002000000,502,0.999988458,0.994240731
restart_auto_random1_regs_only_sample_ro_compact_locked_warmup4_1000x125_run03_20260528,12,4,7,508,492,0.508000000,0.008000000,508,0.999815327,0.977099598
restart_auto_random1_regs_only_sample_ro_compact_locked_warmup4_1000x125_run03_20260528,13,5,0,515,485,0.515000000,0.015000000,515,0.999350690,0.957355663
restart_auto_random1_regs_only_sample_ro_compact_locked_warmup4_1000x125_run03_20260528,13,5,1,494,506,0.494000000,0.006000000,506,0.999896123,0.982790710
restart_auto_random1_regs_only_sample_ro_compact_locked_warmup4_1000x125_run03_20260528,13,5,2,510,490,0.510000000,0.010000000,510,0.999711442,0.971430848
restart_auto_random1_regs_only_sample_ro_compact_locked_warmup4_1000x125_run03_20260528,13,5,3,478,522,0.478000000,0.022000000,522,0.998603020,0.937878288
restart_auto_random1_regs_only_sample_ro_compact_locked_warmup4_1000x125_run03_20260528,13,5,4,497,503,0.497000000,0.003000000,503,0.999974031,0.991369695
restart_auto_random1_regs_only_sample_ro_compact_locked_warmup4_1000x125_run03_20260528,13,5,5,503,497,0.503000000,0.003000000,503,0.999974031,0.991369695
restart_auto_random1_regs_only_sample_ro_compact_locked_warmup4_1000x125_run03_20260528,13,5,6,515,485,0.515000000,0.015000000,515,0.999350690,0.957355663
restart_auto_random1_regs_only_sample_ro_compact_locked_warmup4_1000x125_run03_20260528,13,5,7,490,510,0.490000000,0.010000000,510,0.999711442,0.971430848
restart_auto_random1_regs_only_sample_ro_compact_locked_warmup4_1000x125_run03_20260528,14,6,0,485,515,0.485000000,0.015000000,515,0.999350690,0.957355663
restart_auto_random1_regs_only_sample_ro_compact_locked_warmup4_1000x125_run03_20260528,14,6,1,476,524,0.476000000,0.024000000,524,0.998337377,0.932361283
restart_auto_random1_regs_only_sample_ro_compact_locked_warmup4_1000x125_run03_20260528,14,6,2,505,495,0.505000000,0.005000000,505,0.999927864,0.985644707
restart_auto_random1_regs_only_sample_ro_compact_locked_warmup4_1000x125_run03_20260528,14,6,3,518,482,0.518000000,0.018000000,518,0.999064932,0.948975997
restart_auto_random1_regs_only_sample_ro_compact_locked_warmup4_1000x125_run03_20260528,14,6,4,528,472,0.528000000,0.028000000,528,0.997736670,0.921390165
restart_auto_random1_regs_only_sample_ro_compact_locked_warmup4_1000x125_run03_20260528,14,6,5,496,504,0.496000000,0.004000000,504,0.999953833,0.988504361
restart_auto_random1_regs_only_sample_ro_compact_locked_warmup4_1000x125_run03_20260528,14,6,6,476,524,0.476000000,0.024000000,524,0.998337377,0.932361283
restart_auto_random1_regs_only_sample_ro_compact_locked_warmup4_1000x125_run03_20260528,14,6,7,495,505,0.495000000,0.005000000,505,0.999927864,0.985644707
restart_auto_random1_regs_only_sample_ro_compact_locked_warmup4_1000x125_run03_20260528,15,7,0,504,496,0.504000000,0.004000000,504,0.999953833,0.988504361
restart_auto_random1_regs_only_sample_ro_compact_locked_warmup4_1000x125_run03_20260528,15,7,1,539,461,0.539000000,0.039000000,539,0.995606861,0.891642822
restart_auto_random1_regs_only_sample_ro_compact_locked_warmup4_1000x125_run03_20260528,15,7,2,507,493,0.507000000,0.007000000,507,0.999858611,0.979942348
restart_auto_random1_regs_only_sample_ro_compact_locked_warmup4_1000x125_run03_20260528,15,7,3,501,499,0.501000000,0.001000000,501,0.999997115,0.997117491
restart_auto_random1_regs_only_sample_ro_compact_locked_warmup4_1000x125_run03_20260528,15,7,4,520,480,0.520000000,0.020000000,520,0.998845536,0.943416472
restart_auto_random1_regs_only_sample_ro_compact_locked_warmup4_1000x125_run03_20260528,15,7,5,507,493,0.507000000,0.007000000,507,0.999858611,0.979942348
restart_auto_random1_regs_only_sample_ro_compact_locked_warmup4_1000x125_run03_20260528,15,7,6,497,503,0.497000000,0.003000000,503,0.999974031,0.991369695
restart_auto_random1_regs_only_sample_ro_compact_locked_warmup4_1000x125_run03_20260528,15,7,7,531,469,0.531000000,0.031000000,531,0.997225361,0.913216234
restart_auto_random1_regs_only_sample_ro_compact_locked_warmup4_1000x125_run03_20260528,16,0,0,529,471,0.529000000,0.029000000,529,0.997572025,0.918660373
restart_auto_random1_regs_only_sample_ro_compact_locked_warmup4_1000x125_run03_20260528,16,0,1,492,508,0.492000000,0.008000000,508,0.999815327,0.977099598
restart_auto_random1_regs_only_sample_ro_compact_locked_warmup4_1000x125_run03_20260528,16,0,2,508,492,0.508000000,0.008000000,508,0.999815327,0.977099598
restart_auto_random1_regs_only_sample_ro_compact_locked_warmup4_1000x125_run03_20260528,16,0,3,497,503,0.497000000,0.003000000,503,0.999974031,0.991369695
restart_auto_random1_regs_only_sample_ro_compact_locked_warmup4_1000x125_run03_20260528,16,0,4,528,472,0.528000000,0.028000000,528,0.997736670,0.921390165
restart_auto_random1_regs_only_sample_ro_compact_locked_warmup4_1000x125_run03_20260528,16,0,5,488,512,0.488000000,0.012000000,512,0.999584464,0.965784285
restart_auto_random1_regs_only_sample_ro_compact_locked_warmup4_1000x125_run03_20260528,16,0,6,497,503,0.497000000,0.003000000,503,0.999974031,0.991369695
restart_auto_random1_regs_only_sample_ro_compact_locked_warmup4_1000x125_run03_20260528,16,0,7,492,508,0.492000000,0.008000000,508,0.999815327,0.977099598
restart_auto_random1_regs_only_sample_ro_compact_locked_warmup4_1000x125_run03_20260528,17,1,0,498,502,0.498000000,0.002000000,502,0.999988458,0.994240731
restart_auto_random1_regs_only_sample_ro_compact_locked_warmup4_1000x125_run03_20260528,17,1,1,499,501,0.499000000,0.001000000,501,0.999997115,0.997117491
restart_auto_random1_regs_only_sample_ro_compact_locked_warmup4_1000x125_run03_20260528,17,1,2,541,459,0.541000000,0.041000000,541,0.995144209,0.886299501
restart_auto_random1_regs_only_sample_ro_compact_locked_warmup4_1000x125_run03_20260528,17,1,3,495,505,0.495000000,0.005000000,505,0.999927864,0.985644707
restart_auto_random1_regs_only_sample_ro_compact_locked_warmup4_1000x125_run03_20260528,17,1,4,486,514,0.486000000,0.014000000,514,0.999434390,0.960159735
restart_auto_random1_regs_only_sample_ro_compact_locked_warmup4_1000x125_run03_20260528,17,1,5,474,526,0.474000000,0.026000000,526,0.998048596,0.926865295
restart_auto_random1_regs_only_sample_ro_compact_locked_warmup4_1000x125_run03_20260528,17,1,6,526,474,0.526000000,0.026000000,526,0.998048596,0.926865295
restart_auto_random1_regs_only_sample_ro_compact_locked_warmup4_1000x125_run03_20260528,17,1,7,498,502,0.498000000,0.002000000,502,0.999988458,0.994240731
restart_auto_random1_regs_only_sample_ro_compact_locked_warmup4_1000x125_run03_20260528,18,2,0,497,503,0.497000000,0.003000000,503,0.999974031,0.991369695
restart_auto_random1_regs_only_sample_ro_compact_locked_warmup4_1000x125_run03_20260528,18,2,1,506,494,0.506000000,0.006000000,506,0.999896123,0.982790710
restart_auto_random1_regs_only_sample_ro_compact_locked_warmup4_1000x125_run03_20260528,18,2,2,523,477,0.523000000,0.023000000,523,0.998473090,0.935117148
restart_auto_random1_regs_only_sample_ro_compact_locked_warmup4_1000x125_run03_20260528,18,2,3,490,510,0.490000000,0.010000000,510,0.999711442,0.971430848
restart_auto_random1_regs_only_sample_ro_compact_locked_warmup4_1000x125_run03_20260528,18,2,4,492,508,0.492000000,0.008000000,508,0.999815327,0.977099598
restart_auto_random1_regs_only_sample_ro_compact_locked_warmup4_1000x125_run03_20260528,18,2,5,497,503,0.497000000,0.003000000,503,0.999974031,0.991369695
restart_auto_random1_regs_only_sample_ro_compact_locked_warmup4_1000x125_run03_20260528,18,2,6,523,477,0.523000000,0.023000000,523,0.998473090,0.935117148
restart_auto_random1_regs_only_sample_ro_compact_locked_warmup4_1000x125_run03_20260528,18,2,7,494,506,0.494000000,0.006000000,506,0.999896123,0.982790710
restart_auto_random1_regs_only_sample_ro_compact_locked_warmup4_1000x125_run03_20260528,19,3,0,509,491,0.509000000,0.009000000,509,0.999766271,0.974262439
restart_auto_random1_regs_only_sample_ro_compact_locked_warmup4_1000x125_run03_20260528,19,3,1,526,474,0.526000000,0.026000000,526,0.998048596,0.926865295
restart_auto_random1_regs_only_sample_ro_compact_locked_warmup4_1000x125_run03_20260528,19,3,2,499,501,0.499000000,0.001000000,501,0.999997115,0.997117491
restart_auto_random1_regs_only_sample_ro_compact_locked_warmup4_1000x125_run03_20260528,19,3,3,517,483,0.517000000,0.017000000,517,0.999165962,0.951763814
restart_auto_random1_regs_only_sample_ro_compact_locked_warmup4_1000x125_run03_20260528,19,3,4,505,495,0.505000000,0.005000000,505,0.999927864,0.985644707
restart_auto_random1_regs_only_sample_ro_compact_locked_warmup4_1000x125_run03_20260528,19,3,5,481,519,0.481000000,0.019000000,519,0.998958123,0.946193556
restart_auto_random1_regs_only_sample_ro_compact_locked_warmup4_1000x125_run03_20260528,19,3,6,509,491,0.509000000,0.009000000,509,0.999766271,0.974262439
restart_auto_random1_regs_only_sample_ro_compact_locked_warmup4_1000x125_run03_20260528,19,3,7,509,491,0.509000000,0.009000000,509,0.999766271,0.974262439
restart_auto_random1_regs_only_sample_ro_compact_locked_warmup4_1000x125_run03_20260528,20,4,0,514,486,0.514000000,0.014000000,514,0.999434390,0.960159735
restart_auto_random1_regs_only_sample_ro_compact_locked_warmup4_1000x125_run03_20260528,20,4,1,515,485,0.515000000,0.015000000,515,0.999350690,0.957355663
restart_auto_random1_regs_only_sample_ro_compact_locked_warmup4_1000x125_run03_20260528,20,4,2,519,481,0.519000000,0.019000000,519,0.998958123,0.946193556
restart_auto_random1_regs_only_sample_ro_compact_locked_warmup4_1000x125_run03_20260528,20,4,3,512,488,0.512000000,0.012000000,512,0.999584464,0.965784285
restart_auto_random1_regs_only_sample_ro_compact_locked_warmup4_1000x125_run03_20260528,20,4,4,495,505,0.495000000,0.005000000,505,0.999927864,0.985644707
restart_auto_random1_regs_only_sample_ro_compact_locked_warmup4_1000x125_run03_20260528,20,4,5,498,502,0.498000000,0.002000000,502,0.999988458,0.994240731
restart_auto_random1_regs_only_sample_ro_compact_locked_warmup4_1000x125_run03_20260528,20,4,6,515,485,0.515000000,0.015000000,515,0.999350690,0.957355663
restart_auto_random1_regs_only_sample_ro_compact_locked_warmup4_1000x125_run03_20260528,20,4,7,511,489,0.511000000,0.011000000,511,0.999650840,0.968604804
restart_auto_random1_regs_only_sample_ro_compact_locked_warmup4_1000x125_run03_20260528,21,5,0,498,502,0.498000000,0.002000000,502,0.999988458,0.994240731
restart_auto_random1_regs_only_sample_ro_compact_locked_warmup4_1000x125_run03_20260528,21,5,1,522,478,0.522000000,0.022000000,522,0.998603020,0.937878288
restart_auto_random1_regs_only_sample_ro_compact_locked_warmup4_1000x125_run03_20260528,21,5,2,499,501,0.499000000,0.001000000,501,0.999997115,0.997117491
restart_auto_random1_regs_only_sample_ro_compact_locked_warmup4_1000x125_run03_20260528,21,5,3,518,482,0.518000000,0.018000000,518,0.999064932,0.948975997
restart_auto_random1_regs_only_sample_ro_compact_locked_warmup4_1000x125_run03_20260528,21,5,4,489,511,0.489000000,0.011000000,511,0.999650840,0.968604804
restart_auto_random1_regs_only_sample_ro_compact_locked_warmup4_1000x125_run03_20260528,21,5,5,510,490,0.510000000,0.010000000,510,0.999711442,0.971430848
restart_auto_random1_regs_only_sample_ro_compact_locked_warmup4_1000x125_run03_20260528,21,5,6,504,496,0.504000000,0.004000000,504,0.999953833,0.988504361
restart_auto_random1_regs_only_sample_ro_compact_locked_warmup4_1000x125_run03_20260528,21,5,7,516,484,0.516000000,0.016000000,516,0.999261214,0.954557029
restart_auto_random1_regs_only_sample_ro_compact_locked_warmup4_1000x125_run03_20260528,22,6,0,518,482,0.518000000,0.018000000,518,0.999064932,0.948975997
restart_auto_random1_regs_only_sample_ro_compact_locked_warmup4_1000x125_run03_20260528,22,6,1,477,523,0.477000000,0.023000000,523,0.998473090,0.935117148
restart_auto_random1_regs_only_sample_ro_compact_locked_warmup4_1000x125_run03_20260528,22,6,2,455,545,0.455000000,0.045000000,545,0.994149171,0.875671865
restart_auto_random1_regs_only_sample_ro_compact_locked_warmup4_1000x125_run03_20260528,22,6,3,484,516,0.484000000,0.016000000,516,0.999261214,0.954557029
restart_auto_random1_regs_only_sample_ro_compact_locked_warmup4_1000x125_run03_20260528,22,6,4,509,491,0.509000000,0.009000000,509,0.999766271,0.974262439
restart_auto_random1_regs_only_sample_ro_compact_locked_warmup4_1000x125_run03_20260528,22,6,5,500,500,0.500000000,0.000000000,500,1.000000000,1.000000000
restart_auto_random1_regs_only_sample_ro_compact_locked_warmup4_1000x125_run03_20260528,22,6,6,519,481,0.519000000,0.019000000,519,0.998958123,0.946193556
restart_auto_random1_regs_only_sample_ro_compact_locked_warmup4_1000x125_run03_20260528,22,6,7,497,503,0.497000000,0.003000000,503,0.999974031,0.991369695
restart_auto_random1_regs_only_sample_ro_compact_locked_warmup4_1000x125_run03_20260528,23,7,0,491,509,0.491000000,0.009000000,509,0.999766271,0.974262439
restart_auto_random1_regs_only_sample_ro_compact_locked_warmup4_1000x125_run03_20260528,23,7,1,501,499,0.501000000,0.001000000,501,0.999997115,0.997117491
restart_auto_random1_regs_only_sample_ro_compact_locked_warmup4_1000x125_run03_20260528,23,7,2,502,498,0.502000000,0.002000000,502,0.999988458,0.994240731
restart_auto_random1_regs_only_sample_ro_compact_locked_warmup4_1000x125_run03_20260528,23,7,3,504,496,0.504000000,0.004000000,504,0.999953833,0.988504361
restart_auto_random1_regs_only_sample_ro_compact_locked_warmup4_1000x125_run03_20260528,23,7,4,504,496,0.504000000,0.004000000,504,0.999953833,0.988504361
restart_auto_random1_regs_only_sample_ro_compact_locked_warmup4_1000x125_run03_20260528,23,7,5,501,499,0.501000000,0.001000000,501,0.999997115,0.997117491
restart_auto_random1_regs_only_sample_ro_compact_locked_warmup4_1000x125_run03_20260528,23,7,6,493,507,0.493000000,0.007000000,507,0.999858611,0.979942348
restart_auto_random1_regs_only_sample_ro_compact_locked_warmup4_1000x125_run03_20260528,23,7,7,509,491,0.509000000,0.009000000,509,0.999766271,0.974262439
restart_auto_random1_regs_only_sample_ro_compact_locked_warmup4_1000x125_run03_20260528,24,0,0,503,497,0.503000000,0.003000000,503,0.999974031,0.991369695
restart_auto_random1_regs_only_sample_ro_compact_locked_warmup4_1000x125_run03_20260528,24,0,1,515,485,0.515000000,0.015000000,515,0.999350690,0.957355663
restart_auto_random1_regs_only_sample_ro_compact_locked_warmup4_1000x125_run03_20260528,24,0,2,500,500,0.500000000,0.000000000,500,1.000000000,1.000000000
restart_auto_random1_regs_only_sample_ro_compact_locked_warmup4_1000x125_run03_20260528,24,0,3,483,517,0.483000000,0.017000000,517,0.999165962,0.951763814
restart_auto_random1_regs_only_sample_ro_compact_locked_warmup4_1000x125_run03_20260528,24,0,4,511,489,0.511000000,0.011000000,511,0.999650840,0.968604804
restart_auto_random1_regs_only_sample_ro_compact_locked_warmup4_1000x125_run03_20260528,24,0,5,505,495,0.505000000,0.005000000,505,0.999927864,0.985644707
restart_auto_random1_regs_only_sample_ro_compact_locked_warmup4_1000x125_run03_20260528,24,0,6,493,507,0.493000000,0.007000000,507,0.999858611,0.979942348
restart_auto_random1_regs_only_sample_ro_compact_locked_warmup4_1000x125_run03_20260528,24,0,7,488,512,0.488000000,0.012000000,512,0.999584464,0.965784285
restart_auto_random1_regs_only_sample_ro_compact_locked_warmup4_1000x125_run03_20260528,25,1,0,513,487,0.513000000,0.013000000,513,0.999512314,0.962969269
restart_auto_random1_regs_only_sample_ro_compact_locked_warmup4_1000x125_run03_20260528,25,1,1,493,507,0.493000000,0.007000000,507,0.999858611,0.979942348
restart_auto_random1_regs_only_sample_ro_compact_locked_warmup4_1000x125_run03_20260528,25,1,2,488,512,0.488000000,0.012000000,512,0.999584464,0.965784285
restart_auto_random1_regs_only_sample_ro_compact_locked_warmup4_1000x125_run03_20260528,25,1,3,503,497,0.503000000,0.003000000,503,0.999974031,0.991369695
restart_auto_random1_regs_only_sample_ro_compact_locked_warmup4_1000x125_run03_20260528,25,1,4,519,481,0.519000000,0.019000000,519,0.998958123,0.946193556
restart_auto_random1_regs_only_sample_ro_compact_locked_warmup4_1000x125_run03_20260528,25,1,5,493,507,0.493000000,0.007000000,507,0.999858611,0.979942348
restart_auto_random1_regs_only_sample_ro_compact_locked_warmup4_1000x125_run03_20260528,25,1,6,463,537,0.463000000,0.037000000,537,0.996046288,0.897006007
restart_auto_random1_regs_only_sample_ro_compact_locked_warmup4_1000x125_run03_20260528,25,1,7,493,507,0.493000000,0.007000000,507,0.999858611,0.979942348
restart_auto_random1_regs_only_sample_ro_compact_locked_warmup4_1000x125_run03_20260528,26,2,0,468,532,0.468000000,0.032000000,532,0.997043340,0.910501849
restart_auto_random1_regs_only_sample_ro_compact_locked_warmup4_1000x125_run03_20260528,26,2,1,519,481,0.519000000,0.019000000,519,0.998958123,0.946193556
restart_auto_random1_regs_only_sample_ro_compact_locked_warmup4_1000x125_run03_20260528,26,2,2,527,473,0.527000000,0.027000000,527,0.997895527,0.924125133
restart_auto_random1_regs_only_sample_ro_compact_locked_warmup4_1000x125_run03_20260528,26,2,3,504,496,0.504000000,0.004000000,504,0.999953833,0.988504361
restart_auto_random1_regs_only_sample_ro_compact_locked_warmup4_1000x125_run03_20260528,26,2,4,521,479,0.521000000,0.021000000,521,0.998727169,0.940644722
restart_auto_random1_regs_only_sample_ro_compact_locked_warmup4_1000x125_run03_20260528,26,2,5,484,516,0.484000000,0.016000000,516,0.999261214,0.954557029
restart_auto_random1_regs_only_sample_ro_compact_locked_warmup4_1000x125_run03_20260528,26,2,6,492,508,0.492000000,0.008000000,508,0.999815327,0.977099598
restart_auto_random1_regs_only_sample_ro_compact_locked_warmup4_1000x125_run03_20260528,26,2,7,514,486,0.514000000,0.014000000,514,0.999434390,0.960159735
restart_auto_random1_regs_only_sample_ro_compact_locked_warmup4_1000x125_run03_20260528,27,3,0,500,500,0.500000000,0.000000000,500,1.000000000,1.000000000
restart_auto_random1_regs_only_sample_ro_compact_locked_warmup4_1000x125_run03_20260528,27,3,1,513,487,0.513000000,0.013000000,513,0.999512314,0.962969269
restart_auto_random1_regs_only_sample_ro_compact_locked_warmup4_1000x125_run03_20260528,27,3,2,485,515,0.485000000,0.015000000,515,0.999350690,0.957355663
restart_auto_random1_regs_only_sample_ro_compact_locked_warmup4_1000x125_run03_20260528,27,3,3,489,511,0.489000000,0.011000000,511,0.999650840,0.968604804
restart_auto_random1_regs_only_sample_ro_compact_locked_warmup4_1000x125_run03_20260528,27,3,4,494,506,0.494000000,0.006000000,506,0.999896123,0.982790710
restart_auto_random1_regs_only_sample_ro_compact_locked_warmup4_1000x125_run03_20260528,27,3,5,487,513,0.487000000,0.013000000,513,0.999512314,0.962969269
restart_auto_random1_regs_only_sample_ro_compact_locked_warmup4_1000x125_run03_20260528,27,3,6,506,494,0.506000000,0.006000000,506,0.999896123,0.982790710
restart_auto_random1_regs_only_sample_ro_compact_locked_warmup4_1000x125_run03_20260528,27,3,7,517,483,0.517000000,0.017000000,517,0.999165962,0.951763814
restart_auto_random1_regs_only_sample_ro_compact_locked_warmup4_1000x125_run03_20260528,28,4,0,487,513,0.487000000,0.013000000,513,0.999512314,0.962969269
restart_auto_random1_regs_only_sample_ro_compact_locked_warmup4_1000x125_run03_20260528,28,4,1,510,490,0.510000000,0.010000000,510,0.999711442,0.971430848
restart_auto_random1_regs_only_sample_ro_compact_locked_warmup4_1000x125_run03_20260528,28,4,2,509,491,0.509000000,0.009000000,509,0.999766271,0.974262439
restart_auto_random1_regs_only_sample_ro_compact_locked_warmup4_1000x125_run03_20260528,28,4,3,519,481,0.519000000,0.019000000,519,0.998958123,0.946193556
restart_auto_random1_regs_only_sample_ro_compact_locked_warmup4_1000x125_run03_20260528,28,4,4,493,507,0.493000000,0.007000000,507,0.999858611,0.979942348
restart_auto_random1_regs_only_sample_ro_compact_locked_warmup4_1000x125_run03_20260528,28,4,5,505,495,0.505000000,0.005000000,505,0.999927864,0.985644707
restart_auto_random1_regs_only_sample_ro_compact_locked_warmup4_1000x125_run03_20260528,28,4,6,507,493,0.507000000,0.007000000,507,0.999858611,0.979942348
restart_auto_random1_regs_only_sample_ro_compact_locked_warmup4_1000x125_run03_20260528,28,4,7,532,468,0.532000000,0.032000000,532,0.997043340,0.910501849
restart_auto_random1_regs_only_sample_ro_compact_locked_warmup4_1000x125_run03_20260528,29,5,0,493,507,0.493000000,0.007000000,507,0.999858611,0.979942348
restart_auto_random1_regs_only_sample_ro_compact_locked_warmup4_1000x125_run03_20260528,29,5,1,513,487,0.513000000,0.013000000,513,0.999512314,0.962969269
restart_auto_random1_regs_only_sample_ro_compact_locked_warmup4_1000x125_run03_20260528,29,5,2,484,516,0.484000000,0.016000000,516,0.999261214,0.954557029
restart_auto_random1_regs_only_sample_ro_compact_locked_warmup4_1000x125_run03_20260528,29,5,3,515,485,0.515000000,0.015000000,515,0.999350690,0.957355663
restart_auto_random1_regs_only_sample_ro_compact_locked_warmup4_1000x125_run03_20260528,29,5,4,517,483,0.517000000,0.017000000,517,0.999165962,0.951763814
restart_auto_random1_regs_only_sample_ro_compact_locked_warmup4_1000x125_run03_20260528,29,5,5,488,512,0.488000000,0.012000000,512,0.999584464,0.965784285
restart_auto_random1_regs_only_sample_ro_compact_locked_warmup4_1000x125_run03_20260528,29,5,6,494,506,0.494000000,0.006000000,506,0.999896123,0.982790710
restart_auto_random1_regs_only_sample_ro_compact_locked_warmup4_1000x125_run03_20260528,29,5,7,497,503,0.497000000,0.003000000,503,0.999974031,0.991369695
restart_auto_random1_regs_only_sample_ro_compact_locked_warmup4_1000x125_run03_20260528,30,6,0,533,467,0.533000000,0.033000000,533,0.996855525,0.907792562
restart_auto_random1_regs_only_sample_ro_compact_locked_warmup4_1000x125_run03_20260528,30,6,1,490,510,0.490000000,0.010000000,510,0.999711442,0.971430848
restart_auto_random1_regs_only_sample_ro_compact_locked_warmup4_1000x125_run03_20260528,30,6,2,494,506,0.494000000,0.006000000,506,0.999896123,0.982790710
restart_auto_random1_regs_only_sample_ro_compact_locked_warmup4_1000x125_run03_20260528,30,6,3,468,532,0.468000000,0.032000000,532,0.997043340,0.910501849
restart_auto_random1_regs_only_sample_ro_compact_locked_warmup4_1000x125_run03_20260528,30,6,4,485,515,0.485000000,0.015000000,515,0.999350690,0.957355663
restart_auto_random1_regs_only_sample_ro_compact_locked_warmup4_1000x125_run03_20260528,30,6,5,497,503,0.497000000,0.003000000,503,0.999974031,0.991369695
restart_auto_random1_regs_only_sample_ro_compact_locked_warmup4_1000x125_run03_20260528,30,6,6,505,495,0.505000000,0.005000000,505,0.999927864,0.985644707
restart_auto_random1_regs_only_sample_ro_compact_locked_warmup4_1000x125_run03_20260528,30,6,7,489,511,0.489000000,0.011000000,511,0.999650840,0.968604804
restart_auto_random1_regs_only_sample_ro_compact_locked_warmup4_1000x125_run03_20260528,31,7,0,512,488,0.512000000,0.012000000,512,0.999584464,0.965784285
restart_auto_random1_regs_only_sample_ro_compact_locked_warmup4_1000x125_run03_20260528,31,7,1,495,505,0.495000000,0.005000000,505,0.999927864,0.985644707
restart_auto_random1_regs_only_sample_ro_compact_locked_warmup4_1000x125_run03_20260528,31,7,2,498,502,0.498000000,0.002000000,502,0.999988458,0.994240731
restart_auto_random1_regs_only_sample_ro_compact_locked_warmup4_1000x125_run03_20260528,31,7,3,514,486,0.514000000,0.014000000,514,0.999434390,0.960159735
restart_auto_random1_regs_only_sample_ro_compact_locked_warmup4_1000x125_run03_20260528,31,7,4,502,498,0.502000000,0.002000000,502,0.999988458,0.994240731
restart_auto_random1_regs_only_sample_ro_compact_locked_warmup4_1000x125_run03_20260528,31,7,5,478,522,0.478000000,0.022000000,522,0.998603020,0.937878288
restart_auto_random1_regs_only_sample_ro_compact_locked_warmup4_1000x125_run03_20260528,31,7,6,469,531,0.469000000,0.031000000,531,0.997225361,0.913216234
restart_auto_random1_regs_only_sample_ro_compact_locked_warmup4_1000x125_run03_20260528,31,7,7,489,511,0.489000000,0.011000000,511,0.999650840,0.968604804
restart_auto_random1_regs_only_sample_ro_compact_locked_warmup4_1000x125_run03_20260528,32,0,0,525,475,0.525000000,0.025000000,525,0.998195879,0.929610672
restart_auto_random1_regs_only_sample_ro_compact_locked_warmup4_1000x125_run03_20260528,32,0,1,505,495,0.505000000,0.005000000,505,0.999927864,0.985644707
restart_auto_random1_regs_only_sample_ro_compact_locked_warmup4_1000x125_run03_20260528,32,0,2,511,489,0.511000000,0.011000000,511,0.999650840,0.968604804
restart_auto_random1_regs_only_sample_ro_compact_locked_warmup4_1000x125_run03_20260528,32,0,3,514,486,0.514000000,0.014000000,514,0.999434390,0.960159735
restart_auto_random1_regs_only_sample_ro_compact_locked_warmup4_1000x125_run03_20260528,32,0,4,513,487,0.513000000,0.013000000,513,0.999512314,0.962969269
restart_auto_random1_regs_only_sample_ro_compact_locked_warmup4_1000x125_run03_20260528,32,0,5,530,470,0.530000000,0.030000000,530,0.997401589,0.915935735
restart_auto_random1_regs_only_sample_ro_compact_locked_warmup4_1000x125_run03_20260528,32,0,6,453,547,0.453000000,0.047000000,547,0.993616753,0.870387262
restart_auto_random1_regs_only_sample_ro_compact_locked_warmup4_1000x125_run03_20260528,32,0,7,476,524,0.476000000,0.024000000,524,0.998337377,0.932361283
restart_auto_random1_regs_only_sample_ro_compact_locked_warmup4_1000x125_run03_20260528,33,1,0,486,514,0.486000000,0.014000000,514,0.999434390,0.960159735
restart_auto_random1_regs_only_sample_ro_compact_locked_warmup4_1000x125_run03_20260528,33,1,1,502,498,0.502000000,0.002000000,502,0.999988458,0.994240731
restart_auto_random1_regs_only_sample_ro_compact_locked_warmup4_1000x125_run03_20260528,33,1,2,517,483,0.517000000,0.017000000,517,0.999165962,0.951763814
restart_auto_random1_regs_only_sample_ro_compact_locked_warmup4_1000x125_run03_20260528,33,1,3,506,494,0.506000000,0.006000000,506,0.999896123,0.982790710
restart_auto_random1_regs_only_sample_ro_compact_locked_warmup4_1000x125_run03_20260528,33,1,4,482,518,0.482000000,0.018000000,518,0.999064932,0.948975997
restart_auto_random1_regs_only_sample_ro_compact_locked_warmup4_1000x125_run03_20260528,33,1,5,475,525,0.475000000,0.025000000,525,0.998195879,0.929610672
restart_auto_random1_regs_only_sample_ro_compact_locked_warmup4_1000x125_run03_20260528,33,1,6,517,483,0.517000000,0.017000000,517,0.999165962,0.951763814
restart_auto_random1_regs_only_sample_ro_compact_locked_warmup4_1000x125_run03_20260528,33,1,7,502,498,0.502000000,0.002000000,502,0.999988458,0.994240731
restart_auto_random1_regs_only_sample_ro_compact_locked_warmup4_1000x125_run03_20260528,34,2,0,481,519,0.481000000,0.019000000,519,0.998958123,0.946193556
restart_auto_random1_regs_only_sample_ro_compact_locked_warmup4_1000x125_run03_20260528,34,2,1,489,511,0.489000000,0.011000000,511,0.999650840,0.968604804
restart_auto_random1_regs_only_sample_ro_compact_locked_warmup4_1000x125_run03_20260528,34,2,2,513,487,0.513000000,0.013000000,513,0.999512314,0.962969269
restart_auto_random1_regs_only_sample_ro_compact_locked_warmup4_1000x125_run03_20260528,34,2,3,487,513,0.487000000,0.013000000,513,0.999512314,0.962969269
restart_auto_random1_regs_only_sample_ro_compact_locked_warmup4_1000x125_run03_20260528,34,2,4,490,510,0.490000000,0.010000000,510,0.999711442,0.971430848
restart_auto_random1_regs_only_sample_ro_compact_locked_warmup4_1000x125_run03_20260528,34,2,5,497,503,0.497000000,0.003000000,503,0.999974031,0.991369695
restart_auto_random1_regs_only_sample_ro_compact_locked_warmup4_1000x125_run03_20260528,34,2,6,494,506,0.494000000,0.006000000,506,0.999896123,0.982790710
restart_auto_random1_regs_only_sample_ro_compact_locked_warmup4_1000x125_run03_20260528,34,2,7,498,502,0.498000000,0.002000000,502,0.999988458,0.994240731
restart_auto_random1_regs_only_sample_ro_compact_locked_warmup4_1000x125_run03_20260528,35,3,0,489,511,0.489000000,0.011000000,511,0.999650840,0.968604804
restart_auto_random1_regs_only_sample_ro_compact_locked_warmup4_1000x125_run03_20260528,35,3,1,517,483,0.517000000,0.017000000,517,0.999165962,0.951763814
restart_auto_random1_regs_only_sample_ro_compact_locked_warmup4_1000x125_run03_20260528,35,3,2,519,481,0.519000000,0.019000000,519,0.998958123,0.946193556
restart_auto_random1_regs_only_sample_ro_compact_locked_warmup4_1000x125_run03_20260528,35,3,3,541,459,0.541000000,0.041000000,541,0.995144209,0.886299501
restart_auto_random1_regs_only_sample_ro_compact_locked_warmup4_1000x125_run03_20260528,35,3,4,465,535,0.465000000,0.035000000,535,0.996462505,0.902389203
restart_auto_random1_regs_only_sample_ro_compact_locked_warmup4_1000x125_run03_20260528,35,3,5,483,517,0.483000000,0.017000000,517,0.999165962,0.951763814
restart_auto_random1_regs_only_sample_ro_compact_locked_warmup4_1000x125_run03_20260528,35,3,6,510,490,0.510000000,0.010000000,510,0.999711442,0.971430848
restart_auto_random1_regs_only_sample_ro_compact_locked_warmup4_1000x125_run03_20260528,35,3,7,491,509,0.491000000,0.009000000,509,0.999766271,0.974262439
restart_auto_random1_regs_only_sample_ro_compact_locked_warmup4_1000x125_run03_20260528,36,4,0,498,502,0.498000000,0.002000000,502,0.999988458,0.994240731
restart_auto_random1_regs_only_sample_ro_compact_locked_warmup4_1000x125_run03_20260528,36,4,1,480,520,0.480000000,0.020000000,520,0.998845536,0.943416472
restart_auto_random1_regs_only_sample_ro_compact_locked_warmup4_1000x125_run03_20260528,36,4,2,477,523,0.477000000,0.023000000,523,0.998473090,0.935117148
restart_auto_random1_regs_only_sample_ro_compact_locked_warmup4_1000x125_run03_20260528,36,4,3,519,481,0.519000000,0.019000000,519,0.998958123,0.946193556
restart_auto_random1_regs_only_sample_ro_compact_locked_warmup4_1000x125_run03_20260528,36,4,4,515,485,0.515000000,0.015000000,515,0.999350690,0.957355663
restart_auto_random1_regs_only_sample_ro_compact_locked_warmup4_1000x125_run03_20260528,36,4,5,498,502,0.498000000,0.002000000,502,0.999988458,0.994240731
restart_auto_random1_regs_only_sample_ro_compact_locked_warmup4_1000x125_run03_20260528,36,4,6,487,513,0.487000000,0.013000000,513,0.999512314,0.962969269
restart_auto_random1_regs_only_sample_ro_compact_locked_warmup4_1000x125_run03_20260528,36,4,7,511,489,0.511000000,0.011000000,511,0.999650840,0.968604804
restart_auto_random1_regs_only_sample_ro_compact_locked_warmup4_1000x125_run03_20260528,37,5,0,496,504,0.496000000,0.004000000,504,0.999953833,0.988504361
restart_auto_random1_regs_only_sample_ro_compact_locked_warmup4_1000x125_run03_20260528,37,5,1,509,491,0.509000000,0.009000000,509,0.999766271,0.974262439
restart_auto_random1_regs_only_sample_ro_compact_locked_warmup4_1000x125_run03_20260528,37,5,2,501,499,0.501000000,0.001000000,501,0.999997115,0.997117491
restart_auto_random1_regs_only_sample_ro_compact_locked_warmup4_1000x125_run03_20260528,37,5,3,510,490,0.510000000,0.010000000,510,0.999711442,0.971430848
restart_auto_random1_regs_only_sample_ro_compact_locked_warmup4_1000x125_run03_20260528,37,5,4,511,489,0.511000000,0.011000000,511,0.999650840,0.968604804
restart_auto_random1_regs_only_sample_ro_compact_locked_warmup4_1000x125_run03_20260528,37,5,5,492,508,0.492000000,0.008000000,508,0.999815327,0.977099598
restart_auto_random1_regs_only_sample_ro_compact_locked_warmup4_1000x125_run03_20260528,37,5,6,479,521,0.479000000,0.021000000,521,0.998727169,0.940644722
restart_auto_random1_regs_only_sample_ro_compact_locked_warmup4_1000x125_run03_20260528,37,5,7,461,539,0.461000000,0.039000000,539,0.995606861,0.891642822
restart_auto_random1_regs_only_sample_ro_compact_locked_warmup4_1000x125_run03_20260528,38,6,0,497,503,0.497000000,0.003000000,503,0.999974031,0.991369695
restart_auto_random1_regs_only_sample_ro_compact_locked_warmup4_1000x125_run03_20260528,38,6,1,494,506,0.494000000,0.006000000,506,0.999896123,0.982790710
restart_auto_random1_regs_only_sample_ro_compact_locked_warmup4_1000x125_run03_20260528,38,6,2,486,514,0.486000000,0.014000000,514,0.999434390,0.960159735
restart_auto_random1_regs_only_sample_ro_compact_locked_warmup4_1000x125_run03_20260528,38,6,3,504,496,0.504000000,0.004000000,504,0.999953833,0.988504361
restart_auto_random1_regs_only_sample_ro_compact_locked_warmup4_1000x125_run03_20260528,38,6,4,495,505,0.495000000,0.005000000,505,0.999927864,0.985644707
restart_auto_random1_regs_only_sample_ro_compact_locked_warmup4_1000x125_run03_20260528,38,6,5,505,495,0.505000000,0.005000000,505,0.999927864,0.985644707
restart_auto_random1_regs_only_sample_ro_compact_locked_warmup4_1000x125_run03_20260528,38,6,6,480,520,0.480000000,0.020000000,520,0.998845536,0.943416472
restart_auto_random1_regs_only_sample_ro_compact_locked_warmup4_1000x125_run03_20260528,38,6,7,514,486,0.514000000,0.014000000,514,0.999434390,0.960159735
restart_auto_random1_regs_only_sample_ro_compact_locked_warmup4_1000x125_run03_20260528,39,7,0,520,480,0.520000000,0.020000000,520,0.998845536,0.943416472
restart_auto_random1_regs_only_sample_ro_compact_locked_warmup4_1000x125_run03_20260528,39,7,1,466,534,0.466000000,0.034000000,534,0.996661914,0.905088353
restart_auto_random1_regs_only_sample_ro_compact_locked_warmup4_1000x125_run03_20260528,39,7,2,513,487,0.513000000,0.013000000,513,0.999512314,0.962969269
restart_auto_random1_regs_only_sample_ro_compact_locked_warmup4_1000x125_run03_20260528,39,7,3,501,499,0.501000000,0.001000000,501,0.999997115,0.997117491
restart_auto_random1_regs_only_sample_ro_compact_locked_warmup4_1000x125_run03_20260528,39,7,4,500,500,0.500000000,0.000000000,500,1.000000000,1.000000000
restart_auto_random1_regs_only_sample_ro_compact_locked_warmup4_1000x125_run03_20260528,39,7,5,478,522,0.478000000,0.022000000,522,0.998603020,0.937878288
restart_auto_random1_regs_only_sample_ro_compact_locked_warmup4_1000x125_run03_20260528,39,7,6,486,514,0.486000000,0.014000000,514,0.999434390,0.960159735
restart_auto_random1_regs_only_sample_ro_compact_locked_warmup4_1000x125_run03_20260528,39,7,7,511,489,0.511000000,0.011000000,511,0.999650840,0.968604804
restart_auto_random1_regs_only_sample_ro_compact_locked_warmup4_1000x125_run03_20260528,40,0,0,496,504,0.496000000,0.004000000,504,0.999953833,0.988504361
restart_auto_random1_regs_only_sample_ro_compact_locked_warmup4_1000x125_run03_20260528,40,0,1,507,493,0.507000000,0.007000000,507,0.999858611,0.979942348
restart_auto_random1_regs_only_sample_ro_compact_locked_warmup4_1000x125_run03_20260528,40,0,2,531,469,0.531000000,0.031000000,531,0.997225361,0.913216234
restart_auto_random1_regs_only_sample_ro_compact_locked_warmup4_1000x125_run03_20260528,40,0,3,495,505,0.495000000,0.005000000,505,0.999927864,0.985644707
restart_auto_random1_regs_only_sample_ro_compact_locked_warmup4_1000x125_run03_20260528,40,0,4,507,493,0.507000000,0.007000000,507,0.999858611,0.979942348
restart_auto_random1_regs_only_sample_ro_compact_locked_warmup4_1000x125_run03_20260528,40,0,5,494,506,0.494000000,0.006000000,506,0.999896123,0.982790710
restart_auto_random1_regs_only_sample_ro_compact_locked_warmup4_1000x125_run03_20260528,40,0,6,522,478,0.522000000,0.022000000,522,0.998603020,0.937878288
restart_auto_random1_regs_only_sample_ro_compact_locked_warmup4_1000x125_run03_20260528,40,0,7,504,496,0.504000000,0.004000000,504,0.999953833,0.988504361
restart_auto_random1_regs_only_sample_ro_compact_locked_warmup4_1000x125_run03_20260528,41,1,0,493,507,0.493000000,0.007000000,507,0.999858611,0.979942348
restart_auto_random1_regs_only_sample_ro_compact_locked_warmup4_1000x125_run03_20260528,41,1,1,502,498,0.502000000,0.002000000,502,0.999988458,0.994240731
restart_auto_random1_regs_only_sample_ro_compact_locked_warmup4_1000x125_run03_20260528,41,1,2,503,497,0.503000000,0.003000000,503,0.999974031,0.991369695
restart_auto_random1_regs_only_sample_ro_compact_locked_warmup4_1000x125_run03_20260528,41,1,3,470,530,0.470000000,0.030000000,530,0.997401589,0.915935735
restart_auto_random1_regs_only_sample_ro_compact_locked_warmup4_1000x125_run03_20260528,41,1,4,511,489,0.511000000,0.011000000,511,0.999650840,0.968604804
restart_auto_random1_regs_only_sample_ro_compact_locked_warmup4_1000x125_run03_20260528,41,1,5,490,510,0.490000000,0.010000000,510,0.999711442,0.971430848
restart_auto_random1_regs_only_sample_ro_compact_locked_warmup4_1000x125_run03_20260528,41,1,6,475,525,0.475000000,0.025000000,525,0.998195879,0.929610672
restart_auto_random1_regs_only_sample_ro_compact_locked_warmup4_1000x125_run03_20260528,41,1,7,481,519,0.481000000,0.019000000,519,0.998958123,0.946193556
restart_auto_random1_regs_only_sample_ro_compact_locked_warmup4_1000x125_run03_20260528,42,2,0,535,465,0.535000000,0.035000000,535,0.996462505,0.902389203
restart_auto_random1_regs_only_sample_ro_compact_locked_warmup4_1000x125_run03_20260528,42,2,1,500,500,0.500000000,0.000000000,500,1.000000000,1.000000000
restart_auto_random1_regs_only_sample_ro_compact_locked_warmup4_1000x125_run03_20260528,42,2,2,532,468,0.532000000,0.032000000,532,0.997043340,0.910501849
restart_auto_random1_regs_only_sample_ro_compact_locked_warmup4_1000x125_run03_20260528,42,2,3,513,487,0.513000000,0.013000000,513,0.999512314,0.962969269
restart_auto_random1_regs_only_sample_ro_compact_locked_warmup4_1000x125_run03_20260528,42,2,4,480,520,0.480000000,0.020000000,520,0.998845536,0.943416472
restart_auto_random1_regs_only_sample_ro_compact_locked_warmup4_1000x125_run03_20260528,42,2,5,493,507,0.493000000,0.007000000,507,0.999858611,0.979942348
restart_auto_random1_regs_only_sample_ro_compact_locked_warmup4_1000x125_run03_20260528,42,2,6,495,505,0.495000000,0.005000000,505,0.999927864,0.985644707
restart_auto_random1_regs_only_sample_ro_compact_locked_warmup4_1000x125_run03_20260528,42,2,7,504,496,0.504000000,0.004000000,504,0.999953833,0.988504361
restart_auto_random1_regs_only_sample_ro_compact_locked_warmup4_1000x125_run03_20260528,43,3,0,462,538,0.462000000,0.038000000,538,0.995829476,0.894321922
restart_auto_random1_regs_only_sample_ro_compact_locked_warmup4_1000x125_run03_20260528,43,3,1,481,519,0.481000000,0.019000000,519,0.998958123,0.946193556
restart_auto_random1_regs_only_sample_ro_compact_locked_warmup4_1000x125_run03_20260528,43,3,2,508,492,0.508000000,0.008000000,508,0.999815327,0.977099598
restart_auto_random1_regs_only_sample_ro_compact_locked_warmup4_1000x125_run03_20260528,43,3,3,495,505,0.495000000,0.005000000,505,0.999927864,0.985644707
restart_auto_random1_regs_only_sample_ro_compact_locked_warmup4_1000x125_run03_20260528,43,3,4,516,484,0.516000000,0.016000000,516,0.999261214,0.954557029
restart_auto_random1_regs_only_sample_ro_compact_locked_warmup4_1000x125_run03_20260528,43,3,5,479,521,0.479000000,0.021000000,521,0.998727169,0.940644722
restart_auto_random1_regs_only_sample_ro_compact_locked_warmup4_1000x125_run03_20260528,43,3,6,476,524,0.476000000,0.024000000,524,0.998337377,0.932361283
restart_auto_random1_regs_only_sample_ro_compact_locked_warmup4_1000x125_run03_20260528,43,3,7,512,488,0.512000000,0.012000000,512,0.999584464,0.965784285
restart_auto_random1_regs_only_sample_ro_compact_locked_warmup4_1000x125_run03_20260528,44,4,0,506,494,0.506000000,0.006000000,506,0.999896123,0.982790710
restart_auto_random1_regs_only_sample_ro_compact_locked_warmup4_1000x125_run03_20260528,44,4,1,504,496,0.504000000,0.004000000,504,0.999953833,0.988504361
restart_auto_random1_regs_only_sample_ro_compact_locked_warmup4_1000x125_run03_20260528,44,4,2,492,508,0.492000000,0.008000000,508,0.999815327,0.977099598
restart_auto_random1_regs_only_sample_ro_compact_locked_warmup4_1000x125_run03_20260528,44,4,3,508,492,0.508000000,0.008000000,508,0.999815327,0.977099598
restart_auto_random1_regs_only_sample_ro_compact_locked_warmup4_1000x125_run03_20260528,44,4,4,495,505,0.495000000,0.005000000,505,0.999927864,0.985644707
restart_auto_random1_regs_only_sample_ro_compact_locked_warmup4_1000x125_run03_20260528,44,4,5,491,509,0.491000000,0.009000000,509,0.999766271,0.974262439
restart_auto_random1_regs_only_sample_ro_compact_locked_warmup4_1000x125_run03_20260528,44,4,6,510,490,0.510000000,0.010000000,510,0.999711442,0.971430848
restart_auto_random1_regs_only_sample_ro_compact_locked_warmup4_1000x125_run03_20260528,44,4,7,511,489,0.511000000,0.011000000,511,0.999650840,0.968604804
restart_auto_random1_regs_only_sample_ro_compact_locked_warmup4_1000x125_run03_20260528,45,5,0,489,511,0.489000000,0.011000000,511,0.999650840,0.968604804
restart_auto_random1_regs_only_sample_ro_compact_locked_warmup4_1000x125_run03_20260528,45,5,1,481,519,0.481000000,0.019000000,519,0.998958123,0.946193556
restart_auto_random1_regs_only_sample_ro_compact_locked_warmup4_1000x125_run03_20260528,45,5,2,505,495,0.505000000,0.005000000,505,0.999927864,0.985644707
restart_auto_random1_regs_only_sample_ro_compact_locked_warmup4_1000x125_run03_20260528,45,5,3,531,469,0.531000000,0.031000000,531,0.997225361,0.913216234
restart_auto_random1_regs_only_sample_ro_compact_locked_warmup4_1000x125_run03_20260528,45,5,4,508,492,0.508000000,0.008000000,508,0.999815327,0.977099598
restart_auto_random1_regs_only_sample_ro_compact_locked_warmup4_1000x125_run03_20260528,45,5,5,483,517,0.483000000,0.017000000,517,0.999165962,0.951763814
restart_auto_random1_regs_only_sample_ro_compact_locked_warmup4_1000x125_run03_20260528,45,5,6,500,500,0.500000000,0.000000000,500,1.000000000,1.000000000
restart_auto_random1_regs_only_sample_ro_compact_locked_warmup4_1000x125_run03_20260528,45,5,7,473,527,0.473000000,0.027000000,527,0.997895527,0.924125133
restart_auto_random1_regs_only_sample_ro_compact_locked_warmup4_1000x125_run03_20260528,46,6,0,501,499,0.501000000,0.001000000,501,0.999997115,0.997117491
restart_auto_random1_regs_only_sample_ro_compact_locked_warmup4_1000x125_run03_20260528,46,6,1,495,505,0.495000000,0.005000000,505,0.999927864,0.985644707
restart_auto_random1_regs_only_sample_ro_compact_locked_warmup4_1000x125_run03_20260528,46,6,2,501,499,0.501000000,0.001000000,501,0.999997115,0.997117491
restart_auto_random1_regs_only_sample_ro_compact_locked_warmup4_1000x125_run03_20260528,46,6,3,483,517,0.483000000,0.017000000,517,0.999165962,0.951763814
restart_auto_random1_regs_only_sample_ro_compact_locked_warmup4_1000x125_run03_20260528,46,6,4,505,495,0.505000000,0.005000000,505,0.999927864,0.985644707
restart_auto_random1_regs_only_sample_ro_compact_locked_warmup4_1000x125_run03_20260528,46,6,5,507,493,0.507000000,0.007000000,507,0.999858611,0.979942348
restart_auto_random1_regs_only_sample_ro_compact_locked_warmup4_1000x125_run03_20260528,46,6,6,496,504,0.496000000,0.004000000,504,0.999953833,0.988504361
restart_auto_random1_regs_only_sample_ro_compact_locked_warmup4_1000x125_run03_20260528,46,6,7,499,501,0.499000000,0.001000000,501,0.999997115,0.997117491
restart_auto_random1_regs_only_sample_ro_compact_locked_warmup4_1000x125_run03_20260528,47,7,0,484,516,0.484000000,0.016000000,516,0.999261214,0.954557029
restart_auto_random1_regs_only_sample_ro_compact_locked_warmup4_1000x125_run03_20260528,47,7,1,491,509,0.491000000,0.009000000,509,0.999766271,0.974262439
restart_auto_random1_regs_only_sample_ro_compact_locked_warmup4_1000x125_run03_20260528,47,7,2,518,482,0.518000000,0.018000000,518,0.999064932,0.948975997
restart_auto_random1_regs_only_sample_ro_compact_locked_warmup4_1000x125_run03_20260528,47,7,3,504,496,0.504000000,0.004000000,504,0.999953833,0.988504361
restart_auto_random1_regs_only_sample_ro_compact_locked_warmup4_1000x125_run03_20260528,47,7,4,506,494,0.506000000,0.006000000,506,0.999896123,0.982790710
restart_auto_random1_regs_only_sample_ro_compact_locked_warmup4_1000x125_run03_20260528,47,7,5,486,514,0.486000000,0.014000000,514,0.999434390,0.960159735
restart_auto_random1_regs_only_sample_ro_compact_locked_warmup4_1000x125_run03_20260528,47,7,6,524,476,0.524000000,0.024000000,524,0.998337377,0.932361283
restart_auto_random1_regs_only_sample_ro_compact_locked_warmup4_1000x125_run03_20260528,47,7,7,498,502,0.498000000,0.002000000,502,0.999988458,0.994240731
restart_auto_random1_regs_only_sample_ro_compact_locked_warmup4_1000x125_run03_20260528,48,0,0,502,498,0.502000000,0.002000000,502,0.999988458,0.994240731
restart_auto_random1_regs_only_sample_ro_compact_locked_warmup4_1000x125_run03_20260528,48,0,1,527,473,0.527000000,0.027000000,527,0.997895527,0.924125133
restart_auto_random1_regs_only_sample_ro_compact_locked_warmup4_1000x125_run03_20260528,48,0,2,476,524,0.476000000,0.024000000,524,0.998337377,0.932361283
restart_auto_random1_regs_only_sample_ro_compact_locked_warmup4_1000x125_run03_20260528,48,0,3,512,488,0.512000000,0.012000000,512,0.999584464,0.965784285
restart_auto_random1_regs_only_sample_ro_compact_locked_warmup4_1000x125_run03_20260528,48,0,4,501,499,0.501000000,0.001000000,501,0.999997115,0.997117491
restart_auto_random1_regs_only_sample_ro_compact_locked_warmup4_1000x125_run03_20260528,48,0,5,493,507,0.493000000,0.007000000,507,0.999858611,0.979942348
restart_auto_random1_regs_only_sample_ro_compact_locked_warmup4_1000x125_run03_20260528,48,0,6,509,491,0.509000000,0.009000000,509,0.999766271,0.974262439
restart_auto_random1_regs_only_sample_ro_compact_locked_warmup4_1000x125_run03_20260528,48,0,7,508,492,0.508000000,0.008000000,508,0.999815327,0.977099598
restart_auto_random1_regs_only_sample_ro_compact_locked_warmup4_1000x125_run03_20260528,49,1,0,498,502,0.498000000,0.002000000,502,0.999988458,0.994240731
restart_auto_random1_regs_only_sample_ro_compact_locked_warmup4_1000x125_run03_20260528,49,1,1,509,491,0.509000000,0.009000000,509,0.999766271,0.974262439
restart_auto_random1_regs_only_sample_ro_compact_locked_warmup4_1000x125_run03_20260528,49,1,2,484,516,0.484000000,0.016000000,516,0.999261214,0.954557029
restart_auto_random1_regs_only_sample_ro_compact_locked_warmup4_1000x125_run03_20260528,49,1,3,508,492,0.508000000,0.008000000,508,0.999815327,0.977099598
restart_auto_random1_regs_only_sample_ro_compact_locked_warmup4_1000x125_run03_20260528,49,1,4,524,476,0.524000000,0.024000000,524,0.998337377,0.932361283
restart_auto_random1_regs_only_sample_ro_compact_locked_warmup4_1000x125_run03_20260528,49,1,5,511,489,0.511000000,0.011000000,511,0.999650840,0.968604804
restart_auto_random1_regs_only_sample_ro_compact_locked_warmup4_1000x125_run03_20260528,49,1,6,497,503,0.497000000,0.003000000,503,0.999974031,0.991369695
restart_auto_random1_regs_only_sample_ro_compact_locked_warmup4_1000x125_run03_20260528,49,1,7,499,501,0.499000000,0.001000000,501,0.999997115,0.997117491
restart_auto_random1_regs_only_sample_ro_compact_locked_warmup4_1000x125_run03_20260528,50,2,0,504,496,0.504000000,0.004000000,504,0.999953833,0.988504361
restart_auto_random1_regs_only_sample_ro_compact_locked_warmup4_1000x125_run03_20260528,50,2,1,530,470,0.530000000,0.030000000,530,0.997401589,0.915935735
restart_auto_random1_regs_only_sample_ro_compact_locked_warmup4_1000x125_run03_20260528,50,2,2,513,487,0.513000000,0.013000000,513,0.999512314,0.962969269
restart_auto_random1_regs_only_sample_ro_compact_locked_warmup4_1000x125_run03_20260528,50,2,3,514,486,0.514000000,0.014000000,514,0.999434390,0.960159735
restart_auto_random1_regs_only_sample_ro_compact_locked_warmup4_1000x125_run03_20260528,50,2,4,490,510,0.490000000,0.010000000,510,0.999711442,0.971430848
restart_auto_random1_regs_only_sample_ro_compact_locked_warmup4_1000x125_run03_20260528,50,2,5,511,489,0.511000000,0.011000000,511,0.999650840,0.968604804
restart_auto_random1_regs_only_sample_ro_compact_locked_warmup4_1000x125_run03_20260528,50,2,6,484,516,0.484000000,0.016000000,516,0.999261214,0.954557029
restart_auto_random1_regs_only_sample_ro_compact_locked_warmup4_1000x125_run03_20260528,50,2,7,494,506,0.494000000,0.006000000,506,0.999896123,0.982790710
restart_auto_random1_regs_only_sample_ro_compact_locked_warmup4_1000x125_run03_20260528,51,3,0,493,507,0.493000000,0.007000000,507,0.999858611,0.979942348
restart_auto_random1_regs_only_sample_ro_compact_locked_warmup4_1000x125_run03_20260528,51,3,1,494,506,0.494000000,0.006000000,506,0.999896123,0.982790710
restart_auto_random1_regs_only_sample_ro_compact_locked_warmup4_1000x125_run03_20260528,51,3,2,516,484,0.516000000,0.016000000,516,0.999261214,0.954557029
restart_auto_random1_regs_only_sample_ro_compact_locked_warmup4_1000x125_run03_20260528,51,3,3,518,482,0.518000000,0.018000000,518,0.999064932,0.948975997
restart_auto_random1_regs_only_sample_ro_compact_locked_warmup4_1000x125_run03_20260528,51,3,4,516,484,0.516000000,0.016000000,516,0.999261214,0.954557029
restart_auto_random1_regs_only_sample_ro_compact_locked_warmup4_1000x125_run03_20260528,51,3,5,471,529,0.471000000,0.029000000,529,0.997572025,0.918660373
restart_auto_random1_regs_only_sample_ro_compact_locked_warmup4_1000x125_run03_20260528,51,3,6,498,502,0.498000000,0.002000000,502,0.999988458,0.994240731
restart_auto_random1_regs_only_sample_ro_compact_locked_warmup4_1000x125_run03_20260528,51,3,7,477,523,0.477000000,0.023000000,523,0.998473090,0.935117148
restart_auto_random1_regs_only_sample_ro_compact_locked_warmup4_1000x125_run03_20260528,52,4,0,492,508,0.492000000,0.008000000,508,0.999815327,0.977099598
restart_auto_random1_regs_only_sample_ro_compact_locked_warmup4_1000x125_run03_20260528,52,4,1,515,485,0.515000000,0.015000000,515,0.999350690,0.957355663
restart_auto_random1_regs_only_sample_ro_compact_locked_warmup4_1000x125_run03_20260528,52,4,2,497,503,0.497000000,0.003000000,503,0.999974031,0.991369695
restart_auto_random1_regs_only_sample_ro_compact_locked_warmup4_1000x125_run03_20260528,52,4,3,491,509,0.491000000,0.009000000,509,0.999766271,0.974262439
restart_auto_random1_regs_only_sample_ro_compact_locked_warmup4_1000x125_run03_20260528,52,4,4,514,486,0.514000000,0.014000000,514,0.999434390,0.960159735
restart_auto_random1_regs_only_sample_ro_compact_locked_warmup4_1000x125_run03_20260528,52,4,5,518,482,0.518000000,0.018000000,518,0.999064932,0.948975997
restart_auto_random1_regs_only_sample_ro_compact_locked_warmup4_1000x125_run03_20260528,52,4,6,483,517,0.483000000,0.017000000,517,0.999165962,0.951763814
restart_auto_random1_regs_only_sample_ro_compact_locked_warmup4_1000x125_run03_20260528,52,4,7,511,489,0.511000000,0.011000000,511,0.999650840,0.968604804
restart_auto_random1_regs_only_sample_ro_compact_locked_warmup4_1000x125_run03_20260528,53,5,0,489,511,0.489000000,0.011000000,511,0.999650840,0.968604804
restart_auto_random1_regs_only_sample_ro_compact_locked_warmup4_1000x125_run03_20260528,53,5,1,506,494,0.506000000,0.006000000,506,0.999896123,0.982790710
restart_auto_random1_regs_only_sample_ro_compact_locked_warmup4_1000x125_run03_20260528,53,5,2,512,488,0.512000000,0.012000000,512,0.999584464,0.965784285
restart_auto_random1_regs_only_sample_ro_compact_locked_warmup4_1000x125_run03_20260528,53,5,3,510,490,0.510000000,0.010000000,510,0.999711442,0.971430848
restart_auto_random1_regs_only_sample_ro_compact_locked_warmup4_1000x125_run03_20260528,53,5,4,501,499,0.501000000,0.001000000,501,0.999997115,0.997117491
restart_auto_random1_regs_only_sample_ro_compact_locked_warmup4_1000x125_run03_20260528,53,5,5,486,514,0.486000000,0.014000000,514,0.999434390,0.960159735
restart_auto_random1_regs_only_sample_ro_compact_locked_warmup4_1000x125_run03_20260528,53,5,6,497,503,0.497000000,0.003000000,503,0.999974031,0.991369695
restart_auto_random1_regs_only_sample_ro_compact_locked_warmup4_1000x125_run03_20260528,53,5,7,512,488,0.512000000,0.012000000,512,0.999584464,0.965784285
restart_auto_random1_regs_only_sample_ro_compact_locked_warmup4_1000x125_run03_20260528,54,6,0,487,513,0.487000000,0.013000000,513,0.999512314,0.962969269
restart_auto_random1_regs_only_sample_ro_compact_locked_warmup4_1000x125_run03_20260528,54,6,1,495,505,0.495000000,0.005000000,505,0.999927864,0.985644707
restart_auto_random1_regs_only_sample_ro_compact_locked_warmup4_1000x125_run03_20260528,54,6,2,488,512,0.488000000,0.012000000,512,0.999584464,0.965784285
restart_auto_random1_regs_only_sample_ro_compact_locked_warmup4_1000x125_run03_20260528,54,6,3,484,516,0.484000000,0.016000000,516,0.999261214,0.954557029
restart_auto_random1_regs_only_sample_ro_compact_locked_warmup4_1000x125_run03_20260528,54,6,4,486,514,0.486000000,0.014000000,514,0.999434390,0.960159735
restart_auto_random1_regs_only_sample_ro_compact_locked_warmup4_1000x125_run03_20260528,54,6,5,508,492,0.508000000,0.008000000,508,0.999815327,0.977099598
restart_auto_random1_regs_only_sample_ro_compact_locked_warmup4_1000x125_run03_20260528,54,6,6,472,528,0.472000000,0.028000000,528,0.997736670,0.921390165
restart_auto_random1_regs_only_sample_ro_compact_locked_warmup4_1000x125_run03_20260528,54,6,7,515,485,0.515000000,0.015000000,515,0.999350690,0.957355663
restart_auto_random1_regs_only_sample_ro_compact_locked_warmup4_1000x125_run03_20260528,55,7,0,475,525,0.475000000,0.025000000,525,0.998195879,0.929610672
restart_auto_random1_regs_only_sample_ro_compact_locked_warmup4_1000x125_run03_20260528,55,7,1,524,476,0.524000000,0.024000000,524,0.998337377,0.932361283
restart_auto_random1_regs_only_sample_ro_compact_locked_warmup4_1000x125_run03_20260528,55,7,2,500,500,0.500000000,0.000000000,500,1.000000000,1.000000000
restart_auto_random1_regs_only_sample_ro_compact_locked_warmup4_1000x125_run03_20260528,55,7,3,506,494,0.506000000,0.006000000,506,0.999896123,0.982790710
restart_auto_random1_regs_only_sample_ro_compact_locked_warmup4_1000x125_run03_20260528,55,7,4,508,492,0.508000000,0.008000000,508,0.999815327,0.977099598
restart_auto_random1_regs_only_sample_ro_compact_locked_warmup4_1000x125_run03_20260528,55,7,5,492,508,0.492000000,0.008000000,508,0.999815327,0.977099598
restart_auto_random1_regs_only_sample_ro_compact_locked_warmup4_1000x125_run03_20260528,55,7,6,528,472,0.528000000,0.028000000,528,0.997736670,0.921390165
restart_auto_random1_regs_only_sample_ro_compact_locked_warmup4_1000x125_run03_20260528,55,7,7,513,487,0.513000000,0.013000000,513,0.999512314,0.962969269
restart_auto_random1_regs_only_sample_ro_compact_locked_warmup4_1000x125_run03_20260528,56,0,0,516,484,0.516000000,0.016000000,516,0.999261214,0.954557029
restart_auto_random1_regs_only_sample_ro_compact_locked_warmup4_1000x125_run03_20260528,56,0,1,466,534,0.466000000,0.034000000,534,0.996661914,0.905088353
restart_auto_random1_regs_only_sample_ro_compact_locked_warmup4_1000x125_run03_20260528,56,0,2,468,532,0.468000000,0.032000000,532,0.997043340,0.910501849
restart_auto_random1_regs_only_sample_ro_compact_locked_warmup4_1000x125_run03_20260528,56,0,3,485,515,0.485000000,0.015000000,515,0.999350690,0.957355663
restart_auto_random1_regs_only_sample_ro_compact_locked_warmup4_1000x125_run03_20260528,56,0,4,478,522,0.478000000,0.022000000,522,0.998603020,0.937878288
restart_auto_random1_regs_only_sample_ro_compact_locked_warmup4_1000x125_run03_20260528,56,0,5,499,501,0.499000000,0.001000000,501,0.999997115,0.997117491
restart_auto_random1_regs_only_sample_ro_compact_locked_warmup4_1000x125_run03_20260528,56,0,6,517,483,0.517000000,0.017000000,517,0.999165962,0.951763814
restart_auto_random1_regs_only_sample_ro_compact_locked_warmup4_1000x125_run03_20260528,56,0,7,464,536,0.464000000,0.036000000,536,0.996257297,0.899695094
restart_auto_random1_regs_only_sample_ro_compact_locked_warmup4_1000x125_run03_20260528,57,1,0,514,486,0.514000000,0.014000000,514,0.999434390,0.960159735
restart_auto_random1_regs_only_sample_ro_compact_locked_warmup4_1000x125_run03_20260528,57,1,1,494,506,0.494000000,0.006000000,506,0.999896123,0.982790710
restart_auto_random1_regs_only_sample_ro_compact_locked_warmup4_1000x125_run03_20260528,57,1,2,498,502,0.498000000,0.002000000,502,0.999988458,0.994240731
restart_auto_random1_regs_only_sample_ro_compact_locked_warmup4_1000x125_run03_20260528,57,1,3,522,478,0.522000000,0.022000000,522,0.998603020,0.937878288
restart_auto_random1_regs_only_sample_ro_compact_locked_warmup4_1000x125_run03_20260528,57,1,4,522,478,0.522000000,0.022000000,522,0.998603020,0.937878288
restart_auto_random1_regs_only_sample_ro_compact_locked_warmup4_1000x125_run03_20260528,57,1,5,483,517,0.483000000,0.017000000,517,0.999165962,0.951763814
restart_auto_random1_regs_only_sample_ro_compact_locked_warmup4_1000x125_run03_20260528,57,1,6,513,487,0.513000000,0.013000000,513,0.999512314,0.962969269
restart_auto_random1_regs_only_sample_ro_compact_locked_warmup4_1000x125_run03_20260528,57,1,7,523,477,0.523000000,0.023000000,523,0.998473090,0.935117148
restart_auto_random1_regs_only_sample_ro_compact_locked_warmup4_1000x125_run03_20260528,58,2,0,519,481,0.519000000,0.019000000,519,0.998958123,0.946193556
restart_auto_random1_regs_only_sample_ro_compact_locked_warmup4_1000x125_run03_20260528,58,2,1,500,500,0.500000000,0.000000000,500,1.000000000,1.000000000
restart_auto_random1_regs_only_sample_ro_compact_locked_warmup4_1000x125_run03_20260528,58,2,2,503,497,0.503000000,0.003000000,503,0.999974031,0.991369695
restart_auto_random1_regs_only_sample_ro_compact_locked_warmup4_1000x125_run03_20260528,58,2,3,490,510,0.490000000,0.010000000,510,0.999711442,0.971430848
restart_auto_random1_regs_only_sample_ro_compact_locked_warmup4_1000x125_run03_20260528,58,2,4,486,514,0.486000000,0.014000000,514,0.999434390,0.960159735
restart_auto_random1_regs_only_sample_ro_compact_locked_warmup4_1000x125_run03_20260528,58,2,5,476,524,0.476000000,0.024000000,524,0.998337377,0.932361283
restart_auto_random1_regs_only_sample_ro_compact_locked_warmup4_1000x125_run03_20260528,58,2,6,492,508,0.492000000,0.008000000,508,0.999815327,0.977099598
restart_auto_random1_regs_only_sample_ro_compact_locked_warmup4_1000x125_run03_20260528,58,2,7,471,529,0.471000000,0.029000000,529,0.997572025,0.918660373
restart_auto_random1_regs_only_sample_ro_compact_locked_warmup4_1000x125_run03_20260528,59,3,0,507,493,0.507000000,0.007000000,507,0.999858611,0.979942348
restart_auto_random1_regs_only_sample_ro_compact_locked_warmup4_1000x125_run03_20260528,59,3,1,510,490,0.510000000,0.010000000,510,0.999711442,0.971430848
restart_auto_random1_regs_only_sample_ro_compact_locked_warmup4_1000x125_run03_20260528,59,3,2,506,494,0.506000000,0.006000000,506,0.999896123,0.982790710
restart_auto_random1_regs_only_sample_ro_compact_locked_warmup4_1000x125_run03_20260528,59,3,3,481,519,0.481000000,0.019000000,519,0.998958123,0.946193556
restart_auto_random1_regs_only_sample_ro_compact_locked_warmup4_1000x125_run03_20260528,59,3,4,530,470,0.530000000,0.030000000,530,0.997401589,0.915935735
restart_auto_random1_regs_only_sample_ro_compact_locked_warmup4_1000x125_run03_20260528,59,3,5,484,516,0.484000000,0.016000000,516,0.999261214,0.954557029
restart_auto_random1_regs_only_sample_ro_compact_locked_warmup4_1000x125_run03_20260528,59,3,6,493,507,0.493000000,0.007000000,507,0.999858611,0.979942348
restart_auto_random1_regs_only_sample_ro_compact_locked_warmup4_1000x125_run03_20260528,59,3,7,502,498,0.502000000,0.002000000,502,0.999988458,0.994240731
restart_auto_random1_regs_only_sample_ro_compact_locked_warmup4_1000x125_run03_20260528,60,4,0,506,494,0.506000000,0.006000000,506,0.999896123,0.982790710
restart_auto_random1_regs_only_sample_ro_compact_locked_warmup4_1000x125_run03_20260528,60,4,1,531,469,0.531000000,0.031000000,531,0.997225361,0.913216234
restart_auto_random1_regs_only_sample_ro_compact_locked_warmup4_1000x125_run03_20260528,60,4,2,506,494,0.506000000,0.006000000,506,0.999896123,0.982790710
restart_auto_random1_regs_only_sample_ro_compact_locked_warmup4_1000x125_run03_20260528,60,4,3,491,509,0.491000000,0.009000000,509,0.999766271,0.974262439
restart_auto_random1_regs_only_sample_ro_compact_locked_warmup4_1000x125_run03_20260528,60,4,4,505,495,0.505000000,0.005000000,505,0.999927864,0.985644707
restart_auto_random1_regs_only_sample_ro_compact_locked_warmup4_1000x125_run03_20260528,60,4,5,487,513,0.487000000,0.013000000,513,0.999512314,0.962969269
restart_auto_random1_regs_only_sample_ro_compact_locked_warmup4_1000x125_run03_20260528,60,4,6,512,488,0.512000000,0.012000000,512,0.999584464,0.965784285
restart_auto_random1_regs_only_sample_ro_compact_locked_warmup4_1000x125_run03_20260528,60,4,7,495,505,0.495000000,0.005000000,505,0.999927864,0.985644707
restart_auto_random1_regs_only_sample_ro_compact_locked_warmup4_1000x125_run03_20260528,61,5,0,483,517,0.483000000,0.017000000,517,0.999165962,0.951763814
restart_auto_random1_regs_only_sample_ro_compact_locked_warmup4_1000x125_run03_20260528,61,5,1,537,463,0.537000000,0.037000000,537,0.996046288,0.897006007
restart_auto_random1_regs_only_sample_ro_compact_locked_warmup4_1000x125_run03_20260528,61,5,2,530,470,0.530000000,0.030000000,530,0.997401589,0.915935735
restart_auto_random1_regs_only_sample_ro_compact_locked_warmup4_1000x125_run03_20260528,61,5,3,509,491,0.509000000,0.009000000,509,0.999766271,0.974262439
restart_auto_random1_regs_only_sample_ro_compact_locked_warmup4_1000x125_run03_20260528,61,5,4,487,513,0.487000000,0.013000000,513,0.999512314,0.962969269
restart_auto_random1_regs_only_sample_ro_compact_locked_warmup4_1000x125_run03_20260528,61,5,5,514,486,0.514000000,0.014000000,514,0.999434390,0.960159735
restart_auto_random1_regs_only_sample_ro_compact_locked_warmup4_1000x125_run03_20260528,61,5,6,506,494,0.506000000,0.006000000,506,0.999896123,0.982790710
restart_auto_random1_regs_only_sample_ro_compact_locked_warmup4_1000x125_run03_20260528,61,5,7,515,485,0.515000000,0.015000000,515,0.999350690,0.957355663
restart_auto_random1_regs_only_sample_ro_compact_locked_warmup4_1000x125_run03_20260528,62,6,0,510,490,0.510000000,0.010000000,510,0.999711442,0.971430848
restart_auto_random1_regs_only_sample_ro_compact_locked_warmup4_1000x125_run03_20260528,62,6,1,488,512,0.488000000,0.012000000,512,0.999584464,0.965784285
restart_auto_random1_regs_only_sample_ro_compact_locked_warmup4_1000x125_run03_20260528,62,6,2,510,490,0.510000000,0.010000000,510,0.999711442,0.971430848
restart_auto_random1_regs_only_sample_ro_compact_locked_warmup4_1000x125_run03_20260528,62,6,3,496,504,0.496000000,0.004000000,504,0.999953833,0.988504361
restart_auto_random1_regs_only_sample_ro_compact_locked_warmup4_1000x125_run03_20260528,62,6,4,502,498,0.502000000,0.002000000,502,0.999988458,0.994240731
restart_auto_random1_regs_only_sample_ro_compact_locked_warmup4_1000x125_run03_20260528,62,6,5,530,470,0.530000000,0.030000000,530,0.997401589,0.915935735
restart_auto_random1_regs_only_sample_ro_compact_locked_warmup4_1000x125_run03_20260528,62,6,6,513,487,0.513000000,0.013000000,513,0.999512314,0.962969269
restart_auto_random1_regs_only_sample_ro_compact_locked_warmup4_1000x125_run03_20260528,62,6,7,505,495,0.505000000,0.005000000,505,0.999927864,0.985644707
restart_auto_random1_regs_only_sample_ro_compact_locked_warmup4_1000x125_run03_20260528,63,7,0,487,513,0.487000000,0.013000000,513,0.999512314,0.962969269
restart_auto_random1_regs_only_sample_ro_compact_locked_warmup4_1000x125_run03_20260528,63,7,1,483,517,0.483000000,0.017000000,517,0.999165962,0.951763814
restart_auto_random1_regs_only_sample_ro_compact_locked_warmup4_1000x125_run03_20260528,63,7,2,507,493,0.507000000,0.007000000,507,0.999858611,0.979942348
restart_auto_random1_regs_only_sample_ro_compact_locked_warmup4_1000x125_run03_20260528,63,7,3,509,491,0.509000000,0.009000000,509,0.999766271,0.974262439
restart_auto_random1_regs_only_sample_ro_compact_locked_warmup4_1000x125_run03_20260528,63,7,4,525,475,0.525000000,0.025000000,525,0.998195879,0.929610672
restart_auto_random1_regs_only_sample_ro_compact_locked_warmup4_1000x125_run03_20260528,63,7,5,505,495,0.505000000,0.005000000,505,0.999927864,0.985644707
restart_auto_random1_regs_only_sample_ro_compact_locked_warmup4_1000x125_run03_20260528,63,7,6,487,513,0.487000000,0.013000000,513,0.999512314,0.962969269
restart_auto_random1_regs_only_sample_ro_compact_locked_warmup4_1000x125_run03_20260528,63,7,7,521,479,0.521000000,0.021000000,521,0.998727169,0.940644722
restart_auto_random1_regs_only_sample_ro_compact_locked_warmup4_1000x125_run03_20260528,64,0,0,512,488,0.512000000,0.012000000,512,0.999584464,0.965784285
restart_auto_random1_regs_only_sample_ro_compact_locked_warmup4_1000x125_run03_20260528,64,0,1,503,497,0.503000000,0.003000000,503,0.999974031,0.991369695
restart_auto_random1_regs_only_sample_ro_compact_locked_warmup4_1000x125_run03_20260528,64,0,2,496,504,0.496000000,0.004000000,504,0.999953833,0.988504361
restart_auto_random1_regs_only_sample_ro_compact_locked_warmup4_1000x125_run03_20260528,64,0,3,485,515,0.485000000,0.015000000,515,0.999350690,0.957355663
restart_auto_random1_regs_only_sample_ro_compact_locked_warmup4_1000x125_run03_20260528,64,0,4,505,495,0.505000000,0.005000000,505,0.999927864,0.985644707
restart_auto_random1_regs_only_sample_ro_compact_locked_warmup4_1000x125_run03_20260528,64,0,5,486,514,0.486000000,0.014000000,514,0.999434390,0.960159735
restart_auto_random1_regs_only_sample_ro_compact_locked_warmup4_1000x125_run03_20260528,64,0,6,481,519,0.481000000,0.019000000,519,0.998958123,0.946193556
restart_auto_random1_regs_only_sample_ro_compact_locked_warmup4_1000x125_run03_20260528,64,0,7,491,509,0.491000000,0.009000000,509,0.999766271,0.974262439
restart_auto_random1_regs_only_sample_ro_compact_locked_warmup4_1000x125_run03_20260528,65,1,0,484,516,0.484000000,0.016000000,516,0.999261214,0.954557029
restart_auto_random1_regs_only_sample_ro_compact_locked_warmup4_1000x125_run03_20260528,65,1,1,487,513,0.487000000,0.013000000,513,0.999512314,0.962969269
restart_auto_random1_regs_only_sample_ro_compact_locked_warmup4_1000x125_run03_20260528,65,1,2,510,490,0.510000000,0.010000000,510,0.999711442,0.971430848
restart_auto_random1_regs_only_sample_ro_compact_locked_warmup4_1000x125_run03_20260528,65,1,3,510,490,0.510000000,0.010000000,510,0.999711442,0.971430848
restart_auto_random1_regs_only_sample_ro_compact_locked_warmup4_1000x125_run03_20260528,65,1,4,509,491,0.509000000,0.009000000,509,0.999766271,0.974262439
restart_auto_random1_regs_only_sample_ro_compact_locked_warmup4_1000x125_run03_20260528,65,1,5,511,489,0.511000000,0.011000000,511,0.999650840,0.968604804
restart_auto_random1_regs_only_sample_ro_compact_locked_warmup4_1000x125_run03_20260528,65,1,6,509,491,0.509000000,0.009000000,509,0.999766271,0.974262439
restart_auto_random1_regs_only_sample_ro_compact_locked_warmup4_1000x125_run03_20260528,65,1,7,549,451,0.549000000,0.049000000,549,0.993061046,0.865121946
restart_auto_random1_regs_only_sample_ro_compact_locked_warmup4_1000x125_run03_20260528,66,2,0,495,505,0.495000000,0.005000000,505,0.999927864,0.985644707
restart_auto_random1_regs_only_sample_ro_compact_locked_warmup4_1000x125_run03_20260528,66,2,1,499,501,0.499000000,0.001000000,501,0.999997115,0.997117491
restart_auto_random1_regs_only_sample_ro_compact_locked_warmup4_1000x125_run03_20260528,66,2,2,500,500,0.500000000,0.000000000,500,1.000000000,1.000000000
restart_auto_random1_regs_only_sample_ro_compact_locked_warmup4_1000x125_run03_20260528,66,2,3,505,495,0.505000000,0.005000000,505,0.999927864,0.985644707
restart_auto_random1_regs_only_sample_ro_compact_locked_warmup4_1000x125_run03_20260528,66,2,4,512,488,0.512000000,0.012000000,512,0.999584464,0.965784285
restart_auto_random1_regs_only_sample_ro_compact_locked_warmup4_1000x125_run03_20260528,66,2,5,497,503,0.497000000,0.003000000,503,0.999974031,0.991369695
restart_auto_random1_regs_only_sample_ro_compact_locked_warmup4_1000x125_run03_20260528,66,2,6,519,481,0.519000000,0.019000000,519,0.998958123,0.946193556
restart_auto_random1_regs_only_sample_ro_compact_locked_warmup4_1000x125_run03_20260528,66,2,7,514,486,0.514000000,0.014000000,514,0.999434390,0.960159735
restart_auto_random1_regs_only_sample_ro_compact_locked_warmup4_1000x125_run03_20260528,67,3,0,496,504,0.496000000,0.004000000,504,0.999953833,0.988504361
restart_auto_random1_regs_only_sample_ro_compact_locked_warmup4_1000x125_run03_20260528,67,3,1,509,491,0.509000000,0.009000000,509,0.999766271,0.974262439
restart_auto_random1_regs_only_sample_ro_compact_locked_warmup4_1000x125_run03_20260528,67,3,2,510,490,0.510000000,0.010000000,510,0.999711442,0.971430848
restart_auto_random1_regs_only_sample_ro_compact_locked_warmup4_1000x125_run03_20260528,67,3,3,518,482,0.518000000,0.018000000,518,0.999064932,0.948975997
restart_auto_random1_regs_only_sample_ro_compact_locked_warmup4_1000x125_run03_20260528,67,3,4,460,540,0.460000000,0.040000000,540,0.995378439,0.888968688
restart_auto_random1_regs_only_sample_ro_compact_locked_warmup4_1000x125_run03_20260528,67,3,5,476,524,0.476000000,0.024000000,524,0.998337377,0.932361283
restart_auto_random1_regs_only_sample_ro_compact_locked_warmup4_1000x125_run03_20260528,67,3,6,516,484,0.516000000,0.016000000,516,0.999261214,0.954557029
restart_auto_random1_regs_only_sample_ro_compact_locked_warmup4_1000x125_run03_20260528,67,3,7,505,495,0.505000000,0.005000000,505,0.999927864,0.985644707
restart_auto_random1_regs_only_sample_ro_compact_locked_warmup4_1000x125_run03_20260528,68,4,0,475,525,0.475000000,0.025000000,525,0.998195879,0.929610672
restart_auto_random1_regs_only_sample_ro_compact_locked_warmup4_1000x125_run03_20260528,68,4,1,493,507,0.493000000,0.007000000,507,0.999858611,0.979942348
restart_auto_random1_regs_only_sample_ro_compact_locked_warmup4_1000x125_run03_20260528,68,4,2,505,495,0.505000000,0.005000000,505,0.999927864,0.985644707
restart_auto_random1_regs_only_sample_ro_compact_locked_warmup4_1000x125_run03_20260528,68,4,3,512,488,0.512000000,0.012000000,512,0.999584464,0.965784285
restart_auto_random1_regs_only_sample_ro_compact_locked_warmup4_1000x125_run03_20260528,68,4,4,523,477,0.523000000,0.023000000,523,0.998473090,0.935117148
restart_auto_random1_regs_only_sample_ro_compact_locked_warmup4_1000x125_run03_20260528,68,4,5,462,538,0.462000000,0.038000000,538,0.995829476,0.894321922
restart_auto_random1_regs_only_sample_ro_compact_locked_warmup4_1000x125_run03_20260528,68,4,6,489,511,0.489000000,0.011000000,511,0.999650840,0.968604804
restart_auto_random1_regs_only_sample_ro_compact_locked_warmup4_1000x125_run03_20260528,68,4,7,483,517,0.483000000,0.017000000,517,0.999165962,0.951763814
restart_auto_random1_regs_only_sample_ro_compact_locked_warmup4_1000x125_run03_20260528,69,5,0,513,487,0.513000000,0.013000000,513,0.999512314,0.962969269
restart_auto_random1_regs_only_sample_ro_compact_locked_warmup4_1000x125_run03_20260528,69,5,1,494,506,0.494000000,0.006000000,506,0.999896123,0.982790710
restart_auto_random1_regs_only_sample_ro_compact_locked_warmup4_1000x125_run03_20260528,69,5,2,503,497,0.503000000,0.003000000,503,0.999974031,0.991369695
restart_auto_random1_regs_only_sample_ro_compact_locked_warmup4_1000x125_run03_20260528,69,5,3,494,506,0.494000000,0.006000000,506,0.999896123,0.982790710
restart_auto_random1_regs_only_sample_ro_compact_locked_warmup4_1000x125_run03_20260528,69,5,4,504,496,0.504000000,0.004000000,504,0.999953833,0.988504361
restart_auto_random1_regs_only_sample_ro_compact_locked_warmup4_1000x125_run03_20260528,69,5,5,543,457,0.543000000,0.043000000,543,0.994658318,0.880975897
restart_auto_random1_regs_only_sample_ro_compact_locked_warmup4_1000x125_run03_20260528,69,5,6,514,486,0.514000000,0.014000000,514,0.999434390,0.960159735
restart_auto_random1_regs_only_sample_ro_compact_locked_warmup4_1000x125_run03_20260528,69,5,7,493,507,0.493000000,0.007000000,507,0.999858611,0.979942348
restart_auto_random1_regs_only_sample_ro_compact_locked_warmup4_1000x125_run03_20260528,70,6,0,493,507,0.493000000,0.007000000,507,0.999858611,0.979942348
restart_auto_random1_regs_only_sample_ro_compact_locked_warmup4_1000x125_run03_20260528,70,6,1,488,512,0.488000000,0.012000000,512,0.999584464,0.965784285
restart_auto_random1_regs_only_sample_ro_compact_locked_warmup4_1000x125_run03_20260528,70,6,2,505,495,0.505000000,0.005000000,505,0.999927864,0.985644707
restart_auto_random1_regs_only_sample_ro_compact_locked_warmup4_1000x125_run03_20260528,70,6,3,509,491,0.509000000,0.009000000,509,0.999766271,0.974262439
restart_auto_random1_regs_only_sample_ro_compact_locked_warmup4_1000x125_run03_20260528,70,6,4,499,501,0.499000000,0.001000000,501,0.999997115,0.997117491
restart_auto_random1_regs_only_sample_ro_compact_locked_warmup4_1000x125_run03_20260528,70,6,5,489,511,0.489000000,0.011000000,511,0.999650840,0.968604804
restart_auto_random1_regs_only_sample_ro_compact_locked_warmup4_1000x125_run03_20260528,70,6,6,510,490,0.510000000,0.010000000,510,0.999711442,0.971430848
restart_auto_random1_regs_only_sample_ro_compact_locked_warmup4_1000x125_run03_20260528,70,6,7,507,493,0.507000000,0.007000000,507,0.999858611,0.979942348
restart_auto_random1_regs_only_sample_ro_compact_locked_warmup4_1000x125_run03_20260528,71,7,0,487,513,0.487000000,0.013000000,513,0.999512314,0.962969269
restart_auto_random1_regs_only_sample_ro_compact_locked_warmup4_1000x125_run03_20260528,71,7,1,491,509,0.491000000,0.009000000,509,0.999766271,0.974262439
restart_auto_random1_regs_only_sample_ro_compact_locked_warmup4_1000x125_run03_20260528,71,7,2,547,453,0.547000000,0.047000000,547,0.993616753,0.870387262
restart_auto_random1_regs_only_sample_ro_compact_locked_warmup4_1000x125_run03_20260528,71,7,3,492,508,0.492000000,0.008000000,508,0.999815327,0.977099598
restart_auto_random1_regs_only_sample_ro_compact_locked_warmup4_1000x125_run03_20260528,71,7,4,515,485,0.515000000,0.015000000,515,0.999350690,0.957355663
restart_auto_random1_regs_only_sample_ro_compact_locked_warmup4_1000x125_run03_20260528,71,7,5,519,481,0.519000000,0.019000000,519,0.998958123,0.946193556
restart_auto_random1_regs_only_sample_ro_compact_locked_warmup4_1000x125_run03_20260528,71,7,6,494,506,0.494000000,0.006000000,506,0.999896123,0.982790710
restart_auto_random1_regs_only_sample_ro_compact_locked_warmup4_1000x125_run03_20260528,71,7,7,504,496,0.504000000,0.004000000,504,0.999953833,0.988504361
restart_auto_random1_regs_only_sample_ro_compact_locked_warmup4_1000x125_run03_20260528,72,0,0,515,485,0.515000000,0.015000000,515,0.999350690,0.957355663
restart_auto_random1_regs_only_sample_ro_compact_locked_warmup4_1000x125_run03_20260528,72,0,1,482,518,0.482000000,0.018000000,518,0.999064932,0.948975997
restart_auto_random1_regs_only_sample_ro_compact_locked_warmup4_1000x125_run03_20260528,72,0,2,475,525,0.475000000,0.025000000,525,0.998195879,0.929610672
restart_auto_random1_regs_only_sample_ro_compact_locked_warmup4_1000x125_run03_20260528,72,0,3,513,487,0.513000000,0.013000000,513,0.999512314,0.962969269
restart_auto_random1_regs_only_sample_ro_compact_locked_warmup4_1000x125_run03_20260528,72,0,4,531,469,0.531000000,0.031000000,531,0.997225361,0.913216234
restart_auto_random1_regs_only_sample_ro_compact_locked_warmup4_1000x125_run03_20260528,72,0,5,506,494,0.506000000,0.006000000,506,0.999896123,0.982790710
restart_auto_random1_regs_only_sample_ro_compact_locked_warmup4_1000x125_run03_20260528,72,0,6,499,501,0.499000000,0.001000000,501,0.999997115,0.997117491
restart_auto_random1_regs_only_sample_ro_compact_locked_warmup4_1000x125_run03_20260528,72,0,7,506,494,0.506000000,0.006000000,506,0.999896123,0.982790710
restart_auto_random1_regs_only_sample_ro_compact_locked_warmup4_1000x125_run03_20260528,73,1,0,506,494,0.506000000,0.006000000,506,0.999896123,0.982790710
restart_auto_random1_regs_only_sample_ro_compact_locked_warmup4_1000x125_run03_20260528,73,1,1,502,498,0.502000000,0.002000000,502,0.999988458,0.994240731
restart_auto_random1_regs_only_sample_ro_compact_locked_warmup4_1000x125_run03_20260528,73,1,2,496,504,0.496000000,0.004000000,504,0.999953833,0.988504361
restart_auto_random1_regs_only_sample_ro_compact_locked_warmup4_1000x125_run03_20260528,73,1,3,524,476,0.524000000,0.024000000,524,0.998337377,0.932361283
restart_auto_random1_regs_only_sample_ro_compact_locked_warmup4_1000x125_run03_20260528,73,1,4,498,502,0.498000000,0.002000000,502,0.999988458,0.994240731
restart_auto_random1_regs_only_sample_ro_compact_locked_warmup4_1000x125_run03_20260528,73,1,5,507,493,0.507000000,0.007000000,507,0.999858611,0.979942348
restart_auto_random1_regs_only_sample_ro_compact_locked_warmup4_1000x125_run03_20260528,73,1,6,505,495,0.505000000,0.005000000,505,0.999927864,0.985644707
restart_auto_random1_regs_only_sample_ro_compact_locked_warmup4_1000x125_run03_20260528,73,1,7,506,494,0.506000000,0.006000000,506,0.999896123,0.982790710
restart_auto_random1_regs_only_sample_ro_compact_locked_warmup4_1000x125_run03_20260528,74,2,0,444,556,0.444000000,0.056000000,556,0.990932404,0.846843212
restart_auto_random1_regs_only_sample_ro_compact_locked_warmup4_1000x125_run03_20260528,74,2,1,485,515,0.485000000,0.015000000,515,0.999350690,0.957355663
restart_auto_random1_regs_only_sample_ro_compact_locked_warmup4_1000x125_run03_20260528,74,2,2,504,496,0.504000000,0.004000000,504,0.999953833,0.988504361
restart_auto_random1_regs_only_sample_ro_compact_locked_warmup4_1000x125_run03_20260528,74,2,3,523,477,0.523000000,0.023000000,523,0.998473090,0.935117148
restart_auto_random1_regs_only_sample_ro_compact_locked_warmup4_1000x125_run03_20260528,74,2,4,480,520,0.480000000,0.020000000,520,0.998845536,0.943416472
restart_auto_random1_regs_only_sample_ro_compact_locked_warmup4_1000x125_run03_20260528,74,2,5,496,504,0.496000000,0.004000000,504,0.999953833,0.988504361
restart_auto_random1_regs_only_sample_ro_compact_locked_warmup4_1000x125_run03_20260528,74,2,6,494,506,0.494000000,0.006000000,506,0.999896123,0.982790710
restart_auto_random1_regs_only_sample_ro_compact_locked_warmup4_1000x125_run03_20260528,74,2,7,492,508,0.492000000,0.008000000,508,0.999815327,0.977099598
restart_auto_random1_regs_only_sample_ro_compact_locked_warmup4_1000x125_run03_20260528,75,3,0,482,518,0.482000000,0.018000000,518,0.999064932,0.948975997
restart_auto_random1_regs_only_sample_ro_compact_locked_warmup4_1000x125_run03_20260528,75,3,1,502,498,0.502000000,0.002000000,502,0.999988458,0.994240731
restart_auto_random1_regs_only_sample_ro_compact_locked_warmup4_1000x125_run03_20260528,75,3,2,470,530,0.470000000,0.030000000,530,0.997401589,0.915935735
restart_auto_random1_regs_only_sample_ro_compact_locked_warmup4_1000x125_run03_20260528,75,3,3,502,498,0.502000000,0.002000000,502,0.999988458,0.994240731
restart_auto_random1_regs_only_sample_ro_compact_locked_warmup4_1000x125_run03_20260528,75,3,4,506,494,0.506000000,0.006000000,506,0.999896123,0.982790710
restart_auto_random1_regs_only_sample_ro_compact_locked_warmup4_1000x125_run03_20260528,75,3,5,512,488,0.512000000,0.012000000,512,0.999584464,0.965784285
restart_auto_random1_regs_only_sample_ro_compact_locked_warmup4_1000x125_run03_20260528,75,3,6,514,486,0.514000000,0.014000000,514,0.999434390,0.960159735
restart_auto_random1_regs_only_sample_ro_compact_locked_warmup4_1000x125_run03_20260528,75,3,7,476,524,0.476000000,0.024000000,524,0.998337377,0.932361283
restart_auto_random1_regs_only_sample_ro_compact_locked_warmup4_1000x125_run03_20260528,76,4,0,537,463,0.537000000,0.037000000,537,0.996046288,0.897006007
restart_auto_random1_regs_only_sample_ro_compact_locked_warmup4_1000x125_run03_20260528,76,4,1,504,496,0.504000000,0.004000000,504,0.999953833,0.988504361
restart_auto_random1_regs_only_sample_ro_compact_locked_warmup4_1000x125_run03_20260528,76,4,2,516,484,0.516000000,0.016000000,516,0.999261214,0.954557029
restart_auto_random1_regs_only_sample_ro_compact_locked_warmup4_1000x125_run03_20260528,76,4,3,482,518,0.482000000,0.018000000,518,0.999064932,0.948975997
restart_auto_random1_regs_only_sample_ro_compact_locked_warmup4_1000x125_run03_20260528,76,4,4,499,501,0.499000000,0.001000000,501,0.999997115,0.997117491
restart_auto_random1_regs_only_sample_ro_compact_locked_warmup4_1000x125_run03_20260528,76,4,5,520,480,0.520000000,0.020000000,520,0.998845536,0.943416472
restart_auto_random1_regs_only_sample_ro_compact_locked_warmup4_1000x125_run03_20260528,76,4,6,494,506,0.494000000,0.006000000,506,0.999896123,0.982790710
restart_auto_random1_regs_only_sample_ro_compact_locked_warmup4_1000x125_run03_20260528,76,4,7,487,513,0.487000000,0.013000000,513,0.999512314,0.962969269
restart_auto_random1_regs_only_sample_ro_compact_locked_warmup4_1000x125_run03_20260528,77,5,0,491,509,0.491000000,0.009000000,509,0.999766271,0.974262439
restart_auto_random1_regs_only_sample_ro_compact_locked_warmup4_1000x125_run03_20260528,77,5,1,481,519,0.481000000,0.019000000,519,0.998958123,0.946193556
restart_auto_random1_regs_only_sample_ro_compact_locked_warmup4_1000x125_run03_20260528,77,5,2,500,500,0.500000000,0.000000000,500,1.000000000,1.000000000
restart_auto_random1_regs_only_sample_ro_compact_locked_warmup4_1000x125_run03_20260528,77,5,3,501,499,0.501000000,0.001000000,501,0.999997115,0.997117491
restart_auto_random1_regs_only_sample_ro_compact_locked_warmup4_1000x125_run03_20260528,77,5,4,506,494,0.506000000,0.006000000,506,0.999896123,0.982790710
restart_auto_random1_regs_only_sample_ro_compact_locked_warmup4_1000x125_run03_20260528,77,5,5,539,461,0.539000000,0.039000000,539,0.995606861,0.891642822
restart_auto_random1_regs_only_sample_ro_compact_locked_warmup4_1000x125_run03_20260528,77,5,6,490,510,0.490000000,0.010000000,510,0.999711442,0.971430848
restart_auto_random1_regs_only_sample_ro_compact_locked_warmup4_1000x125_run03_20260528,77,5,7,476,524,0.476000000,0.024000000,524,0.998337377,0.932361283
restart_auto_random1_regs_only_sample_ro_compact_locked_warmup4_1000x125_run03_20260528,78,6,0,512,488,0.512000000,0.012000000,512,0.999584464,0.965784285
restart_auto_random1_regs_only_sample_ro_compact_locked_warmup4_1000x125_run03_20260528,78,6,1,516,484,0.516000000,0.016000000,516,0.999261214,0.954557029
restart_auto_random1_regs_only_sample_ro_compact_locked_warmup4_1000x125_run03_20260528,78,6,2,522,478,0.522000000,0.022000000,522,0.998603020,0.937878288
restart_auto_random1_regs_only_sample_ro_compact_locked_warmup4_1000x125_run03_20260528,78,6,3,480,520,0.480000000,0.020000000,520,0.998845536,0.943416472
restart_auto_random1_regs_only_sample_ro_compact_locked_warmup4_1000x125_run03_20260528,78,6,4,488,512,0.488000000,0.012000000,512,0.999584464,0.965784285
restart_auto_random1_regs_only_sample_ro_compact_locked_warmup4_1000x125_run03_20260528,78,6,5,505,495,0.505000000,0.005000000,505,0.999927864,0.985644707
restart_auto_random1_regs_only_sample_ro_compact_locked_warmup4_1000x125_run03_20260528,78,6,6,510,490,0.510000000,0.010000000,510,0.999711442,0.971430848
restart_auto_random1_regs_only_sample_ro_compact_locked_warmup4_1000x125_run03_20260528,78,6,7,499,501,0.499000000,0.001000000,501,0.999997115,0.997117491
restart_auto_random1_regs_only_sample_ro_compact_locked_warmup4_1000x125_run03_20260528,79,7,0,491,509,0.491000000,0.009000000,509,0.999766271,0.974262439
restart_auto_random1_regs_only_sample_ro_compact_locked_warmup4_1000x125_run03_20260528,79,7,1,508,492,0.508000000,0.008000000,508,0.999815327,0.977099598
restart_auto_random1_regs_only_sample_ro_compact_locked_warmup4_1000x125_run03_20260528,79,7,2,509,491,0.509000000,0.009000000,509,0.999766271,0.974262439
restart_auto_random1_regs_only_sample_ro_compact_locked_warmup4_1000x125_run03_20260528,79,7,3,507,493,0.507000000,0.007000000,507,0.999858611,0.979942348
restart_auto_random1_regs_only_sample_ro_compact_locked_warmup4_1000x125_run03_20260528,79,7,4,476,524,0.476000000,0.024000000,524,0.998337377,0.932361283
restart_auto_random1_regs_only_sample_ro_compact_locked_warmup4_1000x125_run03_20260528,79,7,5,511,489,0.511000000,0.011000000,511,0.999650840,0.968604804
restart_auto_random1_regs_only_sample_ro_compact_locked_warmup4_1000x125_run03_20260528,79,7,6,511,489,0.511000000,0.011000000,511,0.999650840,0.968604804
restart_auto_random1_regs_only_sample_ro_compact_locked_warmup4_1000x125_run03_20260528,79,7,7,526,474,0.526000000,0.026000000,526,0.998048596,0.926865295
restart_auto_random1_regs_only_sample_ro_compact_locked_warmup4_1000x125_run03_20260528,80,0,0,510,490,0.510000000,0.010000000,510,0.999711442,0.971430848
restart_auto_random1_regs_only_sample_ro_compact_locked_warmup4_1000x125_run03_20260528,80,0,1,484,516,0.484000000,0.016000000,516,0.999261214,0.954557029
restart_auto_random1_regs_only_sample_ro_compact_locked_warmup4_1000x125_run03_20260528,80,0,2,534,466,0.534000000,0.034000000,534,0.996661914,0.905088353
restart_auto_random1_regs_only_sample_ro_compact_locked_warmup4_1000x125_run03_20260528,80,0,3,486,514,0.486000000,0.014000000,514,0.999434390,0.960159735
restart_auto_random1_regs_only_sample_ro_compact_locked_warmup4_1000x125_run03_20260528,80,0,4,488,512,0.488000000,0.012000000,512,0.999584464,0.965784285
restart_auto_random1_regs_only_sample_ro_compact_locked_warmup4_1000x125_run03_20260528,80,0,5,503,497,0.503000000,0.003000000,503,0.999974031,0.991369695
restart_auto_random1_regs_only_sample_ro_compact_locked_warmup4_1000x125_run03_20260528,80,0,6,485,515,0.485000000,0.015000000,515,0.999350690,0.957355663
restart_auto_random1_regs_only_sample_ro_compact_locked_warmup4_1000x125_run03_20260528,80,0,7,507,493,0.507000000,0.007000000,507,0.999858611,0.979942348
restart_auto_random1_regs_only_sample_ro_compact_locked_warmup4_1000x125_run03_20260528,81,1,0,470,530,0.470000000,0.030000000,530,0.997401589,0.915935735
restart_auto_random1_regs_only_sample_ro_compact_locked_warmup4_1000x125_run03_20260528,81,1,1,502,498,0.502000000,0.002000000,502,0.999988458,0.994240731
restart_auto_random1_regs_only_sample_ro_compact_locked_warmup4_1000x125_run03_20260528,81,1,2,512,488,0.512000000,0.012000000,512,0.999584464,0.965784285
restart_auto_random1_regs_only_sample_ro_compact_locked_warmup4_1000x125_run03_20260528,81,1,3,510,490,0.510000000,0.010000000,510,0.999711442,0.971430848
restart_auto_random1_regs_only_sample_ro_compact_locked_warmup4_1000x125_run03_20260528,81,1,4,495,505,0.495000000,0.005000000,505,0.999927864,0.985644707
restart_auto_random1_regs_only_sample_ro_compact_locked_warmup4_1000x125_run03_20260528,81,1,5,492,508,0.492000000,0.008000000,508,0.999815327,0.977099598
restart_auto_random1_regs_only_sample_ro_compact_locked_warmup4_1000x125_run03_20260528,81,1,6,493,507,0.493000000,0.007000000,507,0.999858611,0.979942348
restart_auto_random1_regs_only_sample_ro_compact_locked_warmup4_1000x125_run03_20260528,81,1,7,519,481,0.519000000,0.019000000,519,0.998958123,0.946193556
restart_auto_random1_regs_only_sample_ro_compact_locked_warmup4_1000x125_run03_20260528,82,2,0,491,509,0.491000000,0.009000000,509,0.999766271,0.974262439
restart_auto_random1_regs_only_sample_ro_compact_locked_warmup4_1000x125_run03_20260528,82,2,1,498,502,0.498000000,0.002000000,502,0.999988458,0.994240731
restart_auto_random1_regs_only_sample_ro_compact_locked_warmup4_1000x125_run03_20260528,82,2,2,484,516,0.484000000,0.016000000,516,0.999261214,0.954557029
restart_auto_random1_regs_only_sample_ro_compact_locked_warmup4_1000x125_run03_20260528,82,2,3,481,519,0.481000000,0.019000000,519,0.998958123,0.946193556
restart_auto_random1_regs_only_sample_ro_compact_locked_warmup4_1000x125_run03_20260528,82,2,4,524,476,0.524000000,0.024000000,524,0.998337377,0.932361283
restart_auto_random1_regs_only_sample_ro_compact_locked_warmup4_1000x125_run03_20260528,82,2,5,513,487,0.513000000,0.013000000,513,0.999512314,0.962969269
restart_auto_random1_regs_only_sample_ro_compact_locked_warmup4_1000x125_run03_20260528,82,2,6,510,490,0.510000000,0.010000000,510,0.999711442,0.971430848
restart_auto_random1_regs_only_sample_ro_compact_locked_warmup4_1000x125_run03_20260528,82,2,7,506,494,0.506000000,0.006000000,506,0.999896123,0.982790710
restart_auto_random1_regs_only_sample_ro_compact_locked_warmup4_1000x125_run03_20260528,83,3,0,517,483,0.517000000,0.017000000,517,0.999165962,0.951763814
restart_auto_random1_regs_only_sample_ro_compact_locked_warmup4_1000x125_run03_20260528,83,3,1,506,494,0.506000000,0.006000000,506,0.999896123,0.982790710
restart_auto_random1_regs_only_sample_ro_compact_locked_warmup4_1000x125_run03_20260528,83,3,2,486,514,0.486000000,0.014000000,514,0.999434390,0.960159735
restart_auto_random1_regs_only_sample_ro_compact_locked_warmup4_1000x125_run03_20260528,83,3,3,471,529,0.471000000,0.029000000,529,0.997572025,0.918660373
restart_auto_random1_regs_only_sample_ro_compact_locked_warmup4_1000x125_run03_20260528,83,3,4,487,513,0.487000000,0.013000000,513,0.999512314,0.962969269
restart_auto_random1_regs_only_sample_ro_compact_locked_warmup4_1000x125_run03_20260528,83,3,5,474,526,0.474000000,0.026000000,526,0.998048596,0.926865295
restart_auto_random1_regs_only_sample_ro_compact_locked_warmup4_1000x125_run03_20260528,83,3,6,479,521,0.479000000,0.021000000,521,0.998727169,0.940644722
restart_auto_random1_regs_only_sample_ro_compact_locked_warmup4_1000x125_run03_20260528,83,3,7,514,486,0.514000000,0.014000000,514,0.999434390,0.960159735
restart_auto_random1_regs_only_sample_ro_compact_locked_warmup4_1000x125_run03_20260528,84,4,0,493,507,0.493000000,0.007000000,507,0.999858611,0.979942348
restart_auto_random1_regs_only_sample_ro_compact_locked_warmup4_1000x125_run03_20260528,84,4,1,478,522,0.478000000,0.022000000,522,0.998603020,0.937878288
restart_auto_random1_regs_only_sample_ro_compact_locked_warmup4_1000x125_run03_20260528,84,4,2,531,469,0.531000000,0.031000000,531,0.997225361,0.913216234
restart_auto_random1_regs_only_sample_ro_compact_locked_warmup4_1000x125_run03_20260528,84,4,3,487,513,0.487000000,0.013000000,513,0.999512314,0.962969269
restart_auto_random1_regs_only_sample_ro_compact_locked_warmup4_1000x125_run03_20260528,84,4,4,527,473,0.527000000,0.027000000,527,0.997895527,0.924125133
restart_auto_random1_regs_only_sample_ro_compact_locked_warmup4_1000x125_run03_20260528,84,4,5,525,475,0.525000000,0.025000000,525,0.998195879,0.929610672
restart_auto_random1_regs_only_sample_ro_compact_locked_warmup4_1000x125_run03_20260528,84,4,6,494,506,0.494000000,0.006000000,506,0.999896123,0.982790710
restart_auto_random1_regs_only_sample_ro_compact_locked_warmup4_1000x125_run03_20260528,84,4,7,502,498,0.502000000,0.002000000,502,0.999988458,0.994240731
restart_auto_random1_regs_only_sample_ro_compact_locked_warmup4_1000x125_run03_20260528,85,5,0,489,511,0.489000000,0.011000000,511,0.999650840,0.968604804
restart_auto_random1_regs_only_sample_ro_compact_locked_warmup4_1000x125_run03_20260528,85,5,1,516,484,0.516000000,0.016000000,516,0.999261214,0.954557029
restart_auto_random1_regs_only_sample_ro_compact_locked_warmup4_1000x125_run03_20260528,85,5,2,507,493,0.507000000,0.007000000,507,0.999858611,0.979942348
restart_auto_random1_regs_only_sample_ro_compact_locked_warmup4_1000x125_run03_20260528,85,5,3,512,488,0.512000000,0.012000000,512,0.999584464,0.965784285
restart_auto_random1_regs_only_sample_ro_compact_locked_warmup4_1000x125_run03_20260528,85,5,4,485,515,0.485000000,0.015000000,515,0.999350690,0.957355663
restart_auto_random1_regs_only_sample_ro_compact_locked_warmup4_1000x125_run03_20260528,85,5,5,495,505,0.495000000,0.005000000,505,0.999927864,0.985644707
restart_auto_random1_regs_only_sample_ro_compact_locked_warmup4_1000x125_run03_20260528,85,5,6,496,504,0.496000000,0.004000000,504,0.999953833,0.988504361
restart_auto_random1_regs_only_sample_ro_compact_locked_warmup4_1000x125_run03_20260528,85,5,7,490,510,0.490000000,0.010000000,510,0.999711442,0.971430848
restart_auto_random1_regs_only_sample_ro_compact_locked_warmup4_1000x125_run03_20260528,86,6,0,501,499,0.501000000,0.001000000,501,0.999997115,0.997117491
restart_auto_random1_regs_only_sample_ro_compact_locked_warmup4_1000x125_run03_20260528,86,6,1,510,490,0.510000000,0.010000000,510,0.999711442,0.971430848
restart_auto_random1_regs_only_sample_ro_compact_locked_warmup4_1000x125_run03_20260528,86,6,2,470,530,0.470000000,0.030000000,530,0.997401589,0.915935735
restart_auto_random1_regs_only_sample_ro_compact_locked_warmup4_1000x125_run03_20260528,86,6,3,520,480,0.520000000,0.020000000,520,0.998845536,0.943416472
restart_auto_random1_regs_only_sample_ro_compact_locked_warmup4_1000x125_run03_20260528,86,6,4,529,471,0.529000000,0.029000000,529,0.997572025,0.918660373
restart_auto_random1_regs_only_sample_ro_compact_locked_warmup4_1000x125_run03_20260528,86,6,5,503,497,0.503000000,0.003000000,503,0.999974031,0.991369695
restart_auto_random1_regs_only_sample_ro_compact_locked_warmup4_1000x125_run03_20260528,86,6,6,503,497,0.503000000,0.003000000,503,0.999974031,0.991369695
restart_auto_random1_regs_only_sample_ro_compact_locked_warmup4_1000x125_run03_20260528,86,6,7,496,504,0.496000000,0.004000000,504,0.999953833,0.988504361
restart_auto_random1_regs_only_sample_ro_compact_locked_warmup4_1000x125_run03_20260528,87,7,0,499,501,0.499000000,0.001000000,501,0.999997115,0.997117491
restart_auto_random1_regs_only_sample_ro_compact_locked_warmup4_1000x125_run03_20260528,87,7,1,496,504,0.496000000,0.004000000,504,0.999953833,0.988504361
restart_auto_random1_regs_only_sample_ro_compact_locked_warmup4_1000x125_run03_20260528,87,7,2,489,511,0.489000000,0.011000000,511,0.999650840,0.968604804
restart_auto_random1_regs_only_sample_ro_compact_locked_warmup4_1000x125_run03_20260528,87,7,3,506,494,0.506000000,0.006000000,506,0.999896123,0.982790710
restart_auto_random1_regs_only_sample_ro_compact_locked_warmup4_1000x125_run03_20260528,87,7,4,514,486,0.514000000,0.014000000,514,0.999434390,0.960159735
restart_auto_random1_regs_only_sample_ro_compact_locked_warmup4_1000x125_run03_20260528,87,7,5,504,496,0.504000000,0.004000000,504,0.999953833,0.988504361
restart_auto_random1_regs_only_sample_ro_compact_locked_warmup4_1000x125_run03_20260528,87,7,6,515,485,0.515000000,0.015000000,515,0.999350690,0.957355663
restart_auto_random1_regs_only_sample_ro_compact_locked_warmup4_1000x125_run03_20260528,87,7,7,495,505,0.495000000,0.005000000,505,0.999927864,0.985644707
restart_auto_random1_regs_only_sample_ro_compact_locked_warmup4_1000x125_run03_20260528,88,0,0,512,488,0.512000000,0.012000000,512,0.999584464,0.965784285
restart_auto_random1_regs_only_sample_ro_compact_locked_warmup4_1000x125_run03_20260528,88,0,1,496,504,0.496000000,0.004000000,504,0.999953833,0.988504361
restart_auto_random1_regs_only_sample_ro_compact_locked_warmup4_1000x125_run03_20260528,88,0,2,474,526,0.474000000,0.026000000,526,0.998048596,0.926865295
restart_auto_random1_regs_only_sample_ro_compact_locked_warmup4_1000x125_run03_20260528,88,0,3,483,517,0.483000000,0.017000000,517,0.999165962,0.951763814
restart_auto_random1_regs_only_sample_ro_compact_locked_warmup4_1000x125_run03_20260528,88,0,4,490,510,0.490000000,0.010000000,510,0.999711442,0.971430848
restart_auto_random1_regs_only_sample_ro_compact_locked_warmup4_1000x125_run03_20260528,88,0,5,475,525,0.475000000,0.025000000,525,0.998195879,0.929610672
restart_auto_random1_regs_only_sample_ro_compact_locked_warmup4_1000x125_run03_20260528,88,0,6,494,506,0.494000000,0.006000000,506,0.999896123,0.982790710
restart_auto_random1_regs_only_sample_ro_compact_locked_warmup4_1000x125_run03_20260528,88,0,7,485,515,0.485000000,0.015000000,515,0.999350690,0.957355663
restart_auto_random1_regs_only_sample_ro_compact_locked_warmup4_1000x125_run03_20260528,89,1,0,492,508,0.492000000,0.008000000,508,0.999815327,0.977099598
restart_auto_random1_regs_only_sample_ro_compact_locked_warmup4_1000x125_run03_20260528,89,1,1,506,494,0.506000000,0.006000000,506,0.999896123,0.982790710
restart_auto_random1_regs_only_sample_ro_compact_locked_warmup4_1000x125_run03_20260528,89,1,2,496,504,0.496000000,0.004000000,504,0.999953833,0.988504361
restart_auto_random1_regs_only_sample_ro_compact_locked_warmup4_1000x125_run03_20260528,89,1,3,507,493,0.507000000,0.007000000,507,0.999858611,0.979942348
restart_auto_random1_regs_only_sample_ro_compact_locked_warmup4_1000x125_run03_20260528,89,1,4,514,486,0.514000000,0.014000000,514,0.999434390,0.960159735
restart_auto_random1_regs_only_sample_ro_compact_locked_warmup4_1000x125_run03_20260528,89,1,5,495,505,0.495000000,0.005000000,505,0.999927864,0.985644707
restart_auto_random1_regs_only_sample_ro_compact_locked_warmup4_1000x125_run03_20260528,89,1,6,503,497,0.503000000,0.003000000,503,0.999974031,0.991369695
restart_auto_random1_regs_only_sample_ro_compact_locked_warmup4_1000x125_run03_20260528,89,1,7,516,484,0.516000000,0.016000000,516,0.999261214,0.954557029
restart_auto_random1_regs_only_sample_ro_compact_locked_warmup4_1000x125_run03_20260528,90,2,0,510,490,0.510000000,0.010000000,510,0.999711442,0.971430848
restart_auto_random1_regs_only_sample_ro_compact_locked_warmup4_1000x125_run03_20260528,90,2,1,484,516,0.484000000,0.016000000,516,0.999261214,0.954557029
restart_auto_random1_regs_only_sample_ro_compact_locked_warmup4_1000x125_run03_20260528,90,2,2,494,506,0.494000000,0.006000000,506,0.999896123,0.982790710
restart_auto_random1_regs_only_sample_ro_compact_locked_warmup4_1000x125_run03_20260528,90,2,3,511,489,0.511000000,0.011000000,511,0.999650840,0.968604804
restart_auto_random1_regs_only_sample_ro_compact_locked_warmup4_1000x125_run03_20260528,90,2,4,487,513,0.487000000,0.013000000,513,0.999512314,0.962969269
restart_auto_random1_regs_only_sample_ro_compact_locked_warmup4_1000x125_run03_20260528,90,2,5,491,509,0.491000000,0.009000000,509,0.999766271,0.974262439
restart_auto_random1_regs_only_sample_ro_compact_locked_warmup4_1000x125_run03_20260528,90,2,6,483,517,0.483000000,0.017000000,517,0.999165962,0.951763814
restart_auto_random1_regs_only_sample_ro_compact_locked_warmup4_1000x125_run03_20260528,90,2,7,472,528,0.472000000,0.028000000,528,0.997736670,0.921390165
restart_auto_random1_regs_only_sample_ro_compact_locked_warmup4_1000x125_run03_20260528,91,3,0,478,522,0.478000000,0.022000000,522,0.998603020,0.937878288
restart_auto_random1_regs_only_sample_ro_compact_locked_warmup4_1000x125_run03_20260528,91,3,1,484,516,0.484000000,0.016000000,516,0.999261214,0.954557029
restart_auto_random1_regs_only_sample_ro_compact_locked_warmup4_1000x125_run03_20260528,91,3,2,498,502,0.498000000,0.002000000,502,0.999988458,0.994240731
restart_auto_random1_regs_only_sample_ro_compact_locked_warmup4_1000x125_run03_20260528,91,3,3,517,483,0.517000000,0.017000000,517,0.999165962,0.951763814
restart_auto_random1_regs_only_sample_ro_compact_locked_warmup4_1000x125_run03_20260528,91,3,4,496,504,0.496000000,0.004000000,504,0.999953833,0.988504361
restart_auto_random1_regs_only_sample_ro_compact_locked_warmup4_1000x125_run03_20260528,91,3,5,478,522,0.478000000,0.022000000,522,0.998603020,0.937878288
restart_auto_random1_regs_only_sample_ro_compact_locked_warmup4_1000x125_run03_20260528,91,3,6,498,502,0.498000000,0.002000000,502,0.999988458,0.994240731
restart_auto_random1_regs_only_sample_ro_compact_locked_warmup4_1000x125_run03_20260528,91,3,7,524,476,0.524000000,0.024000000,524,0.998337377,0.932361283
restart_auto_random1_regs_only_sample_ro_compact_locked_warmup4_1000x125_run03_20260528,92,4,0,470,530,0.470000000,0.030000000,530,0.997401589,0.915935735
restart_auto_random1_regs_only_sample_ro_compact_locked_warmup4_1000x125_run03_20260528,92,4,1,491,509,0.491000000,0.009000000,509,0.999766271,0.974262439
restart_auto_random1_regs_only_sample_ro_compact_locked_warmup4_1000x125_run03_20260528,92,4,2,503,497,0.503000000,0.003000000,503,0.999974031,0.991369695
restart_auto_random1_regs_only_sample_ro_compact_locked_warmup4_1000x125_run03_20260528,92,4,3,502,498,0.502000000,0.002000000,502,0.999988458,0.994240731
restart_auto_random1_regs_only_sample_ro_compact_locked_warmup4_1000x125_run03_20260528,92,4,4,500,500,0.500000000,0.000000000,500,1.000000000,1.000000000
restart_auto_random1_regs_only_sample_ro_compact_locked_warmup4_1000x125_run03_20260528,92,4,5,481,519,0.481000000,0.019000000,519,0.998958123,0.946193556
restart_auto_random1_regs_only_sample_ro_compact_locked_warmup4_1000x125_run03_20260528,92,4,6,502,498,0.502000000,0.002000000,502,0.999988458,0.994240731
restart_auto_random1_regs_only_sample_ro_compact_locked_warmup4_1000x125_run03_20260528,92,4,7,495,505,0.495000000,0.005000000,505,0.999927864,0.985644707
restart_auto_random1_regs_only_sample_ro_compact_locked_warmup4_1000x125_run03_20260528,93,5,0,525,475,0.525000000,0.025000000,525,0.998195879,0.929610672
restart_auto_random1_regs_only_sample_ro_compact_locked_warmup4_1000x125_run03_20260528,93,5,1,489,511,0.489000000,0.011000000,511,0.999650840,0.968604804
restart_auto_random1_regs_only_sample_ro_compact_locked_warmup4_1000x125_run03_20260528,93,5,2,518,482,0.518000000,0.018000000,518,0.999064932,0.948975997
restart_auto_random1_regs_only_sample_ro_compact_locked_warmup4_1000x125_run03_20260528,93,5,3,507,493,0.507000000,0.007000000,507,0.999858611,0.979942348
restart_auto_random1_regs_only_sample_ro_compact_locked_warmup4_1000x125_run03_20260528,93,5,4,518,482,0.518000000,0.018000000,518,0.999064932,0.948975997
restart_auto_random1_regs_only_sample_ro_compact_locked_warmup4_1000x125_run03_20260528,93,5,5,524,476,0.524000000,0.024000000,524,0.998337377,0.932361283
restart_auto_random1_regs_only_sample_ro_compact_locked_warmup4_1000x125_run03_20260528,93,5,6,497,503,0.497000000,0.003000000,503,0.999974031,0.991369695
restart_auto_random1_regs_only_sample_ro_compact_locked_warmup4_1000x125_run03_20260528,93,5,7,489,511,0.489000000,0.011000000,511,0.999650840,0.968604804
restart_auto_random1_regs_only_sample_ro_compact_locked_warmup4_1000x125_run03_20260528,94,6,0,492,508,0.492000000,0.008000000,508,0.999815327,0.977099598
restart_auto_random1_regs_only_sample_ro_compact_locked_warmup4_1000x125_run03_20260528,94,6,1,481,519,0.481000000,0.019000000,519,0.998958123,0.946193556
restart_auto_random1_regs_only_sample_ro_compact_locked_warmup4_1000x125_run03_20260528,94,6,2,465,535,0.465000000,0.035000000,535,0.996462505,0.902389203
restart_auto_random1_regs_only_sample_ro_compact_locked_warmup4_1000x125_run03_20260528,94,6,3,493,507,0.493000000,0.007000000,507,0.999858611,0.979942348
restart_auto_random1_regs_only_sample_ro_compact_locked_warmup4_1000x125_run03_20260528,94,6,4,513,487,0.513000000,0.013000000,513,0.999512314,0.962969269
restart_auto_random1_regs_only_sample_ro_compact_locked_warmup4_1000x125_run03_20260528,94,6,5,504,496,0.504000000,0.004000000,504,0.999953833,0.988504361
restart_auto_random1_regs_only_sample_ro_compact_locked_warmup4_1000x125_run03_20260528,94,6,6,485,515,0.485000000,0.015000000,515,0.999350690,0.957355663
restart_auto_random1_regs_only_sample_ro_compact_locked_warmup4_1000x125_run03_20260528,94,6,7,501,499,0.501000000,0.001000000,501,0.999997115,0.997117491
restart_auto_random1_regs_only_sample_ro_compact_locked_warmup4_1000x125_run03_20260528,95,7,0,493,507,0.493000000,0.007000000,507,0.999858611,0.979942348
restart_auto_random1_regs_only_sample_ro_compact_locked_warmup4_1000x125_run03_20260528,95,7,1,495,505,0.495000000,0.005000000,505,0.999927864,0.985644707
restart_auto_random1_regs_only_sample_ro_compact_locked_warmup4_1000x125_run03_20260528,95,7,2,509,491,0.509000000,0.009000000,509,0.999766271,0.974262439
restart_auto_random1_regs_only_sample_ro_compact_locked_warmup4_1000x125_run03_20260528,95,7,3,494,506,0.494000000,0.006000000,506,0.999896123,0.982790710
restart_auto_random1_regs_only_sample_ro_compact_locked_warmup4_1000x125_run03_20260528,95,7,4,484,516,0.484000000,0.016000000,516,0.999261214,0.954557029
restart_auto_random1_regs_only_sample_ro_compact_locked_warmup4_1000x125_run03_20260528,95,7,5,493,507,0.493000000,0.007000000,507,0.999858611,0.979942348
restart_auto_random1_regs_only_sample_ro_compact_locked_warmup4_1000x125_run03_20260528,95,7,6,488,512,0.488000000,0.012000000,512,0.999584464,0.965784285
restart_auto_random1_regs_only_sample_ro_compact_locked_warmup4_1000x125_run03_20260528,95,7,7,486,514,0.486000000,0.014000000,514,0.999434390,0.960159735
restart_auto_random1_regs_only_sample_ro_compact_locked_warmup4_1000x125_run03_20260528,96,0,0,488,512,0.488000000,0.012000000,512,0.999584464,0.965784285
restart_auto_random1_regs_only_sample_ro_compact_locked_warmup4_1000x125_run03_20260528,96,0,1,496,504,0.496000000,0.004000000,504,0.999953833,0.988504361
restart_auto_random1_regs_only_sample_ro_compact_locked_warmup4_1000x125_run03_20260528,96,0,2,481,519,0.481000000,0.019000000,519,0.998958123,0.946193556
restart_auto_random1_regs_only_sample_ro_compact_locked_warmup4_1000x125_run03_20260528,96,0,3,462,538,0.462000000,0.038000000,538,0.995829476,0.894321922
restart_auto_random1_regs_only_sample_ro_compact_locked_warmup4_1000x125_run03_20260528,96,0,4,493,507,0.493000000,0.007000000,507,0.999858611,0.979942348
restart_auto_random1_regs_only_sample_ro_compact_locked_warmup4_1000x125_run03_20260528,96,0,5,474,526,0.474000000,0.026000000,526,0.998048596,0.926865295
restart_auto_random1_regs_only_sample_ro_compact_locked_warmup4_1000x125_run03_20260528,96,0,6,485,515,0.485000000,0.015000000,515,0.999350690,0.957355663
restart_auto_random1_regs_only_sample_ro_compact_locked_warmup4_1000x125_run03_20260528,96,0,7,487,513,0.487000000,0.013000000,513,0.999512314,0.962969269
restart_auto_random1_regs_only_sample_ro_compact_locked_warmup4_1000x125_run03_20260528,97,1,0,510,490,0.510000000,0.010000000,510,0.999711442,0.971430848
restart_auto_random1_regs_only_sample_ro_compact_locked_warmup4_1000x125_run03_20260528,97,1,1,514,486,0.514000000,0.014000000,514,0.999434390,0.960159735
restart_auto_random1_regs_only_sample_ro_compact_locked_warmup4_1000x125_run03_20260528,97,1,2,520,480,0.520000000,0.020000000,520,0.998845536,0.943416472
restart_auto_random1_regs_only_sample_ro_compact_locked_warmup4_1000x125_run03_20260528,97,1,3,507,493,0.507000000,0.007000000,507,0.999858611,0.979942348
restart_auto_random1_regs_only_sample_ro_compact_locked_warmup4_1000x125_run03_20260528,97,1,4,482,518,0.482000000,0.018000000,518,0.999064932,0.948975997
restart_auto_random1_regs_only_sample_ro_compact_locked_warmup4_1000x125_run03_20260528,97,1,5,482,518,0.482000000,0.018000000,518,0.999064932,0.948975997
restart_auto_random1_regs_only_sample_ro_compact_locked_warmup4_1000x125_run03_20260528,97,1,6,507,493,0.507000000,0.007000000,507,0.999858611,0.979942348
restart_auto_random1_regs_only_sample_ro_compact_locked_warmup4_1000x125_run03_20260528,97,1,7,515,485,0.515000000,0.015000000,515,0.999350690,0.957355663
restart_auto_random1_regs_only_sample_ro_compact_locked_warmup4_1000x125_run03_20260528,98,2,0,490,510,0.490000000,0.010000000,510,0.999711442,0.971430848
restart_auto_random1_regs_only_sample_ro_compact_locked_warmup4_1000x125_run03_20260528,98,2,1,479,521,0.479000000,0.021000000,521,0.998727169,0.940644722
restart_auto_random1_regs_only_sample_ro_compact_locked_warmup4_1000x125_run03_20260528,98,2,2,512,488,0.512000000,0.012000000,512,0.999584464,0.965784285
restart_auto_random1_regs_only_sample_ro_compact_locked_warmup4_1000x125_run03_20260528,98,2,3,492,508,0.492000000,0.008000000,508,0.999815327,0.977099598
restart_auto_random1_regs_only_sample_ro_compact_locked_warmup4_1000x125_run03_20260528,98,2,4,481,519,0.481000000,0.019000000,519,0.998958123,0.946193556
restart_auto_random1_regs_only_sample_ro_compact_locked_warmup4_1000x125_run03_20260528,98,2,5,511,489,0.511000000,0.011000000,511,0.999650840,0.968604804
restart_auto_random1_regs_only_sample_ro_compact_locked_warmup4_1000x125_run03_20260528,98,2,6,507,493,0.507000000,0.007000000,507,0.999858611,0.979942348
restart_auto_random1_regs_only_sample_ro_compact_locked_warmup4_1000x125_run03_20260528,98,2,7,508,492,0.508000000,0.008000000,508,0.999815327,0.977099598
restart_auto_random1_regs_only_sample_ro_compact_locked_warmup4_1000x125_run03_20260528,99,3,0,534,466,0.534000000,0.034000000,534,0.996661914,0.905088353
restart_auto_random1_regs_only_sample_ro_compact_locked_warmup4_1000x125_run03_20260528,99,3,1,510,490,0.510000000,0.010000000,510,0.999711442,0.971430848
restart_auto_random1_regs_only_sample_ro_compact_locked_warmup4_1000x125_run03_20260528,99,3,2,508,492,0.508000000,0.008000000,508,0.999815327,0.977099598
restart_auto_random1_regs_only_sample_ro_compact_locked_warmup4_1000x125_run03_20260528,99,3,3,515,485,0.515000000,0.015000000,515,0.999350690,0.957355663
restart_auto_random1_regs_only_sample_ro_compact_locked_warmup4_1000x125_run03_20260528,99,3,4,507,493,0.507000000,0.007000000,507,0.999858611,0.979942348
restart_auto_random1_regs_only_sample_ro_compact_locked_warmup4_1000x125_run03_20260528,99,3,5,529,471,0.529000000,0.029000000,529,0.997572025,0.918660373
restart_auto_random1_regs_only_sample_ro_compact_locked_warmup4_1000x125_run03_20260528,99,3,6,501,499,0.501000000,0.001000000,501,0.999997115,0.997117491
restart_auto_random1_regs_only_sample_ro_compact_locked_warmup4_1000x125_run03_20260528,99,3,7,498,502,0.498000000,0.002000000,502,0.999988458,0.994240731
restart_auto_random1_regs_only_sample_ro_compact_locked_warmup4_1000x125_run03_20260528,100,4,0,483,517,0.483000000,0.017000000,517,0.999165962,0.951763814
restart_auto_random1_regs_only_sample_ro_compact_locked_warmup4_1000x125_run03_20260528,100,4,1,530,470,0.530000000,0.030000000,530,0.997401589,0.915935735
restart_auto_random1_regs_only_sample_ro_compact_locked_warmup4_1000x125_run03_20260528,100,4,2,483,517,0.483000000,0.017000000,517,0.999165962,0.951763814
restart_auto_random1_regs_only_sample_ro_compact_locked_warmup4_1000x125_run03_20260528,100,4,3,496,504,0.496000000,0.004000000,504,0.999953833,0.988504361
restart_auto_random1_regs_only_sample_ro_compact_locked_warmup4_1000x125_run03_20260528,100,4,4,504,496,0.504000000,0.004000000,504,0.999953833,0.988504361
restart_auto_random1_regs_only_sample_ro_compact_locked_warmup4_1000x125_run03_20260528,100,4,5,501,499,0.501000000,0.001000000,501,0.999997115,0.997117491
restart_auto_random1_regs_only_sample_ro_compact_locked_warmup4_1000x125_run03_20260528,100,4,6,511,489,0.511000000,0.011000000,511,0.999650840,0.968604804
restart_auto_random1_regs_only_sample_ro_compact_locked_warmup4_1000x125_run03_20260528,100,4,7,482,518,0.482000000,0.018000000,518,0.999064932,0.948975997
restart_auto_random1_regs_only_sample_ro_compact_locked_warmup4_1000x125_run03_20260528,101,5,0,501,499,0.501000000,0.001000000,501,0.999997115,0.997117491
restart_auto_random1_regs_only_sample_ro_compact_locked_warmup4_1000x125_run03_20260528,101,5,1,490,510,0.490000000,0.010000000,510,0.999711442,0.971430848
restart_auto_random1_regs_only_sample_ro_compact_locked_warmup4_1000x125_run03_20260528,101,5,2,486,514,0.486000000,0.014000000,514,0.999434390,0.960159735
restart_auto_random1_regs_only_sample_ro_compact_locked_warmup4_1000x125_run03_20260528,101,5,3,513,487,0.513000000,0.013000000,513,0.999512314,0.962969269
restart_auto_random1_regs_only_sample_ro_compact_locked_warmup4_1000x125_run03_20260528,101,5,4,479,521,0.479000000,0.021000000,521,0.998727169,0.940644722
restart_auto_random1_regs_only_sample_ro_compact_locked_warmup4_1000x125_run03_20260528,101,5,5,491,509,0.491000000,0.009000000,509,0.999766271,0.974262439
restart_auto_random1_regs_only_sample_ro_compact_locked_warmup4_1000x125_run03_20260528,101,5,6,528,472,0.528000000,0.028000000,528,0.997736670,0.921390165
restart_auto_random1_regs_only_sample_ro_compact_locked_warmup4_1000x125_run03_20260528,101,5,7,483,517,0.483000000,0.017000000,517,0.999165962,0.951763814
restart_auto_random1_regs_only_sample_ro_compact_locked_warmup4_1000x125_run03_20260528,102,6,0,519,481,0.519000000,0.019000000,519,0.998958123,0.946193556
restart_auto_random1_regs_only_sample_ro_compact_locked_warmup4_1000x125_run03_20260528,102,6,1,521,479,0.521000000,0.021000000,521,0.998727169,0.940644722
restart_auto_random1_regs_only_sample_ro_compact_locked_warmup4_1000x125_run03_20260528,102,6,2,522,478,0.522000000,0.022000000,522,0.998603020,0.937878288
restart_auto_random1_regs_only_sample_ro_compact_locked_warmup4_1000x125_run03_20260528,102,6,3,515,485,0.515000000,0.015000000,515,0.999350690,0.957355663
restart_auto_random1_regs_only_sample_ro_compact_locked_warmup4_1000x125_run03_20260528,102,6,4,493,507,0.493000000,0.007000000,507,0.999858611,0.979942348
restart_auto_random1_regs_only_sample_ro_compact_locked_warmup4_1000x125_run03_20260528,102,6,5,490,510,0.490000000,0.010000000,510,0.999711442,0.971430848
restart_auto_random1_regs_only_sample_ro_compact_locked_warmup4_1000x125_run03_20260528,102,6,6,507,493,0.507000000,0.007000000,507,0.999858611,0.979942348
restart_auto_random1_regs_only_sample_ro_compact_locked_warmup4_1000x125_run03_20260528,102,6,7,483,517,0.483000000,0.017000000,517,0.999165962,0.951763814
restart_auto_random1_regs_only_sample_ro_compact_locked_warmup4_1000x125_run03_20260528,103,7,0,514,486,0.514000000,0.014000000,514,0.999434390,0.960159735
restart_auto_random1_regs_only_sample_ro_compact_locked_warmup4_1000x125_run03_20260528,103,7,1,493,507,0.493000000,0.007000000,507,0.999858611,0.979942348
restart_auto_random1_regs_only_sample_ro_compact_locked_warmup4_1000x125_run03_20260528,103,7,2,493,507,0.493000000,0.007000000,507,0.999858611,0.979942348
restart_auto_random1_regs_only_sample_ro_compact_locked_warmup4_1000x125_run03_20260528,103,7,3,513,487,0.513000000,0.013000000,513,0.999512314,0.962969269
restart_auto_random1_regs_only_sample_ro_compact_locked_warmup4_1000x125_run03_20260528,103,7,4,496,504,0.496000000,0.004000000,504,0.999953833,0.988504361
restart_auto_random1_regs_only_sample_ro_compact_locked_warmup4_1000x125_run03_20260528,103,7,5,485,515,0.485000000,0.015000000,515,0.999350690,0.957355663
restart_auto_random1_regs_only_sample_ro_compact_locked_warmup4_1000x125_run03_20260528,103,7,6,511,489,0.511000000,0.011000000,511,0.999650840,0.968604804
restart_auto_random1_regs_only_sample_ro_compact_locked_warmup4_1000x125_run03_20260528,103,7,7,503,497,0.503000000,0.003000000,503,0.999974031,0.991369695
restart_auto_random1_regs_only_sample_ro_compact_locked_warmup4_1000x125_run03_20260528,104,0,0,533,467,0.533000000,0.033000000,533,0.996855525,0.907792562
restart_auto_random1_regs_only_sample_ro_compact_locked_warmup4_1000x125_run03_20260528,104,0,1,532,468,0.532000000,0.032000000,532,0.997043340,0.910501849
restart_auto_random1_regs_only_sample_ro_compact_locked_warmup4_1000x125_run03_20260528,104,0,2,484,516,0.484000000,0.016000000,516,0.999261214,0.954557029
restart_auto_random1_regs_only_sample_ro_compact_locked_warmup4_1000x125_run03_20260528,104,0,3,483,517,0.483000000,0.017000000,517,0.999165962,0.951763814
restart_auto_random1_regs_only_sample_ro_compact_locked_warmup4_1000x125_run03_20260528,104,0,4,520,480,0.520000000,0.020000000,520,0.998845536,0.943416472
restart_auto_random1_regs_only_sample_ro_compact_locked_warmup4_1000x125_run03_20260528,104,0,5,480,520,0.480000000,0.020000000,520,0.998845536,0.943416472
restart_auto_random1_regs_only_sample_ro_compact_locked_warmup4_1000x125_run03_20260528,104,0,6,508,492,0.508000000,0.008000000,508,0.999815327,0.977099598
restart_auto_random1_regs_only_sample_ro_compact_locked_warmup4_1000x125_run03_20260528,104,0,7,509,491,0.509000000,0.009000000,509,0.999766271,0.974262439
restart_auto_random1_regs_only_sample_ro_compact_locked_warmup4_1000x125_run03_20260528,105,1,0,504,496,0.504000000,0.004000000,504,0.999953833,0.988504361
restart_auto_random1_regs_only_sample_ro_compact_locked_warmup4_1000x125_run03_20260528,105,1,1,512,488,0.512000000,0.012000000,512,0.999584464,0.965784285
restart_auto_random1_regs_only_sample_ro_compact_locked_warmup4_1000x125_run03_20260528,105,1,2,513,487,0.513000000,0.013000000,513,0.999512314,0.962969269
restart_auto_random1_regs_only_sample_ro_compact_locked_warmup4_1000x125_run03_20260528,105,1,3,529,471,0.529000000,0.029000000,529,0.997572025,0.918660373
restart_auto_random1_regs_only_sample_ro_compact_locked_warmup4_1000x125_run03_20260528,105,1,4,506,494,0.506000000,0.006000000,506,0.999896123,0.982790710
restart_auto_random1_regs_only_sample_ro_compact_locked_warmup4_1000x125_run03_20260528,105,1,5,511,489,0.511000000,0.011000000,511,0.999650840,0.968604804
restart_auto_random1_regs_only_sample_ro_compact_locked_warmup4_1000x125_run03_20260528,105,1,6,514,486,0.514000000,0.014000000,514,0.999434390,0.960159735
restart_auto_random1_regs_only_sample_ro_compact_locked_warmup4_1000x125_run03_20260528,105,1,7,494,506,0.494000000,0.006000000,506,0.999896123,0.982790710
restart_auto_random1_regs_only_sample_ro_compact_locked_warmup4_1000x125_run03_20260528,106,2,0,512,488,0.512000000,0.012000000,512,0.999584464,0.965784285
restart_auto_random1_regs_only_sample_ro_compact_locked_warmup4_1000x125_run03_20260528,106,2,1,490,510,0.490000000,0.010000000,510,0.999711442,0.971430848
restart_auto_random1_regs_only_sample_ro_compact_locked_warmup4_1000x125_run03_20260528,106,2,2,498,502,0.498000000,0.002000000,502,0.999988458,0.994240731
restart_auto_random1_regs_only_sample_ro_compact_locked_warmup4_1000x125_run03_20260528,106,2,3,486,514,0.486000000,0.014000000,514,0.999434390,0.960159735
restart_auto_random1_regs_only_sample_ro_compact_locked_warmup4_1000x125_run03_20260528,106,2,4,494,506,0.494000000,0.006000000,506,0.999896123,0.982790710
restart_auto_random1_regs_only_sample_ro_compact_locked_warmup4_1000x125_run03_20260528,106,2,5,496,504,0.496000000,0.004000000,504,0.999953833,0.988504361
restart_auto_random1_regs_only_sample_ro_compact_locked_warmup4_1000x125_run03_20260528,106,2,6,498,502,0.498000000,0.002000000,502,0.999988458,0.994240731
restart_auto_random1_regs_only_sample_ro_compact_locked_warmup4_1000x125_run03_20260528,106,2,7,512,488,0.512000000,0.012000000,512,0.999584464,0.965784285
restart_auto_random1_regs_only_sample_ro_compact_locked_warmup4_1000x125_run03_20260528,107,3,0,454,546,0.454000000,0.046000000,546,0.993885872,0.873027144
restart_auto_random1_regs_only_sample_ro_compact_locked_warmup4_1000x125_run03_20260528,107,3,1,501,499,0.501000000,0.001000000,501,0.999997115,0.997117491
restart_auto_random1_regs_only_sample_ro_compact_locked_warmup4_1000x125_run03_20260528,107,3,2,487,513,0.487000000,0.013000000,513,0.999512314,0.962969269
restart_auto_random1_regs_only_sample_ro_compact_locked_warmup4_1000x125_run03_20260528,107,3,3,482,518,0.482000000,0.018000000,518,0.999064932,0.948975997
restart_auto_random1_regs_only_sample_ro_compact_locked_warmup4_1000x125_run03_20260528,107,3,4,524,476,0.524000000,0.024000000,524,0.998337377,0.932361283
restart_auto_random1_regs_only_sample_ro_compact_locked_warmup4_1000x125_run03_20260528,107,3,5,528,472,0.528000000,0.028000000,528,0.997736670,0.921390165
restart_auto_random1_regs_only_sample_ro_compact_locked_warmup4_1000x125_run03_20260528,107,3,6,507,493,0.507000000,0.007000000,507,0.999858611,0.979942348
restart_auto_random1_regs_only_sample_ro_compact_locked_warmup4_1000x125_run03_20260528,107,3,7,504,496,0.504000000,0.004000000,504,0.999953833,0.988504361
restart_auto_random1_regs_only_sample_ro_compact_locked_warmup4_1000x125_run03_20260528,108,4,0,504,496,0.504000000,0.004000000,504,0.999953833,0.988504361
restart_auto_random1_regs_only_sample_ro_compact_locked_warmup4_1000x125_run03_20260528,108,4,1,513,487,0.513000000,0.013000000,513,0.999512314,0.962969269
restart_auto_random1_regs_only_sample_ro_compact_locked_warmup4_1000x125_run03_20260528,108,4,2,506,494,0.506000000,0.006000000,506,0.999896123,0.982790710
restart_auto_random1_regs_only_sample_ro_compact_locked_warmup4_1000x125_run03_20260528,108,4,3,506,494,0.506000000,0.006000000,506,0.999896123,0.982790710
restart_auto_random1_regs_only_sample_ro_compact_locked_warmup4_1000x125_run03_20260528,108,4,4,508,492,0.508000000,0.008000000,508,0.999815327,0.977099598
restart_auto_random1_regs_only_sample_ro_compact_locked_warmup4_1000x125_run03_20260528,108,4,5,517,483,0.517000000,0.017000000,517,0.999165962,0.951763814
restart_auto_random1_regs_only_sample_ro_compact_locked_warmup4_1000x125_run03_20260528,108,4,6,505,495,0.505000000,0.005000000,505,0.999927864,0.985644707
restart_auto_random1_regs_only_sample_ro_compact_locked_warmup4_1000x125_run03_20260528,108,4,7,473,527,0.473000000,0.027000000,527,0.997895527,0.924125133
restart_auto_random1_regs_only_sample_ro_compact_locked_warmup4_1000x125_run03_20260528,109,5,0,479,521,0.479000000,0.021000000,521,0.998727169,0.940644722
restart_auto_random1_regs_only_sample_ro_compact_locked_warmup4_1000x125_run03_20260528,109,5,1,497,503,0.497000000,0.003000000,503,0.999974031,0.991369695
restart_auto_random1_regs_only_sample_ro_compact_locked_warmup4_1000x125_run03_20260528,109,5,2,481,519,0.481000000,0.019000000,519,0.998958123,0.946193556
restart_auto_random1_regs_only_sample_ro_compact_locked_warmup4_1000x125_run03_20260528,109,5,3,460,540,0.460000000,0.040000000,540,0.995378439,0.888968688
restart_auto_random1_regs_only_sample_ro_compact_locked_warmup4_1000x125_run03_20260528,109,5,4,476,524,0.476000000,0.024000000,524,0.998337377,0.932361283
restart_auto_random1_regs_only_sample_ro_compact_locked_warmup4_1000x125_run03_20260528,109,5,5,504,496,0.504000000,0.004000000,504,0.999953833,0.988504361
restart_auto_random1_regs_only_sample_ro_compact_locked_warmup4_1000x125_run03_20260528,109,5,6,489,511,0.489000000,0.011000000,511,0.999650840,0.968604804
restart_auto_random1_regs_only_sample_ro_compact_locked_warmup4_1000x125_run03_20260528,109,5,7,486,514,0.486000000,0.014000000,514,0.999434390,0.960159735
restart_auto_random1_regs_only_sample_ro_compact_locked_warmup4_1000x125_run03_20260528,110,6,0,478,522,0.478000000,0.022000000,522,0.998603020,0.937878288
restart_auto_random1_regs_only_sample_ro_compact_locked_warmup4_1000x125_run03_20260528,110,6,1,506,494,0.506000000,0.006000000,506,0.999896123,0.982790710
restart_auto_random1_regs_only_sample_ro_compact_locked_warmup4_1000x125_run03_20260528,110,6,2,480,520,0.480000000,0.020000000,520,0.998845536,0.943416472
restart_auto_random1_regs_only_sample_ro_compact_locked_warmup4_1000x125_run03_20260528,110,6,3,510,490,0.510000000,0.010000000,510,0.999711442,0.971430848
restart_auto_random1_regs_only_sample_ro_compact_locked_warmup4_1000x125_run03_20260528,110,6,4,509,491,0.509000000,0.009000000,509,0.999766271,0.974262439
restart_auto_random1_regs_only_sample_ro_compact_locked_warmup4_1000x125_run03_20260528,110,6,5,488,512,0.488000000,0.012000000,512,0.999584464,0.965784285
restart_auto_random1_regs_only_sample_ro_compact_locked_warmup4_1000x125_run03_20260528,110,6,6,472,528,0.472000000,0.028000000,528,0.997736670,0.921390165
restart_auto_random1_regs_only_sample_ro_compact_locked_warmup4_1000x125_run03_20260528,110,6,7,500,500,0.500000000,0.000000000,500,1.000000000,1.000000000
restart_auto_random1_regs_only_sample_ro_compact_locked_warmup4_1000x125_run03_20260528,111,7,0,503,497,0.503000000,0.003000000,503,0.999974031,0.991369695
restart_auto_random1_regs_only_sample_ro_compact_locked_warmup4_1000x125_run03_20260528,111,7,1,504,496,0.504000000,0.004000000,504,0.999953833,0.988504361
restart_auto_random1_regs_only_sample_ro_compact_locked_warmup4_1000x125_run03_20260528,111,7,2,496,504,0.496000000,0.004000000,504,0.999953833,0.988504361
restart_auto_random1_regs_only_sample_ro_compact_locked_warmup4_1000x125_run03_20260528,111,7,3,496,504,0.496000000,0.004000000,504,0.999953833,0.988504361
restart_auto_random1_regs_only_sample_ro_compact_locked_warmup4_1000x125_run03_20260528,111,7,4,487,513,0.487000000,0.013000000,513,0.999512314,0.962969269
restart_auto_random1_regs_only_sample_ro_compact_locked_warmup4_1000x125_run03_20260528,111,7,5,495,505,0.495000000,0.005000000,505,0.999927864,0.985644707
restart_auto_random1_regs_only_sample_ro_compact_locked_warmup4_1000x125_run03_20260528,111,7,6,498,502,0.498000000,0.002000000,502,0.999988458,0.994240731
restart_auto_random1_regs_only_sample_ro_compact_locked_warmup4_1000x125_run03_20260528,111,7,7,474,526,0.474000000,0.026000000,526,0.998048596,0.926865295
restart_auto_random1_regs_only_sample_ro_compact_locked_warmup4_1000x125_run03_20260528,112,0,0,502,498,0.502000000,0.002000000,502,0.999988458,0.994240731
restart_auto_random1_regs_only_sample_ro_compact_locked_warmup4_1000x125_run03_20260528,112,0,1,501,499,0.501000000,0.001000000,501,0.999997115,0.997117491
restart_auto_random1_regs_only_sample_ro_compact_locked_warmup4_1000x125_run03_20260528,112,0,2,479,521,0.479000000,0.021000000,521,0.998727169,0.940644722
restart_auto_random1_regs_only_sample_ro_compact_locked_warmup4_1000x125_run03_20260528,112,0,3,497,503,0.497000000,0.003000000,503,0.999974031,0.991369695
restart_auto_random1_regs_only_sample_ro_compact_locked_warmup4_1000x125_run03_20260528,112,0,4,508,492,0.508000000,0.008000000,508,0.999815327,0.977099598
restart_auto_random1_regs_only_sample_ro_compact_locked_warmup4_1000x125_run03_20260528,112,0,5,499,501,0.499000000,0.001000000,501,0.999997115,0.997117491
restart_auto_random1_regs_only_sample_ro_compact_locked_warmup4_1000x125_run03_20260528,112,0,6,499,501,0.499000000,0.001000000,501,0.999997115,0.997117491
restart_auto_random1_regs_only_sample_ro_compact_locked_warmup4_1000x125_run03_20260528,112,0,7,499,501,0.499000000,0.001000000,501,0.999997115,0.997117491
restart_auto_random1_regs_only_sample_ro_compact_locked_warmup4_1000x125_run03_20260528,113,1,0,560,440,0.560000000,0.060000000,560,0.989587521,0.836501268
restart_auto_random1_regs_only_sample_ro_compact_locked_warmup4_1000x125_run03_20260528,113,1,1,476,524,0.476000000,0.024000000,524,0.998337377,0.932361283
restart_auto_random1_regs_only_sample_ro_compact_locked_warmup4_1000x125_run03_20260528,113,1,2,485,515,0.485000000,0.015000000,515,0.999350690,0.957355663
restart_auto_random1_regs_only_sample_ro_compact_locked_warmup4_1000x125_run03_20260528,113,1,3,489,511,0.489000000,0.011000000,511,0.999650840,0.968604804
restart_auto_random1_regs_only_sample_ro_compact_locked_warmup4_1000x125_run03_20260528,113,1,4,506,494,0.506000000,0.006000000,506,0.999896123,0.982790710
restart_auto_random1_regs_only_sample_ro_compact_locked_warmup4_1000x125_run03_20260528,113,1,5,504,496,0.504000000,0.004000000,504,0.999953833,0.988504361
restart_auto_random1_regs_only_sample_ro_compact_locked_warmup4_1000x125_run03_20260528,113,1,6,495,505,0.495000000,0.005000000,505,0.999927864,0.985644707
restart_auto_random1_regs_only_sample_ro_compact_locked_warmup4_1000x125_run03_20260528,113,1,7,492,508,0.492000000,0.008000000,508,0.999815327,0.977099598
restart_auto_random1_regs_only_sample_ro_compact_locked_warmup4_1000x125_run03_20260528,114,2,0,498,502,0.498000000,0.002000000,502,0.999988458,0.994240731
restart_auto_random1_regs_only_sample_ro_compact_locked_warmup4_1000x125_run03_20260528,114,2,1,476,524,0.476000000,0.024000000,524,0.998337377,0.932361283
restart_auto_random1_regs_only_sample_ro_compact_locked_warmup4_1000x125_run03_20260528,114,2,2,492,508,0.492000000,0.008000000,508,0.999815327,0.977099598
restart_auto_random1_regs_only_sample_ro_compact_locked_warmup4_1000x125_run03_20260528,114,2,3,487,513,0.487000000,0.013000000,513,0.999512314,0.962969269
restart_auto_random1_regs_only_sample_ro_compact_locked_warmup4_1000x125_run03_20260528,114,2,4,473,527,0.473000000,0.027000000,527,0.997895527,0.924125133
restart_auto_random1_regs_only_sample_ro_compact_locked_warmup4_1000x125_run03_20260528,114,2,5,523,477,0.523000000,0.023000000,523,0.998473090,0.935117148
restart_auto_random1_regs_only_sample_ro_compact_locked_warmup4_1000x125_run03_20260528,114,2,6,521,479,0.521000000,0.021000000,521,0.998727169,0.940644722
restart_auto_random1_regs_only_sample_ro_compact_locked_warmup4_1000x125_run03_20260528,114,2,7,476,524,0.476000000,0.024000000,524,0.998337377,0.932361283
restart_auto_random1_regs_only_sample_ro_compact_locked_warmup4_1000x125_run03_20260528,115,3,0,529,471,0.529000000,0.029000000,529,0.997572025,0.918660373
restart_auto_random1_regs_only_sample_ro_compact_locked_warmup4_1000x125_run03_20260528,115,3,1,518,482,0.518000000,0.018000000,518,0.999064932,0.948975997
restart_auto_random1_regs_only_sample_ro_compact_locked_warmup4_1000x125_run03_20260528,115,3,2,506,494,0.506000000,0.006000000,506,0.999896123,0.982790710
restart_auto_random1_regs_only_sample_ro_compact_locked_warmup4_1000x125_run03_20260528,115,3,3,495,505,0.495000000,0.005000000,505,0.999927864,0.985644707
restart_auto_random1_regs_only_sample_ro_compact_locked_warmup4_1000x125_run03_20260528,115,3,4,475,525,0.475000000,0.025000000,525,0.998195879,0.929610672
restart_auto_random1_regs_only_sample_ro_compact_locked_warmup4_1000x125_run03_20260528,115,3,5,511,489,0.511000000,0.011000000,511,0.999650840,0.968604804
restart_auto_random1_regs_only_sample_ro_compact_locked_warmup4_1000x125_run03_20260528,115,3,6,477,523,0.477000000,0.023000000,523,0.998473090,0.935117148
restart_auto_random1_regs_only_sample_ro_compact_locked_warmup4_1000x125_run03_20260528,115,3,7,493,507,0.493000000,0.007000000,507,0.999858611,0.979942348
restart_auto_random1_regs_only_sample_ro_compact_locked_warmup4_1000x125_run03_20260528,116,4,0,486,514,0.486000000,0.014000000,514,0.999434390,0.960159735
restart_auto_random1_regs_only_sample_ro_compact_locked_warmup4_1000x125_run03_20260528,116,4,1,519,481,0.519000000,0.019000000,519,0.998958123,0.946193556
restart_auto_random1_regs_only_sample_ro_compact_locked_warmup4_1000x125_run03_20260528,116,4,2,508,492,0.508000000,0.008000000,508,0.999815327,0.977099598
restart_auto_random1_regs_only_sample_ro_compact_locked_warmup4_1000x125_run03_20260528,116,4,3,507,493,0.507000000,0.007000000,507,0.999858611,0.979942348
restart_auto_random1_regs_only_sample_ro_compact_locked_warmup4_1000x125_run03_20260528,116,4,4,458,542,0.458000000,0.042000000,542,0.994904169,0.883635243
restart_auto_random1_regs_only_sample_ro_compact_locked_warmup4_1000x125_run03_20260528,116,4,5,502,498,0.502000000,0.002000000,502,0.999988458,0.994240731
restart_auto_random1_regs_only_sample_ro_compact_locked_warmup4_1000x125_run03_20260528,116,4,6,501,499,0.501000000,0.001000000,501,0.999997115,0.997117491
restart_auto_random1_regs_only_sample_ro_compact_locked_warmup4_1000x125_run03_20260528,116,4,7,508,492,0.508000000,0.008000000,508,0.999815327,0.977099598
restart_auto_random1_regs_only_sample_ro_compact_locked_warmup4_1000x125_run03_20260528,117,5,0,497,503,0.497000000,0.003000000,503,0.999974031,0.991369695
restart_auto_random1_regs_only_sample_ro_compact_locked_warmup4_1000x125_run03_20260528,117,5,1,504,496,0.504000000,0.004000000,504,0.999953833,0.988504361
restart_auto_random1_regs_only_sample_ro_compact_locked_warmup4_1000x125_run03_20260528,117,5,2,493,507,0.493000000,0.007000000,507,0.999858611,0.979942348
restart_auto_random1_regs_only_sample_ro_compact_locked_warmup4_1000x125_run03_20260528,117,5,3,498,502,0.498000000,0.002000000,502,0.999988458,0.994240731
restart_auto_random1_regs_only_sample_ro_compact_locked_warmup4_1000x125_run03_20260528,117,5,4,501,499,0.501000000,0.001000000,501,0.999997115,0.997117491
restart_auto_random1_regs_only_sample_ro_compact_locked_warmup4_1000x125_run03_20260528,117,5,5,504,496,0.504000000,0.004000000,504,0.999953833,0.988504361
restart_auto_random1_regs_only_sample_ro_compact_locked_warmup4_1000x125_run03_20260528,117,5,6,462,538,0.462000000,0.038000000,538,0.995829476,0.894321922
restart_auto_random1_regs_only_sample_ro_compact_locked_warmup4_1000x125_run03_20260528,117,5,7,488,512,0.488000000,0.012000000,512,0.999584464,0.965784285
restart_auto_random1_regs_only_sample_ro_compact_locked_warmup4_1000x125_run03_20260528,118,6,0,531,469,0.531000000,0.031000000,531,0.997225361,0.913216234
restart_auto_random1_regs_only_sample_ro_compact_locked_warmup4_1000x125_run03_20260528,118,6,1,517,483,0.517000000,0.017000000,517,0.999165962,0.951763814
restart_auto_random1_regs_only_sample_ro_compact_locked_warmup4_1000x125_run03_20260528,118,6,2,508,492,0.508000000,0.008000000,508,0.999815327,0.977099598
restart_auto_random1_regs_only_sample_ro_compact_locked_warmup4_1000x125_run03_20260528,118,6,3,484,516,0.484000000,0.016000000,516,0.999261214,0.954557029
restart_auto_random1_regs_only_sample_ro_compact_locked_warmup4_1000x125_run03_20260528,118,6,4,520,480,0.520000000,0.020000000,520,0.998845536,0.943416472
restart_auto_random1_regs_only_sample_ro_compact_locked_warmup4_1000x125_run03_20260528,118,6,5,491,509,0.491000000,0.009000000,509,0.999766271,0.974262439
restart_auto_random1_regs_only_sample_ro_compact_locked_warmup4_1000x125_run03_20260528,118,6,6,506,494,0.506000000,0.006000000,506,0.999896123,0.982790710
restart_auto_random1_regs_only_sample_ro_compact_locked_warmup4_1000x125_run03_20260528,118,6,7,502,498,0.502000000,0.002000000,502,0.999988458,0.994240731
restart_auto_random1_regs_only_sample_ro_compact_locked_warmup4_1000x125_run03_20260528,119,7,0,484,516,0.484000000,0.016000000,516,0.999261214,0.954557029
restart_auto_random1_regs_only_sample_ro_compact_locked_warmup4_1000x125_run03_20260528,119,7,1,499,501,0.499000000,0.001000000,501,0.999997115,0.997117491
restart_auto_random1_regs_only_sample_ro_compact_locked_warmup4_1000x125_run03_20260528,119,7,2,476,524,0.476000000,0.024000000,524,0.998337377,0.932361283
restart_auto_random1_regs_only_sample_ro_compact_locked_warmup4_1000x125_run03_20260528,119,7,3,516,484,0.516000000,0.016000000,516,0.999261214,0.954557029
restart_auto_random1_regs_only_sample_ro_compact_locked_warmup4_1000x125_run03_20260528,119,7,4,502,498,0.502000000,0.002000000,502,0.999988458,0.994240731
restart_auto_random1_regs_only_sample_ro_compact_locked_warmup4_1000x125_run03_20260528,119,7,5,503,497,0.503000000,0.003000000,503,0.999974031,0.991369695
restart_auto_random1_regs_only_sample_ro_compact_locked_warmup4_1000x125_run03_20260528,119,7,6,495,505,0.495000000,0.005000000,505,0.999927864,0.985644707
restart_auto_random1_regs_only_sample_ro_compact_locked_warmup4_1000x125_run03_20260528,119,7,7,516,484,0.516000000,0.016000000,516,0.999261214,0.954557029
restart_auto_random1_regs_only_sample_ro_compact_locked_warmup4_1000x125_run03_20260528,120,0,0,498,502,0.498000000,0.002000000,502,0.999988458,0.994240731
restart_auto_random1_regs_only_sample_ro_compact_locked_warmup4_1000x125_run03_20260528,120,0,1,501,499,0.501000000,0.001000000,501,0.999997115,0.997117491
restart_auto_random1_regs_only_sample_ro_compact_locked_warmup4_1000x125_run03_20260528,120,0,2,510,490,0.510000000,0.010000000,510,0.999711442,0.971430848
restart_auto_random1_regs_only_sample_ro_compact_locked_warmup4_1000x125_run03_20260528,120,0,3,514,486,0.514000000,0.014000000,514,0.999434390,0.960159735
restart_auto_random1_regs_only_sample_ro_compact_locked_warmup4_1000x125_run03_20260528,120,0,4,489,511,0.489000000,0.011000000,511,0.999650840,0.968604804
restart_auto_random1_regs_only_sample_ro_compact_locked_warmup4_1000x125_run03_20260528,120,0,5,484,516,0.484000000,0.016000000,516,0.999261214,0.954557029
restart_auto_random1_regs_only_sample_ro_compact_locked_warmup4_1000x125_run03_20260528,120,0,6,517,483,0.517000000,0.017000000,517,0.999165962,0.951763814
restart_auto_random1_regs_only_sample_ro_compact_locked_warmup4_1000x125_run03_20260528,120,0,7,496,504,0.496000000,0.004000000,504,0.999953833,0.988504361
restart_auto_random1_regs_only_sample_ro_compact_locked_warmup4_1000x125_run03_20260528,121,1,0,482,518,0.482000000,0.018000000,518,0.999064932,0.948975997
restart_auto_random1_regs_only_sample_ro_compact_locked_warmup4_1000x125_run03_20260528,121,1,1,489,511,0.489000000,0.011000000,511,0.999650840,0.968604804
restart_auto_random1_regs_only_sample_ro_compact_locked_warmup4_1000x125_run03_20260528,121,1,2,498,502,0.498000000,0.002000000,502,0.999988458,0.994240731
restart_auto_random1_regs_only_sample_ro_compact_locked_warmup4_1000x125_run03_20260528,121,1,3,477,523,0.477000000,0.023000000,523,0.998473090,0.935117148
restart_auto_random1_regs_only_sample_ro_compact_locked_warmup4_1000x125_run03_20260528,121,1,4,491,509,0.491000000,0.009000000,509,0.999766271,0.974262439
restart_auto_random1_regs_only_sample_ro_compact_locked_warmup4_1000x125_run03_20260528,121,1,5,495,505,0.495000000,0.005000000,505,0.999927864,0.985644707
restart_auto_random1_regs_only_sample_ro_compact_locked_warmup4_1000x125_run03_20260528,121,1,6,498,502,0.498000000,0.002000000,502,0.999988458,0.994240731
restart_auto_random1_regs_only_sample_ro_compact_locked_warmup4_1000x125_run03_20260528,121,1,7,484,516,0.484000000,0.016000000,516,0.999261214,0.954557029
restart_auto_random1_regs_only_sample_ro_compact_locked_warmup4_1000x125_run03_20260528,122,2,0,469,531,0.469000000,0.031000000,531,0.997225361,0.913216234
restart_auto_random1_regs_only_sample_ro_compact_locked_warmup4_1000x125_run03_20260528,122,2,1,518,482,0.518000000,0.018000000,518,0.999064932,0.948975997
restart_auto_random1_regs_only_sample_ro_compact_locked_warmup4_1000x125_run03_20260528,122,2,2,483,517,0.483000000,0.017000000,517,0.999165962,0.951763814
restart_auto_random1_regs_only_sample_ro_compact_locked_warmup4_1000x125_run03_20260528,122,2,3,493,507,0.493000000,0.007000000,507,0.999858611,0.979942348
restart_auto_random1_regs_only_sample_ro_compact_locked_warmup4_1000x125_run03_20260528,122,2,4,496,504,0.496000000,0.004000000,504,0.999953833,0.988504361
restart_auto_random1_regs_only_sample_ro_compact_locked_warmup4_1000x125_run03_20260528,122,2,5,484,516,0.484000000,0.016000000,516,0.999261214,0.954557029
restart_auto_random1_regs_only_sample_ro_compact_locked_warmup4_1000x125_run03_20260528,122,2,6,494,506,0.494000000,0.006000000,506,0.999896123,0.982790710
restart_auto_random1_regs_only_sample_ro_compact_locked_warmup4_1000x125_run03_20260528,122,2,7,454,546,0.454000000,0.046000000,546,0.993885872,0.873027144
restart_auto_random1_regs_only_sample_ro_compact_locked_warmup4_1000x125_run03_20260528,123,3,0,509,491,0.509000000,0.009000000,509,0.999766271,0.974262439
restart_auto_random1_regs_only_sample_ro_compact_locked_warmup4_1000x125_run03_20260528,123,3,1,484,516,0.484000000,0.016000000,516,0.999261214,0.954557029
restart_auto_random1_regs_only_sample_ro_compact_locked_warmup4_1000x125_run03_20260528,123,3,2,479,521,0.479000000,0.021000000,521,0.998727169,0.940644722
restart_auto_random1_regs_only_sample_ro_compact_locked_warmup4_1000x125_run03_20260528,123,3,3,487,513,0.487000000,0.013000000,513,0.999512314,0.962969269
restart_auto_random1_regs_only_sample_ro_compact_locked_warmup4_1000x125_run03_20260528,123,3,4,465,535,0.465000000,0.035000000,535,0.996462505,0.902389203
restart_auto_random1_regs_only_sample_ro_compact_locked_warmup4_1000x125_run03_20260528,123,3,5,495,505,0.495000000,0.005000000,505,0.999927864,0.985644707
restart_auto_random1_regs_only_sample_ro_compact_locked_warmup4_1000x125_run03_20260528,123,3,6,470,530,0.470000000,0.030000000,530,0.997401589,0.915935735
restart_auto_random1_regs_only_sample_ro_compact_locked_warmup4_1000x125_run03_20260528,123,3,7,487,513,0.487000000,0.013000000,513,0.999512314,0.962969269
restart_auto_random1_regs_only_sample_ro_compact_locked_warmup4_1000x125_run03_20260528,124,4,0,486,514,0.486000000,0.014000000,514,0.999434390,0.960159735
restart_auto_random1_regs_only_sample_ro_compact_locked_warmup4_1000x125_run03_20260528,124,4,1,523,477,0.523000000,0.023000000,523,0.998473090,0.935117148
restart_auto_random1_regs_only_sample_ro_compact_locked_warmup4_1000x125_run03_20260528,124,4,2,516,484,0.516000000,0.016000000,516,0.999261214,0.954557029
restart_auto_random1_regs_only_sample_ro_compact_locked_warmup4_1000x125_run03_20260528,124,4,3,491,509,0.491000000,0.009000000,509,0.999766271,0.974262439
restart_auto_random1_regs_only_sample_ro_compact_locked_warmup4_1000x125_run03_20260528,124,4,4,518,482,0.518000000,0.018000000,518,0.999064932,0.948975997
restart_auto_random1_regs_only_sample_ro_compact_locked_warmup4_1000x125_run03_20260528,124,4,5,510,490,0.510000000,0.010000000,510,0.999711442,0.971430848
restart_auto_random1_regs_only_sample_ro_compact_locked_warmup4_1000x125_run03_20260528,124,4,6,512,488,0.512000000,0.012000000,512,0.999584464,0.965784285
restart_auto_random1_regs_only_sample_ro_compact_locked_warmup4_1000x125_run03_20260528,124,4,7,498,502,0.498000000,0.002000000,502,0.999988458,0.994240731
