label,seq,rand_bit,stage_xor_hex,snapshot64_hex,b00,b01,b02,b03,b04,b05,b06,b07,b08,b09,b10,b11,b12,b13,b14,b15,b16,b17,b18,b19,b20,b21,b22,b23,b24,b25,b26,b27,b28,b29,b30,b31,b32,b33,b34,b35,b36,b37,b38,b39,b40,b41,b42,b43,b44,b45,b46,b47,b48,b49,b50,b51,b52,b53,b54,b55,b56,b57,b58,b59,b60,b61,b62,b63,sx0,sx1,sx2,sx3,sx4,sx5,sx6,sx7
sampler_snapshot_random1_sampler_island_warmup5_cap1024_20260526,0,1,D3,DA7C3CA7C3591C2C,0,0,1,1,0,1,0,0,0,0,1,1,1,0,0,0,1,0,0,1,1,0,1,0,1,1,0,0,0,0,1,1,1,1,1,0,0,1,0,1,0,0,1,1,1,1,0,0,0,0,1,1,1,1,1,0,0,1,0,1,1,0,1,1,1,1,0,0,1,0,1,1
sampler_snapshot_random1_sampler_island_warmup5_cap1024_20260526,1,0,2C,1B69ECC69731784E,0,1,1,1,0,0,1,0,0,0,0,1,1,1,1,0,1,0,0,0,1,1,0,0,1,1,1,0,1,0,0,1,0,1,1,0,0,0,1,1,0,0,1,1,0,1,1,1,1,0,0,1,0,1,1,0,1,1,0,1,1,0,0,0,0,0,1,1,0,1,0,0
sampler_snapshot_random1_sampler_island_warmup5_cap1024_20260526,2,1,F6,6408CB9BF66429DB,1,1,0,1,1,0,1,1,1,0,0,1,0,1,0,0,0,0,1,0,0,1,1,0,0,1,1,0,1,1,1,1,1,1,0,1,1,0,0,1,1,1,0,1,0,0,1,1,0,0,0,1,0,0,0,0,0,0,1,0,0,1,1,0,0,1,1,0,1,1,1,1
sampler_snapshot_random1_sampler_island_warmup5_cap1024_20260526,3,0,EB,64DC9BBB75444CBA,0,1,0,1,1,1,0,1,0,0,1,1,0,0,1,0,0,0,1,0,0,0,1,0,1,0,1,0,1,1,1,0,1,1,0,1,1,1,0,1,1,1,0,1,1,0,0,1,0,0,1,1,1,0,1,1,0,0,1,0,0,1,1,0,1,1,0,1,0,1,1,1
sampler_snapshot_random1_sampler_island_warmup5_cap1024_20260526,4,1,A5,01BDFEEE2101DEFE,0,1,1,1,1,1,1,1,0,1,1,1,1,0,1,1,1,0,0,0,0,0,0,0,1,0,0,0,0,1,0,0,0,1,1,1,0,1,1,1,0,1,1,1,1,1,1,1,1,0,1,1,1,1,0,1,1,0,0,0,0,0,0,0,1,0,1,0,0,1,0,1
sampler_snapshot_random1_sampler_island_warmup5_cap1024_20260526,5,1,3E,50BBBF0D4052BFAF,1,1,1,1,0,1,0,1,1,1,1,1,1,1,0,1,0,1,0,0,1,0,1,0,0,0,0,0,0,0,1,0,1,0,1,1,0,0,0,0,1,1,1,1,1,1,0,1,1,1,0,1,1,1,0,1,0,0,0,0,1,0,1,0,0,1,1,1,1,1,0,0
sampler_snapshot_random1_sampler_island_warmup5_cap1024_20260526,6,0,AF,94E2CB4D1CB6F2CB,1,1,0,1,0,0,1,1,0,1,0,0,1,1,1,1,0,1,1,0,1,1,0,1,0,0,1,1,1,0,0,0,1,0,1,1,0,0,1,0,1,1,0,1,0,0,1,1,0,1,0,0,0,1,1,1,0,0,1,0,1,0,0,1,1,1,1,1,0,1,0,1
sampler_snapshot_random1_sampler_island_warmup5_cap1024_20260526,7,1,34,F587C8587DA7E2D8,0,0,0,1,1,0,1,1,0,1,0,0,0,1,1,1,1,1,1,0,0,1,0,1,1,0,1,1,1,1,1,0,0,0,0,1,1,0,1,0,0,0,0,1,0,0,1,1,1,1,1,0,0,0,0,1,1,0,1,0,1,1,1,1,0,0,1,0,1,1,0,0
sampler_snapshot_random1_sampler_island_warmup5_cap1024_20260526,8,0,3C,E7D71C387AC787BD,1,0,1,1,1,1,0,1,1,1,1,0,0,0,0,1,1,1,1,0,0,0,1,1,0,1,0,1,1,1,1,0,0,0,0,1,1,1,0,0,0,0,1,1,1,0,0,0,1,1,1,0,1,0,1,1,1,1,1,0,0,1,1,1,0,0,1,1,1,1,0,0
sampler_snapshot_random1_sampler_island_warmup5_cap1024_20260526,9,1,77,82F2756DAA8AD575,1,0,1,0,1,1,1,0,1,0,1,0,1,0,1,1,0,1,0,1,0,0,0,1,0,1,0,1,0,1,0,1,1,0,1,1,0,1,1,0,1,0,1,0,1,1,1,0,0,1,0,0,1,1,1,1,0,1,0,0,0,0,0,1,1,1,1,0,1,1,1,0
sampler_snapshot_random1_sampler_island_warmup5_cap1024_20260526,10,1,67,DB31340CCFFBB020,0,0,0,0,0,1,0,0,0,0,0,0,1,1,0,1,1,1,0,1,1,1,1,1,1,1,1,1,0,0,1,1,0,0,1,1,0,0,0,0,0,0,1,0,1,1,0,0,1,0,0,0,1,1,0,0,1,1,0,1,1,0,1,1,1,1,1,0,0,1,1,0
sampler_snapshot_random1_sampler_island_warmup5_cap1024_20260526,11,0,85,DF650082DEFD7101,1,0,0,0,0,0,0,0,1,0,0,0,1,1,1,0,1,0,1,1,1,1,1,1,0,1,1,1,1,0,1,1,0,1,0,0,0,0,0,1,0,0,0,0,0,0,0,0,1,0,1,0,0,1,1,0,1,1,1,1,1,0,1,1,1,0,1,0,0,0,0,1
sampler_snapshot_random1_sampler_island_warmup5_cap1024_20260526,12,1,78,BE0445D3BAAC6547,1,1,1,0,0,0,1,0,1,0,1,0,0,1,1,0,0,0,1,1,0,1,0,1,0,1,0,1,1,1,0,1,1,1,0,0,1,0,1,1,1,0,1,0,0,0,1,0,0,0,1,0,0,0,0,0,0,1,1,1,1,1,0,1,0,0,0,1,1,1,1,0
sampler_snapshot_random1_sampler_island_warmup5_cap1024_20260526,13,1,FE,684016B6FB490436,0,1,1,0,1,1,0,0,0,0,1,0,0,0,0,0,1,0,0,1,0,0,1,0,1,1,0,1,1,1,1,1,0,1,1,0,1,1,0,1,0,1,1,0,1,0,0,0,0,0,0,0,0,0,1,0,0,0,0,1,0,1,1,0,0,1,1,1,1,1,1,1
sampler_snapshot_random1_sampler_island_warmup5_cap1024_20260526,14,0,50,0979F6E68D0959F6,0,1,1,0,1,1,1,1,1,0,0,1,1,0,1,0,1,0,0,1,0,0,0,0,1,0,1,1,0,0,0,1,0,1,1,0,0,1,1,1,0,1,1,0,1,1,1,1,1,0,0,1,1,1,1,0,1,0,0,1,0,0,0,0,0,0,0,0,1,0,1,0
sampler_snapshot_random1_sampler_island_warmup5_cap1024_20260526,15,0,4E,5CBCF3C3C47C3BC3,1,1,0,0,0,0,1,1,1,1,0,1,1,1,0,0,0,0,1,1,1,1,1,0,0,0,1,0,0,0,1,1,1,1,0,0,0,0,1,1,1,1,0,0,1,1,1,1,0,0,1,1,1,1,0,1,0,0,1,1,1,0,1,0,0,1,1,1,0,0,1,0
sampler_snapshot_random1_sampler_island_warmup5_cap1024_20260526,16,1,AF,7CEE8381457C3E86,0,1,1,0,0,0,0,1,0,1,1,1,1,1,0,0,0,0,1,1,1,1,1,0,1,0,1,0,0,0,1,0,1,0,0,0,0,0,0,1,1,1,0,0,0,0,0,1,0,1,1,1,0,1,1,1,0,0,1,1,1,1,1,0,1,1,1,1,0,1,0,1
sampler_snapshot_random1_sampler_island_warmup5_cap1024_20260526,17,1,69,398FCED4312BEECE,0,1,1,1,0,0,1,1,0,1,1,1,0,1,1,1,1,1,0,1,0,1,0,0,1,0,0,0,1,1,0,0,0,0,1,0,1,0,1,1,0,1,1,1,0,0,1,1,1,1,1,1,0,0,0,1,1,0,0,1,1,1,0,0,1,0,0,1,0,1,1,0
sampler_snapshot_random1_sampler_island_warmup5_cap1024_20260526,18,1,CE,688A9F3570C28FBD,1,0,1,1,1,1,0,1,1,1,1,1,0,0,0,1,0,1,0,0,0,0,1,1,0,0,0,0,1,1,1,0,1,0,1,0,1,1,0,0,1,1,1,1,1,0,0,1,0,1,0,1,0,0,0,1,0,0,0,1,0,1,1,0,0,1,1,1,0,0,1,1
sampler_snapshot_random1_sampler_island_warmup5_cap1024_20260526,19,0,89,86FAF96504C6CAF8,0,0,0,1,1,1,1,1,0,1,0,1,0,0,1,1,0,1,1,0,0,0,1,1,0,0,1,0,0,0,0,0,1,0,1,0,0,1,1,0,1,0,0,1,1,1,1,1,0,1,0,1,1,1,1,1,0,1,1,0,0,0,0,1,1,0,0,1,0,0,0,1
sampler_snapshot_random1_sampler_island_warmup5_cap1024_20260526,20,0,CB,97BF784807B7FEC8,0,0,0,1,0,0,1,1,0,1,1,1,1,1,1,1,1,1,1,0,1,1,0,1,1,1,1,0,0,0,0,0,0,0,0,1,0,0,1,0,0,0,0,1,1,1,1,0,1,1,1,1,1,1,0,1,1,1,1,0,1,0,0,1,1,1,0,1,0,0,1,1
sampler_snapshot_random1_sampler_island_warmup5_cap1024_20260526,21,0,B9,F7CF0D0DC2F6BD0D,1,0,1,1,0,0,0,0,1,0,1,1,1,1,0,1,0,1,1,0,1,1,1,1,0,1,0,0,0,0,1,1,1,0,1,1,0,0,0,0,1,0,1,1,0,0,0,0,1,1,1,1,0,0,1,1,1,1,1,0,1,1,1,1,1,0,0,1,1,1,0,1
sampler_snapshot_random1_sampler_island_warmup5_cap1024_20260526,22,1,16,B2484D7FB2B0EC4D,1,0,1,1,0,0,1,0,0,0,1,1,0,1,1,1,0,0,0,0,1,1,0,1,0,1,0,0,1,1,0,1,1,1,1,1,1,1,1,0,1,0,1,1,0,0,1,0,0,0,0,1,0,0,1,0,0,1,0,0,1,1,0,1,0,1,1,0,1,0,0,0
sampler_snapshot_random1_sampler_island_warmup5_cap1024_20260526,23,1,C0,E30148BEFFC50078,0,0,0,1,1,1,1,0,0,0,0,0,0,0,0,0,1,0,1,0,0,0,1,1,1,1,1,1,1,1,1,1,0,1,1,1,1,1,0,1,0,0,0,1,0,0,1,0,1,0,0,0,0,0,0,0,1,1,0,0,0,1,1,1,0,0,0,0,0,0,1,1
sampler_snapshot_random1_sampler_island_warmup5_cap1024_20260526,24,1,D9,C7753ABACEC5413B,1,1,0,1,1,1,0,0,1,0,0,0,0,0,1,0,1,0,1,0,0,0,1,1,0,1,1,1,0,0,1,1,0,1,0,1,1,1,0,1,0,1,0,1,1,1,0,0,1,0,1,0,1,1,1,0,1,1,1,0,0,0,1,1,1,0,0,1,1,0,1,1
sampler_snapshot_random1_sampler_island_warmup5_cap1024_20260526,25,0,77,14347FCB8834754F,1,1,1,1,0,0,1,0,1,0,1,0,1,1,1,0,0,0,1,0,1,1,0,0,0,0,0,1,0,0,0,1,1,1,0,1,0,0,1,1,1,1,1,1,1,1,1,0,0,0,1,0,1,1,0,0,0,0,1,0,1,0,0,0,1,1,1,0,1,1,1,0
sampler_snapshot_random1_sampler_island_warmup5_cap1024_20260526,26,1,24,7100868EC9793606,0,1,1,0,0,0,0,0,0,1,1,0,1,1,0,0,1,0,0,1,1,1,1,0,1,0,0,1,0,0,1,1,0,1,1,1,0,0,0,1,0,1,1,0,0,0,0,1,0,0,0,0,0,0,0,0,1,0,0,0,1,1,1,0,0,0,1,0,0,1,0,0
sampler_snapshot_random1_sampler_island_warmup5_cap1024_20260526,27,0,52,3943C6FEBD3943C3,1,1,0,0,0,0,1,1,1,1,0,0,0,0,1,0,1,0,0,1,1,1,0,0,1,0,1,1,1,1,0,1,0,1,1,1,1,1,1,1,0,1,1,0,0,0,1,1,1,1,0,0,0,0,1,0,1,0,0,1,1,1,0,0,0,1,0,0,1,0,1,0
sampler_snapshot_random1_sampler_island_warmup5_cap1024_20260526,28,1,6E,6C86E3F97C0E43F3,1,1,0,0,1,1,1,1,1,1,0,0,0,0,1,0,0,1,1,1,0,0,0,0,0,0,1,1,1,1,1,0,1,0,0,1,1,1,1,1,1,1,0,0,0,1,1,1,0,1,1,0,0,0,0,1,0,0,1,1,0,1,1,0,0,1,1,1,0,1,1,0
sampler_snapshot_random1_sampler_island_warmup5_cap1024_20260526,29,0,97,4CF6B2B04D4F86B6,0,1,1,0,1,1,0,1,0,1,1,0,0,0,0,1,1,1,1,1,0,0,1,0,1,0,1,1,0,0,1,0,0,0,0,0,1,1,0,1,0,1,0,0,1,1,0,1,0,1,1,0,1,1,1,1,0,0,1,1,0,0,1,0,1,1,1,0,1,0,0,1
sampler_snapshot_random1_sampler_island_warmup5_cap1024_20260526,30,1,E4,0BF7F444093BF6D4,0,0,1,0,1,0,1,1,0,1,1,0,1,1,1,1,1,1,0,1,1,1,0,0,1,0,0,1,0,0,0,0,0,0,1,0,0,0,1,0,0,0,1,0,1,1,1,1,1,1,1,0,1,1,1,1,1,1,0,1,0,0,0,0,0,0,1,0,0,1,1,1
sampler_snapshot_random1_sampler_island_warmup5_cap1024_20260526,31,1,21,FA9A85056AFABB85,1,0,1,0,0,0,0,1,1,1,0,1,1,1,0,1,0,1,0,1,1,1,1,1,0,1,0,1,0,1,1,0,1,0,1,0,0,0,0,0,1,0,1,0,0,0,0,1,0,1,0,1,1,0,0,1,0,1,0,1,1,1,1,1,1,0,0,0,0,1,0,0
sampler_snapshot_random1_sampler_island_warmup5_cap1024_20260526,32,0,88,FECA817137DED8A0,0,0,0,0,0,1,0,1,0,0,0,1,1,0,1,1,0,1,1,1,1,0,1,1,1,1,1,0,1,1,0,0,1,0,0,0,1,1,1,0,1,0,0,0,0,0,0,1,0,1,0,1,0,0,1,1,0,1,1,1,1,1,1,1,0,0,0,1,0,0,0,1
sampler_snapshot_random1_sampler_island_warmup5_cap1024_20260526,33,0,8D,8F8D6072378FCC70,0,0,0,0,1,1,1,0,0,0,1,1,0,0,1,1,1,1,1,1,0,0,0,1,1,1,1,0,1,1,0,0,0,1,0,0,1,1,1,0,0,0,0,0,0,1,1,0,1,0,1,1,0,0,0,1,1,1,1,1,0,0,0,1,1,0,1,1,0,0,0,1
sampler_snapshot_random1_sampler_island_warmup5_cap1024_20260526,34,1,B5,CE7D3D37D2C88D3D,1,0,1,1,1,1,0,0,1,0,1,1,0,0,0,1,0,0,0,1,0,0,1,1,0,1,0,0,1,0,1,1,1,1,1,0,1,1,0,0,1,0,1,1,1,1,0,0,1,0,1,1,1,1,1,0,0,1,1,1,0,0,1,1,1,0,1,0,1,1,0,1
sampler_snapshot_random1_sampler_island_warmup5_cap1024_20260526,35,0,84,8A787D4782B0FC5F,1,1,1,1,1,0,1,0,0,0,1,1,1,1,1,1,0,0,0,0,1,1,0,1,0,1,0,0,0,0,0,1,1,1,1,0,0,0,1,0,1,0,1,1,1,1,1,0,0,0,0,1,1,1,1,0,0,1,0,1,0,0,0,1,0,0,1,0,0,0,0,1
sampler_snapshot_random1_sampler_island_warmup5_cap1024_20260526,36,1,C3,F1195A8EE7F5384A,0,1,0,1,0,0,1,0,0,0,0,1,1,1,0,0,1,0,1,0,1,1,1,1,1,1,1,0,0,1,1,1,0,1,1,1,0,0,0,1,0,1,0,1,1,0,1,0,1,0,0,1,1,0,0,0,1,0,0,0,1,1,1,1,1,1,0,0,0,0,1,1
sampler_snapshot_random1_sampler_island_warmup5_cap1024_20260526,37,1,3C,F54D0BBAF454592B,1,1,0,1,0,1,0,0,1,0,0,1,1,0,1,0,0,0,1,0,1,0,1,0,0,0,1,0,1,1,1,1,0,1,0,1,1,1,0,1,1,1,0,1,0,0,0,0,1,0,1,1,0,0,1,0,1,0,1,0,1,1,1,1,0,0,1,1,1,1,0,0
sampler_snapshot_random1_sampler_island_warmup5_cap1024_20260526,38,0,BD,040CEFFBB0044E7F,1,1,1,1,1,1,1,0,0,1,1,1,0,0,1,0,0,0,1,0,0,0,0,0,0,0,0,0,1,1,0,1,1,1,0,1,1,1,1,1,1,1,1,1,0,1,1,1,0,0,1,1,0,0,0,0,0,0,1,0,0,0,0,0,1,0,1,1,1,1,0,1
sampler_snapshot_random1_sampler_island_warmup5_cap1024_20260526,39,1,56,413BBEBCD1430EBE,0,1,1,1,1,1,0,1,0,1,1,1,0,0,0,0,1,1,0,0,0,0,1,0,1,0,0,0,1,0,1,1,0,0,1,1,1,1,0,1,0,1,1,1,1,1,0,1,1,1,0,1,1,1,0,0,1,0,0,0,0,0,1,0,0,1,1,0,1,0,1,0
sampler_snapshot_random1_sampler_island_warmup5_cap1024_20260526,40,0,AE,01F3FECC8C2373DB,1,1,0,1,1,0,1,1,1,1,0,0,1,1,1,0,1,1,0,0,0,1,0,0,0,0,1,1,0,0,0,1,0,0,1,1,0,0,1,1,0,1,1,1,1,1,1,1,1,1,0,0,1,1,1,1,1,0,0,0,0,0,0,0,0,1,1,1,0,1,0,1
sampler_snapshot_random1_sampler_island_warmup5_cap1024_20260526,41,0,A0,3496D9C96C36F3C9,1,0,0,1,0,0,1,1,1,1,0,0,1,1,1,1,0,1,1,0,1,1,0,0,0,0,1,1,0,1,1,0,1,0,0,1,0,0,1,1,1,0,0,1,1,0,1,1,0,1,1,0,1,0,0,1,0,0,1,0,1,1,0,0,0,0,0,0,0,1,0,1
sampler_snapshot_random1_sampler_island_warmup5_cap1024_20260526,42,0,24,77C68C287B5796AC,0,0,1,1,0,1,0,1,0,1,1,0,1,0,0,1,1,1,1,0,1,0,1,0,1,1,0,1,1,1,1,0,0,0,0,1,0,1,0,0,0,0,1,1,0,0,0,1,0,1,1,0,0,0,1,1,1,1,1,0,1,1,1,0,0,0,1,0,0,1,0,0
sampler_snapshot_random1_sampler_island_warmup5_cap1024_20260526,43,1,19,03C3E47C3B8BC5F4,0,0,1,0,1,1,1,1,1,0,1,0,0,0,1,1,1,1,0,1,0,0,0,1,1,1,0,1,1,1,0,0,0,0,1,1,1,1,1,0,0,0,1,0,0,1,1,1,1,1,0,0,0,0,1,1,1,1,0,0,0,0,0,0,1,0,0,1,1,0,0,0
sampler_snapshot_random1_sampler_island_warmup5_cap1024_20260526,44,0,79,CAB0B53D5ECA81B5,1,0,1,0,1,1,0,1,1,0,0,0,0,0,0,1,0,1,0,1,0,0,1,1,0,1,1,1,1,0,1,0,1,0,1,1,1,1,0,0,1,0,1,0,1,1,0,1,0,0,0,0,1,1,0,1,0,1,0,1,0,0,1,1,1,0,0,1,1,1,1,0
sampler_snapshot_random1_sampler_island_warmup5_cap1024_20260526,45,1,C8,CEF430034FEDF090,0,0,0,0,1,0,0,1,0,0,0,0,1,1,1,1,1,0,1,1,0,1,1,1,1,1,1,1,0,0,1,0,1,1,0,0,0,0,0,0,0,0,0,0,1,1,0,0,0,0,1,0,1,1,1,1,0,1,1,1,0,0,1,1,0,0,0,1,0,0,1,1
sampler_snapshot_random1_sampler_island_warmup5_cap1024_20260526,46,1,82,BF955042AFBDF442,0,1,0,0,0,0,1,0,0,0,1,0,1,1,1,1,1,0,1,1,1,1,0,1,1,1,1,1,0,1,0,1,0,1,0,0,0,0,1,0,0,0,0,0,1,0,1,0,1,0,1,0,1,0,0,1,1,1,1,1,1,1,0,1,0,1,0,0,0,0,0,1
sampler_snapshot_random1_sampler_island_warmup5_cap1024_20260526,47,0,A0,F8440727FAD89527,1,1,1,0,0,1,0,0,1,0,1,0,1,0,0,1,0,0,0,1,1,0,1,1,0,1,0,1,1,1,1,1,1,1,1,0,0,1,0,0,1,1,1,0,0,0,0,0,0,0,1,0,0,0,1,0,0,0,0,1,1,1,1,1,0,0,0,0,0,1,0,1
sampler_snapshot_random1_sampler_island_warmup5_cap1024_20260526,48,1,FA,986867F7B9884C66,0,1,1,0,0,1,1,0,0,0,1,1,0,0,1,0,0,0,0,1,0,0,0,1,1,0,0,1,1,1,0,1,1,1,1,0,1,1,1,1,1,1,1,0,0,1,1,0,0,0,0,1,0,1,1,0,0,0,0,1,1,0,0,1,0,1,0,1,1,1,1,1
sampler_snapshot_random1_sampler_island_warmup5_cap1024_20260526,49,0,DE,CD2972D6D5CD2A72,0,1,0,0,1,1,1,0,0,1,0,1,0,1,0,0,1,0,1,1,0,0,1,1,1,0,1,0,1,0,1,1,0,1,1,0,1,0,1,1,0,1,0,0,1,1,1,0,1,0,0,1,0,1,0,0,1,0,1,1,0,0,1,1,0,1,1,1,1,0,1,1
sampler_snapshot_random1_sampler_island_warmup5_cap1024_20260526,50,0,C9,4C7F3381C46C2B13,1,1,0,0,1,0,0,0,1,1,0,1,0,1,0,0,0,0,1,1,0,1,1,0,0,0,1,0,0,0,1,1,1,0,0,0,0,0,0,1,1,1,0,0,1,1,0,0,1,1,1,1,1,1,1,0,0,0,1,1,0,0,1,0,1,0,0,1,0,0,1,1
sampler_snapshot_random1_sampler_island_warmup5_cap1024_20260526,51,1,35,3C1EDFC1A03E7E4F,1,1,1,1,0,0,1,0,0,1,1,1,1,1,1,0,0,1,1,1,1,1,0,0,0,0,0,0,0,1,0,1,1,0,0,0,0,0,1,1,1,1,1,1,1,0,1,1,0,1,1,1,1,0,0,0,0,0,1,1,1,1,0,0,1,0,1,0,1,1,0,0
sampler_snapshot_random1_sampler_island_warmup5_cap1024_20260526,52,0,D0,790B8EA4E1531EAC,0,0,1,1,0,1,0,1,0,1,1,1,1,0,0,0,1,1,0,0,1,0,1,0,1,0,0,0,0,1,1,1,0,0,1,0,0,1,0,1,0,1,1,1,0,0,0,1,1,1,0,1,0,0,0,0,1,0,0,1,1,1,1,0,0,0,0,0,1,0,1,1
sampler_snapshot_random1_sampler_island_warmup5_cap1024_20260526,53,0,9D,13EBEDF434524BE9,1,0,0,1,0,1,1,1,1,1,0,1,0,0,1,0,0,1,0,0,1,0,1,0,0,0,1,0,1,1,0,0,0,0,1,0,1,1,1,1,1,0,1,1,0,1,1,1,1,1,0,1,0,1,1,1,1,1,0,0,1,0,0,0,1,0,1,1,1,0,0,1
sampler_snapshot_random1_sampler_island_warmup5_cap1024_20260526,54,1,78,06AEE9D91606EBF9,1,0,0,1,1,1,1,1,1,1,0,1,0,1,1,1,0,1,1,0,0,0,0,0,0,1,1,0,1,0,0,0,1,0,0,1,1,0,1,1,1,0,0,1,0,1,1,1,0,1,1,1,0,1,0,1,0,1,1,0,0,0,0,0,0,0,0,1,1,1,1,0
sampler_snapshot_random1_sampler_island_warmup5_cap1024_20260526,55,1,0C,47FF9C184367AC9C,0,0,1,1,1,0,0,1,0,0,1,1,0,1,0,1,1,1,1,0,0,1,1,0,1,1,0,0,0,0,1,0,0,0,0,1,1,0,0,0,0,0,1,1,1,0,0,1,1,1,1,1,1,1,1,1,1,1,1,0,0,0,1,0,0,0,1,1,0,0,0,0
sampler_snapshot_random1_sampler_island_warmup5_cap1024_20260526,56,1,E7,B3D9DC4E22B3FDCD,1,0,1,1,0,0,1,1,1,0,1,1,1,1,1,1,1,1,0,0,1,1,0,1,0,1,0,0,0,1,0,0,0,1,1,1,0,0,1,0,0,0,1,1,1,0,1,1,1,0,0,1,1,0,1,1,1,1,0,0,1,1,0,1,1,1,1,0,0,1,1,1
sampler_snapshot_random1_sampler_island_warmup5_cap1024_20260526,57,1,FE,F280CD2F6ED091ED,1,0,1,1,0,1,1,1,1,0,0,0,1,0,0,1,0,0,0,0,1,0,1,1,0,1,1,1,0,1,1,0,1,1,1,1,0,1,0,0,1,0,1,1,0,0,1,1,0,0,0,0,0,0,0,1,0,1,0,0,1,1,1,1,0,1,1,1,1,1,1,1
sampler_snapshot_random1_sampler_island_warmup5_cap1024_20260526,58,1,2D,D7E42A3A7FD5C02A,0,1,0,1,0,1,0,0,0,0,0,0,0,0,1,1,1,0,1,0,1,0,1,1,1,1,1,1,1,1,1,0,0,1,0,1,1,1,0,0,0,1,0,1,0,1,0,0,0,0,1,0,0,1,1,1,1,1,1,0,1,0,1,1,1,0,1,1,0,1,0,0
sampler_snapshot_random1_sampler_island_warmup5_cap1024_20260526,59,0,CB,85256A5A9DA5E57F,1,1,1,1,1,1,1,0,1,0,1,0,0,1,1,1,1,0,1,0,0,1,0,1,1,0,1,1,1,0,0,1,0,1,0,1,1,0,1,0,0,1,0,1,0,1,1,0,1,0,1,0,0,1,0,0,1,0,1,0,0,0,0,1,1,1,0,1,0,0,1,1
sampler_snapshot_random1_sampler_island_warmup5_cap1024_20260526,60,1,5B,C034171FC8E8A71F,1,1,1,1,1,0,0,0,1,1,1,0,0,1,0,1,0,0,0,1,0,1,1,1,0,0,0,1,0,0,1,1,1,1,1,1,1,0,0,0,1,1,1,0,1,0,0,0,0,0,1,0,1,1,0,0,0,0,0,0,0,0,1,1,1,1,0,1,1,0,1,0
sampler_snapshot_random1_sampler_island_warmup5_cap1024_20260526,61,1,D6,A85256CEA9B97656,0,1,1,0,1,0,1,0,0,1,1,0,1,1,1,0,1,0,0,1,1,1,0,1,1,0,0,1,0,1,0,1,0,1,1,1,0,0,1,1,0,1,1,0,1,0,1,0,0,1,0,0,1,0,1,0,0,0,0,1,0,1,0,1,0,1,1,0,1,0,1,1
sampler_snapshot_random1_sampler_island_warmup5_cap1024_20260526,62,1,C7,FD1342E8ED1F5262,0,1,0,0,0,1,1,0,0,1,0,0,1,0,1,0,1,1,1,1,1,0,0,0,1,0,1,1,0,1,1,1,0,0,0,1,0,1,1,1,0,1,0,0,0,0,1,0,1,1,0,0,1,0,0,0,1,0,1,1,1,1,1,1,1,1,1,0,0,0,1,1
sampler_snapshot_random1_sampler_island_warmup5_cap1024_20260526,63,0,0D,5C66A3B1DC5E1723,1,1,0,0,0,1,0,0,1,1,1,0,1,0,0,0,0,1,1,1,1,0,1,0,0,0,1,1,1,0,1,1,1,0,0,0,1,1,0,1,1,1,0,0,0,1,0,1,0,1,1,0,0,1,1,0,0,0,1,1,1,0,1,0,1,0,1,1,0,0,0,0
sampler_snapshot_random1_sampler_island_warmup5_cap1024_20260526,64,0,B4,0E66E5D5992A66D4,0,0,1,0,1,0,1,1,0,1,1,0,0,1,1,0,0,1,0,1,0,1,0,0,1,0,0,1,1,0,0,1,1,0,1,0,1,0,1,1,1,0,1,0,0,1,1,1,0,1,1,0,0,1,1,0,0,1,1,1,0,0,0,0,0,0,1,0,1,1,0,1
sampler_snapshot_random1_sampler_island_warmup5_cap1024_20260526,65,0,BD,6BBB94945B6B2E94,0,0,1,0,1,0,0,1,0,1,1,1,0,1,0,0,1,1,0,1,0,1,1,0,1,1,0,1,1,0,1,0,0,0,1,0,1,0,0,1,0,0,1,0,1,0,0,1,1,1,0,1,1,1,0,1,1,1,0,1,0,1,1,0,1,0,1,1,1,1,0,1
sampler_snapshot_random1_sampler_island_warmup5_cap1024_20260526,66,1,29,6ADB91C5267EF991,1,0,0,0,1,0,0,1,1,0,0,1,1,1,1,1,0,1,1,1,1,1,1,0,0,1,1,0,0,1,0,0,1,0,1,0,0,0,1,1,1,0,0,0,1,0,0,1,1,1,0,1,1,0,1,1,0,1,0,1,0,1,1,0,1,0,0,1,0,1,0,0
sampler_snapshot_random1_sampler_island_warmup5_cap1024_20260526,67,1,A8,3E9CC163261ED8E1,1,0,0,0,0,1,1,1,0,0,0,1,1,0,1,1,0,1,1,1,1,0,0,0,0,1,1,0,0,1,0,0,1,1,0,0,0,1,1,0,1,0,0,0,0,0,1,1,0,0,1,1,1,0,0,1,0,1,1,1,1,1,0,0,0,0,0,1,0,1,0,1
sampler_snapshot_random1_sampler_island_warmup5_cap1024_20260526,68,1,91,DFEDAC3253DD9CA4,0,0,1,0,0,1,0,1,0,0,1,1,1,0,0,1,1,0,1,1,1,0,1,1,1,1,0,0,1,0,1,0,0,1,0,0,1,1,0,0,0,0,1,1,0,1,0,1,1,0,1,1,0,1,1,1,1,1,1,1,1,0,1,1,1,0,0,0,1,0,0,1
sampler_snapshot_random1_sampler_island_warmup5_cap1024_20260526,69,0,45,8BE9ED5612A8EDDF,1,1,1,1,1,0,1,1,1,0,1,1,0,1,1,1,0,0,0,1,0,1,0,1,0,1,0,0,1,0,0,0,0,1,1,0,1,0,1,0,1,0,1,1,0,1,1,1,1,0,0,1,0,1,1,1,1,1,0,1,0,0,0,1,1,0,1,0,0,0,1,0
sampler_snapshot_random1_sampler_island_warmup5_cap1024_20260526,70,1,84,E0B85F1756E0A9DB,1,1,0,1,1,0,1,1,1,0,0,1,0,1,0,1,0,0,0,0,0,1,1,1,0,1,1,0,1,0,1,0,1,1,1,0,1,0,0,0,1,1,1,1,1,0,1,0,0,0,0,1,1,1,0,1,0,0,0,0,0,1,1,1,0,0,1,0,0,0,0,1
sampler_snapshot_random1_sampler_island_warmup5_cap1024_20260526,71,1,AB,E5DD1A0AE5F5F81A,0,1,0,1,1,0,0,0,0,0,0,1,1,1,1,1,1,0,1,0,1,1,1,1,1,0,1,0,0,1,1,1,0,1,0,1,0,0,0,0,0,1,0,1,1,0,0,0,1,0,1,1,1,0,1,1,1,0,1,0,0,1,1,1,1,1,0,1,0,1,0,1
sampler_snapshot_random1_sampler_island_warmup5_cap1024_20260526,72,1,8A,B51D5A6AA495DF6F,1,1,1,1,0,1,1,0,1,1,1,1,1,0,1,1,1,0,1,0,1,0,0,1,0,0,1,0,0,1,0,1,0,1,0,1,0,1,1,0,0,1,0,1,1,0,1,0,1,0,1,1,1,0,0,0,1,0,1,0,1,1,0,1,0,1,0,1,0,0,0,1
sampler_snapshot_random1_sampler_island_warmup5_cap1024_20260526,73,0,BB,D02E2FADD0D21F2F,1,1,1,1,0,1,0,0,1,1,1,1,1,0,0,0,0,1,0,0,1,0,1,1,0,0,0,0,1,0,1,1,1,0,1,1,0,1,0,1,1,1,1,1,0,1,0,0,0,1,1,1,0,1,0,0,0,0,0,0,1,0,1,1,1,1,0,1,1,1,0,1
sampler_snapshot_random1_sampler_island_warmup5_cap1024_20260526,74,1,7B,81626EDC9DA3625E,0,1,1,1,1,0,1,0,0,1,0,0,0,1,1,0,1,1,0,0,0,1,0,1,1,0,1,1,1,0,0,1,0,0,1,1,1,0,1,1,0,1,1,1,0,1,1,0,0,1,0,0,0,1,1,0,1,0,0,0,0,0,0,1,1,1,0,1,1,1,1,0
sampler_snapshot_random1_sampler_island_warmup5_cap1024_20260526,75,0,A1,251758D8DD276358,0,0,0,1,1,0,1,0,1,1,0,0,0,1,1,0,1,1,1,0,0,1,0,0,1,0,1,1,1,0,1,1,0,0,0,1,1,0,1,1,0,0,0,1,1,0,1,0,1,1,1,0,1,0,0,0,1,0,1,0,0,1,0,0,1,0,0,0,0,1,0,1
sampler_snapshot_random1_sampler_island_warmup5_cap1024_20260526,76,0,00,665699A9EE661799,1,0,0,1,1,0,0,1,1,1,1,0,1,0,0,0,0,1,1,0,0,1,1,0,0,1,1,1,0,1,1,1,1,0,0,1,0,1,0,1,1,0,0,1,1,0,0,1,0,1,1,0,1,0,1,0,0,1,1,0,0,1,1,0,0,0,0,0,0,0,0,0
sampler_snapshot_random1_sampler_island_warmup5_cap1024_20260526,77,1,EB,32D6F4EDAB1254EC,0,0,1,1,0,1,1,1,0,0,1,0,1,0,1,0,0,1,0,0,1,0,0,0,1,1,0,1,0,1,0,1,1,0,1,1,0,1,1,1,0,0,1,0,1,1,1,1,0,1,1,0,1,0,1,1,0,1,0,0,1,1,0,0,1,1,0,1,0,1,1,1
sampler_snapshot_random1_sampler_island_warmup5_cap1024_20260526,78,0,ED,5BA1A4AC5B5B14A4,0,0,1,0,0,1,0,1,0,0,1,0,1,0,0,0,1,1,0,1,1,0,1,0,1,1,0,1,1,0,1,0,0,0,1,1,0,1,0,1,0,0,1,0,0,1,0,1,1,0,0,0,0,1,0,1,1,1,0,1,1,0,1,0,1,0,1,1,0,1,1,1
sampler_snapshot_random1_sampler_island_warmup5_cap1024_20260526,79,1,79,4EE0A11F5E6CE191,1,0,0,0,1,0,0,1,1,0,0,0,0,1,1,1,0,0,1,1,0,1,1,0,0,1,1,1,1,0,1,0,1,1,1,1,1,0,0,0,1,0,0,0,0,1,0,1,0,0,0,0,0,1,1,1,0,1,1,1,0,0,1,0,1,0,0,1,1,1,1,0
sampler_snapshot_random1_sampler_island_warmup5_cap1024_20260526,80,0,42,2E94D1533FACE0D2,0,1,0,0,1,0,1,1,0,0,0,0,0,1,1,1,0,0,1,1,0,1,0,1,1,1,1,1,1,1,0,0,1,1,0,0,1,0,1,0,1,0,0,0,1,0,1,1,0,0,1,0,1,0,0,1,0,1,1,1,0,1,0,0,0,1,0,0,0,0,1,0
sampler_snapshot_random1_sampler_island_warmup5_cap1024_20260526,81,1,4F,EDD596226BCD94B6,0,1,1,0,1,1,0,1,0,0,1,0,1,0,0,1,1,0,1,1,0,0,1,1,1,1,0,1,0,1,1,0,0,1,0,0,0,1,0,0,0,1,1,0,1,0,0,1,1,0,1,0,1,0,1,1,1,0,1,1,0,1,1,1,1,1,1,1,0,0,1,0
sampler_snapshot_random1_sampler_island_warmup5_cap1024_20260526,82,1,96,98D177672898D5E7,1,1,1,0,0,1,1,1,1,0,1,0,1,0,1,1,0,0,0,1,1,0,0,1,0,0,0,1,0,1,0,0,1,1,1,0,0,1,1,0,1,1,1,0,1,1,1,0,1,0,0,0,1,0,1,1,0,0,0,1,1,0,0,1,0,1,1,0,1,0,0,1
sampler_snapshot_random1_sampler_island_warmup5_cap1024_20260526,83,0,7C,D8A86767DC989A63,1,1,0,0,0,1,1,0,0,1,0,1,1,0,0,1,0,0,0,1,1,0,0,1,0,0,1,1,1,0,1,1,1,1,1,0,0,1,1,0,1,1,1,0,0,1,1,0,0,0,0,1,0,1,0,1,0,0,0,1,1,0,1,1,0,0,1,1,1,1,1,0
sampler_snapshot_random1_sampler_island_warmup5_cap1024_20260526,84,1,18,DD6F2210D5EDAA12,0,1,0,0,1,0,0,0,0,1,0,1,0,1,0,1,1,0,1,1,0,1,1,1,1,0,1,0,1,0,1,1,0,0,0,0,1,0,0,0,0,1,0,0,0,1,0,0,1,1,1,1,0,1,1,0,1,0,1,1,1,0,1,1,0,0,0,1,1,0,0,0
sampler_snapshot_random1_sampler_island_warmup5_cap1024_20260526,85,0,99,AD5F56D0B0AF6F57,1,1,1,0,1,0,1,0,1,1,1,1,0,1,1,0,1,1,1,1,0,1,0,1,0,0,0,0,1,1,0,1,0,0,0,0,1,0,1,1,0,1,1,0,1,0,1,0,1,1,1,1,1,0,1,0,1,0,1,1,0,1,0,1,1,0,0,1,1,0,0,1
sampler_snapshot_random1_sampler_island_warmup5_cap1024_20260526,86,0,6B,E81A1FA5E0CA1F3D,1,0,1,1,1,1,0,0,1,1,1,1,1,0,0,0,0,1,0,1,0,0,1,1,0,0,0,0,0,1,1,1,1,0,1,0,0,1,0,1,1,1,1,1,1,0,0,0,0,1,0,1,1,0,0,0,0,0,0,1,0,1,1,1,1,1,0,1,0,1,1,0
sampler_snapshot_random1_sampler_island_warmup5_cap1024_20260526,87,0,01,535A3CE4A5535A2C,0,0,1,1,0,1,0,0,0,1,0,1,1,0,1,0,1,1,0,0,1,0,1,0,1,0,1,0,0,1,0,1,0,0,1,0,0,1,1,1,0,0,1,1,1,1,0,0,0,1,0,1,1,0,1,0,1,1,0,0,1,0,1,0,1,0,0,0,0,0,0,0
sampler_snapshot_random1_sampler_island_warmup5_cap1024_20260526,88,0,4A,172FE8E897175B69,1,0,0,1,0,1,1,0,1,1,0,1,1,0,1,0,1,1,1,0,1,0,0,0,1,1,1,0,1,0,0,1,0,0,0,1,0,1,1,1,0,0,0,1,0,1,1,1,1,1,1,1,0,1,0,0,1,1,1,0,1,0,0,0,0,1,0,1,0,0,1,0
sampler_snapshot_random1_sampler_island_warmup5_cap1024_20260526,89,0,48,566EA999D6662D8D,1,0,1,1,0,0,0,1,1,0,1,1,0,1,0,0,0,1,1,0,0,1,1,0,0,1,1,0,1,0,1,1,1,0,0,1,1,0,0,1,1,0,0,1,0,1,0,1,0,1,1,1,0,1,1,0,0,1,1,0,1,0,1,0,0,0,0,1,0,0,1,0
sampler_snapshot_random1_sampler_island_warmup5_cap1024_20260526,90,1,21,22CCDCDE33216CDC,0,0,1,1,1,0,1,1,0,0,1,1,0,1,1,0,1,0,0,0,0,1,0,0,1,1,0,0,1,1,0,0,0,1,1,1,1,0,1,1,0,0,1,1,1,0,1,1,0,0,1,1,0,0,1,1,0,1,0,0,0,1,0,0,1,0,0,0,0,1,0,0
sampler_snapshot_random1_sampler_island_warmup5_cap1024_20260526,91,1,20,6399DCEE63419CFC,0,0,1,1,1,1,1,1,0,0,1,1,1,0,0,1,1,0,0,0,0,0,1,0,1,1,0,0,0,1,1,0,0,1,1,1,0,1,1,1,0,0,1,1,1,0,1,1,1,0,0,1,1,0,0,1,1,1,0,0,0,1,1,0,0,0,0,0,0,1,0,0
sampler_snapshot_random1_sampler_island_warmup5_cap1024_20260526,92,0,1B,56F0BB2F6ED491AB,1,1,0,1,0,1,0,1,1,0,0,0,1,0,0,1,0,0,1,0,1,0,1,1,0,1,1,1,0,1,1,0,1,1,1,1,0,1,0,0,1,1,0,1,1,1,0,1,0,0,0,0,1,1,1,1,0,1,1,0,1,0,1,0,1,1,0,1,1,0,0,0
sampler_snapshot_random1_sampler_island_warmup5_cap1024_20260526,93,1,CF,94A4EB4B0D94F4EA,0,1,0,1,0,1,1,1,0,0,1,0,1,1,1,1,0,0,1,0,1,0,0,1,1,0,1,1,0,0,0,0,1,1,0,1,0,0,1,0,1,1,0,1,0,1,1,1,0,0,1,0,0,1,0,1,0,0,1,0,1,0,0,1,1,1,1,1,0,0,1,1
sampler_snapshot_random1_sampler_island_warmup5_cap1024_20260526,94,0,A4,D5A50E1E59E5A68E,0,1,1,1,0,0,0,1,0,1,1,0,0,1,0,1,1,0,1,0,0,1,1,1,1,0,0,1,1,0,1,0,0,1,1,1,1,0,0,0,0,1,1,1,0,0,0,0,1,0,1,0,0,1,0,1,1,0,1,0,1,0,1,1,0,0,1,0,0,1,0,1
sampler_snapshot_random1_sampler_island_warmup5_cap1024_20260526,95,1,34,A0C3575DB8A8E75F,1,1,1,1,1,0,1,0,1,1,1,0,0,1,1,1,0,0,0,1,0,1,0,1,0,0,0,1,1,1,0,1,1,0,1,1,1,0,1,0,1,1,1,0,1,0,1,0,1,1,0,0,0,0,1,1,0,0,0,0,0,1,0,1,0,0,1,0,1,1,0,0
sampler_snapshot_random1_sampler_island_warmup5_cap1024_20260526,96,1,9B,A812536DEC8EC273,1,1,0,0,1,1,1,0,0,1,0,0,0,0,1,1,0,1,1,1,0,0,0,1,0,0,1,1,0,1,1,1,1,0,1,1,0,1,1,0,1,1,0,0,1,0,1,0,0,1,0,0,1,0,0,0,0,0,0,1,0,1,0,1,1,1,0,1,1,0,0,1
sampler_snapshot_random1_sampler_island_warmup5_cap1024_20260526,97,1,37,DD7732A8EDDF9220,0,0,0,0,0,1,0,0,0,1,0,0,1,0,0,1,1,1,1,1,1,0,1,1,1,0,1,1,0,1,1,1,0,0,0,1,0,1,0,1,0,1,0,0,1,1,0,0,1,1,1,0,1,1,1,0,1,0,1,1,1,0,1,1,1,1,1,0,1,1,0,0
sampler_snapshot_random1_sampler_island_warmup5_cap1024_20260526,98,1,44,9F6765C088BF7765,1,0,1,0,0,1,1,0,1,1,1,0,1,1,1,0,1,1,1,1,1,1,0,1,0,0,0,1,0,0,0,1,0,0,0,0,0,0,1,1,1,0,1,0,0,1,1,0,1,1,1,0,0,1,1,0,1,1,1,1,1,0,0,1,0,0,1,0,0,0,1,0
sampler_snapshot_random1_sampler_island_warmup5_cap1024_20260526,99,1,2D,5A224595DA7A2745,1,0,1,0,0,0,1,0,1,1,1,0,0,1,0,0,0,1,0,1,1,1,1,0,0,1,0,1,1,0,1,1,1,0,1,0,1,0,0,1,1,0,1,0,0,0,1,0,0,1,0,0,0,1,0,0,0,1,0,1,1,0,1,0,1,0,1,1,0,1,0,0
sampler_snapshot_random1_sampler_island_warmup5_cap1024_20260526,100,1,97,6B4B8494FF6B6810,0,0,0,0,1,0,0,0,0,0,0,1,0,1,1,0,1,1,0,1,0,1,1,0,1,1,1,1,1,1,1,1,0,0,1,0,1,0,0,1,0,0,1,0,0,0,0,1,1,1,0,1,0,0,1,0,1,1,0,1,0,1,1,0,1,1,1,0,1,0,0,1
sampler_snapshot_random1_sampler_island_warmup5_cap1024_20260526,101,1,B3,2F1DD0F2A60F49F1,1,0,0,0,1,1,1,1,1,0,0,1,0,0,1,0,1,1,1,1,0,0,0,0,0,1,1,0,0,1,0,1,0,1,0,0,1,1,1,1,0,0,0,0,1,0,1,1,1,0,1,1,1,0,0,0,1,1,1,1,0,1,0,0,1,1,0,0,1,1,0,1
sampler_snapshot_random1_sampler_island_warmup5_cap1024_20260526,102,0,C8,5EBCB1A3465C1DA5,1,0,1,0,0,1,0,1,1,0,1,1,1,0,0,0,0,0,1,1,1,0,1,0,0,1,1,0,0,0,1,0,1,1,0,0,0,1,0,1,1,0,0,0,1,1,0,1,0,0,1,1,1,1,0,1,0,1,1,1,1,0,1,0,0,0,0,1,0,0,1,1
sampler_snapshot_random1_sampler_island_warmup5_cap1024_20260526,103,1,40,1BECEEC60339FCC6,0,1,1,0,0,0,1,1,0,0,1,1,1,1,1,1,1,0,0,1,1,1,0,0,1,1,0,0,0,0,0,0,0,1,1,0,0,0,1,1,0,1,1,1,0,1,1,1,0,0,1,1,0,1,1,1,1,1,0,1,1,0,0,0,0,0,0,0,0,0,1,0
sampler_snapshot_random1_sampler_island_warmup5_cap1024_20260526,104,1,A9,79A9CE565139A9CE,0,1,1,1,0,0,1,1,1,0,0,1,0,1,0,1,1,0,0,1,1,1,0,0,1,0,0,0,1,0,1,0,0,1,1,0,1,0,1,0,0,1,1,1,0,0,1,1,1,0,0,1,0,1,0,1,1,0,0,1,1,1,1,0,1,0,0,1,0,1,0,1
sampler_snapshot_random1_sampler_island_warmup5_cap1024_20260526,105,1,53,E4C88B1374E4AB9B,1,1,0,1,1,0,0,1,1,1,0,1,0,1,0,1,0,0,1,0,0,1,1,1,0,0,1,0,1,1,1,0,1,1,0,0,1,0,0,0,1,1,0,1,0,0,0,1,0,0,0,1,0,0,1,1,0,0,1,0,0,1,1,1,1,1,0,0,1,0,1,0
sampler_snapshot_random1_sampler_island_warmup5_cap1024_20260526,106,1,AA,A4DEDA7B2584CEFA,0,1,0,1,1,1,1,1,0,1,1,1,0,0,1,1,0,0,1,0,0,0,0,1,1,0,1,0,0,1,0,0,1,1,0,1,1,1,1,0,0,1,0,1,1,0,1,1,0,1,1,1,1,0,1,1,0,0,1,0,0,1,0,1,0,1,0,1,0,1,0,1
sampler_snapshot_random1_sampler_island_warmup5_cap1024_20260526,107,1,F6,D5BF3E2C41D39E2E,0,1,1,1,0,1,0,0,0,1,1,1,1,0,0,1,1,1,0,0,1,0,1,1,1,0,0,0,0,0,1,0,0,0,1,1,0,1,0,0,0,1,1,1,1,1,0,0,1,1,1,1,1,1,0,1,1,0,1,0,1,0,1,1,0,1,1,0,1,1,1,1
sampler_snapshot_random1_sampler_island_warmup5_cap1024_20260526,108,0,AD,D06A2F4D80F2FF0D,1,0,1,1,0,0,0,0,1,1,1,1,1,1,1,1,0,1,0,0,1,1,1,1,0,0,0,0,0,0,0,1,1,0,1,1,0,0,1,0,1,1,1,1,0,1,0,0,0,1,0,1,0,1,1,0,0,0,0,0,1,0,1,1,1,0,1,1,0,1,0,1
sampler_snapshot_random1_sampler_island_warmup5_cap1024_20260526,109,1,26,B20A49DD95B6EA48,0,0,0,1,0,0,1,0,0,1,0,1,0,1,1,1,0,1,1,0,1,1,0,1,1,0,1,0,1,0,0,1,1,0,1,1,1,0,1,1,1,0,0,1,0,0,1,0,0,1,0,1,0,0,0,0,0,1,0,0,1,1,0,1,0,1,1,0,0,1,0,0
sampler_snapshot_random1_sampler_island_warmup5_cap1024_20260526,110,0,22,E74708B8FFE70218,0,0,0,1,1,0,0,0,0,1,0,0,0,0,0,0,1,1,1,0,0,1,1,1,1,1,1,1,1,1,1,1,0,0,0,1,1,1,0,1,0,0,0,1,0,0,0,0,1,1,1,0,0,0,1,0,1,1,1,0,0,1,1,1,0,1,0,0,0,1,0,0
sampler_snapshot_random1_sampler_island_warmup5_cap1024_20260526,111,0,C2,26577DF9AA06457D,1,0,1,1,1,1,1,0,1,0,1,0,0,0,1,0,0,1,1,0,0,0,0,0,0,1,0,1,0,1,0,1,1,0,0,1,1,1,1,1,1,0,1,1,1,1,1,0,1,1,1,0,1,0,1,0,0,1,1,0,0,1,0,0,0,1,0,0,0,0,1,1
sampler_snapshot_random1_sampler_island_warmup5_cap1024_20260526,112,0,B5,5230FDEFCA52146D,1,0,1,1,0,1,1,0,0,0,1,0,1,0,0,0,0,1,0,0,1,0,1,0,0,1,0,1,0,0,1,1,1,1,1,1,0,1,1,1,1,0,1,1,1,1,1,1,0,0,0,0,1,1,0,0,0,1,0,0,1,0,1,0,1,0,1,0,1,1,0,1
sampler_snapshot_random1_sampler_island_warmup5_cap1024_20260526,113,1,65,5361A48ECF793080,0,0,0,0,0,0,0,1,0,0,0,0,1,1,0,0,1,0,0,1,1,1,1,0,1,1,1,1,0,0,1,1,0,1,1,1,0,0,0,1,0,0,1,0,0,1,0,1,1,0,0,0,0,1,1,0,1,1,0,0,1,0,1,0,1,0,1,0,0,1,1,0
sampler_snapshot_random1_sampler_island_warmup5_cap1024_20260526,114,0,7E,3F85C2DA3E3D61C3,1,1,0,0,0,0,1,1,1,0,0,0,0,1,1,0,1,0,1,1,1,1,0,0,0,1,1,1,1,1,0,0,0,1,0,1,1,0,1,1,0,1,0,0,0,0,1,1,1,0,1,0,0,0,0,1,1,1,1,1,1,1,0,0,0,1,1,1,1,1,1,0
sampler_snapshot_random1_sampler_island_warmup5_cap1024_20260526,115,0,3E,6C8483B37C4C85B7,1,1,1,0,1,1,0,1,1,0,1,0,0,0,0,1,0,0,1,1,0,0,1,0,0,0,1,1,1,1,1,0,1,1,0,0,1,1,0,1,1,1,0,0,0,0,0,1,0,0,1,0,0,0,0,1,0,0,1,1,0,1,1,0,0,1,1,1,1,1,0,0
sampler_snapshot_random1_sampler_island_warmup5_cap1024_20260526,116,1,5C,09D5F6762949C6F6,0,1,1,0,1,1,1,1,0,1,1,0,0,0,1,1,1,0,0,1,0,0,1,0,1,0,0,1,0,1,0,0,0,1,1,0,1,1,1,0,0,1,1,0,1,1,1,1,1,0,1,0,1,0,1,1,1,0,0,1,0,0,0,0,0,0,1,1,1,0,1,0
sampler_snapshot_random1_sampler_island_warmup5_cap1024_20260526,117,1,CB,89B3F6660899D3F7,1,1,1,0,1,1,1,1,1,1,0,0,1,0,1,1,1,0,0,1,1,0,0,1,0,0,0,1,0,0,0,0,0,1,1,0,0,1,1,0,0,1,1,0,1,1,1,1,1,1,0,0,1,1,0,1,1,0,0,1,0,0,0,1,1,1,0,1,0,0,1,1
sampler_snapshot_random1_sampler_island_warmup5_cap1024_20260526,118,0,DD,DCFAA3014CFEBB83,1,1,0,0,0,0,0,1,1,1,0,1,1,1,0,1,0,1,1,1,1,1,1,1,0,0,1,1,0,0,1,0,1,0,0,0,0,0,0,0,1,1,0,0,0,1,0,1,0,1,0,1,1,1,1,1,0,0,1,1,1,0,1,1,1,0,1,1,1,0,1,1
sampler_snapshot_random1_sampler_island_warmup5_cap1024_20260526,119,1,C6,BCCE425035BFFE42,0,1,0,0,0,0,1,0,0,1,1,1,1,1,1,1,1,1,1,1,1,1,0,1,1,0,1,0,1,1,0,0,0,0,0,0,1,0,1,0,0,1,0,0,0,0,1,0,0,1,1,1,0,0,1,1,0,0,1,1,1,1,0,1,0,1,1,0,0,0,1,1
sampler_snapshot_random1_sampler_island_warmup5_cap1024_20260526,120,1,1E,EB0F4434F1CB8F74,0,0,1,0,1,1,1,0,1,1,1,1,0,0,0,1,1,1,0,1,0,0,1,1,1,0,0,0,1,1,1,1,0,0,1,0,1,1,0,0,0,0,1,0,0,0,1,0,1,1,1,1,0,0,0,0,1,1,0,1,0,1,1,1,0,1,1,1,1,0,0,0
sampler_snapshot_random1_sampler_island_warmup5_cap1024_20260526,121,1,29,CA5A3D35F2CACF3D,1,0,1,1,1,1,0,0,1,1,1,1,0,0,1,1,0,1,0,1,0,0,1,1,0,1,0,0,1,1,1,1,1,0,1,0,1,1,0,0,1,0,1,1,1,1,0,0,0,1,0,1,1,0,1,0,0,1,0,1,0,0,1,1,1,0,0,1,0,1,0,0
sampler_snapshot_random1_sampler_island_warmup5_cap1024_20260526,122,1,32,8E3A79E587965878,0,0,0,1,1,1,1,0,0,0,0,1,1,0,1,0,0,1,1,0,1,0,0,1,1,1,1,0,0,0,0,1,1,0,1,0,0,1,1,1,1,0,0,1,1,1,1,0,0,1,0,1,1,1,0,0,0,1,1,1,0,0,0,1,0,1,0,0,1,1,0,0
sampler_snapshot_random1_sampler_island_warmup5_cap1024_20260526,123,1,4B,D73D2882C7773808,0,0,0,1,0,0,0,0,0,0,0,1,1,1,0,0,1,1,1,0,1,1,1,0,1,1,1,0,0,0,1,1,0,1,0,0,0,0,0,1,0,0,0,1,0,1,0,0,1,0,1,1,1,1,0,0,1,1,1,0,1,0,1,1,1,1,0,1,0,0,1,0
sampler_snapshot_random1_sampler_island_warmup5_cap1024_20260526,124,1,64,364CCDDBB2347D4D,1,0,1,1,0,0,1,0,1,0,1,1,1,1,1,0,0,0,1,0,1,1,0,0,0,1,0,0,1,1,0,1,1,1,0,1,1,0,1,1,1,0,1,1,0,0,1,1,0,0,1,1,0,0,1,0,0,1,1,0,1,1,0,0,0,0,1,0,0,1,1,0
sampler_snapshot_random1_sampler_island_warmup5_cap1024_20260526,125,0,63,2208CDFFF3004CFE,0,1,1,1,1,1,1,1,0,0,1,1,0,0,1,0,0,0,0,0,0,0,0,0,1,1,0,0,1,1,1,1,1,1,1,1,1,1,1,1,1,0,1,1,0,0,1,1,0,0,0,1,0,0,0,0,0,1,0,0,0,1,0,0,1,1,0,0,0,1,1,0
sampler_snapshot_random1_sampler_island_warmup5_cap1024_20260526,126,1,03,41F9BEBE774108BA,0,1,0,1,1,1,0,1,0,0,0,1,0,0,0,0,1,0,0,0,0,0,1,0,1,1,1,0,1,1,1,0,0,1,1,1,1,1,0,1,0,1,1,1,1,1,0,1,1,0,0,1,1,1,1,1,1,0,0,0,0,0,1,0,1,1,0,0,0,0,0,0
sampler_snapshot_random1_sampler_island_warmup5_cap1024_20260526,127,1,B3,04F5FBCB0C14F1FB,1,1,0,1,1,1,1,1,1,0,0,0,1,1,1,1,0,0,1,0,1,0,0,0,0,0,1,1,0,0,0,0,1,1,0,1,0,0,1,1,1,1,0,1,1,1,1,1,1,0,1,0,1,1,1,1,0,0,1,0,0,0,0,0,1,1,0,0,1,1,0,1
sampler_snapshot_random1_sampler_island_warmup5_cap1024_20260526,128,1,B3,54B49B0B4874B68F,1,1,1,1,0,0,0,1,0,1,1,0,1,1,0,1,0,0,1,0,1,1,1,0,0,0,0,1,0,0,1,0,1,1,0,1,0,0,0,0,1,1,0,1,1,0,0,1,0,0,1,0,1,1,0,1,0,0,1,0,1,0,1,0,1,1,0,0,1,1,0,1
sampler_snapshot_random1_sampler_island_warmup5_cap1024_20260526,129,0,C8,F1C78E0C79F3F68E,0,1,1,1,0,0,0,1,0,1,1,0,1,1,1,1,1,1,0,0,1,1,1,1,1,0,0,1,1,1,1,0,0,0,1,1,0,0,0,0,0,1,1,1,0,0,0,1,1,1,1,0,0,0,1,1,1,0,0,0,1,1,1,1,0,0,0,1,0,0,1,1
sampler_snapshot_random1_sampler_island_warmup5_cap1024_20260526,130,0,D4,A183C67C3C83C3FF,1,1,1,1,1,1,1,1,1,1,0,0,0,0,1,1,1,1,0,0,0,0,0,1,0,0,1,1,1,1,0,0,0,0,1,1,1,1,1,0,0,1,1,0,0,0,1,1,1,1,0,0,0,0,0,1,1,0,0,0,0,1,0,1,0,0,1,0,1,0,1,1
sampler_snapshot_random1_sampler_island_warmup5_cap1024_20260526,131,1,2E,CCF631397CCE83B1,1,0,0,0,1,1,0,1,1,1,0,0,0,0,0,1,0,1,1,1,0,0,1,1,0,0,1,1,1,1,1,0,1,0,0,1,1,1,0,0,1,0,0,0,1,1,0,0,0,1,1,0,1,1,1,1,0,0,1,1,0,0,1,1,0,1,1,1,0,1,0,0
sampler_snapshot_random1_sampler_island_warmup5_cap1024_20260526,132,0,A9,8FF670488FAFF670,0,0,0,0,1,1,1,0,0,1,1,0,1,1,1,1,1,1,1,1,0,1,0,1,1,1,1,1,0,0,0,1,0,0,0,1,0,0,1,0,0,0,0,0,1,1,1,0,0,1,1,0,1,1,1,1,1,1,1,1,0,0,0,1,1,0,0,1,0,1,0,1
sampler_snapshot_random1_sampler_island_warmup5_cap1024_20260526,133,0,6B,DB375444CBBBB545,1,0,1,0,0,0,1,0,1,0,1,0,1,1,0,1,1,1,0,1,1,1,0,1,1,1,0,1,0,0,1,1,0,0,1,0,0,0,1,0,0,0,1,0,1,0,1,0,1,1,1,0,1,1,0,0,1,1,0,1,1,0,1,1,1,1,0,1,0,1,1,0
sampler_snapshot_random1_sampler_island_warmup5_cap1024_20260526,134,0,50,FA400585FAFA3505,1,0,1,0,0,0,0,0,1,0,1,0,1,1,0,0,0,1,0,1,1,1,1,1,0,1,0,1,1,1,1,1,1,0,1,0,0,0,0,1,1,0,1,0,0,0,0,0,0,0,0,0,0,0,1,0,0,1,0,1,1,1,1,1,0,0,0,0,1,0,1,0
sampler_snapshot_random1_sampler_island_warmup5_cap1024_20260526,135,1,A9,AE4840F6BF8D4870,0,0,0,0,1,1,1,0,0,0,0,1,0,0,1,0,1,0,1,1,0,0,0,1,1,1,1,1,1,1,0,1,0,1,1,0,1,1,1,1,0,0,0,0,0,0,1,0,0,0,0,1,0,0,1,0,0,1,1,1,0,1,0,1,1,0,0,1,0,1,0,1
sampler_snapshot_random1_sampler_island_warmup5_cap1024_20260526,136,1,C0,4F3D30B2D74D0930,0,0,0,0,1,1,0,0,1,0,0,1,0,0,0,0,1,0,1,1,0,0,1,0,1,1,1,0,1,0,1,1,0,1,0,0,1,1,0,1,0,0,0,0,1,1,0,0,1,0,1,1,1,1,0,0,1,1,1,1,0,0,1,0,0,0,0,0,0,0,1,1
sampler_snapshot_random1_sampler_island_warmup5_cap1024_20260526,137,0,C0,4C7CB7C3826C7DB7,1,1,1,0,1,1,0,1,1,0,1,1,1,1,1,0,0,0,1,1,0,1,1,0,0,1,0,0,0,0,0,1,1,1,0,0,0,0,1,1,1,1,1,0,1,1,0,1,0,0,1,1,1,1,1,0,0,0,1,1,0,0,1,0,0,0,0,0,0,0,1,1
sampler_snapshot_random1_sampler_island_warmup5_cap1024_20260526,138,1,B7,38B8DFC781387CCE,0,1,1,1,0,0,1,1,0,0,1,1,1,1,1,0,0,0,0,1,1,1,0,0,1,0,0,0,0,0,0,1,1,1,1,0,0,0,1,1,1,1,1,1,1,0,1,1,0,0,0,1,1,1,0,1,0,0,0,1,1,1,0,0,1,1,1,0,1,1,0,1
sampler_snapshot_random1_sampler_island_warmup5_cap1024_20260526,139,0,BD,79C98A8675793A8A,0,1,0,1,0,0,0,1,0,1,0,1,1,1,0,0,1,0,0,1,1,1,1,0,1,0,1,0,1,1,1,0,0,1,1,0,0,0,0,1,0,1,0,1,0,0,0,1,1,0,0,1,0,0,1,1,1,0,0,1,1,1,1,0,1,0,1,1,1,1,0,1
sampler_snapshot_random1_sampler_island_warmup5_cap1024_20260526,140,0,AF,34CFCB713404CBFB,1,1,0,1,1,1,1,1,1,1,0,1,0,0,1,1,0,0,1,0,0,0,0,0,0,0,1,0,1,1,0,0,1,0,0,0,1,1,1,0,1,1,0,1,0,0,1,1,1,1,1,1,0,0,1,1,0,0,1,0,1,1,0,0,1,1,1,1,0,1,0,1
sampler_snapshot_random1_sampler_island_warmup5_cap1024_20260526,141,0,11,44BEFF7950C68EFE,0,1,1,1,1,1,1,1,0,1,1,1,0,0,0,1,0,1,1,0,0,0,1,1,0,0,0,0,1,0,1,0,1,0,0,1,1,1,1,0,1,1,1,1,1,1,1,1,0,1,1,1,1,1,0,1,0,0,1,0,0,0,1,0,1,0,0,0,1,0,0,0
sampler_snapshot_random1_sampler_island_warmup5_cap1024_20260526,142,0,C4,C1FBBE0C41E3BE9C,0,0,1,1,1,0,0,1,0,1,1,1,1,1,0,1,1,1,0,0,0,1,1,1,1,0,0,0,0,0,1,0,0,0,1,1,0,0,0,0,0,1,1,1,1,1,0,1,1,1,0,1,1,1,1,1,1,0,0,0,0,0,1,1,0,0,1,0,0,0,1,1
sampler_snapshot_random1_sampler_island_warmup5_cap1024_20260526,143,1,EA,B39B5D4D04B2FBC9,1,0,0,1,0,0,1,1,1,1,0,1,1,1,1,1,0,1,0,0,1,1,0,1,0,0,1,0,0,0,0,0,1,0,1,1,0,0,1,0,1,0,1,1,1,0,1,0,1,1,0,1,1,0,0,1,1,1,0,0,1,1,0,1,0,1,0,1,0,1,1,1
sampler_snapshot_random1_sampler_island_warmup5_cap1024_20260526,144,1,40,F6860909EEF6B209,1,0,0,1,0,0,0,0,0,1,0,0,1,1,0,1,0,1,1,0,1,1,1,1,0,1,1,1,0,1,1,1,1,0,0,1,0,0,0,0,1,0,0,1,0,0,0,0,0,1,1,0,0,0,0,1,0,1,1,0,1,1,1,1,0,0,0,0,0,0,1,0
sampler_snapshot_random1_sampler_island_warmup5_cap1024_20260526,145,0,0E,B7474878BFC7C46C,0,0,1,1,0,1,1,0,0,0,1,0,0,0,1,1,1,1,1,0,0,0,1,1,1,1,1,1,1,1,0,1,0,0,0,1,1,1,1,0,0,0,0,1,0,0,1,0,1,1,1,0,0,0,1,0,1,1,1,0,1,1,0,1,0,1,1,1,0,0,0,0
sampler_snapshot_random1_sampler_island_warmup5_cap1024_20260526,146,1,F6,83257CFE9A83457D,1,0,1,1,1,1,1,0,1,0,1,0,0,0,1,0,1,1,0,0,0,0,0,1,0,1,0,1,1,0,0,1,0,1,1,1,1,1,1,1,0,0,1,1,1,1,1,0,1,0,1,0,0,1,0,0,1,1,0,0,0,0,0,1,0,1,1,0,1,1,1,1
sampler_snapshot_random1_sampler_island_warmup5_cap1024_20260526,147,1,D6,C270358FCAE0251D,1,0,1,1,1,0,0,0,1,0,1,0,0,1,0,0,0,0,0,0,0,1,1,1,0,1,0,1,0,0,1,1,1,1,1,1,0,0,0,1,1,0,1,0,1,1,0,0,0,0,0,0,1,1,1,0,0,1,0,0,0,0,1,1,0,1,1,0,1,0,1,1
sampler_snapshot_random1_sampler_island_warmup5_cap1024_20260526,148,1,2E,3F5052CA8F3D7042,0,1,0,0,0,0,1,0,0,0,0,0,1,1,1,0,1,0,1,1,1,1,0,0,1,1,1,1,0,0,0,1,0,1,0,1,0,0,1,1,0,1,0,0,1,0,1,0,0,0,0,0,1,0,1,0,1,1,1,1,1,1,0,0,0,1,1,1,0,1,0,0
sampler_snapshot_random1_sampler_island_warmup5_cap1024_20260526,149,1,2F,7D05C2AAEF5D15C2,0,1,0,0,0,0,1,1,1,0,1,0,1,0,0,0,1,0,1,1,1,0,1,0,1,1,1,1,0,1,1,1,0,1,0,1,0,1,0,1,0,1,0,0,0,0,1,1,1,0,1,0,0,0,0,0,1,0,1,1,1,1,1,0,1,1,1,1,0,1,0,0
sampler_snapshot_random1_sampler_island_warmup5_cap1024_20260526,150,1,29,5C44A7B7F85C47A7,1,1,1,0,0,1,0,1,1,1,1,0,0,0,1,0,0,0,1,1,1,0,1,0,0,0,0,1,1,1,1,1,1,1,1,0,1,1,0,1,1,1,1,0,0,1,0,1,0,0,1,0,0,0,1,0,0,0,1,1,1,0,1,0,1,0,0,1,0,1,0,0
sampler_snapshot_random1_sampler_island_warmup5_cap1024_20260526,151,1,BA,08A0E6F7190946F6,0,1,1,0,1,1,1,1,0,1,1,0,0,0,1,0,1,0,0,1,0,0,0,0,1,0,0,1,1,0,0,0,1,1,1,0,1,1,1,1,0,1,1,0,0,1,1,1,0,0,0,0,0,1,0,1,0,0,0,1,0,0,0,0,0,1,0,1,1,1,0,1
sampler_snapshot_random1_sampler_island_warmup5_cap1024_20260526,152,1,C3,49B3B2844D6FA292,0,1,0,0,1,0,0,1,0,1,0,0,0,1,0,1,1,1,1,1,0,1,1,0,1,0,1,1,0,0,1,0,0,0,1,0,0,0,0,1,0,1,0,0,1,1,0,1,1,1,0,0,1,1,0,1,1,0,0,1,0,0,1,0,1,1,0,0,0,0,1,1
sampler_snapshot_random1_sampler_island_warmup5_cap1024_20260526,153,0,2A,3CDED3412CBEFBC3,1,1,0,0,0,0,1,1,1,1,0,1,1,1,1,1,0,1,1,1,1,1,0,1,0,0,1,1,0,1,0,0,1,0,0,0,0,0,1,0,1,1,0,0,1,0,1,1,0,1,1,1,1,0,1,1,0,0,1,1,1,1,0,0,0,1,0,1,0,1,0,0
sampler_snapshot_random1_sampler_island_warmup5_cap1024_20260526,154,0,9C,FE8EC561619EDEE4,0,0,1,0,0,1,1,1,0,1,1,1,1,0,1,1,0,1,1,1,1,0,0,1,1,0,0,0,0,1,1,0,1,0,0,0,0,1,1,0,1,0,1,0,0,0,1,1,0,1,1,1,0,0,0,1,0,1,1,1,1,1,1,1,0,0,1,1,1,0,0,1
sampler_snapshot_random1_sampler_island_warmup5_cap1024_20260526,155,1,59,DBCB243473DB8EA4,0,0,1,0,0,1,0,1,0,1,1,1,0,0,0,1,1,1,0,1,1,0,1,1,1,1,0,0,1,1,1,0,0,0,1,0,1,1,0,0,0,0,1,0,0,1,0,0,1,1,0,1,0,0,1,1,1,1,0,1,1,0,1,1,1,0,0,1,1,0,1,0
sampler_snapshot_random1_sampler_island_warmup5_cap1024_20260526,156,0,B5,8AEB6D75968AC979,1,0,0,1,1,1,1,0,1,0,0,1,0,0,1,1,0,1,0,1,0,0,0,1,0,1,1,0,1,0,0,1,1,0,1,0,1,1,1,0,1,0,1,1,0,1,1,0,1,1,0,1,0,1,1,1,0,1,0,1,0,0,0,1,1,0,1,0,1,1,0,1
sampler_snapshot_random1_sampler_island_warmup5_cap1024_20260526,157,0,17,C63C3913C6E6A819,1,0,0,1,1,0,0,0,0,0,0,1,0,1,0,1,0,1,1,0,0,1,1,1,0,1,1,0,0,0,1,1,1,1,0,0,1,0,0,0,1,0,0,1,1,1,0,0,0,0,1,1,1,1,0,0,0,1,1,0,0,0,1,1,1,1,1,0,1,0,0,0
sampler_snapshot_random1_sampler_island_warmup5_cap1024_20260526,158,1,D2,F75D188AE7F57C0C,0,0,1,1,0,0,0,0,0,0,1,1,1,1,1,0,1,0,1,0,1,1,1,1,1,1,1,0,0,1,1,1,0,1,0,1,0,0,0,1,0,0,0,1,1,0,0,0,1,0,1,1,1,0,1,0,1,1,1,0,1,1,1,1,0,1,0,0,1,0,1,1
sampler_snapshot_random1_sampler_island_warmup5_cap1024_20260526,159,0,CA,B30D4DEEA2905D6F,1,1,1,1,0,1,1,0,1,0,1,1,1,0,1,0,0,0,0,0,1,0,0,1,0,1,0,0,0,1,0,1,0,1,1,1,0,1,1,1,1,0,1,1,0,0,1,0,1,0,1,1,0,0,0,0,1,1,0,0,1,1,0,1,0,1,0,1,0,0,1,1
sampler_snapshot_random1_sampler_island_warmup5_cap1024_20260526,160,1,79,50682FBFF250092F,1,1,1,1,0,1,0,0,1,0,0,1,0,0,0,0,0,0,0,0,1,0,1,0,0,1,0,0,1,1,1,1,1,1,1,1,1,1,0,1,1,1,1,1,0,1,0,0,0,0,0,1,0,1,1,0,0,0,0,0,1,0,1,0,1,0,0,1,1,1,1,0
sampler_snapshot_random1_sampler_island_warmup5_cap1024_20260526,161,1,73,0561EADA9505687A,0,1,0,1,1,1,1,0,0,0,0,1,0,1,1,0,1,0,1,0,0,0,0,0,1,0,1,0,1,0,0,1,0,1,0,1,1,0,1,1,0,1,0,1,0,1,1,1,1,0,0,0,0,1,1,0,1,0,1,0,0,0,0,0,1,1,0,0,1,1,1,0
sampler_snapshot_random1_sampler_island_warmup5_cap1024_20260526,162,0,98,4535FADADC6527DB,1,1,0,1,1,0,1,1,1,1,1,0,0,1,0,0,1,0,1,0,0,1,1,0,0,0,1,1,1,0,1,1,0,1,0,1,1,0,1,1,0,1,0,1,1,1,1,1,1,0,1,0,1,1,0,0,1,0,1,0,0,0,1,0,0,0,0,1,1,0,0,1
sampler_snapshot_random1_sampler_island_warmup5_cap1024_20260526,163,0,CE,64D69F8D6870379F,1,1,1,1,1,0,0,1,1,1,1,0,1,1,0,0,0,0,0,0,1,1,1,0,0,0,0,1,0,1,1,0,1,0,1,1,0,0,0,1,1,1,1,1,1,0,0,1,0,1,1,0,1,0,1,1,0,0,1,0,0,1,1,0,0,1,1,1,0,0,1,1
sampler_snapshot_random1_sampler_island_warmup5_cap1024_20260526,164,0,DE,3192C6EC2913D6EE,0,1,1,1,0,1,1,1,0,1,1,0,1,0,1,1,1,1,0,0,1,0,0,0,1,0,0,1,0,1,0,0,0,0,1,1,0,1,1,1,0,1,1,0,0,0,1,1,0,1,0,0,1,0,0,1,1,0,0,0,1,1,0,0,0,1,1,1,1,0,1,1
sampler_snapshot_random1_sampler_island_warmup5_cap1024_20260526,165,0,20,59A3A23C7D5F93A0,0,0,0,0,0,1,0,1,1,1,0,0,1,0,0,1,1,1,1,1,1,0,1,0,1,0,1,1,1,1,1,0,0,0,1,1,1,1,0,0,0,1,0,0,0,1,0,1,1,1,0,0,0,1,0,1,1,0,0,1,1,0,1,0,0,0,0,0,0,1,0,0
sampler_snapshot_random1_sampler_island_warmup5_cap1024_20260526,166,1,4B,8EE6E1591CEEE3F1,1,0,0,0,1,1,1,1,1,1,0,0,0,1,1,1,0,1,1,1,0,1,1,1,0,0,1,1,1,0,0,0,1,0,0,1,1,0,1,0,1,0,0,0,0,1,1,1,0,1,1,0,0,1,1,1,0,1,1,1,0,0,0,1,1,1,0,1,0,0,1,0
sampler_snapshot_random1_sampler_island_warmup5_cap1024_20260526,167,1,52,8EB6D4511BAFE6D4,0,0,1,0,1,0,1,1,0,1,1,0,0,1,1,1,1,1,1,1,0,1,0,1,1,1,0,1,1,0,0,0,1,0,0,0,1,0,1,0,0,0,1,0,1,0,1,1,0,1,1,0,1,1,0,1,0,1,1,1,0,0,0,1,0,1,0,0,1,0,1,0
sampler_snapshot_random1_sampler_island_warmup5_cap1024_20260526,168,0,5C,EBD314046BFBB414,0,0,1,0,1,0,0,0,0,0,1,0,1,1,0,1,1,1,0,1,1,1,1,1,1,1,0,1,0,1,1,0,0,0,1,0,0,0,0,0,0,0,1,0,1,0,0,0,1,1,0,0,1,0,1,1,1,1,0,1,0,1,1,1,0,0,1,1,1,0,1,0
sampler_snapshot_random1_sampler_island_warmup5_cap1024_20260526,169,1,99,BA505567AE9AD161,1,0,0,0,0,1,1,0,1,0,0,0,1,0,1,1,0,1,0,1,1,0,0,1,0,1,1,1,0,1,0,1,1,1,1,0,0,1,1,0,1,0,1,0,1,0,1,0,0,0,0,0,1,0,1,0,0,1,0,1,1,1,0,1,1,0,0,1,1,0,0,1
sampler_snapshot_random1_sampler_island_warmup5_cap1024_20260526,170,0,6E,DE2C6133DFDC9860,0,0,0,0,0,1,1,0,0,0,0,1,1,0,0,1,0,0,1,1,1,0,1,1,1,1,1,1,1,0,1,1,1,1,0,0,1,1,0,0,1,0,0,0,0,1,1,0,0,0,1,1,0,1,0,0,0,1,1,1,1,0,1,1,0,1,1,1,0,1,1,0
sampler_snapshot_random1_sampler_island_warmup5_cap1024_20260526,171,1,51,CF6D2292D7ED6C16,0,1,1,0,1,0,0,0,0,0,1,1,0,1,1,0,1,0,1,1,0,1,1,1,1,1,1,0,1,0,1,1,0,1,0,0,1,0,0,1,0,1,0,0,0,1,0,0,1,0,1,1,0,1,1,0,1,1,1,1,0,0,1,1,1,0,0,0,1,0,1,0
sampler_snapshot_random1_sampler_island_warmup5_cap1024_20260526,172,0,EB,A83D57D792286D57,1,1,1,0,1,0,1,0,1,0,1,1,0,1,1,0,0,0,0,1,0,1,0,0,0,1,0,0,1,0,0,1,1,1,1,0,1,0,1,1,1,1,1,0,1,0,1,0,1,0,1,1,1,1,0,0,0,0,0,1,0,1,0,1,1,1,0,1,0,1,1,1
sampler_snapshot_random1_sampler_island_warmup5_cap1024_20260526,173,0,85,68189F87E4683A1F,1,1,1,1,1,0,0,0,0,1,0,1,1,1,0,0,0,0,0,1,0,1,1,0,0,0,1,0,0,1,1,1,1,1,1,0,0,0,0,1,1,1,1,1,1,0,0,1,0,0,0,1,1,0,0,0,0,0,0,1,0,1,1,0,1,0,1,0,0,0,0,1
sampler_snapshot_random1_sampler_island_warmup5_cap1024_20260526,174,1,65,355DDAE2A5155AEA,0,1,0,1,0,1,1,1,0,1,0,1,1,0,1,0,1,0,1,0,1,0,0,0,1,0,1,0,0,1,0,1,0,1,0,0,0,1,1,1,0,1,0,1,1,0,1,1,1,0,1,1,1,0,1,0,1,0,1,0,1,1,0,0,1,0,1,0,0,1,1,0
sampler_snapshot_random1_sampler_island_warmup5_cap1024_20260526,175,1,0C,55AFEBE854165FEB,1,1,0,1,0,1,1,1,1,1,1,1,1,0,1,0,0,1,1,0,1,0,0,0,0,0,1,0,1,0,1,0,0,0,0,1,0,1,1,1,1,1,0,1,0,1,1,1,1,1,1,1,0,1,0,1,1,0,1,0,1,0,1,0,0,0,1,1,0,0,0,0
sampler_snapshot_random1_sampler_island_warmup5_cap1024_20260526,176,1,94,40EEAF9D5062AF9F,1,1,1,1,1,0,0,1,1,1,1,1,0,1,0,1,0,1,0,0,0,1,1,0,0,0,0,0,1,0,1,0,1,0,1,1,1,0,0,1,1,1,1,1,0,1,0,1,0,1,1,1,0,1,1,1,0,0,0,0,0,0,1,0,0,0,1,0,1,0,0,1
sampler_snapshot_random1_sampler_island_warmup5_cap1024_20260526,177,1,25,21DBDC5C1123EEDC,0,0,1,1,1,0,1,1,0,1,1,1,0,1,1,1,1,1,0,0,0,1,0,0,1,0,0,0,1,0,0,0,0,0,1,1,1,0,1,0,0,0,1,1,1,0,1,1,1,1,0,1,1,0,1,1,1,0,0,0,0,1,0,0,1,0,1,0,0,1,0,0
sampler_snapshot_random1_sampler_island_warmup5_cap1024_20260526,178,0,70,E79B982C66E7BB99,1,0,0,1,1,0,0,1,1,1,0,1,1,1,0,1,1,1,1,0,0,1,1,1,0,1,1,0,0,1,1,0,0,0,1,1,0,1,0,0,0,0,0,1,1,0,0,1,1,1,0,1,1,0,0,1,1,1,1,0,0,1,1,1,0,0,0,0,1,1,1,0
sampler_snapshot_random1_sampler_island_warmup5_cap1024_20260526,179,0,44,F6D699692ED6D1A9,1,0,0,1,0,1,0,1,1,0,0,0,1,0,1,1,0,1,1,0,1,0,1,1,0,1,1,1,0,1,0,0,1,0,0,1,0,1,1,0,1,0,0,1,1,0,0,1,0,1,1,0,1,0,1,1,0,1,1,0,1,1,1,1,0,0,1,0,0,0,1,0
sampler_snapshot_random1_sampler_island_warmup5_cap1024_20260526,180,0,C5,97A46C6A1B97D4EC,0,0,1,1,0,1,1,1,0,0,1,0,1,0,1,1,1,1,1,0,1,0,0,1,1,1,0,1,1,0,0,0,0,1,0,1,0,1,1,0,0,0,1,1,0,1,1,0,0,0,1,0,0,1,0,1,1,1,1,0,1,0,0,1,1,0,1,0,0,0,1,1
sampler_snapshot_random1_sampler_island_warmup5_cap1024_20260526,181,1,A0,D3E12C1EDBE1A50C,0,0,1,1,0,0,0,0,1,0,1,0,0,1,0,1,1,0,0,0,0,1,1,1,1,1,0,1,1,0,1,1,0,1,1,1,1,0,0,0,0,0,1,1,0,1,0,0,1,0,0,0,0,1,1,1,1,1,0,0,1,0,1,1,0,0,0,0,0,1,0,1
sampler_snapshot_random1_sampler_island_warmup5_cap1024_20260526,182,0,AC,A250515F9EA8E153,1,1,0,0,1,0,1,0,1,0,0,0,0,1,1,1,0,0,0,1,0,1,0,1,0,1,1,1,1,0,0,1,1,1,1,1,1,0,1,0,1,0,0,0,1,0,1,0,0,0,0,0,1,0,1,0,0,1,0,0,0,1,0,1,0,0,1,1,0,1,0,1
sampler_snapshot_random1_sampler_island_warmup5_cap1024_20260526,183,1,AB,EC1452EBEFCC1052,0,1,0,0,1,0,1,0,0,0,0,0,1,0,0,0,0,0,1,1,0,0,1,1,1,1,1,1,0,1,1,1,1,1,0,1,0,1,1,1,0,1,0,0,1,0,1,0,0,0,1,0,1,0,0,0,0,0,1,1,0,1,1,1,1,1,0,1,0,1,0,1
sampler_snapshot_random1_sampler_island_warmup5_cap1024_20260526,184,0,09,DD5536AAE9DD1426,0,1,1,0,0,1,0,0,0,0,1,0,1,0,0,0,1,0,1,1,1,0,1,1,1,0,0,1,0,1,1,1,0,1,0,1,0,1,0,1,0,1,1,0,1,1,0,0,1,0,1,0,1,0,1,0,1,0,1,1,1,0,1,1,1,0,0,1,0,0,0,0
sampler_snapshot_random1_sampler_island_warmup5_cap1024_20260526,185,0,6B,182067E798185767,1,1,1,0,0,1,1,0,1,1,1,0,1,0,1,0,0,0,0,1,1,0,0,0,0,0,0,1,1,0,0,1,1,1,1,0,0,1,1,1,1,1,1,0,0,1,1,0,0,0,0,0,0,1,0,0,0,0,0,1,1,0,0,0,1,1,0,1,0,1,1,0
sampler_snapshot_random1_sampler_island_warmup5_cap1024_20260526,186,1,A0,5822A795DD6A2282,0,1,0,0,0,0,0,1,0,1,0,0,0,1,0,0,0,1,0,1,0,1,1,0,1,0,1,1,1,0,1,1,1,0,1,0,1,0,0,1,1,1,1,0,0,1,0,1,0,1,0,0,0,1,0,0,0,0,0,1,1,0,1,0,0,0,0,0,0,1,0,1
sampler_snapshot_random1_sampler_island_warmup5_cap1024_20260526,187,1,10,2DCFD2D0BD6F6AD2,0,1,0,0,1,0,1,1,0,1,0,1,0,1,1,0,1,1,1,1,0,1,1,0,1,0,1,1,1,1,0,1,0,0,0,0,1,0,1,1,0,1,0,0,1,0,1,1,1,1,1,1,0,0,1,1,1,0,1,1,0,1,0,0,0,0,0,0,1,0,0,0
sampler_snapshot_random1_sampler_island_warmup5_cap1024_20260526,188,1,86,2C9FD1E1240E4FF5,1,0,1,0,1,1,1,1,1,1,1,1,0,0,1,0,0,1,1,1,0,0,0,0,0,0,1,0,0,1,0,0,1,0,0,0,0,1,1,1,1,0,0,0,1,0,1,1,1,1,1,1,1,0,0,1,0,0,1,1,0,1,0,0,0,1,1,0,0,0,0,1
sampler_snapshot_random1_sampler_island_warmup5_cap1024_20260526,189,1,2A,5ADEB5A5625A9EA5,1,0,1,0,0,1,0,1,0,1,1,1,1,0,0,1,0,1,0,1,1,0,1,0,0,1,0,0,0,1,1,0,1,0,1,0,0,1,0,1,1,0,1,0,1,1,0,1,0,1,1,1,1,0,1,1,0,1,0,1,1,0,1,0,0,1,0,1,0,1,0,0
sampler_snapshot_random1_sampler_island_warmup5_cap1024_20260526,190,0,35,1BEBEC64039BD8EC,0,0,1,1,0,1,1,1,0,0,0,1,1,0,1,1,1,1,0,1,1,0,0,1,1,1,0,0,0,0,0,0,0,0,1,0,0,1,1,0,0,0,1,1,0,1,1,1,1,1,0,1,0,1,1,1,1,1,0,1,1,0,0,0,1,0,1,0,1,1,0,0
sampler_snapshot_random1_sampler_island_warmup5_cap1024_20260526,191,0,B4,DFA9E91056F7A9C9,1,0,0,1,0,0,1,1,1,0,0,1,0,1,0,1,1,1,1,0,1,1,1,1,0,1,1,0,1,0,1,0,0,0,0,0,1,0,0,0,1,0,0,1,0,1,1,1,1,0,0,1,0,1,0,1,1,1,1,1,1,0,1,1,0,0,1,0,1,1,0,1
sampler_snapshot_random1_sampler_island_warmup5_cap1024_20260526,192,1,98,E6CC091376E4ED99,1,0,0,1,1,0,0,1,1,0,1,1,0,1,1,1,0,0,1,0,0,1,1,1,0,1,1,0,1,1,1,0,1,1,0,0,1,0,0,0,1,0,0,1,0,0,0,0,0,0,1,1,0,0,1,1,0,1,1,0,0,1,1,1,0,0,0,1,1,0,0,1
sampler_snapshot_random1_sampler_island_warmup5_cap1024_20260526,193,1,41,A39D5C7EA381CC7C,0,0,1,1,1,1,1,0,0,0,1,1,0,0,1,1,1,0,0,0,0,0,0,1,1,1,0,0,0,1,0,1,0,1,1,1,1,1,1,0,0,0,1,1,1,0,1,0,1,0,1,1,1,0,0,1,1,1,0,0,0,1,0,1,1,0,0,0,0,0,1,0
sampler_snapshot_random1_sampler_island_warmup5_cap1024_20260526,194,0,23,D1393E2EE2D19D2F,1,1,1,1,0,1,0,0,1,0,1,1,1,0,0,1,1,0,0,0,1,0,1,1,0,1,0,0,0,1,1,1,0,1,1,1,0,1,0,0,0,1,1,1,1,1,0,0,1,0,0,1,1,1,0,0,1,0,0,0,1,0,1,1,1,1,0,0,0,1,0,0
sampler_snapshot_random1_sampler_island_warmup5_cap1024_20260526,195,1,E7,94686BCF8494796B,1,1,0,1,0,1,1,0,1,0,0,1,1,1,1,0,0,0,1,0,1,0,0,1,0,0,1,0,0,0,0,1,1,1,1,1,0,0,1,1,1,1,0,1,0,1,1,0,0,0,0,1,0,1,1,0,0,0,1,0,1,0,0,1,1,1,1,0,0,1,1,1
sampler_snapshot_random1_sampler_island_warmup5_cap1024_20260526,196,1,B7,D5244ADADDB5624A,0,1,0,1,0,0,1,0,0,1,0,0,0,1,1,0,1,0,1,0,1,1,0,1,1,0,1,1,1,0,1,1,0,1,0,1,1,0,1,1,0,1,0,1,0,0,1,0,0,0,1,0,0,1,0,0,1,0,1,0,1,0,1,1,1,1,1,0,1,1,0,1
sampler_snapshot_random1_sampler_island_warmup5_cap1024_20260526,197,1,20,65470E9AF965271E,0,1,1,1,1,0,0,0,1,1,1,0,0,1,0,0,1,0,1,0,0,1,1,0,1,0,0,1,1,1,1,1,0,1,0,1,1,0,0,1,0,1,1,1,0,0,0,0,1,1,1,0,0,0,1,0,1,0,1,0,0,1,1,0,0,0,0,0,0,1,0,0
sampler_snapshot_random1_sampler_island_warmup5_cap1024_20260526,198,1,FC,2052DFFDA80247FF,1,1,1,1,1,1,1,1,1,1,1,0,0,0,1,0,0,1,0,0,0,0,0,0,0,0,0,1,0,1,0,1,1,0,1,1,1,1,1,1,1,1,1,1,1,0,1,1,0,1,0,0,1,0,1,0,0,0,0,0,0,1,0,0,0,0,1,1,1,1,1,1
sampler_snapshot_random1_sampler_island_warmup5_cap1024_20260526,199,1,B8,40B2B6ADCD5A12B8,0,0,0,1,1,1,0,1,0,1,0,0,1,0,0,0,0,1,0,1,1,0,1,0,1,0,1,1,0,0,1,1,1,0,1,1,0,1,0,1,0,1,1,0,1,1,0,1,0,1,0,0,1,1,0,1,0,0,0,0,0,0,1,0,0,0,0,1,1,1,0,1
sampler_snapshot_random1_sampler_island_warmup5_cap1024_20260526,200,1,44,5FF7A0884D7F72A0,0,0,0,0,0,1,0,1,0,1,0,0,1,1,1,0,1,1,1,1,1,1,1,0,1,0,1,1,0,0,1,0,0,0,0,1,0,0,0,1,0,0,0,0,0,1,0,1,1,1,1,0,1,1,1,1,1,1,1,1,1,0,1,0,0,0,1,0,0,0,1,0
sampler_snapshot_random1_sampler_island_warmup5_cap1024_20260526,201,0,9E,3EA6C5D91A3EF7C5,1,0,1,0,0,0,1,1,1,1,1,0,1,1,1,1,0,1,1,1,1,1,0,0,0,1,0,1,1,0,0,0,1,0,0,1,1,0,1,1,1,0,1,0,0,0,1,1,0,1,1,0,0,1,0,1,0,1,1,1,1,1,0,0,0,1,1,1,1,0,0,1
sampler_snapshot_random1_sampler_island_warmup5_cap1024_20260526,202,1,77,6AC285157BEAA494,0,0,1,0,1,0,0,1,0,0,1,0,0,1,0,1,0,1,0,1,0,1,1,1,1,1,0,1,1,1,1,0,1,0,1,0,1,0,0,0,1,0,1,0,0,0,0,1,0,1,0,0,0,0,1,1,0,1,0,1,0,1,1,0,1,1,1,0,1,1,1,0
sampler_snapshot_random1_sampler_island_warmup5_cap1024_20260526,203,0,91,ABD1D4763F8BC0F4,0,0,1,0,1,1,1,1,0,0,0,0,0,0,1,1,1,1,0,1,0,0,0,1,1,1,1,1,1,1,0,0,0,1,1,0,1,1,1,0,0,0,1,0,1,0,1,1,1,0,0,0,1,0,1,1,1,1,0,1,0,1,0,1,1,0,0,0,1,0,0,1
sampler_snapshot_random1_sampler_island_warmup5_cap1024_20260526,204,1,85,CEBD71634EDC99F1,1,0,0,0,1,1,1,1,1,0,0,1,1,0,0,1,0,0,1,1,1,0,1,1,0,1,1,1,0,0,1,0,1,1,0,0,0,1,1,0,1,0,0,0,1,1,1,0,1,0,1,1,1,1,0,1,0,1,1,1,0,0,1,1,1,0,1,0,0,0,0,1
sampler_snapshot_random1_sampler_island_warmup5_cap1024_20260526,205,1,23,DEFC2303C6FCBC07,1,1,1,0,0,0,0,0,0,0,1,1,1,1,0,1,0,0,1,1,1,1,1,1,0,1,1,0,0,0,1,1,1,1,0,0,0,0,0,0,1,1,0,0,0,1,0,0,0,0,1,1,1,1,1,1,0,1,1,1,1,0,1,1,1,1,0,0,0,1,0,0
sampler_snapshot_random1_sampler_island_warmup5_cap1024_20260526,206,1,ED,B90D465691B9FC46,0,1,1,0,0,0,1,0,0,0,1,1,1,1,1,1,1,0,0,1,1,1,0,1,1,0,0,0,1,0,0,1,0,1,1,0,1,0,1,0,0,1,1,0,0,0,1,0,1,0,1,1,0,0,0,0,1,0,0,1,1,1,0,1,1,0,1,1,0,1,1,1
sampler_snapshot_random1_sampler_island_warmup5_cap1024_20260526,207,1,A6,E9090E96F0E92F17,1,1,1,0,1,0,0,0,1,1,1,1,0,1,0,0,1,0,0,1,0,1,1,1,0,0,0,0,1,1,1,1,0,1,1,0,1,0,0,1,0,1,1,1,0,0,0,0,1,0,0,1,0,0,0,0,1,0,0,1,0,1,1,1,0,1,1,0,0,1,0,1
sampler_snapshot_random1_sampler_island_warmup5_cap1024_20260526,208,0,00,AC5A1BF3B4CC4B7B,1,1,0,1,1,1,1,0,1,1,0,1,0,0,1,0,0,0,1,1,0,0,1,1,0,0,1,0,1,1,0,1,1,1,0,0,1,1,1,1,1,1,0,1,1,0,0,0,0,1,0,1,1,0,1,0,0,0,1,1,0,1,0,1,0,0,0,0,0,0,0,0
sampler_snapshot_random1_sampler_island_warmup5_cap1024_20260526,209,0,7F,053E7AE085075E7A,0,1,0,1,1,1,1,0,0,1,1,1,1,0,1,0,1,1,1,0,0,0,0,0,1,0,1,0,0,0,0,1,0,0,0,0,0,1,1,1,0,1,0,1,1,1,1,0,0,1,1,1,1,1,0,0,1,0,1,0,0,0,0,0,1,1,1,1,1,1,1,0
sampler_snapshot_random1_sampler_island_warmup5_cap1024_20260526,210,1,54,557FBE8CC0733F0F,1,1,1,1,0,0,0,0,1,1,1,1,1,1,0,0,1,1,0,0,1,1,1,0,0,0,0,0,0,0,1,1,0,0,1,1,0,0,0,1,0,1,1,1,1,1,0,1,1,1,1,1,1,1,1,0,1,0,1,0,1,0,1,0,0,0,1,0,1,0,1,0
sampler_snapshot_random1_sampler_island_warmup5_cap1024_20260526,211,1,F7,324ACDCD90327FCD,1,0,1,1,0,0,1,1,1,1,1,1,1,1,1,0,0,1,0,0,1,1,0,0,0,0,0,0,1,0,0,1,1,0,1,1,0,0,1,1,1,0,1,1,0,0,1,1,0,1,0,1,0,0,1,0,0,1,0,0,1,1,0,0,1,1,1,0,1,1,1,1
sampler_snapshot_random1_sampler_island_warmup5_cap1024_20260526,212,1,F4,628AC8BC77670AD8,0,0,0,1,1,0,1,1,0,1,0,1,0,0,0,0,1,1,1,0,0,1,1,0,1,1,1,0,1,1,1,0,0,0,1,1,1,1,0,1,0,0,0,1,0,0,1,1,0,1,0,1,0,0,0,1,0,1,0,0,0,1,1,0,0,0,1,0,1,1,1,1
sampler_snapshot_random1_sampler_island_warmup5_cap1024_20260526,213,1,88,67D7B8B87F47C9B8,0,0,0,1,1,1,0,1,1,0,0,1,0,0,1,1,1,1,1,0,0,0,1,0,1,1,1,1,1,1,1,0,0,0,0,1,1,1,0,1,0,0,0,1,1,1,0,1,1,1,1,0,1,0,1,1,1,1,1,0,0,1,1,0,0,0,0,1,0,0,0,1
sampler_snapshot_random1_sampler_island_warmup5_cap1024_20260526,214,0,33,06B4FD6B0A06D5FD,1,0,1,1,1,1,1,1,1,0,1,0,1,0,1,1,0,1,1,0,0,0,0,0,0,1,0,1,0,0,0,0,1,1,0,1,0,1,1,0,1,0,1,1,1,1,1,1,0,0,1,0,1,1,0,1,0,1,1,0,0,0,0,0,1,1,0,0,1,1,0,0
sampler_snapshot_random1_sampler_island_warmup5_cap1024_20260526,215,1,41,D2B0BD0F4BF0B48C,0,0,1,1,0,0,0,1,0,0,1,0,1,1,0,1,0,0,0,0,1,1,1,1,1,1,0,1,0,0,1,0,1,1,1,1,0,0,0,0,1,0,1,1,1,1,0,1,0,0,0,0,1,1,0,1,0,1,0,0,1,0,1,1,1,0,0,0,0,0,1,0
sampler_snapshot_random1_sampler_island_warmup5_cap1024_20260526,216,1,E0,B3C1C44E3FB1F0CA,0,1,0,1,0,0,1,1,0,0,0,0,1,1,1,1,1,0,0,0,1,1,0,1,1,1,1,1,1,1,0,0,0,1,1,1,0,0,1,0,0,0,1,0,0,0,1,1,1,0,0,0,0,0,1,1,1,1,0,0,1,1,0,1,0,0,0,0,0,1,1,1
sampler_snapshot_random1_sampler_island_warmup5_cap1024_20260526,217,0,E7,BC85437B7E8CC173,1,1,0,0,1,1,1,0,1,0,0,0,0,0,1,1,0,0,1,1,0,0,0,1,0,1,1,1,1,1,1,0,1,1,0,1,1,1,1,0,1,1,0,0,0,0,1,0,1,0,1,0,0,0,0,1,0,0,1,1,1,1,0,1,1,1,1,0,0,1,1,1
sampler_snapshot_random1_sampler_island_warmup5_cap1024_20260526,218,1,52,CC54333BFCCC8636,0,1,1,0,1,1,0,0,0,1,1,0,0,0,0,1,0,0,1,1,0,0,1,1,0,0,1,1,1,1,1,1,1,1,0,1,1,1,0,0,1,1,0,0,1,1,0,0,0,0,1,0,1,0,1,0,0,0,1,1,0,0,1,1,0,1,0,0,1,0,1,0
sampler_snapshot_random1_sampler_island_warmup5_cap1024_20260526,219,1,EF,897576668989D676,0,1,1,0,1,1,1,0,0,1,1,0,1,0,1,1,1,0,0,1,0,0,0,1,1,0,0,1,0,0,0,1,0,1,1,0,0,1,1,0,0,1,1,0,1,1,1,0,1,0,1,0,1,1,1,0,1,0,0,1,0,0,0,1,1,1,1,1,0,1,1,1
sampler_snapshot_random1_sampler_island_warmup5_cap1024_20260526,220,1,B1,D9333785CCFA3307,1,1,1,0,0,0,0,0,1,1,0,0,1,1,0,0,0,1,0,1,1,1,1,1,0,0,1,1,0,0,1,1,1,0,1,0,0,0,0,1,1,1,1,0,1,1,0,0,1,1,0,0,1,1,0,0,1,0,0,1,1,0,1,1,1,0,0,0,1,1,0,1
sampler_snapshot_random1_sampler_island_warmup5_cap1024_20260526,221,0,40,FC460381FC7E7203,1,1,0,0,0,0,0,0,0,1,0,0,1,1,1,0,0,1,1,1,1,1,1,0,0,0,1,1,1,1,1,1,1,0,0,0,0,0,0,1,1,1,0,0,0,0,0,0,0,1,1,0,0,0,1,0,0,0,1,1,1,1,1,1,0,0,0,0,0,0,1,0
sampler_snapshot_random1_sampler_island_warmup5_cap1024_20260526,222,1,00,3F0FC0F0BD0F4E60,0,0,0,0,0,1,1,0,0,1,1,1,0,0,1,0,1,1,1,1,0,0,0,0,1,0,1,1,1,1,0,1,0,0,0,0,1,1,1,1,0,0,0,0,0,0,1,1,1,1,1,1,0,0,0,0,1,1,1,1,1,1,0,0,0,0,0,0,0,0,0,0
sampler_snapshot_random1_sampler_island_warmup5_cap1024_20260526,223,0,49,4B4FB4B4F24B0FB5,1,0,1,0,1,1,0,1,1,1,1,1,0,0,0,0,1,1,0,1,0,0,1,0,0,1,0,0,1,1,1,1,0,0,1,0,1,1,0,1,0,0,1,0,1,1,0,1,1,1,1,1,0,0,1,0,1,1,0,1,0,0,1,0,1,0,0,1,0,0,1,0
sampler_snapshot_random1_sampler_island_warmup5_cap1024_20260526,224,0,2A,0AFAFDC5020A6DF5,1,0,1,0,1,1,1,1,1,0,1,1,0,1,1,0,0,1,0,1,0,0,0,0,0,1,0,0,0,0,0,0,1,0,1,0,0,0,1,1,1,0,1,1,1,1,1,1,0,1,0,1,1,1,1,1,0,1,0,1,0,0,0,0,0,1,0,1,0,1,0,0
sampler_snapshot_random1_sampler_island_warmup5_cap1024_20260526,225,1,25,5FB8F8C6477FB8C8,0,0,0,1,0,0,1,1,0,0,0,1,1,1,0,1,1,1,1,1,1,1,1,0,1,1,1,0,0,0,1,0,0,1,1,0,0,0,1,1,0,0,0,1,1,1,1,1,0,0,0,1,1,1,0,1,1,1,1,1,1,0,1,0,1,0,1,0,0,1,0,0
sampler_snapshot_random1_sampler_island_warmup5_cap1024_20260526,226,1,5F,77CD88026775B989,1,0,0,1,0,0,0,1,1,0,0,1,1,1,0,1,1,0,1,0,1,1,1,0,1,1,1,0,0,1,1,0,0,1,0,0,0,0,0,0,0,0,0,1,0,0,0,1,1,0,1,1,0,0,1,1,1,1,1,0,1,1,1,0,1,1,1,1,1,0,1,0
sampler_snapshot_random1_sampler_island_warmup5_cap1024_20260526,227,1,EF,B68CCD7B3294CDEF,1,1,1,1,0,1,1,1,1,0,1,1,0,0,1,1,0,0,1,0,1,0,0,1,0,1,0,0,1,1,0,0,1,1,0,1,1,1,1,0,1,0,1,1,0,0,1,1,0,0,1,1,0,0,0,1,0,1,1,0,1,1,0,1,1,1,1,1,0,1,1,1
sampler_snapshot_random1_sampler_island_warmup5_cap1024_20260526,228,0,7E,C0A8AE3E73C18CBE,0,1,1,1,1,1,0,1,0,0,1,1,0,0,0,1,1,0,0,0,0,0,1,1,1,1,0,0,1,1,1,0,0,1,1,1,1,1,0,0,0,1,1,1,0,1,0,1,0,0,0,1,0,1,0,1,0,0,0,0,0,0,1,1,0,1,1,1,1,1,1,0
sampler_snapshot_random1_sampler_island_warmup5_cap1024_20260526,229,0,16,81F97E5E05C1E9FA,0,1,0,1,1,1,1,1,1,0,0,1,0,1,1,1,1,0,0,0,0,0,1,1,1,0,1,0,0,0,0,0,0,1,1,1,1,0,1,0,0,1,1,1,1,1,1,0,1,0,0,1,1,1,1,1,1,0,0,0,0,0,0,1,0,1,1,0,1,0,0,0
sampler_snapshot_random1_sampler_island_warmup5_cap1024_20260526,230,0,AA,94B45B4B8CB4FB4B,1,1,0,1,0,0,1,0,1,1,0,1,1,1,1,1,0,0,1,0,1,1,0,1,0,0,1,1,0,0,0,1,1,1,0,1,0,0,1,0,1,1,0,1,1,0,1,0,0,0,1,0,1,1,0,1,0,0,1,0,1,0,0,1,0,1,0,1,0,1,0,1
sampler_snapshot_random1_sampler_island_warmup5_cap1024_20260526,231,1,CF,F4460F09E9F4B60E,0,1,1,1,0,0,0,0,0,1,1,0,1,1,0,1,0,0,1,0,1,1,1,1,1,0,0,1,0,1,1,1,1,0,0,1,0,0,0,0,1,1,1,1,0,0,0,0,0,1,1,0,0,0,1,0,0,0,1,0,1,1,1,1,1,1,1,1,0,0,1,1
sampler_snapshot_random1_sampler_island_warmup5_cap1024_20260526,232,0,4B,B1434EFCB993466E,0,1,1,1,0,1,1,0,0,1,1,0,0,0,1,0,1,1,0,0,1,0,0,1,1,0,0,1,1,1,0,1,0,0,1,1,1,1,1,1,0,1,1,1,0,0,1,0,1,1,0,0,0,0,1,0,1,0,0,0,1,1,0,1,1,1,0,1,0,0,1,0
sampler_snapshot_random1_sampler_island_warmup5_cap1024_20260526,233,0,04,C02265BDFCC2037D,1,0,1,1,1,1,1,0,1,1,0,0,0,0,0,0,0,1,0,0,0,0,1,1,0,0,1,1,1,1,1,1,1,0,1,1,1,1,0,1,1,0,1,0,0,1,1,0,0,1,0,0,0,1,0,0,0,0,0,0,0,0,1,1,0,0,1,0,0,0,0,0
sampler_snapshot_random1_sampler_island_warmup5_cap1024_20260526,234,0,6E,4E763199CE6E6230,0,0,0,0,1,1,0,0,0,1,0,0,0,1,1,0,0,1,1,1,0,1,1,0,0,1,1,1,0,0,1,1,1,0,0,1,1,0,0,1,1,0,0,0,1,1,0,0,0,1,1,0,1,1,1,0,0,1,1,1,0,0,1,0,0,1,1,1,0,1,1,0
sampler_snapshot_random1_sampler_island_warmup5_cap1024_20260526,235,0,78,0F37D0C88F3F74D4,0,0,1,0,1,0,1,1,0,0,1,0,1,1,1,0,1,1,1,1,1,1,0,0,1,1,1,1,0,0,0,1,0,0,0,1,0,0,1,1,0,0,0,0,1,0,1,1,1,1,1,0,1,1,0,0,1,1,1,1,0,0,0,0,0,0,0,1,1,1,1,0
sampler_snapshot_random1_sampler_island_warmup5_cap1024_20260526,236,0,3D,7B958585EA7A3585,1,0,1,0,0,0,0,1,1,0,1,0,1,1,0,0,0,1,0,1,1,1,1,0,0,1,0,1,0,1,1,1,1,0,1,0,0,0,0,1,1,0,1,0,0,0,0,1,1,0,1,0,1,0,0,1,1,1,0,1,1,1,1,0,1,0,1,1,1,1,0,0
sampler_snapshot_random1_sampler_island_warmup5_cap1024_20260526,237,0,11,3AC0C5F73A1850E5,1,0,1,0,0,1,1,1,0,0,0,0,1,0,1,0,0,0,0,1,1,0,0,0,0,1,0,1,1,1,0,0,1,1,1,0,1,1,1,1,1,0,1,0,0,0,1,1,0,0,0,0,0,0,1,1,0,1,0,1,1,1,0,0,1,0,0,0,1,0,0,0
sampler_snapshot_random1_sampler_island_warmup5_cap1024_20260526,238,1,B6,4FA9E0F25F0DC8F0,0,0,0,0,1,1,1,1,0,0,0,1,0,0,1,1,1,0,1,1,0,0,0,0,1,1,1,1,1,0,1,0,0,1,0,0,1,1,1,1,0,0,0,0,0,1,1,1,1,0,0,1,0,1,0,1,1,1,1,1,0,0,1,0,0,1,1,0,1,1,0,1
sampler_snapshot_random1_sampler_island_warmup5_cap1024_20260526,239,1,42,4DFDB21256EDAD93,1,1,0,0,1,0,0,1,1,0,1,1,0,1,0,1,1,0,1,1,0,1,1,1,0,1,1,0,1,0,1,0,0,1,0,0,1,0,0,0,0,1,0,0,1,1,0,1,1,0,1,1,1,1,1,1,1,0,1,1,0,0,1,0,0,1,0,0,0,0,1,0
sampler_snapshot_random1_sampler_island_warmup5_cap1024_20260526,240,0,02,ACFCD74700B8FDD7,1,1,1,0,1,0,1,1,1,0,1,1,1,1,1,1,0,0,0,1,1,1,0,1,0,0,0,0,0,0,0,0,1,1,1,0,0,0,1,0,1,1,1,0,1,0,1,1,0,0,1,1,1,1,1,1,0,0,1,1,0,1,0,1,0,1,0,0,0,0,0,0
sampler_snapshot_random1_sampler_island_warmup5_cap1024_20260526,241,0,09,F9991E0661F9BE86,0,1,1,0,0,0,0,1,0,1,1,1,1,1,0,1,1,0,0,1,1,1,1,1,1,0,0,0,0,1,1,0,0,1,1,0,0,0,0,0,0,1,1,1,1,0,0,0,1,0,0,1,1,0,0,1,1,0,0,1,1,1,1,1,1,0,0,1,0,0,0,0
sampler_snapshot_random1_sampler_island_warmup5_cap1024_20260526,242,0,58,F9CB0A34F4DDDB2B,1,1,0,1,0,1,0,0,1,1,0,1,1,0,1,1,1,0,1,1,1,0,1,1,0,0,1,0,1,1,1,1,0,0,1,0,1,1,0,0,0,1,0,1,0,0,0,0,1,1,0,1,0,0,1,1,1,0,0,1,1,1,1,1,0,0,0,1,1,0,1,0
sampler_snapshot_random1_sampler_island_warmup5_cap1024_20260526,243,1,2E,842E6B719486CB7B,1,1,0,1,1,1,1,0,1,1,0,1,0,0,1,1,0,1,1,0,0,0,0,1,0,0,1,0,1,0,0,1,1,0,0,0,1,1,1,0,1,1,0,1,0,1,1,0,0,1,1,1,0,1,0,0,0,0,1,0,0,0,0,1,0,1,1,1,0,1,0,0
sampler_snapshot_random1_sampler_island_warmup5_cap1024_20260526,244,0,B1,C47E3E98D1E72E1C,0,0,1,1,1,0,0,0,0,1,1,1,0,1,0,0,1,1,1,0,0,1,1,1,1,0,0,0,1,0,1,1,0,0,0,1,1,0,0,1,0,1,1,1,1,1,0,0,0,1,1,1,1,1,1,0,0,0,1,0,0,0,1,1,1,0,0,0,1,1,0,1
sampler_snapshot_random1_sampler_island_warmup5_cap1024_20260526,245,1,42,A35B5CCC81A37F5C,0,0,1,1,1,0,1,0,1,1,1,1,1,1,1,0,1,1,0,0,0,1,0,1,1,0,0,0,0,0,0,1,0,0,1,1,0,0,1,1,0,0,1,1,1,0,1,0,1,1,0,1,1,0,1,0,1,1,0,0,0,1,0,1,0,1,0,0,0,0,1,0
sampler_snapshot_random1_sampler_island_warmup5_cap1024_20260526,246,0,69,721A5DEDE6721B49,1,0,0,1,0,0,1,0,1,1,0,1,1,0,0,0,0,1,0,0,1,1,1,0,0,1,1,0,0,1,1,1,1,0,1,1,0,1,1,1,1,0,1,1,1,0,1,0,0,1,0,1,1,0,0,0,0,1,0,0,1,1,1,0,1,0,0,1,0,1,1,0
sampler_snapshot_random1_sampler_island_warmup5_cap1024_20260526,247,1,E0,764689A9FF561828,0,0,0,1,0,1,0,0,0,0,0,1,1,0,0,0,0,1,1,0,1,0,1,0,1,1,1,1,1,1,1,1,1,0,0,1,0,1,0,1,1,0,0,1,0,0,0,1,0,1,1,0,0,0,1,0,0,1,1,0,1,1,1,0,0,0,0,0,0,1,1,1
sampler_snapshot_random1_sampler_island_warmup5_cap1024_20260526,248,0,C0,0725E8FA9F0544FC,0,0,1,1,1,1,1,1,0,0,1,0,0,0,1,0,1,0,1,0,0,0,0,0,1,1,1,1,1,0,0,1,0,1,0,1,1,1,1,1,0,0,0,1,0,1,1,1,1,0,1,0,0,1,0,0,1,1,1,0,0,0,0,0,0,0,0,0,0,0,1,1
sampler_snapshot_random1_sampler_island_warmup5_cap1024_20260526,249,1,03,42B4BD9F5A60259D,1,0,1,1,1,0,0,1,1,0,1,0,0,1,0,0,0,0,0,0,0,1,1,0,0,1,0,1,1,0,1,0,1,1,1,1,1,0,0,1,1,0,1,1,1,1,0,1,0,0,1,0,1,1,0,1,0,1,0,0,0,0,1,0,1,1,0,0,0,0,0,0
sampler_snapshot_random1_sampler_island_warmup5_cap1024_20260526,250,1,48,22D0D7CF2F60F0DE,0,1,1,1,1,0,1,1,0,0,0,0,1,1,1,1,0,0,0,0,0,1,1,0,1,1,1,1,0,1,0,0,1,1,1,1,0,0,1,1,1,1,1,0,1,0,1,1,0,0,0,0,1,0,1,1,0,1,0,0,0,1,0,0,0,0,0,1,0,0,1,0
sampler_snapshot_random1_sampler_island_warmup5_cap1024_20260526,251,1,82,3D95D26A2D1DD0E2,0,1,0,0,0,1,1,1,0,0,0,0,1,0,1,1,1,0,1,1,1,0,0,0,1,0,1,1,0,1,0,0,0,1,0,1,0,1,1,0,0,1,0,0,1,0,1,1,1,0,1,0,1,0,0,1,1,0,1,1,1,1,0,0,0,1,0,0,0,0,0,1
sampler_snapshot_random1_sampler_island_warmup5_cap1024_20260526,252,0,8E,DCC5A32B7CDC97A3,1,1,0,0,0,1,0,1,1,1,1,0,1,0,0,1,0,0,1,1,1,0,1,1,0,0,1,1,1,1,1,0,1,1,0,1,0,1,0,0,1,1,0,0,0,1,0,1,1,0,1,0,0,0,1,1,0,0,1,1,1,0,1,1,0,1,1,1,0,0,0,1
sampler_snapshot_random1_sampler_island_warmup5_cap1024_20260526,253,0,C1,98E6E7771888C6F7,1,1,1,0,1,1,1,1,0,1,1,0,0,0,1,1,0,0,0,1,0,0,0,1,0,0,0,1,1,0,0,0,1,1,1,0,1,1,1,0,1,1,1,0,0,1,1,1,0,1,1,0,0,1,1,1,0,0,0,1,1,0,0,1,1,0,0,0,0,0,1,1
sampler_snapshot_random1_sampler_island_warmup5_cap1024_20260526,254,0,60,C9B3761459EBA656,0,1,1,0,1,0,1,0,0,1,1,0,0,1,0,1,1,1,0,1,0,1,1,1,1,0,0,1,1,0,1,0,0,0,1,0,1,0,0,0,0,1,1,0,1,1,1,0,1,1,0,0,1,1,0,1,1,0,0,1,0,0,1,1,0,0,0,0,0,1,1,0
sampler_snapshot_random1_sampler_island_warmup5_cap1024_20260526,255,1,5E,ED5B1204ECEFFB11,1,0,0,0,1,0,0,0,1,1,0,1,1,1,1,1,1,1,1,1,0,1,1,1,0,0,1,1,0,1,1,1,0,0,1,0,0,0,0,0,0,1,0,0,1,0,0,0,1,1,0,1,1,0,1,0,1,0,1,1,0,1,1,1,0,1,1,1,1,0,1,0
sampler_snapshot_random1_sampler_island_warmup5_cap1024_20260526,256,0,3D,BE1E5161A49EDB61,1,0,0,0,0,1,1,0,1,1,0,1,1,0,1,1,0,1,1,1,1,0,0,1,0,0,1,0,0,1,0,1,1,0,0,0,0,1,1,0,1,0,0,0,1,0,1,0,0,1,1,1,1,0,0,0,0,1,1,1,1,1,0,1,1,0,1,1,1,1,0,0
sampler_snapshot_random1_sampler_island_warmup5_cap1024_20260526,257,0,84,DF0F24A0F3DF1E24,0,0,1,0,0,1,0,0,0,1,1,1,1,0,0,0,1,1,1,1,1,0,1,1,1,1,0,0,1,1,1,1,0,0,0,0,0,1,0,1,0,0,1,0,0,1,0,0,1,1,1,1,0,0,0,0,1,1,1,1,1,0,1,1,0,0,1,0,0,0,0,1
sampler_snapshot_random1_sampler_island_warmup5_cap1024_20260526,258,0,4C,1B6B6CD4920B4D65,1,0,1,0,0,1,1,0,1,0,1,1,0,0,1,0,1,1,0,1,0,0,0,0,0,1,0,0,1,0,0,1,0,0,1,0,1,0,1,1,0,0,1,1,0,1,1,0,1,1,0,1,0,1,1,0,1,1,0,1,1,0,0,0,0,0,1,1,0,0,1,0
sampler_snapshot_random1_sampler_island_warmup5_cap1024_20260526,259,1,88,4A28F9D7D62E6959,1,0,0,1,1,0,1,0,1,0,0,1,0,1,1,0,0,1,1,1,0,1,0,0,0,1,1,0,1,0,1,1,1,1,1,0,1,0,1,1,1,0,0,1,1,1,1,1,0,0,0,1,0,1,0,0,0,1,0,1,0,0,1,0,0,0,0,1,0,0,0,1
sampler_snapshot_random1_sampler_island_warmup5_cap1024_20260526,260,1,A1,675C9882E7652898,0,0,0,1,1,0,0,1,0,0,0,1,0,1,0,0,1,0,1,0,0,1,1,0,1,1,1,0,0,1,1,1,0,1,0,0,0,0,0,1,0,0,0,1,1,0,0,1,0,0,1,1,1,0,1,0,1,1,1,0,0,1,1,0,1,0,0,0,0,1,0,1
sampler_snapshot_random1_sampler_island_warmup5_cap1024_20260526,261,0,BE,37DDDCEA23155DEE,0,1,1,1,0,1,1,1,1,0,1,1,1,0,1,0,1,0,1,0,1,0,0,0,1,1,0,0,0,1,0,0,0,1,0,1,0,1,1,1,0,0,1,1,1,0,1,1,1,0,1,1,1,0,1,1,1,1,1,0,1,1,0,0,0,1,1,1,1,1,0,1
sampler_snapshot_random1_sampler_island_warmup5_cap1024_20260526,262,0,4A,50A8AFAF62509DAF,1,1,1,1,0,1,0,1,1,0,1,1,1,0,0,1,0,0,0,0,1,0,1,0,0,1,0,0,0,1,1,0,1,1,1,1,0,1,0,1,1,1,1,1,0,1,0,1,0,0,0,1,0,1,0,1,0,0,0,0,1,0,1,0,0,1,0,1,0,0,1,0
sampler_snapshot_random1_sampler_island_warmup5_cap1024_20260526,263,0,32,50E8AE1F5560EAAA,0,1,0,1,0,1,0,1,0,1,0,1,0,1,1,1,0,0,0,0,0,1,1,0,1,0,1,0,1,0,1,0,1,1,1,1,1,0,0,0,0,1,1,1,0,1,0,1,0,0,0,1,0,1,1,1,0,0,0,0,1,0,1,0,0,1,0,0,1,1,0,0
sampler_snapshot_random1_sampler_island_warmup5_cap1024_20260526,264,1,A1,85A5DA5A1DA5E2DA,0,1,0,1,1,0,1,1,0,1,0,0,0,1,1,1,1,0,1,0,0,1,0,1,1,0,1,1,1,0,0,0,0,1,0,1,1,0,1,0,0,1,0,1,1,0,1,1,1,0,1,0,0,1,0,1,1,0,1,0,0,0,0,1,1,0,0,0,0,1,0,1
sampler_snapshot_random1_sampler_island_warmup5_cap1024_20260526,265,1,66,E4D69B096CE6A79F,1,1,1,1,1,0,0,1,1,1,1,0,0,1,0,1,0,1,1,0,0,1,1,1,0,0,1,1,0,1,1,0,1,0,0,1,0,0,0,0,1,1,0,1,1,0,0,1,0,1,1,0,1,0,1,1,0,0,1,0,0,1,1,1,0,1,1,0,0,1,1,0
sampler_snapshot_random1_sampler_island_warmup5_cap1024_20260526,266,0,DE,B0D65F6D2992D6EE,0,1,1,1,0,1,1,1,0,1,1,0,1,0,1,1,0,1,0,0,1,0,0,1,1,0,0,1,0,1,0,0,1,0,1,1,0,1,1,0,1,1,1,1,1,0,1,0,0,1,1,0,1,0,1,1,0,0,0,0,1,1,0,1,0,1,1,1,1,0,1,1
sampler_snapshot_random1_sampler_island_warmup5_cap1024_20260526,267,0,66,D123646CC9D3926C,0,0,1,1,0,1,1,0,0,1,0,0,1,0,0,1,1,1,0,0,1,0,1,1,1,0,0,1,0,0,1,1,0,0,1,1,0,1,1,0,0,0,1,0,0,1,1,0,1,1,0,0,0,1,0,0,1,0,0,0,1,0,1,1,0,1,1,0,0,1,1,0
sampler_snapshot_random1_sampler_island_warmup5_cap1024_20260526,268,0,15,DE632119DEFEA301,1,0,0,0,0,0,0,0,1,1,0,0,0,1,0,1,0,1,1,1,1,1,1,1,0,1,1,1,1,0,1,1,1,0,0,1,1,0,0,0,1,0,0,0,0,1,0,0,1,1,0,0,0,1,1,0,0,1,1,1,1,0,1,1,1,0,1,0,1,0,0,0
sampler_snapshot_random1_sampler_island_warmup5_cap1024_20260526,269,0,DF,AE2641D99EAE6451,1,0,0,0,1,0,1,0,0,0,1,0,0,1,1,0,0,1,1,1,0,1,0,1,0,1,1,1,1,0,0,1,1,0,0,1,1,0,1,1,1,0,0,0,0,0,1,0,0,1,1,0,0,1,0,0,0,1,1,1,0,1,0,1,1,1,1,1,1,0,1,1
sampler_snapshot_random1_sampler_island_warmup5_cap1024_20260526,270,0,50,EB151494EBEB2414,0,0,1,0,1,0,0,0,0,0,1,0,0,1,0,0,1,1,0,1,0,1,1,1,1,1,0,1,0,1,1,1,0,0,1,0,1,0,0,1,0,0,1,0,1,0,0,0,1,0,1,0,1,0,0,0,1,1,0,1,0,1,1,1,0,0,0,0,1,0,1,0
sampler_snapshot_random1_sampler_island_warmup5_cap1024_20260526,271,1,F1,3B5154E6AA595575,1,0,1,0,1,1,1,0,1,0,1,0,1,0,1,0,1,0,0,1,1,0,1,0,0,1,0,1,0,1,0,1,0,1,1,0,0,1,1,1,0,0,1,0,1,0,1,0,1,0,0,0,1,0,1,0,1,1,0,1,1,1,0,0,1,0,0,0,1,1,1,1
sampler_snapshot_random1_sampler_island_warmup5_cap1024_20260526,272,1,05,1E28E1E78E1C59E3,1,1,0,0,0,1,1,1,1,0,0,1,1,0,1,0,0,0,1,1,1,0,0,0,0,1,1,1,0,0,0,1,1,1,1,0,0,1,1,1,1,0,0,0,0,1,1,1,0,0,0,1,0,1,0,0,0,1,1,1,1,0,0,0,1,0,1,0,0,0,0,0
sampler_snapshot_random1_sampler_island_warmup5_cap1024_20260526,273,1,B0,5DEDA292D77D2882,0,1,0,0,0,0,0,1,0,0,0,1,0,1,0,0,1,0,1,1,1,1,1,0,1,1,1,0,1,0,1,1,0,1,0,0,1,0,0,1,0,1,0,0,0,1,0,1,1,0,1,1,0,1,1,1,1,0,1,1,1,0,1,0,0,0,0,0,1,1,0,1
sampler_snapshot_random1_sampler_island_warmup5_cap1024_20260526,274,0,4A,2DCDC6D2102D6DD7,1,1,1,0,1,0,1,1,1,0,1,1,0,1,1,0,1,0,1,1,0,1,0,0,0,0,0,0,1,0,0,0,0,1,0,0,1,0,1,1,0,1,1,0,0,0,1,1,1,0,1,1,0,0,1,1,1,0,1,1,0,1,0,0,0,1,0,1,0,0,1,0
sampler_snapshot_random1_sampler_island_warmup5_cap1024_20260526,275,0,FC,6898DF377068AFD7,1,1,1,0,1,0,1,1,1,1,1,1,0,1,0,1,0,0,0,1,0,1,1,0,0,0,0,0,1,1,1,0,1,1,1,0,1,1,0,0,1,1,1,1,1,0,1,1,0,0,0,1,1,0,0,1,0,0,0,1,0,1,1,0,0,0,1,1,1,1,1,1
sampler_snapshot_random1_sampler_island_warmup5_cap1024_20260526,276,1,67,69DA9E2465D9DABA,0,1,0,1,1,1,0,1,0,1,0,1,1,0,1,1,1,0,0,1,1,0,1,1,1,0,1,0,0,1,1,0,0,0,1,0,0,1,0,0,0,1,1,1,1,0,0,1,0,1,0,1,1,0,1,1,1,0,0,1,0,1,1,0,1,1,1,0,0,1,1,0
sampler_snapshot_random1_sampler_island_warmup5_cap1024_20260526,277,0,65,95BFEA600597DBEA,0,1,0,1,0,1,1,1,1,1,0,1,1,0,1,1,1,1,1,0,1,0,0,1,1,0,1,0,0,0,0,0,0,0,0,0,0,1,1,0,0,1,0,1,0,1,1,1,1,1,1,1,1,1,0,1,1,0,1,0,1,0,0,1,1,0,1,0,0,1,1,0
sampler_snapshot_random1_sampler_island_warmup5_cap1024_20260526,278,0,72,D4AE2F1950F6BF8D,1,0,1,1,0,0,0,1,1,1,1,1,1,1,0,1,0,1,1,0,1,1,1,1,0,0,0,0,1,0,1,0,1,0,0,1,1,0,0,0,1,1,1,1,0,1,0,0,0,1,1,1,0,1,0,1,0,0,1,0,1,0,1,1,0,1,0,0,1,1,1,0
sampler_snapshot_random1_sampler_island_warmup5_cap1024_20260526,279,1,B4,A2CA4C5D93A2EE5C,0,0,1,1,1,0,1,0,0,1,1,1,0,1,1,1,0,1,0,0,0,1,0,1,1,1,0,0,1,0,0,1,1,0,1,1,1,0,1,0,0,0,1,1,0,0,1,0,0,1,0,1,0,0,1,1,0,1,0,0,0,1,0,1,0,0,1,0,1,1,0,1
sampler_snapshot_random1_sampler_island_warmup5_cap1024_20260526,280,0,9C,E31B5C7CF783CA5C,0,0,1,1,1,0,1,0,0,1,0,1,0,0,1,1,1,1,0,0,0,0,0,1,1,1,1,0,1,1,1,1,0,0,1,1,1,1,1,0,0,0,1,1,1,0,1,0,1,1,0,1,1,0,0,0,1,1,0,0,0,1,1,1,0,0,1,1,1,0,0,1
sampler_snapshot_random1_sampler_island_warmup5_cap1024_20260526,281,1,0E,C65639A9E6D61939,1,0,0,1,1,1,0,0,1,0,0,1,1,0,0,0,0,1,1,0,1,0,1,1,0,1,1,0,0,1,1,1,1,0,0,1,0,1,0,1,1,0,0,1,1,1,0,0,0,1,1,0,1,0,1,0,0,1,1,0,0,0,1,1,0,1,1,1,0,0,0,0
sampler_snapshot_random1_sampler_island_warmup5_cap1024_20260526,282,1,0E,967469EB8F94546C,0,0,1,1,0,1,1,0,0,0,1,0,1,0,1,0,0,0,1,0,1,0,0,1,1,1,1,1,0,0,0,1,1,1,0,1,0,1,1,1,1,0,0,1,0,1,1,0,0,0,1,0,1,1,1,0,0,1,1,0,1,0,0,1,0,1,1,1,0,0,0,0
sampler_snapshot_random1_sampler_island_warmup5_cap1024_20260526,283,1,72,53252C9EDB71340C,0,0,1,1,0,0,0,0,0,0,1,0,1,1,0,0,1,0,0,0,1,1,1,0,1,1,0,1,1,0,1,1,0,1,1,1,1,0,0,1,0,0,1,1,0,1,0,0,1,0,1,0,0,1,0,0,1,1,0,0,1,0,1,0,0,1,0,0,1,1,1,0
sampler_snapshot_random1_sampler_island_warmup5_cap1024_20260526,284,1,81,6241879FFA60651F,1,1,1,1,1,0,0,0,1,0,1,0,0,1,1,0,0,0,0,0,0,1,1,0,0,1,0,1,1,1,1,1,1,1,1,1,1,0,0,1,1,1,1,0,0,0,0,1,1,0,0,0,0,0,1,0,0,1,0,0,0,1,1,0,1,0,0,0,0,0,0,1
sampler_snapshot_random1_sampler_island_warmup5_cap1024_20260526,285,1,FA,2C10D3FBBC0C40F3,1,1,0,0,1,1,1,1,0,0,0,0,0,0,1,0,0,0,1,1,0,0,0,0,0,0,1,1,1,1,0,1,1,1,0,1,1,1,1,1,1,1,0,0,1,0,1,1,0,0,0,0,1,0,0,0,0,0,1,1,0,1,0,0,0,1,0,1,1,1,1,1
sampler_snapshot_random1_sampler_island_warmup5_cap1024_20260526,286,1,4A,4DD5B2AA6D4D16B2,0,1,0,0,1,1,0,1,0,1,1,0,1,0,0,0,1,0,1,1,0,0,1,0,1,0,1,1,0,1,1,0,0,1,0,1,0,1,0,1,0,1,0,0,1,1,0,1,1,0,1,0,1,0,1,1,1,0,1,1,0,0,1,0,0,1,0,1,0,0,1,0
sampler_snapshot_random1_sampler_island_warmup5_cap1024_20260526,287,1,7C,1DF7F7E60819D7E7,1,1,1,0,0,1,1,1,1,1,1,0,1,0,1,1,1,0,0,1,1,0,0,0,0,0,0,1,0,0,0,0,0,1,1,0,0,1,1,1,1,1,1,0,1,1,1,1,1,1,1,0,1,1,1,1,1,0,1,1,1,0,0,0,0,0,1,1,1,1,1,0
sampler_snapshot_random1_sampler_island_warmup5_cap1024_20260526,288,0,DD,58A2E745587AB7C7,1,1,1,0,0,0,1,1,1,1,1,0,1,1,0,1,0,1,0,1,1,1,1,0,0,0,0,1,1,0,1,0,1,0,1,0,0,0,1,0,1,1,1,0,0,1,1,1,0,1,0,0,0,1,0,1,0,0,0,1,1,0,1,0,1,0,1,1,1,0,1,1
sampler_snapshot_random1_sampler_island_warmup5_cap1024_20260526,289,0,C5,FDCB82147DEFAA92,0,1,0,0,1,0,0,1,0,1,0,1,0,1,0,1,1,1,1,1,0,1,1,1,1,0,1,1,1,1,1,0,0,0,1,0,1,0,0,0,0,1,0,0,0,0,0,1,1,1,0,1,0,0,1,1,1,0,1,1,1,1,1,1,1,0,1,0,0,0,1,1
sampler_snapshot_random1_sampler_island_warmup5_cap1024_20260526,290,1,3F,AF9FD070348FCBF1,1,0,0,0,1,1,1,1,1,1,0,1,0,0,1,1,1,1,1,1,0,0,0,1,0,0,1,0,1,1,0,0,0,0,0,0,1,1,1,0,0,0,0,0,1,0,1,1,1,1,1,1,1,0,0,1,1,1,1,1,0,1,0,1,1,1,1,1,1,1,0,0
sampler_snapshot_random1_sampler_island_warmup5_cap1024_20260526,291,1,8C,CEBE352162CE9F35,1,0,1,0,1,1,0,0,1,1,1,1,1,0,0,1,0,1,1,1,0,0,1,1,0,1,0,0,0,1,1,0,1,0,0,0,0,1,0,0,1,0,1,0,1,1,0,0,0,1,1,1,1,1,0,1,0,1,1,1,0,0,1,1,0,0,1,1,0,0,0,1
sampler_snapshot_random1_sampler_island_warmup5_cap1024_20260526,292,0,E9,9B7A7C4483DBFC64,0,0,1,0,0,1,1,0,0,0,1,1,1,1,1,1,1,1,0,1,1,0,1,1,1,1,0,0,0,0,0,1,0,0,1,0,0,0,1,0,0,0,1,1,1,1,1,0,0,1,0,1,1,1,1,0,1,1,0,1,1,0,0,1,1,0,0,1,0,1,1,1
sampler_snapshot_random1_sampler_island_warmup5_cap1024_20260526,293,0,D8,9B296C4697BBF948,0,0,0,1,0,0,1,0,1,0,0,1,1,1,1,1,1,1,0,1,1,1,0,1,1,1,1,0,1,0,0,1,0,1,1,0,0,0,1,0,0,0,1,1,0,1,1,0,1,0,0,1,0,1,0,0,1,1,0,1,1,0,0,1,0,0,0,1,1,0,1,1
sampler_snapshot_random1_sampler_island_warmup5_cap1024_20260526,294,0,42,F64C0993F6E42909,1,0,0,1,0,0,0,0,1,0,0,1,0,1,0,0,0,0,1,0,0,1,1,1,0,1,1,0,1,1,1,1,1,1,0,0,1,0,0,1,1,0,0,1,0,0,0,0,0,0,1,1,0,0,1,0,0,1,1,0,1,1,1,1,0,1,0,0,0,0,1,0
sampler_snapshot_random1_sampler_island_warmup5_cap1024_20260526,295,1,5E,A64C5AFBB3044C7E,0,1,1,1,1,1,1,0,0,0,1,1,0,0,1,0,0,0,1,0,0,0,0,0,1,1,0,0,1,1,0,1,1,1,0,1,1,1,1,1,0,1,0,1,1,0,1,0,0,0,1,1,0,0,1,0,0,1,1,0,0,1,0,1,0,1,1,1,1,0,1,0
sampler_snapshot_random1_sampler_island_warmup5_cap1024_20260526,296,0,38,4139FEAEE3410C7E,0,1,1,1,1,1,1,0,0,0,1,1,0,0,0,0,1,0,0,0,0,0,1,0,1,1,0,0,0,1,1,1,0,1,1,1,0,1,0,1,0,1,1,1,1,1,1,1,1,0,0,1,1,1,0,0,1,0,0,0,0,0,1,0,0,0,0,1,1,1,0,0
sampler_snapshot_random1_sampler_island_warmup5_cap1024_20260526,297,0,3C,5078BF8FC4707BAF,1,1,1,1,0,1,0,1,1,1,0,1,1,1,1,0,0,0,0,0,1,1,1,0,0,0,1,0,0,0,1,1,1,1,1,1,0,0,0,1,1,1,1,1,1,1,0,1,0,0,0,1,1,1,1,0,0,0,0,0,1,0,1,0,0,0,1,1,1,1,0,0
sampler_snapshot_random1_sampler_island_warmup5_cap1024_20260526,298,0,36,14ACCBCB05347ACA,0,1,0,1,0,0,1,1,0,1,0,1,1,1,1,0,0,0,1,0,1,1,0,0,1,0,1,0,0,0,0,0,1,1,0,1,0,0,1,1,1,1,0,1,0,0,1,1,0,0,1,1,0,1,0,1,0,0,1,0,1,0,0,0,0,1,1,0,1,1,0,0
sampler_snapshot_random1_sampler_island_warmup5_cap1024_20260526,299,1,B0,75878A987D77A68E,0,1,1,1,0,0,0,1,0,1,1,0,0,1,0,1,1,1,1,0,1,1,1,0,1,0,1,1,1,1,1,0,0,0,0,1,1,0,0,1,0,1,0,1,0,0,0,1,1,1,1,0,0,0,0,1,1,0,1,0,1,1,1,0,0,0,0,0,1,1,0,1
sampler_snapshot_random1_sampler_island_warmup5_cap1024_20260526,300,0,CE,20C7CF7D3802C7FF,1,1,1,1,1,1,1,1,1,1,1,0,0,0,1,1,0,1,0,0,0,0,0,0,0,0,0,1,1,1,0,0,1,0,1,1,1,1,1,0,1,1,1,1,0,0,1,1,1,1,1,0,0,0,1,1,0,0,0,0,0,1,0,0,0,1,1,1,0,0,1,1
sampler_snapshot_random1_sampler_island_warmup5_cap1024_20260526,301,1,21,82B2FD7D4882C6FD,1,0,1,1,1,1,1,1,0,1,1,0,0,0,1,1,0,1,0,0,0,0,0,1,0,0,0,1,0,0,1,0,1,0,1,1,1,1,1,0,1,0,1,1,1,1,1,1,0,1,0,0,1,1,0,1,0,1,0,0,0,0,0,1,1,0,0,0,0,1,0,0
sampler_snapshot_random1_sampler_island_warmup5_cap1024_20260526,302,1,29,D7F3B00C4FFFB280,0,0,0,0,0,0,0,1,0,1,0,0,1,1,0,1,1,1,1,1,1,1,1,1,1,1,1,1,0,0,1,0,0,0,1,1,0,0,0,0,0,0,0,0,1,1,0,1,1,1,0,0,1,1,1,1,1,1,1,0,1,0,1,1,1,0,0,1,0,1,0,0
sampler_snapshot_random1_sampler_island_warmup5_cap1024_20260526,303,0,8D,BFE741480EBFF5C1,1,0,0,0,0,0,1,1,1,0,1,0,1,1,1,1,1,1,1,1,1,1,0,1,0,1,1,1,0,0,0,0,0,0,0,1,0,0,1,0,1,0,0,0,0,0,1,0,1,1,1,0,0,1,1,1,1,1,1,1,1,1,0,1,1,0,1,1,0,0,0,1
sampler_snapshot_random1_sampler_island_warmup5_cap1024_20260526,304,0,84,FE840517FAFEA505,1,0,1,0,0,0,0,0,1,0,1,0,0,1,0,1,0,1,1,1,1,1,1,1,0,1,0,1,1,1,1,1,1,1,1,0,1,0,0,0,1,0,1,0,0,0,0,0,0,0,1,0,0,0,0,1,0,1,1,1,1,1,1,1,0,0,1,0,0,0,0,1
sampler_snapshot_random1_sampler_island_warmup5_cap1024_20260526,305,0,2B,EB410436FBC9C434,0,0,1,0,1,1,0,0,0,0,1,0,0,0,1,1,1,0,0,1,0,0,1,1,1,1,0,1,1,1,1,1,0,1,1,0,1,1,0,0,0,0,1,0,0,0,0,0,1,0,0,0,0,0,1,0,1,1,0,1,0,1,1,1,1,1,0,1,0,1,0,0
sampler_snapshot_random1_sampler_island_warmup5_cap1024_20260526,306,0,61,8B3170F68E8D4173,1,1,0,0,1,1,1,0,1,0,0,0,0,0,1,0,1,0,1,1,0,0,0,1,0,1,1,1,0,0,0,1,0,1,1,0,1,1,1,1,0,0,0,0,1,1,1,0,1,0,0,0,1,1,0,0,1,1,0,1,0,0,0,1,1,0,0,0,0,1,1,0
sampler_snapshot_random1_sampler_island_warmup5_cap1024_20260526,307,1,D9,DC7C3383CEFC3913,1,1,0,0,1,0,0,0,1,0,0,1,1,1,0,0,0,0,1,1,1,1,1,1,0,1,1,1,0,0,1,1,1,1,0,0,0,0,0,1,1,1,0,0,1,1,0,0,0,0,1,1,1,1,1,0,0,0,1,1,1,0,1,1,1,0,0,1,1,0,1,1
sampler_snapshot_random1_sampler_island_warmup5_cap1024_20260526,308,1,F7,3D4C46C2813D7C46,0,1,1,0,0,0,1,0,0,0,1,1,1,1,1,0,1,0,1,1,1,1,0,0,1,0,0,0,0,0,0,1,0,1,0,0,0,0,1,1,0,1,1,0,0,0,1,0,0,0,1,1,0,0,1,0,1,0,1,1,1,1,0,0,1,1,1,0,1,1,1,1
sampler_snapshot_random1_sampler_island_warmup5_cap1024_20260526,309,1,8E,7909C6F6F1791FC6,0,1,1,0,0,0,1,1,1,1,1,1,1,0,0,0,1,0,0,1,1,1,1,0,1,0,0,0,1,1,1,1,0,1,1,0,1,1,1,1,0,1,1,0,0,0,1,1,1,0,0,1,0,0,0,0,1,0,0,1,1,1,1,0,0,1,1,1,0,0,0,1
sampler_snapshot_random1_sampler_island_warmup5_cap1024_20260526,310,1,9E,68CAAFB5F44A0BBB,1,1,0,1,1,1,0,1,1,1,0,1,0,0,0,0,0,1,0,1,0,0,1,0,0,0,1,0,1,1,1,1,1,0,1,0,1,1,0,1,1,1,1,1,0,1,0,1,0,1,0,1,0,0,1,1,0,0,0,1,0,1,1,0,0,1,1,1,1,0,0,1
sampler_snapshot_random1_sampler_island_warmup5_cap1024_20260526,311,1,1A,0CBEFAF115064AFA,0,1,0,1,1,1,1,1,0,1,0,1,0,0,1,0,0,1,1,0,0,0,0,0,1,0,1,0,1,0,0,0,1,0,0,0,1,1,1,1,0,1,0,1,1,1,1,1,0,1,1,1,1,1,0,1,0,0,1,1,0,0,0,0,0,1,0,1,1,0,0,0
sampler_snapshot_random1_sampler_island_warmup5_cap1024_20260526,312,0,C8,45BFB8004577BE9C,0,0,1,1,1,0,0,1,0,1,1,1,1,1,0,1,1,1,1,0,1,1,1,0,1,0,1,0,0,0,1,0,0,0,0,0,0,0,0,0,0,0,0,1,1,1,0,1,1,1,1,1,1,1,0,1,1,0,1,0,0,0,1,0,0,0,0,1,0,0,1,1
sampler_snapshot_random1_sampler_island_warmup5_cap1024_20260526,313,0,04,72DE8D4D22F2FF8D,1,0,1,1,0,0,0,1,1,1,1,1,1,1,1,1,0,1,0,0,1,1,1,1,0,1,0,0,0,1,0,0,1,0,1,1,0,0,1,0,1,0,1,1,0,0,0,1,0,1,1,1,1,0,1,1,0,1,0,0,1,1,1,0,0,0,1,0,0,0,0,0
sampler_snapshot_random1_sampler_island_warmup5_cap1024_20260526,314,1,65,B28ACD7D3392D8EC,0,0,1,1,0,1,1,1,0,0,0,1,1,0,1,1,0,1,0,0,1,0,0,1,1,1,0,0,1,1,0,0,1,0,1,1,1,1,1,0,1,0,1,1,0,0,1,1,0,1,0,1,0,0,0,1,0,1,0,0,1,1,0,1,1,0,1,0,0,1,1,0
sampler_snapshot_random1_sampler_island_warmup5_cap1024_20260526,315,1,84,C7C9283A77C788B8,0,0,0,1,1,1,0,1,0,0,0,1,0,0,0,1,1,1,1,0,0,0,1,1,1,1,1,0,1,1,1,0,0,1,0,1,1,1,0,0,0,0,0,1,0,1,0,0,1,0,0,1,0,0,1,1,1,1,1,0,0,0,1,1,0,0,1,0,0,0,0,1
sampler_snapshot_random1_sampler_island_warmup5_cap1024_20260526,316,0,A9,86F5797B9E84C579,1,0,0,1,1,1,1,0,1,0,1,0,0,0,1,1,0,0,1,0,0,0,0,1,0,1,1,1,1,0,0,1,1,1,0,1,1,1,1,0,1,0,0,1,1,1,1,0,1,0,1,0,1,1,1,1,0,1,1,0,0,0,0,1,1,0,0,1,0,1,0,1
sampler_snapshot_random1_sampler_island_warmup5_cap1024_20260526,317,1,C0,C2347D0FCAF0B45F,1,1,1,1,1,0,1,0,0,0,1,0,1,1,0,1,0,0,0,0,1,1,1,1,0,1,0,1,0,0,1,1,1,1,1,1,0,0,0,0,1,0,1,1,1,1,1,0,0,0,1,0,1,1,0,0,0,1,0,0,0,0,1,1,0,0,0,0,0,0,1,1
sampler_snapshot_random1_sampler_island_warmup5_cap1024_20260526,318,0,C5,F1511E8EEBF1740E,0,1,1,1,0,0,0,0,0,0,1,0,1,1,1,0,1,0,0,0,1,1,1,1,1,1,0,1,0,1,1,1,0,1,1,1,0,0,0,1,0,1,1,1,1,0,0,0,1,0,0,0,1,0,1,0,1,0,0,0,1,1,1,1,1,0,1,0,0,0,1,1
sampler_snapshot_random1_sampler_island_warmup5_cap1024_20260526,319,1,EA,B50143EEBC9C5163,1,1,0,0,0,1,1,0,1,0,0,0,1,0,1,0,0,0,1,1,1,0,0,1,0,0,1,1,1,1,0,1,0,1,1,1,0,1,1,1,1,1,0,0,0,0,1,0,1,0,0,0,0,0,0,0,1,0,1,0,1,1,0,1,0,1,0,1,0,1,1,1
sampler_snapshot_random1_sampler_island_warmup5_cap1024_20260526,320,0,E4,4C0423BBFC4C0333,1,1,0,0,1,1,0,0,1,1,0,0,0,0,0,0,0,0,1,1,0,0,1,0,0,0,1,1,1,1,1,1,1,1,0,1,1,1,0,1,1,1,0,0,0,1,0,0,0,0,1,0,0,0,0,0,0,0,1,1,0,0,1,0,0,0,1,0,0,1,1,1
sampler_snapshot_random1_sampler_island_warmup5_cap1024_20260526,321,1,87,0D77F6F0990D4676,0,1,1,0,1,1,1,0,0,1,1,0,0,0,1,0,1,0,1,1,0,0,0,0,1,0,0,1,1,0,0,1,0,0,0,0,1,1,1,1,0,1,1,0,1,1,1,1,1,1,1,0,1,1,1,0,1,0,1,1,0,0,0,0,1,1,1,0,0,0,0,1
sampler_snapshot_random1_sampler_island_warmup5_cap1024_20260526,322,0,18,0933F6C4C82B77D7,1,1,1,0,1,0,1,1,1,1,1,0,1,1,1,0,1,1,0,1,0,1,0,0,0,0,0,1,0,0,1,1,0,0,1,0,0,0,1,1,0,1,1,0,1,1,1,1,1,1,0,0,1,1,0,0,1,0,0,1,0,0,0,0,0,0,0,1,1,0,0,0
sampler_snapshot_random1_sampler_island_warmup5_cap1024_20260526,323,0,14,78D293856C7A3381,1,0,0,0,0,0,0,1,1,1,0,0,1,1,0,0,0,1,0,1,1,1,1,0,0,0,1,1,0,1,1,0,1,0,1,0,0,0,0,1,1,1,0,0,1,0,0,1,0,1,0,0,1,0,1,1,0,0,0,1,1,1,1,0,0,0,1,0,1,0,0,0
sampler_snapshot_random1_sampler_island_warmup5_cap1024_20260526,324,1,5F,3FCEC0E03D1FDAE0,0,0,0,0,0,1,1,1,0,1,0,1,1,0,1,1,1,1,1,1,1,0,0,0,1,0,1,1,1,1,0,0,0,0,0,0,0,1,1,1,0,0,0,0,0,0,1,1,0,1,1,1,0,0,1,1,1,1,1,1,1,1,0,0,1,1,1,1,1,0,1,0
sampler_snapshot_random1_sampler_island_warmup5_cap1024_20260526,325,0,2F,5FAFA430734F8FA4,0,0,1,0,0,1,0,1,1,1,1,1,0,0,0,1,1,1,1,1,0,0,1,0,1,1,0,0,1,1,1,0,0,0,0,0,1,1,0,0,0,0,1,0,0,1,0,1,1,1,1,1,0,1,0,1,1,1,1,1,1,0,1,0,1,1,1,1,0,1,0,0
sampler_snapshot_random1_sampler_island_warmup5_cap1024_20260526,326,0,79,CAEAB51552CAEDB5,1,0,1,0,1,1,0,1,1,0,1,1,0,1,1,1,0,1,0,1,0,0,1,1,0,1,0,0,1,0,1,0,1,0,1,0,1,0,0,0,1,0,1,0,1,1,0,1,0,1,0,1,0,1,1,1,0,1,0,1,0,0,1,1,1,0,0,1,1,1,1,0
sampler_snapshot_random1_sampler_island_warmup5_cap1024_20260526,327,0,89,8AB8FC4707A9E8DC,0,0,1,1,1,0,1,1,0,0,0,1,0,1,1,1,1,0,0,1,0,1,0,1,1,1,1,0,0,0,0,0,1,1,1,0,0,0,1,0,0,0,1,1,1,1,1,1,0,0,0,1,1,1,0,1,0,1,0,1,0,0,0,1,1,0,0,1,0,0,0,1
sampler_snapshot_random1_sampler_island_warmup5_cap1024_20260526,328,1,19,FFDD180267F5B808,0,0,0,1,0,0,0,0,0,0,0,1,1,1,0,1,1,0,1,0,1,1,1,1,1,1,1,0,0,1,1,0,0,1,0,0,0,0,0,0,0,0,0,1,1,0,0,0,1,0,1,1,1,0,1,1,1,1,1,1,1,1,1,1,1,0,0,1,1,0,0,0
sampler_snapshot_random1_sampler_island_warmup5_cap1024_20260526,329,1,D4,B64C4B6BA694DD6F,1,1,1,1,0,1,1,0,1,0,1,1,1,0,1,1,0,0,1,0,1,0,0,1,0,1,1,0,0,1,0,1,1,1,0,1,0,1,1,0,1,1,0,1,0,0,1,0,0,0,1,1,0,0,1,0,0,1,1,0,1,1,0,1,0,0,1,0,1,0,1,1
sampler_snapshot_random1_sampler_island_warmup5_cap1024_20260526,330,1,DF,D02C6F7FF1808C6E,0,1,1,1,0,1,1,0,0,0,1,1,0,0,0,1,0,0,0,0,0,0,0,1,1,0,0,0,1,1,1,1,1,1,1,1,1,1,1,0,1,1,1,1,0,1,1,0,0,0,1,1,0,1,0,0,0,0,0,0,1,0,1,1,1,1,1,1,1,0,1,1
sampler_snapshot_random1_sampler_island_warmup5_cap1024_20260526,331,0,B3,C1693E9ED1E12A3E,0,1,1,1,1,1,0,0,0,1,0,1,0,1,0,0,1,0,0,0,0,1,1,1,1,0,0,0,1,0,1,1,0,1,1,1,1,0,0,1,0,1,1,1,1,1,0,0,1,0,0,1,0,1,1,0,1,0,0,0,0,0,1,1,1,1,0,0,1,1,0,1
sampler_snapshot_random1_sampler_island_warmup5_cap1024_20260526,332,1,63,843B5BDB84246B5B,1,1,0,1,1,0,1,0,1,1,0,1,0,1,1,0,0,0,1,0,0,1,0,0,0,0,1,0,0,0,0,1,1,1,0,1,1,0,1,1,1,1,0,1,1,0,1,0,1,1,0,1,1,1,0,0,0,0,1,0,0,0,0,1,1,1,0,0,0,1,1,0
sampler_snapshot_random1_sampler_island_warmup5_cap1024_20260526,333,1,7C,74169B89EC76360A,0,1,0,1,0,0,0,0,0,1,1,0,1,1,0,0,0,1,1,0,1,1,1,0,0,0,1,1,0,1,1,1,1,0,0,1,0,0,0,1,1,1,0,1,1,0,0,1,0,1,1,0,1,0,0,0,0,0,1,0,1,1,1,0,0,0,1,1,1,1,1,0
sampler_snapshot_random1_sampler_island_warmup5_cap1024_20260526,334,1,11,35478EECA95356AE,0,1,1,1,0,1,0,1,0,1,1,0,1,0,1,0,1,1,0,0,1,0,1,0,1,0,0,1,0,1,0,1,0,0,1,1,0,1,1,1,0,1,1,1,0,0,0,1,1,1,1,0,0,0,1,0,1,0,1,0,1,1,0,0,1,0,0,0,1,0,0,0
sampler_snapshot_random1_sampler_island_warmup5_cap1024_20260526,335,0,90,13A3EDFD181247ED,1,0,1,1,0,1,1,1,1,1,1,0,0,0,1,0,0,1,0,0,1,0,0,0,0,0,0,1,1,0,0,0,1,0,1,1,1,1,1,1,1,0,1,1,0,1,1,1,1,1,0,0,0,1,0,1,1,1,0,0,1,0,0,0,0,0,0,0,1,0,0,1
sampler_snapshot_random1_sampler_island_warmup5_cap1024_20260526,336,0,3F,42E2A19D5E6EA291,1,0,0,0,1,0,0,1,0,1,0,0,0,1,0,1,0,1,1,1,0,1,1,0,0,1,1,1,1,0,1,0,1,0,1,1,1,0,0,1,1,0,0,0,0,1,0,1,0,1,0,0,0,1,1,1,0,1,0,0,0,0,1,0,1,1,1,1,1,1,0,0
sampler_snapshot_random1_sampler_island_warmup5_cap1024_20260526,337,0,F7,2FF7D0580F2FE0D0,0,0,0,0,1,0,1,1,0,0,0,0,0,1,1,1,1,1,1,1,0,1,0,0,1,1,1,1,0,0,0,0,0,0,0,1,1,0,1,0,0,0,0,0,1,0,1,1,1,1,1,0,1,1,1,1,1,1,1,1,0,1,0,0,1,1,1,0,1,1,1,1
sampler_snapshot_random1_sampler_island_warmup5_cap1024_20260526,338,0,13,FF95D4026AFFB5D5,1,0,1,0,1,0,1,1,1,0,1,0,1,1,0,1,1,1,1,1,1,1,1,1,0,1,0,1,0,1,1,0,0,1,0,0,0,0,0,0,0,0,1,0,1,0,1,1,1,0,1,0,1,0,0,1,1,1,1,1,1,1,1,1,1,1,0,0,1,0,0,0
sampler_snapshot_random1_sampler_island_warmup5_cap1024_20260526,339,0,22,FAC085276AD8D5A5,1,0,1,0,0,1,0,1,1,0,1,0,1,0,1,1,0,0,0,1,1,0,1,1,0,1,0,1,0,1,1,0,1,1,1,0,0,1,0,0,1,0,1,0,0,0,0,1,0,0,0,0,0,0,1,1,0,1,0,1,1,1,1,1,0,1,0,0,0,1,0,0
sampler_snapshot_random1_sampler_island_warmup5_cap1024_20260526,340,0,B8,9BA064761F99C0E2,0,1,0,0,0,1,1,1,0,0,0,0,0,0,1,1,1,0,0,1,1,0,0,1,1,1,1,1,1,0,0,0,0,1,1,0,1,1,1,0,0,0,1,0,0,1,1,0,0,0,0,0,0,1,0,1,1,1,0,1,1,0,0,1,0,0,0,1,1,1,0,1
sampler_snapshot_random1_sampler_island_warmup5_cap1024_20260526,341,1,C9,CDAD2212DFEDA913,1,1,0,0,1,0,0,0,1,0,0,1,0,1,0,1,1,0,1,1,0,1,1,1,1,1,1,1,1,0,1,1,0,1,0,0,1,0,0,0,0,1,0,0,0,1,0,0,1,0,1,1,0,1,0,1,1,0,1,1,0,0,1,1,1,0,0,1,0,0,1,1
sampler_snapshot_random1_sampler_island_warmup5_cap1024_20260526,342,1,09,AC5C535394ACED57,1,1,1,0,1,0,1,0,1,0,1,1,0,1,1,1,0,0,1,1,0,1,0,1,0,0,1,0,1,0,0,1,1,1,0,0,1,0,1,0,1,1,0,0,1,0,1,0,0,0,1,1,1,0,1,0,0,0,1,1,0,1,0,1,1,0,0,1,0,0,0,0
sampler_snapshot_random1_sampler_island_warmup5_cap1024_20260526,343,0,C4,A81C56C6E1B97E56,0,1,1,0,1,0,1,0,0,1,1,1,1,1,1,0,1,0,0,1,1,1,0,1,1,0,0,0,0,1,1,1,0,1,1,0,0,0,1,1,0,1,1,0,1,0,1,0,0,0,1,1,1,0,0,0,0,0,0,1,0,1,0,1,0,0,1,0,0,0,1,1
sampler_snapshot_random1_sampler_island_warmup5_cap1024_20260526,344,0,78,F95B0EA4E5DB1B2E,0,1,1,1,0,1,0,0,1,1,0,1,1,0,0,0,1,1,0,1,1,0,1,1,1,0,1,0,0,1,1,1,0,0,1,0,0,1,0,1,0,1,1,1,0,0,0,0,1,1,0,1,1,0,1,0,1,0,0,1,1,1,1,1,0,0,0,1,1,1,1,0
sampler_snapshot_random1_sampler_island_warmup5_cap1024_20260526,345,1,7F,146E6BF194165B6B,1,1,0,1,0,1,1,0,1,1,0,1,1,0,1,0,0,1,1,0,1,0,0,0,0,0,1,0,1,0,0,1,1,0,0,0,1,1,1,1,1,1,0,1,0,1,1,0,0,1,1,1,0,1,1,0,0,0,1,0,1,0,0,0,1,1,1,1,1,1,1,0
sampler_snapshot_random1_sampler_island_warmup5_cap1024_20260526,346,1,09,442EA999D5662E98,0,0,0,1,1,0,0,1,0,1,1,1,0,1,0,0,0,1,1,0,0,1,1,0,1,0,1,0,1,0,1,1,1,0,0,1,1,0,0,1,1,0,0,1,0,1,0,1,0,1,1,1,0,1,0,0,0,0,1,0,0,0,1,0,1,0,0,1,0,0,0,0
sampler_snapshot_random1_sampler_island_warmup5_cap1024_20260526,347,0,4A,63DF9C9CD3636E9C,0,0,1,1,1,0,0,1,0,1,1,1,0,1,1,0,1,1,0,0,0,1,1,0,1,1,0,0,1,0,1,1,0,0,1,1,1,0,0,1,0,0,1,1,1,0,0,1,1,1,1,1,1,0,1,1,1,1,0,0,0,1,1,0,0,1,0,1,0,0,1,0
sampler_snapshot_random1_sampler_island_warmup5_cap1024_20260526,348,0,02,229ADDED22125DDD,1,0,1,1,1,0,1,1,1,0,1,1,1,0,1,0,0,1,0,0,1,0,0,0,0,1,0,0,0,1,0,0,1,0,1,1,0,1,1,1,1,0,1,1,1,0,1,1,0,1,0,1,1,0,0,1,0,1,0,0,0,1,0,0,0,1,0,0,0,0,0,0
sampler_snapshot_random1_sampler_island_warmup5_cap1024_20260526,349,1,7B,56D0B9AD675698A8,0,0,0,1,0,1,0,1,0,0,0,1,1,0,0,1,0,1,1,0,1,0,1,0,1,1,1,0,0,1,1,0,1,0,1,1,0,1,0,1,1,0,0,1,1,1,0,1,0,0,0,0,1,0,1,1,0,1,1,0,1,0,1,0,1,1,0,1,1,1,1,0
sampler_snapshot_random1_sampler_island_warmup5_cap1024_20260526,350,1,58,17E5E87A1F95D4E8,0,0,0,1,0,1,1,1,0,0,1,0,1,0,1,1,1,0,1,0,1,0,0,1,1,1,1,1,1,0,0,0,0,1,0,1,1,1,1,0,0,0,0,1,0,1,1,1,1,0,1,0,0,1,1,1,1,1,1,0,1,0,0,0,0,0,0,1,1,0,1,0
sampler_snapshot_random1_sampler_island_warmup5_cap1024_20260526,351,0,10,C6A5ED5B5AE4A5DD,1,0,1,1,1,0,1,1,1,0,1,0,0,1,0,1,0,0,1,0,0,1,1,1,0,1,0,1,1,0,1,0,1,1,0,1,1,0,1,0,1,0,1,1,0,1,1,1,1,0,1,0,0,1,0,1,0,1,1,0,0,0,1,1,0,0,0,0,1,0,0,0
sampler_snapshot_random1_sampler_island_warmup5_cap1024_20260526,352,1,DE,E0D0171F7AE0A49F,1,1,1,1,1,0,0,1,0,0,1,0,0,1,0,1,0,0,0,0,0,1,1,1,0,1,0,1,1,1,1,0,1,1,1,1,1,0,0,0,1,1,1,0,1,0,0,0,0,0,0,0,1,0,1,1,0,0,0,0,0,1,1,1,0,1,1,1,1,0,1,1
sampler_snapshot_random1_sampler_island_warmup5_cap1024_20260526,353,1,7A,A991526EAD8DD072,0,1,0,0,1,1,1,0,0,0,0,0,1,0,1,1,1,0,1,1,0,0,0,1,1,0,1,1,0,1,0,1,0,1,1,1,0,1,1,0,0,1,0,0,1,0,1,0,1,0,0,0,1,0,0,1,1,0,0,1,0,1,0,1,0,1,0,1,1,1,1,0
sampler_snapshot_random1_sampler_island_warmup5_cap1024_20260526,354,1,79,DD15322AECDD9323,1,1,0,0,0,1,0,0,1,1,0,0,1,0,0,1,1,0,1,1,1,0,1,1,0,0,1,1,0,1,1,1,0,1,0,1,0,1,0,0,0,1,0,0,1,1,0,0,1,0,1,0,1,0,0,0,1,0,1,1,1,0,1,1,1,0,0,1,1,1,1,0
sampler_snapshot_random1_sampler_island_warmup5_cap1024_20260526,355,1,0F,9C6627E198DC5767,1,1,1,0,0,1,1,0,1,1,1,0,1,0,1,0,0,0,1,1,1,0,1,1,0,0,0,1,1,0,0,1,1,0,0,0,0,1,1,1,1,1,1,0,0,1,0,0,0,1,1,0,0,1,1,0,0,0,1,1,1,0,0,1,1,1,1,1,0,0,0,0
sampler_snapshot_random1_sampler_island_warmup5_cap1024_20260526,356,0,C4,892366D499AB6656,0,1,1,0,1,0,1,0,0,1,1,0,0,1,1,0,1,1,0,1,0,1,0,1,1,0,0,1,1,0,0,1,0,0,1,0,1,0,1,1,0,1,1,0,0,1,1,0,1,1,0,0,0,1,0,0,1,0,0,1,0,0,0,1,0,0,1,0,0,0,1,1
sampler_snapshot_random1_sampler_island_warmup5_cap1024_20260526,357,1,36,69531694FC6B2311,1,0,0,0,1,0,0,0,1,1,0,0,0,1,0,0,1,1,0,1,0,1,1,0,0,0,1,1,1,1,1,1,0,0,1,0,1,0,0,1,0,1,1,0,1,0,0,0,1,1,0,0,1,0,1,0,1,0,0,1,0,1,1,0,0,1,1,0,1,1,0,0
sampler_snapshot_random1_sampler_island_warmup5_cap1024_20260526,358,1,4E,2E5ED1E1A40E5B71,1,0,0,0,1,1,1,0,1,1,0,1,1,0,1,0,0,1,1,1,0,0,0,0,0,0,1,0,0,1,0,1,1,0,0,0,0,1,1,1,1,0,0,0,1,0,1,1,0,1,1,1,1,0,1,0,0,1,1,1,0,1,0,0,0,1,1,1,0,0,1,0
sampler_snapshot_random1_sampler_island_warmup5_cap1024_20260526,359,0,C0,5E3EF0A0E75F1EE4,0,0,1,0,0,1,1,1,0,1,1,1,1,0,0,0,1,1,1,1,1,0,1,0,1,1,1,0,0,1,1,1,0,0,0,0,0,1,0,1,0,0,0,0,1,1,1,1,0,1,1,1,1,1,0,0,0,1,1,1,1,0,1,0,0,0,0,0,0,0,1,1
sampler_snapshot_random1_sampler_island_warmup5_cap1024_20260526,360,0,C5,5BEFAC84535B7DA4,0,0,1,0,0,1,0,1,1,0,1,1,1,1,1,0,1,1,0,1,1,0,1,0,1,1,0,0,1,0,1,0,0,0,1,0,0,0,0,1,0,0,1,1,0,1,0,1,1,1,1,1,0,1,1,1,1,1,0,1,1,0,1,0,1,0,1,0,0,0,1,1
sampler_snapshot_random1_sampler_island_warmup5_cap1024_20260526,361,1,46,0AA8EDD7122AE9DD,1,0,1,1,1,0,1,1,1,0,0,1,0,1,1,1,0,1,0,1,0,1,0,0,0,1,0,0,1,0,0,0,1,1,1,0,1,0,1,1,1,0,1,1,0,1,1,1,0,0,0,1,0,1,0,1,0,1,0,1,0,0,0,0,0,1,1,0,0,0,1,0
sampler_snapshot_random1_sampler_island_warmup5_cap1024_20260526,362,0,53,6698991377E4A898,0,0,0,1,1,0,0,1,0,0,0,1,0,1,0,1,0,0,1,0,0,1,1,1,1,1,1,0,1,1,1,0,1,1,0,0,1,0,0,0,1,0,0,1,1,0,0,1,0,0,0,1,1,0,0,1,0,1,1,0,0,1,1,0,1,1,0,0,1,0,1,0
sampler_snapshot_random1_sampler_island_warmup5_cap1024_20260526,363,1,A6,A7DDDA6A2785DCFA,0,1,0,1,1,1,1,1,0,0,1,1,1,0,1,1,1,0,1,0,0,0,0,1,1,1,1,0,0,1,0,0,0,1,0,1,0,1,1,0,0,1,0,1,1,0,1,1,1,0,1,1,1,0,1,1,1,1,1,0,0,1,0,1,0,1,1,0,0,1,0,1
sampler_snapshot_random1_sampler_island_warmup5_cap1024_20260526,364,0,C1,94BCFF6F6090DDEF,1,1,1,1,0,1,1,1,1,0,1,1,1,0,1,1,0,0,0,0,1,0,0,1,0,0,0,0,0,1,1,0,1,1,1,1,0,1,1,0,1,1,1,1,1,1,1,1,0,0,1,1,1,1,0,1,0,0,1,0,1,0,0,1,1,0,0,0,0,0,1,1
sampler_snapshot_random1_sampler_island_warmup5_cap1024_20260526,365,0,A8,D0E82F0F51F0BE2E,0,1,1,1,0,1,0,0,0,1,1,1,1,1,0,1,0,0,0,0,1,1,1,1,1,0,0,0,1,0,1,0,1,1,1,1,0,0,0,0,1,1,1,1,0,1,0,0,0,0,0,1,0,1,1,1,0,0,0,0,1,0,1,1,0,0,0,1,0,1,0,1
sampler_snapshot_random1_sampler_island_warmup5_cap1024_20260526,366,1,B9,91634A5E9DA5E24A,0,1,0,1,0,0,1,0,0,1,0,0,0,1,1,1,1,0,1,0,0,1,0,1,1,0,1,1,1,0,0,1,0,1,1,1,1,0,1,0,0,1,0,1,0,0,1,0,1,1,0,0,0,1,1,0,1,0,0,0,1,0,0,1,1,0,0,1,1,1,0,1
sampler_snapshot_random1_sampler_island_warmup5_cap1024_20260526,367,0,54,E4071B19FCE6A31B,1,1,0,1,1,0,0,0,1,1,0,0,0,1,0,1,0,1,1,0,0,1,1,1,0,0,1,1,1,1,1,1,1,0,0,1,1,0,0,0,1,1,0,1,1,0,0,0,1,1,1,0,0,0,0,0,0,0,1,0,0,1,1,1,0,0,1,0,1,0,1,0
sampler_snapshot_random1_sampler_island_warmup5_cap1024_20260526,368,1,22,E4561FA9E8C6463F,1,1,1,1,1,1,0,0,0,1,1,0,0,0,1,0,0,1,1,0,0,0,1,1,0,0,0,1,0,1,1,1,1,0,0,1,0,1,0,1,1,1,1,1,1,0,0,0,0,1,1,0,1,0,1,0,0,0,1,0,0,1,1,1,0,1,0,0,0,1,0,0
sampler_snapshot_random1_sampler_island_warmup5_cap1024_20260526,369,1,1C,933374EC8913566C,0,0,1,1,0,1,1,0,0,1,1,0,1,0,1,0,1,1,0,0,1,0,0,0,1,0,0,1,0,0,0,1,0,0,1,1,0,1,1,1,0,0,1,0,1,1,1,0,1,1,0,0,1,1,0,0,1,1,0,0,1,0,0,1,0,0,1,1,1,0,0,0
sampler_snapshot_random1_sampler_island_warmup5_cap1024_20260526,370,0,B8,5B63A48CCE7B3321,1,0,0,0,0,1,0,0,1,1,0,0,1,1,0,0,1,1,0,1,1,1,1,0,0,1,1,1,0,0,1,1,0,0,1,1,0,0,0,1,0,0,1,0,0,1,0,1,1,1,0,0,0,1,1,0,1,1,0,1,1,0,1,0,0,0,0,1,1,1,0,1
sampler_snapshot_random1_sampler_island_warmup5_cap1024_20260526,371,0,BB,3E66C1D99E2E61C1,1,0,0,0,0,0,1,1,1,0,0,0,0,1,1,0,0,1,1,1,0,1,0,0,0,1,1,1,1,0,0,1,1,0,0,1,1,0,1,1,1,0,0,0,0,0,1,1,0,1,1,0,0,1,1,0,0,1,1,1,1,1,0,0,1,1,0,1,1,1,0,1
sampler_snapshot_random1_sampler_island_warmup5_cap1024_20260526,372,0,40,6F85C0D2FF6F24D4,0,0,1,0,1,0,1,1,0,0,1,0,0,1,0,0,1,1,1,1,0,1,1,0,1,1,1,1,1,1,1,1,0,1,0,0,1,0,1,1,0,0,0,0,0,0,1,1,1,0,1,0,0,0,0,1,1,1,1,1,0,1,1,0,0,0,0,0,0,0,1,0
sampler_snapshot_random1_sampler_island_warmup5_cap1024_20260526,373,1,F7,6BD594B66A4985B5,1,0,1,0,1,1,0,1,1,0,1,0,0,0,0,1,1,0,0,1,0,0,1,0,0,1,0,1,0,1,1,0,0,1,1,0,1,1,0,1,0,0,1,0,1,0,0,1,1,0,1,0,1,0,1,1,1,1,0,1,0,1,1,0,1,1,1,0,1,1,1,1
sampler_snapshot_random1_sampler_island_warmup5_cap1024_20260526,374,1,9A,1AB8F5670E18D9E7,1,1,1,0,0,1,1,1,1,0,0,1,1,0,1,1,0,0,0,1,1,0,0,0,0,1,1,1,0,0,0,0,1,1,1,0,0,1,1,0,1,0,1,0,1,1,1,1,0,0,0,1,1,1,0,1,0,1,0,1,1,0,0,0,0,1,0,1,1,0,0,1
sampler_snapshot_random1_sampler_island_warmup5_cap1024_20260526,375,0,B4,DCACA20247FDB882,0,1,0,0,0,0,0,1,0,0,0,1,1,1,0,1,1,0,1,1,1,1,1,1,1,1,1,0,0,0,1,0,0,1,0,0,0,0,0,0,0,1,0,0,0,1,0,1,0,0,1,1,0,1,0,1,0,0,1,1,1,0,1,1,0,0,1,0,1,1,0,1
sampler_snapshot_random1_sampler_island_warmup5_cap1024_20260526,376,1,3D,BDEDC25215FDEDC2,0,1,0,0,0,0,1,1,1,0,1,1,0,1,1,1,1,0,1,1,1,1,1,1,1,0,1,0,1,0,0,0,0,1,0,0,1,0,1,0,0,1,0,0,0,0,1,1,1,0,1,1,0,1,1,1,1,0,1,1,1,1,0,1,1,0,1,1,1,1,0,0
sampler_snapshot_random1_sampler_island_warmup5_cap1024_20260526,377,0,F7,A88C4F5730A8EFDF,1,1,1,1,1,0,1,1,1,1,1,1,0,1,1,1,0,0,0,1,0,1,0,1,0,0,0,0,1,1,0,0,1,1,1,0,1,0,1,0,1,1,1,1,0,0,1,0,0,0,1,1,0,0,0,1,0,0,0,1,0,1,0,1,1,1,1,0,1,1,1,1
sampler_snapshot_random1_sampler_island_warmup5_cap1024_20260526,378,0,65,E8DA1F35E1C28E3E,0,1,1,1,1,1,0,0,0,1,1,1,0,0,0,1,0,1,0,0,0,0,1,1,1,0,0,0,0,1,1,1,1,0,1,0,1,1,0,0,1,1,1,1,1,0,0,0,0,1,0,1,1,0,1,1,0,0,0,1,0,1,1,1,1,0,1,0,0,1,1,0
sampler_snapshot_random1_sampler_island_warmup5_cap1024_20260526,379,0,3E,957B7A648597DA6A,0,1,0,1,0,1,1,0,0,1,0,1,1,0,1,1,1,1,1,0,1,0,0,1,1,0,1,0,0,0,0,1,0,0,1,0,0,1,1,0,0,1,0,1,1,1,1,0,1,1,0,1,1,1,1,0,1,0,1,0,1,0,0,1,0,1,1,1,1,1,0,0
sampler_snapshot_random1_sampler_island_warmup5_cap1024_20260526,380,0,1B,D42E6989C4F63B49,1,0,0,1,0,0,1,0,1,1,0,1,1,1,0,0,0,1,1,0,1,1,1,1,0,0,1,0,0,0,1,1,1,0,0,1,0,0,0,1,1,0,0,1,0,1,1,0,0,1,1,1,0,1,0,0,0,0,1,0,1,0,1,1,1,1,0,1,1,0,0,0
sampler_snapshot_random1_sampler_island_warmup5_cap1024_20260526,381,1,2A,F64E0D99D3F66E0C,0,0,1,1,0,0,0,0,0,1,1,1,0,1,1,0,0,1,1,0,1,1,1,1,1,1,0,0,1,0,1,1,1,0,0,1,1,0,0,1,1,0,1,1,0,0,0,0,0,1,1,1,0,0,1,0,0,1,1,0,1,1,1,1,0,1,0,1,0,1,0,0
sampler_snapshot_random1_sampler_island_warmup5_cap1024_20260526,382,1,EE,230B4CFCB3234C5C,0,0,1,1,1,0,1,0,0,0,1,1,0,0,1,0,1,1,0,0,0,1,0,0,1,1,0,0,1,1,0,1,0,0,1,1,1,1,1,1,0,0,1,1,0,0,1,0,1,1,0,1,0,0,0,0,1,1,0,0,0,1,0,0,0,1,1,1,0,1,1,1
sampler_snapshot_random1_sampler_island_warmup5_cap1024_20260526,383,0,83,6211BDBDEE4201B9,1,0,0,1,1,1,0,1,1,0,0,0,0,0,0,0,0,1,0,0,0,0,1,0,0,1,1,1,0,1,1,1,1,0,1,1,1,1,0,1,1,0,1,1,1,1,0,1,1,0,0,0,1,0,0,0,0,1,0,0,0,1,1,0,1,1,0,0,0,0,0,1
sampler_snapshot_random1_sampler_island_warmup5_cap1024_20260526,384,0,40,06F4F9EB8E1450F9,1,0,0,1,1,1,1,1,0,0,0,0,1,0,1,0,0,0,1,0,1,0,0,0,0,1,1,1,0,0,0,1,1,1,0,1,0,1,1,1,1,0,0,1,1,1,1,1,0,0,1,0,1,1,1,1,0,1,1,0,0,0,0,0,0,0,0,0,0,0,1,0
sampler_snapshot_random1_sampler_island_warmup5_cap1024_20260526,385,0,A1,57A5ECCA4B3574CE,0,1,1,1,0,0,1,1,0,0,1,0,1,1,1,0,1,0,1,0,1,1,0,0,1,1,0,1,0,0,1,0,0,1,0,1,0,0,1,1,0,0,1,1,0,1,1,1,1,0,1,0,0,1,0,1,1,1,1,0,1,0,1,0,1,0,0,0,0,1,0,1
sampler_snapshot_random1_sampler_island_warmup5_cap1024_20260526,386,1,7E,71C1869E7A79B587,1,1,1,0,0,0,0,1,1,0,1,0,1,1,0,1,1,0,0,1,1,1,1,0,0,1,0,1,1,1,1,0,0,1,1,1,1,0,0,1,0,1,1,0,0,0,0,1,1,0,0,0,0,0,1,1,1,0,0,0,1,1,1,0,0,1,1,1,1,1,1,0
sampler_snapshot_random1_sampler_island_warmup5_cap1024_20260526,387,1,33,28C0C77F3C88C1F7,1,1,1,0,1,1,1,1,1,0,0,0,0,0,1,1,0,0,0,1,0,0,0,1,0,0,1,1,1,1,0,0,1,1,1,1,1,1,1,0,1,1,1,0,0,0,1,1,0,0,0,0,0,0,1,1,0,0,0,1,0,1,0,0,1,1,0,0,1,1,0,0
sampler_snapshot_random1_sampler_island_warmup5_cap1024_20260526,388,1,D4,CD94B2327DCD82B2,0,1,0,0,1,1,0,1,0,1,0,0,0,0,0,1,1,0,1,1,0,0,1,1,1,0,1,1,1,1,1,0,0,1,0,0,1,1,0,0,0,1,0,0,1,1,0,1,0,0,1,0,1,0,0,1,1,0,1,1,0,0,1,1,0,0,1,0,1,0,1,1
sampler_snapshot_random1_sampler_island_warmup5_cap1024_20260526,389,1,E0,CDF732600CDDD7B7,1,1,1,0,1,1,0,1,1,1,1,0,1,0,1,1,1,0,1,1,1,0,1,1,0,0,1,1,0,0,0,0,0,0,0,0,0,1,1,0,0,1,0,0,1,1,0,0,1,1,1,0,1,1,1,1,1,0,1,1,0,0,1,1,0,0,0,0,0,1,1,1
sampler_snapshot_random1_sampler_island_warmup5_cap1024_20260526,390,1,FE,98B6674508BAF747,1,1,1,0,0,0,1,0,1,1,1,0,1,1,1,1,0,1,0,1,1,1,0,1,0,0,0,1,0,0,0,0,1,0,1,0,0,0,1,0,1,1,1,0,0,1,1,0,0,1,1,0,1,1,0,1,0,0,0,1,1,0,0,1,0,1,1,1,1,1,1,1
sampler_snapshot_random1_sampler_island_warmup5_cap1024_20260526,391,1,C7,F84A0614F9FBBA04,0,0,1,0,0,0,0,0,0,1,0,1,1,1,0,1,1,1,0,1,1,1,1,1,1,0,0,1,1,1,1,1,0,0,1,0,1,0,0,0,0,1,1,0,0,0,0,0,0,1,0,1,0,0,1,0,0,0,0,1,1,1,1,1,1,1,1,0,0,0,1,1
sampler_snapshot_random1_sampler_island_warmup5_cap1024_20260526,392,1,3F,AF4B4070B58FCB70,0,0,0,0,1,1,1,0,1,1,0,1,0,0,1,1,1,1,1,1,0,0,0,1,1,0,1,0,1,1,0,1,0,0,0,0,1,1,1,0,0,0,0,0,0,0,1,0,1,1,0,1,0,0,1,0,1,1,1,1,0,1,0,1,1,1,1,1,1,1,0,0
sampler_snapshot_random1_sampler_island_warmup5_cap1024_20260526,393,1,94,CE1E71F1F6CE0F71,1,0,0,0,1,1,1,0,1,1,1,1,0,0,0,0,0,1,1,1,0,0,1,1,0,1,1,0,1,1,1,1,1,0,0,0,1,1,1,1,1,0,0,0,1,1,1,0,0,1,1,1,1,0,0,0,0,1,1,1,0,0,1,1,0,0,1,0,1,0,0,1
sampler_snapshot_random1_sampler_island_warmup5_cap1024_20260526,394,0,A6,CE7E3DA5C34A1C3C,0,0,1,1,1,1,0,0,0,0,1,1,1,0,0,0,0,1,0,1,0,0,1,0,1,1,0,0,0,0,1,1,1,0,1,0,0,1,0,1,1,0,1,1,1,1,0,0,0,1,1,1,1,1,1,0,0,1,1,1,0,0,1,1,0,1,1,0,0,1,0,1
sampler_snapshot_random1_sampler_island_warmup5_cap1024_20260526,395,0,0F,1B39FCC683317C4C,0,0,1,1,0,0,1,0,0,0,1,1,1,1,1,0,1,0,0,0,1,1,0,0,1,1,0,0,0,0,0,1,0,1,1,0,0,0,1,1,0,0,1,1,1,1,1,1,1,0,0,1,1,1,0,0,1,1,0,1,1,0,0,0,1,1,1,1,0,0,0,0
sampler_snapshot_random1_sampler_island_warmup5_cap1024_20260526,396,1,71,7208898FF6743989,1,0,0,1,0,0,0,1,1,0,0,1,1,1,0,0,0,0,1,0,1,1,1,0,0,1,1,0,1,1,1,1,1,1,1,1,0,0,0,1,1,0,0,1,0,0,0,1,0,0,0,1,0,0,0,0,0,1,0,0,1,1,1,0,1,0,0,0,1,1,1,0
sampler_snapshot_random1_sampler_island_warmup5_cap1024_20260526,397,0,B0,26CCCBFB364448FA,0,1,0,1,1,1,1,1,0,0,0,1,0,0,1,0,0,0,1,0,0,0,1,0,0,1,1,0,1,1,0,0,1,1,0,1,1,1,1,1,1,1,0,1,0,0,1,1,0,0,1,1,0,0,1,1,0,1,1,0,0,1,0,0,0,0,0,0,1,1,0,1
sampler_snapshot_random1_sampler_island_warmup5_cap1024_20260526,398,1,29,05BDFEFA3105CCFE,0,1,1,1,1,1,1,1,0,0,1,1,0,0,1,1,1,0,1,0,0,0,0,0,1,0,0,0,1,1,0,0,0,1,0,1,1,1,1,1,0,1,1,1,1,1,1,1,1,0,1,1,1,1,0,1,1,0,1,0,0,0,0,0,1,0,0,1,0,1,0,0
sampler_snapshot_random1_sampler_island_warmup5_cap1024_20260526,399,0,2B,41F9BF0F4060BFBF,1,1,1,1,1,1,0,1,1,1,1,1,1,1,0,1,0,0,0,0,0,1,1,0,0,0,0,0,0,0,1,0,1,1,1,1,0,0,0,0,1,1,1,1,1,1,0,1,1,0,0,1,1,1,1,1,1,0,0,0,0,0,1,0,1,1,0,1,0,1,0,0
sampler_snapshot_random1_sampler_island_warmup5_cap1024_20260526,400,1,77,90F2DF4F0CB0F2CB,1,1,0,1,0,0,1,1,0,1,0,0,1,1,1,1,0,0,0,0,1,1,0,1,0,0,1,1,0,0,0,0,1,1,1,1,0,0,1,0,1,1,1,1,1,0,1,1,0,1,0,0,1,1,1,1,0,0,0,0,1,0,0,1,1,1,1,0,1,1,1,0
sampler_snapshot_random1_sampler_island_warmup5_cap1024_20260526,401,1,14,F587CA087DF7B2CA,0,1,0,1,0,0,1,1,0,1,0,0,1,1,0,1,1,1,1,0,1,1,1,1,1,0,1,1,1,1,1,0,0,0,0,1,0,0,0,0,0,1,0,1,0,0,1,1,1,1,1,0,0,0,0,1,1,0,1,0,1,1,1,1,0,0,1,0,1,0,0,0
sampler_snapshot_random1_sampler_island_warmup5_cap1024_20260526,402,1,56,F5C70A3878C7C7AF,1,1,1,1,0,1,0,1,1,1,1,0,0,0,1,1,1,1,1,0,0,0,1,1,0,0,0,1,1,1,1,0,0,0,0,1,1,1,0,0,0,1,0,1,0,0,0,0,1,1,1,0,0,0,1,1,1,0,1,0,1,1,1,1,0,1,1,0,1,0,1,0
sampler_snapshot_random1_sampler_island_warmup5_cap1024_20260526,403,0,6F,82A2757D988AC775,1,0,1,0,1,1,1,0,1,1,1,0,0,0,1,1,0,1,0,1,0,0,0,1,0,0,0,1,1,0,0,1,1,0,1,1,1,1,1,0,1,0,1,0,1,1,1,0,0,1,0,0,0,1,0,1,0,1,0,0,0,0,0,1,1,1,1,1,0,1,1,0
sampler_snapshot_random1_sampler_island_warmup5_cap1024_20260526,404,0,E1,CB32340CCFEBB234,0,0,1,0,1,1,0,0,0,1,0,0,1,1,0,1,1,1,0,1,0,1,1,1,1,1,1,1,0,0,1,1,0,0,1,1,0,0,0,0,0,0,1,0,1,1,0,0,0,1,0,0,1,1,0,0,1,1,0,1,0,0,1,1,1,0,0,0,0,1,1,1
sampler_snapshot_random1_sampler_island_warmup5_cap1024_20260526,405,0,8C,BF7750C08FBF7141,1,0,0,0,0,0,1,0,1,0,0,0,1,1,1,0,1,1,1,1,1,1,0,1,1,1,1,1,0,0,0,1,0,0,0,0,0,0,1,1,0,0,0,0,1,0,1,0,1,1,1,0,1,1,1,0,1,1,1,1,1,1,0,1,0,0,1,1,0,0,0,1
sampler_snapshot_random1_sampler_island_warmup5_cap1024_20260526,406,1,C3,FE0441C3EEBE7545,1,0,1,0,0,0,1,0,1,0,1,0,1,1,1,0,0,1,1,1,1,1,0,1,0,1,1,1,0,1,1,1,1,1,0,0,0,0,1,1,1,0,0,0,0,0,1,0,0,0,1,0,0,0,0,0,0,1,1,1,1,1,1,1,1,1,0,0,0,0,1,1
sampler_snapshot_random1_sampler_island_warmup5_cap1024_20260526,407,1,BE,7A4404B6FB490424,0,0,1,0,0,1,0,0,0,0,1,0,0,0,0,0,1,0,0,1,0,0,1,0,1,1,0,1,1,1,1,1,0,1,1,0,1,1,0,1,0,0,1,0,0,0,0,0,0,0,1,0,0,0,1,0,0,1,0,1,1,1,1,0,0,1,1,1,1,1,0,1
sampler_snapshot_random1_sampler_island_warmup5_cap1024_20260526,408,1,A8,0B69F4F69B094DF6,0,1,1,0,1,1,1,1,1,0,1,1,0,0,1,0,1,0,0,1,0,0,0,0,1,1,0,1,1,0,0,1,0,1,1,0,1,1,1,1,0,0,1,0,1,1,1,1,1,0,0,1,0,1,1,0,1,1,0,1,0,0,0,0,0,0,0,1,0,1,0,1
sampler_snapshot_random1_sampler_island_warmup5_cap1024_20260526,409,1,A2,4CB8B387C66C2993,1,1,0,0,1,0,0,1,1,0,0,1,0,1,0,0,0,0,1,1,0,1,1,0,0,1,1,0,0,0,1,1,1,1,1,0,0,0,0,1,1,1,0,0,1,1,0,1,0,0,0,1,1,1,0,1,0,0,1,1,0,0,1,0,0,1,0,0,0,1,0,1
sampler_snapshot_random1_sampler_island_warmup5_cap1024_20260526,410,1,C6,7CDC93C3057C7C82,0,1,0,0,0,0,0,1,0,0,1,1,1,1,1,0,0,0,1,1,1,1,1,0,1,0,1,0,0,0,0,0,1,1,0,0,0,0,1,1,1,1,0,0,1,0,0,1,0,0,1,1,1,0,1,1,0,0,1,1,1,1,1,0,0,1,1,0,0,0,1,1
sampler_snapshot_random1_sampler_island_warmup5_cap1024_20260526,411,1,A5,3D8DCEE2213DDECE,0,1,1,1,0,0,1,1,0,1,1,1,1,0,1,1,1,0,1,1,1,1,0,0,1,0,0,0,0,1,0,0,0,1,0,0,0,1,1,1,0,1,1,1,0,0,1,1,1,0,1,1,0,0,0,1,1,0,1,1,1,1,0,0,1,0,1,0,0,1,0,1
sampler_snapshot_random1_sampler_island_warmup5_cap1024_20260526,412,1,CA,70CBAF3570D28FAF,1,1,1,1,0,1,0,1,1,1,1,1,0,0,0,1,0,1,0,0,1,0,1,1,0,0,0,0,1,1,1,0,1,0,1,0,1,1,0,0,1,1,1,1,0,1,0,1,1,1,0,1,0,0,1,1,0,0,0,0,1,1,1,0,0,1,0,1,0,0,1,1
sampler_snapshot_random1_sampler_island_warmup5_cap1024_20260526,413,1,C4,80EAEB7D1486CAFA,0,1,0,1,1,1,1,1,0,1,0,1,0,0,1,1,0,1,1,0,0,0,0,1,0,0,1,0,1,0,0,0,1,0,1,1,1,1,1,0,1,1,0,1,0,1,1,1,0,1,0,1,0,1,1,1,0,0,0,0,0,0,0,1,0,0,1,0,0,0,1,1
sampler_snapshot_random1_sampler_island_warmup5_cap1024_20260526,414,0,78,C5BFF85845E7AAD8,0,0,0,1,1,0,1,1,0,1,0,1,0,1,0,1,1,1,1,0,0,1,1,1,1,0,1,0,0,0,1,0,0,0,0,1,1,0,1,0,0,0,0,1,1,1,1,1,1,1,1,1,1,1,0,1,1,0,1,0,0,0,1,1,0,0,0,1,1,1,1,0
sampler_snapshot_random1_sampler_island_warmup5_cap1024_20260526,415,1,C1,F7DF1D0942F6FF0D,1,0,1,1,0,0,0,0,1,1,1,1,1,1,1,1,0,1,1,0,1,1,1,1,0,1,0,0,0,0,1,0,1,0,0,1,0,0,0,0,1,0,1,1,1,0,0,0,1,1,1,1,1,0,1,1,1,1,1,0,1,1,1,1,1,0,0,0,0,0,1,1
sampler_snapshot_random1_sampler_island_warmup5_cap1024_20260526,416,0,56,B2024D6DAA92DC4D,1,0,1,1,0,0,1,0,0,0,1,1,1,0,1,1,0,1,0,0,1,0,0,1,0,1,0,1,0,1,0,1,1,0,1,1,0,1,1,0,1,0,1,1,0,0,1,0,0,1,0,0,0,0,0,0,0,1,0,0,1,1,0,1,0,1,1,0,1,0,1,0
sampler_snapshot_random1_sampler_island_warmup5_cap1024_20260526,417,1,E6,D3012C3CFFD38028,0,0,0,1,0,1,0,0,0,0,0,0,0,0,0,1,1,1,0,0,1,0,1,1,1,1,1,1,1,1,1,1,0,0,1,1,1,1,0,0,0,0,1,1,0,1,0,0,1,0,0,0,0,0,0,0,1,1,0,0,1,0,1,1,0,1,1,0,0,1,1,1
sampler_snapshot_random1_sampler_island_warmup5_cap1024_20260526,418,1,2D,876568FA9E854179,1,0,0,1,1,1,1,0,1,0,0,0,0,0,1,0,1,0,1,0,0,0,0,1,0,1,1,1,1,0,0,1,0,1,0,1,1,1,1,1,0,0,0,1,0,1,1,0,1,0,1,0,0,1,1,0,1,1,1,0,0,0,0,1,1,0,1,1,0,1,0,0
sampler_snapshot_random1_sampler_island_warmup5_cap1024_20260526,419,0,C1,863471DBDE24655D,1,0,1,1,1,0,1,0,1,0,1,0,0,1,1,0,0,0,1,0,0,1,0,0,0,1,1,1,1,0,1,1,1,1,0,1,1,0,1,1,1,0,0,0,1,1,1,0,0,0,1,0,1,1,0,0,0,1,1,0,0,0,0,1,1,0,0,0,0,0,1,1
sampler_snapshot_random1_sampler_island_warmup5_cap1024_20260526,420,1,C7,6B54968EEB793416,0,1,1,0,1,0,0,0,0,0,1,0,1,1,0,0,1,0,0,1,1,1,1,0,1,1,0,1,0,1,1,1,0,1,1,1,0,0,0,1,0,1,1,0,1,0,0,1,0,0,1,0,1,0,1,0,1,1,0,1,0,1,1,0,1,1,1,0,0,0,1,1
sampler_snapshot_random1_sampler_island_warmup5_cap1024_20260526,421,1,46,3951C6EEA91951E7,1,1,1,0,0,1,1,1,1,0,0,0,1,0,1,0,1,0,0,1,1,0,0,0,1,0,0,1,0,1,0,1,0,1,1,1,0,1,1,1,0,1,1,0,0,0,1,1,1,0,0,0,1,0,1,0,1,0,0,1,1,1,0,0,0,1,1,0,0,0,1,0
sampler_snapshot_random1_sampler_island_warmup5_cap1024_20260526,422,1,52,5C80A3B3FC5C13A3,1,1,0,0,0,1,0,1,1,1,0,0,1,0,0,0,0,0,1,1,1,0,1,0,0,0,1,1,1,1,1,1,1,1,0,0,1,1,0,1,1,1,0,0,0,1,0,1,0,0,0,0,0,0,0,1,0,0,1,1,1,0,1,0,0,1,0,0,1,0,1,0
sampler_snapshot_random1_sampler_island_warmup5_cap1024_20260526,423,0,E8,4CE6A2B25D4DC6B2,0,1,0,0,1,1,0,1,0,1,1,0,0,0,1,1,1,0,1,1,0,0,1,0,1,0,1,1,1,0,1,0,0,1,0,0,1,1,0,1,0,1,0,0,0,1,0,1,0,1,1,0,0,1,1,1,0,0,1,1,0,0,1,0,0,0,0,1,0,1,1,1
sampler_snapshot_random1_sampler_island_warmup5_cap1024_20260526,424,0,DB,0DBFF654192BEFD6,0,1,1,0,1,0,1,1,1,1,1,1,0,1,1,1,1,1,0,1,0,1,0,0,1,0,0,1,1,0,0,0,0,0,1,0,1,0,1,0,0,1,1,0,1,1,1,1,1,1,1,1,1,1,0,1,1,0,1,1,0,0,0,0,1,1,0,1,1,0,1,1
sampler_snapshot_random1_sampler_island_warmup5_cap1024_20260526,425,1,E3,68DA970560FABF97,1,1,1,0,1,0,0,1,1,1,1,1,1,1,0,1,0,1,0,1,1,1,1,1,0,0,0,0,0,1,1,0,1,0,1,0,0,0,0,0,1,1,1,0,1,0,0,1,0,1,0,1,1,0,1,1,0,0,0,1,0,1,1,0,1,1,0,0,0,1,1,1
sampler_snapshot_random1_sampler_island_warmup5_cap1024_20260526,426,0,CF,BADAD165259EDAE0,0,0,0,0,0,1,1,1,0,1,0,1,1,0,1,1,0,1,1,1,1,0,0,1,1,0,1,0,0,1,0,0,1,0,1,0,0,1,1,0,1,0,0,0,1,0,1,1,0,1,0,1,1,0,1,1,0,1,0,1,1,1,0,1,1,1,1,1,0,0,1,1
sampler_snapshot_random1_sampler_island_warmup5_cap1024_20260526,427,1,B4,DFAF687077DF9AE8,0,0,0,1,0,1,1,1,0,1,0,1,1,0,0,1,1,1,1,1,1,0,1,1,1,1,1,0,1,1,1,0,0,0,0,0,1,1,1,0,0,0,0,1,0,1,1,0,1,1,1,1,0,1,0,1,1,1,1,1,1,0,1,1,0,0,1,0,1,1,0,1
sampler_snapshot_random1_sampler_island_warmup5_cap1024_20260526,428,1,C3,CEEF2D11D2EEAD3D,1,0,1,1,1,1,0,0,1,0,1,1,0,1,0,1,0,1,1,1,0,1,1,1,0,1,0,0,1,0,1,1,1,0,0,0,1,0,0,0,1,0,1,1,0,1,0,0,1,1,1,1,0,1,1,1,0,1,1,1,0,0,1,1,1,1,0,0,0,0,1,1
sampler_snapshot_random1_sampler_island_warmup5_cap1024_20260526,429,1,7F,82385D5792A2EC5D,1,0,1,1,1,0,1,0,0,0,1,1,0,1,1,1,0,1,0,0,0,1,0,1,0,1,0,0,1,0,0,1,1,1,1,0,1,0,1,0,1,0,1,1,1,0,1,0,0,0,0,1,1,1,0,0,0,1,0,0,0,0,0,1,1,1,1,1,1,1,1,0
sampler_snapshot_random1_sampler_island_warmup5_cap1024_20260526,430,0,E2,E3191C8EE7E13818,0,0,0,1,1,0,0,0,0,0,0,1,1,1,0,0,1,0,0,0,0,1,1,1,1,1,1,0,0,1,1,1,0,1,1,1,0,0,0,1,0,0,1,1,1,0,0,0,1,0,0,1,1,0,0,0,1,1,0,0,0,1,1,1,0,1,0,0,0,1,1,1
sampler_snapshot_random1_sampler_island_warmup5_cap1024_20260526,431,1,51,B75D59EAA6D4596B,1,1,0,1,0,1,1,0,1,0,0,1,1,0,1,0,0,0,1,0,1,0,1,1,0,1,1,0,0,1,0,1,0,1,0,1,0,1,1,1,1,0,0,1,1,0,1,0,1,0,1,1,1,0,1,0,1,1,1,0,1,1,0,1,1,0,0,0,1,0,1,0
sampler_snapshot_random1_sampler_island_warmup5_cap1024_20260526,432,1,68,142C6BEB92145C6F,1,1,1,1,0,1,1,0,0,0,1,1,1,0,1,0,0,0,1,0,1,0,0,0,0,1,0,0,1,0,0,1,1,1,0,1,0,1,1,1,1,1,0,1,0,1,1,0,0,0,1,1,0,1,0,0,0,0,1,0,1,0,0,0,0,0,0,1,0,1,1,0
sampler_snapshot_random1_sampler_island_warmup5_cap1024_20260526,433,1,FD,5161AE9ED961243E,0,1,1,1,1,1,0,0,0,0,1,0,0,1,0,0,1,0,0,0,0,1,1,0,1,0,0,1,1,0,1,1,0,1,1,1,1,0,0,1,0,1,1,1,0,1,0,1,1,0,0,0,0,1,1,0,1,0,0,0,1,0,1,0,1,0,1,1,1,1,1,1
sampler_snapshot_random1_sampler_island_warmup5_cap1024_20260526,434,0,01,2171DEDE9C2163DF,1,1,1,1,1,0,1,1,1,1,0,0,0,1,1,0,1,0,0,0,0,1,0,0,0,0,1,1,1,0,0,1,0,1,1,1,1,0,1,1,0,1,1,1,1,0,1,1,1,0,0,0,1,1,1,0,1,0,0,0,0,1,0,0,1,0,0,0,0,0,0,0
sampler_snapshot_random1_sampler_island_warmup5_cap1024_20260526,435,0,90,6496DB896C6633DB,1,1,0,1,1,0,1,1,1,1,0,0,1,1,0,0,0,1,1,0,0,1,1,0,0,0,1,1,0,1,1,0,1,0,0,1,0,0,0,1,1,1,0,1,1,0,1,1,0,1,1,0,1,0,0,1,0,0,1,0,0,1,1,0,0,0,0,0,1,0,0,1
sampler_snapshot_random1_sampler_island_warmup5_cap1024_20260526,436,1,FA,75D692A86D5FD6A6,0,1,1,0,0,1,0,1,0,1,1,0,1,0,1,1,1,1,1,1,1,0,1,0,1,0,1,1,0,1,1,0,0,0,0,1,0,1,0,1,0,1,0,0,1,0,0,1,0,1,1,0,1,0,1,1,1,0,1,0,1,1,1,0,0,1,0,1,1,1,1,1
sampler_snapshot_random1_sampler_island_warmup5_cap1024_20260526,437,1,CD,19A7E46C199BD7E5,1,0,1,0,0,1,1,1,1,1,1,0,1,0,1,1,1,1,0,1,1,0,0,1,1,0,0,1,1,0,0,0,0,0,1,1,0,1,1,0,0,0,1,0,0,1,1,1,1,1,1,0,0,1,0,1,1,0,0,1,1,0,0,0,1,0,1,1,0,0,1,1
sampler_snapshot_random1_sampler_island_warmup5_cap1024_20260526,438,0,D7,DAA2A5155AEAA785,1,0,1,0,0,0,0,1,1,1,1,0,0,1,0,1,0,1,0,1,0,1,1,1,0,1,0,1,1,0,1,0,1,0,1,0,1,0,0,0,1,0,1,0,0,1,0,1,0,1,0,0,0,1,0,1,0,1,0,1,1,0,1,1,1,1,1,0,1,0,1,1
sampler_snapshot_random1_sampler_island_warmup5_cap1024_20260526,439,0,DB,AEC250541FAFE0D0,0,0,0,0,1,0,1,1,0,0,0,0,0,1,1,1,1,1,1,1,0,1,0,1,1,1,1,1,1,0,0,0,0,0,1,0,1,0,1,0,0,0,0,0,1,0,1,0,0,1,0,0,0,0,1,1,0,1,1,1,0,1,0,1,1,1,0,1,1,0,1,1
sampler_snapshot_random1_sampler_island_warmup5_cap1024_20260526,440,1,82,EF9550606FAFA450,0,0,0,0,1,0,1,0,0,0,1,0,0,1,0,1,1,1,1,1,0,1,0,1,1,1,1,1,0,1,1,0,0,0,0,0,0,1,1,0,0,0,0,0,1,0,1,0,1,0,1,0,1,0,0,1,1,1,1,1,0,1,1,1,0,1,0,0,0,0,0,1
sampler_snapshot_random1_sampler_island_warmup5_cap1024_20260526,441,1,BF,FE5C1523EADC9D25,1,0,1,0,0,1,0,0,1,0,1,1,1,0,0,1,0,0,1,1,1,0,1,1,0,1,0,1,0,1,1,1,1,1,0,0,0,1,0,0,1,0,1,0,1,0,0,0,0,0,1,1,1,0,1,0,0,1,1,1,1,1,1,1,1,1,1,1,1,1,0,1
sampler_snapshot_random1_sampler_island_warmup5_cap1024_20260526,442,1,4E,9A6865E78398DC66,0,1,1,0,0,1,1,0,0,0,1,1,1,0,1,1,0,0,0,1,1,0,0,1,1,1,0,0,0,0,0,1,1,1,1,0,0,1,1,1,1,0,1,0,0,1,1,0,0,0,0,1,0,1,1,0,0,1,0,1,1,0,0,1,0,1,1,1,0,0,1,0
sampler_snapshot_random1_sampler_island_warmup5_cap1024_20260526,443,1,C1,D9292296D7F92802,0,1,0,0,0,0,0,0,0,0,0,1,0,1,0,0,1,0,0,1,1,1,1,1,1,1,1,0,1,0,1,1,0,1,1,0,1,0,0,1,0,1,0,0,0,1,0,0,1,0,0,1,0,1,0,0,1,0,0,1,1,0,1,1,1,0,0,0,0,0,1,1
sampler_snapshot_random1_sampler_island_warmup5_cap1024_20260526,444,0,38,6C4D0BD3946C691B,1,1,0,1,1,0,0,0,1,0,0,1,0,1,1,0,0,0,1,1,0,1,1,0,0,0,1,0,1,0,0,1,1,1,0,0,1,0,1,1,1,1,0,1,0,0,0,0,1,0,1,1,0,0,1,0,0,0,1,1,0,1,1,0,0,0,0,1,1,1,0,0
sampler_snapshot_random1_sampler_island_warmup5_cap1024_20260526,445,1,E4,2C1CDFF3A0044E5F,1,1,1,1,1,0,1,0,0,1,1,1,0,0,1,0,0,0,1,0,0,0,0,0,0,0,0,0,0,1,0,1,1,1,0,0,1,1,1,1,1,1,1,1,1,0,1,1,0,0,1,1,1,0,0,0,0,0,1,1,0,1,0,0,0,0,1,0,0,1,1,1
sampler_snapshot_random1_sampler_island_warmup5_cap1024_20260526,446,0,C5,515BBEACE1511EAE,0,1,1,1,0,1,0,1,0,1,1,1,1,0,0,0,1,0,0,0,1,0,1,0,1,0,0,0,0,1,1,1,0,0,1,1,0,1,0,1,0,1,1,1,1,1,0,1,1,1,0,1,1,0,1,0,1,0,0,0,1,0,1,0,1,0,1,0,0,0,1,1
sampler_snapshot_random1_sampler_island_warmup5_cap1024_20260526,447,1,3F,11EBEFEC04135BEF,1,1,1,1,0,1,1,1,1,1,0,1,1,0,1,0,1,1,0,0,1,0,0,0,0,0,1,0,0,0,0,0,0,0,1,1,0,1,1,1,1,1,1,1,0,1,1,1,1,1,0,1,0,1,1,1,1,0,0,0,1,0,0,0,1,1,1,1,1,1,0,0
sampler_snapshot_random1_sampler_island_warmup5_cap1024_20260526,448,1,DE,54AEEBD95476ABC9,1,0,0,1,0,0,1,1,1,1,0,1,0,1,0,1,0,1,1,0,1,1,1,0,0,0,1,0,1,0,1,0,1,0,0,1,1,0,1,1,1,1,0,1,0,1,1,1,0,1,1,1,0,1,0,1,0,0,1,0,1,0,1,0,0,1,1,1,1,0,1,1
sampler_snapshot_random1_sampler_island_warmup5_cap1024_20260526,449,1,8E,67CF88187567AE9C,0,0,1,1,1,0,0,1,0,1,1,1,0,1,0,1,1,1,1,0,0,1,1,0,1,0,1,0,1,1,1,0,0,0,0,1,1,0,0,0,0,0,0,1,0,0,0,1,1,1,1,1,0,0,1,1,1,1,1,0,0,1,1,0,0,1,1,1,0,0,0,1
sampler_snapshot_random1_sampler_island_warmup5_cap1024_20260526,450,0,7F,A397DC7C2A83C7FD,1,0,1,1,1,1,1,1,1,1,1,0,0,0,1,1,1,1,0,0,0,0,0,1,0,1,0,1,0,1,0,0,0,0,1,1,1,1,1,0,0,0,1,1,1,0,1,1,1,1,1,0,1,0,0,1,1,1,0,0,0,1,0,1,1,1,1,1,1,1,1,0
sampler_snapshot_random1_sampler_island_warmup5_cap1024_20260526,451,0,C0,C292BD2D6AD295BD,1,0,1,1,1,1,0,1,1,0,1,0,1,0,0,1,0,1,0,0,1,0,1,1,0,1,0,1,0,1,1,0,1,0,1,1,0,1,0,0,1,0,1,1,1,1,0,1,0,1,0,0,1,0,0,1,0,1,0,0,0,0,1,1,0,0,0,0,0,0,1,1
sampler_snapshot_random1_sampler_island_warmup5_cap1024_20260526,452,0,B6,97F0686E0FD5D0E8,0,0,0,1,0,1,1,1,0,0,0,0,1,0,1,1,1,0,1,0,1,0,1,1,1,1,1,1,0,0,0,0,0,1,1,1,0,1,1,0,0,0,0,1,0,1,1,0,0,0,0,0,1,1,1,1,1,1,1,0,1,0,0,1,0,1,1,0,1,1,0,1
sampler_snapshot_random1_sampler_island_warmup5_cap1024_20260526,453,0,C1,9725605A9FBDF540,0,0,0,0,0,0,1,0,1,0,1,0,1,1,1,1,1,0,1,1,1,1,0,1,1,1,1,1,1,0,0,1,0,1,0,1,1,0,1,0,0,0,0,0,0,1,1,0,1,0,1,0,0,1,0,0,1,1,1,0,1,0,0,1,1,0,0,0,0,0,1,1
sampler_snapshot_random1_sampler_island_warmup5_cap1024_20260526,454,0,34,EE44071FFAECA517,1,1,1,0,1,0,0,0,1,0,1,0,0,1,0,1,0,0,1,1,0,1,1,1,0,1,0,1,1,1,1,1,1,1,1,1,1,0,0,0,1,1,1,0,0,0,0,0,0,0,1,0,0,0,1,0,0,1,1,1,0,1,1,1,0,0,1,0,1,1,0,0
sampler_snapshot_random1_sampler_island_warmup5_cap1024_20260526,455,0,99,A85056F7B9884476,0,1,1,0,1,1,1,0,0,0,1,0,0,0,1,0,0,0,0,1,0,0,0,1,1,0,0,1,1,1,0,1,1,1,1,0,1,1,1,1,0,1,1,0,1,0,1,0,0,0,0,0,1,0,1,0,0,0,0,1,0,1,0,1,1,0,0,1,1,0,0,1
sampler_snapshot_random1_sampler_island_warmup5_cap1024_20260526,456,1,44,C93172A6ED5D1272,0,1,0,0,1,1,1,0,0,1,0,0,1,0,0,0,1,0,1,1,1,0,1,0,1,0,1,1,0,1,1,1,0,1,1,0,0,1,0,1,0,1,0,0,1,1,1,0,1,0,0,0,1,1,0,0,1,0,0,1,0,0,1,1,0,0,1,0,0,0,1,0
sampler_snapshot_random1_sampler_island_warmup5_cap1024_20260526,457,0,53,5C76A383CC5C7323,1,1,0,0,0,1,0,0,1,1,0,0,1,1,1,0,0,0,1,1,1,0,1,0,0,0,1,1,0,0,1,1,1,1,0,0,0,0,0,1,1,1,0,0,0,1,0,1,0,1,1,0,1,1,1,0,0,0,1,1,1,0,1,0,1,1,0,0,1,0,1,0
sampler_snapshot_random1_sampler_island_warmup5_cap1024_20260526,458,1,84,1C2EE7D1993E7EC6,0,1,1,0,0,0,1,1,0,1,1,1,1,1,1,0,0,1,1,1,1,1,0,0,1,0,0,1,1,0,0,1,1,0,0,0,1,0,1,1,1,1,1,0,0,1,1,1,0,1,1,1,0,1,0,0,0,0,1,1,1,0,0,0,0,0,1,0,0,0,0,1
sampler_snapshot_random1_sampler_island_warmup5_cap1024_20260526,459,0,35,698B8694716B2E94,0,0,1,0,1,0,0,1,0,1,1,1,0,1,0,0,1,1,0,1,0,1,1,0,1,0,0,0,1,1,1,0,0,0,1,0,1,0,0,1,0,1,1,0,0,0,0,1,1,1,0,1,0,0,0,1,1,0,0,1,0,1,1,0,1,0,1,0,1,1,0,0
sampler_snapshot_random1_sampler_island_warmup5_cap1024_20260526,460,1,AB,2ADBD5F5340ACBF1,1,0,0,0,1,1,1,1,1,1,0,1,0,0,1,1,0,1,0,1,0,0,0,0,0,0,1,0,1,1,0,0,1,0,1,0,1,1,1,1,1,0,1,0,1,0,1,1,1,1,0,1,1,0,1,1,0,1,0,1,0,1,0,0,1,1,0,1,0,1,0,1
sampler_snapshot_random1_sampler_island_warmup5_cap1024_20260526,461,0,12,4EBEF961661EDAF9,1,0,0,1,1,1,1,1,0,1,0,1,1,0,1,1,0,1,1,1,1,0,0,0,0,1,1,0,0,1,1,0,1,0,0,0,0,1,1,0,1,0,0,1,1,1,1,1,0,1,1,1,1,1,0,1,0,1,1,1,0,0,1,0,0,1,0,0,1,0,0,0
sampler_snapshot_random1_sampler_island_warmup5_cap1024_20260526,462,1,86,DFFFB80047F7BCAC,0,0,1,1,0,1,0,1,0,0,1,1,1,1,0,1,1,1,1,0,1,1,1,1,1,1,1,0,0,0,1,0,0,0,0,0,0,0,0,0,0,0,0,1,1,1,0,1,1,1,1,1,1,1,1,1,1,1,1,1,1,0,1,1,0,1,1,0,0,0,0,1
sampler_snapshot_random1_sampler_island_warmup5_cap1024_20260526,463,1,07,93EDCC4E12B3FDCD,1,0,1,1,0,0,1,1,1,0,1,1,1,1,1,1,1,1,0,0,1,1,0,1,0,1,0,0,1,0,0,0,0,1,1,1,0,0,1,0,0,0,1,1,0,0,1,1,1,0,1,1,0,1,1,1,1,1,0,0,1,0,0,1,1,1,1,0,0,0,0,0
sampler_snapshot_random1_sampler_island_warmup5_cap1024_20260526,464,1,37,E2880D1F72E0AD9D,1,0,1,1,1,0,0,1,1,0,1,1,0,1,0,1,0,0,0,0,0,1,1,1,0,1,0,0,1,1,1,0,1,1,1,1,1,0,0,0,1,0,1,1,0,0,0,0,0,0,0,1,0,0,0,1,0,1,0,0,0,1,1,1,1,1,1,0,1,1,0,0
sampler_snapshot_random1_sampler_island_warmup5_cap1024_20260526,465,1,6A,E7D91A3AF7C5C83A,0,1,0,1,1,1,0,0,0,0,0,1,0,0,1,1,1,0,1,0,0,0,1,1,1,1,1,0,1,1,1,1,0,1,0,1,1,1,0,0,0,1,0,1,1,0,0,0,1,0,0,1,1,0,1,1,1,1,1,0,0,1,1,1,0,1,0,1,0,1,1,0
sampler_snapshot_random1_sampler_island_warmup5_cap1024_20260526,466,1,EC,853D7A6A8685DD7B,1,1,0,1,1,1,1,0,1,0,1,1,1,0,1,1,1,0,1,0,0,0,0,1,0,1,1,0,0,0,0,1,0,1,0,1,0,1,1,0,0,1,0,1,1,1,1,0,1,0,1,1,1,1,0,0,1,0,1,0,0,0,0,1,0,0,1,1,0,1,1,1
sampler_snapshot_random1_sampler_island_warmup5_cap1024_20260526,467,0,1A,D4743F8FC8F0370F,1,1,1,1,0,0,0,0,1,1,1,0,1,1,0,0,0,0,0,0,1,1,1,1,0,0,0,1,0,0,1,1,1,1,1,1,0,0,0,1,1,1,1,1,1,1,0,0,0,0,1,0,1,1,1,0,0,0,1,0,1,0,1,1,0,1,0,1,1,0,0,0
sampler_snapshot_random1_sampler_island_warmup5_cap1024_20260526,468,1,92,B0604ECE99B1764E,0,1,1,1,0,0,1,0,0,1,1,0,1,1,1,0,1,0,0,0,1,1,0,1,1,0,0,1,1,0,0,1,0,1,1,1,0,0,1,1,0,1,1,1,0,0,1,0,0,0,0,0,0,1,1,0,0,0,0,0,1,1,0,1,0,1,0,0,1,0,0,1
sampler_snapshot_random1_sampler_island_warmup5_cap1024_20260526,469,0,3F,71034ADCFD67234A,0,1,0,1,0,0,1,0,1,1,0,0,0,1,0,0,1,1,1,0,0,1,1,0,1,0,1,1,1,1,1,1,0,0,1,1,1,0,1,1,0,1,0,1,0,0,1,0,1,1,0,0,0,0,0,0,1,0,0,0,1,1,1,0,1,1,1,1,1,1,0,0
sampler_snapshot_random1_sampler_island_warmup5_cap1024_20260526,470,1,D1,644693B9FC4E03B3,1,1,0,0,1,1,0,1,1,1,0,0,0,0,0,0,0,1,1,1,0,0,1,0,0,0,1,1,1,1,1,1,1,0,0,1,1,1,0,1,1,1,0,0,1,0,0,1,0,1,1,0,0,0,1,0,0,0,1,0,0,1,1,0,1,0,0,0,1,0,1,1
sampler_snapshot_random1_sampler_island_warmup5_cap1024_20260526,471,1,5D,0CB6F5E9890E56F4,0,0,1,0,1,1,1,1,0,1,1,0,1,0,1,0,0,1,1,1,0,0,0,0,1,0,0,1,0,0,0,1,1,0,0,1,0,1,1,1,1,0,1,0,1,1,1,1,0,1,1,0,1,1,0,1,0,0,1,1,0,0,0,0,1,0,1,1,1,0,1,0
sampler_snapshot_random1_sampler_island_warmup5_cap1024_20260526,472,1,D0,5BB3B48C4B7B3684,0,0,1,0,0,0,0,1,0,1,1,0,1,1,0,0,1,1,0,1,1,1,1,0,1,1,0,1,0,0,1,0,0,0,1,1,0,0,0,1,0,0,1,0,1,1,0,1,1,1,0,0,1,1,0,1,1,1,0,1,1,0,1,0,0,0,0,0,1,0,1,1
sampler_snapshot_random1_sampler_island_warmup5_cap1024_20260526,473,1,7F,3AC285450E7AF1C1,1,0,0,0,0,0,1,1,1,0,0,0,1,1,1,1,0,1,0,1,1,1,1,0,0,1,1,1,0,0,0,0,1,0,1,0,0,0,1,0,1,0,1,0,0,0,0,1,0,1,0,0,0,0,1,1,0,1,0,1,1,1,0,0,1,1,1,1,1,1,1,0
sampler_snapshot_random1_sampler_island_warmup5_cap1024_20260526,474,1,B4,3E84C1733FAEC0C0,0,0,0,0,0,0,1,1,0,0,0,0,0,0,1,1,0,1,1,1,0,1,0,1,1,1,1,1,1,1,0,0,1,1,0,0,1,1,1,0,1,0,0,0,0,0,1,1,0,0,1,0,0,0,0,1,0,1,1,1,1,1,0,0,0,0,1,0,1,1,0,1
sampler_snapshot_random1_sampler_island_warmup5_cap1024_20260526,475,1,7E,CFCDB0327FCD8CB4,0,0,1,0,1,1,0,1,0,0,1,1,0,0,0,1,1,0,1,1,0,0,1,1,1,1,1,1,1,1,1,0,0,1,0,0,1,1,0,0,0,0,0,0,1,1,0,1,1,0,1,1,0,0,1,1,1,1,1,1,0,0,1,1,0,1,1,1,1,1,1,0
sampler_snapshot_random1_sampler_island_warmup5_cap1024_20260526,476,1,FB,8AFD75670288CDF7,1,1,1,0,1,1,1,1,1,0,1,1,0,0,1,1,0,0,0,1,0,0,0,1,0,1,0,0,0,0,0,0,1,1,1,0,0,1,1,0,1,0,1,0,1,1,1,0,1,0,1,1,1,1,1,1,0,1,0,1,0,0,0,1,1,1,0,1,1,1,1,1
sampler_snapshot_random1_sampler_island_warmup5_cap1024_20260526,477,1,14,D8B87707C6F8B847,1,1,1,0,0,0,1,0,0,0,0,1,1,1,0,1,0,0,0,1,1,1,1,1,0,1,1,0,0,0,1,1,1,1,1,0,0,0,0,0,1,1,1,0,1,1,1,0,0,0,0,1,1,1,0,1,0,0,0,1,1,0,1,1,0,0,1,0,1,0,0,0
sampler_snapshot_random1_sampler_island_warmup5_cap1024_20260526,478,1,9E,FD4D0A02E5FDF80A,0,1,0,1,0,0,0,0,0,0,0,1,1,1,1,1,1,0,1,1,1,1,1,1,1,0,1,0,0,1,1,1,0,1,0,0,0,0,0,0,0,1,0,1,0,0,0,0,1,0,1,1,0,0,1,0,1,0,1,1,1,1,1,1,0,1,1,1,1,0,0,1
sampler_snapshot_random1_sampler_island_warmup5_cap1024_20260526,479,0,73,BD0D4AF2B4954F6B,1,1,0,1,0,1,1,0,1,1,1,1,0,0,1,0,1,0,1,0,1,0,0,1,0,0,1,0,1,1,0,1,0,1,0,0,1,1,1,1,0,1,0,1,0,0,1,0,1,0,1,1,0,0,0,0,1,0,1,1,1,1,0,1,1,1,0,0,1,1,1,0
sampler_snapshot_random1_sampler_island_warmup5_cap1024_20260526,480,0,60,C00E2FBDF0C00F3F,1,1,1,1,1,1,0,0,1,1,1,1,0,0,0,0,0,0,0,0,0,0,1,1,0,0,0,0,1,1,1,1,1,0,1,1,1,1,0,1,1,1,1,1,0,1,0,0,0,1,1,1,0,0,0,0,0,0,0,0,0,0,1,1,0,0,0,0,0,1,1,0
sampler_snapshot_random1_sampler_island_warmup5_cap1024_20260526,481,0,80,017B7EFC81034E7E,0,1,1,1,1,1,1,0,0,1,1,1,0,0,1,0,1,1,0,0,0,0,0,0,1,0,0,0,0,0,0,1,0,0,1,1,1,1,1,1,0,1,1,1,1,1,1,0,1,1,0,1,1,1,1,0,1,0,0,0,0,0,0,0,0,0,0,0,0,0,0,1
sampler_snapshot_random1_sampler_island_warmup5_cap1024_20260526,482,0,CD,153BFACCC4377B49,1,0,0,1,0,0,1,0,1,1,0,1,1,1,1,0,1,1,1,0,1,1,0,0,0,0,1,0,0,0,1,1,0,0,1,1,0,0,1,1,0,1,0,1,1,1,1,1,1,1,0,1,1,1,0,0,1,0,1,0,1,0,0,0,1,0,1,1,0,0,1,1
sampler_snapshot_random1_sampler_island_warmup5_cap1024_20260526,483,1,B7,764E8989E4763B89,1,0,0,1,0,0,0,1,1,1,0,1,1,1,0,0,0,1,1,0,1,1,1,0,0,0,1,0,0,1,1,1,1,0,0,1,0,0,0,1,1,0,0,1,0,0,0,1,0,1,1,1,0,0,1,0,0,1,1,0,1,1,1,0,1,1,1,0,1,1,0,1
sampler_snapshot_random1_sampler_island_warmup5_cap1024_20260526,484,0,1B,36C6CCF83B1746EC,0,0,1,1,0,1,1,1,0,1,1,0,0,0,1,0,1,1,1,0,1,0,0,0,1,1,0,1,1,1,0,0,0,0,0,1,1,1,1,1,0,0,1,1,0,0,1,1,0,1,1,0,0,0,1,1,0,1,1,0,1,1,0,0,1,1,0,1,1,0,0,0
sampler_snapshot_random1_sampler_island_warmup5_cap1024_20260526,485,1,97,43A3ACBC7B4385BC,0,0,1,1,1,1,0,1,1,0,1,0,0,0,0,1,1,1,0,0,0,0,1,0,1,1,0,1,1,1,1,0,0,0,1,1,1,1,0,1,0,0,1,1,0,1,0,1,1,1,0,0,0,1,0,1,1,1,0,0,0,0,1,0,1,1,1,0,1,0,0,1
sampler_snapshot_random1_sampler_island_warmup5_cap1024_20260526,486,0,11,42F0BD1F4EC0E1B9,1,0,0,1,1,1,0,1,1,0,0,0,0,1,1,1,0,0,0,0,0,0,1,1,0,1,1,1,0,0,1,0,1,1,1,1,1,0,0,0,1,0,1,1,1,1,0,1,0,0,0,0,1,1,1,1,0,1,0,0,0,0,1,0,1,0,0,0,1,0,0,0
sampler_snapshot_random1_sampler_island_warmup5_cap1024_20260526,487,0,A5,86B4F14B0FBCF0D0,0,0,0,0,1,0,1,1,0,0,0,0,1,1,1,1,0,0,1,1,1,1,0,1,1,1,1,1,0,0,0,0,1,1,0,1,0,0,1,0,1,0,0,0,1,1,1,1,0,0,1,0,1,1,0,1,0,1,1,0,0,0,0,1,1,0,1,0,0,1,0,1
sampler_snapshot_random1_sampler_island_warmup5_cap1024_20260526,488,1,4D,FFD5060A6BFDB486,0,1,1,0,0,0,0,1,0,0,1,0,1,1,0,1,1,0,1,1,1,1,1,1,1,1,0,1,0,1,1,0,0,1,0,1,0,0,0,0,0,1,1,0,0,0,0,0,1,0,1,0,1,0,1,1,1,1,1,1,1,1,1,1,1,0,1,1,0,0,1,0
sampler_snapshot_random1_sampler_island_warmup5_cap1024_20260526,489,1,17,B8C0477FB898D567,1,1,1,0,0,1,1,0,1,0,1,0,1,0,1,1,0,0,0,1,1,0,0,1,0,0,0,1,1,1,0,1,1,1,1,1,1,1,1,0,1,1,1,0,0,0,1,0,0,0,0,0,0,0,1,1,0,0,0,1,1,1,0,1,1,1,1,0,1,0,0,0
sampler_snapshot_random1_sampler_island_warmup5_cap1024_20260526,490,1,ED,C8206777FDC88276,0,1,1,0,1,1,1,0,0,1,0,0,0,0,0,1,0,0,0,1,0,0,1,1,1,0,1,1,1,1,1,1,1,1,1,0,1,1,1,0,1,1,1,0,0,1,1,0,0,0,0,0,0,1,0,0,0,0,0,1,0,0,1,1,1,0,1,1,0,1,1,1
sampler_snapshot_random1_sampler_island_warmup5_cap1024_20260526,491,1,B7,CD773292DDCDA232,0,1,0,0,1,1,0,0,0,1,0,0,0,1,0,1,1,0,1,1,0,0,1,1,1,0,1,1,1,0,1,1,0,1,0,0,1,0,0,1,0,1,0,0,1,1,0,0,1,1,1,0,1,1,1,0,1,0,1,1,0,0,1,1,1,1,1,0,1,1,0,1
sampler_snapshot_random1_sampler_island_warmup5_cap1024_20260526,492,1,9B,8C3F53C18CBE7F57,1,1,1,0,1,0,1,0,1,1,1,1,1,1,1,0,0,1,1,1,1,1,0,1,0,0,1,1,0,0,0,1,1,0,0,0,0,0,1,1,1,1,0,0,1,0,1,0,1,1,1,1,1,1,0,0,0,0,1,1,0,0,0,1,1,1,0,1,1,0,0,1
sampler_snapshot_random1_sampler_island_warmup5_cap1024_20260526,493,0,3F,781E0785E07A3E07,1,1,1,0,0,0,0,0,0,1,1,1,1,1,0,0,0,1,0,1,1,1,1,0,0,0,0,0,0,1,1,1,1,0,1,0,0,0,0,1,1,1,1,0,0,0,0,0,0,1,1,1,1,0,0,0,0,0,0,1,1,1,1,0,1,1,1,1,1,1,0,0
sampler_snapshot_random1_sampler_island_warmup5_cap1024_20260526,494,1,97,3B4B84F4B15B5E64,0,0,1,0,0,1,1,0,0,1,1,1,1,0,1,0,1,1,0,1,1,0,1,0,1,0,0,0,1,1,0,1,0,0,1,0,1,1,1,1,0,0,1,0,0,0,0,1,1,1,0,1,0,0,1,0,1,1,0,1,1,1,0,0,1,1,1,0,1,0,0,1
sampler_snapshot_random1_sampler_island_warmup5_cap1024_20260526,495,1,10,0F2BE8F4960F4BF9,1,0,0,1,1,1,1,1,1,1,0,1,0,0,1,0,1,1,1,1,0,0,0,0,0,1,1,0,1,0,0,1,0,0,1,0,1,1,1,1,0,0,0,1,0,1,1,1,1,1,0,1,0,1,0,0,1,1,1,1,0,0,0,0,0,0,0,0,1,0,0,0
sampler_snapshot_random1_sampler_island_warmup5_cap1024_20260526,496,0,73,4EFEB991566629B9,1,0,0,1,1,1,0,1,1,0,0,1,0,1,0,0,0,1,1,0,0,1,1,0,0,1,1,0,1,0,1,0,1,0,0,0,1,0,0,1,1,0,0,1,1,1,0,1,0,1,1,1,1,1,1,1,0,1,1,1,0,0,1,0,1,1,0,0,1,1,1,0
sampler_snapshot_random1_sampler_island_warmup5_cap1024_20260526,497,0,31,27FCDCC20327FCDC,0,0,1,1,1,0,1,1,0,0,1,1,1,1,1,1,1,1,1,0,0,1,0,0,1,1,0,0,0,0,0,0,0,1,0,0,0,0,1,1,0,0,1,1,1,0,1,1,0,0,1,1,1,1,1,1,1,1,1,0,0,1,0,0,1,0,0,0,1,1,0,0
sampler_snapshot_random1_sampler_island_warmup5_cap1024_20260526,498,1,B9,7399DC0E6271BDCD,1,0,1,1,0,0,1,1,1,0,1,1,1,1,0,1,1,0,0,0,1,1,1,0,0,1,0,0,0,1,1,0,0,1,1,1,0,0,0,0,0,0,1,1,1,0,1,1,1,0,0,1,1,0,0,1,1,1,0,0,1,1,1,0,1,0,0,1,1,1,0,1
sampler_snapshot_random1_sampler_island_warmup5_cap1024_20260526,499,0,DF,F2C88D2F76D0D9AB,1,1,0,1,0,1,0,1,1,0,0,1,1,0,1,1,0,0,0,0,1,0,1,1,0,1,1,0,1,1,1,0,1,1,1,1,0,1,0,0,1,0,1,1,0,0,0,1,0,0,0,1,0,0,1,1,0,1,0,0,1,1,1,1,1,1,1,1,1,0,1,1
sampler_snapshot_random1_sampler_island_warmup5_cap1024_20260526,500,1,36,84ACEA7A1785C8FA,0,1,0,1,1,1,1,1,0,0,0,1,0,0,1,1,1,0,1,0,0,0,0,1,1,1,1,0,1,0,0,0,0,1,0,1,1,1,1,0,0,1,0,1,0,1,1,1,0,0,1,1,0,1,0,1,0,0,1,0,0,0,0,1,0,1,1,0,1,1,0,0
sampler_snapshot_random1_sampler_island_warmup5_cap1024_20260526,501,0,75,C5B53E1A59E5A59E,0,1,1,1,1,0,0,1,1,0,1,0,0,1,0,1,1,0,1,0,0,1,1,1,1,0,0,1,1,0,1,0,0,1,0,1,1,0,0,0,0,1,1,1,1,1,0,0,1,0,1,0,1,1,0,1,1,0,1,0,0,0,1,1,1,0,1,0,1,1,1,0
sampler_snapshot_random1_sampler_island_warmup5_cap1024_20260526,502,1,52,A0705F4F88A0F75F,1,1,1,1,1,0,1,0,1,1,1,0,1,1,1,1,0,0,0,0,0,1,0,1,0,0,0,1,0,0,0,1,1,1,1,1,0,0,1,0,1,1,1,1,1,0,1,0,0,0,0,0,1,1,1,0,0,0,0,0,0,1,0,1,0,1,0,0,1,0,1,0
sampler_snapshot_random1_sampler_island_warmup5_cap1024_20260526,503,0,02,F0125F4DEDB2F24E,0,1,1,1,0,0,1,0,0,1,0,0,1,1,1,1,0,1,0,0,1,1,0,1,1,0,1,1,0,1,1,1,1,0,1,1,0,0,1,0,1,1,1,1,1,0,1,0,0,1,0,0,1,0,0,0,0,0,0,0,1,1,1,1,0,1,0,0,0,0,0,0
sampler_snapshot_random1_sampler_island_warmup5_cap1024_20260526,504,0,3C,F54702A8FDDF1222,0,1,0,0,0,1,0,0,0,1,0,0,1,0,0,0,1,1,1,1,1,0,1,1,1,0,1,1,1,1,1,1,0,0,0,1,0,1,0,1,0,1,0,0,0,0,0,0,1,1,1,0,0,0,1,0,1,0,1,0,1,1,1,1,0,0,1,1,1,1,0,0
sampler_snapshot_random1_sampler_island_warmup5_cap1024_20260526,505,1,25,9C6661F99C0E4775,1,0,1,0,1,1,1,0,1,1,1,0,0,0,1,0,0,1,1,1,0,0,0,0,0,0,1,1,1,0,0,1,1,0,0,1,1,1,1,1,1,0,0,0,0,1,1,0,0,1,1,0,0,1,1,0,0,0,1,1,1,0,0,1,1,0,1,0,0,1,0,0
sampler_snapshot_random1_sampler_island_warmup5_cap1024_20260526,506,0,AA,4A36B595DA6A2614,0,0,1,0,1,0,0,0,0,1,1,0,0,1,0,0,0,1,0,1,0,1,1,0,0,1,0,1,1,0,1,1,1,0,1,0,1,0,0,1,1,0,1,0,1,1,0,1,0,1,1,0,1,1,0,0,0,1,0,1,0,0,1,0,0,1,0,1,0,1,0,1
sampler_snapshot_random1_sampler_island_warmup5_cap1024_20260526,507,1,AD,6B539484CB6B7494,0,0,1,0,1,0,0,1,0,0,1,0,1,1,1,0,1,1,0,1,0,1,1,0,1,1,0,1,0,0,1,1,0,0,1,0,0,0,0,1,0,0,1,0,1,0,0,1,1,1,0,0,1,0,1,0,1,1,0,1,0,1,1,0,1,0,1,1,0,1,0,1
sampler_snapshot_random1_sampler_island_warmup5_cap1024_20260526,508,0,57,3F91D1E52E3E51C1,1,0,0,0,0,0,1,1,1,0,0,0,1,0,1,0,0,1,1,1,1,1,0,0,0,1,1,1,0,1,0,0,1,0,1,0,0,1,1,1,1,0,0,0,1,0,1,1,1,0,0,0,1,0,0,1,1,1,1,1,1,1,0,0,1,1,1,0,1,0,1,0
sampler_snapshot_random1_sampler_island_warmup5_cap1024_20260526,509,1,A9,5ECCA1A36E5C9CA1,1,0,0,0,0,1,0,1,0,0,1,1,1,0,0,1,0,0,1,1,1,0,1,0,0,1,1,1,0,1,1,0,1,1,0,0,0,1,0,1,1,0,0,0,0,1,0,1,0,0,1,1,0,0,1,1,0,1,1,1,1,0,1,0,1,0,0,1,0,1,0,1
sampler_snapshot_random1_sampler_island_warmup5_cap1024_20260526,510,1,8C,1FEDE472130DCCE4,0,0,1,0,0,1,1,1,0,0,1,1,0,0,1,1,1,0,1,1,0,0,0,0,1,1,0,0,1,0,0,0,0,1,0,0,1,1,1,0,0,0,1,0,0,1,1,1,1,0,1,1,0,1,1,1,1,1,1,1,1,0,0,0,0,0,1,1,0,0,0,1
sampler_snapshot_random1_sampler_island_warmup5_cap1024_20260526,511,1,0E,C9A9F65652E9ADD7,1,1,1,0,1,0,1,1,1,0,1,1,0,1,0,1,1,0,0,1,0,1,1,1,0,1,0,0,1,0,1,0,0,1,1,0,1,0,1,0,0,1,1,0,1,1,1,1,1,0,0,1,0,1,0,1,1,0,0,1,0,0,1,1,0,1,1,1,0,0,0,0
sampler_snapshot_random1_sampler_island_warmup5_cap1024_20260526,512,0,39,E8D89B0764E8A99B,1,1,0,1,1,0,0,1,1,0,0,1,0,1,0,1,0,0,0,1,0,1,1,1,0,0,1,0,0,1,1,0,1,1,1,0,0,0,0,0,1,1,0,1,1,0,0,1,0,0,0,1,1,0,1,1,0,0,0,1,0,1,1,1,1,0,0,1,1,1,0,0
sampler_snapshot_random1_sampler_island_warmup5_cap1024_20260526,513,0,1B,BD9C5A622595DAEA,0,1,0,1,0,1,1,1,0,1,0,1,1,0,1,1,1,0,1,0,1,0,0,1,1,0,1,0,0,1,0,0,0,1,0,0,0,1,1,0,0,1,0,1,1,0,1,0,0,0,1,1,1,0,0,1,1,0,1,1,1,1,0,1,1,1,0,1,1,0,0,0
sampler_snapshot_random1_sampler_island_warmup5_cap1024_20260526,514,0,CD,D58F2E22E0D59F2F,1,1,1,1,0,1,0,0,1,1,1,1,1,0,0,1,1,0,1,0,1,0,1,1,0,0,0,0,0,1,1,1,0,1,0,0,0,1,0,0,0,1,1,1,0,1,0,0,1,1,1,1,0,0,0,1,1,0,1,0,1,0,1,1,1,0,1,1,0,0,1,1
sampler_snapshot_random1_sampler_island_warmup5_cap1024_20260526,515,1,21,906A2F7D90D2CF2F,1,1,1,1,0,1,0,0,1,1,1,1,0,0,1,1,0,1,0,0,1,0,1,1,0,0,0,0,1,0,0,1,1,0,1,1,1,1,1,0,1,1,1,1,0,1,0,0,0,1,0,1,0,1,1,0,0,0,0,0,1,0,0,1,1,0,0,0,0,1,0,0
sampler_snapshot_random1_sampler_island_warmup5_cap1024_20260526,516,1,F0,802A6EDC95A36A5C,0,0,1,1,1,0,1,0,0,1,0,1,0,1,1,0,1,1,0,0,0,1,0,1,1,0,1,0,1,0,0,1,0,0,1,1,1,0,1,1,0,1,1,1,0,1,1,0,0,1,0,1,0,1,0,0,0,0,0,0,0,0,0,1,0,0,0,0,1,1,1,1
sampler_snapshot_random1_sampler_island_warmup5_cap1024_20260526,517,1,18,E75F1898E5E72B18,0,0,0,1,1,0,0,0,1,1,0,1,0,1,0,0,1,1,1,0,0,1,1,1,1,0,1,0,0,1,1,1,0,0,0,1,1,0,0,1,0,0,0,1,1,0,0,0,1,1,1,1,1,0,1,0,1,1,1,0,0,1,1,1,0,0,0,1,1,0,0,0
sampler_snapshot_random1_sampler_island_warmup5_cap1024_20260526,518,1,1F,365659E9AE16576D,1,0,1,1,0,1,1,0,1,1,1,0,1,0,1,0,0,1,1,0,1,0,0,0,0,1,1,1,0,1,0,1,1,0,0,1,0,1,1,1,1,0,0,1,1,0,1,0,0,1,1,0,1,0,1,0,0,1,1,0,1,1,0,0,1,1,1,1,1,0,0,0
sampler_snapshot_random1_sampler_island_warmup5_cap1024_20260526,519,1,85,5206EDEDEB5214EC,0,0,1,1,0,1,1,1,0,0,1,0,1,0,0,0,0,1,0,0,1,0,1,0,1,1,0,1,0,1,1,1,1,0,1,1,0,1,1,1,1,0,1,1,0,1,1,1,0,1,1,0,0,0,0,0,0,1,0,0,1,0,1,0,1,0,1,0,0,0,0,1
sampler_snapshot_random1_sampler_island_warmup5_cap1024_20260526,520,1,10,53E1AC9EDB5344AC,0,0,1,1,0,1,0,1,0,0,1,0,0,0,1,0,1,1,0,0,1,0,1,0,1,1,0,1,1,0,1,1,0,1,1,1,1,0,0,1,0,0,1,1,0,1,0,1,1,0,0,0,0,1,1,1,1,1,0,0,1,0,1,0,0,0,0,0,1,0,0,0
sampler_snapshot_random1_sampler_island_warmup5_cap1024_20260526,521,0,17,06A0E1DF1E2C61D9,1,0,0,1,1,0,1,1,1,0,0,0,0,1,1,0,0,0,1,1,0,1,0,0,0,1,1,1,1,0,0,0,1,1,1,1,1,0,1,1,1,0,0,0,0,1,1,1,0,0,0,0,0,1,0,1,0,1,1,0,0,0,0,0,1,1,1,0,1,0,0,0
sampler_snapshot_random1_sampler_island_warmup5_cap1024_20260526,522,1,F3,6E94919B7E6CA492,0,1,0,0,1,0,0,1,0,0,1,0,0,1,0,1,0,0,1,1,0,1,1,0,0,1,1,1,1,1,1,0,1,1,0,1,1,0,0,1,1,0,0,0,1,0,0,1,0,0,1,0,1,0,0,1,0,1,1,1,0,1,1,0,1,1,0,0,1,1,1,1
sampler_snapshot_random1_sampler_island_warmup5_cap1024_20260526,523,0,74,2DD5D6622B9DD4F6,0,1,1,0,1,1,1,1,0,0,1,0,1,0,1,1,1,0,1,1,1,0,0,1,1,1,0,1,0,1,0,0,0,1,0,0,0,1,1,0,0,1,1,0,1,0,1,1,1,0,1,0,1,0,1,1,1,0,1,1,0,1,0,0,0,0,1,0,1,1,1,0
sampler_snapshot_random1_sampler_island_warmup5_cap1024_20260526,524,1,1E,99B1E7676898D5E7,1,1,1,0,0,1,1,1,1,0,1,0,1,0,1,1,0,0,0,1,1,0,0,1,0,0,0,1,0,1,1,0,1,1,1,0,0,1,1,0,1,1,1,0,0,1,1,1,1,0,0,0,1,1,0,1,1,0,0,1,1,0,0,1,0,1,1,1,1,0,0,0
sampler_snapshot_random1_sampler_island_warmup5_cap1024_20260526,525,1,60,D8E023175CD8B2A3,1,1,0,0,0,1,0,1,0,1,0,0,1,1,0,1,0,0,0,1,1,0,1,1,0,0,1,1,1,0,1,0,1,1,1,0,1,0,0,0,1,1,0,0,0,1,0,0,0,0,0,0,0,1,1,1,0,0,0,1,1,0,1,1,0,0,0,0,0,1,1,0
sampler_snapshot_random1_sampler_island_warmup5_cap1024_20260526,526,0,4B,8DEF42509DAFEA52,0,1,0,0,1,0,1,0,0,1,0,1,0,1,1,1,1,1,1,1,0,1,0,1,1,0,1,1,1,0,0,1,0,0,0,0,1,0,1,0,0,1,0,0,0,0,1,0,1,1,1,1,0,1,1,1,1,0,1,1,0,0,0,1,1,1,0,1,0,0,1,0
sampler_snapshot_random1_sampler_island_warmup5_cap1024_20260526,527,0,74,ED1F1610F0EFAF17,1,1,1,0,1,0,0,0,1,1,1,1,0,1,0,1,1,1,1,1,0,1,1,1,0,0,0,0,1,1,1,1,0,0,0,0,1,0,0,0,0,1,1,0,1,0,0,0,1,1,1,1,1,0,0,0,1,0,1,1,0,1,1,1,0,0,1,0,1,1,1,0
sampler_snapshot_random1_sampler_island_warmup5_cap1024_20260526,528,0,2C,E85A15A5E0DA5F35,1,0,1,0,1,1,0,0,1,1,1,1,1,0,1,0,0,1,0,1,1,0,1,1,0,0,0,0,0,1,1,1,1,0,1,0,0,1,0,1,1,0,1,0,1,0,0,0,0,1,0,1,1,0,1,0,0,0,0,1,0,1,1,1,0,0,1,1,0,1,0,0
sampler_snapshot_random1_sampler_island_warmup5_cap1024_20260526,529,0,AC,9B3A7CE4A79B5A6C,0,0,1,1,0,1,1,0,0,1,0,1,1,0,1,0,1,1,0,1,1,0,0,1,1,1,1,0,0,1,0,1,0,0,1,0,0,1,1,1,0,0,1,1,1,1,1,0,0,1,0,1,1,1,0,0,1,1,0,1,1,0,0,1,0,0,1,1,0,1,0,1
sampler_snapshot_random1_sampler_island_warmup5_cap1024_20260526,530,1,01,5F6F2890D7773929,1,0,0,1,0,1,0,0,1,0,0,1,1,1,0,0,1,1,1,0,1,1,1,0,1,1,1,0,1,0,1,1,0,0,0,0,1,0,0,1,0,0,0,1,0,1,0,0,1,1,1,1,0,1,1,0,1,1,1,1,1,0,1,0,1,0,0,0,0,0,0,0
sampler_snapshot_random1_sampler_island_warmup5_cap1024_20260526,531,1,97,266CC9D996266D5D,1,0,1,1,1,0,1,0,1,0,1,1,0,1,1,0,0,1,1,0,0,1,0,0,0,1,1,0,1,0,0,1,1,0,0,1,1,0,1,1,1,0,0,1,0,0,1,1,0,0,1,1,0,1,1,0,0,1,1,0,0,1,0,0,1,1,1,0,1,0,0,1
sampler_snapshot_random1_sampler_island_warmup5_cap1024_20260526,532,0,E3,621CDCDEF3212CDC,0,0,1,1,1,0,1,1,0,0,1,1,0,1,0,0,1,0,0,0,0,1,0,0,1,1,0,0,1,1,1,1,0,1,1,1,1,0,1,1,0,0,1,1,1,0,1,1,0,0,1,1,1,0,0,0,0,1,0,0,0,1,1,0,1,1,0,0,0,1,1,1
sampler_snapshot_random1_sampler_island_warmup5_cap1024_20260526,533,0,50,63D99CAE63411DBE,0,1,1,1,1,1,0,1,1,0,1,1,1,0,0,0,1,0,0,0,0,0,1,0,1,1,0,0,0,1,1,0,0,1,1,1,0,1,0,1,0,0,1,1,1,0,0,1,1,0,0,1,1,0,1,1,1,1,0,0,0,1,1,0,0,0,0,0,1,0,1,0
sampler_snapshot_random1_sampler_island_warmup5_cap1024_20260526,534,0,72,14F8FBEF0614D9EB,1,1,0,1,0,1,1,1,1,0,0,1,1,0,1,1,0,0,1,0,1,0,0,0,0,1,1,0,0,0,0,0,1,1,1,1,0,1,1,1,1,1,0,1,1,1,1,1,0,0,0,1,1,1,1,1,0,0,1,0,1,0,0,0,0,1,0,0,1,1,1,0
sampler_snapshot_random1_sampler_island_warmup5_cap1024_20260526,535,0,F9,54A4AB0B5D74B48A,0,1,0,1,0,0,0,1,0,0,1,0,1,1,0,1,0,0,1,0,1,1,1,0,1,0,1,1,1,0,1,0,1,1,0,1,0,0,0,0,1,1,0,1,0,1,0,1,0,0,1,0,0,1,0,1,0,0,1,0,1,0,1,0,1,0,0,1,1,1,1,1
sampler_snapshot_random1_sampler_island_warmup5_cap1024_20260526,536,0,CF,E5E58E5A19E5E69E,0,1,1,1,1,0,0,1,0,1,1,0,0,1,1,1,1,0,1,0,0,1,1,1,1,0,0,1,1,0,0,0,0,1,0,1,1,0,1,0,0,1,1,1,0,0,0,1,1,0,1,0,0,1,1,1,1,0,1,0,0,1,1,1,1,1,1,1,0,0,1,1
sampler_snapshot_random1_sampler_island_warmup5_cap1024_20260526,537,1,39,A093DF5D38A0E7DF,1,1,1,1,1,0,1,1,1,1,1,0,0,1,1,1,0,0,0,0,0,1,0,1,0,0,0,1,1,1,0,0,1,0,1,1,1,0,1,0,1,1,1,1,1,0,1,1,1,1,0,0,1,0,0,1,0,0,0,0,0,1,0,1,1,0,0,1,1,1,0,0
sampler_snapshot_random1_sampler_island_warmup5_cap1024_20260526,538,1,A7,E0D2132D6CCE9232,0,1,0,0,1,1,0,0,0,1,0,0,1,0,0,1,0,1,1,1,0,0,1,1,0,0,1,1,0,1,1,0,1,0,1,1,0,1,0,0,1,1,0,0,1,0,0,0,0,1,0,0,1,0,1,1,0,0,0,0,0,1,1,1,1,1,1,0,0,1,0,1
sampler_snapshot_random1_sampler_island_warmup5_cap1024_20260526,539,0,90,9D7772688D9FD260,0,0,0,0,0,1,1,0,0,1,0,0,1,0,1,1,1,1,1,1,1,0,0,1,1,0,1,1,0,0,0,1,0,0,0,1,0,1,1,0,0,1,0,0,1,1,1,0,1,1,1,0,1,1,1,0,1,0,1,1,1,0,0,1,0,0,0,0,1,0,0,1
sampler_snapshot_random1_sampler_island_warmup5_cap1024_20260526,540,0,95,DF276501D8FEB745,1,0,1,0,0,0,1,0,1,1,1,0,1,1,0,1,0,1,1,1,1,1,1,1,0,0,0,1,1,0,1,1,1,0,0,0,0,0,0,0,1,0,1,0,0,1,1,0,1,1,1,0,0,1,0,0,1,1,1,1,1,0,1,1,1,0,1,0,1,0,0,1
sampler_snapshot_random1_sampler_island_warmup5_cap1024_20260526,541,0,0C,FA420595DAEA6605,1,0,1,0,0,0,0,0,0,1,1,0,0,1,1,0,0,1,0,1,0,1,1,1,0,1,0,1,1,0,1,1,1,0,1,0,1,0,0,1,1,0,1,0,0,0,0,0,0,1,0,0,0,0,1,0,0,1,0,1,1,1,1,1,0,0,1,1,0,0,0,0
sampler_snapshot_random1_sampler_island_warmup5_cap1024_20260526,542,1,A8,AB0354D4BF2B6050,0,0,0,0,1,0,1,0,0,0,0,0,0,1,1,0,1,1,0,1,0,1,0,0,1,1,1,1,1,1,0,1,0,0,1,0,1,0,1,1,0,0,1,0,1,0,1,0,1,1,0,0,0,0,0,0,1,1,0,1,0,1,0,1,0,0,0,1,0,1,0,1
sampler_snapshot_random1_sampler_island_warmup5_cap1024_20260526,543,0,11,6F1D90A2EE4D0931,1,0,0,0,1,1,0,0,1,0,0,1,0,0,0,0,1,0,1,1,0,0,1,0,0,1,1,1,0,1,1,1,0,1,0,0,0,1,0,1,0,0,0,0,1,0,0,1,1,0,1,1,1,0,0,0,1,1,1,1,0,1,1,0,1,0,0,0,1,0,0,0
sampler_snapshot_random1_sampler_island_warmup5_cap1024_20260526,544,0,7F,1E7CF1E3861C5DE5,1,0,1,0,0,1,1,1,1,0,1,1,1,0,1,0,0,0,1,1,1,0,0,0,0,1,1,0,0,0,0,1,1,1,0,0,0,1,1,1,1,0,0,0,1,1,1,1,0,0,1,1,1,1,1,0,0,1,1,1,1,0,0,0,1,1,1,1,1,1,1,0
sampler_snapshot_random1_sampler_island_warmup5_cap1024_20260526,545,1,22,1BACE6C6C3397CC6,0,1,1,0,0,0,1,1,0,0,1,1,1,1,1,0,1,0,0,1,1,1,0,0,1,1,0,0,0,0,1,1,0,1,1,0,0,0,1,1,0,1,1,0,0,1,1,1,0,0,1,1,0,1,0,1,1,1,0,1,1,0,0,0,0,1,0,0,0,1,0,0
sampler_snapshot_random1_sampler_island_warmup5_cap1024_20260526,546,0,8D,79C98E965179A98F,1,1,1,1,0,0,0,1,1,0,0,1,0,1,0,1,1,0,0,1,1,1,1,0,1,0,0,0,1,0,1,0,0,1,1,0,1,0,0,1,0,1,1,1,0,0,0,1,1,0,0,1,0,0,1,1,1,0,0,1,1,1,1,0,1,0,1,1,0,0,0,1
sampler_snapshot_random1_sampler_island_warmup5_cap1024_20260526,547,0,7A,24C8CB733424CBDB,1,1,0,1,1,0,1,1,1,1,0,1,0,0,1,1,0,0,1,0,0,1,0,0,0,0,1,0,1,1,0,0,1,1,0,0,1,1,1,0,1,1,0,1,0,0,1,1,0,0,0,1,0,0,1,1,0,0,1,0,0,1,0,0,0,1,0,1,1,1,1,0
sampler_snapshot_random1_sampler_island_warmup5_cap1024_20260526,548,0,41,E49E9A3A65C58EBA,0,1,0,1,1,1,0,1,0,1,1,1,0,0,0,1,1,0,1,0,0,0,1,1,1,0,1,0,0,1,1,0,0,1,0,1,1,1,0,0,0,1,0,1,1,0,0,1,0,1,1,1,1,0,0,1,0,0,1,0,0,1,1,1,1,0,0,0,0,0,1,0
sampler_snapshot_random1_sampler_island_warmup5_cap1024_20260526,549,0,97,D5FFBE2C41D3DFAE,0,1,1,1,0,1,0,1,1,1,1,1,1,0,1,1,1,1,0,0,1,0,1,1,1,0,0,0,0,0,1,0,0,0,1,1,0,1,0,0,0,1,1,1,1,1,0,1,1,1,1,1,1,1,1,1,1,0,1,0,1,0,1,1,1,1,1,0,1,0,0,1
sampler_snapshot_random1_sampler_island_warmup5_cap1024_20260526,550,0,00,90AA6F4D00B2FFCF,1,1,1,1,0,0,1,1,1,1,1,1,1,1,1,1,0,1,0,0,1,1,0,1,0,0,0,0,0,0,0,0,1,0,1,1,0,0,1,0,1,1,1,1,0,1,1,0,0,1,0,1,0,1,0,1,0,0,0,0,1,0,0,1,0,0,0,0,0,0,0,0
sampler_snapshot_random1_sampler_island_warmup5_cap1024_20260526,551,0,81,F282091DDDF6AA08,0,0,0,1,0,0,0,0,0,1,0,1,0,1,0,1,0,1,1,0,1,1,1,1,1,0,1,1,1,0,1,1,1,0,1,1,1,0,0,0,1,0,0,1,0,0,0,0,0,1,0,0,0,0,0,1,0,1,0,0,1,1,1,1,1,0,0,0,0,0,0,1
sampler_snapshot_random1_sampler_island_warmup5_cap1024_20260526,552,0,8B,A7474878BF87C258,0,0,0,1,1,0,1,0,0,1,0,0,0,0,1,1,1,1,1,0,0,0,0,1,1,1,1,1,1,1,0,1,0,0,0,1,1,1,1,0,0,0,0,1,0,0,1,0,1,1,1,0,0,0,1,0,1,1,1,0,0,1,0,1,1,1,0,1,0,0,0,1
sampler_snapshot_random1_sampler_island_warmup5_cap1024_20260526,553,0,4C,C6167DF9EA86057D,1,0,1,1,1,1,1,0,1,0,1,0,0,0,0,0,0,1,1,0,0,0,0,1,0,1,0,1,0,1,1,1,1,0,0,1,1,1,1,1,1,0,1,1,1,1,1,0,0,1,1,0,1,0,0,0,0,1,1,0,0,0,1,1,0,0,1,1,0,0,1,0
sampler_snapshot_random1_sampler_island_warmup5_cap1024_20260526,554,0,C0,C27035AFCAD2143C,0,0,1,1,1,1,0,0,0,0,1,0,1,0,0,0,0,1,0,0,1,0,1,1,0,1,0,1,0,0,1,1,1,1,1,1,0,1,0,1,1,0,1,0,1,1,0,0,0,0,0,0,1,1,1,0,0,1,0,0,0,0,1,1,0,0,0,0,0,0,1,1
sampler_snapshot_random1_sampler_island_warmup5_cap1024_20260526,555,0,3B,1B7164CE8F397040,0,0,0,0,0,0,1,0,0,0,0,0,1,1,1,0,1,0,0,1,1,1,0,0,1,1,1,1,0,0,0,1,0,1,1,1,0,0,1,1,0,0,1,0,0,1,1,0,1,0,0,0,1,1,1,0,1,1,0,1,1,0,0,0,1,1,0,1,1,1,0,0
sampler_snapshot_random1_sampler_island_warmup5_cap1024_20260526,556,1,1F,7E05819BFE7C3183,1,1,0,0,0,0,0,1,1,0,0,0,1,1,0,0,0,0,1,1,1,1,1,0,0,1,1,1,1,1,1,1,1,1,0,1,1,0,0,1,1,0,0,0,0,0,0,1,1,0,1,0,0,0,0,0,0,1,1,1,1,1,1,0,1,1,1,1,1,0,0,0
sampler_snapshot_random1_sampler_island_warmup5_cap1024_20260526,557,0,24,6C4483F3BE4C44B7,1,1,1,0,1,1,0,1,0,0,1,0,0,0,1,0,0,0,1,1,0,0,1,0,0,1,1,1,1,1,0,1,1,1,0,0,1,1,1,1,1,1,0,0,0,0,0,1,0,0,1,0,0,0,1,0,0,0,1,1,0,1,1,0,0,0,1,0,0,1,0,0
sampler_snapshot_random1_sampler_island_warmup5_cap1024_20260526,558,0,00,0995F6F6390944F6,0,1,1,0,1,1,1,1,0,0,1,0,0,0,1,0,1,0,0,1,0,0,0,0,1,0,0,1,1,1,0,0,0,1,1,0,1,1,1,1,0,1,1,0,1,1,1,1,1,0,1,0,1,0,0,1,1,0,0,1,0,0,0,0,0,0,0,0,0,0,0,0
sampler_snapshot_random1_sampler_island_warmup5_cap1024_20260526,559,0,AA,49F9B6A64C599BB7,1,1,1,0,1,1,0,1,1,1,0,1,1,0,0,1,1,0,0,1,1,0,1,0,0,0,1,1,0,0,1,0,0,1,1,0,0,1,0,1,0,1,1,0,1,1,0,1,1,0,0,1,1,1,1,1,1,0,0,1,0,0,1,0,0,1,0,1,0,1,0,1
sampler_snapshot_random1_sampler_island_warmup5_cap1024_20260526,560,1,CA,1CFEF34104BEFBC3,1,1,0,0,0,0,1,1,1,1,0,1,1,1,1,1,0,1,1,1,1,1,0,1,0,0,1,0,0,0,0,0,1,0,0,0,0,0,1,0,1,1,0,0,1,1,1,1,0,1,1,1,1,1,1,1,0,0,1,1,1,0,0,0,0,1,0,1,0,0,1,1
sampler_snapshot_random1_sampler_island_warmup5_cap1024_20260526,561,0,E8,FD8FC25075FFBEC6,0,1,1,0,0,0,1,1,0,1,1,1,1,1,0,1,1,1,1,1,1,1,1,1,1,0,1,0,1,1,1,0,0,0,0,0,1,0,1,0,0,1,0,0,0,0,1,1,1,1,1,1,0,0,0,1,1,0,1,1,1,1,1,1,0,0,0,1,0,1,1,1
sampler_snapshot_random1_sampler_island_warmup5_cap1024_20260526,562,0,9E,E9CF0C3470CB8FBD,1,0,1,1,1,1,0,1,1,1,1,1,0,0,0,1,1,1,0,1,0,0,1,1,0,0,0,0,1,1,1,0,0,0,1,0,1,1,0,0,0,0,1,1,0,0,0,0,1,1,1,1,0,0,1,1,1,0,0,1,0,1,1,1,0,1,1,1,1,0,0,1
sampler_snapshot_random1_sampler_island_warmup5_cap1024_20260526,563,1,94,8A9A7D75B28ACF7D,1,0,1,1,1,1,1,0,1,1,1,1,0,0,1,1,0,1,0,1,0,0,0,1,0,1,0,0,1,1,0,1,1,0,1,0,1,1,1,0,1,0,1,1,1,1,1,0,0,1,0,1,1,0,0,1,0,1,0,1,0,0,0,1,0,0,1,0,1,0,0,1
sampler_snapshot_random1_sampler_island_warmup5_cap1024_20260526,564,1,2F,C63A3824C7C79838,0,0,0,1,1,1,0,0,0,0,0,1,1,0,0,1,1,1,1,0,0,0,1,1,1,1,1,0,0,0,1,1,0,0,1,0,0,1,0,0,0,0,0,1,1,1,0,0,0,1,0,1,1,1,0,0,0,1,1,0,0,0,1,1,1,1,1,1,0,1,0,0
sampler_snapshot_random1_sampler_island_warmup5_cap1024_20260526,565,1,94,977D78C887F7F948,0,0,0,1,0,0,1,0,1,0,0,1,1,1,1,1,1,1,1,0,1,1,1,1,1,1,1,0,0,0,0,1,0,0,0,1,0,0,1,1,0,0,0,1,1,1,1,0,1,0,1,1,1,1,1,0,1,1,1,0,1,0,0,1,0,0,1,0,1,0,0,1
sampler_snapshot_random1_sampler_island_warmup5_cap1024_20260526,566,0,90,B60C4DCBB2B47D4D,1,0,1,1,0,0,1,0,1,0,1,1,1,1,1,0,0,0,1,0,1,1,0,1,0,1,0,0,1,1,0,1,1,1,0,1,0,0,1,1,1,0,1,1,0,0,1,0,0,0,1,1,0,0,0,0,0,1,1,0,1,1,0,1,0,0,0,0,1,0,0,1
sampler_snapshot_random1_sampler_island_warmup5_cap1024_20260526,567,0,95,62480CBFF3400C3E,0,1,1,1,1,1,0,0,0,0,1,1,0,0,0,0,0,0,0,0,0,0,1,0,1,1,0,0,1,1,1,1,1,1,1,1,1,1,0,1,0,0,1,1,0,0,0,0,0,0,0,1,0,0,1,0,0,1,0,0,0,1,1,0,1,0,1,0,1,0,0,1
sampler_snapshot_random1_sampler_island_warmup5_cap1024_20260526,568,0,9F,0171FAFEBF01407A,0,1,0,1,1,1,1,0,0,0,0,0,0,0,1,0,1,0,0,0,0,0,0,0,1,1,1,1,1,1,0,1,0,1,1,1,1,1,1,1,0,1,0,1,1,1,1,1,1,0,0,0,1,1,1,0,1,0,0,0,0,0,0,0,1,1,1,1,1,0,0,1
sampler_snapshot_random1_sampler_island_warmup5_cap1024_20260526,569,1,63,4434FB8BCC4431FB,1,1,0,1,1,1,1,1,1,0,0,0,1,1,0,0,0,0,1,0,0,0,1,0,0,0,1,1,0,0,1,1,1,1,0,1,0,0,0,1,1,1,0,1,1,1,1,1,0,0,1,0,1,1,0,0,0,0,1,0,0,0,1,0,1,1,0,0,0,1,1,0
sampler_snapshot_random1_sampler_island_warmup5_cap1024_20260526,570,1,EA,54F4BF8B4974768E,0,1,1,1,0,0,0,1,0,1,1,0,1,1,1,0,0,0,1,0,1,1,1,0,1,0,0,1,0,0,1,0,1,1,0,1,0,0,0,1,1,1,1,1,1,1,0,1,0,0,1,0,1,1,1,1,0,0,1,0,1,0,1,0,0,1,0,1,0,1,1,1
sampler_snapshot_random1_sampler_island_warmup5_cap1024_20260526,571,0,C0,3183C6CC3939F6C6,0,1,1,0,0,0,1,1,0,1,1,0,1,1,1,1,1,0,0,1,1,1,0,0,1,0,0,1,1,1,0,0,0,0,1,1,0,0,1,1,0,1,1,0,0,0,1,1,1,1,0,0,0,0,0,1,1,0,0,0,1,1,0,0,0,0,0,0,0,0,1,1
sampler_snapshot_random1_sampler_island_warmup5_cap1024_20260526,572,0,5F,7883873D7C4A83A7,1,1,1,0,0,1,0,1,1,1,0,0,0,0,0,1,0,1,0,1,0,0,1,0,0,0,1,1,1,1,1,0,1,0,1,1,1,1,0,0,1,1,1,0,0,0,0,1,1,1,0,0,0,0,0,1,0,0,0,1,1,1,1,0,1,1,1,1,1,0,1,0
sampler_snapshot_random1_sampler_island_warmup5_cap1024_20260526,573,1,D3,8CE6F3793C8EC2F1,1,0,0,0,1,1,1,1,0,1,0,0,0,0,1,1,0,1,1,1,0,0,0,1,0,0,1,1,1,1,0,0,1,0,0,1,1,1,1,0,1,1,0,0,1,1,1,1,0,1,1,0,0,1,1,1,0,0,1,1,0,0,0,1,1,1,0,0,1,0,1,1
sampler_snapshot_random1_sampler_island_warmup5_cap1024_20260526,574,1,17,CFB7F0404D8FE6F4,0,0,1,0,1,1,1,1,0,1,1,0,0,1,1,1,1,1,1,1,0,0,0,1,1,0,1,1,0,0,1,0,0,0,0,0,0,0,1,0,0,0,0,0,1,1,1,1,1,1,1,0,1,1,0,1,1,1,1,1,0,0,1,1,1,1,1,0,1,0,0,0
sampler_snapshot_random1_sampler_island_warmup5_cap1024_20260526,575,1,7D,DBF715044AFBB785,1,0,1,0,0,0,0,1,1,1,1,0,1,1,0,1,1,1,0,1,1,1,1,1,0,1,0,1,0,0,1,0,0,0,1,0,0,0,0,0,1,0,1,0,1,0,0,0,1,1,1,0,1,1,1,1,1,1,0,1,1,0,1,1,1,0,1,1,1,1,1,0
sampler_snapshot_random1_sampler_island_warmup5_cap1024_20260526,576,0,B5,BACA4545AABAF945,1,0,1,0,0,0,1,0,1,0,0,1,1,1,1,1,0,1,0,1,1,1,0,1,0,1,0,1,0,1,0,1,1,0,1,0,0,0,1,0,1,0,1,0,0,0,1,0,0,1,0,1,0,0,1,1,0,1,0,1,1,1,0,1,1,0,1,0,1,1,0,1
sampler_snapshot_random1_sampler_island_warmup5_cap1024_20260526,577,1,19,FF090032F7CF8820,0,0,0,0,0,1,0,0,0,0,0,1,0,0,0,1,1,1,1,1,0,0,1,1,1,1,1,0,1,1,1,1,0,1,0,0,1,1,0,0,0,0,0,0,0,0,0,0,1,0,0,1,0,0,0,0,1,1,1,1,1,1,1,1,1,0,0,1,1,0,0,0
sampler_snapshot_random1_sampler_island_warmup5_cap1024_20260526,578,0,45,CF6D30B2F6CD4D31,1,0,0,0,1,1,0,0,1,0,1,1,0,0,1,0,1,0,1,1,0,0,1,1,0,1,1,0,1,1,1,1,0,1,0,0,1,1,0,1,0,0,0,0,1,1,0,0,1,0,1,1,0,1,1,0,1,1,1,1,0,0,1,1,1,0,1,0,0,0,1,0
sampler_snapshot_random1_sampler_island_warmup5_cap1024_20260526,579,0,37,8E3C7FC782A86D7F,1,1,1,1,1,1,1,0,1,0,1,1,0,1,1,0,0,0,0,1,0,1,0,1,0,1,0,0,0,0,0,1,1,1,1,0,0,0,1,1,1,1,1,1,1,1,1,0,0,0,1,1,1,1,0,0,0,1,1,1,0,0,0,1,1,1,1,0,1,1,0,0
sampler_snapshot_random1_sampler_island_warmup5_cap1024_20260526,580,0,11,71781E86C3713C0E,0,1,1,1,0,0,0,0,0,0,1,1,1,1,0,0,1,0,0,0,1,1,1,0,1,1,0,0,0,0,1,1,0,1,1,0,0,0,0,1,0,1,1,1,1,0,0,0,0,0,0,1,1,1,1,0,1,0,0,0,1,1,1,0,1,0,0,0,1,0,0,0
sampler_snapshot_random1_sampler_island_warmup5_cap1024_20260526,581,0,D0,3149CACEA5357BCA,0,1,0,1,0,0,1,1,1,1,0,1,1,1,1,0,1,0,1,0,1,1,0,0,1,0,1,0,0,1,0,1,0,1,1,1,0,0,1,1,0,1,0,1,0,0,1,1,1,0,0,1,0,0,1,0,1,0,0,0,1,1,0,0,0,0,0,0,1,0,1,1
sampler_snapshot_random1_sampler_island_warmup5_cap1024_20260526,582,0,7E,748CCBFBF4540BEB,1,1,0,1,0,1,1,1,1,1,0,1,0,0,0,0,0,0,1,0,1,0,1,0,0,0,1,0,1,1,1,1,1,1,0,1,1,1,1,1,1,1,0,1,0,0,1,1,0,0,1,1,0,0,0,1,0,0,1,0,1,1,1,0,0,1,1,1,1,1,1,0
sampler_snapshot_random1_sampler_island_warmup5_cap1024_20260526,583,1,3A,44EEAEB951470EBE,0,1,1,1,1,1,0,1,0,1,1,1,0,0,0,0,1,1,1,0,0,0,1,0,1,0,0,0,1,0,1,0,1,0,0,1,1,1,0,1,0,1,1,1,0,1,0,1,0,1,1,1,0,1,1,1,0,0,1,0,0,0,1,0,0,1,0,1,1,1,0,0
sampler_snapshot_random1_sampler_island_warmup5_cap1024_20260526,584,0,AC,01BBFE5C0123EEDE,0,1,1,1,1,0,1,1,0,1,1,1,0,1,1,1,1,1,0,0,0,1,0,0,1,0,0,0,0,0,0,0,0,0,1,1,1,0,1,0,0,1,1,1,1,1,1,1,1,1,0,1,1,1,0,1,1,0,0,0,0,0,0,0,0,0,1,1,0,1,0,1
sampler_snapshot_random1_sampler_island_warmup5_cap1024_20260526,585,1,BF,70B29D0D4CF2B389,1,0,0,1,0,0,0,1,1,1,0,0,1,1,0,1,0,1,0,0,1,1,1,1,0,0,1,1,0,0,1,0,1,0,1,1,0,0,0,0,1,0,1,1,1,0,0,1,0,1,0,0,1,1,0,1,0,0,0,0,1,1,1,0,1,1,1,1,1,1,0,1
sampler_snapshot_random1_sampler_island_warmup5_cap1024_20260526,586,0,BB,B6C689492FF6F2C8,0,0,0,1,0,0,1,1,0,1,0,0,1,1,1,1,0,1,1,0,1,1,1,1,1,1,1,1,0,1,0,0,1,0,0,1,0,0,1,0,1,0,0,1,0,0,0,1,0,1,1,0,0,0,1,1,0,1,1,0,1,1,0,1,1,1,0,1,1,1,0,1
sampler_snapshot_random1_sampler_island_warmup5_cap1024_20260526,587,1,07,B78748783F97C4EC,0,0,1,1,0,1,1,1,0,0,1,0,0,0,1,1,1,1,1,0,1,0,0,1,1,1,1,1,1,1,0,0,0,0,0,1,1,1,1,0,0,0,0,1,0,0,1,0,1,1,1,0,0,0,0,1,1,1,1,0,1,1,0,1,1,1,1,0,0,0,0,0
sampler_snapshot_random1_sampler_island_warmup5_cap1024_20260526,588,1,FA,C2E5253DDACA8535,1,0,1,0,1,1,0,0,1,0,1,0,0,0,0,1,0,1,0,1,0,0,1,1,0,1,0,1,1,0,1,1,1,0,1,1,1,1,0,0,1,0,1,0,0,1,0,0,1,0,1,0,0,1,1,1,0,1,0,0,0,0,1,1,0,1,0,1,1,1,1,1
sampler_snapshot_random1_sampler_island_warmup5_cap1024_20260526,589,1,E6,8A70755F9AA8E055,1,0,1,0,1,0,1,0,0,0,0,0,0,1,1,1,0,0,0,1,0,1,0,1,0,1,0,1,1,0,0,1,1,1,1,1,1,0,1,0,1,0,1,0,1,1,1,0,0,0,0,0,1,1,1,0,0,1,0,1,0,0,0,1,0,1,1,0,0,1,1,1
sampler_snapshot_random1_sampler_island_warmup5_cap1024_20260526,590,0,C5,EF155082CFFD3052,0,1,0,0,1,0,1,0,0,0,0,0,1,1,0,0,1,0,1,1,1,1,1,1,1,1,1,1,0,0,1,1,0,1,0,0,0,0,0,1,0,0,0,0,1,0,1,0,1,0,1,0,1,0,0,0,1,1,1,1,0,1,1,1,1,0,1,0,0,0,1,1
sampler_snapshot_random1_sampler_island_warmup5_cap1024_20260526,591,0,92,FD5503A2EEFC7503,1,1,0,0,0,0,0,0,1,0,1,0,1,1,1,0,0,0,1,1,1,1,1,1,0,1,1,1,0,1,1,1,0,1,0,0,0,1,0,1,1,1,0,0,0,0,0,0,1,0,1,0,1,0,1,0,1,0,1,1,1,1,1,1,0,1,0,0,1,0,0,1
sampler_snapshot_random1_sampler_island_warmup5_cap1024_20260526,592,1,D1,380447F7B8185567,1,1,1,0,0,1,1,0,1,0,1,0,1,0,1,0,0,0,0,1,1,0,0,0,0,0,0,1,1,1,0,1,1,1,1,0,1,1,1,1,1,1,1,0,0,0,1,0,0,0,1,0,0,0,0,0,0,0,0,1,1,1,0,0,1,0,0,0,1,0,1,1
sampler_snapshot_random1_sampler_island_warmup5_cap1024_20260526,593,0,DE,4929A6B6D9490E36,0,1,1,0,1,1,0,0,0,1,1,1,0,0,0,0,1,0,0,1,0,0,1,0,1,0,0,1,1,0,1,1,0,1,1,0,1,1,0,1,0,1,1,0,0,1,0,1,1,0,0,1,0,1,0,0,1,0,0,1,0,0,1,0,0,1,1,1,1,0,1,1
sampler_snapshot_random1_sampler_island_warmup5_cap1024_20260526,594,1,BB,0D7BF2D6942D6BD3,1,1,0,0,1,0,1,1,1,1,0,1,0,1,1,0,1,0,1,1,0,1,0,0,0,0,1,0,1,0,0,1,0,1,1,0,1,0,1,1,0,1,0,0,1,1,1,1,1,1,0,1,1,1,1,0,1,0,1,1,0,0,0,0,1,1,0,1,1,1,0,1
sampler_snapshot_random1_sampler_island_warmup5_cap1024_20260526,595,0,D5,2C9EDBC1443E7BD3,1,1,0,0,1,0,1,1,1,1,0,1,1,1,1,0,0,1,1,1,1,1,0,0,0,0,1,0,0,0,1,0,1,0,0,0,0,0,1,1,1,1,0,1,1,0,1,1,0,1,1,1,1,0,0,1,0,0,1,1,0,1,0,0,1,0,1,0,1,0,1,1
sampler_snapshot_random1_sampler_island_warmup5_cap1024_20260526,596,0,2F,7DDE9EA0617F9E8C,0,0,1,1,0,0,0,1,0,1,1,1,1,0,0,1,1,1,1,1,1,1,1,0,1,0,0,0,0,1,1,0,0,0,0,0,0,1,0,1,0,1,1,1,1,0,0,1,0,1,1,1,1,0,1,1,1,0,1,1,1,1,1,0,1,1,1,1,0,1,0,0
sampler_snapshot_random1_sampler_island_warmup5_cap1024_20260526,597,0,FE,13CBEC643113DFED,1,0,1,1,0,1,1,1,1,1,1,1,1,0,1,1,1,1,0,0,1,0,0,0,1,0,0,0,1,1,0,0,0,0,1,0,0,1,1,0,0,0,1,1,0,1,1,1,1,1,0,1,0,0,1,1,1,1,0,0,1,0,0,0,0,1,1,1,1,1,1,1
sampler_snapshot_random1_sampler_island_warmup5_cap1024_20260526,598,0,B5,C2AAAD3D56C28BB9,1,0,0,1,1,1,0,1,1,1,0,1,0,0,0,1,0,1,0,0,0,0,1,1,0,1,1,0,1,0,1,0,1,0,1,1,1,1,0,0,1,0,1,1,0,1,0,1,0,1,0,1,0,1,0,1,0,1,0,0,0,0,1,1,1,0,1,0,1,1,0,1
sampler_snapshot_random1_sampler_island_warmup5_cap1024_20260526,599,0,49,C6FEB81857E7E898,0,0,0,1,1,0,0,1,0,0,0,1,0,1,1,1,1,1,1,0,0,1,1,1,1,1,1,0,1,0,1,0,0,0,0,1,1,0,0,0,0,0,0,1,1,1,0,1,0,1,1,1,1,1,1,1,0,1,1,0,0,0,1,1,1,0,0,1,0,0,1,0
sampler_snapshot_random1_sampler_island_warmup5_cap1024_20260526,600,0,DD,A79D5C4A23A7FCDC,0,0,1,1,1,0,1,1,0,0,1,1,1,1,1,1,1,1,1,0,0,1,0,1,1,1,0,0,0,1,0,0,0,1,0,1,0,0,1,0,0,0,1,1,1,0,1,0,1,0,1,1,1,0,0,1,1,1,1,0,0,1,0,1,1,0,1,1,1,0,1,1
sampler_snapshot_random1_sampler_island_warmup5_cap1024_20260526,601,0,9E,F2501D2FEAD09D2D,1,0,1,1,0,1,0,0,1,0,1,1,1,0,0,1,0,0,0,0,1,0,1,1,0,1,0,1,0,1,1,1,1,1,1,1,0,1,0,0,1,0,1,1,1,0,0,0,0,0,0,0,1,0,1,0,0,1,0,0,1,1,1,1,0,1,1,1,1,0,0,1
sampler_snapshot_random1_sampler_island_warmup5_cap1024_20260526,602,0,CB,92406F6FBF90D06E,0,1,1,1,0,1,1,0,0,0,0,0,1,0,1,1,0,0,0,0,1,0,0,1,1,1,1,1,1,1,0,1,1,1,1,1,0,1,1,0,1,1,1,1,0,1,1,0,0,0,0,0,0,0,1,0,0,1,0,0,1,0,0,1,1,1,0,1,0,0,1,1
sampler_snapshot_random1_sampler_island_warmup5_cap1024_20260526,603,1,CD,D5256AFADF85007A,0,1,0,1,1,1,1,0,0,0,0,0,0,0,0,0,1,0,1,0,0,0,0,1,1,1,1,1,1,0,1,1,0,1,0,1,1,1,1,1,0,1,0,1,0,1,1,0,1,0,1,0,0,1,0,0,1,0,1,0,1,0,1,1,1,0,1,1,0,0,1,1
sampler_snapshot_random1_sampler_island_warmup5_cap1024_20260526,604,1,D9,C475339BDCE4271F,1,1,1,1,1,0,0,0,1,1,1,0,0,1,0,0,0,0,1,0,0,1,1,1,0,0,1,1,1,0,1,1,1,1,0,1,1,0,0,1,1,1,0,0,1,1,0,0,1,0,1,0,1,1,1,0,0,0,1,0,0,0,1,1,1,0,0,1,1,0,1,1
sampler_snapshot_random1_sampler_island_warmup5_cap1024_20260526,605,0,6A,285457CFA8287656,0,1,1,0,1,0,1,0,0,1,1,0,1,1,1,0,0,0,0,1,0,1,0,0,0,0,0,1,0,1,0,1,1,1,1,1,0,0,1,1,1,1,1,0,1,0,1,0,0,0,1,0,1,0,1,0,0,0,0,1,0,1,0,0,0,1,0,1,0,1,1,0
sampler_snapshot_random1_sampler_island_warmup5_cap1024_20260526,606,1,CE,791396ACE95B16A6,0,1,1,0,0,1,0,1,0,1,1,0,1,0,0,0,1,1,0,1,1,0,1,0,1,0,0,1,0,1,1,1,0,0,1,1,0,1,0,1,0,1,1,0,1,0,0,1,1,1,0,0,1,0,0,0,1,0,0,1,1,1,1,0,0,1,1,1,0,0,1,1
sampler_snapshot_random1_sampler_island_warmup5_cap1024_20260526,607,1,9C,5DC3A3E5BC5E53A3,1,1,0,0,0,1,0,1,1,1,0,0,1,0,1,0,0,1,1,1,1,0,1,0,0,0,1,1,1,1,0,1,1,0,1,0,0,1,1,1,1,1,0,0,0,1,0,1,1,1,0,0,0,0,1,1,1,0,1,1,1,0,1,0,0,0,1,1,1,0,0,1
sampler_snapshot_random1_sampler_island_warmup5_cap1024_20260526,608,1,9E,1CA6E1F11C0E46E1,1,0,0,0,0,1,1,1,0,1,1,0,0,0,1,0,0,1,1,1,0,0,0,0,0,0,1,1,1,0,0,0,1,0,0,0,1,1,1,1,1,0,0,0,0,1,1,1,0,1,1,0,0,1,0,1,0,0,1,1,1,0,0,0,0,1,1,1,1,0,0,1
sampler_snapshot_random1_sampler_island_warmup5_cap1024_20260526,609,0,CB,4FEFB4145B6FAE94,0,0,1,0,1,0,0,1,0,1,1,1,0,1,0,1,1,1,1,1,0,1,1,0,1,1,0,1,1,0,1,0,0,0,1,0,1,0,0,0,0,0,1,0,1,1,0,1,1,1,1,1,0,1,1,1,1,1,1,1,0,0,1,0,1,1,0,1,0,0,1,1
sampler_snapshot_random1_sampler_island_warmup5_cap1024_20260526,610,1,05,2BDBD44422ABEDD5,1,0,1,0,1,0,1,1,1,0,1,1,0,1,1,1,1,1,0,1,0,1,0,1,0,1,0,0,0,1,0,0,0,0,1,0,0,0,1,0,0,0,1,0,1,0,1,1,1,1,0,1,1,0,1,1,1,1,0,1,0,1,0,0,1,0,1,0,0,0,0,0
sampler_snapshot_random1_sampler_island_warmup5_cap1024_20260526,611,0,40,FA98D16566DE99E1,1,0,0,0,0,1,1,1,1,0,0,1,1,0,0,1,0,1,1,1,1,0,1,1,0,1,1,0,0,1,1,0,1,0,1,0,0,1,1,0,1,0,0,0,1,0,1,1,0,0,0,1,1,0,0,1,0,1,0,1,1,1,1,1,0,0,0,0,0,0,1,0
sampler_snapshot_random1_sampler_island_warmup5_cap1024_20260526,612,1,CB,DFEC282267DD98A8,0,0,0,1,0,1,0,1,0,0,0,1,1,0,0,1,1,0,1,1,1,0,1,1,1,1,1,0,0,1,1,0,0,1,0,0,0,1,0,0,0,0,0,1,0,1,0,0,0,0,1,1,0,1,1,1,1,1,1,1,1,0,1,1,1,1,0,1,0,0,1,1
sampler_snapshot_random1_sampler_island_warmup5_cap1024_20260526,613,1,58,9FAD6C529295ED6F,1,1,1,1,0,1,1,0,1,0,1,1,0,1,1,1,1,0,1,0,1,0,0,1,0,1,0,0,1,0,0,1,0,1,0,0,1,0,1,0,0,0,1,1,0,1,1,0,1,0,1,1,0,1,0,1,1,1,1,1,1,0,0,1,0,0,0,1,1,0,1,0
sampler_snapshot_random1_sampler_island_warmup5_cap1024_20260526,614,0,07,C0280F17D2E0AD1F,1,1,1,1,1,0,0,0,1,0,1,1,0,1,0,1,0,0,0,0,0,1,1,1,0,1,0,0,1,0,1,1,1,1,1,0,1,0,0,0,1,1,1,1,0,0,0,0,0,0,0,1,0,1,0,0,0,0,0,0,0,0,1,1,1,1,1,0,0,0,0,0
sampler_snapshot_random1_sampler_island_warmup5_cap1024_20260526,615,0,62,A0585EDEA5E1685A,0,1,0,1,1,0,1,0,0,0,0,1,0,1,1,0,1,0,0,0,0,1,1,1,1,0,1,0,0,1,0,1,0,1,1,1,1,0,1,1,0,1,1,1,1,0,1,0,0,0,0,1,1,0,1,0,0,0,0,0,0,1,0,1,0,1,0,0,0,1,1,0
sampler_snapshot_random1_sampler_island_warmup5_cap1024_20260526,616,0,92,B51D5AEAA5955B6A,0,1,0,1,0,1,1,0,1,1,0,1,1,0,1,0,1,0,1,0,1,0,0,1,1,0,1,0,0,1,0,1,0,1,0,1,0,1,1,1,0,1,0,1,1,0,1,0,1,0,1,1,1,0,0,0,1,0,1,0,1,1,0,1,0,1,0,0,1,0,0,1
sampler_snapshot_random1_sampler_island_warmup5_cap1024_20260526,617,0,C7,546E2BA9E4541F2F,1,1,1,1,0,1,0,0,1,1,1,1,1,0,0,0,0,0,1,0,1,0,1,0,0,0,1,0,0,1,1,1,1,0,0,1,0,1,0,1,1,1,0,1,0,1,0,0,0,1,1,1,0,1,1,0,0,0,1,0,1,0,1,0,1,1,1,0,0,0,1,1
sampler_snapshot_random1_sampler_island_warmup5_cap1024_20260526,618,1,A5,1066EFDD9932666E,0,1,1,1,0,1,1,0,0,1,1,0,0,1,1,0,0,1,0,0,1,1,0,0,1,0,0,1,1,0,0,1,1,0,1,1,1,0,1,1,1,1,1,1,0,1,1,1,0,1,1,0,0,1,1,0,0,0,0,0,1,0,0,0,1,0,1,0,0,1,0,1
sampler_snapshot_random1_sampler_island_warmup5_cap1024_20260526,619,1,69,4123CE9CD96322DC,0,0,1,1,1,0,1,1,0,1,0,0,0,1,0,0,1,1,0,0,0,1,1,0,1,0,0,1,1,0,1,1,0,0,1,1,1,0,0,1,0,1,1,1,0,0,1,1,1,1,0,0,0,1,0,0,1,0,0,0,0,0,1,0,1,0,0,1,0,1,1,0
sampler_snapshot_random1_sampler_island_warmup5_cap1024_20260526,620,1,00,66D299996C666399,1,0,0,1,1,0,0,1,1,1,0,0,0,1,1,0,0,1,1,0,0,1,1,0,0,0,1,1,0,1,1,0,1,0,0,1,1,0,0,1,1,0,0,1,1,0,0,1,0,1,0,0,1,0,1,1,0,1,1,0,0,1,1,0,0,0,0,0,0,0,0,0
sampler_snapshot_random1_sampler_island_warmup5_cap1024_20260526,621,0,1B,3696D1E92F1ED6E0,0,0,0,0,0,1,1,1,0,1,1,0,1,0,1,1,0,1,1,1,1,0,0,0,1,1,1,1,0,1,0,0,1,0,0,1,0,1,1,1,1,0,0,0,1,0,1,1,0,1,1,0,1,0,0,1,0,1,1,0,1,1,0,0,1,1,0,1,1,0,0,0
sampler_snapshot_random1_sampler_island_warmup5_cap1024_20260526,622,0,73,5FA7A42C4BDB94A4,0,0,1,0,0,1,0,1,0,0,1,0,1,0,0,1,1,1,0,1,1,0,1,1,1,1,0,1,0,0,1,0,0,0,1,1,0,1,0,0,0,0,1,0,0,1,0,1,1,1,1,0,0,1,0,1,1,1,1,1,1,0,1,0,1,1,0,0,1,1,1,0
sampler_snapshot_random1_sampler_island_warmup5_cap1024_20260526,623,1,3F,9AE1E5571ABAE5E5,1,0,1,0,0,1,1,1,1,0,1,0,0,1,1,1,0,1,0,1,1,1,0,1,0,1,0,1,1,0,0,0,1,1,1,0,1,0,1,0,1,0,1,0,0,1,1,1,1,0,0,0,0,1,1,1,0,1,0,1,1,0,0,1,1,1,1,1,1,1,0,0
sampler_snapshot_random1_sampler_island_warmup5_cap1024_20260526,624,0,9A,EAA041575EACE0D1,1,0,0,0,1,0,1,1,0,0,0,0,0,1,1,1,0,0,1,1,0,1,0,1,0,1,1,1,1,0,1,0,1,1,1,0,1,0,1,0,1,0,0,0,0,0,1,0,0,0,0,0,0,1,0,1,0,1,0,1,0,1,1,1,0,1,0,1,1,0,0,1
sampler_snapshot_random1_sampler_island_warmup5_cap1024_20260526,625,1,C0,EFD512126FEDA012,0,1,0,0,1,0,0,0,0,0,0,0,0,1,0,1,1,0,1,1,0,1,1,1,1,1,1,1,0,1,1,0,0,1,0,0,1,0,0,0,0,1,0,0,1,0,0,0,1,0,1,0,1,0,1,1,1,1,1,1,0,1,1,1,0,0,0,0,0,0,1,1
sampler_snapshot_random1_sampler_island_warmup5_cap1024_20260526,626,0,D4,AD5D5662AA9DDD77,1,1,1,0,1,1,1,0,1,0,1,1,1,0,1,1,1,0,1,1,1,0,0,1,0,1,0,1,0,1,0,1,0,1,0,0,0,1,1,0,0,1,1,0,1,0,1,0,1,0,1,1,1,0,1,0,1,0,1,1,0,1,0,1,0,0,1,0,1,0,1,1
sampler_snapshot_random1_sampler_island_warmup5_cap1024_20260526,627,0,50,D83827A7C0D89F27,1,1,1,0,0,1,0,0,1,1,1,1,1,0,0,1,0,0,0,1,1,0,1,1,0,0,0,0,0,0,1,1,1,1,1,0,0,1,0,1,1,1,1,0,0,1,0,0,0,0,0,1,1,1,0,0,0,0,0,1,1,0,1,1,0,0,0,0,1,0,1,0
sampler_snapshot_random1_sampler_island_warmup5_cap1024_20260526,628,0,AB,D9692696D5F97A02,0,1,0,0,0,0,0,0,0,1,0,1,1,1,1,0,1,0,0,1,1,1,1,1,1,0,1,0,1,0,1,1,0,1,1,0,1,0,0,1,0,1,1,0,0,1,0,0,1,0,0,1,0,1,1,0,1,0,0,1,1,0,1,1,1,1,0,1,0,1,0,1
sampler_snapshot_random1_sampler_island_warmup5_cap1024_20260526,629,0,3F,2D0F4AD0942F6B5B,1,1,0,1,1,0,1,0,1,1,0,1,0,1,1,0,1,1,1,1,0,1,0,0,0,0,1,0,1,0,0,1,0,0,0,0,1,0,1,1,0,1,0,1,0,0,1,0,1,1,1,1,0,0,0,0,1,0,1,1,0,1,0,0,1,1,1,1,1,1,0,0
sampler_snapshot_random1_sampler_island_warmup5_cap1024_20260526,630,1,7B,6C5E9B91F4662F1F,1,1,1,1,1,0,0,0,1,1,1,1,0,1,0,0,0,1,1,0,0,1,1,0,0,0,1,0,1,1,1,1,1,0,0,0,1,0,0,1,1,1,0,1,1,0,0,1,0,1,1,1,1,0,1,0,0,0,1,1,0,1,1,0,1,1,0,1,1,1,1,0
sampler_snapshot_random1_sampler_island_warmup5_cap1024_20260526,631,1,FE,205EDCECA1135EFC,0,0,1,1,1,1,1,1,0,1,1,1,1,0,1,0,1,1,0,0,1,0,0,0,1,0,0,0,0,1,0,1,0,0,1,1,0,1,1,1,0,0,1,1,1,0,1,1,0,1,1,1,1,0,1,0,0,0,0,0,0,1,0,0,0,1,1,1,1,1,1,1
sampler_snapshot_random1_sampler_island_warmup5_cap1024_20260526,632,0,19,53BBFCEC43531BEC,0,0,1,1,0,1,1,1,1,1,0,1,1,0,0,0,1,1,0,0,1,0,1,0,1,1,0,0,0,0,1,0,0,0,1,1,0,1,1,1,0,0,1,1,1,1,1,1,1,1,0,1,1,1,0,1,1,1,0,0,1,0,1,0,1,0,0,1,1,0,0,0
sampler_snapshot_random1_sampler_island_warmup5_cap1024_20260526,633,1,47,56EAA9995676B989,1,0,0,1,0,0,0,1,1,0,0,1,1,1,0,1,0,1,1,0,1,1,1,0,0,1,1,0,1,0,1,0,1,0,0,1,1,0,0,1,1,0,0,1,0,1,0,1,0,1,0,1,0,1,1,1,0,1,1,0,1,0,1,0,1,1,1,0,0,0,1,0
sampler_snapshot_random1_sampler_island_warmup5_cap1024_20260526,634,0,C6,268CC9591726ECD8,0,0,0,1,1,0,1,1,0,0,1,1,0,1,1,1,0,1,1,0,0,1,0,0,1,1,1,0,1,0,0,0,1,0,0,1,1,0,1,0,1,0,0,1,0,0,1,1,0,0,1,1,0,0,0,1,0,1,1,0,0,1,0,0,0,1,1,0,0,0,1,1
sampler_snapshot_random1_sampler_island_warmup5_cap1024_20260526,635,0,10,E7959C3E7BE1849C,0,0,1,1,1,0,0,1,0,0,1,0,0,0,0,1,1,0,0,0,0,1,1,1,1,1,0,1,1,1,1,0,0,1,1,1,1,1,0,0,0,0,1,1,1,0,0,1,1,0,1,0,1,0,0,1,1,1,1,0,0,1,1,1,0,0,0,0,1,0,0,0
sampler_snapshot_random1_sampler_island_warmup5_cap1024_20260526,636,0,4A,82D0BD6F2AC0D5FF,1,1,1,1,1,1,1,1,1,0,1,0,1,0,1,1,0,0,0,0,0,0,1,1,0,1,0,1,0,1,0,0,1,1,1,1,0,1,1,0,1,0,1,1,1,1,0,1,0,0,0,0,1,0,1,1,0,1,0,0,0,0,0,1,0,1,0,1,0,0,1,0
sampler_snapshot_random1_sampler_island_warmup5_cap1024_20260526,637,1,C7,94B07B6F0F94D0EA,0,1,0,1,0,1,1,1,0,0,0,0,1,0,1,1,0,0,1,0,1,0,0,1,1,1,1,1,0,0,0,0,1,1,1,1,0,1,1,0,1,1,0,1,1,1,1,0,0,0,0,0,1,1,0,1,0,0,1,0,1,0,0,1,1,1,1,0,0,0,1,1
sampler_snapshot_random1_sampler_island_warmup5_cap1024_20260526,638,0,47,DDE5220ADDFDB002,0,1,0,0,0,0,0,0,0,0,0,0,1,1,0,1,1,0,1,1,1,1,1,1,1,0,1,1,1,0,1,1,0,1,0,1,0,0,0,0,0,1,0,0,0,1,0,0,1,0,1,0,0,1,1,1,1,0,1,1,1,0,1,1,1,1,1,0,0,0,1,0
sampler_snapshot_random1_sampler_island_warmup5_cap1024_20260526,639,1,51,AC45475BB8ACE757,1,1,1,0,1,0,1,0,1,1,1,0,0,1,1,1,0,0,1,1,0,1,0,1,0,0,0,1,1,1,0,1,1,1,0,1,1,0,1,0,1,1,1,0,0,0,1,0,1,0,1,0,0,0,1,0,0,0,1,1,0,1,0,1,1,0,0,0,1,0,1,0
sampler_snapshot_random1_sampler_island_warmup5_cap1024_20260526,640,1,3C,E81257B5F8C80677,1,1,1,0,1,1,1,0,0,1,1,0,0,0,0,0,0,0,0,1,0,0,1,1,0,0,0,1,1,1,1,1,1,0,1,0,1,1,0,1,1,1,1,0,1,0,1,0,0,1,0,0,1,0,0,0,0,0,0,1,0,1,1,1,0,0,1,1,1,1,0,0
sampler_snapshot_random1_sampler_island_warmup5_cap1024_20260526,641,0,17,C95336A4EDCB5232,0,1,0,0,1,1,0,0,0,1,0,0,1,0,1,0,1,1,0,1,0,0,1,1,1,0,1,1,0,1,1,1,0,0,1,0,0,1,0,1,0,1,1,0,1,1,0,0,1,1,0,0,1,0,1,0,1,0,0,1,0,0,1,1,1,1,1,0,1,0,0,0
sampler_snapshot_random1_sampler_island_warmup5_cap1024_20260526,642,0,5D,1D3772E08C1F5361,1,0,0,0,0,1,1,0,1,1,0,0,1,0,1,0,1,1,1,1,1,0,0,0,0,0,1,1,0,0,0,1,0,0,0,0,0,1,1,1,0,1,0,0,1,1,1,0,1,1,1,0,1,1,0,0,1,0,1,1,1,0,0,0,1,0,1,1,1,0,1,0
sampler_snapshot_random1_sampler_island_warmup5_cap1024_20260526,643,1,81,5E2EA581D87E3F85,1,0,1,0,0,0,0,1,1,1,1,1,1,1,0,0,0,1,1,1,1,1,1,0,0,0,0,1,1,0,1,1,1,0,0,0,0,0,0,1,1,0,1,0,0,1,0,1,0,1,1,1,0,1,0,0,0,1,1,1,1,0,1,0,1,0,0,0,0,0,0,1
sampler_snapshot_random1_sampler_island_warmup5_cap1024_20260526,644,1,EB,3BCBC4D4B32B6EC4,0,0,1,0,0,0,1,1,0,1,1,1,0,1,1,0,1,1,0,1,0,1,0,0,1,1,0,0,1,1,0,1,0,0,1,0,1,0,1,1,0,0,1,0,0,0,1,1,1,1,0,1,0,0,1,1,1,1,0,1,1,1,0,0,1,1,0,1,0,1,1,1
sampler_snapshot_random1_sampler_island_warmup5_cap1024_20260526,645,0,7E,2B9BDCF4760B49F5,1,0,1,0,1,1,1,1,1,0,0,1,0,0,1,0,1,1,0,1,0,0,0,0,0,1,1,0,1,1,1,0,0,0,1,0,1,1,1,1,0,0,1,1,1,0,1,1,1,1,0,1,1,0,0,1,1,1,0,1,0,1,0,0,0,1,1,1,1,1,1,0
sampler_snapshot_random1_sampler_island_warmup5_cap1024_20260526,646,1,61,4EDCB9A3664E99B9,1,0,0,1,1,1,0,1,1,0,0,1,1,0,0,1,0,1,1,1,0,0,1,0,0,1,1,0,0,1,1,0,1,1,0,0,0,1,0,1,1,0,0,1,1,1,0,1,0,0,1,1,1,0,1,1,0,1,1,1,0,0,1,0,1,0,0,0,0,1,1,0
sampler_snapshot_random1_sampler_island_warmup5_cap1024_20260526,647,1,BB,16FCF8620795DCEC,0,0,1,1,0,1,1,1,0,0,1,1,1,0,1,1,1,0,1,0,1,0,0,1,1,1,1,0,0,0,0,0,0,1,0,0,0,1,1,0,0,0,0,1,1,1,1,1,0,0,1,1,1,1,1,1,0,1,1,0,1,0,0,0,1,1,0,1,1,1,0,1
sampler_snapshot_random1_sampler_island_warmup5_cap1024_20260526,648,1,FC,D3ADAE0E43F1BD8E,0,1,1,1,0,0,0,1,1,0,1,1,1,1,0,1,1,0,0,0,1,1,1,1,1,1,0,0,0,0,1,0,0,1,1,1,0,0,0,0,0,1,1,1,0,1,0,1,1,0,1,1,0,1,0,1,1,1,0,0,1,0,1,1,0,0,1,1,1,1,1,1
sampler_snapshot_random1_sampler_island_warmup5_cap1024_20260526,649,0,55,F0C80F1F72E0ED8F,1,1,1,1,0,0,0,1,1,0,1,1,0,1,1,1,0,0,0,0,0,1,1,1,0,1,0,0,1,1,1,0,1,1,1,1,1,0,0,0,1,1,1,1,0,0,0,0,0,0,0,1,0,0,1,1,0,0,0,0,1,1,1,1,1,0,1,0,1,0,1,0
sampler_snapshot_random1_sampler_island_warmup5_cap1024_20260526,650,0,B9,A4885B7FB584CA7A,0,1,0,1,1,1,1,0,0,1,0,1,0,0,1,1,0,0,1,0,0,0,0,1,1,0,1,0,1,1,0,1,1,1,1,1,1,1,1,0,1,1,0,1,1,0,1,0,0,0,0,1,0,0,0,1,0,0,1,0,0,1,0,1,1,0,0,1,1,1,0,1
sampler_snapshot_random1_sampler_island_warmup5_cap1024_20260526,651,1,10,C5773A2AEDC58E3A,0,1,0,1,1,1,0,0,0,1,1,1,0,0,0,1,1,0,1,0,0,0,1,1,1,0,1,1,0,1,1,1,0,1,0,1,0,1,0,0,0,1,0,1,1,1,0,0,1,1,1,0,1,1,1,0,1,0,1,0,0,0,1,1,0,0,0,0,1,0,0,0
sampler_snapshot_random1_sampler_island_warmup5_cap1024_20260526,652,1,F0,94767FCD8896776F,1,1,1,1,0,1,1,0,1,1,1,0,1,1,1,0,0,1,1,0,1,0,0,1,0,0,0,1,0,0,0,1,1,0,1,1,0,0,1,1,1,1,1,1,1,1,1,0,0,1,1,0,1,1,1,0,0,0,1,0,1,0,0,1,0,0,0,0,1,1,1,1
sampler_snapshot_random1_sampler_island_warmup5_cap1024_20260526,653,1,90,D0226FCDC9B2364E,0,1,1,1,0,0,1,0,0,1,1,0,1,1,0,0,0,1,0,0,1,1,0,1,1,0,0,1,0,0,1,1,1,0,1,1,0,0,1,1,1,1,1,1,0,1,1,0,0,1,0,0,0,1,0,0,0,0,0,0,1,0,1,1,0,0,0,0,1,0,0,1
sampler_snapshot_random1_sampler_island_warmup5_cap1024_20260526,654,1,C9,7343009CFD772208,0,0,0,1,0,0,0,0,0,1,0,0,0,1,0,0,1,1,1,0,1,1,1,0,1,0,1,1,1,1,1,1,0,0,1,1,1,0,0,1,0,0,0,0,0,0,0,0,1,1,0,0,0,0,1,0,1,1,0,0,1,1,1,0,1,0,0,1,0,0,1,1
sampler_snapshot_random1_sampler_island_warmup5_cap1024_20260526,655,0,26,2E47C1F9BE0E4371,1,0,0,0,1,1,1,0,1,1,0,0,0,0,1,0,0,1,1,1,0,0,0,0,0,1,1,1,1,1,0,1,1,0,0,1,1,1,1,1,1,0,0,0,0,0,1,1,1,1,1,0,0,0,1,0,0,1,1,1,0,1,0,0,0,1,1,0,0,1,0,0
sampler_snapshot_random1_sampler_island_warmup5_cap1024_20260526,656,1,3B,4E36B5B9EA4E04B5,1,0,1,0,1,1,0,1,0,0,1,0,0,0,0,0,0,1,1,1,0,0,1,0,0,1,0,1,0,1,1,1,1,0,0,1,1,1,0,1,1,0,1,0,1,1,0,1,0,1,1,0,1,1,0,0,0,1,1,1,0,0,1,0,1,1,0,1,1,1,0,0
sampler_snapshot_random1_sampler_island_warmup5_cap1024_20260526,657,0,CD,5BF1B4C60B5B74A4,0,0,1,0,0,1,0,1,0,0,1,0,1,1,1,0,1,1,0,1,1,0,1,0,1,1,0,1,0,0,0,0,0,1,1,0,0,0,1,1,0,0,1,0,1,1,0,1,1,0,0,0,1,1,1,1,1,1,0,1,1,0,1,0,1,0,1,1,0,0,1,1
sampler_snapshot_random1_sampler_island_warmup5_cap1024_20260526,658,1,6B,1BA1C4C60E39F1C1,1,0,0,0,0,0,1,1,1,0,0,0,1,1,1,1,1,0,0,1,1,1,0,0,0,1,1,1,0,0,0,0,0,1,1,0,0,0,1,1,0,0,1,0,0,0,1,1,1,0,0,0,0,1,0,1,1,1,0,1,1,0,0,0,1,1,0,1,0,1,1,0
sampler_snapshot_random1_sampler_island_warmup5_cap1024_20260526,659,0,15,7ECC81137E7CA983,1,1,0,0,0,0,0,1,1,0,0,1,0,1,0,1,0,0,1,1,1,1,1,0,0,1,1,1,1,1,1,0,1,1,0,0,1,0,0,0,1,0,0,0,0,0,0,1,0,0,1,1,0,0,1,1,0,1,1,1,1,1,1,0,1,0,1,0,1,0,0,0
sampler_snapshot_random1_sampler_island_warmup5_cap1024_20260526,660,1,E8,ADCDC272378DCCF6,0,1,1,0,1,1,1,1,0,0,1,1,0,0,1,1,1,0,1,1,0,0,0,1,1,1,1,0,1,1,0,0,0,1,0,0,1,1,1,0,0,1,0,0,0,0,1,1,1,0,1,1,0,0,1,1,1,0,1,1,0,1,0,1,0,0,0,1,0,1,1,1
sampler_snapshot_random1_sampler_island_warmup5_cap1024_20260526,661,1,11,C9BDF67660C98DF7,1,1,1,0,1,1,1,1,1,0,1,1,0,0,0,1,1,0,0,1,0,0,1,1,0,0,0,0,0,1,1,0,0,1,1,0,1,1,1,0,0,1,1,0,1,1,1,1,1,0,1,1,1,1,0,1,1,0,0,1,0,0,1,1,1,0,0,0,1,0,0,0
sampler_snapshot_random1_sampler_island_warmup5_cap1024_20260526,662,0,DF,C8F83F0740F8FBBF,1,1,1,1,1,1,0,1,1,1,0,1,1,1,1,1,0,0,0,1,1,1,1,1,0,0,0,0,0,0,1,0,1,1,1,0,0,0,0,0,1,1,1,1,1,1,0,0,0,0,0,1,1,1,1,1,0,0,0,1,0,0,1,1,1,1,1,1,1,0,1,1
sampler_snapshot_random1_sampler_island_warmup5_cap1024_20260526,663,0,B9,9DAA4A4085B7FA4A,0,1,0,1,0,0,1,0,0,1,0,1,1,1,1,1,1,1,1,0,1,1,0,1,1,0,1,0,0,0,0,1,0,0,0,0,0,0,1,0,0,1,0,1,0,0,1,0,0,1,0,1,0,1,0,1,1,0,1,1,1,0,0,1,1,0,0,1,1,1,0,1
sampler_snapshot_random1_sampler_island_warmup5_cap1024_20260526,664,0,14,F50F0A10F5F7AF0A,0,1,0,1,0,0,0,0,1,1,1,1,0,1,0,1,1,1,1,0,1,1,1,1,1,0,1,0,1,1,1,1,0,0,0,0,1,0,0,0,0,1,0,1,0,0,0,0,1,1,1,1,0,0,0,0,1,0,1,0,1,1,1,1,0,0,1,0,1,0,0,0
sampler_snapshot_random1_sampler_island_warmup5_cap1024_20260526,665,0,9A,A44E4DFDB0824F7D,1,0,1,1,1,1,1,0,1,1,1,1,0,0,1,0,0,1,0,0,0,0,0,1,0,0,0,0,1,1,0,1,1,0,1,1,1,1,1,1,1,0,1,1,0,0,1,0,0,1,1,1,0,0,1,0,0,0,1,0,0,1,0,1,0,1,0,1,1,0,0,1
sampler_snapshot_random1_sampler_island_warmup5_cap1024_20260526,666,0,39,823A7CFDD3824E7C,0,0,1,1,1,1,1,0,0,1,1,1,0,0,1,0,0,1,0,0,0,0,0,1,1,1,0,0,1,0,1,1,1,0,1,1,1,1,1,1,0,0,1,1,1,1,1,0,0,1,0,1,1,1,0,0,0,1,0,0,0,0,0,1,1,0,0,1,1,1,0,0
sampler_snapshot_random1_sampler_island_warmup5_cap1024_20260526,667,0,BB,437B388CC7773838,0,0,0,1,1,1,0,0,0,0,0,1,1,1,0,0,1,1,1,0,1,1,1,0,1,1,1,0,0,0,1,1,0,0,1,1,0,0,0,1,0,0,0,1,1,1,0,0,1,1,0,1,1,1,1,0,1,1,0,0,0,0,1,0,1,1,0,1,1,1,0,1
sampler_snapshot_random1_sampler_island_warmup5_cap1024_20260526,668,0,00,3674C9C98E3671C9,1,0,0,1,0,0,1,1,1,0,0,0,1,1,1,0,0,1,1,0,1,1,0,0,0,1,1,1,0,0,0,1,1,0,0,1,0,0,1,1,1,0,0,1,0,0,1,1,0,0,1,0,1,1,1,0,0,1,1,0,1,1,0,0,0,0,0,0,0,0,0,0
sampler_snapshot_random1_sampler_island_warmup5_cap1024_20260526,669,0,9A,76848D9BFB7434CC,0,0,1,1,0,0,1,1,0,0,1,0,1,1,0,0,0,0,1,0,1,1,1,0,1,1,0,1,1,1,1,1,1,1,0,1,1,0,0,1,1,0,1,1,0,0,0,1,0,0,1,0,0,0,0,1,0,1,1,0,1,1,1,0,0,1,0,1,1,0,0,1
sampler_snapshot_random1_sampler_island_warmup5_cap1024_20260526,670,1,60,63C18CBE7B4144BE,0,1,1,1,1,1,0,1,0,0,1,0,0,0,1,0,1,0,0,0,0,0,1,0,1,1,0,1,1,1,1,0,0,1,1,1,1,1,0,1,0,0,1,1,0,0,0,1,1,0,0,0,0,0,1,1,1,1,0,0,0,1,1,0,0,0,0,0,0,1,1,0
sampler_snapshot_random1_sampler_island_warmup5_cap1024_20260526,671,0,26,00B1F7FF1E08C1F3,1,1,0,0,1,1,1,1,1,0,0,0,0,0,1,1,0,0,0,1,0,0,0,0,0,1,1,1,1,0,0,0,1,1,1,1,1,1,1,1,1,1,1,0,1,1,1,1,1,0,0,0,1,1,0,1,0,0,0,0,0,0,0,0,0,1,1,0,0,1,0,0
sampler_snapshot_random1_sampler_island_warmup5_cap1024_20260526,672,1,BA,4CB4B30B4CFCB093,1,1,0,0,1,0,0,1,0,0,0,0,1,1,0,1,0,0,1,1,1,1,1,1,0,0,1,1,0,0,1,0,1,1,0,1,0,0,0,0,1,1,0,0,1,1,0,1,0,0,1,0,1,1,0,1,0,0,1,1,0,0,1,0,0,1,0,1,1,1,0,1
sampler_snapshot_random1_sampler_island_warmup5_cap1024_20260526,673,1,08,BDF5D2420DBDF6C6,0,1,1,0,0,0,1,1,0,1,1,0,1,1,1,1,1,0,1,1,1,1,0,1,1,0,1,1,0,0,0,0,0,1,0,0,0,0,1,0,0,1,0,0,1,0,1,1,1,0,1,0,1,1,1,1,1,0,1,1,1,1,0,1,0,0,0,1,0,0,0,0
sampler_snapshot_random1_sampler_island_warmup5_cap1024_20260526,674,0,75,F983464678B9B7C7,1,1,1,0,0,0,1,1,1,1,1,0,1,1,0,1,1,0,0,1,1,1,0,1,0,0,0,1,1,1,1,0,0,1,1,0,0,0,1,0,0,1,1,0,0,0,1,0,1,1,0,0,0,0,0,1,1,0,0,1,1,1,1,1,1,0,1,0,1,1,1,0
sampler_snapshot_random1_sampler_island_warmup5_cap1024_20260526,675,0,63,E8C20735FCCA8337,1,1,1,0,1,1,0,0,1,1,0,0,0,0,0,1,0,1,0,1,0,0,1,1,0,0,1,1,1,1,1,1,1,0,1,0,1,1,0,0,1,1,1,0,0,0,0,0,0,1,0,0,0,0,1,1,0,0,0,1,0,1,1,1,1,1,0,0,0,1,1,0
sampler_snapshot_random1_sampler_island_warmup5_cap1024_20260526,676,1,5D,8D7F72709D8FCA70,0,0,0,0,1,1,1,0,0,1,0,1,0,0,1,1,1,1,1,1,0,0,0,1,1,0,1,1,1,0,0,1,0,0,0,0,1,1,1,0,0,1,0,0,1,1,1,0,1,1,1,1,1,1,1,0,1,0,1,1,0,0,0,1,1,0,1,1,1,0,1,0
sampler_snapshot_random1_sampler_island_warmup5_cap1024_20260526,677,1,1E,CF3F3080C4EFBF11,1,0,0,0,1,0,0,0,1,1,1,1,1,1,0,1,1,1,1,1,0,1,1,1,0,0,1,0,0,0,1,1,0,0,0,0,0,0,0,1,0,0,0,0,1,1,0,0,1,1,1,1,1,1,0,0,1,1,1,1,0,0,1,1,0,1,1,1,1,0,0,0
sampler_snapshot_random1_sampler_island_warmup5_cap1024_20260526,678,0,62,FA5E15C582FA7F05,1,0,1,0,0,0,0,0,1,1,1,1,1,1,1,0,0,1,0,1,1,1,1,1,0,1,0,0,0,0,0,1,1,0,1,0,0,0,1,1,1,0,1,0,1,0,0,0,0,1,1,1,1,0,1,0,0,1,0,1,1,1,1,1,0,1,0,0,0,1,1,0
sampler_snapshot_random1_sampler_island_warmup5_cap1024_20260526,679,1,AF,3B0A4CE4B33B7C4C,0,0,1,1,0,0,1,0,0,0,1,1,1,1,1,0,1,1,0,1,1,1,0,0,1,1,0,0,1,1,0,1,0,0,1,0,0,1,1,1,0,0,1,1,0,0,1,0,0,1,0,1,0,0,0,0,1,1,0,1,1,1,0,0,1,1,1,1,0,1,0,1
sampler_snapshot_random1_sampler_island_warmup5_cap1024_20260526,680,1,59,774988B6F7470938,0,0,0,1,1,1,0,0,1,0,0,1,0,0,0,0,1,1,1,0,0,0,1,0,1,1,1,0,1,1,1,1,0,1,1,0,1,1,0,1,0,0,0,1,0,0,0,1,1,0,0,1,0,0,1,0,1,1,1,0,1,1,1,0,1,0,0,1,1,0,1,0
sampler_snapshot_random1_sampler_island_warmup5_cap1024_20260526,681,1,54,067CF9FB96044DF9,1,0,0,1,1,1,1,1,1,0,1,1,0,0,1,0,0,0,1,0,0,0,0,0,0,1,1,0,1,0,0,1,1,1,0,1,1,1,1,1,1,0,0,1,1,1,1,1,0,0,1,1,1,1,1,0,0,1,1,0,0,0,0,0,0,0,1,0,1,0,1,0
sampler_snapshot_random1_sampler_island_warmup5_cap1024_20260526,682,0,CC,46BCFCCF43643CDE,0,1,1,1,1,0,1,1,0,0,1,1,1,1,0,0,0,0,1,0,0,1,1,0,1,1,0,0,0,0,1,0,1,1,1,1,0,0,1,1,0,0,1,1,1,1,1,1,0,0,1,1,1,1,0,1,0,1,1,0,0,0,1,0,0,0,1,1,0,0,1,1
sampler_snapshot_random1_sampler_island_warmup5_cap1024_20260526,683,1,68,71D99E8E4371FC8E,0,1,1,1,0,0,0,1,0,0,1,1,1,1,1,1,1,0,0,0,1,1,1,0,1,1,0,0,0,0,1,0,0,1,1,1,0,0,0,1,0,1,1,1,1,0,0,1,1,0,0,1,1,0,1,1,1,0,0,0,1,1,1,0,0,0,0,1,0,1,1,0
sampler_snapshot_random1_sampler_island_warmup5_cap1024_20260526,684,0,65,3080CB6F3C34DBCB,1,1,0,1,0,0,1,1,1,1,0,1,1,0,1,1,0,0,1,0,1,1,0,0,0,0,1,1,1,1,0,0,1,1,1,1,0,1,1,0,1,1,0,1,0,0,1,1,0,0,0,0,0,0,0,1,0,0,0,0,1,1,0,0,1,0,1,0,0,1,1,0
sampler_snapshot_random1_sampler_island_warmup5_cap1024_20260526,685,0,34,D484AB3B7DC482AA,0,1,0,1,0,1,0,1,0,1,0,0,0,0,0,1,0,0,1,0,0,0,1,1,1,0,1,1,1,1,1,0,1,1,0,1,1,1,0,0,1,1,0,1,0,1,0,1,0,0,1,0,0,0,0,1,0,0,1,0,1,0,1,1,0,0,1,0,1,1,0,0
sampler_snapshot_random1_sampler_island_warmup5_cap1024_20260526,686,0,A9,85E7FE781987C6FE,0,1,1,1,1,1,1,1,0,1,1,0,0,0,1,1,1,1,1,0,0,0,0,1,1,0,0,1,1,0,0,0,0,0,0,1,1,1,1,0,0,1,1,1,1,1,1,1,1,1,1,0,0,1,1,1,1,0,1,0,0,0,0,1,1,0,0,1,0,1,0,1
sampler_snapshot_random1_sampler_island_warmup5_cap1024_20260526,687,0,C1,80B3774D48AAE7DF,1,1,1,1,1,0,1,1,1,1,1,0,0,1,1,1,0,1,0,1,0,1,0,1,0,0,0,1,0,0,1,0,1,0,1,1,0,0,1,0,1,1,1,0,1,1,1,0,1,1,0,0,1,1,0,1,0,0,0,0,0,0,0,1,1,0,0,0,0,0,1,1
sampler_snapshot_random1_sampler_island_warmup5_cap1024_20260526,688,0,B9,F8D2150DECFAB201,1,0,0,0,0,0,0,0,0,1,0,0,1,1,0,1,0,1,0,1,1,1,1,1,0,0,1,1,0,1,1,1,1,0,1,1,0,0,0,0,1,0,1,0,1,0,0,0,0,1,0,0,1,0,1,1,0,0,0,1,1,1,1,1,1,0,0,1,1,1,0,1
sampler_snapshot_random1_sampler_island_warmup5_cap1024_20260526,689,0,B1,BF474068AF9FD240,0,0,0,0,0,0,1,0,0,1,0,0,1,0,1,1,1,1,1,1,1,0,0,1,1,1,1,1,0,1,0,1,0,0,0,1,0,1,1,0,0,0,0,0,0,0,1,0,1,1,1,0,0,0,1,0,1,1,1,1,1,1,0,1,1,0,0,0,1,1,0,1
sampler_snapshot_random1_sampler_island_warmup5_cap1024_20260526,690,0,DC,DF0721B0FEDF0565,1,0,1,0,0,1,1,0,1,0,1,0,0,0,0,0,1,1,1,1,1,0,1,1,0,1,1,1,1,1,1,1,0,0,0,0,1,1,0,1,1,0,0,0,0,1,0,0,1,1,1,0,0,0,0,0,1,1,1,1,1,0,1,1,0,0,1,1,1,0,1,1
sampler_snapshot_random1_sampler_island_warmup5_cap1024_20260526,691,1,3A,CA6625B5DACA4535,1,0,1,0,1,1,0,0,1,0,1,0,0,0,1,0,0,1,0,1,0,0,1,1,0,1,0,1,1,0,1,1,1,0,1,0,1,1,0,1,1,0,1,0,0,1,0,0,0,1,1,0,0,1,1,0,0,1,0,1,0,0,1,1,0,1,0,1,1,1,0,0
sampler_snapshot_random1_sampler_island_warmup5_cap1024_20260526,692,1,97,0B3974D68B296854,0,0,1,0,1,0,1,0,0,0,0,1,0,1,1,0,1,0,0,1,0,1,0,0,1,1,0,1,0,0,0,1,0,1,1,0,1,0,1,1,0,0,1,0,1,1,1,0,1,0,0,1,1,1,0,0,1,1,0,1,0,0,0,0,1,1,1,0,1,0,0,1
sampler_snapshot_random1_sampler_island_warmup5_cap1024_20260526,693,1,C9,7F199082E67D3901,1,0,0,0,0,0,0,0,1,0,0,1,1,1,0,0,1,0,1,1,1,1,1,0,0,1,1,0,0,1,1,1,0,1,0,0,0,0,0,1,0,0,0,0,1,0,0,1,1,0,0,1,1,0,0,0,1,1,1,1,1,1,1,0,1,0,0,1,0,0,1,1
sampler_snapshot_random1_sampler_island_warmup5_cap1024_20260526,694,1,57,3C4CC3E3A61C5DE3,1,1,0,0,0,1,1,1,1,0,1,1,1,0,1,0,0,0,1,1,1,0,0,0,0,1,1,0,0,1,0,1,1,1,0,0,0,1,1,1,1,1,0,0,0,0,1,1,0,0,1,1,0,0,1,0,0,0,1,1,1,1,0,0,1,1,1,0,1,0,1,0
sampler_snapshot_random1_sampler_island_warmup5_cap1024_20260526,695,1,C4,5D8CEEF671190CEE,0,1,1,1,0,1,1,1,0,0,1,1,0,0,0,0,1,0,0,1,1,0,0,0,1,0,0,0,1,1,1,0,0,1,1,0,1,1,1,1,0,1,1,1,0,1,1,1,0,0,1,1,0,0,0,1,1,0,1,1,1,0,1,0,0,0,1,0,0,0,1,1
sampler_snapshot_random1_sampler_island_warmup5_cap1024_20260526,696,0,FA,49E9AEB651418FBE,0,1,1,1,1,1,0,1,1,1,1,1,0,0,0,1,1,0,0,0,0,0,1,0,1,0,0,0,1,0,1,0,0,1,1,0,1,1,0,1,0,1,1,1,0,1,0,1,1,0,0,1,0,1,1,1,1,0,0,1,0,0,1,0,0,1,0,1,1,1,1,1
sampler_snapshot_random1_sampler_island_warmup5_cap1024_20260526,697,0,BC,04FAFB5D04A4EBDB,1,1,0,1,1,0,1,1,1,1,0,1,0,1,1,1,0,0,1,0,0,1,0,1,0,0,1,0,0,0,0,0,1,0,1,1,1,0,1,0,1,1,0,1,1,1,1,1,0,1,0,1,1,1,1,1,0,0,1,0,0,0,0,0,0,0,1,1,1,1,0,1
sampler_snapshot_random1_sampler_island_warmup5_cap1024_20260526,698,1,42,E49E9A0965F6BA9A,0,1,0,1,1,0,0,1,0,1,0,1,1,1,0,1,0,1,1,0,1,1,1,1,1,0,1,0,0,1,1,0,1,0,0,1,0,0,0,0,0,1,0,1,1,0,0,1,0,1,1,1,1,0,0,1,0,0,1,0,0,1,1,1,0,1,0,0,0,0,1,0
sampler_snapshot_random1_sampler_island_warmup5_cap1024_20260526,699,0,10,F5CF8E6821D7DEAC,0,0,1,1,0,1,0,1,0,1,1,1,1,0,1,1,1,1,1,0,1,0,1,1,1,0,0,0,0,1,0,0,0,0,0,1,0,1,1,0,0,1,1,1,0,0,0,1,1,1,1,1,0,0,1,1,1,0,1,0,1,1,1,1,0,0,0,0,1,0,0,0
sampler_snapshot_random1_sampler_island_warmup5_cap1024_20260526,700,1,A7,92AA6D7D3092DF6D,1,0,1,1,0,1,1,0,1,1,1,1,1,0,1,1,0,1,0,0,1,0,0,1,0,0,0,0,1,1,0,0,1,0,1,1,1,1,1,0,1,0,1,1,0,1,1,0,0,1,0,1,0,1,0,1,0,1,0,0,1,0,0,1,1,1,1,0,0,1,0,1
sampler_snapshot_random1_sampler_island_warmup5_cap1024_20260526,701,1,CF,C2622D1DDFC2A238,0,0,0,1,1,1,0,0,0,1,0,0,0,1,0,1,0,1,0,0,0,0,1,1,1,1,1,1,1,0,1,1,1,0,1,1,1,0,0,0,1,0,1,1,0,1,0,0,0,1,0,0,0,1,1,0,0,1,0,0,0,0,1,1,1,1,1,1,0,0,1,1
sampler_snapshot_random1_sampler_island_warmup5_cap1024_20260526,702,1,17,877778589FA7E058,0,0,0,1,1,0,1,0,0,0,0,0,0,1,1,1,1,1,1,0,0,1,0,1,1,1,1,1,1,0,0,1,0,0,0,1,1,0,1,0,0,0,0,1,1,1,1,0,1,1,1,0,1,1,1,0,1,1,1,0,0,0,0,1,1,1,1,0,1,0,0,0
sampler_snapshot_random1_sampler_island_warmup5_cap1024_20260526,703,0,D5,E61559CBEEF4355D,1,0,1,1,1,0,1,0,1,0,1,0,1,1,0,0,0,0,1,0,1,1,1,1,0,1,1,1,0,1,1,1,1,1,0,1,0,0,1,1,1,0,0,1,1,0,1,0,1,0,1,0,1,0,0,0,0,1,1,0,0,1,1,1,1,0,1,0,1,0,1,1
sampler_snapshot_random1_sampler_island_warmup5_cap1024_20260526,704,1,4F,FA5405AFEA585425,1,0,1,0,0,1,0,0,0,0,1,0,1,0,1,0,0,0,0,1,1,0,1,0,0,1,0,1,0,1,1,1,1,1,1,1,0,1,0,1,1,0,1,0,0,0,0,0,0,0,1,0,1,0,1,0,0,1,0,1,1,1,1,1,1,1,1,1,0,0,1,0
sampler_snapshot_random1_sampler_island_warmup5_cap1024_20260526,705,1,3C,1B21E6FEBF195066,0,1,1,0,0,1,1,0,0,0,0,0,1,0,1,0,1,0,0,1,1,0,0,0,1,1,1,1,1,1,0,1,0,1,1,1,1,1,1,1,0,1,1,0,0,1,1,1,1,0,0,0,0,1,0,0,1,1,0,1,1,0,0,0,0,0,1,1,1,1,0,0
sampler_snapshot_random1_sampler_island_warmup5_cap1024_20260526,706,1,59,4D25A392DC6C21B3,1,1,0,0,1,1,0,1,1,0,0,0,0,1,0,0,0,0,1,1,0,1,1,0,0,0,1,1,1,0,1,1,0,1,0,0,1,0,0,1,1,1,0,0,0,1,0,1,1,0,1,0,0,1,0,0,1,0,1,1,0,0,1,0,1,0,0,1,1,0,1,0
sampler_snapshot_random1_sampler_island_warmup5_cap1024_20260526,707,1,7F,0CF4D3D31C2C67D3,1,1,0,0,1,0,1,1,1,1,1,0,0,1,1,0,0,0,1,1,0,1,0,0,0,0,1,1,1,0,0,0,1,1,0,0,1,0,1,1,1,1,0,0,1,0,1,1,0,0,1,0,1,1,1,1,0,0,1,1,0,0,0,0,1,1,1,1,1,1,1,0
sampler_snapshot_random1_sampler_island_warmup5_cap1024_20260526,708,0,A7,299FD6C66929FED6,0,1,1,0,1,0,1,1,0,1,1,1,1,1,1,1,1,0,0,1,0,1,0,0,1,0,0,1,0,1,1,0,0,1,1,0,0,0,1,1,0,1,1,0,1,0,1,1,1,1,1,1,1,0,0,1,1,0,0,1,0,1,0,0,1,1,1,0,0,1,0,1
sampler_snapshot_random1_sampler_island_warmup5_cap1024_20260526,709,1,85,79DB9624605B9FA7,1,1,1,0,0,1,0,1,1,1,1,1,1,0,0,1,1,1,0,1,1,0,1,0,0,0,0,0,0,1,1,0,0,0,1,0,0,1,0,0,0,1,1,0,1,0,0,1,1,1,0,1,1,0,1,1,1,0,0,1,1,1,1,0,1,0,1,0,0,0,0,1
sampler_snapshot_random1_sampler_island_warmup5_cap1024_20260526,710,1,6C,9CEAE365349EDBE1,1,0,0,0,0,1,1,1,1,1,0,1,1,0,1,1,0,1,1,1,1,0,0,1,0,0,1,0,1,1,0,0,1,0,1,0,0,1,1,0,1,1,0,0,0,1,1,1,0,1,0,1,0,1,1,1,0,0,1,1,1,0,0,1,0,0,1,1,0,1,1,0
sampler_snapshot_random1_sampler_island_warmup5_cap1024_20260526,711,1,75,CFAEA81055EFAAB0,0,0,0,0,1,1,0,1,0,1,0,1,0,1,0,1,1,1,1,1,0,1,1,1,1,0,1,0,1,0,1,0,0,0,0,0,1,0,0,0,0,0,0,1,0,1,0,1,0,1,1,1,0,1,0,1,1,1,1,1,0,0,1,1,1,0,1,0,1,1,1,0
sampler_snapshot_random1_sampler_island_warmup5_cap1024_20260526,712,0,B6,EFFF1C1053EFEF9C,0,0,1,1,1,0,0,1,1,1,1,1,0,1,1,1,1,1,1,1,0,1,1,1,1,1,0,0,1,0,1,0,0,0,0,0,1,0,0,0,0,0,1,1,1,0,0,0,1,1,1,1,1,1,1,1,1,1,1,1,0,1,1,1,0,1,1,0,1,1,0,1
sampler_snapshot_random1_sampler_island_warmup5_cap1024_20260526,713,1,BF,A29A5D45A2A2FD5D,1,0,1,1,1,0,1,0,1,0,1,1,1,1,1,1,0,1,0,0,0,1,0,1,0,1,0,0,0,1,0,1,1,0,1,0,0,0,1,0,1,0,1,1,1,0,1,0,0,1,0,1,1,0,0,1,0,1,0,0,0,1,0,1,1,1,1,1,1,1,0,1
sampler_snapshot_random1_sampler_island_warmup5_cap1024_20260526,714,1,B6,F2181C2FE7D39828,0,0,0,1,0,1,0,0,0,0,0,1,1,0,0,1,1,1,0,0,1,0,1,1,1,1,1,0,0,1,1,1,1,1,1,1,0,1,0,0,0,0,1,1,1,0,0,0,0,0,0,1,1,0,0,0,0,1,0,0,1,1,1,1,0,1,1,0,1,1,0,1
sampler_snapshot_random1_sampler_island_warmup5_cap1024_20260526,715,0,FB,976D68EA97955868,0,0,0,1,0,1,1,0,0,0,0,1,1,0,1,0,1,0,1,0,1,0,0,1,1,1,1,0,1,0,0,1,0,1,0,1,0,1,1,1,0,0,0,1,0,1,1,0,1,0,1,1,0,1,1,0,1,1,1,0,1,0,0,1,1,1,0,1,1,1,1,1
sampler_snapshot_random1_sampler_island_warmup5_cap1024_20260526,716,1,C4,D62C6FDBD2A42D5F,1,1,1,1,1,0,1,0,1,0,1,1,0,1,0,0,0,0,1,0,0,1,0,1,0,1,0,0,1,0,1,1,1,1,0,1,1,0,1,1,1,1,1,1,0,1,1,0,0,0,1,1,0,1,0,0,0,1,1,0,1,0,1,1,0,0,1,0,0,0,1,1
sampler_snapshot_random1_sampler_island_warmup5_cap1024_20260526,717,0,6A,60701F9FD9602C1E,0,1,1,1,1,0,0,0,0,0,1,1,0,1,0,0,0,0,0,0,0,1,1,0,1,0,0,1,1,0,1,1,1,1,1,1,1,0,0,1,1,1,1,1,1,0,0,0,0,0,0,0,1,1,1,0,0,0,0,0,0,1,1,0,0,1,0,1,0,1,1,0
sampler_snapshot_random1_sampler_island_warmup5_cap1024_20260526,718,1,58,2151DECEAD2172DE,0,1,1,1,1,0,1,1,0,1,0,0,1,1,1,0,1,0,0,0,0,1,0,0,1,0,1,1,0,1,0,1,0,1,1,1,0,0,1,1,0,1,1,1,1,0,1,1,1,0,0,0,1,0,1,0,1,0,0,0,0,1,0,0,0,0,0,1,1,0,1,0
sampler_snapshot_random1_sampler_island_warmup5_cap1024_20260526,719,1,3F,74179BABEC5413AB,1,1,0,1,0,1,0,1,1,1,0,0,1,0,0,0,0,0,1,0,1,0,1,0,0,0,1,1,0,1,1,1,1,1,0,1,0,1,0,1,1,1,0,1,1,0,0,1,1,1,1,0,1,0,0,0,0,0,1,0,1,1,1,0,1,1,1,1,1,1,0,0
sampler_snapshot_random1_sampler_island_warmup5_cap1024_20260526,720,1,D8,54E6A3E91C5656AF,1,1,1,1,0,1,0,1,0,1,1,0,1,0,1,0,0,1,1,0,1,0,1,0,0,0,1,1,1,0,0,0,1,0,0,1,0,1,1,1,1,1,0,0,0,1,0,1,0,1,1,0,0,1,1,1,0,0,1,0,1,0,1,0,0,0,0,1,1,0,1,1
sampler_snapshot_random1_sampler_island_warmup5_cap1024_20260526,721,0,FA,19A7E6DC192BE6C6,0,1,1,0,0,0,1,1,0,1,1,0,0,1,1,1,1,1,0,1,0,1,0,0,1,0,0,1,1,0,0,0,0,0,1,1,1,0,1,1,0,1,1,0,0,1,1,1,1,1,1,0,0,1,0,1,1,0,0,1,1,0,0,0,0,1,0,1,1,1,1,1
sampler_snapshot_random1_sampler_island_warmup5_cap1024_20260526,722,1,9A,6BC3951C586AA795,1,0,1,0,1,0,0,1,1,1,1,0,0,1,0,1,0,1,0,1,0,1,1,0,0,0,0,1,1,0,1,0,0,0,1,1,1,0,0,0,1,0,1,0,1,0,0,1,1,1,0,0,0,0,1,1,1,1,0,1,0,1,1,0,0,1,0,1,1,0,0,1
sampler_snapshot_random1_sampler_island_warmup5_cap1024_20260526,723,0,84,AED2D1652EAEC3D1,1,0,0,0,1,0,1,1,1,1,0,0,0,0,1,1,0,1,1,1,0,1,0,1,0,1,1,1,0,1,0,0,1,0,1,0,0,1,1,0,1,0,0,0,1,0,1,1,0,1,0,0,1,0,1,1,0,1,1,1,0,1,0,1,0,0,1,0,0,0,0,1
sampler_snapshot_random1_sampler_island_warmup5_cap1024_20260526,724,1,77,FF97D0206FDF94E0,0,0,0,0,0,1,1,1,0,0,1,0,1,0,0,1,1,1,1,1,1,0,1,1,1,1,1,1,0,1,1,0,0,0,0,0,0,1,0,0,0,0,0,0,1,0,1,1,1,1,1,0,1,0,0,1,1,1,1,1,1,1,1,1,1,1,1,0,1,1,1,0
sampler_snapshot_random1_sampler_island_warmup5_cap1024_20260526,725,0,9D,DFED24264ADFDD25,1,0,1,0,0,1,0,0,1,0,1,1,1,0,1,1,1,1,1,1,1,0,1,1,0,1,0,1,0,0,1,0,0,1,1,0,0,1,0,0,0,0,1,0,0,1,0,0,1,0,1,1,0,1,1,1,1,1,1,1,1,0,1,1,1,0,1,1,1,0,0,1
sampler_snapshot_random1_sampler_island_warmup5_cap1024_20260526,726,1,19,9A28655792B8ED45,1,0,1,0,0,0,1,0,1,0,1,1,0,1,1,1,0,0,0,1,1,1,0,1,0,1,0,0,1,0,0,1,1,1,1,0,1,0,1,0,1,0,1,0,0,1,1,0,0,0,0,1,0,1,0,0,0,1,0,1,1,0,0,1,1,0,0,1,1,0,0,0
sampler_snapshot_random1_sampler_island_warmup5_cap1024_20260526,727,0,52,EB080016D7EDA812,0,1,0,0,1,0,0,0,0,0,0,1,0,1,0,1,1,0,1,1,0,1,1,1,1,1,1,0,1,0,1,1,0,1,1,0,1,0,0,0,0,0,0,0,0,0,0,0,0,0,0,1,0,0,0,0,1,1,0,1,0,1,1,1,0,1,0,0,1,0,1,0
sampler_snapshot_random1_sampler_island_warmup5_cap1024_20260526,728,0,DB,AD5D5AF2A78D495B,1,1,0,1,1,0,1,0,1,0,0,1,0,0,1,0,1,0,1,1,0,0,0,1,1,1,1,0,0,1,0,1,0,1,0,0,1,1,1,1,0,1,0,1,1,0,1,0,1,0,1,1,1,0,1,0,1,0,1,1,0,1,0,1,1,1,0,1,1,0,1,1
sampler_snapshot_random1_sampler_island_warmup5_cap1024_20260526,729,0,FA,941C7FE3E0145D6F,1,1,1,1,0,1,1,0,1,0,1,1,1,0,1,0,0,0,1,0,1,0,0,0,0,0,0,0,0,1,1,1,1,1,0,0,0,1,1,1,1,1,1,1,1,1,1,0,0,0,1,1,1,0,0,0,0,0,1,0,1,0,0,1,0,1,0,1,1,1,1,1
sampler_snapshot_random1_sampler_island_warmup5_cap1024_20260526,730,0,5C,50682EAEC1511E2E,0,1,1,1,0,1,0,0,0,1,1,1,1,0,0,0,1,0,0,0,1,0,1,0,1,0,0,0,0,0,1,1,0,1,1,1,0,1,0,1,0,1,1,1,0,1,0,0,0,0,0,1,0,1,1,0,0,0,0,0,1,0,1,0,0,0,1,1,1,0,1,0
sampler_snapshot_random1_sampler_island_warmup5_cap1024_20260526,731,0,56,116BEEDC95316BCA,0,1,0,1,0,0,1,1,1,1,0,1,0,1,1,0,1,0,0,0,1,1,0,0,1,0,1,0,1,0,0,1,0,0,1,1,1,0,1,1,0,1,1,1,0,1,1,1,1,1,0,1,0,1,1,0,1,0,0,0,1,0,0,0,0,1,1,0,1,0,1,0
sampler_snapshot_random1_sampler_island_warmup5_cap1024_20260526,732,0,89,648E8B99F4662B9B,1,1,0,1,1,0,0,1,1,1,0,1,0,1,0,0,0,1,1,0,0,1,1,0,0,0,1,0,1,1,1,1,1,0,0,1,1,0,0,1,1,1,0,1,0,0,0,1,0,1,1,1,0,0,0,1,0,0,1,0,0,1,1,0,1,0,0,1,0,0,0,1
sampler_snapshot_random1_sampler_island_warmup5_cap1024_20260526,733,1,DD,64D699B96D464EBC,0,0,1,1,1,1,0,1,0,1,1,1,0,0,1,0,0,1,1,0,0,0,1,0,1,0,1,1,0,1,1,0,1,0,0,1,1,1,0,1,1,0,0,1,1,0,0,1,0,1,1,0,1,0,1,1,0,0,1,0,0,1,1,0,1,0,1,1,1,0,1,1
sampler_snapshot_random1_sampler_island_warmup5_cap1024_20260526,734,0,C6,1397FC6C2B13D6FC,0,0,1,1,1,1,1,1,0,1,1,0,1,0,1,1,1,1,0,0,1,0,0,0,1,1,0,1,0,1,0,0,0,0,1,1,0,1,1,0,0,0,1,1,1,1,1,1,1,1,1,0,1,0,0,1,1,1,0,0,1,0,0,0,0,1,1,0,0,0,1,1
sampler_snapshot_random1_sampler_island_warmup5_cap1024_20260526,735,1,E9,52E3AD2D4AD293AD,1,0,1,1,0,1,0,1,1,1,0,0,1,0,0,1,0,1,0,0,1,0,1,1,0,1,0,1,0,0,1,0,1,0,1,1,0,1,0,0,1,0,1,1,0,1,0,1,1,1,0,0,0,1,1,1,0,1,0,0,1,0,1,0,1,0,0,1,0,1,1,1
sampler_snapshot_random1_sampler_island_warmup5_cap1024_20260526,736,1,05,96E2E1591EB6F0C8,0,0,0,1,0,0,1,1,0,0,0,0,1,1,1,1,0,1,1,0,1,1,0,1,0,1,1,1,1,0,0,0,1,0,0,1,1,0,1,0,1,0,0,0,0,1,1,1,0,1,0,0,0,1,1,1,0,1,1,0,1,0,0,1,1,0,1,0,0,0,0,0
sampler_snapshot_random1_sampler_island_warmup5_cap1024_20260526,737,0,EF,EF85405A7FADA4D0,0,0,0,0,1,0,1,1,0,0,1,0,0,1,0,1,1,0,1,1,0,1,0,1,1,1,1,1,1,1,1,0,0,1,0,1,1,0,1,0,0,0,0,0,0,0,1,0,1,0,1,0,0,0,0,1,1,1,1,1,0,1,1,1,1,1,1,1,0,1,1,1
sampler_snapshot_random1_sampler_island_warmup5_cap1024_20260526,738,1,F2,EFD5153EFACC8535,1,0,1,0,1,1,0,0,1,0,1,0,0,0,0,1,0,0,1,1,0,0,1,1,0,1,0,1,1,1,1,1,0,1,1,1,1,1,0,0,1,0,1,0,1,0,0,0,1,0,1,0,1,0,1,1,1,1,1,1,0,1,1,1,0,1,0,0,1,1,1,1
sampler_snapshot_random1_sampler_island_warmup5_cap1024_20260526,739,0,D4,8A707767AA98D477,1,1,1,0,1,1,1,0,0,0,1,0,1,0,1,1,0,0,0,1,1,0,0,1,0,1,0,1,0,1,0,1,1,1,1,0,0,1,1,0,1,1,1,0,1,1,1,0,0,0,0,0,1,1,1,0,0,1,0,1,0,0,0,1,0,0,1,0,1,0,1,1
sampler_snapshot_random1_sampler_island_warmup5_cap1024_20260526,740,0,D8,D9312286CDDD3022,0,1,0,0,0,1,0,0,0,0,0,0,1,1,0,0,1,0,1,1,1,0,1,1,1,0,1,1,0,0,1,1,0,1,1,0,0,0,0,1,0,1,0,0,0,1,0,0,1,0,0,0,1,1,0,0,1,0,0,1,1,0,1,1,0,0,0,1,1,0,1,1
sampler_snapshot_random1_sampler_island_warmup5_cap1024_20260526,741,0,44,DD6D22D29CFD7B03,1,1,0,0,0,0,0,0,1,1,0,1,1,1,1,0,1,0,1,1,1,1,1,1,0,0,1,1,1,0,0,1,0,1,0,0,1,0,1,1,0,1,0,0,0,1,0,0,1,0,1,1,0,1,1,0,1,0,1,1,1,0,1,1,0,0,1,0,0,0,1,0
sampler_snapshot_random1_sampler_island_warmup5_cap1024_20260526,742,0,DD,2C0E47D3B02C6F57,1,1,1,0,1,0,1,0,1,1,1,1,0,1,1,0,0,0,1,1,0,1,0,0,0,0,0,0,1,1,0,1,1,1,0,0,1,0,1,1,1,1,1,0,0,0,1,0,0,1,1,1,0,0,0,0,0,0,1,1,0,1,0,0,1,0,1,1,1,0,1,1
sampler_snapshot_random1_sampler_island_warmup5_cap1024_20260526,743,1,0A,695A96B4F14B0E36,0,1,1,0,1,1,0,0,0,1,1,1,0,0,0,0,1,1,0,1,0,0,1,0,1,0,0,0,1,1,1,1,0,0,1,0,1,1,0,1,0,1,1,0,1,0,0,1,0,1,0,1,1,0,1,0,1,0,0,1,0,1,1,0,0,1,0,1,0,0,0,0
sampler_snapshot_random1_sampler_island_warmup5_cap1024_20260526,744,1,23,097BFEE4A51B5BFB,1,1,0,1,1,1,1,1,1,1,0,1,1,0,1,0,1,1,0,1,1,0,0,0,1,0,1,0,0,1,0,1,0,0,1,0,0,1,1,1,0,1,1,1,1,1,1,1,1,1,0,1,1,1,1,0,1,0,0,1,0,0,0,0,1,1,0,0,0,1,0,0
sampler_snapshot_random1_sampler_island_warmup5_cap1024_20260526,745,0,93,5EBEF9C144563BE9,1,0,0,1,0,1,1,1,1,1,0,1,1,1,0,0,0,1,1,0,1,0,1,0,0,0,1,0,0,0,1,0,1,0,0,0,0,0,1,1,1,0,0,1,1,1,1,1,0,1,1,1,1,1,0,1,0,1,1,1,1,0,1,0,1,1,0,0,1,0,0,1
sampler_snapshot_random1_sampler_island_warmup5_cap1024_20260526,746,1,0B,56EE88885777FE8C,0,0,1,1,0,0,0,1,0,1,1,1,1,1,1,1,1,1,1,0,1,1,1,0,1,1,1,0,1,0,1,0,0,0,0,1,0,0,0,1,0,0,0,1,0,0,0,1,0,1,1,1,0,1,1,1,0,1,1,0,1,0,1,0,1,1,0,1,0,0,0,0
sampler_snapshot_random1_sampler_island_warmup5_cap1024_20260526,747,1,C5,238FCC5C3323EDDC,0,0,1,1,1,0,1,1,1,0,1,1,0,1,1,1,1,1,0,0,0,1,0,0,1,1,0,0,1,1,0,0,0,0,1,1,1,0,1,0,0,0,1,1,0,0,1,1,1,1,1,1,0,0,0,1,1,1,0,0,0,1,0,0,1,0,1,0,0,0,1,1
sampler_snapshot_random1_sampler_island_warmup5_cap1024_20260526,748,0,66,E2989D3F72C289BD,1,0,1,1,1,1,0,1,1,0,0,1,0,0,0,1,0,1,0,0,0,0,1,1,0,1,0,0,1,1,1,0,1,1,1,1,1,1,0,0,1,0,1,1,1,0,0,1,0,0,0,1,1,0,0,1,0,1,0,0,0,1,1,1,0,1,1,0,0,1,1,0
sampler_snapshot_random1_sampler_island_warmup5_cap1024_20260526,749,0,D1,86F8F96B2784D8F8,0,0,0,1,1,1,1,1,0,0,0,1,1,0,1,1,0,0,1,0,0,0,0,1,1,1,1,0,0,1,0,0,1,1,0,1,0,1,1,0,1,0,0,1,1,1,1,1,0,0,0,1,1,1,1,1,0,1,1,0,0,0,0,1,1,0,0,0,1,0,1,1
sampler_snapshot_random1_sampler_island_warmup5_cap1024_20260526,750,1,DF,97B5784A4FB5F4EA,0,1,0,1,0,1,1,1,0,0,1,0,1,1,1,1,1,0,1,0,1,1,0,1,1,1,1,1,0,0,1,0,0,1,0,1,0,0,1,0,0,0,0,1,1,1,1,0,1,0,1,0,1,1,0,1,1,1,1,0,1,0,0,1,1,1,1,1,1,0,1,1
sampler_snapshot_random1_sampler_island_warmup5_cap1024_20260526,751,1,0A,D4E40F0FDAF0B50F,1,1,1,1,0,0,0,0,1,0,1,0,1,1,0,1,0,0,0,0,1,1,1,1,0,1,0,1,1,0,1,1,1,1,1,1,0,0,0,0,1,1,1,1,0,0,0,0,0,0,1,0,0,1,1,1,0,0,1,0,1,0,1,1,0,1,0,1,0,0,0,0
sampler_snapshot_random1_sampler_island_warmup5_cap1024_20260526,752,0,C8,B040475FB9A0E44E,0,1,1,1,0,0,1,0,0,0,1,0,0,1,1,1,0,0,0,0,0,1,0,1,1,0,0,1,1,1,0,1,1,1,1,1,1,0,1,0,1,1,1,0,0,0,1,0,0,0,0,0,0,0,1,0,0,0,0,0,1,1,0,1,0,0,0,1,0,0,1,1
sampler_snapshot_random1_sampler_island_warmup5_cap1024_20260526,753,0,CF,E90112BEFDCD0232,0,1,0,0,1,1,0,0,0,1,0,0,0,0,0,0,1,0,1,1,0,0,1,1,1,0,1,1,1,1,1,1,0,1,1,1,1,1,0,1,0,1,0,0,1,0,0,0,1,0,0,0,0,0,0,0,1,0,0,1,0,1,1,1,1,1,1,1,0,0,1,1
sampler_snapshot_random1_sampler_island_warmup5_cap1024_20260526,754,1,06,CC7733A9CCCE4333,1,1,0,0,1,1,0,0,1,1,0,0,0,0,1,0,0,1,1,1,0,0,1,1,0,0,1,1,0,0,1,1,1,0,0,1,0,1,0,1,1,1,0,0,1,1,0,0,1,1,1,0,1,1,1,0,0,0,1,1,0,0,1,1,0,1,1,0,0,0,0,0
sampler_snapshot_random1_sampler_island_warmup5_cap1024_20260526,755,1,97,1C3677C1883E7667,1,1,1,0,0,1,1,0,0,1,1,0,1,1,1,0,0,1,1,1,1,1,0,0,0,0,0,1,0,0,0,1,1,0,0,0,0,0,1,1,1,1,1,0,1,1,1,0,0,1,1,0,1,1,0,0,0,0,1,1,1,0,0,0,1,1,1,0,1,0,0,1
sampler_snapshot_random1_sampler_island_warmup5_cap1024_20260526,756,1,80,79638484C97B3684,0,0,1,0,0,0,0,1,0,1,1,0,1,1,0,0,1,1,0,1,1,1,1,0,1,0,0,1,0,0,1,1,0,0,1,0,0,0,0,1,0,0,1,0,0,0,0,1,1,1,0,0,0,1,1,0,1,0,0,1,1,1,1,0,0,0,0,0,0,0,0,1
sampler_snapshot_random1_sampler_island_warmup5_cap1024_20260526,757,1,A7,3B4BC4D4BE3B6BC1,1,0,0,0,0,0,1,1,1,1,0,1,0,1,1,0,1,1,0,1,1,1,0,0,0,1,1,1,1,1,0,1,0,0,1,0,1,0,1,1,0,0,1,0,0,0,1,1,1,1,0,1,0,0,1,0,1,1,0,1,1,1,0,0,1,1,1,0,0,1,0,1
sampler_snapshot_random1_sampler_island_warmup5_cap1024_20260526,758,0,BB,6E8EC1F1764E0BF1,1,0,0,0,1,1,1,1,1,1,0,1,0,0,0,0,0,1,1,1,0,0,1,0,0,1,1,0,1,1,1,0,1,0,0,0,1,1,1,1,1,0,0,0,0,0,1,1,0,1,1,1,0,0,0,1,0,1,1,1,0,1,1,0,1,1,0,1,1,1,0,1
sampler_snapshot_random1_sampler_island_warmup5_cap1024_20260526,759,0,BE,4FFFB0B0434F8CB4,0,0,1,0,1,1,0,1,0,0,1,1,0,0,0,1,1,1,1,1,0,0,1,0,1,1,0,0,0,0,1,0,0,0,0,0,1,1,0,1,0,0,0,0,1,1,0,1,1,1,1,1,1,1,1,1,1,1,1,1,0,0,1,0,0,1,1,1,1,1,0,1
sampler_snapshot_random1_sampler_island_warmup5_cap1024_20260526,760,0,5B,1BFDFC460239FDCD,1,0,1,1,0,0,1,1,1,0,1,1,1,1,1,1,1,0,0,1,1,1,0,0,0,1,0,0,0,0,0,0,0,1,1,0,0,0,1,0,0,0,1,1,1,1,1,1,1,0,1,1,1,1,1,1,1,1,0,1,1,0,0,0,1,1,0,1,1,0,1,0
sampler_snapshot_random1_sampler_island_warmup5_cap1024_20260526,761,0,5A,FAA88D0746F0B98D,1,0,1,1,0,0,0,1,1,0,0,1,1,1,0,1,0,0,0,0,1,1,1,1,0,1,1,0,0,0,1,0,1,1,1,0,0,0,0,0,1,0,1,1,0,0,0,1,0,0,0,1,0,1,0,1,0,1,0,1,1,1,1,1,0,1,0,1,1,0,1,0
sampler_snapshot_random1_sampler_island_warmup5_cap1024_20260526,762,0,B9,F7CC8A5237F5E88A,0,1,0,1,0,0,0,1,0,0,0,1,0,1,1,1,1,0,1,0,1,1,1,1,1,1,1,0,1,1,0,0,0,1,0,0,1,0,1,0,0,1,0,1,0,0,0,1,0,0,1,1,0,0,1,1,1,1,1,0,1,1,1,1,1,0,0,1,1,1,0,1
sampler_snapshot_random1_sampler_island_warmup5_cap1024_20260526,763,1,37,A58D4A7A3585CD7A,0,1,0,1,1,1,1,0,1,0,1,1,0,0,1,1,1,0,1,0,0,0,0,1,1,0,1,0,1,1,0,0,0,1,0,1,1,1,1,0,0,1,0,1,0,0,1,0,1,0,1,1,0,0,0,1,1,0,1,0,0,1,0,1,1,1,1,0,1,1,0,0
sampler_snapshot_random1_sampler_island_warmup5_cap1024_20260526,764,1,42,C07C3F3FC0C08F3F,1,1,1,1,1,1,0,0,1,1,1,1,0,0,0,1,0,0,0,0,0,0,1,1,0,0,0,0,0,0,1,1,1,1,1,1,1,1,0,0,1,1,1,1,1,1,0,0,0,0,1,1,1,1,1,0,0,0,0,0,0,0,1,1,0,1,0,0,0,0,1,0
sampler_snapshot_random1_sampler_island_warmup5_cap1024_20260526,765,1,57,907A7E4F81B0FE5E,0,1,1,1,1,0,1,0,0,1,1,1,1,1,1,1,0,0,0,0,1,1,0,1,1,0,0,0,0,0,0,1,1,1,1,1,0,0,1,0,0,1,1,1,1,1,1,0,0,1,0,1,1,1,1,0,0,0,0,0,1,0,0,1,1,1,1,0,1,0,1,0
sampler_snapshot_random1_sampler_island_warmup5_cap1024_20260526,766,0,2F,F5034ACCCDF7324A,0,1,0,1,0,0,1,0,0,1,0,0,1,1,0,0,1,1,1,0,1,1,1,1,1,0,1,1,0,0,1,1,0,0,1,1,0,0,1,1,0,1,0,1,0,0,1,0,1,1,0,0,0,0,0,0,1,0,1,0,1,1,1,1,1,1,1,1,0,1,0,0
sampler_snapshot_random1_sampler_island_warmup5_cap1024_20260526,767,1,F6,F4460BB9FC762309,1,0,0,1,0,0,0,0,1,1,0,0,0,1,0,0,0,1,1,0,1,1,1,0,0,0,1,1,1,1,1,1,1,0,0,1,1,1,0,1,1,1,0,1,0,0,0,0,0,1,1,0,0,0,1,0,0,0,1,0,1,1,1,1,0,1,1,0,1,1,1,1
sampler_snapshot_random1_sampler_island_warmup5_cap1024_20260526,768,0,AB,2606CDF9B906467C,0,0,1,1,1,1,1,0,0,1,1,0,0,0,1,0,0,1,1,0,0,0,0,0,1,0,0,1,1,1,0,1,1,0,0,1,1,1,1,1,1,0,1,1,0,0,1,1,0,1,1,0,0,0,0,0,0,1,1,0,0,1,0,0,1,1,0,1,0,1,0,1
sampler_snapshot_random1_sampler_island_warmup5_cap1024_20260526,769,0,90,4333B4BCDB4B06B4,0,0,1,0,1,1,0,1,0,1,1,0,0,0,0,0,1,1,0,1,0,0,1,0,1,1,0,1,1,0,1,1,0,0,1,1,1,1,0,1,0,0,1,0,1,1,0,1,1,1,0,0,1,1,0,0,1,1,0,0,0,0,1,0,0,0,0,0,1,0,0,1
sampler_snapshot_random1_sampler_island_warmup5_cap1024_20260526,770,0,14,0AF3F5CD8E7A71D1,1,0,0,0,1,0,1,1,1,0,0,0,1,1,1,0,0,1,0,1,1,1,1,0,0,1,1,1,0,0,0,1,1,0,1,1,0,0,1,1,1,0,1,0,1,1,1,1,1,1,0,0,1,1,1,1,0,1,0,1,0,0,0,0,0,0,1,0,1,0,0,0
sampler_snapshot_random1_sampler_island_warmup5_cap1024_20260526,771,1,E7,3E94C1C34E3E70C1,1,0,0,0,0,0,1,1,0,0,0,0,1,1,1,0,0,1,1,1,1,1,0,0,0,1,1,1,0,0,1,0,1,1,0,0,0,0,1,1,1,0,0,0,0,0,1,1,0,0,1,0,1,0,0,1,0,1,1,1,1,1,0,0,1,1,1,0,0,1,1,1
sampler_snapshot_random1_sampler_island_warmup5_cap1024_20260526,772,0,80,7FC584B27B7DB484,0,0,1,0,0,0,0,1,0,0,1,0,1,1,0,1,1,0,1,1,1,1,1,0,1,1,0,1,1,1,1,0,0,1,0,0,1,1,0,1,0,0,1,0,0,0,0,1,1,0,1,0,0,0,1,1,1,1,1,1,1,1,1,0,0,0,0,0,0,0,0,1
sampler_snapshot_random1_sampler_island_warmup5_cap1024_20260526,773,1,13,2BC9C5763A88CDF7,1,1,1,0,1,1,1,1,1,0,1,1,0,0,1,1,0,0,0,1,0,0,0,1,0,1,0,1,1,1,0,0,0,1,1,0,1,1,1,0,1,0,1,0,0,0,1,1,1,0,0,1,0,0,1,1,1,1,0,1,0,1,0,0,1,1,0,0,1,0,0,0
sampler_snapshot_random1_sampler_island_warmup5_cap1024_20260526,774,1,97,C8B8B73756C889F7,1,1,1,0,1,1,1,1,1,0,0,1,0,0,0,1,0,0,0,1,0,0,1,1,0,1,1,0,1,0,1,0,1,1,1,0,1,1,0,0,1,1,1,0,1,1,0,1,0,0,0,1,1,1,0,1,0,0,0,1,0,0,1,1,1,1,1,0,1,0,0,1
sampler_snapshot_random1_sampler_island_warmup5_cap1024_20260526,775,0,FB,CDFD320245EDF892,0,1,0,0,1,0,0,1,0,0,0,1,1,1,1,1,1,0,1,1,0,1,1,1,1,0,1,0,0,0,1,0,0,1,0,0,0,0,0,0,0,1,0,0,1,1,0,0,1,0,1,1,1,1,1,1,1,0,1,1,0,0,1,1,1,1,0,1,1,1,1,1
sampler_snapshot_random1_sampler_island_warmup5_cap1024_20260526,776,1,49,BD9D5A4204BDFF4F,1,1,1,1,0,0,1,0,1,1,1,1,1,1,1,1,1,0,1,1,1,1,0,1,0,0,1,0,0,0,0,0,0,1,0,0,0,0,1,0,0,1,0,1,1,0,1,0,1,0,1,1,1,0,0,1,1,0,1,1,1,1,0,1,1,0,0,1,0,0,1,0
sampler_snapshot_random1_sampler_island_warmup5_cap1024_20260526,777,1,90,F84E0F25F0F09F0F,1,1,1,1,0,0,0,0,1,1,1,1,1,0,0,1,0,0,0,0,1,1,1,1,0,0,0,0,1,1,1,1,1,0,1,0,0,1,0,0,1,1,1,1,0,0,0,0,0,1,1,1,0,0,1,0,0,0,0,1,1,1,1,1,0,0,0,0,1,0,0,1
sampler_snapshot_random1_sampler_island_warmup5_cap1024_20260526,778,0,46,B14A4EFCB183CE7E,0,1,1,1,1,1,1,0,0,1,1,1,0,0,1,1,1,1,0,0,0,0,0,1,1,0,0,0,1,1,0,1,0,0,1,1,1,1,1,1,0,1,1,1,0,0,1,0,0,1,0,1,0,0,1,0,1,0,0,0,1,1,0,1,0,1,1,0,0,0,1,0
sampler_snapshot_random1_sampler_island_warmup5_cap1024_20260526,779,1,6B,C53B7AFCD5870B79,1,0,0,1,1,1,1,0,1,1,0,1,0,0,0,0,1,1,1,0,0,0,0,1,1,0,1,0,1,0,1,1,0,0,1,1,1,1,1,1,0,1,0,1,1,1,1,0,1,1,0,1,1,1,0,0,1,0,1,0,0,0,1,1,1,1,0,1,0,1,1,0
sampler_snapshot_random1_sampler_island_warmup5_cap1024_20260526,780,1,99,467E3989C4663F19,1,0,0,1,1,0,0,0,1,1,1,1,1,1,0,0,0,1,1,0,0,1,1,0,0,0,1,0,0,0,1,1,1,0,0,1,0,0,0,1,1,0,0,1,1,1,0,0,0,1,1,1,1,1,1,0,0,1,1,0,0,0,1,0,1,0,0,1,1,0,0,1
sampler_snapshot_random1_sampler_island_warmup5_cap1024_20260526,781,0,6D,365EDCCC83377E4C,0,0,1,1,0,0,1,0,0,1,1,1,1,1,1,0,1,1,1,0,1,1,0,0,1,1,0,0,0,0,0,1,0,0,1,1,0,0,1,1,0,0,1,1,1,0,1,1,0,1,1,1,1,0,1,0,0,1,1,0,1,1,0,0,1,0,1,1,0,1,1,0
sampler_snapshot_random1_sampler_island_warmup5_cap1024_20260526,782,0,AB,73038CACFB53158C,0,0,1,1,0,0,0,1,1,0,1,0,1,0,0,0,1,1,0,0,1,0,1,0,1,1,0,1,1,1,1,1,0,0,1,1,0,1,0,1,0,0,1,1,0,0,0,1,1,1,0,0,0,0,0,0,1,1,0,0,1,1,1,0,1,1,0,1,0,1,0,1
sampler_snapshot_random1_sampler_island_warmup5_cap1024_20260526,783,0,88,52C0A9FF3E4441A9,1,0,0,1,0,1,0,1,1,0,0,0,0,0,1,0,0,0,1,0,0,0,1,0,0,1,1,1,1,1,0,0,1,1,1,1,1,1,1,1,1,0,0,1,0,1,0,1,0,0,0,0,0,0,1,1,0,1,0,0,1,0,1,0,0,0,0,1,0,0,0,1
sampler_snapshot_random1_sampler_island_warmup5_cap1024_20260526,784,0,5D,06A4F9FB1F04C0F8,0,0,0,1,1,1,1,1,0,0,0,0,0,0,1,1,0,0,1,0,0,0,0,0,1,1,1,1,1,0,0,0,1,1,0,1,1,1,1,1,1,0,0,1,1,1,1,1,0,0,1,0,0,1,0,1,0,1,1,0,0,0,0,0,1,0,1,1,1,0,1,0
sampler_snapshot_random1_sampler_island_warmup5_cap1024_20260526,785,1,A6,4FF5B60A4B6DA496,0,1,1,0,1,0,0,1,0,0,1,0,0,1,0,1,1,0,1,1,0,1,1,0,1,1,0,1,0,0,1,0,0,1,0,1,0,0,0,0,0,1,1,0,1,1,0,1,1,0,1,0,1,1,1,1,1,1,1,1,0,0,1,0,0,1,1,0,0,1,0,1
sampler_snapshot_random1_sampler_island_warmup5_cap1024_20260526,786,0,11,B8D1D74F28B8F5C7,1,1,1,0,0,0,1,1,1,0,1,0,1,1,1,1,0,0,0,1,1,1,0,1,0,0,0,1,0,1,0,0,1,1,1,1,0,0,1,0,1,1,1,0,1,0,1,1,1,0,0,0,1,0,1,1,0,0,0,1,1,1,0,1,1,0,0,0,1,0,0,0
sampler_snapshot_random1_sampler_island_warmup5_cap1024_20260526,787,0,F2,F880C7676CD892E2,0,1,0,0,0,1,1,1,0,1,0,0,1,0,0,1,0,0,0,1,1,0,1,1,0,0,1,1,0,1,1,0,1,1,1,0,0,1,1,0,1,1,1,0,0,0,1,1,0,0,0,0,0,0,0,1,0,0,0,1,1,1,1,1,0,1,0,0,1,1,1,1
sampler_snapshot_random1_sampler_island_warmup5_cap1024_20260526,788,0,55,DDC722327DCD82A2,0,1,0,0,0,1,0,1,0,1,0,0,0,0,0,1,1,0,1,1,0,0,1,1,1,0,1,1,1,1,1,0,0,1,0,0,1,1,0,0,0,1,0,0,0,1,0,0,1,1,1,0,0,0,1,1,1,0,1,1,1,0,1,1,1,0,1,0,1,0,1,0
sampler_snapshot_random1_sampler_island_warmup5_cap1024_20260526,789,0,02,8DAF63719C8EC777,1,1,1,0,1,1,1,0,1,1,1,0,0,0,1,1,0,1,1,1,0,0,0,1,0,0,1,1,1,0,0,1,1,0,0,0,1,1,1,0,1,1,0,0,0,1,1,0,1,1,1,1,0,1,0,1,1,0,1,1,0,0,0,1,0,1,0,0,0,0,0,0
sampler_snapshot_random1_sampler_island_warmup5_cap1024_20260526,790,1,F6,C83E3715C0EAAE17,1,1,1,0,1,0,0,0,0,1,1,1,0,1,0,1,0,1,0,1,0,1,1,1,0,0,0,0,0,0,1,1,1,0,1,0,1,0,0,0,1,1,1,0,1,1,0,0,0,1,1,1,1,1,0,0,0,0,0,1,0,0,1,1,0,1,1,0,1,1,1,1
sampler_snapshot_random1_sampler_island_warmup5_cap1024_20260526,791,1,7C,BB5B54C4A1FB7E44,0,0,1,0,0,0,1,0,0,1,1,1,1,1,1,0,1,1,0,1,1,1,1,1,1,0,0,0,0,1,0,1,0,0,1,0,0,0,1,1,0,0,1,0,1,0,1,0,1,1,0,1,1,0,1,0,1,1,0,1,1,1,0,1,0,0,1,1,1,1,1,0
sampler_snapshot_random1_sampler_island_warmup5_cap1024_20260526,792,1,D3,BF0B48E0A69F5B61,1,0,0,0,0,1,1,0,1,1,0,1,1,0,1,0,1,1,1,1,1,0,0,1,0,1,1,0,0,1,0,1,0,0,0,0,0,1,1,1,0,0,0,1,0,0,1,0,1,1,0,1,0,0,0,0,1,1,1,1,1,1,0,1,1,1,0,0,1,0,1,1
sampler_snapshot_random1_sampler_island_warmup5_cap1024_20260526,793,0,A7,5E4E29B1F65E0D29,1,0,0,1,0,1,0,0,1,0,1,1,0,0,0,0,0,1,1,1,1,0,1,0,0,1,1,0,1,1,1,1,1,0,0,0,1,1,0,1,1,0,0,1,0,1,0,0,0,1,1,1,0,0,1,0,0,1,1,1,1,0,1,0,1,1,1,0,0,1,0,1
sampler_snapshot_random1_sampler_island_warmup5_cap1024_20260526,794,1,A2,076CECF693034CFC,0,0,1,1,1,1,1,1,0,0,1,1,0,0,1,0,1,1,0,0,0,0,0,0,1,1,0,0,1,0,0,1,0,1,1,0,1,1,1,1,0,0,1,1,0,1,1,1,0,0,1,1,0,1,1,0,1,1,1,0,0,0,0,0,0,1,0,0,0,1,0,1
sampler_snapshot_random1_sampler_island_warmup5_cap1024_20260526,795,1,D4,43B9FC9EC3612DDD,1,0,1,1,1,0,1,1,1,0,1,1,0,1,0,0,1,0,0,0,0,1,1,0,1,1,0,0,0,0,1,1,0,1,1,1,1,0,0,1,0,0,1,1,1,1,1,1,1,0,0,1,1,1,0,1,1,1,0,0,0,0,1,0,0,0,1,0,1,0,1,1
sampler_snapshot_random1_sampler_island_warmup5_cap1024_20260526,796,0,13,72D8998F6674799B,1,1,0,1,1,0,0,1,1,0,0,1,1,1,1,0,0,0,1,0,1,1,1,0,0,1,1,0,0,1,1,0,1,1,1,1,0,0,0,1,1,0,0,1,1,0,0,1,0,0,0,1,1,0,1,1,0,1,0,0,1,1,1,0,1,1,0,0,1,0,0,0
sampler_snapshot_random1_sampler_island_warmup5_cap1024_20260526,797,0,D5,348CCAEA2715D8EA,0,1,0,1,0,1,1,1,0,0,0,1,1,0,1,1,1,0,1,0,1,0,0,0,1,1,1,0,0,1,0,0,0,1,0,1,0,1,1,1,0,1,0,1,0,0,1,1,0,0,1,1,0,0,0,1,0,0,1,0,1,1,0,0,1,0,1,0,1,0,1,1
sampler_snapshot_random1_sampler_island_warmup5_cap1024_20260526,798,0,2F,55A5AE3A79D585AE,0,1,1,1,0,1,0,1,1,0,1,0,0,0,0,1,1,0,1,0,1,0,1,1,1,0,0,1,1,1,1,0,0,1,0,1,1,1,0,0,0,1,1,1,0,1,0,1,1,0,1,0,0,1,0,1,1,0,1,0,1,0,1,0,1,1,1,1,0,1,0,0
sampler_snapshot_random1_sampler_island_warmup5_cap1024_20260526,799,1,E4,80E0EF5F1880E7FF,1,1,1,1,1,1,1,1,1,1,1,0,0,1,1,1,0,0,0,0,0,0,0,1,0,0,0,1,1,0,0,0,1,1,1,1,1,0,1,0,1,1,1,1,0,1,1,1,0,0,0,0,0,1,1,1,0,0,0,0,0,0,0,1,0,0,1,0,0,1,1,1
sampler_snapshot_random1_sampler_island_warmup5_cap1024_20260526,800,1,39,C0B27F5D5DA0E2DA,0,1,0,1,1,0,1,1,0,1,0,0,0,1,1,1,0,0,0,0,0,1,0,1,1,0,1,1,1,0,1,0,1,0,1,1,1,0,1,0,1,1,1,1,1,1,1,0,0,1,0,0,1,1,0,1,0,0,0,0,0,0,1,1,1,0,0,1,1,1,0,0
sampler_snapshot_random1_sampler_island_warmup5_cap1024_20260526,801,0,18,EDD712086DFFB212,0,1,0,0,1,0,0,0,0,1,0,0,1,1,0,1,1,1,1,1,1,1,1,1,1,0,1,1,0,1,1,0,0,0,0,1,0,0,0,0,0,1,0,0,1,0,0,0,1,1,1,0,1,0,1,1,1,0,1,1,0,1,1,1,0,0,0,1,1,0,0,0
sampler_snapshot_random1_sampler_island_warmup5_cap1024_20260526,802,1,A4,BC564369AC9ED765,1,0,1,0,0,1,1,0,1,1,1,0,1,0,1,1,0,1,1,1,1,0,0,1,0,0,1,1,0,1,0,1,1,0,0,1,0,1,1,0,1,1,0,0,0,0,1,0,0,1,1,0,1,0,1,0,0,0,1,1,1,1,0,1,0,0,1,0,0,1,0,1
sampler_snapshot_random1_sampler_island_warmup5_cap1024_20260526,803,1,E4,DA262535F9DA9624,0,0,1,0,0,1,0,0,0,1,1,0,1,0,0,1,0,1,0,1,1,0,1,1,1,0,0,1,1,1,1,1,1,0,1,0,1,1,0,0,1,0,1,0,0,1,0,0,0,1,1,0,0,1,0,0,0,1,0,1,1,0,1,1,0,0,1,0,0,1,1,1
sampler_snapshot_random1_sampler_island_warmup5_cap1024_20260526,804,1,93,CB6324949FEB6234,0,0,1,0,1,1,0,0,0,1,0,0,0,1,1,0,1,1,0,1,0,1,1,1,1,1,1,1,1,0,0,1,0,0,1,0,1,0,0,1,0,0,1,0,0,1,0,0,1,1,0,0,0,1,1,0,1,1,0,1,0,0,1,1,1,1,0,0,1,0,0,1
sampler_snapshot_random1_sampler_island_warmup5_cap1024_20260526,805,1,29,8E3F51D19E2E6951,1,0,0,0,1,0,1,0,1,0,0,1,0,1,1,0,0,1,1,1,0,1,0,0,0,1,1,1,1,0,0,1,1,0,0,0,1,0,1,1,1,0,0,0,1,0,1,0,1,1,1,1,1,1,0,0,0,1,1,1,0,0,0,1,1,0,0,1,0,1,0,0
sampler_snapshot_random1_sampler_island_warmup5_cap1024_20260526,806,1,BC,6E5C9183E66E3C11,1,0,0,0,1,0,0,0,0,0,1,1,1,1,0,0,0,1,1,1,0,1,1,0,0,1,1,0,0,1,1,1,1,1,0,0,0,0,0,1,1,0,0,0,1,0,0,1,0,0,1,1,1,0,1,0,0,1,1,1,0,1,1,0,0,0,1,1,1,1,0,1
sampler_snapshot_random1_sampler_island_warmup5_cap1024_20260526,807,1,D4,3B5DD4E6A3195CE4,0,0,1,0,0,1,1,1,0,0,1,1,1,0,1,0,1,0,0,1,1,0,0,0,1,1,0,0,0,1,0,1,0,1,1,0,0,1,1,1,0,0,1,0,1,0,1,1,1,0,1,1,1,0,1,0,1,1,0,1,1,1,0,0,0,0,1,0,1,0,1,1
sampler_snapshot_random1_sampler_island_warmup5_cap1024_20260526,808,1,99,5BA9EEE6F2591DEF,1,1,1,1,0,1,1,1,1,0,1,1,1,0,0,0,1,0,0,1,1,0,1,0,0,1,0,0,1,1,1,1,0,1,1,0,0,1,1,1,0,1,1,1,0,1,1,1,1,0,0,1,0,1,0,1,1,1,0,1,1,0,1,0,1,0,0,1,1,0,0,1
sampler_snapshot_random1_sampler_island_warmup5_cap1024_20260526,809,1,B6,4CE8AB97566429BB,1,1,0,1,1,1,0,1,1,0,0,1,0,1,0,0,0,0,1,0,0,1,1,0,0,1,1,0,1,0,1,0,1,1,1,0,1,0,0,1,1,1,0,1,0,1,0,1,0,0,0,1,0,1,1,1,0,0,1,1,0,0,1,0,0,1,1,0,1,1,0,1
sampler_snapshot_random1_sampler_island_warmup5_cap1024_20260526,810,0,3F,05BDDADA1525EADA,0,1,0,1,1,0,1,1,0,1,0,1,0,1,1,1,1,0,1,0,0,1,0,0,1,0,1,0,1,0,0,0,0,1,0,1,1,0,1,1,0,1,0,1,1,0,1,1,1,0,1,1,1,1,0,1,1,0,1,0,0,0,0,0,1,1,1,1,1,1,0,0
sampler_snapshot_random1_sampler_island_warmup5_cap1024_20260526,811,1,66,659D9E0A60E5BF9F,1,1,1,1,1,0,0,1,1,1,1,1,1,1,0,1,1,0,1,0,0,1,1,1,0,0,0,0,0,1,1,0,0,1,0,1,0,0,0,0,0,1,1,1,1,0,0,1,1,0,1,1,1,0,0,1,1,0,1,0,0,1,1,0,0,1,1,0,0,1,1,0
sampler_snapshot_random1_sampler_island_warmup5_cap1024_20260526,812,1,FB,B0DADF6D20D2DFEF,1,1,1,1,0,1,1,1,1,1,1,1,1,0,1,1,0,1,0,0,1,0,1,1,0,0,0,0,0,1,0,0,1,0,1,1,0,1,1,0,1,1,1,1,1,0,1,1,0,1,0,1,1,0,1,1,0,0,0,0,1,1,0,1,1,1,0,1,1,1,1,1
sampler_snapshot_random1_sampler_island_warmup5_cap1024_20260526,813,1,8B,91AA6A6C1593DAEA,0,1,0,1,0,1,1,1,0,1,0,1,1,0,1,1,1,1,0,0,1,0,0,1,1,0,1,0,1,0,0,0,0,0,1,1,0,1,1,0,0,1,0,1,0,1,1,0,0,1,0,1,0,1,0,1,1,0,0,0,1,0,0,1,1,1,0,1,0,0,0,1
sampler_snapshot_random1_sampler_island_warmup5_cap1024_20260526,814,0,81,D5E72818DDE7A308,0,0,0,1,0,0,0,0,1,1,0,0,0,1,0,1,1,1,1,0,0,1,1,1,1,0,1,1,1,0,1,1,0,0,0,1,1,0,0,0,0,0,0,1,0,1,0,0,1,1,1,0,0,1,1,1,1,0,1,0,1,0,1,1,1,0,0,0,0,0,0,1
sampler_snapshot_random1_sampler_island_warmup5_cap1024_20260526,815,0,61,A6765D599AA6E75D,1,0,1,1,1,0,1,0,1,1,1,0,0,1,1,1,0,1,1,0,0,1,0,1,0,1,0,1,1,0,0,1,1,0,0,1,1,0,1,0,1,0,1,1,1,0,1,0,0,1,1,0,1,1,1,0,0,1,1,0,0,1,0,1,1,0,0,0,0,1,1,0
sampler_snapshot_random1_sampler_island_warmup5_cap1024_20260526,816,0,02,E2125C8DEBE2345C,0,0,1,1,1,0,1,0,0,0,1,0,1,1,0,0,0,1,0,0,0,1,1,1,1,1,0,1,0,1,1,1,1,0,1,1,0,0,0,1,0,0,1,1,1,0,1,0,0,1,0,0,1,0,0,0,0,1,0,0,0,1,1,1,0,1,0,0,0,0,0,0
sampler_snapshot_random1_sampler_island_warmup5_cap1024_20260526,817,0,D9,FB5114AEEFDB5020,0,0,0,0,0,1,0,0,0,0,0,0,1,0,1,0,1,1,0,1,1,0,1,1,1,1,1,1,0,1,1,1,0,1,1,1,0,1,0,1,0,0,1,0,1,0,0,0,1,0,0,0,1,0,1,0,1,1,0,1,1,1,1,1,1,0,0,1,1,0,1,1
sampler_snapshot_random1_sampler_island_warmup5_cap1024_20260526,818,1,27,1E2461EB8E1C5161,1,0,0,0,0,1,1,0,1,0,0,0,1,0,1,0,0,0,1,1,1,0,0,0,0,1,1,1,0,0,0,1,1,1,0,1,0,1,1,1,1,0,0,0,0,1,1,0,0,0,1,0,0,1,0,0,0,1,1,1,1,0,0,0,1,1,1,0,0,1,0,0
sampler_snapshot_random1_sampler_island_warmup5_cap1024_20260526,819,1,A8,5E24A193DF6C2406,0,1,1,0,0,0,0,0,0,0,1,0,0,1,0,0,0,0,1,1,0,1,1,0,1,1,1,1,1,0,1,1,1,1,0,0,1,0,0,1,1,0,0,0,0,1,0,1,0,0,1,0,0,1,0,0,0,1,1,1,1,0,1,0,0,0,0,1,0,1,0,1
sampler_snapshot_random1_sampler_island_warmup5_cap1024_20260526,820,1,FF,2945D6D69B2964D6,0,1,1,0,1,0,1,1,0,0,1,0,0,1,1,0,1,0,0,1,0,1,0,0,1,1,0,1,1,0,0,1,0,1,1,0,1,0,1,1,0,1,1,0,1,0,1,1,1,0,1,0,0,0,1,0,1,0,0,1,0,1,0,0,1,1,1,1,1,1,1,1
sampler_snapshot_random1_sampler_island_warmup5_cap1024_20260526,821,0,08,2899D7E7682869D7,1,1,1,0,1,0,1,1,1,0,0,1,0,1,1,0,0,0,0,1,0,1,0,0,0,0,0,1,0,1,1,0,1,1,1,0,0,1,1,1,1,1,1,0,1,0,1,1,1,0,0,1,1,0,0,1,0,0,0,1,0,1,0,0,0,0,0,1,0,0,0,0
sampler_snapshot_random1_sampler_island_warmup5_cap1024_20260526,822,0,88,7CD893A3645C9AA3,1,1,0,0,0,1,0,1,0,1,0,1,1,0,0,1,0,0,1,1,1,0,1,0,0,0,1,0,0,1,1,0,1,1,0,0,0,1,0,1,1,1,0,0,1,0,0,1,0,0,0,1,1,0,1,1,0,0,1,1,1,1,1,0,0,0,0,1,0,0,0,1
sampler_snapshot_random1_sampler_island_warmup5_cap1024_20260526,823,0,40,1DEFE260051DDEE2,0,1,0,0,0,1,1,1,0,1,1,1,1,0,1,1,1,0,1,1,1,0,0,0,1,0,1,0,0,0,0,0,0,0,0,0,0,1,1,0,0,1,0,0,0,1,1,1,1,1,1,1,0,1,1,1,1,0,1,1,1,0,0,0,0,0,0,0,0,0,1,0
sampler_snapshot_random1_sampler_island_warmup5_cap1024_20260526,824,0,01,DDAFAF1450FAAF8F,1,1,1,1,0,0,0,1,1,1,1,1,0,1,0,1,0,1,0,1,1,1,1,1,0,0,0,0,1,0,1,0,0,0,1,0,1,0,0,0,1,1,1,1,0,1,0,1,1,1,1,1,0,1,0,1,1,0,1,1,1,0,1,1,1,0,0,0,0,0,0,0
sampler_snapshot_random1_sampler_island_warmup5_cap1024_20260526,825,0,33,E8CA8F1550E2EF9D,1,0,1,1,1,0,0,1,1,1,1,1,0,1,1,1,0,1,0,0,0,1,1,1,0,0,0,0,1,0,1,0,1,0,1,0,1,0,0,0,1,1,1,1,0,0,0,1,0,1,0,1,0,0,1,1,0,0,0,1,0,1,1,1,1,1,0,0,1,1,0,0
sampler_snapshot_random1_sampler_island_warmup5_cap1024_20260526,826,1,6C,A39B587425A7CAD8,0,0,0,1,1,0,1,1,0,1,0,1,0,0,1,1,1,1,1,0,0,1,0,1,1,0,1,0,0,1,0,0,0,0,1,0,1,1,1,0,0,0,0,1,1,0,1,0,1,1,0,1,1,0,0,1,1,1,0,0,0,1,0,1,0,0,1,1,0,1,1,0
sampler_snapshot_random1_sampler_island_warmup5_cap1024_20260526,827,0,CA,F7DF1828E6D79B39,1,0,0,1,1,1,0,0,1,1,0,1,1,0,0,1,1,1,1,0,1,0,1,1,0,1,1,0,0,1,1,1,0,0,0,1,0,1,0,0,0,0,0,1,1,0,0,0,1,1,1,1,1,0,1,1,1,1,1,0,1,1,1,1,0,1,0,1,0,0,1,1
sampler_snapshot_random1_sampler_island_warmup5_cap1024_20260526,828,1,61,966E6D698296DD6D,1,0,1,1,0,1,1,0,1,0,1,1,1,0,1,1,0,1,1,0,1,0,0,1,0,1,0,0,0,0,0,1,1,0,0,1,0,1,1,0,1,0,1,1,0,1,1,0,0,1,1,1,0,1,1,0,0,1,1,0,1,0,0,1,1,0,0,0,0,1,1,0
sampler_snapshot_random1_sampler_island_warmup5_cap1024_20260526,829,1,8B,D3286CDED3F32C4C,0,0,1,1,0,0,1,0,0,0,1,1,0,1,0,0,1,1,0,0,1,1,1,1,1,1,0,0,1,0,1,1,0,1,1,1,1,0,1,1,0,0,1,1,0,1,1,0,0,0,0,1,0,1,0,0,1,1,0,0,1,0,1,1,1,1,0,1,0,0,0,1
sampler_snapshot_random1_sampler_island_warmup5_cap1024_20260526,830,1,98,E3410C9EDFE12118,0,0,0,1,1,0,0,0,1,0,0,0,0,1,0,0,1,0,0,0,0,1,1,1,1,1,1,1,1,0,1,1,0,1,1,1,1,0,0,1,0,0,1,1,0,0,0,0,1,0,0,0,0,0,1,0,1,1,0,0,0,1,1,1,0,0,0,1,1,0,0,1
sampler_snapshot_random1_sampler_island_warmup5_cap1024_20260526,831,1,B5,26145BFBBE04415B,1,1,0,1,1,0,1,0,1,0,0,0,0,0,1,0,0,0,1,0,0,0,0,0,0,1,1,1,1,1,0,1,1,1,0,1,1,1,1,1,1,1,0,1,1,0,1,0,0,0,1,0,1,0,0,0,0,1,1,0,0,1,0,0,1,0,1,0,1,1,0,1
sampler_snapshot_random1_sampler_island_warmup5_cap1024_20260526,832,1,20,4414BAAAEB5514BE,0,1,1,1,1,1,0,1,0,0,1,0,1,0,0,0,1,0,1,0,1,0,1,0,1,1,0,1,0,1,1,1,0,1,0,1,0,1,0,1,0,1,0,1,1,1,0,1,0,0,1,0,1,0,0,0,0,0,1,0,0,0,1,0,0,0,0,0,0,1,0,0
sampler_snapshot_random1_sampler_island_warmup5_cap1024_20260526,833,1,EB,19F1E6EE895957E6,0,1,1,0,0,1,1,1,1,1,1,0,1,0,1,0,1,0,0,1,1,0,1,0,1,0,0,1,0,0,0,1,0,1,1,1,0,1,1,1,0,1,1,0,0,1,1,1,1,0,0,0,1,1,1,1,1,0,0,1,1,0,0,0,1,1,0,1,0,1,1,1
sampler_snapshot_random1_sampler_island_warmup5_cap1024_20260526,834,0,5F,18A2E7DF1C3873C7,1,1,1,0,0,0,1,1,1,1,0,0,1,1,1,0,0,0,0,1,1,1,0,0,0,0,1,1,1,0,0,0,1,1,1,1,1,0,1,1,1,1,1,0,0,1,1,1,0,1,0,0,0,1,0,1,0,0,0,1,1,0,0,0,1,1,1,1,1,0,1,0
sampler_snapshot_random1_sampler_island_warmup5_cap1024_20260526,835,0,37,6CC683917D6EA292,0,1,0,0,1,0,0,1,0,1,0,0,0,1,0,1,0,1,1,1,0,1,1,0,1,0,1,1,1,1,1,0,1,0,0,0,1,0,0,1,1,1,0,0,0,0,0,1,0,1,1,0,0,0,1,1,0,0,1,1,0,1,1,0,1,1,1,0,1,1,0,0
sampler_snapshot_random1_sampler_island_warmup5_cap1024_20260526,836,1,1C,2DD7D2703D8FC6F6,0,1,1,0,1,1,1,1,0,1,1,0,0,0,1,1,1,1,1,1,0,0,0,1,1,0,1,1,1,1,0,0,0,0,0,0,1,1,1,0,0,1,0,0,1,0,1,1,1,1,1,0,1,0,1,1,1,0,1,1,0,1,0,0,0,0,1,1,1,0,0,0
sampler_snapshot_random1_sampler_island_warmup5_cap1024_20260526,837,0,5E,CA97F52568DA97F5,1,0,1,0,1,1,1,1,1,1,1,0,1,0,0,1,0,1,0,1,1,0,1,1,0,0,0,1,0,1,1,0,1,0,1,0,0,1,0,0,1,0,1,0,1,1,1,1,1,1,1,0,1,0,0,1,0,1,0,1,0,0,1,1,0,1,1,1,1,0,1,0
sampler_snapshot_random1_sampler_island_warmup5_cap1024_20260526,838,1,95,DAFA352542DADEA4,0,0,1,0,0,1,0,1,0,1,1,1,1,0,1,1,0,1,0,1,1,0,1,1,0,1,0,0,0,0,1,0,1,0,1,0,0,1,0,0,1,0,1,0,1,1,0,0,0,1,0,1,1,1,1,1,0,1,0,1,1,0,1,1,1,0,1,0,1,0,0,1
sampler_snapshot_random1_sampler_island_warmup5_cap1024_20260526,839,0,4F,9FAB604497BFF840,0,0,0,0,0,0,1,0,0,0,0,1,1,1,1,1,1,1,1,1,1,1,0,1,1,1,1,0,1,0,0,1,0,0,1,0,0,0,1,0,0,0,0,0,0,1,1,0,1,1,0,1,0,1,0,1,1,1,1,1,1,0,0,1,1,1,1,1,0,0,1,0
sampler_snapshot_random1_sampler_island_warmup5_cap1024_20260526,840,1,C2,EF0D0911F6EEAD11,1,0,0,0,1,0,0,0,1,0,1,1,0,1,0,1,0,1,1,1,0,1,1,1,0,1,1,0,1,1,1,1,1,0,0,0,1,0,0,0,1,0,0,1,0,0,0,0,1,0,1,1,0,0,0,0,1,1,1,1,0,1,1,1,0,1,0,0,0,0,1,1
sampler_snapshot_random1_sampler_island_warmup5_cap1024_20260526,841,0,B6,AE5C5DF7B28C4C7D,1,0,1,1,1,1,1,0,0,0,1,1,0,0,1,0,0,0,1,1,0,0,0,1,0,1,0,0,1,1,0,1,1,1,1,0,1,1,1,1,1,0,1,1,1,0,1,0,0,0,1,1,1,0,1,0,0,1,1,1,0,1,0,1,0,1,1,0,1,1,0,1
sampler_snapshot_random1_sampler_island_warmup5_cap1024_20260526,842,0,B8,83397CE6E3815C7E,0,1,1,1,1,1,1,0,0,0,1,1,1,0,1,0,1,0,0,0,0,0,0,1,1,1,0,0,0,1,1,1,0,1,1,0,0,1,1,1,0,0,1,1,1,1,1,0,1,0,0,1,1,1,0,0,1,1,0,0,0,0,0,1,0,0,0,1,1,1,0,1
sampler_snapshot_random1_sampler_island_warmup5_cap1024_20260526,843,1,C0,51793A8EC655392B,1,1,0,1,0,1,0,0,1,0,0,1,1,1,0,0,1,0,1,0,1,0,1,0,0,1,1,0,0,0,1,1,0,1,1,1,0,0,0,1,0,1,0,1,1,1,0,0,1,0,0,1,1,1,1,0,1,0,0,0,1,0,1,0,0,0,0,0,0,0,1,1
sampler_snapshot_random1_sampler_island_warmup5_cap1024_20260526,844,1,1E,146CEBCB9434794B,1,1,0,1,0,0,1,0,1,0,0,1,1,1,1,0,0,0,1,0,1,1,0,0,0,0,1,0,1,0,0,1,1,1,0,1,0,0,1,1,1,1,0,1,0,1,1,1,0,0,1,1,0,1,1,0,0,0,1,0,1,0,0,0,0,1,1,1,1,0,0,0
sampler_snapshot_random1_sampler_island_warmup5_cap1024_20260526,845,1,89,750C8E9AF1652E9E,0,1,1,1,1,0,0,1,0,1,1,1,0,1,0,0,1,0,1,0,0,1,1,0,1,0,0,0,1,1,1,1,0,1,0,1,1,0,0,1,0,1,1,1,0,0,0,1,0,0,1,1,0,0,0,0,1,0,1,0,1,1,1,0,1,0,0,1,0,0,0,1
sampler_snapshot_random1_sampler_island_warmup5_cap1024_20260526,846,0,F1,61D39EBC784147BF,1,1,1,1,1,1,0,1,1,1,1,0,0,0,1,0,1,0,0,0,0,0,1,0,0,0,0,1,1,1,1,0,0,0,1,1,1,1,0,1,0,1,1,1,1,0,0,1,1,1,0,0,1,0,1,1,1,0,0,0,0,1,1,0,1,0,0,0,1,1,1,1
sampler_snapshot_random1_sampler_island_warmup5_cap1024_20260526,847,1,0F,00B2FFED2C02D3FB,1,1,0,1,1,1,1,1,1,1,0,0,1,0,1,1,0,1,0,0,0,0,0,0,0,0,1,1,0,1,0,0,1,0,1,1,0,1,1,1,1,1,1,1,1,1,1,1,0,1,0,0,1,1,0,1,0,0,0,0,0,0,0,0,1,1,1,1,0,0,0,0
sampler_snapshot_random1_sampler_island_warmup5_cap1024_20260526,848,0,B1,54F6BA084D77B2A8,0,0,0,1,0,1,0,1,0,1,0,0,1,1,0,1,1,1,1,0,1,1,1,0,1,0,1,1,0,0,1,0,0,0,0,1,0,0,0,0,0,1,0,1,1,1,0,1,0,1,1,0,1,1,1,1,0,0,1,0,1,0,1,0,1,0,0,0,1,1,0,1
sampler_snapshot_random1_sampler_island_warmup5_cap1024_20260526,849,0,8E,97E7C0480DBFF7CC,0,0,1,1,0,0,1,1,1,1,1,0,1,1,1,1,1,1,1,1,1,1,0,1,1,0,1,1,0,0,0,0,0,0,0,1,0,0,1,0,0,0,0,0,0,0,1,1,1,1,1,0,0,1,1,1,1,1,1,0,1,0,0,1,0,1,1,1,0,0,0,1
sampler_snapshot_random1_sampler_island_warmup5_cap1024_20260526,850,0,5E,FA86C55D7AEAA7C5,1,0,1,0,0,0,1,1,1,1,1,0,0,1,0,1,0,1,0,1,0,1,1,1,0,1,0,1,1,1,1,0,1,0,1,1,1,0,1,0,1,0,1,0,0,0,1,1,0,1,1,0,0,0,0,1,0,1,0,1,1,1,1,1,0,1,1,1,1,0,1,0
sampler_snapshot_random1_sampler_island_warmup5_cap1024_20260526,851,0,E2,EAC215357BCA80B4,0,0,1,0,1,1,0,1,0,0,0,0,0,0,0,1,0,1,0,1,0,0,1,1,1,1,0,1,1,1,1,0,1,0,1,0,1,1,0,0,1,0,1,0,1,0,0,0,0,1,0,0,0,0,1,1,0,1,0,1,0,1,1,1,0,1,0,0,0,1,1,1
sampler_snapshot_random1_sampler_island_warmup5_cap1024_20260526,852,0,AD,8FB170728F8FC070,0,0,0,0,1,1,1,0,0,0,0,0,0,0,1,1,1,1,1,1,0,0,0,1,1,1,1,1,0,0,0,1,0,1,0,0,1,1,1,0,0,0,0,0,1,1,1,0,1,0,0,0,1,1,0,1,1,1,1,1,0,0,0,1,1,0,1,1,0,1,0,1
sampler_snapshot_random1_sampler_island_warmup5_cap1024_20260526,853,1,6A,DE343103CEFCB521,1,0,0,0,0,1,0,0,1,0,1,0,1,1,0,1,0,0,1,1,1,1,1,1,0,1,1,1,0,0,1,1,1,1,0,0,0,0,0,0,1,0,0,0,1,1,0,0,0,0,1,0,1,1,0,0,0,1,1,1,1,0,1,1,0,1,0,1,0,1,1,0
sampler_snapshot_random1_sampler_island_warmup5_cap1024_20260526,854,0,37,BE6C07C78BF87C46,0,1,1,0,0,0,1,0,0,0,1,1,1,1,1,0,0,0,0,1,1,1,1,1,1,1,0,1,0,0,0,1,1,1,1,0,0,0,1,1,1,1,1,0,0,0,0,0,0,0,1,1,0,1,1,0,0,1,1,1,1,1,0,1,1,1,1,0,1,1,0,0
sampler_snapshot_random1_sampler_island_warmup5_cap1024_20260526,855,0,BD,B90946D6B3B96C46,0,1,1,0,0,0,1,0,0,0,1,1,0,1,1,0,1,0,0,1,1,1,0,1,1,1,0,0,1,1,0,1,0,1,1,0,1,0,1,1,0,1,1,0,0,0,1,0,1,0,0,1,0,0,0,0,1,0,0,1,1,1,0,1,1,0,1,1,1,1,0,1
sampler_snapshot_random1_sampler_island_warmup5_cap1024_20260526,856,1,EE,68490BB7F44C0B33,1,1,0,0,1,1,0,0,1,1,0,1,0,0,0,0,0,0,1,1,0,0,1,0,0,0,1,0,1,1,1,1,1,1,1,0,1,1,0,1,1,1,0,1,0,0,0,0,1,0,0,1,0,0,1,0,0,0,0,1,0,1,1,0,0,1,1,1,0,1,1,1
sampler_snapshot_random1_sampler_island_warmup5_cap1024_20260526,857,0,63,0C7CFBF3840C4AFB,1,1,0,1,1,1,1,1,0,1,0,1,0,0,1,0,0,0,1,1,0,0,0,0,0,0,1,0,0,0,0,1,1,1,0,0,1,1,1,1,1,1,0,1,1,1,1,1,0,0,1,1,1,1,1,0,0,0,1,1,0,0,0,0,1,1,0,0,0,1,1,0
sampler_snapshot_random1_sampler_island_warmup5_cap1024_20260526,858,0,FA,45BFFE80C1773EDE,0,1,1,1,1,0,1,1,0,1,1,1,1,1,0,0,1,1,1,0,1,1,1,0,1,0,0,0,0,0,1,1,0,0,0,0,0,0,0,1,0,1,1,1,1,1,1,1,1,1,1,1,1,1,0,1,1,0,1,0,0,0,1,0,0,1,0,1,1,1,1,1
sampler_snapshot_random1_sampler_island_warmup5_cap1024_20260526,859,1,7F,71CB8F8C40737F8F,1,1,1,1,0,0,0,1,1,1,1,1,1,1,1,0,1,1,0,0,1,1,1,0,0,0,0,0,0,0,1,0,0,0,1,1,0,0,0,1,1,1,1,1,0,0,0,1,1,1,0,1,0,0,1,1,1,0,0,0,1,1,1,0,1,1,1,1,1,1,1,0
sampler_snapshot_random1_sampler_island_warmup5_cap1024_20260526,860,1,6E,308ACDDD3432FBC9,1,0,0,1,0,0,1,1,1,1,0,1,1,1,1,1,0,1,0,0,1,1,0,0,0,0,1,0,1,1,0,0,1,0,1,1,1,0,1,1,1,0,1,1,0,0,1,1,0,1,0,1,0,0,0,1,0,0,0,0,1,1,0,0,0,1,1,1,0,1,1,0
sampler_snapshot_random1_sampler_island_warmup5_cap1024_20260526,861,1,D6,678F883877C78AB8,0,0,0,1,1,1,0,1,0,1,0,1,0,0,0,1,1,1,1,0,0,0,1,1,1,1,1,0,1,1,1,0,0,0,0,1,1,1,0,0,0,0,0,1,0,0,0,1,1,1,1,1,0,0,0,1,1,1,1,0,0,1,1,0,0,1,1,0,1,0,1,1
sampler_snapshot_random1_sampler_island_warmup5_cap1024_20260526,862,0,69,87F7F8781A87C5FD,1,0,1,1,1,1,1,1,1,0,1,0,0,0,1,1,1,1,1,0,0,0,0,1,0,1,0,1,1,0,0,0,0,0,0,1,1,1,1,0,0,0,0,1,1,1,1,1,1,1,1,0,1,1,1,1,1,1,1,0,0,0,0,1,1,0,0,1,0,1,1,0
sampler_snapshot_random1_sampler_island_warmup5_cap1024_20260526,863,1,C8,C2B07D4D4AB2F5DD,1,0,1,1,1,0,1,1,1,0,1,0,1,1,1,1,0,1,0,0,1,1,0,1,0,1,0,1,0,0,1,0,1,0,1,1,0,0,1,0,1,0,1,1,1,1,1,0,0,0,0,0,1,1,0,1,0,1,0,0,0,0,1,1,0,0,0,1,0,0,1,1
sampler_snapshot_random1_sampler_island_warmup5_cap1024_20260526,864,1,5E,F3D00C0E4FF1B00C,0,0,1,1,0,0,0,0,0,0,0,0,1,1,0,1,1,0,0,0,1,1,1,1,1,1,1,1,0,0,1,0,0,1,1,1,0,0,0,0,0,0,1,1,0,0,0,0,0,0,0,0,1,0,1,1,1,1,0,0,1,1,1,1,0,1,1,1,1,0,1,0
sampler_snapshot_random1_sampler_island_warmup5_cap1024_20260526,865,0,78,B745407ABFBDD142,0,1,0,0,0,0,1,0,1,0,0,0,1,0,1,1,1,0,1,1,1,1,0,1,1,1,1,1,1,1,0,1,0,1,0,1,1,1,1,0,0,0,0,0,0,0,1,0,1,0,1,0,0,0,1,0,1,1,1,0,1,1,0,1,0,0,0,1,1,1,1,0
sampler_snapshot_random1_sampler_island_warmup5_cap1024_20260526,866,1,EA,EC0423BBFECC8533,1,1,0,0,1,1,0,0,1,0,1,0,0,0,0,1,0,0,1,1,0,0,1,1,0,1,1,1,1,1,1,1,1,1,0,1,1,1,0,1,1,1,0,0,0,1,0,0,0,0,1,0,0,0,0,0,0,0,1,1,0,1,1,1,0,1,0,1,0,1,1,1
sampler_snapshot_random1_sampler_island_warmup5_cap1024_20260526,867,1,84,C87436FF99C84436,0,1,1,0,1,1,0,0,0,0,1,0,0,0,1,0,0,0,0,1,0,0,1,1,1,0,0,1,1,0,0,1,1,1,1,1,1,1,1,1,0,1,1,0,1,1,0,0,0,0,1,0,1,1,1,0,0,0,0,1,0,0,1,1,0,0,1,0,0,0,0,1
sampler_snapshot_random1_sampler_island_warmup5_cap1024_20260526,868,1,6A,093176C689397656,0,1,1,0,1,0,1,0,0,1,1,0,1,1,1,0,1,0,0,1,1,1,0,0,1,0,0,1,0,0,0,1,0,1,1,0,0,0,1,1,0,1,1,0,1,1,1,0,1,0,0,0,1,1,0,0,1,0,0,1,0,0,0,0,0,1,0,1,0,1,1,0
sampler_snapshot_random1_sampler_island_warmup5_cap1024_20260526,869,1,DC,7C529385EC7C3303,1,1,0,0,0,0,0,0,1,1,0,0,1,1,0,0,0,0,1,1,1,1,1,0,0,0,1,1,0,1,1,1,1,0,1,0,0,0,0,1,1,1,0,0,1,0,0,1,0,1,0,0,1,0,1,0,0,0,1,1,1,1,1,0,0,0,1,1,1,0,1,1
sampler_snapshot_random1_sampler_island_warmup5_cap1024_20260526,870,0,01,3C4EC3E1BD1E5AC2,0,1,0,0,0,0,1,1,0,1,0,1,1,0,1,0,0,1,1,1,1,0,0,0,1,0,1,1,1,1,0,1,1,0,0,0,0,1,1,1,1,1,0,0,0,0,1,1,0,1,1,1,0,0,1,0,0,0,1,1,1,1,0,0,1,0,0,0,0,0,0,0
sampler_snapshot_random1_sampler_island_warmup5_cap1024_20260526,871,0,67,4D8FE6F0714F0EF4,0,0,1,0,1,1,1,1,0,1,1,1,0,0,0,0,1,1,1,1,0,0,1,0,1,0,0,0,1,1,1,0,0,0,0,0,1,1,1,1,0,1,1,0,0,1,1,1,1,1,1,1,0,0,0,1,1,0,1,1,0,0,1,0,1,1,1,0,0,1,1,0
sampler_snapshot_random1_sampler_island_warmup5_cap1024_20260526,872,1,F7,4AFBB5B5504A8FB5,1,0,1,0,1,1,0,1,1,1,1,1,0,0,0,1,0,1,0,1,0,0,1,0,0,0,0,0,1,0,1,0,1,0,1,0,1,1,0,1,1,0,1,0,1,1,0,1,1,1,0,1,1,1,1,1,0,1,0,1,0,0,1,0,1,1,1,0,1,1,1,1
sampler_snapshot_random1_sampler_island_warmup5_cap1024_20260526,873,0,55,0ABAF945062AFAD9,1,0,0,1,1,0,1,1,0,1,0,1,1,1,1,1,0,1,0,1,0,1,0,0,0,1,1,0,0,0,0,0,1,0,1,0,0,0,1,0,1,0,0,1,1,1,1,1,0,1,0,1,1,1,0,1,0,1,0,1,0,0,0,0,1,0,1,0,1,0,1,0
sampler_snapshot_random1_sampler_island_warmup5_cap1024_20260526,874,1,AC,F79F980067F7B888,0,0,0,1,0,0,0,1,0,0,0,1,1,1,0,1,1,1,1,0,1,1,1,1,1,1,1,0,0,1,1,0,0,0,0,0,0,0,0,0,0,0,0,1,1,0,0,1,1,1,1,1,1,0,0,1,1,1,1,0,1,1,1,1,0,0,1,1,0,1,0,1
sampler_snapshot_random1_sampler_island_warmup5_cap1024_20260526,875,0,68,B7CDCD6A32D7DDED,1,0,1,1,0,1,1,1,1,0,1,1,1,0,1,1,1,1,1,0,1,0,1,1,0,1,0,0,1,1,0,0,0,1,0,1,0,1,1,0,1,0,1,1,0,0,1,1,1,0,1,1,0,0,1,1,1,1,1,0,1,1,0,1,0,0,0,1,0,1,1,0
sampler_snapshot_random1_sampler_island_warmup5_cap1024_20260526,876,1,BE,92886D7F3280CDED,1,0,1,1,0,1,1,1,1,0,1,1,0,0,1,1,0,0,0,0,0,0,0,1,0,1,0,0,1,1,0,0,1,1,1,1,1,1,1,0,1,0,1,1,0,1,1,0,0,0,0,1,0,0,0,1,0,1,0,0,1,0,0,1,0,1,1,1,1,1,0,1
sampler_snapshot_random1_sampler_island_warmup5_cap1024_20260526,877,1,74,C3E93E3ED7C1883A,0,1,0,1,1,1,0,0,0,0,0,1,0,0,0,1,1,0,0,0,0,0,1,1,1,1,1,0,1,0,1,1,0,1,1,1,1,1,0,0,0,1,1,1,1,1,0,0,1,0,0,1,0,1,1,1,1,1,0,0,0,0,1,1,0,0,1,0,1,1,1,0
sampler_snapshot_random1_sampler_island_warmup5_cap1024_20260526,878,1,F1,85757A4A8EA5F95B,1,1,0,1,1,0,1,0,1,0,0,1,1,1,1,1,1,0,1,0,0,1,0,1,0,1,1,1,0,0,0,1,0,1,0,1,0,0,1,0,0,1,0,1,1,1,1,0,1,0,1,0,1,1,1,0,1,0,1,0,0,0,0,1,1,0,0,0,1,1,1,1
sampler_snapshot_random1_sampler_island_warmup5_cap1024_20260526,879,1,AF,F4145B8BECF4374F,1,1,1,1,0,0,1,0,1,1,1,0,1,1,0,0,0,0,1,0,1,1,1,1,0,0,1,1,0,1,1,1,1,1,0,1,0,0,0,1,1,1,0,1,1,0,1,0,0,0,1,0,1,0,0,0,0,0,1,0,1,1,1,1,1,1,1,1,0,1,0,1
sampler_snapshot_random1_sampler_island_warmup5_cap1024_20260526,880,0,F8,F1460EAEE9D1562E,0,1,1,1,0,1,0,0,0,1,1,0,1,0,1,0,1,0,0,0,1,0,1,1,1,0,0,1,0,1,1,1,0,1,1,1,0,1,0,1,0,1,1,1,0,0,0,0,0,1,1,0,0,0,1,0,1,0,0,0,1,1,1,1,0,0,0,1,1,1,1,1
sampler_snapshot_random1_sampler_island_warmup5_cap1024_20260526,881,0,0B,110366FCB903436E,0,1,1,1,0,1,1,0,1,1,0,0,0,0,1,0,1,1,0,0,0,0,0,0,1,0,0,1,1,1,0,1,0,0,1,1,1,1,1,1,0,1,1,0,0,1,1,0,1,1,0,0,0,0,0,0,1,0,0,0,1,0,0,0,1,1,0,1,0,0,0,0
sampler_snapshot_random1_sampler_island_warmup5_cap1024_20260526,882,1,B9,4C22B3B9DC4E03B3,1,1,0,0,1,1,0,1,1,1,0,0,0,0,0,0,0,1,1,1,0,0,1,0,0,0,1,1,1,0,1,1,1,0,0,1,1,1,0,1,1,1,0,0,1,1,0,1,0,1,0,0,0,1,0,0,0,0,1,1,0,0,1,0,1,0,0,1,1,1,0,1
sampler_snapshot_random1_sampler_island_warmup5_cap1024_20260526,883,0,95,0EF6F0D98D2F66D0,0,0,0,0,1,0,1,1,0,1,1,0,0,1,1,0,1,1,1,1,0,1,0,0,1,0,1,1,0,0,0,1,1,0,0,1,1,0,1,1,0,0,0,0,1,1,1,1,0,1,1,0,1,1,1,1,0,1,1,1,0,0,0,0,1,0,1,0,1,0,0,1
sampler_snapshot_random1_sampler_island_warmup5_cap1024_20260526,884,0,DF,7F97D4C46B3B76C4,0,0,1,0,0,0,1,1,0,1,1,0,1,1,1,0,1,1,0,1,1,1,0,0,1,1,0,1,0,1,1,0,0,0,1,0,0,0,1,1,0,0,1,0,1,0,1,1,1,1,1,0,1,0,0,1,1,1,1,1,1,1,1,0,1,1,1,1,1,0,1,1
sampler_snapshot_random1_sampler_island_warmup5_cap1024_20260526,885,1,E0,7AC285A56A5A95A5,1,0,1,0,0,1,0,1,1,0,1,0,1,0,0,1,0,1,0,1,1,0,1,0,0,1,0,1,0,1,1,0,1,0,1,0,0,1,0,1,1,0,1,0,0,0,0,1,0,1,0,0,0,0,1,1,0,1,0,1,1,1,1,0,0,0,0,0,0,1,1,1
sampler_snapshot_random1_sampler_island_warmup5_cap1024_20260526,886,1,87,1AE8E1773F9EC8E0,0,0,0,0,0,1,1,1,0,0,0,1,0,0,1,1,0,1,1,1,1,0,0,1,1,1,1,1,1,1,0,0,1,1,1,0,1,1,1,0,1,0,0,0,0,1,1,1,0,0,0,1,0,1,1,1,0,1,0,1,1,0,0,0,1,1,1,0,0,0,0,1
sampler_snapshot_random1_sampler_island_warmup5_cap1024_20260526,887,0,4F,CFADA01257CDA8B0,0,0,0,0,1,1,0,1,0,0,0,1,0,1,0,1,1,0,1,1,0,0,1,1,1,1,1,0,1,0,1,0,0,1,0,0,1,0,0,0,0,0,0,0,0,1,0,1,1,0,1,1,0,1,0,1,1,1,1,1,0,0,1,1,1,1,1,1,0,0,1,0
sampler_snapshot_random1_sampler_island_warmup5_cap1024_20260526,888,0,ED,CEFD155302ECED97,1,1,1,0,1,0,0,1,1,0,1,1,0,1,1,1,0,0,1,1,0,1,1,1,0,1,0,0,0,0,0,0,1,1,0,0,1,0,1,0,1,0,1,0,1,0,0,0,1,0,1,1,1,1,1,1,0,1,1,1,0,0,1,1,1,0,1,1,0,1,1,1
sampler_snapshot_random1_sampler_island_warmup5_cap1024_20260526,889,1,49,B8985F47A2B8FC5E,0,1,1,1,1,0,1,0,0,0,1,1,1,1,1,1,0,0,0,1,1,1,0,1,0,1,0,0,0,1,0,1,1,1,1,0,0,0,1,0,1,1,1,1,1,0,1,0,0,0,0,1,1,0,0,1,0,0,0,1,1,1,0,1,1,0,0,1,0,0,1,0
sampler_snapshot_random1_sampler_island_warmup5_cap1024_20260526,890,0,7B,F9490E26E5D1982A,0,1,0,1,0,1,0,0,0,0,0,1,1,0,0,1,1,0,0,0,1,0,1,1,1,0,1,0,0,1,1,1,0,1,1,0,0,1,0,0,0,1,1,1,0,0,0,0,1,0,0,1,0,0,1,0,1,0,0,1,1,1,1,1,1,1,0,1,1,1,1,0
sampler_snapshot_random1_sampler_island_warmup5_cap1024_20260526,891,0,77,956D6BFBB494CB6B,1,1,0,1,0,1,1,0,1,1,0,1,0,0,1,1,0,0,1,0,1,0,0,1,0,0,1,0,1,1,0,1,1,1,0,1,1,1,1,1,1,1,0,1,0,1,1,0,1,0,1,1,0,1,1,0,1,0,1,0,1,0,0,1,1,1,1,0,1,1,1,0
sampler_snapshot_random1_sampler_island_warmup5_cap1024_20260526,892,1,99,C42E6FD9D0E42E7F,1,1,1,1,1,1,1,0,0,1,1,1,0,1,0,0,0,0,1,0,0,1,1,1,0,0,0,0,1,0,1,1,1,0,0,1,1,0,1,1,1,1,1,1,0,1,1,0,0,1,1,1,0,1,0,0,0,0,1,0,0,0,1,1,1,0,0,1,1,0,0,1
sampler_snapshot_random1_sampler_island_warmup5_cap1024_20260526,893,0,00,417B1E9CD1632E1E,0,1,1,1,1,0,0,0,0,1,1,1,0,1,0,0,1,1,0,0,0,1,1,0,1,0,0,0,1,0,1,1,0,0,1,1,1,0,0,1,0,1,1,1,1,0,0,0,1,1,0,1,1,1,1,0,1,0,0,0,0,0,1,0,0,0,0,0,0,0,0,0
sampler_snapshot_random1_sampler_island_warmup5_cap1024_20260526,894,0,09,211BDECCA4337B5D,1,0,1,1,1,0,1,0,1,1,0,1,1,1,1,0,1,1,0,0,1,1,0,0,0,0,1,0,0,1,0,1,0,0,1,1,0,0,1,1,0,1,1,1,1,0,1,1,1,1,0,1,1,0,0,0,1,0,0,0,0,1,0,0,1,0,0,1,0,0,0,0
sampler_snapshot_random1_sampler_island_warmup5_cap1024_20260526,895,0,EA,761689A9EC5613A9,1,0,0,1,0,1,0,1,1,1,0,0,1,0,0,0,0,1,1,0,1,0,1,0,0,0,1,1,0,1,1,1,1,0,0,1,0,1,0,1,1,0,0,1,0,0,0,1,0,1,1,0,1,0,0,0,0,1,1,0,1,1,1,0,0,1,0,1,0,1,1,1
sampler_snapshot_random1_sampler_island_warmup5_cap1024_20260526,896,0,59,17E6E8F81F1756EC,0,0,1,1,0,1,1,1,0,1,1,0,1,0,1,0,1,1,1,0,1,0,0,0,1,1,1,1,1,0,0,0,0,0,0,1,1,1,1,1,0,0,0,1,0,1,1,1,0,1,1,0,0,1,1,1,1,1,1,0,1,0,0,0,1,0,0,1,1,0,1,0
sampler_snapshot_random1_sampler_island_warmup5_cap1024_20260526,897,1,57,03A7E4DC5A23E5FD,1,0,1,1,1,1,1,1,1,0,1,0,0,1,1,1,1,1,0,0,0,1,0,0,0,1,0,1,1,0,1,0,0,0,1,1,1,0,1,1,0,0,1,0,0,1,1,1,1,1,1,0,0,1,0,1,1,1,0,0,0,0,0,0,1,1,1,0,1,0,1,0
sampler_snapshot_random1_sampler_island_warmup5_cap1024_20260526,898,0,10,6AF0951F5A6AA595,1,0,1,0,1,0,0,1,1,0,1,0,0,1,0,1,0,1,0,1,0,1,1,0,0,1,0,1,1,0,1,0,1,1,1,1,1,0,0,0,1,0,1,0,1,0,0,1,0,0,0,0,1,1,1,1,0,1,0,1,0,1,1,0,0,0,0,0,1,0,0,0
sampler_snapshot_random1_sampler_island_warmup5_cap1024_20260526,899,1,F9,AED0D04A2FBDF0D0,0,0,0,0,1,0,1,1,0,0,0,0,1,1,1,1,1,0,1,1,1,1,0,1,1,1,1,1,0,1,0,0,0,1,0,1,0,0,1,0,0,0,0,0,1,0,1,1,0,0,0,0,1,0,1,1,0,1,1,1,0,1,0,1,1,0,0,1,1,1,1,1
sampler_snapshot_random1_sampler_island_warmup5_cap1024_20260526,900,0,01,FF9590226FDD95A2,0,1,0,0,0,1,0,1,1,0,1,0,1,0,0,1,1,0,1,1,1,0,1,1,1,1,1,1,0,1,1,0,0,1,0,0,0,1,0,0,0,0,0,0,1,0,0,1,1,0,1,0,1,0,0,1,1,1,1,1,1,1,1,1,1,0,0,0,0,0,0,0
sampler_snapshot_random1_sampler_island_warmup5_cap1024_20260526,901,0,87,DCE427275ADCD5A7,1,1,1,0,0,1,0,1,1,0,1,0,1,0,1,1,0,0,1,1,1,0,1,1,0,1,0,1,1,0,1,0,1,1,1,0,0,1,0,0,1,1,1,0,0,1,0,0,0,0,1,0,0,1,1,1,0,0,1,1,1,0,1,1,1,1,1,0,0,0,0,1
sampler_snapshot_random1_sampler_island_warmup5_cap1024_20260526,902,0,76,88A8675799A8EC56,0,1,1,0,1,0,1,0,0,0,1,1,0,1,1,1,0,0,0,1,0,1,0,1,1,0,0,1,1,0,0,1,1,1,1,0,1,0,1,0,1,1,1,0,0,1,1,0,0,0,0,1,0,1,0,1,0,0,0,1,0,0,0,1,0,1,1,0,1,1,1,0
sampler_snapshot_random1_sampler_island_warmup5_cap1024_20260526,903,0,D8,E9791216D5EDAA12,0,1,0,0,1,0,0,0,0,1,0,1,0,1,0,1,1,0,1,1,0,1,1,1,1,0,1,0,1,0,1,1,0,1,1,0,1,0,0,0,0,1,0,0,1,0,0,0,1,0,0,1,1,1,1,0,1,0,0,1,0,1,1,1,0,0,0,1,1,0,1,1
sampler_snapshot_random1_sampler_island_warmup5_cap1024_20260526,904,0,5C,AC5E53C1A4AE7B53,1,1,0,0,1,0,1,0,1,1,0,1,1,1,1,0,0,1,1,1,0,1,0,1,0,0,1,0,0,1,0,1,1,0,0,0,0,0,1,1,1,1,0,0,1,0,1,0,0,1,1,1,1,0,1,0,0,0,1,1,0,1,0,1,0,0,1,1,1,0,1,0
sampler_snapshot_random1_sampler_island_warmup5_cap1024_20260526,905,0,01,FC1E5FE1E1DE1E6E,0,1,1,1,0,1,1,0,0,1,1,1,1,0,0,0,0,1,1,1,1,0,1,1,1,0,0,0,0,1,1,1,1,0,0,0,0,1,1,1,1,1,1,1,1,0,1,0,0,1,1,1,1,0,0,0,0,0,1,1,1,1,1,1,1,0,0,0,0,0,0,0
sampler_snapshot_random1_sampler_island_warmup5_cap1024_20260526,906,1,71,596B2CA4D1531E2C,0,0,1,1,0,1,0,0,0,1,1,1,1,0,0,0,1,1,0,0,1,0,1,0,1,0,0,0,1,0,1,1,0,0,1,0,0,1,0,1,0,0,1,1,0,1,0,0,1,1,0,1,0,1,1,0,1,0,0,1,1,0,1,0,1,0,0,0,1,1,1,0
sampler_snapshot_random1_sampler_island_warmup5_cap1024_20260526,907,0,13,122BEDD596226BD9,1,0,0,1,1,0,1,1,1,1,0,1,0,1,1,0,0,1,0,0,0,1,0,0,0,1,1,0,1,0,0,1,1,0,1,0,1,0,1,1,1,0,1,1,0,1,1,1,1,1,0,1,0,1,0,0,0,1,0,0,1,0,0,0,1,1,0,0,1,0,0,0
sampler_snapshot_random1_sampler_island_warmup5_cap1024_20260526,908,0,4A,669E9999D6662A99,1,0,0,1,1,0,0,1,0,1,0,1,0,1,0,0,0,1,1,0,0,1,1,0,0,1,1,0,1,0,1,1,1,0,0,1,1,0,0,1,1,0,0,1,1,0,0,1,0,1,1,1,1,0,0,1,0,1,1,0,0,1,1,0,0,1,0,1,0,0,1,0
sampler_snapshot_random1_sampler_island_warmup5_cap1024_20260526,909,0,65,27DF98E827675CDC,0,0,1,1,1,0,1,1,0,0,1,1,1,0,1,0,1,1,1,0,0,1,1,0,1,1,1,0,0,1,0,0,0,0,0,1,0,1,1,1,0,0,0,1,1,0,0,1,1,1,1,1,1,0,1,1,1,1,1,0,0,1,0,0,1,0,1,0,0,1,1,0
sampler_snapshot_random1_sampler_island_warmup5_cap1024_20260526,910,0,60,339DDCEE2211DDED,1,0,1,1,0,1,1,1,1,0,1,1,1,0,1,1,1,0,0,0,1,0,0,0,0,1,0,0,0,1,0,0,0,1,1,1,0,1,1,1,0,0,1,1,1,0,1,1,1,0,1,1,1,0,0,1,1,1,0,0,1,1,0,0,0,0,0,0,0,1,1,0
sampler_snapshot_random1_sampler_island_warmup5_cap1024_20260526,911,1,F7,52E0AD2F5AD091AD,1,0,1,1,0,1,0,1,1,0,0,0,1,0,0,1,0,0,0,0,1,0,1,1,0,1,0,1,1,0,1,0,1,1,1,1,0,1,0,0,1,0,1,1,0,1,0,1,0,0,0,0,0,1,1,1,0,1,0,0,1,0,1,0,1,1,1,0,1,1,1,1
sampler_snapshot_random1_sampler_island_warmup5_cap1024_20260526,912,1,EA,97E5EA5A1FA5E0CA,0,1,0,1,0,0,1,1,0,0,0,0,0,1,1,1,1,0,1,0,0,1,0,1,1,1,1,1,1,0,0,0,0,1,0,1,1,0,1,0,0,1,0,1,0,1,1,1,1,0,1,0,0,1,1,1,1,1,1,0,1,0,0,1,0,1,0,1,0,1,1,1
sampler_snapshot_random1_sampler_island_warmup5_cap1024_20260526,913,0,D4,E5855A1A5CE5A5DB,1,1,0,1,1,0,1,1,1,0,1,0,0,1,0,1,1,0,1,0,0,1,1,1,0,0,1,1,1,0,1,0,0,1,0,1,1,0,0,0,0,1,0,1,1,0,1,0,1,0,1,0,0,0,0,1,1,0,1,0,0,1,1,1,0,0,1,0,1,0,1,1
sampler_snapshot_random1_sampler_island_warmup5_cap1024_20260526,914,0,16,E8D4172FE8C8C717,1,1,1,0,1,0,0,0,1,1,1,0,0,0,1,1,0,0,0,1,0,0,1,1,0,0,0,1,0,1,1,1,1,1,1,1,0,1,0,0,1,1,1,0,1,0,0,0,0,0,1,0,1,0,1,1,0,0,0,1,0,1,1,1,0,1,1,0,1,0,0,0
sampler_snapshot_random1_sampler_island_warmup5_cap1024_20260526,915,0,B2,9812766EA999D666,0,1,1,0,0,1,1,0,0,1,1,0,1,0,1,1,1,0,0,1,1,0,0,1,1,0,0,1,0,1,0,1,0,1,1,1,0,1,1,0,0,1,1,0,1,1,1,0,0,1,0,0,1,0,0,0,0,0,0,1,1,0,0,1,0,1,0,0,1,1,0,1
sampler_snapshot_random1_sampler_island_warmup5_cap1024_20260526,916,0,5E,DD2322A4CDDF1322,0,1,0,0,0,1,0,0,1,1,0,0,1,0,0,0,1,1,1,1,1,0,1,1,1,0,1,1,0,0,1,1,0,0,1,0,0,1,0,1,0,1,0,0,0,1,0,0,1,1,0,0,0,1,0,0,1,0,1,1,1,0,1,1,0,1,1,1,1,0,1,0
sampler_snapshot_random1_sampler_island_warmup5_cap1024_20260526,917,0,01,9C6663D19CBE6343,1,1,0,0,0,0,1,0,1,1,0,0,0,1,1,0,0,1,1,1,1,1,0,1,0,0,1,1,1,0,0,1,1,0,0,0,1,0,1,1,1,1,0,0,0,1,1,0,0,1,1,0,0,1,1,0,0,0,1,1,1,0,0,1,1,0,0,0,0,0,0,0
sampler_snapshot_random1_sampler_island_warmup5_cap1024_20260526,918,0,21,2E0645D1F92E6654,0,0,1,0,1,0,1,0,0,1,1,0,0,1,1,0,0,1,1,1,0,1,0,0,1,0,0,1,1,1,1,1,1,0,0,0,1,0,1,1,1,0,1,0,0,0,1,0,0,1,1,0,0,0,0,0,0,1,1,1,0,1,0,0,1,0,0,0,0,1,0,0
sampler_snapshot_random1_sampler_island_warmup5_cap1024_20260526,919,1,EB,6B5B94B4E34B0E34,0,0,1,0,1,1,0,0,0,1,1,1,0,0,0,0,1,1,0,1,0,0,1,0,1,1,0,0,0,1,1,1,0,0,1,0,1,1,0,1,0,0,1,0,1,0,0,1,1,1,0,1,1,0,1,0,1,1,0,1,0,1,1,0,1,1,0,1,0,1,1,1
sampler_snapshot_random1_sampler_island_warmup5_cap1024_20260526,920,0,94,1A5AF5E5A61A59E1,1,0,0,0,0,1,1,1,1,0,0,1,1,0,1,0,0,1,0,1,1,0,0,0,0,1,1,0,0,1,0,1,1,0,1,0,0,1,1,1,1,0,1,0,1,1,1,1,0,1,0,1,1,0,1,0,0,1,0,1,1,0,0,0,0,0,1,0,1,0,0,1
sampler_snapshot_random1_sampler_island_warmup5_cap1024_20260526,921,0,84,5EACA9A3475E18A0,0,0,0,0,0,1,0,1,0,0,0,1,1,0,0,0,0,1,1,1,1,0,1,0,1,1,1,0,0,0,1,0,1,1,0,0,0,1,0,1,1,0,0,1,0,1,0,1,0,0,1,1,0,1,0,1,0,1,1,1,1,0,1,0,0,0,1,0,0,0,0,1
sampler_snapshot_random1_sampler_island_warmup5_cap1024_20260526,922,1,13,5FEDAC92537DEC8C,0,0,1,1,0,0,0,1,0,0,1,1,0,1,1,1,1,0,1,1,1,1,1,0,1,1,0,0,1,0,1,0,0,1,0,0,1,0,0,1,0,0,1,1,0,1,0,1,1,0,1,1,0,1,1,1,1,1,1,1,1,0,1,0,1,1,0,0,1,0,0,0
sampler_snapshot_random1_sampler_island_warmup5_cap1024_20260526,923,1,7D,2289CD573220EDDF,1,1,1,1,1,0,1,1,1,0,1,1,0,1,1,1,0,0,0,0,0,1,0,0,0,1,0,0,1,1,0,0,1,1,1,0,1,0,1,0,1,0,1,1,0,0,1,1,1,0,0,1,0,0,0,1,0,1,0,0,0,1,0,0,1,0,1,1,1,1,1,0
sampler_snapshot_random1_sampler_island_warmup5_cap1024_20260526,924,1,81,E0D89F3F66C088BF,1,1,1,1,1,1,0,1,0,0,0,1,0,0,0,1,0,0,0,0,0,0,1,1,0,1,1,0,0,1,1,0,1,1,1,1,1,1,0,0,1,1,1,1,1,0,0,1,0,0,0,1,1,0,1,1,0,0,0,0,0,1,1,1,1,0,0,0,0,0,0,1
sampler_snapshot_random1_sampler_island_warmup5_cap1024_20260526,925,0,88,85DDFA6A2595D8FA,0,1,0,1,1,1,1,1,0,0,0,1,1,0,1,1,1,0,1,0,1,0,0,1,1,0,1,0,0,1,0,0,0,1,0,1,0,1,1,0,0,1,0,1,1,1,1,1,1,0,1,1,1,0,1,1,1,0,1,0,0,0,0,1,0,0,0,1,0,0,0,1
sampler_snapshot_random1_sampler_island_warmup5_cap1024_20260526,926,1,97,D5BD6A4A44D5BFEF,1,1,1,1,0,1,1,1,1,1,1,1,1,1,0,1,1,0,1,0,1,0,1,1,0,0,1,0,0,0,1,0,0,1,0,1,0,0,1,0,0,1,0,1,0,1,1,0,1,0,1,1,1,1,0,1,1,0,1,0,1,0,1,1,1,1,1,0,1,0,0,1
sampler_snapshot_random1_sampler_island_warmup5_cap1024_20260526,927,0,E0,D0E62F1DD8F0B70F,1,1,1,1,0,0,0,0,1,1,1,0,1,1,0,1,0,0,0,0,1,1,1,1,0,0,0,1,1,0,1,1,1,0,1,1,1,0,0,0,1,1,1,1,0,1,0,0,0,1,1,0,0,1,1,1,0,0,0,0,1,0,1,1,0,0,0,0,0,1,1,1
sampler_snapshot_random1_sampler_island_warmup5_cap1024_20260526,928,1,8B,A1034E5CB9A3E65E,0,1,1,1,1,0,1,0,0,1,1,0,0,1,1,1,1,1,0,0,0,1,0,1,1,0,0,1,1,1,0,1,0,0,1,1,1,0,1,0,0,1,1,1,0,0,1,0,1,1,0,0,0,0,0,0,1,0,0,0,0,1,0,1,1,1,0,1,0,0,0,1
sampler_snapshot_random1_sampler_island_warmup5_cap1024_20260526,929,1,D4,E51318BCFCC70339,1,0,0,1,1,1,0,0,1,1,0,0,0,0,0,0,1,1,1,0,0,0,1,1,0,0,1,1,1,1,1,1,0,0,1,1,1,1,0,1,0,0,0,1,1,0,0,0,1,1,0,0,1,0,0,0,1,0,1,0,0,1,1,1,0,0,1,0,1,0,1,1
sampler_snapshot_random1_sampler_island_warmup5_cap1024_20260526,930,1,FE,867631E9AE5E5771,1,0,0,0,1,1,1,0,1,1,1,0,1,0,1,0,0,1,1,1,1,0,1,0,0,1,1,1,0,1,0,1,1,0,0,1,0,1,1,1,1,0,0,0,1,1,0,0,0,1,1,0,1,1,1,0,0,1,1,0,0,0,0,1,0,1,1,1,1,1,1,1
sampler_snapshot_random1_sampler_island_warmup5_cap1024_20260526,931,1,A3,1F36F4CC8B3F7664,0,0,1,0,0,1,1,0,0,1,1,0,1,1,1,0,1,1,1,1,1,1,0,0,1,1,0,1,0,0,0,1,0,0,1,1,0,0,1,1,0,0,1,0,1,1,1,1,0,1,1,0,1,1,0,0,1,1,1,1,1,0,0,0,1,1,0,0,0,1,0,1
sampler_snapshot_random1_sampler_island_warmup5_cap1024_20260526,932,1,80,5B638484DB7B3584,0,0,1,0,0,0,0,1,1,0,1,0,1,1,0,0,1,1,0,1,1,1,1,0,1,1,0,1,1,0,1,1,0,0,1,0,0,0,0,1,0,0,1,0,0,0,0,1,1,1,0,0,0,1,1,0,1,1,0,1,1,0,1,0,0,0,0,0,0,0,0,1
sampler_snapshot_random1_sampler_island_warmup5_cap1024_20260526,933,0,A6,2AC0C1D7BE2C61D1,1,0,0,0,1,0,1,1,1,0,0,0,0,1,1,0,0,0,1,1,0,1,0,0,0,1,1,1,1,1,0,1,1,1,1,0,1,0,1,1,1,0,0,0,0,0,1,1,0,0,0,0,0,0,1,1,0,1,0,1,0,1,0,0,0,1,1,0,0,1,0,1
sampler_snapshot_random1_sampler_island_warmup5_cap1024_20260526,934,0,FE,6E94D0B37F4C80F0,0,0,0,0,1,1,1,1,0,0,0,0,0,0,0,1,0,0,1,1,0,0,1,0,1,1,1,1,1,1,1,0,1,1,0,0,1,1,0,1,0,0,0,0,1,0,1,1,0,0,1,0,1,0,0,1,0,1,1,1,0,1,1,0,0,1,1,1,1,1,1,1
sampler_snapshot_random1_sampler_island_warmup5_cap1024_20260526,935,1,E3,4FFDB6224B4DDCB6,0,1,1,0,1,1,0,1,0,0,1,1,1,0,1,1,1,0,1,1,0,0,1,0,1,1,0,1,0,0,1,0,0,1,0,0,0,1,0,0,0,1,1,0,1,1,0,1,1,0,1,1,1,1,1,1,1,1,1,1,0,0,1,0,1,1,0,0,0,1,1,1
sampler_snapshot_random1_sampler_island_warmup5_cap1024_20260526,936,0,A2,98B8F74700B8FDE7,1,1,1,0,0,1,1,1,1,0,1,1,1,1,1,1,0,0,0,1,1,1,0,1,0,0,0,0,0,0,0,0,1,1,1,0,0,0,1,0,1,1,1,0,1,1,1,1,0,0,0,1,1,1,0,1,0,0,0,1,1,0,0,1,0,1,0,0,0,1,0,1
sampler_snapshot_random1_sampler_island_warmup5_cap1024_20260526,937,0,D6,F8A8870755F8BA82,0,1,0,0,0,0,0,1,0,1,0,1,1,1,0,1,0,0,0,1,1,1,1,1,1,0,1,0,1,0,1,0,1,1,1,0,0,0,0,0,1,1,1,0,0,0,0,1,0,0,0,1,0,1,0,1,0,0,0,1,1,1,1,1,0,1,1,0,1,0,1,1
sampler_snapshot_random1_sampler_island_warmup5_cap1024_20260526,938,0,37,BDCF4A5235ADEADA,0,1,0,1,1,0,1,1,0,1,0,1,0,1,1,1,1,0,1,1,0,1,0,1,1,0,1,0,1,1,0,0,0,1,0,0,1,0,1,0,0,1,0,1,0,0,1,0,1,1,1,1,0,0,1,1,1,0,1,1,1,1,0,1,1,1,1,0,1,1,0,0
sampler_snapshot_random1_sampler_island_warmup5_cap1024_20260526,939,0,2D,E49F5B71F486CF7F,1,1,1,1,1,1,1,0,1,1,1,1,0,0,1,1,0,1,1,0,0,0,0,1,0,0,1,0,1,1,1,1,1,0,0,0,1,1,1,0,1,1,0,1,1,0,1,0,1,1,1,1,1,0,0,1,0,0,1,0,0,1,1,1,1,0,1,1,0,1,0,0
sampler_snapshot_random1_sampler_island_warmup5_cap1024_20260526,940,0,06,C07E3F2DC0C29E3F,1,1,1,1,1,1,0,0,0,1,1,1,1,0,0,1,0,1,0,0,0,0,1,1,0,0,0,0,0,0,1,1,1,0,1,1,0,1,0,0,1,1,1,1,1,1,0,0,0,1,1,1,1,1,1,0,0,0,0,0,0,0,1,1,0,1,1,0,0,0,0,0
sampler_snapshot_random1_sampler_island_warmup5_cap1024_20260526,941,1,2F,937B7CCC85B37A4C,0,0,1,1,0,0,1,0,0,1,0,1,1,1,1,0,1,1,0,0,1,1,0,1,1,0,1,0,0,0,0,1,0,0,1,1,0,0,1,1,0,0,1,1,1,1,1,0,1,1,0,1,1,1,1,0,1,1,0,0,1,0,0,1,1,1,1,1,0,1,0,0
sampler_snapshot_random1_sampler_island_warmup5_cap1024_20260526,942,0,C2,F72F0988C6F63B09,1,0,0,1,0,0,0,0,1,1,0,1,1,1,0,0,0,1,1,0,1,1,1,1,0,1,1,0,0,0,1,1,0,0,0,1,0,0,0,1,1,0,0,1,0,0,0,0,1,1,1,1,0,1,0,0,1,1,1,0,1,1,1,1,0,1,0,0,0,0,1,1
sampler_snapshot_random1_sampler_island_warmup5_cap1024_20260526,943,0,CA,76460999FE666D09,1,0,0,1,0,0,0,0,1,0,1,1,0,1,1,0,0,1,1,0,0,1,1,0,0,1,1,1,1,1,1,1,1,0,0,1,1,0,0,1,1,0,0,1,0,0,0,0,0,1,1,0,0,0,1,0,0,1,1,0,1,1,1,0,0,1,0,1,0,0,1,1
sampler_snapshot_random1_sampler_island_warmup5_cap1024_20260526,944,1,B1,2305DCFEBB03447C,0,0,1,1,1,1,1,0,0,0,1,0,0,0,1,0,1,1,0,0,0,0,0,0,1,1,0,1,1,1,0,1,0,1,1,1,1,1,1,1,0,0,1,1,1,0,1,1,1,0,1,0,0,0,0,0,1,1,0,0,0,1,0,0,1,0,0,0,1,1,0,1
sampler_snapshot_random1_sampler_island_warmup5_cap1024_20260526,945,0,A0,4371BCBECA4105BD,1,0,1,1,1,1,0,1,1,0,1,0,0,0,0,0,1,0,0,0,0,0,1,0,0,1,0,1,0,0,1,1,0,1,1,1,1,1,0,1,0,0,1,1,1,1,0,1,1,0,0,0,1,1,1,0,1,1,0,0,0,0,1,0,0,0,0,0,0,1,0,1
sampler_snapshot_random1_sampler_island_warmup5_cap1024_20260526,946,1,AD,16F0F1CF0E3471CB,1,1,0,1,0,0,1,1,1,0,0,0,1,1,1,0,0,0,1,0,1,1,0,0,0,1,1,1,0,0,0,0,1,1,1,1,0,0,1,1,1,0,0,0,1,1,1,1,0,0,0,0,1,1,1,1,0,1,1,0,1,0,0,0,1,0,1,1,0,1,0,1
sampler_snapshot_random1_sampler_island_warmup5_cap1024_20260526,947,0,6B,7DA4C2CA4F7DB0C2,0,1,0,0,0,0,1,1,0,0,0,0,1,1,0,1,1,0,1,1,1,1,1,0,1,1,1,1,0,0,1,0,0,1,0,1,0,0,1,1,0,1,0,0,0,0,1,1,0,0,1,0,0,1,0,1,1,0,1,1,1,1,1,0,1,1,0,1,0,1,1,0
sampler_snapshot_random1_sampler_island_warmup5_cap1024_20260526,948,1,39,7DC5861A797DA586,0,1,1,0,0,0,0,1,1,0,1,0,0,1,0,1,1,0,1,1,1,1,1,0,1,0,0,1,1,1,1,0,0,1,0,1,1,0,0,0,0,1,1,0,0,0,0,1,1,0,1,0,0,0,1,1,1,0,1,1,1,1,1,0,1,0,0,1,1,1,0,0
sampler_snapshot_random1_sampler_island_warmup5_cap1024_20260526,949,1,EB,A880C7773888C7F7,1,1,1,0,1,1,1,1,1,1,1,0,0,0,1,1,0,0,0,1,0,0,0,1,0,0,0,1,1,1,0,0,1,1,1,0,1,1,1,0,1,1,1,0,0,0,1,1,0,0,0,0,0,0,0,1,0,0,0,1,0,1,0,1,1,1,0,1,0,1,1,1
sampler_snapshot_random1_sampler_island_warmup5_cap1024_20260526,950,1,A0,C8B2B6354DC982B2,0,1,0,0,1,1,0,1,0,1,0,0,0,0,0,1,1,0,0,1,0,0,1,1,1,0,1,1,0,0,1,0,1,0,1,0,1,1,0,0,0,1,1,0,1,1,0,1,0,1,0,0,1,1,0,1,0,0,0,1,0,0,1,1,0,0,0,0,0,1,0,1
sampler_snapshot_random1_sampler_island_warmup5_cap1024_20260526,951,0,18,8DFF72400DFFFAD2,0,1,0,0,1,0,1,1,0,1,0,1,1,1,1,1,1,1,1,1,1,1,1,1,1,0,1,1,0,0,0,0,0,0,0,0,0,0,1,0,0,1,0,0,1,1,1,0,1,1,1,1,1,1,1,1,1,0,1,1,0,0,0,1,0,0,0,1,1,0,0,0
sampler_snapshot_random1_sampler_island_warmup5_cap1024_20260526,952,1,C9,BC0E474180BEFF45,1,0,1,0,0,0,1,0,1,1,1,1,1,1,1,1,0,1,1,1,1,1,0,1,0,0,0,0,0,0,0,1,1,0,0,0,0,0,1,0,1,1,1,0,0,0,1,0,0,1,1,1,0,0,0,0,0,0,1,1,1,1,0,1,1,0,0,1,0,0,1,1
sampler_snapshot_random1_sampler_island_warmup5_cap1024_20260526,953,1,49,FA4A0535F1FA8E04,0,0,1,0,0,0,0,0,0,1,1,1,0,0,0,1,0,1,0,1,1,1,1,1,1,0,0,0,1,1,1,1,1,0,1,0,1,1,0,0,1,0,1,0,0,0,0,0,0,1,0,1,0,0,1,0,0,1,0,1,1,1,1,1,1,0,0,1,0,0,1,0
sampler_snapshot_random1_sampler_island_warmup5_cap1024_20260526,954,0,B3,AB4B4CF4B78B4A7C,0,0,1,1,1,1,1,0,0,1,0,1,0,0,1,0,1,1,0,1,0,0,0,1,1,1,1,0,1,1,0,1,0,0,1,0,1,1,1,1,0,0,1,1,0,0,1,0,1,1,0,1,0,0,1,0,1,1,0,1,0,1,0,1,1,1,0,0,1,1,0,1
sampler_snapshot_random1_sampler_island_warmup5_cap1024_20260526,955,1,AD,CE3F79B1D6460979,1,0,0,1,1,1,1,0,1,0,0,1,0,0,0,0,0,1,1,0,0,0,1,0,0,1,1,0,1,0,1,1,1,0,0,0,1,1,0,1,1,0,0,1,1,1,1,0,1,1,1,1,1,1,0,0,0,1,1,1,0,0,1,1,1,0,1,1,0,1,0,1
sampler_snapshot_random1_sampler_island_warmup5_cap1024_20260526,956,1,E2,467CB98BC6747C1D,1,0,1,1,1,0,0,0,0,0,1,1,1,1,1,0,0,0,1,0,1,1,1,0,0,1,1,0,0,0,1,1,1,1,0,1,0,0,0,1,1,0,0,1,1,1,0,1,0,0,1,1,1,1,1,0,0,1,1,0,0,0,1,0,0,1,0,0,0,1,1,1
sampler_snapshot_random1_sampler_island_warmup5_cap1024_20260526,957,1,1E,331DCCCE83317CCC,0,0,1,1,0,0,1,1,0,0,1,1,1,1,1,0,1,0,0,0,1,1,0,0,1,1,0,0,0,0,0,1,0,1,1,1,0,0,1,1,0,0,1,1,0,0,1,1,1,0,1,1,1,0,0,0,1,1,0,0,1,1,0,0,0,1,1,1,1,0,0,0
sampler_snapshot_random1_sampler_island_warmup5_cap1024_20260526,958,0,E9,73898FBEF2501D8F,1,1,1,1,0,0,0,1,1,0,1,1,1,0,0,0,0,0,0,0,1,0,1,0,0,1,0,0,1,1,1,1,0,1,1,1,1,1,0,1,1,1,1,1,0,0,0,1,1,0,0,1,0,0,0,1,1,1,0,0,1,1,1,0,1,0,0,1,0,1,1,1
sampler_snapshot_random1_sampler_island_warmup5_cap1024_20260526,959,0,CF,04C8EBFF340449FB,1,1,0,1,1,1,1,1,1,0,0,1,0,0,1,0,0,0,1,0,0,0,0,0,0,0,1,0,1,1,0,0,1,1,1,1,1,1,1,1,1,1,0,1,0,1,1,1,0,0,0,1,0,0,1,1,0,0,1,0,0,0,0,0,1,1,1,1,0,0,1,1
sampler_snapshot_random1_sampler_island_warmup5_cap1024_20260526,960,1,C8,45B5FAFA5D05C6FA,0,1,0,1,1,1,1,1,0,1,1,0,0,0,1,1,1,0,1,0,0,0,0,0,1,0,1,1,1,0,1,0,0,1,0,1,1,1,1,1,0,1,0,1,1,1,1,1,1,0,1,0,1,1,0,1,1,0,1,0,0,0,1,0,0,0,0,1,0,0,1,1
sampler_snapshot_random1_sampler_island_warmup5_cap1024_20260526,961,0,D4,45F7BE0E48E5B79F,1,1,1,1,1,0,0,1,1,1,1,0,1,1,0,1,1,0,1,0,0,1,1,1,0,0,0,1,0,0,1,0,0,1,1,1,0,0,0,0,0,1,1,1,1,1,0,1,1,1,1,0,1,1,1,1,1,0,1,0,0,0,1,0,0,0,1,0,1,0,1,1
sampler_snapshot_random1_sampler_island_warmup5_cap1024_20260526,962,1,82,B0D2D74D28B2F7CF,1,1,1,1,0,0,1,1,1,1,1,0,1,1,1,1,0,1,0,0,1,1,0,1,0,0,0,1,0,1,0,0,1,0,1,1,0,0,1,0,1,1,1,0,1,0,1,1,0,1,0,0,1,0,1,1,0,0,0,0,1,1,0,1,0,1,0,0,0,0,0,1
sampler_snapshot_random1_sampler_island_warmup5_cap1024_20260526,963,0,B7,F182022C7DDF92A2,0,1,0,0,0,1,0,1,0,1,0,0,1,0,0,1,1,1,1,1,1,0,1,1,1,0,1,1,1,1,1,0,0,0,1,1,0,1,0,0,0,1,0,0,0,0,0,0,0,1,0,0,0,0,0,1,1,0,0,0,1,1,1,1,1,1,1,0,1,1,0,1
sampler_snapshot_random1_sampler_island_warmup5_cap1024_20260526,964,1,78,CFC72038FDCFC330,0,0,0,0,1,1,0,0,1,1,0,0,0,0,1,1,1,1,1,1,0,0,1,1,1,0,1,1,1,1,1,1,0,0,0,1,1,1,0,0,0,0,0,0,0,1,0,0,1,1,1,0,0,0,1,1,1,1,1,1,0,0,1,1,0,0,0,1,1,1,1,0
sampler_snapshot_random1_sampler_island_warmup5_cap1024_20260526,965,0,23,8E3675719A8EC775,1,0,1,0,1,1,1,0,1,1,1,0,0,0,1,1,0,1,1,1,0,0,0,1,0,1,0,1,1,0,0,1,1,0,0,0,1,1,1,0,1,0,1,0,1,1,1,0,0,1,1,0,1,1,0,0,0,1,1,1,0,0,0,1,1,1,0,0,0,1,0,0
sampler_snapshot_random1_sampler_island_warmup5_cap1024_20260526,966,1,3E,CA723485CBEA3414,0,0,1,0,1,0,0,0,0,0,1,0,1,1,0,0,0,1,0,1,0,1,1,1,1,1,0,1,0,0,1,1,1,0,1,0,0,0,0,1,0,0,1,0,1,1,0,0,0,1,0,0,1,1,1,0,0,1,0,1,0,0,1,1,0,1,1,1,1,1,0,0
sampler_snapshot_random1_sampler_island_warmup5_cap1024_20260526,967,1,63,BB5154C6AFBB7040,0,0,0,0,0,0,1,0,0,0,0,0,1,1,1,0,1,1,0,1,1,1,0,1,1,1,1,1,0,1,0,1,0,1,1,0,0,0,1,1,0,0,1,0,1,0,1,0,1,0,0,0,1,0,1,0,1,1,0,1,1,1,0,1,1,1,0,0,0,1,1,0
sampler_snapshot_random1_sampler_island_warmup5_cap1024_20260526,968,0,1F,7E0C41E3FE1C1961,1,0,0,0,0,1,1,0,1,0,0,1,1,0,0,0,0,0,1,1,1,0,0,0,0,1,1,1,1,1,1,1,1,1,0,0,0,1,1,1,1,0,0,0,0,0,1,0,0,0,1,1,0,0,0,0,0,1,1,1,1,1,1,0,1,1,1,1,1,0,0,0
sampler_snapshot_random1_sampler_island_warmup5_cap1024_20260526,969,0,9C,5E6CA3B3F74C0C36,0,1,1,0,1,1,0,0,0,0,1,1,0,0,0,0,0,0,1,1,0,0,1,0,1,1,1,0,1,1,1,1,1,1,0,0,1,1,0,1,1,1,0,0,0,1,0,1,0,0,1,1,0,1,1,0,0,1,1,1,1,0,1,0,0,0,1,1,1,0,0,1
sampler_snapshot_random1_sampler_island_warmup5_cap1024_20260526,970,1,10,097DF6D693096CF6,0,1,1,0,1,1,1,1,0,0,1,1,0,1,1,0,1,0,0,1,0,0,0,0,1,1,0,0,1,0,0,1,0,1,1,0,1,0,1,1,0,1,1,0,1,1,1,1,1,0,1,1,1,1,1,0,1,0,0,1,0,0,0,0,0,0,0,0,1,0,0,0
sampler_snapshot_random1_sampler_island_warmup5_cap1024_20260526,971,0,6E,48B9BF8740683B9F,1,1,1,1,1,0,0,1,1,1,0,1,1,1,0,0,0,0,0,1,0,1,1,0,0,0,0,0,0,0,1,0,1,1,1,0,0,0,0,1,1,1,1,1,1,1,0,1,1,0,0,1,1,1,0,1,0,0,0,1,0,0,1,0,0,1,1,1,0,1,1,0
sampler_snapshot_random1_sampler_island_warmup5_cap1024_20260526,972,0,20,74D89BC32474FA8B,1,1,0,1,0,0,0,1,0,1,0,1,1,1,1,1,0,0,1,0,1,1,1,0,0,0,1,0,0,1,0,0,1,1,0,0,0,0,1,1,1,1,0,1,1,0,0,1,0,0,0,1,1,0,1,1,0,0,1,0,1,1,1,0,0,0,0,0,0,1,0,0
sampler_snapshot_random1_sampler_island_warmup5_cap1024_20260526,973,0,51,358FCA683517DEEA,0,1,0,1,0,1,1,1,0,1,1,1,1,0,1,1,1,1,1,0,1,0,0,0,1,0,1,0,1,1,0,0,0,0,0,1,0,1,1,0,0,1,0,1,0,0,1,1,1,1,1,1,0,0,0,1,1,0,1,0,1,1,0,0,1,0,0,0,1,0,1,0
sampler_snapshot_random1_sampler_island_warmup5_cap1024_20260526,974,0,CA,D5EFAF3C70C38FAF,1,1,1,1,0,1,0,1,1,1,1,1,0,0,0,1,1,1,0,0,0,0,1,1,0,0,0,0,1,1,1,0,0,0,1,1,1,1,0,0,1,1,1,1,0,1,0,1,1,1,1,1,0,1,1,1,1,0,1,0,1,0,1,1,0,1,0,1,0,0,1,1
sampler_snapshot_random1_sampler_island_warmup5_cap1024_20260526,975,0,FF,80EAFD5D10A2EFFD,1,0,1,1,1,1,1,1,1,1,1,1,0,1,1,1,0,1,0,0,0,1,0,1,0,0,0,0,1,0,0,0,1,0,1,1,1,0,1,0,1,0,1,1,1,1,1,1,0,1,0,1,0,1,1,1,0,0,0,0,0,0,0,1,1,1,1,1,1,1,1,1
sampler_snapshot_random1_sampler_island_warmup5_cap1024_20260526,976,0,69,C3B3580C4FE7AA58,0,0,0,1,1,0,1,0,0,1,0,1,0,1,0,1,1,1,1,0,0,1,1,1,1,1,1,1,0,0,1,0,0,0,1,1,0,0,0,0,0,0,0,1,1,0,1,0,1,1,0,0,1,1,0,1,1,1,0,0,0,0,1,1,1,0,0,1,0,1,1,0
sampler_snapshot_random1_sampler_island_warmup5_cap1024_20260526,977,1,D6,F7571808EEF7F109,1,0,0,1,0,0,0,0,1,0,0,0,1,1,1,1,1,1,1,0,1,1,1,1,0,1,1,1,0,1,1,1,0,0,0,1,0,0,0,0,0,0,0,1,1,0,0,0,1,1,1,0,1,0,1,0,1,1,1,0,1,1,1,1,0,1,1,0,1,0,1,1
sampler_snapshot_random1_sampler_island_warmup5_cap1024_20260526,978,1,D3,B6044D6BAA96D56D,1,0,1,1,0,1,1,0,1,0,1,0,1,0,1,1,0,1,1,0,1,0,0,1,0,1,0,1,0,1,0,1,1,1,0,1,0,1,1,0,1,0,1,1,0,0,1,0,0,0,1,0,0,0,0,0,0,1,1,0,1,1,0,1,1,1,0,0,1,0,1,1
sampler_snapshot_random1_sampler_island_warmup5_cap1024_20260526,979,0,C3,D32024BEDBD1042C,0,0,1,1,0,1,0,0,0,0,1,0,0,0,0,0,1,0,0,0,1,0,1,1,1,1,0,1,1,0,1,1,0,1,1,1,1,1,0,1,0,0,1,0,0,1,0,0,0,0,0,0,0,1,0,0,1,1,0,0,1,0,1,1,1,1,0,0,0,0,1,1
sampler_snapshot_random1_sampler_island_warmup5_cap1024_20260526,980,1,67,8B6164DE9F296152,0,1,0,0,1,0,1,0,1,0,0,0,0,1,1,0,1,0,0,1,0,1,0,0,1,1,1,1,1,0,0,1,0,1,1,1,1,0,1,1,0,0,1,0,0,1,1,0,1,0,0,0,0,1,1,0,1,1,0,1,0,0,0,1,1,1,1,0,0,1,1,0
sampler_snapshot_random1_sampler_island_warmup5_cap1024_20260526,981,0,EE,2C34D3DBCE2C6153,1,1,0,0,1,0,1,0,1,0,0,0,0,1,1,0,0,0,1,1,0,1,0,0,0,1,1,1,0,0,1,1,1,1,0,1,1,0,1,1,1,1,0,0,1,0,1,1,0,0,1,0,1,1,0,0,0,0,1,1,0,1,0,0,0,1,1,1,0,1,1,1
sampler_snapshot_random1_sampler_island_warmup5_cap1024_20260526,982,0,D7,7C549383ED7C3486,0,1,1,0,0,0,0,1,0,0,1,0,1,1,0,0,0,0,1,1,1,1,1,0,1,0,1,1,0,1,1,1,1,1,0,0,0,0,0,1,1,1,0,0,1,0,0,1,0,0,1,0,1,0,1,0,0,0,1,1,1,1,1,0,1,1,1,0,1,0,1,1
sampler_snapshot_random1_sampler_island_warmup5_cap1024_20260526,983,1,1D,39C5C6E6291956E6,0,1,1,0,0,1,1,1,0,1,1,0,1,0,1,0,1,0,0,1,1,0,0,0,1,0,0,1,0,1,0,0,0,1,1,0,0,1,1,1,0,1,1,0,0,0,1,1,1,0,1,0,0,0,1,1,1,0,0,1,1,1,0,0,1,0,1,1,1,0,0,0
sampler_snapshot_random1_sampler_island_warmup5_cap1024_20260526,984,1,9E,58AAE7B5585883E7,1,1,1,0,0,1,1,1,1,1,0,0,0,0,0,1,0,0,0,1,1,0,1,0,0,0,0,1,1,0,1,0,1,0,1,0,1,1,0,1,1,1,1,0,0,1,1,1,0,1,0,1,0,1,0,1,0,0,0,1,1,0,1,0,0,1,1,1,1,0,0,1
sampler_snapshot_random1_sampler_island_warmup5_cap1024_20260526,985,0,C7,4CEAA311556EEA92,0,1,0,0,1,0,0,1,0,1,0,1,0,1,1,1,0,1,1,1,0,1,1,0,1,0,1,0,1,0,1,0,1,0,0,0,1,0,0,0,1,1,0,0,0,1,0,1,0,1,0,1,0,1,1,1,0,0,1,1,0,0,1,0,1,1,1,0,0,0,1,1
sampler_snapshot_random1_sampler_island_warmup5_cap1024_20260526,986,1,81,AD9FD25005AFEED0,0,0,0,0,1,0,1,1,0,1,1,1,0,1,1,1,1,1,1,1,0,1,0,1,1,0,1,0,0,0,0,0,0,0,0,0,1,0,1,0,0,1,0,0,1,0,1,1,1,1,1,1,1,0,0,1,1,0,1,1,0,1,0,1,1,0,0,0,0,0,0,1
sampler_snapshot_random1_sampler_island_warmup5_cap1024_20260526,987,0,22,EE9F9D0560FABF95,1,0,1,0,1,0,0,1,1,1,1,1,1,1,0,1,0,1,0,1,1,1,1,1,0,0,0,0,0,1,1,0,1,0,1,0,0,0,0,0,1,0,1,1,1,0,0,1,1,1,1,1,1,0,0,1,0,1,1,1,0,1,1,1,0,1,0,0,0,1,0,0
sampler_snapshot_random1_sampler_island_warmup5_cap1024_20260526,988,1,C0,BADA4D65229ADEED,1,0,1,1,0,1,1,1,0,1,1,1,1,0,1,1,0,1,0,1,1,0,0,1,0,1,0,0,0,1,0,0,1,0,1,0,0,1,1,0,1,0,1,1,0,0,1,0,0,1,0,1,1,0,1,1,0,1,0,1,1,1,0,1,0,0,0,0,0,0,1,1
sampler_snapshot_random1_sampler_island_warmup5_cap1024_20260526,989,0,65,D72B6874D797D868,0,0,0,1,0,1,1,0,0,0,0,1,1,0,1,1,1,1,1,0,1,0,0,1,1,1,1,0,1,0,1,1,0,0,1,0,1,1,1,0,0,0,0,1,0,1,1,0,1,1,0,1,0,1,0,0,1,1,1,0,1,0,1,1,1,0,1,0,0,1,1,0
sampler_snapshot_random1_sampler_island_warmup5_cap1024_20260526,990,1,DD,C76D281AD6E5A919,1,0,0,1,1,0,0,0,1,0,0,1,0,1,0,1,1,0,1,0,0,1,1,1,0,1,1,0,1,0,1,1,0,1,0,1,1,0,0,0,0,0,0,1,0,1,0,0,1,0,1,1,0,1,1,0,1,1,1,0,0,0,1,1,1,0,1,1,1,0,1,1
sampler_snapshot_random1_sampler_island_warmup5_cap1024_20260526,991,0,2F,A65C5DDB92A46D5D,1,0,1,1,1,0,1,0,1,0,1,1,0,1,1,0,0,0,1,0,0,1,0,1,0,1,0,0,1,0,0,1,1,1,0,1,1,0,1,1,1,0,1,1,1,0,1,0,0,0,1,1,1,0,1,0,0,1,1,0,0,1,0,1,1,1,1,1,0,1,0,0
sampler_snapshot_random1_sampler_island_warmup5_cap1024_20260526,992,1,DE,E3191EAEE3F11C1E,0,1,1,1,1,0,0,0,0,0,1,1,1,0,0,0,1,0,0,0,1,1,1,1,1,1,0,0,0,1,1,1,0,1,1,1,0,1,0,1,0,1,1,1,1,0,0,0,1,0,0,1,1,0,0,0,1,1,0,0,0,1,1,1,0,1,1,1,1,0,1,1
sampler_snapshot_random1_sampler_island_warmup5_cap1024_20260526,993,1,46,71511EEEAC51512B,1,1,0,1,0,1,0,0,1,0,0,0,1,0,1,0,1,0,0,0,1,0,1,0,0,0,1,1,0,1,0,1,0,1,1,1,0,1,1,1,0,1,1,1,1,0,0,0,1,0,0,0,1,0,1,0,1,0,0,0,1,1,1,0,0,1,1,0,0,0,1,0
sampler_snapshot_random1_sampler_island_warmup5_cap1024_20260526,994,1,00,1424EBEB9C1453EB,1,1,0,1,0,1,1,1,1,1,0,0,1,0,1,0,0,0,1,0,1,0,0,0,0,0,1,1,1,0,0,1,1,1,0,1,0,1,1,1,1,1,0,1,0,1,1,1,0,0,1,0,0,1,0,0,0,0,1,0,1,0,0,0,0,0,0,0,0,0,0,0
sampler_snapshot_random1_sampler_island_warmup5_cap1024_20260526,995,0,43,44E6AA9ADD65269E,0,1,1,1,1,0,0,1,0,1,1,0,0,1,0,0,1,0,1,0,0,1,1,0,1,0,1,1,1,0,1,1,0,1,0,1,1,0,0,1,0,1,0,1,0,1,0,1,0,1,1,0,0,1,1,1,0,0,1,0,0,0,1,0,1,1,0,0,0,0,1,0
sampler_snapshot_random1_sampler_island_warmup5_cap1024_20260526,996,0,3E,21D7D6DC192367DE,0,1,1,1,1,0,1,1,1,1,1,0,0,1,1,0,1,1,0,0,0,1,0,0,1,0,0,1,1,0,0,0,0,0,1,1,1,0,1,1,0,1,1,0,1,0,1,1,1,1,1,0,1,0,1,1,1,0,0,0,0,1,0,0,0,1,1,1,1,1,0,0
sampler_snapshot_random1_sampler_island_warmup5_cap1024_20260526,997,0,D5,6892D76D6C4A93D5,1,0,1,0,1,0,1,1,1,1,0,0,1,0,0,1,0,1,0,1,0,0,1,0,0,0,1,1,0,1,1,0,1,0,1,1,0,1,1,0,1,1,1,0,1,0,1,1,0,1,0,0,1,0,0,1,0,0,0,1,0,1,1,0,1,0,1,0,1,0,1,1
sampler_snapshot_random1_sampler_island_warmup5_cap1024_20260526,998,1,DA,5ED6B1296DDE92A0,0,0,0,0,0,1,0,1,0,1,0,0,1,0,0,1,0,1,1,1,1,0,1,1,1,0,1,1,0,1,1,0,1,0,0,1,0,1,0,0,1,0,0,0,1,1,0,1,0,1,1,0,1,0,1,1,0,1,1,1,1,0,1,0,0,1,0,1,1,0,1,1
sampler_snapshot_random1_sampler_island_warmup5_cap1024_20260526,999,1,6B,9FA7E0601F9FD6E0,0,0,0,0,0,1,1,1,0,1,1,0,1,0,1,1,1,1,1,1,1,0,0,1,1,1,1,1,1,0,0,0,0,0,0,0,0,1,1,0,0,0,0,0,0,1,1,1,1,1,1,0,0,1,0,1,1,1,1,1,1,0,0,1,1,1,0,1,0,1,1,0
sampler_snapshot_random1_sampler_island_warmup5_cap1024_20260526,1000,0,B5,DAA625155AEAA585,1,0,1,0,0,0,0,1,1,0,1,0,0,1,0,1,0,1,0,1,0,1,1,1,0,1,0,1,1,0,1,0,1,0,1,0,1,0,0,0,1,0,1,0,0,1,0,0,0,1,1,0,0,1,0,1,0,1,0,1,1,0,1,1,1,0,1,0,1,1,0,1
sampler_snapshot_random1_sampler_island_warmup5_cap1024_20260526,1001,1,5F,AAC85557BAEAEC54,0,0,1,0,1,0,1,0,0,0,1,1,0,1,1,1,0,1,0,1,0,1,1,1,0,1,0,1,1,1,0,1,1,1,1,0,1,0,1,0,1,0,1,0,1,0,1,0,0,0,0,1,0,0,1,1,0,1,0,1,0,1,0,1,1,1,1,1,1,0,1,0
sampler_snapshot_random1_sampler_island_warmup5_cap1024_20260526,1002,1,49,AF195066A78DD870,0,0,0,0,1,1,1,0,0,0,0,1,1,0,1,1,1,0,1,1,0,0,0,1,1,1,1,0,0,1,0,1,0,1,1,0,0,1,1,0,0,0,0,0,1,0,1,0,1,0,0,1,1,0,0,0,1,1,1,1,0,1,0,1,1,0,0,1,0,0,1,0
sampler_snapshot_random1_sampler_island_warmup5_cap1024_20260526,1003,1,6D,DE5D31A3E6DC1D23,1,1,0,0,0,1,0,0,1,0,1,1,1,0,0,0,0,0,1,1,1,0,1,1,0,1,1,0,0,1,1,1,1,1,0,0,0,1,0,1,1,0,0,0,1,1,0,0,1,0,1,1,1,0,1,0,0,1,1,1,1,0,1,1,1,0,1,1,0,1,1,0
sampler_snapshot_random1_sampler_island_warmup5_cap1024_20260526,1004,1,11,9C6C6FE3829C5C67,1,1,1,0,0,1,1,0,0,0,1,1,1,0,1,0,0,0,1,1,1,0,0,1,0,1,0,0,0,0,0,1,1,1,0,0,0,1,1,1,1,1,1,1,0,1,1,0,0,0,1,1,0,1,1,0,0,0,1,1,1,0,0,1,1,0,0,0,1,0,0,0
sampler_snapshot_random1_sampler_island_warmup5_cap1024_20260526,1005,0,62,59296E96D1692C4E,0,1,1,1,0,0,1,0,0,0,1,1,0,1,0,0,1,0,0,1,0,1,1,0,1,0,0,0,1,0,1,1,0,1,1,0,1,0,0,1,0,1,1,1,0,1,1,0,1,0,0,1,0,1,0,0,1,0,0,1,1,0,1,0,0,1,0,0,0,1,1,0
sampler_snapshot_random1_sampler_island_warmup5_cap1024_20260526,1006,1,CE,61499A96F4616B1B,1,1,0,1,1,0,0,0,1,1,0,1,0,1,1,0,1,0,0,0,0,1,1,0,0,0,1,0,1,1,1,1,0,1,1,0,1,0,0,1,0,1,0,1,1,0,0,1,1,0,0,1,0,0,1,0,1,0,0,0,0,1,1,0,0,1,1,1,0,0,1,1
sampler_snapshot_random1_sampler_island_warmup5_cap1024_20260526,1007,1,09,241EDBF9A4064BFB,1,1,0,1,1,1,1,1,1,1,0,1,0,0,1,0,0,1,1,0,0,0,0,0,0,0,1,0,0,1,0,1,1,0,0,1,1,1,1,1,1,1,0,1,1,0,1,1,0,1,1,1,1,0,0,0,0,0,1,0,0,1,0,0,1,0,0,1,0,0,0,0
sampler_snapshot_random1_sampler_island_warmup5_cap1024_20260526,1008,0,1D,559FBEA861571EAE,0,1,1,1,0,1,0,1,0,1,1,1,1,0,0,0,1,1,1,0,1,0,1,0,1,0,0,0,0,1,1,0,0,0,0,1,0,1,0,1,0,1,1,1,1,1,0,1,1,1,1,1,1,0,0,1,1,0,1,0,1,0,1,0,1,0,1,1,1,0,0,0
sampler_snapshot_random1_sampler_island_warmup5_cap1024_20260526,1009,0,24,11EBECCC0013FFED,1,0,1,1,0,1,1,1,1,1,1,1,1,1,1,1,1,1,0,0,1,0,0,0,0,0,0,0,0,0,0,0,0,0,1,1,0,0,1,1,0,0,1,1,0,1,1,1,1,1,0,1,0,1,1,1,1,0,0,0,1,0,0,0,0,0,1,0,0,1,0,0
sampler_snapshot_random1_sampler_island_warmup5_cap1024_20260526,1010,1,DB,52A2ED5D5EB2E3CD,1,0,1,1,0,0,1,1,1,1,0,0,0,1,1,1,0,1,0,0,1,1,0,1,0,1,1,1,1,0,1,0,1,0,1,1,1,0,1,0,1,0,1,1,0,1,1,1,0,1,0,0,0,1,0,1,0,1,0,0,1,0,1,0,1,1,0,1,1,0,1,1
sampler_snapshot_random1_sampler_island_warmup5_cap1024_20260526,1011,0,89,E6C688187FE7A098,0,0,0,1,1,0,0,1,0,0,0,0,0,1,0,1,1,1,1,0,0,1,1,1,1,1,1,1,1,1,1,0,0,0,0,1,1,0,0,0,0,0,0,1,0,0,0,1,0,1,1,0,0,0,1,1,0,1,1,0,0,1,1,1,1,0,0,1,0,0,0,1
sampler_snapshot_random1_sampler_island_warmup5_cap1024_20260526,1012,1,E8,A7D558782F87C5FC,0,0,1,1,1,1,1,1,1,0,1,0,0,0,1,1,1,1,1,0,0,0,0,1,1,1,1,1,0,1,0,0,0,0,0,1,1,1,1,0,0,0,0,1,1,0,1,0,1,0,1,0,1,0,1,1,1,1,1,0,0,1,0,1,0,0,0,1,0,1,1,1
sampler_snapshot_random1_sampler_island_warmup5_cap1024_20260526,1013,0,1C,D2B4352FEAD0952D,1,0,1,1,0,1,0,0,1,0,1,0,1,0,0,1,0,0,0,0,1,0,1,1,0,1,0,1,0,1,1,1,1,1,1,1,0,1,0,0,1,0,1,0,1,1,0,0,0,0,1,0,1,1,0,1,0,1,0,0,1,0,1,1,0,0,1,1,1,0,0,0
sampler_snapshot_random1_sampler_island_warmup5_cap1024_20260526,1014,0,AF,DA60250FCBF8F426,0,1,1,0,0,1,0,0,0,0,1,0,1,1,1,1,0,0,0,1,1,1,1,1,1,1,0,1,0,0,1,1,1,1,1,1,0,0,0,0,1,0,1,0,0,1,0,0,0,0,0,0,0,1,1,0,0,1,0,1,1,0,1,1,1,1,1,1,0,1,0,1
sampler_snapshot_random1_sampler_island_warmup5_cap1024_20260526,1015,0,90,9D2142DA9FBD6042,0,1,0,0,0,0,1,0,0,0,0,0,0,1,1,0,1,0,1,1,1,1,0,1,1,1,1,1,1,0,0,1,0,1,0,1,1,0,1,1,0,1,0,0,0,0,1,0,1,0,0,0,0,1,0,0,1,0,1,1,1,0,0,1,0,0,0,0,1,0,0,1
sampler_snapshot_random1_sampler_island_warmup5_cap1024_20260526,1016,0,87,EC440393FCEC2513,1,1,0,0,1,0,0,0,1,0,1,0,0,1,0,0,0,0,1,1,0,1,1,1,0,0,1,1,1,1,1,1,1,1,0,0,1,0,0,1,1,1,0,0,0,0,0,0,0,0,1,0,0,0,1,0,0,0,1,1,0,1,1,1,1,1,1,0,0,0,0,1
sampler_snapshot_random1_sampler_island_warmup5_cap1024_20260526,1017,1,FF,2C5457F7B9084676,0,1,1,0,1,1,1,0,0,1,1,0,0,0,1,0,0,0,0,1,0,0,0,0,1,0,0,1,1,1,0,1,1,1,1,0,1,1,1,1,1,1,1,0,1,0,1,0,0,0,1,0,1,0,1,0,0,0,1,1,0,1,0,0,1,1,1,1,1,1,1,1
sampler_snapshot_random1_sampler_island_warmup5_cap1024_20260526,1018,0,C9,493BF6E4E9591E76,0,1,1,0,1,1,1,0,0,1,1,1,1,0,0,0,1,0,0,1,1,0,1,0,1,0,0,1,0,1,1,1,0,0,1,0,0,1,1,1,0,1,1,0,1,1,1,1,1,1,0,1,1,1,0,0,1,0,0,1,0,0,1,0,1,0,0,1,0,0,1,1
sampler_snapshot_random1_sampler_island_warmup5_cap1024_20260526,1019,1,9A,587BA385C47E3BA3,1,1,0,0,0,1,0,1,1,1,0,1,1,1,0,0,0,1,1,1,1,1,1,0,0,0,1,0,0,0,1,1,1,0,1,0,0,0,0,1,1,1,0,0,0,1,0,1,1,1,0,1,1,1,1,0,0,0,0,1,1,0,1,0,0,1,0,1,1,0,0,1
sampler_snapshot_random1_sampler_island_warmup5_cap1024_20260526,1020,0,C7,1CAEC3D1143E7AC1,1,0,0,0,0,0,1,1,0,1,0,1,1,1,1,0,0,1,1,1,1,1,0,0,0,0,1,0,1,0,0,0,1,0,0,0,1,0,1,1,1,1,0,0,0,0,1,1,0,1,1,1,0,1,0,1,0,0,1,1,1,0,0,0,1,1,1,0,0,0,1,1
sampler_snapshot_random1_sampler_island_warmup5_cap1024_20260526,1021,0,63,6F8F8C90716FAE94,0,0,1,0,1,0,0,1,0,1,1,1,0,1,0,1,1,1,1,1,0,1,1,0,1,0,0,0,1,1,1,0,0,0,0,0,1,0,0,1,0,0,1,1,0,0,0,1,1,1,1,1,0,0,0,1,1,1,1,1,0,1,1,0,1,1,0,0,0,1,1,0
sampler_snapshot_random1_sampler_island_warmup5_cap1024_20260526,1022,0,29,2BDBDC74324BCFFD,1,0,1,1,1,1,1,1,1,1,1,1,0,0,1,1,1,1,0,1,0,0,1,0,0,1,0,0,1,1,0,0,0,0,1,0,1,1,1,0,0,0,1,1,1,0,1,1,1,1,0,1,1,0,1,1,1,1,0,1,0,1,0,0,1,0,0,1,0,1,0,0
sampler_snapshot_random1_sampler_island_warmup5_cap1024_20260526,1023,1,66,82BAFD650692D9F9,1,0,0,1,1,1,1,1,1,0,0,1,1,0,1,1,0,1,0,0,1,0,0,1,0,1,1,0,0,0,0,0,1,0,1,0,0,1,1,0,1,0,1,1,1,1,1,1,0,1,0,1,1,1,0,1,0,1,0,0,0,0,0,1,0,1,1,0,0,1,1,0
