label,byte_index,byte_phase_mod8,ones,zeros,p1,abs_bias,entropy,min_entropy
random1_sampler_island_local_warmup10_payload999,0,0,3762,4230,0.470720721,0.029279279,0.997525008,0.917898920
random1_sampler_island_local_warmup10_payload999,1,1,3750,4242,0.469219219,0.030780781,0.997264489,0.913811962
random1_sampler_island_local_warmup10_payload999,2,2,3401,4591,0.425550551,0.074449449,0.983947463,0.799748151
random1_sampler_island_local_warmup10_payload999,3,3,3639,4353,0.455330330,0.044669670,0.994234869,0.876546563
random1_sampler_island_local_warmup10_payload999,4,4,3522,4470,0.440690691,0.059309309,0.989826432,0.838281752
random1_sampler_island_local_warmup10_payload999,5,5,3482,4510,0.435685686,0.064314314,0.988031941,0.825429150
random1_sampler_island_local_warmup10_payload999,6,6,3657,4335,0.457582583,0.042417417,0.994802253,0.882524590
random1_sampler_island_local_warmup10_payload999,7,7,3646,4346,0.456206206,0.043793794,0.994459023,0.878868409
random1_sampler_island_local_warmup10_payload999,8,0,3711,4281,0.464339339,0.035660661,0.996327582,0.900608748
random1_sampler_island_local_warmup10_payload999,9,1,3705,4287,0.463588589,0.036411411,0.996171188,0.898588166
random1_sampler_island_local_warmup10_payload999,10,2,3783,4209,0.473348348,0.026651652,0.997949505,0.925079073
random1_sampler_island_local_warmup10_payload999,11,3,3713,4279,0.464589590,0.035410410,0.996378987,0.901282904
random1_sampler_island_local_warmup10_payload999,12,4,3716,4276,0.464964965,0.035035035,0.996455413,0.902294730
random1_sampler_island_local_warmup10_payload999,13,5,3684,4308,0.460960961,0.039039039,0.995598052,0.891538333
random1_sampler_island_local_warmup10_payload999,14,6,3662,4330,0.458208208,0.041791792,0.994954627,0.884189558
random1_sampler_island_local_warmup10_payload999,15,7,3613,4379,0.452077077,0.047922923,0.993363211,0.867955133
random1_sampler_island_local_warmup10_payload999,16,0,3638,4354,0.455205205,0.044794795,0.994202482,0.876215176
random1_sampler_island_local_warmup10_payload999,17,1,3612,4380,0.451951952,0.048048048,0.993328455,0.867625713
random1_sampler_island_local_warmup10_payload999,18,2,3600,4392,0.450450450,0.049549550,0.992904271,0.863678529
random1_sampler_island_local_warmup10_payload999,19,3,3697,4295,0.462587588,0.037412412,0.995957575,0.895898452
random1_sampler_island_local_warmup10_payload999,20,4,3776,4216,0.472472472,0.027527528,0.997812447,0.922681716
random1_sampler_island_local_warmup10_payload999,21,5,3744,4248,0.468468468,0.031531532,0.997129333,0.911772817
random1_sampler_island_local_warmup10_payload999,22,6,3658,4334,0.457707708,0.042292292,0.994832910,0.882857430
random1_sampler_island_local_warmup10_payload999,23,7,3695,4297,0.462337337,0.037662663,0.995903264,0.895226806
random1_sampler_island_local_warmup10_payload999,24,0,3715,4277,0.464839840,0.035160160,0.996430029,0.901957376
random1_sampler_island_local_warmup10_payload999,25,1,3694,4298,0.462212212,0.037787788,0.995875972,0.894891100
random1_sampler_island_local_warmup10_payload999,26,2,3641,4351,0.455580581,0.044419419,0.994299368,0.877209566
random1_sampler_island_local_warmup10_payload999,27,3,3738,4254,0.467717718,0.032282282,0.996990910,0.909736550
random1_sampler_island_local_warmup10_payload999,28,4,3660,4332,0.457957958,0.042042042,0.994893950,0.883523340
random1_sampler_island_local_warmup10_payload999,29,5,3684,4308,0.460960961,0.039039039,0.995598052,0.891538333
random1_sampler_island_local_warmup10_payload999,30,6,3647,4345,0.456331331,0.043668669,0.994490681,0.879200406
random1_sampler_island_local_warmup10_payload999,31,7,3672,4320,0.459459459,0.040540541,0.995252549,0.887525271
random1_sampler_island_local_warmup10_payload999,32,0,3665,4327,0.458583584,0.041416416,0.995044959,0.885189462
random1_sampler_island_local_warmup10_payload999,33,1,3618,4374,0.452702703,0.047297297,0.993535622,0.869603363
random1_sampler_island_local_warmup10_payload999,34,2,3713,4279,0.464589590,0.035410410,0.996378987,0.901282904
random1_sampler_island_local_warmup10_payload999,35,3,3645,4347,0.456081081,0.043918919,0.994427274,0.878536488
random1_sampler_island_local_warmup10_payload999,36,4,3680,4312,0.460460460,0.039539540,0.995484339,0.890199405
random1_sampler_island_local_warmup10_payload999,37,5,3605,4387,0.451076076,0.048923924,0.993082611,0.865321877
random1_sampler_island_local_warmup10_payload999,38,6,3657,4335,0.457582583,0.042417417,0.994802253,0.882524590
random1_sampler_island_local_warmup10_payload999,39,7,3733,4259,0.467092092,0.032907908,0.996873064,0.908041853
random1_sampler_island_local_warmup10_payload999,40,0,3614,4378,0.452202202,0.047797798,0.993397876,0.868284629
random1_sampler_island_local_warmup10_payload999,41,1,3760,4232,0.470470470,0.029529530,0.997482495,0.917216956
random1_sampler_island_local_warmup10_payload999,42,2,3672,4320,0.459459459,0.040540541,0.995252549,0.887525271
random1_sampler_island_local_warmup10_payload999,43,3,3730,4262,0.466716717,0.033283283,0.996801267,0.907025990
random1_sampler_island_local_warmup10_payload999,44,4,3635,4357,0.454829830,0.045170170,0.994104777,0.875221470
random1_sampler_island_local_warmup10_payload999,45,5,3680,4312,0.460460460,0.039539540,0.995484339,0.890199405
random1_sampler_island_local_warmup10_payload999,46,6,3615,4377,0.452327327,0.047672673,0.993432449,0.868614199
random1_sampler_island_local_warmup10_payload999,47,7,3650,4342,0.456706707,0.043293293,0.994585109,0.880196857
random1_sampler_island_local_warmup10_payload999,48,0,3654,4338,0.457207207,0.042792793,0.994709737,0.881526530
random1_sampler_island_local_warmup10_payload999,49,1,3721,4271,0.465590591,0.034409409,0.996580975,0.903982685
random1_sampler_island_local_warmup10_payload999,50,2,3744,4248,0.468468468,0.031531532,0.997129333,0.911772817
random1_sampler_island_local_warmup10_payload999,51,3,3687,4305,0.461336336,0.038663664,0.995682382,0.892543346
random1_sampler_island_local_warmup10_payload999,52,4,3701,4291,0.463088088,0.036911912,0.996065108,0.897242682
random1_sampler_island_local_warmup10_payload999,53,5,3596,4396,0.449949950,0.050050050,0.992759957,0.862365197
random1_sampler_island_local_warmup10_payload999,54,6,3690,4302,0.461711712,0.038288288,0.995765894,0.893549058
random1_sampler_island_local_warmup10_payload999,55,7,3699,4293,0.462837838,0.037162162,0.996011524,0.896570410
random1_sampler_island_local_warmup10_payload999,56,0,3732,4260,0.466966967,0.033033033,0.996849222,0.907703153
random1_sampler_island_local_warmup10_payload999,57,1,3594,4398,0.449699700,0.050300300,0.992687252,0.861708979
random1_sampler_island_local_warmup10_payload999,58,2,3553,4439,0.444569570,0.055430430,0.991116295,0.848321874
random1_sampler_island_local_warmup10_payload999,59,3,3703,4289,0.463338338,0.036661662,0.996118330,0.897915267
random1_sampler_island_local_warmup10_payload999,60,4,3712,4280,0.464464464,0.035535536,0.996353330,0.900945787
random1_sampler_island_local_warmup10_payload999,61,5,3694,4298,0.462212212,0.037787788,0.995875972,0.894891100
random1_sampler_island_local_warmup10_payload999,62,6,3581,4411,0.448073073,0.051926927,0.992205771,0.857450823
random1_sampler_island_local_warmup10_payload999,63,7,3709,4283,0.464089089,0.035910911,0.996275814,0.899934906
random1_sampler_island_local_warmup10_payload999,64,0,3737,4255,0.467592593,0.032407407,0.996967522,0.909397451
random1_sampler_island_local_warmup10_payload999,65,1,3757,4235,0.470095095,0.029904905,0.997418045,0.916194614
random1_sampler_island_local_warmup10_payload999,66,2,3602,4390,0.450700701,0.049299299,0.992975881,0.864335643
random1_sampler_island_local_warmup10_payload999,67,3,3787,4205,0.473848849,0.026151151,0.998025831,0.926450783
random1_sampler_island_local_warmup10_payload999,68,4,3670,4322,0.459209209,0.040790791,0.995193693,0.886857511
random1_sampler_island_local_warmup10_payload999,69,5,3634,4358,0.454704705,0.045295295,0.994072026,0.874890387
random1_sampler_island_local_warmup10_payload999,70,6,3649,4343,0.456581582,0.043418418,0.994553724,0.879864630
random1_sampler_island_local_warmup10_payload999,71,7,3662,4330,0.458208208,0.041791792,0.994954627,0.884189558
random1_sampler_island_local_warmup10_payload999,72,0,3589,4403,0.449074074,0.050925926,0.992503893,0.860069739
random1_sampler_island_local_warmup10_payload999,73,1,3640,4352,0.455455455,0.044544545,0.994267164,0.876878027
random1_sampler_island_local_warmup10_payload999,74,2,3698,4294,0.462712713,0.037287287,0.995984595,0.896234392
random1_sampler_island_local_warmup10_payload999,75,3,3739,4253,0.467842843,0.032157157,0.997014208,0.910075728
random1_sampler_island_local_warmup10_payload999,76,4,3706,4286,0.463713714,0.036286286,0.996197481,0.898924733
random1_sampler_island_local_warmup10_payload999,77,5,3712,4280,0.464464464,0.035535536,0.996353330,0.900945787
random1_sampler_island_local_warmup10_payload999,78,6,3692,4300,0.461961962,0.038038038,0.995821115,0.894219923
random1_sampler_island_local_warmup10_payload999,79,7,3676,4316,0.459959960,0.040040040,0.995369172,0.888861718
random1_sampler_island_local_warmup10_payload999,80,0,3720,4272,0.465465465,0.034534535,0.996556044,0.903644936
random1_sampler_island_local_warmup10_payload999,81,1,3654,4338,0.457207207,0.042792793,0.994709737,0.881526530
random1_sampler_island_local_warmup10_payload999,82,2,3635,4357,0.454829830,0.045170170,0.994104777,0.875221470
random1_sampler_island_local_warmup10_payload999,83,3,3729,4263,0.466591592,0.033408408,0.996777153,0.906687528
random1_sampler_island_local_warmup10_payload999,84,4,3611,4381,0.451826827,0.048173173,0.993293608,0.867296368
random1_sampler_island_local_warmup10_payload999,85,5,3699,4293,0.462837838,0.037162162,0.996011524,0.896570410
random1_sampler_island_local_warmup10_payload999,86,6,3609,4383,0.451576577,0.048423423,0.993223641,0.866637904
random1_sampler_island_local_warmup10_payload999,87,7,3627,4365,0.453828829,0.046171171,0.993840220,0.872574929
random1_sampler_island_local_warmup10_payload999,88,0,3707,4285,0.463838839,0.036161161,0.996223683,0.899261379
random1_sampler_island_local_warmup10_payload999,89,1,3696,4296,0.462462462,0.037537538,0.995930465,0.895562590
random1_sampler_island_local_warmup10_payload999,90,2,3678,4314,0.460210210,0.039789790,0.995426937,0.889530407
random1_sampler_island_local_warmup10_payload999,91,3,3637,4355,0.455080080,0.044919920,0.994170005,0.875883864
random1_sampler_island_local_warmup10_payload999,92,4,3691,4301,0.461836837,0.038163163,0.995793550,0.893884452
random1_sampler_island_local_warmup10_payload999,93,5,3553,4439,0.444569570,0.055430430,0.991116295,0.848321874
random1_sampler_island_local_warmup10_payload999,94,6,3672,4320,0.459459459,0.040540541,0.995252549,0.887525271
random1_sampler_island_local_warmup10_payload999,95,7,3699,4293,0.462837838,0.037162162,0.996011524,0.896570410
random1_sampler_island_local_warmup10_payload999,96,0,3681,4311,0.460585586,0.039414414,0.995512904,0.890534021
random1_sampler_island_local_warmup10_payload999,97,1,3677,4315,0.460085085,0.039914915,0.995398100,0.889196024
random1_sampler_island_local_warmup10_payload999,98,2,3671,4321,0.459334334,0.040665666,0.995223166,0.887191352
random1_sampler_island_local_warmup10_payload999,99,3,3679,4313,0.460335335,0.039664665,0.995455684,0.889864867
random1_sampler_island_local_warmup10_payload999,100,4,3694,4298,0.462212212,0.037787788,0.995875972,0.894891100
random1_sampler_island_local_warmup10_payload999,101,5,3648,4344,0.456456456,0.043543544,0.994522248,0.879532480
random1_sampler_island_local_warmup10_payload999,102,6,3660,4332,0.457957958,0.042042042,0.994893950,0.883523340
random1_sampler_island_local_warmup10_payload999,103,7,3699,4293,0.462837838,0.037162162,0.996011524,0.896570410
random1_sampler_island_local_warmup10_payload999,104,0,3651,4341,0.456831832,0.043168168,0.994616402,0.880529161
random1_sampler_island_local_warmup10_payload999,105,1,3706,4286,0.463713714,0.036286286,0.996197481,0.898924733
random1_sampler_island_local_warmup10_payload999,106,2,3700,4292,0.462962963,0.037037037,0.996038361,0.896906507
random1_sampler_island_local_warmup10_payload999,107,3,3738,4254,0.467717718,0.032282282,0.996990910,0.909736550
random1_sampler_island_local_warmup10_payload999,108,4,3643,4349,0.455830831,0.044169169,0.994363503,0.877872874
random1_sampler_island_local_warmup10_payload999,109,5,3694,4298,0.462212212,0.037787788,0.995875972,0.894891100
random1_sampler_island_local_warmup10_payload999,110,6,3671,4321,0.459334334,0.040665666,0.995223166,0.887191352
random1_sampler_island_local_warmup10_payload999,111,7,3676,4316,0.459959960,0.040040040,0.995369172,0.888861718
random1_sampler_island_local_warmup10_payload999,112,0,3708,4284,0.463963964,0.036036036,0.996249794,0.899598103
random1_sampler_island_local_warmup10_payload999,113,1,3701,4291,0.463088088,0.036911912,0.996065108,0.897242682
random1_sampler_island_local_warmup10_payload999,114,2,3788,4204,0.473973974,0.026026026,0.998044686,0.926793914
random1_sampler_island_local_warmup10_payload999,115,3,3723,4269,0.465840841,0.034159159,0.996630564,0.904658421
random1_sampler_island_local_warmup10_payload999,116,4,3713,4279,0.464589590,0.035410410,0.996378987,0.901282904
random1_sampler_island_local_warmup10_payload999,117,5,3681,4311,0.460585586,0.039414414,0.995512904,0.890534021
random1_sampler_island_local_warmup10_payload999,118,6,3655,4337,0.457332332,0.042667668,0.994740667,0.881859140
random1_sampler_island_local_warmup10_payload999,119,7,3706,4286,0.463713714,0.036286286,0.996197481,0.898924733
random1_sampler_island_local_warmup10_payload999,120,0,3610,4382,0.451701702,0.048298298,0.993258670,0.866967099
random1_sampler_island_local_warmup10_payload999,121,1,3601,4391,0.450575576,0.049424424,0.992940121,0.864007049
random1_sampler_island_local_warmup10_payload999,122,2,3642,4350,0.455705706,0.044294294,0.994331481,0.877541182
random1_sampler_island_local_warmup10_payload999,123,3,3719,4273,0.465340340,0.034659660,0.996531023,0.903307266
random1_sampler_island_local_warmup10_payload999,124,4,3625,4367,0.453578579,0.046421421,0.993773170,0.871914052
random1_sampler_island_local_warmup11_payload999,0,0,3822,4170,0.478228228,0.021771772,0.998631864,0.938509199
random1_sampler_island_local_warmup11_payload999,1,1,3688,4304,0.461461461,0.038538539,0.995710311,0.892878505
random1_sampler_island_local_warmup11_payload999,2,2,3763,4229,0.470845846,0.029154154,0.997546129,0.918240023
random1_sampler_island_local_warmup11_payload999,3,3,3832,4160,0.479479479,0.020520521,0.998784645,0.941973055
random1_sampler_island_local_warmup11_payload999,4,4,3768,4224,0.471471471,0.028528529,0.997650372,0.919946748
random1_sampler_island_local_warmup11_payload999,5,5,3777,4215,0.472597598,0.027402402,0.997832299,0.923023952
random1_sampler_island_local_warmup11_payload999,6,6,3742,4250,0.468218218,0.031781782,0.997083555,0.911093742
random1_sampler_island_local_warmup11_payload999,7,7,3767,4225,0.471346346,0.028653654,0.997629704,0.919605242
random1_sampler_island_local_warmup11_payload999,8,0,3719,4273,0.465340340,0.034659660,0.996531023,0.903307266
random1_sampler_island_local_warmup11_payload999,9,1,3729,4263,0.466591592,0.033408408,0.996777153,0.906687528
random1_sampler_island_local_warmup11_payload999,10,2,3761,4231,0.470595596,0.029404404,0.997503797,0.917557897
random1_sampler_island_local_warmup11_payload999,11,3,3790,4202,0.474224224,0.025775776,0.998082124,0.927480421
random1_sampler_island_local_warmup11_payload999,12,4,3763,4229,0.470845846,0.029154154,0.997546129,0.918240023
random1_sampler_island_local_warmup11_payload999,13,5,3772,4220,0.471971972,0.028028028,0.997732135,0.921313584
random1_sampler_island_local_warmup11_payload999,14,6,3733,4259,0.467092092,0.032907908,0.996873064,0.908041853
random1_sampler_island_local_warmup11_payload999,15,7,3797,4195,0.475100100,0.024899900,0.998210304,0.929885772
random1_sampler_island_local_warmup11_payload999,16,0,3784,4208,0.473473473,0.026526527,0.997968723,0.925421879
random1_sampler_island_local_warmup11_payload999,17,1,3813,4179,0.477102102,0.022897898,0.998486621,0.935398824
random1_sampler_island_local_warmup11_payload999,18,2,3859,4133,0.482857858,0.017142142,0.999151953,0.951367219
random1_sampler_island_local_warmup11_payload999,19,3,3723,4269,0.465840841,0.034159159,0.996630564,0.904658421
random1_sampler_island_local_warmup11_payload999,20,4,3697,4295,0.462587588,0.037412412,0.995957575,0.895898452
random1_sampler_island_local_warmup11_payload999,21,5,3696,4296,0.462462462,0.037537538,0.995930465,0.895562590
random1_sampler_island_local_warmup11_payload999,22,6,3754,4238,0.469719720,0.030280280,0.997352780,0.915172995
random1_sampler_island_local_warmup11_payload999,23,7,3800,4192,0.475475475,0.024524525,0.998263879,0.930917866
random1_sampler_island_local_warmup11_payload999,24,0,3768,4224,0.471471471,0.028528529,0.997650372,0.919946748
random1_sampler_island_local_warmup11_payload999,25,1,3816,4176,0.477477477,0.022522523,0.998535850,0.936434871
random1_sampler_island_local_warmup11_payload999,26,2,3742,4250,0.468218218,0.031781782,0.997083555,0.911093742
random1_sampler_island_local_warmup11_payload999,27,3,3756,4236,0.469969970,0.030030030,0.997396381,0.915853994
random1_sampler_island_local_warmup11_payload999,28,4,3797,4195,0.475100100,0.024899900,0.998210304,0.929885772
random1_sampler_island_local_warmup11_payload999,29,5,3779,4213,0.472847848,0.027152152,0.997871730,0.923708667
random1_sampler_island_local_warmup11_payload999,30,6,3772,4220,0.471971972,0.028028028,0.997732135,0.921313584
random1_sampler_island_local_warmup11_payload999,31,7,3795,4197,0.474849850,0.025150150,0.998174134,0.929198120
random1_sampler_island_local_warmup11_payload999,32,0,3726,4266,0.466216216,0.033783784,0.996704267,0.905672617
random1_sampler_island_local_warmup11_payload999,33,1,3788,4204,0.473973974,0.026026026,0.998044686,0.926793914
random1_sampler_island_local_warmup11_payload999,34,2,3796,4196,0.474974975,0.025025025,0.998192264,0.929541905
random1_sampler_island_local_warmup11_payload999,35,3,3764,4228,0.470970971,0.029029029,0.997567159,0.918581206
random1_sampler_island_local_warmup11_payload999,36,4,3728,4264,0.466466466,0.033533534,0.996752948,0.906349145
random1_sampler_island_local_warmup11_payload999,37,5,3769,4223,0.471596597,0.028403403,0.997670948,0.920288336
random1_sampler_island_local_warmup11_payload999,38,6,3761,4231,0.470595596,0.029404404,0.997503797,0.917557897
random1_sampler_island_local_warmup11_payload999,39,7,3772,4220,0.471971972,0.028028028,0.997732135,0.921313584
random1_sampler_island_local_warmup11_payload999,40,0,3781,4211,0.473098098,0.026901902,0.997910799,0.924393708
random1_sampler_island_local_warmup11_payload999,41,1,3795,4197,0.474849850,0.025150150,0.998174134,0.929198120
random1_sampler_island_local_warmup11_payload999,42,2,3748,4244,0.468968969,0.031031031,0.997219800,0.913131927
random1_sampler_island_local_warmup11_payload999,43,3,3709,4283,0.464089089,0.035910911,0.996275814,0.899934906
random1_sampler_island_local_warmup11_payload999,44,4,3805,4187,0.476101101,0.023898899,0.998351360,0.932639665
random1_sampler_island_local_warmup11_payload999,45,5,3828,4164,0.478978979,0.021021021,0.998724618,0.940586514
random1_sampler_island_local_warmup11_payload999,46,6,3698,4294,0.462712713,0.037287287,0.995984595,0.896234392
random1_sampler_island_local_warmup11_payload999,47,7,3762,4230,0.470720721,0.029279279,0.997525008,0.917898920
random1_sampler_island_local_warmup11_payload999,48,0,3804,4188,0.475975976,0.024024024,0.998334045,0.932295141
random1_sampler_island_local_warmup11_payload999,49,1,3742,4250,0.468218218,0.031781782,0.997083555,0.911093742
random1_sampler_island_local_warmup11_payload999,50,2,3755,4237,0.469844845,0.030155155,0.997374626,0.915513454
random1_sampler_island_local_warmup11_payload999,51,3,3865,4127,0.483608609,0.016391391,0.999224621,0.953463145
random1_sampler_island_local_warmup11_payload999,52,4,3787,4205,0.473848849,0.026151151,0.998025831,0.926450783
random1_sampler_island_local_warmup11_payload999,53,5,3743,4249,0.468343343,0.031656657,0.997106489,0.911433239
random1_sampler_island_local_warmup11_payload999,54,6,3836,4156,0.479979980,0.020020020,0.998843223,0.943360929
random1_sampler_island_local_warmup11_payload999,55,7,3777,4215,0.472597598,0.027402402,0.997832299,0.923023952
random1_sampler_island_local_warmup11_payload999,56,0,3732,4260,0.466966967,0.033033033,0.996849222,0.907703153
random1_sampler_island_local_warmup11_payload999,57,1,3749,4243,0.469094094,0.030905906,0.997242190,0.913471905
random1_sampler_island_local_warmup11_payload999,58,2,3674,4318,0.459709710,0.040290290,0.995311043,0.888193340
random1_sampler_island_local_warmup11_payload999,59,3,3777,4215,0.472597598,0.027402402,0.997832299,0.923023952
random1_sampler_island_local_warmup11_payload999,60,4,3801,4191,0.475600601,0.024399399,0.998281556,0.931262062
random1_sampler_island_local_warmup11_payload999,61,5,3756,4236,0.469969970,0.030030030,0.997396381,0.915853994
random1_sampler_island_local_warmup11_payload999,62,6,3827,4165,0.478853854,0.021146146,0.998709386,0.940240088
random1_sampler_island_local_warmup11_payload999,63,7,3798,4194,0.475225225,0.024774775,0.998228253,0.930229722
random1_sampler_island_local_warmup11_payload999,64,0,3789,4203,0.474099099,0.025900901,0.998063450,0.927137127
random1_sampler_island_local_warmup11_payload999,65,1,3773,4219,0.472097097,0.027902903,0.997752349,0.921655496
random1_sampler_island_local_warmup11_payload999,66,2,3819,4173,0.477852853,0.022147147,0.998584264,0.937471663
random1_sampler_island_local_warmup11_payload999,67,3,3813,4179,0.477102102,0.022897898,0.998486621,0.935398824
random1_sampler_island_local_warmup11_payload999,68,4,3732,4260,0.466966967,0.033033033,0.996849222,0.907703153
random1_sampler_island_local_warmup11_payload999,69,5,3863,4129,0.483358358,0.016641642,0.999200760,0.952764165
random1_sampler_island_local_warmup11_payload999,70,6,3813,4179,0.477102102,0.022897898,0.998486621,0.935398824
random1_sampler_island_local_warmup11_payload999,71,7,3713,4279,0.464589590,0.035410410,0.996378987,0.901282904
random1_sampler_island_local_warmup11_payload999,72,0,3781,4211,0.473098098,0.026901902,0.997910799,0.924393708
random1_sampler_island_local_warmup11_payload999,73,1,3777,4215,0.472597598,0.027402402,0.997832299,0.923023952
random1_sampler_island_local_warmup11_payload999,74,2,3748,4244,0.468968969,0.031031031,0.997219800,0.913131927
random1_sampler_island_local_warmup11_payload999,75,3,3749,4243,0.469094094,0.030905906,0.997242190,0.913471905
random1_sampler_island_local_warmup11_payload999,76,4,3770,4222,0.471721722,0.028278278,0.997691434,0.920630004
random1_sampler_island_local_warmup11_payload999,77,5,3722,4270,0.465715716,0.034284284,0.996605815,0.904320513
random1_sampler_island_local_warmup11_payload999,78,6,3780,4212,0.472972973,0.027027027,0.997891310,0.924051147
random1_sampler_island_local_warmup11_payload999,79,7,3731,4261,0.466841842,0.033158158,0.996825290,0.907364532
random1_sampler_island_local_warmup11_payload999,80,0,3766,4226,0.471221221,0.028778779,0.997608946,0.919263816
random1_sampler_island_local_warmup11_payload999,81,1,3823,4169,0.478353353,0.021646647,0.998647549,0.938855211
random1_sampler_island_local_warmup11_payload999,82,2,3793,4199,0.474599600,0.025400400,0.998137602,0.928510795
random1_sampler_island_local_warmup11_payload999,83,3,3729,4263,0.466591592,0.033408408,0.996777153,0.906687528
random1_sampler_island_local_warmup11_payload999,84,4,3727,4265,0.466341341,0.033658659,0.996728653,0.906010842
random1_sampler_island_local_warmup11_payload999,85,5,3746,4246,0.468718719,0.031281281,0.997174748,0.912452212
random1_sampler_island_local_warmup11_payload999,86,6,3725,4267,0.466091091,0.033908909,0.996679790,0.905334473
random1_sampler_island_local_warmup11_payload999,87,7,3810,4182,0.476726727,0.023273273,0.998436577,0.934363521
random1_sampler_island_local_warmup11_payload999,88,0,3831,4161,0.479354354,0.020645646,0.998769774,0.941626295
random1_sampler_island_local_warmup11_payload999,89,1,3814,4178,0.477227227,0.022772773,0.998503121,0.935744091
random1_sampler_island_local_warmup11_payload999,90,2,3704,4288,0.463463463,0.036536537,0.996144804,0.898251677
random1_sampler_island_local_warmup11_payload999,91,3,3730,4262,0.466716717,0.033283283,0.996801267,0.907025990
random1_sampler_island_local_warmup11_payload999,92,4,3776,4216,0.472472472,0.027527528,0.997812447,0.922681716
random1_sampler_island_local_warmup11_payload999,93,5,3779,4213,0.472847848,0.027152152,0.997871730,0.923708667
random1_sampler_island_local_warmup11_payload999,94,6,3694,4298,0.462212212,0.037787788,0.995875972,0.894891100
random1_sampler_island_local_warmup11_payload999,95,7,3729,4263,0.466591592,0.033408408,0.996777153,0.906687528
random1_sampler_island_local_warmup11_payload999,96,0,3773,4219,0.472097097,0.027902903,0.997752349,0.921655496
random1_sampler_island_local_warmup11_payload999,97,1,3709,4283,0.464089089,0.035910911,0.996275814,0.899934906
random1_sampler_island_local_warmup11_payload999,98,2,3718,4274,0.465215215,0.034784785,0.996505910,0.902969675
random1_sampler_island_local_warmup11_payload999,99,3,3899,4093,0.487862863,0.012137137,0.999574911,0.965397916
random1_sampler_island_local_warmup11_payload999,100,4,3755,4237,0.469844845,0.030155155,0.997374626,0.915513454
random1_sampler_island_local_warmup11_payload999,101,5,3765,4227,0.471096096,0.028903904,0.997588098,0.918922471
random1_sampler_island_local_warmup11_payload999,102,6,3754,4238,0.469719720,0.030280280,0.997352780,0.915172995
random1_sampler_island_local_warmup11_payload999,103,7,3756,4236,0.469969970,0.030030030,0.997396381,0.915853994
random1_sampler_island_local_warmup11_payload999,104,0,3810,4182,0.476726727,0.023273273,0.998436577,0.934363521
random1_sampler_island_local_warmup11_payload999,105,1,3795,4197,0.474849850,0.025150150,0.998174134,0.929198120
random1_sampler_island_local_warmup11_payload999,106,2,3809,4183,0.476601602,0.023398398,0.998419715,0.934018585
random1_sampler_island_local_warmup11_payload999,107,3,3718,4274,0.465215215,0.034784785,0.996505910,0.902969675
random1_sampler_island_local_warmup11_payload999,108,4,3784,4208,0.473473473,0.026526527,0.997968723,0.925421879
random1_sampler_island_local_warmup11_payload999,109,5,3792,4200,0.474474474,0.025525526,0.998119200,0.928167255
random1_sampler_island_local_warmup11_payload999,110,6,3798,4194,0.475225225,0.024774775,0.998228253,0.930229722
random1_sampler_island_local_warmup11_payload999,111,7,3726,4266,0.466216216,0.033783784,0.996704267,0.905672617
random1_sampler_island_local_warmup11_payload999,112,0,3716,4276,0.464964965,0.035035035,0.996455413,0.902294730
random1_sampler_island_local_warmup11_payload999,113,1,3820,4172,0.477977978,0.022022022,0.998600221,0.937817425
random1_sampler_island_local_warmup11_payload999,114,2,3784,4208,0.473473473,0.026526527,0.997968723,0.925421879
random1_sampler_island_local_warmup11_payload999,115,3,3763,4229,0.470845846,0.029154154,0.997546129,0.918240023
random1_sampler_island_local_warmup11_payload999,116,4,3744,4248,0.468468468,0.031531532,0.997129333,0.911772817
random1_sampler_island_local_warmup11_payload999,117,5,3736,4256,0.467467467,0.032532533,0.996944044,0.909058432
random1_sampler_island_local_warmup11_payload999,118,6,3828,4164,0.478978979,0.021021021,0.998724618,0.940586514
random1_sampler_island_local_warmup11_payload999,119,7,3684,4308,0.460960961,0.039039039,0.995598052,0.891538333
random1_sampler_island_local_warmup11_payload999,120,0,3748,4244,0.468968969,0.031031031,0.997219800,0.913131927
random1_sampler_island_local_warmup11_payload999,121,1,3810,4182,0.476726727,0.023273273,0.998436577,0.934363521
random1_sampler_island_local_warmup11_payload999,122,2,3762,4230,0.470720721,0.029279279,0.997525008,0.917898920
random1_sampler_island_local_warmup11_payload999,123,3,3769,4223,0.471596597,0.028403403,0.997670948,0.920288336
random1_sampler_island_local_warmup11_payload999,124,4,3819,4173,0.477852853,0.022147147,0.998584264,0.937471663
random1_sampler_island_local_warmup4_payload999,0,0,3987,4005,0.498873874,0.001126126,0.999996341,0.996754340
random1_sampler_island_local_warmup4_payload999,1,1,4011,3981,0.501876877,0.001876877,0.999989836,0.994594617
random1_sampler_island_local_warmup4_payload999,2,2,3915,4077,0.489864865,0.010135135,0.999703590,0.971048626
random1_sampler_island_local_warmup4_payload999,3,3,4003,3989,0.500875876,0.000875876,0.999997786,0.997474967
random1_sampler_island_local_warmup4_payload999,4,4,4014,3978,0.502252252,0.002252252,0.999985363,0.993515966
random1_sampler_island_local_warmup4_payload999,5,5,4043,3949,0.505880881,0.005880881,0.999900207,0.983130380
random1_sampler_island_local_warmup4_payload999,6,6,4008,3984,0.501501502,0.001501502,0.999993495,0.995674075
random1_sampler_island_local_warmup4_payload999,7,7,3965,4027,0.496121121,0.003878879,0.999956587,0.988851111
random1_sampler_island_local_warmup4_payload999,8,0,3943,4049,0.493368368,0.006631632,0.999873101,0.980990940
random1_sampler_island_local_warmup4_payload999,9,1,3983,4009,0.498373373,0.001626627,0.999992365,0.995314166
random1_sampler_island_local_warmup4_payload999,10,2,3928,4064,0.491491491,0.008508509,0.999791103,0.975656181
random1_sampler_island_local_warmup4_payload999,11,3,3993,3999,0.499624625,0.000375375,0.999999593,0.998917302
random1_sampler_island_local_warmup4_payload999,12,4,4012,3980,0.502002002,0.002002002,0.999988435,0.994234977
random1_sampler_island_local_warmup4_payload999,13,5,4005,3987,0.501126126,0.001126126,0.999996341,0.996754340
random1_sampler_island_local_warmup4_payload999,14,6,3977,4015,0.497622623,0.002377377,0.999983692,0.993156595
random1_sampler_island_local_warmup4_payload999,15,7,4025,3967,0.503628629,0.003628629,0.999962008,0.989567800
random1_sampler_island_local_warmup4_payload999,16,0,3933,4059,0.492117117,0.007882883,0.999820695,0.977432243
random1_sampler_island_local_warmup4_payload999,17,1,3983,4009,0.498373373,0.001626627,0.999992365,0.995314166
random1_sampler_island_local_warmup4_payload999,18,2,4019,3973,0.502877878,0.002877878,0.999976103,0.991720006
random1_sampler_island_local_warmup4_payload999,19,3,3982,4010,0.498248248,0.001751752,0.999991146,0.994954346
random1_sampler_island_local_warmup4_payload999,20,4,3973,4019,0.497122122,0.002877878,0.999976103,0.991720006
random1_sampler_island_local_warmup4_payload999,21,5,3948,4044,0.493993994,0.006006006,0.999895915,0.982773586
random1_sampler_island_local_warmup4_payload999,22,6,4014,3978,0.502252252,0.002252252,0.999985363,0.993515966
random1_sampler_island_local_warmup4_payload999,23,7,3911,4081,0.489364364,0.010635636,0.999673589,0.969633873
random1_sampler_island_local_warmup4_payload999,24,0,4027,3965,0.503878879,0.003878879,0.999956587,0.988851111
random1_sampler_island_local_warmup4_payload999,25,1,4040,3952,0.505505506,0.005505506,0.999912540,0.984201290
random1_sampler_island_local_warmup4_payload999,26,2,3977,4015,0.497622623,0.002377377,0.999983692,0.993156595
random1_sampler_island_local_warmup4_payload999,27,3,3982,4010,0.498248248,0.001751752,0.999991146,0.994954346
random1_sampler_island_local_warmup4_payload999,28,4,4030,3962,0.504254254,0.004254254,0.999947778,0.987776744
random1_sampler_island_local_warmup4_payload999,29,5,4041,3951,0.505630631,0.005630631,0.999908520,0.983844232
random1_sampler_island_local_warmup4_payload999,30,6,3924,4068,0.490990991,0.009009009,0.999765803,0.974236904
random1_sampler_island_local_warmup4_payload999,31,7,3972,4020,0.496996997,0.003003003,0.999973979,0.991361082
random1_sampler_island_local_warmup4_payload999,32,0,4004,3988,0.501001001,0.001001001,0.999997109,0.997114609
random1_sampler_island_local_warmup4_payload999,33,1,4012,3980,0.502002002,0.002002002,0.999988435,0.994234977
random1_sampler_island_local_warmup4_payload999,34,2,4002,3990,0.500750751,0.000750751,0.999998374,0.997835416
random1_sampler_island_local_warmup4_payload999,35,3,4011,3981,0.501876877,0.001876877,0.999989836,0.994594617
random1_sampler_island_local_warmup4_payload999,36,4,3960,4032,0.495495495,0.004504505,0.999941453,0.987060944
random1_sampler_island_local_warmup4_payload999,37,5,4030,3962,0.504254254,0.004254254,0.999947778,0.987776744
random1_sampler_island_local_warmup4_payload999,38,6,4059,3933,0.507882883,0.007882883,0.999820695,0.977432243
random1_sampler_island_local_warmup4_payload999,39,7,3986,4006,0.498748749,0.001251251,0.999995483,0.996394162
random1_sampler_island_local_warmup4_payload999,40,0,3975,4017,0.497372372,0.002627628,0.999980078,0.992438122
random1_sampler_island_local_warmup4_payload999,41,1,3968,4024,0.496496496,0.003503504,0.999964583,0.989926278
random1_sampler_island_local_warmup4_payload999,42,2,4026,3966,0.503753754,0.003753754,0.999959343,0.989209411
random1_sampler_island_local_warmup4_payload999,43,3,3927,4065,0.491366366,0.008633634,0.999784913,0.975301231
random1_sampler_island_local_warmup4_payload999,44,4,3961,4031,0.495620621,0.004379379,0.999944661,0.987418800
random1_sampler_island_local_warmup4_payload999,45,5,4014,3978,0.502252252,0.002252252,0.999985363,0.993515966
random1_sampler_island_local_warmup4_payload999,46,6,4085,3907,0.511136136,0.011136136,0.999642143,0.968220505
random1_sampler_island_local_warmup4_payload999,47,7,3976,4016,0.497497497,0.002502503,0.999981930,0.992797314
random1_sampler_island_local_warmup4_payload999,48,0,3966,4026,0.496246246,0.003753754,0.999959343,0.989209411
random1_sampler_island_local_warmup4_payload999,49,1,3977,4015,0.497622623,0.002377377,0.999983692,0.993156595
random1_sampler_island_local_warmup4_payload999,50,2,3932,4060,0.491991992,0.008008008,0.999814957,0.977076856
random1_sampler_island_local_warmup4_payload999,51,3,4039,3953,0.505380380,0.005380380,0.999916471,0.984558437
random1_sampler_island_local_warmup4_payload999,52,4,3976,4016,0.497497497,0.002502503,0.999981930,0.992797314
random1_sampler_island_local_warmup4_payload999,53,5,3994,3998,0.499749750,0.000250250,0.999999819,0.999278111
random1_sampler_island_local_warmup4_payload999,54,6,3995,3997,0.499874875,0.000125125,0.999999955,0.999639010
random1_sampler_island_local_warmup4_payload999,55,7,3919,4073,0.490365365,0.009634635,0.999732144,0.972464769
random1_sampler_island_local_warmup4_payload999,56,0,3983,4009,0.498373373,0.001626627,0.999992365,0.995314166
random1_sampler_island_local_warmup4_payload999,57,1,3955,4037,0.494869870,0.005130130,0.999924060,0.985272996
random1_sampler_island_local_warmup4_payload999,58,2,3953,4039,0.494619620,0.005380380,0.999916471,0.984558437
random1_sampler_island_local_warmup4_payload999,59,3,4074,3918,0.509759760,0.009759760,0.999725141,0.972110603
random1_sampler_island_local_warmup4_payload999,60,4,4050,3942,0.506756757,0.006756757,0.999868267,0.980634675
random1_sampler_island_local_warmup4_payload999,61,5,4008,3984,0.501501502,0.001501502,0.999993495,0.995674075
random1_sampler_island_local_warmup4_payload999,62,6,4026,3966,0.503753754,0.003753754,0.999959343,0.989209411
random1_sampler_island_local_warmup4_payload999,63,7,4019,3973,0.502877878,0.002877878,0.999976103,0.991720006
random1_sampler_island_local_warmup4_payload999,64,0,3960,4032,0.495495495,0.004504505,0.999941453,0.987060944
random1_sampler_island_local_warmup4_payload999,65,1,3954,4038,0.494744745,0.005255255,0.999920311,0.984915672
random1_sampler_island_local_warmup4_payload999,66,2,4017,3975,0.502627628,0.002627628,0.999980078,0.992438122
random1_sampler_island_local_warmup4_payload999,67,3,4039,3953,0.505380380,0.005380380,0.999916471,0.984558437
random1_sampler_island_local_warmup4_payload999,68,4,4042,3950,0.505755756,0.005755756,0.999904409,0.983487261
random1_sampler_island_local_warmup4_payload999,69,5,4015,3977,0.502377377,0.002377377,0.999983692,0.993156595
random1_sampler_island_local_warmup4_payload999,70,6,4008,3984,0.501501502,0.001501502,0.999993495,0.995674075
random1_sampler_island_local_warmup4_payload999,71,7,4032,3960,0.504504505,0.004504505,0.999941453,0.987060944
random1_sampler_island_local_warmup4_payload999,72,0,3951,4041,0.494369369,0.005630631,0.999908520,0.983844232
random1_sampler_island_local_warmup4_payload999,73,1,4009,3983,0.501626627,0.001626627,0.999992365,0.995314166
random1_sampler_island_local_warmup4_payload999,74,2,3949,4043,0.494119119,0.005880881,0.999900207,0.983130380
random1_sampler_island_local_warmup4_payload999,75,3,4025,3967,0.503628629,0.003628629,0.999962008,0.989567800
random1_sampler_island_local_warmup4_payload999,76,4,3967,4025,0.496371371,0.003628629,0.999962008,0.989567800
random1_sampler_island_local_warmup4_payload999,77,5,4103,3889,0.513388388,0.013388388,0.999482735,0.961877429
random1_sampler_island_local_warmup4_payload999,78,6,4016,3976,0.502502503,0.002502503,0.999981930,0.992797314
random1_sampler_island_local_warmup4_payload999,79,7,3973,4019,0.497122122,0.002877878,0.999976103,0.991720006
random1_sampler_island_local_warmup4_payload999,80,0,3970,4022,0.496746747,0.003253253,0.999969462,0.990643501
random1_sampler_island_local_warmup4_payload999,81,1,4003,3989,0.500875876,0.000875876,0.999997786,0.997474967
random1_sampler_island_local_warmup4_payload999,82,2,4034,3958,0.504754755,0.004754755,0.999934767,0.986345499
random1_sampler_island_local_warmup4_payload999,83,3,4012,3980,0.502002002,0.002002002,0.999988435,0.994234977
random1_sampler_island_local_warmup4_payload999,84,4,3956,4036,0.494994995,0.005005005,0.999927720,0.985630409
random1_sampler_island_local_warmup4_payload999,85,5,3988,4004,0.498998999,0.001001001,0.999997109,0.997114609
random1_sampler_island_local_warmup4_payload999,86,6,3996,3996,0.500000000,0.000000000,1.000000000,1.000000000
random1_sampler_island_local_warmup4_payload999,87,7,3993,3999,0.499624625,0.000375375,0.999999593,0.998917302
random1_sampler_island_local_warmup4_payload999,88,0,3988,4004,0.498998999,0.001001001,0.999997109,0.997114609
random1_sampler_island_local_warmup4_payload999,89,1,3969,4023,0.496621622,0.003378378,0.999967068,0.990284845
random1_sampler_island_local_warmup4_payload999,90,2,4012,3980,0.502002002,0.002002002,0.999988435,0.994234977
random1_sampler_island_local_warmup4_payload999,91,3,3935,4057,0.492367367,0.007632633,0.999831899,0.978143281
random1_sampler_island_local_warmup4_payload999,92,4,4060,3932,0.508008008,0.008008008,0.999814957,0.977076856
random1_sampler_island_local_warmup4_payload999,93,5,4002,3990,0.500750751,0.000750751,0.999998374,0.997835416
random1_sampler_island_local_warmup4_payload999,94,6,3975,4017,0.497372372,0.002627628,0.999980078,0.992438122
random1_sampler_island_local_warmup4_payload999,95,7,4013,3979,0.502127127,0.002127127,0.999986945,0.993875427
random1_sampler_island_local_warmup4_payload999,96,0,3967,4025,0.496371371,0.003628629,0.999962008,0.989567800
random1_sampler_island_local_warmup4_payload999,97,1,4091,3901,0.511886887,0.011886887,0.999592262,0.966103046
random1_sampler_island_local_warmup4_payload999,98,2,3998,3994,0.500250250,0.000250250,0.999999819,0.999278111
random1_sampler_island_local_warmup4_payload999,99,3,3982,4010,0.498248248,0.001751752,0.999991146,0.994954346
random1_sampler_island_local_warmup4_payload999,100,4,3999,3993,0.500375375,0.000375375,0.999999593,0.998917302
random1_sampler_island_local_warmup4_payload999,101,5,4011,3981,0.501876877,0.001876877,0.999989836,0.994594617
random1_sampler_island_local_warmup4_payload999,102,6,4043,3949,0.505880881,0.005880881,0.999900207,0.983130380
random1_sampler_island_local_warmup4_payload999,103,7,4013,3979,0.502127127,0.002127127,0.999986945,0.993875427
random1_sampler_island_local_warmup4_payload999,104,0,4019,3973,0.502877878,0.002877878,0.999976103,0.991720006
random1_sampler_island_local_warmup4_payload999,105,1,3975,4017,0.497372372,0.002627628,0.999980078,0.992438122
random1_sampler_island_local_warmup4_payload999,106,2,3913,4079,0.489614615,0.010385385,0.999688770,0.970341076
random1_sampler_island_local_warmup4_payload999,107,3,3975,4017,0.497372372,0.002627628,0.999980078,0.992438122
random1_sampler_island_local_warmup4_payload999,108,4,4034,3958,0.504754755,0.004754755,0.999934767,0.986345499
random1_sampler_island_local_warmup4_payload999,109,5,3941,4051,0.493118118,0.006881882,0.999863343,0.980278498
random1_sampler_island_local_warmup4_payload999,110,6,3974,4018,0.497247247,0.002752753,0.999978135,0.992079019
random1_sampler_island_local_warmup4_payload999,111,7,3972,4020,0.496996997,0.003003003,0.999973979,0.991361082
random1_sampler_island_local_warmup4_payload999,112,0,3977,4015,0.497622623,0.002377377,0.999983692,0.993156595
random1_sampler_island_local_warmup4_payload999,113,1,4053,3939,0.507132132,0.007132132,0.999853223,0.979566408
random1_sampler_island_local_warmup4_payload999,114,2,4005,3987,0.501126126,0.001126126,0.999996341,0.996754340
random1_sampler_island_local_warmup4_payload999,115,3,3996,3996,0.500000000,0.000000000,1.000000000,1.000000000
random1_sampler_island_local_warmup4_payload999,116,4,4043,3949,0.505880881,0.005880881,0.999900207,0.983130380
random1_sampler_island_local_warmup4_payload999,117,5,3987,4005,0.498873874,0.001126126,0.999996341,0.996754340
random1_sampler_island_local_warmup4_payload999,118,6,4092,3900,0.512012012,0.012012012,0.999583632,0.965750438
random1_sampler_island_local_warmup4_payload999,119,7,4037,3955,0.505130130,0.005130130,0.999924060,0.985272996
random1_sampler_island_local_warmup4_payload999,120,0,3960,4032,0.495495495,0.004504505,0.999941453,0.987060944
random1_sampler_island_local_warmup4_payload999,121,1,3964,4028,0.495995996,0.004004004,0.999953741,0.988492900
random1_sampler_island_local_warmup4_payload999,122,2,3977,4015,0.497622623,0.002377377,0.999983692,0.993156595
random1_sampler_island_local_warmup4_payload999,123,3,4003,3989,0.500875876,0.000875876,0.999997786,0.997474967
random1_sampler_island_local_warmup4_payload999,124,4,3996,3996,0.500000000,0.000000000,1.000000000,1.000000000
random1_sampler_island_local_warmup5_payload999,0,0,3933,4059,0.492117117,0.007882883,0.999820695,0.977432243
random1_sampler_island_local_warmup5_payload999,1,1,3989,4003,0.499124124,0.000875876,0.999997786,0.997474967
random1_sampler_island_local_warmup5_payload999,2,2,3917,4075,0.490115115,0.009884885,0.999718047,0.971756524
random1_sampler_island_local_warmup5_payload999,3,3,3900,4092,0.487987988,0.012012012,0.999583632,0.965750438
random1_sampler_island_local_warmup5_payload999,4,4,4008,3984,0.501501502,0.001501502,0.999993495,0.995674075
random1_sampler_island_local_warmup5_payload999,5,5,4030,3962,0.504254254,0.004254254,0.999947778,0.987776744
random1_sampler_island_local_warmup5_payload999,6,6,3984,4008,0.498498498,0.001501502,0.999993495,0.995674075
random1_sampler_island_local_warmup5_payload999,7,7,3991,4001,0.499374374,0.000625626,0.999998871,0.998195954
random1_sampler_island_local_warmup5_payload999,8,0,4001,3991,0.500625626,0.000625626,0.999998871,0.998195954
random1_sampler_island_local_warmup5_payload999,9,1,3965,4027,0.496121121,0.003878879,0.999956587,0.988851111
random1_sampler_island_local_warmup5_payload999,10,2,3968,4024,0.496496496,0.003503504,0.999964583,0.989926278
random1_sampler_island_local_warmup5_payload999,11,3,3963,4029,0.495870871,0.004129129,0.999950804,0.988134778
random1_sampler_island_local_warmup5_payload999,12,4,3952,4040,0.494494494,0.005505506,0.999912540,0.984201290
random1_sampler_island_local_warmup5_payload999,13,5,4007,3985,0.501376376,0.001376376,0.999994534,0.996034073
random1_sampler_island_local_warmup5_payload999,14,6,3992,4000,0.499499499,0.000500501,0.999999277,0.998556583
random1_sampler_island_local_warmup5_payload999,15,7,4004,3988,0.501001001,0.001001001,0.999997109,0.997114609
random1_sampler_island_local_warmup5_payload999,16,0,3954,4038,0.494744745,0.005255255,0.999920311,0.984915672
random1_sampler_island_local_warmup5_payload999,17,1,3990,4002,0.499249249,0.000750751,0.999998374,0.997835416
random1_sampler_island_local_warmup5_payload999,18,2,4035,3957,0.504879880,0.004879880,0.999931288,0.985987910
random1_sampler_island_local_warmup5_payload999,19,3,3955,4037,0.494869870,0.005130130,0.999924060,0.985272996
random1_sampler_island_local_warmup5_payload999,20,4,4037,3955,0.505130130,0.005130130,0.999924060,0.985272996
random1_sampler_island_local_warmup5_payload999,21,5,4047,3945,0.506381381,0.006381381,0.999882498,0.981703734
random1_sampler_island_local_warmup5_payload999,22,6,4032,3960,0.504504505,0.004504505,0.999941453,0.987060944
random1_sampler_island_local_warmup5_payload999,23,7,4026,3966,0.503753754,0.003753754,0.999959343,0.989209411
random1_sampler_island_local_warmup5_payload999,24,0,4084,3908,0.511011011,0.011011011,0.999650140,0.968573717
random1_sampler_island_local_warmup5_payload999,25,1,4010,3982,0.501751752,0.001751752,0.999991146,0.994954346
random1_sampler_island_local_warmup5_payload999,26,2,4038,3954,0.505255255,0.005255255,0.999920311,0.984915672
random1_sampler_island_local_warmup5_payload999,27,3,3924,4068,0.490990991,0.009009009,0.999765803,0.974236904
random1_sampler_island_local_warmup5_payload999,28,4,3930,4062,0.491741742,0.008258258,0.999803211,0.976366343
random1_sampler_island_local_warmup5_payload999,29,5,4066,3926,0.508758759,0.008758759,0.999778634,0.974946368
random1_sampler_island_local_warmup5_payload999,30,6,3971,4021,0.496871872,0.003128128,0.999971766,0.991002247
random1_sampler_island_local_warmup5_payload999,31,7,4068,3924,0.509009009,0.009009009,0.999765803,0.974236904
random1_sampler_island_local_warmup5_payload999,32,0,4006,3986,0.501251251,0.001251251,0.999995483,0.996394162
random1_sampler_island_local_warmup5_payload999,33,1,3979,4013,0.497872873,0.002127127,0.999986945,0.993875427
random1_sampler_island_local_warmup5_payload999,34,2,4087,3905,0.511386386,0.011386386,0.999625877,0.967514340
random1_sampler_island_local_warmup5_payload999,35,3,3993,3999,0.499624625,0.000375375,0.999999593,0.998917302
random1_sampler_island_local_warmup5_payload999,36,4,3953,4039,0.494619620,0.005380380,0.999916471,0.984558437
random1_sampler_island_local_warmup5_payload999,37,5,3953,4039,0.494619620,0.005380380,0.999916471,0.984558437
random1_sampler_island_local_warmup5_payload999,38,6,3998,3994,0.500250250,0.000250250,0.999999819,0.999278111
random1_sampler_island_local_warmup5_payload999,39,7,3971,4021,0.496871872,0.003128128,0.999971766,0.991002247
random1_sampler_island_local_warmup5_payload999,40,0,4026,3966,0.503753754,0.003753754,0.999959343,0.989209411
random1_sampler_island_local_warmup5_payload999,41,1,4050,3942,0.506756757,0.006756757,0.999868267,0.980634675
random1_sampler_island_local_warmup5_payload999,42,2,3998,3994,0.500250250,0.000250250,0.999999819,0.999278111
random1_sampler_island_local_warmup5_payload999,43,3,3954,4038,0.494744745,0.005255255,0.999920311,0.984915672
random1_sampler_island_local_warmup5_payload999,44,4,4131,3861,0.516891892,0.016891892,0.999176538,0.952065523
random1_sampler_island_local_warmup5_payload999,45,5,3988,4004,0.498998999,0.001001001,0.999997109,0.997114609
random1_sampler_island_local_warmup5_payload999,46,6,4007,3985,0.501376376,0.001376376,0.999994534,0.996034073
random1_sampler_island_local_warmup5_payload999,47,7,3974,4018,0.497247247,0.002752753,0.999978135,0.992079019
random1_sampler_island_local_warmup5_payload999,48,0,3984,4008,0.498498498,0.001501502,0.999993495,0.995674075
random1_sampler_island_local_warmup5_payload999,49,1,4030,3962,0.504254254,0.004254254,0.999947778,0.987776744
random1_sampler_island_local_warmup5_payload999,50,2,4036,3956,0.505005005,0.005005005,0.999927720,0.985630409
random1_sampler_island_local_warmup5_payload999,51,3,3963,4029,0.495870871,0.004129129,0.999950804,0.988134778
random1_sampler_island_local_warmup5_payload999,52,4,3977,4015,0.497622623,0.002377377,0.999983692,0.993156595
random1_sampler_island_local_warmup5_payload999,53,5,3906,4086,0.488738739,0.011261261,0.999634055,0.967867379
random1_sampler_island_local_warmup5_payload999,54,6,3993,3999,0.499624625,0.000375375,0.999999593,0.998917302
random1_sampler_island_local_warmup5_payload999,55,7,3954,4038,0.494744745,0.005255255,0.999920311,0.984915672
random1_sampler_island_local_warmup5_payload999,56,0,3998,3994,0.500250250,0.000250250,0.999999819,0.999278111
random1_sampler_island_local_warmup5_payload999,57,1,4008,3984,0.501501502,0.001501502,0.999993495,0.995674075
random1_sampler_island_local_warmup5_payload999,58,2,4004,3988,0.501001001,0.001001001,0.999997109,0.997114609
random1_sampler_island_local_warmup5_payload999,59,3,3931,4061,0.491866867,0.008133133,0.999809129,0.976721556
random1_sampler_island_local_warmup5_payload999,60,4,4020,3972,0.503003003,0.003003003,0.999973979,0.991361082
random1_sampler_island_local_warmup5_payload999,61,5,3949,4043,0.494119119,0.005880881,0.999900207,0.983130380
random1_sampler_island_local_warmup5_payload999,62,6,4003,3989,0.500875876,0.000875876,0.999997786,0.997474967
random1_sampler_island_local_warmup5_payload999,63,7,4026,3966,0.503753754,0.003753754,0.999959343,0.989209411
random1_sampler_island_local_warmup5_payload999,64,0,3945,4047,0.493618619,0.006381381,0.999882498,0.981703734
random1_sampler_island_local_warmup5_payload999,65,1,4070,3922,0.509259259,0.009259259,0.999752610,0.973527789
random1_sampler_island_local_warmup5_payload999,66,2,4009,3983,0.501626627,0.001626627,0.999992365,0.995314166
random1_sampler_island_local_warmup5_payload999,67,3,4079,3913,0.510385385,0.010385385,0.999688770,0.970341076
random1_sampler_island_local_warmup5_payload999,68,4,4001,3991,0.500625626,0.000625626,0.999998871,0.998195954
random1_sampler_island_local_warmup5_payload999,69,5,4027,3965,0.503878879,0.003878879,0.999956587,0.988851111
random1_sampler_island_local_warmup5_payload999,70,6,3950,4042,0.494244244,0.005755756,0.999904409,0.983487261
random1_sampler_island_local_warmup5_payload999,71,7,3969,4023,0.496621622,0.003378378,0.999967068,0.990284845
random1_sampler_island_local_warmup5_payload999,72,0,4018,3974,0.502752753,0.002752753,0.999978135,0.992079019
random1_sampler_island_local_warmup5_payload999,73,1,4043,3949,0.505880881,0.005880881,0.999900207,0.983130380
random1_sampler_island_local_warmup5_payload999,74,2,4054,3938,0.507257257,0.007257257,0.999848028,0.979210494
random1_sampler_island_local_warmup5_payload999,75,3,4012,3980,0.502002002,0.002002002,0.999988435,0.994234977
random1_sampler_island_local_warmup5_payload999,76,4,3893,4099,0.487112112,0.012887888,0.999520690,0.963284593
random1_sampler_island_local_warmup5_payload999,77,5,3942,4050,0.493243243,0.006756757,0.999868267,0.980634675
random1_sampler_island_local_warmup5_payload999,78,6,3913,4079,0.489614615,0.010385385,0.999688770,0.970341076
random1_sampler_island_local_warmup5_payload999,79,7,3961,4031,0.495620621,0.004379379,0.999944661,0.987418800
random1_sampler_island_local_warmup5_payload999,80,0,4011,3981,0.501876877,0.001876877,0.999989836,0.994594617
random1_sampler_island_local_warmup5_payload999,81,1,4008,3984,0.501501502,0.001501502,0.999993495,0.995674075
random1_sampler_island_local_warmup5_payload999,82,2,4032,3960,0.504504505,0.004504505,0.999941453,0.987060944
random1_sampler_island_local_warmup5_payload999,83,3,4010,3982,0.501751752,0.001751752,0.999991146,0.994954346
random1_sampler_island_local_warmup5_payload999,84,4,4008,3984,0.501501502,0.001501502,0.999993495,0.995674075
random1_sampler_island_local_warmup5_payload999,85,5,4020,3972,0.503003003,0.003003003,0.999973979,0.991361082
random1_sampler_island_local_warmup5_payload999,86,6,4007,3985,0.501376376,0.001376376,0.999994534,0.996034073
random1_sampler_island_local_warmup5_payload999,87,7,3965,4027,0.496121121,0.003878879,0.999956587,0.988851111
random1_sampler_island_local_warmup5_payload999,88,0,4010,3982,0.501751752,0.001751752,0.999991146,0.994954346
random1_sampler_island_local_warmup5_payload999,89,1,3990,4002,0.499249249,0.000750751,0.999998374,0.997835416
random1_sampler_island_local_warmup5_payload999,90,2,3969,4023,0.496621622,0.003378378,0.999967068,0.990284845
random1_sampler_island_local_warmup5_payload999,91,3,4027,3965,0.503878879,0.003878879,0.999956587,0.988851111
random1_sampler_island_local_warmup5_payload999,92,4,3949,4043,0.494119119,0.005880881,0.999900207,0.983130380
random1_sampler_island_local_warmup5_payload999,93,5,3991,4001,0.499374374,0.000625626,0.999998871,0.998195954
random1_sampler_island_local_warmup5_payload999,94,6,4007,3985,0.501376376,0.001376376,0.999994534,0.996034073
random1_sampler_island_local_warmup5_payload999,95,7,4045,3947,0.506131131,0.006131131,0.999891533,0.982416880
random1_sampler_island_local_warmup5_payload999,96,0,3946,4046,0.493743744,0.006256256,0.999887061,0.982060263
random1_sampler_island_local_warmup5_payload999,97,1,3985,4007,0.498623624,0.001376376,0.999994534,0.996034073
random1_sampler_island_local_warmup5_payload999,98,2,3986,4006,0.498748749,0.001251251,0.999995483,0.996394162
random1_sampler_island_local_warmup5_payload999,99,3,4072,3920,0.509509510,0.009509510,0.999739056,0.972819022
random1_sampler_island_local_warmup5_payload999,100,4,3961,4031,0.495620621,0.004379379,0.999944661,0.987418800
random1_sampler_island_local_warmup5_payload999,101,5,3974,4018,0.497247247,0.002752753,0.999978135,0.992079019
random1_sampler_island_local_warmup5_payload999,102,6,4041,3951,0.505630631,0.005630631,0.999908520,0.983844232
random1_sampler_island_local_warmup5_payload999,103,7,3972,4020,0.496996997,0.003003003,0.999973979,0.991361082
random1_sampler_island_local_warmup5_payload999,104,0,4077,3915,0.510135135,0.010135135,0.999703590,0.971048626
random1_sampler_island_local_warmup5_payload999,105,1,3875,4117,0.484859860,0.015140140,0.999338499,0.956963134
random1_sampler_island_local_warmup5_payload999,106,2,4052,3940,0.507007007,0.007007007,0.999858328,0.979922409
random1_sampler_island_local_warmup5_payload999,107,3,4014,3978,0.502252252,0.002252252,0.999985363,0.993515966
random1_sampler_island_local_warmup5_payload999,108,4,4057,3935,0.507632633,0.007632633,0.999831899,0.978143281
random1_sampler_island_local_warmup5_payload999,109,5,4018,3974,0.502752753,0.002752753,0.999978135,0.992079019
random1_sampler_island_local_warmup5_payload999,110,6,4040,3952,0.505505506,0.005505506,0.999912540,0.984201290
random1_sampler_island_local_warmup5_payload999,111,7,3996,3996,0.500000000,0.000000000,1.000000000,1.000000000
random1_sampler_island_local_warmup5_payload999,112,0,4035,3957,0.504879880,0.004879880,0.999931288,0.985987910
random1_sampler_island_local_warmup5_payload999,113,1,4003,3989,0.500875876,0.000875876,0.999997786,0.997474967
random1_sampler_island_local_warmup5_payload999,114,2,4017,3975,0.502627628,0.002627628,0.999980078,0.992438122
random1_sampler_island_local_warmup5_payload999,115,3,3965,4027,0.496121121,0.003878879,0.999956587,0.988851111
random1_sampler_island_local_warmup5_payload999,116,4,3972,4020,0.496996997,0.003003003,0.999973979,0.991361082
random1_sampler_island_local_warmup5_payload999,117,5,4054,3938,0.507257257,0.007257257,0.999848028,0.979210494
random1_sampler_island_local_warmup5_payload999,118,6,4020,3972,0.503003003,0.003003003,0.999973979,0.991361082
random1_sampler_island_local_warmup5_payload999,119,7,3976,4016,0.497497497,0.002502503,0.999981930,0.992797314
random1_sampler_island_local_warmup5_payload999,120,0,3953,4039,0.494619620,0.005380380,0.999916471,0.984558437
random1_sampler_island_local_warmup5_payload999,121,1,4007,3985,0.501376376,0.001376376,0.999994534,0.996034073
random1_sampler_island_local_warmup5_payload999,122,2,3925,4067,0.491116116,0.008883884,0.999772263,0.974591592
random1_sampler_island_local_warmup5_payload999,123,3,4021,3971,0.503128128,0.003128128,0.999971766,0.991002247
random1_sampler_island_local_warmup5_payload999,124,4,4052,3940,0.507007007,0.007007007,0.999858328,0.979922409
random1_sample_ro_local_warmup10_payload999,0,0,3915,4077,0.489864865,0.010135135,0.999703590,0.971048626
random1_sample_ro_local_warmup10_payload999,1,1,4007,3985,0.501376376,0.001376376,0.999994534,0.996034073
random1_sample_ro_local_warmup10_payload999,2,2,3915,4077,0.489864865,0.010135135,0.999703590,0.971048626
random1_sample_ro_local_warmup10_payload999,3,3,4017,3975,0.502627628,0.002627628,0.999980078,0.992438122
random1_sample_ro_local_warmup10_payload999,4,4,3977,4015,0.497622623,0.002377377,0.999983692,0.993156595
random1_sample_ro_local_warmup10_payload999,5,5,4033,3959,0.504629630,0.004629630,0.999938155,0.986703177
random1_sample_ro_local_warmup10_payload999,6,6,3891,4101,0.486861862,0.013138138,0.999501894,0.962580839
random1_sample_ro_local_warmup10_payload999,7,7,3927,4065,0.491366366,0.008633634,0.999784913,0.975301231
random1_sample_ro_local_warmup10_payload999,8,0,3893,4099,0.487112112,0.012887888,0.999520690,0.963284593
random1_sample_ro_local_warmup10_payload999,9,1,3933,4059,0.492117117,0.007882883,0.999820695,0.977432243
random1_sample_ro_local_warmup10_payload999,10,2,3935,4057,0.492367367,0.007632633,0.999831899,0.978143281
random1_sample_ro_local_warmup10_payload999,11,3,4073,3919,0.509634635,0.009634635,0.999732144,0.972464769
random1_sample_ro_local_warmup10_payload999,12,4,4037,3955,0.505130130,0.005130130,0.999924060,0.985272996
random1_sample_ro_local_warmup10_payload999,13,5,3972,4020,0.496996997,0.003003003,0.999973979,0.991361082
random1_sample_ro_local_warmup10_payload999,14,6,3978,4014,0.497747748,0.002252252,0.999985363,0.993515966
random1_sample_ro_local_warmup10_payload999,15,7,4074,3918,0.509759760,0.009759760,0.999725141,0.972110603
random1_sample_ro_local_warmup10_payload999,16,0,4091,3901,0.511886887,0.011886887,0.999592262,0.966103046
random1_sample_ro_local_warmup10_payload999,17,1,3949,4043,0.494119119,0.005880881,0.999900207,0.983130380
random1_sample_ro_local_warmup10_payload999,18,2,3987,4005,0.498873874,0.001126126,0.999996341,0.996754340
random1_sample_ro_local_warmup10_payload999,19,3,4023,3969,0.503378378,0.003378378,0.999967068,0.990284845
random1_sample_ro_local_warmup10_payload999,20,4,3963,4029,0.495870871,0.004129129,0.999950804,0.988134778
random1_sample_ro_local_warmup10_payload999,21,5,4008,3984,0.501501502,0.001501502,0.999993495,0.995674075
random1_sample_ro_local_warmup10_payload999,22,6,3917,4075,0.490115115,0.009884885,0.999718047,0.971756524
random1_sample_ro_local_warmup10_payload999,23,7,3983,4009,0.498373373,0.001626627,0.999992365,0.995314166
random1_sample_ro_local_warmup10_payload999,24,0,4035,3957,0.504879880,0.004879880,0.999931288,0.985987910
random1_sample_ro_local_warmup10_payload999,25,1,3927,4065,0.491366366,0.008633634,0.999784913,0.975301231
random1_sample_ro_local_warmup10_payload999,26,2,4022,3970,0.503253253,0.003253253,0.999969462,0.990643501
random1_sample_ro_local_warmup10_payload999,27,3,3944,4048,0.493493493,0.006506507,0.999877845,0.981347293
random1_sample_ro_local_warmup10_payload999,28,4,4026,3966,0.503753754,0.003753754,0.999959343,0.989209411
random1_sample_ro_local_warmup10_payload999,29,5,4049,3943,0.506631632,0.006631632,0.999873101,0.980990940
random1_sample_ro_local_warmup10_payload999,30,6,3954,4038,0.494744745,0.005255255,0.999920311,0.984915672
random1_sample_ro_local_warmup10_payload999,31,7,3945,4047,0.493618619,0.006381381,0.999882498,0.981703734
random1_sample_ro_local_warmup10_payload999,32,0,3959,4033,0.495370370,0.004629630,0.999938155,0.986703177
random1_sample_ro_local_warmup10_payload999,33,1,4024,3968,0.503503504,0.003503504,0.999964583,0.989926278
random1_sample_ro_local_warmup10_payload999,34,2,3996,3996,0.500000000,0.000000000,1.000000000,1.000000000
random1_sample_ro_local_warmup10_payload999,35,3,4052,3940,0.507007007,0.007007007,0.999858328,0.979922409
random1_sample_ro_local_warmup10_payload999,36,4,3929,4063,0.491616617,0.008383383,0.999797202,0.976011219
random1_sample_ro_local_warmup10_payload999,37,5,4078,3914,0.510260260,0.010260260,0.999696225,0.970694808
random1_sample_ro_local_warmup10_payload999,38,6,4014,3978,0.502252252,0.002252252,0.999985363,0.993515966
random1_sample_ro_local_warmup10_payload999,39,7,3978,4014,0.497747748,0.002252252,0.999985363,0.993515966
random1_sample_ro_local_warmup10_payload999,40,0,4000,3992,0.500500501,0.000500501,0.999999277,0.998556583
random1_sample_ro_local_warmup10_payload999,41,1,4002,3990,0.500750751,0.000750751,0.999998374,0.997835416
random1_sample_ro_local_warmup10_payload999,42,2,4077,3915,0.510135135,0.010135135,0.999703590,0.971048626
random1_sample_ro_local_warmup10_payload999,43,3,4098,3894,0.512762763,0.012762763,0.999529953,0.963636599
random1_sample_ro_local_warmup10_payload999,44,4,3985,4007,0.498623624,0.001376376,0.999994534,0.996034073
random1_sample_ro_local_warmup10_payload999,45,5,3918,4074,0.490240240,0.009759760,0.999725141,0.972110603
random1_sample_ro_local_warmup10_payload999,46,6,4021,3971,0.503128128,0.003128128,0.999971766,0.991002247
random1_sample_ro_local_warmup10_payload999,47,7,3901,4091,0.488113113,0.011886887,0.999592262,0.966103046
random1_sample_ro_local_warmup10_payload999,48,0,4071,3921,0.509384384,0.009384384,0.999745878,0.973173362
random1_sample_ro_local_warmup10_payload999,49,1,3988,4004,0.498998999,0.001001001,0.999997109,0.997114609
random1_sample_ro_local_warmup10_payload999,50,2,4026,3966,0.503753754,0.003753754,0.999959343,0.989209411
random1_sample_ro_local_warmup10_payload999,51,3,3987,4005,0.498873874,0.001126126,0.999996341,0.996754340
random1_sample_ro_local_warmup10_payload999,52,4,3942,4050,0.493243243,0.006756757,0.999868267,0.980634675
random1_sample_ro_local_warmup10_payload999,53,5,4040,3952,0.505505506,0.005505506,0.999912540,0.984201290
random1_sample_ro_local_warmup10_payload999,54,6,4017,3975,0.502627628,0.002627628,0.999980078,0.992438122
random1_sample_ro_local_warmup10_payload999,55,7,3967,4025,0.496371371,0.003628629,0.999962008,0.989567800
random1_sample_ro_local_warmup10_payload999,56,0,4049,3943,0.506631632,0.006631632,0.999873101,0.980990940
random1_sample_ro_local_warmup10_payload999,57,1,4000,3992,0.500500501,0.000500501,0.999999277,0.998556583
random1_sample_ro_local_warmup10_payload999,58,2,3997,3995,0.500125125,0.000125125,0.999999955,0.999639010
random1_sample_ro_local_warmup10_payload999,59,3,4055,3937,0.507382382,0.007382382,0.999842742,0.978854669
random1_sample_ro_local_warmup10_payload999,60,4,3954,4038,0.494744745,0.005255255,0.999920311,0.984915672
random1_sample_ro_local_warmup10_payload999,61,5,3938,4054,0.492742743,0.007257257,0.999848028,0.979210494
random1_sample_ro_local_warmup10_payload999,62,6,3964,4028,0.495995996,0.004004004,0.999953741,0.988492900
random1_sample_ro_local_warmup10_payload999,63,7,3995,3997,0.499874875,0.000125125,0.999999955,0.999639010
random1_sample_ro_local_warmup10_payload999,64,0,4076,3916,0.510010010,0.010010010,0.999710864,0.971402532
random1_sample_ro_local_warmup10_payload999,65,1,3973,4019,0.497122122,0.002877878,0.999976103,0.991720006
random1_sample_ro_local_warmup10_payload999,66,2,4104,3888,0.513513514,0.013513514,0.999473020,0.961525852
random1_sample_ro_local_warmup10_payload999,67,3,3918,4074,0.490240240,0.009759760,0.999725141,0.972110603
random1_sample_ro_local_warmup10_payload999,68,4,4004,3988,0.501001001,0.001001001,0.999997109,0.997114609
random1_sample_ro_local_warmup10_payload999,69,5,3995,3997,0.499874875,0.000125125,0.999999955,0.999639010
random1_sample_ro_local_warmup10_payload999,70,6,4013,3979,0.502127127,0.002127127,0.999986945,0.993875427
random1_sample_ro_local_warmup10_payload999,71,7,3995,3997,0.499874875,0.000125125,0.999999955,0.999639010
random1_sample_ro_local_warmup10_payload999,72,0,3983,4009,0.498373373,0.001626627,0.999992365,0.995314166
random1_sample_ro_local_warmup10_payload999,73,1,3930,4062,0.491741742,0.008258258,0.999803211,0.976366343
random1_sample_ro_local_warmup10_payload999,74,2,3936,4056,0.492492492,0.007507508,0.999837366,0.978498931
random1_sample_ro_local_warmup10_payload999,75,3,3970,4022,0.496746747,0.003253253,0.999969462,0.990643501
random1_sample_ro_local_warmup10_payload999,76,4,3980,4012,0.497997998,0.002002002,0.999988435,0.994234977
random1_sample_ro_local_warmup10_payload999,77,5,3975,4017,0.497372372,0.002627628,0.999980078,0.992438122
random1_sample_ro_local_warmup10_payload999,78,6,4050,3942,0.506756757,0.006756757,0.999868267,0.980634675
random1_sample_ro_local_warmup10_payload999,79,7,4026,3966,0.503753754,0.003753754,0.999959343,0.989209411
random1_sample_ro_local_warmup10_payload999,80,0,4018,3974,0.502752753,0.002752753,0.999978135,0.992079019
random1_sample_ro_local_warmup10_payload999,81,1,4024,3968,0.503503504,0.003503504,0.999964583,0.989926278
random1_sample_ro_local_warmup10_payload999,82,2,4027,3965,0.503878879,0.003878879,0.999956587,0.988851111
random1_sample_ro_local_warmup10_payload999,83,3,3989,4003,0.499124124,0.000875876,0.999997786,0.997474967
random1_sample_ro_local_warmup10_payload999,84,4,3993,3999,0.499624625,0.000375375,0.999999593,0.998917302
random1_sample_ro_local_warmup10_payload999,85,5,4058,3934,0.507757758,0.007757758,0.999826342,0.977787718
random1_sample_ro_local_warmup10_payload999,86,6,4012,3980,0.502002002,0.002002002,0.999988435,0.994234977
random1_sample_ro_local_warmup10_payload999,87,7,4038,3954,0.505255255,0.005255255,0.999920311,0.984915672
random1_sample_ro_local_warmup10_payload999,88,0,4020,3972,0.503003003,0.003003003,0.999973979,0.991361082
random1_sample_ro_local_warmup10_payload999,89,1,4010,3982,0.501751752,0.001751752,0.999991146,0.994954346
random1_sample_ro_local_warmup10_payload999,90,2,4060,3932,0.508008008,0.008008008,0.999814957,0.977076856
random1_sample_ro_local_warmup10_payload999,91,3,3975,4017,0.497372372,0.002627628,0.999980078,0.992438122
random1_sample_ro_local_warmup10_payload999,92,4,4007,3985,0.501376376,0.001376376,0.999994534,0.996034073
random1_sample_ro_local_warmup10_payload999,93,5,4039,3953,0.505380380,0.005380380,0.999916471,0.984558437
random1_sample_ro_local_warmup10_payload999,94,6,3990,4002,0.499249249,0.000750751,0.999998374,0.997835416
random1_sample_ro_local_warmup10_payload999,95,7,4090,3902,0.511761762,0.011761762,0.999600801,0.966455740
random1_sample_ro_local_warmup10_payload999,96,0,3913,4079,0.489614615,0.010385385,0.999688770,0.970341076
random1_sample_ro_local_warmup10_payload999,97,1,4013,3979,0.502127127,0.002127127,0.999986945,0.993875427
random1_sample_ro_local_warmup10_payload999,98,2,3953,4039,0.494619620,0.005380380,0.999916471,0.984558437
random1_sample_ro_local_warmup10_payload999,99,3,4031,3961,0.504379379,0.004379379,0.999944661,0.987418800
random1_sample_ro_local_warmup10_payload999,100,4,4070,3922,0.509259259,0.009259259,0.999752610,0.973527789
random1_sample_ro_local_warmup10_payload999,101,5,3986,4006,0.498748749,0.001251251,0.999995483,0.996394162
random1_sample_ro_local_warmup10_payload999,102,6,3925,4067,0.491116116,0.008883884,0.999772263,0.974591592
random1_sample_ro_local_warmup10_payload999,103,7,4008,3984,0.501501502,0.001501502,0.999993495,0.995674075
random1_sample_ro_local_warmup10_payload999,104,0,3971,4021,0.496871872,0.003128128,0.999971766,0.991002247
random1_sample_ro_local_warmup10_payload999,105,1,3960,4032,0.495495495,0.004504505,0.999941453,0.987060944
random1_sample_ro_local_warmup10_payload999,106,2,3999,3993,0.500375375,0.000375375,0.999999593,0.998917302
random1_sample_ro_local_warmup10_payload999,107,3,4045,3947,0.506131131,0.006131131,0.999891533,0.982416880
random1_sample_ro_local_warmup10_payload999,108,4,3989,4003,0.499124124,0.000875876,0.999997786,0.997474967
random1_sample_ro_local_warmup10_payload999,109,5,4018,3974,0.502752753,0.002752753,0.999978135,0.992079019
random1_sample_ro_local_warmup10_payload999,110,6,3983,4009,0.498373373,0.001626627,0.999992365,0.995314166
random1_sample_ro_local_warmup10_payload999,111,7,3976,4016,0.497497497,0.002502503,0.999981930,0.992797314
random1_sample_ro_local_warmup10_payload999,112,0,4019,3973,0.502877878,0.002877878,0.999976103,0.991720006
random1_sample_ro_local_warmup10_payload999,113,1,3975,4017,0.497372372,0.002627628,0.999980078,0.992438122
random1_sample_ro_local_warmup10_payload999,114,2,3971,4021,0.496871872,0.003128128,0.999971766,0.991002247
random1_sample_ro_local_warmup10_payload999,115,3,4074,3918,0.509759760,0.009759760,0.999725141,0.972110603
random1_sample_ro_local_warmup10_payload999,116,4,4041,3951,0.505630631,0.005630631,0.999908520,0.983844232
random1_sample_ro_local_warmup10_payload999,117,5,3996,3996,0.500000000,0.000000000,1.000000000,1.000000000
random1_sample_ro_local_warmup10_payload999,118,6,4015,3977,0.502377377,0.002377377,0.999983692,0.993156595
random1_sample_ro_local_warmup10_payload999,119,7,4011,3981,0.501876877,0.001876877,0.999989836,0.994594617
random1_sample_ro_local_warmup10_payload999,120,0,3927,4065,0.491366366,0.008633634,0.999784913,0.975301231
random1_sample_ro_local_warmup10_payload999,121,1,4035,3957,0.504879880,0.004879880,0.999931288,0.985987910
random1_sample_ro_local_warmup10_payload999,122,2,4054,3938,0.507257257,0.007257257,0.999848028,0.979210494
random1_sample_ro_local_warmup10_payload999,123,3,3970,4022,0.496746747,0.003253253,0.999969462,0.990643501
random1_sample_ro_local_warmup10_payload999,124,4,4044,3948,0.506006006,0.006006006,0.999895915,0.982773586
random1_sample_ro_local_warmup11_payload999,0,0,3331,4661,0.416791792,0.083208208,0.979929449,0.777917070
random1_sample_ro_local_warmup11_payload999,1,1,3382,4610,0.423173173,0.076826827,0.982901730,0.793789832
random1_sample_ro_local_warmup11_payload999,2,2,3309,4683,0.414039039,0.085960961,0.978572732,0.771123545
random1_sample_ro_local_warmup11_payload999,3,3,3320,4672,0.415415415,0.084584585,0.979256718,0.774516309
random1_sample_ro_local_warmup11_payload999,4,4,3348,4644,0.418918919,0.081081081,0.980947013,0.783188611
random1_sample_ro_local_warmup11_payload999,5,5,3385,4607,0.423548549,0.076451451,0.983069065,0.794728985
random1_sample_ro_local_warmup11_payload999,6,6,3435,4557,0.429804805,0.070195195,0.985735554,0.810472213
random1_sample_ro_local_warmup11_payload999,7,7,3414,4578,0.427177177,0.072822823,0.984643742,0.803839120
random1_sample_ro_local_warmup11_payload999,8,0,3374,4618,0.422172172,0.077827828,0.982451431,0.791288410
random1_sample_ro_local_warmup11_payload999,9,1,3419,4573,0.427802803,0.072197197,0.984907387,0.805415664
random1_sample_ro_local_warmup11_payload999,10,2,3366,4626,0.421171171,0.078828829,0.981995206,0.788791317
random1_sample_ro_local_warmup11_payload999,11,3,3290,4702,0.411661662,0.088338338,0.977364762,0.765282044
random1_sample_ro_local_warmup11_payload999,12,4,3348,4644,0.418918919,0.081081081,0.980947013,0.783188611
random1_sample_ro_local_warmup11_payload999,13,5,3380,4612,0.422922923,0.077077077,0.982789711,0.793164070
random1_sample_ro_local_warmup11_payload999,14,6,3349,4643,0.419044044,0.080955956,0.981006035,0.783499302
random1_sample_ro_local_warmup11_payload999,15,7,3387,4605,0.423798799,0.076201201,0.983180160,0.795355427
random1_sample_ro_local_warmup11_payload999,16,0,3332,4660,0.416916917,0.083083083,0.979990049,0.778226628
random1_sample_ro_local_warmup11_payload999,17,1,3342,4650,0.418168168,0.081831832,0.980590937,0.781325867
random1_sample_ro_local_warmup11_payload999,18,2,3422,4570,0.428178178,0.071821822,0.985064467,0.806362418
random1_sample_ro_local_warmup11_payload999,19,3,3311,4681,0.414289289,0.085710711,0.978697931,0.771739818
random1_sample_ro_local_warmup11_payload999,20,4,3416,4576,0.427427427,0.072572573,0.984749477,0.804469531
random1_sample_ro_local_warmup11_payload999,21,5,3372,4620,0.421921922,0.078078078,0.982337931,0.790663731
random1_sample_ro_local_warmup11_payload999,22,6,3360,4632,0.420420420,0.079579580,0.981649146,0.786921330
random1_sample_ro_local_warmup11_payload999,23,7,3349,4643,0.419044044,0.080955956,0.981006035,0.783499302
random1_sample_ro_local_warmup11_payload999,24,0,3369,4623,0.421546547,0.078453453,0.982166985,0.789727221
random1_sample_ro_local_warmup11_payload999,25,1,3334,4658,0.417167167,0.082832833,0.980110970,0.778845944
random1_sample_ro_local_warmup11_payload999,26,2,3368,4624,0.421421421,0.078578579,0.982109818,0.789415185
random1_sample_ro_local_warmup11_payload999,27,3,3360,4632,0.420420420,0.079579580,0.981649146,0.786921330
random1_sample_ro_local_warmup11_payload999,28,4,3361,4631,0.420545546,0.079454454,0.981707055,0.787232826
random1_sample_ro_local_warmup11_payload999,29,5,3364,4628,0.420920921,0.079079079,0.981880223,0.788167719
random1_sample_ro_local_warmup11_payload999,30,6,3328,4664,0.416416416,0.083583584,0.979747093,0.776988795
random1_sample_ro_local_warmup11_payload999,31,7,3319,4673,0.415290290,0.084709710,0.979195003,0.774207546
random1_sample_ro_local_warmup11_payload999,32,0,3413,4579,0.427052052,0.072947948,0.984590736,0.803524018
random1_sample_ro_local_warmup11_payload999,33,1,3420,4572,0.427927928,0.072072072,0.984959839,0.805731180
random1_sample_ro_local_warmup11_payload999,34,2,3301,4691,0.413038038,0.086961962,0.978068213,0.768661082
random1_sample_ro_local_warmup11_payload999,35,3,3375,4617,0.422297297,0.077702703,0.982508043,0.791600851
random1_sample_ro_local_warmup11_payload999,36,4,3266,4726,0.408658659,0.091341341,0.975790775,0.757936954
random1_sample_ro_local_warmup11_payload999,37,5,3306,4686,0.413663664,0.086336336,0.978384236,0.770199629
random1_sample_ro_local_warmup11_payload999,38,6,3361,4631,0.420545546,0.079454454,0.981707055,0.787232826
random1_sample_ro_local_warmup11_payload999,39,7,3351,4641,0.419294294,0.080705706,0.981123799,0.784120886
random1_sample_ro_local_warmup11_payload999,40,0,3360,4632,0.420420420,0.079579580,0.981649146,0.786921330
random1_sample_ro_local_warmup11_payload999,41,1,3301,4691,0.413038038,0.086961962,0.978068213,0.768661082
random1_sample_ro_local_warmup11_payload999,42,2,3395,4597,0.424799800,0.075200200,0.983620837,0.797863917
random1_sample_ro_local_warmup11_payload999,43,3,3329,4663,0.416541542,0.083458458,0.979807971,0.777298153
random1_sample_ro_local_warmup11_payload999,44,4,3297,4695,0.412537538,0.087462462,0.977813718,0.767431425
random1_sample_ro_local_warmup11_payload999,45,5,3412,4580,0.426926927,0.073073073,0.984537638,0.803208985
random1_sample_ro_local_warmup11_payload999,46,6,3434,4558,0.429679680,0.070320320,0.985684485,0.810155659
random1_sample_ro_local_warmup11_payload999,47,7,3414,4578,0.427177177,0.072822823,0.984643742,0.803839120
random1_sample_ro_local_warmup11_payload999,48,0,3321,4671,0.415540541,0.084459459,0.979318340,0.774825138
random1_sample_ro_local_warmup11_payload999,49,1,3339,4653,0.417792793,0.082207207,0.980411646,0.780395396
random1_sample_ro_local_warmup11_payload999,50,2,3355,4637,0.419794795,0.080205205,0.981358214,0.785364856
random1_sample_ro_local_warmup11_payload999,51,3,3247,4745,0.406281281,0.093718719,0.974506527,0.752148496
random1_sample_ro_local_warmup11_payload999,52,4,3342,4650,0.418168168,0.081831832,0.980590937,0.781325867
random1_sample_ro_local_warmup11_payload999,53,5,3444,4548,0.430930931,0.069069069,0.986191027,0.813324329
random1_sample_ro_local_warmup11_payload999,54,6,3428,4564,0.428928929,0.071071071,0.985376136,0.808257792
random1_sample_ro_local_warmup11_payload999,55,7,3308,4684,0.413913914,0.086086086,0.978509993,0.770815507
random1_sample_ro_local_warmup11_payload999,56,0,3367,4625,0.421296296,0.078703704,0.982052558,0.789103218
random1_sample_ro_local_warmup11_payload999,57,1,3410,4582,0.426676677,0.073323323,0.984431164,0.802579124
random1_sample_ro_local_warmup11_payload999,58,2,3435,4557,0.429804805,0.070195195,0.985735554,0.810472213
random1_sample_ro_local_warmup11_payload999,59,3,3317,4675,0.415040040,0.084959960,0.979071293,0.773590218
random1_sample_ro_local_warmup11_payload999,60,4,3426,4566,0.428678679,0.071321321,0.985272615,0.807625724
random1_sample_ro_local_warmup11_payload999,61,5,3295,4697,0.412287287,0.087712713,0.977685911,0.766816990
random1_sample_ro_local_warmup11_payload999,62,6,3352,4640,0.419419419,0.080580581,0.981182542,0.784431778
random1_sample_ro_local_warmup11_payload999,63,7,3302,4690,0.413163163,0.086836837,0.978131604,0.768968660
random1_sample_ro_local_warmup11_payload999,64,0,3404,4588,0.425925926,0.074074074,0.984109528,0.800691192
random1_sample_ro_local_warmup11_payload999,65,1,3343,4649,0.418293293,0.081706707,0.980650515,0.781636157
random1_sample_ro_local_warmup11_payload999,66,2,3350,4642,0.419169169,0.080830831,0.981064963,0.783810060
random1_sample_ro_local_warmup11_payload999,67,3,3347,4645,0.418793794,0.081206206,0.980887899,0.782877987
random1_sample_ro_local_warmup11_payload999,68,4,3322,4670,0.415665666,0.084334334,0.979379869,0.775134033
random1_sample_ro_local_warmup11_payload999,69,5,3378,4614,0.422672673,0.077327327,0.982677321,0.792538579
random1_sample_ro_local_warmup11_payload999,70,6,3389,4603,0.424049049,0.075950951,0.983290884,0.795982141
random1_sample_ro_local_warmup11_payload999,71,7,3387,4605,0.423798799,0.076201201,0.983180160,0.795355427
random1_sample_ro_local_warmup11_payload999,72,0,3382,4610,0.423173173,0.076826827,0.982901730,0.793789832
random1_sample_ro_local_warmup11_payload999,73,1,3367,4625,0.421296296,0.078703704,0.982052558,0.789103218
random1_sample_ro_local_warmup11_payload999,74,2,3376,4616,0.422422422,0.077577578,0.982564561,0.791913359
random1_sample_ro_local_warmup11_payload999,75,3,3420,4572,0.427927928,0.072072072,0.984959839,0.805731180
random1_sample_ro_local_warmup11_payload999,76,4,3473,4519,0.434559560,0.065440440,0.987607936,0.822553026
random1_sample_ro_local_warmup11_payload999,77,5,3260,4732,0.407907908,0.092092092,0.975388871,0.756106509
random1_sample_ro_local_warmup11_payload999,78,6,3260,4732,0.407907908,0.092092092,0.975388871,0.756106509
random1_sample_ro_local_warmup11_payload999,79,7,3382,4610,0.423173173,0.076826827,0.982901730,0.793789832
random1_sample_ro_local_warmup11_payload999,80,0,3407,4585,0.426301301,0.073698699,0.984270762,0.801634849
random1_sample_ro_local_warmup11_payload999,81,1,3278,4714,0.410160160,0.089839840,0.976584491,0.761604825
random1_sample_ro_local_warmup11_payload999,82,2,3398,4594,0.425175175,0.074824825,0.983784566,0.798805726
random1_sample_ro_local_warmup11_payload999,83,3,3226,4766,0.403653654,0.096346346,0.973047763,0.745777632
random1_sample_ro_local_warmup11_payload999,84,4,3352,4640,0.419419419,0.080580581,0.981182542,0.784431778
random1_sample_ro_local_warmup11_payload999,85,5,3377,4615,0.422547548,0.077452452,0.982620988,0.792225935
random1_sample_ro_local_warmup11_payload999,86,6,3352,4640,0.419419419,0.080580581,0.981182542,0.784431778
random1_sample_ro_local_warmup11_payload999,87,7,3407,4585,0.426301301,0.073698699,0.984270762,0.801634849
random1_sample_ro_local_warmup11_payload999,88,0,3379,4613,0.422797798,0.077202202,0.982733562,0.792851291
random1_sample_ro_local_warmup11_payload999,89,1,3315,4677,0.414789790,0.085210210,0.978947211,0.772973154
random1_sample_ro_local_warmup11_payload999,90,2,3306,4686,0.413663664,0.086336336,0.978384236,0.770199629
random1_sample_ro_local_warmup11_payload999,91,3,3447,4545,0.431306306,0.068693694,0.986341193,0.814276289
random1_sample_ro_local_warmup11_payload999,92,4,3374,4618,0.422172172,0.077827828,0.982451431,0.791288410
random1_sample_ro_local_warmup11_payload999,93,5,3344,4648,0.418418418,0.081581582,0.980710000,0.781946514
random1_sample_ro_local_warmup11_payload999,94,6,3353,4639,0.419544545,0.080455455,0.981241192,0.784742737
random1_sample_ro_local_warmup11_payload999,95,7,3426,4566,0.428678679,0.071321321,0.985272615,0.807625724
random1_sample_ro_local_warmup11_payload999,96,0,3400,4592,0.425425425,0.074574575,0.983893256,0.799433941
random1_sample_ro_local_warmup11_payload999,97,1,3327,4665,0.416291291,0.083708709,0.979686121,0.776679502
random1_sample_ro_local_warmup11_payload999,98,2,3366,4626,0.421171171,0.078828829,0.981995206,0.788791317
random1_sample_ro_local_warmup11_payload999,99,3,3363,4629,0.420795796,0.079204204,0.981822593,0.787856021
random1_sample_ro_local_warmup11_payload999,100,4,3342,4650,0.418168168,0.081831832,0.980590937,0.781325867
random1_sample_ro_local_warmup11_payload999,101,5,3348,4644,0.418918919,0.081081081,0.980947013,0.783188611
random1_sample_ro_local_warmup11_payload999,102,6,3309,4683,0.414039039,0.085960961,0.978572732,0.771123545
random1_sample_ro_local_warmup11_payload999,103,7,3384,4608,0.423423423,0.076576577,0.983013380,0.794415866
random1_sample_ro_local_warmup11_payload999,104,0,3355,4637,0.419794795,0.080205205,0.981358214,0.785364856
random1_sample_ro_local_warmup11_payload999,105,1,3371,4621,0.421796797,0.078203203,0.982281041,0.790351494
random1_sample_ro_local_warmup11_payload999,106,2,3315,4677,0.414789790,0.085210210,0.978947211,0.772973154
random1_sample_ro_local_warmup11_payload999,107,3,3313,4679,0.414539540,0.085460460,0.978822757,0.772356354
random1_sample_ro_local_warmup11_payload999,108,4,3395,4597,0.424799800,0.075200200,0.983620837,0.797863917
random1_sample_ro_local_warmup11_payload999,109,5,3314,4678,0.414664665,0.085335335,0.978885031,0.772664721
random1_sample_ro_local_warmup11_payload999,110,6,3386,4606,0.423673674,0.076326326,0.983124659,0.795042172
random1_sample_ro_local_warmup11_payload999,111,7,3251,4741,0.406781782,0.093218218,0.974779702,0.753365190
random1_sample_ro_local_warmup11_payload999,112,0,3369,4623,0.421546547,0.078453453,0.982166985,0.789727221
random1_sample_ro_local_warmup11_payload999,113,1,3397,4595,0.425050050,0.074949950,0.983730082,0.798491722
random1_sample_ro_local_warmup11_payload999,114,2,3360,4632,0.420420420,0.079579580,0.981649146,0.786921330
random1_sample_ro_local_warmup11_payload999,115,3,3355,4637,0.419794795,0.080205205,0.981358214,0.785364856
random1_sample_ro_local_warmup11_payload999,116,4,3392,4600,0.424424424,0.075575576,0.983456277,0.796922722
random1_sample_ro_local_warmup11_payload999,117,5,3351,4641,0.419294294,0.080705706,0.981123799,0.784120886
random1_sample_ro_local_warmup11_payload999,118,6,3289,4703,0.411536537,0.088463463,0.977300253,0.764975251
random1_sample_ro_local_warmup11_payload999,119,7,3414,4578,0.427177177,0.072822823,0.984643742,0.803839120
random1_sample_ro_local_warmup11_payload999,120,0,3330,4662,0.416666667,0.083333333,0.979868757,0.777607579
random1_sample_ro_local_warmup11_payload999,121,1,3363,4629,0.420795796,0.079204204,0.981822593,0.787856021
random1_sample_ro_local_warmup11_payload999,122,2,3388,4604,0.423923924,0.076076076,0.983235568,0.795668750
random1_sample_ro_local_warmup11_payload999,123,3,3367,4625,0.421296296,0.078703704,0.982052558,0.789103218
random1_sample_ro_local_warmup11_payload999,124,4,3391,4601,0.424299299,0.075700701,0.983401238,0.796609127
random1_sample_ro_local_warmup4_payload999,0,0,4089,3903,0.511636637,0.011636637,0.999609250,0.966808520
random1_sample_ro_local_warmup4_payload999,1,1,3990,4002,0.499249249,0.000750751,0.999998374,0.997835416
random1_sample_ro_local_warmup4_payload999,2,2,4006,3986,0.501251251,0.001251251,0.999995483,0.996394162
random1_sample_ro_local_warmup4_payload999,3,3,3961,4031,0.495620621,0.004379379,0.999944661,0.987418800
random1_sample_ro_local_warmup4_payload999,4,4,3937,4055,0.492617618,0.007382382,0.999842742,0.978854669
random1_sample_ro_local_warmup4_payload999,5,5,3954,4038,0.494744745,0.005255255,0.999920311,0.984915672
random1_sample_ro_local_warmup4_payload999,6,6,3948,4044,0.493993994,0.006006006,0.999895915,0.982773586
random1_sample_ro_local_warmup4_payload999,7,7,3998,3994,0.500250250,0.000250250,0.999999819,0.999278111
random1_sample_ro_local_warmup4_payload999,8,0,4043,3949,0.505880881,0.005880881,0.999900207,0.983130380
random1_sample_ro_local_warmup4_payload999,9,1,3973,4019,0.497122122,0.002877878,0.999976103,0.991720006
random1_sample_ro_local_warmup4_payload999,10,2,3974,4018,0.497247247,0.002752753,0.999978135,0.992079019
random1_sample_ro_local_warmup4_payload999,11,3,3940,4052,0.492992993,0.007007007,0.999858328,0.979922409
random1_sample_ro_local_warmup4_payload999,12,4,3970,4022,0.496746747,0.003253253,0.999969462,0.990643501
random1_sample_ro_local_warmup4_payload999,13,5,4022,3970,0.503253253,0.003253253,0.999969462,0.990643501
random1_sample_ro_local_warmup4_payload999,14,6,3946,4046,0.493743744,0.006256256,0.999887061,0.982060263
random1_sample_ro_local_warmup4_payload999,15,7,3978,4014,0.497747748,0.002252252,0.999985363,0.993515966
random1_sample_ro_local_warmup4_payload999,16,0,4012,3980,0.502002002,0.002002002,0.999988435,0.994234977
random1_sample_ro_local_warmup4_payload999,17,1,3971,4021,0.496871872,0.003128128,0.999971766,0.991002247
random1_sample_ro_local_warmup4_payload999,18,2,3980,4012,0.497997998,0.002002002,0.999988435,0.994234977
random1_sample_ro_local_warmup4_payload999,19,3,3975,4017,0.497372372,0.002627628,0.999980078,0.992438122
random1_sample_ro_local_warmup4_payload999,20,4,4018,3974,0.502752753,0.002752753,0.999978135,0.992079019
random1_sample_ro_local_warmup4_payload999,21,5,4020,3972,0.503003003,0.003003003,0.999973979,0.991361082
random1_sample_ro_local_warmup4_payload999,22,6,3998,3994,0.500250250,0.000250250,0.999999819,0.999278111
random1_sample_ro_local_warmup4_payload999,23,7,3988,4004,0.498998999,0.001001001,0.999997109,0.997114609
random1_sample_ro_local_warmup4_payload999,24,0,3974,4018,0.497247247,0.002752753,0.999978135,0.992079019
random1_sample_ro_local_warmup4_payload999,25,1,4027,3965,0.503878879,0.003878879,0.999956587,0.988851111
random1_sample_ro_local_warmup4_payload999,26,2,4014,3978,0.502252252,0.002252252,0.999985363,0.993515966
random1_sample_ro_local_warmup4_payload999,27,3,4029,3963,0.504129129,0.004129129,0.999950804,0.988134778
random1_sample_ro_local_warmup4_payload999,28,4,4020,3972,0.503003003,0.003003003,0.999973979,0.991361082
random1_sample_ro_local_warmup4_payload999,29,5,3930,4062,0.491741742,0.008258258,0.999803211,0.976366343
random1_sample_ro_local_warmup4_payload999,30,6,4013,3979,0.502127127,0.002127127,0.999986945,0.993875427
random1_sample_ro_local_warmup4_payload999,31,7,3990,4002,0.499249249,0.000750751,0.999998374,0.997835416
random1_sample_ro_local_warmup4_payload999,32,0,4013,3979,0.502127127,0.002127127,0.999986945,0.993875427
random1_sample_ro_local_warmup4_payload999,33,1,3941,4051,0.493118118,0.006881882,0.999863343,0.980278498
random1_sample_ro_local_warmup4_payload999,34,2,4025,3967,0.503628629,0.003628629,0.999962008,0.989567800
random1_sample_ro_local_warmup4_payload999,35,3,4045,3947,0.506131131,0.006131131,0.999891533,0.982416880
random1_sample_ro_local_warmup4_payload999,36,4,3944,4048,0.493493493,0.006506507,0.999877845,0.981347293
random1_sample_ro_local_warmup4_payload999,37,5,3983,4009,0.498373373,0.001626627,0.999992365,0.995314166
random1_sample_ro_local_warmup4_payload999,38,6,4049,3943,0.506631632,0.006631632,0.999873101,0.980990940
random1_sample_ro_local_warmup4_payload999,39,7,4047,3945,0.506381381,0.006381381,0.999882498,0.981703734
random1_sample_ro_local_warmup4_payload999,40,0,4003,3989,0.500875876,0.000875876,0.999997786,0.997474967
random1_sample_ro_local_warmup4_payload999,41,1,3987,4005,0.498873874,0.001126126,0.999996341,0.996754340
random1_sample_ro_local_warmup4_payload999,42,2,3979,4013,0.497872873,0.002127127,0.999986945,0.993875427
random1_sample_ro_local_warmup4_payload999,43,3,3947,4045,0.493868869,0.006131131,0.999891533,0.982416880
random1_sample_ro_local_warmup4_payload999,44,4,3978,4014,0.497747748,0.002252252,0.999985363,0.993515966
random1_sample_ro_local_warmup4_payload999,45,5,3955,4037,0.494869870,0.005130130,0.999924060,0.985272996
random1_sample_ro_local_warmup4_payload999,46,6,4069,3923,0.509134134,0.009134134,0.999759252,0.973882303
random1_sample_ro_local_warmup4_payload999,47,7,3993,3999,0.499624625,0.000375375,0.999999593,0.998917302
random1_sample_ro_local_warmup4_payload999,48,0,3955,4037,0.494869870,0.005130130,0.999924060,0.985272996
random1_sample_ro_local_warmup4_payload999,49,1,4055,3937,0.507382382,0.007382382,0.999842742,0.978854669
random1_sample_ro_local_warmup4_payload999,50,2,3933,4059,0.492117117,0.007882883,0.999820695,0.977432243
random1_sample_ro_local_warmup4_payload999,51,3,3941,4051,0.493118118,0.006881882,0.999863343,0.980278498
random1_sample_ro_local_warmup4_payload999,52,4,3971,4021,0.496871872,0.003128128,0.999971766,0.991002247
random1_sample_ro_local_warmup4_payload999,53,5,3985,4007,0.498623624,0.001376376,0.999994534,0.996034073
random1_sample_ro_local_warmup4_payload999,54,6,3950,4042,0.494244244,0.005755756,0.999904409,0.983487261
random1_sample_ro_local_warmup4_payload999,55,7,4010,3982,0.501751752,0.001751752,0.999991146,0.994954346
random1_sample_ro_local_warmup4_payload999,56,0,3914,4078,0.489739740,0.010260260,0.999696225,0.970694808
random1_sample_ro_local_warmup4_payload999,57,1,3966,4026,0.496246246,0.003753754,0.999959343,0.989209411
random1_sample_ro_local_warmup4_payload999,58,2,3960,4032,0.495495495,0.004504505,0.999941453,0.987060944
random1_sample_ro_local_warmup4_payload999,59,3,3922,4070,0.490740741,0.009259259,0.999752610,0.973527789
random1_sample_ro_local_warmup4_payload999,60,4,3903,4089,0.488363363,0.011636637,0.999609250,0.966808520
random1_sample_ro_local_warmup4_payload999,61,5,3969,4023,0.496621622,0.003378378,0.999967068,0.990284845
random1_sample_ro_local_warmup4_payload999,62,6,4041,3951,0.505630631,0.005630631,0.999908520,0.983844232
random1_sample_ro_local_warmup4_payload999,63,7,3951,4041,0.494369369,0.005630631,0.999908520,0.983844232
random1_sample_ro_local_warmup4_payload999,64,0,3983,4009,0.498373373,0.001626627,0.999992365,0.995314166
random1_sample_ro_local_warmup4_payload999,65,1,4031,3961,0.504379379,0.004379379,0.999944661,0.987418800
random1_sample_ro_local_warmup4_payload999,66,2,4025,3967,0.503628629,0.003628629,0.999962008,0.989567800
random1_sample_ro_local_warmup4_payload999,67,3,4018,3974,0.502752753,0.002752753,0.999978135,0.992079019
random1_sample_ro_local_warmup4_payload999,68,4,4047,3945,0.506381381,0.006381381,0.999882498,0.981703734
random1_sample_ro_local_warmup4_payload999,69,5,3950,4042,0.494244244,0.005755756,0.999904409,0.983487261
random1_sample_ro_local_warmup4_payload999,70,6,3941,4051,0.493118118,0.006881882,0.999863343,0.980278498
random1_sample_ro_local_warmup4_payload999,71,7,3999,3993,0.500375375,0.000375375,0.999999593,0.998917302
random1_sample_ro_local_warmup4_payload999,72,0,4122,3870,0.515765766,0.015765766,0.999282690,0.955212078
random1_sample_ro_local_warmup4_payload999,73,1,4000,3992,0.500500501,0.000500501,0.999999277,0.998556583
random1_sample_ro_local_warmup4_payload999,74,2,3966,4026,0.496246246,0.003753754,0.999959343,0.989209411
random1_sample_ro_local_warmup4_payload999,75,3,3962,4030,0.495745746,0.004254254,0.999947778,0.987776744
random1_sample_ro_local_warmup4_payload999,76,4,3981,4011,0.498123123,0.001876877,0.999989836,0.994594617
random1_sample_ro_local_warmup4_payload999,77,5,4072,3920,0.509509510,0.009509510,0.999739056,0.972819022
random1_sample_ro_local_warmup4_payload999,78,6,3986,4006,0.498748749,0.001251251,0.999995483,0.996394162
random1_sample_ro_local_warmup4_payload999,79,7,4016,3976,0.502502503,0.002502503,0.999981930,0.992797314
random1_sample_ro_local_warmup4_payload999,80,0,4011,3981,0.501876877,0.001876877,0.999989836,0.994594617
random1_sample_ro_local_warmup4_payload999,81,1,3939,4053,0.492867868,0.007132132,0.999853223,0.979566408
random1_sample_ro_local_warmup4_payload999,82,2,3910,4082,0.489239239,0.010760761,0.999665863,0.969280401
random1_sample_ro_local_warmup4_payload999,83,3,3993,3999,0.499624625,0.000375375,0.999999593,0.998917302
random1_sample_ro_local_warmup4_payload999,84,4,3989,4003,0.499124124,0.000875876,0.999997786,0.997474967
random1_sample_ro_local_warmup4_payload999,85,5,3893,4099,0.487112112,0.012887888,0.999520690,0.963284593
random1_sample_ro_local_warmup4_payload999,86,6,3928,4064,0.491491491,0.008508509,0.999791103,0.975656181
random1_sample_ro_local_warmup4_payload999,87,7,3947,4045,0.493868869,0.006131131,0.999891533,0.982416880
random1_sample_ro_local_warmup4_payload999,88,0,3914,4078,0.489739740,0.010260260,0.999696225,0.970694808
random1_sample_ro_local_warmup4_payload999,89,1,3931,4061,0.491866867,0.008133133,0.999809129,0.976721556
random1_sample_ro_local_warmup4_payload999,90,2,3970,4022,0.496746747,0.003253253,0.999969462,0.990643501
random1_sample_ro_local_warmup4_payload999,91,3,3998,3994,0.500250250,0.000250250,0.999999819,0.999278111
random1_sample_ro_local_warmup4_payload999,92,4,4090,3902,0.511761762,0.011761762,0.999600801,0.966455740
random1_sample_ro_local_warmup4_payload999,93,5,3967,4025,0.496371371,0.003628629,0.999962008,0.989567800
random1_sample_ro_local_warmup4_payload999,94,6,3932,4060,0.491991992,0.008008008,0.999814957,0.977076856
random1_sample_ro_local_warmup4_payload999,95,7,3938,4054,0.492742743,0.007257257,0.999848028,0.979210494
random1_sample_ro_local_warmup4_payload999,96,0,3991,4001,0.499374374,0.000625626,0.999998871,0.998195954
random1_sample_ro_local_warmup4_payload999,97,1,3929,4063,0.491616617,0.008383383,0.999797202,0.976011219
random1_sample_ro_local_warmup4_payload999,98,2,4001,3991,0.500625626,0.000625626,0.999998871,0.998195954
random1_sample_ro_local_warmup4_payload999,99,3,4058,3934,0.507757758,0.007757758,0.999826342,0.977787718
random1_sample_ro_local_warmup4_payload999,100,4,4031,3961,0.504379379,0.004379379,0.999944661,0.987418800
random1_sample_ro_local_warmup4_payload999,101,5,3961,4031,0.495620621,0.004379379,0.999944661,0.987418800
random1_sample_ro_local_warmup4_payload999,102,6,4004,3988,0.501001001,0.001001001,0.999997109,0.997114609
random1_sample_ro_local_warmup4_payload999,103,7,3979,4013,0.497872873,0.002127127,0.999986945,0.993875427
random1_sample_ro_local_warmup4_payload999,104,0,3958,4034,0.495245245,0.004754755,0.999934767,0.986345499
random1_sample_ro_local_warmup4_payload999,105,1,3976,4016,0.497497497,0.002502503,0.999981930,0.992797314
random1_sample_ro_local_warmup4_payload999,106,2,4018,3974,0.502752753,0.002752753,0.999978135,0.992079019
random1_sample_ro_local_warmup4_payload999,107,3,4010,3982,0.501751752,0.001751752,0.999991146,0.994954346
random1_sample_ro_local_warmup4_payload999,108,4,3993,3999,0.499624625,0.000375375,0.999999593,0.998917302
random1_sample_ro_local_warmup4_payload999,109,5,3951,4041,0.494369369,0.005630631,0.999908520,0.983844232
random1_sample_ro_local_warmup4_payload999,110,6,3973,4019,0.497122122,0.002877878,0.999976103,0.991720006
random1_sample_ro_local_warmup4_payload999,111,7,3995,3997,0.499874875,0.000125125,0.999999955,0.999639010
random1_sample_ro_local_warmup4_payload999,112,0,3976,4016,0.497497497,0.002502503,0.999981930,0.992797314
random1_sample_ro_local_warmup4_payload999,113,1,3977,4015,0.497622623,0.002377377,0.999983692,0.993156595
random1_sample_ro_local_warmup4_payload999,114,2,3892,4100,0.486986987,0.013013013,0.999511337,0.962932673
random1_sample_ro_local_warmup4_payload999,115,3,3927,4065,0.491366366,0.008633634,0.999784913,0.975301231
random1_sample_ro_local_warmup4_payload999,116,4,3905,4087,0.488613614,0.011386386,0.999625877,0.967514340
random1_sample_ro_local_warmup4_payload999,117,5,4002,3990,0.500750751,0.000750751,0.999998374,0.997835416
random1_sample_ro_local_warmup4_payload999,118,6,3908,4084,0.488988989,0.011011011,0.999650140,0.968573717
random1_sample_ro_local_warmup4_payload999,119,7,3971,4021,0.496871872,0.003128128,0.999971766,0.991002247
random1_sample_ro_local_warmup4_payload999,120,0,3931,4061,0.491866867,0.008133133,0.999809129,0.976721556
random1_sample_ro_local_warmup4_payload999,121,1,3931,4061,0.491866867,0.008133133,0.999809129,0.976721556
random1_sample_ro_local_warmup4_payload999,122,2,3959,4033,0.495370370,0.004629630,0.999938155,0.986703177
random1_sample_ro_local_warmup4_payload999,123,3,3988,4004,0.498998999,0.001001001,0.999997109,0.997114609
random1_sample_ro_local_warmup4_payload999,124,4,3978,4014,0.497747748,0.002252252,0.999985363,0.993515966
random1_sample_ro_local_warmup5_payload999,0,0,3362,4630,0.420670671,0.079329329,0.981764870,0.787544390
random1_sample_ro_local_warmup5_payload999,1,1,3143,4849,0.393268268,0.106731732,0.966876321,0.720869329
random1_sample_ro_local_warmup5_payload999,2,2,3331,4661,0.416791792,0.083208208,0.979929449,0.777917070
random1_sample_ro_local_warmup5_payload999,3,3,3009,4983,0.376501502,0.123498498,0.955533623,0.681542009
random1_sample_ro_local_warmup5_payload999,4,4,3296,4696,0.412412412,0.087587588,0.977749861,0.767124175
random1_sample_ro_local_warmup5_payload999,5,5,3418,4574,0.427677678,0.072322322,0.984854843,0.805100217
random1_sample_ro_local_warmup5_payload999,6,6,3366,4626,0.421171171,0.078828829,0.981995206,0.788791317
random1_sample_ro_local_warmup5_payload999,7,7,3440,4552,0.430430430,0.069569570,0.985989516,0.812056025
random1_sample_ro_local_warmup5_payload999,8,0,3304,4688,0.413413413,0.086586587,0.978258106,0.769584013
random1_sample_ro_local_warmup5_payload999,9,1,3426,4566,0.428678679,0.071321321,0.985272615,0.807625724
random1_sample_ro_local_warmup5_payload999,10,2,3382,4610,0.423173173,0.076826827,0.982901730,0.793789832
random1_sample_ro_local_warmup5_payload999,11,3,3280,4712,0.410410410,0.089589590,0.976715469,0.762217044
random1_sample_ro_local_warmup5_payload999,12,4,3175,4817,0.397272272,0.102727728,0.969332596,0.730421659
random1_sample_ro_local_warmup5_payload999,13,5,3135,4857,0.392267267,0.107732733,0.966247120,0.718491097
random1_sample_ro_local_warmup5_payload999,14,6,3164,4828,0.395895896,0.104104104,0.968499163,0.727130907
random1_sample_ro_local_warmup5_payload999,15,7,3200,4792,0.400400400,0.099599600,0.971184332,0.737928675
random1_sample_ro_local_warmup5_payload999,16,0,3133,4859,0.392017017,0.107982983,0.966088872,0.717897151
random1_sample_ro_local_warmup5_payload999,17,1,3231,4761,0.404279279,0.095720721,0.973398837,0.747291954
random1_sample_ro_local_warmup5_payload999,18,2,3313,4679,0.414539540,0.085460460,0.978822757,0.772356354
random1_sample_ro_local_warmup5_payload999,19,3,3300,4692,0.412912913,0.087087087,0.978004729,0.768353570
random1_sample_ro_local_warmup5_payload999,20,4,3295,4697,0.412287287,0.087712713,0.977685911,0.766816990
random1_sample_ro_local_warmup5_payload999,21,5,3174,4818,0.397147147,0.102852853,0.969257301,0.730122190
random1_sample_ro_local_warmup5_payload999,22,6,3206,4786,0.401151151,0.098848849,0.971619993,0.739736186
random1_sample_ro_local_warmup5_payload999,23,7,3238,4754,0.405155155,0.094844845,0.973886403,0.749414680
random1_sample_ro_local_warmup5_payload999,24,0,3266,4726,0.408658659,0.091341341,0.975790775,0.757936954
random1_sample_ro_local_warmup5_payload999,25,1,3263,4729,0.408283283,0.091716717,0.975590244,0.757021441
random1_sample_ro_local_warmup5_payload999,26,2,3300,4692,0.412912913,0.087087087,0.978004729,0.768353570
random1_sample_ro_local_warmup5_payload999,27,3,3257,4735,0.407532533,0.092467467,0.975186657,0.755192157
random1_sample_ro_local_warmup5_payload999,28,4,3172,4820,0.396896897,0.103103103,0.969106429,0.729523437
random1_sample_ro_local_warmup5_payload999,29,5,3207,4785,0.401276276,0.098723724,0.971692274,0.740037658
random1_sample_ro_local_warmup5_payload999,30,6,3173,4819,0.397022022,0.102977978,0.969181912,0.729822782
random1_sample_ro_local_warmup5_payload999,31,7,3229,4763,0.404029029,0.095970971,0.973258689,0.746686034
random1_sample_ro_local_warmup5_payload999,32,0,3268,4724,0.408908909,0.091091091,0.975923996,0.758547618
random1_sample_ro_local_warmup5_payload999,33,1,3307,4685,0.413788789,0.086211211,0.978447161,0.770507535
random1_sample_ro_local_warmup5_payload999,34,2,3204,4788,0.400900901,0.099099099,0.971475149,0.739133431
random1_sample_ro_local_warmup5_payload999,35,3,3237,4755,0.405030030,0.094969970,0.973817032,0.749111242
random1_sample_ro_local_warmup5_payload999,36,4,3284,4708,0.410910911,0.089089089,0.976976306,0.763442263
random1_sample_ro_local_warmup5_payload999,37,5,3213,4779,0.402027027,0.097972973,0.972123987,0.741847816
random1_sample_ro_local_warmup5_payload999,38,6,3249,4743,0.406531532,0.093468468,0.974643301,0.752756715
random1_sample_ro_local_warmup5_payload999,39,7,3233,4759,0.404529530,0.095470470,0.973538611,0.747898129
random1_sample_ro_local_warmup5_payload999,40,0,3230,4762,0.404154154,0.095845846,0.973328810,0.746988963
random1_sample_ro_local_warmup5_payload999,41,1,3268,4724,0.408908909,0.091091091,0.975923996,0.758547618
random1_sample_ro_local_warmup5_payload999,42,2,3210,4782,0.401651652,0.098348348,0.971908553,0.740942453
random1_sample_ro_local_warmup5_payload999,43,3,3112,4880,0.389389389,0.110610611,0.964404369,0.711675435
random1_sample_ro_local_warmup5_payload999,44,4,3228,4764,0.403903904,0.096096096,0.973188474,0.746383170
random1_sample_ro_local_warmup5_payload999,45,5,3218,4774,0.402652653,0.097347347,0.972481163,0.743358017
random1_sample_ro_local_warmup5_payload999,46,6,3183,4809,0.398273273,0.101726727,0.969931558,0.732819657
random1_sample_ro_local_warmup5_payload999,47,7,3175,4817,0.397272272,0.102727728,0.969332596,0.730421659
random1_sample_ro_local_warmup5_payload999,48,0,3236,4756,0.404904905,0.095095095,0.973747568,0.748807868
random1_sample_ro_local_warmup5_payload999,49,1,3309,4683,0.414039039,0.085960961,0.978572732,0.771123545
random1_sample_ro_local_warmup5_payload999,50,2,3333,4659,0.417042042,0.082957958,0.980050556,0.778536253
random1_sample_ro_local_warmup5_payload999,51,3,3234,4758,0.404654655,0.095345345,0.973608357,0.748201311
random1_sample_ro_local_warmup5_payload999,52,4,3171,4821,0.396771772,0.103228228,0.969030851,0.729224153
random1_sample_ro_local_warmup5_payload999,53,5,3195,4797,0.399774775,0.100225225,0.970818694,0.736424144
random1_sample_ro_local_warmup5_payload999,54,6,3183,4809,0.398273273,0.101726727,0.969931558,0.732819657
random1_sample_ro_local_warmup5_payload999,55,7,3200,4792,0.400400400,0.099599600,0.971184332,0.737928675
random1_sample_ro_local_warmup5_payload999,56,0,3239,4753,0.405280280,0.094719720,0.973955681,0.749718181
random1_sample_ro_local_warmup5_payload999,57,1,3313,4679,0.414539540,0.085460460,0.978822757,0.772356354
random1_sample_ro_local_warmup5_payload999,58,2,3200,4792,0.400400400,0.099599600,0.971184332,0.737928675
random1_sample_ro_local_warmup5_payload999,59,3,3259,4733,0.407782783,0.092217217,0.975321560,0.755801661
random1_sample_ro_local_warmup5_payload999,60,4,3243,4749,0.405780781,0.094219219,0.974231853,0.750932827
random1_sample_ro_local_warmup5_payload999,61,5,3317,4675,0.415040040,0.084959960,0.979071293,0.773590218
random1_sample_ro_local_warmup5_payload999,62,6,3234,4758,0.404654655,0.095345345,0.973608357,0.748201311
random1_sample_ro_local_warmup5_payload999,63,7,3269,4723,0.409034034,0.090965966,0.975990466,0.758853048
random1_sample_ro_local_warmup5_payload999,64,0,3275,4717,0.409784785,0.090215215,0.976387323,0.760686982
random1_sample_ro_local_warmup5_payload999,65,1,3273,4719,0.409534535,0.090465465,0.976255411,0.760075412
random1_sample_ro_local_warmup5_payload999,66,2,3240,4752,0.405405405,0.094594595,0.974024864,0.750021747
random1_sample_ro_local_warmup5_payload999,67,3,3251,4741,0.406781782,0.093218218,0.974779702,0.753365190
random1_sample_ro_local_warmup5_payload999,68,4,3253,4739,0.407032032,0.092967968,0.974915728,0.753973922
random1_sample_ro_local_warmup5_payload999,69,5,3181,4811,0.398023023,0.101976977,0.969782383,0.732219784
random1_sample_ro_local_warmup5_payload999,70,6,3271,4721,0.409284284,0.090715716,0.976123125,0.759464100
random1_sample_ro_local_warmup5_payload999,71,7,3239,4753,0.405280280,0.094719720,0.973955681,0.749718181
random1_sample_ro_local_warmup5_payload999,72,0,3277,4715,0.410035035,0.089964965,0.976518862,0.761298812
random1_sample_ro_local_warmup5_payload999,73,1,3305,4687,0.413538539,0.086461461,0.978321218,0.769891788
random1_sample_ro_local_warmup5_payload999,74,2,3228,4764,0.403903904,0.096096096,0.973188474,0.746383170
random1_sample_ro_local_warmup5_payload999,75,3,3254,4738,0.407157157,0.092842843,0.974983600,0.754278385
random1_sample_ro_local_warmup5_payload999,76,4,3197,4795,0.400025025,0.099974975,0.970965231,0.737025768
random1_sample_ro_local_warmup5_payload999,77,5,3246,4746,0.406156156,0.093843844,0.974437999,0.751844483
random1_sample_ro_local_warmup5_payload999,78,6,3299,4693,0.412787788,0.087212212,0.977941152,0.768046123
random1_sample_ro_local_warmup5_payload999,79,7,3269,4723,0.409034034,0.090965966,0.975990466,0.758853048
random1_sample_ro_local_warmup5_payload999,80,0,3226,4766,0.403653654,0.096346346,0.973047763,0.745777632
random1_sample_ro_local_warmup5_payload999,81,1,3381,4611,0.423048048,0.076951952,0.982845767,0.793476917
random1_sample_ro_local_warmup5_payload999,82,2,3302,4690,0.413163163,0.086836837,0.978131604,0.768968660
random1_sample_ro_local_warmup5_payload999,83,3,3258,4734,0.407657658,0.092342342,0.975254155,0.755496877
random1_sample_ro_local_warmup5_payload999,84,4,3318,4674,0.415165165,0.084834835,0.979133194,0.773898849
random1_sample_ro_local_warmup5_payload999,85,5,3256,4736,0.407407407,0.092592593,0.975119065,0.754887502
random1_sample_ro_local_warmup5_payload999,86,6,3281,4711,0.410535536,0.089464464,0.976780819,0.762523251
random1_sample_ro_local_warmup5_payload999,87,7,3250,4742,0.406656657,0.093343343,0.974711548,0.753060920
random1_sample_ro_local_warmup5_payload999,88,0,3263,4729,0.408283283,0.091716717,0.975590244,0.757021441
random1_sample_ro_local_warmup5_payload999,89,1,3273,4719,0.409534535,0.090465465,0.976255411,0.760075412
random1_sample_ro_local_warmup5_payload999,90,2,3311,4681,0.414289289,0.085710711,0.978697931,0.771739818
random1_sample_ro_local_warmup5_payload999,91,3,3248,4744,0.406406406,0.093593594,0.974574961,0.752452573
random1_sample_ro_local_warmup5_payload999,92,4,3239,4753,0.405280280,0.094719720,0.973955681,0.749718181
random1_sample_ro_local_warmup5_payload999,93,5,3219,4773,0.402777778,0.097222222,0.972552317,0.743660247
random1_sample_ro_local_warmup5_payload999,94,6,3303,4689,0.413288288,0.086711712,0.978194902,0.769276304
random1_sample_ro_local_warmup5_payload999,95,7,3253,4739,0.407032032,0.092967968,0.974915728,0.753973922
random1_sample_ro_local_warmup5_payload999,96,0,3301,4691,0.413038038,0.086961962,0.978068213,0.768661082
random1_sample_ro_local_warmup5_payload999,97,1,3235,4757,0.404779780,0.095220220,0.973678009,0.748504558
random1_sample_ro_local_warmup5_payload999,98,2,3290,4702,0.411661662,0.088338338,0.977364762,0.765282044
random1_sample_ro_local_warmup5_payload999,99,3,3190,4802,0.399149149,0.100850851,0.970450702,0.734921180
random1_sample_ro_local_warmup5_payload999,100,4,3243,4749,0.405780781,0.094219219,0.974231853,0.750932827
random1_sample_ro_local_warmup5_payload999,101,5,3224,4768,0.403403403,0.096596597,0.972906676,0.745172347
random1_sample_ro_local_warmup5_payload999,102,6,3293,4699,0.412037037,0.087962963,0.977557731,0.766202815
random1_sample_ro_local_warmup5_payload999,103,7,3329,4663,0.416541542,0.083458458,0.979807971,0.777298153
random1_sample_ro_local_warmup5_payload999,104,0,3206,4786,0.401151151,0.098848849,0.971619993,0.739736186
random1_sample_ro_local_warmup5_payload999,105,1,3204,4788,0.400900901,0.099099099,0.971475149,0.739133431
random1_sample_ro_local_warmup5_payload999,106,2,3232,4760,0.404404404,0.095595596,0.973468771,0.747595010
random1_sample_ro_local_warmup5_payload999,107,3,3347,4645,0.418793794,0.081206206,0.980887899,0.782877987
random1_sample_ro_local_warmup5_payload999,108,4,3220,4772,0.402902903,0.097097097,0.972623376,0.743962540
random1_sample_ro_local_warmup5_payload999,109,5,3258,4734,0.407657658,0.092342342,0.975254155,0.755496877
random1_sample_ro_local_warmup5_payload999,110,6,3330,4662,0.416666667,0.083333333,0.979868757,0.777607579
random1_sample_ro_local_warmup5_payload999,111,7,3209,4783,0.401526527,0.098473473,0.971836554,0.740640792
random1_sample_ro_local_warmup5_payload999,112,0,3234,4758,0.404654655,0.095345345,0.973608357,0.748201311
random1_sample_ro_local_warmup5_payload999,113,1,3280,4712,0.410410410,0.089589590,0.976715469,0.762217044
random1_sample_ro_local_warmup5_payload999,114,2,3272,4720,0.409409409,0.090590591,0.976189315,0.759769724
random1_sample_ro_local_warmup5_payload999,115,3,3256,4736,0.407407407,0.092592593,0.975119065,0.754887502
random1_sample_ro_local_warmup5_payload999,116,4,3261,4731,0.408033033,0.091966967,0.975456089,0.756411422
random1_sample_ro_local_warmup5_payload999,117,5,3302,4690,0.413163163,0.086836837,0.978131604,0.768968660
random1_sample_ro_local_warmup5_payload999,118,6,3293,4699,0.412037037,0.087962963,0.977557731,0.766202815
random1_sample_ro_local_warmup5_payload999,119,7,3382,4610,0.423173173,0.076826827,0.982901730,0.793789832
random1_sample_ro_local_warmup5_payload999,120,0,3214,4778,0.402152152,0.097847848,0.972195610,0.742149729
random1_sample_ro_local_warmup5_payload999,121,1,3325,4667,0.416041041,0.083958959,0.979563899,0.776061116
random1_sample_ro_local_warmup5_payload999,122,2,3270,4722,0.409159159,0.090840841,0.976056842,0.759158542
random1_sample_ro_local_warmup5_payload999,123,3,3301,4691,0.413038038,0.086961962,0.978068213,0.768661082
random1_sample_ro_local_warmup5_payload999,124,4,3303,4689,0.413288288,0.086711712,0.978194902,0.769276304
restart_random1_sample_ro_local_warmup4_payload999,0,0,4089,3903,0.511636637,0.011636637,0.999609250,0.966808520
restart_random1_sample_ro_local_warmup4_payload999,1,1,3990,4002,0.499249249,0.000750751,0.999998374,0.997835416
restart_random1_sample_ro_local_warmup4_payload999,2,2,4006,3986,0.501251251,0.001251251,0.999995483,0.996394162
restart_random1_sample_ro_local_warmup4_payload999,3,3,3961,4031,0.495620621,0.004379379,0.999944661,0.987418800
restart_random1_sample_ro_local_warmup4_payload999,4,4,3937,4055,0.492617618,0.007382382,0.999842742,0.978854669
restart_random1_sample_ro_local_warmup4_payload999,5,5,3954,4038,0.494744745,0.005255255,0.999920311,0.984915672
restart_random1_sample_ro_local_warmup4_payload999,6,6,3948,4044,0.493993994,0.006006006,0.999895915,0.982773586
restart_random1_sample_ro_local_warmup4_payload999,7,7,3998,3994,0.500250250,0.000250250,0.999999819,0.999278111
restart_random1_sample_ro_local_warmup4_payload999,8,0,4043,3949,0.505880881,0.005880881,0.999900207,0.983130380
restart_random1_sample_ro_local_warmup4_payload999,9,1,3973,4019,0.497122122,0.002877878,0.999976103,0.991720006
restart_random1_sample_ro_local_warmup4_payload999,10,2,3974,4018,0.497247247,0.002752753,0.999978135,0.992079019
restart_random1_sample_ro_local_warmup4_payload999,11,3,3940,4052,0.492992993,0.007007007,0.999858328,0.979922409
restart_random1_sample_ro_local_warmup4_payload999,12,4,3970,4022,0.496746747,0.003253253,0.999969462,0.990643501
restart_random1_sample_ro_local_warmup4_payload999,13,5,4022,3970,0.503253253,0.003253253,0.999969462,0.990643501
restart_random1_sample_ro_local_warmup4_payload999,14,6,3946,4046,0.493743744,0.006256256,0.999887061,0.982060263
restart_random1_sample_ro_local_warmup4_payload999,15,7,3978,4014,0.497747748,0.002252252,0.999985363,0.993515966
restart_random1_sample_ro_local_warmup4_payload999,16,0,4012,3980,0.502002002,0.002002002,0.999988435,0.994234977
restart_random1_sample_ro_local_warmup4_payload999,17,1,3971,4021,0.496871872,0.003128128,0.999971766,0.991002247
restart_random1_sample_ro_local_warmup4_payload999,18,2,3980,4012,0.497997998,0.002002002,0.999988435,0.994234977
restart_random1_sample_ro_local_warmup4_payload999,19,3,3975,4017,0.497372372,0.002627628,0.999980078,0.992438122
restart_random1_sample_ro_local_warmup4_payload999,20,4,4018,3974,0.502752753,0.002752753,0.999978135,0.992079019
restart_random1_sample_ro_local_warmup4_payload999,21,5,4020,3972,0.503003003,0.003003003,0.999973979,0.991361082
restart_random1_sample_ro_local_warmup4_payload999,22,6,3998,3994,0.500250250,0.000250250,0.999999819,0.999278111
restart_random1_sample_ro_local_warmup4_payload999,23,7,3988,4004,0.498998999,0.001001001,0.999997109,0.997114609
restart_random1_sample_ro_local_warmup4_payload999,24,0,3974,4018,0.497247247,0.002752753,0.999978135,0.992079019
restart_random1_sample_ro_local_warmup4_payload999,25,1,4027,3965,0.503878879,0.003878879,0.999956587,0.988851111
restart_random1_sample_ro_local_warmup4_payload999,26,2,4014,3978,0.502252252,0.002252252,0.999985363,0.993515966
restart_random1_sample_ro_local_warmup4_payload999,27,3,4029,3963,0.504129129,0.004129129,0.999950804,0.988134778
restart_random1_sample_ro_local_warmup4_payload999,28,4,4020,3972,0.503003003,0.003003003,0.999973979,0.991361082
restart_random1_sample_ro_local_warmup4_payload999,29,5,3930,4062,0.491741742,0.008258258,0.999803211,0.976366343
restart_random1_sample_ro_local_warmup4_payload999,30,6,4013,3979,0.502127127,0.002127127,0.999986945,0.993875427
restart_random1_sample_ro_local_warmup4_payload999,31,7,3990,4002,0.499249249,0.000750751,0.999998374,0.997835416
restart_random1_sample_ro_local_warmup4_payload999,32,0,4013,3979,0.502127127,0.002127127,0.999986945,0.993875427
restart_random1_sample_ro_local_warmup4_payload999,33,1,3941,4051,0.493118118,0.006881882,0.999863343,0.980278498
restart_random1_sample_ro_local_warmup4_payload999,34,2,4025,3967,0.503628629,0.003628629,0.999962008,0.989567800
restart_random1_sample_ro_local_warmup4_payload999,35,3,4045,3947,0.506131131,0.006131131,0.999891533,0.982416880
restart_random1_sample_ro_local_warmup4_payload999,36,4,3944,4048,0.493493493,0.006506507,0.999877845,0.981347293
restart_random1_sample_ro_local_warmup4_payload999,37,5,3983,4009,0.498373373,0.001626627,0.999992365,0.995314166
restart_random1_sample_ro_local_warmup4_payload999,38,6,4049,3943,0.506631632,0.006631632,0.999873101,0.980990940
restart_random1_sample_ro_local_warmup4_payload999,39,7,4047,3945,0.506381381,0.006381381,0.999882498,0.981703734
restart_random1_sample_ro_local_warmup4_payload999,40,0,4003,3989,0.500875876,0.000875876,0.999997786,0.997474967
restart_random1_sample_ro_local_warmup4_payload999,41,1,3987,4005,0.498873874,0.001126126,0.999996341,0.996754340
restart_random1_sample_ro_local_warmup4_payload999,42,2,3979,4013,0.497872873,0.002127127,0.999986945,0.993875427
restart_random1_sample_ro_local_warmup4_payload999,43,3,3947,4045,0.493868869,0.006131131,0.999891533,0.982416880
restart_random1_sample_ro_local_warmup4_payload999,44,4,3978,4014,0.497747748,0.002252252,0.999985363,0.993515966
restart_random1_sample_ro_local_warmup4_payload999,45,5,3955,4037,0.494869870,0.005130130,0.999924060,0.985272996
restart_random1_sample_ro_local_warmup4_payload999,46,6,4069,3923,0.509134134,0.009134134,0.999759252,0.973882303
restart_random1_sample_ro_local_warmup4_payload999,47,7,3993,3999,0.499624625,0.000375375,0.999999593,0.998917302
restart_random1_sample_ro_local_warmup4_payload999,48,0,3955,4037,0.494869870,0.005130130,0.999924060,0.985272996
restart_random1_sample_ro_local_warmup4_payload999,49,1,4055,3937,0.507382382,0.007382382,0.999842742,0.978854669
restart_random1_sample_ro_local_warmup4_payload999,50,2,3933,4059,0.492117117,0.007882883,0.999820695,0.977432243
restart_random1_sample_ro_local_warmup4_payload999,51,3,3941,4051,0.493118118,0.006881882,0.999863343,0.980278498
restart_random1_sample_ro_local_warmup4_payload999,52,4,3971,4021,0.496871872,0.003128128,0.999971766,0.991002247
restart_random1_sample_ro_local_warmup4_payload999,53,5,3985,4007,0.498623624,0.001376376,0.999994534,0.996034073
restart_random1_sample_ro_local_warmup4_payload999,54,6,3950,4042,0.494244244,0.005755756,0.999904409,0.983487261
restart_random1_sample_ro_local_warmup4_payload999,55,7,4010,3982,0.501751752,0.001751752,0.999991146,0.994954346
restart_random1_sample_ro_local_warmup4_payload999,56,0,3914,4078,0.489739740,0.010260260,0.999696225,0.970694808
restart_random1_sample_ro_local_warmup4_payload999,57,1,3966,4026,0.496246246,0.003753754,0.999959343,0.989209411
restart_random1_sample_ro_local_warmup4_payload999,58,2,3960,4032,0.495495495,0.004504505,0.999941453,0.987060944
restart_random1_sample_ro_local_warmup4_payload999,59,3,3922,4070,0.490740741,0.009259259,0.999752610,0.973527789
restart_random1_sample_ro_local_warmup4_payload999,60,4,3903,4089,0.488363363,0.011636637,0.999609250,0.966808520
restart_random1_sample_ro_local_warmup4_payload999,61,5,3969,4023,0.496621622,0.003378378,0.999967068,0.990284845
restart_random1_sample_ro_local_warmup4_payload999,62,6,4041,3951,0.505630631,0.005630631,0.999908520,0.983844232
restart_random1_sample_ro_local_warmup4_payload999,63,7,3951,4041,0.494369369,0.005630631,0.999908520,0.983844232
restart_random1_sample_ro_local_warmup4_payload999,64,0,3983,4009,0.498373373,0.001626627,0.999992365,0.995314166
restart_random1_sample_ro_local_warmup4_payload999,65,1,4031,3961,0.504379379,0.004379379,0.999944661,0.987418800
restart_random1_sample_ro_local_warmup4_payload999,66,2,4025,3967,0.503628629,0.003628629,0.999962008,0.989567800
restart_random1_sample_ro_local_warmup4_payload999,67,3,4018,3974,0.502752753,0.002752753,0.999978135,0.992079019
restart_random1_sample_ro_local_warmup4_payload999,68,4,4047,3945,0.506381381,0.006381381,0.999882498,0.981703734
restart_random1_sample_ro_local_warmup4_payload999,69,5,3950,4042,0.494244244,0.005755756,0.999904409,0.983487261
restart_random1_sample_ro_local_warmup4_payload999,70,6,3941,4051,0.493118118,0.006881882,0.999863343,0.980278498
restart_random1_sample_ro_local_warmup4_payload999,71,7,3999,3993,0.500375375,0.000375375,0.999999593,0.998917302
restart_random1_sample_ro_local_warmup4_payload999,72,0,4122,3870,0.515765766,0.015765766,0.999282690,0.955212078
restart_random1_sample_ro_local_warmup4_payload999,73,1,4000,3992,0.500500501,0.000500501,0.999999277,0.998556583
restart_random1_sample_ro_local_warmup4_payload999,74,2,3966,4026,0.496246246,0.003753754,0.999959343,0.989209411
restart_random1_sample_ro_local_warmup4_payload999,75,3,3962,4030,0.495745746,0.004254254,0.999947778,0.987776744
restart_random1_sample_ro_local_warmup4_payload999,76,4,3981,4011,0.498123123,0.001876877,0.999989836,0.994594617
restart_random1_sample_ro_local_warmup4_payload999,77,5,4072,3920,0.509509510,0.009509510,0.999739056,0.972819022
restart_random1_sample_ro_local_warmup4_payload999,78,6,3986,4006,0.498748749,0.001251251,0.999995483,0.996394162
restart_random1_sample_ro_local_warmup4_payload999,79,7,4016,3976,0.502502503,0.002502503,0.999981930,0.992797314
restart_random1_sample_ro_local_warmup4_payload999,80,0,4011,3981,0.501876877,0.001876877,0.999989836,0.994594617
restart_random1_sample_ro_local_warmup4_payload999,81,1,3939,4053,0.492867868,0.007132132,0.999853223,0.979566408
restart_random1_sample_ro_local_warmup4_payload999,82,2,3910,4082,0.489239239,0.010760761,0.999665863,0.969280401
restart_random1_sample_ro_local_warmup4_payload999,83,3,3993,3999,0.499624625,0.000375375,0.999999593,0.998917302
restart_random1_sample_ro_local_warmup4_payload999,84,4,3989,4003,0.499124124,0.000875876,0.999997786,0.997474967
restart_random1_sample_ro_local_warmup4_payload999,85,5,3893,4099,0.487112112,0.012887888,0.999520690,0.963284593
restart_random1_sample_ro_local_warmup4_payload999,86,6,3928,4064,0.491491491,0.008508509,0.999791103,0.975656181
restart_random1_sample_ro_local_warmup4_payload999,87,7,3947,4045,0.493868869,0.006131131,0.999891533,0.982416880
restart_random1_sample_ro_local_warmup4_payload999,88,0,3914,4078,0.489739740,0.010260260,0.999696225,0.970694808
restart_random1_sample_ro_local_warmup4_payload999,89,1,3931,4061,0.491866867,0.008133133,0.999809129,0.976721556
restart_random1_sample_ro_local_warmup4_payload999,90,2,3970,4022,0.496746747,0.003253253,0.999969462,0.990643501
restart_random1_sample_ro_local_warmup4_payload999,91,3,3998,3994,0.500250250,0.000250250,0.999999819,0.999278111
restart_random1_sample_ro_local_warmup4_payload999,92,4,4090,3902,0.511761762,0.011761762,0.999600801,0.966455740
restart_random1_sample_ro_local_warmup4_payload999,93,5,3967,4025,0.496371371,0.003628629,0.999962008,0.989567800
restart_random1_sample_ro_local_warmup4_payload999,94,6,3932,4060,0.491991992,0.008008008,0.999814957,0.977076856
restart_random1_sample_ro_local_warmup4_payload999,95,7,3938,4054,0.492742743,0.007257257,0.999848028,0.979210494
restart_random1_sample_ro_local_warmup4_payload999,96,0,3991,4001,0.499374374,0.000625626,0.999998871,0.998195954
restart_random1_sample_ro_local_warmup4_payload999,97,1,3929,4063,0.491616617,0.008383383,0.999797202,0.976011219
restart_random1_sample_ro_local_warmup4_payload999,98,2,4001,3991,0.500625626,0.000625626,0.999998871,0.998195954
restart_random1_sample_ro_local_warmup4_payload999,99,3,4058,3934,0.507757758,0.007757758,0.999826342,0.977787718
restart_random1_sample_ro_local_warmup4_payload999,100,4,4031,3961,0.504379379,0.004379379,0.999944661,0.987418800
restart_random1_sample_ro_local_warmup4_payload999,101,5,3961,4031,0.495620621,0.004379379,0.999944661,0.987418800
restart_random1_sample_ro_local_warmup4_payload999,102,6,4004,3988,0.501001001,0.001001001,0.999997109,0.997114609
restart_random1_sample_ro_local_warmup4_payload999,103,7,3979,4013,0.497872873,0.002127127,0.999986945,0.993875427
restart_random1_sample_ro_local_warmup4_payload999,104,0,3958,4034,0.495245245,0.004754755,0.999934767,0.986345499
restart_random1_sample_ro_local_warmup4_payload999,105,1,3976,4016,0.497497497,0.002502503,0.999981930,0.992797314
restart_random1_sample_ro_local_warmup4_payload999,106,2,4018,3974,0.502752753,0.002752753,0.999978135,0.992079019
restart_random1_sample_ro_local_warmup4_payload999,107,3,4010,3982,0.501751752,0.001751752,0.999991146,0.994954346
restart_random1_sample_ro_local_warmup4_payload999,108,4,3993,3999,0.499624625,0.000375375,0.999999593,0.998917302
restart_random1_sample_ro_local_warmup4_payload999,109,5,3951,4041,0.494369369,0.005630631,0.999908520,0.983844232
restart_random1_sample_ro_local_warmup4_payload999,110,6,3973,4019,0.497122122,0.002877878,0.999976103,0.991720006
restart_random1_sample_ro_local_warmup4_payload999,111,7,3995,3997,0.499874875,0.000125125,0.999999955,0.999639010
restart_random1_sample_ro_local_warmup4_payload999,112,0,3976,4016,0.497497497,0.002502503,0.999981930,0.992797314
restart_random1_sample_ro_local_warmup4_payload999,113,1,3977,4015,0.497622623,0.002377377,0.999983692,0.993156595
restart_random1_sample_ro_local_warmup4_payload999,114,2,3892,4100,0.486986987,0.013013013,0.999511337,0.962932673
restart_random1_sample_ro_local_warmup4_payload999,115,3,3927,4065,0.491366366,0.008633634,0.999784913,0.975301231
restart_random1_sample_ro_local_warmup4_payload999,116,4,3905,4087,0.488613614,0.011386386,0.999625877,0.967514340
restart_random1_sample_ro_local_warmup4_payload999,117,5,4002,3990,0.500750751,0.000750751,0.999998374,0.997835416
restart_random1_sample_ro_local_warmup4_payload999,118,6,3908,4084,0.488988989,0.011011011,0.999650140,0.968573717
restart_random1_sample_ro_local_warmup4_payload999,119,7,3971,4021,0.496871872,0.003128128,0.999971766,0.991002247
restart_random1_sample_ro_local_warmup4_payload999,120,0,3931,4061,0.491866867,0.008133133,0.999809129,0.976721556
restart_random1_sample_ro_local_warmup4_payload999,121,1,3931,4061,0.491866867,0.008133133,0.999809129,0.976721556
restart_random1_sample_ro_local_warmup4_payload999,122,2,3959,4033,0.495370370,0.004629630,0.999938155,0.986703177
restart_random1_sample_ro_local_warmup4_payload999,123,3,3988,4004,0.498998999,0.001001001,0.999997109,0.997114609
restart_random1_sample_ro_local_warmup4_payload999,124,4,3978,4014,0.497747748,0.002252252,0.999985363,0.993515966
