label,byte_phase_mod8,bit_index,samples,ones,zeros,p1,abs_bias,entropy,min_entropy
restart_reduced_xor_random1_sampler_island_local_warmup10_data_ro1_1000x125_strict_20260526.payload,0,0,16000,8130,7870,0.508125000,0.008125000,0.999809511,0.976744648
restart_reduced_xor_random1_sampler_island_local_warmup10_data_ro1_1000x125_strict_20260526.payload,0,1,16000,8050,7950,0.503125000,0.003125000,0.999971822,0.991011217
restart_reduced_xor_random1_sampler_island_local_warmup10_data_ro1_1000x125_strict_20260526.payload,0,2,16000,8056,7944,0.503500000,0.003500000,0.999964654,0.989936317
restart_reduced_xor_random1_sampler_island_local_warmup10_data_ro1_1000x125_strict_20260526.payload,0,3,16000,8071,7929,0.504437500,0.004437500,0.999943182,0.987252565
restart_reduced_xor_random1_sampler_island_local_warmup10_data_ro1_1000x125_strict_20260526.payload,0,4,16000,8164,7836,0.510250000,0.010250000,0.999696832,0.970723818
restart_reduced_xor_random1_sampler_island_local_warmup10_data_ro1_1000x125_strict_20260526.payload,0,5,16000,8369,7631,0.523062500,0.023062500,0.998464777,0.934944753
restart_reduced_xor_random1_sampler_island_local_warmup10_data_ro1_1000x125_strict_20260526.payload,0,6,16000,8426,7574,0.526625000,0.026625000,0.997953606,0.925152084
restart_reduced_xor_random1_sampler_island_local_warmup10_data_ro1_1000x125_strict_20260526.payload,0,7,16000,8374,7626,0.523375000,0.023375000,0.998422875,0.934083082
restart_reduced_xor_random1_sampler_island_local_warmup10_data_ro1_1000x125_strict_20260526.payload,1,0,16000,8260,7740,0.516250000,0.016250000,0.999237942,0.953858218
restart_reduced_xor_random1_sampler_island_local_warmup10_data_ro1_1000x125_strict_20260526.payload,1,1,16000,8219,7781,0.513687500,0.013687500,0.999459361,0.961037127
restart_reduced_xor_random1_sampler_island_local_warmup10_data_ro1_1000x125_strict_20260526.payload,1,2,16000,8112,7888,0.507000000,0.007000000,0.999858611,0.979942348
restart_reduced_xor_random1_sampler_island_local_warmup10_data_ro1_1000x125_strict_20260526.payload,1,3,16000,8066,7934,0.504125000,0.004125000,0.999950903,0.988146594
restart_reduced_xor_random1_sampler_island_local_warmup10_data_ro1_1000x125_strict_20260526.payload,1,4,16000,7989,8011,0.499312500,0.000687500,0.999998636,0.998017657
restart_reduced_xor_random1_sampler_island_local_warmup10_data_ro1_1000x125_strict_20260526.payload,1,5,16000,8056,7944,0.503500000,0.003500000,0.999964654,0.989936317
restart_reduced_xor_random1_sampler_island_local_warmup10_data_ro1_1000x125_strict_20260526.payload,1,6,16000,8070,7930,0.504375000,0.004375000,0.999944771,0.987431326
restart_reduced_xor_random1_sampler_island_local_warmup10_data_ro1_1000x125_strict_20260526.payload,1,7,16000,8159,7841,0.509937500,0.009937500,0.999715038,0.971607660
restart_reduced_xor_random1_sampler_island_local_warmup10_data_ro1_1000x125_strict_20260526.payload,2,0,16000,8476,7524,0.529750000,0.029750000,0.997444740,0.916616412
restart_reduced_xor_random1_sampler_island_local_warmup10_data_ro1_1000x125_strict_20260526.payload,2,1,16000,8398,7602,0.524875000,0.024875000,0.998213883,0.929954212
restart_reduced_xor_random1_sampler_island_local_warmup10_data_ro1_1000x125_strict_20260526.payload,2,2,16000,8413,7587,0.525812500,0.025812500,0.998076653,0.927379656
restart_reduced_xor_random1_sampler_island_local_warmup10_data_ro1_1000x125_strict_20260526.payload,2,3,16000,8362,7638,0.522625000,0.022625000,0.998522491,0.936151957
restart_reduced_xor_random1_sampler_island_local_warmup10_data_ro1_1000x125_strict_20260526.payload,2,4,16000,8309,7691,0.519312500,0.019312500,0.998923561,0.945325143
restart_reduced_xor_random1_sampler_island_local_warmup10_data_ro1_1000x125_strict_20260526.payload,2,5,16000,8202,7798,0.512625000,0.012625000,0.999540047,0.964024256
restart_reduced_xor_random1_sampler_island_local_warmup10_data_ro1_1000x125_strict_20260526.payload,2,6,16000,8320,7680,0.520000000,0.020000000,0.998845536,0.943416472
restart_reduced_xor_random1_sampler_island_local_warmup10_data_ro1_1000x125_strict_20260526.payload,2,7,16000,8265,7735,0.516562500,0.016562500,0.999208345,0.952985180
restart_reduced_xor_random1_sampler_island_local_warmup10_data_ro1_1000x125_strict_20260526.payload,3,0,16000,8362,7638,0.522625000,0.022625000,0.998522491,0.936151957
restart_reduced_xor_random1_sampler_island_local_warmup10_data_ro1_1000x125_strict_20260526.payload,3,1,16000,8267,7733,0.516687500,0.016687500,0.999196349,0.952636113
restart_reduced_xor_random1_sampler_island_local_warmup10_data_ro1_1000x125_strict_20260526.payload,3,2,16000,8339,7661,0.521187500,0.021187500,0.998704331,0.940125612
restart_reduced_xor_random1_sampler_island_local_warmup10_data_ro1_1000x125_strict_20260526.payload,3,3,16000,8339,7661,0.521187500,0.021187500,0.998704331,0.940125612
restart_reduced_xor_random1_sampler_island_local_warmup10_data_ro1_1000x125_strict_20260526.payload,3,4,16000,8379,7621,0.523687500,0.023687500,0.998380408,0.933221926
restart_reduced_xor_random1_sampler_island_local_warmup10_data_ro1_1000x125_strict_20260526.payload,3,5,16000,8398,7602,0.524875000,0.024875000,0.998213883,0.929954212
restart_reduced_xor_random1_sampler_island_local_warmup10_data_ro1_1000x125_strict_20260526.payload,3,6,16000,8410,7590,0.525625000,0.025625000,0.998104505,0.927894200
restart_reduced_xor_random1_sampler_island_local_warmup10_data_ro1_1000x125_strict_20260526.payload,3,7,16000,8451,7549,0.528187500,0.028187500,0.997706240,0.920877936
restart_reduced_xor_random1_sampler_island_local_warmup10_data_ro1_1000x125_strict_20260526.payload,4,0,16000,8233,7767,0.514562500,0.014562500,0.999388019,0.958581774
restart_reduced_xor_random1_sampler_island_local_warmup10_data_ro1_1000x125_strict_20260526.payload,4,1,16000,8269,7731,0.516812500,0.016812500,0.999184261,0.952287130
restart_reduced_xor_random1_sampler_island_local_warmup10_data_ro1_1000x125_strict_20260526.payload,4,2,16000,8334,7666,0.520875000,0.020875000,0.998742281,0.940990900
restart_reduced_xor_random1_sampler_island_local_warmup10_data_ro1_1000x125_strict_20260526.payload,4,3,16000,8290,7710,0.518125000,0.018125000,0.999051897,0.948627898
restart_reduced_xor_random1_sampler_island_local_warmup10_data_ro1_1000x125_strict_20260526.payload,4,4,16000,8371,7629,0.523187500,0.023187500,0.998448084,0.934600023
restart_reduced_xor_random1_sampler_island_local_warmup10_data_ro1_1000x125_strict_20260526.payload,4,5,16000,8394,7606,0.524625000,0.024625000,0.998249618,0.930641537
restart_reduced_xor_random1_sampler_island_local_warmup10_data_ro1_1000x125_strict_20260526.payload,4,6,16000,8346,7654,0.521625000,0.021625000,0.998650253,0.938915079
restart_reduced_xor_random1_sampler_island_local_warmup10_data_ro1_1000x125_strict_20260526.payload,4,7,16000,8371,7629,0.523187500,0.023187500,0.998448084,0.934600023
restart_reduced_xor_random1_sampler_island_local_warmup10_data_ro1_1000x125_strict_20260526.payload,5,0,15000,7801,7199,0.520066667,0.020066667,0.998837825,0.943231523
restart_reduced_xor_random1_sampler_island_local_warmup10_data_ro1_1000x125_strict_20260526.payload,5,1,15000,7934,7066,0.528933333,0.028933333,0.997583181,0.918842198
restart_reduced_xor_random1_sampler_island_local_warmup10_data_ro1_1000x125_strict_20260526.payload,5,2,15000,7863,7137,0.524200000,0.024200000,0.998309540,0.931810741
restart_reduced_xor_random1_sampler_island_local_warmup10_data_ro1_1000x125_strict_20260526.payload,5,3,15000,7776,7224,0.518400000,0.018400000,0.999022902,0.947862377
restart_reduced_xor_random1_sampler_island_local_warmup10_data_ro1_1000x125_strict_20260526.payload,5,4,15000,7790,7210,0.519333333,0.019333333,0.998921236,0.945267267
restart_reduced_xor_random1_sampler_island_local_warmup10_data_ro1_1000x125_strict_20260526.payload,5,5,15000,7796,7204,0.519733333,0.019733333,0.998876124,0.944156505
restart_reduced_xor_random1_sampler_island_local_warmup10_data_ro1_1000x125_strict_20260526.payload,5,6,15000,7723,7277,0.514866667,0.014866667,0.999362183,0.957729224
restart_reduced_xor_random1_sampler_island_local_warmup10_data_ro1_1000x125_strict_20260526.payload,5,7,15000,7753,7247,0.516866667,0.016866667,0.999178996,0.952135931
restart_reduced_xor_random1_sampler_island_local_warmup10_data_ro1_1000x125_strict_20260526.payload,6,0,15000,7812,7188,0.520800000,0.020800000,0.998751305,0.941198646
restart_reduced_xor_random1_sampler_island_local_warmup10_data_ro1_1000x125_strict_20260526.payload,6,1,15000,7795,7205,0.519666667,0.019666667,0.998883707,0.944341573
restart_reduced_xor_random1_sampler_island_local_warmup10_data_ro1_1000x125_strict_20260526.payload,6,2,15000,7815,7185,0.521000000,0.021000000,0.998727169,0.940644722
restart_reduced_xor_random1_sampler_island_local_warmup10_data_ro1_1000x125_strict_20260526.payload,6,3,15000,7849,7151,0.523266667,0.023266667,0.998437465,0.934381736
restart_reduced_xor_random1_sampler_island_local_warmup10_data_ro1_1000x125_strict_20260526.payload,6,4,15000,7900,7100,0.526666667,0.026666667,0.997947193,0.925037942
restart_reduced_xor_random1_sampler_island_local_warmup10_data_ro1_1000x125_strict_20260526.payload,6,5,15000,7894,7106,0.526266667,0.026266667,0.998008344,0.926134076
restart_reduced_xor_random1_sampler_island_local_warmup10_data_ro1_1000x125_strict_20260526.payload,6,6,15000,7973,7027,0.531533333,0.031533333,0.997129004,0.911767927
restart_reduced_xor_random1_sampler_island_local_warmup10_data_ro1_1000x125_strict_20260526.payload,6,7,15000,7818,7182,0.521200000,0.021200000,0.998702801,0.940091011
restart_reduced_xor_random1_sampler_island_local_warmup10_data_ro1_1000x125_strict_20260526.payload,7,0,15000,7808,7192,0.520533333,0.020533333,0.998783126,0.941937543
restart_reduced_xor_random1_sampler_island_local_warmup10_data_ro1_1000x125_strict_20260526.payload,7,1,15000,7886,7114,0.525733333,0.025733333,0.998088437,0.927596885
restart_reduced_xor_random1_sampler_island_local_warmup10_data_ro1_1000x125_strict_20260526.payload,7,2,15000,7833,7167,0.522200000,0.022200000,0.998577497,0.937325637
restart_reduced_xor_random1_sampler_island_local_warmup10_data_ro1_1000x125_strict_20260526.payload,7,3,15000,7877,7123,0.525133333,0.025133333,0.998176576,0.929244320
restart_reduced_xor_random1_sampler_island_local_warmup10_data_ro1_1000x125_strict_20260526.payload,7,4,15000,7846,7154,0.523066667,0.023066667,0.998464222,0.934933260
restart_reduced_xor_random1_sampler_island_local_warmup10_data_ro1_1000x125_strict_20260526.payload,7,5,15000,7864,7136,0.524266667,0.024266667,0.998300209,0.931627274
restart_reduced_xor_random1_sampler_island_local_warmup10_data_ro1_1000x125_strict_20260526.payload,7,6,15000,7849,7151,0.523266667,0.023266667,0.998437465,0.934381736
restart_reduced_xor_random1_sampler_island_local_warmup10_data_ro1_1000x125_strict_20260526.payload,7,7,15000,7791,7209,0.519400000,0.019400000,0.998913782,0.945082081
restart_reduced_xor_random1_sampler_island_local_warmup10_data_ro3_1000x125_strict_20260526.payload,0,0,16000,10588,5412,0.661750000,0.161750000,0.923134222,0.595641805
restart_reduced_xor_random1_sampler_island_local_warmup10_data_ro3_1000x125_strict_20260526.payload,0,1,16000,10853,5147,0.678312500,0.178312500,0.906207120,0.559978016
restart_reduced_xor_random1_sampler_island_local_warmup10_data_ro3_1000x125_strict_20260526.payload,0,2,16000,10809,5191,0.675562500,0.175562500,0.909141955,0.565838848
restart_reduced_xor_random1_sampler_island_local_warmup10_data_ro3_1000x125_strict_20260526.payload,0,3,16000,10773,5227,0.673312500,0.173312500,0.911506148,0.570651846
restart_reduced_xor_random1_sampler_island_local_warmup10_data_ro3_1000x125_strict_20260526.payload,0,4,16000,10760,5240,0.672500000,0.172500000,0.912351718,0.572393827
restart_reduced_xor_random1_sampler_island_local_warmup10_data_ro3_1000x125_strict_20260526.payload,0,5,16000,10718,5282,0.669875000,0.169875000,0.915054034,0.578036184
restart_reduced_xor_random1_sampler_island_local_warmup10_data_ro3_1000x125_strict_20260526.payload,0,6,16000,10549,5451,0.659312500,0.159312500,0.925475076,0.600965661
restart_reduced_xor_random1_sampler_island_local_warmup10_data_ro3_1000x125_strict_20260526.payload,0,7,16000,10788,5212,0.674250000,0.174250000,0.910525109,0.568644478
restart_reduced_xor_random1_sampler_island_local_warmup10_data_ro3_1000x125_strict_20260526.payload,1,0,16000,10811,5189,0.675687500,0.175687500,0.909009635,0.565571929
restart_reduced_xor_random1_sampler_island_local_warmup10_data_ro3_1000x125_strict_20260526.payload,1,1,16000,10707,5293,0.669187500,0.169187500,0.915754347,0.579517598
restart_reduced_xor_random1_sampler_island_local_warmup10_data_ro3_1000x125_strict_20260526.payload,1,2,16000,10609,5391,0.663062500,0.163062500,0.921857910,0.592783230
restart_reduced_xor_random1_sampler_island_local_warmup10_data_ro3_1000x125_strict_20260526.payload,1,3,16000,10848,5152,0.678000000,0.178000000,0.906543138,0.560642822
restart_reduced_xor_random1_sampler_island_local_warmup10_data_ro3_1000x125_strict_20260526.payload,1,4,16000,10788,5212,0.674250000,0.174250000,0.910525109,0.568644478
restart_reduced_xor_random1_sampler_island_local_warmup10_data_ro3_1000x125_strict_20260526.payload,1,5,16000,10717,5283,0.669812500,0.169812500,0.915117826,0.578170795
restart_reduced_xor_random1_sampler_island_local_warmup10_data_ro3_1000x125_strict_20260526.payload,1,6,16000,10827,5173,0.676687500,0.176687500,0.907947370,0.563438356
restart_reduced_xor_random1_sampler_island_local_warmup10_data_ro3_1000x125_strict_20260526.payload,1,7,16000,10779,5221,0.673687500,0.173687500,0.911114425,0.569848564
restart_reduced_xor_random1_sampler_island_local_warmup10_data_ro3_1000x125_strict_20260526.payload,2,0,16000,10783,5217,0.673937500,0.173937500,0.910852763,0.569313291
restart_reduced_xor_random1_sampler_island_local_warmup10_data_ro3_1000x125_strict_20260526.payload,2,1,16000,10792,5208,0.674500000,0.174500000,0.910262525,0.568109652
restart_reduced_xor_random1_sampler_island_local_warmup10_data_ro3_1000x125_strict_20260526.payload,2,2,16000,10796,5204,0.674750000,0.174750000,0.909999529,0.567575023
restart_reduced_xor_random1_sampler_island_local_warmup10_data_ro3_1000x125_strict_20260526.payload,2,3,16000,10652,5348,0.665750000,0.165750000,0.919209774,0.586947571
restart_reduced_xor_random1_sampler_island_local_warmup10_data_ro3_1000x125_strict_20260526.payload,2,4,16000,10772,5228,0.673250000,0.173250000,0.911571345,0.570785770
restart_reduced_xor_random1_sampler_island_local_warmup10_data_ro3_1000x125_strict_20260526.payload,2,5,16000,10814,5186,0.675875000,0.175875000,0.908810962,0.565171644
restart_reduced_xor_random1_sampler_island_local_warmup10_data_ro3_1000x125_strict_20260526.payload,2,6,16000,10855,5145,0.678437500,0.178437500,0.906072532,0.559712179
restart_reduced_xor_random1_sampler_island_local_warmup10_data_ro3_1000x125_strict_20260526.payload,2,7,16000,10693,5307,0.668312500,0.168312500,0.916641201,0.581405237
restart_reduced_xor_random1_sampler_island_local_warmup10_data_ro3_1000x125_strict_20260526.payload,3,0,16000,10747,5253,0.671687500,0.171687500,0.913192964,0.574137914
restart_reduced_xor_random1_sampler_island_local_warmup10_data_ro3_1000x125_strict_20260526.payload,3,1,16000,10889,5111,0.680562500,0.180562500,0.903768711,0.555200436
restart_reduced_xor_random1_sampler_island_local_warmup10_data_ro3_1000x125_strict_20260526.payload,3,2,16000,10811,5189,0.675687500,0.175687500,0.909009635,0.565571929
restart_reduced_xor_random1_sampler_island_local_warmup10_data_ro3_1000x125_strict_20260526.payload,3,3,16000,10760,5240,0.672500000,0.172500000,0.912351718,0.572393827
restart_reduced_xor_random1_sampler_island_local_warmup10_data_ro3_1000x125_strict_20260526.payload,3,4,16000,10743,5257,0.671437500,0.171437500,0.913450939,0.574674981
restart_reduced_xor_random1_sampler_island_local_warmup10_data_ro3_1000x125_strict_20260526.payload,3,5,16000,10635,5365,0.664687500,0.164687500,0.920262298,0.589251872
restart_reduced_xor_random1_sampler_island_local_warmup10_data_ro3_1000x125_strict_20260526.payload,3,6,16000,10776,5224,0.673500000,0.173500000,0.911310402,0.570250149
restart_reduced_xor_random1_sampler_island_local_warmup10_data_ro3_1000x125_strict_20260526.payload,3,7,16000,10899,5101,0.681187500,0.181187500,0.903085418,0.553876134
restart_reduced_xor_random1_sampler_island_local_warmup10_data_ro3_1000x125_strict_20260526.payload,4,0,16000,10818,5182,0.676125000,0.176125000,0.908545705,0.564638103
restart_reduced_xor_random1_sampler_island_local_warmup10_data_ro3_1000x125_strict_20260526.payload,4,1,16000,10641,5359,0.665062500,0.165062500,0.919891654,0.588438169
restart_reduced_xor_random1_sampler_island_local_warmup10_data_ro3_1000x125_strict_20260526.payload,4,2,16000,10780,5220,0.673750000,0.173750000,0.911049048,0.569714727
restart_reduced_xor_random1_sampler_island_local_warmup10_data_ro3_1000x125_strict_20260526.payload,4,3,16000,10793,5207,0.674562500,0.174562500,0.910196814,0.567975976
restart_reduced_xor_random1_sampler_island_local_warmup10_data_ro3_1000x125_strict_20260526.payload,4,4,16000,10769,5231,0.673062500,0.173062500,0.911766784,0.571187616
restart_reduced_xor_random1_sampler_island_local_warmup10_data_ro3_1000x125_strict_20260526.payload,4,5,16000,10810,5190,0.675625000,0.175625000,0.909075808,0.565705382
restart_reduced_xor_random1_sampler_island_local_warmup10_data_ro3_1000x125_strict_20260526.payload,4,6,16000,10774,5226,0.673375000,0.173375000,0.911440925,0.570517935
restart_reduced_xor_random1_sampler_island_local_warmup10_data_ro3_1000x125_strict_20260526.payload,4,7,16000,10722,5278,0.670125000,0.170125000,0.914798610,0.577497865
restart_reduced_xor_random1_sampler_island_local_warmup10_data_ro3_1000x125_strict_20260526.payload,5,0,15000,10133,4867,0.675533333,0.175533333,0.909172815,0.565901136
restart_reduced_xor_random1_sampler_island_local_warmup10_data_ro3_1000x125_strict_20260526.payload,5,1,15000,10010,4990,0.667333333,0.167333333,0.917627724,0.583520527
restart_reduced_xor_random1_sampler_island_local_warmup10_data_ro3_1000x125_strict_20260526.payload,5,2,15000,10065,4935,0.671000000,0.171000000,0.913901413,0.575615328
restart_reduced_xor_random1_sampler_island_local_warmup10_data_ro3_1000x125_strict_20260526.payload,5,3,15000,9918,5082,0.661200000,0.161200000,0.923665756,0.596841370
restart_reduced_xor_random1_sampler_island_local_warmup10_data_ro3_1000x125_strict_20260526.payload,5,4,15000,10094,4906,0.672933333,0.172933333,0.911901286,0.571464509
restart_reduced_xor_random1_sampler_island_local_warmup10_data_ro3_1000x125_strict_20260526.payload,5,5,15000,10113,4887,0.674200000,0.174200000,0.910577577,0.568751468
restart_reduced_xor_random1_sampler_island_local_warmup10_data_ro3_1000x125_strict_20260526.payload,5,6,15000,10063,4937,0.670866667,0.170866667,0.914038452,0.575902033
restart_reduced_xor_random1_sampler_island_local_warmup10_data_ro3_1000x125_strict_20260526.payload,5,7,15000,10014,4986,0.667600000,0.167600000,0.917359672,0.582944140
restart_reduced_xor_random1_sampler_island_local_warmup10_data_ro3_1000x125_strict_20260526.payload,6,0,15000,10102,4898,0.673466667,0.173466667,0.911345218,0.570321554
restart_reduced_xor_random1_sampler_island_local_warmup10_data_ro3_1000x125_strict_20260526.payload,6,1,15000,10124,4876,0.674933333,0.174933333,0.909806404,0.567183088
restart_reduced_xor_random1_sampler_island_local_warmup10_data_ro3_1000x125_strict_20260526.payload,6,2,15000,10120,4880,0.674666667,0.174666667,0.910087240,0.567753211
restart_reduced_xor_random1_sampler_island_local_warmup10_data_ro3_1000x125_strict_20260526.payload,6,3,15000,10039,4961,0.669266667,0.169266667,0.915673862,0.579346933
restart_reduced_xor_random1_sampler_island_local_warmup10_data_ro3_1000x125_strict_20260526.payload,6,4,15000,10080,4920,0.672000000,0.172000000,0.912869919,0.573466862
restart_reduced_xor_random1_sampler_island_local_warmup10_data_ro3_1000x125_strict_20260526.payload,6,5,15000,9998,5002,0.666533333,0.166533333,0.918429110,0.585251069
restart_reduced_xor_random1_sampler_island_local_warmup10_data_ro3_1000x125_strict_20260526.payload,6,6,15000,9961,5039,0.664066667,0.164066667,0.920873919,0.590600012
restart_reduced_xor_random1_sampler_island_local_warmup10_data_ro3_1000x125_strict_20260526.payload,6,7,15000,10096,4904,0.673066667,0.173066667,0.911762444,0.571178685
restart_reduced_xor_random1_sampler_island_local_warmup10_data_ro3_1000x125_strict_20260526.payload,7,0,15000,10055,4945,0.670333333,0.170333333,0.914585445,0.577049419
restart_reduced_xor_random1_sampler_island_local_warmup10_data_ro3_1000x125_strict_20260526.payload,7,1,15000,10001,4999,0.666733333,0.166733333,0.918229153,0.584818238
restart_reduced_xor_random1_sampler_island_local_warmup10_data_ro3_1000x125_strict_20260526.payload,7,2,15000,10043,4957,0.669533333,0.169533333,0.915402453,0.578772212
restart_reduced_xor_random1_sampler_island_local_warmup10_data_ro3_1000x125_strict_20260526.payload,7,3,15000,10125,4875,0.675000000,0.175000000,0.909736123,0.567040593
restart_reduced_xor_random1_sampler_island_local_warmup10_data_ro3_1000x125_strict_20260526.payload,7,4,15000,10097,4903,0.673133333,0.173133333,0.911692979,0.571035795
restart_reduced_xor_random1_sampler_island_local_warmup10_data_ro3_1000x125_strict_20260526.payload,7,5,15000,10066,4934,0.671066667,0.171066667,0.913832851,0.575471998
restart_reduced_xor_random1_sampler_island_local_warmup10_data_ro3_1000x125_strict_20260526.payload,7,6,15000,10059,4941,0.670600000,0.170600000,0.914312181,0.576475612
restart_reduced_xor_random1_sampler_island_local_warmup10_data_ro3_1000x125_strict_20260526.payload,7,7,15000,10009,4991,0.667266667,0.167266667,0.917694665,0.583664659
restart_reduced_xor_random1_sampler_island_local_warmup10_data_ro4_1000x125_strict_20260526.payload,0,0,16000,6902,9098,0.431375000,0.068625000,0.986368584,0.814450565
restart_reduced_xor_random1_sampler_island_local_warmup10_data_ro4_1000x125_strict_20260526.payload,0,1,16000,6706,9294,0.419125000,0.080875000,0.981044172,0.783700355
restart_reduced_xor_random1_sampler_island_local_warmup10_data_ro4_1000x125_strict_20260526.payload,0,2,16000,6590,9410,0.411875000,0.088125000,0.977474536,0.765805277
restart_reduced_xor_random1_sampler_island_local_warmup10_data_ro4_1000x125_strict_20260526.payload,0,3,16000,6672,9328,0.417000000,0.083000000,0.980030236,0.778432211
restart_reduced_xor_random1_sampler_island_local_warmup10_data_ro4_1000x125_strict_20260526.payload,0,4,16000,6833,9167,0.427062500,0.072937500,0.984595166,0.803550327
restart_reduced_xor_random1_sampler_island_local_warmup10_data_ro4_1000x125_strict_20260526.payload,0,5,16000,7039,8961,0.439937500,0.060062500,0.989565765,0.836340262
restart_reduced_xor_random1_sampler_island_local_warmup10_data_ro4_1000x125_strict_20260526.payload,0,6,16000,6904,9096,0.431500000,0.068500000,0.986418355,0.814767746
restart_reduced_xor_random1_sampler_island_local_warmup10_data_ro4_1000x125_strict_20260526.payload,0,7,16000,6766,9234,0.422875000,0.077125000,0.982768217,0.793044268
restart_reduced_xor_random1_sampler_island_local_warmup10_data_ro4_1000x125_strict_20260526.payload,1,0,16000,6840,9160,0.427500000,0.072500000,0.984780071,0.804652402
restart_reduced_xor_random1_sampler_island_local_warmup10_data_ro4_1000x125_strict_20260526.payload,1,1,16000,7008,8992,0.438000000,0.062000000,0.988879961,0.831357964
restart_reduced_xor_random1_sampler_island_local_warmup10_data_ro4_1000x125_strict_20260526.payload,1,2,16000,7048,8952,0.440500000,0.059500000,0.989760751,0.837789964
restart_reduced_xor_random1_sampler_island_local_warmup10_data_ro4_1000x125_strict_20260526.payload,1,3,16000,6767,9233,0.422937500,0.077062500,0.982796246,0.793200513
restart_reduced_xor_random1_sampler_island_local_warmup10_data_ro4_1000x125_strict_20260526.payload,1,4,16000,6648,9352,0.415500000,0.084500000,0.979298385,0.774725070
restart_reduced_xor_random1_sampler_island_local_warmup10_data_ro4_1000x125_strict_20260526.payload,1,5,16000,6613,9387,0.413312500,0.086687500,0.978207139,0.769335841
restart_reduced_xor_random1_sampler_island_local_warmup10_data_ro4_1000x125_strict_20260526.payload,1,6,16000,6729,9271,0.420562500,0.079437500,0.981714894,0.787275039
restart_reduced_xor_random1_sampler_island_local_warmup10_data_ro4_1000x125_strict_20260526.payload,1,7,16000,7052,8948,0.440750000,0.059250000,0.989846817,0.838434744
restart_reduced_xor_random1_sampler_island_local_warmup10_data_ro4_1000x125_strict_20260526.payload,2,0,16000,6657,9343,0.416062500,0.083937500,0.979574394,0.776114132
restart_reduced_xor_random1_sampler_island_local_warmup10_data_ro4_1000x125_strict_20260526.payload,2,1,16000,6669,9331,0.416812500,0.083187500,0.979939485,0.777968298
restart_reduced_xor_random1_sampler_island_local_warmup10_data_ro4_1000x125_strict_20260526.payload,2,2,16000,6675,9325,0.417187500,0.082812500,0.980120778,0.778896275
restart_reduced_xor_random1_sampler_island_local_warmup10_data_ro4_1000x125_strict_20260526.payload,2,3,16000,6963,9037,0.435187500,0.064812500,0.987845284,0.824156077
restart_reduced_xor_random1_sampler_island_local_warmup10_data_ro4_1000x125_strict_20260526.payload,2,4,16000,6839,9161,0.427437500,0.072562500,0.984753725,0.804494911
restart_reduced_xor_random1_sampler_island_local_warmup10_data_ro4_1000x125_strict_20260526.payload,2,5,16000,6667,9333,0.416687500,0.083312500,0.979878868,0.777659104
restart_reduced_xor_random1_sampler_island_local_warmup10_data_ro4_1000x125_strict_20260526.payload,2,6,16000,6594,9406,0.412125000,0.087875000,0.977602829,0.766418668
restart_reduced_xor_random1_sampler_island_local_warmup10_data_ro4_1000x125_strict_20260526.payload,2,7,16000,6613,9387,0.413312500,0.086687500,0.978207139,0.769335841
restart_reduced_xor_random1_sampler_island_local_warmup10_data_ro4_1000x125_strict_20260526.payload,3,0,16000,6812,9188,0.425750000,0.074250000,0.984033677,0.800249143
restart_reduced_xor_random1_sampler_island_local_warmup10_data_ro4_1000x125_strict_20260526.payload,3,1,16000,6814,9186,0.425875000,0.074125000,0.984087590,0.800563216
restart_reduced_xor_random1_sampler_island_local_warmup10_data_ro4_1000x125_strict_20260526.payload,3,2,16000,6594,9406,0.412125000,0.087875000,0.977602829,0.766418668
restart_reduced_xor_random1_sampler_island_local_warmup10_data_ro4_1000x125_strict_20260526.payload,3,3,16000,6730,9270,0.420625000,0.079375000,0.981743778,0.787430661
restart_reduced_xor_random1_sampler_island_local_warmup10_data_ro4_1000x125_strict_20260526.payload,3,4,16000,6771,9229,0.423187500,0.076812500,0.982908132,0.793825666
restart_reduced_xor_random1_sampler_island_local_warmup10_data_ro4_1000x125_strict_20260526.payload,3,5,16000,6936,9064,0.433500000,0.066500000,0.987202197,0.819852139
restart_reduced_xor_random1_sampler_island_local_warmup10_data_ro4_1000x125_strict_20260526.payload,3,6,16000,6916,9084,0.432250000,0.067750000,0.986715051,0.816672294
restart_reduced_xor_random1_sampler_island_local_warmup10_data_ro4_1000x125_strict_20260526.payload,3,7,16000,6868,9132,0.429250000,0.070750000,0.985508413,0.809069140
restart_reduced_xor_random1_sampler_island_local_warmup10_data_ro4_1000x125_strict_20260526.payload,4,0,16000,6784,9216,0.424000000,0.076000000,0.983269211,0.795859283
restart_reduced_xor_random1_sampler_island_local_warmup10_data_ro4_1000x125_strict_20260526.payload,4,1,16000,6883,9117,0.430187500,0.069812500,0.985891176,0.811440824
restart_reduced_xor_random1_sampler_island_local_warmup10_data_ro4_1000x125_strict_20260526.payload,4,2,16000,6887,9113,0.430437500,0.069562500,0.985992372,0.812073933
restart_reduced_xor_random1_sampler_island_local_warmup10_data_ro4_1000x125_strict_20260526.payload,4,3,16000,6929,9071,0.433062500,0.066937500,0.987032740,0.818738396
restart_reduced_xor_random1_sampler_island_local_warmup10_data_ro4_1000x125_strict_20260526.payload,4,4,16000,6738,9262,0.421125000,0.078875000,0.981974020,0.788676243
restart_reduced_xor_random1_sampler_island_local_warmup10_data_ro4_1000x125_strict_20260526.payload,4,5,16000,6615,9385,0.413437500,0.086562500,0.978270262,0.769643255
restart_reduced_xor_random1_sampler_island_local_warmup10_data_ro4_1000x125_strict_20260526.payload,4,6,16000,6724,9276,0.420250000,0.079750000,0.981570126,0.786497180
restart_reduced_xor_random1_sampler_island_local_warmup10_data_ro4_1000x125_strict_20260526.payload,4,7,16000,6860,9140,0.428750000,0.071250000,0.985302156,0.807805835
restart_reduced_xor_random1_sampler_island_local_warmup10_data_ro4_1000x125_strict_20260526.payload,5,0,15000,6304,8696,0.420266667,0.079733333,0.981577861,0.786538655
restart_reduced_xor_random1_sampler_island_local_warmup10_data_ro4_1000x125_strict_20260526.payload,5,1,15000,6274,8726,0.418266667,0.081733333,0.980637845,0.781570122
restart_reduced_xor_random1_sampler_island_local_warmup10_data_ro4_1000x125_strict_20260526.payload,5,2,15000,6225,8775,0.415000000,0.085000000,0.979051465,0.773491470
restart_reduced_xor_random1_sampler_island_local_warmup10_data_ro4_1000x125_strict_20260526.payload,5,3,15000,6461,8539,0.430733333,0.069266667,0.986111647,0.812823469
restart_reduced_xor_random1_sampler_island_local_warmup10_data_ro4_1000x125_strict_20260526.payload,5,4,15000,6391,8609,0.426066667,0.073933333,0.984170077,0.801044928
restart_reduced_xor_random1_sampler_island_local_warmup10_data_ro4_1000x125_strict_20260526.payload,5,5,15000,6451,8549,0.430066667,0.069933333,0.985842132,0.811134922
restart_reduced_xor_random1_sampler_island_local_warmup10_data_ro4_1000x125_strict_20260526.payload,5,6,15000,6278,8722,0.418533333,0.081466667,0.980764550,0.782231605
restart_reduced_xor_random1_sampler_island_local_warmup10_data_ro4_1000x125_strict_20260526.payload,5,7,15000,6196,8804,0.413066667,0.086933333,0.978082725,0.768731450
restart_reduced_xor_random1_sampler_island_local_warmup10_data_ro4_1000x125_strict_20260526.payload,6,0,15000,6409,8591,0.427266667,0.072733333,0.984681595,0.804064523
restart_reduced_xor_random1_sampler_island_local_warmup10_data_ro4_1000x125_strict_20260526.payload,6,1,15000,6408,8592,0.427200000,0.072800000,0.984653400,0.803896602
restart_reduced_xor_random1_sampler_island_local_warmup10_data_ro4_1000x125_strict_20260526.payload,6,2,15000,6336,8664,0.422400000,0.077600000,0.982554440,0.791857353
restart_reduced_xor_random1_sampler_island_local_warmup10_data_ro4_1000x125_strict_20260526.payload,6,3,15000,6293,8707,0.419533333,0.080466667,0.981235940,0.784714872
restart_reduced_xor_random1_sampler_island_local_warmup10_data_ro4_1000x125_strict_20260526.payload,6,4,15000,6350,8650,0.423333333,0.076666667,0.982973228,0.794190463
restart_reduced_xor_random1_sampler_island_local_warmup10_data_ro4_1000x125_strict_20260526.payload,6,5,15000,6518,8482,0.434533333,0.065466667,0.987597973,0.822486113
restart_reduced_xor_random1_sampler_island_local_warmup10_data_ro4_1000x125_strict_20260526.payload,6,6,15000,6459,8541,0.430600000,0.069400000,0.986057953,0.812485602
restart_reduced_xor_random1_sampler_island_local_warmup10_data_ro4_1000x125_strict_20260526.payload,6,7,15000,6466,8534,0.431066667,0.068933333,0.986245423,0.813668485
restart_reduced_xor_random1_sampler_island_local_warmup10_data_ro4_1000x125_strict_20260526.payload,7,0,15000,6376,8624,0.425066667,0.074933333,0.983737323,0.798533418
restart_reduced_xor_random1_sampler_island_local_warmup10_data_ro4_1000x125_strict_20260526.payload,7,1,15000,6436,8564,0.429066667,0.070933333,0.985432956,0.808605800
restart_reduced_xor_random1_sampler_island_local_warmup10_data_ro4_1000x125_strict_20260526.payload,7,2,15000,6496,8504,0.433066667,0.066933333,0.987034359,0.818748999
restart_reduced_xor_random1_sampler_island_local_warmup10_data_ro4_1000x125_strict_20260526.payload,7,3,15000,6456,8544,0.430400000,0.069600000,0.985977216,0.811978949
restart_reduced_xor_random1_sampler_island_local_warmup10_data_ro4_1000x125_strict_20260526.payload,7,4,15000,6306,8694,0.420400000,0.079600000,0.981639687,0.786870500
restart_reduced_xor_random1_sampler_island_local_warmup10_data_ro4_1000x125_strict_20260526.payload,7,5,15000,6278,8722,0.418533333,0.081466667,0.980764550,0.782231605
restart_reduced_xor_random1_sampler_island_local_warmup10_data_ro4_1000x125_strict_20260526.payload,7,6,15000,6409,8591,0.427266667,0.072733333,0.984681595,0.804064523
restart_reduced_xor_random1_sampler_island_local_warmup10_data_ro4_1000x125_strict_20260526.payload,7,7,15000,6408,8592,0.427200000,0.072800000,0.984653400,0.803896602
restart_reduced_xor_random1_sampler_island_local_warmup10_data_ro5_1000x125_strict_20260526.payload,0,0,16000,6407,9593,0.400437500,0.099562500,0.971205940,0.738017943
restart_reduced_xor_random1_sampler_island_local_warmup10_data_ro5_1000x125_strict_20260526.payload,0,1,16000,6474,9526,0.404625000,0.095375000,0.973591836,0.748129451
restart_reduced_xor_random1_sampler_island_local_warmup10_data_ro5_1000x125_strict_20260526.payload,0,2,16000,6572,9428,0.410750000,0.089250000,0.976892610,0.763048241
restart_reduced_xor_random1_sampler_island_local_warmup10_data_ro5_1000x125_strict_20260526.payload,0,3,16000,6773,9227,0.423312500,0.076687500,0.982963937,0.794138343
restart_reduced_xor_random1_sampler_island_local_warmup10_data_ro5_1000x125_strict_20260526.payload,0,4,16000,6712,9288,0.419500000,0.080500000,0.981220323,0.784632028
restart_reduced_xor_random1_sampler_island_local_warmup10_data_ro5_1000x125_strict_20260526.payload,0,5,16000,6555,9445,0.409687500,0.090312500,0.976336087,0.760449203
restart_reduced_xor_random1_sampler_island_local_warmup10_data_ro5_1000x125_strict_20260526.payload,0,6,16000,6384,9616,0.399000000,0.101000000,0.970362626,0.734563104
restart_reduced_xor_random1_sampler_island_local_warmup10_data_ro5_1000x125_strict_20260526.payload,0,7,16000,6323,9677,0.395187500,0.104812500,0.968065758,0.725440138
restart_reduced_xor_random1_sampler_island_local_warmup10_data_ro5_1000x125_strict_20260526.payload,1,0,16000,6845,9155,0.427812500,0.072187500,0.984911455,0.805440114
restart_reduced_xor_random1_sampler_island_local_warmup10_data_ro5_1000x125_strict_20260526.payload,1,1,16000,6611,9389,0.413187500,0.086812500,0.978143923,0.769028492
restart_reduced_xor_random1_sampler_island_local_warmup10_data_ro5_1000x125_strict_20260526.payload,1,2,16000,6391,9609,0.399437500,0.100562500,0.970620602,0.735613701
restart_reduced_xor_random1_sampler_island_local_warmup10_data_ro5_1000x125_strict_20260526.payload,1,3,16000,6289,9711,0.393062500,0.106937500,0.966747476,0.720380134
restart_reduced_xor_random1_sampler_island_local_warmup10_data_ro5_1000x125_strict_20260526.payload,1,4,16000,6472,9528,0.404500000,0.095500000,0.973522137,0.747826587
restart_reduced_xor_random1_sampler_island_local_warmup10_data_ro5_1000x125_strict_20260526.payload,1,5,16000,6642,9358,0.415125000,0.084875000,0.979113334,0.773799771
restart_reduced_xor_random1_sampler_island_local_warmup10_data_ro5_1000x125_strict_20260526.payload,1,6,16000,6708,9292,0.419250000,0.080750000,0.981102981,0.784010846
restart_reduced_xor_random1_sampler_island_local_warmup10_data_ro5_1000x125_strict_20260526.payload,1,7,16000,6608,9392,0.413000000,0.087000000,0.978048924,0.768567592
restart_reduced_xor_random1_sampler_island_local_warmup10_data_ro5_1000x125_strict_20260526.payload,2,0,16000,6405,9595,0.400312500,0.099687500,0.971133102,0.737717194
restart_reduced_xor_random1_sampler_island_local_warmup10_data_ro5_1000x125_strict_20260526.payload,2,1,16000,6552,9448,0.409500000,0.090500000,0.976237178,0.759991035
restart_reduced_xor_random1_sampler_island_local_warmup10_data_ro5_1000x125_strict_20260526.payload,2,2,16000,6691,9309,0.418187500,0.081812500,0.980600148,0.781373802
restart_reduced_xor_random1_sampler_island_local_warmup10_data_ro5_1000x125_strict_20260526.payload,2,3,16000,6657,9343,0.416062500,0.083937500,0.979574394,0.776114132
restart_reduced_xor_random1_sampler_island_local_warmup10_data_ro5_1000x125_strict_20260526.payload,2,4,16000,6496,9504,0.406000000,0.094000000,0.974352345,0.751465164
restart_reduced_xor_random1_sampler_island_local_warmup10_data_ro5_1000x125_strict_20260526.payload,2,5,16000,6457,9543,0.403562500,0.096437500,0.972996415,0.745557127
restart_reduced_xor_random1_sampler_island_local_warmup10_data_ro5_1000x125_strict_20260526.payload,2,6,16000,6507,9493,0.406687500,0.093312500,0.974728357,0.753135917
restart_reduced_xor_random1_sampler_island_local_warmup10_data_ro5_1000x125_strict_20260526.payload,2,7,16000,6752,9248,0.422000000,0.078000000,0.982373383,0.790858602
restart_reduced_xor_random1_sampler_island_local_warmup10_data_ro5_1000x125_strict_20260526.payload,3,0,16000,6631,9369,0.414437500,0.085562500,0.978771904,0.772104930
restart_reduced_xor_random1_sampler_island_local_warmup10_data_ro5_1000x125_strict_20260526.payload,3,1,16000,6452,9548,0.403250000,0.096750000,0.972820004,0.744801434
restart_reduced_xor_random1_sampler_island_local_warmup10_data_ro5_1000x125_strict_20260526.payload,3,2,16000,6376,9624,0.398500000,0.101500000,0.970066385,0.733363357
restart_reduced_xor_random1_sampler_island_local_warmup10_data_ro5_1000x125_strict_20260526.payload,3,3,16000,6561,9439,0.410062500,0.089937500,0.976533275,0.761365976
restart_reduced_xor_random1_sampler_island_local_warmup10_data_ro5_1000x125_strict_20260526.payload,3,4,16000,6634,9366,0.414625000,0.085375000,0.978865300,0.772566962
restart_reduced_xor_random1_sampler_island_local_warmup10_data_ro5_1000x125_strict_20260526.payload,3,5,16000,6755,9245,0.422187500,0.077812500,0.982458371,0.791326680
restart_reduced_xor_random1_sampler_island_local_warmup10_data_ro5_1000x125_strict_20260526.payload,3,6,16000,6547,9453,0.409187500,0.090812500,0.976071863,0.759227745
restart_reduced_xor_random1_sampler_island_local_warmup10_data_ro5_1000x125_strict_20260526.payload,3,7,16000,6422,9578,0.401375000,0.098625000,0.971749238,0.740275564
restart_reduced_xor_random1_sampler_island_local_warmup10_data_ro5_1000x125_strict_20260526.payload,4,0,16000,6592,9408,0.412000000,0.088000000,0.977538729,0.766111940
restart_reduced_xor_random1_sampler_island_local_warmup10_data_ro5_1000x125_strict_20260526.payload,4,1,16000,6776,9224,0.423500000,0.076500000,0.983047470,0.794607487
restart_reduced_xor_random1_sampler_island_local_warmup10_data_ro5_1000x125_strict_20260526.payload,4,2,16000,6636,9364,0.414750000,0.085250000,0.978927448,0.772875066
restart_reduced_xor_random1_sampler_island_local_warmup10_data_ro5_1000x125_strict_20260526.payload,4,3,16000,6440,9560,0.402500000,0.097500000,0.972394229,0.742989382
restart_reduced_xor_random1_sampler_island_local_warmup10_data_ro5_1000x125_strict_20260526.payload,4,4,16000,6339,9661,0.396187500,0.103812500,0.968676691,0.727827471
restart_reduced_xor_random1_sampler_island_local_warmup10_data_ro5_1000x125_strict_20260526.payload,4,5,16000,6554,9446,0.409625000,0.090375000,0.976303140,0.760296465
restart_reduced_xor_random1_sampler_island_local_warmup10_data_ro5_1000x125_strict_20260526.payload,4,6,16000,6708,9292,0.419250000,0.080750000,0.981102981,0.784010846
restart_reduced_xor_random1_sampler_island_local_warmup10_data_ro5_1000x125_strict_20260526.payload,4,7,16000,6645,9355,0.415312500,0.084687500,0.979205964,0.774262347
restart_reduced_xor_random1_sampler_island_local_warmup10_data_ro5_1000x125_strict_20260526.payload,5,0,15000,5970,9030,0.398000000,0.102000000,0.969768640,0.732164608
restart_reduced_xor_random1_sampler_island_local_warmup10_data_ro5_1000x125_strict_20260526.payload,5,1,15000,5997,9003,0.399800000,0.100200000,0.970833482,0.736484776
restart_reduced_xor_random1_sampler_island_local_warmup10_data_ro5_1000x125_strict_20260526.payload,5,2,15000,6076,8924,0.405066667,0.094933333,0.973837354,0.749200082
restart_reduced_xor_random1_sampler_island_local_warmup10_data_ro5_1000x125_strict_20260526.payload,5,3,15000,6256,8744,0.417066667,0.082933333,0.980062453,0.778597195
restart_reduced_xor_random1_sampler_island_local_warmup10_data_ro5_1000x125_strict_20260526.payload,5,4,15000,6221,8779,0.414733333,0.085266667,0.978919167,0.772833981
restart_reduced_xor_random1_sampler_island_local_warmup10_data_ro5_1000x125_strict_20260526.payload,5,5,15000,6150,8850,0.410000000,0.090000000,0.976500469,0.761213140
restart_reduced_xor_random1_sampler_island_local_warmup10_data_ro5_1000x125_strict_20260526.payload,5,6,15000,5963,9037,0.397533333,0.102466667,0.969489387,0.731046673
restart_reduced_xor_random1_sampler_island_local_warmup10_data_ro5_1000x125_strict_20260526.payload,5,7,15000,6100,8900,0.406666667,0.093333333,0.974717004,0.753085260
restart_reduced_xor_random1_sampler_island_local_warmup10_data_ro5_1000x125_strict_20260526.payload,6,0,15000,6276,8724,0.418400000,0.081600000,0.980701250,0.781900826
restart_reduced_xor_random1_sampler_island_local_warmup10_data_ro5_1000x125_strict_20260526.payload,6,1,15000,6187,8813,0.412466667,0.087533333,0.977777560,0.767257390
restart_reduced_xor_random1_sampler_island_local_warmup10_data_ro5_1000x125_strict_20260526.payload,6,2,15000,5959,9041,0.397266667,0.102733333,0.969329224,0.730408242
restart_reduced_xor_random1_sampler_island_local_warmup10_data_ro5_1000x125_strict_20260526.payload,6,3,15000,6007,8993,0.400466667,0.099533333,0.971222922,0.738088127
restart_reduced_xor_random1_sampler_island_local_warmup10_data_ro5_1000x125_strict_20260526.payload,6,4,15000,6184,8816,0.412266667,0.087733333,0.977675363,0.766766372
restart_reduced_xor_random1_sampler_island_local_warmup10_data_ro5_1000x125_strict_20260526.payload,6,5,15000,6356,8644,0.423733333,0.076266667,0.983151133,0.795191523
restart_reduced_xor_random1_sampler_island_local_warmup10_data_ro5_1000x125_strict_20260526.payload,6,6,15000,6296,8704,0.419733333,0.080266667,0.981329507,0.785212039
restart_reduced_xor_random1_sampler_island_local_warmup10_data_ro5_1000x125_strict_20260526.payload,6,7,15000,6082,8918,0.405466667,0.094533333,0.974058703,0.750170396
restart_reduced_xor_random1_sampler_island_local_warmup10_data_ro5_1000x125_strict_20260526.payload,7,0,15000,6030,8970,0.402000000,0.098000000,0.972108504,0.741782610
restart_reduced_xor_random1_sampler_island_local_warmup10_data_ro5_1000x125_strict_20260526.payload,7,1,15000,6241,8759,0.416066667,0.083933333,0.979576432,0.776124426
restart_reduced_xor_random1_sampler_island_local_warmup10_data_ro5_1000x125_strict_20260526.payload,7,2,15000,6238,8762,0.415866667,0.084133333,0.979478515,0.775630381
restart_reduced_xor_random1_sampler_island_local_warmup10_data_ro5_1000x125_strict_20260526.payload,7,3,15000,6242,8758,0.416133333,0.083866667,0.979609018,0.776289146
restart_reduced_xor_random1_sampler_island_local_warmup10_data_ro5_1000x125_strict_20260526.payload,7,4,15000,6058,8942,0.403866667,0.096133333,0.973167560,0.746293050
restart_reduced_xor_random1_sampler_island_local_warmup10_data_ro5_1000x125_strict_20260526.payload,7,5,15000,5957,9043,0.397133333,0.102866667,0.969248983,0.730089132
restart_reduced_xor_random1_sampler_island_local_warmup10_data_ro5_1000x125_strict_20260526.payload,7,6,15000,6014,8986,0.400933333,0.099066667,0.971493942,0.739211534
restart_reduced_xor_random1_sampler_island_local_warmup10_data_ro5_1000x125_strict_20260526.payload,7,7,15000,6243,8757,0.416200000,0.083800000,0.979641578,0.776453884
restart_reduced_xor_random1_sampler_island_local_warmup10_data_ro6_1000x125_strict_20260526.payload,0,0,16000,5770,10230,0.360625000,0.139375000,0.943200763,0.645265760
restart_reduced_xor_random1_sampler_island_local_warmup10_data_ro6_1000x125_strict_20260526.payload,0,1,16000,5794,10206,0.362125000,0.137875000,0.944432973,0.648654358
restart_reduced_xor_random1_sampler_island_local_warmup10_data_ro6_1000x125_strict_20260526.payload,0,2,16000,5713,10287,0.357062500,0.142937500,0.940217796,0.637249595
restart_reduced_xor_random1_sampler_island_local_warmup10_data_ro6_1000x125_strict_20260526.payload,0,3,16000,5804,10196,0.362750000,0.137250000,0.944942245,0.650068627
restart_reduced_xor_random1_sampler_island_local_warmup10_data_ro6_1000x125_strict_20260526.payload,0,4,16000,5829,10171,0.364312500,0.135687500,0.946204762,0.653610375
restart_reduced_xor_random1_sampler_island_local_warmup10_data_ro6_1000x125_strict_20260526.payload,0,5,16000,5753,10247,0.359562500,0.140437500,0.942319432,0.642870309
restart_reduced_xor_random1_sampler_island_local_warmup10_data_ro6_1000x125_strict_20260526.payload,0,6,16000,5833,10167,0.364562500,0.135437500,0.946405353,0.654177862
restart_reduced_xor_random1_sampler_island_local_warmup10_data_ro6_1000x125_strict_20260526.payload,0,7,16000,6045,9955,0.377812500,0.122187500,0.956482397,0.684578684
restart_reduced_xor_random1_sampler_island_local_warmup10_data_ro6_1000x125_strict_20260526.payload,1,0,16000,6272,9728,0.392000000,0.108000000,0.966078098,0.717856771
restart_reduced_xor_random1_sampler_island_local_warmup10_data_ro6_1000x125_strict_20260526.payload,1,1,16000,6245,9755,0.390312500,0.109687500,0.965000920,0.713858127
restart_reduced_xor_random1_sampler_island_local_warmup10_data_ro6_1000x125_strict_20260526.payload,1,2,16000,6264,9736,0.391500000,0.108500000,0.965760732,0.716670832
restart_reduced_xor_random1_sampler_island_local_warmup10_data_ro6_1000x125_strict_20260526.payload,1,3,16000,6078,9922,0.379875000,0.120125000,0.957953691,0.689369043
restart_reduced_xor_random1_sampler_island_local_warmup10_data_ro6_1000x125_strict_20260526.payload,1,4,16000,6055,9945,0.378437500,0.121562500,0.956930998,0.686028629
restart_reduced_xor_random1_sampler_island_local_warmup10_data_ro6_1000x125_strict_20260526.payload,1,5,16000,5951,10049,0.371937500,0.128062500,0.952148148,0.671019963
restart_reduced_xor_random1_sampler_island_local_warmup10_data_ro6_1000x125_strict_20260526.payload,1,6,16000,5996,10004,0.374750000,0.125250000,0.954249569,0.677494942
restart_reduced_xor_random1_sampler_island_local_warmup10_data_ro6_1000x125_strict_20260526.payload,1,7,16000,5806,10194,0.362875000,0.137125000,0.945043806,0.650351647
restart_reduced_xor_random1_sampler_island_local_warmup10_data_ro6_1000x125_strict_20260526.payload,2,0,16000,5897,10103,0.368562500,0.131437500,0.949561944,0.663288152
restart_reduced_xor_random1_sampler_island_local_warmup10_data_ro6_1000x125_strict_20260526.payload,2,1,16000,5880,10120,0.367500000,0.132500000,0.948733167,0.660862615
restart_reduced_xor_random1_sampler_island_local_warmup10_data_ro6_1000x125_strict_20260526.payload,2,2,16000,6003,9997,0.375187500,0.124812500,0.954572076,0.678504779
restart_reduced_xor_random1_sampler_island_local_warmup10_data_ro6_1000x125_strict_20260526.payload,2,3,16000,5980,10020,0.373750000,0.126250000,0.953507985,0.675189397
restart_reduced_xor_random1_sampler_island_local_warmup10_data_ro6_1000x125_strict_20260526.payload,2,4,16000,6157,9843,0.384812500,0.115187500,0.961370145,0.700901905
restart_reduced_xor_random1_sampler_island_local_warmup10_data_ro6_1000x125_strict_20260526.payload,2,5,16000,6085,9915,0.380312500,0.119687500,0.958262432,0.690387228
restart_reduced_xor_random1_sampler_island_local_warmup10_data_ro6_1000x125_strict_20260526.payload,2,6,16000,6381,9619,0.398812500,0.101187500,0.970251712,0.734113082
restart_reduced_xor_random1_sampler_island_local_warmup10_data_ro6_1000x125_strict_20260526.payload,2,7,16000,6182,9818,0.386375000,0.113625000,0.962420319,0.704570833
restart_reduced_xor_random1_sampler_island_local_warmup10_data_ro6_1000x125_strict_20260526.payload,3,0,16000,5985,10015,0.374062500,0.125937500,0.953740392,0.675909484
restart_reduced_xor_random1_sampler_island_local_warmup10_data_ro6_1000x125_strict_20260526.payload,3,1,16000,6019,9981,0.376187500,0.123812500,0.955304811,0.680815633
restart_reduced_xor_random1_sampler_island_local_warmup10_data_ro6_1000x125_strict_20260526.payload,3,2,16000,5900,10100,0.368750000,0.131250000,0.949707472,0.663716612
restart_reduced_xor_random1_sampler_island_local_warmup10_data_ro6_1000x125_strict_20260526.payload,3,3,16000,5854,10146,0.365875000,0.134125000,0.947452070,0.657160840
restart_reduced_xor_random1_sampler_island_local_warmup10_data_ro6_1000x125_strict_20260526.payload,3,4,16000,5848,10152,0.365500000,0.134500000,0.947154102,0.656307931
restart_reduced_xor_random1_sampler_island_local_warmup10_data_ro6_1000x125_strict_20260526.payload,3,5,16000,5841,10159,0.365062500,0.134937500,0.946805366,0.655313508
restart_reduced_xor_random1_sampler_island_local_warmup10_data_ro6_1000x125_strict_20260526.payload,3,6,16000,5783,10217,0.361437500,0.138562500,0.943869956,0.647100263
restart_reduced_xor_random1_sampler_island_local_warmup10_data_ro6_1000x125_strict_20260526.payload,3,7,16000,5868,10132,0.366750000,0.133250000,0.948143930,0.659152923
restart_reduced_xor_random1_sampler_island_local_warmup10_data_ro6_1000x125_strict_20260526.payload,4,0,16000,6116,9884,0.382250000,0.117750000,0.959615639,0.694904989
restart_reduced_xor_random1_sampler_island_local_warmup10_data_ro6_1000x125_strict_20260526.payload,4,1,16000,6287,9713,0.392937500,0.107062500,0.966669080,0.720083038
restart_reduced_xor_random1_sampler_island_local_warmup10_data_ro6_1000x125_strict_20260526.payload,4,2,16000,6161,9839,0.385062500,0.114937500,0.961539172,0.701488307
restart_reduced_xor_random1_sampler_island_local_warmup10_data_ro6_1000x125_strict_20260526.payload,4,3,16000,6246,9754,0.390375000,0.109625000,0.965041123,0.714006028
restart_reduced_xor_random1_sampler_island_local_warmup10_data_ro6_1000x125_strict_20260526.payload,4,4,16000,6130,9870,0.383125000,0.116875000,0.960219244,0.696949915
restart_reduced_xor_random1_sampler_island_local_warmup10_data_ro6_1000x125_strict_20260526.payload,4,5,16000,6162,9838,0.385125000,0.114875000,0.961581369,0.701634945
restart_reduced_xor_random1_sampler_island_local_warmup10_data_ro6_1000x125_strict_20260526.payload,4,6,16000,6120,9880,0.382500000,0.117500000,0.959788574,0.695488958
restart_reduced_xor_random1_sampler_island_local_warmup10_data_ro6_1000x125_strict_20260526.payload,4,7,16000,6066,9934,0.379125000,0.120875000,0.957421692,0.687625253
restart_reduced_xor_random1_sampler_island_local_warmup10_data_ro6_1000x125_strict_20260526.payload,5,0,15000,5489,9511,0.365933333,0.134066667,0.947498342,0.657293560
restart_reduced_xor_random1_sampler_island_local_warmup10_data_ro6_1000x125_strict_20260526.payload,5,1,15000,5514,9486,0.367600000,0.132400000,0.948811468,0.661090727
restart_reduced_xor_random1_sampler_island_local_warmup10_data_ro6_1000x125_strict_20260526.payload,5,2,15000,5502,9498,0.366800000,0.133200000,0.948183321,0.659266839
restart_reduced_xor_random1_sampler_island_local_warmup10_data_ro6_1000x125_strict_20260526.payload,5,3,15000,5576,9424,0.371733333,0.128266667,0.951993701,0.670551056
restart_reduced_xor_random1_sampler_island_local_warmup10_data_ro6_1000x125_strict_20260526.payload,5,4,15000,5499,9501,0.366600000,0.133400000,0.948025663,0.658811228
restart_reduced_xor_random1_sampler_island_local_warmup10_data_ro6_1000x125_strict_20260526.payload,5,5,15000,5604,9396,0.373600000,0.126400000,0.953396216,0.674843882
restart_reduced_xor_random1_sampler_island_local_warmup10_data_ro6_1000x125_strict_20260526.payload,5,6,15000,5591,9409,0.372733333,0.127266667,0.952747722,0.672849196
restart_reduced_xor_random1_sampler_island_local_warmup10_data_ro6_1000x125_strict_20260526.payload,5,7,15000,5721,9279,0.381400000,0.118600000,0.959024800,0.692921261
restart_reduced_xor_random1_sampler_island_local_warmup10_data_ro6_1000x125_strict_20260526.payload,6,0,15000,5801,9199,0.386733333,0.113266667,0.962659065,0.705413558
restart_reduced_xor_random1_sampler_island_local_warmup10_data_ro6_1000x125_strict_20260526.payload,6,1,15000,5718,9282,0.381200000,0.118800000,0.958885138,0.692454898
restart_reduced_xor_random1_sampler_island_local_warmup10_data_ro6_1000x125_strict_20260526.payload,6,2,15000,5658,9342,0.377200000,0.122800000,0.956040443,0.683159150
restart_reduced_xor_random1_sampler_island_local_warmup10_data_ro6_1000x125_strict_20260526.payload,6,3,15000,5668,9332,0.377866667,0.122133333,0.956521371,0.684704288
restart_reduced_xor_random1_sampler_island_local_warmup10_data_ro6_1000x125_strict_20260526.payload,6,4,15000,5682,9318,0.378800000,0.121200000,0.957190089,0.686870265
restart_reduced_xor_random1_sampler_island_local_warmup10_data_ro6_1000x125_strict_20260526.payload,6,5,15000,5623,9377,0.374866667,0.125133333,0.954335686,0.677764163
restart_reduced_xor_random1_sampler_island_local_warmup10_data_ro6_1000x125_strict_20260526.payload,6,6,15000,5567,9433,0.371133333,0.128866667,0.951538323,0.669173928
restart_reduced_xor_random1_sampler_island_local_warmup10_data_ro6_1000x125_strict_20260526.payload,6,7,15000,5453,9547,0.363533333,0.136466667,0.945577089,0.651843136
restart_reduced_xor_random1_sampler_island_local_warmup10_data_ro6_1000x125_strict_20260526.payload,7,0,15000,5589,9411,0.372600000,0.127400000,0.952647542,0.672542566
restart_reduced_xor_random1_sampler_island_local_warmup10_data_ro6_1000x125_strict_20260526.payload,7,1,15000,5536,9464,0.369066667,0.130933333,0.949952758,0.664440522
restart_reduced_xor_random1_sampler_island_local_warmup10_data_ro6_1000x125_strict_20260526.payload,7,2,15000,5607,9393,0.373800000,0.126200000,0.953545210,0.675304586
restart_reduced_xor_random1_sampler_island_local_warmup10_data_ro6_1000x125_strict_20260526.payload,7,3,15000,5651,9349,0.376733333,0.123266667,0.955702169,0.682078538
restart_reduced_xor_random1_sampler_island_local_warmup10_data_ro6_1000x125_strict_20260526.payload,7,4,15000,5738,9262,0.382533333,0.117466667,0.959811604,0.695566839
restart_reduced_xor_random1_sampler_island_local_warmup10_data_ro6_1000x125_strict_20260526.payload,7,5,15000,5751,9249,0.383400000,0.116600000,0.960407983,0.697593205
restart_reduced_xor_random1_sampler_island_local_warmup10_data_ro6_1000x125_strict_20260526.payload,7,6,15000,5901,9099,0.393400000,0.106600000,0.966958673,0.721182597
restart_reduced_xor_random1_sampler_island_local_warmup10_data_ro6_1000x125_strict_20260526.payload,7,7,15000,5782,9218,0.385466667,0.114533333,0.961811627,0.702436828
restart_reduced_xor_random1_sampler_island_local_warmup10_data_ro7_1000x125_strict_20260526.payload,0,0,16000,8697,7303,0.543562500,0.043562500,0.994517472,0.879482166
restart_reduced_xor_random1_sampler_island_local_warmup10_data_ro7_1000x125_strict_20260526.payload,0,1,16000,8773,7227,0.548312500,0.048312500,0.993254699,0.866929731
restart_reduced_xor_random1_sampler_island_local_warmup10_data_ro7_1000x125_strict_20260526.payload,0,2,16000,8811,7189,0.550687500,0.050687500,0.992574040,0.860694234
restart_reduced_xor_random1_sampler_island_local_warmup10_data_ro7_1000x125_strict_20260526.payload,0,3,16000,8808,7192,0.550500000,0.050500000,0.992628972,0.861185531
restart_reduced_xor_random1_sampler_island_local_warmup10_data_ro7_1000x125_strict_20260526.payload,0,4,16000,8820,7180,0.551250000,0.051250000,0.992408016,0.859221344
restart_reduced_xor_random1_sampler_island_local_warmup10_data_ro7_1000x125_strict_20260526.payload,0,5,16000,8852,7148,0.553250000,0.053250000,0.991802759,0.853996549
restart_reduced_xor_random1_sampler_island_local_warmup10_data_ro7_1000x125_strict_20260526.payload,0,6,16000,8920,7080,0.557500000,0.057500000,0.990439040,0.842956290
restart_reduced_xor_random1_sampler_island_local_warmup10_data_ro7_1000x125_strict_20260526.payload,0,7,16000,8759,7241,0.547437500,0.047437500,0.993497183,0.869233831
restart_reduced_xor_random1_sampler_island_local_warmup10_data_ro7_1000x125_strict_20260526.payload,1,0,16000,8767,7233,0.547937500,0.047937500,0.993359167,0.867916752
restart_reduced_xor_random1_sampler_island_local_warmup10_data_ro7_1000x125_strict_20260526.payload,1,1,16000,8896,7104,0.556000000,0.056000000,0.990932404,0.846843212
restart_reduced_xor_random1_sampler_island_local_warmup10_data_ro7_1000x125_strict_20260526.payload,1,2,16000,8964,7036,0.560250000,0.060250000,0.989500357,0.835857351
restart_reduced_xor_random1_sampler_island_local_warmup10_data_ro7_1000x125_strict_20260526.payload,1,3,16000,8864,7136,0.554000000,0.054000000,0.991569769,0.852042119
restart_reduced_xor_random1_sampler_island_local_warmup10_data_ro7_1000x125_strict_20260526.payload,1,4,16000,8931,7069,0.558187500,0.058187500,0.990208518,0.841178278
restart_reduced_xor_random1_sampler_island_local_warmup10_data_ro7_1000x125_strict_20260526.payload,1,5,16000,8896,7104,0.556000000,0.056000000,0.990932404,0.846843212
restart_reduced_xor_random1_sampler_island_local_warmup10_data_ro7_1000x125_strict_20260526.payload,1,6,16000,8834,7166,0.552125000,0.052125000,0.992146088,0.856933168
restart_reduced_xor_random1_sampler_island_local_warmup10_data_ro7_1000x125_strict_20260526.payload,1,7,16000,8814,7186,0.550875000,0.050875000,0.992518904,0.860203103
restart_reduced_xor_random1_sampler_island_local_warmup10_data_ro7_1000x125_strict_20260526.payload,2,0,16000,8741,7259,0.546312500,0.046312500,0.993802398,0.872201662
restart_reduced_xor_random1_sampler_island_local_warmup10_data_ro7_1000x125_strict_20260526.payload,2,1,16000,8702,7298,0.543875000,0.043875000,0.994438429,0.878652983
restart_reduced_xor_random1_sampler_island_local_warmup10_data_ro7_1000x125_strict_20260526.payload,2,2,16000,8732,7268,0.545750000,0.045750000,0.993952243,0.873687870
restart_reduced_xor_random1_sampler_island_local_warmup10_data_ro7_1000x125_strict_20260526.payload,2,3,16000,8911,7089,0.556937500,0.056937500,0.990625593,0.844412659
restart_reduced_xor_random1_sampler_island_local_warmup10_data_ro7_1000x125_strict_20260526.payload,2,4,16000,8760,7240,0.547500000,0.047500000,0.993480011,0.869069130
restart_reduced_xor_random1_sampler_island_local_warmup10_data_ro7_1000x125_strict_20260526.payload,2,5,16000,8826,7174,0.551625000,0.051625000,0.992296308,0.858240253
restart_reduced_xor_random1_sampler_island_local_warmup10_data_ro7_1000x125_strict_20260526.payload,2,6,16000,8755,7245,0.547187500,0.047187500,0.993565646,0.869892821
restart_reduced_xor_random1_sampler_island_local_warmup10_data_ro7_1000x125_strict_20260526.payload,2,7,16000,8781,7219,0.548812500,0.048812500,0.993114134,0.865614754
restart_reduced_xor_random1_sampler_island_local_warmup10_data_ro7_1000x125_strict_20260526.payload,3,0,16000,8804,7196,0.550250000,0.050250000,0.992701895,0.861840855
restart_reduced_xor_random1_sampler_island_local_warmup10_data_ro7_1000x125_strict_20260526.payload,3,1,16000,8761,7239,0.547562500,0.047562500,0.993462816,0.868904448
restart_reduced_xor_random1_sampler_island_local_warmup10_data_ro7_1000x125_strict_20260526.payload,3,2,16000,8785,7215,0.549062500,0.049062500,0.993043305,0.864957714
restart_reduced_xor_random1_sampler_island_local_warmup10_data_ro7_1000x125_strict_20260526.payload,3,3,16000,8724,7276,0.545250000,0.045250000,0.994083892,0.875010230
restart_reduced_xor_random1_sampler_island_local_warmup10_data_ro7_1000x125_strict_20260526.payload,3,4,16000,8839,7161,0.552437500,0.052437500,0.992051459,0.856116840
restart_reduced_xor_random1_sampler_island_local_warmup10_data_ro7_1000x125_strict_20260526.payload,3,5,16000,8713,7287,0.544562500,0.044562500,0.994262535,0.876830457
restart_reduced_xor_random1_sampler_island_local_warmup10_data_ro7_1000x125_strict_20260526.payload,3,6,16000,8723,7277,0.545187500,0.045187500,0.994100246,0.875175610
restart_reduced_xor_random1_sampler_island_local_warmup10_data_ro7_1000x125_strict_20260526.payload,3,7,16000,8613,7387,0.538312500,0.038312500,0.995760533,0.893484169
restart_reduced_xor_random1_sampler_island_local_warmup10_data_ro7_1000x125_strict_20260526.payload,4,0,16000,8822,7178,0.551375000,0.051375000,0.992370871,0.858894240
restart_reduced_xor_random1_sampler_island_local_warmup10_data_ro7_1000x125_strict_20260526.payload,4,1,16000,8852,7148,0.553250000,0.053250000,0.991802759,0.853996549
restart_reduced_xor_random1_sampler_island_local_warmup10_data_ro7_1000x125_strict_20260526.payload,4,2,16000,8813,7187,0.550812500,0.050812500,0.992537306,0.860366795
restart_reduced_xor_random1_sampler_island_local_warmup10_data_ro7_1000x125_strict_20260526.payload,4,3,16000,8888,7112,0.555500000,0.055500000,0.991093936,0.848141183
restart_reduced_xor_random1_sampler_island_local_warmup10_data_ro7_1000x125_strict_20260526.payload,4,4,16000,8779,7221,0.548687500,0.048687500,0.993149412,0.865943386
restart_reduced_xor_random1_sampler_island_local_warmup10_data_ro7_1000x125_strict_20260526.payload,4,5,16000,8863,7137,0.553937500,0.053937500,0.991589311,0.852204887
restart_reduced_xor_random1_sampler_island_local_warmup10_data_ro7_1000x125_strict_20260526.payload,4,6,16000,8835,7165,0.552187500,0.052187500,0.992127208,0.856769865
restart_reduced_xor_random1_sampler_island_local_warmup10_data_ro7_1000x125_strict_20260526.payload,4,7,16000,8815,7185,0.550937500,0.050937500,0.992500480,0.860039430
restart_reduced_xor_random1_sampler_island_local_warmup10_data_ro7_1000x125_strict_20260526.payload,5,0,15000,8270,6730,0.551333333,0.051333333,0.992383263,0.859003266
restart_reduced_xor_random1_sampler_island_local_warmup10_data_ro7_1000x125_strict_20260526.payload,5,1,15000,8391,6609,0.559400000,0.059400000,0.989795221,0.838047841
restart_reduced_xor_random1_sampler_island_local_warmup10_data_ro7_1000x125_strict_20260526.payload,5,2,15000,8299,6701,0.553266667,0.053266667,0.991797617,0.853953088
restart_reduced_xor_random1_sampler_island_local_warmup10_data_ro7_1000x125_strict_20260526.payload,5,3,15000,8300,6700,0.553333333,0.053333333,0.991777033,0.853779259
restart_reduced_xor_random1_sampler_island_local_warmup10_data_ro7_1000x125_strict_20260526.payload,5,4,15000,8280,6720,0.552000000,0.052000000,0.992183779,0.857259828
restart_reduced_xor_random1_sampler_island_local_warmup10_data_ro7_1000x125_strict_20260526.payload,5,5,15000,8287,6713,0.552466667,0.052466667,0.992042598,0.856040673
restart_reduced_xor_random1_sampler_island_local_warmup10_data_ro7_1000x125_strict_20260526.payload,5,6,15000,8304,6696,0.553600000,0.053600000,0.991694439,0.853084152
restart_reduced_xor_random1_sampler_island_local_warmup10_data_ro7_1000x125_strict_20260526.payload,5,7,15000,8322,6678,0.554800000,0.054800000,0.991317627,0.849960307
restart_reduced_xor_random1_sampler_island_local_warmup10_data_ro7_1000x125_strict_20260526.payload,6,0,15000,8226,6774,0.548400000,0.048400000,0.993230205,0.866699524
restart_reduced_xor_random1_sampler_island_local_warmup10_data_ro7_1000x125_strict_20260526.payload,6,1,15000,8247,6753,0.549800000,0.049800000,0.992832239,0.863021188
restart_reduced_xor_random1_sampler_island_local_warmup10_data_ro7_1000x125_strict_20260526.payload,6,2,15000,8234,6766,0.548933333,0.048933333,0.993079945,0.865297147
restart_reduced_xor_random1_sampler_island_local_warmup10_data_ro7_1000x125_strict_20260526.payload,6,3,15000,8120,6880,0.541333333,0.041333333,0.995064841,0.885410868
restart_reduced_xor_random1_sampler_island_local_warmup10_data_ro7_1000x125_strict_20260526.payload,6,4,15000,8107,6893,0.540466667,0.040466667,0.995269854,0.887722453
restart_reduced_xor_random1_sampler_island_local_warmup10_data_ro7_1000x125_strict_20260526.payload,6,5,15000,8209,6791,0.547266667,0.047266667,0.993544005,0.869684108
restart_reduced_xor_random1_sampler_island_local_warmup10_data_ro7_1000x125_strict_20260526.payload,6,6,15000,8224,6776,0.548266667,0.048266667,0.993267511,0.867050331
restart_reduced_xor_random1_sampler_island_local_warmup10_data_ro7_1000x125_strict_20260526.payload,6,7,15000,8237,6763,0.549133333,0.049133333,0.993023171,0.864771607
restart_reduced_xor_random1_sampler_island_local_warmup10_data_ro7_1000x125_strict_20260526.payload,7,0,15000,8264,6736,0.550933333,0.050933333,0.992501709,0.860050341
restart_reduced_xor_random1_sampler_island_local_warmup10_data_ro7_1000x125_strict_20260526.payload,7,1,15000,8233,6767,0.548866667,0.048866667,0.993098818,0.865472370
restart_reduced_xor_random1_sampler_island_local_warmup10_data_ro7_1000x125_strict_20260526.payload,7,2,15000,8244,6756,0.549600000,0.049600000,0.992889790,0.863546091
restart_reduced_xor_random1_sampler_island_local_warmup10_data_ro7_1000x125_strict_20260526.payload,7,3,15000,8136,6864,0.542400000,0.042400000,0.994806526,0.882570916
restart_reduced_xor_random1_sampler_island_local_warmup10_data_ro7_1000x125_strict_20260526.payload,7,4,15000,8113,6887,0.540866667,0.040866667,0.995175775,0.886655107
restart_reduced_xor_random1_sampler_island_local_warmup10_data_ro7_1000x125_strict_20260526.payload,7,5,15000,8199,6801,0.546600000,0.046600000,0.993725100,0.871442635
restart_reduced_xor_random1_sampler_island_local_warmup10_data_ro7_1000x125_strict_20260526.payload,7,6,15000,8276,6724,0.551733333,0.051733333,0.992263884,0.857956950
restart_reduced_xor_random1_sampler_island_local_warmup10_data_ro7_1000x125_strict_20260526.payload,7,7,15000,8193,6807,0.546200000,0.046200000,0.993832514,0.872498781
restart_reduced_xor_random1_sampler_island_local_warmup10_except_data_ro1_1000x125_strict_20260526.payload,0,0,16000,8903,7097,0.556437500,0.056437500,0.990789864,0.845708444
restart_reduced_xor_random1_sampler_island_local_warmup10_except_data_ro1_1000x125_strict_20260526.payload,0,1,16000,8747,7253,0.546687500,0.046687500,0.993701478,0.871211706
restart_reduced_xor_random1_sampler_island_local_warmup10_except_data_ro1_1000x125_strict_20260526.payload,0,2,16000,8758,7242,0.547375000,0.047375000,0.993514333,0.869398550
restart_reduced_xor_random1_sampler_island_local_warmup10_except_data_ro1_1000x125_strict_20260526.payload,0,3,16000,8743,7257,0.546437500,0.046437500,0.993768849,0.871871601
restart_reduced_xor_random1_sampler_island_local_warmup10_except_data_ro1_1000x125_strict_20260526.payload,0,4,16000,8741,7259,0.546312500,0.046312500,0.993802398,0.872201662
restart_reduced_xor_random1_sampler_island_local_warmup10_except_data_ro1_1000x125_strict_20260526.payload,0,5,16000,8839,7161,0.552437500,0.052437500,0.992051459,0.856116840
restart_reduced_xor_random1_sampler_island_local_warmup10_except_data_ro1_1000x125_strict_20260526.payload,0,6,16000,8810,7190,0.550625000,0.050625000,0.992592374,0.860857981
restart_reduced_xor_random1_sampler_island_local_warmup10_except_data_ro1_1000x125_strict_20260526.payload,0,7,16000,8734,7266,0.545875000,0.045875000,0.993919103,0.873357469
restart_reduced_xor_random1_sampler_island_local_warmup10_except_data_ro1_1000x125_strict_20260526.payload,1,0,16000,8799,7201,0.549937500,0.049937500,0.992792537,0.862660428
restart_reduced_xor_random1_sampler_island_local_warmup10_except_data_ro1_1000x125_strict_20260526.payload,1,1,16000,8830,7170,0.551875000,0.051875000,0.992221380,0.857586562
restart_reduced_xor_random1_sampler_island_local_warmup10_except_data_ro1_1000x125_strict_20260526.payload,1,2,16000,8782,7218,0.548875000,0.048875000,0.993096461,0.865450466
restart_reduced_xor_random1_sampler_island_local_warmup10_except_data_ro1_1000x125_strict_20260526.payload,1,3,16000,8875,7125,0.554687500,0.054687500,0.991353310,0.850252880
restart_reduced_xor_random1_sampler_island_local_warmup10_except_data_ro1_1000x125_strict_20260526.payload,1,4,16000,8827,7173,0.551687500,0.051687500,0.992277610,0.858076802
restart_reduced_xor_random1_sampler_island_local_warmup10_except_data_ro1_1000x125_strict_20260526.payload,1,5,16000,8874,7126,0.554625000,0.054625000,0.991373102,0.850415447
restart_reduced_xor_random1_sampler_island_local_warmup10_except_data_ro1_1000x125_strict_20260526.payload,1,6,16000,8757,7243,0.547312500,0.047312500,0.993531460,0.869563288
restart_reduced_xor_random1_sampler_island_local_warmup10_except_data_ro1_1000x125_strict_20260526.payload,1,7,16000,8842,7158,0.552625000,0.052625000,0.991994409,0.855627266
restart_reduced_xor_random1_sampler_island_local_warmup10_except_data_ro1_1000x125_strict_20260526.payload,2,0,16000,8821,7179,0.551312500,0.051312500,0.992389455,0.859057783
restart_reduced_xor_random1_sampler_island_local_warmup10_except_data_ro1_1000x125_strict_20260526.payload,2,1,16000,8749,7251,0.546812500,0.046812500,0.993667657,0.870881872
restart_reduced_xor_random1_sampler_island_local_warmup10_except_data_ro1_1000x125_strict_20260526.payload,2,2,16000,8850,7150,0.553125000,0.053125000,0.991841271,0.854322545
restart_reduced_xor_random1_sampler_island_local_warmup10_except_data_ro1_1000x125_strict_20260526.payload,2,3,16000,8821,7179,0.551312500,0.051312500,0.992389455,0.859057783
restart_reduced_xor_random1_sampler_island_local_warmup10_except_data_ro1_1000x125_strict_20260526.payload,2,4,16000,8746,7254,0.546625000,0.046625000,0.993718355,0.871376652
restart_reduced_xor_random1_sampler_island_local_warmup10_except_data_ro1_1000x125_strict_20260526.payload,2,5,16000,8878,7122,0.554875000,0.054875000,0.991293797,0.849765291
restart_reduced_xor_random1_sampler_island_local_warmup10_except_data_ro1_1000x125_strict_20260526.payload,2,6,16000,8847,7153,0.552937500,0.052937500,0.991898869,0.854811677
restart_reduced_xor_random1_sampler_island_local_warmup10_except_data_ro1_1000x125_strict_20260526.payload,2,7,16000,9012,6988,0.563250000,0.063250000,0.988425832,0.828152686
restart_reduced_xor_random1_sampler_island_local_warmup10_except_data_ro1_1000x125_strict_20260526.payload,3,0,16000,8826,7174,0.551625000,0.051625000,0.992296308,0.858240253
restart_reduced_xor_random1_sampler_island_local_warmup10_except_data_ro1_1000x125_strict_20260526.payload,3,1,16000,8756,7244,0.547250000,0.047250000,0.993548564,0.869728045
restart_reduced_xor_random1_sampler_island_local_warmup10_except_data_ro1_1000x125_strict_20260526.payload,3,2,16000,8841,7159,0.552562500,0.052562500,0.992013449,0.855790439
restart_reduced_xor_random1_sampler_island_local_warmup10_except_data_ro1_1000x125_strict_20260526.payload,3,3,16000,8839,7161,0.552437500,0.052437500,0.992051459,0.856116840
restart_reduced_xor_random1_sampler_island_local_warmup10_except_data_ro1_1000x125_strict_20260526.payload,3,4,16000,8786,7214,0.549125000,0.049125000,0.993025541,0.864793501
restart_reduced_xor_random1_sampler_island_local_warmup10_except_data_ro1_1000x125_strict_20260526.payload,3,5,16000,8712,7288,0.544500000,0.044500000,0.994278639,0.876996046
restart_reduced_xor_random1_sampler_island_local_warmup10_except_data_ro1_1000x125_strict_20260526.payload,3,6,16000,8848,7152,0.553000000,0.053000000,0.991879693,0.854648614
restart_reduced_xor_random1_sampler_island_local_warmup10_except_data_ro1_1000x125_strict_20260526.payload,3,7,16000,8744,7256,0.546500000,0.046500000,0.993752041,0.871706599
restart_reduced_xor_random1_sampler_island_local_warmup10_except_data_ro1_1000x125_strict_20260526.payload,4,0,16000,8714,7286,0.544625000,0.044625000,0.994246409,0.876664887
restart_reduced_xor_random1_sampler_island_local_warmup10_except_data_ro1_1000x125_strict_20260526.payload,4,1,16000,8876,7124,0.554750000,0.054750000,0.991333495,0.850090332
restart_reduced_xor_random1_sampler_island_local_warmup10_except_data_ro1_1000x125_strict_20260526.payload,4,2,16000,8909,7091,0.556812500,0.056812500,0.990666798,0.844736496
restart_reduced_xor_random1_sampler_island_local_warmup10_except_data_ro1_1000x125_strict_20260526.payload,4,3,16000,8875,7125,0.554687500,0.054687500,0.991353310,0.850252880
restart_reduced_xor_random1_sampler_island_local_warmup10_except_data_ro1_1000x125_strict_20260526.payload,4,4,16000,8907,7093,0.556687500,0.056687500,0.990707911,0.845060406
restart_reduced_xor_random1_sampler_island_local_warmup10_except_data_ro1_1000x125_strict_20260526.payload,4,5,16000,8888,7112,0.555500000,0.055500000,0.991093936,0.848141183
restart_reduced_xor_random1_sampler_island_local_warmup10_except_data_ro1_1000x125_strict_20260526.payload,4,6,16000,8746,7254,0.546625000,0.046625000,0.993718355,0.871376652
restart_reduced_xor_random1_sampler_island_local_warmup10_except_data_ro1_1000x125_strict_20260526.payload,4,7,16000,8826,7174,0.551625000,0.051625000,0.992296308,0.858240253
restart_reduced_xor_random1_sampler_island_local_warmup10_except_data_ro1_1000x125_strict_20260526.payload,5,0,15000,8211,6789,0.547400000,0.047400000,0.993507476,0.869332660
restart_reduced_xor_random1_sampler_island_local_warmup10_except_data_ro1_1000x125_strict_20260526.payload,5,1,15000,8303,6697,0.553533333,0.053533333,0.991715127,0.853257897
restart_reduced_xor_random1_sampler_island_local_warmup10_except_data_ro1_1000x125_strict_20260526.payload,5,2,15000,8176,6824,0.545066667,0.045066667,0.994131799,0.875495399
restart_reduced_xor_random1_sampler_island_local_warmup10_except_data_ro1_1000x125_strict_20260526.payload,5,3,15000,8225,6775,0.548333333,0.048333333,0.993248871,0.866874917
restart_reduced_xor_random1_sampler_island_local_warmup10_except_data_ro1_1000x125_strict_20260526.payload,5,4,15000,8300,6700,0.553333333,0.053333333,0.991777033,0.853779259
restart_reduced_xor_random1_sampler_island_local_warmup10_except_data_ro1_1000x125_strict_20260526.payload,5,5,15000,8250,6750,0.550000000,0.050000000,0.992774454,0.862496476
restart_reduced_xor_random1_sampler_island_local_warmup10_except_data_ro1_1000x125_strict_20260526.payload,5,6,15000,8348,6652,0.556533333,0.056533333,0.990758492,0.845459995
restart_reduced_xor_random1_sampler_island_local_warmup10_except_data_ro1_1000x125_strict_20260526.payload,5,7,15000,8328,6672,0.555200000,0.055200000,0.991190154,0.848920527
restart_reduced_xor_random1_sampler_island_local_warmup10_except_data_ro1_1000x125_strict_20260526.payload,6,0,15000,8203,6797,0.546866667,0.046866667,0.993652972,0.870738967
restart_reduced_xor_random1_sampler_island_local_warmup10_except_data_ro1_1000x125_strict_20260526.payload,6,1,15000,8319,6681,0.554600000,0.054600000,0.991381013,0.850480479
restart_reduced_xor_random1_sampler_island_local_warmup10_except_data_ro1_1000x125_strict_20260526.payload,6,2,15000,8150,6850,0.543333333,0.043333333,0.994575075,0.880090536
restart_reduced_xor_random1_sampler_island_local_warmup10_except_data_ro1_1000x125_strict_20260526.payload,6,3,15000,8267,6733,0.551133333,0.051133333,0.992442602,0.859526709
restart_reduced_xor_random1_sampler_island_local_warmup10_except_data_ro1_1000x125_strict_20260526.payload,6,4,15000,8191,6809,0.546066667,0.046066667,0.993868112,0.872851001
restart_reduced_xor_random1_sampler_island_local_warmup10_except_data_ro1_1000x125_strict_20260526.payload,6,5,15000,8336,6664,0.555733333,0.055733333,0.991018736,0.847535318
restart_reduced_xor_random1_sampler_island_local_warmup10_except_data_ro1_1000x125_strict_20260526.payload,6,6,15000,8208,6792,0.547200000,0.047200000,0.993562231,0.869859865
restart_reduced_xor_random1_sampler_island_local_warmup10_except_data_ro1_1000x125_strict_20260526.payload,6,7,15000,8280,6720,0.552000000,0.052000000,0.992183779,0.857259828
restart_reduced_xor_random1_sampler_island_local_warmup10_except_data_ro1_1000x125_strict_20260526.payload,7,0,15000,8162,6838,0.544133333,0.044133333,0.994372658,0.877967885
restart_reduced_xor_random1_sampler_island_local_warmup10_except_data_ro1_1000x125_strict_20260526.payload,7,1,15000,8065,6935,0.537666667,0.037666667,0.995902392,0.895216062
restart_reduced_xor_random1_sampler_island_local_warmup10_except_data_ro1_1000x125_strict_20260526.payload,7,2,15000,8230,6770,0.548666667,0.048666667,0.993155282,0.865998165
restart_reduced_xor_random1_sampler_island_local_warmup10_except_data_ro1_1000x125_strict_20260526.payload,7,3,15000,8199,6801,0.546600000,0.046600000,0.993725100,0.871442635
restart_reduced_xor_random1_sampler_island_local_warmup10_except_data_ro1_1000x125_strict_20260526.payload,7,4,15000,8091,6909,0.539400000,0.039400000,0.995516189,0.890572573
restart_reduced_xor_random1_sampler_island_local_warmup10_except_data_ro1_1000x125_strict_20260526.payload,7,5,15000,8273,6727,0.551533333,0.051533333,0.992323690,0.858480013
restart_reduced_xor_random1_sampler_island_local_warmup10_except_data_ro1_1000x125_strict_20260526.payload,7,6,15000,8193,6807,0.546200000,0.046200000,0.993832514,0.872498781
restart_reduced_xor_random1_sampler_island_local_warmup10_except_data_ro1_1000x125_strict_20260526.payload,7,7,15000,8326,6674,0.555066667,0.055066667,0.991232749,0.849267037
restart_reduced_xor_random1_sampler_island_local_warmup10_except_data_ro3_1000x125_strict_20260526.payload,0,0,16000,8890,7110,0.555625000,0.055625000,0.991053690,0.847816581
restart_reduced_xor_random1_sampler_island_local_warmup10_except_data_ro3_1000x125_strict_20260526.payload,0,1,16000,8880,7120,0.555000000,0.055000000,0.991254007,0.849440323
restart_reduced_xor_random1_sampler_island_local_warmup10_except_data_ro3_1000x125_strict_20260526.payload,0,2,16000,8864,7136,0.554000000,0.054000000,0.991569769,0.852042119
restart_reduced_xor_random1_sampler_island_local_warmup10_except_data_ro3_1000x125_strict_20260526.payload,0,3,16000,8850,7150,0.553125000,0.053125000,0.991841271,0.854322545
restart_reduced_xor_random1_sampler_island_local_warmup10_except_data_ro3_1000x125_strict_20260526.payload,0,4,16000,8838,7162,0.552375000,0.052375000,0.992070431,0.856280069
restart_reduced_xor_random1_sampler_island_local_warmup10_except_data_ro3_1000x125_strict_20260526.payload,0,5,16000,8946,7054,0.559125000,0.059125000,0.989889713,0.838757242
restart_reduced_xor_random1_sampler_island_local_warmup10_except_data_ro3_1000x125_strict_20260526.payload,0,6,16000,8914,7086,0.557125000,0.057125000,0.990563614,0.843927039
restart_reduced_xor_random1_sampler_island_local_warmup10_except_data_ro3_1000x125_strict_20260526.payload,0,7,16000,8779,7221,0.548687500,0.048687500,0.993149412,0.865943386
restart_reduced_xor_random1_sampler_island_local_warmup10_except_data_ro3_1000x125_strict_20260526.payload,1,0,16000,8878,7122,0.554875000,0.054875000,0.991293797,0.849765291
restart_reduced_xor_random1_sampler_island_local_warmup10_except_data_ro3_1000x125_strict_20260526.payload,1,1,16000,8856,7144,0.553500000,0.053500000,0.991725461,0.853344778
restart_reduced_xor_random1_sampler_island_local_warmup10_except_data_ro3_1000x125_strict_20260526.payload,1,2,16000,8871,7129,0.554437500,0.054437500,0.991432342,0.850903256
restart_reduced_xor_random1_sampler_island_local_warmup10_except_data_ro3_1000x125_strict_20260526.payload,1,3,16000,8865,7135,0.554062500,0.054062500,0.991550205,0.851879369
restart_reduced_xor_random1_sampler_island_local_warmup10_except_data_ro3_1000x125_strict_20260526.payload,1,4,16000,8870,7130,0.554375000,0.054375000,0.991452043,0.851065895
restart_reduced_xor_random1_sampler_island_local_warmup10_except_data_ro3_1000x125_strict_20260526.payload,1,5,16000,8864,7136,0.554000000,0.054000000,0.991569769,0.852042119
restart_reduced_xor_random1_sampler_island_local_warmup10_except_data_ro3_1000x125_strict_20260526.payload,1,6,16000,8824,7176,0.551500000,0.051500000,0.992333635,0.858567209
restart_reduced_xor_random1_sampler_island_local_warmup10_except_data_ro3_1000x125_strict_20260526.payload,1,7,16000,8740,7260,0.546250000,0.046250000,0.993819138,0.872366720
restart_reduced_xor_random1_sampler_island_local_warmup10_except_data_ro3_1000x125_strict_20260526.payload,2,0,16000,8882,7118,0.555125000,0.055125000,0.991214126,0.849115429
restart_reduced_xor_random1_sampler_island_local_warmup10_except_data_ro3_1000x125_strict_20260526.payload,2,1,16000,8819,7181,0.551187500,0.051187500,0.992426554,0.859384924
restart_reduced_xor_random1_sampler_island_local_warmup10_except_data_ro3_1000x125_strict_20260526.payload,2,2,16000,8903,7097,0.556437500,0.056437500,0.990789864,0.845708444
restart_reduced_xor_random1_sampler_island_local_warmup10_except_data_ro3_1000x125_strict_20260526.payload,2,3,16000,8820,7180,0.551250000,0.051250000,0.992408016,0.859221344
restart_reduced_xor_random1_sampler_island_local_warmup10_except_data_ro3_1000x125_strict_20260526.payload,2,4,16000,8799,7201,0.549937500,0.049937500,0.992792537,0.862660428
restart_reduced_xor_random1_sampler_island_local_warmup10_except_data_ro3_1000x125_strict_20260526.payload,2,5,16000,8942,7058,0.558875000,0.058875000,0.989975230,0.839402454
restart_reduced_xor_random1_sampler_island_local_warmup10_except_data_ro3_1000x125_strict_20260526.payload,2,6,16000,8928,7072,0.558000000,0.058000000,0.990271661,0.841662973
restart_reduced_xor_random1_sampler_island_local_warmup10_except_data_ro3_1000x125_strict_20260526.payload,2,7,16000,8945,7055,0.559062500,0.059062500,0.989911127,0.838918518
restart_reduced_xor_random1_sampler_island_local_warmup10_except_data_ro3_1000x125_strict_20260526.payload,3,0,16000,8798,7202,0.549875000,0.049875000,0.992810597,0.862824399
restart_reduced_xor_random1_sampler_island_local_warmup10_except_data_ro3_1000x125_strict_20260526.payload,3,1,16000,8860,7140,0.553750000,0.053750000,0.991647797,0.852693301
restart_reduced_xor_random1_sampler_island_local_warmup10_except_data_ro3_1000x125_strict_20260526.payload,3,2,16000,8876,7124,0.554750000,0.054750000,0.991333495,0.850090332
restart_reduced_xor_random1_sampler_island_local_warmup10_except_data_ro3_1000x125_strict_20260526.payload,3,3,16000,8970,7030,0.560625000,0.060625000,0.989368925,0.834892015
restart_reduced_xor_random1_sampler_island_local_warmup10_except_data_ro3_1000x125_strict_20260526.payload,3,4,16000,8836,7164,0.552250000,0.052250000,0.992108305,0.856606581
restart_reduced_xor_random1_sampler_island_local_warmup10_except_data_ro3_1000x125_strict_20260526.payload,3,5,16000,8761,7239,0.547562500,0.047562500,0.993462816,0.868904448
restart_reduced_xor_random1_sampler_island_local_warmup10_except_data_ro3_1000x125_strict_20260526.payload,3,6,16000,8812,7188,0.550750000,0.050750000,0.992555684,0.860530505
restart_reduced_xor_random1_sampler_island_local_warmup10_except_data_ro3_1000x125_strict_20260526.payload,3,7,16000,8833,7167,0.552062500,0.052062500,0.992164945,0.857096489
restart_reduced_xor_random1_sampler_island_local_warmup10_except_data_ro3_1000x125_strict_20260526.payload,4,0,16000,8863,7137,0.553937500,0.053937500,0.991589311,0.852204887
restart_reduced_xor_random1_sampler_island_local_warmup10_except_data_ro3_1000x125_strict_20260526.payload,4,1,16000,8908,7092,0.556750000,0.056750000,0.990687366,0.844898442
restart_reduced_xor_random1_sampler_island_local_warmup10_except_data_ro3_1000x125_strict_20260526.payload,4,2,16000,8921,7079,0.557562500,0.057562500,0.990418197,0.842794562
restart_reduced_xor_random1_sampler_island_local_warmup10_except_data_ro3_1000x125_strict_20260526.payload,4,3,16000,8818,7182,0.551125000,0.051125000,0.992445070,0.859548523
restart_reduced_xor_random1_sampler_island_local_warmup10_except_data_ro3_1000x125_strict_20260526.payload,4,4,16000,8790,7210,0.549375000,0.049375000,0.992954257,0.864136835
restart_reduced_xor_random1_sampler_island_local_warmup10_except_data_ro3_1000x125_strict_20260526.payload,4,5,16000,8866,7134,0.554125000,0.054125000,0.991530618,0.851716637
restart_reduced_xor_random1_sampler_island_local_warmup10_except_data_ro3_1000x125_strict_20260526.payload,4,6,16000,8871,7129,0.554437500,0.054437500,0.991432342,0.850903256
restart_reduced_xor_random1_sampler_island_local_warmup10_except_data_ro3_1000x125_strict_20260526.payload,4,7,16000,8849,7151,0.553062500,0.053062500,0.991860493,0.854485570
restart_reduced_xor_random1_sampler_island_local_warmup10_except_data_ro3_1000x125_strict_20260526.payload,5,0,15000,8452,6548,0.563466667,0.063466667,0.988346184,0.827597828
restart_reduced_xor_random1_sampler_island_local_warmup10_except_data_ro3_1000x125_strict_20260526.payload,5,1,15000,8323,6677,0.554866667,0.054866667,0.991296446,0.849786958
restart_reduced_xor_random1_sampler_island_local_warmup10_except_data_ro3_1000x125_strict_20260526.payload,5,2,15000,8280,6720,0.552000000,0.052000000,0.992183779,0.857259828
restart_reduced_xor_random1_sampler_island_local_warmup10_except_data_ro3_1000x125_strict_20260526.payload,5,3,15000,8265,6735,0.551000000,0.051000000,0.992482032,0.859875776
restart_reduced_xor_random1_sampler_island_local_warmup10_except_data_ro3_1000x125_strict_20260526.payload,5,4,15000,8242,6758,0.549466667,0.049466667,0.992928029,0.863896132
restart_reduced_xor_random1_sampler_island_local_warmup10_except_data_ro3_1000x125_strict_20260526.payload,5,5,15000,8336,6664,0.555733333,0.055733333,0.991018736,0.847535318
restart_reduced_xor_random1_sampler_island_local_warmup10_except_data_ro3_1000x125_strict_20260526.payload,5,6,15000,8291,6709,0.552733333,0.052733333,0.991961353,0.855344476
restart_reduced_xor_random1_sampler_island_local_warmup10_except_data_ro3_1000x125_strict_20260526.payload,5,7,15000,8230,6770,0.548666667,0.048666667,0.993155282,0.865998165
restart_reduced_xor_random1_sampler_island_local_warmup10_except_data_ro3_1000x125_strict_20260526.payload,6,0,15000,8347,6653,0.556466667,0.056466667,0.990780322,0.845632825
restart_reduced_xor_random1_sampler_island_local_warmup10_except_data_ro3_1000x125_strict_20260526.payload,6,1,15000,8306,6694,0.553733333,0.053733333,0.991652986,0.852736724
restart_reduced_xor_random1_sampler_island_local_warmup10_except_data_ro3_1000x125_strict_20260526.payload,6,2,15000,8307,6693,0.553800000,0.053800000,0.991632221,0.852563041
restart_reduced_xor_random1_sampler_island_local_warmup10_except_data_ro3_1000x125_strict_20260526.payload,6,3,15000,8372,6628,0.558133333,0.058133333,0.990226780,0.841318284
restart_reduced_xor_random1_sampler_island_local_warmup10_except_data_ro3_1000x125_strict_20260526.payload,6,4,15000,8296,6704,0.553066667,0.053066667,0.991859213,0.854474701
restart_reduced_xor_random1_sampler_island_local_warmup10_except_data_ro3_1000x125_strict_20260526.payload,6,5,15000,8254,6746,0.550266667,0.050266667,0.992697045,0.861797157
restart_reduced_xor_random1_sampler_island_local_warmup10_except_data_ro3_1000x125_strict_20260526.payload,6,6,15000,8233,6767,0.548866667,0.048866667,0.993098818,0.865472370
restart_reduced_xor_random1_sampler_island_local_warmup10_except_data_ro3_1000x125_strict_20260526.payload,6,7,15000,8330,6670,0.555333333,0.055333333,0.991147455,0.848574100
restart_reduced_xor_random1_sampler_island_local_warmup10_except_data_ro3_1000x125_strict_20260526.payload,7,0,15000,8252,6748,0.550133333,0.050133333,0.992735801,0.862146774
restart_reduced_xor_random1_sampler_island_local_warmup10_except_data_ro3_1000x125_strict_20260526.payload,7,1,15000,8298,6702,0.553200000,0.053200000,0.991818175,0.854126938
restart_reduced_xor_random1_sampler_island_local_warmup10_except_data_ro3_1000x125_strict_20260526.payload,7,2,15000,8338,6662,0.555866667,0.055866667,0.990975622,0.847189223
restart_reduced_xor_random1_sampler_island_local_warmup10_except_data_ro3_1000x125_strict_20260526.payload,7,3,15000,8293,6707,0.552866667,0.052866667,0.991920575,0.854996503
restart_reduced_xor_random1_sampler_island_local_warmup10_except_data_ro3_1000x125_strict_20260526.payload,7,4,15000,8255,6745,0.550333333,0.050333333,0.992677628,0.861622380
restart_reduced_xor_random1_sampler_island_local_warmup10_except_data_ro3_1000x125_strict_20260526.payload,7,5,15000,8389,6611,0.559266667,0.059266667,0.989841091,0.838391749
restart_reduced_xor_random1_sampler_island_local_warmup10_except_data_ro3_1000x125_strict_20260526.payload,7,6,15000,8403,6597,0.560200000,0.060200000,0.989517819,0.835986111
restart_reduced_xor_random1_sampler_island_local_warmup10_except_data_ro3_1000x125_strict_20260526.payload,7,7,15000,8439,6561,0.562600000,0.062600000,0.988663122,0.829818542
restart_reduced_xor_random1_sampler_island_local_warmup10_except_data_ro4_1000x125_strict_20260526.payload,0,0,16000,8298,7702,0.518625000,0.018625000,0.998998854,0.947236343
restart_reduced_xor_random1_sampler_island_local_warmup10_except_data_ro4_1000x125_strict_20260526.payload,0,1,16000,8278,7722,0.517375000,0.017375000,0.999128752,0.950717751
restart_reduced_xor_random1_sampler_island_local_warmup10_except_data_ro4_1000x125_strict_20260526.payload,0,2,16000,8336,7664,0.521000000,0.021000000,0.998727169,0.940644722
restart_reduced_xor_random1_sampler_island_local_warmup10_except_data_ro4_1000x125_strict_20260526.payload,0,3,16000,8513,7487,0.532062500,0.032062500,0.997031772,0.910332370
restart_reduced_xor_random1_sampler_island_local_warmup10_except_data_ro4_1000x125_strict_20260526.payload,0,4,16000,8277,7723,0.517312500,0.017312500,0.999135010,0.950892043
restart_reduced_xor_random1_sampler_island_local_warmup10_except_data_ro4_1000x125_strict_20260526.payload,0,5,16000,8272,7728,0.517000000,0.017000000,0.999165962,0.951763814
restart_reduced_xor_random1_sampler_island_local_warmup10_except_data_ro4_1000x125_strict_20260526.payload,0,6,16000,8205,7795,0.512812500,0.012812500,0.999526282,0.963496666
restart_reduced_xor_random1_sampler_island_local_warmup10_except_data_ro4_1000x125_strict_20260526.payload,0,7,16000,8376,7624,0.523500000,0.023500000,0.998405956,0.933738558
restart_reduced_xor_random1_sampler_island_local_warmup10_except_data_ro4_1000x125_strict_20260526.payload,1,0,16000,8375,7625,0.523437500,0.023437500,0.998414427,0.933910810
restart_reduced_xor_random1_sampler_island_local_warmup10_except_data_ro4_1000x125_strict_20260526.payload,1,1,16000,8265,7735,0.516562500,0.016562500,0.999208345,0.952985180
restart_reduced_xor_random1_sampler_island_local_warmup10_except_data_ro4_1000x125_strict_20260526.payload,1,2,16000,8336,7664,0.521000000,0.021000000,0.998727169,0.940644722
restart_reduced_xor_random1_sampler_island_local_warmup10_except_data_ro4_1000x125_strict_20260526.payload,1,3,16000,8289,7711,0.518062500,0.018062500,0.999058425,0.948801937
restart_reduced_xor_random1_sampler_island_local_warmup10_except_data_ro4_1000x125_strict_20260526.payload,1,4,16000,8299,7701,0.518687500,0.018687500,0.998992122,0.947062493
restart_reduced_xor_random1_sampler_island_local_warmup10_except_data_ro4_1000x125_strict_20260526.payload,1,5,16000,8246,7754,0.515375000,0.015375000,0.999317813,0.956305539
restart_reduced_xor_random1_sampler_island_local_warmup10_except_data_ro4_1000x125_strict_20260526.payload,1,6,16000,8235,7765,0.514687500,0.014687500,0.999377466,0.958231350
restart_reduced_xor_random1_sampler_island_local_warmup10_except_data_ro4_1000x125_strict_20260526.payload,1,7,16000,8306,7694,0.519125000,0.019125000,0.998944366,0.945846128
restart_reduced_xor_random1_sampler_island_local_warmup10_except_data_ro4_1000x125_strict_20260526.payload,2,0,16000,8361,7639,0.522562500,0.022562500,0.998530646,0.936324497
restart_reduced_xor_random1_sampler_island_local_warmup10_except_data_ro4_1000x125_strict_20260526.payload,2,1,16000,8411,7589,0.525687500,0.025687500,0.998095244,0.927722665
restart_reduced_xor_random1_sampler_island_local_warmup10_except_data_ro4_1000x125_strict_20260526.payload,2,2,16000,8260,7740,0.516250000,0.016250000,0.999237942,0.953858218
restart_reduced_xor_random1_sampler_island_local_warmup10_except_data_ro4_1000x125_strict_20260526.payload,2,3,16000,8422,7578,0.526375000,0.026375000,0.997991874,0.925837124
restart_reduced_xor_random1_sampler_island_local_warmup10_except_data_ro4_1000x125_strict_20260526.payload,2,4,16000,8292,7708,0.518250000,0.018250000,0.999038771,0.948279884
restart_reduced_xor_random1_sampler_island_local_warmup10_except_data_ro4_1000x125_strict_20260526.payload,2,5,16000,8324,7676,0.520250000,0.020250000,0.998816486,0.942723035
restart_reduced_xor_random1_sampler_island_local_warmup10_except_data_ro4_1000x125_strict_20260526.payload,2,6,16000,8220,7780,0.513750000,0.013750000,0.999454412,0.960861606
restart_reduced_xor_random1_sampler_island_local_warmup10_except_data_ro4_1000x125_strict_20260526.payload,2,7,16000,8201,7799,0.512562500,0.012562500,0.999544590,0.964200163
restart_reduced_xor_random1_sampler_island_local_warmup10_except_data_ro4_1000x125_strict_20260526.payload,3,0,16000,8331,7669,0.520687500,0.020687500,0.998764779,0.941510322
restart_reduced_xor_random1_sampler_island_local_warmup10_except_data_ro4_1000x125_strict_20260526.payload,3,1,16000,8428,7572,0.526750000,0.026750000,0.997934337,0.924809686
restart_reduced_xor_random1_sampler_island_local_warmup10_except_data_ro4_1000x125_strict_20260526.payload,3,2,16000,8393,7607,0.524562500,0.024562500,0.998258496,0.930813419
restart_reduced_xor_random1_sampler_island_local_warmup10_except_data_ro4_1000x125_strict_20260526.payload,3,3,16000,8229,7771,0.514312500,0.014312500,0.999408854,0.959282877
restart_reduced_xor_random1_sampler_island_local_warmup10_except_data_ro4_1000x125_strict_20260526.payload,3,4,16000,8373,7627,0.523312500,0.023312500,0.998431301,0.934255375
restart_reduced_xor_random1_sampler_island_local_warmup10_except_data_ro4_1000x125_strict_20260526.payload,3,5,16000,8349,7651,0.521812500,0.021812500,0.998626738,0.938396591
restart_reduced_xor_random1_sampler_island_local_warmup10_except_data_ro4_1000x125_strict_20260526.payload,3,6,16000,8331,7669,0.520687500,0.020687500,0.998764779,0.941510322
restart_reduced_xor_random1_sampler_island_local_warmup10_except_data_ro4_1000x125_strict_20260526.payload,3,7,16000,8177,7823,0.511062500,0.011062500,0.999646860,0.968428360
restart_reduced_xor_random1_sampler_island_local_warmup10_except_data_ro4_1000x125_strict_20260526.payload,4,0,16000,8353,7647,0.522062500,0.022062500,0.998595069,0.937705562
restart_reduced_xor_random1_sampler_island_local_warmup10_except_data_ro4_1000x125_strict_20260526.payload,4,1,16000,8385,7615,0.524062500,0.024062500,0.998328702,0.932189216
restart_reduced_xor_random1_sampler_island_local_warmup10_except_data_ro4_1000x125_strict_20260526.payload,4,2,16000,8356,7644,0.522250000,0.022250000,0.998571080,0.937187508
restart_reduced_xor_random1_sampler_island_local_warmup10_except_data_ro4_1000x125_strict_20260526.payload,4,3,16000,8351,7649,0.521937500,0.021937500,0.998610949,0.938051035
restart_reduced_xor_random1_sampler_island_local_warmup10_except_data_ro4_1000x125_strict_20260526.payload,4,4,16000,8342,7658,0.521375000,0.021375000,0.998681290,0.939606688
restart_reduced_xor_random1_sampler_island_local_warmup10_except_data_ro4_1000x125_strict_20260526.payload,4,5,16000,8375,7625,0.523437500,0.023437500,0.998414427,0.933910810
restart_reduced_xor_random1_sampler_island_local_warmup10_except_data_ro4_1000x125_strict_20260526.payload,4,6,16000,8354,7646,0.522125000,0.022125000,0.998587095,0.937532856
restart_reduced_xor_random1_sampler_island_local_warmup10_except_data_ro4_1000x125_strict_20260526.payload,4,7,16000,8340,7660,0.521250000,0.021250000,0.998696674,0.939952616
restart_reduced_xor_random1_sampler_island_local_warmup10_except_data_ro4_1000x125_strict_20260526.payload,5,0,15000,7863,7137,0.524200000,0.024200000,0.998309540,0.931810741
restart_reduced_xor_random1_sampler_island_local_warmup10_except_data_ro4_1000x125_strict_20260526.payload,5,1,15000,7746,7254,0.516400000,0.016400000,0.999223806,0.953439094
restart_reduced_xor_random1_sampler_island_local_warmup10_except_data_ro4_1000x125_strict_20260526.payload,5,2,15000,7829,7171,0.521933333,0.021933333,0.998611477,0.938062552
restart_reduced_xor_random1_sampler_island_local_warmup10_except_data_ro4_1000x125_strict_20260526.payload,5,3,15000,7774,7226,0.518266667,0.018266667,0.999037014,0.948233488
restart_reduced_xor_random1_sampler_island_local_warmup10_except_data_ro4_1000x125_strict_20260526.payload,5,4,15000,7907,7093,0.527133333,0.027133333,0.997874681,0.923760171
restart_reduced_xor_random1_sampler_island_local_warmup10_except_data_ro4_1000x125_strict_20260526.payload,5,5,15000,7824,7176,0.521600000,0.021600000,0.998653373,0.938984225
restart_reduced_xor_random1_sampler_island_local_warmup10_except_data_ro4_1000x125_strict_20260526.payload,5,6,15000,7889,7111,0.525933333,0.025933333,0.998058595,0.927048158
restart_reduced_xor_random1_sampler_island_local_warmup10_except_data_ro4_1000x125_strict_20260526.payload,5,7,15000,7811,7189,0.520733333,0.020733333,0.998759298,0.941383335
restart_reduced_xor_random1_sampler_island_local_warmup10_except_data_ro4_1000x125_strict_20260526.payload,6,0,15000,7864,7136,0.524266667,0.024266667,0.998300209,0.931627274
restart_reduced_xor_random1_sampler_island_local_warmup10_except_data_ro4_1000x125_strict_20260526.payload,6,1,15000,7657,7343,0.510466667,0.010466667,0.999683879,0.970111338
restart_reduced_xor_random1_sampler_island_local_warmup10_except_data_ro4_1000x125_strict_20260526.payload,6,2,15000,7739,7261,0.515933333,0.015933333,0.999267359,0.954743436
restart_reduced_xor_random1_sampler_island_local_warmup10_except_data_ro4_1000x125_strict_20260526.payload,6,3,15000,7894,7106,0.526266667,0.026266667,0.998008344,0.926134076
restart_reduced_xor_random1_sampler_island_local_warmup10_except_data_ro4_1000x125_strict_20260526.payload,6,4,15000,7787,7213,0.519133333,0.019133333,0.998943446,0.945822969
restart_reduced_xor_random1_sampler_island_local_warmup10_except_data_ro4_1000x125_strict_20260526.payload,6,5,15000,7851,7149,0.523400000,0.023400000,0.998419499,0.934014171
restart_reduced_xor_random1_sampler_island_local_warmup10_except_data_ro4_1000x125_strict_20260526.payload,6,6,15000,7716,7284,0.514400000,0.014400000,0.999401603,0.959037452
restart_reduced_xor_random1_sampler_island_local_warmup10_except_data_ro4_1000x125_strict_20260526.payload,6,7,15000,7743,7257,0.516200000,0.016200000,0.999242626,0.953997953
restart_reduced_xor_random1_sampler_island_local_warmup10_except_data_ro4_1000x125_strict_20260526.payload,7,0,15000,7792,7208,0.519466667,0.019466667,0.998906302,0.944896918
restart_reduced_xor_random1_sampler_island_local_warmup10_except_data_ro4_1000x125_strict_20260526.payload,7,1,15000,7835,7165,0.522333333,0.022333333,0.998560353,0.936957321
restart_reduced_xor_random1_sampler_island_local_warmup10_except_data_ro4_1000x125_strict_20260526.payload,7,2,15000,7789,7211,0.519266667,0.019266667,0.998928665,0.945452478
restart_reduced_xor_random1_sampler_island_local_warmup10_except_data_ro4_1000x125_strict_20260526.payload,7,3,15000,7807,7193,0.520466667,0.020466667,0.998791017,0.942122326
restart_reduced_xor_random1_sampler_island_local_warmup10_except_data_ro4_1000x125_strict_20260526.payload,7,4,15000,7763,7237,0.517533333,0.017533333,0.999112798,0.950276308
restart_reduced_xor_random1_sampler_island_local_warmup10_except_data_ro4_1000x125_strict_20260526.payload,7,5,15000,7818,7182,0.521200000,0.021200000,0.998702801,0.940091011
restart_reduced_xor_random1_sampler_island_local_warmup10_except_data_ro4_1000x125_strict_20260526.payload,7,6,15000,7812,7188,0.520800000,0.020800000,0.998751305,0.941198646
restart_reduced_xor_random1_sampler_island_local_warmup10_except_data_ro4_1000x125_strict_20260526.payload,7,7,15000,7831,7169,0.522066667,0.022066667,0.998594538,0.937694048
restart_reduced_xor_random1_sampler_island_local_warmup10_except_data_ro5_1000x125_strict_20260526.payload,0,0,16000,9015,6985,0.563437500,0.063437500,0.988356922,0.827672508
restart_reduced_xor_random1_sampler_island_local_warmup10_except_data_ro5_1000x125_strict_20260526.payload,0,1,16000,9029,6971,0.564312500,0.064312500,0.988032618,0.825433788
restart_reduced_xor_random1_sampler_island_local_warmup10_except_data_ro5_1000x125_strict_20260526.payload,0,2,16000,9056,6944,0.566000000,0.066000000,0.987394484,0.821126042
restart_reduced_xor_random1_sampler_island_local_warmup10_except_data_ro5_1000x125_strict_20260526.payload,0,3,16000,9092,6908,0.568250000,0.068250000,0.986517621,0.815402316
restart_reduced_xor_random1_sampler_island_local_warmup10_except_data_ro5_1000x125_strict_20260526.payload,0,4,16000,8999,7001,0.562437500,0.062437500,0.988722057,0.830235307
restart_reduced_xor_random1_sampler_island_local_warmup10_except_data_ro5_1000x125_strict_20260526.payload,0,5,16000,9021,6979,0.563812500,0.063812500,0.988218484,0.826712631
restart_reduced_xor_random1_sampler_island_local_warmup10_except_data_ro5_1000x125_strict_20260526.payload,0,6,16000,8971,7029,0.560687500,0.060687500,0.989346940,0.834731188
restart_reduced_xor_random1_sampler_island_local_warmup10_except_data_ro5_1000x125_strict_20260526.payload,0,7,16000,9018,6982,0.563625000,0.063625000,0.988287806,0.827192490
restart_reduced_xor_random1_sampler_island_local_warmup10_except_data_ro5_1000x125_strict_20260526.payload,1,0,16000,9041,6959,0.565062500,0.065062500,0.987751067,0.823517646
restart_reduced_xor_random1_sampler_island_local_warmup10_except_data_ro5_1000x125_strict_20260526.payload,1,1,16000,9133,6867,0.570812500,0.070812500,0.985482711,0.808911167
restart_reduced_xor_random1_sampler_island_local_warmup10_except_data_ro5_1000x125_strict_20260526.payload,1,2,16000,9055,6945,0.565937500,0.065937500,0.987418417,0.821285359
restart_reduced_xor_random1_sampler_island_local_warmup10_except_data_ro5_1000x125_strict_20260526.payload,1,3,16000,9095,6905,0.568437500,0.068437500,0.986443206,0.814926362
restart_reduced_xor_random1_sampler_island_local_warmup10_except_data_ro5_1000x125_strict_20260526.payload,1,4,16000,9020,6980,0.563750000,0.063750000,0.988241615,0.826872567
restart_reduced_xor_random1_sampler_island_local_warmup10_except_data_ro5_1000x125_strict_20260526.payload,1,5,16000,9039,6961,0.564937500,0.064937500,0.987798221,0.823836826
restart_reduced_xor_random1_sampler_island_local_warmup10_except_data_ro5_1000x125_strict_20260526.payload,1,6,16000,9040,6960,0.565000000,0.065000000,0.987774655,0.823677227
restart_reduced_xor_random1_sampler_island_local_warmup10_except_data_ro5_1000x125_strict_20260526.payload,1,7,16000,9112,6888,0.569500000,0.069500000,0.986017614,0.812232253
restart_reduced_xor_random1_sampler_island_local_warmup10_except_data_ro5_1000x125_strict_20260526.payload,2,0,16000,9095,6905,0.568437500,0.068437500,0.986443206,0.814926362
restart_reduced_xor_random1_sampler_island_local_warmup10_except_data_ro5_1000x125_strict_20260526.payload,2,1,16000,9036,6964,0.564750000,0.064750000,0.987868781,0.824315729
restart_reduced_xor_random1_sampler_island_local_warmup10_except_data_ro5_1000x125_strict_20260526.payload,2,2,16000,9031,6969,0.564437500,0.064437500,0.987985922,0.825114254
restart_reduced_xor_random1_sampler_island_local_warmup10_except_data_ro5_1000x125_strict_20260526.payload,2,3,16000,9104,6896,0.569000000,0.069000000,0.986218720,0.813499442
restart_reduced_xor_random1_sampler_island_local_warmup10_except_data_ro5_1000x125_strict_20260526.payload,2,4,16000,9130,6870,0.570625000,0.070625000,0.985559747,0.809385140
restart_reduced_xor_random1_sampler_island_local_warmup10_except_data_ro5_1000x125_strict_20260526.payload,2,5,16000,8914,7086,0.557125000,0.057125000,0.990563614,0.843927039
restart_reduced_xor_random1_sampler_island_local_warmup10_except_data_ro5_1000x125_strict_20260526.payload,2,6,16000,9027,6973,0.564187500,0.064187500,0.988079222,0.825753393
restart_reduced_xor_random1_sampler_island_local_warmup10_except_data_ro5_1000x125_strict_20260526.payload,2,7,16000,9151,6849,0.571937500,0.071937500,0.985016149,0.806070594
restart_reduced_xor_random1_sampler_island_local_warmup10_except_data_ro5_1000x125_strict_20260526.payload,3,0,16000,9153,6847,0.572062500,0.072062500,0.984963848,0.805755319
restart_reduced_xor_random1_sampler_island_local_warmup10_except_data_ro5_1000x125_strict_20260526.payload,3,1,16000,8985,7015,0.561562500,0.061562500,0.989036742,0.832481496
restart_reduced_xor_random1_sampler_island_local_warmup10_except_data_ro5_1000x125_strict_20260526.payload,3,2,16000,8982,7018,0.561375000,0.061375000,0.989103591,0.832963278
restart_reduced_xor_random1_sampler_island_local_warmup10_except_data_ro5_1000x125_strict_20260526.payload,3,3,16000,9143,6857,0.571437500,0.071437500,0.985224430,0.807332380
restart_reduced_xor_random1_sampler_island_local_warmup10_except_data_ro5_1000x125_strict_20260526.payload,3,4,16000,9085,6915,0.567812500,0.067812500,0.986690453,0.816513486
restart_reduced_xor_random1_sampler_island_local_warmup10_except_data_ro5_1000x125_strict_20260526.payload,3,5,16000,9046,6954,0.565375000,0.065375000,0.987632779,0.822720004
restart_reduced_xor_random1_sampler_island_local_warmup10_except_data_ro5_1000x125_strict_20260526.payload,3,6,16000,9031,6969,0.564437500,0.064437500,0.987985922,0.825114254
restart_reduced_xor_random1_sampler_island_local_warmup10_except_data_ro5_1000x125_strict_20260526.payload,3,7,16000,9030,6970,0.564375000,0.064375000,0.988009281,0.825274012
restart_reduced_xor_random1_sampler_island_local_warmup10_except_data_ro5_1000x125_strict_20260526.payload,4,0,16000,9155,6845,0.572187500,0.072187500,0.984911455,0.805440114
restart_reduced_xor_random1_sampler_island_local_warmup10_except_data_ro5_1000x125_strict_20260526.payload,4,1,16000,9111,6889,0.569437500,0.069437500,0.986042833,0.812390591
restart_reduced_xor_random1_sampler_island_local_warmup10_except_data_ro5_1000x125_strict_20260526.payload,4,2,16000,9114,6886,0.569625000,0.069625000,0.985967108,0.811915629
restart_reduced_xor_random1_sampler_island_local_warmup10_except_data_ro5_1000x125_strict_20260526.payload,4,3,16000,9041,6959,0.565062500,0.065062500,0.987751067,0.823517646
restart_reduced_xor_random1_sampler_island_local_warmup10_except_data_ro5_1000x125_strict_20260526.payload,4,4,16000,9079,6921,0.567437500,0.067437500,0.986837698,0.817466598
restart_reduced_xor_random1_sampler_island_local_warmup10_except_data_ro5_1000x125_strict_20260526.payload,4,5,16000,8981,7019,0.561312500,0.061312500,0.989125828,0.833123908
restart_reduced_xor_random1_sampler_island_local_warmup10_except_data_ro5_1000x125_strict_20260526.payload,4,6,16000,9011,6989,0.563187500,0.063187500,0.988448756,0.828312781
restart_reduced_xor_random1_sampler_island_local_warmup10_except_data_ro5_1000x125_strict_20260526.payload,4,7,16000,9091,6909,0.568187500,0.068187500,0.986542380,0.815561002
restart_reduced_xor_random1_sampler_island_local_warmup10_except_data_ro5_1000x125_strict_20260526.payload,5,0,15000,8395,6605,0.559666667,0.059666667,0.989703170,0.837360270
restart_reduced_xor_random1_sampler_island_local_warmup10_except_data_ro5_1000x125_strict_20260526.payload,5,1,15000,8590,6410,0.572666667,0.072666667,0.984709764,0.804232464
restart_reduced_xor_random1_sampler_island_local_warmup10_except_data_ro5_1000x125_strict_20260526.payload,5,2,15000,8438,6562,0.562533333,0.062533333,0.988687319,0.829989508
restart_reduced_xor_random1_sampler_island_local_warmup10_except_data_ro5_1000x125_strict_20260526.payload,5,3,15000,8476,6524,0.565066667,0.065066667,0.987749493,0.823507008
restart_reduced_xor_random1_sampler_island_local_warmup10_except_data_ro5_1000x125_strict_20260526.payload,5,4,15000,8456,6544,0.563733333,0.063733333,0.988247779,0.826915219
restart_reduced_xor_random1_sampler_island_local_warmup10_except_data_ro5_1000x125_strict_20260526.payload,5,5,15000,8428,6572,0.561866667,0.061866667,0.988927860,0.831700281
restart_reduced_xor_random1_sampler_island_local_warmup10_except_data_ro5_1000x125_strict_20260526.payload,5,6,15000,8550,6450,0.570000000,0.070000000,0.985815037,0.810966176
restart_reduced_xor_random1_sampler_island_local_warmup10_except_data_ro5_1000x125_strict_20260526.payload,5,7,15000,8447,6553,0.563133333,0.063133333,0.988468605,0.828451545
restart_reduced_xor_random1_sampler_island_local_warmup10_except_data_ro5_1000x125_strict_20260526.payload,6,0,15000,8465,6535,0.564333333,0.064333333,0.988024841,0.825380527
restart_reduced_xor_random1_sampler_island_local_warmup10_except_data_ro5_1000x125_strict_20260526.payload,6,1,15000,8493,6507,0.566200000,0.066200000,0.987317745,0.820616346
restart_reduced_xor_random1_sampler_island_local_warmup10_except_data_ro5_1000x125_strict_20260526.payload,6,2,15000,8405,6595,0.560333333,0.060333333,0.989471221,0.835642776
restart_reduced_xor_random1_sampler_island_local_warmup10_except_data_ro5_1000x125_strict_20260526.payload,6,3,15000,8425,6575,0.561666667,0.061666667,0.988999515,0.832213909
restart_reduced_xor_random1_sampler_island_local_warmup10_except_data_ro5_1000x125_strict_20260526.payload,6,4,15000,8494,6506,0.566266667,0.066266667,0.987292114,0.820446487
restart_reduced_xor_random1_sampler_island_local_warmup10_except_data_ro5_1000x125_strict_20260526.payload,6,5,15000,8384,6616,0.558933333,0.058933333,0.989955309,0.839251879
restart_reduced_xor_random1_sampler_island_local_warmup10_except_data_ro5_1000x125_strict_20260526.payload,6,6,15000,8542,6458,0.569466667,0.069466667,0.986031067,0.812316698
restart_reduced_xor_random1_sampler_island_local_warmup10_except_data_ro5_1000x125_strict_20260526.payload,6,7,15000,8482,6518,0.565466667,0.065466667,0.987597973,0.822486113
restart_reduced_xor_random1_sampler_island_local_warmup10_except_data_ro5_1000x125_strict_20260526.payload,7,0,15000,8515,6485,0.567666667,0.067666667,0.986747813,0.816884066
restart_reduced_xor_random1_sampler_island_local_warmup10_except_data_ro5_1000x125_strict_20260526.payload,7,1,15000,8539,6461,0.569266667,0.069266667,0.986111647,0.812823469
restart_reduced_xor_random1_sampler_island_local_warmup10_except_data_ro5_1000x125_strict_20260526.payload,7,2,15000,8623,6377,0.574866667,0.074866667,0.983766357,0.798700716
restart_reduced_xor_random1_sampler_island_local_warmup10_except_data_ro5_1000x125_strict_20260526.payload,7,3,15000,8390,6610,0.559333333,0.059333333,0.989818169,0.838219785
restart_reduced_xor_random1_sampler_island_local_warmup10_except_data_ro5_1000x125_strict_20260526.payload,7,4,15000,8481,6519,0.565400000,0.065400000,0.987623291,0.822656212
restart_reduced_xor_random1_sampler_island_local_warmup10_except_data_ro5_1000x125_strict_20260526.payload,7,5,15000,8417,6583,0.561133333,0.061133333,0.989189447,0.833584478
restart_reduced_xor_random1_sampler_island_local_warmup10_except_data_ro5_1000x125_strict_20260526.payload,7,6,15000,8473,6527,0.564866667,0.064866667,0.987824901,0.824017727
restart_reduced_xor_random1_sampler_island_local_warmup10_except_data_ro5_1000x125_strict_20260526.payload,7,7,15000,8351,6649,0.556733333,0.056733333,0.990692847,0.844941631
restart_reduced_xor_random1_sampler_island_local_warmup10_except_data_ro6_1000x125_strict_20260526.payload,0,0,16000,8056,7944,0.503500000,0.003500000,0.999964654,0.989936317
restart_reduced_xor_random1_sampler_island_local_warmup10_except_data_ro6_1000x125_strict_20260526.payload,0,1,16000,8010,7990,0.500625000,0.000625000,0.999998873,0.998197757
restart_reduced_xor_random1_sampler_island_local_warmup10_except_data_ro6_1000x125_strict_20260526.payload,0,2,16000,8030,7970,0.501875000,0.001875000,0.999989856,0.994600012
restart_reduced_xor_random1_sampler_island_local_warmup10_except_data_ro6_1000x125_strict_20260526.payload,0,3,16000,8097,7903,0.506062500,0.006062500,0.999893948,0.982612522
restart_reduced_xor_random1_sampler_island_local_warmup10_except_data_ro6_1000x125_strict_20260526.payload,0,4,16000,7899,8101,0.493687500,0.006312500,0.999885021,0.981899992
restart_reduced_xor_random1_sampler_island_local_warmup10_except_data_ro6_1000x125_strict_20260526.payload,0,5,16000,7921,8079,0.495062500,0.004937500,0.999929656,0.985823269
restart_reduced_xor_random1_sampler_island_local_warmup10_except_data_ro6_1000x125_strict_20260526.payload,0,6,16000,8103,7897,0.506437500,0.006437500,0.999880422,0.981543859
restart_reduced_xor_random1_sampler_island_local_warmup10_except_data_ro6_1000x125_strict_20260526.payload,0,7,16000,7975,8025,0.498437500,0.001562500,0.999992956,0.995498608
restart_reduced_xor_random1_sampler_island_local_warmup10_except_data_ro6_1000x125_strict_20260526.payload,1,0,16000,8012,7988,0.500750000,0.000750000,0.999998377,0.997837579
restart_reduced_xor_random1_sampler_island_local_warmup10_except_data_ro6_1000x125_strict_20260526.payload,1,1,16000,8069,7931,0.504312500,0.004312500,0.999946338,0.987610110
restart_reduced_xor_random1_sampler_island_local_warmup10_except_data_ro6_1000x125_strict_20260526.payload,1,2,16000,8018,7982,0.501125000,0.001125000,0.999996348,0.996757583
restart_reduced_xor_random1_sampler_island_local_warmup10_except_data_ro6_1000x125_strict_20260526.payload,1,3,16000,7994,8006,0.499625000,0.000375000,0.999999594,0.998918384
restart_reduced_xor_random1_sampler_island_local_warmup10_except_data_ro6_1000x125_strict_20260526.payload,1,4,16000,8075,7925,0.504687500,0.004687500,0.999936599,0.986537740
restart_reduced_xor_random1_sampler_island_local_warmup10_except_data_ro6_1000x125_strict_20260526.payload,1,5,16000,8189,7811,0.511812500,0.011812500,0.999597349,0.966312712
restart_reduced_xor_random1_sampler_island_local_warmup10_except_data_ro6_1000x125_strict_20260526.payload,1,6,16000,8017,7983,0.501062500,0.001062500,0.999996743,0.996937526
restart_reduced_xor_random1_sampler_island_local_warmup10_except_data_ro6_1000x125_strict_20260526.payload,1,7,16000,8144,7856,0.509000000,0.009000000,0.999766271,0.974262439
restart_reduced_xor_random1_sampler_island_local_warmup10_except_data_ro6_1000x125_strict_20260526.payload,2,0,16000,7985,8015,0.499062500,0.000937500,0.999997464,0.997297480
restart_reduced_xor_random1_sampler_island_local_warmup10_except_data_ro6_1000x125_strict_20260526.payload,2,1,16000,8057,7943,0.503562500,0.003562500,0.999963380,0.989757244
restart_reduced_xor_random1_sampler_island_local_warmup10_except_data_ro6_1000x125_strict_20260526.payload,2,2,16000,8022,7978,0.501375000,0.001375000,0.999994545,0.996038034
restart_reduced_xor_random1_sampler_island_local_warmup10_except_data_ro6_1000x125_strict_20260526.payload,2,3,16000,8110,7890,0.506875000,0.006875000,0.999863616,0.980298086
restart_reduced_xor_random1_sampler_island_local_warmup10_except_data_ro6_1000x125_strict_20260526.payload,2,4,16000,8015,7985,0.500937500,0.000937500,0.999997464,0.997297480
restart_reduced_xor_random1_sampler_island_local_warmup10_except_data_ro6_1000x125_strict_20260526.payload,2,5,16000,8070,7930,0.504375000,0.004375000,0.999944771,0.987431326
restart_reduced_xor_random1_sampler_island_local_warmup10_except_data_ro6_1000x125_strict_20260526.payload,2,6,16000,8141,7859,0.508812500,0.008812500,0.999775909,0.974793981
restart_reduced_xor_random1_sampler_island_local_warmup10_except_data_ro6_1000x125_strict_20260526.payload,2,7,16000,7961,8039,0.497562500,0.002437500,0.999982857,0.992983949
restart_reduced_xor_random1_sampler_island_local_warmup10_except_data_ro6_1000x125_strict_20260526.payload,3,0,16000,7944,8056,0.496500000,0.003500000,0.999964654,0.989936317
restart_reduced_xor_random1_sampler_island_local_warmup10_except_data_ro6_1000x125_strict_20260526.payload,3,1,16000,8109,7891,0.506812500,0.006812500,0.999866084,0.980475987
restart_reduced_xor_random1_sampler_island_local_warmup10_except_data_ro6_1000x125_strict_20260526.payload,3,2,16000,7931,8069,0.495687500,0.004312500,0.999946338,0.987610110
restart_reduced_xor_random1_sampler_island_local_warmup10_except_data_ro6_1000x125_strict_20260526.payload,3,3,16000,8023,7977,0.501437500,0.001437500,0.999994038,0.995858203
restart_reduced_xor_random1_sampler_island_local_warmup10_except_data_ro6_1000x125_strict_20260526.payload,3,4,16000,7995,8005,0.499687500,0.000312500,0.999999718,0.999098597
restart_reduced_xor_random1_sampler_island_local_warmup10_except_data_ro6_1000x125_strict_20260526.payload,3,5,16000,8057,7943,0.503562500,0.003562500,0.999963380,0.989757244
restart_reduced_xor_random1_sampler_island_local_warmup10_except_data_ro6_1000x125_strict_20260526.payload,3,6,16000,7992,8008,0.499500000,0.000500000,0.999999279,0.998558026
restart_reduced_xor_random1_sampler_island_local_warmup10_except_data_ro6_1000x125_strict_20260526.payload,3,7,16000,7994,8006,0.499625000,0.000375000,0.999999594,0.998918384
restart_reduced_xor_random1_sampler_island_local_warmup10_except_data_ro6_1000x125_strict_20260526.payload,4,0,16000,7947,8053,0.496687500,0.003312500,0.999968339,0.990473667
restart_reduced_xor_random1_sampler_island_local_warmup10_except_data_ro6_1000x125_strict_20260526.payload,4,1,16000,8005,7995,0.500312500,0.000312500,0.999999718,0.999098597
restart_reduced_xor_random1_sampler_island_local_warmup10_except_data_ro6_1000x125_strict_20260526.payload,4,2,16000,8007,7993,0.500437500,0.000437500,0.999999448,0.998738194
restart_reduced_xor_random1_sampler_island_local_warmup10_except_data_ro6_1000x125_strict_20260526.payload,4,3,16000,8035,7965,0.502187500,0.002187500,0.999986193,0.993701976
restart_reduced_xor_random1_sampler_island_local_warmup10_except_data_ro6_1000x125_strict_20260526.payload,4,4,16000,8105,7895,0.506562500,0.006562500,0.999875733,0.981187814
restart_reduced_xor_random1_sampler_island_local_warmup10_except_data_ro6_1000x125_strict_20260526.payload,4,5,16000,8053,7947,0.503312500,0.003312500,0.999968339,0.990473667
restart_reduced_xor_random1_sampler_island_local_warmup10_except_data_ro6_1000x125_strict_20260526.payload,4,6,16000,8032,7968,0.502000000,0.002000000,0.999988458,0.994240731
restart_reduced_xor_random1_sampler_island_local_warmup10_except_data_ro6_1000x125_strict_20260526.payload,4,7,16000,8058,7942,0.503625000,0.003625000,0.999962084,0.989578195
restart_reduced_xor_random1_sampler_island_local_warmup10_except_data_ro6_1000x125_strict_20260526.payload,5,0,15000,7578,7422,0.505200000,0.005200000,0.999921978,0.985073456
restart_reduced_xor_random1_sampler_island_local_warmup10_except_data_ro6_1000x125_strict_20260526.payload,5,1,15000,7574,7426,0.504933333,0.004933333,0.999929775,0.985835174
restart_reduced_xor_random1_sampler_island_local_warmup10_except_data_ro6_1000x125_strict_20260526.payload,5,2,15000,7441,7559,0.496066667,0.003933333,0.999955359,0.988695206
restart_reduced_xor_random1_sampler_island_local_warmup10_except_data_ro6_1000x125_strict_20260526.payload,5,3,15000,7468,7532,0.497866667,0.002133333,0.999986868,0.993857596
restart_reduced_xor_random1_sampler_island_local_warmup10_except_data_ro6_1000x125_strict_20260526.payload,5,4,15000,7543,7457,0.502866667,0.002866667,0.999976288,0.991752170
restart_reduced_xor_random1_sampler_island_local_warmup10_except_data_ro6_1000x125_strict_20260526.payload,5,5,15000,7562,7438,0.504133333,0.004133333,0.999950704,0.988122746
restart_reduced_xor_random1_sampler_island_local_warmup10_except_data_ro6_1000x125_strict_20260526.payload,5,6,15000,7547,7453,0.503133333,0.003133333,0.999971672,0.990987321
restart_reduced_xor_random1_sampler_island_local_warmup10_except_data_ro6_1000x125_strict_20260526.payload,5,7,15000,7504,7496,0.500266667,0.000266667,0.999999795,0.999230768
restart_reduced_xor_random1_sampler_island_local_warmup10_except_data_ro6_1000x125_strict_20260526.payload,6,0,15000,7448,7552,0.496533333,0.003466667,0.999965324,0.990031831
restart_reduced_xor_random1_sampler_island_local_warmup10_except_data_ro6_1000x125_strict_20260526.payload,6,1,15000,7502,7498,0.500133333,0.000133333,0.999999949,0.999615333
restart_reduced_xor_random1_sampler_island_local_warmup10_except_data_ro6_1000x125_strict_20260526.payload,6,2,15000,7560,7440,0.504000000,0.004000000,0.999953833,0.988504361
restart_reduced_xor_random1_sampler_island_local_warmup10_except_data_ro6_1000x125_strict_20260526.payload,6,3,15000,7547,7453,0.503133333,0.003133333,0.999971672,0.990987321
restart_reduced_xor_random1_sampler_island_local_warmup10_except_data_ro6_1000x125_strict_20260526.payload,6,4,15000,7540,7460,0.502666667,0.002666667,0.999979482,0.992326072
restart_reduced_xor_random1_sampler_island_local_warmup10_except_data_ro6_1000x125_strict_20260526.payload,6,5,15000,7605,7395,0.507000000,0.007000000,0.999858611,0.979942348
restart_reduced_xor_random1_sampler_island_local_warmup10_except_data_ro6_1000x125_strict_20260526.payload,6,6,15000,7500,7500,0.500000000,0.000000000,1.000000000,1.000000000
restart_reduced_xor_random1_sampler_island_local_warmup10_except_data_ro6_1000x125_strict_20260526.payload,6,7,15000,7538,7462,0.502533333,0.002533333,0.999981482,0.992708801
restart_reduced_xor_random1_sampler_island_local_warmup10_except_data_ro6_1000x125_strict_20260526.payload,7,0,15000,7349,7651,0.489933333,0.010066667,0.999707581,0.971242273
restart_reduced_xor_random1_sampler_island_local_warmup10_except_data_ro6_1000x125_strict_20260526.payload,7,1,15000,7505,7495,0.500333333,0.000333333,0.999999679,0.999038524
restart_reduced_xor_random1_sampler_island_local_warmup10_except_data_ro6_1000x125_strict_20260526.payload,7,2,15000,7554,7446,0.503600000,0.003600000,0.999962605,0.989649812
restart_reduced_xor_random1_sampler_island_local_warmup10_except_data_ro6_1000x125_strict_20260526.payload,7,3,15000,7595,7405,0.506333333,0.006333333,0.999884261,0.981840631
restart_reduced_xor_random1_sampler_island_local_warmup10_except_data_ro6_1000x125_strict_20260526.payload,7,4,15000,7439,7561,0.495933333,0.004066667,0.999952282,0.988313541
restart_reduced_xor_random1_sampler_island_local_warmup10_except_data_ro6_1000x125_strict_20260526.payload,7,5,15000,7588,7412,0.505866667,0.005866667,0.999900689,0.983170917
restart_reduced_xor_random1_sampler_island_local_warmup10_except_data_ro6_1000x125_strict_20260526.payload,7,6,15000,7571,7429,0.504733333,0.004733333,0.999935353,0.986406727
restart_reduced_xor_random1_sampler_island_local_warmup10_except_data_ro6_1000x125_strict_20260526.payload,7,7,15000,7518,7482,0.501200000,0.001200000,0.999995845,0.996541680
restart_reduced_xor_random1_sampler_island_local_warmup10_except_data_ro7_1000x125_strict_20260526.payload,0,0,16000,8726,7274,0.545375000,0.045375000,0.994051116,0.874679526
restart_reduced_xor_random1_sampler_island_local_warmup10_except_data_ro7_1000x125_strict_20260526.payload,0,1,16000,8700,7300,0.543750000,0.043750000,0.994470114,0.878984599
restart_reduced_xor_random1_sampler_island_local_warmup10_except_data_ro7_1000x125_strict_20260526.payload,0,2,16000,8741,7259,0.546312500,0.046312500,0.993802398,0.872201662
restart_reduced_xor_random1_sampler_island_local_warmup10_except_data_ro7_1000x125_strict_20260526.payload,0,3,16000,8650,7350,0.540625000,0.040625000,0.995232726,0.887299867
restart_reduced_xor_random1_sampler_island_local_warmup10_except_data_ro7_1000x125_strict_20260526.payload,0,4,16000,8612,7388,0.538250000,0.038250000,0.995774367,0.893651680
restart_reduced_xor_random1_sampler_island_local_warmup10_except_data_ro7_1000x125_strict_20260526.payload,0,5,16000,8763,7237,0.547687500,0.047687500,0.993428357,0.868575141
restart_reduced_xor_random1_sampler_island_local_warmup10_except_data_ro7_1000x125_strict_20260526.payload,0,6,16000,8712,7288,0.544500000,0.044500000,0.994278639,0.876996046
restart_reduced_xor_random1_sampler_island_local_warmup10_except_data_ro7_1000x125_strict_20260526.payload,0,7,16000,8681,7319,0.542562500,0.042562500,0.994766593,0.882138758
restart_reduced_xor_random1_sampler_island_local_warmup10_except_data_ro7_1000x125_strict_20260526.payload,1,0,16000,8697,7303,0.543562500,0.043562500,0.994517472,0.879482166
restart_reduced_xor_random1_sampler_island_local_warmup10_except_data_ro7_1000x125_strict_20260526.payload,1,1,16000,8646,7354,0.540375000,0.040375000,0.995291283,0.887967164
restart_reduced_xor_random1_sampler_island_local_warmup10_except_data_ro7_1000x125_strict_20260526.payload,1,2,16000,8604,7396,0.537750000,0.037750000,0.995884223,0.894992475
restart_reduced_xor_random1_sampler_island_local_warmup10_except_data_ro7_1000x125_strict_20260526.payload,1,3,16000,8755,7245,0.547187500,0.047187500,0.993565646,0.869892821
restart_reduced_xor_random1_sampler_island_local_warmup10_except_data_ro7_1000x125_strict_20260526.payload,1,4,16000,8747,7253,0.546687500,0.046687500,0.993701478,0.871211706
restart_reduced_xor_random1_sampler_island_local_warmup10_except_data_ro7_1000x125_strict_20260526.payload,1,5,16000,8600,7400,0.537500000,0.037500000,0.995938608,0.895663340
restart_reduced_xor_random1_sampler_island_local_warmup10_except_data_ro7_1000x125_strict_20260526.payload,1,6,16000,8617,7383,0.538562500,0.038562500,0.995704969,0.892814316
restart_reduced_xor_random1_sampler_island_local_warmup10_except_data_ro7_1000x125_strict_20260526.payload,1,7,16000,8612,7388,0.538250000,0.038250000,0.995774367,0.893651680
restart_reduced_xor_random1_sampler_island_local_warmup10_except_data_ro7_1000x125_strict_20260526.payload,2,0,16000,8724,7276,0.545250000,0.045250000,0.994083892,0.875010230
restart_reduced_xor_random1_sampler_island_local_warmup10_except_data_ro7_1000x125_strict_20260526.payload,2,1,16000,8646,7354,0.540375000,0.040375000,0.995291283,0.887967164
restart_reduced_xor_random1_sampler_island_local_warmup10_except_data_ro7_1000x125_strict_20260526.payload,2,2,16000,8670,7330,0.541875000,0.041875000,0.994934492,0.883968007
restart_reduced_xor_random1_sampler_island_local_warmup10_except_data_ro7_1000x125_strict_20260526.payload,2,3,16000,8730,7270,0.545625000,0.045625000,0.993985292,0.874018346
restart_reduced_xor_random1_sampler_island_local_warmup10_except_data_ro7_1000x125_strict_20260526.payload,2,4,16000,8637,7363,0.539812500,0.039812500,0.995421710,0.889469710
restart_reduced_xor_random1_sampler_island_local_warmup10_except_data_ro7_1000x125_strict_20260526.payload,2,5,16000,8655,7345,0.540937500,0.040937500,0.995159019,0.886466180
restart_reduced_xor_random1_sampler_island_local_warmup10_except_data_ro7_1000x125_strict_20260526.payload,2,6,16000,8708,7292,0.544250000,0.044250000,0.994342828,0.877658592
restart_reduced_xor_random1_sampler_island_local_warmup10_except_data_ro7_1000x125_strict_20260526.payload,2,7,16000,8645,7355,0.540312500,0.040312500,0.995305866,0.888134036
restart_reduced_xor_random1_sampler_island_local_warmup10_except_data_ro7_1000x125_strict_20260526.payload,3,0,16000,8683,7317,0.542687500,0.042687500,0.994735771,0.881806416
restart_reduced_xor_random1_sampler_island_local_warmup10_except_data_ro7_1000x125_strict_20260526.payload,3,1,16000,8568,7432,0.535500000,0.035500000,0.996360626,0.901041520
restart_reduced_xor_random1_sampler_island_local_warmup10_except_data_ro7_1000x125_strict_20260526.payload,3,2,16000,8699,7301,0.543687500,0.043687500,0.994485923,0.879150436
restart_reduced_xor_random1_sampler_island_local_warmup10_except_data_ro7_1000x125_strict_20260526.payload,3,3,16000,8590,7410,0.536875000,0.036875000,0.996072981,0.897341869
restart_reduced_xor_random1_sampler_island_local_warmup10_except_data_ro7_1000x125_strict_20260526.payload,3,4,16000,8643,7357,0.540187500,0.040187500,0.995334963,0.888467839
restart_reduced_xor_random1_sampler_island_local_warmup10_except_data_ro7_1000x125_strict_20260526.payload,3,5,16000,8814,7186,0.550875000,0.050875000,0.992518904,0.860203103
restart_reduced_xor_random1_sampler_island_local_warmup10_except_data_ro7_1000x125_strict_20260526.payload,3,6,16000,8726,7274,0.545375000,0.045375000,0.994051116,0.874679526
restart_reduced_xor_random1_sampler_island_local_warmup10_except_data_ro7_1000x125_strict_20260526.payload,3,7,16000,8758,7242,0.547375000,0.047375000,0.993514333,0.869398550
restart_reduced_xor_random1_sampler_island_local_warmup10_except_data_ro7_1000x125_strict_20260526.payload,4,0,16000,8707,7293,0.544187500,0.044187500,0.994358818,0.877824277
restart_reduced_xor_random1_sampler_island_local_warmup10_except_data_ro7_1000x125_strict_20260526.payload,4,1,16000,8639,7361,0.539937500,0.039937500,0.995392885,0.889135676
restart_reduced_xor_random1_sampler_island_local_warmup10_except_data_ro7_1000x125_strict_20260526.payload,4,2,16000,8654,7346,0.540875000,0.040875000,0.995173805,0.886632879
restart_reduced_xor_random1_sampler_island_local_warmup10_except_data_ro7_1000x125_strict_20260526.payload,4,3,16000,8681,7319,0.542562500,0.042562500,0.994766593,0.882138758
restart_reduced_xor_random1_sampler_island_local_warmup10_except_data_ro7_1000x125_strict_20260526.payload,4,4,16000,8699,7301,0.543687500,0.043687500,0.994485923,0.879150436
restart_reduced_xor_random1_sampler_island_local_warmup10_except_data_ro7_1000x125_strict_20260526.payload,4,5,16000,8651,7349,0.540687500,0.040687500,0.995218030,0.887133091
restart_reduced_xor_random1_sampler_island_local_warmup10_except_data_ro7_1000x125_strict_20260526.payload,4,6,16000,8660,7340,0.541250000,0.041250000,0.995084744,0.885632975
restart_reduced_xor_random1_sampler_island_local_warmup10_except_data_ro7_1000x125_strict_20260526.payload,4,7,16000,8639,7361,0.539937500,0.039937500,0.995392885,0.889135676
restart_reduced_xor_random1_sampler_island_local_warmup10_except_data_ro7_1000x125_strict_20260526.payload,5,0,15000,8123,6877,0.541533333,0.041533333,0.995016911,0.884877951
restart_reduced_xor_random1_sampler_island_local_warmup10_except_data_ro7_1000x125_strict_20260526.payload,5,1,15000,8205,6795,0.547000000,0.047000000,0.993616753,0.870387262
restart_reduced_xor_random1_sampler_island_local_warmup10_except_data_ro7_1000x125_strict_20260526.payload,5,2,15000,8159,6841,0.543933333,0.043933333,0.994423611,0.878498255
restart_reduced_xor_random1_sampler_island_local_warmup10_except_data_ro7_1000x125_strict_20260526.payload,5,3,15000,8136,6864,0.542400000,0.042400000,0.994806526,0.882570916
restart_reduced_xor_random1_sampler_island_local_warmup10_except_data_ro7_1000x125_strict_20260526.payload,5,4,15000,8125,6875,0.541666667,0.041666667,0.994984828,0.884522783
restart_reduced_xor_random1_sampler_island_local_warmup10_except_data_ro7_1000x125_strict_20260526.payload,5,5,15000,8144,6856,0.542933333,0.042933333,0.994674889,0.881153034
restart_reduced_xor_random1_sampler_island_local_warmup10_except_data_ro7_1000x125_strict_20260526.payload,5,6,15000,8185,6815,0.545666667,0.045666667,0.993974285,0.873908179
restart_reduced_xor_random1_sampler_island_local_warmup10_except_data_ro7_1000x125_strict_20260526.payload,5,7,15000,8091,6909,0.539400000,0.039400000,0.995516189,0.890572573
restart_reduced_xor_random1_sampler_island_local_warmup10_except_data_ro7_1000x125_strict_20260526.payload,6,0,15000,8230,6770,0.548666667,0.048666667,0.993155282,0.865998165
restart_reduced_xor_random1_sampler_island_local_warmup10_except_data_ro7_1000x125_strict_20260526.payload,6,1,15000,8215,6785,0.547666667,0.047666667,0.993434106,0.868630020
restart_reduced_xor_random1_sampler_island_local_warmup10_except_data_ro7_1000x125_strict_20260526.payload,6,2,15000,8223,6777,0.548200000,0.048200000,0.993286125,0.867225767
restart_reduced_xor_random1_sampler_island_local_warmup10_except_data_ro7_1000x125_strict_20260526.payload,6,3,15000,8165,6835,0.544333333,0.044333333,0.994321472,0.877437710
restart_reduced_xor_random1_sampler_island_local_warmup10_except_data_ro7_1000x125_strict_20260526.payload,6,4,15000,8038,6962,0.535866667,0.035866667,0.996284993,0.900054018
restart_reduced_xor_random1_sampler_island_local_warmup10_except_data_ro7_1000x125_strict_20260526.payload,6,5,15000,8131,6869,0.542066667,0.042066667,0.994887960,0.883457801
restart_reduced_xor_random1_sampler_island_local_warmup10_except_data_ro7_1000x125_strict_20260526.payload,6,6,15000,8192,6808,0.546133333,0.046133333,0.993850326,0.872674880
restart_reduced_xor_random1_sampler_island_local_warmup10_except_data_ro7_1000x125_strict_20260526.payload,6,7,15000,8151,6849,0.543400000,0.043400000,0.994558349,0.879913529
restart_reduced_xor_random1_sampler_island_local_warmup10_except_data_ro7_1000x125_strict_20260526.payload,7,0,15000,8135,6865,0.542333333,0.042333333,0.994822865,0.882748250
restart_reduced_xor_random1_sampler_island_local_warmup10_except_data_ro7_1000x125_strict_20260526.payload,7,1,15000,8115,6885,0.541000000,0.041000000,0.995144209,0.886299501
restart_reduced_xor_random1_sampler_island_local_warmup10_except_data_ro7_1000x125_strict_20260526.payload,7,2,15000,8109,6891,0.540600000,0.040600000,0.995238598,0.887366583
restart_reduced_xor_random1_sampler_island_local_warmup10_except_data_ro7_1000x125_strict_20260526.payload,7,3,15000,8139,6861,0.542600000,0.042600000,0.994757356,0.882039047
restart_reduced_xor_random1_sampler_island_local_warmup10_except_data_ro7_1000x125_strict_20260526.payload,7,4,15000,8184,6816,0.545600000,0.045600000,0.993991890,0.874084451
restart_reduced_xor_random1_sampler_island_local_warmup10_except_data_ro7_1000x125_strict_20260526.payload,7,5,15000,8064,6936,0.537600000,0.037600000,0.995916897,0.895394957
restart_reduced_xor_random1_sampler_island_local_warmup10_except_data_ro7_1000x125_strict_20260526.payload,7,6,15000,8042,6958,0.536133333,0.036133333,0.996229498,0.899336259
restart_reduced_xor_random1_sampler_island_local_warmup10_except_data_ro7_1000x125_strict_20260526.payload,7,7,15000,8212,6788,0.547466667,0.047466667,0.993489172,0.869156968
