label,byte_index,byte_phase_mod8,bit_index,ones,zeros,p1,abs_bias,x,entropy,min_entropy
restart_reduced_xor_random1_sampler_island_local_warmup5_except_data_ro2_1000x125_strict_20260526.payload,0,0,0,602,398,0.602000000,0.102000000,602,0.969768640,0.732164608
restart_reduced_xor_random1_sampler_island_local_warmup5_except_data_ro2_1000x125_strict_20260526.payload,0,0,1,623,377,0.623000000,0.123000000,623,0.955895632,0.682695932
restart_reduced_xor_random1_sampler_island_local_warmup5_except_data_ro2_1000x125_strict_20260526.payload,0,0,2,592,408,0.592000000,0.092000000,592,0.975438353,0.756330919
restart_reduced_xor_random1_sampler_island_local_warmup5_except_data_ro2_1000x125_strict_20260526.payload,0,0,3,577,423,0.577000000,0.077000000,577,0.982824252,0.793356776
restart_reduced_xor_random1_sampler_island_local_warmup5_except_data_ro2_1000x125_strict_20260526.payload,0,0,4,591,409,0.591000000,0.091000000,591,0.975972395,0.758769964
restart_reduced_xor_random1_sampler_island_local_warmup5_except_data_ro2_1000x125_strict_20260526.payload,0,0,5,602,398,0.602000000,0.102000000,602,0.969768640,0.732164608
restart_reduced_xor_random1_sampler_island_local_warmup5_except_data_ro2_1000x125_strict_20260526.payload,0,0,6,589,411,0.589000000,0.089000000,589,0.977022579,0.763660461
restart_reduced_xor_random1_sampler_island_local_warmup5_except_data_ro2_1000x125_strict_20260526.payload,0,0,7,592,408,0.592000000,0.092000000,592,0.975438353,0.756330919
restart_reduced_xor_random1_sampler_island_local_warmup5_except_data_ro2_1000x125_strict_20260526.payload,1,1,0,620,380,0.620000000,0.120000000,620,0.958042022,0.689659879
restart_reduced_xor_random1_sampler_island_local_warmup5_except_data_ro2_1000x125_strict_20260526.payload,1,1,1,603,397,0.603000000,0.103000000,603,0.969168634,0.729770093
restart_reduced_xor_random1_sampler_island_local_warmup5_except_data_ro2_1000x125_strict_20260526.payload,1,1,2,609,391,0.609000000,0.109000000,609,0.965441852,0.715485867
restart_reduced_xor_random1_sampler_island_local_warmup5_except_data_ro2_1000x125_strict_20260526.payload,1,1,3,630,370,0.630000000,0.130000000,630,0.950672093,0.666576266
restart_reduced_xor_random1_sampler_island_local_warmup5_except_data_ro2_1000x125_strict_20260526.payload,1,1,4,588,412,0.588000000,0.088000000,588,0.977538729,0.766111940
restart_reduced_xor_random1_sampler_island_local_warmup5_except_data_ro2_1000x125_strict_20260526.payload,1,1,5,553,447,0.553000000,0.053000000,553,0.991879693,0.854648614
restart_reduced_xor_random1_sampler_island_local_warmup5_except_data_ro2_1000x125_strict_20260526.payload,1,1,6,617,383,0.617000000,0.117000000,617,0.960133301,0.696657606
restart_reduced_xor_random1_sampler_island_local_warmup5_except_data_ro2_1000x125_strict_20260526.payload,1,1,7,610,390,0.610000000,0.110000000,610,0.964799549,0.713118852
restart_reduced_xor_random1_sampler_island_local_warmup5_except_data_ro2_1000x125_strict_20260526.payload,2,2,0,547,453,0.547000000,0.047000000,547,0.993616753,0.870387262
restart_reduced_xor_random1_sampler_island_local_warmup5_except_data_ro2_1000x125_strict_20260526.payload,2,2,1,604,396,0.604000000,0.104000000,604,0.968562601,0.727379545
restart_reduced_xor_random1_sampler_island_local_warmup5_except_data_ro2_1000x125_strict_20260526.payload,2,2,2,626,374,0.626000000,0.126000000,626,0.953693958,0.675765438
restart_reduced_xor_random1_sampler_island_local_warmup5_except_data_ro2_1000x125_strict_20260526.payload,2,2,3,607,393,0.607000000,0.107000000,607,0.966708290,0.720231578
restart_reduced_xor_random1_sampler_island_local_warmup5_except_data_ro2_1000x125_strict_20260526.payload,2,2,4,605,395,0.605000000,0.105000000,605,0.967950536,0.724992953
restart_reduced_xor_random1_sampler_island_local_warmup5_except_data_ro2_1000x125_strict_20260526.payload,2,2,5,632,368,0.632000000,0.132000000,632,0.949124052,0.662003536
restart_reduced_xor_random1_sampler_island_local_warmup5_except_data_ro2_1000x125_strict_20260526.payload,2,2,6,593,407,0.593000000,0.093000000,593,0.974898337,0.753895990
restart_reduced_xor_random1_sampler_island_local_warmup5_except_data_ro2_1000x125_strict_20260526.payload,2,2,7,589,411,0.589000000,0.089000000,589,0.977022579,0.763660461
restart_reduced_xor_random1_sampler_island_local_warmup5_except_data_ro2_1000x125_strict_20260526.payload,3,3,0,604,396,0.604000000,0.104000000,604,0.968562601,0.727379545
restart_reduced_xor_random1_sampler_island_local_warmup5_except_data_ro2_1000x125_strict_20260526.payload,3,3,1,583,417,0.583000000,0.083000000,583,0.980030236,0.778432211
restart_reduced_xor_random1_sampler_island_local_warmup5_except_data_ro2_1000x125_strict_20260526.payload,3,3,2,554,446,0.554000000,0.054000000,554,0.991569769,0.852042119
restart_reduced_xor_random1_sampler_island_local_warmup5_except_data_ro2_1000x125_strict_20260526.payload,3,3,3,605,395,0.605000000,0.105000000,605,0.967950536,0.724992953
restart_reduced_xor_random1_sampler_island_local_warmup5_except_data_ro2_1000x125_strict_20260526.payload,3,3,4,649,351,0.649000000,0.149000000,649,0.934957971,0.623709617
restart_reduced_xor_random1_sampler_island_local_warmup5_except_data_ro2_1000x125_strict_20260526.payload,3,3,5,583,417,0.583000000,0.083000000,583,0.980030236,0.778432211
restart_reduced_xor_random1_sampler_island_local_warmup5_except_data_ro2_1000x125_strict_20260526.payload,3,3,6,605,395,0.605000000,0.105000000,605,0.967950536,0.724992953
restart_reduced_xor_random1_sampler_island_local_warmup5_except_data_ro2_1000x125_strict_20260526.payload,3,3,7,642,358,0.642000000,0.142000000,642,0.941010506,0.639354798
restart_reduced_xor_random1_sampler_island_local_warmup5_except_data_ro2_1000x125_strict_20260526.payload,4,4,0,635,365,0.635000000,0.135000000,635,0.946755450,0.655171503
restart_reduced_xor_random1_sampler_island_local_warmup5_except_data_ro2_1000x125_strict_20260526.payload,4,4,1,612,388,0.612000000,0.112000000,612,0.963496742,0.708396442
restart_reduced_xor_random1_sampler_island_local_warmup5_except_data_ro2_1000x125_strict_20260526.payload,4,4,2,616,384,0.616000000,0.116000000,616,0.960818175,0.698997744
restart_reduced_xor_random1_sampler_island_local_warmup5_except_data_ro2_1000x125_strict_20260526.payload,4,4,3,622,378,0.622000000,0.122000000,622,0.956617229,0.685013515
restart_reduced_xor_random1_sampler_island_local_warmup5_except_data_ro2_1000x125_strict_20260526.payload,4,4,4,588,412,0.588000000,0.088000000,588,0.977538729,0.766111940
restart_reduced_xor_random1_sampler_island_local_warmup5_except_data_ro2_1000x125_strict_20260526.payload,4,4,5,620,380,0.620000000,0.120000000,620,0.958042022,0.689659879
restart_reduced_xor_random1_sampler_island_local_warmup5_except_data_ro2_1000x125_strict_20260526.payload,4,4,6,604,396,0.604000000,0.104000000,604,0.968562601,0.727379545
restart_reduced_xor_random1_sampler_island_local_warmup5_except_data_ro2_1000x125_strict_20260526.payload,4,4,7,602,398,0.602000000,0.102000000,602,0.969768640,0.732164608
restart_reduced_xor_random1_sampler_island_local_warmup5_except_data_ro2_1000x125_strict_20260526.payload,5,5,0,606,394,0.606000000,0.106000000,606,0.967332434,0.722610301
restart_reduced_xor_random1_sampler_island_local_warmup5_except_data_ro2_1000x125_strict_20260526.payload,5,5,1,607,393,0.607000000,0.107000000,607,0.966708290,0.720231578
restart_reduced_xor_random1_sampler_island_local_warmup5_except_data_ro2_1000x125_strict_20260526.payload,5,5,2,621,379,0.621000000,0.121000000,621,0.957332691,0.687334826
restart_reduced_xor_random1_sampler_island_local_warmup5_except_data_ro2_1000x125_strict_20260526.payload,5,5,3,601,399,0.601000000,0.101000000,601,0.970362626,0.734563104
restart_reduced_xor_random1_sampler_island_local_warmup5_except_data_ro2_1000x125_strict_20260526.payload,5,5,4,599,401,0.599000000,0.099000000,599,0.971532552,0.739372092
restart_reduced_xor_random1_sampler_island_local_warmup5_except_data_ro2_1000x125_strict_20260526.payload,5,5,5,611,389,0.611000000,0.111000000,611,0.964151180,0.710755715
restart_reduced_xor_random1_sampler_island_local_warmup5_except_data_ro2_1000x125_strict_20260526.payload,5,5,6,571,429,0.571000000,0.071000000,571,0.985405468,0.808437349
restart_reduced_xor_random1_sampler_island_local_warmup5_except_data_ro2_1000x125_strict_20260526.payload,5,5,7,629,371,0.629000000,0.129000000,629,0.951436826,0.668868078
restart_reduced_xor_random1_sampler_island_local_warmup5_except_data_ro2_1000x125_strict_20260526.payload,6,6,0,600,400,0.600000000,0.100000000,600,0.970950594,0.736965594
restart_reduced_xor_random1_sampler_island_local_warmup5_except_data_ro2_1000x125_strict_20260526.payload,6,6,1,579,421,0.579000000,0.079000000,579,0.981916598,0.788364747
restart_reduced_xor_random1_sampler_island_local_warmup5_except_data_ro2_1000x125_strict_20260526.payload,6,6,2,555,445,0.555000000,0.055000000,555,0.991254007,0.849440323
restart_reduced_xor_random1_sampler_island_local_warmup5_except_data_ro2_1000x125_strict_20260526.payload,6,6,3,618,382,0.618000000,0.118000000,618,0.959442321,0.694321257
restart_reduced_xor_random1_sampler_island_local_warmup5_except_data_ro2_1000x125_strict_20260526.payload,6,6,4,654,346,0.654000000,0.154000000,654,0.930444894,0.612637459
restart_reduced_xor_random1_sampler_island_local_warmup5_except_data_ro2_1000x125_strict_20260526.payload,6,6,5,604,396,0.604000000,0.104000000,604,0.968562601,0.727379545
restart_reduced_xor_random1_sampler_island_local_warmup5_except_data_ro2_1000x125_strict_20260526.payload,6,6,6,603,397,0.603000000,0.103000000,603,0.969168634,0.729770093
restart_reduced_xor_random1_sampler_island_local_warmup5_except_data_ro2_1000x125_strict_20260526.payload,6,6,7,604,396,0.604000000,0.104000000,604,0.968562601,0.727379545
restart_reduced_xor_random1_sampler_island_local_warmup5_except_data_ro2_1000x125_strict_20260526.payload,7,7,0,627,373,0.627000000,0.127000000,627,0.952947752,0.673462652
restart_reduced_xor_random1_sampler_island_local_warmup5_except_data_ro2_1000x125_strict_20260526.payload,7,7,1,622,378,0.622000000,0.122000000,622,0.956617229,0.685013515
restart_reduced_xor_random1_sampler_island_local_warmup5_except_data_ro2_1000x125_strict_20260526.payload,7,7,2,595,405,0.595000000,0.095000000,595,0.973800369,0.749038426
restart_reduced_xor_random1_sampler_island_local_warmup5_except_data_ro2_1000x125_strict_20260526.payload,7,7,3,638,362,0.638000000,0.138000000,638,0.944330826,0.648371671
restart_reduced_xor_random1_sampler_island_local_warmup5_except_data_ro2_1000x125_strict_20260526.payload,7,7,4,582,418,0.582000000,0.082000000,582,0.980510718,0.780908942
restart_reduced_xor_random1_sampler_island_local_warmup5_except_data_ro2_1000x125_strict_20260526.payload,7,7,5,598,402,0.598000000,0.098000000,598,0.972108504,0.741782610
restart_reduced_xor_random1_sampler_island_local_warmup5_except_data_ro2_1000x125_strict_20260526.payload,7,7,6,622,378,0.622000000,0.122000000,622,0.956617229,0.685013515
restart_reduced_xor_random1_sampler_island_local_warmup5_except_data_ro2_1000x125_strict_20260526.payload,7,7,7,618,382,0.618000000,0.118000000,618,0.959442321,0.694321257
restart_reduced_xor_random1_sampler_island_local_warmup5_except_data_ro2_1000x125_strict_20260526.payload,8,0,0,599,401,0.599000000,0.099000000,599,0.971532552,0.739372092
restart_reduced_xor_random1_sampler_island_local_warmup5_except_data_ro2_1000x125_strict_20260526.payload,8,0,1,600,400,0.600000000,0.100000000,600,0.970950594,0.736965594
restart_reduced_xor_random1_sampler_island_local_warmup5_except_data_ro2_1000x125_strict_20260526.payload,8,0,2,640,360,0.640000000,0.140000000,640,0.942683189,0.643856190
restart_reduced_xor_random1_sampler_island_local_warmup5_except_data_ro2_1000x125_strict_20260526.payload,8,0,3,627,373,0.627000000,0.127000000,627,0.952947752,0.673462652
restart_reduced_xor_random1_sampler_island_local_warmup5_except_data_ro2_1000x125_strict_20260526.payload,8,0,4,613,387,0.613000000,0.113000000,613,0.962836228,0.706041021
restart_reduced_xor_random1_sampler_island_local_warmup5_except_data_ro2_1000x125_strict_20260526.payload,8,0,5,582,418,0.582000000,0.082000000,582,0.980510718,0.780908942
restart_reduced_xor_random1_sampler_island_local_warmup5_except_data_ro2_1000x125_strict_20260526.payload,8,0,6,596,404,0.596000000,0.096000000,596,0.973242407,0.746615764
restart_reduced_xor_random1_sampler_island_local_warmup5_except_data_ro2_1000x125_strict_20260526.payload,8,0,7,605,395,0.605000000,0.105000000,605,0.967950536,0.724992953
restart_reduced_xor_random1_sampler_island_local_warmup5_except_data_ro2_1000x125_strict_20260526.payload,9,1,0,590,410,0.590000000,0.090000000,590,0.976500469,0.761213140
restart_reduced_xor_random1_sampler_island_local_warmup5_except_data_ro2_1000x125_strict_20260526.payload,9,1,1,615,385,0.615000000,0.115000000,615,0.961496951,0.701341684
restart_reduced_xor_random1_sampler_island_local_warmup5_except_data_ro2_1000x125_strict_20260526.payload,9,1,2,597,403,0.597000000,0.097000000,597,0.972678454,0.744197163
restart_reduced_xor_random1_sampler_island_local_warmup5_except_data_ro2_1000x125_strict_20260526.payload,9,1,3,592,408,0.592000000,0.092000000,592,0.975438353,0.756330919
restart_reduced_xor_random1_sampler_island_local_warmup5_except_data_ro2_1000x125_strict_20260526.payload,9,1,4,588,412,0.588000000,0.088000000,588,0.977538729,0.766111940
restart_reduced_xor_random1_sampler_island_local_warmup5_except_data_ro2_1000x125_strict_20260526.payload,9,1,5,605,395,0.605000000,0.105000000,605,0.967950536,0.724992953
restart_reduced_xor_random1_sampler_island_local_warmup5_except_data_ro2_1000x125_strict_20260526.payload,9,1,6,627,373,0.627000000,0.127000000,627,0.952947752,0.673462652
restart_reduced_xor_random1_sampler_island_local_warmup5_except_data_ro2_1000x125_strict_20260526.payload,9,1,7,602,398,0.602000000,0.102000000,602,0.969768640,0.732164608
restart_reduced_xor_random1_sampler_island_local_warmup5_except_data_ro2_1000x125_strict_20260526.payload,10,2,0,614,386,0.614000000,0.114000000,614,0.962169633,0.703689439
restart_reduced_xor_random1_sampler_island_local_warmup5_except_data_ro2_1000x125_strict_20260526.payload,10,2,1,620,380,0.620000000,0.120000000,620,0.958042022,0.689659879
restart_reduced_xor_random1_sampler_island_local_warmup5_except_data_ro2_1000x125_strict_20260526.payload,10,2,2,636,364,0.636000000,0.136000000,636,0.945953476,0.652901329
restart_reduced_xor_random1_sampler_island_local_warmup5_except_data_ro2_1000x125_strict_20260526.payload,10,2,3,624,376,0.624000000,0.124000000,624,0.955167892,0.680382066
restart_reduced_xor_random1_sampler_island_local_warmup5_except_data_ro2_1000x125_strict_20260526.payload,10,2,4,601,399,0.601000000,0.101000000,601,0.970362626,0.734563104
restart_reduced_xor_random1_sampler_island_local_warmup5_except_data_ro2_1000x125_strict_20260526.payload,10,2,5,591,409,0.591000000,0.091000000,591,0.975972395,0.758769964
restart_reduced_xor_random1_sampler_island_local_warmup5_except_data_ro2_1000x125_strict_20260526.payload,10,2,6,612,388,0.612000000,0.112000000,612,0.963496742,0.708396442
restart_reduced_xor_random1_sampler_island_local_warmup5_except_data_ro2_1000x125_strict_20260526.payload,10,2,7,607,393,0.607000000,0.107000000,607,0.966708290,0.720231578
restart_reduced_xor_random1_sampler_island_local_warmup5_except_data_ro2_1000x125_strict_20260526.payload,11,3,0,617,383,0.617000000,0.117000000,617,0.960133301,0.696657606
restart_reduced_xor_random1_sampler_island_local_warmup5_except_data_ro2_1000x125_strict_20260526.payload,11,3,1,583,417,0.583000000,0.083000000,583,0.980030236,0.778432211
restart_reduced_xor_random1_sampler_island_local_warmup5_except_data_ro2_1000x125_strict_20260526.payload,11,3,2,606,394,0.606000000,0.106000000,606,0.967332434,0.722610301
restart_reduced_xor_random1_sampler_island_local_warmup5_except_data_ro2_1000x125_strict_20260526.payload,11,3,3,618,382,0.618000000,0.118000000,618,0.959442321,0.694321257
restart_reduced_xor_random1_sampler_island_local_warmup5_except_data_ro2_1000x125_strict_20260526.payload,11,3,4,594,406,0.594000000,0.094000000,594,0.974352345,0.751465164
restart_reduced_xor_random1_sampler_island_local_warmup5_except_data_ro2_1000x125_strict_20260526.payload,11,3,5,569,431,0.569000000,0.069000000,569,0.986218720,0.813499442
restart_reduced_xor_random1_sampler_island_local_warmup5_except_data_ro2_1000x125_strict_20260526.payload,11,3,6,586,414,0.586000000,0.086000000,586,0.978553168,0.771027430
restart_reduced_xor_random1_sampler_island_local_warmup5_except_data_ro2_1000x125_strict_20260526.payload,11,3,7,587,413,0.587000000,0.087000000,587,0.978048924,0.768567592
restart_reduced_xor_random1_sampler_island_local_warmup5_except_data_ro2_1000x125_strict_20260526.payload,12,4,0,583,417,0.583000000,0.083000000,583,0.980030236,0.778432211
restart_reduced_xor_random1_sampler_island_local_warmup5_except_data_ro2_1000x125_strict_20260526.payload,12,4,1,594,406,0.594000000,0.094000000,594,0.974352345,0.751465164
restart_reduced_xor_random1_sampler_island_local_warmup5_except_data_ro2_1000x125_strict_20260526.payload,12,4,2,603,397,0.603000000,0.103000000,603,0.969168634,0.729770093
restart_reduced_xor_random1_sampler_island_local_warmup5_except_data_ro2_1000x125_strict_20260526.payload,12,4,3,588,412,0.588000000,0.088000000,588,0.977538729,0.766111940
restart_reduced_xor_random1_sampler_island_local_warmup5_except_data_ro2_1000x125_strict_20260526.payload,12,4,4,636,364,0.636000000,0.136000000,636,0.945953476,0.652901329
restart_reduced_xor_random1_sampler_island_local_warmup5_except_data_ro2_1000x125_strict_20260526.payload,12,4,5,617,383,0.617000000,0.117000000,617,0.960133301,0.696657606
restart_reduced_xor_random1_sampler_island_local_warmup5_except_data_ro2_1000x125_strict_20260526.payload,12,4,6,581,419,0.581000000,0.081000000,581,0.980985270,0.783389931
restart_reduced_xor_random1_sampler_island_local_warmup5_except_data_ro2_1000x125_strict_20260526.payload,12,4,7,613,387,0.613000000,0.113000000,613,0.962836228,0.706041021
restart_reduced_xor_random1_sampler_island_local_warmup5_except_data_ro2_1000x125_strict_20260526.payload,13,5,0,599,401,0.599000000,0.099000000,599,0.971532552,0.739372092
restart_reduced_xor_random1_sampler_island_local_warmup5_except_data_ro2_1000x125_strict_20260526.payload,13,5,1,608,392,0.608000000,0.108000000,608,0.966078098,0.717856771
restart_reduced_xor_random1_sampler_island_local_warmup5_except_data_ro2_1000x125_strict_20260526.payload,13,5,2,586,414,0.586000000,0.086000000,586,0.978553168,0.771027430
restart_reduced_xor_random1_sampler_island_local_warmup5_except_data_ro2_1000x125_strict_20260526.payload,13,5,3,593,407,0.593000000,0.093000000,593,0.974898337,0.753895990
restart_reduced_xor_random1_sampler_island_local_warmup5_except_data_ro2_1000x125_strict_20260526.payload,13,5,4,580,420,0.580000000,0.080000000,580,0.981453895,0.785875195
restart_reduced_xor_random1_sampler_island_local_warmup5_except_data_ro2_1000x125_strict_20260526.payload,13,5,5,567,433,0.567000000,0.067000000,567,0.987008440,0.818579360
restart_reduced_xor_random1_sampler_island_local_warmup5_except_data_ro2_1000x125_strict_20260526.payload,13,5,6,586,414,0.586000000,0.086000000,586,0.978553168,0.771027430
restart_reduced_xor_random1_sampler_island_local_warmup5_except_data_ro2_1000x125_strict_20260526.payload,13,5,7,597,403,0.597000000,0.097000000,597,0.972678454,0.744197163
restart_reduced_xor_random1_sampler_island_local_warmup5_except_data_ro2_1000x125_strict_20260526.payload,14,6,0,560,440,0.560000000,0.060000000,560,0.989587521,0.836501268
restart_reduced_xor_random1_sampler_island_local_warmup5_except_data_ro2_1000x125_strict_20260526.payload,14,6,1,567,433,0.567000000,0.067000000,567,0.987008440,0.818579360
restart_reduced_xor_random1_sampler_island_local_warmup5_except_data_ro2_1000x125_strict_20260526.payload,14,6,2,593,407,0.593000000,0.093000000,593,0.974898337,0.753895990
restart_reduced_xor_random1_sampler_island_local_warmup5_except_data_ro2_1000x125_strict_20260526.payload,14,6,3,605,395,0.605000000,0.105000000,605,0.967950536,0.724992953
restart_reduced_xor_random1_sampler_island_local_warmup5_except_data_ro2_1000x125_strict_20260526.payload,14,6,4,594,406,0.594000000,0.094000000,594,0.974352345,0.751465164
restart_reduced_xor_random1_sampler_island_local_warmup5_except_data_ro2_1000x125_strict_20260526.payload,14,6,5,623,377,0.623000000,0.123000000,623,0.955895632,0.682695932
restart_reduced_xor_random1_sampler_island_local_warmup5_except_data_ro2_1000x125_strict_20260526.payload,14,6,6,605,395,0.605000000,0.105000000,605,0.967950536,0.724992953
restart_reduced_xor_random1_sampler_island_local_warmup5_except_data_ro2_1000x125_strict_20260526.payload,14,6,7,593,407,0.593000000,0.093000000,593,0.974898337,0.753895990
restart_reduced_xor_random1_sampler_island_local_warmup5_except_data_ro2_1000x125_strict_20260526.payload,15,7,0,596,404,0.596000000,0.096000000,596,0.973242407,0.746615764
restart_reduced_xor_random1_sampler_island_local_warmup5_except_data_ro2_1000x125_strict_20260526.payload,15,7,1,582,418,0.582000000,0.082000000,582,0.980510718,0.780908942
restart_reduced_xor_random1_sampler_island_local_warmup5_except_data_ro2_1000x125_strict_20260526.payload,15,7,2,584,416,0.584000000,0.084000000,584,0.979543820,0.775959726
restart_reduced_xor_random1_sampler_island_local_warmup5_except_data_ro2_1000x125_strict_20260526.payload,15,7,3,575,425,0.575000000,0.075000000,575,0.983708263,0.798366139
restart_reduced_xor_random1_sampler_island_local_warmup5_except_data_ro2_1000x125_strict_20260526.payload,15,7,4,581,419,0.581000000,0.081000000,581,0.980985270,0.783389931
restart_reduced_xor_random1_sampler_island_local_warmup5_except_data_ro2_1000x125_strict_20260526.payload,15,7,5,590,410,0.590000000,0.090000000,590,0.976500469,0.761213140
restart_reduced_xor_random1_sampler_island_local_warmup5_except_data_ro2_1000x125_strict_20260526.payload,15,7,6,592,408,0.592000000,0.092000000,592,0.975438353,0.756330919
restart_reduced_xor_random1_sampler_island_local_warmup5_except_data_ro2_1000x125_strict_20260526.payload,15,7,7,568,432,0.568000000,0.068000000,568,0.986616520,0.816037165
restart_reduced_xor_random1_sampler_island_local_warmup5_except_data_ro2_1000x125_strict_20260526.payload,16,0,0,606,394,0.606000000,0.106000000,606,0.967332434,0.722610301
restart_reduced_xor_random1_sampler_island_local_warmup5_except_data_ro2_1000x125_strict_20260526.payload,16,0,1,605,395,0.605000000,0.105000000,605,0.967950536,0.724992953
restart_reduced_xor_random1_sampler_island_local_warmup5_except_data_ro2_1000x125_strict_20260526.payload,16,0,2,592,408,0.592000000,0.092000000,592,0.975438353,0.756330919
restart_reduced_xor_random1_sampler_island_local_warmup5_except_data_ro2_1000x125_strict_20260526.payload,16,0,3,592,408,0.592000000,0.092000000,592,0.975438353,0.756330919
restart_reduced_xor_random1_sampler_island_local_warmup5_except_data_ro2_1000x125_strict_20260526.payload,16,0,4,601,399,0.601000000,0.101000000,601,0.970362626,0.734563104
restart_reduced_xor_random1_sampler_island_local_warmup5_except_data_ro2_1000x125_strict_20260526.payload,16,0,5,557,443,0.557000000,0.057000000,557,0.990604956,0.844250767
restart_reduced_xor_random1_sampler_island_local_warmup5_except_data_ro2_1000x125_strict_20260526.payload,16,0,6,593,407,0.593000000,0.093000000,593,0.974898337,0.753895990
restart_reduced_xor_random1_sampler_island_local_warmup5_except_data_ro2_1000x125_strict_20260526.payload,16,0,7,620,380,0.620000000,0.120000000,620,0.958042022,0.689659879
restart_reduced_xor_random1_sampler_island_local_warmup5_except_data_ro2_1000x125_strict_20260526.payload,17,1,0,593,407,0.593000000,0.093000000,593,0.974898337,0.753895990
restart_reduced_xor_random1_sampler_island_local_warmup5_except_data_ro2_1000x125_strict_20260526.payload,17,1,1,586,414,0.586000000,0.086000000,586,0.978553168,0.771027430
restart_reduced_xor_random1_sampler_island_local_warmup5_except_data_ro2_1000x125_strict_20260526.payload,17,1,2,637,363,0.637000000,0.137000000,637,0.945145271,0.650634722
restart_reduced_xor_random1_sampler_island_local_warmup5_except_data_ro2_1000x125_strict_20260526.payload,17,1,3,639,361,0.639000000,0.139000000,639,0.943510135,0.646112164
restart_reduced_xor_random1_sampler_island_local_warmup5_except_data_ro2_1000x125_strict_20260526.payload,17,1,4,613,387,0.613000000,0.113000000,613,0.962836228,0.706041021
restart_reduced_xor_random1_sampler_island_local_warmup5_except_data_ro2_1000x125_strict_20260526.payload,17,1,5,612,388,0.612000000,0.112000000,612,0.963496742,0.708396442
restart_reduced_xor_random1_sampler_island_local_warmup5_except_data_ro2_1000x125_strict_20260526.payload,17,1,6,603,397,0.603000000,0.103000000,603,0.969168634,0.729770093
restart_reduced_xor_random1_sampler_island_local_warmup5_except_data_ro2_1000x125_strict_20260526.payload,17,1,7,581,419,0.581000000,0.081000000,581,0.980985270,0.783389931
restart_reduced_xor_random1_sampler_island_local_warmup5_except_data_ro2_1000x125_strict_20260526.payload,18,2,0,573,427,0.573000000,0.073000000,573,0.984568658,0.803392956
restart_reduced_xor_random1_sampler_island_local_warmup5_except_data_ro2_1000x125_strict_20260526.payload,18,2,1,577,423,0.577000000,0.077000000,577,0.982824252,0.793356776
restart_reduced_xor_random1_sampler_island_local_warmup5_except_data_ro2_1000x125_strict_20260526.payload,18,2,2,592,408,0.592000000,0.092000000,592,0.975438353,0.756330919
restart_reduced_xor_random1_sampler_island_local_warmup5_except_data_ro2_1000x125_strict_20260526.payload,18,2,3,579,421,0.579000000,0.079000000,579,0.981916598,0.788364747
restart_reduced_xor_random1_sampler_island_local_warmup5_except_data_ro2_1000x125_strict_20260526.payload,18,2,4,590,410,0.590000000,0.090000000,590,0.976500469,0.761213140
restart_reduced_xor_random1_sampler_island_local_warmup5_except_data_ro2_1000x125_strict_20260526.payload,18,2,5,582,418,0.582000000,0.082000000,582,0.980510718,0.780908942
restart_reduced_xor_random1_sampler_island_local_warmup5_except_data_ro2_1000x125_strict_20260526.payload,18,2,6,576,424,0.576000000,0.076000000,576,0.983269211,0.795859283
restart_reduced_xor_random1_sampler_island_local_warmup5_except_data_ro2_1000x125_strict_20260526.payload,18,2,7,596,404,0.596000000,0.096000000,596,0.973242407,0.746615764
restart_reduced_xor_random1_sampler_island_local_warmup5_except_data_ro2_1000x125_strict_20260526.payload,19,3,0,615,385,0.615000000,0.115000000,615,0.961496951,0.701341684
restart_reduced_xor_random1_sampler_island_local_warmup5_except_data_ro2_1000x125_strict_20260526.payload,19,3,1,613,387,0.613000000,0.113000000,613,0.962836228,0.706041021
restart_reduced_xor_random1_sampler_island_local_warmup5_except_data_ro2_1000x125_strict_20260526.payload,19,3,2,599,401,0.599000000,0.099000000,599,0.971532552,0.739372092
restart_reduced_xor_random1_sampler_island_local_warmup5_except_data_ro2_1000x125_strict_20260526.payload,19,3,3,581,419,0.581000000,0.081000000,581,0.980985270,0.783389931
restart_reduced_xor_random1_sampler_island_local_warmup5_except_data_ro2_1000x125_strict_20260526.payload,19,3,4,563,437,0.563000000,0.063000000,563,0.988517390,0.828793173
restart_reduced_xor_random1_sampler_island_local_warmup5_except_data_ro2_1000x125_strict_20260526.payload,19,3,5,556,444,0.556000000,0.056000000,556,0.990932404,0.846843212
restart_reduced_xor_random1_sampler_island_local_warmup5_except_data_ro2_1000x125_strict_20260526.payload,19,3,6,589,411,0.589000000,0.089000000,589,0.977022579,0.763660461
restart_reduced_xor_random1_sampler_island_local_warmup5_except_data_ro2_1000x125_strict_20260526.payload,19,3,7,585,415,0.585000000,0.085000000,585,0.979051465,0.773491470
restart_reduced_xor_random1_sampler_island_local_warmup5_except_data_ro2_1000x125_strict_20260526.payload,20,4,0,591,409,0.591000000,0.091000000,591,0.975972395,0.758769964
restart_reduced_xor_random1_sampler_island_local_warmup5_except_data_ro2_1000x125_strict_20260526.payload,20,4,1,599,401,0.599000000,0.099000000,599,0.971532552,0.739372092
restart_reduced_xor_random1_sampler_island_local_warmup5_except_data_ro2_1000x125_strict_20260526.payload,20,4,2,597,403,0.597000000,0.097000000,597,0.972678454,0.744197163
restart_reduced_xor_random1_sampler_island_local_warmup5_except_data_ro2_1000x125_strict_20260526.payload,20,4,3,619,381,0.619000000,0.119000000,619,0.958745230,0.691988685
restart_reduced_xor_random1_sampler_island_local_warmup5_except_data_ro2_1000x125_strict_20260526.payload,20,4,4,593,407,0.593000000,0.093000000,593,0.974898337,0.753895990
restart_reduced_xor_random1_sampler_island_local_warmup5_except_data_ro2_1000x125_strict_20260526.payload,20,4,5,588,412,0.588000000,0.088000000,588,0.977538729,0.766111940
restart_reduced_xor_random1_sampler_island_local_warmup5_except_data_ro2_1000x125_strict_20260526.payload,20,4,6,587,413,0.587000000,0.087000000,587,0.978048924,0.768567592
restart_reduced_xor_random1_sampler_island_local_warmup5_except_data_ro2_1000x125_strict_20260526.payload,20,4,7,590,410,0.590000000,0.090000000,590,0.976500469,0.761213140
restart_reduced_xor_random1_sampler_island_local_warmup5_except_data_ro2_1000x125_strict_20260526.payload,21,5,0,619,381,0.619000000,0.119000000,619,0.958745230,0.691988685
restart_reduced_xor_random1_sampler_island_local_warmup5_except_data_ro2_1000x125_strict_20260526.payload,21,5,1,630,370,0.630000000,0.130000000,630,0.950672093,0.666576266
restart_reduced_xor_random1_sampler_island_local_warmup5_except_data_ro2_1000x125_strict_20260526.payload,21,5,2,625,375,0.625000000,0.125000000,625,0.954434003,0.678071905
restart_reduced_xor_random1_sampler_island_local_warmup5_except_data_ro2_1000x125_strict_20260526.payload,21,5,3,580,420,0.580000000,0.080000000,580,0.981453895,0.785875195
restart_reduced_xor_random1_sampler_island_local_warmup5_except_data_ro2_1000x125_strict_20260526.payload,21,5,4,610,390,0.610000000,0.110000000,610,0.964799549,0.713118852
restart_reduced_xor_random1_sampler_island_local_warmup5_except_data_ro2_1000x125_strict_20260526.payload,21,5,5,582,418,0.582000000,0.082000000,582,0.980510718,0.780908942
restart_reduced_xor_random1_sampler_island_local_warmup5_except_data_ro2_1000x125_strict_20260526.payload,21,5,6,580,420,0.580000000,0.080000000,580,0.981453895,0.785875195
restart_reduced_xor_random1_sampler_island_local_warmup5_except_data_ro2_1000x125_strict_20260526.payload,21,5,7,610,390,0.610000000,0.110000000,610,0.964799549,0.713118852
restart_reduced_xor_random1_sampler_island_local_warmup5_except_data_ro2_1000x125_strict_20260526.payload,22,6,0,604,396,0.604000000,0.104000000,604,0.968562601,0.727379545
restart_reduced_xor_random1_sampler_island_local_warmup5_except_data_ro2_1000x125_strict_20260526.payload,22,6,1,635,365,0.635000000,0.135000000,635,0.946755450,0.655171503
restart_reduced_xor_random1_sampler_island_local_warmup5_except_data_ro2_1000x125_strict_20260526.payload,22,6,2,619,381,0.619000000,0.119000000,619,0.958745230,0.691988685
restart_reduced_xor_random1_sampler_island_local_warmup5_except_data_ro2_1000x125_strict_20260526.payload,22,6,3,613,387,0.613000000,0.113000000,613,0.962836228,0.706041021
restart_reduced_xor_random1_sampler_island_local_warmup5_except_data_ro2_1000x125_strict_20260526.payload,22,6,4,630,370,0.630000000,0.130000000,630,0.950672093,0.666576266
restart_reduced_xor_random1_sampler_island_local_warmup5_except_data_ro2_1000x125_strict_20260526.payload,22,6,5,597,403,0.597000000,0.097000000,597,0.972678454,0.744197163
restart_reduced_xor_random1_sampler_island_local_warmup5_except_data_ro2_1000x125_strict_20260526.payload,22,6,6,577,423,0.577000000,0.077000000,577,0.982824252,0.793356776
restart_reduced_xor_random1_sampler_island_local_warmup5_except_data_ro2_1000x125_strict_20260526.payload,22,6,7,603,397,0.603000000,0.103000000,603,0.969168634,0.729770093
restart_reduced_xor_random1_sampler_island_local_warmup5_except_data_ro2_1000x125_strict_20260526.payload,23,7,0,588,412,0.588000000,0.088000000,588,0.977538729,0.766111940
restart_reduced_xor_random1_sampler_island_local_warmup5_except_data_ro2_1000x125_strict_20260526.payload,23,7,1,606,394,0.606000000,0.106000000,606,0.967332434,0.722610301
restart_reduced_xor_random1_sampler_island_local_warmup5_except_data_ro2_1000x125_strict_20260526.payload,23,7,2,607,393,0.607000000,0.107000000,607,0.966708290,0.720231578
restart_reduced_xor_random1_sampler_island_local_warmup5_except_data_ro2_1000x125_strict_20260526.payload,23,7,3,616,384,0.616000000,0.116000000,616,0.960818175,0.698997744
restart_reduced_xor_random1_sampler_island_local_warmup5_except_data_ro2_1000x125_strict_20260526.payload,23,7,4,588,412,0.588000000,0.088000000,588,0.977538729,0.766111940
restart_reduced_xor_random1_sampler_island_local_warmup5_except_data_ro2_1000x125_strict_20260526.payload,23,7,5,606,394,0.606000000,0.106000000,606,0.967332434,0.722610301
restart_reduced_xor_random1_sampler_island_local_warmup5_except_data_ro2_1000x125_strict_20260526.payload,23,7,6,622,378,0.622000000,0.122000000,622,0.956617229,0.685013515
restart_reduced_xor_random1_sampler_island_local_warmup5_except_data_ro2_1000x125_strict_20260526.payload,23,7,7,595,405,0.595000000,0.095000000,595,0.973800369,0.749038426
restart_reduced_xor_random1_sampler_island_local_warmup5_except_data_ro2_1000x125_strict_20260526.payload,24,0,0,611,389,0.611000000,0.111000000,611,0.964151180,0.710755715
restart_reduced_xor_random1_sampler_island_local_warmup5_except_data_ro2_1000x125_strict_20260526.payload,24,0,1,587,413,0.587000000,0.087000000,587,0.978048924,0.768567592
restart_reduced_xor_random1_sampler_island_local_warmup5_except_data_ro2_1000x125_strict_20260526.payload,24,0,2,596,404,0.596000000,0.096000000,596,0.973242407,0.746615764
restart_reduced_xor_random1_sampler_island_local_warmup5_except_data_ro2_1000x125_strict_20260526.payload,24,0,3,618,382,0.618000000,0.118000000,618,0.959442321,0.694321257
restart_reduced_xor_random1_sampler_island_local_warmup5_except_data_ro2_1000x125_strict_20260526.payload,24,0,4,575,425,0.575000000,0.075000000,575,0.983708263,0.798366139
restart_reduced_xor_random1_sampler_island_local_warmup5_except_data_ro2_1000x125_strict_20260526.payload,24,0,5,628,372,0.628000000,0.128000000,628,0.952195377,0.671163536
restart_reduced_xor_random1_sampler_island_local_warmup5_except_data_ro2_1000x125_strict_20260526.payload,24,0,6,624,376,0.624000000,0.124000000,624,0.955167892,0.680382066
restart_reduced_xor_random1_sampler_island_local_warmup5_except_data_ro2_1000x125_strict_20260526.payload,24,0,7,618,382,0.618000000,0.118000000,618,0.959442321,0.694321257
restart_reduced_xor_random1_sampler_island_local_warmup5_except_data_ro2_1000x125_strict_20260526.payload,25,1,0,598,402,0.598000000,0.098000000,598,0.972108504,0.741782610
restart_reduced_xor_random1_sampler_island_local_warmup5_except_data_ro2_1000x125_strict_20260526.payload,25,1,1,615,385,0.615000000,0.115000000,615,0.961496951,0.701341684
restart_reduced_xor_random1_sampler_island_local_warmup5_except_data_ro2_1000x125_strict_20260526.payload,25,1,2,594,406,0.594000000,0.094000000,594,0.974352345,0.751465164
restart_reduced_xor_random1_sampler_island_local_warmup5_except_data_ro2_1000x125_strict_20260526.payload,25,1,3,570,430,0.570000000,0.070000000,570,0.985815037,0.810966176
restart_reduced_xor_random1_sampler_island_local_warmup5_except_data_ro2_1000x125_strict_20260526.payload,25,1,4,563,437,0.563000000,0.063000000,563,0.988517390,0.828793173
restart_reduced_xor_random1_sampler_island_local_warmup5_except_data_ro2_1000x125_strict_20260526.payload,25,1,5,584,416,0.584000000,0.084000000,584,0.979543820,0.775959726
restart_reduced_xor_random1_sampler_island_local_warmup5_except_data_ro2_1000x125_strict_20260526.payload,25,1,6,618,382,0.618000000,0.118000000,618,0.959442321,0.694321257
restart_reduced_xor_random1_sampler_island_local_warmup5_except_data_ro2_1000x125_strict_20260526.payload,25,1,7,590,410,0.590000000,0.090000000,590,0.976500469,0.761213140
restart_reduced_xor_random1_sampler_island_local_warmup5_except_data_ro2_1000x125_strict_20260526.payload,26,2,0,603,397,0.603000000,0.103000000,603,0.969168634,0.729770093
restart_reduced_xor_random1_sampler_island_local_warmup5_except_data_ro2_1000x125_strict_20260526.payload,26,2,1,606,394,0.606000000,0.106000000,606,0.967332434,0.722610301
restart_reduced_xor_random1_sampler_island_local_warmup5_except_data_ro2_1000x125_strict_20260526.payload,26,2,2,610,390,0.610000000,0.110000000,610,0.964799549,0.713118852
restart_reduced_xor_random1_sampler_island_local_warmup5_except_data_ro2_1000x125_strict_20260526.payload,26,2,3,620,380,0.620000000,0.120000000,620,0.958042022,0.689659879
restart_reduced_xor_random1_sampler_island_local_warmup5_except_data_ro2_1000x125_strict_20260526.payload,26,2,4,609,391,0.609000000,0.109000000,609,0.965441852,0.715485867
restart_reduced_xor_random1_sampler_island_local_warmup5_except_data_ro2_1000x125_strict_20260526.payload,26,2,5,602,398,0.602000000,0.102000000,602,0.969768640,0.732164608
restart_reduced_xor_random1_sampler_island_local_warmup5_except_data_ro2_1000x125_strict_20260526.payload,26,2,6,610,390,0.610000000,0.110000000,610,0.964799549,0.713118852
restart_reduced_xor_random1_sampler_island_local_warmup5_except_data_ro2_1000x125_strict_20260526.payload,26,2,7,602,398,0.602000000,0.102000000,602,0.969768640,0.732164608
restart_reduced_xor_random1_sampler_island_local_warmup5_except_data_ro2_1000x125_strict_20260526.payload,27,3,0,612,388,0.612000000,0.112000000,612,0.963496742,0.708396442
restart_reduced_xor_random1_sampler_island_local_warmup5_except_data_ro2_1000x125_strict_20260526.payload,27,3,1,631,369,0.631000000,0.131000000,631,0.949901170,0.664288090
restart_reduced_xor_random1_sampler_island_local_warmup5_except_data_ro2_1000x125_strict_20260526.payload,27,3,2,618,382,0.618000000,0.118000000,618,0.959442321,0.694321257
restart_reduced_xor_random1_sampler_island_local_warmup5_except_data_ro2_1000x125_strict_20260526.payload,27,3,3,590,410,0.590000000,0.090000000,590,0.976500469,0.761213140
restart_reduced_xor_random1_sampler_island_local_warmup5_except_data_ro2_1000x125_strict_20260526.payload,27,3,4,614,386,0.614000000,0.114000000,614,0.962169633,0.703689439
restart_reduced_xor_random1_sampler_island_local_warmup5_except_data_ro2_1000x125_strict_20260526.payload,27,3,5,602,398,0.602000000,0.102000000,602,0.969768640,0.732164608
restart_reduced_xor_random1_sampler_island_local_warmup5_except_data_ro2_1000x125_strict_20260526.payload,27,3,6,609,391,0.609000000,0.109000000,609,0.965441852,0.715485867
restart_reduced_xor_random1_sampler_island_local_warmup5_except_data_ro2_1000x125_strict_20260526.payload,27,3,7,598,402,0.598000000,0.098000000,598,0.972108504,0.741782610
restart_reduced_xor_random1_sampler_island_local_warmup5_except_data_ro2_1000x125_strict_20260526.payload,28,4,0,595,405,0.595000000,0.095000000,595,0.973800369,0.749038426
restart_reduced_xor_random1_sampler_island_local_warmup5_except_data_ro2_1000x125_strict_20260526.payload,28,4,1,594,406,0.594000000,0.094000000,594,0.974352345,0.751465164
restart_reduced_xor_random1_sampler_island_local_warmup5_except_data_ro2_1000x125_strict_20260526.payload,28,4,2,608,392,0.608000000,0.108000000,608,0.966078098,0.717856771
restart_reduced_xor_random1_sampler_island_local_warmup5_except_data_ro2_1000x125_strict_20260526.payload,28,4,3,588,412,0.588000000,0.088000000,588,0.977538729,0.766111940
restart_reduced_xor_random1_sampler_island_local_warmup5_except_data_ro2_1000x125_strict_20260526.payload,28,4,4,608,392,0.608000000,0.108000000,608,0.966078098,0.717856771
restart_reduced_xor_random1_sampler_island_local_warmup5_except_data_ro2_1000x125_strict_20260526.payload,28,4,5,583,417,0.583000000,0.083000000,583,0.980030236,0.778432211
restart_reduced_xor_random1_sampler_island_local_warmup5_except_data_ro2_1000x125_strict_20260526.payload,28,4,6,595,405,0.595000000,0.095000000,595,0.973800369,0.749038426
restart_reduced_xor_random1_sampler_island_local_warmup5_except_data_ro2_1000x125_strict_20260526.payload,28,4,7,618,382,0.618000000,0.118000000,618,0.959442321,0.694321257
restart_reduced_xor_random1_sampler_island_local_warmup5_except_data_ro2_1000x125_strict_20260526.payload,29,5,0,611,389,0.611000000,0.111000000,611,0.964151180,0.710755715
restart_reduced_xor_random1_sampler_island_local_warmup5_except_data_ro2_1000x125_strict_20260526.payload,29,5,1,613,387,0.613000000,0.113000000,613,0.962836228,0.706041021
restart_reduced_xor_random1_sampler_island_local_warmup5_except_data_ro2_1000x125_strict_20260526.payload,29,5,2,613,387,0.613000000,0.113000000,613,0.962836228,0.706041021
restart_reduced_xor_random1_sampler_island_local_warmup5_except_data_ro2_1000x125_strict_20260526.payload,29,5,3,608,392,0.608000000,0.108000000,608,0.966078098,0.717856771
restart_reduced_xor_random1_sampler_island_local_warmup5_except_data_ro2_1000x125_strict_20260526.payload,29,5,4,600,400,0.600000000,0.100000000,600,0.970950594,0.736965594
restart_reduced_xor_random1_sampler_island_local_warmup5_except_data_ro2_1000x125_strict_20260526.payload,29,5,5,570,430,0.570000000,0.070000000,570,0.985815037,0.810966176
restart_reduced_xor_random1_sampler_island_local_warmup5_except_data_ro2_1000x125_strict_20260526.payload,29,5,6,602,398,0.602000000,0.102000000,602,0.969768640,0.732164608
restart_reduced_xor_random1_sampler_island_local_warmup5_except_data_ro2_1000x125_strict_20260526.payload,29,5,7,604,396,0.604000000,0.104000000,604,0.968562601,0.727379545
restart_reduced_xor_random1_sampler_island_local_warmup5_except_data_ro2_1000x125_strict_20260526.payload,30,6,0,591,409,0.591000000,0.091000000,591,0.975972395,0.758769964
restart_reduced_xor_random1_sampler_island_local_warmup5_except_data_ro2_1000x125_strict_20260526.payload,30,6,1,593,407,0.593000000,0.093000000,593,0.974898337,0.753895990
restart_reduced_xor_random1_sampler_island_local_warmup5_except_data_ro2_1000x125_strict_20260526.payload,30,6,2,609,391,0.609000000,0.109000000,609,0.965441852,0.715485867
restart_reduced_xor_random1_sampler_island_local_warmup5_except_data_ro2_1000x125_strict_20260526.payload,30,6,3,608,392,0.608000000,0.108000000,608,0.966078098,0.717856771
restart_reduced_xor_random1_sampler_island_local_warmup5_except_data_ro2_1000x125_strict_20260526.payload,30,6,4,610,390,0.610000000,0.110000000,610,0.964799549,0.713118852
restart_reduced_xor_random1_sampler_island_local_warmup5_except_data_ro2_1000x125_strict_20260526.payload,30,6,5,577,423,0.577000000,0.077000000,577,0.982824252,0.793356776
restart_reduced_xor_random1_sampler_island_local_warmup5_except_data_ro2_1000x125_strict_20260526.payload,30,6,6,605,395,0.605000000,0.105000000,605,0.967950536,0.724992953
restart_reduced_xor_random1_sampler_island_local_warmup5_except_data_ro2_1000x125_strict_20260526.payload,30,6,7,609,391,0.609000000,0.109000000,609,0.965441852,0.715485867
restart_reduced_xor_random1_sampler_island_local_warmup5_except_data_ro2_1000x125_strict_20260526.payload,31,7,0,603,397,0.603000000,0.103000000,603,0.969168634,0.729770093
restart_reduced_xor_random1_sampler_island_local_warmup5_except_data_ro2_1000x125_strict_20260526.payload,31,7,1,618,382,0.618000000,0.118000000,618,0.959442321,0.694321257
restart_reduced_xor_random1_sampler_island_local_warmup5_except_data_ro2_1000x125_strict_20260526.payload,31,7,2,593,407,0.593000000,0.093000000,593,0.974898337,0.753895990
restart_reduced_xor_random1_sampler_island_local_warmup5_except_data_ro2_1000x125_strict_20260526.payload,31,7,3,587,413,0.587000000,0.087000000,587,0.978048924,0.768567592
restart_reduced_xor_random1_sampler_island_local_warmup5_except_data_ro2_1000x125_strict_20260526.payload,31,7,4,602,398,0.602000000,0.102000000,602,0.969768640,0.732164608
restart_reduced_xor_random1_sampler_island_local_warmup5_except_data_ro2_1000x125_strict_20260526.payload,31,7,5,613,387,0.613000000,0.113000000,613,0.962836228,0.706041021
restart_reduced_xor_random1_sampler_island_local_warmup5_except_data_ro2_1000x125_strict_20260526.payload,31,7,6,574,426,0.574000000,0.074000000,574,0.984141411,0.800877358
restart_reduced_xor_random1_sampler_island_local_warmup5_except_data_ro2_1000x125_strict_20260526.payload,31,7,7,586,414,0.586000000,0.086000000,586,0.978553168,0.771027430
restart_reduced_xor_random1_sampler_island_local_warmup5_except_data_ro2_1000x125_strict_20260526.payload,32,0,0,593,407,0.593000000,0.093000000,593,0.974898337,0.753895990
restart_reduced_xor_random1_sampler_island_local_warmup5_except_data_ro2_1000x125_strict_20260526.payload,32,0,1,608,392,0.608000000,0.108000000,608,0.966078098,0.717856771
restart_reduced_xor_random1_sampler_island_local_warmup5_except_data_ro2_1000x125_strict_20260526.payload,32,0,2,612,388,0.612000000,0.112000000,612,0.963496742,0.708396442
restart_reduced_xor_random1_sampler_island_local_warmup5_except_data_ro2_1000x125_strict_20260526.payload,32,0,3,591,409,0.591000000,0.091000000,591,0.975972395,0.758769964
restart_reduced_xor_random1_sampler_island_local_warmup5_except_data_ro2_1000x125_strict_20260526.payload,32,0,4,589,411,0.589000000,0.089000000,589,0.977022579,0.763660461
restart_reduced_xor_random1_sampler_island_local_warmup5_except_data_ro2_1000x125_strict_20260526.payload,32,0,5,624,376,0.624000000,0.124000000,624,0.955167892,0.680382066
restart_reduced_xor_random1_sampler_island_local_warmup5_except_data_ro2_1000x125_strict_20260526.payload,32,0,6,614,386,0.614000000,0.114000000,614,0.962169633,0.703689439
restart_reduced_xor_random1_sampler_island_local_warmup5_except_data_ro2_1000x125_strict_20260526.payload,32,0,7,621,379,0.621000000,0.121000000,621,0.957332691,0.687334826
restart_reduced_xor_random1_sampler_island_local_warmup5_except_data_ro2_1000x125_strict_20260526.payload,33,1,0,616,384,0.616000000,0.116000000,616,0.960818175,0.698997744
restart_reduced_xor_random1_sampler_island_local_warmup5_except_data_ro2_1000x125_strict_20260526.payload,33,1,1,600,400,0.600000000,0.100000000,600,0.970950594,0.736965594
restart_reduced_xor_random1_sampler_island_local_warmup5_except_data_ro2_1000x125_strict_20260526.payload,33,1,2,607,393,0.607000000,0.107000000,607,0.966708290,0.720231578
restart_reduced_xor_random1_sampler_island_local_warmup5_except_data_ro2_1000x125_strict_20260526.payload,33,1,3,598,402,0.598000000,0.098000000,598,0.972108504,0.741782610
restart_reduced_xor_random1_sampler_island_local_warmup5_except_data_ro2_1000x125_strict_20260526.payload,33,1,4,632,368,0.632000000,0.132000000,632,0.949124052,0.662003536
restart_reduced_xor_random1_sampler_island_local_warmup5_except_data_ro2_1000x125_strict_20260526.payload,33,1,5,591,409,0.591000000,0.091000000,591,0.975972395,0.758769964
restart_reduced_xor_random1_sampler_island_local_warmup5_except_data_ro2_1000x125_strict_20260526.payload,33,1,6,592,408,0.592000000,0.092000000,592,0.975438353,0.756330919
restart_reduced_xor_random1_sampler_island_local_warmup5_except_data_ro2_1000x125_strict_20260526.payload,33,1,7,593,407,0.593000000,0.093000000,593,0.974898337,0.753895990
restart_reduced_xor_random1_sampler_island_local_warmup5_except_data_ro2_1000x125_strict_20260526.payload,34,2,0,610,390,0.610000000,0.110000000,610,0.964799549,0.713118852
restart_reduced_xor_random1_sampler_island_local_warmup5_except_data_ro2_1000x125_strict_20260526.payload,34,2,1,605,395,0.605000000,0.105000000,605,0.967950536,0.724992953
restart_reduced_xor_random1_sampler_island_local_warmup5_except_data_ro2_1000x125_strict_20260526.payload,34,2,2,571,429,0.571000000,0.071000000,571,0.985405468,0.808437349
restart_reduced_xor_random1_sampler_island_local_warmup5_except_data_ro2_1000x125_strict_20260526.payload,34,2,3,588,412,0.588000000,0.088000000,588,0.977538729,0.766111940
restart_reduced_xor_random1_sampler_island_local_warmup5_except_data_ro2_1000x125_strict_20260526.payload,34,2,4,612,388,0.612000000,0.112000000,612,0.963496742,0.708396442
restart_reduced_xor_random1_sampler_island_local_warmup5_except_data_ro2_1000x125_strict_20260526.payload,34,2,5,600,400,0.600000000,0.100000000,600,0.970950594,0.736965594
restart_reduced_xor_random1_sampler_island_local_warmup5_except_data_ro2_1000x125_strict_20260526.payload,34,2,6,606,394,0.606000000,0.106000000,606,0.967332434,0.722610301
restart_reduced_xor_random1_sampler_island_local_warmup5_except_data_ro2_1000x125_strict_20260526.payload,34,2,7,607,393,0.607000000,0.107000000,607,0.966708290,0.720231578
restart_reduced_xor_random1_sampler_island_local_warmup5_except_data_ro2_1000x125_strict_20260526.payload,35,3,0,605,395,0.605000000,0.105000000,605,0.967950536,0.724992953
restart_reduced_xor_random1_sampler_island_local_warmup5_except_data_ro2_1000x125_strict_20260526.payload,35,3,1,609,391,0.609000000,0.109000000,609,0.965441852,0.715485867
restart_reduced_xor_random1_sampler_island_local_warmup5_except_data_ro2_1000x125_strict_20260526.payload,35,3,2,604,396,0.604000000,0.104000000,604,0.968562601,0.727379545
restart_reduced_xor_random1_sampler_island_local_warmup5_except_data_ro2_1000x125_strict_20260526.payload,35,3,3,620,380,0.620000000,0.120000000,620,0.958042022,0.689659879
restart_reduced_xor_random1_sampler_island_local_warmup5_except_data_ro2_1000x125_strict_20260526.payload,35,3,4,605,395,0.605000000,0.105000000,605,0.967950536,0.724992953
restart_reduced_xor_random1_sampler_island_local_warmup5_except_data_ro2_1000x125_strict_20260526.payload,35,3,5,607,393,0.607000000,0.107000000,607,0.966708290,0.720231578
restart_reduced_xor_random1_sampler_island_local_warmup5_except_data_ro2_1000x125_strict_20260526.payload,35,3,6,605,395,0.605000000,0.105000000,605,0.967950536,0.724992953
restart_reduced_xor_random1_sampler_island_local_warmup5_except_data_ro2_1000x125_strict_20260526.payload,35,3,7,622,378,0.622000000,0.122000000,622,0.956617229,0.685013515
restart_reduced_xor_random1_sampler_island_local_warmup5_except_data_ro2_1000x125_strict_20260526.payload,36,4,0,592,408,0.592000000,0.092000000,592,0.975438353,0.756330919
restart_reduced_xor_random1_sampler_island_local_warmup5_except_data_ro2_1000x125_strict_20260526.payload,36,4,1,587,413,0.587000000,0.087000000,587,0.978048924,0.768567592
restart_reduced_xor_random1_sampler_island_local_warmup5_except_data_ro2_1000x125_strict_20260526.payload,36,4,2,612,388,0.612000000,0.112000000,612,0.963496742,0.708396442
restart_reduced_xor_random1_sampler_island_local_warmup5_except_data_ro2_1000x125_strict_20260526.payload,36,4,3,596,404,0.596000000,0.096000000,596,0.973242407,0.746615764
restart_reduced_xor_random1_sampler_island_local_warmup5_except_data_ro2_1000x125_strict_20260526.payload,36,4,4,587,413,0.587000000,0.087000000,587,0.978048924,0.768567592
restart_reduced_xor_random1_sampler_island_local_warmup5_except_data_ro2_1000x125_strict_20260526.payload,36,4,5,595,405,0.595000000,0.095000000,595,0.973800369,0.749038426
restart_reduced_xor_random1_sampler_island_local_warmup5_except_data_ro2_1000x125_strict_20260526.payload,36,4,6,612,388,0.612000000,0.112000000,612,0.963496742,0.708396442
restart_reduced_xor_random1_sampler_island_local_warmup5_except_data_ro2_1000x125_strict_20260526.payload,36,4,7,601,399,0.601000000,0.101000000,601,0.970362626,0.734563104
restart_reduced_xor_random1_sampler_island_local_warmup5_except_data_ro2_1000x125_strict_20260526.payload,37,5,0,605,395,0.605000000,0.105000000,605,0.967950536,0.724992953
restart_reduced_xor_random1_sampler_island_local_warmup5_except_data_ro2_1000x125_strict_20260526.payload,37,5,1,602,398,0.602000000,0.102000000,602,0.969768640,0.732164608
restart_reduced_xor_random1_sampler_island_local_warmup5_except_data_ro2_1000x125_strict_20260526.payload,37,5,2,571,429,0.571000000,0.071000000,571,0.985405468,0.808437349
restart_reduced_xor_random1_sampler_island_local_warmup5_except_data_ro2_1000x125_strict_20260526.payload,37,5,3,598,402,0.598000000,0.098000000,598,0.972108504,0.741782610
restart_reduced_xor_random1_sampler_island_local_warmup5_except_data_ro2_1000x125_strict_20260526.payload,37,5,4,564,436,0.564000000,0.064000000,564,0.988148956,0.826232932
restart_reduced_xor_random1_sampler_island_local_warmup5_except_data_ro2_1000x125_strict_20260526.payload,37,5,5,573,427,0.573000000,0.073000000,573,0.984568658,0.803392956
restart_reduced_xor_random1_sampler_island_local_warmup5_except_data_ro2_1000x125_strict_20260526.payload,37,5,6,593,407,0.593000000,0.093000000,593,0.974898337,0.753895990
restart_reduced_xor_random1_sampler_island_local_warmup5_except_data_ro2_1000x125_strict_20260526.payload,37,5,7,607,393,0.607000000,0.107000000,607,0.966708290,0.720231578
restart_reduced_xor_random1_sampler_island_local_warmup5_except_data_ro2_1000x125_strict_20260526.payload,38,6,0,571,429,0.571000000,0.071000000,571,0.985405468,0.808437349
restart_reduced_xor_random1_sampler_island_local_warmup5_except_data_ro2_1000x125_strict_20260526.payload,38,6,1,574,426,0.574000000,0.074000000,574,0.984141411,0.800877358
restart_reduced_xor_random1_sampler_island_local_warmup5_except_data_ro2_1000x125_strict_20260526.payload,38,6,2,610,390,0.610000000,0.110000000,610,0.964799549,0.713118852
restart_reduced_xor_random1_sampler_island_local_warmup5_except_data_ro2_1000x125_strict_20260526.payload,38,6,3,591,409,0.591000000,0.091000000,591,0.975972395,0.758769964
restart_reduced_xor_random1_sampler_island_local_warmup5_except_data_ro2_1000x125_strict_20260526.payload,38,6,4,589,411,0.589000000,0.089000000,589,0.977022579,0.763660461
restart_reduced_xor_random1_sampler_island_local_warmup5_except_data_ro2_1000x125_strict_20260526.payload,38,6,5,608,392,0.608000000,0.108000000,608,0.966078098,0.717856771
restart_reduced_xor_random1_sampler_island_local_warmup5_except_data_ro2_1000x125_strict_20260526.payload,38,6,6,597,403,0.597000000,0.097000000,597,0.972678454,0.744197163
restart_reduced_xor_random1_sampler_island_local_warmup5_except_data_ro2_1000x125_strict_20260526.payload,38,6,7,611,389,0.611000000,0.111000000,611,0.964151180,0.710755715
restart_reduced_xor_random1_sampler_island_local_warmup5_except_data_ro2_1000x125_strict_20260526.payload,39,7,0,586,414,0.586000000,0.086000000,586,0.978553168,0.771027430
restart_reduced_xor_random1_sampler_island_local_warmup5_except_data_ro2_1000x125_strict_20260526.payload,39,7,1,602,398,0.602000000,0.102000000,602,0.969768640,0.732164608
restart_reduced_xor_random1_sampler_island_local_warmup5_except_data_ro2_1000x125_strict_20260526.payload,39,7,2,612,388,0.612000000,0.112000000,612,0.963496742,0.708396442
restart_reduced_xor_random1_sampler_island_local_warmup5_except_data_ro2_1000x125_strict_20260526.payload,39,7,3,628,372,0.628000000,0.128000000,628,0.952195377,0.671163536
restart_reduced_xor_random1_sampler_island_local_warmup5_except_data_ro2_1000x125_strict_20260526.payload,39,7,4,608,392,0.608000000,0.108000000,608,0.966078098,0.717856771
restart_reduced_xor_random1_sampler_island_local_warmup5_except_data_ro2_1000x125_strict_20260526.payload,39,7,5,587,413,0.587000000,0.087000000,587,0.978048924,0.768567592
restart_reduced_xor_random1_sampler_island_local_warmup5_except_data_ro2_1000x125_strict_20260526.payload,39,7,6,600,400,0.600000000,0.100000000,600,0.970950594,0.736965594
restart_reduced_xor_random1_sampler_island_local_warmup5_except_data_ro2_1000x125_strict_20260526.payload,39,7,7,611,389,0.611000000,0.111000000,611,0.964151180,0.710755715
restart_reduced_xor_random1_sampler_island_local_warmup5_except_data_ro2_1000x125_strict_20260526.payload,40,0,0,593,407,0.593000000,0.093000000,593,0.974898337,0.753895990
restart_reduced_xor_random1_sampler_island_local_warmup5_except_data_ro2_1000x125_strict_20260526.payload,40,0,1,597,403,0.597000000,0.097000000,597,0.972678454,0.744197163
restart_reduced_xor_random1_sampler_island_local_warmup5_except_data_ro2_1000x125_strict_20260526.payload,40,0,2,609,391,0.609000000,0.109000000,609,0.965441852,0.715485867
restart_reduced_xor_random1_sampler_island_local_warmup5_except_data_ro2_1000x125_strict_20260526.payload,40,0,3,590,410,0.590000000,0.090000000,590,0.976500469,0.761213140
restart_reduced_xor_random1_sampler_island_local_warmup5_except_data_ro2_1000x125_strict_20260526.payload,40,0,4,612,388,0.612000000,0.112000000,612,0.963496742,0.708396442
restart_reduced_xor_random1_sampler_island_local_warmup5_except_data_ro2_1000x125_strict_20260526.payload,40,0,5,628,372,0.628000000,0.128000000,628,0.952195377,0.671163536
restart_reduced_xor_random1_sampler_island_local_warmup5_except_data_ro2_1000x125_strict_20260526.payload,40,0,6,605,395,0.605000000,0.105000000,605,0.967950536,0.724992953
restart_reduced_xor_random1_sampler_island_local_warmup5_except_data_ro2_1000x125_strict_20260526.payload,40,0,7,592,408,0.592000000,0.092000000,592,0.975438353,0.756330919
restart_reduced_xor_random1_sampler_island_local_warmup5_except_data_ro2_1000x125_strict_20260526.payload,41,1,0,593,407,0.593000000,0.093000000,593,0.974898337,0.753895990
restart_reduced_xor_random1_sampler_island_local_warmup5_except_data_ro2_1000x125_strict_20260526.payload,41,1,1,576,424,0.576000000,0.076000000,576,0.983269211,0.795859283
restart_reduced_xor_random1_sampler_island_local_warmup5_except_data_ro2_1000x125_strict_20260526.payload,41,1,2,567,433,0.567000000,0.067000000,567,0.987008440,0.818579360
restart_reduced_xor_random1_sampler_island_local_warmup5_except_data_ro2_1000x125_strict_20260526.payload,41,1,3,611,389,0.611000000,0.111000000,611,0.964151180,0.710755715
restart_reduced_xor_random1_sampler_island_local_warmup5_except_data_ro2_1000x125_strict_20260526.payload,41,1,4,613,387,0.613000000,0.113000000,613,0.962836228,0.706041021
restart_reduced_xor_random1_sampler_island_local_warmup5_except_data_ro2_1000x125_strict_20260526.payload,41,1,5,595,405,0.595000000,0.095000000,595,0.973800369,0.749038426
restart_reduced_xor_random1_sampler_island_local_warmup5_except_data_ro2_1000x125_strict_20260526.payload,41,1,6,595,405,0.595000000,0.095000000,595,0.973800369,0.749038426
restart_reduced_xor_random1_sampler_island_local_warmup5_except_data_ro2_1000x125_strict_20260526.payload,41,1,7,608,392,0.608000000,0.108000000,608,0.966078098,0.717856771
restart_reduced_xor_random1_sampler_island_local_warmup5_except_data_ro2_1000x125_strict_20260526.payload,42,2,0,611,389,0.611000000,0.111000000,611,0.964151180,0.710755715
restart_reduced_xor_random1_sampler_island_local_warmup5_except_data_ro2_1000x125_strict_20260526.payload,42,2,1,614,386,0.614000000,0.114000000,614,0.962169633,0.703689439
restart_reduced_xor_random1_sampler_island_local_warmup5_except_data_ro2_1000x125_strict_20260526.payload,42,2,2,586,414,0.586000000,0.086000000,586,0.978553168,0.771027430
restart_reduced_xor_random1_sampler_island_local_warmup5_except_data_ro2_1000x125_strict_20260526.payload,42,2,3,617,383,0.617000000,0.117000000,617,0.960133301,0.696657606
restart_reduced_xor_random1_sampler_island_local_warmup5_except_data_ro2_1000x125_strict_20260526.payload,42,2,4,592,408,0.592000000,0.092000000,592,0.975438353,0.756330919
restart_reduced_xor_random1_sampler_island_local_warmup5_except_data_ro2_1000x125_strict_20260526.payload,42,2,5,581,419,0.581000000,0.081000000,581,0.980985270,0.783389931
restart_reduced_xor_random1_sampler_island_local_warmup5_except_data_ro2_1000x125_strict_20260526.payload,42,2,6,609,391,0.609000000,0.109000000,609,0.965441852,0.715485867
restart_reduced_xor_random1_sampler_island_local_warmup5_except_data_ro2_1000x125_strict_20260526.payload,42,2,7,577,423,0.577000000,0.077000000,577,0.982824252,0.793356776
restart_reduced_xor_random1_sampler_island_local_warmup5_except_data_ro2_1000x125_strict_20260526.payload,43,3,0,607,393,0.607000000,0.107000000,607,0.966708290,0.720231578
restart_reduced_xor_random1_sampler_island_local_warmup5_except_data_ro2_1000x125_strict_20260526.payload,43,3,1,587,413,0.587000000,0.087000000,587,0.978048924,0.768567592
restart_reduced_xor_random1_sampler_island_local_warmup5_except_data_ro2_1000x125_strict_20260526.payload,43,3,2,610,390,0.610000000,0.110000000,610,0.964799549,0.713118852
restart_reduced_xor_random1_sampler_island_local_warmup5_except_data_ro2_1000x125_strict_20260526.payload,43,3,3,599,401,0.599000000,0.099000000,599,0.971532552,0.739372092
restart_reduced_xor_random1_sampler_island_local_warmup5_except_data_ro2_1000x125_strict_20260526.payload,43,3,4,594,406,0.594000000,0.094000000,594,0.974352345,0.751465164
restart_reduced_xor_random1_sampler_island_local_warmup5_except_data_ro2_1000x125_strict_20260526.payload,43,3,5,624,376,0.624000000,0.124000000,624,0.955167892,0.680382066
restart_reduced_xor_random1_sampler_island_local_warmup5_except_data_ro2_1000x125_strict_20260526.payload,43,3,6,590,410,0.590000000,0.090000000,590,0.976500469,0.761213140
restart_reduced_xor_random1_sampler_island_local_warmup5_except_data_ro2_1000x125_strict_20260526.payload,43,3,7,589,411,0.589000000,0.089000000,589,0.977022579,0.763660461
restart_reduced_xor_random1_sampler_island_local_warmup5_except_data_ro2_1000x125_strict_20260526.payload,44,4,0,573,427,0.573000000,0.073000000,573,0.984568658,0.803392956
restart_reduced_xor_random1_sampler_island_local_warmup5_except_data_ro2_1000x125_strict_20260526.payload,44,4,1,604,396,0.604000000,0.104000000,604,0.968562601,0.727379545
restart_reduced_xor_random1_sampler_island_local_warmup5_except_data_ro2_1000x125_strict_20260526.payload,44,4,2,635,365,0.635000000,0.135000000,635,0.946755450,0.655171503
restart_reduced_xor_random1_sampler_island_local_warmup5_except_data_ro2_1000x125_strict_20260526.payload,44,4,3,622,378,0.622000000,0.122000000,622,0.956617229,0.685013515
restart_reduced_xor_random1_sampler_island_local_warmup5_except_data_ro2_1000x125_strict_20260526.payload,44,4,4,642,358,0.642000000,0.142000000,642,0.941010506,0.639354798
restart_reduced_xor_random1_sampler_island_local_warmup5_except_data_ro2_1000x125_strict_20260526.payload,44,4,5,621,379,0.621000000,0.121000000,621,0.957332691,0.687334826
restart_reduced_xor_random1_sampler_island_local_warmup5_except_data_ro2_1000x125_strict_20260526.payload,44,4,6,605,395,0.605000000,0.105000000,605,0.967950536,0.724992953
restart_reduced_xor_random1_sampler_island_local_warmup5_except_data_ro2_1000x125_strict_20260526.payload,44,4,7,599,401,0.599000000,0.099000000,599,0.971532552,0.739372092
restart_reduced_xor_random1_sampler_island_local_warmup5_except_data_ro2_1000x125_strict_20260526.payload,45,5,0,587,413,0.587000000,0.087000000,587,0.978048924,0.768567592
restart_reduced_xor_random1_sampler_island_local_warmup5_except_data_ro2_1000x125_strict_20260526.payload,45,5,1,601,399,0.601000000,0.101000000,601,0.970362626,0.734563104
restart_reduced_xor_random1_sampler_island_local_warmup5_except_data_ro2_1000x125_strict_20260526.payload,45,5,2,599,401,0.599000000,0.099000000,599,0.971532552,0.739372092
restart_reduced_xor_random1_sampler_island_local_warmup5_except_data_ro2_1000x125_strict_20260526.payload,45,5,3,590,410,0.590000000,0.090000000,590,0.976500469,0.761213140
restart_reduced_xor_random1_sampler_island_local_warmup5_except_data_ro2_1000x125_strict_20260526.payload,45,5,4,571,429,0.571000000,0.071000000,571,0.985405468,0.808437349
restart_reduced_xor_random1_sampler_island_local_warmup5_except_data_ro2_1000x125_strict_20260526.payload,45,5,5,616,384,0.616000000,0.116000000,616,0.960818175,0.698997744
restart_reduced_xor_random1_sampler_island_local_warmup5_except_data_ro2_1000x125_strict_20260526.payload,45,5,6,632,368,0.632000000,0.132000000,632,0.949124052,0.662003536
restart_reduced_xor_random1_sampler_island_local_warmup5_except_data_ro2_1000x125_strict_20260526.payload,45,5,7,577,423,0.577000000,0.077000000,577,0.982824252,0.793356776
restart_reduced_xor_random1_sampler_island_local_warmup5_except_data_ro2_1000x125_strict_20260526.payload,46,6,0,602,398,0.602000000,0.102000000,602,0.969768640,0.732164608
restart_reduced_xor_random1_sampler_island_local_warmup5_except_data_ro2_1000x125_strict_20260526.payload,46,6,1,608,392,0.608000000,0.108000000,608,0.966078098,0.717856771
restart_reduced_xor_random1_sampler_island_local_warmup5_except_data_ro2_1000x125_strict_20260526.payload,46,6,2,598,402,0.598000000,0.098000000,598,0.972108504,0.741782610
restart_reduced_xor_random1_sampler_island_local_warmup5_except_data_ro2_1000x125_strict_20260526.payload,46,6,3,608,392,0.608000000,0.108000000,608,0.966078098,0.717856771
restart_reduced_xor_random1_sampler_island_local_warmup5_except_data_ro2_1000x125_strict_20260526.payload,46,6,4,611,389,0.611000000,0.111000000,611,0.964151180,0.710755715
restart_reduced_xor_random1_sampler_island_local_warmup5_except_data_ro2_1000x125_strict_20260526.payload,46,6,5,618,382,0.618000000,0.118000000,618,0.959442321,0.694321257
restart_reduced_xor_random1_sampler_island_local_warmup5_except_data_ro2_1000x125_strict_20260526.payload,46,6,6,604,396,0.604000000,0.104000000,604,0.968562601,0.727379545
restart_reduced_xor_random1_sampler_island_local_warmup5_except_data_ro2_1000x125_strict_20260526.payload,46,6,7,578,422,0.578000000,0.078000000,578,0.982373383,0.790858602
restart_reduced_xor_random1_sampler_island_local_warmup5_except_data_ro2_1000x125_strict_20260526.payload,47,7,0,577,423,0.577000000,0.077000000,577,0.982824252,0.793356776
restart_reduced_xor_random1_sampler_island_local_warmup5_except_data_ro2_1000x125_strict_20260526.payload,47,7,1,610,390,0.610000000,0.110000000,610,0.964799549,0.713118852
restart_reduced_xor_random1_sampler_island_local_warmup5_except_data_ro2_1000x125_strict_20260526.payload,47,7,2,624,376,0.624000000,0.124000000,624,0.955167892,0.680382066
restart_reduced_xor_random1_sampler_island_local_warmup5_except_data_ro2_1000x125_strict_20260526.payload,47,7,3,613,387,0.613000000,0.113000000,613,0.962836228,0.706041021
restart_reduced_xor_random1_sampler_island_local_warmup5_except_data_ro2_1000x125_strict_20260526.payload,47,7,4,589,411,0.589000000,0.089000000,589,0.977022579,0.763660461
restart_reduced_xor_random1_sampler_island_local_warmup5_except_data_ro2_1000x125_strict_20260526.payload,47,7,5,590,410,0.590000000,0.090000000,590,0.976500469,0.761213140
restart_reduced_xor_random1_sampler_island_local_warmup5_except_data_ro2_1000x125_strict_20260526.payload,47,7,6,619,381,0.619000000,0.119000000,619,0.958745230,0.691988685
restart_reduced_xor_random1_sampler_island_local_warmup5_except_data_ro2_1000x125_strict_20260526.payload,47,7,7,580,420,0.580000000,0.080000000,580,0.981453895,0.785875195
restart_reduced_xor_random1_sampler_island_local_warmup5_except_data_ro2_1000x125_strict_20260526.payload,48,0,0,583,417,0.583000000,0.083000000,583,0.980030236,0.778432211
restart_reduced_xor_random1_sampler_island_local_warmup5_except_data_ro2_1000x125_strict_20260526.payload,48,0,1,592,408,0.592000000,0.092000000,592,0.975438353,0.756330919
restart_reduced_xor_random1_sampler_island_local_warmup5_except_data_ro2_1000x125_strict_20260526.payload,48,0,2,586,414,0.586000000,0.086000000,586,0.978553168,0.771027430
restart_reduced_xor_random1_sampler_island_local_warmup5_except_data_ro2_1000x125_strict_20260526.payload,48,0,3,569,431,0.569000000,0.069000000,569,0.986218720,0.813499442
restart_reduced_xor_random1_sampler_island_local_warmup5_except_data_ro2_1000x125_strict_20260526.payload,48,0,4,608,392,0.608000000,0.108000000,608,0.966078098,0.717856771
restart_reduced_xor_random1_sampler_island_local_warmup5_except_data_ro2_1000x125_strict_20260526.payload,48,0,5,593,407,0.593000000,0.093000000,593,0.974898337,0.753895990
restart_reduced_xor_random1_sampler_island_local_warmup5_except_data_ro2_1000x125_strict_20260526.payload,48,0,6,601,399,0.601000000,0.101000000,601,0.970362626,0.734563104
restart_reduced_xor_random1_sampler_island_local_warmup5_except_data_ro2_1000x125_strict_20260526.payload,48,0,7,595,405,0.595000000,0.095000000,595,0.973800369,0.749038426
restart_reduced_xor_random1_sampler_island_local_warmup5_except_data_ro2_1000x125_strict_20260526.payload,49,1,0,619,381,0.619000000,0.119000000,619,0.958745230,0.691988685
restart_reduced_xor_random1_sampler_island_local_warmup5_except_data_ro2_1000x125_strict_20260526.payload,49,1,1,618,382,0.618000000,0.118000000,618,0.959442321,0.694321257
restart_reduced_xor_random1_sampler_island_local_warmup5_except_data_ro2_1000x125_strict_20260526.payload,49,1,2,587,413,0.587000000,0.087000000,587,0.978048924,0.768567592
restart_reduced_xor_random1_sampler_island_local_warmup5_except_data_ro2_1000x125_strict_20260526.payload,49,1,3,598,402,0.598000000,0.098000000,598,0.972108504,0.741782610
restart_reduced_xor_random1_sampler_island_local_warmup5_except_data_ro2_1000x125_strict_20260526.payload,49,1,4,622,378,0.622000000,0.122000000,622,0.956617229,0.685013515
restart_reduced_xor_random1_sampler_island_local_warmup5_except_data_ro2_1000x125_strict_20260526.payload,49,1,5,607,393,0.607000000,0.107000000,607,0.966708290,0.720231578
restart_reduced_xor_random1_sampler_island_local_warmup5_except_data_ro2_1000x125_strict_20260526.payload,49,1,6,591,409,0.591000000,0.091000000,591,0.975972395,0.758769964
restart_reduced_xor_random1_sampler_island_local_warmup5_except_data_ro2_1000x125_strict_20260526.payload,49,1,7,577,423,0.577000000,0.077000000,577,0.982824252,0.793356776
restart_reduced_xor_random1_sampler_island_local_warmup5_except_data_ro2_1000x125_strict_20260526.payload,50,2,0,612,388,0.612000000,0.112000000,612,0.963496742,0.708396442
restart_reduced_xor_random1_sampler_island_local_warmup5_except_data_ro2_1000x125_strict_20260526.payload,50,2,1,591,409,0.591000000,0.091000000,591,0.975972395,0.758769964
restart_reduced_xor_random1_sampler_island_local_warmup5_except_data_ro2_1000x125_strict_20260526.payload,50,2,2,612,388,0.612000000,0.112000000,612,0.963496742,0.708396442
restart_reduced_xor_random1_sampler_island_local_warmup5_except_data_ro2_1000x125_strict_20260526.payload,50,2,3,614,386,0.614000000,0.114000000,614,0.962169633,0.703689439
restart_reduced_xor_random1_sampler_island_local_warmup5_except_data_ro2_1000x125_strict_20260526.payload,50,2,4,593,407,0.593000000,0.093000000,593,0.974898337,0.753895990
restart_reduced_xor_random1_sampler_island_local_warmup5_except_data_ro2_1000x125_strict_20260526.payload,50,2,5,593,407,0.593000000,0.093000000,593,0.974898337,0.753895990
restart_reduced_xor_random1_sampler_island_local_warmup5_except_data_ro2_1000x125_strict_20260526.payload,50,2,6,602,398,0.602000000,0.102000000,602,0.969768640,0.732164608
restart_reduced_xor_random1_sampler_island_local_warmup5_except_data_ro2_1000x125_strict_20260526.payload,50,2,7,594,406,0.594000000,0.094000000,594,0.974352345,0.751465164
restart_reduced_xor_random1_sampler_island_local_warmup5_except_data_ro2_1000x125_strict_20260526.payload,51,3,0,586,414,0.586000000,0.086000000,586,0.978553168,0.771027430
restart_reduced_xor_random1_sampler_island_local_warmup5_except_data_ro2_1000x125_strict_20260526.payload,51,3,1,580,420,0.580000000,0.080000000,580,0.981453895,0.785875195
restart_reduced_xor_random1_sampler_island_local_warmup5_except_data_ro2_1000x125_strict_20260526.payload,51,3,2,581,419,0.581000000,0.081000000,581,0.980985270,0.783389931
restart_reduced_xor_random1_sampler_island_local_warmup5_except_data_ro2_1000x125_strict_20260526.payload,51,3,3,567,433,0.567000000,0.067000000,567,0.987008440,0.818579360
restart_reduced_xor_random1_sampler_island_local_warmup5_except_data_ro2_1000x125_strict_20260526.payload,51,3,4,581,419,0.581000000,0.081000000,581,0.980985270,0.783389931
restart_reduced_xor_random1_sampler_island_local_warmup5_except_data_ro2_1000x125_strict_20260526.payload,51,3,5,590,410,0.590000000,0.090000000,590,0.976500469,0.761213140
restart_reduced_xor_random1_sampler_island_local_warmup5_except_data_ro2_1000x125_strict_20260526.payload,51,3,6,604,396,0.604000000,0.104000000,604,0.968562601,0.727379545
restart_reduced_xor_random1_sampler_island_local_warmup5_except_data_ro2_1000x125_strict_20260526.payload,51,3,7,608,392,0.608000000,0.108000000,608,0.966078098,0.717856771
restart_reduced_xor_random1_sampler_island_local_warmup5_except_data_ro2_1000x125_strict_20260526.payload,52,4,0,595,405,0.595000000,0.095000000,595,0.973800369,0.749038426
restart_reduced_xor_random1_sampler_island_local_warmup5_except_data_ro2_1000x125_strict_20260526.payload,52,4,1,599,401,0.599000000,0.099000000,599,0.971532552,0.739372092
restart_reduced_xor_random1_sampler_island_local_warmup5_except_data_ro2_1000x125_strict_20260526.payload,52,4,2,580,420,0.580000000,0.080000000,580,0.981453895,0.785875195
restart_reduced_xor_random1_sampler_island_local_warmup5_except_data_ro2_1000x125_strict_20260526.payload,52,4,3,598,402,0.598000000,0.098000000,598,0.972108504,0.741782610
restart_reduced_xor_random1_sampler_island_local_warmup5_except_data_ro2_1000x125_strict_20260526.payload,52,4,4,605,395,0.605000000,0.105000000,605,0.967950536,0.724992953
restart_reduced_xor_random1_sampler_island_local_warmup5_except_data_ro2_1000x125_strict_20260526.payload,52,4,5,601,399,0.601000000,0.101000000,601,0.970362626,0.734563104
restart_reduced_xor_random1_sampler_island_local_warmup5_except_data_ro2_1000x125_strict_20260526.payload,52,4,6,573,427,0.573000000,0.073000000,573,0.984568658,0.803392956
restart_reduced_xor_random1_sampler_island_local_warmup5_except_data_ro2_1000x125_strict_20260526.payload,52,4,7,587,413,0.587000000,0.087000000,587,0.978048924,0.768567592
restart_reduced_xor_random1_sampler_island_local_warmup5_except_data_ro2_1000x125_strict_20260526.payload,53,5,0,619,381,0.619000000,0.119000000,619,0.958745230,0.691988685
restart_reduced_xor_random1_sampler_island_local_warmup5_except_data_ro2_1000x125_strict_20260526.payload,53,5,1,619,381,0.619000000,0.119000000,619,0.958745230,0.691988685
restart_reduced_xor_random1_sampler_island_local_warmup5_except_data_ro2_1000x125_strict_20260526.payload,53,5,2,599,401,0.599000000,0.099000000,599,0.971532552,0.739372092
restart_reduced_xor_random1_sampler_island_local_warmup5_except_data_ro2_1000x125_strict_20260526.payload,53,5,3,604,396,0.604000000,0.104000000,604,0.968562601,0.727379545
restart_reduced_xor_random1_sampler_island_local_warmup5_except_data_ro2_1000x125_strict_20260526.payload,53,5,4,622,378,0.622000000,0.122000000,622,0.956617229,0.685013515
restart_reduced_xor_random1_sampler_island_local_warmup5_except_data_ro2_1000x125_strict_20260526.payload,53,5,5,580,420,0.580000000,0.080000000,580,0.981453895,0.785875195
restart_reduced_xor_random1_sampler_island_local_warmup5_except_data_ro2_1000x125_strict_20260526.payload,53,5,6,604,396,0.604000000,0.104000000,604,0.968562601,0.727379545
restart_reduced_xor_random1_sampler_island_local_warmup5_except_data_ro2_1000x125_strict_20260526.payload,53,5,7,604,396,0.604000000,0.104000000,604,0.968562601,0.727379545
restart_reduced_xor_random1_sampler_island_local_warmup5_except_data_ro2_1000x125_strict_20260526.payload,54,6,0,624,376,0.624000000,0.124000000,624,0.955167892,0.680382066
restart_reduced_xor_random1_sampler_island_local_warmup5_except_data_ro2_1000x125_strict_20260526.payload,54,6,1,589,411,0.589000000,0.089000000,589,0.977022579,0.763660461
restart_reduced_xor_random1_sampler_island_local_warmup5_except_data_ro2_1000x125_strict_20260526.payload,54,6,2,588,412,0.588000000,0.088000000,588,0.977538729,0.766111940
restart_reduced_xor_random1_sampler_island_local_warmup5_except_data_ro2_1000x125_strict_20260526.payload,54,6,3,623,377,0.623000000,0.123000000,623,0.955895632,0.682695932
restart_reduced_xor_random1_sampler_island_local_warmup5_except_data_ro2_1000x125_strict_20260526.payload,54,6,4,592,408,0.592000000,0.092000000,592,0.975438353,0.756330919
restart_reduced_xor_random1_sampler_island_local_warmup5_except_data_ro2_1000x125_strict_20260526.payload,54,6,5,584,416,0.584000000,0.084000000,584,0.979543820,0.775959726
restart_reduced_xor_random1_sampler_island_local_warmup5_except_data_ro2_1000x125_strict_20260526.payload,54,6,6,583,417,0.583000000,0.083000000,583,0.980030236,0.778432211
restart_reduced_xor_random1_sampler_island_local_warmup5_except_data_ro2_1000x125_strict_20260526.payload,54,6,7,589,411,0.589000000,0.089000000,589,0.977022579,0.763660461
restart_reduced_xor_random1_sampler_island_local_warmup5_except_data_ro2_1000x125_strict_20260526.payload,55,7,0,602,398,0.602000000,0.102000000,602,0.969768640,0.732164608
restart_reduced_xor_random1_sampler_island_local_warmup5_except_data_ro2_1000x125_strict_20260526.payload,55,7,1,607,393,0.607000000,0.107000000,607,0.966708290,0.720231578
restart_reduced_xor_random1_sampler_island_local_warmup5_except_data_ro2_1000x125_strict_20260526.payload,55,7,2,587,413,0.587000000,0.087000000,587,0.978048924,0.768567592
restart_reduced_xor_random1_sampler_island_local_warmup5_except_data_ro2_1000x125_strict_20260526.payload,55,7,3,627,373,0.627000000,0.127000000,627,0.952947752,0.673462652
restart_reduced_xor_random1_sampler_island_local_warmup5_except_data_ro2_1000x125_strict_20260526.payload,55,7,4,585,415,0.585000000,0.085000000,585,0.979051465,0.773491470
restart_reduced_xor_random1_sampler_island_local_warmup5_except_data_ro2_1000x125_strict_20260526.payload,55,7,5,583,417,0.583000000,0.083000000,583,0.980030236,0.778432211
restart_reduced_xor_random1_sampler_island_local_warmup5_except_data_ro2_1000x125_strict_20260526.payload,55,7,6,607,393,0.607000000,0.107000000,607,0.966708290,0.720231578
restart_reduced_xor_random1_sampler_island_local_warmup5_except_data_ro2_1000x125_strict_20260526.payload,55,7,7,587,413,0.587000000,0.087000000,587,0.978048924,0.768567592
restart_reduced_xor_random1_sampler_island_local_warmup5_except_data_ro2_1000x125_strict_20260526.payload,56,0,0,607,393,0.607000000,0.107000000,607,0.966708290,0.720231578
restart_reduced_xor_random1_sampler_island_local_warmup5_except_data_ro2_1000x125_strict_20260526.payload,56,0,1,592,408,0.592000000,0.092000000,592,0.975438353,0.756330919
restart_reduced_xor_random1_sampler_island_local_warmup5_except_data_ro2_1000x125_strict_20260526.payload,56,0,2,599,401,0.599000000,0.099000000,599,0.971532552,0.739372092
restart_reduced_xor_random1_sampler_island_local_warmup5_except_data_ro2_1000x125_strict_20260526.payload,56,0,3,593,407,0.593000000,0.093000000,593,0.974898337,0.753895990
restart_reduced_xor_random1_sampler_island_local_warmup5_except_data_ro2_1000x125_strict_20260526.payload,56,0,4,602,398,0.602000000,0.102000000,602,0.969768640,0.732164608
restart_reduced_xor_random1_sampler_island_local_warmup5_except_data_ro2_1000x125_strict_20260526.payload,56,0,5,577,423,0.577000000,0.077000000,577,0.982824252,0.793356776
restart_reduced_xor_random1_sampler_island_local_warmup5_except_data_ro2_1000x125_strict_20260526.payload,56,0,6,595,405,0.595000000,0.095000000,595,0.973800369,0.749038426
restart_reduced_xor_random1_sampler_island_local_warmup5_except_data_ro2_1000x125_strict_20260526.payload,56,0,7,566,434,0.566000000,0.066000000,566,0.987394484,0.821126042
restart_reduced_xor_random1_sampler_island_local_warmup5_except_data_ro2_1000x125_strict_20260526.payload,57,1,0,589,411,0.589000000,0.089000000,589,0.977022579,0.763660461
restart_reduced_xor_random1_sampler_island_local_warmup5_except_data_ro2_1000x125_strict_20260526.payload,57,1,1,583,417,0.583000000,0.083000000,583,0.980030236,0.778432211
restart_reduced_xor_random1_sampler_island_local_warmup5_except_data_ro2_1000x125_strict_20260526.payload,57,1,2,631,369,0.631000000,0.131000000,631,0.949901170,0.664288090
restart_reduced_xor_random1_sampler_island_local_warmup5_except_data_ro2_1000x125_strict_20260526.payload,57,1,3,595,405,0.595000000,0.095000000,595,0.973800369,0.749038426
restart_reduced_xor_random1_sampler_island_local_warmup5_except_data_ro2_1000x125_strict_20260526.payload,57,1,4,588,412,0.588000000,0.088000000,588,0.977538729,0.766111940
restart_reduced_xor_random1_sampler_island_local_warmup5_except_data_ro2_1000x125_strict_20260526.payload,57,1,5,587,413,0.587000000,0.087000000,587,0.978048924,0.768567592
restart_reduced_xor_random1_sampler_island_local_warmup5_except_data_ro2_1000x125_strict_20260526.payload,57,1,6,588,412,0.588000000,0.088000000,588,0.977538729,0.766111940
restart_reduced_xor_random1_sampler_island_local_warmup5_except_data_ro2_1000x125_strict_20260526.payload,57,1,7,612,388,0.612000000,0.112000000,612,0.963496742,0.708396442
restart_reduced_xor_random1_sampler_island_local_warmup5_except_data_ro2_1000x125_strict_20260526.payload,58,2,0,584,416,0.584000000,0.084000000,584,0.979543820,0.775959726
restart_reduced_xor_random1_sampler_island_local_warmup5_except_data_ro2_1000x125_strict_20260526.payload,58,2,1,595,405,0.595000000,0.095000000,595,0.973800369,0.749038426
restart_reduced_xor_random1_sampler_island_local_warmup5_except_data_ro2_1000x125_strict_20260526.payload,58,2,2,590,410,0.590000000,0.090000000,590,0.976500469,0.761213140
restart_reduced_xor_random1_sampler_island_local_warmup5_except_data_ro2_1000x125_strict_20260526.payload,58,2,3,606,394,0.606000000,0.106000000,606,0.967332434,0.722610301
restart_reduced_xor_random1_sampler_island_local_warmup5_except_data_ro2_1000x125_strict_20260526.payload,58,2,4,597,403,0.597000000,0.097000000,597,0.972678454,0.744197163
restart_reduced_xor_random1_sampler_island_local_warmup5_except_data_ro2_1000x125_strict_20260526.payload,58,2,5,601,399,0.601000000,0.101000000,601,0.970362626,0.734563104
restart_reduced_xor_random1_sampler_island_local_warmup5_except_data_ro2_1000x125_strict_20260526.payload,58,2,6,613,387,0.613000000,0.113000000,613,0.962836228,0.706041021
restart_reduced_xor_random1_sampler_island_local_warmup5_except_data_ro2_1000x125_strict_20260526.payload,58,2,7,601,399,0.601000000,0.101000000,601,0.970362626,0.734563104
restart_reduced_xor_random1_sampler_island_local_warmup5_except_data_ro2_1000x125_strict_20260526.payload,59,3,0,606,394,0.606000000,0.106000000,606,0.967332434,0.722610301
restart_reduced_xor_random1_sampler_island_local_warmup5_except_data_ro2_1000x125_strict_20260526.payload,59,3,1,604,396,0.604000000,0.104000000,604,0.968562601,0.727379545
restart_reduced_xor_random1_sampler_island_local_warmup5_except_data_ro2_1000x125_strict_20260526.payload,59,3,2,582,418,0.582000000,0.082000000,582,0.980510718,0.780908942
restart_reduced_xor_random1_sampler_island_local_warmup5_except_data_ro2_1000x125_strict_20260526.payload,59,3,3,614,386,0.614000000,0.114000000,614,0.962169633,0.703689439
restart_reduced_xor_random1_sampler_island_local_warmup5_except_data_ro2_1000x125_strict_20260526.payload,59,3,4,607,393,0.607000000,0.107000000,607,0.966708290,0.720231578
restart_reduced_xor_random1_sampler_island_local_warmup5_except_data_ro2_1000x125_strict_20260526.payload,59,3,5,582,418,0.582000000,0.082000000,582,0.980510718,0.780908942
restart_reduced_xor_random1_sampler_island_local_warmup5_except_data_ro2_1000x125_strict_20260526.payload,59,3,6,604,396,0.604000000,0.104000000,604,0.968562601,0.727379545
restart_reduced_xor_random1_sampler_island_local_warmup5_except_data_ro2_1000x125_strict_20260526.payload,59,3,7,596,404,0.596000000,0.096000000,596,0.973242407,0.746615764
restart_reduced_xor_random1_sampler_island_local_warmup5_except_data_ro2_1000x125_strict_20260526.payload,60,4,0,604,396,0.604000000,0.104000000,604,0.968562601,0.727379545
restart_reduced_xor_random1_sampler_island_local_warmup5_except_data_ro2_1000x125_strict_20260526.payload,60,4,1,577,423,0.577000000,0.077000000,577,0.982824252,0.793356776
restart_reduced_xor_random1_sampler_island_local_warmup5_except_data_ro2_1000x125_strict_20260526.payload,60,4,2,587,413,0.587000000,0.087000000,587,0.978048924,0.768567592
restart_reduced_xor_random1_sampler_island_local_warmup5_except_data_ro2_1000x125_strict_20260526.payload,60,4,3,593,407,0.593000000,0.093000000,593,0.974898337,0.753895990
restart_reduced_xor_random1_sampler_island_local_warmup5_except_data_ro2_1000x125_strict_20260526.payload,60,4,4,594,406,0.594000000,0.094000000,594,0.974352345,0.751465164
restart_reduced_xor_random1_sampler_island_local_warmup5_except_data_ro2_1000x125_strict_20260526.payload,60,4,5,599,401,0.599000000,0.099000000,599,0.971532552,0.739372092
restart_reduced_xor_random1_sampler_island_local_warmup5_except_data_ro2_1000x125_strict_20260526.payload,60,4,6,603,397,0.603000000,0.103000000,603,0.969168634,0.729770093
restart_reduced_xor_random1_sampler_island_local_warmup5_except_data_ro2_1000x125_strict_20260526.payload,60,4,7,604,396,0.604000000,0.104000000,604,0.968562601,0.727379545
restart_reduced_xor_random1_sampler_island_local_warmup5_except_data_ro2_1000x125_strict_20260526.payload,61,5,0,593,407,0.593000000,0.093000000,593,0.974898337,0.753895990
restart_reduced_xor_random1_sampler_island_local_warmup5_except_data_ro2_1000x125_strict_20260526.payload,61,5,1,602,398,0.602000000,0.102000000,602,0.969768640,0.732164608
restart_reduced_xor_random1_sampler_island_local_warmup5_except_data_ro2_1000x125_strict_20260526.payload,61,5,2,627,373,0.627000000,0.127000000,627,0.952947752,0.673462652
restart_reduced_xor_random1_sampler_island_local_warmup5_except_data_ro2_1000x125_strict_20260526.payload,61,5,3,631,369,0.631000000,0.131000000,631,0.949901170,0.664288090
restart_reduced_xor_random1_sampler_island_local_warmup5_except_data_ro2_1000x125_strict_20260526.payload,61,5,4,606,394,0.606000000,0.106000000,606,0.967332434,0.722610301
restart_reduced_xor_random1_sampler_island_local_warmup5_except_data_ro2_1000x125_strict_20260526.payload,61,5,5,599,401,0.599000000,0.099000000,599,0.971532552,0.739372092
restart_reduced_xor_random1_sampler_island_local_warmup5_except_data_ro2_1000x125_strict_20260526.payload,61,5,6,595,405,0.595000000,0.095000000,595,0.973800369,0.749038426
restart_reduced_xor_random1_sampler_island_local_warmup5_except_data_ro2_1000x125_strict_20260526.payload,61,5,7,622,378,0.622000000,0.122000000,622,0.956617229,0.685013515
restart_reduced_xor_random1_sampler_island_local_warmup5_except_data_ro2_1000x125_strict_20260526.payload,62,6,0,603,397,0.603000000,0.103000000,603,0.969168634,0.729770093
restart_reduced_xor_random1_sampler_island_local_warmup5_except_data_ro2_1000x125_strict_20260526.payload,62,6,1,636,364,0.636000000,0.136000000,636,0.945953476,0.652901329
restart_reduced_xor_random1_sampler_island_local_warmup5_except_data_ro2_1000x125_strict_20260526.payload,62,6,2,630,370,0.630000000,0.130000000,630,0.950672093,0.666576266
restart_reduced_xor_random1_sampler_island_local_warmup5_except_data_ro2_1000x125_strict_20260526.payload,62,6,3,589,411,0.589000000,0.089000000,589,0.977022579,0.763660461
restart_reduced_xor_random1_sampler_island_local_warmup5_except_data_ro2_1000x125_strict_20260526.payload,62,6,4,583,417,0.583000000,0.083000000,583,0.980030236,0.778432211
restart_reduced_xor_random1_sampler_island_local_warmup5_except_data_ro2_1000x125_strict_20260526.payload,62,6,5,566,434,0.566000000,0.066000000,566,0.987394484,0.821126042
restart_reduced_xor_random1_sampler_island_local_warmup5_except_data_ro2_1000x125_strict_20260526.payload,62,6,6,576,424,0.576000000,0.076000000,576,0.983269211,0.795859283
restart_reduced_xor_random1_sampler_island_local_warmup5_except_data_ro2_1000x125_strict_20260526.payload,62,6,7,590,410,0.590000000,0.090000000,590,0.976500469,0.761213140
restart_reduced_xor_random1_sampler_island_local_warmup5_except_data_ro2_1000x125_strict_20260526.payload,63,7,0,600,400,0.600000000,0.100000000,600,0.970950594,0.736965594
restart_reduced_xor_random1_sampler_island_local_warmup5_except_data_ro2_1000x125_strict_20260526.payload,63,7,1,587,413,0.587000000,0.087000000,587,0.978048924,0.768567592
restart_reduced_xor_random1_sampler_island_local_warmup5_except_data_ro2_1000x125_strict_20260526.payload,63,7,2,597,403,0.597000000,0.097000000,597,0.972678454,0.744197163
restart_reduced_xor_random1_sampler_island_local_warmup5_except_data_ro2_1000x125_strict_20260526.payload,63,7,3,613,387,0.613000000,0.113000000,613,0.962836228,0.706041021
restart_reduced_xor_random1_sampler_island_local_warmup5_except_data_ro2_1000x125_strict_20260526.payload,63,7,4,617,383,0.617000000,0.117000000,617,0.960133301,0.696657606
restart_reduced_xor_random1_sampler_island_local_warmup5_except_data_ro2_1000x125_strict_20260526.payload,63,7,5,590,410,0.590000000,0.090000000,590,0.976500469,0.761213140
restart_reduced_xor_random1_sampler_island_local_warmup5_except_data_ro2_1000x125_strict_20260526.payload,63,7,6,601,399,0.601000000,0.101000000,601,0.970362626,0.734563104
restart_reduced_xor_random1_sampler_island_local_warmup5_except_data_ro2_1000x125_strict_20260526.payload,63,7,7,592,408,0.592000000,0.092000000,592,0.975438353,0.756330919
restart_reduced_xor_random1_sampler_island_local_warmup5_except_data_ro2_1000x125_strict_20260526.payload,64,0,0,613,387,0.613000000,0.113000000,613,0.962836228,0.706041021
restart_reduced_xor_random1_sampler_island_local_warmup5_except_data_ro2_1000x125_strict_20260526.payload,64,0,1,598,402,0.598000000,0.098000000,598,0.972108504,0.741782610
restart_reduced_xor_random1_sampler_island_local_warmup5_except_data_ro2_1000x125_strict_20260526.payload,64,0,2,620,380,0.620000000,0.120000000,620,0.958042022,0.689659879
restart_reduced_xor_random1_sampler_island_local_warmup5_except_data_ro2_1000x125_strict_20260526.payload,64,0,3,631,369,0.631000000,0.131000000,631,0.949901170,0.664288090
restart_reduced_xor_random1_sampler_island_local_warmup5_except_data_ro2_1000x125_strict_20260526.payload,64,0,4,581,419,0.581000000,0.081000000,581,0.980985270,0.783389931
restart_reduced_xor_random1_sampler_island_local_warmup5_except_data_ro2_1000x125_strict_20260526.payload,64,0,5,601,399,0.601000000,0.101000000,601,0.970362626,0.734563104
restart_reduced_xor_random1_sampler_island_local_warmup5_except_data_ro2_1000x125_strict_20260526.payload,64,0,6,623,377,0.623000000,0.123000000,623,0.955895632,0.682695932
restart_reduced_xor_random1_sampler_island_local_warmup5_except_data_ro2_1000x125_strict_20260526.payload,64,0,7,620,380,0.620000000,0.120000000,620,0.958042022,0.689659879
restart_reduced_xor_random1_sampler_island_local_warmup5_except_data_ro2_1000x125_strict_20260526.payload,65,1,0,621,379,0.621000000,0.121000000,621,0.957332691,0.687334826
restart_reduced_xor_random1_sampler_island_local_warmup5_except_data_ro2_1000x125_strict_20260526.payload,65,1,1,586,414,0.586000000,0.086000000,586,0.978553168,0.771027430
restart_reduced_xor_random1_sampler_island_local_warmup5_except_data_ro2_1000x125_strict_20260526.payload,65,1,2,570,430,0.570000000,0.070000000,570,0.985815037,0.810966176
restart_reduced_xor_random1_sampler_island_local_warmup5_except_data_ro2_1000x125_strict_20260526.payload,65,1,3,569,431,0.569000000,0.069000000,569,0.986218720,0.813499442
restart_reduced_xor_random1_sampler_island_local_warmup5_except_data_ro2_1000x125_strict_20260526.payload,65,1,4,578,422,0.578000000,0.078000000,578,0.982373383,0.790858602
restart_reduced_xor_random1_sampler_island_local_warmup5_except_data_ro2_1000x125_strict_20260526.payload,65,1,5,587,413,0.587000000,0.087000000,587,0.978048924,0.768567592
restart_reduced_xor_random1_sampler_island_local_warmup5_except_data_ro2_1000x125_strict_20260526.payload,65,1,6,617,383,0.617000000,0.117000000,617,0.960133301,0.696657606
restart_reduced_xor_random1_sampler_island_local_warmup5_except_data_ro2_1000x125_strict_20260526.payload,65,1,7,610,390,0.610000000,0.110000000,610,0.964799549,0.713118852
restart_reduced_xor_random1_sampler_island_local_warmup5_except_data_ro2_1000x125_strict_20260526.payload,66,2,0,590,410,0.590000000,0.090000000,590,0.976500469,0.761213140
restart_reduced_xor_random1_sampler_island_local_warmup5_except_data_ro2_1000x125_strict_20260526.payload,66,2,1,631,369,0.631000000,0.131000000,631,0.949901170,0.664288090
restart_reduced_xor_random1_sampler_island_local_warmup5_except_data_ro2_1000x125_strict_20260526.payload,66,2,2,620,380,0.620000000,0.120000000,620,0.958042022,0.689659879
restart_reduced_xor_random1_sampler_island_local_warmup5_except_data_ro2_1000x125_strict_20260526.payload,66,2,3,624,376,0.624000000,0.124000000,624,0.955167892,0.680382066
restart_reduced_xor_random1_sampler_island_local_warmup5_except_data_ro2_1000x125_strict_20260526.payload,66,2,4,636,364,0.636000000,0.136000000,636,0.945953476,0.652901329
restart_reduced_xor_random1_sampler_island_local_warmup5_except_data_ro2_1000x125_strict_20260526.payload,66,2,5,615,385,0.615000000,0.115000000,615,0.961496951,0.701341684
restart_reduced_xor_random1_sampler_island_local_warmup5_except_data_ro2_1000x125_strict_20260526.payload,66,2,6,624,376,0.624000000,0.124000000,624,0.955167892,0.680382066
restart_reduced_xor_random1_sampler_island_local_warmup5_except_data_ro2_1000x125_strict_20260526.payload,66,2,7,588,412,0.588000000,0.088000000,588,0.977538729,0.766111940
restart_reduced_xor_random1_sampler_island_local_warmup5_except_data_ro2_1000x125_strict_20260526.payload,67,3,0,577,423,0.577000000,0.077000000,577,0.982824252,0.793356776
restart_reduced_xor_random1_sampler_island_local_warmup5_except_data_ro2_1000x125_strict_20260526.payload,67,3,1,592,408,0.592000000,0.092000000,592,0.975438353,0.756330919
restart_reduced_xor_random1_sampler_island_local_warmup5_except_data_ro2_1000x125_strict_20260526.payload,67,3,2,580,420,0.580000000,0.080000000,580,0.981453895,0.785875195
restart_reduced_xor_random1_sampler_island_local_warmup5_except_data_ro2_1000x125_strict_20260526.payload,67,3,3,599,401,0.599000000,0.099000000,599,0.971532552,0.739372092
restart_reduced_xor_random1_sampler_island_local_warmup5_except_data_ro2_1000x125_strict_20260526.payload,67,3,4,612,388,0.612000000,0.112000000,612,0.963496742,0.708396442
restart_reduced_xor_random1_sampler_island_local_warmup5_except_data_ro2_1000x125_strict_20260526.payload,67,3,5,632,368,0.632000000,0.132000000,632,0.949124052,0.662003536
restart_reduced_xor_random1_sampler_island_local_warmup5_except_data_ro2_1000x125_strict_20260526.payload,67,3,6,611,389,0.611000000,0.111000000,611,0.964151180,0.710755715
restart_reduced_xor_random1_sampler_island_local_warmup5_except_data_ro2_1000x125_strict_20260526.payload,67,3,7,612,388,0.612000000,0.112000000,612,0.963496742,0.708396442
restart_reduced_xor_random1_sampler_island_local_warmup5_except_data_ro2_1000x125_strict_20260526.payload,68,4,0,609,391,0.609000000,0.109000000,609,0.965441852,0.715485867
restart_reduced_xor_random1_sampler_island_local_warmup5_except_data_ro2_1000x125_strict_20260526.payload,68,4,1,613,387,0.613000000,0.113000000,613,0.962836228,0.706041021
restart_reduced_xor_random1_sampler_island_local_warmup5_except_data_ro2_1000x125_strict_20260526.payload,68,4,2,635,365,0.635000000,0.135000000,635,0.946755450,0.655171503
restart_reduced_xor_random1_sampler_island_local_warmup5_except_data_ro2_1000x125_strict_20260526.payload,68,4,3,597,403,0.597000000,0.097000000,597,0.972678454,0.744197163
restart_reduced_xor_random1_sampler_island_local_warmup5_except_data_ro2_1000x125_strict_20260526.payload,68,4,4,586,414,0.586000000,0.086000000,586,0.978553168,0.771027430
restart_reduced_xor_random1_sampler_island_local_warmup5_except_data_ro2_1000x125_strict_20260526.payload,68,4,5,598,402,0.598000000,0.098000000,598,0.972108504,0.741782610
restart_reduced_xor_random1_sampler_island_local_warmup5_except_data_ro2_1000x125_strict_20260526.payload,68,4,6,601,399,0.601000000,0.101000000,601,0.970362626,0.734563104
restart_reduced_xor_random1_sampler_island_local_warmup5_except_data_ro2_1000x125_strict_20260526.payload,68,4,7,604,396,0.604000000,0.104000000,604,0.968562601,0.727379545
restart_reduced_xor_random1_sampler_island_local_warmup5_except_data_ro2_1000x125_strict_20260526.payload,69,5,0,604,396,0.604000000,0.104000000,604,0.968562601,0.727379545
restart_reduced_xor_random1_sampler_island_local_warmup5_except_data_ro2_1000x125_strict_20260526.payload,69,5,1,604,396,0.604000000,0.104000000,604,0.968562601,0.727379545
restart_reduced_xor_random1_sampler_island_local_warmup5_except_data_ro2_1000x125_strict_20260526.payload,69,5,2,603,397,0.603000000,0.103000000,603,0.969168634,0.729770093
restart_reduced_xor_random1_sampler_island_local_warmup5_except_data_ro2_1000x125_strict_20260526.payload,69,5,3,629,371,0.629000000,0.129000000,629,0.951436826,0.668868078
restart_reduced_xor_random1_sampler_island_local_warmup5_except_data_ro2_1000x125_strict_20260526.payload,69,5,4,611,389,0.611000000,0.111000000,611,0.964151180,0.710755715
restart_reduced_xor_random1_sampler_island_local_warmup5_except_data_ro2_1000x125_strict_20260526.payload,69,5,5,610,390,0.610000000,0.110000000,610,0.964799549,0.713118852
restart_reduced_xor_random1_sampler_island_local_warmup5_except_data_ro2_1000x125_strict_20260526.payload,69,5,6,589,411,0.589000000,0.089000000,589,0.977022579,0.763660461
restart_reduced_xor_random1_sampler_island_local_warmup5_except_data_ro2_1000x125_strict_20260526.payload,69,5,7,585,415,0.585000000,0.085000000,585,0.979051465,0.773491470
restart_reduced_xor_random1_sampler_island_local_warmup5_except_data_ro2_1000x125_strict_20260526.payload,70,6,0,620,380,0.620000000,0.120000000,620,0.958042022,0.689659879
restart_reduced_xor_random1_sampler_island_local_warmup5_except_data_ro2_1000x125_strict_20260526.payload,70,6,1,581,419,0.581000000,0.081000000,581,0.980985270,0.783389931
restart_reduced_xor_random1_sampler_island_local_warmup5_except_data_ro2_1000x125_strict_20260526.payload,70,6,2,592,408,0.592000000,0.092000000,592,0.975438353,0.756330919
restart_reduced_xor_random1_sampler_island_local_warmup5_except_data_ro2_1000x125_strict_20260526.payload,70,6,3,603,397,0.603000000,0.103000000,603,0.969168634,0.729770093
restart_reduced_xor_random1_sampler_island_local_warmup5_except_data_ro2_1000x125_strict_20260526.payload,70,6,4,596,404,0.596000000,0.096000000,596,0.973242407,0.746615764
restart_reduced_xor_random1_sampler_island_local_warmup5_except_data_ro2_1000x125_strict_20260526.payload,70,6,5,602,398,0.602000000,0.102000000,602,0.969768640,0.732164608
restart_reduced_xor_random1_sampler_island_local_warmup5_except_data_ro2_1000x125_strict_20260526.payload,70,6,6,602,398,0.602000000,0.102000000,602,0.969768640,0.732164608
restart_reduced_xor_random1_sampler_island_local_warmup5_except_data_ro2_1000x125_strict_20260526.payload,70,6,7,599,401,0.599000000,0.099000000,599,0.971532552,0.739372092
restart_reduced_xor_random1_sampler_island_local_warmup5_except_data_ro2_1000x125_strict_20260526.payload,71,7,0,616,384,0.616000000,0.116000000,616,0.960818175,0.698997744
restart_reduced_xor_random1_sampler_island_local_warmup5_except_data_ro2_1000x125_strict_20260526.payload,71,7,1,618,382,0.618000000,0.118000000,618,0.959442321,0.694321257
restart_reduced_xor_random1_sampler_island_local_warmup5_except_data_ro2_1000x125_strict_20260526.payload,71,7,2,573,427,0.573000000,0.073000000,573,0.984568658,0.803392956
restart_reduced_xor_random1_sampler_island_local_warmup5_except_data_ro2_1000x125_strict_20260526.payload,71,7,3,583,417,0.583000000,0.083000000,583,0.980030236,0.778432211
restart_reduced_xor_random1_sampler_island_local_warmup5_except_data_ro2_1000x125_strict_20260526.payload,71,7,4,617,383,0.617000000,0.117000000,617,0.960133301,0.696657606
restart_reduced_xor_random1_sampler_island_local_warmup5_except_data_ro2_1000x125_strict_20260526.payload,71,7,5,606,394,0.606000000,0.106000000,606,0.967332434,0.722610301
restart_reduced_xor_random1_sampler_island_local_warmup5_except_data_ro2_1000x125_strict_20260526.payload,71,7,6,580,420,0.580000000,0.080000000,580,0.981453895,0.785875195
restart_reduced_xor_random1_sampler_island_local_warmup5_except_data_ro2_1000x125_strict_20260526.payload,71,7,7,605,395,0.605000000,0.105000000,605,0.967950536,0.724992953
restart_reduced_xor_random1_sampler_island_local_warmup5_except_data_ro2_1000x125_strict_20260526.payload,72,0,0,600,400,0.600000000,0.100000000,600,0.970950594,0.736965594
restart_reduced_xor_random1_sampler_island_local_warmup5_except_data_ro2_1000x125_strict_20260526.payload,72,0,1,595,405,0.595000000,0.095000000,595,0.973800369,0.749038426
restart_reduced_xor_random1_sampler_island_local_warmup5_except_data_ro2_1000x125_strict_20260526.payload,72,0,2,582,418,0.582000000,0.082000000,582,0.980510718,0.780908942
restart_reduced_xor_random1_sampler_island_local_warmup5_except_data_ro2_1000x125_strict_20260526.payload,72,0,3,606,394,0.606000000,0.106000000,606,0.967332434,0.722610301
restart_reduced_xor_random1_sampler_island_local_warmup5_except_data_ro2_1000x125_strict_20260526.payload,72,0,4,600,400,0.600000000,0.100000000,600,0.970950594,0.736965594
restart_reduced_xor_random1_sampler_island_local_warmup5_except_data_ro2_1000x125_strict_20260526.payload,72,0,5,598,402,0.598000000,0.098000000,598,0.972108504,0.741782610
restart_reduced_xor_random1_sampler_island_local_warmup5_except_data_ro2_1000x125_strict_20260526.payload,72,0,6,599,401,0.599000000,0.099000000,599,0.971532552,0.739372092
restart_reduced_xor_random1_sampler_island_local_warmup5_except_data_ro2_1000x125_strict_20260526.payload,72,0,7,591,409,0.591000000,0.091000000,591,0.975972395,0.758769964
restart_reduced_xor_random1_sampler_island_local_warmup5_except_data_ro2_1000x125_strict_20260526.payload,73,1,0,591,409,0.591000000,0.091000000,591,0.975972395,0.758769964
restart_reduced_xor_random1_sampler_island_local_warmup5_except_data_ro2_1000x125_strict_20260526.payload,73,1,1,603,397,0.603000000,0.103000000,603,0.969168634,0.729770093
restart_reduced_xor_random1_sampler_island_local_warmup5_except_data_ro2_1000x125_strict_20260526.payload,73,1,2,603,397,0.603000000,0.103000000,603,0.969168634,0.729770093
restart_reduced_xor_random1_sampler_island_local_warmup5_except_data_ro2_1000x125_strict_20260526.payload,73,1,3,604,396,0.604000000,0.104000000,604,0.968562601,0.727379545
restart_reduced_xor_random1_sampler_island_local_warmup5_except_data_ro2_1000x125_strict_20260526.payload,73,1,4,589,411,0.589000000,0.089000000,589,0.977022579,0.763660461
restart_reduced_xor_random1_sampler_island_local_warmup5_except_data_ro2_1000x125_strict_20260526.payload,73,1,5,598,402,0.598000000,0.098000000,598,0.972108504,0.741782610
restart_reduced_xor_random1_sampler_island_local_warmup5_except_data_ro2_1000x125_strict_20260526.payload,73,1,6,618,382,0.618000000,0.118000000,618,0.959442321,0.694321257
restart_reduced_xor_random1_sampler_island_local_warmup5_except_data_ro2_1000x125_strict_20260526.payload,73,1,7,592,408,0.592000000,0.092000000,592,0.975438353,0.756330919
restart_reduced_xor_random1_sampler_island_local_warmup5_except_data_ro2_1000x125_strict_20260526.payload,74,2,0,591,409,0.591000000,0.091000000,591,0.975972395,0.758769964
restart_reduced_xor_random1_sampler_island_local_warmup5_except_data_ro2_1000x125_strict_20260526.payload,74,2,1,588,412,0.588000000,0.088000000,588,0.977538729,0.766111940
restart_reduced_xor_random1_sampler_island_local_warmup5_except_data_ro2_1000x125_strict_20260526.payload,74,2,2,604,396,0.604000000,0.104000000,604,0.968562601,0.727379545
restart_reduced_xor_random1_sampler_island_local_warmup5_except_data_ro2_1000x125_strict_20260526.payload,74,2,3,620,380,0.620000000,0.120000000,620,0.958042022,0.689659879
restart_reduced_xor_random1_sampler_island_local_warmup5_except_data_ro2_1000x125_strict_20260526.payload,74,2,4,603,397,0.603000000,0.103000000,603,0.969168634,0.729770093
restart_reduced_xor_random1_sampler_island_local_warmup5_except_data_ro2_1000x125_strict_20260526.payload,74,2,5,609,391,0.609000000,0.109000000,609,0.965441852,0.715485867
restart_reduced_xor_random1_sampler_island_local_warmup5_except_data_ro2_1000x125_strict_20260526.payload,74,2,6,608,392,0.608000000,0.108000000,608,0.966078098,0.717856771
restart_reduced_xor_random1_sampler_island_local_warmup5_except_data_ro2_1000x125_strict_20260526.payload,74,2,7,573,427,0.573000000,0.073000000,573,0.984568658,0.803392956
restart_reduced_xor_random1_sampler_island_local_warmup5_except_data_ro2_1000x125_strict_20260526.payload,75,3,0,595,405,0.595000000,0.095000000,595,0.973800369,0.749038426
restart_reduced_xor_random1_sampler_island_local_warmup5_except_data_ro2_1000x125_strict_20260526.payload,75,3,1,585,415,0.585000000,0.085000000,585,0.979051465,0.773491470
restart_reduced_xor_random1_sampler_island_local_warmup5_except_data_ro2_1000x125_strict_20260526.payload,75,3,2,615,385,0.615000000,0.115000000,615,0.961496951,0.701341684
restart_reduced_xor_random1_sampler_island_local_warmup5_except_data_ro2_1000x125_strict_20260526.payload,75,3,3,611,389,0.611000000,0.111000000,611,0.964151180,0.710755715
restart_reduced_xor_random1_sampler_island_local_warmup5_except_data_ro2_1000x125_strict_20260526.payload,75,3,4,605,395,0.605000000,0.105000000,605,0.967950536,0.724992953
restart_reduced_xor_random1_sampler_island_local_warmup5_except_data_ro2_1000x125_strict_20260526.payload,75,3,5,580,420,0.580000000,0.080000000,580,0.981453895,0.785875195
restart_reduced_xor_random1_sampler_island_local_warmup5_except_data_ro2_1000x125_strict_20260526.payload,75,3,6,599,401,0.599000000,0.099000000,599,0.971532552,0.739372092
restart_reduced_xor_random1_sampler_island_local_warmup5_except_data_ro2_1000x125_strict_20260526.payload,75,3,7,589,411,0.589000000,0.089000000,589,0.977022579,0.763660461
restart_reduced_xor_random1_sampler_island_local_warmup5_except_data_ro2_1000x125_strict_20260526.payload,76,4,0,614,386,0.614000000,0.114000000,614,0.962169633,0.703689439
restart_reduced_xor_random1_sampler_island_local_warmup5_except_data_ro2_1000x125_strict_20260526.payload,76,4,1,620,380,0.620000000,0.120000000,620,0.958042022,0.689659879
restart_reduced_xor_random1_sampler_island_local_warmup5_except_data_ro2_1000x125_strict_20260526.payload,76,4,2,568,432,0.568000000,0.068000000,568,0.986616520,0.816037165
restart_reduced_xor_random1_sampler_island_local_warmup5_except_data_ro2_1000x125_strict_20260526.payload,76,4,3,550,450,0.550000000,0.050000000,550,0.992774454,0.862496476
restart_reduced_xor_random1_sampler_island_local_warmup5_except_data_ro2_1000x125_strict_20260526.payload,76,4,4,598,402,0.598000000,0.098000000,598,0.972108504,0.741782610
restart_reduced_xor_random1_sampler_island_local_warmup5_except_data_ro2_1000x125_strict_20260526.payload,76,4,5,593,407,0.593000000,0.093000000,593,0.974898337,0.753895990
restart_reduced_xor_random1_sampler_island_local_warmup5_except_data_ro2_1000x125_strict_20260526.payload,76,4,6,606,394,0.606000000,0.106000000,606,0.967332434,0.722610301
restart_reduced_xor_random1_sampler_island_local_warmup5_except_data_ro2_1000x125_strict_20260526.payload,76,4,7,590,410,0.590000000,0.090000000,590,0.976500469,0.761213140
restart_reduced_xor_random1_sampler_island_local_warmup5_except_data_ro2_1000x125_strict_20260526.payload,77,5,0,597,403,0.597000000,0.097000000,597,0.972678454,0.744197163
restart_reduced_xor_random1_sampler_island_local_warmup5_except_data_ro2_1000x125_strict_20260526.payload,77,5,1,589,411,0.589000000,0.089000000,589,0.977022579,0.763660461
restart_reduced_xor_random1_sampler_island_local_warmup5_except_data_ro2_1000x125_strict_20260526.payload,77,5,2,592,408,0.592000000,0.092000000,592,0.975438353,0.756330919
restart_reduced_xor_random1_sampler_island_local_warmup5_except_data_ro2_1000x125_strict_20260526.payload,77,5,3,608,392,0.608000000,0.108000000,608,0.966078098,0.717856771
restart_reduced_xor_random1_sampler_island_local_warmup5_except_data_ro2_1000x125_strict_20260526.payload,77,5,4,611,389,0.611000000,0.111000000,611,0.964151180,0.710755715
restart_reduced_xor_random1_sampler_island_local_warmup5_except_data_ro2_1000x125_strict_20260526.payload,77,5,5,595,405,0.595000000,0.095000000,595,0.973800369,0.749038426
restart_reduced_xor_random1_sampler_island_local_warmup5_except_data_ro2_1000x125_strict_20260526.payload,77,5,6,616,384,0.616000000,0.116000000,616,0.960818175,0.698997744
restart_reduced_xor_random1_sampler_island_local_warmup5_except_data_ro2_1000x125_strict_20260526.payload,77,5,7,599,401,0.599000000,0.099000000,599,0.971532552,0.739372092
restart_reduced_xor_random1_sampler_island_local_warmup5_except_data_ro2_1000x125_strict_20260526.payload,78,6,0,609,391,0.609000000,0.109000000,609,0.965441852,0.715485867
restart_reduced_xor_random1_sampler_island_local_warmup5_except_data_ro2_1000x125_strict_20260526.payload,78,6,1,600,400,0.600000000,0.100000000,600,0.970950594,0.736965594
restart_reduced_xor_random1_sampler_island_local_warmup5_except_data_ro2_1000x125_strict_20260526.payload,78,6,2,607,393,0.607000000,0.107000000,607,0.966708290,0.720231578
restart_reduced_xor_random1_sampler_island_local_warmup5_except_data_ro2_1000x125_strict_20260526.payload,78,6,3,602,398,0.602000000,0.102000000,602,0.969768640,0.732164608
restart_reduced_xor_random1_sampler_island_local_warmup5_except_data_ro2_1000x125_strict_20260526.payload,78,6,4,596,404,0.596000000,0.096000000,596,0.973242407,0.746615764
restart_reduced_xor_random1_sampler_island_local_warmup5_except_data_ro2_1000x125_strict_20260526.payload,78,6,5,591,409,0.591000000,0.091000000,591,0.975972395,0.758769964
restart_reduced_xor_random1_sampler_island_local_warmup5_except_data_ro2_1000x125_strict_20260526.payload,78,6,6,573,427,0.573000000,0.073000000,573,0.984568658,0.803392956
restart_reduced_xor_random1_sampler_island_local_warmup5_except_data_ro2_1000x125_strict_20260526.payload,78,6,7,585,415,0.585000000,0.085000000,585,0.979051465,0.773491470
restart_reduced_xor_random1_sampler_island_local_warmup5_except_data_ro2_1000x125_strict_20260526.payload,79,7,0,600,400,0.600000000,0.100000000,600,0.970950594,0.736965594
restart_reduced_xor_random1_sampler_island_local_warmup5_except_data_ro2_1000x125_strict_20260526.payload,79,7,1,578,422,0.578000000,0.078000000,578,0.982373383,0.790858602
restart_reduced_xor_random1_sampler_island_local_warmup5_except_data_ro2_1000x125_strict_20260526.payload,79,7,2,585,415,0.585000000,0.085000000,585,0.979051465,0.773491470
restart_reduced_xor_random1_sampler_island_local_warmup5_except_data_ro2_1000x125_strict_20260526.payload,79,7,3,596,404,0.596000000,0.096000000,596,0.973242407,0.746615764
restart_reduced_xor_random1_sampler_island_local_warmup5_except_data_ro2_1000x125_strict_20260526.payload,79,7,4,579,421,0.579000000,0.079000000,579,0.981916598,0.788364747
restart_reduced_xor_random1_sampler_island_local_warmup5_except_data_ro2_1000x125_strict_20260526.payload,79,7,5,616,384,0.616000000,0.116000000,616,0.960818175,0.698997744
restart_reduced_xor_random1_sampler_island_local_warmup5_except_data_ro2_1000x125_strict_20260526.payload,79,7,6,604,396,0.604000000,0.104000000,604,0.968562601,0.727379545
restart_reduced_xor_random1_sampler_island_local_warmup5_except_data_ro2_1000x125_strict_20260526.payload,79,7,7,627,373,0.627000000,0.127000000,627,0.952947752,0.673462652
restart_reduced_xor_random1_sampler_island_local_warmup5_except_data_ro2_1000x125_strict_20260526.payload,80,0,0,613,387,0.613000000,0.113000000,613,0.962836228,0.706041021
restart_reduced_xor_random1_sampler_island_local_warmup5_except_data_ro2_1000x125_strict_20260526.payload,80,0,1,604,396,0.604000000,0.104000000,604,0.968562601,0.727379545
restart_reduced_xor_random1_sampler_island_local_warmup5_except_data_ro2_1000x125_strict_20260526.payload,80,0,2,611,389,0.611000000,0.111000000,611,0.964151180,0.710755715
restart_reduced_xor_random1_sampler_island_local_warmup5_except_data_ro2_1000x125_strict_20260526.payload,80,0,3,600,400,0.600000000,0.100000000,600,0.970950594,0.736965594
restart_reduced_xor_random1_sampler_island_local_warmup5_except_data_ro2_1000x125_strict_20260526.payload,80,0,4,597,403,0.597000000,0.097000000,597,0.972678454,0.744197163
restart_reduced_xor_random1_sampler_island_local_warmup5_except_data_ro2_1000x125_strict_20260526.payload,80,0,5,636,364,0.636000000,0.136000000,636,0.945953476,0.652901329
restart_reduced_xor_random1_sampler_island_local_warmup5_except_data_ro2_1000x125_strict_20260526.payload,80,0,6,592,408,0.592000000,0.092000000,592,0.975438353,0.756330919
restart_reduced_xor_random1_sampler_island_local_warmup5_except_data_ro2_1000x125_strict_20260526.payload,80,0,7,604,396,0.604000000,0.104000000,604,0.968562601,0.727379545
restart_reduced_xor_random1_sampler_island_local_warmup5_except_data_ro2_1000x125_strict_20260526.payload,81,1,0,600,400,0.600000000,0.100000000,600,0.970950594,0.736965594
restart_reduced_xor_random1_sampler_island_local_warmup5_except_data_ro2_1000x125_strict_20260526.payload,81,1,1,587,413,0.587000000,0.087000000,587,0.978048924,0.768567592
restart_reduced_xor_random1_sampler_island_local_warmup5_except_data_ro2_1000x125_strict_20260526.payload,81,1,2,609,391,0.609000000,0.109000000,609,0.965441852,0.715485867
restart_reduced_xor_random1_sampler_island_local_warmup5_except_data_ro2_1000x125_strict_20260526.payload,81,1,3,617,383,0.617000000,0.117000000,617,0.960133301,0.696657606
restart_reduced_xor_random1_sampler_island_local_warmup5_except_data_ro2_1000x125_strict_20260526.payload,81,1,4,575,425,0.575000000,0.075000000,575,0.983708263,0.798366139
restart_reduced_xor_random1_sampler_island_local_warmup5_except_data_ro2_1000x125_strict_20260526.payload,81,1,5,599,401,0.599000000,0.099000000,599,0.971532552,0.739372092
restart_reduced_xor_random1_sampler_island_local_warmup5_except_data_ro2_1000x125_strict_20260526.payload,81,1,6,584,416,0.584000000,0.084000000,584,0.979543820,0.775959726
restart_reduced_xor_random1_sampler_island_local_warmup5_except_data_ro2_1000x125_strict_20260526.payload,81,1,7,582,418,0.582000000,0.082000000,582,0.980510718,0.780908942
restart_reduced_xor_random1_sampler_island_local_warmup5_except_data_ro2_1000x125_strict_20260526.payload,82,2,0,579,421,0.579000000,0.079000000,579,0.981916598,0.788364747
restart_reduced_xor_random1_sampler_island_local_warmup5_except_data_ro2_1000x125_strict_20260526.payload,82,2,1,593,407,0.593000000,0.093000000,593,0.974898337,0.753895990
restart_reduced_xor_random1_sampler_island_local_warmup5_except_data_ro2_1000x125_strict_20260526.payload,82,2,2,581,419,0.581000000,0.081000000,581,0.980985270,0.783389931
restart_reduced_xor_random1_sampler_island_local_warmup5_except_data_ro2_1000x125_strict_20260526.payload,82,2,3,596,404,0.596000000,0.096000000,596,0.973242407,0.746615764
restart_reduced_xor_random1_sampler_island_local_warmup5_except_data_ro2_1000x125_strict_20260526.payload,82,2,4,579,421,0.579000000,0.079000000,579,0.981916598,0.788364747
restart_reduced_xor_random1_sampler_island_local_warmup5_except_data_ro2_1000x125_strict_20260526.payload,82,2,5,608,392,0.608000000,0.108000000,608,0.966078098,0.717856771
restart_reduced_xor_random1_sampler_island_local_warmup5_except_data_ro2_1000x125_strict_20260526.payload,82,2,6,609,391,0.609000000,0.109000000,609,0.965441852,0.715485867
restart_reduced_xor_random1_sampler_island_local_warmup5_except_data_ro2_1000x125_strict_20260526.payload,82,2,7,603,397,0.603000000,0.103000000,603,0.969168634,0.729770093
restart_reduced_xor_random1_sampler_island_local_warmup5_except_data_ro2_1000x125_strict_20260526.payload,83,3,0,587,413,0.587000000,0.087000000,587,0.978048924,0.768567592
restart_reduced_xor_random1_sampler_island_local_warmup5_except_data_ro2_1000x125_strict_20260526.payload,83,3,1,598,402,0.598000000,0.098000000,598,0.972108504,0.741782610
restart_reduced_xor_random1_sampler_island_local_warmup5_except_data_ro2_1000x125_strict_20260526.payload,83,3,2,612,388,0.612000000,0.112000000,612,0.963496742,0.708396442
restart_reduced_xor_random1_sampler_island_local_warmup5_except_data_ro2_1000x125_strict_20260526.payload,83,3,3,599,401,0.599000000,0.099000000,599,0.971532552,0.739372092
restart_reduced_xor_random1_sampler_island_local_warmup5_except_data_ro2_1000x125_strict_20260526.payload,83,3,4,613,387,0.613000000,0.113000000,613,0.962836228,0.706041021
restart_reduced_xor_random1_sampler_island_local_warmup5_except_data_ro2_1000x125_strict_20260526.payload,83,3,5,631,369,0.631000000,0.131000000,631,0.949901170,0.664288090
restart_reduced_xor_random1_sampler_island_local_warmup5_except_data_ro2_1000x125_strict_20260526.payload,83,3,6,583,417,0.583000000,0.083000000,583,0.980030236,0.778432211
restart_reduced_xor_random1_sampler_island_local_warmup5_except_data_ro2_1000x125_strict_20260526.payload,83,3,7,589,411,0.589000000,0.089000000,589,0.977022579,0.763660461
restart_reduced_xor_random1_sampler_island_local_warmup5_except_data_ro2_1000x125_strict_20260526.payload,84,4,0,626,374,0.626000000,0.126000000,626,0.953693958,0.675765438
restart_reduced_xor_random1_sampler_island_local_warmup5_except_data_ro2_1000x125_strict_20260526.payload,84,4,1,615,385,0.615000000,0.115000000,615,0.961496951,0.701341684
restart_reduced_xor_random1_sampler_island_local_warmup5_except_data_ro2_1000x125_strict_20260526.payload,84,4,2,615,385,0.615000000,0.115000000,615,0.961496951,0.701341684
restart_reduced_xor_random1_sampler_island_local_warmup5_except_data_ro2_1000x125_strict_20260526.payload,84,4,3,587,413,0.587000000,0.087000000,587,0.978048924,0.768567592
restart_reduced_xor_random1_sampler_island_local_warmup5_except_data_ro2_1000x125_strict_20260526.payload,84,4,4,595,405,0.595000000,0.095000000,595,0.973800369,0.749038426
restart_reduced_xor_random1_sampler_island_local_warmup5_except_data_ro2_1000x125_strict_20260526.payload,84,4,5,598,402,0.598000000,0.098000000,598,0.972108504,0.741782610
restart_reduced_xor_random1_sampler_island_local_warmup5_except_data_ro2_1000x125_strict_20260526.payload,84,4,6,576,424,0.576000000,0.076000000,576,0.983269211,0.795859283
restart_reduced_xor_random1_sampler_island_local_warmup5_except_data_ro2_1000x125_strict_20260526.payload,84,4,7,598,402,0.598000000,0.098000000,598,0.972108504,0.741782610
restart_reduced_xor_random1_sampler_island_local_warmup5_except_data_ro2_1000x125_strict_20260526.payload,85,5,0,590,410,0.590000000,0.090000000,590,0.976500469,0.761213140
restart_reduced_xor_random1_sampler_island_local_warmup5_except_data_ro2_1000x125_strict_20260526.payload,85,5,1,600,400,0.600000000,0.100000000,600,0.970950594,0.736965594
restart_reduced_xor_random1_sampler_island_local_warmup5_except_data_ro2_1000x125_strict_20260526.payload,85,5,2,594,406,0.594000000,0.094000000,594,0.974352345,0.751465164
restart_reduced_xor_random1_sampler_island_local_warmup5_except_data_ro2_1000x125_strict_20260526.payload,85,5,3,610,390,0.610000000,0.110000000,610,0.964799549,0.713118852
restart_reduced_xor_random1_sampler_island_local_warmup5_except_data_ro2_1000x125_strict_20260526.payload,85,5,4,581,419,0.581000000,0.081000000,581,0.980985270,0.783389931
restart_reduced_xor_random1_sampler_island_local_warmup5_except_data_ro2_1000x125_strict_20260526.payload,85,5,5,615,385,0.615000000,0.115000000,615,0.961496951,0.701341684
restart_reduced_xor_random1_sampler_island_local_warmup5_except_data_ro2_1000x125_strict_20260526.payload,85,5,6,601,399,0.601000000,0.101000000,601,0.970362626,0.734563104
restart_reduced_xor_random1_sampler_island_local_warmup5_except_data_ro2_1000x125_strict_20260526.payload,85,5,7,613,387,0.613000000,0.113000000,613,0.962836228,0.706041021
restart_reduced_xor_random1_sampler_island_local_warmup5_except_data_ro2_1000x125_strict_20260526.payload,86,6,0,584,416,0.584000000,0.084000000,584,0.979543820,0.775959726
restart_reduced_xor_random1_sampler_island_local_warmup5_except_data_ro2_1000x125_strict_20260526.payload,86,6,1,595,405,0.595000000,0.095000000,595,0.973800369,0.749038426
restart_reduced_xor_random1_sampler_island_local_warmup5_except_data_ro2_1000x125_strict_20260526.payload,86,6,2,611,389,0.611000000,0.111000000,611,0.964151180,0.710755715
restart_reduced_xor_random1_sampler_island_local_warmup5_except_data_ro2_1000x125_strict_20260526.payload,86,6,3,575,425,0.575000000,0.075000000,575,0.983708263,0.798366139
restart_reduced_xor_random1_sampler_island_local_warmup5_except_data_ro2_1000x125_strict_20260526.payload,86,6,4,595,405,0.595000000,0.095000000,595,0.973800369,0.749038426
restart_reduced_xor_random1_sampler_island_local_warmup5_except_data_ro2_1000x125_strict_20260526.payload,86,6,5,592,408,0.592000000,0.092000000,592,0.975438353,0.756330919
restart_reduced_xor_random1_sampler_island_local_warmup5_except_data_ro2_1000x125_strict_20260526.payload,86,6,6,574,426,0.574000000,0.074000000,574,0.984141411,0.800877358
restart_reduced_xor_random1_sampler_island_local_warmup5_except_data_ro2_1000x125_strict_20260526.payload,86,6,7,572,428,0.572000000,0.072000000,572,0.984990010,0.805912948
restart_reduced_xor_random1_sampler_island_local_warmup5_except_data_ro2_1000x125_strict_20260526.payload,87,7,0,594,406,0.594000000,0.094000000,594,0.974352345,0.751465164
restart_reduced_xor_random1_sampler_island_local_warmup5_except_data_ro2_1000x125_strict_20260526.payload,87,7,1,620,380,0.620000000,0.120000000,620,0.958042022,0.689659879
restart_reduced_xor_random1_sampler_island_local_warmup5_except_data_ro2_1000x125_strict_20260526.payload,87,7,2,611,389,0.611000000,0.111000000,611,0.964151180,0.710755715
restart_reduced_xor_random1_sampler_island_local_warmup5_except_data_ro2_1000x125_strict_20260526.payload,87,7,3,578,422,0.578000000,0.078000000,578,0.982373383,0.790858602
restart_reduced_xor_random1_sampler_island_local_warmup5_except_data_ro2_1000x125_strict_20260526.payload,87,7,4,608,392,0.608000000,0.108000000,608,0.966078098,0.717856771
restart_reduced_xor_random1_sampler_island_local_warmup5_except_data_ro2_1000x125_strict_20260526.payload,87,7,5,622,378,0.622000000,0.122000000,622,0.956617229,0.685013515
restart_reduced_xor_random1_sampler_island_local_warmup5_except_data_ro2_1000x125_strict_20260526.payload,87,7,6,595,405,0.595000000,0.095000000,595,0.973800369,0.749038426
restart_reduced_xor_random1_sampler_island_local_warmup5_except_data_ro2_1000x125_strict_20260526.payload,87,7,7,607,393,0.607000000,0.107000000,607,0.966708290,0.720231578
restart_reduced_xor_random1_sampler_island_local_warmup5_except_data_ro2_1000x125_strict_20260526.payload,88,0,0,587,413,0.587000000,0.087000000,587,0.978048924,0.768567592
restart_reduced_xor_random1_sampler_island_local_warmup5_except_data_ro2_1000x125_strict_20260526.payload,88,0,1,603,397,0.603000000,0.103000000,603,0.969168634,0.729770093
restart_reduced_xor_random1_sampler_island_local_warmup5_except_data_ro2_1000x125_strict_20260526.payload,88,0,2,607,393,0.607000000,0.107000000,607,0.966708290,0.720231578
restart_reduced_xor_random1_sampler_island_local_warmup5_except_data_ro2_1000x125_strict_20260526.payload,88,0,3,623,377,0.623000000,0.123000000,623,0.955895632,0.682695932
restart_reduced_xor_random1_sampler_island_local_warmup5_except_data_ro2_1000x125_strict_20260526.payload,88,0,4,623,377,0.623000000,0.123000000,623,0.955895632,0.682695932
restart_reduced_xor_random1_sampler_island_local_warmup5_except_data_ro2_1000x125_strict_20260526.payload,88,0,5,595,405,0.595000000,0.095000000,595,0.973800369,0.749038426
restart_reduced_xor_random1_sampler_island_local_warmup5_except_data_ro2_1000x125_strict_20260526.payload,88,0,6,577,423,0.577000000,0.077000000,577,0.982824252,0.793356776
restart_reduced_xor_random1_sampler_island_local_warmup5_except_data_ro2_1000x125_strict_20260526.payload,88,0,7,589,411,0.589000000,0.089000000,589,0.977022579,0.763660461
restart_reduced_xor_random1_sampler_island_local_warmup5_except_data_ro2_1000x125_strict_20260526.payload,89,1,0,588,412,0.588000000,0.088000000,588,0.977538729,0.766111940
restart_reduced_xor_random1_sampler_island_local_warmup5_except_data_ro2_1000x125_strict_20260526.payload,89,1,1,580,420,0.580000000,0.080000000,580,0.981453895,0.785875195
restart_reduced_xor_random1_sampler_island_local_warmup5_except_data_ro2_1000x125_strict_20260526.payload,89,1,2,610,390,0.610000000,0.110000000,610,0.964799549,0.713118852
restart_reduced_xor_random1_sampler_island_local_warmup5_except_data_ro2_1000x125_strict_20260526.payload,89,1,3,617,383,0.617000000,0.117000000,617,0.960133301,0.696657606
restart_reduced_xor_random1_sampler_island_local_warmup5_except_data_ro2_1000x125_strict_20260526.payload,89,1,4,614,386,0.614000000,0.114000000,614,0.962169633,0.703689439
restart_reduced_xor_random1_sampler_island_local_warmup5_except_data_ro2_1000x125_strict_20260526.payload,89,1,5,596,404,0.596000000,0.096000000,596,0.973242407,0.746615764
restart_reduced_xor_random1_sampler_island_local_warmup5_except_data_ro2_1000x125_strict_20260526.payload,89,1,6,610,390,0.610000000,0.110000000,610,0.964799549,0.713118852
restart_reduced_xor_random1_sampler_island_local_warmup5_except_data_ro2_1000x125_strict_20260526.payload,89,1,7,593,407,0.593000000,0.093000000,593,0.974898337,0.753895990
restart_reduced_xor_random1_sampler_island_local_warmup5_except_data_ro2_1000x125_strict_20260526.payload,90,2,0,589,411,0.589000000,0.089000000,589,0.977022579,0.763660461
restart_reduced_xor_random1_sampler_island_local_warmup5_except_data_ro2_1000x125_strict_20260526.payload,90,2,1,579,421,0.579000000,0.079000000,579,0.981916598,0.788364747
restart_reduced_xor_random1_sampler_island_local_warmup5_except_data_ro2_1000x125_strict_20260526.payload,90,2,2,605,395,0.605000000,0.105000000,605,0.967950536,0.724992953
restart_reduced_xor_random1_sampler_island_local_warmup5_except_data_ro2_1000x125_strict_20260526.payload,90,2,3,608,392,0.608000000,0.108000000,608,0.966078098,0.717856771
restart_reduced_xor_random1_sampler_island_local_warmup5_except_data_ro2_1000x125_strict_20260526.payload,90,2,4,585,415,0.585000000,0.085000000,585,0.979051465,0.773491470
restart_reduced_xor_random1_sampler_island_local_warmup5_except_data_ro2_1000x125_strict_20260526.payload,90,2,5,592,408,0.592000000,0.092000000,592,0.975438353,0.756330919
restart_reduced_xor_random1_sampler_island_local_warmup5_except_data_ro2_1000x125_strict_20260526.payload,90,2,6,603,397,0.603000000,0.103000000,603,0.969168634,0.729770093
restart_reduced_xor_random1_sampler_island_local_warmup5_except_data_ro2_1000x125_strict_20260526.payload,90,2,7,585,415,0.585000000,0.085000000,585,0.979051465,0.773491470
restart_reduced_xor_random1_sampler_island_local_warmup5_except_data_ro2_1000x125_strict_20260526.payload,91,3,0,611,389,0.611000000,0.111000000,611,0.964151180,0.710755715
restart_reduced_xor_random1_sampler_island_local_warmup5_except_data_ro2_1000x125_strict_20260526.payload,91,3,1,606,394,0.606000000,0.106000000,606,0.967332434,0.722610301
restart_reduced_xor_random1_sampler_island_local_warmup5_except_data_ro2_1000x125_strict_20260526.payload,91,3,2,599,401,0.599000000,0.099000000,599,0.971532552,0.739372092
restart_reduced_xor_random1_sampler_island_local_warmup5_except_data_ro2_1000x125_strict_20260526.payload,91,3,3,599,401,0.599000000,0.099000000,599,0.971532552,0.739372092
restart_reduced_xor_random1_sampler_island_local_warmup5_except_data_ro2_1000x125_strict_20260526.payload,91,3,4,628,372,0.628000000,0.128000000,628,0.952195377,0.671163536
restart_reduced_xor_random1_sampler_island_local_warmup5_except_data_ro2_1000x125_strict_20260526.payload,91,3,5,618,382,0.618000000,0.118000000,618,0.959442321,0.694321257
restart_reduced_xor_random1_sampler_island_local_warmup5_except_data_ro2_1000x125_strict_20260526.payload,91,3,6,612,388,0.612000000,0.112000000,612,0.963496742,0.708396442
restart_reduced_xor_random1_sampler_island_local_warmup5_except_data_ro2_1000x125_strict_20260526.payload,91,3,7,604,396,0.604000000,0.104000000,604,0.968562601,0.727379545
restart_reduced_xor_random1_sampler_island_local_warmup5_except_data_ro2_1000x125_strict_20260526.payload,92,4,0,592,408,0.592000000,0.092000000,592,0.975438353,0.756330919
restart_reduced_xor_random1_sampler_island_local_warmup5_except_data_ro2_1000x125_strict_20260526.payload,92,4,1,596,404,0.596000000,0.096000000,596,0.973242407,0.746615764
restart_reduced_xor_random1_sampler_island_local_warmup5_except_data_ro2_1000x125_strict_20260526.payload,92,4,2,617,383,0.617000000,0.117000000,617,0.960133301,0.696657606
restart_reduced_xor_random1_sampler_island_local_warmup5_except_data_ro2_1000x125_strict_20260526.payload,92,4,3,593,407,0.593000000,0.093000000,593,0.974898337,0.753895990
restart_reduced_xor_random1_sampler_island_local_warmup5_except_data_ro2_1000x125_strict_20260526.payload,92,4,4,601,399,0.601000000,0.101000000,601,0.970362626,0.734563104
restart_reduced_xor_random1_sampler_island_local_warmup5_except_data_ro2_1000x125_strict_20260526.payload,92,4,5,610,390,0.610000000,0.110000000,610,0.964799549,0.713118852
restart_reduced_xor_random1_sampler_island_local_warmup5_except_data_ro2_1000x125_strict_20260526.payload,92,4,6,599,401,0.599000000,0.099000000,599,0.971532552,0.739372092
restart_reduced_xor_random1_sampler_island_local_warmup5_except_data_ro2_1000x125_strict_20260526.payload,92,4,7,604,396,0.604000000,0.104000000,604,0.968562601,0.727379545
restart_reduced_xor_random1_sampler_island_local_warmup5_except_data_ro2_1000x125_strict_20260526.payload,93,5,0,594,406,0.594000000,0.094000000,594,0.974352345,0.751465164
restart_reduced_xor_random1_sampler_island_local_warmup5_except_data_ro2_1000x125_strict_20260526.payload,93,5,1,598,402,0.598000000,0.098000000,598,0.972108504,0.741782610
restart_reduced_xor_random1_sampler_island_local_warmup5_except_data_ro2_1000x125_strict_20260526.payload,93,5,2,605,395,0.605000000,0.105000000,605,0.967950536,0.724992953
restart_reduced_xor_random1_sampler_island_local_warmup5_except_data_ro2_1000x125_strict_20260526.payload,93,5,3,602,398,0.602000000,0.102000000,602,0.969768640,0.732164608
restart_reduced_xor_random1_sampler_island_local_warmup5_except_data_ro2_1000x125_strict_20260526.payload,93,5,4,606,394,0.606000000,0.106000000,606,0.967332434,0.722610301
restart_reduced_xor_random1_sampler_island_local_warmup5_except_data_ro2_1000x125_strict_20260526.payload,93,5,5,617,383,0.617000000,0.117000000,617,0.960133301,0.696657606
restart_reduced_xor_random1_sampler_island_local_warmup5_except_data_ro2_1000x125_strict_20260526.payload,93,5,6,608,392,0.608000000,0.108000000,608,0.966078098,0.717856771
restart_reduced_xor_random1_sampler_island_local_warmup5_except_data_ro2_1000x125_strict_20260526.payload,93,5,7,629,371,0.629000000,0.129000000,629,0.951436826,0.668868078
restart_reduced_xor_random1_sampler_island_local_warmup5_except_data_ro2_1000x125_strict_20260526.payload,94,6,0,573,427,0.573000000,0.073000000,573,0.984568658,0.803392956
restart_reduced_xor_random1_sampler_island_local_warmup5_except_data_ro2_1000x125_strict_20260526.payload,94,6,1,626,374,0.626000000,0.126000000,626,0.953693958,0.675765438
restart_reduced_xor_random1_sampler_island_local_warmup5_except_data_ro2_1000x125_strict_20260526.payload,94,6,2,598,402,0.598000000,0.098000000,598,0.972108504,0.741782610
restart_reduced_xor_random1_sampler_island_local_warmup5_except_data_ro2_1000x125_strict_20260526.payload,94,6,3,579,421,0.579000000,0.079000000,579,0.981916598,0.788364747
restart_reduced_xor_random1_sampler_island_local_warmup5_except_data_ro2_1000x125_strict_20260526.payload,94,6,4,605,395,0.605000000,0.105000000,605,0.967950536,0.724992953
restart_reduced_xor_random1_sampler_island_local_warmup5_except_data_ro2_1000x125_strict_20260526.payload,94,6,5,584,416,0.584000000,0.084000000,584,0.979543820,0.775959726
restart_reduced_xor_random1_sampler_island_local_warmup5_except_data_ro2_1000x125_strict_20260526.payload,94,6,6,567,433,0.567000000,0.067000000,567,0.987008440,0.818579360
restart_reduced_xor_random1_sampler_island_local_warmup5_except_data_ro2_1000x125_strict_20260526.payload,94,6,7,609,391,0.609000000,0.109000000,609,0.965441852,0.715485867
restart_reduced_xor_random1_sampler_island_local_warmup5_except_data_ro2_1000x125_strict_20260526.payload,95,7,0,590,410,0.590000000,0.090000000,590,0.976500469,0.761213140
restart_reduced_xor_random1_sampler_island_local_warmup5_except_data_ro2_1000x125_strict_20260526.payload,95,7,1,580,420,0.580000000,0.080000000,580,0.981453895,0.785875195
restart_reduced_xor_random1_sampler_island_local_warmup5_except_data_ro2_1000x125_strict_20260526.payload,95,7,2,609,391,0.609000000,0.109000000,609,0.965441852,0.715485867
restart_reduced_xor_random1_sampler_island_local_warmup5_except_data_ro2_1000x125_strict_20260526.payload,95,7,3,607,393,0.607000000,0.107000000,607,0.966708290,0.720231578
restart_reduced_xor_random1_sampler_island_local_warmup5_except_data_ro2_1000x125_strict_20260526.payload,95,7,4,588,412,0.588000000,0.088000000,588,0.977538729,0.766111940
restart_reduced_xor_random1_sampler_island_local_warmup5_except_data_ro2_1000x125_strict_20260526.payload,95,7,5,603,397,0.603000000,0.103000000,603,0.969168634,0.729770093
restart_reduced_xor_random1_sampler_island_local_warmup5_except_data_ro2_1000x125_strict_20260526.payload,95,7,6,602,398,0.602000000,0.102000000,602,0.969768640,0.732164608
restart_reduced_xor_random1_sampler_island_local_warmup5_except_data_ro2_1000x125_strict_20260526.payload,95,7,7,604,396,0.604000000,0.104000000,604,0.968562601,0.727379545
restart_reduced_xor_random1_sampler_island_local_warmup5_except_data_ro2_1000x125_strict_20260526.payload,96,0,0,619,381,0.619000000,0.119000000,619,0.958745230,0.691988685
restart_reduced_xor_random1_sampler_island_local_warmup5_except_data_ro2_1000x125_strict_20260526.payload,96,0,1,583,417,0.583000000,0.083000000,583,0.980030236,0.778432211
restart_reduced_xor_random1_sampler_island_local_warmup5_except_data_ro2_1000x125_strict_20260526.payload,96,0,2,590,410,0.590000000,0.090000000,590,0.976500469,0.761213140
restart_reduced_xor_random1_sampler_island_local_warmup5_except_data_ro2_1000x125_strict_20260526.payload,96,0,3,591,409,0.591000000,0.091000000,591,0.975972395,0.758769964
restart_reduced_xor_random1_sampler_island_local_warmup5_except_data_ro2_1000x125_strict_20260526.payload,96,0,4,617,383,0.617000000,0.117000000,617,0.960133301,0.696657606
restart_reduced_xor_random1_sampler_island_local_warmup5_except_data_ro2_1000x125_strict_20260526.payload,96,0,5,622,378,0.622000000,0.122000000,622,0.956617229,0.685013515
restart_reduced_xor_random1_sampler_island_local_warmup5_except_data_ro2_1000x125_strict_20260526.payload,96,0,6,611,389,0.611000000,0.111000000,611,0.964151180,0.710755715
restart_reduced_xor_random1_sampler_island_local_warmup5_except_data_ro2_1000x125_strict_20260526.payload,96,0,7,613,387,0.613000000,0.113000000,613,0.962836228,0.706041021
restart_reduced_xor_random1_sampler_island_local_warmup5_except_data_ro2_1000x125_strict_20260526.payload,97,1,0,622,378,0.622000000,0.122000000,622,0.956617229,0.685013515
restart_reduced_xor_random1_sampler_island_local_warmup5_except_data_ro2_1000x125_strict_20260526.payload,97,1,1,601,399,0.601000000,0.101000000,601,0.970362626,0.734563104
restart_reduced_xor_random1_sampler_island_local_warmup5_except_data_ro2_1000x125_strict_20260526.payload,97,1,2,595,405,0.595000000,0.095000000,595,0.973800369,0.749038426
restart_reduced_xor_random1_sampler_island_local_warmup5_except_data_ro2_1000x125_strict_20260526.payload,97,1,3,591,409,0.591000000,0.091000000,591,0.975972395,0.758769964
restart_reduced_xor_random1_sampler_island_local_warmup5_except_data_ro2_1000x125_strict_20260526.payload,97,1,4,572,428,0.572000000,0.072000000,572,0.984990010,0.805912948
restart_reduced_xor_random1_sampler_island_local_warmup5_except_data_ro2_1000x125_strict_20260526.payload,97,1,5,569,431,0.569000000,0.069000000,569,0.986218720,0.813499442
restart_reduced_xor_random1_sampler_island_local_warmup5_except_data_ro2_1000x125_strict_20260526.payload,97,1,6,583,417,0.583000000,0.083000000,583,0.980030236,0.778432211
restart_reduced_xor_random1_sampler_island_local_warmup5_except_data_ro2_1000x125_strict_20260526.payload,97,1,7,573,427,0.573000000,0.073000000,573,0.984568658,0.803392956
restart_reduced_xor_random1_sampler_island_local_warmup5_except_data_ro2_1000x125_strict_20260526.payload,98,2,0,591,409,0.591000000,0.091000000,591,0.975972395,0.758769964
restart_reduced_xor_random1_sampler_island_local_warmup5_except_data_ro2_1000x125_strict_20260526.payload,98,2,1,632,368,0.632000000,0.132000000,632,0.949124052,0.662003536
restart_reduced_xor_random1_sampler_island_local_warmup5_except_data_ro2_1000x125_strict_20260526.payload,98,2,2,599,401,0.599000000,0.099000000,599,0.971532552,0.739372092
restart_reduced_xor_random1_sampler_island_local_warmup5_except_data_ro2_1000x125_strict_20260526.payload,98,2,3,610,390,0.610000000,0.110000000,610,0.964799549,0.713118852
restart_reduced_xor_random1_sampler_island_local_warmup5_except_data_ro2_1000x125_strict_20260526.payload,98,2,4,590,410,0.590000000,0.090000000,590,0.976500469,0.761213140
restart_reduced_xor_random1_sampler_island_local_warmup5_except_data_ro2_1000x125_strict_20260526.payload,98,2,5,610,390,0.610000000,0.110000000,610,0.964799549,0.713118852
restart_reduced_xor_random1_sampler_island_local_warmup5_except_data_ro2_1000x125_strict_20260526.payload,98,2,6,612,388,0.612000000,0.112000000,612,0.963496742,0.708396442
restart_reduced_xor_random1_sampler_island_local_warmup5_except_data_ro2_1000x125_strict_20260526.payload,98,2,7,604,396,0.604000000,0.104000000,604,0.968562601,0.727379545
restart_reduced_xor_random1_sampler_island_local_warmup5_except_data_ro2_1000x125_strict_20260526.payload,99,3,0,628,372,0.628000000,0.128000000,628,0.952195377,0.671163536
restart_reduced_xor_random1_sampler_island_local_warmup5_except_data_ro2_1000x125_strict_20260526.payload,99,3,1,601,399,0.601000000,0.101000000,601,0.970362626,0.734563104
restart_reduced_xor_random1_sampler_island_local_warmup5_except_data_ro2_1000x125_strict_20260526.payload,99,3,2,603,397,0.603000000,0.103000000,603,0.969168634,0.729770093
restart_reduced_xor_random1_sampler_island_local_warmup5_except_data_ro2_1000x125_strict_20260526.payload,99,3,3,597,403,0.597000000,0.097000000,597,0.972678454,0.744197163
restart_reduced_xor_random1_sampler_island_local_warmup5_except_data_ro2_1000x125_strict_20260526.payload,99,3,4,580,420,0.580000000,0.080000000,580,0.981453895,0.785875195
restart_reduced_xor_random1_sampler_island_local_warmup5_except_data_ro2_1000x125_strict_20260526.payload,99,3,5,578,422,0.578000000,0.078000000,578,0.982373383,0.790858602
restart_reduced_xor_random1_sampler_island_local_warmup5_except_data_ro2_1000x125_strict_20260526.payload,99,3,6,596,404,0.596000000,0.096000000,596,0.973242407,0.746615764
restart_reduced_xor_random1_sampler_island_local_warmup5_except_data_ro2_1000x125_strict_20260526.payload,99,3,7,612,388,0.612000000,0.112000000,612,0.963496742,0.708396442
restart_reduced_xor_random1_sampler_island_local_warmup5_except_data_ro2_1000x125_strict_20260526.payload,100,4,0,569,431,0.569000000,0.069000000,569,0.986218720,0.813499442
restart_reduced_xor_random1_sampler_island_local_warmup5_except_data_ro2_1000x125_strict_20260526.payload,100,4,1,598,402,0.598000000,0.098000000,598,0.972108504,0.741782610
restart_reduced_xor_random1_sampler_island_local_warmup5_except_data_ro2_1000x125_strict_20260526.payload,100,4,2,587,413,0.587000000,0.087000000,587,0.978048924,0.768567592
restart_reduced_xor_random1_sampler_island_local_warmup5_except_data_ro2_1000x125_strict_20260526.payload,100,4,3,577,423,0.577000000,0.077000000,577,0.982824252,0.793356776
restart_reduced_xor_random1_sampler_island_local_warmup5_except_data_ro2_1000x125_strict_20260526.payload,100,4,4,553,447,0.553000000,0.053000000,553,0.991879693,0.854648614
restart_reduced_xor_random1_sampler_island_local_warmup5_except_data_ro2_1000x125_strict_20260526.payload,100,4,5,602,398,0.602000000,0.102000000,602,0.969768640,0.732164608
restart_reduced_xor_random1_sampler_island_local_warmup5_except_data_ro2_1000x125_strict_20260526.payload,100,4,6,571,429,0.571000000,0.071000000,571,0.985405468,0.808437349
restart_reduced_xor_random1_sampler_island_local_warmup5_except_data_ro2_1000x125_strict_20260526.payload,100,4,7,612,388,0.612000000,0.112000000,612,0.963496742,0.708396442
restart_reduced_xor_random1_sampler_island_local_warmup5_except_data_ro2_1000x125_strict_20260526.payload,101,5,0,593,407,0.593000000,0.093000000,593,0.974898337,0.753895990
restart_reduced_xor_random1_sampler_island_local_warmup5_except_data_ro2_1000x125_strict_20260526.payload,101,5,1,612,388,0.612000000,0.112000000,612,0.963496742,0.708396442
restart_reduced_xor_random1_sampler_island_local_warmup5_except_data_ro2_1000x125_strict_20260526.payload,101,5,2,600,400,0.600000000,0.100000000,600,0.970950594,0.736965594
restart_reduced_xor_random1_sampler_island_local_warmup5_except_data_ro2_1000x125_strict_20260526.payload,101,5,3,594,406,0.594000000,0.094000000,594,0.974352345,0.751465164
restart_reduced_xor_random1_sampler_island_local_warmup5_except_data_ro2_1000x125_strict_20260526.payload,101,5,4,638,362,0.638000000,0.138000000,638,0.944330826,0.648371671
restart_reduced_xor_random1_sampler_island_local_warmup5_except_data_ro2_1000x125_strict_20260526.payload,101,5,5,590,410,0.590000000,0.090000000,590,0.976500469,0.761213140
restart_reduced_xor_random1_sampler_island_local_warmup5_except_data_ro2_1000x125_strict_20260526.payload,101,5,6,592,408,0.592000000,0.092000000,592,0.975438353,0.756330919
restart_reduced_xor_random1_sampler_island_local_warmup5_except_data_ro2_1000x125_strict_20260526.payload,101,5,7,598,402,0.598000000,0.098000000,598,0.972108504,0.741782610
restart_reduced_xor_random1_sampler_island_local_warmup5_except_data_ro2_1000x125_strict_20260526.payload,102,6,0,605,395,0.605000000,0.105000000,605,0.967950536,0.724992953
restart_reduced_xor_random1_sampler_island_local_warmup5_except_data_ro2_1000x125_strict_20260526.payload,102,6,1,602,398,0.602000000,0.102000000,602,0.969768640,0.732164608
restart_reduced_xor_random1_sampler_island_local_warmup5_except_data_ro2_1000x125_strict_20260526.payload,102,6,2,577,423,0.577000000,0.077000000,577,0.982824252,0.793356776
restart_reduced_xor_random1_sampler_island_local_warmup5_except_data_ro2_1000x125_strict_20260526.payload,102,6,3,591,409,0.591000000,0.091000000,591,0.975972395,0.758769964
restart_reduced_xor_random1_sampler_island_local_warmup5_except_data_ro2_1000x125_strict_20260526.payload,102,6,4,591,409,0.591000000,0.091000000,591,0.975972395,0.758769964
restart_reduced_xor_random1_sampler_island_local_warmup5_except_data_ro2_1000x125_strict_20260526.payload,102,6,5,586,414,0.586000000,0.086000000,586,0.978553168,0.771027430
restart_reduced_xor_random1_sampler_island_local_warmup5_except_data_ro2_1000x125_strict_20260526.payload,102,6,6,594,406,0.594000000,0.094000000,594,0.974352345,0.751465164
restart_reduced_xor_random1_sampler_island_local_warmup5_except_data_ro2_1000x125_strict_20260526.payload,102,6,7,573,427,0.573000000,0.073000000,573,0.984568658,0.803392956
restart_reduced_xor_random1_sampler_island_local_warmup5_except_data_ro2_1000x125_strict_20260526.payload,103,7,0,606,394,0.606000000,0.106000000,606,0.967332434,0.722610301
restart_reduced_xor_random1_sampler_island_local_warmup5_except_data_ro2_1000x125_strict_20260526.payload,103,7,1,614,386,0.614000000,0.114000000,614,0.962169633,0.703689439
restart_reduced_xor_random1_sampler_island_local_warmup5_except_data_ro2_1000x125_strict_20260526.payload,103,7,2,581,419,0.581000000,0.081000000,581,0.980985270,0.783389931
restart_reduced_xor_random1_sampler_island_local_warmup5_except_data_ro2_1000x125_strict_20260526.payload,103,7,3,607,393,0.607000000,0.107000000,607,0.966708290,0.720231578
restart_reduced_xor_random1_sampler_island_local_warmup5_except_data_ro2_1000x125_strict_20260526.payload,103,7,4,623,377,0.623000000,0.123000000,623,0.955895632,0.682695932
restart_reduced_xor_random1_sampler_island_local_warmup5_except_data_ro2_1000x125_strict_20260526.payload,103,7,5,618,382,0.618000000,0.118000000,618,0.959442321,0.694321257
restart_reduced_xor_random1_sampler_island_local_warmup5_except_data_ro2_1000x125_strict_20260526.payload,103,7,6,592,408,0.592000000,0.092000000,592,0.975438353,0.756330919
restart_reduced_xor_random1_sampler_island_local_warmup5_except_data_ro2_1000x125_strict_20260526.payload,103,7,7,609,391,0.609000000,0.109000000,609,0.965441852,0.715485867
restart_reduced_xor_random1_sampler_island_local_warmup5_except_data_ro2_1000x125_strict_20260526.payload,104,0,0,593,407,0.593000000,0.093000000,593,0.974898337,0.753895990
restart_reduced_xor_random1_sampler_island_local_warmup5_except_data_ro2_1000x125_strict_20260526.payload,104,0,1,586,414,0.586000000,0.086000000,586,0.978553168,0.771027430
restart_reduced_xor_random1_sampler_island_local_warmup5_except_data_ro2_1000x125_strict_20260526.payload,104,0,2,595,405,0.595000000,0.095000000,595,0.973800369,0.749038426
restart_reduced_xor_random1_sampler_island_local_warmup5_except_data_ro2_1000x125_strict_20260526.payload,104,0,3,576,424,0.576000000,0.076000000,576,0.983269211,0.795859283
restart_reduced_xor_random1_sampler_island_local_warmup5_except_data_ro2_1000x125_strict_20260526.payload,104,0,4,598,402,0.598000000,0.098000000,598,0.972108504,0.741782610
restart_reduced_xor_random1_sampler_island_local_warmup5_except_data_ro2_1000x125_strict_20260526.payload,104,0,5,592,408,0.592000000,0.092000000,592,0.975438353,0.756330919
restart_reduced_xor_random1_sampler_island_local_warmup5_except_data_ro2_1000x125_strict_20260526.payload,104,0,6,627,373,0.627000000,0.127000000,627,0.952947752,0.673462652
restart_reduced_xor_random1_sampler_island_local_warmup5_except_data_ro2_1000x125_strict_20260526.payload,104,0,7,614,386,0.614000000,0.114000000,614,0.962169633,0.703689439
restart_reduced_xor_random1_sampler_island_local_warmup5_except_data_ro2_1000x125_strict_20260526.payload,105,1,0,616,384,0.616000000,0.116000000,616,0.960818175,0.698997744
restart_reduced_xor_random1_sampler_island_local_warmup5_except_data_ro2_1000x125_strict_20260526.payload,105,1,1,604,396,0.604000000,0.104000000,604,0.968562601,0.727379545
restart_reduced_xor_random1_sampler_island_local_warmup5_except_data_ro2_1000x125_strict_20260526.payload,105,1,2,622,378,0.622000000,0.122000000,622,0.956617229,0.685013515
restart_reduced_xor_random1_sampler_island_local_warmup5_except_data_ro2_1000x125_strict_20260526.payload,105,1,3,605,395,0.605000000,0.105000000,605,0.967950536,0.724992953
restart_reduced_xor_random1_sampler_island_local_warmup5_except_data_ro2_1000x125_strict_20260526.payload,105,1,4,599,401,0.599000000,0.099000000,599,0.971532552,0.739372092
restart_reduced_xor_random1_sampler_island_local_warmup5_except_data_ro2_1000x125_strict_20260526.payload,105,1,5,592,408,0.592000000,0.092000000,592,0.975438353,0.756330919
restart_reduced_xor_random1_sampler_island_local_warmup5_except_data_ro2_1000x125_strict_20260526.payload,105,1,6,613,387,0.613000000,0.113000000,613,0.962836228,0.706041021
restart_reduced_xor_random1_sampler_island_local_warmup5_except_data_ro2_1000x125_strict_20260526.payload,105,1,7,597,403,0.597000000,0.097000000,597,0.972678454,0.744197163
restart_reduced_xor_random1_sampler_island_local_warmup5_except_data_ro2_1000x125_strict_20260526.payload,106,2,0,622,378,0.622000000,0.122000000,622,0.956617229,0.685013515
restart_reduced_xor_random1_sampler_island_local_warmup5_except_data_ro2_1000x125_strict_20260526.payload,106,2,1,624,376,0.624000000,0.124000000,624,0.955167892,0.680382066
restart_reduced_xor_random1_sampler_island_local_warmup5_except_data_ro2_1000x125_strict_20260526.payload,106,2,2,601,399,0.601000000,0.101000000,601,0.970362626,0.734563104
restart_reduced_xor_random1_sampler_island_local_warmup5_except_data_ro2_1000x125_strict_20260526.payload,106,2,3,588,412,0.588000000,0.088000000,588,0.977538729,0.766111940
restart_reduced_xor_random1_sampler_island_local_warmup5_except_data_ro2_1000x125_strict_20260526.payload,106,2,4,585,415,0.585000000,0.085000000,585,0.979051465,0.773491470
restart_reduced_xor_random1_sampler_island_local_warmup5_except_data_ro2_1000x125_strict_20260526.payload,106,2,5,636,364,0.636000000,0.136000000,636,0.945953476,0.652901329
restart_reduced_xor_random1_sampler_island_local_warmup5_except_data_ro2_1000x125_strict_20260526.payload,106,2,6,608,392,0.608000000,0.108000000,608,0.966078098,0.717856771
restart_reduced_xor_random1_sampler_island_local_warmup5_except_data_ro2_1000x125_strict_20260526.payload,106,2,7,585,415,0.585000000,0.085000000,585,0.979051465,0.773491470
restart_reduced_xor_random1_sampler_island_local_warmup5_except_data_ro2_1000x125_strict_20260526.payload,107,3,0,593,407,0.593000000,0.093000000,593,0.974898337,0.753895990
restart_reduced_xor_random1_sampler_island_local_warmup5_except_data_ro2_1000x125_strict_20260526.payload,107,3,1,607,393,0.607000000,0.107000000,607,0.966708290,0.720231578
restart_reduced_xor_random1_sampler_island_local_warmup5_except_data_ro2_1000x125_strict_20260526.payload,107,3,2,610,390,0.610000000,0.110000000,610,0.964799549,0.713118852
restart_reduced_xor_random1_sampler_island_local_warmup5_except_data_ro2_1000x125_strict_20260526.payload,107,3,3,581,419,0.581000000,0.081000000,581,0.980985270,0.783389931
restart_reduced_xor_random1_sampler_island_local_warmup5_except_data_ro2_1000x125_strict_20260526.payload,107,3,4,591,409,0.591000000,0.091000000,591,0.975972395,0.758769964
restart_reduced_xor_random1_sampler_island_local_warmup5_except_data_ro2_1000x125_strict_20260526.payload,107,3,5,591,409,0.591000000,0.091000000,591,0.975972395,0.758769964
restart_reduced_xor_random1_sampler_island_local_warmup5_except_data_ro2_1000x125_strict_20260526.payload,107,3,6,612,388,0.612000000,0.112000000,612,0.963496742,0.708396442
restart_reduced_xor_random1_sampler_island_local_warmup5_except_data_ro2_1000x125_strict_20260526.payload,107,3,7,598,402,0.598000000,0.098000000,598,0.972108504,0.741782610
restart_reduced_xor_random1_sampler_island_local_warmup5_except_data_ro2_1000x125_strict_20260526.payload,108,4,0,579,421,0.579000000,0.079000000,579,0.981916598,0.788364747
restart_reduced_xor_random1_sampler_island_local_warmup5_except_data_ro2_1000x125_strict_20260526.payload,108,4,1,593,407,0.593000000,0.093000000,593,0.974898337,0.753895990
restart_reduced_xor_random1_sampler_island_local_warmup5_except_data_ro2_1000x125_strict_20260526.payload,108,4,2,609,391,0.609000000,0.109000000,609,0.965441852,0.715485867
restart_reduced_xor_random1_sampler_island_local_warmup5_except_data_ro2_1000x125_strict_20260526.payload,108,4,3,595,405,0.595000000,0.095000000,595,0.973800369,0.749038426
restart_reduced_xor_random1_sampler_island_local_warmup5_except_data_ro2_1000x125_strict_20260526.payload,108,4,4,596,404,0.596000000,0.096000000,596,0.973242407,0.746615764
restart_reduced_xor_random1_sampler_island_local_warmup5_except_data_ro2_1000x125_strict_20260526.payload,108,4,5,582,418,0.582000000,0.082000000,582,0.980510718,0.780908942
restart_reduced_xor_random1_sampler_island_local_warmup5_except_data_ro2_1000x125_strict_20260526.payload,108,4,6,622,378,0.622000000,0.122000000,622,0.956617229,0.685013515
restart_reduced_xor_random1_sampler_island_local_warmup5_except_data_ro2_1000x125_strict_20260526.payload,108,4,7,614,386,0.614000000,0.114000000,614,0.962169633,0.703689439
restart_reduced_xor_random1_sampler_island_local_warmup5_except_data_ro2_1000x125_strict_20260526.payload,109,5,0,614,386,0.614000000,0.114000000,614,0.962169633,0.703689439
restart_reduced_xor_random1_sampler_island_local_warmup5_except_data_ro2_1000x125_strict_20260526.payload,109,5,1,598,402,0.598000000,0.098000000,598,0.972108504,0.741782610
restart_reduced_xor_random1_sampler_island_local_warmup5_except_data_ro2_1000x125_strict_20260526.payload,109,5,2,606,394,0.606000000,0.106000000,606,0.967332434,0.722610301
restart_reduced_xor_random1_sampler_island_local_warmup5_except_data_ro2_1000x125_strict_20260526.payload,109,5,3,587,413,0.587000000,0.087000000,587,0.978048924,0.768567592
restart_reduced_xor_random1_sampler_island_local_warmup5_except_data_ro2_1000x125_strict_20260526.payload,109,5,4,578,422,0.578000000,0.078000000,578,0.982373383,0.790858602
restart_reduced_xor_random1_sampler_island_local_warmup5_except_data_ro2_1000x125_strict_20260526.payload,109,5,5,577,423,0.577000000,0.077000000,577,0.982824252,0.793356776
restart_reduced_xor_random1_sampler_island_local_warmup5_except_data_ro2_1000x125_strict_20260526.payload,109,5,6,600,400,0.600000000,0.100000000,600,0.970950594,0.736965594
restart_reduced_xor_random1_sampler_island_local_warmup5_except_data_ro2_1000x125_strict_20260526.payload,109,5,7,602,398,0.602000000,0.102000000,602,0.969768640,0.732164608
restart_reduced_xor_random1_sampler_island_local_warmup5_except_data_ro2_1000x125_strict_20260526.payload,110,6,0,598,402,0.598000000,0.098000000,598,0.972108504,0.741782610
restart_reduced_xor_random1_sampler_island_local_warmup5_except_data_ro2_1000x125_strict_20260526.payload,110,6,1,593,407,0.593000000,0.093000000,593,0.974898337,0.753895990
restart_reduced_xor_random1_sampler_island_local_warmup5_except_data_ro2_1000x125_strict_20260526.payload,110,6,2,601,399,0.601000000,0.101000000,601,0.970362626,0.734563104
restart_reduced_xor_random1_sampler_island_local_warmup5_except_data_ro2_1000x125_strict_20260526.payload,110,6,3,582,418,0.582000000,0.082000000,582,0.980510718,0.780908942
restart_reduced_xor_random1_sampler_island_local_warmup5_except_data_ro2_1000x125_strict_20260526.payload,110,6,4,600,400,0.600000000,0.100000000,600,0.970950594,0.736965594
restart_reduced_xor_random1_sampler_island_local_warmup5_except_data_ro2_1000x125_strict_20260526.payload,110,6,5,624,376,0.624000000,0.124000000,624,0.955167892,0.680382066
restart_reduced_xor_random1_sampler_island_local_warmup5_except_data_ro2_1000x125_strict_20260526.payload,110,6,6,603,397,0.603000000,0.103000000,603,0.969168634,0.729770093
restart_reduced_xor_random1_sampler_island_local_warmup5_except_data_ro2_1000x125_strict_20260526.payload,110,6,7,607,393,0.607000000,0.107000000,607,0.966708290,0.720231578
restart_reduced_xor_random1_sampler_island_local_warmup5_except_data_ro2_1000x125_strict_20260526.payload,111,7,0,585,415,0.585000000,0.085000000,585,0.979051465,0.773491470
restart_reduced_xor_random1_sampler_island_local_warmup5_except_data_ro2_1000x125_strict_20260526.payload,111,7,1,589,411,0.589000000,0.089000000,589,0.977022579,0.763660461
restart_reduced_xor_random1_sampler_island_local_warmup5_except_data_ro2_1000x125_strict_20260526.payload,111,7,2,598,402,0.598000000,0.098000000,598,0.972108504,0.741782610
restart_reduced_xor_random1_sampler_island_local_warmup5_except_data_ro2_1000x125_strict_20260526.payload,111,7,3,628,372,0.628000000,0.128000000,628,0.952195377,0.671163536
restart_reduced_xor_random1_sampler_island_local_warmup5_except_data_ro2_1000x125_strict_20260526.payload,111,7,4,603,397,0.603000000,0.103000000,603,0.969168634,0.729770093
restart_reduced_xor_random1_sampler_island_local_warmup5_except_data_ro2_1000x125_strict_20260526.payload,111,7,5,605,395,0.605000000,0.105000000,605,0.967950536,0.724992953
restart_reduced_xor_random1_sampler_island_local_warmup5_except_data_ro2_1000x125_strict_20260526.payload,111,7,6,577,423,0.577000000,0.077000000,577,0.982824252,0.793356776
restart_reduced_xor_random1_sampler_island_local_warmup5_except_data_ro2_1000x125_strict_20260526.payload,111,7,7,561,439,0.561000000,0.061000000,561,0.989236670,0.833927324
restart_reduced_xor_random1_sampler_island_local_warmup5_except_data_ro2_1000x125_strict_20260526.payload,112,0,0,595,405,0.595000000,0.095000000,595,0.973800369,0.749038426
restart_reduced_xor_random1_sampler_island_local_warmup5_except_data_ro2_1000x125_strict_20260526.payload,112,0,1,584,416,0.584000000,0.084000000,584,0.979543820,0.775959726
restart_reduced_xor_random1_sampler_island_local_warmup5_except_data_ro2_1000x125_strict_20260526.payload,112,0,2,568,432,0.568000000,0.068000000,568,0.986616520,0.816037165
restart_reduced_xor_random1_sampler_island_local_warmup5_except_data_ro2_1000x125_strict_20260526.payload,112,0,3,610,390,0.610000000,0.110000000,610,0.964799549,0.713118852
restart_reduced_xor_random1_sampler_island_local_warmup5_except_data_ro2_1000x125_strict_20260526.payload,112,0,4,623,377,0.623000000,0.123000000,623,0.955895632,0.682695932
restart_reduced_xor_random1_sampler_island_local_warmup5_except_data_ro2_1000x125_strict_20260526.payload,112,0,5,609,391,0.609000000,0.109000000,609,0.965441852,0.715485867
restart_reduced_xor_random1_sampler_island_local_warmup5_except_data_ro2_1000x125_strict_20260526.payload,112,0,6,608,392,0.608000000,0.108000000,608,0.966078098,0.717856771
restart_reduced_xor_random1_sampler_island_local_warmup5_except_data_ro2_1000x125_strict_20260526.payload,112,0,7,587,413,0.587000000,0.087000000,587,0.978048924,0.768567592
restart_reduced_xor_random1_sampler_island_local_warmup5_except_data_ro2_1000x125_strict_20260526.payload,113,1,0,601,399,0.601000000,0.101000000,601,0.970362626,0.734563104
restart_reduced_xor_random1_sampler_island_local_warmup5_except_data_ro2_1000x125_strict_20260526.payload,113,1,1,608,392,0.608000000,0.108000000,608,0.966078098,0.717856771
restart_reduced_xor_random1_sampler_island_local_warmup5_except_data_ro2_1000x125_strict_20260526.payload,113,1,2,598,402,0.598000000,0.098000000,598,0.972108504,0.741782610
restart_reduced_xor_random1_sampler_island_local_warmup5_except_data_ro2_1000x125_strict_20260526.payload,113,1,3,589,411,0.589000000,0.089000000,589,0.977022579,0.763660461
restart_reduced_xor_random1_sampler_island_local_warmup5_except_data_ro2_1000x125_strict_20260526.payload,113,1,4,589,411,0.589000000,0.089000000,589,0.977022579,0.763660461
restart_reduced_xor_random1_sampler_island_local_warmup5_except_data_ro2_1000x125_strict_20260526.payload,113,1,5,595,405,0.595000000,0.095000000,595,0.973800369,0.749038426
restart_reduced_xor_random1_sampler_island_local_warmup5_except_data_ro2_1000x125_strict_20260526.payload,113,1,6,601,399,0.601000000,0.101000000,601,0.970362626,0.734563104
restart_reduced_xor_random1_sampler_island_local_warmup5_except_data_ro2_1000x125_strict_20260526.payload,113,1,7,623,377,0.623000000,0.123000000,623,0.955895632,0.682695932
restart_reduced_xor_random1_sampler_island_local_warmup5_except_data_ro2_1000x125_strict_20260526.payload,114,2,0,588,412,0.588000000,0.088000000,588,0.977538729,0.766111940
restart_reduced_xor_random1_sampler_island_local_warmup5_except_data_ro2_1000x125_strict_20260526.payload,114,2,1,604,396,0.604000000,0.104000000,604,0.968562601,0.727379545
restart_reduced_xor_random1_sampler_island_local_warmup5_except_data_ro2_1000x125_strict_20260526.payload,114,2,2,608,392,0.608000000,0.108000000,608,0.966078098,0.717856771
restart_reduced_xor_random1_sampler_island_local_warmup5_except_data_ro2_1000x125_strict_20260526.payload,114,2,3,591,409,0.591000000,0.091000000,591,0.975972395,0.758769964
restart_reduced_xor_random1_sampler_island_local_warmup5_except_data_ro2_1000x125_strict_20260526.payload,114,2,4,621,379,0.621000000,0.121000000,621,0.957332691,0.687334826
restart_reduced_xor_random1_sampler_island_local_warmup5_except_data_ro2_1000x125_strict_20260526.payload,114,2,5,598,402,0.598000000,0.098000000,598,0.972108504,0.741782610
restart_reduced_xor_random1_sampler_island_local_warmup5_except_data_ro2_1000x125_strict_20260526.payload,114,2,6,605,395,0.605000000,0.105000000,605,0.967950536,0.724992953
restart_reduced_xor_random1_sampler_island_local_warmup5_except_data_ro2_1000x125_strict_20260526.payload,114,2,7,601,399,0.601000000,0.101000000,601,0.970362626,0.734563104
restart_reduced_xor_random1_sampler_island_local_warmup5_except_data_ro2_1000x125_strict_20260526.payload,115,3,0,608,392,0.608000000,0.108000000,608,0.966078098,0.717856771
restart_reduced_xor_random1_sampler_island_local_warmup5_except_data_ro2_1000x125_strict_20260526.payload,115,3,1,602,398,0.602000000,0.102000000,602,0.969768640,0.732164608
restart_reduced_xor_random1_sampler_island_local_warmup5_except_data_ro2_1000x125_strict_20260526.payload,115,3,2,574,426,0.574000000,0.074000000,574,0.984141411,0.800877358
restart_reduced_xor_random1_sampler_island_local_warmup5_except_data_ro2_1000x125_strict_20260526.payload,115,3,3,577,423,0.577000000,0.077000000,577,0.982824252,0.793356776
restart_reduced_xor_random1_sampler_island_local_warmup5_except_data_ro2_1000x125_strict_20260526.payload,115,3,4,625,375,0.625000000,0.125000000,625,0.954434003,0.678071905
restart_reduced_xor_random1_sampler_island_local_warmup5_except_data_ro2_1000x125_strict_20260526.payload,115,3,5,583,417,0.583000000,0.083000000,583,0.980030236,0.778432211
restart_reduced_xor_random1_sampler_island_local_warmup5_except_data_ro2_1000x125_strict_20260526.payload,115,3,6,582,418,0.582000000,0.082000000,582,0.980510718,0.780908942
restart_reduced_xor_random1_sampler_island_local_warmup5_except_data_ro2_1000x125_strict_20260526.payload,115,3,7,596,404,0.596000000,0.096000000,596,0.973242407,0.746615764
restart_reduced_xor_random1_sampler_island_local_warmup5_except_data_ro2_1000x125_strict_20260526.payload,116,4,0,582,418,0.582000000,0.082000000,582,0.980510718,0.780908942
restart_reduced_xor_random1_sampler_island_local_warmup5_except_data_ro2_1000x125_strict_20260526.payload,116,4,1,571,429,0.571000000,0.071000000,571,0.985405468,0.808437349
restart_reduced_xor_random1_sampler_island_local_warmup5_except_data_ro2_1000x125_strict_20260526.payload,116,4,2,601,399,0.601000000,0.101000000,601,0.970362626,0.734563104
restart_reduced_xor_random1_sampler_island_local_warmup5_except_data_ro2_1000x125_strict_20260526.payload,116,4,3,608,392,0.608000000,0.108000000,608,0.966078098,0.717856771
restart_reduced_xor_random1_sampler_island_local_warmup5_except_data_ro2_1000x125_strict_20260526.payload,116,4,4,618,382,0.618000000,0.118000000,618,0.959442321,0.694321257
restart_reduced_xor_random1_sampler_island_local_warmup5_except_data_ro2_1000x125_strict_20260526.payload,116,4,5,610,390,0.610000000,0.110000000,610,0.964799549,0.713118852
restart_reduced_xor_random1_sampler_island_local_warmup5_except_data_ro2_1000x125_strict_20260526.payload,116,4,6,606,394,0.606000000,0.106000000,606,0.967332434,0.722610301
restart_reduced_xor_random1_sampler_island_local_warmup5_except_data_ro2_1000x125_strict_20260526.payload,116,4,7,623,377,0.623000000,0.123000000,623,0.955895632,0.682695932
restart_reduced_xor_random1_sampler_island_local_warmup5_except_data_ro2_1000x125_strict_20260526.payload,117,5,0,590,410,0.590000000,0.090000000,590,0.976500469,0.761213140
restart_reduced_xor_random1_sampler_island_local_warmup5_except_data_ro2_1000x125_strict_20260526.payload,117,5,1,587,413,0.587000000,0.087000000,587,0.978048924,0.768567592
restart_reduced_xor_random1_sampler_island_local_warmup5_except_data_ro2_1000x125_strict_20260526.payload,117,5,2,577,423,0.577000000,0.077000000,577,0.982824252,0.793356776
restart_reduced_xor_random1_sampler_island_local_warmup5_except_data_ro2_1000x125_strict_20260526.payload,117,5,3,584,416,0.584000000,0.084000000,584,0.979543820,0.775959726
restart_reduced_xor_random1_sampler_island_local_warmup5_except_data_ro2_1000x125_strict_20260526.payload,117,5,4,578,422,0.578000000,0.078000000,578,0.982373383,0.790858602
restart_reduced_xor_random1_sampler_island_local_warmup5_except_data_ro2_1000x125_strict_20260526.payload,117,5,5,614,386,0.614000000,0.114000000,614,0.962169633,0.703689439
restart_reduced_xor_random1_sampler_island_local_warmup5_except_data_ro2_1000x125_strict_20260526.payload,117,5,6,603,397,0.603000000,0.103000000,603,0.969168634,0.729770093
restart_reduced_xor_random1_sampler_island_local_warmup5_except_data_ro2_1000x125_strict_20260526.payload,117,5,7,617,383,0.617000000,0.117000000,617,0.960133301,0.696657606
restart_reduced_xor_random1_sampler_island_local_warmup5_except_data_ro2_1000x125_strict_20260526.payload,118,6,0,607,393,0.607000000,0.107000000,607,0.966708290,0.720231578
restart_reduced_xor_random1_sampler_island_local_warmup5_except_data_ro2_1000x125_strict_20260526.payload,118,6,1,594,406,0.594000000,0.094000000,594,0.974352345,0.751465164
restart_reduced_xor_random1_sampler_island_local_warmup5_except_data_ro2_1000x125_strict_20260526.payload,118,6,2,600,400,0.600000000,0.100000000,600,0.970950594,0.736965594
restart_reduced_xor_random1_sampler_island_local_warmup5_except_data_ro2_1000x125_strict_20260526.payload,118,6,3,595,405,0.595000000,0.095000000,595,0.973800369,0.749038426
restart_reduced_xor_random1_sampler_island_local_warmup5_except_data_ro2_1000x125_strict_20260526.payload,118,6,4,574,426,0.574000000,0.074000000,574,0.984141411,0.800877358
restart_reduced_xor_random1_sampler_island_local_warmup5_except_data_ro2_1000x125_strict_20260526.payload,118,6,5,608,392,0.608000000,0.108000000,608,0.966078098,0.717856771
restart_reduced_xor_random1_sampler_island_local_warmup5_except_data_ro2_1000x125_strict_20260526.payload,118,6,6,606,394,0.606000000,0.106000000,606,0.967332434,0.722610301
restart_reduced_xor_random1_sampler_island_local_warmup5_except_data_ro2_1000x125_strict_20260526.payload,118,6,7,595,405,0.595000000,0.095000000,595,0.973800369,0.749038426
restart_reduced_xor_random1_sampler_island_local_warmup5_except_data_ro2_1000x125_strict_20260526.payload,119,7,0,627,373,0.627000000,0.127000000,627,0.952947752,0.673462652
restart_reduced_xor_random1_sampler_island_local_warmup5_except_data_ro2_1000x125_strict_20260526.payload,119,7,1,615,385,0.615000000,0.115000000,615,0.961496951,0.701341684
restart_reduced_xor_random1_sampler_island_local_warmup5_except_data_ro2_1000x125_strict_20260526.payload,119,7,2,599,401,0.599000000,0.099000000,599,0.971532552,0.739372092
restart_reduced_xor_random1_sampler_island_local_warmup5_except_data_ro2_1000x125_strict_20260526.payload,119,7,3,593,407,0.593000000,0.093000000,593,0.974898337,0.753895990
restart_reduced_xor_random1_sampler_island_local_warmup5_except_data_ro2_1000x125_strict_20260526.payload,119,7,4,603,397,0.603000000,0.103000000,603,0.969168634,0.729770093
restart_reduced_xor_random1_sampler_island_local_warmup5_except_data_ro2_1000x125_strict_20260526.payload,119,7,5,577,423,0.577000000,0.077000000,577,0.982824252,0.793356776
restart_reduced_xor_random1_sampler_island_local_warmup5_except_data_ro2_1000x125_strict_20260526.payload,119,7,6,571,429,0.571000000,0.071000000,571,0.985405468,0.808437349
restart_reduced_xor_random1_sampler_island_local_warmup5_except_data_ro2_1000x125_strict_20260526.payload,119,7,7,565,435,0.565000000,0.065000000,565,0.987774655,0.823677227
restart_reduced_xor_random1_sampler_island_local_warmup5_except_data_ro2_1000x125_strict_20260526.payload,120,0,0,616,384,0.616000000,0.116000000,616,0.960818175,0.698997744
restart_reduced_xor_random1_sampler_island_local_warmup5_except_data_ro2_1000x125_strict_20260526.payload,120,0,1,612,388,0.612000000,0.112000000,612,0.963496742,0.708396442
restart_reduced_xor_random1_sampler_island_local_warmup5_except_data_ro2_1000x125_strict_20260526.payload,120,0,2,570,430,0.570000000,0.070000000,570,0.985815037,0.810966176
restart_reduced_xor_random1_sampler_island_local_warmup5_except_data_ro2_1000x125_strict_20260526.payload,120,0,3,576,424,0.576000000,0.076000000,576,0.983269211,0.795859283
restart_reduced_xor_random1_sampler_island_local_warmup5_except_data_ro2_1000x125_strict_20260526.payload,120,0,4,577,423,0.577000000,0.077000000,577,0.982824252,0.793356776
restart_reduced_xor_random1_sampler_island_local_warmup5_except_data_ro2_1000x125_strict_20260526.payload,120,0,5,608,392,0.608000000,0.108000000,608,0.966078098,0.717856771
restart_reduced_xor_random1_sampler_island_local_warmup5_except_data_ro2_1000x125_strict_20260526.payload,120,0,6,602,398,0.602000000,0.102000000,602,0.969768640,0.732164608
restart_reduced_xor_random1_sampler_island_local_warmup5_except_data_ro2_1000x125_strict_20260526.payload,120,0,7,586,414,0.586000000,0.086000000,586,0.978553168,0.771027430
restart_reduced_xor_random1_sampler_island_local_warmup5_except_data_ro2_1000x125_strict_20260526.payload,121,1,0,602,398,0.602000000,0.102000000,602,0.969768640,0.732164608
restart_reduced_xor_random1_sampler_island_local_warmup5_except_data_ro2_1000x125_strict_20260526.payload,121,1,1,608,392,0.608000000,0.108000000,608,0.966078098,0.717856771
restart_reduced_xor_random1_sampler_island_local_warmup5_except_data_ro2_1000x125_strict_20260526.payload,121,1,2,625,375,0.625000000,0.125000000,625,0.954434003,0.678071905
restart_reduced_xor_random1_sampler_island_local_warmup5_except_data_ro2_1000x125_strict_20260526.payload,121,1,3,614,386,0.614000000,0.114000000,614,0.962169633,0.703689439
restart_reduced_xor_random1_sampler_island_local_warmup5_except_data_ro2_1000x125_strict_20260526.payload,121,1,4,603,397,0.603000000,0.103000000,603,0.969168634,0.729770093
restart_reduced_xor_random1_sampler_island_local_warmup5_except_data_ro2_1000x125_strict_20260526.payload,121,1,5,608,392,0.608000000,0.108000000,608,0.966078098,0.717856771
restart_reduced_xor_random1_sampler_island_local_warmup5_except_data_ro2_1000x125_strict_20260526.payload,121,1,6,572,428,0.572000000,0.072000000,572,0.984990010,0.805912948
restart_reduced_xor_random1_sampler_island_local_warmup5_except_data_ro2_1000x125_strict_20260526.payload,121,1,7,604,396,0.604000000,0.104000000,604,0.968562601,0.727379545
restart_reduced_xor_random1_sampler_island_local_warmup5_except_data_ro2_1000x125_strict_20260526.payload,122,2,0,580,420,0.580000000,0.080000000,580,0.981453895,0.785875195
restart_reduced_xor_random1_sampler_island_local_warmup5_except_data_ro2_1000x125_strict_20260526.payload,122,2,1,582,418,0.582000000,0.082000000,582,0.980510718,0.780908942
restart_reduced_xor_random1_sampler_island_local_warmup5_except_data_ro2_1000x125_strict_20260526.payload,122,2,2,602,398,0.602000000,0.102000000,602,0.969768640,0.732164608
restart_reduced_xor_random1_sampler_island_local_warmup5_except_data_ro2_1000x125_strict_20260526.payload,122,2,3,585,415,0.585000000,0.085000000,585,0.979051465,0.773491470
restart_reduced_xor_random1_sampler_island_local_warmup5_except_data_ro2_1000x125_strict_20260526.payload,122,2,4,544,456,0.544000000,0.044000000,544,0.994406653,0.878321443
restart_reduced_xor_random1_sampler_island_local_warmup5_except_data_ro2_1000x125_strict_20260526.payload,122,2,5,589,411,0.589000000,0.089000000,589,0.977022579,0.763660461
restart_reduced_xor_random1_sampler_island_local_warmup5_except_data_ro2_1000x125_strict_20260526.payload,122,2,6,602,398,0.602000000,0.102000000,602,0.969768640,0.732164608
restart_reduced_xor_random1_sampler_island_local_warmup5_except_data_ro2_1000x125_strict_20260526.payload,122,2,7,608,392,0.608000000,0.108000000,608,0.966078098,0.717856771
restart_reduced_xor_random1_sampler_island_local_warmup5_except_data_ro2_1000x125_strict_20260526.payload,123,3,0,613,387,0.613000000,0.113000000,613,0.962836228,0.706041021
restart_reduced_xor_random1_sampler_island_local_warmup5_except_data_ro2_1000x125_strict_20260526.payload,123,3,1,615,385,0.615000000,0.115000000,615,0.961496951,0.701341684
restart_reduced_xor_random1_sampler_island_local_warmup5_except_data_ro2_1000x125_strict_20260526.payload,123,3,2,577,423,0.577000000,0.077000000,577,0.982824252,0.793356776
restart_reduced_xor_random1_sampler_island_local_warmup5_except_data_ro2_1000x125_strict_20260526.payload,123,3,3,575,425,0.575000000,0.075000000,575,0.983708263,0.798366139
restart_reduced_xor_random1_sampler_island_local_warmup5_except_data_ro2_1000x125_strict_20260526.payload,123,3,4,581,419,0.581000000,0.081000000,581,0.980985270,0.783389931
restart_reduced_xor_random1_sampler_island_local_warmup5_except_data_ro2_1000x125_strict_20260526.payload,123,3,5,603,397,0.603000000,0.103000000,603,0.969168634,0.729770093
restart_reduced_xor_random1_sampler_island_local_warmup5_except_data_ro2_1000x125_strict_20260526.payload,123,3,6,599,401,0.599000000,0.099000000,599,0.971532552,0.739372092
restart_reduced_xor_random1_sampler_island_local_warmup5_except_data_ro2_1000x125_strict_20260526.payload,123,3,7,590,410,0.590000000,0.090000000,590,0.976500469,0.761213140
restart_reduced_xor_random1_sampler_island_local_warmup5_except_data_ro2_1000x125_strict_20260526.payload,124,4,0,603,397,0.603000000,0.103000000,603,0.969168634,0.729770093
restart_reduced_xor_random1_sampler_island_local_warmup5_except_data_ro2_1000x125_strict_20260526.payload,124,4,1,592,408,0.592000000,0.092000000,592,0.975438353,0.756330919
restart_reduced_xor_random1_sampler_island_local_warmup5_except_data_ro2_1000x125_strict_20260526.payload,124,4,2,590,410,0.590000000,0.090000000,590,0.976500469,0.761213140
restart_reduced_xor_random1_sampler_island_local_warmup5_except_data_ro2_1000x125_strict_20260526.payload,124,4,3,597,403,0.597000000,0.097000000,597,0.972678454,0.744197163
restart_reduced_xor_random1_sampler_island_local_warmup5_except_data_ro2_1000x125_strict_20260526.payload,124,4,4,604,396,0.604000000,0.104000000,604,0.968562601,0.727379545
restart_reduced_xor_random1_sampler_island_local_warmup5_except_data_ro2_1000x125_strict_20260526.payload,124,4,5,583,417,0.583000000,0.083000000,583,0.980030236,0.778432211
restart_reduced_xor_random1_sampler_island_local_warmup5_except_data_ro2_1000x125_strict_20260526.payload,124,4,6,596,404,0.596000000,0.096000000,596,0.973242407,0.746615764
restart_reduced_xor_random1_sampler_island_local_warmup5_except_data_ro2_1000x125_strict_20260526.payload,124,4,7,587,413,0.587000000,0.087000000,587,0.978048924,0.768567592
restart_reduced_xor_random1_sampler_island_local_warmup10_except_data_ro2_1000x125_strict_20260526.payload,0,0,0,497,503,0.497000000,0.003000000,503,0.999974031,0.991369695
restart_reduced_xor_random1_sampler_island_local_warmup10_except_data_ro2_1000x125_strict_20260526.payload,0,0,1,492,508,0.492000000,0.008000000,508,0.999815327,0.977099598
restart_reduced_xor_random1_sampler_island_local_warmup10_except_data_ro2_1000x125_strict_20260526.payload,0,0,2,479,521,0.479000000,0.021000000,521,0.998727169,0.940644722
restart_reduced_xor_random1_sampler_island_local_warmup10_except_data_ro2_1000x125_strict_20260526.payload,0,0,3,502,498,0.502000000,0.002000000,502,0.999988458,0.994240731
restart_reduced_xor_random1_sampler_island_local_warmup10_except_data_ro2_1000x125_strict_20260526.payload,0,0,4,522,478,0.522000000,0.022000000,522,0.998603020,0.937878288
restart_reduced_xor_random1_sampler_island_local_warmup10_except_data_ro2_1000x125_strict_20260526.payload,0,0,5,503,497,0.503000000,0.003000000,503,0.999974031,0.991369695
restart_reduced_xor_random1_sampler_island_local_warmup10_except_data_ro2_1000x125_strict_20260526.payload,0,0,6,496,504,0.496000000,0.004000000,504,0.999953833,0.988504361
restart_reduced_xor_random1_sampler_island_local_warmup10_except_data_ro2_1000x125_strict_20260526.payload,0,0,7,506,494,0.506000000,0.006000000,506,0.999896123,0.982790710
restart_reduced_xor_random1_sampler_island_local_warmup10_except_data_ro2_1000x125_strict_20260526.payload,1,1,0,519,481,0.519000000,0.019000000,519,0.998958123,0.946193556
restart_reduced_xor_random1_sampler_island_local_warmup10_except_data_ro2_1000x125_strict_20260526.payload,1,1,1,477,523,0.477000000,0.023000000,523,0.998473090,0.935117148
restart_reduced_xor_random1_sampler_island_local_warmup10_except_data_ro2_1000x125_strict_20260526.payload,1,1,2,495,505,0.495000000,0.005000000,505,0.999927864,0.985644707
restart_reduced_xor_random1_sampler_island_local_warmup10_except_data_ro2_1000x125_strict_20260526.payload,1,1,3,520,480,0.520000000,0.020000000,520,0.998845536,0.943416472
restart_reduced_xor_random1_sampler_island_local_warmup10_except_data_ro2_1000x125_strict_20260526.payload,1,1,4,500,500,0.500000000,0.000000000,500,1.000000000,1.000000000
restart_reduced_xor_random1_sampler_island_local_warmup10_except_data_ro2_1000x125_strict_20260526.payload,1,1,5,517,483,0.517000000,0.017000000,517,0.999165962,0.951763814
restart_reduced_xor_random1_sampler_island_local_warmup10_except_data_ro2_1000x125_strict_20260526.payload,1,1,6,498,502,0.498000000,0.002000000,502,0.999988458,0.994240731
restart_reduced_xor_random1_sampler_island_local_warmup10_except_data_ro2_1000x125_strict_20260526.payload,1,1,7,507,493,0.507000000,0.007000000,507,0.999858611,0.979942348
restart_reduced_xor_random1_sampler_island_local_warmup10_except_data_ro2_1000x125_strict_20260526.payload,2,2,0,534,466,0.534000000,0.034000000,534,0.996661914,0.905088353
restart_reduced_xor_random1_sampler_island_local_warmup10_except_data_ro2_1000x125_strict_20260526.payload,2,2,1,472,528,0.472000000,0.028000000,528,0.997736670,0.921390165
restart_reduced_xor_random1_sampler_island_local_warmup10_except_data_ro2_1000x125_strict_20260526.payload,2,2,2,475,525,0.475000000,0.025000000,525,0.998195879,0.929610672
restart_reduced_xor_random1_sampler_island_local_warmup10_except_data_ro2_1000x125_strict_20260526.payload,2,2,3,509,491,0.509000000,0.009000000,509,0.999766271,0.974262439
restart_reduced_xor_random1_sampler_island_local_warmup10_except_data_ro2_1000x125_strict_20260526.payload,2,2,4,482,518,0.482000000,0.018000000,518,0.999064932,0.948975997
restart_reduced_xor_random1_sampler_island_local_warmup10_except_data_ro2_1000x125_strict_20260526.payload,2,2,5,528,472,0.528000000,0.028000000,528,0.997736670,0.921390165
restart_reduced_xor_random1_sampler_island_local_warmup10_except_data_ro2_1000x125_strict_20260526.payload,2,2,6,516,484,0.516000000,0.016000000,516,0.999261214,0.954557029
restart_reduced_xor_random1_sampler_island_local_warmup10_except_data_ro2_1000x125_strict_20260526.payload,2,2,7,487,513,0.487000000,0.013000000,513,0.999512314,0.962969269
restart_reduced_xor_random1_sampler_island_local_warmup10_except_data_ro2_1000x125_strict_20260526.payload,3,3,0,486,514,0.486000000,0.014000000,514,0.999434390,0.960159735
restart_reduced_xor_random1_sampler_island_local_warmup10_except_data_ro2_1000x125_strict_20260526.payload,3,3,1,497,503,0.497000000,0.003000000,503,0.999974031,0.991369695
restart_reduced_xor_random1_sampler_island_local_warmup10_except_data_ro2_1000x125_strict_20260526.payload,3,3,2,502,498,0.502000000,0.002000000,502,0.999988458,0.994240731
restart_reduced_xor_random1_sampler_island_local_warmup10_except_data_ro2_1000x125_strict_20260526.payload,3,3,3,502,498,0.502000000,0.002000000,502,0.999988458,0.994240731
restart_reduced_xor_random1_sampler_island_local_warmup10_except_data_ro2_1000x125_strict_20260526.payload,3,3,4,498,502,0.498000000,0.002000000,502,0.999988458,0.994240731
restart_reduced_xor_random1_sampler_island_local_warmup10_except_data_ro2_1000x125_strict_20260526.payload,3,3,5,523,477,0.523000000,0.023000000,523,0.998473090,0.935117148
restart_reduced_xor_random1_sampler_island_local_warmup10_except_data_ro2_1000x125_strict_20260526.payload,3,3,6,514,486,0.514000000,0.014000000,514,0.999434390,0.960159735
restart_reduced_xor_random1_sampler_island_local_warmup10_except_data_ro2_1000x125_strict_20260526.payload,3,3,7,517,483,0.517000000,0.017000000,517,0.999165962,0.951763814
restart_reduced_xor_random1_sampler_island_local_warmup10_except_data_ro2_1000x125_strict_20260526.payload,4,4,0,491,509,0.491000000,0.009000000,509,0.999766271,0.974262439
restart_reduced_xor_random1_sampler_island_local_warmup10_except_data_ro2_1000x125_strict_20260526.payload,4,4,1,502,498,0.502000000,0.002000000,502,0.999988458,0.994240731
restart_reduced_xor_random1_sampler_island_local_warmup10_except_data_ro2_1000x125_strict_20260526.payload,4,4,2,496,504,0.496000000,0.004000000,504,0.999953833,0.988504361
restart_reduced_xor_random1_sampler_island_local_warmup10_except_data_ro2_1000x125_strict_20260526.payload,4,4,3,536,464,0.536000000,0.036000000,536,0.996257297,0.899695094
restart_reduced_xor_random1_sampler_island_local_warmup10_except_data_ro2_1000x125_strict_20260526.payload,4,4,4,495,505,0.495000000,0.005000000,505,0.999927864,0.985644707
restart_reduced_xor_random1_sampler_island_local_warmup10_except_data_ro2_1000x125_strict_20260526.payload,4,4,5,472,528,0.472000000,0.028000000,528,0.997736670,0.921390165
restart_reduced_xor_random1_sampler_island_local_warmup10_except_data_ro2_1000x125_strict_20260526.payload,4,4,6,519,481,0.519000000,0.019000000,519,0.998958123,0.946193556
restart_reduced_xor_random1_sampler_island_local_warmup10_except_data_ro2_1000x125_strict_20260526.payload,4,4,7,482,518,0.482000000,0.018000000,518,0.999064932,0.948975997
restart_reduced_xor_random1_sampler_island_local_warmup10_except_data_ro2_1000x125_strict_20260526.payload,5,5,0,518,482,0.518000000,0.018000000,518,0.999064932,0.948975997
restart_reduced_xor_random1_sampler_island_local_warmup10_except_data_ro2_1000x125_strict_20260526.payload,5,5,1,489,511,0.489000000,0.011000000,511,0.999650840,0.968604804
restart_reduced_xor_random1_sampler_island_local_warmup10_except_data_ro2_1000x125_strict_20260526.payload,5,5,2,492,508,0.492000000,0.008000000,508,0.999815327,0.977099598
restart_reduced_xor_random1_sampler_island_local_warmup10_except_data_ro2_1000x125_strict_20260526.payload,5,5,3,489,511,0.489000000,0.011000000,511,0.999650840,0.968604804
restart_reduced_xor_random1_sampler_island_local_warmup10_except_data_ro2_1000x125_strict_20260526.payload,5,5,4,473,527,0.473000000,0.027000000,527,0.997895527,0.924125133
restart_reduced_xor_random1_sampler_island_local_warmup10_except_data_ro2_1000x125_strict_20260526.payload,5,5,5,491,509,0.491000000,0.009000000,509,0.999766271,0.974262439
restart_reduced_xor_random1_sampler_island_local_warmup10_except_data_ro2_1000x125_strict_20260526.payload,5,5,6,512,488,0.512000000,0.012000000,512,0.999584464,0.965784285
restart_reduced_xor_random1_sampler_island_local_warmup10_except_data_ro2_1000x125_strict_20260526.payload,5,5,7,516,484,0.516000000,0.016000000,516,0.999261214,0.954557029
restart_reduced_xor_random1_sampler_island_local_warmup10_except_data_ro2_1000x125_strict_20260526.payload,6,6,0,511,489,0.511000000,0.011000000,511,0.999650840,0.968604804
restart_reduced_xor_random1_sampler_island_local_warmup10_except_data_ro2_1000x125_strict_20260526.payload,6,6,1,466,534,0.466000000,0.034000000,534,0.996661914,0.905088353
restart_reduced_xor_random1_sampler_island_local_warmup10_except_data_ro2_1000x125_strict_20260526.payload,6,6,2,498,502,0.498000000,0.002000000,502,0.999988458,0.994240731
restart_reduced_xor_random1_sampler_island_local_warmup10_except_data_ro2_1000x125_strict_20260526.payload,6,6,3,502,498,0.502000000,0.002000000,502,0.999988458,0.994240731
restart_reduced_xor_random1_sampler_island_local_warmup10_except_data_ro2_1000x125_strict_20260526.payload,6,6,4,491,509,0.491000000,0.009000000,509,0.999766271,0.974262439
restart_reduced_xor_random1_sampler_island_local_warmup10_except_data_ro2_1000x125_strict_20260526.payload,6,6,5,517,483,0.517000000,0.017000000,517,0.999165962,0.951763814
restart_reduced_xor_random1_sampler_island_local_warmup10_except_data_ro2_1000x125_strict_20260526.payload,6,6,6,503,497,0.503000000,0.003000000,503,0.999974031,0.991369695
restart_reduced_xor_random1_sampler_island_local_warmup10_except_data_ro2_1000x125_strict_20260526.payload,6,6,7,487,513,0.487000000,0.013000000,513,0.999512314,0.962969269
restart_reduced_xor_random1_sampler_island_local_warmup10_except_data_ro2_1000x125_strict_20260526.payload,7,7,0,504,496,0.504000000,0.004000000,504,0.999953833,0.988504361
restart_reduced_xor_random1_sampler_island_local_warmup10_except_data_ro2_1000x125_strict_20260526.payload,7,7,1,495,505,0.495000000,0.005000000,505,0.999927864,0.985644707
restart_reduced_xor_random1_sampler_island_local_warmup10_except_data_ro2_1000x125_strict_20260526.payload,7,7,2,529,471,0.529000000,0.029000000,529,0.997572025,0.918660373
restart_reduced_xor_random1_sampler_island_local_warmup10_except_data_ro2_1000x125_strict_20260526.payload,7,7,3,512,488,0.512000000,0.012000000,512,0.999584464,0.965784285
restart_reduced_xor_random1_sampler_island_local_warmup10_except_data_ro2_1000x125_strict_20260526.payload,7,7,4,509,491,0.509000000,0.009000000,509,0.999766271,0.974262439
restart_reduced_xor_random1_sampler_island_local_warmup10_except_data_ro2_1000x125_strict_20260526.payload,7,7,5,493,507,0.493000000,0.007000000,507,0.999858611,0.979942348
restart_reduced_xor_random1_sampler_island_local_warmup10_except_data_ro2_1000x125_strict_20260526.payload,7,7,6,517,483,0.517000000,0.017000000,517,0.999165962,0.951763814
restart_reduced_xor_random1_sampler_island_local_warmup10_except_data_ro2_1000x125_strict_20260526.payload,7,7,7,494,506,0.494000000,0.006000000,506,0.999896123,0.982790710
restart_reduced_xor_random1_sampler_island_local_warmup10_except_data_ro2_1000x125_strict_20260526.payload,8,0,0,512,488,0.512000000,0.012000000,512,0.999584464,0.965784285
restart_reduced_xor_random1_sampler_island_local_warmup10_except_data_ro2_1000x125_strict_20260526.payload,8,0,1,494,506,0.494000000,0.006000000,506,0.999896123,0.982790710
restart_reduced_xor_random1_sampler_island_local_warmup10_except_data_ro2_1000x125_strict_20260526.payload,8,0,2,516,484,0.516000000,0.016000000,516,0.999261214,0.954557029
restart_reduced_xor_random1_sampler_island_local_warmup10_except_data_ro2_1000x125_strict_20260526.payload,8,0,3,503,497,0.503000000,0.003000000,503,0.999974031,0.991369695
restart_reduced_xor_random1_sampler_island_local_warmup10_except_data_ro2_1000x125_strict_20260526.payload,8,0,4,523,477,0.523000000,0.023000000,523,0.998473090,0.935117148
restart_reduced_xor_random1_sampler_island_local_warmup10_except_data_ro2_1000x125_strict_20260526.payload,8,0,5,516,484,0.516000000,0.016000000,516,0.999261214,0.954557029
restart_reduced_xor_random1_sampler_island_local_warmup10_except_data_ro2_1000x125_strict_20260526.payload,8,0,6,489,511,0.489000000,0.011000000,511,0.999650840,0.968604804
restart_reduced_xor_random1_sampler_island_local_warmup10_except_data_ro2_1000x125_strict_20260526.payload,8,0,7,487,513,0.487000000,0.013000000,513,0.999512314,0.962969269
restart_reduced_xor_random1_sampler_island_local_warmup10_except_data_ro2_1000x125_strict_20260526.payload,9,1,0,468,532,0.468000000,0.032000000,532,0.997043340,0.910501849
restart_reduced_xor_random1_sampler_island_local_warmup10_except_data_ro2_1000x125_strict_20260526.payload,9,1,1,495,505,0.495000000,0.005000000,505,0.999927864,0.985644707
restart_reduced_xor_random1_sampler_island_local_warmup10_except_data_ro2_1000x125_strict_20260526.payload,9,1,2,521,479,0.521000000,0.021000000,521,0.998727169,0.940644722
restart_reduced_xor_random1_sampler_island_local_warmup10_except_data_ro2_1000x125_strict_20260526.payload,9,1,3,520,480,0.520000000,0.020000000,520,0.998845536,0.943416472
restart_reduced_xor_random1_sampler_island_local_warmup10_except_data_ro2_1000x125_strict_20260526.payload,9,1,4,491,509,0.491000000,0.009000000,509,0.999766271,0.974262439
restart_reduced_xor_random1_sampler_island_local_warmup10_except_data_ro2_1000x125_strict_20260526.payload,9,1,5,482,518,0.482000000,0.018000000,518,0.999064932,0.948975997
restart_reduced_xor_random1_sampler_island_local_warmup10_except_data_ro2_1000x125_strict_20260526.payload,9,1,6,491,509,0.491000000,0.009000000,509,0.999766271,0.974262439
restart_reduced_xor_random1_sampler_island_local_warmup10_except_data_ro2_1000x125_strict_20260526.payload,9,1,7,513,487,0.513000000,0.013000000,513,0.999512314,0.962969269
restart_reduced_xor_random1_sampler_island_local_warmup10_except_data_ro2_1000x125_strict_20260526.payload,10,2,0,536,464,0.536000000,0.036000000,536,0.996257297,0.899695094
restart_reduced_xor_random1_sampler_island_local_warmup10_except_data_ro2_1000x125_strict_20260526.payload,10,2,1,502,498,0.502000000,0.002000000,502,0.999988458,0.994240731
restart_reduced_xor_random1_sampler_island_local_warmup10_except_data_ro2_1000x125_strict_20260526.payload,10,2,2,500,500,0.500000000,0.000000000,500,1.000000000,1.000000000
restart_reduced_xor_random1_sampler_island_local_warmup10_except_data_ro2_1000x125_strict_20260526.payload,10,2,3,522,478,0.522000000,0.022000000,522,0.998603020,0.937878288
restart_reduced_xor_random1_sampler_island_local_warmup10_except_data_ro2_1000x125_strict_20260526.payload,10,2,4,491,509,0.491000000,0.009000000,509,0.999766271,0.974262439
restart_reduced_xor_random1_sampler_island_local_warmup10_except_data_ro2_1000x125_strict_20260526.payload,10,2,5,470,530,0.470000000,0.030000000,530,0.997401589,0.915935735
restart_reduced_xor_random1_sampler_island_local_warmup10_except_data_ro2_1000x125_strict_20260526.payload,10,2,6,511,489,0.511000000,0.011000000,511,0.999650840,0.968604804
restart_reduced_xor_random1_sampler_island_local_warmup10_except_data_ro2_1000x125_strict_20260526.payload,10,2,7,524,476,0.524000000,0.024000000,524,0.998337377,0.932361283
restart_reduced_xor_random1_sampler_island_local_warmup10_except_data_ro2_1000x125_strict_20260526.payload,11,3,0,525,475,0.525000000,0.025000000,525,0.998195879,0.929610672
restart_reduced_xor_random1_sampler_island_local_warmup10_except_data_ro2_1000x125_strict_20260526.payload,11,3,1,547,453,0.547000000,0.047000000,547,0.993616753,0.870387262
restart_reduced_xor_random1_sampler_island_local_warmup10_except_data_ro2_1000x125_strict_20260526.payload,11,3,2,526,474,0.526000000,0.026000000,526,0.998048596,0.926865295
restart_reduced_xor_random1_sampler_island_local_warmup10_except_data_ro2_1000x125_strict_20260526.payload,11,3,3,496,504,0.496000000,0.004000000,504,0.999953833,0.988504361
restart_reduced_xor_random1_sampler_island_local_warmup10_except_data_ro2_1000x125_strict_20260526.payload,11,3,4,512,488,0.512000000,0.012000000,512,0.999584464,0.965784285
restart_reduced_xor_random1_sampler_island_local_warmup10_except_data_ro2_1000x125_strict_20260526.payload,11,3,5,492,508,0.492000000,0.008000000,508,0.999815327,0.977099598
restart_reduced_xor_random1_sampler_island_local_warmup10_except_data_ro2_1000x125_strict_20260526.payload,11,3,6,476,524,0.476000000,0.024000000,524,0.998337377,0.932361283
restart_reduced_xor_random1_sampler_island_local_warmup10_except_data_ro2_1000x125_strict_20260526.payload,11,3,7,505,495,0.505000000,0.005000000,505,0.999927864,0.985644707
restart_reduced_xor_random1_sampler_island_local_warmup10_except_data_ro2_1000x125_strict_20260526.payload,12,4,0,501,499,0.501000000,0.001000000,501,0.999997115,0.997117491
restart_reduced_xor_random1_sampler_island_local_warmup10_except_data_ro2_1000x125_strict_20260526.payload,12,4,1,516,484,0.516000000,0.016000000,516,0.999261214,0.954557029
restart_reduced_xor_random1_sampler_island_local_warmup10_except_data_ro2_1000x125_strict_20260526.payload,12,4,2,511,489,0.511000000,0.011000000,511,0.999650840,0.968604804
restart_reduced_xor_random1_sampler_island_local_warmup10_except_data_ro2_1000x125_strict_20260526.payload,12,4,3,509,491,0.509000000,0.009000000,509,0.999766271,0.974262439
restart_reduced_xor_random1_sampler_island_local_warmup10_except_data_ro2_1000x125_strict_20260526.payload,12,4,4,516,484,0.516000000,0.016000000,516,0.999261214,0.954557029
restart_reduced_xor_random1_sampler_island_local_warmup10_except_data_ro2_1000x125_strict_20260526.payload,12,4,5,493,507,0.493000000,0.007000000,507,0.999858611,0.979942348
restart_reduced_xor_random1_sampler_island_local_warmup10_except_data_ro2_1000x125_strict_20260526.payload,12,4,6,498,502,0.498000000,0.002000000,502,0.999988458,0.994240731
restart_reduced_xor_random1_sampler_island_local_warmup10_except_data_ro2_1000x125_strict_20260526.payload,12,4,7,485,515,0.485000000,0.015000000,515,0.999350690,0.957355663
restart_reduced_xor_random1_sampler_island_local_warmup10_except_data_ro2_1000x125_strict_20260526.payload,13,5,0,506,494,0.506000000,0.006000000,506,0.999896123,0.982790710
restart_reduced_xor_random1_sampler_island_local_warmup10_except_data_ro2_1000x125_strict_20260526.payload,13,5,1,491,509,0.491000000,0.009000000,509,0.999766271,0.974262439
restart_reduced_xor_random1_sampler_island_local_warmup10_except_data_ro2_1000x125_strict_20260526.payload,13,5,2,503,497,0.503000000,0.003000000,503,0.999974031,0.991369695
restart_reduced_xor_random1_sampler_island_local_warmup10_except_data_ro2_1000x125_strict_20260526.payload,13,5,3,527,473,0.527000000,0.027000000,527,0.997895527,0.924125133
restart_reduced_xor_random1_sampler_island_local_warmup10_except_data_ro2_1000x125_strict_20260526.payload,13,5,4,528,472,0.528000000,0.028000000,528,0.997736670,0.921390165
restart_reduced_xor_random1_sampler_island_local_warmup10_except_data_ro2_1000x125_strict_20260526.payload,13,5,5,488,512,0.488000000,0.012000000,512,0.999584464,0.965784285
restart_reduced_xor_random1_sampler_island_local_warmup10_except_data_ro2_1000x125_strict_20260526.payload,13,5,6,504,496,0.504000000,0.004000000,504,0.999953833,0.988504361
restart_reduced_xor_random1_sampler_island_local_warmup10_except_data_ro2_1000x125_strict_20260526.payload,13,5,7,488,512,0.488000000,0.012000000,512,0.999584464,0.965784285
restart_reduced_xor_random1_sampler_island_local_warmup10_except_data_ro2_1000x125_strict_20260526.payload,14,6,0,506,494,0.506000000,0.006000000,506,0.999896123,0.982790710
restart_reduced_xor_random1_sampler_island_local_warmup10_except_data_ro2_1000x125_strict_20260526.payload,14,6,1,477,523,0.477000000,0.023000000,523,0.998473090,0.935117148
restart_reduced_xor_random1_sampler_island_local_warmup10_except_data_ro2_1000x125_strict_20260526.payload,14,6,2,491,509,0.491000000,0.009000000,509,0.999766271,0.974262439
restart_reduced_xor_random1_sampler_island_local_warmup10_except_data_ro2_1000x125_strict_20260526.payload,14,6,3,488,512,0.488000000,0.012000000,512,0.999584464,0.965784285
restart_reduced_xor_random1_sampler_island_local_warmup10_except_data_ro2_1000x125_strict_20260526.payload,14,6,4,505,495,0.505000000,0.005000000,505,0.999927864,0.985644707
restart_reduced_xor_random1_sampler_island_local_warmup10_except_data_ro2_1000x125_strict_20260526.payload,14,6,5,497,503,0.497000000,0.003000000,503,0.999974031,0.991369695
restart_reduced_xor_random1_sampler_island_local_warmup10_except_data_ro2_1000x125_strict_20260526.payload,14,6,6,485,515,0.485000000,0.015000000,515,0.999350690,0.957355663
restart_reduced_xor_random1_sampler_island_local_warmup10_except_data_ro2_1000x125_strict_20260526.payload,14,6,7,497,503,0.497000000,0.003000000,503,0.999974031,0.991369695
restart_reduced_xor_random1_sampler_island_local_warmup10_except_data_ro2_1000x125_strict_20260526.payload,15,7,0,490,510,0.490000000,0.010000000,510,0.999711442,0.971430848
restart_reduced_xor_random1_sampler_island_local_warmup10_except_data_ro2_1000x125_strict_20260526.payload,15,7,1,509,491,0.509000000,0.009000000,509,0.999766271,0.974262439
restart_reduced_xor_random1_sampler_island_local_warmup10_except_data_ro2_1000x125_strict_20260526.payload,15,7,2,475,525,0.475000000,0.025000000,525,0.998195879,0.929610672
restart_reduced_xor_random1_sampler_island_local_warmup10_except_data_ro2_1000x125_strict_20260526.payload,15,7,3,501,499,0.501000000,0.001000000,501,0.999997115,0.997117491
restart_reduced_xor_random1_sampler_island_local_warmup10_except_data_ro2_1000x125_strict_20260526.payload,15,7,4,502,498,0.502000000,0.002000000,502,0.999988458,0.994240731
restart_reduced_xor_random1_sampler_island_local_warmup10_except_data_ro2_1000x125_strict_20260526.payload,15,7,5,509,491,0.509000000,0.009000000,509,0.999766271,0.974262439
restart_reduced_xor_random1_sampler_island_local_warmup10_except_data_ro2_1000x125_strict_20260526.payload,15,7,6,485,515,0.485000000,0.015000000,515,0.999350690,0.957355663
restart_reduced_xor_random1_sampler_island_local_warmup10_except_data_ro2_1000x125_strict_20260526.payload,15,7,7,509,491,0.509000000,0.009000000,509,0.999766271,0.974262439
restart_reduced_xor_random1_sampler_island_local_warmup10_except_data_ro2_1000x125_strict_20260526.payload,16,0,0,493,507,0.493000000,0.007000000,507,0.999858611,0.979942348
restart_reduced_xor_random1_sampler_island_local_warmup10_except_data_ro2_1000x125_strict_20260526.payload,16,0,1,518,482,0.518000000,0.018000000,518,0.999064932,0.948975997
restart_reduced_xor_random1_sampler_island_local_warmup10_except_data_ro2_1000x125_strict_20260526.payload,16,0,2,476,524,0.476000000,0.024000000,524,0.998337377,0.932361283
restart_reduced_xor_random1_sampler_island_local_warmup10_except_data_ro2_1000x125_strict_20260526.payload,16,0,3,470,530,0.470000000,0.030000000,530,0.997401589,0.915935735
restart_reduced_xor_random1_sampler_island_local_warmup10_except_data_ro2_1000x125_strict_20260526.payload,16,0,4,477,523,0.477000000,0.023000000,523,0.998473090,0.935117148
restart_reduced_xor_random1_sampler_island_local_warmup10_except_data_ro2_1000x125_strict_20260526.payload,16,0,5,510,490,0.510000000,0.010000000,510,0.999711442,0.971430848
restart_reduced_xor_random1_sampler_island_local_warmup10_except_data_ro2_1000x125_strict_20260526.payload,16,0,6,509,491,0.509000000,0.009000000,509,0.999766271,0.974262439
restart_reduced_xor_random1_sampler_island_local_warmup10_except_data_ro2_1000x125_strict_20260526.payload,16,0,7,505,495,0.505000000,0.005000000,505,0.999927864,0.985644707
restart_reduced_xor_random1_sampler_island_local_warmup10_except_data_ro2_1000x125_strict_20260526.payload,17,1,0,481,519,0.481000000,0.019000000,519,0.998958123,0.946193556
restart_reduced_xor_random1_sampler_island_local_warmup10_except_data_ro2_1000x125_strict_20260526.payload,17,1,1,502,498,0.502000000,0.002000000,502,0.999988458,0.994240731
restart_reduced_xor_random1_sampler_island_local_warmup10_except_data_ro2_1000x125_strict_20260526.payload,17,1,2,488,512,0.488000000,0.012000000,512,0.999584464,0.965784285
restart_reduced_xor_random1_sampler_island_local_warmup10_except_data_ro2_1000x125_strict_20260526.payload,17,1,3,482,518,0.482000000,0.018000000,518,0.999064932,0.948975997
restart_reduced_xor_random1_sampler_island_local_warmup10_except_data_ro2_1000x125_strict_20260526.payload,17,1,4,466,534,0.466000000,0.034000000,534,0.996661914,0.905088353
restart_reduced_xor_random1_sampler_island_local_warmup10_except_data_ro2_1000x125_strict_20260526.payload,17,1,5,479,521,0.479000000,0.021000000,521,0.998727169,0.940644722
restart_reduced_xor_random1_sampler_island_local_warmup10_except_data_ro2_1000x125_strict_20260526.payload,17,1,6,490,510,0.490000000,0.010000000,510,0.999711442,0.971430848
restart_reduced_xor_random1_sampler_island_local_warmup10_except_data_ro2_1000x125_strict_20260526.payload,17,1,7,509,491,0.509000000,0.009000000,509,0.999766271,0.974262439
restart_reduced_xor_random1_sampler_island_local_warmup10_except_data_ro2_1000x125_strict_20260526.payload,18,2,0,517,483,0.517000000,0.017000000,517,0.999165962,0.951763814
restart_reduced_xor_random1_sampler_island_local_warmup10_except_data_ro2_1000x125_strict_20260526.payload,18,2,1,505,495,0.505000000,0.005000000,505,0.999927864,0.985644707
restart_reduced_xor_random1_sampler_island_local_warmup10_except_data_ro2_1000x125_strict_20260526.payload,18,2,2,482,518,0.482000000,0.018000000,518,0.999064932,0.948975997
restart_reduced_xor_random1_sampler_island_local_warmup10_except_data_ro2_1000x125_strict_20260526.payload,18,2,3,508,492,0.508000000,0.008000000,508,0.999815327,0.977099598
restart_reduced_xor_random1_sampler_island_local_warmup10_except_data_ro2_1000x125_strict_20260526.payload,18,2,4,507,493,0.507000000,0.007000000,507,0.999858611,0.979942348
restart_reduced_xor_random1_sampler_island_local_warmup10_except_data_ro2_1000x125_strict_20260526.payload,18,2,5,506,494,0.506000000,0.006000000,506,0.999896123,0.982790710
restart_reduced_xor_random1_sampler_island_local_warmup10_except_data_ro2_1000x125_strict_20260526.payload,18,2,6,472,528,0.472000000,0.028000000,528,0.997736670,0.921390165
restart_reduced_xor_random1_sampler_island_local_warmup10_except_data_ro2_1000x125_strict_20260526.payload,18,2,7,521,479,0.521000000,0.021000000,521,0.998727169,0.940644722
restart_reduced_xor_random1_sampler_island_local_warmup10_except_data_ro2_1000x125_strict_20260526.payload,19,3,0,491,509,0.491000000,0.009000000,509,0.999766271,0.974262439
restart_reduced_xor_random1_sampler_island_local_warmup10_except_data_ro2_1000x125_strict_20260526.payload,19,3,1,508,492,0.508000000,0.008000000,508,0.999815327,0.977099598
restart_reduced_xor_random1_sampler_island_local_warmup10_except_data_ro2_1000x125_strict_20260526.payload,19,3,2,478,522,0.478000000,0.022000000,522,0.998603020,0.937878288
restart_reduced_xor_random1_sampler_island_local_warmup10_except_data_ro2_1000x125_strict_20260526.payload,19,3,3,508,492,0.508000000,0.008000000,508,0.999815327,0.977099598
restart_reduced_xor_random1_sampler_island_local_warmup10_except_data_ro2_1000x125_strict_20260526.payload,19,3,4,495,505,0.495000000,0.005000000,505,0.999927864,0.985644707
restart_reduced_xor_random1_sampler_island_local_warmup10_except_data_ro2_1000x125_strict_20260526.payload,19,3,5,483,517,0.483000000,0.017000000,517,0.999165962,0.951763814
restart_reduced_xor_random1_sampler_island_local_warmup10_except_data_ro2_1000x125_strict_20260526.payload,19,3,6,500,500,0.500000000,0.000000000,500,1.000000000,1.000000000
restart_reduced_xor_random1_sampler_island_local_warmup10_except_data_ro2_1000x125_strict_20260526.payload,19,3,7,495,505,0.495000000,0.005000000,505,0.999927864,0.985644707
restart_reduced_xor_random1_sampler_island_local_warmup10_except_data_ro2_1000x125_strict_20260526.payload,20,4,0,529,471,0.529000000,0.029000000,529,0.997572025,0.918660373
restart_reduced_xor_random1_sampler_island_local_warmup10_except_data_ro2_1000x125_strict_20260526.payload,20,4,1,486,514,0.486000000,0.014000000,514,0.999434390,0.960159735
restart_reduced_xor_random1_sampler_island_local_warmup10_except_data_ro2_1000x125_strict_20260526.payload,20,4,2,513,487,0.513000000,0.013000000,513,0.999512314,0.962969269
restart_reduced_xor_random1_sampler_island_local_warmup10_except_data_ro2_1000x125_strict_20260526.payload,20,4,3,497,503,0.497000000,0.003000000,503,0.999974031,0.991369695
restart_reduced_xor_random1_sampler_island_local_warmup10_except_data_ro2_1000x125_strict_20260526.payload,20,4,4,510,490,0.510000000,0.010000000,510,0.999711442,0.971430848
restart_reduced_xor_random1_sampler_island_local_warmup10_except_data_ro2_1000x125_strict_20260526.payload,20,4,5,511,489,0.511000000,0.011000000,511,0.999650840,0.968604804
restart_reduced_xor_random1_sampler_island_local_warmup10_except_data_ro2_1000x125_strict_20260526.payload,20,4,6,519,481,0.519000000,0.019000000,519,0.998958123,0.946193556
restart_reduced_xor_random1_sampler_island_local_warmup10_except_data_ro2_1000x125_strict_20260526.payload,20,4,7,482,518,0.482000000,0.018000000,518,0.999064932,0.948975997
restart_reduced_xor_random1_sampler_island_local_warmup10_except_data_ro2_1000x125_strict_20260526.payload,21,5,0,497,503,0.497000000,0.003000000,503,0.999974031,0.991369695
restart_reduced_xor_random1_sampler_island_local_warmup10_except_data_ro2_1000x125_strict_20260526.payload,21,5,1,503,497,0.503000000,0.003000000,503,0.999974031,0.991369695
restart_reduced_xor_random1_sampler_island_local_warmup10_except_data_ro2_1000x125_strict_20260526.payload,21,5,2,505,495,0.505000000,0.005000000,505,0.999927864,0.985644707
restart_reduced_xor_random1_sampler_island_local_warmup10_except_data_ro2_1000x125_strict_20260526.payload,21,5,3,497,503,0.497000000,0.003000000,503,0.999974031,0.991369695
restart_reduced_xor_random1_sampler_island_local_warmup10_except_data_ro2_1000x125_strict_20260526.payload,21,5,4,487,513,0.487000000,0.013000000,513,0.999512314,0.962969269
restart_reduced_xor_random1_sampler_island_local_warmup10_except_data_ro2_1000x125_strict_20260526.payload,21,5,5,523,477,0.523000000,0.023000000,523,0.998473090,0.935117148
restart_reduced_xor_random1_sampler_island_local_warmup10_except_data_ro2_1000x125_strict_20260526.payload,21,5,6,505,495,0.505000000,0.005000000,505,0.999927864,0.985644707
restart_reduced_xor_random1_sampler_island_local_warmup10_except_data_ro2_1000x125_strict_20260526.payload,21,5,7,490,510,0.490000000,0.010000000,510,0.999711442,0.971430848
restart_reduced_xor_random1_sampler_island_local_warmup10_except_data_ro2_1000x125_strict_20260526.payload,22,6,0,491,509,0.491000000,0.009000000,509,0.999766271,0.974262439
restart_reduced_xor_random1_sampler_island_local_warmup10_except_data_ro2_1000x125_strict_20260526.payload,22,6,1,494,506,0.494000000,0.006000000,506,0.999896123,0.982790710
restart_reduced_xor_random1_sampler_island_local_warmup10_except_data_ro2_1000x125_strict_20260526.payload,22,6,2,511,489,0.511000000,0.011000000,511,0.999650840,0.968604804
restart_reduced_xor_random1_sampler_island_local_warmup10_except_data_ro2_1000x125_strict_20260526.payload,22,6,3,502,498,0.502000000,0.002000000,502,0.999988458,0.994240731
restart_reduced_xor_random1_sampler_island_local_warmup10_except_data_ro2_1000x125_strict_20260526.payload,22,6,4,505,495,0.505000000,0.005000000,505,0.999927864,0.985644707
restart_reduced_xor_random1_sampler_island_local_warmup10_except_data_ro2_1000x125_strict_20260526.payload,22,6,5,502,498,0.502000000,0.002000000,502,0.999988458,0.994240731
restart_reduced_xor_random1_sampler_island_local_warmup10_except_data_ro2_1000x125_strict_20260526.payload,22,6,6,475,525,0.475000000,0.025000000,525,0.998195879,0.929610672
restart_reduced_xor_random1_sampler_island_local_warmup10_except_data_ro2_1000x125_strict_20260526.payload,22,6,7,471,529,0.471000000,0.029000000,529,0.997572025,0.918660373
restart_reduced_xor_random1_sampler_island_local_warmup10_except_data_ro2_1000x125_strict_20260526.payload,23,7,0,473,527,0.473000000,0.027000000,527,0.997895527,0.924125133
restart_reduced_xor_random1_sampler_island_local_warmup10_except_data_ro2_1000x125_strict_20260526.payload,23,7,1,511,489,0.511000000,0.011000000,511,0.999650840,0.968604804
restart_reduced_xor_random1_sampler_island_local_warmup10_except_data_ro2_1000x125_strict_20260526.payload,23,7,2,518,482,0.518000000,0.018000000,518,0.999064932,0.948975997
restart_reduced_xor_random1_sampler_island_local_warmup10_except_data_ro2_1000x125_strict_20260526.payload,23,7,3,471,529,0.471000000,0.029000000,529,0.997572025,0.918660373
restart_reduced_xor_random1_sampler_island_local_warmup10_except_data_ro2_1000x125_strict_20260526.payload,23,7,4,514,486,0.514000000,0.014000000,514,0.999434390,0.960159735
restart_reduced_xor_random1_sampler_island_local_warmup10_except_data_ro2_1000x125_strict_20260526.payload,23,7,5,470,530,0.470000000,0.030000000,530,0.997401589,0.915935735
restart_reduced_xor_random1_sampler_island_local_warmup10_except_data_ro2_1000x125_strict_20260526.payload,23,7,6,507,493,0.507000000,0.007000000,507,0.999858611,0.979942348
restart_reduced_xor_random1_sampler_island_local_warmup10_except_data_ro2_1000x125_strict_20260526.payload,23,7,7,502,498,0.502000000,0.002000000,502,0.999988458,0.994240731
restart_reduced_xor_random1_sampler_island_local_warmup10_except_data_ro2_1000x125_strict_20260526.payload,24,0,0,508,492,0.508000000,0.008000000,508,0.999815327,0.977099598
restart_reduced_xor_random1_sampler_island_local_warmup10_except_data_ro2_1000x125_strict_20260526.payload,24,0,1,483,517,0.483000000,0.017000000,517,0.999165962,0.951763814
restart_reduced_xor_random1_sampler_island_local_warmup10_except_data_ro2_1000x125_strict_20260526.payload,24,0,2,503,497,0.503000000,0.003000000,503,0.999974031,0.991369695
restart_reduced_xor_random1_sampler_island_local_warmup10_except_data_ro2_1000x125_strict_20260526.payload,24,0,3,467,533,0.467000000,0.033000000,533,0.996855525,0.907792562
restart_reduced_xor_random1_sampler_island_local_warmup10_except_data_ro2_1000x125_strict_20260526.payload,24,0,4,478,522,0.478000000,0.022000000,522,0.998603020,0.937878288
restart_reduced_xor_random1_sampler_island_local_warmup10_except_data_ro2_1000x125_strict_20260526.payload,24,0,5,488,512,0.488000000,0.012000000,512,0.999584464,0.965784285
restart_reduced_xor_random1_sampler_island_local_warmup10_except_data_ro2_1000x125_strict_20260526.payload,24,0,6,495,505,0.495000000,0.005000000,505,0.999927864,0.985644707
restart_reduced_xor_random1_sampler_island_local_warmup10_except_data_ro2_1000x125_strict_20260526.payload,24,0,7,497,503,0.497000000,0.003000000,503,0.999974031,0.991369695
restart_reduced_xor_random1_sampler_island_local_warmup10_except_data_ro2_1000x125_strict_20260526.payload,25,1,0,518,482,0.518000000,0.018000000,518,0.999064932,0.948975997
restart_reduced_xor_random1_sampler_island_local_warmup10_except_data_ro2_1000x125_strict_20260526.payload,25,1,1,502,498,0.502000000,0.002000000,502,0.999988458,0.994240731
restart_reduced_xor_random1_sampler_island_local_warmup10_except_data_ro2_1000x125_strict_20260526.payload,25,1,2,491,509,0.491000000,0.009000000,509,0.999766271,0.974262439
restart_reduced_xor_random1_sampler_island_local_warmup10_except_data_ro2_1000x125_strict_20260526.payload,25,1,3,523,477,0.523000000,0.023000000,523,0.998473090,0.935117148
restart_reduced_xor_random1_sampler_island_local_warmup10_except_data_ro2_1000x125_strict_20260526.payload,25,1,4,475,525,0.475000000,0.025000000,525,0.998195879,0.929610672
restart_reduced_xor_random1_sampler_island_local_warmup10_except_data_ro2_1000x125_strict_20260526.payload,25,1,5,500,500,0.500000000,0.000000000,500,1.000000000,1.000000000
restart_reduced_xor_random1_sampler_island_local_warmup10_except_data_ro2_1000x125_strict_20260526.payload,25,1,6,511,489,0.511000000,0.011000000,511,0.999650840,0.968604804
restart_reduced_xor_random1_sampler_island_local_warmup10_except_data_ro2_1000x125_strict_20260526.payload,25,1,7,508,492,0.508000000,0.008000000,508,0.999815327,0.977099598
restart_reduced_xor_random1_sampler_island_local_warmup10_except_data_ro2_1000x125_strict_20260526.payload,26,2,0,490,510,0.490000000,0.010000000,510,0.999711442,0.971430848
restart_reduced_xor_random1_sampler_island_local_warmup10_except_data_ro2_1000x125_strict_20260526.payload,26,2,1,499,501,0.499000000,0.001000000,501,0.999997115,0.997117491
restart_reduced_xor_random1_sampler_island_local_warmup10_except_data_ro2_1000x125_strict_20260526.payload,26,2,2,478,522,0.478000000,0.022000000,522,0.998603020,0.937878288
restart_reduced_xor_random1_sampler_island_local_warmup10_except_data_ro2_1000x125_strict_20260526.payload,26,2,3,522,478,0.522000000,0.022000000,522,0.998603020,0.937878288
restart_reduced_xor_random1_sampler_island_local_warmup10_except_data_ro2_1000x125_strict_20260526.payload,26,2,4,516,484,0.516000000,0.016000000,516,0.999261214,0.954557029
restart_reduced_xor_random1_sampler_island_local_warmup10_except_data_ro2_1000x125_strict_20260526.payload,26,2,5,525,475,0.525000000,0.025000000,525,0.998195879,0.929610672
restart_reduced_xor_random1_sampler_island_local_warmup10_except_data_ro2_1000x125_strict_20260526.payload,26,2,6,525,475,0.525000000,0.025000000,525,0.998195879,0.929610672
restart_reduced_xor_random1_sampler_island_local_warmup10_except_data_ro2_1000x125_strict_20260526.payload,26,2,7,520,480,0.520000000,0.020000000,520,0.998845536,0.943416472
restart_reduced_xor_random1_sampler_island_local_warmup10_except_data_ro2_1000x125_strict_20260526.payload,27,3,0,496,504,0.496000000,0.004000000,504,0.999953833,0.988504361
restart_reduced_xor_random1_sampler_island_local_warmup10_except_data_ro2_1000x125_strict_20260526.payload,27,3,1,488,512,0.488000000,0.012000000,512,0.999584464,0.965784285
restart_reduced_xor_random1_sampler_island_local_warmup10_except_data_ro2_1000x125_strict_20260526.payload,27,3,2,516,484,0.516000000,0.016000000,516,0.999261214,0.954557029
restart_reduced_xor_random1_sampler_island_local_warmup10_except_data_ro2_1000x125_strict_20260526.payload,27,3,3,520,480,0.520000000,0.020000000,520,0.998845536,0.943416472
restart_reduced_xor_random1_sampler_island_local_warmup10_except_data_ro2_1000x125_strict_20260526.payload,27,3,4,507,493,0.507000000,0.007000000,507,0.999858611,0.979942348
restart_reduced_xor_random1_sampler_island_local_warmup10_except_data_ro2_1000x125_strict_20260526.payload,27,3,5,490,510,0.490000000,0.010000000,510,0.999711442,0.971430848
restart_reduced_xor_random1_sampler_island_local_warmup10_except_data_ro2_1000x125_strict_20260526.payload,27,3,6,487,513,0.487000000,0.013000000,513,0.999512314,0.962969269
restart_reduced_xor_random1_sampler_island_local_warmup10_except_data_ro2_1000x125_strict_20260526.payload,27,3,7,480,520,0.480000000,0.020000000,520,0.998845536,0.943416472
restart_reduced_xor_random1_sampler_island_local_warmup10_except_data_ro2_1000x125_strict_20260526.payload,28,4,0,507,493,0.507000000,0.007000000,507,0.999858611,0.979942348
restart_reduced_xor_random1_sampler_island_local_warmup10_except_data_ro2_1000x125_strict_20260526.payload,28,4,1,487,513,0.487000000,0.013000000,513,0.999512314,0.962969269
restart_reduced_xor_random1_sampler_island_local_warmup10_except_data_ro2_1000x125_strict_20260526.payload,28,4,2,512,488,0.512000000,0.012000000,512,0.999584464,0.965784285
restart_reduced_xor_random1_sampler_island_local_warmup10_except_data_ro2_1000x125_strict_20260526.payload,28,4,3,532,468,0.532000000,0.032000000,532,0.997043340,0.910501849
restart_reduced_xor_random1_sampler_island_local_warmup10_except_data_ro2_1000x125_strict_20260526.payload,28,4,4,513,487,0.513000000,0.013000000,513,0.999512314,0.962969269
restart_reduced_xor_random1_sampler_island_local_warmup10_except_data_ro2_1000x125_strict_20260526.payload,28,4,5,517,483,0.517000000,0.017000000,517,0.999165962,0.951763814
restart_reduced_xor_random1_sampler_island_local_warmup10_except_data_ro2_1000x125_strict_20260526.payload,28,4,6,486,514,0.486000000,0.014000000,514,0.999434390,0.960159735
restart_reduced_xor_random1_sampler_island_local_warmup10_except_data_ro2_1000x125_strict_20260526.payload,28,4,7,481,519,0.481000000,0.019000000,519,0.998958123,0.946193556
restart_reduced_xor_random1_sampler_island_local_warmup10_except_data_ro2_1000x125_strict_20260526.payload,29,5,0,500,500,0.500000000,0.000000000,500,1.000000000,1.000000000
restart_reduced_xor_random1_sampler_island_local_warmup10_except_data_ro2_1000x125_strict_20260526.payload,29,5,1,505,495,0.505000000,0.005000000,505,0.999927864,0.985644707
restart_reduced_xor_random1_sampler_island_local_warmup10_except_data_ro2_1000x125_strict_20260526.payload,29,5,2,500,500,0.500000000,0.000000000,500,1.000000000,1.000000000
restart_reduced_xor_random1_sampler_island_local_warmup10_except_data_ro2_1000x125_strict_20260526.payload,29,5,3,485,515,0.485000000,0.015000000,515,0.999350690,0.957355663
restart_reduced_xor_random1_sampler_island_local_warmup10_except_data_ro2_1000x125_strict_20260526.payload,29,5,4,479,521,0.479000000,0.021000000,521,0.998727169,0.940644722
restart_reduced_xor_random1_sampler_island_local_warmup10_except_data_ro2_1000x125_strict_20260526.payload,29,5,5,481,519,0.481000000,0.019000000,519,0.998958123,0.946193556
restart_reduced_xor_random1_sampler_island_local_warmup10_except_data_ro2_1000x125_strict_20260526.payload,29,5,6,495,505,0.495000000,0.005000000,505,0.999927864,0.985644707
restart_reduced_xor_random1_sampler_island_local_warmup10_except_data_ro2_1000x125_strict_20260526.payload,29,5,7,521,479,0.521000000,0.021000000,521,0.998727169,0.940644722
restart_reduced_xor_random1_sampler_island_local_warmup10_except_data_ro2_1000x125_strict_20260526.payload,30,6,0,504,496,0.504000000,0.004000000,504,0.999953833,0.988504361
restart_reduced_xor_random1_sampler_island_local_warmup10_except_data_ro2_1000x125_strict_20260526.payload,30,6,1,503,497,0.503000000,0.003000000,503,0.999974031,0.991369695
restart_reduced_xor_random1_sampler_island_local_warmup10_except_data_ro2_1000x125_strict_20260526.payload,30,6,2,502,498,0.502000000,0.002000000,502,0.999988458,0.994240731
restart_reduced_xor_random1_sampler_island_local_warmup10_except_data_ro2_1000x125_strict_20260526.payload,30,6,3,507,493,0.507000000,0.007000000,507,0.999858611,0.979942348
restart_reduced_xor_random1_sampler_island_local_warmup10_except_data_ro2_1000x125_strict_20260526.payload,30,6,4,512,488,0.512000000,0.012000000,512,0.999584464,0.965784285
restart_reduced_xor_random1_sampler_island_local_warmup10_except_data_ro2_1000x125_strict_20260526.payload,30,6,5,480,520,0.480000000,0.020000000,520,0.998845536,0.943416472
restart_reduced_xor_random1_sampler_island_local_warmup10_except_data_ro2_1000x125_strict_20260526.payload,30,6,6,478,522,0.478000000,0.022000000,522,0.998603020,0.937878288
restart_reduced_xor_random1_sampler_island_local_warmup10_except_data_ro2_1000x125_strict_20260526.payload,30,6,7,512,488,0.512000000,0.012000000,512,0.999584464,0.965784285
restart_reduced_xor_random1_sampler_island_local_warmup10_except_data_ro2_1000x125_strict_20260526.payload,31,7,0,503,497,0.503000000,0.003000000,503,0.999974031,0.991369695
restart_reduced_xor_random1_sampler_island_local_warmup10_except_data_ro2_1000x125_strict_20260526.payload,31,7,1,507,493,0.507000000,0.007000000,507,0.999858611,0.979942348
restart_reduced_xor_random1_sampler_island_local_warmup10_except_data_ro2_1000x125_strict_20260526.payload,31,7,2,493,507,0.493000000,0.007000000,507,0.999858611,0.979942348
restart_reduced_xor_random1_sampler_island_local_warmup10_except_data_ro2_1000x125_strict_20260526.payload,31,7,3,499,501,0.499000000,0.001000000,501,0.999997115,0.997117491
restart_reduced_xor_random1_sampler_island_local_warmup10_except_data_ro2_1000x125_strict_20260526.payload,31,7,4,498,502,0.498000000,0.002000000,502,0.999988458,0.994240731
restart_reduced_xor_random1_sampler_island_local_warmup10_except_data_ro2_1000x125_strict_20260526.payload,31,7,5,511,489,0.511000000,0.011000000,511,0.999650840,0.968604804
restart_reduced_xor_random1_sampler_island_local_warmup10_except_data_ro2_1000x125_strict_20260526.payload,31,7,6,501,499,0.501000000,0.001000000,501,0.999997115,0.997117491
restart_reduced_xor_random1_sampler_island_local_warmup10_except_data_ro2_1000x125_strict_20260526.payload,31,7,7,503,497,0.503000000,0.003000000,503,0.999974031,0.991369695
restart_reduced_xor_random1_sampler_island_local_warmup10_except_data_ro2_1000x125_strict_20260526.payload,32,0,0,489,511,0.489000000,0.011000000,511,0.999650840,0.968604804
restart_reduced_xor_random1_sampler_island_local_warmup10_except_data_ro2_1000x125_strict_20260526.payload,32,0,1,494,506,0.494000000,0.006000000,506,0.999896123,0.982790710
restart_reduced_xor_random1_sampler_island_local_warmup10_except_data_ro2_1000x125_strict_20260526.payload,32,0,2,481,519,0.481000000,0.019000000,519,0.998958123,0.946193556
restart_reduced_xor_random1_sampler_island_local_warmup10_except_data_ro2_1000x125_strict_20260526.payload,32,0,3,512,488,0.512000000,0.012000000,512,0.999584464,0.965784285
restart_reduced_xor_random1_sampler_island_local_warmup10_except_data_ro2_1000x125_strict_20260526.payload,32,0,4,507,493,0.507000000,0.007000000,507,0.999858611,0.979942348
restart_reduced_xor_random1_sampler_island_local_warmup10_except_data_ro2_1000x125_strict_20260526.payload,32,0,5,500,500,0.500000000,0.000000000,500,1.000000000,1.000000000
restart_reduced_xor_random1_sampler_island_local_warmup10_except_data_ro2_1000x125_strict_20260526.payload,32,0,6,499,501,0.499000000,0.001000000,501,0.999997115,0.997117491
restart_reduced_xor_random1_sampler_island_local_warmup10_except_data_ro2_1000x125_strict_20260526.payload,32,0,7,510,490,0.510000000,0.010000000,510,0.999711442,0.971430848
restart_reduced_xor_random1_sampler_island_local_warmup10_except_data_ro2_1000x125_strict_20260526.payload,33,1,0,484,516,0.484000000,0.016000000,516,0.999261214,0.954557029
restart_reduced_xor_random1_sampler_island_local_warmup10_except_data_ro2_1000x125_strict_20260526.payload,33,1,1,523,477,0.523000000,0.023000000,523,0.998473090,0.935117148
restart_reduced_xor_random1_sampler_island_local_warmup10_except_data_ro2_1000x125_strict_20260526.payload,33,1,2,500,500,0.500000000,0.000000000,500,1.000000000,1.000000000
restart_reduced_xor_random1_sampler_island_local_warmup10_except_data_ro2_1000x125_strict_20260526.payload,33,1,3,520,480,0.520000000,0.020000000,520,0.998845536,0.943416472
restart_reduced_xor_random1_sampler_island_local_warmup10_except_data_ro2_1000x125_strict_20260526.payload,33,1,4,483,517,0.483000000,0.017000000,517,0.999165962,0.951763814
restart_reduced_xor_random1_sampler_island_local_warmup10_except_data_ro2_1000x125_strict_20260526.payload,33,1,5,513,487,0.513000000,0.013000000,513,0.999512314,0.962969269
restart_reduced_xor_random1_sampler_island_local_warmup10_except_data_ro2_1000x125_strict_20260526.payload,33,1,6,501,499,0.501000000,0.001000000,501,0.999997115,0.997117491
restart_reduced_xor_random1_sampler_island_local_warmup10_except_data_ro2_1000x125_strict_20260526.payload,33,1,7,472,528,0.472000000,0.028000000,528,0.997736670,0.921390165
restart_reduced_xor_random1_sampler_island_local_warmup10_except_data_ro2_1000x125_strict_20260526.payload,34,2,0,520,480,0.520000000,0.020000000,520,0.998845536,0.943416472
restart_reduced_xor_random1_sampler_island_local_warmup10_except_data_ro2_1000x125_strict_20260526.payload,34,2,1,513,487,0.513000000,0.013000000,513,0.999512314,0.962969269
restart_reduced_xor_random1_sampler_island_local_warmup10_except_data_ro2_1000x125_strict_20260526.payload,34,2,2,485,515,0.485000000,0.015000000,515,0.999350690,0.957355663
restart_reduced_xor_random1_sampler_island_local_warmup10_except_data_ro2_1000x125_strict_20260526.payload,34,2,3,498,502,0.498000000,0.002000000,502,0.999988458,0.994240731
restart_reduced_xor_random1_sampler_island_local_warmup10_except_data_ro2_1000x125_strict_20260526.payload,34,2,4,496,504,0.496000000,0.004000000,504,0.999953833,0.988504361
restart_reduced_xor_random1_sampler_island_local_warmup10_except_data_ro2_1000x125_strict_20260526.payload,34,2,5,495,505,0.495000000,0.005000000,505,0.999927864,0.985644707
restart_reduced_xor_random1_sampler_island_local_warmup10_except_data_ro2_1000x125_strict_20260526.payload,34,2,6,485,515,0.485000000,0.015000000,515,0.999350690,0.957355663
restart_reduced_xor_random1_sampler_island_local_warmup10_except_data_ro2_1000x125_strict_20260526.payload,34,2,7,477,523,0.477000000,0.023000000,523,0.998473090,0.935117148
restart_reduced_xor_random1_sampler_island_local_warmup10_except_data_ro2_1000x125_strict_20260526.payload,35,3,0,509,491,0.509000000,0.009000000,509,0.999766271,0.974262439
restart_reduced_xor_random1_sampler_island_local_warmup10_except_data_ro2_1000x125_strict_20260526.payload,35,3,1,487,513,0.487000000,0.013000000,513,0.999512314,0.962969269
restart_reduced_xor_random1_sampler_island_local_warmup10_except_data_ro2_1000x125_strict_20260526.payload,35,3,2,510,490,0.510000000,0.010000000,510,0.999711442,0.971430848
restart_reduced_xor_random1_sampler_island_local_warmup10_except_data_ro2_1000x125_strict_20260526.payload,35,3,3,502,498,0.502000000,0.002000000,502,0.999988458,0.994240731
restart_reduced_xor_random1_sampler_island_local_warmup10_except_data_ro2_1000x125_strict_20260526.payload,35,3,4,504,496,0.504000000,0.004000000,504,0.999953833,0.988504361
restart_reduced_xor_random1_sampler_island_local_warmup10_except_data_ro2_1000x125_strict_20260526.payload,35,3,5,486,514,0.486000000,0.014000000,514,0.999434390,0.960159735
restart_reduced_xor_random1_sampler_island_local_warmup10_except_data_ro2_1000x125_strict_20260526.payload,35,3,6,484,516,0.484000000,0.016000000,516,0.999261214,0.954557029
restart_reduced_xor_random1_sampler_island_local_warmup10_except_data_ro2_1000x125_strict_20260526.payload,35,3,7,484,516,0.484000000,0.016000000,516,0.999261214,0.954557029
restart_reduced_xor_random1_sampler_island_local_warmup10_except_data_ro2_1000x125_strict_20260526.payload,36,4,0,477,523,0.477000000,0.023000000,523,0.998473090,0.935117148
restart_reduced_xor_random1_sampler_island_local_warmup10_except_data_ro2_1000x125_strict_20260526.payload,36,4,1,469,531,0.469000000,0.031000000,531,0.997225361,0.913216234
restart_reduced_xor_random1_sampler_island_local_warmup10_except_data_ro2_1000x125_strict_20260526.payload,36,4,2,499,501,0.499000000,0.001000000,501,0.999997115,0.997117491
restart_reduced_xor_random1_sampler_island_local_warmup10_except_data_ro2_1000x125_strict_20260526.payload,36,4,3,532,468,0.532000000,0.032000000,532,0.997043340,0.910501849
restart_reduced_xor_random1_sampler_island_local_warmup10_except_data_ro2_1000x125_strict_20260526.payload,36,4,4,521,479,0.521000000,0.021000000,521,0.998727169,0.940644722
restart_reduced_xor_random1_sampler_island_local_warmup10_except_data_ro2_1000x125_strict_20260526.payload,36,4,5,497,503,0.497000000,0.003000000,503,0.999974031,0.991369695
restart_reduced_xor_random1_sampler_island_local_warmup10_except_data_ro2_1000x125_strict_20260526.payload,36,4,6,515,485,0.515000000,0.015000000,515,0.999350690,0.957355663
restart_reduced_xor_random1_sampler_island_local_warmup10_except_data_ro2_1000x125_strict_20260526.payload,36,4,7,503,497,0.503000000,0.003000000,503,0.999974031,0.991369695
restart_reduced_xor_random1_sampler_island_local_warmup10_except_data_ro2_1000x125_strict_20260526.payload,37,5,0,520,480,0.520000000,0.020000000,520,0.998845536,0.943416472
restart_reduced_xor_random1_sampler_island_local_warmup10_except_data_ro2_1000x125_strict_20260526.payload,37,5,1,485,515,0.485000000,0.015000000,515,0.999350690,0.957355663
restart_reduced_xor_random1_sampler_island_local_warmup10_except_data_ro2_1000x125_strict_20260526.payload,37,5,2,502,498,0.502000000,0.002000000,502,0.999988458,0.994240731
restart_reduced_xor_random1_sampler_island_local_warmup10_except_data_ro2_1000x125_strict_20260526.payload,37,5,3,499,501,0.499000000,0.001000000,501,0.999997115,0.997117491
restart_reduced_xor_random1_sampler_island_local_warmup10_except_data_ro2_1000x125_strict_20260526.payload,37,5,4,529,471,0.529000000,0.029000000,529,0.997572025,0.918660373
restart_reduced_xor_random1_sampler_island_local_warmup10_except_data_ro2_1000x125_strict_20260526.payload,37,5,5,498,502,0.498000000,0.002000000,502,0.999988458,0.994240731
restart_reduced_xor_random1_sampler_island_local_warmup10_except_data_ro2_1000x125_strict_20260526.payload,37,5,6,525,475,0.525000000,0.025000000,525,0.998195879,0.929610672
restart_reduced_xor_random1_sampler_island_local_warmup10_except_data_ro2_1000x125_strict_20260526.payload,37,5,7,502,498,0.502000000,0.002000000,502,0.999988458,0.994240731
restart_reduced_xor_random1_sampler_island_local_warmup10_except_data_ro2_1000x125_strict_20260526.payload,38,6,0,511,489,0.511000000,0.011000000,511,0.999650840,0.968604804
restart_reduced_xor_random1_sampler_island_local_warmup10_except_data_ro2_1000x125_strict_20260526.payload,38,6,1,495,505,0.495000000,0.005000000,505,0.999927864,0.985644707
restart_reduced_xor_random1_sampler_island_local_warmup10_except_data_ro2_1000x125_strict_20260526.payload,38,6,2,516,484,0.516000000,0.016000000,516,0.999261214,0.954557029
restart_reduced_xor_random1_sampler_island_local_warmup10_except_data_ro2_1000x125_strict_20260526.payload,38,6,3,503,497,0.503000000,0.003000000,503,0.999974031,0.991369695
restart_reduced_xor_random1_sampler_island_local_warmup10_except_data_ro2_1000x125_strict_20260526.payload,38,6,4,495,505,0.495000000,0.005000000,505,0.999927864,0.985644707
restart_reduced_xor_random1_sampler_island_local_warmup10_except_data_ro2_1000x125_strict_20260526.payload,38,6,5,502,498,0.502000000,0.002000000,502,0.999988458,0.994240731
restart_reduced_xor_random1_sampler_island_local_warmup10_except_data_ro2_1000x125_strict_20260526.payload,38,6,6,514,486,0.514000000,0.014000000,514,0.999434390,0.960159735
restart_reduced_xor_random1_sampler_island_local_warmup10_except_data_ro2_1000x125_strict_20260526.payload,38,6,7,500,500,0.500000000,0.000000000,500,1.000000000,1.000000000
restart_reduced_xor_random1_sampler_island_local_warmup10_except_data_ro2_1000x125_strict_20260526.payload,39,7,0,484,516,0.484000000,0.016000000,516,0.999261214,0.954557029
restart_reduced_xor_random1_sampler_island_local_warmup10_except_data_ro2_1000x125_strict_20260526.payload,39,7,1,483,517,0.483000000,0.017000000,517,0.999165962,0.951763814
restart_reduced_xor_random1_sampler_island_local_warmup10_except_data_ro2_1000x125_strict_20260526.payload,39,7,2,481,519,0.481000000,0.019000000,519,0.998958123,0.946193556
restart_reduced_xor_random1_sampler_island_local_warmup10_except_data_ro2_1000x125_strict_20260526.payload,39,7,3,502,498,0.502000000,0.002000000,502,0.999988458,0.994240731
restart_reduced_xor_random1_sampler_island_local_warmup10_except_data_ro2_1000x125_strict_20260526.payload,39,7,4,479,521,0.479000000,0.021000000,521,0.998727169,0.940644722
restart_reduced_xor_random1_sampler_island_local_warmup10_except_data_ro2_1000x125_strict_20260526.payload,39,7,5,498,502,0.498000000,0.002000000,502,0.999988458,0.994240731
restart_reduced_xor_random1_sampler_island_local_warmup10_except_data_ro2_1000x125_strict_20260526.payload,39,7,6,487,513,0.487000000,0.013000000,513,0.999512314,0.962969269
restart_reduced_xor_random1_sampler_island_local_warmup10_except_data_ro2_1000x125_strict_20260526.payload,39,7,7,490,510,0.490000000,0.010000000,510,0.999711442,0.971430848
restart_reduced_xor_random1_sampler_island_local_warmup10_except_data_ro2_1000x125_strict_20260526.payload,40,0,0,489,511,0.489000000,0.011000000,511,0.999650840,0.968604804
restart_reduced_xor_random1_sampler_island_local_warmup10_except_data_ro2_1000x125_strict_20260526.payload,40,0,1,497,503,0.497000000,0.003000000,503,0.999974031,0.991369695
restart_reduced_xor_random1_sampler_island_local_warmup10_except_data_ro2_1000x125_strict_20260526.payload,40,0,2,511,489,0.511000000,0.011000000,511,0.999650840,0.968604804
restart_reduced_xor_random1_sampler_island_local_warmup10_except_data_ro2_1000x125_strict_20260526.payload,40,0,3,479,521,0.479000000,0.021000000,521,0.998727169,0.940644722
restart_reduced_xor_random1_sampler_island_local_warmup10_except_data_ro2_1000x125_strict_20260526.payload,40,0,4,518,482,0.518000000,0.018000000,518,0.999064932,0.948975997
restart_reduced_xor_random1_sampler_island_local_warmup10_except_data_ro2_1000x125_strict_20260526.payload,40,0,5,493,507,0.493000000,0.007000000,507,0.999858611,0.979942348
restart_reduced_xor_random1_sampler_island_local_warmup10_except_data_ro2_1000x125_strict_20260526.payload,40,0,6,494,506,0.494000000,0.006000000,506,0.999896123,0.982790710
restart_reduced_xor_random1_sampler_island_local_warmup10_except_data_ro2_1000x125_strict_20260526.payload,40,0,7,494,506,0.494000000,0.006000000,506,0.999896123,0.982790710
restart_reduced_xor_random1_sampler_island_local_warmup10_except_data_ro2_1000x125_strict_20260526.payload,41,1,0,497,503,0.497000000,0.003000000,503,0.999974031,0.991369695
restart_reduced_xor_random1_sampler_island_local_warmup10_except_data_ro2_1000x125_strict_20260526.payload,41,1,1,490,510,0.490000000,0.010000000,510,0.999711442,0.971430848
restart_reduced_xor_random1_sampler_island_local_warmup10_except_data_ro2_1000x125_strict_20260526.payload,41,1,2,498,502,0.498000000,0.002000000,502,0.999988458,0.994240731
restart_reduced_xor_random1_sampler_island_local_warmup10_except_data_ro2_1000x125_strict_20260526.payload,41,1,3,503,497,0.503000000,0.003000000,503,0.999974031,0.991369695
restart_reduced_xor_random1_sampler_island_local_warmup10_except_data_ro2_1000x125_strict_20260526.payload,41,1,4,503,497,0.503000000,0.003000000,503,0.999974031,0.991369695
restart_reduced_xor_random1_sampler_island_local_warmup10_except_data_ro2_1000x125_strict_20260526.payload,41,1,5,495,505,0.495000000,0.005000000,505,0.999927864,0.985644707
restart_reduced_xor_random1_sampler_island_local_warmup10_except_data_ro2_1000x125_strict_20260526.payload,41,1,6,538,462,0.538000000,0.038000000,538,0.995829476,0.894321922
restart_reduced_xor_random1_sampler_island_local_warmup10_except_data_ro2_1000x125_strict_20260526.payload,41,1,7,513,487,0.513000000,0.013000000,513,0.999512314,0.962969269
restart_reduced_xor_random1_sampler_island_local_warmup10_except_data_ro2_1000x125_strict_20260526.payload,42,2,0,506,494,0.506000000,0.006000000,506,0.999896123,0.982790710
restart_reduced_xor_random1_sampler_island_local_warmup10_except_data_ro2_1000x125_strict_20260526.payload,42,2,1,490,510,0.490000000,0.010000000,510,0.999711442,0.971430848
restart_reduced_xor_random1_sampler_island_local_warmup10_except_data_ro2_1000x125_strict_20260526.payload,42,2,2,490,510,0.490000000,0.010000000,510,0.999711442,0.971430848
restart_reduced_xor_random1_sampler_island_local_warmup10_except_data_ro2_1000x125_strict_20260526.payload,42,2,3,511,489,0.511000000,0.011000000,511,0.999650840,0.968604804
restart_reduced_xor_random1_sampler_island_local_warmup10_except_data_ro2_1000x125_strict_20260526.payload,42,2,4,497,503,0.497000000,0.003000000,503,0.999974031,0.991369695
restart_reduced_xor_random1_sampler_island_local_warmup10_except_data_ro2_1000x125_strict_20260526.payload,42,2,5,513,487,0.513000000,0.013000000,513,0.999512314,0.962969269
restart_reduced_xor_random1_sampler_island_local_warmup10_except_data_ro2_1000x125_strict_20260526.payload,42,2,6,510,490,0.510000000,0.010000000,510,0.999711442,0.971430848
restart_reduced_xor_random1_sampler_island_local_warmup10_except_data_ro2_1000x125_strict_20260526.payload,42,2,7,490,510,0.490000000,0.010000000,510,0.999711442,0.971430848
restart_reduced_xor_random1_sampler_island_local_warmup10_except_data_ro2_1000x125_strict_20260526.payload,43,3,0,507,493,0.507000000,0.007000000,507,0.999858611,0.979942348
restart_reduced_xor_random1_sampler_island_local_warmup10_except_data_ro2_1000x125_strict_20260526.payload,43,3,1,522,478,0.522000000,0.022000000,522,0.998603020,0.937878288
restart_reduced_xor_random1_sampler_island_local_warmup10_except_data_ro2_1000x125_strict_20260526.payload,43,3,2,489,511,0.489000000,0.011000000,511,0.999650840,0.968604804
restart_reduced_xor_random1_sampler_island_local_warmup10_except_data_ro2_1000x125_strict_20260526.payload,43,3,3,459,541,0.459000000,0.041000000,541,0.995144209,0.886299501
restart_reduced_xor_random1_sampler_island_local_warmup10_except_data_ro2_1000x125_strict_20260526.payload,43,3,4,477,523,0.477000000,0.023000000,523,0.998473090,0.935117148
restart_reduced_xor_random1_sampler_island_local_warmup10_except_data_ro2_1000x125_strict_20260526.payload,43,3,5,500,500,0.500000000,0.000000000,500,1.000000000,1.000000000
restart_reduced_xor_random1_sampler_island_local_warmup10_except_data_ro2_1000x125_strict_20260526.payload,43,3,6,499,501,0.499000000,0.001000000,501,0.999997115,0.997117491
restart_reduced_xor_random1_sampler_island_local_warmup10_except_data_ro2_1000x125_strict_20260526.payload,43,3,7,488,512,0.488000000,0.012000000,512,0.999584464,0.965784285
restart_reduced_xor_random1_sampler_island_local_warmup10_except_data_ro2_1000x125_strict_20260526.payload,44,4,0,537,463,0.537000000,0.037000000,537,0.996046288,0.897006007
restart_reduced_xor_random1_sampler_island_local_warmup10_except_data_ro2_1000x125_strict_20260526.payload,44,4,1,504,496,0.504000000,0.004000000,504,0.999953833,0.988504361
restart_reduced_xor_random1_sampler_island_local_warmup10_except_data_ro2_1000x125_strict_20260526.payload,44,4,2,497,503,0.497000000,0.003000000,503,0.999974031,0.991369695
restart_reduced_xor_random1_sampler_island_local_warmup10_except_data_ro2_1000x125_strict_20260526.payload,44,4,3,526,474,0.526000000,0.026000000,526,0.998048596,0.926865295
restart_reduced_xor_random1_sampler_island_local_warmup10_except_data_ro2_1000x125_strict_20260526.payload,44,4,4,502,498,0.502000000,0.002000000,502,0.999988458,0.994240731
restart_reduced_xor_random1_sampler_island_local_warmup10_except_data_ro2_1000x125_strict_20260526.payload,44,4,5,514,486,0.514000000,0.014000000,514,0.999434390,0.960159735
restart_reduced_xor_random1_sampler_island_local_warmup10_except_data_ro2_1000x125_strict_20260526.payload,44,4,6,490,510,0.490000000,0.010000000,510,0.999711442,0.971430848
restart_reduced_xor_random1_sampler_island_local_warmup10_except_data_ro2_1000x125_strict_20260526.payload,44,4,7,516,484,0.516000000,0.016000000,516,0.999261214,0.954557029
restart_reduced_xor_random1_sampler_island_local_warmup10_except_data_ro2_1000x125_strict_20260526.payload,45,5,0,475,525,0.475000000,0.025000000,525,0.998195879,0.929610672
restart_reduced_xor_random1_sampler_island_local_warmup10_except_data_ro2_1000x125_strict_20260526.payload,45,5,1,528,472,0.528000000,0.028000000,528,0.997736670,0.921390165
restart_reduced_xor_random1_sampler_island_local_warmup10_except_data_ro2_1000x125_strict_20260526.payload,45,5,2,504,496,0.504000000,0.004000000,504,0.999953833,0.988504361
restart_reduced_xor_random1_sampler_island_local_warmup10_except_data_ro2_1000x125_strict_20260526.payload,45,5,3,500,500,0.500000000,0.000000000,500,1.000000000,1.000000000
restart_reduced_xor_random1_sampler_island_local_warmup10_except_data_ro2_1000x125_strict_20260526.payload,45,5,4,464,536,0.464000000,0.036000000,536,0.996257297,0.899695094
restart_reduced_xor_random1_sampler_island_local_warmup10_except_data_ro2_1000x125_strict_20260526.payload,45,5,5,491,509,0.491000000,0.009000000,509,0.999766271,0.974262439
restart_reduced_xor_random1_sampler_island_local_warmup10_except_data_ro2_1000x125_strict_20260526.payload,45,5,6,516,484,0.516000000,0.016000000,516,0.999261214,0.954557029
restart_reduced_xor_random1_sampler_island_local_warmup10_except_data_ro2_1000x125_strict_20260526.payload,45,5,7,500,500,0.500000000,0.000000000,500,1.000000000,1.000000000
restart_reduced_xor_random1_sampler_island_local_warmup10_except_data_ro2_1000x125_strict_20260526.payload,46,6,0,490,510,0.490000000,0.010000000,510,0.999711442,0.971430848
restart_reduced_xor_random1_sampler_island_local_warmup10_except_data_ro2_1000x125_strict_20260526.payload,46,6,1,496,504,0.496000000,0.004000000,504,0.999953833,0.988504361
restart_reduced_xor_random1_sampler_island_local_warmup10_except_data_ro2_1000x125_strict_20260526.payload,46,6,2,513,487,0.513000000,0.013000000,513,0.999512314,0.962969269
restart_reduced_xor_random1_sampler_island_local_warmup10_except_data_ro2_1000x125_strict_20260526.payload,46,6,3,517,483,0.517000000,0.017000000,517,0.999165962,0.951763814
restart_reduced_xor_random1_sampler_island_local_warmup10_except_data_ro2_1000x125_strict_20260526.payload,46,6,4,530,470,0.530000000,0.030000000,530,0.997401589,0.915935735
restart_reduced_xor_random1_sampler_island_local_warmup10_except_data_ro2_1000x125_strict_20260526.payload,46,6,5,500,500,0.500000000,0.000000000,500,1.000000000,1.000000000
restart_reduced_xor_random1_sampler_island_local_warmup10_except_data_ro2_1000x125_strict_20260526.payload,46,6,6,473,527,0.473000000,0.027000000,527,0.997895527,0.924125133
restart_reduced_xor_random1_sampler_island_local_warmup10_except_data_ro2_1000x125_strict_20260526.payload,46,6,7,498,502,0.498000000,0.002000000,502,0.999988458,0.994240731
restart_reduced_xor_random1_sampler_island_local_warmup10_except_data_ro2_1000x125_strict_20260526.payload,47,7,0,505,495,0.505000000,0.005000000,505,0.999927864,0.985644707
restart_reduced_xor_random1_sampler_island_local_warmup10_except_data_ro2_1000x125_strict_20260526.payload,47,7,1,474,526,0.474000000,0.026000000,526,0.998048596,0.926865295
restart_reduced_xor_random1_sampler_island_local_warmup10_except_data_ro2_1000x125_strict_20260526.payload,47,7,2,493,507,0.493000000,0.007000000,507,0.999858611,0.979942348
restart_reduced_xor_random1_sampler_island_local_warmup10_except_data_ro2_1000x125_strict_20260526.payload,47,7,3,509,491,0.509000000,0.009000000,509,0.999766271,0.974262439
restart_reduced_xor_random1_sampler_island_local_warmup10_except_data_ro2_1000x125_strict_20260526.payload,47,7,4,493,507,0.493000000,0.007000000,507,0.999858611,0.979942348
restart_reduced_xor_random1_sampler_island_local_warmup10_except_data_ro2_1000x125_strict_20260526.payload,47,7,5,483,517,0.483000000,0.017000000,517,0.999165962,0.951763814
restart_reduced_xor_random1_sampler_island_local_warmup10_except_data_ro2_1000x125_strict_20260526.payload,47,7,6,495,505,0.495000000,0.005000000,505,0.999927864,0.985644707
restart_reduced_xor_random1_sampler_island_local_warmup10_except_data_ro2_1000x125_strict_20260526.payload,47,7,7,484,516,0.484000000,0.016000000,516,0.999261214,0.954557029
restart_reduced_xor_random1_sampler_island_local_warmup10_except_data_ro2_1000x125_strict_20260526.payload,48,0,0,475,525,0.475000000,0.025000000,525,0.998195879,0.929610672
restart_reduced_xor_random1_sampler_island_local_warmup10_except_data_ro2_1000x125_strict_20260526.payload,48,0,1,489,511,0.489000000,0.011000000,511,0.999650840,0.968604804
restart_reduced_xor_random1_sampler_island_local_warmup10_except_data_ro2_1000x125_strict_20260526.payload,48,0,2,519,481,0.519000000,0.019000000,519,0.998958123,0.946193556
restart_reduced_xor_random1_sampler_island_local_warmup10_except_data_ro2_1000x125_strict_20260526.payload,48,0,3,497,503,0.497000000,0.003000000,503,0.999974031,0.991369695
restart_reduced_xor_random1_sampler_island_local_warmup10_except_data_ro2_1000x125_strict_20260526.payload,48,0,4,495,505,0.495000000,0.005000000,505,0.999927864,0.985644707
restart_reduced_xor_random1_sampler_island_local_warmup10_except_data_ro2_1000x125_strict_20260526.payload,48,0,5,484,516,0.484000000,0.016000000,516,0.999261214,0.954557029
restart_reduced_xor_random1_sampler_island_local_warmup10_except_data_ro2_1000x125_strict_20260526.payload,48,0,6,486,514,0.486000000,0.014000000,514,0.999434390,0.960159735
restart_reduced_xor_random1_sampler_island_local_warmup10_except_data_ro2_1000x125_strict_20260526.payload,48,0,7,490,510,0.490000000,0.010000000,510,0.999711442,0.971430848
restart_reduced_xor_random1_sampler_island_local_warmup10_except_data_ro2_1000x125_strict_20260526.payload,49,1,0,502,498,0.502000000,0.002000000,502,0.999988458,0.994240731
restart_reduced_xor_random1_sampler_island_local_warmup10_except_data_ro2_1000x125_strict_20260526.payload,49,1,1,503,497,0.503000000,0.003000000,503,0.999974031,0.991369695
restart_reduced_xor_random1_sampler_island_local_warmup10_except_data_ro2_1000x125_strict_20260526.payload,49,1,2,520,480,0.520000000,0.020000000,520,0.998845536,0.943416472
restart_reduced_xor_random1_sampler_island_local_warmup10_except_data_ro2_1000x125_strict_20260526.payload,49,1,3,491,509,0.491000000,0.009000000,509,0.999766271,0.974262439
restart_reduced_xor_random1_sampler_island_local_warmup10_except_data_ro2_1000x125_strict_20260526.payload,49,1,4,486,514,0.486000000,0.014000000,514,0.999434390,0.960159735
restart_reduced_xor_random1_sampler_island_local_warmup10_except_data_ro2_1000x125_strict_20260526.payload,49,1,5,506,494,0.506000000,0.006000000,506,0.999896123,0.982790710
restart_reduced_xor_random1_sampler_island_local_warmup10_except_data_ro2_1000x125_strict_20260526.payload,49,1,6,479,521,0.479000000,0.021000000,521,0.998727169,0.940644722
restart_reduced_xor_random1_sampler_island_local_warmup10_except_data_ro2_1000x125_strict_20260526.payload,49,1,7,501,499,0.501000000,0.001000000,501,0.999997115,0.997117491
restart_reduced_xor_random1_sampler_island_local_warmup10_except_data_ro2_1000x125_strict_20260526.payload,50,2,0,495,505,0.495000000,0.005000000,505,0.999927864,0.985644707
restart_reduced_xor_random1_sampler_island_local_warmup10_except_data_ro2_1000x125_strict_20260526.payload,50,2,1,487,513,0.487000000,0.013000000,513,0.999512314,0.962969269
restart_reduced_xor_random1_sampler_island_local_warmup10_except_data_ro2_1000x125_strict_20260526.payload,50,2,2,501,499,0.501000000,0.001000000,501,0.999997115,0.997117491
restart_reduced_xor_random1_sampler_island_local_warmup10_except_data_ro2_1000x125_strict_20260526.payload,50,2,3,496,504,0.496000000,0.004000000,504,0.999953833,0.988504361
restart_reduced_xor_random1_sampler_island_local_warmup10_except_data_ro2_1000x125_strict_20260526.payload,50,2,4,498,502,0.498000000,0.002000000,502,0.999988458,0.994240731
restart_reduced_xor_random1_sampler_island_local_warmup10_except_data_ro2_1000x125_strict_20260526.payload,50,2,5,477,523,0.477000000,0.023000000,523,0.998473090,0.935117148
restart_reduced_xor_random1_sampler_island_local_warmup10_except_data_ro2_1000x125_strict_20260526.payload,50,2,6,505,495,0.505000000,0.005000000,505,0.999927864,0.985644707
restart_reduced_xor_random1_sampler_island_local_warmup10_except_data_ro2_1000x125_strict_20260526.payload,50,2,7,500,500,0.500000000,0.000000000,500,1.000000000,1.000000000
restart_reduced_xor_random1_sampler_island_local_warmup10_except_data_ro2_1000x125_strict_20260526.payload,51,3,0,528,472,0.528000000,0.028000000,528,0.997736670,0.921390165
restart_reduced_xor_random1_sampler_island_local_warmup10_except_data_ro2_1000x125_strict_20260526.payload,51,3,1,497,503,0.497000000,0.003000000,503,0.999974031,0.991369695
restart_reduced_xor_random1_sampler_island_local_warmup10_except_data_ro2_1000x125_strict_20260526.payload,51,3,2,501,499,0.501000000,0.001000000,501,0.999997115,0.997117491
restart_reduced_xor_random1_sampler_island_local_warmup10_except_data_ro2_1000x125_strict_20260526.payload,51,3,3,503,497,0.503000000,0.003000000,503,0.999974031,0.991369695
restart_reduced_xor_random1_sampler_island_local_warmup10_except_data_ro2_1000x125_strict_20260526.payload,51,3,4,469,531,0.469000000,0.031000000,531,0.997225361,0.913216234
restart_reduced_xor_random1_sampler_island_local_warmup10_except_data_ro2_1000x125_strict_20260526.payload,51,3,5,505,495,0.505000000,0.005000000,505,0.999927864,0.985644707
restart_reduced_xor_random1_sampler_island_local_warmup10_except_data_ro2_1000x125_strict_20260526.payload,51,3,6,480,520,0.480000000,0.020000000,520,0.998845536,0.943416472
restart_reduced_xor_random1_sampler_island_local_warmup10_except_data_ro2_1000x125_strict_20260526.payload,51,3,7,507,493,0.507000000,0.007000000,507,0.999858611,0.979942348
restart_reduced_xor_random1_sampler_island_local_warmup10_except_data_ro2_1000x125_strict_20260526.payload,52,4,0,481,519,0.481000000,0.019000000,519,0.998958123,0.946193556
restart_reduced_xor_random1_sampler_island_local_warmup10_except_data_ro2_1000x125_strict_20260526.payload,52,4,1,504,496,0.504000000,0.004000000,504,0.999953833,0.988504361
restart_reduced_xor_random1_sampler_island_local_warmup10_except_data_ro2_1000x125_strict_20260526.payload,52,4,2,482,518,0.482000000,0.018000000,518,0.999064932,0.948975997
restart_reduced_xor_random1_sampler_island_local_warmup10_except_data_ro2_1000x125_strict_20260526.payload,52,4,3,481,519,0.481000000,0.019000000,519,0.998958123,0.946193556
restart_reduced_xor_random1_sampler_island_local_warmup10_except_data_ro2_1000x125_strict_20260526.payload,52,4,4,496,504,0.496000000,0.004000000,504,0.999953833,0.988504361
restart_reduced_xor_random1_sampler_island_local_warmup10_except_data_ro2_1000x125_strict_20260526.payload,52,4,5,500,500,0.500000000,0.000000000,500,1.000000000,1.000000000
restart_reduced_xor_random1_sampler_island_local_warmup10_except_data_ro2_1000x125_strict_20260526.payload,52,4,6,491,509,0.491000000,0.009000000,509,0.999766271,0.974262439
restart_reduced_xor_random1_sampler_island_local_warmup10_except_data_ro2_1000x125_strict_20260526.payload,52,4,7,505,495,0.505000000,0.005000000,505,0.999927864,0.985644707
restart_reduced_xor_random1_sampler_island_local_warmup10_except_data_ro2_1000x125_strict_20260526.payload,53,5,0,499,501,0.499000000,0.001000000,501,0.999997115,0.997117491
restart_reduced_xor_random1_sampler_island_local_warmup10_except_data_ro2_1000x125_strict_20260526.payload,53,5,1,477,523,0.477000000,0.023000000,523,0.998473090,0.935117148
restart_reduced_xor_random1_sampler_island_local_warmup10_except_data_ro2_1000x125_strict_20260526.payload,53,5,2,524,476,0.524000000,0.024000000,524,0.998337377,0.932361283
restart_reduced_xor_random1_sampler_island_local_warmup10_except_data_ro2_1000x125_strict_20260526.payload,53,5,3,527,473,0.527000000,0.027000000,527,0.997895527,0.924125133
restart_reduced_xor_random1_sampler_island_local_warmup10_except_data_ro2_1000x125_strict_20260526.payload,53,5,4,487,513,0.487000000,0.013000000,513,0.999512314,0.962969269
restart_reduced_xor_random1_sampler_island_local_warmup10_except_data_ro2_1000x125_strict_20260526.payload,53,5,5,482,518,0.482000000,0.018000000,518,0.999064932,0.948975997
restart_reduced_xor_random1_sampler_island_local_warmup10_except_data_ro2_1000x125_strict_20260526.payload,53,5,6,498,502,0.498000000,0.002000000,502,0.999988458,0.994240731
restart_reduced_xor_random1_sampler_island_local_warmup10_except_data_ro2_1000x125_strict_20260526.payload,53,5,7,510,490,0.510000000,0.010000000,510,0.999711442,0.971430848
restart_reduced_xor_random1_sampler_island_local_warmup10_except_data_ro2_1000x125_strict_20260526.payload,54,6,0,516,484,0.516000000,0.016000000,516,0.999261214,0.954557029
restart_reduced_xor_random1_sampler_island_local_warmup10_except_data_ro2_1000x125_strict_20260526.payload,54,6,1,511,489,0.511000000,0.011000000,511,0.999650840,0.968604804
restart_reduced_xor_random1_sampler_island_local_warmup10_except_data_ro2_1000x125_strict_20260526.payload,54,6,2,499,501,0.499000000,0.001000000,501,0.999997115,0.997117491
restart_reduced_xor_random1_sampler_island_local_warmup10_except_data_ro2_1000x125_strict_20260526.payload,54,6,3,502,498,0.502000000,0.002000000,502,0.999988458,0.994240731
restart_reduced_xor_random1_sampler_island_local_warmup10_except_data_ro2_1000x125_strict_20260526.payload,54,6,4,503,497,0.503000000,0.003000000,503,0.999974031,0.991369695
restart_reduced_xor_random1_sampler_island_local_warmup10_except_data_ro2_1000x125_strict_20260526.payload,54,6,5,484,516,0.484000000,0.016000000,516,0.999261214,0.954557029
restart_reduced_xor_random1_sampler_island_local_warmup10_except_data_ro2_1000x125_strict_20260526.payload,54,6,6,462,538,0.462000000,0.038000000,538,0.995829476,0.894321922
restart_reduced_xor_random1_sampler_island_local_warmup10_except_data_ro2_1000x125_strict_20260526.payload,54,6,7,511,489,0.511000000,0.011000000,511,0.999650840,0.968604804
restart_reduced_xor_random1_sampler_island_local_warmup10_except_data_ro2_1000x125_strict_20260526.payload,55,7,0,485,515,0.485000000,0.015000000,515,0.999350690,0.957355663
restart_reduced_xor_random1_sampler_island_local_warmup10_except_data_ro2_1000x125_strict_20260526.payload,55,7,1,508,492,0.508000000,0.008000000,508,0.999815327,0.977099598
restart_reduced_xor_random1_sampler_island_local_warmup10_except_data_ro2_1000x125_strict_20260526.payload,55,7,2,506,494,0.506000000,0.006000000,506,0.999896123,0.982790710
restart_reduced_xor_random1_sampler_island_local_warmup10_except_data_ro2_1000x125_strict_20260526.payload,55,7,3,487,513,0.487000000,0.013000000,513,0.999512314,0.962969269
restart_reduced_xor_random1_sampler_island_local_warmup10_except_data_ro2_1000x125_strict_20260526.payload,55,7,4,499,501,0.499000000,0.001000000,501,0.999997115,0.997117491
restart_reduced_xor_random1_sampler_island_local_warmup10_except_data_ro2_1000x125_strict_20260526.payload,55,7,5,514,486,0.514000000,0.014000000,514,0.999434390,0.960159735
restart_reduced_xor_random1_sampler_island_local_warmup10_except_data_ro2_1000x125_strict_20260526.payload,55,7,6,502,498,0.502000000,0.002000000,502,0.999988458,0.994240731
restart_reduced_xor_random1_sampler_island_local_warmup10_except_data_ro2_1000x125_strict_20260526.payload,55,7,7,493,507,0.493000000,0.007000000,507,0.999858611,0.979942348
restart_reduced_xor_random1_sampler_island_local_warmup10_except_data_ro2_1000x125_strict_20260526.payload,56,0,0,505,495,0.505000000,0.005000000,505,0.999927864,0.985644707
restart_reduced_xor_random1_sampler_island_local_warmup10_except_data_ro2_1000x125_strict_20260526.payload,56,0,1,490,510,0.490000000,0.010000000,510,0.999711442,0.971430848
restart_reduced_xor_random1_sampler_island_local_warmup10_except_data_ro2_1000x125_strict_20260526.payload,56,0,2,525,475,0.525000000,0.025000000,525,0.998195879,0.929610672
restart_reduced_xor_random1_sampler_island_local_warmup10_except_data_ro2_1000x125_strict_20260526.payload,56,0,3,495,505,0.495000000,0.005000000,505,0.999927864,0.985644707
restart_reduced_xor_random1_sampler_island_local_warmup10_except_data_ro2_1000x125_strict_20260526.payload,56,0,4,508,492,0.508000000,0.008000000,508,0.999815327,0.977099598
restart_reduced_xor_random1_sampler_island_local_warmup10_except_data_ro2_1000x125_strict_20260526.payload,56,0,5,525,475,0.525000000,0.025000000,525,0.998195879,0.929610672
restart_reduced_xor_random1_sampler_island_local_warmup10_except_data_ro2_1000x125_strict_20260526.payload,56,0,6,475,525,0.475000000,0.025000000,525,0.998195879,0.929610672
restart_reduced_xor_random1_sampler_island_local_warmup10_except_data_ro2_1000x125_strict_20260526.payload,56,0,7,494,506,0.494000000,0.006000000,506,0.999896123,0.982790710
restart_reduced_xor_random1_sampler_island_local_warmup10_except_data_ro2_1000x125_strict_20260526.payload,57,1,0,519,481,0.519000000,0.019000000,519,0.998958123,0.946193556
restart_reduced_xor_random1_sampler_island_local_warmup10_except_data_ro2_1000x125_strict_20260526.payload,57,1,1,481,519,0.481000000,0.019000000,519,0.998958123,0.946193556
restart_reduced_xor_random1_sampler_island_local_warmup10_except_data_ro2_1000x125_strict_20260526.payload,57,1,2,478,522,0.478000000,0.022000000,522,0.998603020,0.937878288
restart_reduced_xor_random1_sampler_island_local_warmup10_except_data_ro2_1000x125_strict_20260526.payload,57,1,3,488,512,0.488000000,0.012000000,512,0.999584464,0.965784285
restart_reduced_xor_random1_sampler_island_local_warmup10_except_data_ro2_1000x125_strict_20260526.payload,57,1,4,498,502,0.498000000,0.002000000,502,0.999988458,0.994240731
restart_reduced_xor_random1_sampler_island_local_warmup10_except_data_ro2_1000x125_strict_20260526.payload,57,1,5,508,492,0.508000000,0.008000000,508,0.999815327,0.977099598
restart_reduced_xor_random1_sampler_island_local_warmup10_except_data_ro2_1000x125_strict_20260526.payload,57,1,6,484,516,0.484000000,0.016000000,516,0.999261214,0.954557029
restart_reduced_xor_random1_sampler_island_local_warmup10_except_data_ro2_1000x125_strict_20260526.payload,57,1,7,499,501,0.499000000,0.001000000,501,0.999997115,0.997117491
restart_reduced_xor_random1_sampler_island_local_warmup10_except_data_ro2_1000x125_strict_20260526.payload,58,2,0,477,523,0.477000000,0.023000000,523,0.998473090,0.935117148
restart_reduced_xor_random1_sampler_island_local_warmup10_except_data_ro2_1000x125_strict_20260526.payload,58,2,1,527,473,0.527000000,0.027000000,527,0.997895527,0.924125133
restart_reduced_xor_random1_sampler_island_local_warmup10_except_data_ro2_1000x125_strict_20260526.payload,58,2,2,486,514,0.486000000,0.014000000,514,0.999434390,0.960159735
restart_reduced_xor_random1_sampler_island_local_warmup10_except_data_ro2_1000x125_strict_20260526.payload,58,2,3,513,487,0.513000000,0.013000000,513,0.999512314,0.962969269
restart_reduced_xor_random1_sampler_island_local_warmup10_except_data_ro2_1000x125_strict_20260526.payload,58,2,4,475,525,0.475000000,0.025000000,525,0.998195879,0.929610672
restart_reduced_xor_random1_sampler_island_local_warmup10_except_data_ro2_1000x125_strict_20260526.payload,58,2,5,504,496,0.504000000,0.004000000,504,0.999953833,0.988504361
restart_reduced_xor_random1_sampler_island_local_warmup10_except_data_ro2_1000x125_strict_20260526.payload,58,2,6,493,507,0.493000000,0.007000000,507,0.999858611,0.979942348
restart_reduced_xor_random1_sampler_island_local_warmup10_except_data_ro2_1000x125_strict_20260526.payload,58,2,7,475,525,0.475000000,0.025000000,525,0.998195879,0.929610672
restart_reduced_xor_random1_sampler_island_local_warmup10_except_data_ro2_1000x125_strict_20260526.payload,59,3,0,502,498,0.502000000,0.002000000,502,0.999988458,0.994240731
restart_reduced_xor_random1_sampler_island_local_warmup10_except_data_ro2_1000x125_strict_20260526.payload,59,3,1,502,498,0.502000000,0.002000000,502,0.999988458,0.994240731
restart_reduced_xor_random1_sampler_island_local_warmup10_except_data_ro2_1000x125_strict_20260526.payload,59,3,2,500,500,0.500000000,0.000000000,500,1.000000000,1.000000000
restart_reduced_xor_random1_sampler_island_local_warmup10_except_data_ro2_1000x125_strict_20260526.payload,59,3,3,485,515,0.485000000,0.015000000,515,0.999350690,0.957355663
restart_reduced_xor_random1_sampler_island_local_warmup10_except_data_ro2_1000x125_strict_20260526.payload,59,3,4,483,517,0.483000000,0.017000000,517,0.999165962,0.951763814
restart_reduced_xor_random1_sampler_island_local_warmup10_except_data_ro2_1000x125_strict_20260526.payload,59,3,5,502,498,0.502000000,0.002000000,502,0.999988458,0.994240731
restart_reduced_xor_random1_sampler_island_local_warmup10_except_data_ro2_1000x125_strict_20260526.payload,59,3,6,519,481,0.519000000,0.019000000,519,0.998958123,0.946193556
restart_reduced_xor_random1_sampler_island_local_warmup10_except_data_ro2_1000x125_strict_20260526.payload,59,3,7,498,502,0.498000000,0.002000000,502,0.999988458,0.994240731
restart_reduced_xor_random1_sampler_island_local_warmup10_except_data_ro2_1000x125_strict_20260526.payload,60,4,0,504,496,0.504000000,0.004000000,504,0.999953833,0.988504361
restart_reduced_xor_random1_sampler_island_local_warmup10_except_data_ro2_1000x125_strict_20260526.payload,60,4,1,495,505,0.495000000,0.005000000,505,0.999927864,0.985644707
restart_reduced_xor_random1_sampler_island_local_warmup10_except_data_ro2_1000x125_strict_20260526.payload,60,4,2,478,522,0.478000000,0.022000000,522,0.998603020,0.937878288
restart_reduced_xor_random1_sampler_island_local_warmup10_except_data_ro2_1000x125_strict_20260526.payload,60,4,3,482,518,0.482000000,0.018000000,518,0.999064932,0.948975997
restart_reduced_xor_random1_sampler_island_local_warmup10_except_data_ro2_1000x125_strict_20260526.payload,60,4,4,482,518,0.482000000,0.018000000,518,0.999064932,0.948975997
restart_reduced_xor_random1_sampler_island_local_warmup10_except_data_ro2_1000x125_strict_20260526.payload,60,4,5,505,495,0.505000000,0.005000000,505,0.999927864,0.985644707
restart_reduced_xor_random1_sampler_island_local_warmup10_except_data_ro2_1000x125_strict_20260526.payload,60,4,6,490,510,0.490000000,0.010000000,510,0.999711442,0.971430848
restart_reduced_xor_random1_sampler_island_local_warmup10_except_data_ro2_1000x125_strict_20260526.payload,60,4,7,477,523,0.477000000,0.023000000,523,0.998473090,0.935117148
restart_reduced_xor_random1_sampler_island_local_warmup10_except_data_ro2_1000x125_strict_20260526.payload,61,5,0,491,509,0.491000000,0.009000000,509,0.999766271,0.974262439
restart_reduced_xor_random1_sampler_island_local_warmup10_except_data_ro2_1000x125_strict_20260526.payload,61,5,1,467,533,0.467000000,0.033000000,533,0.996855525,0.907792562
restart_reduced_xor_random1_sampler_island_local_warmup10_except_data_ro2_1000x125_strict_20260526.payload,61,5,2,515,485,0.515000000,0.015000000,515,0.999350690,0.957355663
restart_reduced_xor_random1_sampler_island_local_warmup10_except_data_ro2_1000x125_strict_20260526.payload,61,5,3,490,510,0.490000000,0.010000000,510,0.999711442,0.971430848
restart_reduced_xor_random1_sampler_island_local_warmup10_except_data_ro2_1000x125_strict_20260526.payload,61,5,4,494,506,0.494000000,0.006000000,506,0.999896123,0.982790710
restart_reduced_xor_random1_sampler_island_local_warmup10_except_data_ro2_1000x125_strict_20260526.payload,61,5,5,486,514,0.486000000,0.014000000,514,0.999434390,0.960159735
restart_reduced_xor_random1_sampler_island_local_warmup10_except_data_ro2_1000x125_strict_20260526.payload,61,5,6,490,510,0.490000000,0.010000000,510,0.999711442,0.971430848
restart_reduced_xor_random1_sampler_island_local_warmup10_except_data_ro2_1000x125_strict_20260526.payload,61,5,7,513,487,0.513000000,0.013000000,513,0.999512314,0.962969269
restart_reduced_xor_random1_sampler_island_local_warmup10_except_data_ro2_1000x125_strict_20260526.payload,62,6,0,523,477,0.523000000,0.023000000,523,0.998473090,0.935117148
restart_reduced_xor_random1_sampler_island_local_warmup10_except_data_ro2_1000x125_strict_20260526.payload,62,6,1,503,497,0.503000000,0.003000000,503,0.999974031,0.991369695
restart_reduced_xor_random1_sampler_island_local_warmup10_except_data_ro2_1000x125_strict_20260526.payload,62,6,2,482,518,0.482000000,0.018000000,518,0.999064932,0.948975997
restart_reduced_xor_random1_sampler_island_local_warmup10_except_data_ro2_1000x125_strict_20260526.payload,62,6,3,458,542,0.458000000,0.042000000,542,0.994904169,0.883635243
restart_reduced_xor_random1_sampler_island_local_warmup10_except_data_ro2_1000x125_strict_20260526.payload,62,6,4,501,499,0.501000000,0.001000000,501,0.999997115,0.997117491
restart_reduced_xor_random1_sampler_island_local_warmup10_except_data_ro2_1000x125_strict_20260526.payload,62,6,5,496,504,0.496000000,0.004000000,504,0.999953833,0.988504361
restart_reduced_xor_random1_sampler_island_local_warmup10_except_data_ro2_1000x125_strict_20260526.payload,62,6,6,496,504,0.496000000,0.004000000,504,0.999953833,0.988504361
restart_reduced_xor_random1_sampler_island_local_warmup10_except_data_ro2_1000x125_strict_20260526.payload,62,6,7,495,505,0.495000000,0.005000000,505,0.999927864,0.985644707
restart_reduced_xor_random1_sampler_island_local_warmup10_except_data_ro2_1000x125_strict_20260526.payload,63,7,0,511,489,0.511000000,0.011000000,511,0.999650840,0.968604804
restart_reduced_xor_random1_sampler_island_local_warmup10_except_data_ro2_1000x125_strict_20260526.payload,63,7,1,505,495,0.505000000,0.005000000,505,0.999927864,0.985644707
restart_reduced_xor_random1_sampler_island_local_warmup10_except_data_ro2_1000x125_strict_20260526.payload,63,7,2,463,537,0.463000000,0.037000000,537,0.996046288,0.897006007
restart_reduced_xor_random1_sampler_island_local_warmup10_except_data_ro2_1000x125_strict_20260526.payload,63,7,3,512,488,0.512000000,0.012000000,512,0.999584464,0.965784285
restart_reduced_xor_random1_sampler_island_local_warmup10_except_data_ro2_1000x125_strict_20260526.payload,63,7,4,491,509,0.491000000,0.009000000,509,0.999766271,0.974262439
restart_reduced_xor_random1_sampler_island_local_warmup10_except_data_ro2_1000x125_strict_20260526.payload,63,7,5,494,506,0.494000000,0.006000000,506,0.999896123,0.982790710
restart_reduced_xor_random1_sampler_island_local_warmup10_except_data_ro2_1000x125_strict_20260526.payload,63,7,6,499,501,0.499000000,0.001000000,501,0.999997115,0.997117491
restart_reduced_xor_random1_sampler_island_local_warmup10_except_data_ro2_1000x125_strict_20260526.payload,63,7,7,503,497,0.503000000,0.003000000,503,0.999974031,0.991369695
restart_reduced_xor_random1_sampler_island_local_warmup10_except_data_ro2_1000x125_strict_20260526.payload,64,0,0,510,490,0.510000000,0.010000000,510,0.999711442,0.971430848
restart_reduced_xor_random1_sampler_island_local_warmup10_except_data_ro2_1000x125_strict_20260526.payload,64,0,1,524,476,0.524000000,0.024000000,524,0.998337377,0.932361283
restart_reduced_xor_random1_sampler_island_local_warmup10_except_data_ro2_1000x125_strict_20260526.payload,64,0,2,480,520,0.480000000,0.020000000,520,0.998845536,0.943416472
restart_reduced_xor_random1_sampler_island_local_warmup10_except_data_ro2_1000x125_strict_20260526.payload,64,0,3,508,492,0.508000000,0.008000000,508,0.999815327,0.977099598
restart_reduced_xor_random1_sampler_island_local_warmup10_except_data_ro2_1000x125_strict_20260526.payload,64,0,4,483,517,0.483000000,0.017000000,517,0.999165962,0.951763814
restart_reduced_xor_random1_sampler_island_local_warmup10_except_data_ro2_1000x125_strict_20260526.payload,64,0,5,476,524,0.476000000,0.024000000,524,0.998337377,0.932361283
restart_reduced_xor_random1_sampler_island_local_warmup10_except_data_ro2_1000x125_strict_20260526.payload,64,0,6,481,519,0.481000000,0.019000000,519,0.998958123,0.946193556
restart_reduced_xor_random1_sampler_island_local_warmup10_except_data_ro2_1000x125_strict_20260526.payload,64,0,7,499,501,0.499000000,0.001000000,501,0.999997115,0.997117491
restart_reduced_xor_random1_sampler_island_local_warmup10_except_data_ro2_1000x125_strict_20260526.payload,65,1,0,488,512,0.488000000,0.012000000,512,0.999584464,0.965784285
restart_reduced_xor_random1_sampler_island_local_warmup10_except_data_ro2_1000x125_strict_20260526.payload,65,1,1,505,495,0.505000000,0.005000000,505,0.999927864,0.985644707
restart_reduced_xor_random1_sampler_island_local_warmup10_except_data_ro2_1000x125_strict_20260526.payload,65,1,2,519,481,0.519000000,0.019000000,519,0.998958123,0.946193556
restart_reduced_xor_random1_sampler_island_local_warmup10_except_data_ro2_1000x125_strict_20260526.payload,65,1,3,510,490,0.510000000,0.010000000,510,0.999711442,0.971430848
restart_reduced_xor_random1_sampler_island_local_warmup10_except_data_ro2_1000x125_strict_20260526.payload,65,1,4,514,486,0.514000000,0.014000000,514,0.999434390,0.960159735
restart_reduced_xor_random1_sampler_island_local_warmup10_except_data_ro2_1000x125_strict_20260526.payload,65,1,5,499,501,0.499000000,0.001000000,501,0.999997115,0.997117491
restart_reduced_xor_random1_sampler_island_local_warmup10_except_data_ro2_1000x125_strict_20260526.payload,65,1,6,497,503,0.497000000,0.003000000,503,0.999974031,0.991369695
restart_reduced_xor_random1_sampler_island_local_warmup10_except_data_ro2_1000x125_strict_20260526.payload,65,1,7,505,495,0.505000000,0.005000000,505,0.999927864,0.985644707
restart_reduced_xor_random1_sampler_island_local_warmup10_except_data_ro2_1000x125_strict_20260526.payload,66,2,0,523,477,0.523000000,0.023000000,523,0.998473090,0.935117148
restart_reduced_xor_random1_sampler_island_local_warmup10_except_data_ro2_1000x125_strict_20260526.payload,66,2,1,497,503,0.497000000,0.003000000,503,0.999974031,0.991369695
restart_reduced_xor_random1_sampler_island_local_warmup10_except_data_ro2_1000x125_strict_20260526.payload,66,2,2,499,501,0.499000000,0.001000000,501,0.999997115,0.997117491
restart_reduced_xor_random1_sampler_island_local_warmup10_except_data_ro2_1000x125_strict_20260526.payload,66,2,3,472,528,0.472000000,0.028000000,528,0.997736670,0.921390165
restart_reduced_xor_random1_sampler_island_local_warmup10_except_data_ro2_1000x125_strict_20260526.payload,66,2,4,492,508,0.492000000,0.008000000,508,0.999815327,0.977099598
restart_reduced_xor_random1_sampler_island_local_warmup10_except_data_ro2_1000x125_strict_20260526.payload,66,2,5,488,512,0.488000000,0.012000000,512,0.999584464,0.965784285
restart_reduced_xor_random1_sampler_island_local_warmup10_except_data_ro2_1000x125_strict_20260526.payload,66,2,6,475,525,0.475000000,0.025000000,525,0.998195879,0.929610672
restart_reduced_xor_random1_sampler_island_local_warmup10_except_data_ro2_1000x125_strict_20260526.payload,66,2,7,504,496,0.504000000,0.004000000,504,0.999953833,0.988504361
restart_reduced_xor_random1_sampler_island_local_warmup10_except_data_ro2_1000x125_strict_20260526.payload,67,3,0,477,523,0.477000000,0.023000000,523,0.998473090,0.935117148
restart_reduced_xor_random1_sampler_island_local_warmup10_except_data_ro2_1000x125_strict_20260526.payload,67,3,1,485,515,0.485000000,0.015000000,515,0.999350690,0.957355663
restart_reduced_xor_random1_sampler_island_local_warmup10_except_data_ro2_1000x125_strict_20260526.payload,67,3,2,510,490,0.510000000,0.010000000,510,0.999711442,0.971430848
restart_reduced_xor_random1_sampler_island_local_warmup10_except_data_ro2_1000x125_strict_20260526.payload,67,3,3,497,503,0.497000000,0.003000000,503,0.999974031,0.991369695
restart_reduced_xor_random1_sampler_island_local_warmup10_except_data_ro2_1000x125_strict_20260526.payload,67,3,4,509,491,0.509000000,0.009000000,509,0.999766271,0.974262439
restart_reduced_xor_random1_sampler_island_local_warmup10_except_data_ro2_1000x125_strict_20260526.payload,67,3,5,519,481,0.519000000,0.019000000,519,0.998958123,0.946193556
restart_reduced_xor_random1_sampler_island_local_warmup10_except_data_ro2_1000x125_strict_20260526.payload,67,3,6,491,509,0.491000000,0.009000000,509,0.999766271,0.974262439
restart_reduced_xor_random1_sampler_island_local_warmup10_except_data_ro2_1000x125_strict_20260526.payload,67,3,7,508,492,0.508000000,0.008000000,508,0.999815327,0.977099598
restart_reduced_xor_random1_sampler_island_local_warmup10_except_data_ro2_1000x125_strict_20260526.payload,68,4,0,502,498,0.502000000,0.002000000,502,0.999988458,0.994240731
restart_reduced_xor_random1_sampler_island_local_warmup10_except_data_ro2_1000x125_strict_20260526.payload,68,4,1,475,525,0.475000000,0.025000000,525,0.998195879,0.929610672
restart_reduced_xor_random1_sampler_island_local_warmup10_except_data_ro2_1000x125_strict_20260526.payload,68,4,2,510,490,0.510000000,0.010000000,510,0.999711442,0.971430848
restart_reduced_xor_random1_sampler_island_local_warmup10_except_data_ro2_1000x125_strict_20260526.payload,68,4,3,540,460,0.540000000,0.040000000,540,0.995378439,0.888968688
restart_reduced_xor_random1_sampler_island_local_warmup10_except_data_ro2_1000x125_strict_20260526.payload,68,4,4,506,494,0.506000000,0.006000000,506,0.999896123,0.982790710
restart_reduced_xor_random1_sampler_island_local_warmup10_except_data_ro2_1000x125_strict_20260526.payload,68,4,5,512,488,0.512000000,0.012000000,512,0.999584464,0.965784285
restart_reduced_xor_random1_sampler_island_local_warmup10_except_data_ro2_1000x125_strict_20260526.payload,68,4,6,470,530,0.470000000,0.030000000,530,0.997401589,0.915935735
restart_reduced_xor_random1_sampler_island_local_warmup10_except_data_ro2_1000x125_strict_20260526.payload,68,4,7,492,508,0.492000000,0.008000000,508,0.999815327,0.977099598
restart_reduced_xor_random1_sampler_island_local_warmup10_except_data_ro2_1000x125_strict_20260526.payload,69,5,0,484,516,0.484000000,0.016000000,516,0.999261214,0.954557029
restart_reduced_xor_random1_sampler_island_local_warmup10_except_data_ro2_1000x125_strict_20260526.payload,69,5,1,478,522,0.478000000,0.022000000,522,0.998603020,0.937878288
restart_reduced_xor_random1_sampler_island_local_warmup10_except_data_ro2_1000x125_strict_20260526.payload,69,5,2,506,494,0.506000000,0.006000000,506,0.999896123,0.982790710
restart_reduced_xor_random1_sampler_island_local_warmup10_except_data_ro2_1000x125_strict_20260526.payload,69,5,3,493,507,0.493000000,0.007000000,507,0.999858611,0.979942348
restart_reduced_xor_random1_sampler_island_local_warmup10_except_data_ro2_1000x125_strict_20260526.payload,69,5,4,495,505,0.495000000,0.005000000,505,0.999927864,0.985644707
restart_reduced_xor_random1_sampler_island_local_warmup10_except_data_ro2_1000x125_strict_20260526.payload,69,5,5,514,486,0.514000000,0.014000000,514,0.999434390,0.960159735
restart_reduced_xor_random1_sampler_island_local_warmup10_except_data_ro2_1000x125_strict_20260526.payload,69,5,6,517,483,0.517000000,0.017000000,517,0.999165962,0.951763814
restart_reduced_xor_random1_sampler_island_local_warmup10_except_data_ro2_1000x125_strict_20260526.payload,69,5,7,477,523,0.477000000,0.023000000,523,0.998473090,0.935117148
restart_reduced_xor_random1_sampler_island_local_warmup10_except_data_ro2_1000x125_strict_20260526.payload,70,6,0,496,504,0.496000000,0.004000000,504,0.999953833,0.988504361
restart_reduced_xor_random1_sampler_island_local_warmup10_except_data_ro2_1000x125_strict_20260526.payload,70,6,1,491,509,0.491000000,0.009000000,509,0.999766271,0.974262439
restart_reduced_xor_random1_sampler_island_local_warmup10_except_data_ro2_1000x125_strict_20260526.payload,70,6,2,477,523,0.477000000,0.023000000,523,0.998473090,0.935117148
restart_reduced_xor_random1_sampler_island_local_warmup10_except_data_ro2_1000x125_strict_20260526.payload,70,6,3,523,477,0.523000000,0.023000000,523,0.998473090,0.935117148
restart_reduced_xor_random1_sampler_island_local_warmup10_except_data_ro2_1000x125_strict_20260526.payload,70,6,4,498,502,0.498000000,0.002000000,502,0.999988458,0.994240731
restart_reduced_xor_random1_sampler_island_local_warmup10_except_data_ro2_1000x125_strict_20260526.payload,70,6,5,488,512,0.488000000,0.012000000,512,0.999584464,0.965784285
restart_reduced_xor_random1_sampler_island_local_warmup10_except_data_ro2_1000x125_strict_20260526.payload,70,6,6,491,509,0.491000000,0.009000000,509,0.999766271,0.974262439
restart_reduced_xor_random1_sampler_island_local_warmup10_except_data_ro2_1000x125_strict_20260526.payload,70,6,7,503,497,0.503000000,0.003000000,503,0.999974031,0.991369695
restart_reduced_xor_random1_sampler_island_local_warmup10_except_data_ro2_1000x125_strict_20260526.payload,71,7,0,515,485,0.515000000,0.015000000,515,0.999350690,0.957355663
restart_reduced_xor_random1_sampler_island_local_warmup10_except_data_ro2_1000x125_strict_20260526.payload,71,7,1,510,490,0.510000000,0.010000000,510,0.999711442,0.971430848
restart_reduced_xor_random1_sampler_island_local_warmup10_except_data_ro2_1000x125_strict_20260526.payload,71,7,2,516,484,0.516000000,0.016000000,516,0.999261214,0.954557029
restart_reduced_xor_random1_sampler_island_local_warmup10_except_data_ro2_1000x125_strict_20260526.payload,71,7,3,479,521,0.479000000,0.021000000,521,0.998727169,0.940644722
restart_reduced_xor_random1_sampler_island_local_warmup10_except_data_ro2_1000x125_strict_20260526.payload,71,7,4,502,498,0.502000000,0.002000000,502,0.999988458,0.994240731
restart_reduced_xor_random1_sampler_island_local_warmup10_except_data_ro2_1000x125_strict_20260526.payload,71,7,5,510,490,0.510000000,0.010000000,510,0.999711442,0.971430848
restart_reduced_xor_random1_sampler_island_local_warmup10_except_data_ro2_1000x125_strict_20260526.payload,71,7,6,512,488,0.512000000,0.012000000,512,0.999584464,0.965784285
restart_reduced_xor_random1_sampler_island_local_warmup10_except_data_ro2_1000x125_strict_20260526.payload,71,7,7,513,487,0.513000000,0.013000000,513,0.999512314,0.962969269
restart_reduced_xor_random1_sampler_island_local_warmup10_except_data_ro2_1000x125_strict_20260526.payload,72,0,0,514,486,0.514000000,0.014000000,514,0.999434390,0.960159735
restart_reduced_xor_random1_sampler_island_local_warmup10_except_data_ro2_1000x125_strict_20260526.payload,72,0,1,498,502,0.498000000,0.002000000,502,0.999988458,0.994240731
restart_reduced_xor_random1_sampler_island_local_warmup10_except_data_ro2_1000x125_strict_20260526.payload,72,0,2,498,502,0.498000000,0.002000000,502,0.999988458,0.994240731
restart_reduced_xor_random1_sampler_island_local_warmup10_except_data_ro2_1000x125_strict_20260526.payload,72,0,3,525,475,0.525000000,0.025000000,525,0.998195879,0.929610672
restart_reduced_xor_random1_sampler_island_local_warmup10_except_data_ro2_1000x125_strict_20260526.payload,72,0,4,523,477,0.523000000,0.023000000,523,0.998473090,0.935117148
restart_reduced_xor_random1_sampler_island_local_warmup10_except_data_ro2_1000x125_strict_20260526.payload,72,0,5,516,484,0.516000000,0.016000000,516,0.999261214,0.954557029
restart_reduced_xor_random1_sampler_island_local_warmup10_except_data_ro2_1000x125_strict_20260526.payload,72,0,6,515,485,0.515000000,0.015000000,515,0.999350690,0.957355663
restart_reduced_xor_random1_sampler_island_local_warmup10_except_data_ro2_1000x125_strict_20260526.payload,72,0,7,541,459,0.541000000,0.041000000,541,0.995144209,0.886299501
restart_reduced_xor_random1_sampler_island_local_warmup10_except_data_ro2_1000x125_strict_20260526.payload,73,1,0,513,487,0.513000000,0.013000000,513,0.999512314,0.962969269
restart_reduced_xor_random1_sampler_island_local_warmup10_except_data_ro2_1000x125_strict_20260526.payload,73,1,1,498,502,0.498000000,0.002000000,502,0.999988458,0.994240731
restart_reduced_xor_random1_sampler_island_local_warmup10_except_data_ro2_1000x125_strict_20260526.payload,73,1,2,480,520,0.480000000,0.020000000,520,0.998845536,0.943416472
restart_reduced_xor_random1_sampler_island_local_warmup10_except_data_ro2_1000x125_strict_20260526.payload,73,1,3,498,502,0.498000000,0.002000000,502,0.999988458,0.994240731
restart_reduced_xor_random1_sampler_island_local_warmup10_except_data_ro2_1000x125_strict_20260526.payload,73,1,4,505,495,0.505000000,0.005000000,505,0.999927864,0.985644707
restart_reduced_xor_random1_sampler_island_local_warmup10_except_data_ro2_1000x125_strict_20260526.payload,73,1,5,479,521,0.479000000,0.021000000,521,0.998727169,0.940644722
restart_reduced_xor_random1_sampler_island_local_warmup10_except_data_ro2_1000x125_strict_20260526.payload,73,1,6,481,519,0.481000000,0.019000000,519,0.998958123,0.946193556
restart_reduced_xor_random1_sampler_island_local_warmup10_except_data_ro2_1000x125_strict_20260526.payload,73,1,7,510,490,0.510000000,0.010000000,510,0.999711442,0.971430848
restart_reduced_xor_random1_sampler_island_local_warmup10_except_data_ro2_1000x125_strict_20260526.payload,74,2,0,512,488,0.512000000,0.012000000,512,0.999584464,0.965784285
restart_reduced_xor_random1_sampler_island_local_warmup10_except_data_ro2_1000x125_strict_20260526.payload,74,2,1,495,505,0.495000000,0.005000000,505,0.999927864,0.985644707
restart_reduced_xor_random1_sampler_island_local_warmup10_except_data_ro2_1000x125_strict_20260526.payload,74,2,2,516,484,0.516000000,0.016000000,516,0.999261214,0.954557029
restart_reduced_xor_random1_sampler_island_local_warmup10_except_data_ro2_1000x125_strict_20260526.payload,74,2,3,508,492,0.508000000,0.008000000,508,0.999815327,0.977099598
restart_reduced_xor_random1_sampler_island_local_warmup10_except_data_ro2_1000x125_strict_20260526.payload,74,2,4,497,503,0.497000000,0.003000000,503,0.999974031,0.991369695
restart_reduced_xor_random1_sampler_island_local_warmup10_except_data_ro2_1000x125_strict_20260526.payload,74,2,5,503,497,0.503000000,0.003000000,503,0.999974031,0.991369695
restart_reduced_xor_random1_sampler_island_local_warmup10_except_data_ro2_1000x125_strict_20260526.payload,74,2,6,518,482,0.518000000,0.018000000,518,0.999064932,0.948975997
restart_reduced_xor_random1_sampler_island_local_warmup10_except_data_ro2_1000x125_strict_20260526.payload,74,2,7,505,495,0.505000000,0.005000000,505,0.999927864,0.985644707
restart_reduced_xor_random1_sampler_island_local_warmup10_except_data_ro2_1000x125_strict_20260526.payload,75,3,0,506,494,0.506000000,0.006000000,506,0.999896123,0.982790710
restart_reduced_xor_random1_sampler_island_local_warmup10_except_data_ro2_1000x125_strict_20260526.payload,75,3,1,526,474,0.526000000,0.026000000,526,0.998048596,0.926865295
restart_reduced_xor_random1_sampler_island_local_warmup10_except_data_ro2_1000x125_strict_20260526.payload,75,3,2,509,491,0.509000000,0.009000000,509,0.999766271,0.974262439
restart_reduced_xor_random1_sampler_island_local_warmup10_except_data_ro2_1000x125_strict_20260526.payload,75,3,3,516,484,0.516000000,0.016000000,516,0.999261214,0.954557029
restart_reduced_xor_random1_sampler_island_local_warmup10_except_data_ro2_1000x125_strict_20260526.payload,75,3,4,489,511,0.489000000,0.011000000,511,0.999650840,0.968604804
restart_reduced_xor_random1_sampler_island_local_warmup10_except_data_ro2_1000x125_strict_20260526.payload,75,3,5,483,517,0.483000000,0.017000000,517,0.999165962,0.951763814
restart_reduced_xor_random1_sampler_island_local_warmup10_except_data_ro2_1000x125_strict_20260526.payload,75,3,6,497,503,0.497000000,0.003000000,503,0.999974031,0.991369695
restart_reduced_xor_random1_sampler_island_local_warmup10_except_data_ro2_1000x125_strict_20260526.payload,75,3,7,496,504,0.496000000,0.004000000,504,0.999953833,0.988504361
restart_reduced_xor_random1_sampler_island_local_warmup10_except_data_ro2_1000x125_strict_20260526.payload,76,4,0,530,470,0.530000000,0.030000000,530,0.997401589,0.915935735
restart_reduced_xor_random1_sampler_island_local_warmup10_except_data_ro2_1000x125_strict_20260526.payload,76,4,1,497,503,0.497000000,0.003000000,503,0.999974031,0.991369695
restart_reduced_xor_random1_sampler_island_local_warmup10_except_data_ro2_1000x125_strict_20260526.payload,76,4,2,515,485,0.515000000,0.015000000,515,0.999350690,0.957355663
restart_reduced_xor_random1_sampler_island_local_warmup10_except_data_ro2_1000x125_strict_20260526.payload,76,4,3,509,491,0.509000000,0.009000000,509,0.999766271,0.974262439
restart_reduced_xor_random1_sampler_island_local_warmup10_except_data_ro2_1000x125_strict_20260526.payload,76,4,4,490,510,0.490000000,0.010000000,510,0.999711442,0.971430848
restart_reduced_xor_random1_sampler_island_local_warmup10_except_data_ro2_1000x125_strict_20260526.payload,76,4,5,497,503,0.497000000,0.003000000,503,0.999974031,0.991369695
restart_reduced_xor_random1_sampler_island_local_warmup10_except_data_ro2_1000x125_strict_20260526.payload,76,4,6,491,509,0.491000000,0.009000000,509,0.999766271,0.974262439
restart_reduced_xor_random1_sampler_island_local_warmup10_except_data_ro2_1000x125_strict_20260526.payload,76,4,7,486,514,0.486000000,0.014000000,514,0.999434390,0.960159735
restart_reduced_xor_random1_sampler_island_local_warmup10_except_data_ro2_1000x125_strict_20260526.payload,77,5,0,492,508,0.492000000,0.008000000,508,0.999815327,0.977099598
restart_reduced_xor_random1_sampler_island_local_warmup10_except_data_ro2_1000x125_strict_20260526.payload,77,5,1,494,506,0.494000000,0.006000000,506,0.999896123,0.982790710
restart_reduced_xor_random1_sampler_island_local_warmup10_except_data_ro2_1000x125_strict_20260526.payload,77,5,2,526,474,0.526000000,0.026000000,526,0.998048596,0.926865295
restart_reduced_xor_random1_sampler_island_local_warmup10_except_data_ro2_1000x125_strict_20260526.payload,77,5,3,511,489,0.511000000,0.011000000,511,0.999650840,0.968604804
restart_reduced_xor_random1_sampler_island_local_warmup10_except_data_ro2_1000x125_strict_20260526.payload,77,5,4,510,490,0.510000000,0.010000000,510,0.999711442,0.971430848
restart_reduced_xor_random1_sampler_island_local_warmup10_except_data_ro2_1000x125_strict_20260526.payload,77,5,5,534,466,0.534000000,0.034000000,534,0.996661914,0.905088353
restart_reduced_xor_random1_sampler_island_local_warmup10_except_data_ro2_1000x125_strict_20260526.payload,77,5,6,483,517,0.483000000,0.017000000,517,0.999165962,0.951763814
restart_reduced_xor_random1_sampler_island_local_warmup10_except_data_ro2_1000x125_strict_20260526.payload,77,5,7,515,485,0.515000000,0.015000000,515,0.999350690,0.957355663
restart_reduced_xor_random1_sampler_island_local_warmup10_except_data_ro2_1000x125_strict_20260526.payload,78,6,0,512,488,0.512000000,0.012000000,512,0.999584464,0.965784285
restart_reduced_xor_random1_sampler_island_local_warmup10_except_data_ro2_1000x125_strict_20260526.payload,78,6,1,481,519,0.481000000,0.019000000,519,0.998958123,0.946193556
restart_reduced_xor_random1_sampler_island_local_warmup10_except_data_ro2_1000x125_strict_20260526.payload,78,6,2,496,504,0.496000000,0.004000000,504,0.999953833,0.988504361
restart_reduced_xor_random1_sampler_island_local_warmup10_except_data_ro2_1000x125_strict_20260526.payload,78,6,3,494,506,0.494000000,0.006000000,506,0.999896123,0.982790710
restart_reduced_xor_random1_sampler_island_local_warmup10_except_data_ro2_1000x125_strict_20260526.payload,78,6,4,502,498,0.502000000,0.002000000,502,0.999988458,0.994240731
restart_reduced_xor_random1_sampler_island_local_warmup10_except_data_ro2_1000x125_strict_20260526.payload,78,6,5,510,490,0.510000000,0.010000000,510,0.999711442,0.971430848
restart_reduced_xor_random1_sampler_island_local_warmup10_except_data_ro2_1000x125_strict_20260526.payload,78,6,6,505,495,0.505000000,0.005000000,505,0.999927864,0.985644707
restart_reduced_xor_random1_sampler_island_local_warmup10_except_data_ro2_1000x125_strict_20260526.payload,78,6,7,483,517,0.483000000,0.017000000,517,0.999165962,0.951763814
restart_reduced_xor_random1_sampler_island_local_warmup10_except_data_ro2_1000x125_strict_20260526.payload,79,7,0,511,489,0.511000000,0.011000000,511,0.999650840,0.968604804
restart_reduced_xor_random1_sampler_island_local_warmup10_except_data_ro2_1000x125_strict_20260526.payload,79,7,1,497,503,0.497000000,0.003000000,503,0.999974031,0.991369695
restart_reduced_xor_random1_sampler_island_local_warmup10_except_data_ro2_1000x125_strict_20260526.payload,79,7,2,509,491,0.509000000,0.009000000,509,0.999766271,0.974262439
restart_reduced_xor_random1_sampler_island_local_warmup10_except_data_ro2_1000x125_strict_20260526.payload,79,7,3,478,522,0.478000000,0.022000000,522,0.998603020,0.937878288
restart_reduced_xor_random1_sampler_island_local_warmup10_except_data_ro2_1000x125_strict_20260526.payload,79,7,4,498,502,0.498000000,0.002000000,502,0.999988458,0.994240731
restart_reduced_xor_random1_sampler_island_local_warmup10_except_data_ro2_1000x125_strict_20260526.payload,79,7,5,525,475,0.525000000,0.025000000,525,0.998195879,0.929610672
restart_reduced_xor_random1_sampler_island_local_warmup10_except_data_ro2_1000x125_strict_20260526.payload,79,7,6,500,500,0.500000000,0.000000000,500,1.000000000,1.000000000
restart_reduced_xor_random1_sampler_island_local_warmup10_except_data_ro2_1000x125_strict_20260526.payload,79,7,7,499,501,0.499000000,0.001000000,501,0.999997115,0.997117491
restart_reduced_xor_random1_sampler_island_local_warmup10_except_data_ro2_1000x125_strict_20260526.payload,80,0,0,489,511,0.489000000,0.011000000,511,0.999650840,0.968604804
restart_reduced_xor_random1_sampler_island_local_warmup10_except_data_ro2_1000x125_strict_20260526.payload,80,0,1,493,507,0.493000000,0.007000000,507,0.999858611,0.979942348
restart_reduced_xor_random1_sampler_island_local_warmup10_except_data_ro2_1000x125_strict_20260526.payload,80,0,2,501,499,0.501000000,0.001000000,501,0.999997115,0.997117491
restart_reduced_xor_random1_sampler_island_local_warmup10_except_data_ro2_1000x125_strict_20260526.payload,80,0,3,488,512,0.488000000,0.012000000,512,0.999584464,0.965784285
restart_reduced_xor_random1_sampler_island_local_warmup10_except_data_ro2_1000x125_strict_20260526.payload,80,0,4,486,514,0.486000000,0.014000000,514,0.999434390,0.960159735
restart_reduced_xor_random1_sampler_island_local_warmup10_except_data_ro2_1000x125_strict_20260526.payload,80,0,5,492,508,0.492000000,0.008000000,508,0.999815327,0.977099598
restart_reduced_xor_random1_sampler_island_local_warmup10_except_data_ro2_1000x125_strict_20260526.payload,80,0,6,494,506,0.494000000,0.006000000,506,0.999896123,0.982790710
restart_reduced_xor_random1_sampler_island_local_warmup10_except_data_ro2_1000x125_strict_20260526.payload,80,0,7,498,502,0.498000000,0.002000000,502,0.999988458,0.994240731
restart_reduced_xor_random1_sampler_island_local_warmup10_except_data_ro2_1000x125_strict_20260526.payload,81,1,0,497,503,0.497000000,0.003000000,503,0.999974031,0.991369695
restart_reduced_xor_random1_sampler_island_local_warmup10_except_data_ro2_1000x125_strict_20260526.payload,81,1,1,487,513,0.487000000,0.013000000,513,0.999512314,0.962969269
restart_reduced_xor_random1_sampler_island_local_warmup10_except_data_ro2_1000x125_strict_20260526.payload,81,1,2,511,489,0.511000000,0.011000000,511,0.999650840,0.968604804
restart_reduced_xor_random1_sampler_island_local_warmup10_except_data_ro2_1000x125_strict_20260526.payload,81,1,3,519,481,0.519000000,0.019000000,519,0.998958123,0.946193556
restart_reduced_xor_random1_sampler_island_local_warmup10_except_data_ro2_1000x125_strict_20260526.payload,81,1,4,512,488,0.512000000,0.012000000,512,0.999584464,0.965784285
restart_reduced_xor_random1_sampler_island_local_warmup10_except_data_ro2_1000x125_strict_20260526.payload,81,1,5,509,491,0.509000000,0.009000000,509,0.999766271,0.974262439
restart_reduced_xor_random1_sampler_island_local_warmup10_except_data_ro2_1000x125_strict_20260526.payload,81,1,6,480,520,0.480000000,0.020000000,520,0.998845536,0.943416472
restart_reduced_xor_random1_sampler_island_local_warmup10_except_data_ro2_1000x125_strict_20260526.payload,81,1,7,506,494,0.506000000,0.006000000,506,0.999896123,0.982790710
restart_reduced_xor_random1_sampler_island_local_warmup10_except_data_ro2_1000x125_strict_20260526.payload,82,2,0,523,477,0.523000000,0.023000000,523,0.998473090,0.935117148
restart_reduced_xor_random1_sampler_island_local_warmup10_except_data_ro2_1000x125_strict_20260526.payload,82,2,1,495,505,0.495000000,0.005000000,505,0.999927864,0.985644707
restart_reduced_xor_random1_sampler_island_local_warmup10_except_data_ro2_1000x125_strict_20260526.payload,82,2,2,502,498,0.502000000,0.002000000,502,0.999988458,0.994240731
restart_reduced_xor_random1_sampler_island_local_warmup10_except_data_ro2_1000x125_strict_20260526.payload,82,2,3,525,475,0.525000000,0.025000000,525,0.998195879,0.929610672
restart_reduced_xor_random1_sampler_island_local_warmup10_except_data_ro2_1000x125_strict_20260526.payload,82,2,4,483,517,0.483000000,0.017000000,517,0.999165962,0.951763814
restart_reduced_xor_random1_sampler_island_local_warmup10_except_data_ro2_1000x125_strict_20260526.payload,82,2,5,504,496,0.504000000,0.004000000,504,0.999953833,0.988504361
restart_reduced_xor_random1_sampler_island_local_warmup10_except_data_ro2_1000x125_strict_20260526.payload,82,2,6,500,500,0.500000000,0.000000000,500,1.000000000,1.000000000
restart_reduced_xor_random1_sampler_island_local_warmup10_except_data_ro2_1000x125_strict_20260526.payload,82,2,7,503,497,0.503000000,0.003000000,503,0.999974031,0.991369695
restart_reduced_xor_random1_sampler_island_local_warmup10_except_data_ro2_1000x125_strict_20260526.payload,83,3,0,491,509,0.491000000,0.009000000,509,0.999766271,0.974262439
restart_reduced_xor_random1_sampler_island_local_warmup10_except_data_ro2_1000x125_strict_20260526.payload,83,3,1,503,497,0.503000000,0.003000000,503,0.999974031,0.991369695
restart_reduced_xor_random1_sampler_island_local_warmup10_except_data_ro2_1000x125_strict_20260526.payload,83,3,2,486,514,0.486000000,0.014000000,514,0.999434390,0.960159735
restart_reduced_xor_random1_sampler_island_local_warmup10_except_data_ro2_1000x125_strict_20260526.payload,83,3,3,515,485,0.515000000,0.015000000,515,0.999350690,0.957355663
restart_reduced_xor_random1_sampler_island_local_warmup10_except_data_ro2_1000x125_strict_20260526.payload,83,3,4,469,531,0.469000000,0.031000000,531,0.997225361,0.913216234
restart_reduced_xor_random1_sampler_island_local_warmup10_except_data_ro2_1000x125_strict_20260526.payload,83,3,5,476,524,0.476000000,0.024000000,524,0.998337377,0.932361283
restart_reduced_xor_random1_sampler_island_local_warmup10_except_data_ro2_1000x125_strict_20260526.payload,83,3,6,485,515,0.485000000,0.015000000,515,0.999350690,0.957355663
restart_reduced_xor_random1_sampler_island_local_warmup10_except_data_ro2_1000x125_strict_20260526.payload,83,3,7,480,520,0.480000000,0.020000000,520,0.998845536,0.943416472
restart_reduced_xor_random1_sampler_island_local_warmup10_except_data_ro2_1000x125_strict_20260526.payload,84,4,0,524,476,0.524000000,0.024000000,524,0.998337377,0.932361283
restart_reduced_xor_random1_sampler_island_local_warmup10_except_data_ro2_1000x125_strict_20260526.payload,84,4,1,490,510,0.490000000,0.010000000,510,0.999711442,0.971430848
restart_reduced_xor_random1_sampler_island_local_warmup10_except_data_ro2_1000x125_strict_20260526.payload,84,4,2,492,508,0.492000000,0.008000000,508,0.999815327,0.977099598
restart_reduced_xor_random1_sampler_island_local_warmup10_except_data_ro2_1000x125_strict_20260526.payload,84,4,3,473,527,0.473000000,0.027000000,527,0.997895527,0.924125133
restart_reduced_xor_random1_sampler_island_local_warmup10_except_data_ro2_1000x125_strict_20260526.payload,84,4,4,476,524,0.476000000,0.024000000,524,0.998337377,0.932361283
restart_reduced_xor_random1_sampler_island_local_warmup10_except_data_ro2_1000x125_strict_20260526.payload,84,4,5,517,483,0.517000000,0.017000000,517,0.999165962,0.951763814
restart_reduced_xor_random1_sampler_island_local_warmup10_except_data_ro2_1000x125_strict_20260526.payload,84,4,6,515,485,0.515000000,0.015000000,515,0.999350690,0.957355663
restart_reduced_xor_random1_sampler_island_local_warmup10_except_data_ro2_1000x125_strict_20260526.payload,84,4,7,518,482,0.518000000,0.018000000,518,0.999064932,0.948975997
restart_reduced_xor_random1_sampler_island_local_warmup10_except_data_ro2_1000x125_strict_20260526.payload,85,5,0,500,500,0.500000000,0.000000000,500,1.000000000,1.000000000
restart_reduced_xor_random1_sampler_island_local_warmup10_except_data_ro2_1000x125_strict_20260526.payload,85,5,1,519,481,0.519000000,0.019000000,519,0.998958123,0.946193556
restart_reduced_xor_random1_sampler_island_local_warmup10_except_data_ro2_1000x125_strict_20260526.payload,85,5,2,494,506,0.494000000,0.006000000,506,0.999896123,0.982790710
restart_reduced_xor_random1_sampler_island_local_warmup10_except_data_ro2_1000x125_strict_20260526.payload,85,5,3,521,479,0.521000000,0.021000000,521,0.998727169,0.940644722
restart_reduced_xor_random1_sampler_island_local_warmup10_except_data_ro2_1000x125_strict_20260526.payload,85,5,4,490,510,0.490000000,0.010000000,510,0.999711442,0.971430848
restart_reduced_xor_random1_sampler_island_local_warmup10_except_data_ro2_1000x125_strict_20260526.payload,85,5,5,482,518,0.482000000,0.018000000,518,0.999064932,0.948975997
restart_reduced_xor_random1_sampler_island_local_warmup10_except_data_ro2_1000x125_strict_20260526.payload,85,5,6,509,491,0.509000000,0.009000000,509,0.999766271,0.974262439
restart_reduced_xor_random1_sampler_island_local_warmup10_except_data_ro2_1000x125_strict_20260526.payload,85,5,7,480,520,0.480000000,0.020000000,520,0.998845536,0.943416472
restart_reduced_xor_random1_sampler_island_local_warmup10_except_data_ro2_1000x125_strict_20260526.payload,86,6,0,505,495,0.505000000,0.005000000,505,0.999927864,0.985644707
restart_reduced_xor_random1_sampler_island_local_warmup10_except_data_ro2_1000x125_strict_20260526.payload,86,6,1,482,518,0.482000000,0.018000000,518,0.999064932,0.948975997
restart_reduced_xor_random1_sampler_island_local_warmup10_except_data_ro2_1000x125_strict_20260526.payload,86,6,2,516,484,0.516000000,0.016000000,516,0.999261214,0.954557029
restart_reduced_xor_random1_sampler_island_local_warmup10_except_data_ro2_1000x125_strict_20260526.payload,86,6,3,489,511,0.489000000,0.011000000,511,0.999650840,0.968604804
restart_reduced_xor_random1_sampler_island_local_warmup10_except_data_ro2_1000x125_strict_20260526.payload,86,6,4,487,513,0.487000000,0.013000000,513,0.999512314,0.962969269
restart_reduced_xor_random1_sampler_island_local_warmup10_except_data_ro2_1000x125_strict_20260526.payload,86,6,5,498,502,0.498000000,0.002000000,502,0.999988458,0.994240731
restart_reduced_xor_random1_sampler_island_local_warmup10_except_data_ro2_1000x125_strict_20260526.payload,86,6,6,475,525,0.475000000,0.025000000,525,0.998195879,0.929610672
restart_reduced_xor_random1_sampler_island_local_warmup10_except_data_ro2_1000x125_strict_20260526.payload,86,6,7,499,501,0.499000000,0.001000000,501,0.999997115,0.997117491
restart_reduced_xor_random1_sampler_island_local_warmup10_except_data_ro2_1000x125_strict_20260526.payload,87,7,0,514,486,0.514000000,0.014000000,514,0.999434390,0.960159735
restart_reduced_xor_random1_sampler_island_local_warmup10_except_data_ro2_1000x125_strict_20260526.payload,87,7,1,504,496,0.504000000,0.004000000,504,0.999953833,0.988504361
restart_reduced_xor_random1_sampler_island_local_warmup10_except_data_ro2_1000x125_strict_20260526.payload,87,7,2,466,534,0.466000000,0.034000000,534,0.996661914,0.905088353
restart_reduced_xor_random1_sampler_island_local_warmup10_except_data_ro2_1000x125_strict_20260526.payload,87,7,3,491,509,0.491000000,0.009000000,509,0.999766271,0.974262439
restart_reduced_xor_random1_sampler_island_local_warmup10_except_data_ro2_1000x125_strict_20260526.payload,87,7,4,483,517,0.483000000,0.017000000,517,0.999165962,0.951763814
restart_reduced_xor_random1_sampler_island_local_warmup10_except_data_ro2_1000x125_strict_20260526.payload,87,7,5,516,484,0.516000000,0.016000000,516,0.999261214,0.954557029
restart_reduced_xor_random1_sampler_island_local_warmup10_except_data_ro2_1000x125_strict_20260526.payload,87,7,6,530,470,0.530000000,0.030000000,530,0.997401589,0.915935735
restart_reduced_xor_random1_sampler_island_local_warmup10_except_data_ro2_1000x125_strict_20260526.payload,87,7,7,485,515,0.485000000,0.015000000,515,0.999350690,0.957355663
restart_reduced_xor_random1_sampler_island_local_warmup10_except_data_ro2_1000x125_strict_20260526.payload,88,0,0,500,500,0.500000000,0.000000000,500,1.000000000,1.000000000
restart_reduced_xor_random1_sampler_island_local_warmup10_except_data_ro2_1000x125_strict_20260526.payload,88,0,1,500,500,0.500000000,0.000000000,500,1.000000000,1.000000000
restart_reduced_xor_random1_sampler_island_local_warmup10_except_data_ro2_1000x125_strict_20260526.payload,88,0,2,509,491,0.509000000,0.009000000,509,0.999766271,0.974262439
restart_reduced_xor_random1_sampler_island_local_warmup10_except_data_ro2_1000x125_strict_20260526.payload,88,0,3,490,510,0.490000000,0.010000000,510,0.999711442,0.971430848
restart_reduced_xor_random1_sampler_island_local_warmup10_except_data_ro2_1000x125_strict_20260526.payload,88,0,4,504,496,0.504000000,0.004000000,504,0.999953833,0.988504361
restart_reduced_xor_random1_sampler_island_local_warmup10_except_data_ro2_1000x125_strict_20260526.payload,88,0,5,510,490,0.510000000,0.010000000,510,0.999711442,0.971430848
restart_reduced_xor_random1_sampler_island_local_warmup10_except_data_ro2_1000x125_strict_20260526.payload,88,0,6,486,514,0.486000000,0.014000000,514,0.999434390,0.960159735
restart_reduced_xor_random1_sampler_island_local_warmup10_except_data_ro2_1000x125_strict_20260526.payload,88,0,7,480,520,0.480000000,0.020000000,520,0.998845536,0.943416472
restart_reduced_xor_random1_sampler_island_local_warmup10_except_data_ro2_1000x125_strict_20260526.payload,89,1,0,476,524,0.476000000,0.024000000,524,0.998337377,0.932361283
restart_reduced_xor_random1_sampler_island_local_warmup10_except_data_ro2_1000x125_strict_20260526.payload,89,1,1,500,500,0.500000000,0.000000000,500,1.000000000,1.000000000
restart_reduced_xor_random1_sampler_island_local_warmup10_except_data_ro2_1000x125_strict_20260526.payload,89,1,2,479,521,0.479000000,0.021000000,521,0.998727169,0.940644722
restart_reduced_xor_random1_sampler_island_local_warmup10_except_data_ro2_1000x125_strict_20260526.payload,89,1,3,500,500,0.500000000,0.000000000,500,1.000000000,1.000000000
restart_reduced_xor_random1_sampler_island_local_warmup10_except_data_ro2_1000x125_strict_20260526.payload,89,1,4,487,513,0.487000000,0.013000000,513,0.999512314,0.962969269
restart_reduced_xor_random1_sampler_island_local_warmup10_except_data_ro2_1000x125_strict_20260526.payload,89,1,5,512,488,0.512000000,0.012000000,512,0.999584464,0.965784285
restart_reduced_xor_random1_sampler_island_local_warmup10_except_data_ro2_1000x125_strict_20260526.payload,89,1,6,512,488,0.512000000,0.012000000,512,0.999584464,0.965784285
restart_reduced_xor_random1_sampler_island_local_warmup10_except_data_ro2_1000x125_strict_20260526.payload,89,1,7,529,471,0.529000000,0.029000000,529,0.997572025,0.918660373
restart_reduced_xor_random1_sampler_island_local_warmup10_except_data_ro2_1000x125_strict_20260526.payload,90,2,0,472,528,0.472000000,0.028000000,528,0.997736670,0.921390165
restart_reduced_xor_random1_sampler_island_local_warmup10_except_data_ro2_1000x125_strict_20260526.payload,90,2,1,492,508,0.492000000,0.008000000,508,0.999815327,0.977099598
restart_reduced_xor_random1_sampler_island_local_warmup10_except_data_ro2_1000x125_strict_20260526.payload,90,2,2,476,524,0.476000000,0.024000000,524,0.998337377,0.932361283
restart_reduced_xor_random1_sampler_island_local_warmup10_except_data_ro2_1000x125_strict_20260526.payload,90,2,3,520,480,0.520000000,0.020000000,520,0.998845536,0.943416472
restart_reduced_xor_random1_sampler_island_local_warmup10_except_data_ro2_1000x125_strict_20260526.payload,90,2,4,501,499,0.501000000,0.001000000,501,0.999997115,0.997117491
restart_reduced_xor_random1_sampler_island_local_warmup10_except_data_ro2_1000x125_strict_20260526.payload,90,2,5,486,514,0.486000000,0.014000000,514,0.999434390,0.960159735
restart_reduced_xor_random1_sampler_island_local_warmup10_except_data_ro2_1000x125_strict_20260526.payload,90,2,6,490,510,0.490000000,0.010000000,510,0.999711442,0.971430848
restart_reduced_xor_random1_sampler_island_local_warmup10_except_data_ro2_1000x125_strict_20260526.payload,90,2,7,528,472,0.528000000,0.028000000,528,0.997736670,0.921390165
restart_reduced_xor_random1_sampler_island_local_warmup10_except_data_ro2_1000x125_strict_20260526.payload,91,3,0,489,511,0.489000000,0.011000000,511,0.999650840,0.968604804
restart_reduced_xor_random1_sampler_island_local_warmup10_except_data_ro2_1000x125_strict_20260526.payload,91,3,1,471,529,0.471000000,0.029000000,529,0.997572025,0.918660373
restart_reduced_xor_random1_sampler_island_local_warmup10_except_data_ro2_1000x125_strict_20260526.payload,91,3,2,513,487,0.513000000,0.013000000,513,0.999512314,0.962969269
restart_reduced_xor_random1_sampler_island_local_warmup10_except_data_ro2_1000x125_strict_20260526.payload,91,3,3,517,483,0.517000000,0.017000000,517,0.999165962,0.951763814
restart_reduced_xor_random1_sampler_island_local_warmup10_except_data_ro2_1000x125_strict_20260526.payload,91,3,4,485,515,0.485000000,0.015000000,515,0.999350690,0.957355663
restart_reduced_xor_random1_sampler_island_local_warmup10_except_data_ro2_1000x125_strict_20260526.payload,91,3,5,513,487,0.513000000,0.013000000,513,0.999512314,0.962969269
restart_reduced_xor_random1_sampler_island_local_warmup10_except_data_ro2_1000x125_strict_20260526.payload,91,3,6,525,475,0.525000000,0.025000000,525,0.998195879,0.929610672
restart_reduced_xor_random1_sampler_island_local_warmup10_except_data_ro2_1000x125_strict_20260526.payload,91,3,7,540,460,0.540000000,0.040000000,540,0.995378439,0.888968688
restart_reduced_xor_random1_sampler_island_local_warmup10_except_data_ro2_1000x125_strict_20260526.payload,92,4,0,520,480,0.520000000,0.020000000,520,0.998845536,0.943416472
restart_reduced_xor_random1_sampler_island_local_warmup10_except_data_ro2_1000x125_strict_20260526.payload,92,4,1,489,511,0.489000000,0.011000000,511,0.999650840,0.968604804
restart_reduced_xor_random1_sampler_island_local_warmup10_except_data_ro2_1000x125_strict_20260526.payload,92,4,2,471,529,0.471000000,0.029000000,529,0.997572025,0.918660373
restart_reduced_xor_random1_sampler_island_local_warmup10_except_data_ro2_1000x125_strict_20260526.payload,92,4,3,529,471,0.529000000,0.029000000,529,0.997572025,0.918660373
restart_reduced_xor_random1_sampler_island_local_warmup10_except_data_ro2_1000x125_strict_20260526.payload,92,4,4,516,484,0.516000000,0.016000000,516,0.999261214,0.954557029
restart_reduced_xor_random1_sampler_island_local_warmup10_except_data_ro2_1000x125_strict_20260526.payload,92,4,5,488,512,0.488000000,0.012000000,512,0.999584464,0.965784285
restart_reduced_xor_random1_sampler_island_local_warmup10_except_data_ro2_1000x125_strict_20260526.payload,92,4,6,504,496,0.504000000,0.004000000,504,0.999953833,0.988504361
restart_reduced_xor_random1_sampler_island_local_warmup10_except_data_ro2_1000x125_strict_20260526.payload,92,4,7,499,501,0.499000000,0.001000000,501,0.999997115,0.997117491
restart_reduced_xor_random1_sampler_island_local_warmup10_except_data_ro2_1000x125_strict_20260526.payload,93,5,0,512,488,0.512000000,0.012000000,512,0.999584464,0.965784285
restart_reduced_xor_random1_sampler_island_local_warmup10_except_data_ro2_1000x125_strict_20260526.payload,93,5,1,485,515,0.485000000,0.015000000,515,0.999350690,0.957355663
restart_reduced_xor_random1_sampler_island_local_warmup10_except_data_ro2_1000x125_strict_20260526.payload,93,5,2,515,485,0.515000000,0.015000000,515,0.999350690,0.957355663
restart_reduced_xor_random1_sampler_island_local_warmup10_except_data_ro2_1000x125_strict_20260526.payload,93,5,3,483,517,0.483000000,0.017000000,517,0.999165962,0.951763814
restart_reduced_xor_random1_sampler_island_local_warmup10_except_data_ro2_1000x125_strict_20260526.payload,93,5,4,497,503,0.497000000,0.003000000,503,0.999974031,0.991369695
restart_reduced_xor_random1_sampler_island_local_warmup10_except_data_ro2_1000x125_strict_20260526.payload,93,5,5,512,488,0.512000000,0.012000000,512,0.999584464,0.965784285
restart_reduced_xor_random1_sampler_island_local_warmup10_except_data_ro2_1000x125_strict_20260526.payload,93,5,6,527,473,0.527000000,0.027000000,527,0.997895527,0.924125133
restart_reduced_xor_random1_sampler_island_local_warmup10_except_data_ro2_1000x125_strict_20260526.payload,93,5,7,485,515,0.485000000,0.015000000,515,0.999350690,0.957355663
restart_reduced_xor_random1_sampler_island_local_warmup10_except_data_ro2_1000x125_strict_20260526.payload,94,6,0,508,492,0.508000000,0.008000000,508,0.999815327,0.977099598
restart_reduced_xor_random1_sampler_island_local_warmup10_except_data_ro2_1000x125_strict_20260526.payload,94,6,1,486,514,0.486000000,0.014000000,514,0.999434390,0.960159735
restart_reduced_xor_random1_sampler_island_local_warmup10_except_data_ro2_1000x125_strict_20260526.payload,94,6,2,495,505,0.495000000,0.005000000,505,0.999927864,0.985644707
restart_reduced_xor_random1_sampler_island_local_warmup10_except_data_ro2_1000x125_strict_20260526.payload,94,6,3,526,474,0.526000000,0.026000000,526,0.998048596,0.926865295
restart_reduced_xor_random1_sampler_island_local_warmup10_except_data_ro2_1000x125_strict_20260526.payload,94,6,4,504,496,0.504000000,0.004000000,504,0.999953833,0.988504361
restart_reduced_xor_random1_sampler_island_local_warmup10_except_data_ro2_1000x125_strict_20260526.payload,94,6,5,511,489,0.511000000,0.011000000,511,0.999650840,0.968604804
restart_reduced_xor_random1_sampler_island_local_warmup10_except_data_ro2_1000x125_strict_20260526.payload,94,6,6,486,514,0.486000000,0.014000000,514,0.999434390,0.960159735
restart_reduced_xor_random1_sampler_island_local_warmup10_except_data_ro2_1000x125_strict_20260526.payload,94,6,7,523,477,0.523000000,0.023000000,523,0.998473090,0.935117148
restart_reduced_xor_random1_sampler_island_local_warmup10_except_data_ro2_1000x125_strict_20260526.payload,95,7,0,482,518,0.482000000,0.018000000,518,0.999064932,0.948975997
restart_reduced_xor_random1_sampler_island_local_warmup10_except_data_ro2_1000x125_strict_20260526.payload,95,7,1,505,495,0.505000000,0.005000000,505,0.999927864,0.985644707
restart_reduced_xor_random1_sampler_island_local_warmup10_except_data_ro2_1000x125_strict_20260526.payload,95,7,2,489,511,0.489000000,0.011000000,511,0.999650840,0.968604804
restart_reduced_xor_random1_sampler_island_local_warmup10_except_data_ro2_1000x125_strict_20260526.payload,95,7,3,482,518,0.482000000,0.018000000,518,0.999064932,0.948975997
restart_reduced_xor_random1_sampler_island_local_warmup10_except_data_ro2_1000x125_strict_20260526.payload,95,7,4,472,528,0.472000000,0.028000000,528,0.997736670,0.921390165
restart_reduced_xor_random1_sampler_island_local_warmup10_except_data_ro2_1000x125_strict_20260526.payload,95,7,5,484,516,0.484000000,0.016000000,516,0.999261214,0.954557029
restart_reduced_xor_random1_sampler_island_local_warmup10_except_data_ro2_1000x125_strict_20260526.payload,95,7,6,502,498,0.502000000,0.002000000,502,0.999988458,0.994240731
restart_reduced_xor_random1_sampler_island_local_warmup10_except_data_ro2_1000x125_strict_20260526.payload,95,7,7,486,514,0.486000000,0.014000000,514,0.999434390,0.960159735
restart_reduced_xor_random1_sampler_island_local_warmup10_except_data_ro2_1000x125_strict_20260526.payload,96,0,0,483,517,0.483000000,0.017000000,517,0.999165962,0.951763814
restart_reduced_xor_random1_sampler_island_local_warmup10_except_data_ro2_1000x125_strict_20260526.payload,96,0,1,482,518,0.482000000,0.018000000,518,0.999064932,0.948975997
restart_reduced_xor_random1_sampler_island_local_warmup10_except_data_ro2_1000x125_strict_20260526.payload,96,0,2,530,470,0.530000000,0.030000000,530,0.997401589,0.915935735
restart_reduced_xor_random1_sampler_island_local_warmup10_except_data_ro2_1000x125_strict_20260526.payload,96,0,3,490,510,0.490000000,0.010000000,510,0.999711442,0.971430848
restart_reduced_xor_random1_sampler_island_local_warmup10_except_data_ro2_1000x125_strict_20260526.payload,96,0,4,486,514,0.486000000,0.014000000,514,0.999434390,0.960159735
restart_reduced_xor_random1_sampler_island_local_warmup10_except_data_ro2_1000x125_strict_20260526.payload,96,0,5,479,521,0.479000000,0.021000000,521,0.998727169,0.940644722
restart_reduced_xor_random1_sampler_island_local_warmup10_except_data_ro2_1000x125_strict_20260526.payload,96,0,6,480,520,0.480000000,0.020000000,520,0.998845536,0.943416472
restart_reduced_xor_random1_sampler_island_local_warmup10_except_data_ro2_1000x125_strict_20260526.payload,96,0,7,479,521,0.479000000,0.021000000,521,0.998727169,0.940644722
restart_reduced_xor_random1_sampler_island_local_warmup10_except_data_ro2_1000x125_strict_20260526.payload,97,1,0,504,496,0.504000000,0.004000000,504,0.999953833,0.988504361
restart_reduced_xor_random1_sampler_island_local_warmup10_except_data_ro2_1000x125_strict_20260526.payload,97,1,1,485,515,0.485000000,0.015000000,515,0.999350690,0.957355663
restart_reduced_xor_random1_sampler_island_local_warmup10_except_data_ro2_1000x125_strict_20260526.payload,97,1,2,543,457,0.543000000,0.043000000,543,0.994658318,0.880975897
restart_reduced_xor_random1_sampler_island_local_warmup10_except_data_ro2_1000x125_strict_20260526.payload,97,1,3,492,508,0.492000000,0.008000000,508,0.999815327,0.977099598
restart_reduced_xor_random1_sampler_island_local_warmup10_except_data_ro2_1000x125_strict_20260526.payload,97,1,4,497,503,0.497000000,0.003000000,503,0.999974031,0.991369695
restart_reduced_xor_random1_sampler_island_local_warmup10_except_data_ro2_1000x125_strict_20260526.payload,97,1,5,485,515,0.485000000,0.015000000,515,0.999350690,0.957355663
restart_reduced_xor_random1_sampler_island_local_warmup10_except_data_ro2_1000x125_strict_20260526.payload,97,1,6,495,505,0.495000000,0.005000000,505,0.999927864,0.985644707
restart_reduced_xor_random1_sampler_island_local_warmup10_except_data_ro2_1000x125_strict_20260526.payload,97,1,7,521,479,0.521000000,0.021000000,521,0.998727169,0.940644722
restart_reduced_xor_random1_sampler_island_local_warmup10_except_data_ro2_1000x125_strict_20260526.payload,98,2,0,515,485,0.515000000,0.015000000,515,0.999350690,0.957355663
restart_reduced_xor_random1_sampler_island_local_warmup10_except_data_ro2_1000x125_strict_20260526.payload,98,2,1,520,480,0.520000000,0.020000000,520,0.998845536,0.943416472
restart_reduced_xor_random1_sampler_island_local_warmup10_except_data_ro2_1000x125_strict_20260526.payload,98,2,2,498,502,0.498000000,0.002000000,502,0.999988458,0.994240731
restart_reduced_xor_random1_sampler_island_local_warmup10_except_data_ro2_1000x125_strict_20260526.payload,98,2,3,502,498,0.502000000,0.002000000,502,0.999988458,0.994240731
restart_reduced_xor_random1_sampler_island_local_warmup10_except_data_ro2_1000x125_strict_20260526.payload,98,2,4,486,514,0.486000000,0.014000000,514,0.999434390,0.960159735
restart_reduced_xor_random1_sampler_island_local_warmup10_except_data_ro2_1000x125_strict_20260526.payload,98,2,5,498,502,0.498000000,0.002000000,502,0.999988458,0.994240731
restart_reduced_xor_random1_sampler_island_local_warmup10_except_data_ro2_1000x125_strict_20260526.payload,98,2,6,496,504,0.496000000,0.004000000,504,0.999953833,0.988504361
restart_reduced_xor_random1_sampler_island_local_warmup10_except_data_ro2_1000x125_strict_20260526.payload,98,2,7,497,503,0.497000000,0.003000000,503,0.999974031,0.991369695
restart_reduced_xor_random1_sampler_island_local_warmup10_except_data_ro2_1000x125_strict_20260526.payload,99,3,0,500,500,0.500000000,0.000000000,500,1.000000000,1.000000000
restart_reduced_xor_random1_sampler_island_local_warmup10_except_data_ro2_1000x125_strict_20260526.payload,99,3,1,511,489,0.511000000,0.011000000,511,0.999650840,0.968604804
restart_reduced_xor_random1_sampler_island_local_warmup10_except_data_ro2_1000x125_strict_20260526.payload,99,3,2,501,499,0.501000000,0.001000000,501,0.999997115,0.997117491
restart_reduced_xor_random1_sampler_island_local_warmup10_except_data_ro2_1000x125_strict_20260526.payload,99,3,3,512,488,0.512000000,0.012000000,512,0.999584464,0.965784285
restart_reduced_xor_random1_sampler_island_local_warmup10_except_data_ro2_1000x125_strict_20260526.payload,99,3,4,507,493,0.507000000,0.007000000,507,0.999858611,0.979942348
restart_reduced_xor_random1_sampler_island_local_warmup10_except_data_ro2_1000x125_strict_20260526.payload,99,3,5,505,495,0.505000000,0.005000000,505,0.999927864,0.985644707
restart_reduced_xor_random1_sampler_island_local_warmup10_except_data_ro2_1000x125_strict_20260526.payload,99,3,6,539,461,0.539000000,0.039000000,539,0.995606861,0.891642822
restart_reduced_xor_random1_sampler_island_local_warmup10_except_data_ro2_1000x125_strict_20260526.payload,99,3,7,502,498,0.502000000,0.002000000,502,0.999988458,0.994240731
restart_reduced_xor_random1_sampler_island_local_warmup10_except_data_ro2_1000x125_strict_20260526.payload,100,4,0,493,507,0.493000000,0.007000000,507,0.999858611,0.979942348
restart_reduced_xor_random1_sampler_island_local_warmup10_except_data_ro2_1000x125_strict_20260526.payload,100,4,1,504,496,0.504000000,0.004000000,504,0.999953833,0.988504361
restart_reduced_xor_random1_sampler_island_local_warmup10_except_data_ro2_1000x125_strict_20260526.payload,100,4,2,498,502,0.498000000,0.002000000,502,0.999988458,0.994240731
restart_reduced_xor_random1_sampler_island_local_warmup10_except_data_ro2_1000x125_strict_20260526.payload,100,4,3,521,479,0.521000000,0.021000000,521,0.998727169,0.940644722
restart_reduced_xor_random1_sampler_island_local_warmup10_except_data_ro2_1000x125_strict_20260526.payload,100,4,4,505,495,0.505000000,0.005000000,505,0.999927864,0.985644707
restart_reduced_xor_random1_sampler_island_local_warmup10_except_data_ro2_1000x125_strict_20260526.payload,100,4,5,509,491,0.509000000,0.009000000,509,0.999766271,0.974262439
restart_reduced_xor_random1_sampler_island_local_warmup10_except_data_ro2_1000x125_strict_20260526.payload,100,4,6,498,502,0.498000000,0.002000000,502,0.999988458,0.994240731
restart_reduced_xor_random1_sampler_island_local_warmup10_except_data_ro2_1000x125_strict_20260526.payload,100,4,7,488,512,0.488000000,0.012000000,512,0.999584464,0.965784285
restart_reduced_xor_random1_sampler_island_local_warmup10_except_data_ro2_1000x125_strict_20260526.payload,101,5,0,524,476,0.524000000,0.024000000,524,0.998337377,0.932361283
restart_reduced_xor_random1_sampler_island_local_warmup10_except_data_ro2_1000x125_strict_20260526.payload,101,5,1,485,515,0.485000000,0.015000000,515,0.999350690,0.957355663
restart_reduced_xor_random1_sampler_island_local_warmup10_except_data_ro2_1000x125_strict_20260526.payload,101,5,2,533,467,0.533000000,0.033000000,533,0.996855525,0.907792562
restart_reduced_xor_random1_sampler_island_local_warmup10_except_data_ro2_1000x125_strict_20260526.payload,101,5,3,495,505,0.495000000,0.005000000,505,0.999927864,0.985644707
restart_reduced_xor_random1_sampler_island_local_warmup10_except_data_ro2_1000x125_strict_20260526.payload,101,5,4,515,485,0.515000000,0.015000000,515,0.999350690,0.957355663
restart_reduced_xor_random1_sampler_island_local_warmup10_except_data_ro2_1000x125_strict_20260526.payload,101,5,5,508,492,0.508000000,0.008000000,508,0.999815327,0.977099598
restart_reduced_xor_random1_sampler_island_local_warmup10_except_data_ro2_1000x125_strict_20260526.payload,101,5,6,477,523,0.477000000,0.023000000,523,0.998473090,0.935117148
restart_reduced_xor_random1_sampler_island_local_warmup10_except_data_ro2_1000x125_strict_20260526.payload,101,5,7,509,491,0.509000000,0.009000000,509,0.999766271,0.974262439
restart_reduced_xor_random1_sampler_island_local_warmup10_except_data_ro2_1000x125_strict_20260526.payload,102,6,0,473,527,0.473000000,0.027000000,527,0.997895527,0.924125133
restart_reduced_xor_random1_sampler_island_local_warmup10_except_data_ro2_1000x125_strict_20260526.payload,102,6,1,492,508,0.492000000,0.008000000,508,0.999815327,0.977099598
restart_reduced_xor_random1_sampler_island_local_warmup10_except_data_ro2_1000x125_strict_20260526.payload,102,6,2,503,497,0.503000000,0.003000000,503,0.999974031,0.991369695
restart_reduced_xor_random1_sampler_island_local_warmup10_except_data_ro2_1000x125_strict_20260526.payload,102,6,3,499,501,0.499000000,0.001000000,501,0.999997115,0.997117491
restart_reduced_xor_random1_sampler_island_local_warmup10_except_data_ro2_1000x125_strict_20260526.payload,102,6,4,506,494,0.506000000,0.006000000,506,0.999896123,0.982790710
restart_reduced_xor_random1_sampler_island_local_warmup10_except_data_ro2_1000x125_strict_20260526.payload,102,6,5,516,484,0.516000000,0.016000000,516,0.999261214,0.954557029
restart_reduced_xor_random1_sampler_island_local_warmup10_except_data_ro2_1000x125_strict_20260526.payload,102,6,6,491,509,0.491000000,0.009000000,509,0.999766271,0.974262439
restart_reduced_xor_random1_sampler_island_local_warmup10_except_data_ro2_1000x125_strict_20260526.payload,102,6,7,487,513,0.487000000,0.013000000,513,0.999512314,0.962969269
restart_reduced_xor_random1_sampler_island_local_warmup10_except_data_ro2_1000x125_strict_20260526.payload,103,7,0,478,522,0.478000000,0.022000000,522,0.998603020,0.937878288
restart_reduced_xor_random1_sampler_island_local_warmup10_except_data_ro2_1000x125_strict_20260526.payload,103,7,1,502,498,0.502000000,0.002000000,502,0.999988458,0.994240731
restart_reduced_xor_random1_sampler_island_local_warmup10_except_data_ro2_1000x125_strict_20260526.payload,103,7,2,484,516,0.484000000,0.016000000,516,0.999261214,0.954557029
restart_reduced_xor_random1_sampler_island_local_warmup10_except_data_ro2_1000x125_strict_20260526.payload,103,7,3,473,527,0.473000000,0.027000000,527,0.997895527,0.924125133
restart_reduced_xor_random1_sampler_island_local_warmup10_except_data_ro2_1000x125_strict_20260526.payload,103,7,4,486,514,0.486000000,0.014000000,514,0.999434390,0.960159735
restart_reduced_xor_random1_sampler_island_local_warmup10_except_data_ro2_1000x125_strict_20260526.payload,103,7,5,485,515,0.485000000,0.015000000,515,0.999350690,0.957355663
restart_reduced_xor_random1_sampler_island_local_warmup10_except_data_ro2_1000x125_strict_20260526.payload,103,7,6,495,505,0.495000000,0.005000000,505,0.999927864,0.985644707
restart_reduced_xor_random1_sampler_island_local_warmup10_except_data_ro2_1000x125_strict_20260526.payload,103,7,7,500,500,0.500000000,0.000000000,500,1.000000000,1.000000000
restart_reduced_xor_random1_sampler_island_local_warmup10_except_data_ro2_1000x125_strict_20260526.payload,104,0,0,496,504,0.496000000,0.004000000,504,0.999953833,0.988504361
restart_reduced_xor_random1_sampler_island_local_warmup10_except_data_ro2_1000x125_strict_20260526.payload,104,0,1,487,513,0.487000000,0.013000000,513,0.999512314,0.962969269
restart_reduced_xor_random1_sampler_island_local_warmup10_except_data_ro2_1000x125_strict_20260526.payload,104,0,2,480,520,0.480000000,0.020000000,520,0.998845536,0.943416472
restart_reduced_xor_random1_sampler_island_local_warmup10_except_data_ro2_1000x125_strict_20260526.payload,104,0,3,472,528,0.472000000,0.028000000,528,0.997736670,0.921390165
restart_reduced_xor_random1_sampler_island_local_warmup10_except_data_ro2_1000x125_strict_20260526.payload,104,0,4,550,450,0.550000000,0.050000000,550,0.992774454,0.862496476
restart_reduced_xor_random1_sampler_island_local_warmup10_except_data_ro2_1000x125_strict_20260526.payload,104,0,5,467,533,0.467000000,0.033000000,533,0.996855525,0.907792562
restart_reduced_xor_random1_sampler_island_local_warmup10_except_data_ro2_1000x125_strict_20260526.payload,104,0,6,511,489,0.511000000,0.011000000,511,0.999650840,0.968604804
restart_reduced_xor_random1_sampler_island_local_warmup10_except_data_ro2_1000x125_strict_20260526.payload,104,0,7,460,540,0.460000000,0.040000000,540,0.995378439,0.888968688
restart_reduced_xor_random1_sampler_island_local_warmup10_except_data_ro2_1000x125_strict_20260526.payload,105,1,0,503,497,0.503000000,0.003000000,503,0.999974031,0.991369695
restart_reduced_xor_random1_sampler_island_local_warmup10_except_data_ro2_1000x125_strict_20260526.payload,105,1,1,478,522,0.478000000,0.022000000,522,0.998603020,0.937878288
restart_reduced_xor_random1_sampler_island_local_warmup10_except_data_ro2_1000x125_strict_20260526.payload,105,1,2,509,491,0.509000000,0.009000000,509,0.999766271,0.974262439
restart_reduced_xor_random1_sampler_island_local_warmup10_except_data_ro2_1000x125_strict_20260526.payload,105,1,3,547,453,0.547000000,0.047000000,547,0.993616753,0.870387262
restart_reduced_xor_random1_sampler_island_local_warmup10_except_data_ro2_1000x125_strict_20260526.payload,105,1,4,489,511,0.489000000,0.011000000,511,0.999650840,0.968604804
restart_reduced_xor_random1_sampler_island_local_warmup10_except_data_ro2_1000x125_strict_20260526.payload,105,1,5,504,496,0.504000000,0.004000000,504,0.999953833,0.988504361
restart_reduced_xor_random1_sampler_island_local_warmup10_except_data_ro2_1000x125_strict_20260526.payload,105,1,6,493,507,0.493000000,0.007000000,507,0.999858611,0.979942348
restart_reduced_xor_random1_sampler_island_local_warmup10_except_data_ro2_1000x125_strict_20260526.payload,105,1,7,494,506,0.494000000,0.006000000,506,0.999896123,0.982790710
restart_reduced_xor_random1_sampler_island_local_warmup10_except_data_ro2_1000x125_strict_20260526.payload,106,2,0,503,497,0.503000000,0.003000000,503,0.999974031,0.991369695
restart_reduced_xor_random1_sampler_island_local_warmup10_except_data_ro2_1000x125_strict_20260526.payload,106,2,1,510,490,0.510000000,0.010000000,510,0.999711442,0.971430848
restart_reduced_xor_random1_sampler_island_local_warmup10_except_data_ro2_1000x125_strict_20260526.payload,106,2,2,497,503,0.497000000,0.003000000,503,0.999974031,0.991369695
restart_reduced_xor_random1_sampler_island_local_warmup10_except_data_ro2_1000x125_strict_20260526.payload,106,2,3,486,514,0.486000000,0.014000000,514,0.999434390,0.960159735
restart_reduced_xor_random1_sampler_island_local_warmup10_except_data_ro2_1000x125_strict_20260526.payload,106,2,4,505,495,0.505000000,0.005000000,505,0.999927864,0.985644707
restart_reduced_xor_random1_sampler_island_local_warmup10_except_data_ro2_1000x125_strict_20260526.payload,106,2,5,495,505,0.495000000,0.005000000,505,0.999927864,0.985644707
restart_reduced_xor_random1_sampler_island_local_warmup10_except_data_ro2_1000x125_strict_20260526.payload,106,2,6,497,503,0.497000000,0.003000000,503,0.999974031,0.991369695
restart_reduced_xor_random1_sampler_island_local_warmup10_except_data_ro2_1000x125_strict_20260526.payload,106,2,7,492,508,0.492000000,0.008000000,508,0.999815327,0.977099598
restart_reduced_xor_random1_sampler_island_local_warmup10_except_data_ro2_1000x125_strict_20260526.payload,107,3,0,524,476,0.524000000,0.024000000,524,0.998337377,0.932361283
restart_reduced_xor_random1_sampler_island_local_warmup10_except_data_ro2_1000x125_strict_20260526.payload,107,3,1,481,519,0.481000000,0.019000000,519,0.998958123,0.946193556
restart_reduced_xor_random1_sampler_island_local_warmup10_except_data_ro2_1000x125_strict_20260526.payload,107,3,2,488,512,0.488000000,0.012000000,512,0.999584464,0.965784285
restart_reduced_xor_random1_sampler_island_local_warmup10_except_data_ro2_1000x125_strict_20260526.payload,107,3,3,495,505,0.495000000,0.005000000,505,0.999927864,0.985644707
restart_reduced_xor_random1_sampler_island_local_warmup10_except_data_ro2_1000x125_strict_20260526.payload,107,3,4,494,506,0.494000000,0.006000000,506,0.999896123,0.982790710
restart_reduced_xor_random1_sampler_island_local_warmup10_except_data_ro2_1000x125_strict_20260526.payload,107,3,5,522,478,0.522000000,0.022000000,522,0.998603020,0.937878288
restart_reduced_xor_random1_sampler_island_local_warmup10_except_data_ro2_1000x125_strict_20260526.payload,107,3,6,491,509,0.491000000,0.009000000,509,0.999766271,0.974262439
restart_reduced_xor_random1_sampler_island_local_warmup10_except_data_ro2_1000x125_strict_20260526.payload,107,3,7,484,516,0.484000000,0.016000000,516,0.999261214,0.954557029
restart_reduced_xor_random1_sampler_island_local_warmup10_except_data_ro2_1000x125_strict_20260526.payload,108,4,0,503,497,0.503000000,0.003000000,503,0.999974031,0.991369695
restart_reduced_xor_random1_sampler_island_local_warmup10_except_data_ro2_1000x125_strict_20260526.payload,108,4,1,502,498,0.502000000,0.002000000,502,0.999988458,0.994240731
restart_reduced_xor_random1_sampler_island_local_warmup10_except_data_ro2_1000x125_strict_20260526.payload,108,4,2,511,489,0.511000000,0.011000000,511,0.999650840,0.968604804
restart_reduced_xor_random1_sampler_island_local_warmup10_except_data_ro2_1000x125_strict_20260526.payload,108,4,3,498,502,0.498000000,0.002000000,502,0.999988458,0.994240731
restart_reduced_xor_random1_sampler_island_local_warmup10_except_data_ro2_1000x125_strict_20260526.payload,108,4,4,506,494,0.506000000,0.006000000,506,0.999896123,0.982790710
restart_reduced_xor_random1_sampler_island_local_warmup10_except_data_ro2_1000x125_strict_20260526.payload,108,4,5,524,476,0.524000000,0.024000000,524,0.998337377,0.932361283
restart_reduced_xor_random1_sampler_island_local_warmup10_except_data_ro2_1000x125_strict_20260526.payload,108,4,6,509,491,0.509000000,0.009000000,509,0.999766271,0.974262439
restart_reduced_xor_random1_sampler_island_local_warmup10_except_data_ro2_1000x125_strict_20260526.payload,108,4,7,492,508,0.492000000,0.008000000,508,0.999815327,0.977099598
restart_reduced_xor_random1_sampler_island_local_warmup10_except_data_ro2_1000x125_strict_20260526.payload,109,5,0,481,519,0.481000000,0.019000000,519,0.998958123,0.946193556
restart_reduced_xor_random1_sampler_island_local_warmup10_except_data_ro2_1000x125_strict_20260526.payload,109,5,1,503,497,0.503000000,0.003000000,503,0.999974031,0.991369695
restart_reduced_xor_random1_sampler_island_local_warmup10_except_data_ro2_1000x125_strict_20260526.payload,109,5,2,512,488,0.512000000,0.012000000,512,0.999584464,0.965784285
restart_reduced_xor_random1_sampler_island_local_warmup10_except_data_ro2_1000x125_strict_20260526.payload,109,5,3,505,495,0.505000000,0.005000000,505,0.999927864,0.985644707
restart_reduced_xor_random1_sampler_island_local_warmup10_except_data_ro2_1000x125_strict_20260526.payload,109,5,4,492,508,0.492000000,0.008000000,508,0.999815327,0.977099598
restart_reduced_xor_random1_sampler_island_local_warmup10_except_data_ro2_1000x125_strict_20260526.payload,109,5,5,518,482,0.518000000,0.018000000,518,0.999064932,0.948975997
restart_reduced_xor_random1_sampler_island_local_warmup10_except_data_ro2_1000x125_strict_20260526.payload,109,5,6,495,505,0.495000000,0.005000000,505,0.999927864,0.985644707
restart_reduced_xor_random1_sampler_island_local_warmup10_except_data_ro2_1000x125_strict_20260526.payload,109,5,7,493,507,0.493000000,0.007000000,507,0.999858611,0.979942348
restart_reduced_xor_random1_sampler_island_local_warmup10_except_data_ro2_1000x125_strict_20260526.payload,110,6,0,514,486,0.514000000,0.014000000,514,0.999434390,0.960159735
restart_reduced_xor_random1_sampler_island_local_warmup10_except_data_ro2_1000x125_strict_20260526.payload,110,6,1,515,485,0.515000000,0.015000000,515,0.999350690,0.957355663
restart_reduced_xor_random1_sampler_island_local_warmup10_except_data_ro2_1000x125_strict_20260526.payload,110,6,2,496,504,0.496000000,0.004000000,504,0.999953833,0.988504361
restart_reduced_xor_random1_sampler_island_local_warmup10_except_data_ro2_1000x125_strict_20260526.payload,110,6,3,511,489,0.511000000,0.011000000,511,0.999650840,0.968604804
restart_reduced_xor_random1_sampler_island_local_warmup10_except_data_ro2_1000x125_strict_20260526.payload,110,6,4,502,498,0.502000000,0.002000000,502,0.999988458,0.994240731
restart_reduced_xor_random1_sampler_island_local_warmup10_except_data_ro2_1000x125_strict_20260526.payload,110,6,5,496,504,0.496000000,0.004000000,504,0.999953833,0.988504361
restart_reduced_xor_random1_sampler_island_local_warmup10_except_data_ro2_1000x125_strict_20260526.payload,110,6,6,527,473,0.527000000,0.027000000,527,0.997895527,0.924125133
restart_reduced_xor_random1_sampler_island_local_warmup10_except_data_ro2_1000x125_strict_20260526.payload,110,6,7,502,498,0.502000000,0.002000000,502,0.999988458,0.994240731
restart_reduced_xor_random1_sampler_island_local_warmup10_except_data_ro2_1000x125_strict_20260526.payload,111,7,0,515,485,0.515000000,0.015000000,515,0.999350690,0.957355663
restart_reduced_xor_random1_sampler_island_local_warmup10_except_data_ro2_1000x125_strict_20260526.payload,111,7,1,528,472,0.528000000,0.028000000,528,0.997736670,0.921390165
restart_reduced_xor_random1_sampler_island_local_warmup10_except_data_ro2_1000x125_strict_20260526.payload,111,7,2,497,503,0.497000000,0.003000000,503,0.999974031,0.991369695
restart_reduced_xor_random1_sampler_island_local_warmup10_except_data_ro2_1000x125_strict_20260526.payload,111,7,3,501,499,0.501000000,0.001000000,501,0.999997115,0.997117491
restart_reduced_xor_random1_sampler_island_local_warmup10_except_data_ro2_1000x125_strict_20260526.payload,111,7,4,493,507,0.493000000,0.007000000,507,0.999858611,0.979942348
restart_reduced_xor_random1_sampler_island_local_warmup10_except_data_ro2_1000x125_strict_20260526.payload,111,7,5,508,492,0.508000000,0.008000000,508,0.999815327,0.977099598
restart_reduced_xor_random1_sampler_island_local_warmup10_except_data_ro2_1000x125_strict_20260526.payload,111,7,6,496,504,0.496000000,0.004000000,504,0.999953833,0.988504361
restart_reduced_xor_random1_sampler_island_local_warmup10_except_data_ro2_1000x125_strict_20260526.payload,111,7,7,488,512,0.488000000,0.012000000,512,0.999584464,0.965784285
restart_reduced_xor_random1_sampler_island_local_warmup10_except_data_ro2_1000x125_strict_20260526.payload,112,0,0,508,492,0.508000000,0.008000000,508,0.999815327,0.977099598
restart_reduced_xor_random1_sampler_island_local_warmup10_except_data_ro2_1000x125_strict_20260526.payload,112,0,1,485,515,0.485000000,0.015000000,515,0.999350690,0.957355663
restart_reduced_xor_random1_sampler_island_local_warmup10_except_data_ro2_1000x125_strict_20260526.payload,112,0,2,525,475,0.525000000,0.025000000,525,0.998195879,0.929610672
restart_reduced_xor_random1_sampler_island_local_warmup10_except_data_ro2_1000x125_strict_20260526.payload,112,0,3,482,518,0.482000000,0.018000000,518,0.999064932,0.948975997
restart_reduced_xor_random1_sampler_island_local_warmup10_except_data_ro2_1000x125_strict_20260526.payload,112,0,4,495,505,0.495000000,0.005000000,505,0.999927864,0.985644707
restart_reduced_xor_random1_sampler_island_local_warmup10_except_data_ro2_1000x125_strict_20260526.payload,112,0,5,490,510,0.490000000,0.010000000,510,0.999711442,0.971430848
restart_reduced_xor_random1_sampler_island_local_warmup10_except_data_ro2_1000x125_strict_20260526.payload,112,0,6,501,499,0.501000000,0.001000000,501,0.999997115,0.997117491
restart_reduced_xor_random1_sampler_island_local_warmup10_except_data_ro2_1000x125_strict_20260526.payload,112,0,7,516,484,0.516000000,0.016000000,516,0.999261214,0.954557029
restart_reduced_xor_random1_sampler_island_local_warmup10_except_data_ro2_1000x125_strict_20260526.payload,113,1,0,501,499,0.501000000,0.001000000,501,0.999997115,0.997117491
restart_reduced_xor_random1_sampler_island_local_warmup10_except_data_ro2_1000x125_strict_20260526.payload,113,1,1,513,487,0.513000000,0.013000000,513,0.999512314,0.962969269
restart_reduced_xor_random1_sampler_island_local_warmup10_except_data_ro2_1000x125_strict_20260526.payload,113,1,2,481,519,0.481000000,0.019000000,519,0.998958123,0.946193556
restart_reduced_xor_random1_sampler_island_local_warmup10_except_data_ro2_1000x125_strict_20260526.payload,113,1,3,526,474,0.526000000,0.026000000,526,0.998048596,0.926865295
restart_reduced_xor_random1_sampler_island_local_warmup10_except_data_ro2_1000x125_strict_20260526.payload,113,1,4,502,498,0.502000000,0.002000000,502,0.999988458,0.994240731
restart_reduced_xor_random1_sampler_island_local_warmup10_except_data_ro2_1000x125_strict_20260526.payload,113,1,5,510,490,0.510000000,0.010000000,510,0.999711442,0.971430848
restart_reduced_xor_random1_sampler_island_local_warmup10_except_data_ro2_1000x125_strict_20260526.payload,113,1,6,514,486,0.514000000,0.014000000,514,0.999434390,0.960159735
restart_reduced_xor_random1_sampler_island_local_warmup10_except_data_ro2_1000x125_strict_20260526.payload,113,1,7,515,485,0.515000000,0.015000000,515,0.999350690,0.957355663
restart_reduced_xor_random1_sampler_island_local_warmup10_except_data_ro2_1000x125_strict_20260526.payload,114,2,0,505,495,0.505000000,0.005000000,505,0.999927864,0.985644707
restart_reduced_xor_random1_sampler_island_local_warmup10_except_data_ro2_1000x125_strict_20260526.payload,114,2,1,484,516,0.484000000,0.016000000,516,0.999261214,0.954557029
restart_reduced_xor_random1_sampler_island_local_warmup10_except_data_ro2_1000x125_strict_20260526.payload,114,2,2,492,508,0.492000000,0.008000000,508,0.999815327,0.977099598
restart_reduced_xor_random1_sampler_island_local_warmup10_except_data_ro2_1000x125_strict_20260526.payload,114,2,3,467,533,0.467000000,0.033000000,533,0.996855525,0.907792562
restart_reduced_xor_random1_sampler_island_local_warmup10_except_data_ro2_1000x125_strict_20260526.payload,114,2,4,485,515,0.485000000,0.015000000,515,0.999350690,0.957355663
restart_reduced_xor_random1_sampler_island_local_warmup10_except_data_ro2_1000x125_strict_20260526.payload,114,2,5,494,506,0.494000000,0.006000000,506,0.999896123,0.982790710
restart_reduced_xor_random1_sampler_island_local_warmup10_except_data_ro2_1000x125_strict_20260526.payload,114,2,6,501,499,0.501000000,0.001000000,501,0.999997115,0.997117491
restart_reduced_xor_random1_sampler_island_local_warmup10_except_data_ro2_1000x125_strict_20260526.payload,114,2,7,496,504,0.496000000,0.004000000,504,0.999953833,0.988504361
restart_reduced_xor_random1_sampler_island_local_warmup10_except_data_ro2_1000x125_strict_20260526.payload,115,3,0,506,494,0.506000000,0.006000000,506,0.999896123,0.982790710
restart_reduced_xor_random1_sampler_island_local_warmup10_except_data_ro2_1000x125_strict_20260526.payload,115,3,1,488,512,0.488000000,0.012000000,512,0.999584464,0.965784285
restart_reduced_xor_random1_sampler_island_local_warmup10_except_data_ro2_1000x125_strict_20260526.payload,115,3,2,491,509,0.491000000,0.009000000,509,0.999766271,0.974262439
restart_reduced_xor_random1_sampler_island_local_warmup10_except_data_ro2_1000x125_strict_20260526.payload,115,3,3,530,470,0.530000000,0.030000000,530,0.997401589,0.915935735
restart_reduced_xor_random1_sampler_island_local_warmup10_except_data_ro2_1000x125_strict_20260526.payload,115,3,4,507,493,0.507000000,0.007000000,507,0.999858611,0.979942348
restart_reduced_xor_random1_sampler_island_local_warmup10_except_data_ro2_1000x125_strict_20260526.payload,115,3,5,525,475,0.525000000,0.025000000,525,0.998195879,0.929610672
restart_reduced_xor_random1_sampler_island_local_warmup10_except_data_ro2_1000x125_strict_20260526.payload,115,3,6,513,487,0.513000000,0.013000000,513,0.999512314,0.962969269
restart_reduced_xor_random1_sampler_island_local_warmup10_except_data_ro2_1000x125_strict_20260526.payload,115,3,7,516,484,0.516000000,0.016000000,516,0.999261214,0.954557029
restart_reduced_xor_random1_sampler_island_local_warmup10_except_data_ro2_1000x125_strict_20260526.payload,116,4,0,490,510,0.490000000,0.010000000,510,0.999711442,0.971430848
restart_reduced_xor_random1_sampler_island_local_warmup10_except_data_ro2_1000x125_strict_20260526.payload,116,4,1,485,515,0.485000000,0.015000000,515,0.999350690,0.957355663
restart_reduced_xor_random1_sampler_island_local_warmup10_except_data_ro2_1000x125_strict_20260526.payload,116,4,2,494,506,0.494000000,0.006000000,506,0.999896123,0.982790710
restart_reduced_xor_random1_sampler_island_local_warmup10_except_data_ro2_1000x125_strict_20260526.payload,116,4,3,510,490,0.510000000,0.010000000,510,0.999711442,0.971430848
restart_reduced_xor_random1_sampler_island_local_warmup10_except_data_ro2_1000x125_strict_20260526.payload,116,4,4,518,482,0.518000000,0.018000000,518,0.999064932,0.948975997
restart_reduced_xor_random1_sampler_island_local_warmup10_except_data_ro2_1000x125_strict_20260526.payload,116,4,5,522,478,0.522000000,0.022000000,522,0.998603020,0.937878288
restart_reduced_xor_random1_sampler_island_local_warmup10_except_data_ro2_1000x125_strict_20260526.payload,116,4,6,517,483,0.517000000,0.017000000,517,0.999165962,0.951763814
restart_reduced_xor_random1_sampler_island_local_warmup10_except_data_ro2_1000x125_strict_20260526.payload,116,4,7,495,505,0.495000000,0.005000000,505,0.999927864,0.985644707
restart_reduced_xor_random1_sampler_island_local_warmup10_except_data_ro2_1000x125_strict_20260526.payload,117,5,0,488,512,0.488000000,0.012000000,512,0.999584464,0.965784285
restart_reduced_xor_random1_sampler_island_local_warmup10_except_data_ro2_1000x125_strict_20260526.payload,117,5,1,517,483,0.517000000,0.017000000,517,0.999165962,0.951763814
restart_reduced_xor_random1_sampler_island_local_warmup10_except_data_ro2_1000x125_strict_20260526.payload,117,5,2,505,495,0.505000000,0.005000000,505,0.999927864,0.985644707
restart_reduced_xor_random1_sampler_island_local_warmup10_except_data_ro2_1000x125_strict_20260526.payload,117,5,3,491,509,0.491000000,0.009000000,509,0.999766271,0.974262439
restart_reduced_xor_random1_sampler_island_local_warmup10_except_data_ro2_1000x125_strict_20260526.payload,117,5,4,502,498,0.502000000,0.002000000,502,0.999988458,0.994240731
restart_reduced_xor_random1_sampler_island_local_warmup10_except_data_ro2_1000x125_strict_20260526.payload,117,5,5,509,491,0.509000000,0.009000000,509,0.999766271,0.974262439
restart_reduced_xor_random1_sampler_island_local_warmup10_except_data_ro2_1000x125_strict_20260526.payload,117,5,6,511,489,0.511000000,0.011000000,511,0.999650840,0.968604804
restart_reduced_xor_random1_sampler_island_local_warmup10_except_data_ro2_1000x125_strict_20260526.payload,117,5,7,462,538,0.462000000,0.038000000,538,0.995829476,0.894321922
restart_reduced_xor_random1_sampler_island_local_warmup10_except_data_ro2_1000x125_strict_20260526.payload,118,6,0,510,490,0.510000000,0.010000000,510,0.999711442,0.971430848
restart_reduced_xor_random1_sampler_island_local_warmup10_except_data_ro2_1000x125_strict_20260526.payload,118,6,1,473,527,0.473000000,0.027000000,527,0.997895527,0.924125133
restart_reduced_xor_random1_sampler_island_local_warmup10_except_data_ro2_1000x125_strict_20260526.payload,118,6,2,510,490,0.510000000,0.010000000,510,0.999711442,0.971430848
restart_reduced_xor_random1_sampler_island_local_warmup10_except_data_ro2_1000x125_strict_20260526.payload,118,6,3,507,493,0.507000000,0.007000000,507,0.999858611,0.979942348
restart_reduced_xor_random1_sampler_island_local_warmup10_except_data_ro2_1000x125_strict_20260526.payload,118,6,4,465,535,0.465000000,0.035000000,535,0.996462505,0.902389203
restart_reduced_xor_random1_sampler_island_local_warmup10_except_data_ro2_1000x125_strict_20260526.payload,118,6,5,500,500,0.500000000,0.000000000,500,1.000000000,1.000000000
restart_reduced_xor_random1_sampler_island_local_warmup10_except_data_ro2_1000x125_strict_20260526.payload,118,6,6,527,473,0.527000000,0.027000000,527,0.997895527,0.924125133
restart_reduced_xor_random1_sampler_island_local_warmup10_except_data_ro2_1000x125_strict_20260526.payload,118,6,7,508,492,0.508000000,0.008000000,508,0.999815327,0.977099598
restart_reduced_xor_random1_sampler_island_local_warmup10_except_data_ro2_1000x125_strict_20260526.payload,119,7,0,494,506,0.494000000,0.006000000,506,0.999896123,0.982790710
restart_reduced_xor_random1_sampler_island_local_warmup10_except_data_ro2_1000x125_strict_20260526.payload,119,7,1,532,468,0.532000000,0.032000000,532,0.997043340,0.910501849
restart_reduced_xor_random1_sampler_island_local_warmup10_except_data_ro2_1000x125_strict_20260526.payload,119,7,2,502,498,0.502000000,0.002000000,502,0.999988458,0.994240731
restart_reduced_xor_random1_sampler_island_local_warmup10_except_data_ro2_1000x125_strict_20260526.payload,119,7,3,497,503,0.497000000,0.003000000,503,0.999974031,0.991369695
restart_reduced_xor_random1_sampler_island_local_warmup10_except_data_ro2_1000x125_strict_20260526.payload,119,7,4,516,484,0.516000000,0.016000000,516,0.999261214,0.954557029
restart_reduced_xor_random1_sampler_island_local_warmup10_except_data_ro2_1000x125_strict_20260526.payload,119,7,5,555,445,0.555000000,0.055000000,555,0.991254007,0.849440323
restart_reduced_xor_random1_sampler_island_local_warmup10_except_data_ro2_1000x125_strict_20260526.payload,119,7,6,488,512,0.488000000,0.012000000,512,0.999584464,0.965784285
restart_reduced_xor_random1_sampler_island_local_warmup10_except_data_ro2_1000x125_strict_20260526.payload,119,7,7,488,512,0.488000000,0.012000000,512,0.999584464,0.965784285
restart_reduced_xor_random1_sampler_island_local_warmup10_except_data_ro2_1000x125_strict_20260526.payload,120,0,0,486,514,0.486000000,0.014000000,514,0.999434390,0.960159735
restart_reduced_xor_random1_sampler_island_local_warmup10_except_data_ro2_1000x125_strict_20260526.payload,120,0,1,529,471,0.529000000,0.029000000,529,0.997572025,0.918660373
restart_reduced_xor_random1_sampler_island_local_warmup10_except_data_ro2_1000x125_strict_20260526.payload,120,0,2,500,500,0.500000000,0.000000000,500,1.000000000,1.000000000
restart_reduced_xor_random1_sampler_island_local_warmup10_except_data_ro2_1000x125_strict_20260526.payload,120,0,3,489,511,0.489000000,0.011000000,511,0.999650840,0.968604804
restart_reduced_xor_random1_sampler_island_local_warmup10_except_data_ro2_1000x125_strict_20260526.payload,120,0,4,490,510,0.490000000,0.010000000,510,0.999711442,0.971430848
restart_reduced_xor_random1_sampler_island_local_warmup10_except_data_ro2_1000x125_strict_20260526.payload,120,0,5,483,517,0.483000000,0.017000000,517,0.999165962,0.951763814
restart_reduced_xor_random1_sampler_island_local_warmup10_except_data_ro2_1000x125_strict_20260526.payload,120,0,6,523,477,0.523000000,0.023000000,523,0.998473090,0.935117148
restart_reduced_xor_random1_sampler_island_local_warmup10_except_data_ro2_1000x125_strict_20260526.payload,120,0,7,477,523,0.477000000,0.023000000,523,0.998473090,0.935117148
restart_reduced_xor_random1_sampler_island_local_warmup10_except_data_ro2_1000x125_strict_20260526.payload,121,1,0,513,487,0.513000000,0.013000000,513,0.999512314,0.962969269
restart_reduced_xor_random1_sampler_island_local_warmup10_except_data_ro2_1000x125_strict_20260526.payload,121,1,1,508,492,0.508000000,0.008000000,508,0.999815327,0.977099598
restart_reduced_xor_random1_sampler_island_local_warmup10_except_data_ro2_1000x125_strict_20260526.payload,121,1,2,523,477,0.523000000,0.023000000,523,0.998473090,0.935117148
restart_reduced_xor_random1_sampler_island_local_warmup10_except_data_ro2_1000x125_strict_20260526.payload,121,1,3,482,518,0.482000000,0.018000000,518,0.999064932,0.948975997
restart_reduced_xor_random1_sampler_island_local_warmup10_except_data_ro2_1000x125_strict_20260526.payload,121,1,4,495,505,0.495000000,0.005000000,505,0.999927864,0.985644707
restart_reduced_xor_random1_sampler_island_local_warmup10_except_data_ro2_1000x125_strict_20260526.payload,121,1,5,506,494,0.506000000,0.006000000,506,0.999896123,0.982790710
restart_reduced_xor_random1_sampler_island_local_warmup10_except_data_ro2_1000x125_strict_20260526.payload,121,1,6,487,513,0.487000000,0.013000000,513,0.999512314,0.962969269
restart_reduced_xor_random1_sampler_island_local_warmup10_except_data_ro2_1000x125_strict_20260526.payload,121,1,7,557,443,0.557000000,0.057000000,557,0.990604956,0.844250767
restart_reduced_xor_random1_sampler_island_local_warmup10_except_data_ro2_1000x125_strict_20260526.payload,122,2,0,520,480,0.520000000,0.020000000,520,0.998845536,0.943416472
restart_reduced_xor_random1_sampler_island_local_warmup10_except_data_ro2_1000x125_strict_20260526.payload,122,2,1,487,513,0.487000000,0.013000000,513,0.999512314,0.962969269
restart_reduced_xor_random1_sampler_island_local_warmup10_except_data_ro2_1000x125_strict_20260526.payload,122,2,2,505,495,0.505000000,0.005000000,505,0.999927864,0.985644707
restart_reduced_xor_random1_sampler_island_local_warmup10_except_data_ro2_1000x125_strict_20260526.payload,122,2,3,511,489,0.511000000,0.011000000,511,0.999650840,0.968604804
restart_reduced_xor_random1_sampler_island_local_warmup10_except_data_ro2_1000x125_strict_20260526.payload,122,2,4,502,498,0.502000000,0.002000000,502,0.999988458,0.994240731
restart_reduced_xor_random1_sampler_island_local_warmup10_except_data_ro2_1000x125_strict_20260526.payload,122,2,5,516,484,0.516000000,0.016000000,516,0.999261214,0.954557029
restart_reduced_xor_random1_sampler_island_local_warmup10_except_data_ro2_1000x125_strict_20260526.payload,122,2,6,477,523,0.477000000,0.023000000,523,0.998473090,0.935117148
restart_reduced_xor_random1_sampler_island_local_warmup10_except_data_ro2_1000x125_strict_20260526.payload,122,2,7,506,494,0.506000000,0.006000000,506,0.999896123,0.982790710
restart_reduced_xor_random1_sampler_island_local_warmup10_except_data_ro2_1000x125_strict_20260526.payload,123,3,0,508,492,0.508000000,0.008000000,508,0.999815327,0.977099598
restart_reduced_xor_random1_sampler_island_local_warmup10_except_data_ro2_1000x125_strict_20260526.payload,123,3,1,482,518,0.482000000,0.018000000,518,0.999064932,0.948975997
restart_reduced_xor_random1_sampler_island_local_warmup10_except_data_ro2_1000x125_strict_20260526.payload,123,3,2,473,527,0.473000000,0.027000000,527,0.997895527,0.924125133
restart_reduced_xor_random1_sampler_island_local_warmup10_except_data_ro2_1000x125_strict_20260526.payload,123,3,3,494,506,0.494000000,0.006000000,506,0.999896123,0.982790710
restart_reduced_xor_random1_sampler_island_local_warmup10_except_data_ro2_1000x125_strict_20260526.payload,123,3,4,500,500,0.500000000,0.000000000,500,1.000000000,1.000000000
restart_reduced_xor_random1_sampler_island_local_warmup10_except_data_ro2_1000x125_strict_20260526.payload,123,3,5,532,468,0.532000000,0.032000000,532,0.997043340,0.910501849
restart_reduced_xor_random1_sampler_island_local_warmup10_except_data_ro2_1000x125_strict_20260526.payload,123,3,6,498,502,0.498000000,0.002000000,502,0.999988458,0.994240731
restart_reduced_xor_random1_sampler_island_local_warmup10_except_data_ro2_1000x125_strict_20260526.payload,123,3,7,495,505,0.495000000,0.005000000,505,0.999927864,0.985644707
restart_reduced_xor_random1_sampler_island_local_warmup10_except_data_ro2_1000x125_strict_20260526.payload,124,4,0,504,496,0.504000000,0.004000000,504,0.999953833,0.988504361
restart_reduced_xor_random1_sampler_island_local_warmup10_except_data_ro2_1000x125_strict_20260526.payload,124,4,1,498,502,0.498000000,0.002000000,502,0.999988458,0.994240731
restart_reduced_xor_random1_sampler_island_local_warmup10_except_data_ro2_1000x125_strict_20260526.payload,124,4,2,499,501,0.499000000,0.001000000,501,0.999997115,0.997117491
restart_reduced_xor_random1_sampler_island_local_warmup10_except_data_ro2_1000x125_strict_20260526.payload,124,4,3,490,510,0.490000000,0.010000000,510,0.999711442,0.971430848
restart_reduced_xor_random1_sampler_island_local_warmup10_except_data_ro2_1000x125_strict_20260526.payload,124,4,4,497,503,0.497000000,0.003000000,503,0.999974031,0.991369695
restart_reduced_xor_random1_sampler_island_local_warmup10_except_data_ro2_1000x125_strict_20260526.payload,124,4,5,531,469,0.531000000,0.031000000,531,0.997225361,0.913216234
restart_reduced_xor_random1_sampler_island_local_warmup10_except_data_ro2_1000x125_strict_20260526.payload,124,4,6,498,502,0.498000000,0.002000000,502,0.999988458,0.994240731
restart_reduced_xor_random1_sampler_island_local_warmup10_except_data_ro2_1000x125_strict_20260526.payload,124,4,7,510,490,0.510000000,0.010000000,510,0.999711442,0.971430848
restart_reduced_xor_random1_sampler_island_local_warmup11_except_data_ro2_1000x125_strict_20260526.payload,0,0,0,676,324,0.676000000,0.176000000,676,0.908678385,0.564904848
restart_reduced_xor_random1_sampler_island_local_warmup11_except_data_ro2_1000x125_strict_20260526.payload,0,0,1,671,329,0.671000000,0.171000000,671,0.913901413,0.575615328
restart_reduced_xor_random1_sampler_island_local_warmup11_except_data_ro2_1000x125_strict_20260526.payload,0,0,2,661,339,0.661000000,0.161000000,661,0.923858558,0.597277823
restart_reduced_xor_random1_sampler_island_local_warmup11_except_data_ro2_1000x125_strict_20260526.payload,0,0,3,687,313,0.687000000,0.187000000,687,0.896606145,0.541617996
restart_reduced_xor_random1_sampler_island_local_warmup11_except_data_ro2_1000x125_strict_20260526.payload,0,0,4,690,310,0.690000000,0.190000000,690,0.893173458,0.535331733
restart_reduced_xor_random1_sampler_island_local_warmup11_except_data_ro2_1000x125_strict_20260526.payload,0,0,5,629,371,0.629000000,0.129000000,629,0.951436826,0.668868078
restart_reduced_xor_random1_sampler_island_local_warmup11_except_data_ro2_1000x125_strict_20260526.payload,0,0,6,655,345,0.655000000,0.155000000,655,0.929523186,0.610433188
restart_reduced_xor_random1_sampler_island_local_warmup11_except_data_ro2_1000x125_strict_20260526.payload,0,0,7,678,322,0.678000000,0.178000000,678,0.906543138,0.560642822
restart_reduced_xor_random1_sampler_island_local_warmup11_except_data_ro2_1000x125_strict_20260526.payload,1,1,0,658,342,0.658000000,0.158000000,658,0.926719721,0.603840511
restart_reduced_xor_random1_sampler_island_local_warmup11_except_data_ro2_1000x125_strict_20260526.payload,1,1,1,678,322,0.678000000,0.178000000,678,0.906543138,0.560642822
restart_reduced_xor_random1_sampler_island_local_warmup11_except_data_ro2_1000x125_strict_20260526.payload,1,1,2,679,321,0.679000000,0.179000000,679,0.905465607,0.558516520
restart_reduced_xor_random1_sampler_island_local_warmup11_except_data_ro2_1000x125_strict_20260526.payload,1,1,3,659,341,0.659000000,0.159000000,659,0.925772423,0.601649630
restart_reduced_xor_random1_sampler_island_local_warmup11_except_data_ro2_1000x125_strict_20260526.payload,1,1,4,667,333,0.667000000,0.167000000,667,0.917962140,0.584241333
restart_reduced_xor_random1_sampler_island_local_warmup11_except_data_ro2_1000x125_strict_20260526.payload,1,1,5,700,300,0.700000000,0.200000000,700,0.881290899,0.514573173
restart_reduced_xor_random1_sampler_island_local_warmup11_except_data_ro2_1000x125_strict_20260526.payload,1,1,6,659,341,0.659000000,0.159000000,659,0.925772423,0.601649630
restart_reduced_xor_random1_sampler_island_local_warmup11_except_data_ro2_1000x125_strict_20260526.payload,1,1,7,671,329,0.671000000,0.171000000,671,0.913901413,0.575615328
restart_reduced_xor_random1_sampler_island_local_warmup11_except_data_ro2_1000x125_strict_20260526.payload,2,2,0,716,284,0.716000000,0.216000000,716,0.860844006,0.481968507
restart_reduced_xor_random1_sampler_island_local_warmup11_except_data_ro2_1000x125_strict_20260526.payload,2,2,1,691,309,0.691000000,0.191000000,691,0.892015756,0.533242384
restart_reduced_xor_random1_sampler_island_local_warmup11_except_data_ro2_1000x125_strict_20260526.payload,2,2,2,652,348,0.652000000,0.152000000,652,0.932269192,0.617056130
restart_reduced_xor_random1_sampler_island_local_warmup11_except_data_ro2_1000x125_strict_20260526.payload,2,2,3,683,317,0.683000000,0.183000000,683,0.901089184,0.550042516
restart_reduced_xor_random1_sampler_island_local_warmup11_except_data_ro2_1000x125_strict_20260526.payload,2,2,4,665,335,0.665000000,0.165000000,665,0.919953491,0.588573754
restart_reduced_xor_random1_sampler_island_local_warmup11_except_data_ro2_1000x125_strict_20260526.payload,2,2,5,652,348,0.652000000,0.152000000,652,0.932269192,0.617056130
restart_reduced_xor_random1_sampler_island_local_warmup11_except_data_ro2_1000x125_strict_20260526.payload,2,2,6,685,315,0.685000000,0.185000000,685,0.898861037,0.545824107
restart_reduced_xor_random1_sampler_island_local_warmup11_except_data_ro2_1000x125_strict_20260526.payload,2,2,7,671,329,0.671000000,0.171000000,671,0.913901413,0.575615328
restart_reduced_xor_random1_sampler_island_local_warmup11_except_data_ro2_1000x125_strict_20260526.payload,3,3,0,684,316,0.684000000,0.184000000,684,0.899978448,0.547931770
restart_reduced_xor_random1_sampler_island_local_warmup11_except_data_ro2_1000x125_strict_20260526.payload,3,3,1,679,321,0.679000000,0.179000000,679,0.905465607,0.558516520
restart_reduced_xor_random1_sampler_island_local_warmup11_except_data_ro2_1000x125_strict_20260526.payload,3,3,2,669,331,0.669000000,0.169000000,669,0.915944807,0.579921884
restart_reduced_xor_random1_sampler_island_local_warmup11_except_data_ro2_1000x125_strict_20260526.payload,3,3,3,647,353,0.647000000,0.147000000,647,0.936718810,0.628162383
restart_reduced_xor_random1_sampler_island_local_warmup11_except_data_ro2_1000x125_strict_20260526.payload,3,3,4,685,315,0.685000000,0.185000000,685,0.898861037,0.545824107
restart_reduced_xor_random1_sampler_island_local_warmup11_except_data_ro2_1000x125_strict_20260526.payload,3,3,5,699,301,0.699000000,0.199000000,699,0.882509859,0.516635639
restart_reduced_xor_random1_sampler_island_local_warmup11_except_data_ro2_1000x125_strict_20260526.payload,3,3,6,683,317,0.683000000,0.183000000,683,0.901089184,0.550042516
restart_reduced_xor_random1_sampler_island_local_warmup11_except_data_ro2_1000x125_strict_20260526.payload,3,3,7,668,332,0.668000000,0.168000000,668,0.916956726,0.582079992
restart_reduced_xor_random1_sampler_island_local_warmup11_except_data_ro2_1000x125_strict_20260526.payload,4,4,0,691,309,0.691000000,0.191000000,691,0.892015756,0.533242384
restart_reduced_xor_random1_sampler_island_local_warmup11_except_data_ro2_1000x125_strict_20260526.payload,4,4,1,676,324,0.676000000,0.176000000,676,0.908678385,0.564904848
restart_reduced_xor_random1_sampler_island_local_warmup11_except_data_ro2_1000x125_strict_20260526.payload,4,4,2,669,331,0.669000000,0.169000000,669,0.915944807,0.579921884
restart_reduced_xor_random1_sampler_island_local_warmup11_except_data_ro2_1000x125_strict_20260526.payload,4,4,3,684,316,0.684000000,0.184000000,684,0.899978448,0.547931770
restart_reduced_xor_random1_sampler_island_local_warmup11_except_data_ro2_1000x125_strict_20260526.payload,4,4,4,688,312,0.688000000,0.188000000,688,0.895468641,0.539519530
restart_reduced_xor_random1_sampler_island_local_warmup11_except_data_ro2_1000x125_strict_20260526.payload,4,4,5,655,345,0.655000000,0.155000000,655,0.929523186,0.610433188
restart_reduced_xor_random1_sampler_island_local_warmup11_except_data_ro2_1000x125_strict_20260526.payload,4,4,6,658,342,0.658000000,0.158000000,658,0.926719721,0.603840511
restart_reduced_xor_random1_sampler_island_local_warmup11_except_data_ro2_1000x125_strict_20260526.payload,4,4,7,696,304,0.696000000,0.196000000,696,0.886125647,0.522840789
restart_reduced_xor_random1_sampler_island_local_warmup11_except_data_ro2_1000x125_strict_20260526.payload,5,5,0,645,355,0.645000000,0.145000000,645,0.938454383,0.632628934
restart_reduced_xor_random1_sampler_island_local_warmup11_except_data_ro2_1000x125_strict_20260526.payload,5,5,1,655,345,0.655000000,0.155000000,655,0.929523186,0.610433188
restart_reduced_xor_random1_sampler_island_local_warmup11_except_data_ro2_1000x125_strict_20260526.payload,5,5,2,668,332,0.668000000,0.168000000,668,0.916956726,0.582079992
restart_reduced_xor_random1_sampler_island_local_warmup11_except_data_ro2_1000x125_strict_20260526.payload,5,5,3,655,345,0.655000000,0.155000000,655,0.929523186,0.610433188
restart_reduced_xor_random1_sampler_island_local_warmup11_except_data_ro2_1000x125_strict_20260526.payload,5,5,4,665,335,0.665000000,0.165000000,665,0.919953491,0.588573754
restart_reduced_xor_random1_sampler_island_local_warmup11_except_data_ro2_1000x125_strict_20260526.payload,5,5,5,669,331,0.669000000,0.169000000,669,0.915944807,0.579921884
restart_reduced_xor_random1_sampler_island_local_warmup11_except_data_ro2_1000x125_strict_20260526.payload,5,5,6,670,330,0.670000000,0.170000000,670,0.914926373,0.577766999
restart_reduced_xor_random1_sampler_island_local_warmup11_except_data_ro2_1000x125_strict_20260526.payload,5,5,7,690,310,0.690000000,0.190000000,690,0.893173458,0.535331733
restart_reduced_xor_random1_sampler_island_local_warmup11_except_data_ro2_1000x125_strict_20260526.payload,6,6,0,690,310,0.690000000,0.190000000,690,0.893173458,0.535331733
restart_reduced_xor_random1_sampler_island_local_warmup11_except_data_ro2_1000x125_strict_20260526.payload,6,6,1,675,325,0.675000000,0.175000000,675,0.909736123,0.567040593
restart_reduced_xor_random1_sampler_island_local_warmup11_except_data_ro2_1000x125_strict_20260526.payload,6,6,2,657,343,0.657000000,0.157000000,657,0.927660609,0.606034724
restart_reduced_xor_random1_sampler_island_local_warmup11_except_data_ro2_1000x125_strict_20260526.payload,6,6,3,671,329,0.671000000,0.171000000,671,0.913901413,0.575615328
restart_reduced_xor_random1_sampler_island_local_warmup11_except_data_ro2_1000x125_strict_20260526.payload,6,6,4,645,355,0.645000000,0.145000000,645,0.938454383,0.632628934
restart_reduced_xor_random1_sampler_island_local_warmup11_except_data_ro2_1000x125_strict_20260526.payload,6,6,5,649,351,0.649000000,0.149000000,649,0.934957971,0.623709617
restart_reduced_xor_random1_sampler_island_local_warmup11_except_data_ro2_1000x125_strict_20260526.payload,6,6,6,683,317,0.683000000,0.183000000,683,0.901089184,0.550042516
restart_reduced_xor_random1_sampler_island_local_warmup11_except_data_ro2_1000x125_strict_20260526.payload,6,6,7,666,334,0.666000000,0.166000000,666,0.918961059,0.586405918
restart_reduced_xor_random1_sampler_island_local_warmup11_except_data_ro2_1000x125_strict_20260526.payload,7,7,0,677,323,0.677000000,0.177000000,677,0.907614060,0.562772261
restart_reduced_xor_random1_sampler_island_local_warmup11_except_data_ro2_1000x125_strict_20260526.payload,7,7,1,689,311,0.689000000,0.189000000,689,0.894324416,0.537424112
restart_reduced_xor_random1_sampler_island_local_warmup11_except_data_ro2_1000x125_strict_20260526.payload,7,7,2,677,323,0.677000000,0.177000000,677,0.907614060,0.562772261
restart_reduced_xor_random1_sampler_island_local_warmup11_except_data_ro2_1000x125_strict_20260526.payload,7,7,3,656,344,0.656000000,0.156000000,656,0.928595094,0.608232280
restart_reduced_xor_random1_sampler_island_local_warmup11_except_data_ro2_1000x125_strict_20260526.payload,7,7,4,667,333,0.667000000,0.167000000,667,0.917962140,0.584241333
restart_reduced_xor_random1_sampler_island_local_warmup11_except_data_ro2_1000x125_strict_20260526.payload,7,7,5,663,337,0.663000000,0.163000000,663,0.921918939,0.592919225
restart_reduced_xor_random1_sampler_island_local_warmup11_except_data_ro2_1000x125_strict_20260526.payload,7,7,6,636,364,0.636000000,0.136000000,636,0.945953476,0.652901329
restart_reduced_xor_random1_sampler_island_local_warmup11_except_data_ro2_1000x125_strict_20260526.payload,7,7,7,647,353,0.647000000,0.147000000,647,0.936718810,0.628162383
restart_reduced_xor_random1_sampler_island_local_warmup11_except_data_ro2_1000x125_strict_20260526.payload,8,0,0,660,340,0.660000000,0.160000000,660,0.924818705,0.599462070
restart_reduced_xor_random1_sampler_island_local_warmup11_except_data_ro2_1000x125_strict_20260526.payload,8,0,1,689,311,0.689000000,0.189000000,689,0.894324416,0.537424112
restart_reduced_xor_random1_sampler_island_local_warmup11_except_data_ro2_1000x125_strict_20260526.payload,8,0,2,685,315,0.685000000,0.185000000,685,0.898861037,0.545824107
restart_reduced_xor_random1_sampler_island_local_warmup11_except_data_ro2_1000x125_strict_20260526.payload,8,0,3,688,312,0.688000000,0.188000000,688,0.895468641,0.539519530
restart_reduced_xor_random1_sampler_island_local_warmup11_except_data_ro2_1000x125_strict_20260526.payload,8,0,4,702,298,0.702000000,0.202000000,702,0.878832357,0.510457064
restart_reduced_xor_random1_sampler_island_local_warmup11_except_data_ro2_1000x125_strict_20260526.payload,8,0,5,689,311,0.689000000,0.189000000,689,0.894324416,0.537424112
restart_reduced_xor_random1_sampler_island_local_warmup11_except_data_ro2_1000x125_strict_20260526.payload,8,0,6,649,351,0.649000000,0.149000000,649,0.934957971,0.623709617
restart_reduced_xor_random1_sampler_island_local_warmup11_except_data_ro2_1000x125_strict_20260526.payload,8,0,7,647,353,0.647000000,0.147000000,647,0.936718810,0.628162383
restart_reduced_xor_random1_sampler_island_local_warmup11_except_data_ro2_1000x125_strict_20260526.payload,9,1,0,658,342,0.658000000,0.158000000,658,0.926719721,0.603840511
restart_reduced_xor_random1_sampler_island_local_warmup11_except_data_ro2_1000x125_strict_20260526.payload,9,1,1,682,318,0.682000000,0.182000000,682,0.902193257,0.552156356
restart_reduced_xor_random1_sampler_island_local_warmup11_except_data_ro2_1000x125_strict_20260526.payload,9,1,2,674,326,0.674000000,0.174000000,674,0.910787284,0.569179503
restart_reduced_xor_random1_sampler_island_local_warmup11_except_data_ro2_1000x125_strict_20260526.payload,9,1,3,667,333,0.667000000,0.167000000,667,0.917962140,0.584241333
restart_reduced_xor_random1_sampler_island_local_warmup11_except_data_ro2_1000x125_strict_20260526.payload,9,1,4,684,316,0.684000000,0.184000000,684,0.899978448,0.547931770
restart_reduced_xor_random1_sampler_island_local_warmup11_except_data_ro2_1000x125_strict_20260526.payload,9,1,5,630,370,0.630000000,0.130000000,630,0.950672093,0.666576266
restart_reduced_xor_random1_sampler_island_local_warmup11_except_data_ro2_1000x125_strict_20260526.payload,9,1,6,659,341,0.659000000,0.159000000,659,0.925772423,0.601649630
restart_reduced_xor_random1_sampler_island_local_warmup11_except_data_ro2_1000x125_strict_20260526.payload,9,1,7,684,316,0.684000000,0.184000000,684,0.899978448,0.547931770
restart_reduced_xor_random1_sampler_island_local_warmup11_except_data_ro2_1000x125_strict_20260526.payload,10,2,0,666,334,0.666000000,0.166000000,666,0.918961059,0.586405918
restart_reduced_xor_random1_sampler_island_local_warmup11_except_data_ro2_1000x125_strict_20260526.payload,10,2,1,656,344,0.656000000,0.156000000,656,0.928595094,0.608232280
restart_reduced_xor_random1_sampler_island_local_warmup11_except_data_ro2_1000x125_strict_20260526.payload,10,2,2,681,319,0.681000000,0.181000000,681,0.903290678,0.554273297
restart_reduced_xor_random1_sampler_island_local_warmup11_except_data_ro2_1000x125_strict_20260526.payload,10,2,3,664,336,0.664000000,0.164000000,664,0.920939448,0.590744853
restart_reduced_xor_random1_sampler_island_local_warmup11_except_data_ro2_1000x125_strict_20260526.payload,10,2,4,677,323,0.677000000,0.177000000,677,0.907614060,0.562772261
restart_reduced_xor_random1_sampler_island_local_warmup11_except_data_ro2_1000x125_strict_20260526.payload,10,2,5,645,355,0.645000000,0.145000000,645,0.938454383,0.632628934
restart_reduced_xor_random1_sampler_island_local_warmup11_except_data_ro2_1000x125_strict_20260526.payload,10,2,6,665,335,0.665000000,0.165000000,665,0.919953491,0.588573754
restart_reduced_xor_random1_sampler_island_local_warmup11_except_data_ro2_1000x125_strict_20260526.payload,10,2,7,672,328,0.672000000,0.172000000,672,0.912869919,0.573466862
restart_reduced_xor_random1_sampler_island_local_warmup11_except_data_ro2_1000x125_strict_20260526.payload,11,3,0,672,328,0.672000000,0.172000000,672,0.912869919,0.573466862
restart_reduced_xor_random1_sampler_island_local_warmup11_except_data_ro2_1000x125_strict_20260526.payload,11,3,1,695,305,0.695000000,0.195000000,695,0.887317256,0.524915117
restart_reduced_xor_random1_sampler_island_local_warmup11_except_data_ro2_1000x125_strict_20260526.payload,11,3,2,708,292,0.708000000,0.208000000,708,0.871290784,0.498178735
restart_reduced_xor_random1_sampler_island_local_warmup11_except_data_ro2_1000x125_strict_20260526.payload,11,3,3,701,299,0.701000000,0.201000000,701,0.880065070,0.512513651
restart_reduced_xor_random1_sampler_island_local_warmup11_except_data_ro2_1000x125_strict_20260526.payload,11,3,4,678,322,0.678000000,0.178000000,678,0.906543138,0.560642822
restart_reduced_xor_random1_sampler_island_local_warmup11_except_data_ro2_1000x125_strict_20260526.payload,11,3,5,687,313,0.687000000,0.187000000,687,0.896606145,0.541617996
restart_reduced_xor_random1_sampler_island_local_warmup11_except_data_ro2_1000x125_strict_20260526.payload,11,3,6,679,321,0.679000000,0.179000000,679,0.905465607,0.558516520
restart_reduced_xor_random1_sampler_island_local_warmup11_except_data_ro2_1000x125_strict_20260526.payload,11,3,7,671,329,0.671000000,0.171000000,671,0.913901413,0.575615328
restart_reduced_xor_random1_sampler_island_local_warmup11_except_data_ro2_1000x125_strict_20260526.payload,12,4,0,652,348,0.652000000,0.152000000,652,0.932269192,0.617056130
restart_reduced_xor_random1_sampler_island_local_warmup11_except_data_ro2_1000x125_strict_20260526.payload,12,4,1,665,335,0.665000000,0.165000000,665,0.919953491,0.588573754
restart_reduced_xor_random1_sampler_island_local_warmup11_except_data_ro2_1000x125_strict_20260526.payload,12,4,2,642,358,0.642000000,0.142000000,642,0.941010506,0.639354798
restart_reduced_xor_random1_sampler_island_local_warmup11_except_data_ro2_1000x125_strict_20260526.payload,12,4,3,652,348,0.652000000,0.152000000,652,0.932269192,0.617056130
restart_reduced_xor_random1_sampler_island_local_warmup11_except_data_ro2_1000x125_strict_20260526.payload,12,4,4,667,333,0.667000000,0.167000000,667,0.917962140,0.584241333
restart_reduced_xor_random1_sampler_island_local_warmup11_except_data_ro2_1000x125_strict_20260526.payload,12,4,5,668,332,0.668000000,0.168000000,668,0.916956726,0.582079992
restart_reduced_xor_random1_sampler_island_local_warmup11_except_data_ro2_1000x125_strict_20260526.payload,12,4,6,662,338,0.662000000,0.162000000,662,0.922891972,0.595096878
restart_reduced_xor_random1_sampler_island_local_warmup11_except_data_ro2_1000x125_strict_20260526.payload,12,4,7,660,340,0.660000000,0.160000000,660,0.924818705,0.599462070
restart_reduced_xor_random1_sampler_island_local_warmup11_except_data_ro2_1000x125_strict_20260526.payload,13,5,0,645,355,0.645000000,0.145000000,645,0.938454383,0.632628934
restart_reduced_xor_random1_sampler_island_local_warmup11_except_data_ro2_1000x125_strict_20260526.payload,13,5,1,637,363,0.637000000,0.137000000,637,0.945145271,0.650634722
restart_reduced_xor_random1_sampler_island_local_warmup11_except_data_ro2_1000x125_strict_20260526.payload,13,5,2,657,343,0.657000000,0.157000000,657,0.927660609,0.606034724
restart_reduced_xor_random1_sampler_island_local_warmup11_except_data_ro2_1000x125_strict_20260526.payload,13,5,3,663,337,0.663000000,0.163000000,663,0.921918939,0.592919225
restart_reduced_xor_random1_sampler_island_local_warmup11_except_data_ro2_1000x125_strict_20260526.payload,13,5,4,685,315,0.685000000,0.185000000,685,0.898861037,0.545824107
restart_reduced_xor_random1_sampler_island_local_warmup11_except_data_ro2_1000x125_strict_20260526.payload,13,5,5,666,334,0.666000000,0.166000000,666,0.918961059,0.586405918
restart_reduced_xor_random1_sampler_island_local_warmup11_except_data_ro2_1000x125_strict_20260526.payload,13,5,6,662,338,0.662000000,0.162000000,662,0.922891972,0.595096878
restart_reduced_xor_random1_sampler_island_local_warmup11_except_data_ro2_1000x125_strict_20260526.payload,13,5,7,678,322,0.678000000,0.178000000,678,0.906543138,0.560642822
restart_reduced_xor_random1_sampler_island_local_warmup11_except_data_ro2_1000x125_strict_20260526.payload,14,6,0,667,333,0.667000000,0.167000000,667,0.917962140,0.584241333
restart_reduced_xor_random1_sampler_island_local_warmup11_except_data_ro2_1000x125_strict_20260526.payload,14,6,1,661,339,0.661000000,0.161000000,661,0.923858558,0.597277823
restart_reduced_xor_random1_sampler_island_local_warmup11_except_data_ro2_1000x125_strict_20260526.payload,14,6,2,652,348,0.652000000,0.152000000,652,0.932269192,0.617056130
restart_reduced_xor_random1_sampler_island_local_warmup11_except_data_ro2_1000x125_strict_20260526.payload,14,6,3,659,341,0.659000000,0.159000000,659,0.925772423,0.601649630
restart_reduced_xor_random1_sampler_island_local_warmup11_except_data_ro2_1000x125_strict_20260526.payload,14,6,4,670,330,0.670000000,0.170000000,670,0.914926373,0.577766999
restart_reduced_xor_random1_sampler_island_local_warmup11_except_data_ro2_1000x125_strict_20260526.payload,14,6,5,662,338,0.662000000,0.162000000,662,0.922891972,0.595096878
restart_reduced_xor_random1_sampler_island_local_warmup11_except_data_ro2_1000x125_strict_20260526.payload,14,6,6,678,322,0.678000000,0.178000000,678,0.906543138,0.560642822
restart_reduced_xor_random1_sampler_island_local_warmup11_except_data_ro2_1000x125_strict_20260526.payload,14,6,7,659,341,0.659000000,0.159000000,659,0.925772423,0.601649630
restart_reduced_xor_random1_sampler_island_local_warmup11_except_data_ro2_1000x125_strict_20260526.payload,15,7,0,647,353,0.647000000,0.147000000,647,0.936718810,0.628162383
restart_reduced_xor_random1_sampler_island_local_warmup11_except_data_ro2_1000x125_strict_20260526.payload,15,7,1,688,312,0.688000000,0.188000000,688,0.895468641,0.539519530
restart_reduced_xor_random1_sampler_island_local_warmup11_except_data_ro2_1000x125_strict_20260526.payload,15,7,2,670,330,0.670000000,0.170000000,670,0.914926373,0.577766999
restart_reduced_xor_random1_sampler_island_local_warmup11_except_data_ro2_1000x125_strict_20260526.payload,15,7,3,672,328,0.672000000,0.172000000,672,0.912869919,0.573466862
restart_reduced_xor_random1_sampler_island_local_warmup11_except_data_ro2_1000x125_strict_20260526.payload,15,7,4,669,331,0.669000000,0.169000000,669,0.915944807,0.579921884
restart_reduced_xor_random1_sampler_island_local_warmup11_except_data_ro2_1000x125_strict_20260526.payload,15,7,5,678,322,0.678000000,0.178000000,678,0.906543138,0.560642822
restart_reduced_xor_random1_sampler_island_local_warmup11_except_data_ro2_1000x125_strict_20260526.payload,15,7,6,688,312,0.688000000,0.188000000,688,0.895468641,0.539519530
restart_reduced_xor_random1_sampler_island_local_warmup11_except_data_ro2_1000x125_strict_20260526.payload,15,7,7,638,362,0.638000000,0.138000000,638,0.944330826,0.648371671
restart_reduced_xor_random1_sampler_island_local_warmup11_except_data_ro2_1000x125_strict_20260526.payload,16,0,0,651,349,0.651000000,0.151000000,651,0.933171798,0.619270551
restart_reduced_xor_random1_sampler_island_local_warmup11_except_data_ro2_1000x125_strict_20260526.payload,16,0,1,660,340,0.660000000,0.160000000,660,0.924818705,0.599462070
restart_reduced_xor_random1_sampler_island_local_warmup11_except_data_ro2_1000x125_strict_20260526.payload,16,0,2,679,321,0.679000000,0.179000000,679,0.905465607,0.558516520
restart_reduced_xor_random1_sampler_island_local_warmup11_except_data_ro2_1000x125_strict_20260526.payload,16,0,3,666,334,0.666000000,0.166000000,666,0.918961059,0.586405918
restart_reduced_xor_random1_sampler_island_local_warmup11_except_data_ro2_1000x125_strict_20260526.payload,16,0,4,669,331,0.669000000,0.169000000,669,0.915944807,0.579921884
restart_reduced_xor_random1_sampler_island_local_warmup11_except_data_ro2_1000x125_strict_20260526.payload,16,0,5,670,330,0.670000000,0.170000000,670,0.914926373,0.577766999
restart_reduced_xor_random1_sampler_island_local_warmup11_except_data_ro2_1000x125_strict_20260526.payload,16,0,6,670,330,0.670000000,0.170000000,670,0.914926373,0.577766999
restart_reduced_xor_random1_sampler_island_local_warmup11_except_data_ro2_1000x125_strict_20260526.payload,16,0,7,684,316,0.684000000,0.184000000,684,0.899978448,0.547931770
restart_reduced_xor_random1_sampler_island_local_warmup11_except_data_ro2_1000x125_strict_20260526.payload,17,1,0,673,327,0.673000000,0.173000000,673,0.911831879,0.571321590
restart_reduced_xor_random1_sampler_island_local_warmup11_except_data_ro2_1000x125_strict_20260526.payload,17,1,1,698,302,0.698000000,0.198000000,698,0.883721961,0.518701058
restart_reduced_xor_random1_sampler_island_local_warmup11_except_data_ro2_1000x125_strict_20260526.payload,17,1,2,678,322,0.678000000,0.178000000,678,0.906543138,0.560642822
restart_reduced_xor_random1_sampler_island_local_warmup11_except_data_ro2_1000x125_strict_20260526.payload,17,1,3,665,335,0.665000000,0.165000000,665,0.919953491,0.588573754
restart_reduced_xor_random1_sampler_island_local_warmup11_except_data_ro2_1000x125_strict_20260526.payload,17,1,4,675,325,0.675000000,0.175000000,675,0.909736123,0.567040593
restart_reduced_xor_random1_sampler_island_local_warmup11_except_data_ro2_1000x125_strict_20260526.payload,17,1,5,649,351,0.649000000,0.149000000,649,0.934957971,0.623709617
restart_reduced_xor_random1_sampler_island_local_warmup11_except_data_ro2_1000x125_strict_20260526.payload,17,1,6,684,316,0.684000000,0.184000000,684,0.899978448,0.547931770
restart_reduced_xor_random1_sampler_island_local_warmup11_except_data_ro2_1000x125_strict_20260526.payload,17,1,7,685,315,0.685000000,0.185000000,685,0.898861037,0.545824107
restart_reduced_xor_random1_sampler_island_local_warmup11_except_data_ro2_1000x125_strict_20260526.payload,18,2,0,648,352,0.648000000,0.148000000,648,0.935841553,0.625934282
restart_reduced_xor_random1_sampler_island_local_warmup11_except_data_ro2_1000x125_strict_20260526.payload,18,2,1,668,332,0.668000000,0.168000000,668,0.916956726,0.582079992
restart_reduced_xor_random1_sampler_island_local_warmup11_except_data_ro2_1000x125_strict_20260526.payload,18,2,2,651,349,0.651000000,0.151000000,651,0.933171798,0.619270551
restart_reduced_xor_random1_sampler_island_local_warmup11_except_data_ro2_1000x125_strict_20260526.payload,18,2,3,663,337,0.663000000,0.163000000,663,0.921918939,0.592919225
restart_reduced_xor_random1_sampler_island_local_warmup11_except_data_ro2_1000x125_strict_20260526.payload,18,2,4,657,343,0.657000000,0.157000000,657,0.927660609,0.606034724
restart_reduced_xor_random1_sampler_island_local_warmup11_except_data_ro2_1000x125_strict_20260526.payload,18,2,5,690,310,0.690000000,0.190000000,690,0.893173458,0.535331733
restart_reduced_xor_random1_sampler_island_local_warmup11_except_data_ro2_1000x125_strict_20260526.payload,18,2,6,680,320,0.680000000,0.180000000,680,0.904381458,0.556393349
restart_reduced_xor_random1_sampler_island_local_warmup11_except_data_ro2_1000x125_strict_20260526.payload,18,2,7,641,359,0.641000000,0.141000000,641,0.941849982,0.641603738
restart_reduced_xor_random1_sampler_island_local_warmup11_except_data_ro2_1000x125_strict_20260526.payload,19,3,0,678,322,0.678000000,0.178000000,678,0.906543138,0.560642822
restart_reduced_xor_random1_sampler_island_local_warmup11_except_data_ro2_1000x125_strict_20260526.payload,19,3,1,688,312,0.688000000,0.188000000,688,0.895468641,0.539519530
restart_reduced_xor_random1_sampler_island_local_warmup11_except_data_ro2_1000x125_strict_20260526.payload,19,3,2,666,334,0.666000000,0.166000000,666,0.918961059,0.586405918
restart_reduced_xor_random1_sampler_island_local_warmup11_except_data_ro2_1000x125_strict_20260526.payload,19,3,3,652,348,0.652000000,0.152000000,652,0.932269192,0.617056130
restart_reduced_xor_random1_sampler_island_local_warmup11_except_data_ro2_1000x125_strict_20260526.payload,19,3,4,660,340,0.660000000,0.160000000,660,0.924818705,0.599462070
restart_reduced_xor_random1_sampler_island_local_warmup11_except_data_ro2_1000x125_strict_20260526.payload,19,3,5,636,364,0.636000000,0.136000000,636,0.945953476,0.652901329
restart_reduced_xor_random1_sampler_island_local_warmup11_except_data_ro2_1000x125_strict_20260526.payload,19,3,6,671,329,0.671000000,0.171000000,671,0.913901413,0.575615328
restart_reduced_xor_random1_sampler_island_local_warmup11_except_data_ro2_1000x125_strict_20260526.payload,19,3,7,689,311,0.689000000,0.189000000,689,0.894324416,0.537424112
restart_reduced_xor_random1_sampler_island_local_warmup11_except_data_ro2_1000x125_strict_20260526.payload,20,4,0,655,345,0.655000000,0.155000000,655,0.929523186,0.610433188
restart_reduced_xor_random1_sampler_island_local_warmup11_except_data_ro2_1000x125_strict_20260526.payload,20,4,1,656,344,0.656000000,0.156000000,656,0.928595094,0.608232280
restart_reduced_xor_random1_sampler_island_local_warmup11_except_data_ro2_1000x125_strict_20260526.payload,20,4,2,673,327,0.673000000,0.173000000,673,0.911831879,0.571321590
restart_reduced_xor_random1_sampler_island_local_warmup11_except_data_ro2_1000x125_strict_20260526.payload,20,4,3,684,316,0.684000000,0.184000000,684,0.899978448,0.547931770
restart_reduced_xor_random1_sampler_island_local_warmup11_except_data_ro2_1000x125_strict_20260526.payload,20,4,4,692,308,0.692000000,0.192000000,692,0.890851297,0.531156057
restart_reduced_xor_random1_sampler_island_local_warmup11_except_data_ro2_1000x125_strict_20260526.payload,20,4,5,693,307,0.693000000,0.193000000,693,0.889680068,0.529072743
restart_reduced_xor_random1_sampler_island_local_warmup11_except_data_ro2_1000x125_strict_20260526.payload,20,4,6,687,313,0.687000000,0.187000000,687,0.896606145,0.541617996
restart_reduced_xor_random1_sampler_island_local_warmup11_except_data_ro2_1000x125_strict_20260526.payload,20,4,7,671,329,0.671000000,0.171000000,671,0.913901413,0.575615328
restart_reduced_xor_random1_sampler_island_local_warmup11_except_data_ro2_1000x125_strict_20260526.payload,21,5,0,709,291,0.709000000,0.209000000,709,0.870009511,0.496142467
restart_reduced_xor_random1_sampler_island_local_warmup11_except_data_ro2_1000x125_strict_20260526.payload,21,5,1,695,305,0.695000000,0.195000000,695,0.887317256,0.524915117
restart_reduced_xor_random1_sampler_island_local_warmup11_except_data_ro2_1000x125_strict_20260526.payload,21,5,2,663,337,0.663000000,0.163000000,663,0.921918939,0.592919225
restart_reduced_xor_random1_sampler_island_local_warmup11_except_data_ro2_1000x125_strict_20260526.payload,21,5,3,670,330,0.670000000,0.170000000,670,0.914926373,0.577766999
restart_reduced_xor_random1_sampler_island_local_warmup11_except_data_ro2_1000x125_strict_20260526.payload,21,5,4,662,338,0.662000000,0.162000000,662,0.922891972,0.595096878
restart_reduced_xor_random1_sampler_island_local_warmup11_except_data_ro2_1000x125_strict_20260526.payload,21,5,5,675,325,0.675000000,0.175000000,675,0.909736123,0.567040593
restart_reduced_xor_random1_sampler_island_local_warmup11_except_data_ro2_1000x125_strict_20260526.payload,21,5,6,671,329,0.671000000,0.171000000,671,0.913901413,0.575615328
restart_reduced_xor_random1_sampler_island_local_warmup11_except_data_ro2_1000x125_strict_20260526.payload,21,5,7,686,314,0.686000000,0.186000000,686,0.897736940,0.543719518
restart_reduced_xor_random1_sampler_island_local_warmup11_except_data_ro2_1000x125_strict_20260526.payload,22,6,0,696,304,0.696000000,0.196000000,696,0.886125647,0.522840789
restart_reduced_xor_random1_sampler_island_local_warmup11_except_data_ro2_1000x125_strict_20260526.payload,22,6,1,673,327,0.673000000,0.173000000,673,0.911831879,0.571321590
restart_reduced_xor_random1_sampler_island_local_warmup11_except_data_ro2_1000x125_strict_20260526.payload,22,6,2,677,323,0.677000000,0.177000000,677,0.907614060,0.562772261
restart_reduced_xor_random1_sampler_island_local_warmup11_except_data_ro2_1000x125_strict_20260526.payload,22,6,3,677,323,0.677000000,0.177000000,677,0.907614060,0.562772261
restart_reduced_xor_random1_sampler_island_local_warmup11_except_data_ro2_1000x125_strict_20260526.payload,22,6,4,694,306,0.694000000,0.194000000,694,0.888502059,0.526992432
restart_reduced_xor_random1_sampler_island_local_warmup11_except_data_ro2_1000x125_strict_20260526.payload,22,6,5,679,321,0.679000000,0.179000000,679,0.905465607,0.558516520
restart_reduced_xor_random1_sampler_island_local_warmup11_except_data_ro2_1000x125_strict_20260526.payload,22,6,6,683,317,0.683000000,0.183000000,683,0.901089184,0.550042516
restart_reduced_xor_random1_sampler_island_local_warmup11_except_data_ro2_1000x125_strict_20260526.payload,22,6,7,666,334,0.666000000,0.166000000,666,0.918961059,0.586405918
restart_reduced_xor_random1_sampler_island_local_warmup11_except_data_ro2_1000x125_strict_20260526.payload,23,7,0,653,347,0.653000000,0.153000000,653,0.931360226,0.614845103
restart_reduced_xor_random1_sampler_island_local_warmup11_except_data_ro2_1000x125_strict_20260526.payload,23,7,1,683,317,0.683000000,0.183000000,683,0.901089184,0.550042516
restart_reduced_xor_random1_sampler_island_local_warmup11_except_data_ro2_1000x125_strict_20260526.payload,23,7,2,673,327,0.673000000,0.173000000,673,0.911831879,0.571321590
restart_reduced_xor_random1_sampler_island_local_warmup11_except_data_ro2_1000x125_strict_20260526.payload,23,7,3,695,305,0.695000000,0.195000000,695,0.887317256,0.524915117
restart_reduced_xor_random1_sampler_island_local_warmup11_except_data_ro2_1000x125_strict_20260526.payload,23,7,4,658,342,0.658000000,0.158000000,658,0.926719721,0.603840511
restart_reduced_xor_random1_sampler_island_local_warmup11_except_data_ro2_1000x125_strict_20260526.payload,23,7,5,668,332,0.668000000,0.168000000,668,0.916956726,0.582079992
restart_reduced_xor_random1_sampler_island_local_warmup11_except_data_ro2_1000x125_strict_20260526.payload,23,7,6,683,317,0.683000000,0.183000000,683,0.901089184,0.550042516
restart_reduced_xor_random1_sampler_island_local_warmup11_except_data_ro2_1000x125_strict_20260526.payload,23,7,7,680,320,0.680000000,0.180000000,680,0.904381458,0.556393349
restart_reduced_xor_random1_sampler_island_local_warmup11_except_data_ro2_1000x125_strict_20260526.payload,24,0,0,647,353,0.647000000,0.147000000,647,0.936718810,0.628162383
restart_reduced_xor_random1_sampler_island_local_warmup11_except_data_ro2_1000x125_strict_20260526.payload,24,0,1,677,323,0.677000000,0.177000000,677,0.907614060,0.562772261
restart_reduced_xor_random1_sampler_island_local_warmup11_except_data_ro2_1000x125_strict_20260526.payload,24,0,2,690,310,0.690000000,0.190000000,690,0.893173458,0.535331733
restart_reduced_xor_random1_sampler_island_local_warmup11_except_data_ro2_1000x125_strict_20260526.payload,24,0,3,695,305,0.695000000,0.195000000,695,0.887317256,0.524915117
restart_reduced_xor_random1_sampler_island_local_warmup11_except_data_ro2_1000x125_strict_20260526.payload,24,0,4,671,329,0.671000000,0.171000000,671,0.913901413,0.575615328
restart_reduced_xor_random1_sampler_island_local_warmup11_except_data_ro2_1000x125_strict_20260526.payload,24,0,5,676,324,0.676000000,0.176000000,676,0.908678385,0.564904848
restart_reduced_xor_random1_sampler_island_local_warmup11_except_data_ro2_1000x125_strict_20260526.payload,24,0,6,675,325,0.675000000,0.175000000,675,0.909736123,0.567040593
restart_reduced_xor_random1_sampler_island_local_warmup11_except_data_ro2_1000x125_strict_20260526.payload,24,0,7,669,331,0.669000000,0.169000000,669,0.915944807,0.579921884
restart_reduced_xor_random1_sampler_island_local_warmup11_except_data_ro2_1000x125_strict_20260526.payload,25,1,0,691,309,0.691000000,0.191000000,691,0.892015756,0.533242384
restart_reduced_xor_random1_sampler_island_local_warmup11_except_data_ro2_1000x125_strict_20260526.payload,25,1,1,689,311,0.689000000,0.189000000,689,0.894324416,0.537424112
restart_reduced_xor_random1_sampler_island_local_warmup11_except_data_ro2_1000x125_strict_20260526.payload,25,1,2,646,354,0.646000000,0.146000000,646,0.937589751,0.630393930
restart_reduced_xor_random1_sampler_island_local_warmup11_except_data_ro2_1000x125_strict_20260526.payload,25,1,3,655,345,0.655000000,0.155000000,655,0.929523186,0.610433188
restart_reduced_xor_random1_sampler_island_local_warmup11_except_data_ro2_1000x125_strict_20260526.payload,25,1,4,673,327,0.673000000,0.173000000,673,0.911831879,0.571321590
restart_reduced_xor_random1_sampler_island_local_warmup11_except_data_ro2_1000x125_strict_20260526.payload,25,1,5,680,320,0.680000000,0.180000000,680,0.904381458,0.556393349
restart_reduced_xor_random1_sampler_island_local_warmup11_except_data_ro2_1000x125_strict_20260526.payload,25,1,6,669,331,0.669000000,0.169000000,669,0.915944807,0.579921884
restart_reduced_xor_random1_sampler_island_local_warmup11_except_data_ro2_1000x125_strict_20260526.payload,25,1,7,684,316,0.684000000,0.184000000,684,0.899978448,0.547931770
restart_reduced_xor_random1_sampler_island_local_warmup11_except_data_ro2_1000x125_strict_20260526.payload,26,2,0,661,339,0.661000000,0.161000000,661,0.923858558,0.597277823
restart_reduced_xor_random1_sampler_island_local_warmup11_except_data_ro2_1000x125_strict_20260526.payload,26,2,1,687,313,0.687000000,0.187000000,687,0.896606145,0.541617996
restart_reduced_xor_random1_sampler_island_local_warmup11_except_data_ro2_1000x125_strict_20260526.payload,26,2,2,708,292,0.708000000,0.208000000,708,0.871290784,0.498178735
restart_reduced_xor_random1_sampler_island_local_warmup11_except_data_ro2_1000x125_strict_20260526.payload,26,2,3,692,308,0.692000000,0.192000000,692,0.890851297,0.531156057
restart_reduced_xor_random1_sampler_island_local_warmup11_except_data_ro2_1000x125_strict_20260526.payload,26,2,4,663,337,0.663000000,0.163000000,663,0.921918939,0.592919225
restart_reduced_xor_random1_sampler_island_local_warmup11_except_data_ro2_1000x125_strict_20260526.payload,26,2,5,676,324,0.676000000,0.176000000,676,0.908678385,0.564904848
restart_reduced_xor_random1_sampler_island_local_warmup11_except_data_ro2_1000x125_strict_20260526.payload,26,2,6,657,343,0.657000000,0.157000000,657,0.927660609,0.606034724
restart_reduced_xor_random1_sampler_island_local_warmup11_except_data_ro2_1000x125_strict_20260526.payload,26,2,7,674,326,0.674000000,0.174000000,674,0.910787284,0.569179503
restart_reduced_xor_random1_sampler_island_local_warmup11_except_data_ro2_1000x125_strict_20260526.payload,27,3,0,679,321,0.679000000,0.179000000,679,0.905465607,0.558516520
restart_reduced_xor_random1_sampler_island_local_warmup11_except_data_ro2_1000x125_strict_20260526.payload,27,3,1,682,318,0.682000000,0.182000000,682,0.902193257,0.552156356
restart_reduced_xor_random1_sampler_island_local_warmup11_except_data_ro2_1000x125_strict_20260526.payload,27,3,2,670,330,0.670000000,0.170000000,670,0.914926373,0.577766999
restart_reduced_xor_random1_sampler_island_local_warmup11_except_data_ro2_1000x125_strict_20260526.payload,27,3,3,682,318,0.682000000,0.182000000,682,0.902193257,0.552156356
restart_reduced_xor_random1_sampler_island_local_warmup11_except_data_ro2_1000x125_strict_20260526.payload,27,3,4,679,321,0.679000000,0.179000000,679,0.905465607,0.558516520
restart_reduced_xor_random1_sampler_island_local_warmup11_except_data_ro2_1000x125_strict_20260526.payload,27,3,5,656,344,0.656000000,0.156000000,656,0.928595094,0.608232280
restart_reduced_xor_random1_sampler_island_local_warmup11_except_data_ro2_1000x125_strict_20260526.payload,27,3,6,672,328,0.672000000,0.172000000,672,0.912869919,0.573466862
restart_reduced_xor_random1_sampler_island_local_warmup11_except_data_ro2_1000x125_strict_20260526.payload,27,3,7,672,328,0.672000000,0.172000000,672,0.912869919,0.573466862
restart_reduced_xor_random1_sampler_island_local_warmup11_except_data_ro2_1000x125_strict_20260526.payload,28,4,0,634,366,0.634000000,0.134000000,634,0.947551199,0.657445255
restart_reduced_xor_random1_sampler_island_local_warmup11_except_data_ro2_1000x125_strict_20260526.payload,28,4,1,652,348,0.652000000,0.152000000,652,0.932269192,0.617056130
restart_reduced_xor_random1_sampler_island_local_warmup11_except_data_ro2_1000x125_strict_20260526.payload,28,4,2,681,319,0.681000000,0.181000000,681,0.903290678,0.554273297
restart_reduced_xor_random1_sampler_island_local_warmup11_except_data_ro2_1000x125_strict_20260526.payload,28,4,3,670,330,0.670000000,0.170000000,670,0.914926373,0.577766999
restart_reduced_xor_random1_sampler_island_local_warmup11_except_data_ro2_1000x125_strict_20260526.payload,28,4,4,685,315,0.685000000,0.185000000,685,0.898861037,0.545824107
restart_reduced_xor_random1_sampler_island_local_warmup11_except_data_ro2_1000x125_strict_20260526.payload,28,4,5,687,313,0.687000000,0.187000000,687,0.896606145,0.541617996
restart_reduced_xor_random1_sampler_island_local_warmup11_except_data_ro2_1000x125_strict_20260526.payload,28,4,6,654,346,0.654000000,0.154000000,654,0.930444894,0.612637459
restart_reduced_xor_random1_sampler_island_local_warmup11_except_data_ro2_1000x125_strict_20260526.payload,28,4,7,663,337,0.663000000,0.163000000,663,0.921918939,0.592919225
restart_reduced_xor_random1_sampler_island_local_warmup11_except_data_ro2_1000x125_strict_20260526.payload,29,5,0,679,321,0.679000000,0.179000000,679,0.905465607,0.558516520
restart_reduced_xor_random1_sampler_island_local_warmup11_except_data_ro2_1000x125_strict_20260526.payload,29,5,1,683,317,0.683000000,0.183000000,683,0.901089184,0.550042516
restart_reduced_xor_random1_sampler_island_local_warmup11_except_data_ro2_1000x125_strict_20260526.payload,29,5,2,664,336,0.664000000,0.164000000,664,0.920939448,0.590744853
restart_reduced_xor_random1_sampler_island_local_warmup11_except_data_ro2_1000x125_strict_20260526.payload,29,5,3,688,312,0.688000000,0.188000000,688,0.895468641,0.539519530
restart_reduced_xor_random1_sampler_island_local_warmup11_except_data_ro2_1000x125_strict_20260526.payload,29,5,4,665,335,0.665000000,0.165000000,665,0.919953491,0.588573754
restart_reduced_xor_random1_sampler_island_local_warmup11_except_data_ro2_1000x125_strict_20260526.payload,29,5,5,665,335,0.665000000,0.165000000,665,0.919953491,0.588573754
restart_reduced_xor_random1_sampler_island_local_warmup11_except_data_ro2_1000x125_strict_20260526.payload,29,5,6,699,301,0.699000000,0.199000000,699,0.882509859,0.516635639
restart_reduced_xor_random1_sampler_island_local_warmup11_except_data_ro2_1000x125_strict_20260526.payload,29,5,7,652,348,0.652000000,0.152000000,652,0.932269192,0.617056130
restart_reduced_xor_random1_sampler_island_local_warmup11_except_data_ro2_1000x125_strict_20260526.payload,30,6,0,685,315,0.685000000,0.185000000,685,0.898861037,0.545824107
restart_reduced_xor_random1_sampler_island_local_warmup11_except_data_ro2_1000x125_strict_20260526.payload,30,6,1,674,326,0.674000000,0.174000000,674,0.910787284,0.569179503
restart_reduced_xor_random1_sampler_island_local_warmup11_except_data_ro2_1000x125_strict_20260526.payload,30,6,2,678,322,0.678000000,0.178000000,678,0.906543138,0.560642822
restart_reduced_xor_random1_sampler_island_local_warmup11_except_data_ro2_1000x125_strict_20260526.payload,30,6,3,680,320,0.680000000,0.180000000,680,0.904381458,0.556393349
restart_reduced_xor_random1_sampler_island_local_warmup11_except_data_ro2_1000x125_strict_20260526.payload,30,6,4,672,328,0.672000000,0.172000000,672,0.912869919,0.573466862
restart_reduced_xor_random1_sampler_island_local_warmup11_except_data_ro2_1000x125_strict_20260526.payload,30,6,5,670,330,0.670000000,0.170000000,670,0.914926373,0.577766999
restart_reduced_xor_random1_sampler_island_local_warmup11_except_data_ro2_1000x125_strict_20260526.payload,30,6,6,687,313,0.687000000,0.187000000,687,0.896606145,0.541617996
restart_reduced_xor_random1_sampler_island_local_warmup11_except_data_ro2_1000x125_strict_20260526.payload,30,6,7,683,317,0.683000000,0.183000000,683,0.901089184,0.550042516
restart_reduced_xor_random1_sampler_island_local_warmup11_except_data_ro2_1000x125_strict_20260526.payload,31,7,0,714,286,0.714000000,0.214000000,714,0.863497974,0.486004021
restart_reduced_xor_random1_sampler_island_local_warmup11_except_data_ro2_1000x125_strict_20260526.payload,31,7,1,661,339,0.661000000,0.161000000,661,0.923858558,0.597277823
restart_reduced_xor_random1_sampler_island_local_warmup11_except_data_ro2_1000x125_strict_20260526.payload,31,7,2,664,336,0.664000000,0.164000000,664,0.920939448,0.590744853
restart_reduced_xor_random1_sampler_island_local_warmup11_except_data_ro2_1000x125_strict_20260526.payload,31,7,3,693,307,0.693000000,0.193000000,693,0.889680068,0.529072743
restart_reduced_xor_random1_sampler_island_local_warmup11_except_data_ro2_1000x125_strict_20260526.payload,31,7,4,687,313,0.687000000,0.187000000,687,0.896606145,0.541617996
restart_reduced_xor_random1_sampler_island_local_warmup11_except_data_ro2_1000x125_strict_20260526.payload,31,7,5,674,326,0.674000000,0.174000000,674,0.910787284,0.569179503
restart_reduced_xor_random1_sampler_island_local_warmup11_except_data_ro2_1000x125_strict_20260526.payload,31,7,6,676,324,0.676000000,0.176000000,676,0.908678385,0.564904848
restart_reduced_xor_random1_sampler_island_local_warmup11_except_data_ro2_1000x125_strict_20260526.payload,31,7,7,682,318,0.682000000,0.182000000,682,0.902193257,0.552156356
restart_reduced_xor_random1_sampler_island_local_warmup11_except_data_ro2_1000x125_strict_20260526.payload,32,0,0,671,329,0.671000000,0.171000000,671,0.913901413,0.575615328
restart_reduced_xor_random1_sampler_island_local_warmup11_except_data_ro2_1000x125_strict_20260526.payload,32,0,1,651,349,0.651000000,0.151000000,651,0.933171798,0.619270551
restart_reduced_xor_random1_sampler_island_local_warmup11_except_data_ro2_1000x125_strict_20260526.payload,32,0,2,690,310,0.690000000,0.190000000,690,0.893173458,0.535331733
restart_reduced_xor_random1_sampler_island_local_warmup11_except_data_ro2_1000x125_strict_20260526.payload,32,0,3,688,312,0.688000000,0.188000000,688,0.895468641,0.539519530
restart_reduced_xor_random1_sampler_island_local_warmup11_except_data_ro2_1000x125_strict_20260526.payload,32,0,4,662,338,0.662000000,0.162000000,662,0.922891972,0.595096878
restart_reduced_xor_random1_sampler_island_local_warmup11_except_data_ro2_1000x125_strict_20260526.payload,32,0,5,672,328,0.672000000,0.172000000,672,0.912869919,0.573466862
restart_reduced_xor_random1_sampler_island_local_warmup11_except_data_ro2_1000x125_strict_20260526.payload,32,0,6,670,330,0.670000000,0.170000000,670,0.914926373,0.577766999
restart_reduced_xor_random1_sampler_island_local_warmup11_except_data_ro2_1000x125_strict_20260526.payload,32,0,7,693,307,0.693000000,0.193000000,693,0.889680068,0.529072743
restart_reduced_xor_random1_sampler_island_local_warmup11_except_data_ro2_1000x125_strict_20260526.payload,33,1,0,672,328,0.672000000,0.172000000,672,0.912869919,0.573466862
restart_reduced_xor_random1_sampler_island_local_warmup11_except_data_ro2_1000x125_strict_20260526.payload,33,1,1,692,308,0.692000000,0.192000000,692,0.890851297,0.531156057
restart_reduced_xor_random1_sampler_island_local_warmup11_except_data_ro2_1000x125_strict_20260526.payload,33,1,2,681,319,0.681000000,0.181000000,681,0.903290678,0.554273297
restart_reduced_xor_random1_sampler_island_local_warmup11_except_data_ro2_1000x125_strict_20260526.payload,33,1,3,656,344,0.656000000,0.156000000,656,0.928595094,0.608232280
restart_reduced_xor_random1_sampler_island_local_warmup11_except_data_ro2_1000x125_strict_20260526.payload,33,1,4,690,310,0.690000000,0.190000000,690,0.893173458,0.535331733
restart_reduced_xor_random1_sampler_island_local_warmup11_except_data_ro2_1000x125_strict_20260526.payload,33,1,5,685,315,0.685000000,0.185000000,685,0.898861037,0.545824107
restart_reduced_xor_random1_sampler_island_local_warmup11_except_data_ro2_1000x125_strict_20260526.payload,33,1,6,677,323,0.677000000,0.177000000,677,0.907614060,0.562772261
restart_reduced_xor_random1_sampler_island_local_warmup11_except_data_ro2_1000x125_strict_20260526.payload,33,1,7,682,318,0.682000000,0.182000000,682,0.902193257,0.552156356
restart_reduced_xor_random1_sampler_island_local_warmup11_except_data_ro2_1000x125_strict_20260526.payload,34,2,0,687,313,0.687000000,0.187000000,687,0.896606145,0.541617996
restart_reduced_xor_random1_sampler_island_local_warmup11_except_data_ro2_1000x125_strict_20260526.payload,34,2,1,666,334,0.666000000,0.166000000,666,0.918961059,0.586405918
restart_reduced_xor_random1_sampler_island_local_warmup11_except_data_ro2_1000x125_strict_20260526.payload,34,2,2,682,318,0.682000000,0.182000000,682,0.902193257,0.552156356
restart_reduced_xor_random1_sampler_island_local_warmup11_except_data_ro2_1000x125_strict_20260526.payload,34,2,3,651,349,0.651000000,0.151000000,651,0.933171798,0.619270551
restart_reduced_xor_random1_sampler_island_local_warmup11_except_data_ro2_1000x125_strict_20260526.payload,34,2,4,658,342,0.658000000,0.158000000,658,0.926719721,0.603840511
restart_reduced_xor_random1_sampler_island_local_warmup11_except_data_ro2_1000x125_strict_20260526.payload,34,2,5,666,334,0.666000000,0.166000000,666,0.918961059,0.586405918
restart_reduced_xor_random1_sampler_island_local_warmup11_except_data_ro2_1000x125_strict_20260526.payload,34,2,6,691,309,0.691000000,0.191000000,691,0.892015756,0.533242384
restart_reduced_xor_random1_sampler_island_local_warmup11_except_data_ro2_1000x125_strict_20260526.payload,34,2,7,681,319,0.681000000,0.181000000,681,0.903290678,0.554273297
restart_reduced_xor_random1_sampler_island_local_warmup11_except_data_ro2_1000x125_strict_20260526.payload,35,3,0,688,312,0.688000000,0.188000000,688,0.895468641,0.539519530
restart_reduced_xor_random1_sampler_island_local_warmup11_except_data_ro2_1000x125_strict_20260526.payload,35,3,1,656,344,0.656000000,0.156000000,656,0.928595094,0.608232280
restart_reduced_xor_random1_sampler_island_local_warmup11_except_data_ro2_1000x125_strict_20260526.payload,35,3,2,653,347,0.653000000,0.153000000,653,0.931360226,0.614845103
restart_reduced_xor_random1_sampler_island_local_warmup11_except_data_ro2_1000x125_strict_20260526.payload,35,3,3,663,337,0.663000000,0.163000000,663,0.921918939,0.592919225
restart_reduced_xor_random1_sampler_island_local_warmup11_except_data_ro2_1000x125_strict_20260526.payload,35,3,4,651,349,0.651000000,0.151000000,651,0.933171798,0.619270551
restart_reduced_xor_random1_sampler_island_local_warmup11_except_data_ro2_1000x125_strict_20260526.payload,35,3,5,679,321,0.679000000,0.179000000,679,0.905465607,0.558516520
restart_reduced_xor_random1_sampler_island_local_warmup11_except_data_ro2_1000x125_strict_20260526.payload,35,3,6,670,330,0.670000000,0.170000000,670,0.914926373,0.577766999
restart_reduced_xor_random1_sampler_island_local_warmup11_except_data_ro2_1000x125_strict_20260526.payload,35,3,7,676,324,0.676000000,0.176000000,676,0.908678385,0.564904848
restart_reduced_xor_random1_sampler_island_local_warmup11_except_data_ro2_1000x125_strict_20260526.payload,36,4,0,654,346,0.654000000,0.154000000,654,0.930444894,0.612637459
restart_reduced_xor_random1_sampler_island_local_warmup11_except_data_ro2_1000x125_strict_20260526.payload,36,4,1,691,309,0.691000000,0.191000000,691,0.892015756,0.533242384
restart_reduced_xor_random1_sampler_island_local_warmup11_except_data_ro2_1000x125_strict_20260526.payload,36,4,2,688,312,0.688000000,0.188000000,688,0.895468641,0.539519530
restart_reduced_xor_random1_sampler_island_local_warmup11_except_data_ro2_1000x125_strict_20260526.payload,36,4,3,664,336,0.664000000,0.164000000,664,0.920939448,0.590744853
restart_reduced_xor_random1_sampler_island_local_warmup11_except_data_ro2_1000x125_strict_20260526.payload,36,4,4,655,345,0.655000000,0.155000000,655,0.929523186,0.610433188
restart_reduced_xor_random1_sampler_island_local_warmup11_except_data_ro2_1000x125_strict_20260526.payload,36,4,5,664,336,0.664000000,0.164000000,664,0.920939448,0.590744853
restart_reduced_xor_random1_sampler_island_local_warmup11_except_data_ro2_1000x125_strict_20260526.payload,36,4,6,690,310,0.690000000,0.190000000,690,0.893173458,0.535331733
restart_reduced_xor_random1_sampler_island_local_warmup11_except_data_ro2_1000x125_strict_20260526.payload,36,4,7,679,321,0.679000000,0.179000000,679,0.905465607,0.558516520
restart_reduced_xor_random1_sampler_island_local_warmup11_except_data_ro2_1000x125_strict_20260526.payload,37,5,0,647,353,0.647000000,0.147000000,647,0.936718810,0.628162383
restart_reduced_xor_random1_sampler_island_local_warmup11_except_data_ro2_1000x125_strict_20260526.payload,37,5,1,624,376,0.624000000,0.124000000,624,0.955167892,0.680382066
restart_reduced_xor_random1_sampler_island_local_warmup11_except_data_ro2_1000x125_strict_20260526.payload,37,5,2,678,322,0.678000000,0.178000000,678,0.906543138,0.560642822
restart_reduced_xor_random1_sampler_island_local_warmup11_except_data_ro2_1000x125_strict_20260526.payload,37,5,3,680,320,0.680000000,0.180000000,680,0.904381458,0.556393349
restart_reduced_xor_random1_sampler_island_local_warmup11_except_data_ro2_1000x125_strict_20260526.payload,37,5,4,671,329,0.671000000,0.171000000,671,0.913901413,0.575615328
restart_reduced_xor_random1_sampler_island_local_warmup11_except_data_ro2_1000x125_strict_20260526.payload,37,5,5,660,340,0.660000000,0.160000000,660,0.924818705,0.599462070
restart_reduced_xor_random1_sampler_island_local_warmup11_except_data_ro2_1000x125_strict_20260526.payload,37,5,6,672,328,0.672000000,0.172000000,672,0.912869919,0.573466862
restart_reduced_xor_random1_sampler_island_local_warmup11_except_data_ro2_1000x125_strict_20260526.payload,37,5,7,666,334,0.666000000,0.166000000,666,0.918961059,0.586405918
restart_reduced_xor_random1_sampler_island_local_warmup11_except_data_ro2_1000x125_strict_20260526.payload,38,6,0,673,327,0.673000000,0.173000000,673,0.911831879,0.571321590
restart_reduced_xor_random1_sampler_island_local_warmup11_except_data_ro2_1000x125_strict_20260526.payload,38,6,1,676,324,0.676000000,0.176000000,676,0.908678385,0.564904848
restart_reduced_xor_random1_sampler_island_local_warmup11_except_data_ro2_1000x125_strict_20260526.payload,38,6,2,702,298,0.702000000,0.202000000,702,0.878832357,0.510457064
restart_reduced_xor_random1_sampler_island_local_warmup11_except_data_ro2_1000x125_strict_20260526.payload,38,6,3,657,343,0.657000000,0.157000000,657,0.927660609,0.606034724
restart_reduced_xor_random1_sampler_island_local_warmup11_except_data_ro2_1000x125_strict_20260526.payload,38,6,4,675,325,0.675000000,0.175000000,675,0.909736123,0.567040593
restart_reduced_xor_random1_sampler_island_local_warmup11_except_data_ro2_1000x125_strict_20260526.payload,38,6,5,639,361,0.639000000,0.139000000,639,0.943510135,0.646112164
restart_reduced_xor_random1_sampler_island_local_warmup11_except_data_ro2_1000x125_strict_20260526.payload,38,6,6,651,349,0.651000000,0.151000000,651,0.933171798,0.619270551
restart_reduced_xor_random1_sampler_island_local_warmup11_except_data_ro2_1000x125_strict_20260526.payload,38,6,7,682,318,0.682000000,0.182000000,682,0.902193257,0.552156356
restart_reduced_xor_random1_sampler_island_local_warmup11_except_data_ro2_1000x125_strict_20260526.payload,39,7,0,671,329,0.671000000,0.171000000,671,0.913901413,0.575615328
restart_reduced_xor_random1_sampler_island_local_warmup11_except_data_ro2_1000x125_strict_20260526.payload,39,7,1,682,318,0.682000000,0.182000000,682,0.902193257,0.552156356
restart_reduced_xor_random1_sampler_island_local_warmup11_except_data_ro2_1000x125_strict_20260526.payload,39,7,2,677,323,0.677000000,0.177000000,677,0.907614060,0.562772261
restart_reduced_xor_random1_sampler_island_local_warmup11_except_data_ro2_1000x125_strict_20260526.payload,39,7,3,675,325,0.675000000,0.175000000,675,0.909736123,0.567040593
restart_reduced_xor_random1_sampler_island_local_warmup11_except_data_ro2_1000x125_strict_20260526.payload,39,7,4,665,335,0.665000000,0.165000000,665,0.919953491,0.588573754
restart_reduced_xor_random1_sampler_island_local_warmup11_except_data_ro2_1000x125_strict_20260526.payload,39,7,5,665,335,0.665000000,0.165000000,665,0.919953491,0.588573754
restart_reduced_xor_random1_sampler_island_local_warmup11_except_data_ro2_1000x125_strict_20260526.payload,39,7,6,648,352,0.648000000,0.148000000,648,0.935841553,0.625934282
restart_reduced_xor_random1_sampler_island_local_warmup11_except_data_ro2_1000x125_strict_20260526.payload,39,7,7,674,326,0.674000000,0.174000000,674,0.910787284,0.569179503
restart_reduced_xor_random1_sampler_island_local_warmup11_except_data_ro2_1000x125_strict_20260526.payload,40,0,0,671,329,0.671000000,0.171000000,671,0.913901413,0.575615328
restart_reduced_xor_random1_sampler_island_local_warmup11_except_data_ro2_1000x125_strict_20260526.payload,40,0,1,661,339,0.661000000,0.161000000,661,0.923858558,0.597277823
restart_reduced_xor_random1_sampler_island_local_warmup11_except_data_ro2_1000x125_strict_20260526.payload,40,0,2,666,334,0.666000000,0.166000000,666,0.918961059,0.586405918
restart_reduced_xor_random1_sampler_island_local_warmup11_except_data_ro2_1000x125_strict_20260526.payload,40,0,3,654,346,0.654000000,0.154000000,654,0.930444894,0.612637459
restart_reduced_xor_random1_sampler_island_local_warmup11_except_data_ro2_1000x125_strict_20260526.payload,40,0,4,671,329,0.671000000,0.171000000,671,0.913901413,0.575615328
restart_reduced_xor_random1_sampler_island_local_warmup11_except_data_ro2_1000x125_strict_20260526.payload,40,0,5,689,311,0.689000000,0.189000000,689,0.894324416,0.537424112
restart_reduced_xor_random1_sampler_island_local_warmup11_except_data_ro2_1000x125_strict_20260526.payload,40,0,6,667,333,0.667000000,0.167000000,667,0.917962140,0.584241333
restart_reduced_xor_random1_sampler_island_local_warmup11_except_data_ro2_1000x125_strict_20260526.payload,40,0,7,650,350,0.650000000,0.150000000,650,0.934068055,0.621488377
restart_reduced_xor_random1_sampler_island_local_warmup11_except_data_ro2_1000x125_strict_20260526.payload,41,1,0,649,351,0.649000000,0.149000000,649,0.934957971,0.623709617
restart_reduced_xor_random1_sampler_island_local_warmup11_except_data_ro2_1000x125_strict_20260526.payload,41,1,1,655,345,0.655000000,0.155000000,655,0.929523186,0.610433188
restart_reduced_xor_random1_sampler_island_local_warmup11_except_data_ro2_1000x125_strict_20260526.payload,41,1,2,669,331,0.669000000,0.169000000,669,0.915944807,0.579921884
restart_reduced_xor_random1_sampler_island_local_warmup11_except_data_ro2_1000x125_strict_20260526.payload,41,1,3,674,326,0.674000000,0.174000000,674,0.910787284,0.569179503
restart_reduced_xor_random1_sampler_island_local_warmup11_except_data_ro2_1000x125_strict_20260526.payload,41,1,4,691,309,0.691000000,0.191000000,691,0.892015756,0.533242384
restart_reduced_xor_random1_sampler_island_local_warmup11_except_data_ro2_1000x125_strict_20260526.payload,41,1,5,673,327,0.673000000,0.173000000,673,0.911831879,0.571321590
restart_reduced_xor_random1_sampler_island_local_warmup11_except_data_ro2_1000x125_strict_20260526.payload,41,1,6,672,328,0.672000000,0.172000000,672,0.912869919,0.573466862
restart_reduced_xor_random1_sampler_island_local_warmup11_except_data_ro2_1000x125_strict_20260526.payload,41,1,7,672,328,0.672000000,0.172000000,672,0.912869919,0.573466862
restart_reduced_xor_random1_sampler_island_local_warmup11_except_data_ro2_1000x125_strict_20260526.payload,42,2,0,687,313,0.687000000,0.187000000,687,0.896606145,0.541617996
restart_reduced_xor_random1_sampler_island_local_warmup11_except_data_ro2_1000x125_strict_20260526.payload,42,2,1,652,348,0.652000000,0.152000000,652,0.932269192,0.617056130
restart_reduced_xor_random1_sampler_island_local_warmup11_except_data_ro2_1000x125_strict_20260526.payload,42,2,2,662,338,0.662000000,0.162000000,662,0.922891972,0.595096878
restart_reduced_xor_random1_sampler_island_local_warmup11_except_data_ro2_1000x125_strict_20260526.payload,42,2,3,656,344,0.656000000,0.156000000,656,0.928595094,0.608232280
restart_reduced_xor_random1_sampler_island_local_warmup11_except_data_ro2_1000x125_strict_20260526.payload,42,2,4,658,342,0.658000000,0.158000000,658,0.926719721,0.603840511
restart_reduced_xor_random1_sampler_island_local_warmup11_except_data_ro2_1000x125_strict_20260526.payload,42,2,5,657,343,0.657000000,0.157000000,657,0.927660609,0.606034724
restart_reduced_xor_random1_sampler_island_local_warmup11_except_data_ro2_1000x125_strict_20260526.payload,42,2,6,677,323,0.677000000,0.177000000,677,0.907614060,0.562772261
restart_reduced_xor_random1_sampler_island_local_warmup11_except_data_ro2_1000x125_strict_20260526.payload,42,2,7,685,315,0.685000000,0.185000000,685,0.898861037,0.545824107
restart_reduced_xor_random1_sampler_island_local_warmup11_except_data_ro2_1000x125_strict_20260526.payload,43,3,0,674,326,0.674000000,0.174000000,674,0.910787284,0.569179503
restart_reduced_xor_random1_sampler_island_local_warmup11_except_data_ro2_1000x125_strict_20260526.payload,43,3,1,656,344,0.656000000,0.156000000,656,0.928595094,0.608232280
restart_reduced_xor_random1_sampler_island_local_warmup11_except_data_ro2_1000x125_strict_20260526.payload,43,3,2,677,323,0.677000000,0.177000000,677,0.907614060,0.562772261
restart_reduced_xor_random1_sampler_island_local_warmup11_except_data_ro2_1000x125_strict_20260526.payload,43,3,3,651,349,0.651000000,0.151000000,651,0.933171798,0.619270551
restart_reduced_xor_random1_sampler_island_local_warmup11_except_data_ro2_1000x125_strict_20260526.payload,43,3,4,653,347,0.653000000,0.153000000,653,0.931360226,0.614845103
restart_reduced_xor_random1_sampler_island_local_warmup11_except_data_ro2_1000x125_strict_20260526.payload,43,3,5,665,335,0.665000000,0.165000000,665,0.919953491,0.588573754
restart_reduced_xor_random1_sampler_island_local_warmup11_except_data_ro2_1000x125_strict_20260526.payload,43,3,6,680,320,0.680000000,0.180000000,680,0.904381458,0.556393349
restart_reduced_xor_random1_sampler_island_local_warmup11_except_data_ro2_1000x125_strict_20260526.payload,43,3,7,664,336,0.664000000,0.164000000,664,0.920939448,0.590744853
restart_reduced_xor_random1_sampler_island_local_warmup11_except_data_ro2_1000x125_strict_20260526.payload,44,4,0,671,329,0.671000000,0.171000000,671,0.913901413,0.575615328
restart_reduced_xor_random1_sampler_island_local_warmup11_except_data_ro2_1000x125_strict_20260526.payload,44,4,1,682,318,0.682000000,0.182000000,682,0.902193257,0.552156356
restart_reduced_xor_random1_sampler_island_local_warmup11_except_data_ro2_1000x125_strict_20260526.payload,44,4,2,696,304,0.696000000,0.196000000,696,0.886125647,0.522840789
restart_reduced_xor_random1_sampler_island_local_warmup11_except_data_ro2_1000x125_strict_20260526.payload,44,4,3,667,333,0.667000000,0.167000000,667,0.917962140,0.584241333
restart_reduced_xor_random1_sampler_island_local_warmup11_except_data_ro2_1000x125_strict_20260526.payload,44,4,4,662,338,0.662000000,0.162000000,662,0.922891972,0.595096878
restart_reduced_xor_random1_sampler_island_local_warmup11_except_data_ro2_1000x125_strict_20260526.payload,44,4,5,661,339,0.661000000,0.161000000,661,0.923858558,0.597277823
restart_reduced_xor_random1_sampler_island_local_warmup11_except_data_ro2_1000x125_strict_20260526.payload,44,4,6,652,348,0.652000000,0.152000000,652,0.932269192,0.617056130
restart_reduced_xor_random1_sampler_island_local_warmup11_except_data_ro2_1000x125_strict_20260526.payload,44,4,7,661,339,0.661000000,0.161000000,661,0.923858558,0.597277823
restart_reduced_xor_random1_sampler_island_local_warmup11_except_data_ro2_1000x125_strict_20260526.payload,45,5,0,669,331,0.669000000,0.169000000,669,0.915944807,0.579921884
restart_reduced_xor_random1_sampler_island_local_warmup11_except_data_ro2_1000x125_strict_20260526.payload,45,5,1,670,330,0.670000000,0.170000000,670,0.914926373,0.577766999
restart_reduced_xor_random1_sampler_island_local_warmup11_except_data_ro2_1000x125_strict_20260526.payload,45,5,2,668,332,0.668000000,0.168000000,668,0.916956726,0.582079992
restart_reduced_xor_random1_sampler_island_local_warmup11_except_data_ro2_1000x125_strict_20260526.payload,45,5,3,635,365,0.635000000,0.135000000,635,0.946755450,0.655171503
restart_reduced_xor_random1_sampler_island_local_warmup11_except_data_ro2_1000x125_strict_20260526.payload,45,5,4,663,337,0.663000000,0.163000000,663,0.921918939,0.592919225
restart_reduced_xor_random1_sampler_island_local_warmup11_except_data_ro2_1000x125_strict_20260526.payload,45,5,5,636,364,0.636000000,0.136000000,636,0.945953476,0.652901329
restart_reduced_xor_random1_sampler_island_local_warmup11_except_data_ro2_1000x125_strict_20260526.payload,45,5,6,630,370,0.630000000,0.130000000,630,0.950672093,0.666576266
restart_reduced_xor_random1_sampler_island_local_warmup11_except_data_ro2_1000x125_strict_20260526.payload,45,5,7,669,331,0.669000000,0.169000000,669,0.915944807,0.579921884
restart_reduced_xor_random1_sampler_island_local_warmup11_except_data_ro2_1000x125_strict_20260526.payload,46,6,0,670,330,0.670000000,0.170000000,670,0.914926373,0.577766999
restart_reduced_xor_random1_sampler_island_local_warmup11_except_data_ro2_1000x125_strict_20260526.payload,46,6,1,660,340,0.660000000,0.160000000,660,0.924818705,0.599462070
restart_reduced_xor_random1_sampler_island_local_warmup11_except_data_ro2_1000x125_strict_20260526.payload,46,6,2,664,336,0.664000000,0.164000000,664,0.920939448,0.590744853
restart_reduced_xor_random1_sampler_island_local_warmup11_except_data_ro2_1000x125_strict_20260526.payload,46,6,3,673,327,0.673000000,0.173000000,673,0.911831879,0.571321590
restart_reduced_xor_random1_sampler_island_local_warmup11_except_data_ro2_1000x125_strict_20260526.payload,46,6,4,679,321,0.679000000,0.179000000,679,0.905465607,0.558516520
restart_reduced_xor_random1_sampler_island_local_warmup11_except_data_ro2_1000x125_strict_20260526.payload,46,6,5,665,335,0.665000000,0.165000000,665,0.919953491,0.588573754
restart_reduced_xor_random1_sampler_island_local_warmup11_except_data_ro2_1000x125_strict_20260526.payload,46,6,6,672,328,0.672000000,0.172000000,672,0.912869919,0.573466862
restart_reduced_xor_random1_sampler_island_local_warmup11_except_data_ro2_1000x125_strict_20260526.payload,46,6,7,663,337,0.663000000,0.163000000,663,0.921918939,0.592919225
restart_reduced_xor_random1_sampler_island_local_warmup11_except_data_ro2_1000x125_strict_20260526.payload,47,7,0,676,324,0.676000000,0.176000000,676,0.908678385,0.564904848
restart_reduced_xor_random1_sampler_island_local_warmup11_except_data_ro2_1000x125_strict_20260526.payload,47,7,1,688,312,0.688000000,0.188000000,688,0.895468641,0.539519530
restart_reduced_xor_random1_sampler_island_local_warmup11_except_data_ro2_1000x125_strict_20260526.payload,47,7,2,698,302,0.698000000,0.198000000,698,0.883721961,0.518701058
restart_reduced_xor_random1_sampler_island_local_warmup11_except_data_ro2_1000x125_strict_20260526.payload,47,7,3,668,332,0.668000000,0.168000000,668,0.916956726,0.582079992
restart_reduced_xor_random1_sampler_island_local_warmup11_except_data_ro2_1000x125_strict_20260526.payload,47,7,4,671,329,0.671000000,0.171000000,671,0.913901413,0.575615328
restart_reduced_xor_random1_sampler_island_local_warmup11_except_data_ro2_1000x125_strict_20260526.payload,47,7,5,638,362,0.638000000,0.138000000,638,0.944330826,0.648371671
restart_reduced_xor_random1_sampler_island_local_warmup11_except_data_ro2_1000x125_strict_20260526.payload,47,7,6,672,328,0.672000000,0.172000000,672,0.912869919,0.573466862
restart_reduced_xor_random1_sampler_island_local_warmup11_except_data_ro2_1000x125_strict_20260526.payload,47,7,7,680,320,0.680000000,0.180000000,680,0.904381458,0.556393349
restart_reduced_xor_random1_sampler_island_local_warmup11_except_data_ro2_1000x125_strict_20260526.payload,48,0,0,647,353,0.647000000,0.147000000,647,0.936718810,0.628162383
restart_reduced_xor_random1_sampler_island_local_warmup11_except_data_ro2_1000x125_strict_20260526.payload,48,0,1,652,348,0.652000000,0.152000000,652,0.932269192,0.617056130
restart_reduced_xor_random1_sampler_island_local_warmup11_except_data_ro2_1000x125_strict_20260526.payload,48,0,2,646,354,0.646000000,0.146000000,646,0.937589751,0.630393930
restart_reduced_xor_random1_sampler_island_local_warmup11_except_data_ro2_1000x125_strict_20260526.payload,48,0,3,687,313,0.687000000,0.187000000,687,0.896606145,0.541617996
restart_reduced_xor_random1_sampler_island_local_warmup11_except_data_ro2_1000x125_strict_20260526.payload,48,0,4,677,323,0.677000000,0.177000000,677,0.907614060,0.562772261
restart_reduced_xor_random1_sampler_island_local_warmup11_except_data_ro2_1000x125_strict_20260526.payload,48,0,5,653,347,0.653000000,0.153000000,653,0.931360226,0.614845103
restart_reduced_xor_random1_sampler_island_local_warmup11_except_data_ro2_1000x125_strict_20260526.payload,48,0,6,680,320,0.680000000,0.180000000,680,0.904381458,0.556393349
restart_reduced_xor_random1_sampler_island_local_warmup11_except_data_ro2_1000x125_strict_20260526.payload,48,0,7,678,322,0.678000000,0.178000000,678,0.906543138,0.560642822
restart_reduced_xor_random1_sampler_island_local_warmup11_except_data_ro2_1000x125_strict_20260526.payload,49,1,0,668,332,0.668000000,0.168000000,668,0.916956726,0.582079992
restart_reduced_xor_random1_sampler_island_local_warmup11_except_data_ro2_1000x125_strict_20260526.payload,49,1,1,648,352,0.648000000,0.148000000,648,0.935841553,0.625934282
restart_reduced_xor_random1_sampler_island_local_warmup11_except_data_ro2_1000x125_strict_20260526.payload,49,1,2,673,327,0.673000000,0.173000000,673,0.911831879,0.571321590
restart_reduced_xor_random1_sampler_island_local_warmup11_except_data_ro2_1000x125_strict_20260526.payload,49,1,3,686,314,0.686000000,0.186000000,686,0.897736940,0.543719518
restart_reduced_xor_random1_sampler_island_local_warmup11_except_data_ro2_1000x125_strict_20260526.payload,49,1,4,695,305,0.695000000,0.195000000,695,0.887317256,0.524915117
restart_reduced_xor_random1_sampler_island_local_warmup11_except_data_ro2_1000x125_strict_20260526.payload,49,1,5,673,327,0.673000000,0.173000000,673,0.911831879,0.571321590
restart_reduced_xor_random1_sampler_island_local_warmup11_except_data_ro2_1000x125_strict_20260526.payload,49,1,6,682,318,0.682000000,0.182000000,682,0.902193257,0.552156356
restart_reduced_xor_random1_sampler_island_local_warmup11_except_data_ro2_1000x125_strict_20260526.payload,49,1,7,657,343,0.657000000,0.157000000,657,0.927660609,0.606034724
restart_reduced_xor_random1_sampler_island_local_warmup11_except_data_ro2_1000x125_strict_20260526.payload,50,2,0,678,322,0.678000000,0.178000000,678,0.906543138,0.560642822
restart_reduced_xor_random1_sampler_island_local_warmup11_except_data_ro2_1000x125_strict_20260526.payload,50,2,1,642,358,0.642000000,0.142000000,642,0.941010506,0.639354798
restart_reduced_xor_random1_sampler_island_local_warmup11_except_data_ro2_1000x125_strict_20260526.payload,50,2,2,655,345,0.655000000,0.155000000,655,0.929523186,0.610433188
restart_reduced_xor_random1_sampler_island_local_warmup11_except_data_ro2_1000x125_strict_20260526.payload,50,2,3,659,341,0.659000000,0.159000000,659,0.925772423,0.601649630
restart_reduced_xor_random1_sampler_island_local_warmup11_except_data_ro2_1000x125_strict_20260526.payload,50,2,4,660,340,0.660000000,0.160000000,660,0.924818705,0.599462070
restart_reduced_xor_random1_sampler_island_local_warmup11_except_data_ro2_1000x125_strict_20260526.payload,50,2,5,670,330,0.670000000,0.170000000,670,0.914926373,0.577766999
restart_reduced_xor_random1_sampler_island_local_warmup11_except_data_ro2_1000x125_strict_20260526.payload,50,2,6,675,325,0.675000000,0.175000000,675,0.909736123,0.567040593
restart_reduced_xor_random1_sampler_island_local_warmup11_except_data_ro2_1000x125_strict_20260526.payload,50,2,7,661,339,0.661000000,0.161000000,661,0.923858558,0.597277823
restart_reduced_xor_random1_sampler_island_local_warmup11_except_data_ro2_1000x125_strict_20260526.payload,51,3,0,641,359,0.641000000,0.141000000,641,0.941849982,0.641603738
restart_reduced_xor_random1_sampler_island_local_warmup11_except_data_ro2_1000x125_strict_20260526.payload,51,3,1,652,348,0.652000000,0.152000000,652,0.932269192,0.617056130
restart_reduced_xor_random1_sampler_island_local_warmup11_except_data_ro2_1000x125_strict_20260526.payload,51,3,2,665,335,0.665000000,0.165000000,665,0.919953491,0.588573754
restart_reduced_xor_random1_sampler_island_local_warmup11_except_data_ro2_1000x125_strict_20260526.payload,51,3,3,682,318,0.682000000,0.182000000,682,0.902193257,0.552156356
restart_reduced_xor_random1_sampler_island_local_warmup11_except_data_ro2_1000x125_strict_20260526.payload,51,3,4,683,317,0.683000000,0.183000000,683,0.901089184,0.550042516
restart_reduced_xor_random1_sampler_island_local_warmup11_except_data_ro2_1000x125_strict_20260526.payload,51,3,5,673,327,0.673000000,0.173000000,673,0.911831879,0.571321590
restart_reduced_xor_random1_sampler_island_local_warmup11_except_data_ro2_1000x125_strict_20260526.payload,51,3,6,679,321,0.679000000,0.179000000,679,0.905465607,0.558516520
restart_reduced_xor_random1_sampler_island_local_warmup11_except_data_ro2_1000x125_strict_20260526.payload,51,3,7,684,316,0.684000000,0.184000000,684,0.899978448,0.547931770
restart_reduced_xor_random1_sampler_island_local_warmup11_except_data_ro2_1000x125_strict_20260526.payload,52,4,0,656,344,0.656000000,0.156000000,656,0.928595094,0.608232280
restart_reduced_xor_random1_sampler_island_local_warmup11_except_data_ro2_1000x125_strict_20260526.payload,52,4,1,664,336,0.664000000,0.164000000,664,0.920939448,0.590744853
restart_reduced_xor_random1_sampler_island_local_warmup11_except_data_ro2_1000x125_strict_20260526.payload,52,4,2,647,353,0.647000000,0.147000000,647,0.936718810,0.628162383
restart_reduced_xor_random1_sampler_island_local_warmup11_except_data_ro2_1000x125_strict_20260526.payload,52,4,3,675,325,0.675000000,0.175000000,675,0.909736123,0.567040593
restart_reduced_xor_random1_sampler_island_local_warmup11_except_data_ro2_1000x125_strict_20260526.payload,52,4,4,690,310,0.690000000,0.190000000,690,0.893173458,0.535331733
restart_reduced_xor_random1_sampler_island_local_warmup11_except_data_ro2_1000x125_strict_20260526.payload,52,4,5,664,336,0.664000000,0.164000000,664,0.920939448,0.590744853
restart_reduced_xor_random1_sampler_island_local_warmup11_except_data_ro2_1000x125_strict_20260526.payload,52,4,6,662,338,0.662000000,0.162000000,662,0.922891972,0.595096878
restart_reduced_xor_random1_sampler_island_local_warmup11_except_data_ro2_1000x125_strict_20260526.payload,52,4,7,664,336,0.664000000,0.164000000,664,0.920939448,0.590744853
restart_reduced_xor_random1_sampler_island_local_warmup11_except_data_ro2_1000x125_strict_20260526.payload,53,5,0,669,331,0.669000000,0.169000000,669,0.915944807,0.579921884
restart_reduced_xor_random1_sampler_island_local_warmup11_except_data_ro2_1000x125_strict_20260526.payload,53,5,1,654,346,0.654000000,0.154000000,654,0.930444894,0.612637459
restart_reduced_xor_random1_sampler_island_local_warmup11_except_data_ro2_1000x125_strict_20260526.payload,53,5,2,692,308,0.692000000,0.192000000,692,0.890851297,0.531156057
restart_reduced_xor_random1_sampler_island_local_warmup11_except_data_ro2_1000x125_strict_20260526.payload,53,5,3,677,323,0.677000000,0.177000000,677,0.907614060,0.562772261
restart_reduced_xor_random1_sampler_island_local_warmup11_except_data_ro2_1000x125_strict_20260526.payload,53,5,4,651,349,0.651000000,0.151000000,651,0.933171798,0.619270551
restart_reduced_xor_random1_sampler_island_local_warmup11_except_data_ro2_1000x125_strict_20260526.payload,53,5,5,671,329,0.671000000,0.171000000,671,0.913901413,0.575615328
restart_reduced_xor_random1_sampler_island_local_warmup11_except_data_ro2_1000x125_strict_20260526.payload,53,5,6,682,318,0.682000000,0.182000000,682,0.902193257,0.552156356
restart_reduced_xor_random1_sampler_island_local_warmup11_except_data_ro2_1000x125_strict_20260526.payload,53,5,7,681,319,0.681000000,0.181000000,681,0.903290678,0.554273297
restart_reduced_xor_random1_sampler_island_local_warmup11_except_data_ro2_1000x125_strict_20260526.payload,54,6,0,658,342,0.658000000,0.158000000,658,0.926719721,0.603840511
restart_reduced_xor_random1_sampler_island_local_warmup11_except_data_ro2_1000x125_strict_20260526.payload,54,6,1,683,317,0.683000000,0.183000000,683,0.901089184,0.550042516
restart_reduced_xor_random1_sampler_island_local_warmup11_except_data_ro2_1000x125_strict_20260526.payload,54,6,2,679,321,0.679000000,0.179000000,679,0.905465607,0.558516520
restart_reduced_xor_random1_sampler_island_local_warmup11_except_data_ro2_1000x125_strict_20260526.payload,54,6,3,684,316,0.684000000,0.184000000,684,0.899978448,0.547931770
restart_reduced_xor_random1_sampler_island_local_warmup11_except_data_ro2_1000x125_strict_20260526.payload,54,6,4,686,314,0.686000000,0.186000000,686,0.897736940,0.543719518
restart_reduced_xor_random1_sampler_island_local_warmup11_except_data_ro2_1000x125_strict_20260526.payload,54,6,5,686,314,0.686000000,0.186000000,686,0.897736940,0.543719518
restart_reduced_xor_random1_sampler_island_local_warmup11_except_data_ro2_1000x125_strict_20260526.payload,54,6,6,690,310,0.690000000,0.190000000,690,0.893173458,0.535331733
restart_reduced_xor_random1_sampler_island_local_warmup11_except_data_ro2_1000x125_strict_20260526.payload,54,6,7,701,299,0.701000000,0.201000000,701,0.880065070,0.512513651
restart_reduced_xor_random1_sampler_island_local_warmup11_except_data_ro2_1000x125_strict_20260526.payload,55,7,0,672,328,0.672000000,0.172000000,672,0.912869919,0.573466862
restart_reduced_xor_random1_sampler_island_local_warmup11_except_data_ro2_1000x125_strict_20260526.payload,55,7,1,689,311,0.689000000,0.189000000,689,0.894324416,0.537424112
restart_reduced_xor_random1_sampler_island_local_warmup11_except_data_ro2_1000x125_strict_20260526.payload,55,7,2,662,338,0.662000000,0.162000000,662,0.922891972,0.595096878
restart_reduced_xor_random1_sampler_island_local_warmup11_except_data_ro2_1000x125_strict_20260526.payload,55,7,3,670,330,0.670000000,0.170000000,670,0.914926373,0.577766999
restart_reduced_xor_random1_sampler_island_local_warmup11_except_data_ro2_1000x125_strict_20260526.payload,55,7,4,697,303,0.697000000,0.197000000,697,0.884927220,0.520769439
restart_reduced_xor_random1_sampler_island_local_warmup11_except_data_ro2_1000x125_strict_20260526.payload,55,7,5,656,344,0.656000000,0.156000000,656,0.928595094,0.608232280
restart_reduced_xor_random1_sampler_island_local_warmup11_except_data_ro2_1000x125_strict_20260526.payload,55,7,6,646,354,0.646000000,0.146000000,646,0.937589751,0.630393930
restart_reduced_xor_random1_sampler_island_local_warmup11_except_data_ro2_1000x125_strict_20260526.payload,55,7,7,675,325,0.675000000,0.175000000,675,0.909736123,0.567040593
restart_reduced_xor_random1_sampler_island_local_warmup11_except_data_ro2_1000x125_strict_20260526.payload,56,0,0,683,317,0.683000000,0.183000000,683,0.901089184,0.550042516
restart_reduced_xor_random1_sampler_island_local_warmup11_except_data_ro2_1000x125_strict_20260526.payload,56,0,1,679,321,0.679000000,0.179000000,679,0.905465607,0.558516520
restart_reduced_xor_random1_sampler_island_local_warmup11_except_data_ro2_1000x125_strict_20260526.payload,56,0,2,670,330,0.670000000,0.170000000,670,0.914926373,0.577766999
restart_reduced_xor_random1_sampler_island_local_warmup11_except_data_ro2_1000x125_strict_20260526.payload,56,0,3,653,347,0.653000000,0.153000000,653,0.931360226,0.614845103
restart_reduced_xor_random1_sampler_island_local_warmup11_except_data_ro2_1000x125_strict_20260526.payload,56,0,4,657,343,0.657000000,0.157000000,657,0.927660609,0.606034724
restart_reduced_xor_random1_sampler_island_local_warmup11_except_data_ro2_1000x125_strict_20260526.payload,56,0,5,663,337,0.663000000,0.163000000,663,0.921918939,0.592919225
restart_reduced_xor_random1_sampler_island_local_warmup11_except_data_ro2_1000x125_strict_20260526.payload,56,0,6,686,314,0.686000000,0.186000000,686,0.897736940,0.543719518
restart_reduced_xor_random1_sampler_island_local_warmup11_except_data_ro2_1000x125_strict_20260526.payload,56,0,7,674,326,0.674000000,0.174000000,674,0.910787284,0.569179503
restart_reduced_xor_random1_sampler_island_local_warmup11_except_data_ro2_1000x125_strict_20260526.payload,57,1,0,662,338,0.662000000,0.162000000,662,0.922891972,0.595096878
restart_reduced_xor_random1_sampler_island_local_warmup11_except_data_ro2_1000x125_strict_20260526.payload,57,1,1,657,343,0.657000000,0.157000000,657,0.927660609,0.606034724
restart_reduced_xor_random1_sampler_island_local_warmup11_except_data_ro2_1000x125_strict_20260526.payload,57,1,2,659,341,0.659000000,0.159000000,659,0.925772423,0.601649630
restart_reduced_xor_random1_sampler_island_local_warmup11_except_data_ro2_1000x125_strict_20260526.payload,57,1,3,658,342,0.658000000,0.158000000,658,0.926719721,0.603840511
restart_reduced_xor_random1_sampler_island_local_warmup11_except_data_ro2_1000x125_strict_20260526.payload,57,1,4,650,350,0.650000000,0.150000000,650,0.934068055,0.621488377
restart_reduced_xor_random1_sampler_island_local_warmup11_except_data_ro2_1000x125_strict_20260526.payload,57,1,5,682,318,0.682000000,0.182000000,682,0.902193257,0.552156356
restart_reduced_xor_random1_sampler_island_local_warmup11_except_data_ro2_1000x125_strict_20260526.payload,57,1,6,665,335,0.665000000,0.165000000,665,0.919953491,0.588573754
restart_reduced_xor_random1_sampler_island_local_warmup11_except_data_ro2_1000x125_strict_20260526.payload,57,1,7,681,319,0.681000000,0.181000000,681,0.903290678,0.554273297
restart_reduced_xor_random1_sampler_island_local_warmup11_except_data_ro2_1000x125_strict_20260526.payload,58,2,0,651,349,0.651000000,0.151000000,651,0.933171798,0.619270551
restart_reduced_xor_random1_sampler_island_local_warmup11_except_data_ro2_1000x125_strict_20260526.payload,58,2,1,668,332,0.668000000,0.168000000,668,0.916956726,0.582079992
restart_reduced_xor_random1_sampler_island_local_warmup11_except_data_ro2_1000x125_strict_20260526.payload,58,2,2,687,313,0.687000000,0.187000000,687,0.896606145,0.541617996
restart_reduced_xor_random1_sampler_island_local_warmup11_except_data_ro2_1000x125_strict_20260526.payload,58,2,3,681,319,0.681000000,0.181000000,681,0.903290678,0.554273297
restart_reduced_xor_random1_sampler_island_local_warmup11_except_data_ro2_1000x125_strict_20260526.payload,58,2,4,672,328,0.672000000,0.172000000,672,0.912869919,0.573466862
restart_reduced_xor_random1_sampler_island_local_warmup11_except_data_ro2_1000x125_strict_20260526.payload,58,2,5,693,307,0.693000000,0.193000000,693,0.889680068,0.529072743
restart_reduced_xor_random1_sampler_island_local_warmup11_except_data_ro2_1000x125_strict_20260526.payload,58,2,6,689,311,0.689000000,0.189000000,689,0.894324416,0.537424112
restart_reduced_xor_random1_sampler_island_local_warmup11_except_data_ro2_1000x125_strict_20260526.payload,58,2,7,651,349,0.651000000,0.151000000,651,0.933171798,0.619270551
restart_reduced_xor_random1_sampler_island_local_warmup11_except_data_ro2_1000x125_strict_20260526.payload,59,3,0,665,335,0.665000000,0.165000000,665,0.919953491,0.588573754
restart_reduced_xor_random1_sampler_island_local_warmup11_except_data_ro2_1000x125_strict_20260526.payload,59,3,1,703,297,0.703000000,0.203000000,703,0.877592748,0.508403406
restart_reduced_xor_random1_sampler_island_local_warmup11_except_data_ro2_1000x125_strict_20260526.payload,59,3,2,697,303,0.697000000,0.197000000,697,0.884927220,0.520769439
restart_reduced_xor_random1_sampler_island_local_warmup11_except_data_ro2_1000x125_strict_20260526.payload,59,3,3,672,328,0.672000000,0.172000000,672,0.912869919,0.573466862
restart_reduced_xor_random1_sampler_island_local_warmup11_except_data_ro2_1000x125_strict_20260526.payload,59,3,4,650,350,0.650000000,0.150000000,650,0.934068055,0.621488377
restart_reduced_xor_random1_sampler_island_local_warmup11_except_data_ro2_1000x125_strict_20260526.payload,59,3,5,683,317,0.683000000,0.183000000,683,0.901089184,0.550042516
restart_reduced_xor_random1_sampler_island_local_warmup11_except_data_ro2_1000x125_strict_20260526.payload,59,3,6,690,310,0.690000000,0.190000000,690,0.893173458,0.535331733
restart_reduced_xor_random1_sampler_island_local_warmup11_except_data_ro2_1000x125_strict_20260526.payload,59,3,7,646,354,0.646000000,0.146000000,646,0.937589751,0.630393930
restart_reduced_xor_random1_sampler_island_local_warmup11_except_data_ro2_1000x125_strict_20260526.payload,60,4,0,652,348,0.652000000,0.152000000,652,0.932269192,0.617056130
restart_reduced_xor_random1_sampler_island_local_warmup11_except_data_ro2_1000x125_strict_20260526.payload,60,4,1,649,351,0.649000000,0.149000000,649,0.934957971,0.623709617
restart_reduced_xor_random1_sampler_island_local_warmup11_except_data_ro2_1000x125_strict_20260526.payload,60,4,2,663,337,0.663000000,0.163000000,663,0.921918939,0.592919225
restart_reduced_xor_random1_sampler_island_local_warmup11_except_data_ro2_1000x125_strict_20260526.payload,60,4,3,651,349,0.651000000,0.151000000,651,0.933171798,0.619270551
restart_reduced_xor_random1_sampler_island_local_warmup11_except_data_ro2_1000x125_strict_20260526.payload,60,4,4,660,340,0.660000000,0.160000000,660,0.924818705,0.599462070
restart_reduced_xor_random1_sampler_island_local_warmup11_except_data_ro2_1000x125_strict_20260526.payload,60,4,5,653,347,0.653000000,0.153000000,653,0.931360226,0.614845103
restart_reduced_xor_random1_sampler_island_local_warmup11_except_data_ro2_1000x125_strict_20260526.payload,60,4,6,649,351,0.649000000,0.149000000,649,0.934957971,0.623709617
restart_reduced_xor_random1_sampler_island_local_warmup11_except_data_ro2_1000x125_strict_20260526.payload,60,4,7,663,337,0.663000000,0.163000000,663,0.921918939,0.592919225
restart_reduced_xor_random1_sampler_island_local_warmup11_except_data_ro2_1000x125_strict_20260526.payload,61,5,0,670,330,0.670000000,0.170000000,670,0.914926373,0.577766999
restart_reduced_xor_random1_sampler_island_local_warmup11_except_data_ro2_1000x125_strict_20260526.payload,61,5,1,680,320,0.680000000,0.180000000,680,0.904381458,0.556393349
restart_reduced_xor_random1_sampler_island_local_warmup11_except_data_ro2_1000x125_strict_20260526.payload,61,5,2,695,305,0.695000000,0.195000000,695,0.887317256,0.524915117
restart_reduced_xor_random1_sampler_island_local_warmup11_except_data_ro2_1000x125_strict_20260526.payload,61,5,3,679,321,0.679000000,0.179000000,679,0.905465607,0.558516520
restart_reduced_xor_random1_sampler_island_local_warmup11_except_data_ro2_1000x125_strict_20260526.payload,61,5,4,687,313,0.687000000,0.187000000,687,0.896606145,0.541617996
restart_reduced_xor_random1_sampler_island_local_warmup11_except_data_ro2_1000x125_strict_20260526.payload,61,5,5,656,344,0.656000000,0.156000000,656,0.928595094,0.608232280
restart_reduced_xor_random1_sampler_island_local_warmup11_except_data_ro2_1000x125_strict_20260526.payload,61,5,6,633,367,0.633000000,0.133000000,633,0.948340730,0.659722595
restart_reduced_xor_random1_sampler_island_local_warmup11_except_data_ro2_1000x125_strict_20260526.payload,61,5,7,677,323,0.677000000,0.177000000,677,0.907614060,0.562772261
restart_reduced_xor_random1_sampler_island_local_warmup11_except_data_ro2_1000x125_strict_20260526.payload,62,6,0,665,335,0.665000000,0.165000000,665,0.919953491,0.588573754
restart_reduced_xor_random1_sampler_island_local_warmup11_except_data_ro2_1000x125_strict_20260526.payload,62,6,1,652,348,0.652000000,0.152000000,652,0.932269192,0.617056130
restart_reduced_xor_random1_sampler_island_local_warmup11_except_data_ro2_1000x125_strict_20260526.payload,62,6,2,659,341,0.659000000,0.159000000,659,0.925772423,0.601649630
restart_reduced_xor_random1_sampler_island_local_warmup11_except_data_ro2_1000x125_strict_20260526.payload,62,6,3,690,310,0.690000000,0.190000000,690,0.893173458,0.535331733
restart_reduced_xor_random1_sampler_island_local_warmup11_except_data_ro2_1000x125_strict_20260526.payload,62,6,4,651,349,0.651000000,0.151000000,651,0.933171798,0.619270551
restart_reduced_xor_random1_sampler_island_local_warmup11_except_data_ro2_1000x125_strict_20260526.payload,62,6,5,668,332,0.668000000,0.168000000,668,0.916956726,0.582079992
restart_reduced_xor_random1_sampler_island_local_warmup11_except_data_ro2_1000x125_strict_20260526.payload,62,6,6,675,325,0.675000000,0.175000000,675,0.909736123,0.567040593
restart_reduced_xor_random1_sampler_island_local_warmup11_except_data_ro2_1000x125_strict_20260526.payload,62,6,7,672,328,0.672000000,0.172000000,672,0.912869919,0.573466862
restart_reduced_xor_random1_sampler_island_local_warmup11_except_data_ro2_1000x125_strict_20260526.payload,63,7,0,673,327,0.673000000,0.173000000,673,0.911831879,0.571321590
restart_reduced_xor_random1_sampler_island_local_warmup11_except_data_ro2_1000x125_strict_20260526.payload,63,7,1,667,333,0.667000000,0.167000000,667,0.917962140,0.584241333
restart_reduced_xor_random1_sampler_island_local_warmup11_except_data_ro2_1000x125_strict_20260526.payload,63,7,2,644,356,0.644000000,0.144000000,644,0.939312714,0.634867407
restart_reduced_xor_random1_sampler_island_local_warmup11_except_data_ro2_1000x125_strict_20260526.payload,63,7,3,669,331,0.669000000,0.169000000,669,0.915944807,0.579921884
restart_reduced_xor_random1_sampler_island_local_warmup11_except_data_ro2_1000x125_strict_20260526.payload,63,7,4,644,356,0.644000000,0.144000000,644,0.939312714,0.634867407
restart_reduced_xor_random1_sampler_island_local_warmup11_except_data_ro2_1000x125_strict_20260526.payload,63,7,5,668,332,0.668000000,0.168000000,668,0.916956726,0.582079992
restart_reduced_xor_random1_sampler_island_local_warmup11_except_data_ro2_1000x125_strict_20260526.payload,63,7,6,673,327,0.673000000,0.173000000,673,0.911831879,0.571321590
restart_reduced_xor_random1_sampler_island_local_warmup11_except_data_ro2_1000x125_strict_20260526.payload,63,7,7,678,322,0.678000000,0.178000000,678,0.906543138,0.560642822
restart_reduced_xor_random1_sampler_island_local_warmup11_except_data_ro2_1000x125_strict_20260526.payload,64,0,0,679,321,0.679000000,0.179000000,679,0.905465607,0.558516520
restart_reduced_xor_random1_sampler_island_local_warmup11_except_data_ro2_1000x125_strict_20260526.payload,64,0,1,670,330,0.670000000,0.170000000,670,0.914926373,0.577766999
restart_reduced_xor_random1_sampler_island_local_warmup11_except_data_ro2_1000x125_strict_20260526.payload,64,0,2,673,327,0.673000000,0.173000000,673,0.911831879,0.571321590
restart_reduced_xor_random1_sampler_island_local_warmup11_except_data_ro2_1000x125_strict_20260526.payload,64,0,3,670,330,0.670000000,0.170000000,670,0.914926373,0.577766999
restart_reduced_xor_random1_sampler_island_local_warmup11_except_data_ro2_1000x125_strict_20260526.payload,64,0,4,663,337,0.663000000,0.163000000,663,0.921918939,0.592919225
restart_reduced_xor_random1_sampler_island_local_warmup11_except_data_ro2_1000x125_strict_20260526.payload,64,0,5,655,345,0.655000000,0.155000000,655,0.929523186,0.610433188
restart_reduced_xor_random1_sampler_island_local_warmup11_except_data_ro2_1000x125_strict_20260526.payload,64,0,6,681,319,0.681000000,0.181000000,681,0.903290678,0.554273297
restart_reduced_xor_random1_sampler_island_local_warmup11_except_data_ro2_1000x125_strict_20260526.payload,64,0,7,690,310,0.690000000,0.190000000,690,0.893173458,0.535331733
restart_reduced_xor_random1_sampler_island_local_warmup11_except_data_ro2_1000x125_strict_20260526.payload,65,1,0,670,330,0.670000000,0.170000000,670,0.914926373,0.577766999
restart_reduced_xor_random1_sampler_island_local_warmup11_except_data_ro2_1000x125_strict_20260526.payload,65,1,1,676,324,0.676000000,0.176000000,676,0.908678385,0.564904848
restart_reduced_xor_random1_sampler_island_local_warmup11_except_data_ro2_1000x125_strict_20260526.payload,65,1,2,679,321,0.679000000,0.179000000,679,0.905465607,0.558516520
restart_reduced_xor_random1_sampler_island_local_warmup11_except_data_ro2_1000x125_strict_20260526.payload,65,1,3,718,282,0.718000000,0.218000000,718,0.858161659,0.477944251
restart_reduced_xor_random1_sampler_island_local_warmup11_except_data_ro2_1000x125_strict_20260526.payload,65,1,4,684,316,0.684000000,0.184000000,684,0.899978448,0.547931770
restart_reduced_xor_random1_sampler_island_local_warmup11_except_data_ro2_1000x125_strict_20260526.payload,65,1,5,671,329,0.671000000,0.171000000,671,0.913901413,0.575615328
restart_reduced_xor_random1_sampler_island_local_warmup11_except_data_ro2_1000x125_strict_20260526.payload,65,1,6,666,334,0.666000000,0.166000000,666,0.918961059,0.586405918
restart_reduced_xor_random1_sampler_island_local_warmup11_except_data_ro2_1000x125_strict_20260526.payload,65,1,7,659,341,0.659000000,0.159000000,659,0.925772423,0.601649630
restart_reduced_xor_random1_sampler_island_local_warmup11_except_data_ro2_1000x125_strict_20260526.payload,66,2,0,661,339,0.661000000,0.161000000,661,0.923858558,0.597277823
restart_reduced_xor_random1_sampler_island_local_warmup11_except_data_ro2_1000x125_strict_20260526.payload,66,2,1,651,349,0.651000000,0.151000000,651,0.933171798,0.619270551
restart_reduced_xor_random1_sampler_island_local_warmup11_except_data_ro2_1000x125_strict_20260526.payload,66,2,2,658,342,0.658000000,0.158000000,658,0.926719721,0.603840511
restart_reduced_xor_random1_sampler_island_local_warmup11_except_data_ro2_1000x125_strict_20260526.payload,66,2,3,676,324,0.676000000,0.176000000,676,0.908678385,0.564904848
restart_reduced_xor_random1_sampler_island_local_warmup11_except_data_ro2_1000x125_strict_20260526.payload,66,2,4,672,328,0.672000000,0.172000000,672,0.912869919,0.573466862
restart_reduced_xor_random1_sampler_island_local_warmup11_except_data_ro2_1000x125_strict_20260526.payload,66,2,5,681,319,0.681000000,0.181000000,681,0.903290678,0.554273297
restart_reduced_xor_random1_sampler_island_local_warmup11_except_data_ro2_1000x125_strict_20260526.payload,66,2,6,690,310,0.690000000,0.190000000,690,0.893173458,0.535331733
restart_reduced_xor_random1_sampler_island_local_warmup11_except_data_ro2_1000x125_strict_20260526.payload,66,2,7,648,352,0.648000000,0.148000000,648,0.935841553,0.625934282
restart_reduced_xor_random1_sampler_island_local_warmup11_except_data_ro2_1000x125_strict_20260526.payload,67,3,0,691,309,0.691000000,0.191000000,691,0.892015756,0.533242384
restart_reduced_xor_random1_sampler_island_local_warmup11_except_data_ro2_1000x125_strict_20260526.payload,67,3,1,649,351,0.649000000,0.149000000,649,0.934957971,0.623709617
restart_reduced_xor_random1_sampler_island_local_warmup11_except_data_ro2_1000x125_strict_20260526.payload,67,3,2,683,317,0.683000000,0.183000000,683,0.901089184,0.550042516
restart_reduced_xor_random1_sampler_island_local_warmup11_except_data_ro2_1000x125_strict_20260526.payload,67,3,3,662,338,0.662000000,0.162000000,662,0.922891972,0.595096878
restart_reduced_xor_random1_sampler_island_local_warmup11_except_data_ro2_1000x125_strict_20260526.payload,67,3,4,646,354,0.646000000,0.146000000,646,0.937589751,0.630393930
restart_reduced_xor_random1_sampler_island_local_warmup11_except_data_ro2_1000x125_strict_20260526.payload,67,3,5,673,327,0.673000000,0.173000000,673,0.911831879,0.571321590
restart_reduced_xor_random1_sampler_island_local_warmup11_except_data_ro2_1000x125_strict_20260526.payload,67,3,6,670,330,0.670000000,0.170000000,670,0.914926373,0.577766999
restart_reduced_xor_random1_sampler_island_local_warmup11_except_data_ro2_1000x125_strict_20260526.payload,67,3,7,673,327,0.673000000,0.173000000,673,0.911831879,0.571321590
restart_reduced_xor_random1_sampler_island_local_warmup11_except_data_ro2_1000x125_strict_20260526.payload,68,4,0,697,303,0.697000000,0.197000000,697,0.884927220,0.520769439
restart_reduced_xor_random1_sampler_island_local_warmup11_except_data_ro2_1000x125_strict_20260526.payload,68,4,1,633,367,0.633000000,0.133000000,633,0.948340730,0.659722595
restart_reduced_xor_random1_sampler_island_local_warmup11_except_data_ro2_1000x125_strict_20260526.payload,68,4,2,664,336,0.664000000,0.164000000,664,0.920939448,0.590744853
restart_reduced_xor_random1_sampler_island_local_warmup11_except_data_ro2_1000x125_strict_20260526.payload,68,4,3,664,336,0.664000000,0.164000000,664,0.920939448,0.590744853
restart_reduced_xor_random1_sampler_island_local_warmup11_except_data_ro2_1000x125_strict_20260526.payload,68,4,4,646,354,0.646000000,0.146000000,646,0.937589751,0.630393930
restart_reduced_xor_random1_sampler_island_local_warmup11_except_data_ro2_1000x125_strict_20260526.payload,68,4,5,669,331,0.669000000,0.169000000,669,0.915944807,0.579921884
restart_reduced_xor_random1_sampler_island_local_warmup11_except_data_ro2_1000x125_strict_20260526.payload,68,4,6,652,348,0.652000000,0.152000000,652,0.932269192,0.617056130
restart_reduced_xor_random1_sampler_island_local_warmup11_except_data_ro2_1000x125_strict_20260526.payload,68,4,7,658,342,0.658000000,0.158000000,658,0.926719721,0.603840511
restart_reduced_xor_random1_sampler_island_local_warmup11_except_data_ro2_1000x125_strict_20260526.payload,69,5,0,675,325,0.675000000,0.175000000,675,0.909736123,0.567040593
restart_reduced_xor_random1_sampler_island_local_warmup11_except_data_ro2_1000x125_strict_20260526.payload,69,5,1,679,321,0.679000000,0.179000000,679,0.905465607,0.558516520
restart_reduced_xor_random1_sampler_island_local_warmup11_except_data_ro2_1000x125_strict_20260526.payload,69,5,2,665,335,0.665000000,0.165000000,665,0.919953491,0.588573754
restart_reduced_xor_random1_sampler_island_local_warmup11_except_data_ro2_1000x125_strict_20260526.payload,69,5,3,684,316,0.684000000,0.184000000,684,0.899978448,0.547931770
restart_reduced_xor_random1_sampler_island_local_warmup11_except_data_ro2_1000x125_strict_20260526.payload,69,5,4,676,324,0.676000000,0.176000000,676,0.908678385,0.564904848
restart_reduced_xor_random1_sampler_island_local_warmup11_except_data_ro2_1000x125_strict_20260526.payload,69,5,5,656,344,0.656000000,0.156000000,656,0.928595094,0.608232280
restart_reduced_xor_random1_sampler_island_local_warmup11_except_data_ro2_1000x125_strict_20260526.payload,69,5,6,681,319,0.681000000,0.181000000,681,0.903290678,0.554273297
restart_reduced_xor_random1_sampler_island_local_warmup11_except_data_ro2_1000x125_strict_20260526.payload,69,5,7,712,288,0.712000000,0.212000000,712,0.866123681,0.490050854
restart_reduced_xor_random1_sampler_island_local_warmup11_except_data_ro2_1000x125_strict_20260526.payload,70,6,0,672,328,0.672000000,0.172000000,672,0.912869919,0.573466862
restart_reduced_xor_random1_sampler_island_local_warmup11_except_data_ro2_1000x125_strict_20260526.payload,70,6,1,678,322,0.678000000,0.178000000,678,0.906543138,0.560642822
restart_reduced_xor_random1_sampler_island_local_warmup11_except_data_ro2_1000x125_strict_20260526.payload,70,6,2,695,305,0.695000000,0.195000000,695,0.887317256,0.524915117
restart_reduced_xor_random1_sampler_island_local_warmup11_except_data_ro2_1000x125_strict_20260526.payload,70,6,3,666,334,0.666000000,0.166000000,666,0.918961059,0.586405918
restart_reduced_xor_random1_sampler_island_local_warmup11_except_data_ro2_1000x125_strict_20260526.payload,70,6,4,662,338,0.662000000,0.162000000,662,0.922891972,0.595096878
restart_reduced_xor_random1_sampler_island_local_warmup11_except_data_ro2_1000x125_strict_20260526.payload,70,6,5,649,351,0.649000000,0.149000000,649,0.934957971,0.623709617
restart_reduced_xor_random1_sampler_island_local_warmup11_except_data_ro2_1000x125_strict_20260526.payload,70,6,6,665,335,0.665000000,0.165000000,665,0.919953491,0.588573754
restart_reduced_xor_random1_sampler_island_local_warmup11_except_data_ro2_1000x125_strict_20260526.payload,70,6,7,643,357,0.643000000,0.143000000,643,0.940164752,0.637109357
restart_reduced_xor_random1_sampler_island_local_warmup11_except_data_ro2_1000x125_strict_20260526.payload,71,7,0,674,326,0.674000000,0.174000000,674,0.910787284,0.569179503
restart_reduced_xor_random1_sampler_island_local_warmup11_except_data_ro2_1000x125_strict_20260526.payload,71,7,1,679,321,0.679000000,0.179000000,679,0.905465607,0.558516520
restart_reduced_xor_random1_sampler_island_local_warmup11_except_data_ro2_1000x125_strict_20260526.payload,71,7,2,682,318,0.682000000,0.182000000,682,0.902193257,0.552156356
restart_reduced_xor_random1_sampler_island_local_warmup11_except_data_ro2_1000x125_strict_20260526.payload,71,7,3,646,354,0.646000000,0.146000000,646,0.937589751,0.630393930
restart_reduced_xor_random1_sampler_island_local_warmup11_except_data_ro2_1000x125_strict_20260526.payload,71,7,4,666,334,0.666000000,0.166000000,666,0.918961059,0.586405918
restart_reduced_xor_random1_sampler_island_local_warmup11_except_data_ro2_1000x125_strict_20260526.payload,71,7,5,671,329,0.671000000,0.171000000,671,0.913901413,0.575615328
restart_reduced_xor_random1_sampler_island_local_warmup11_except_data_ro2_1000x125_strict_20260526.payload,71,7,6,664,336,0.664000000,0.164000000,664,0.920939448,0.590744853
restart_reduced_xor_random1_sampler_island_local_warmup11_except_data_ro2_1000x125_strict_20260526.payload,71,7,7,662,338,0.662000000,0.162000000,662,0.922891972,0.595096878
restart_reduced_xor_random1_sampler_island_local_warmup11_except_data_ro2_1000x125_strict_20260526.payload,72,0,0,669,331,0.669000000,0.169000000,669,0.915944807,0.579921884
restart_reduced_xor_random1_sampler_island_local_warmup11_except_data_ro2_1000x125_strict_20260526.payload,72,0,1,684,316,0.684000000,0.184000000,684,0.899978448,0.547931770
restart_reduced_xor_random1_sampler_island_local_warmup11_except_data_ro2_1000x125_strict_20260526.payload,72,0,2,633,367,0.633000000,0.133000000,633,0.948340730,0.659722595
restart_reduced_xor_random1_sampler_island_local_warmup11_except_data_ro2_1000x125_strict_20260526.payload,72,0,3,667,333,0.667000000,0.167000000,667,0.917962140,0.584241333
restart_reduced_xor_random1_sampler_island_local_warmup11_except_data_ro2_1000x125_strict_20260526.payload,72,0,4,673,327,0.673000000,0.173000000,673,0.911831879,0.571321590
restart_reduced_xor_random1_sampler_island_local_warmup11_except_data_ro2_1000x125_strict_20260526.payload,72,0,5,667,333,0.667000000,0.167000000,667,0.917962140,0.584241333
restart_reduced_xor_random1_sampler_island_local_warmup11_except_data_ro2_1000x125_strict_20260526.payload,72,0,6,681,319,0.681000000,0.181000000,681,0.903290678,0.554273297
restart_reduced_xor_random1_sampler_island_local_warmup11_except_data_ro2_1000x125_strict_20260526.payload,72,0,7,698,302,0.698000000,0.198000000,698,0.883721961,0.518701058
restart_reduced_xor_random1_sampler_island_local_warmup11_except_data_ro2_1000x125_strict_20260526.payload,73,1,0,663,337,0.663000000,0.163000000,663,0.921918939,0.592919225
restart_reduced_xor_random1_sampler_island_local_warmup11_except_data_ro2_1000x125_strict_20260526.payload,73,1,1,670,330,0.670000000,0.170000000,670,0.914926373,0.577766999
restart_reduced_xor_random1_sampler_island_local_warmup11_except_data_ro2_1000x125_strict_20260526.payload,73,1,2,650,350,0.650000000,0.150000000,650,0.934068055,0.621488377
restart_reduced_xor_random1_sampler_island_local_warmup11_except_data_ro2_1000x125_strict_20260526.payload,73,1,3,656,344,0.656000000,0.156000000,656,0.928595094,0.608232280
restart_reduced_xor_random1_sampler_island_local_warmup11_except_data_ro2_1000x125_strict_20260526.payload,73,1,4,672,328,0.672000000,0.172000000,672,0.912869919,0.573466862
restart_reduced_xor_random1_sampler_island_local_warmup11_except_data_ro2_1000x125_strict_20260526.payload,73,1,5,679,321,0.679000000,0.179000000,679,0.905465607,0.558516520
restart_reduced_xor_random1_sampler_island_local_warmup11_except_data_ro2_1000x125_strict_20260526.payload,73,1,6,656,344,0.656000000,0.156000000,656,0.928595094,0.608232280
restart_reduced_xor_random1_sampler_island_local_warmup11_except_data_ro2_1000x125_strict_20260526.payload,73,1,7,664,336,0.664000000,0.164000000,664,0.920939448,0.590744853
restart_reduced_xor_random1_sampler_island_local_warmup11_except_data_ro2_1000x125_strict_20260526.payload,74,2,0,655,345,0.655000000,0.155000000,655,0.929523186,0.610433188
restart_reduced_xor_random1_sampler_island_local_warmup11_except_data_ro2_1000x125_strict_20260526.payload,74,2,1,651,349,0.651000000,0.151000000,651,0.933171798,0.619270551
restart_reduced_xor_random1_sampler_island_local_warmup11_except_data_ro2_1000x125_strict_20260526.payload,74,2,2,686,314,0.686000000,0.186000000,686,0.897736940,0.543719518
restart_reduced_xor_random1_sampler_island_local_warmup11_except_data_ro2_1000x125_strict_20260526.payload,74,2,3,701,299,0.701000000,0.201000000,701,0.880065070,0.512513651
restart_reduced_xor_random1_sampler_island_local_warmup11_except_data_ro2_1000x125_strict_20260526.payload,74,2,4,678,322,0.678000000,0.178000000,678,0.906543138,0.560642822
restart_reduced_xor_random1_sampler_island_local_warmup11_except_data_ro2_1000x125_strict_20260526.payload,74,2,5,700,300,0.700000000,0.200000000,700,0.881290899,0.514573173
restart_reduced_xor_random1_sampler_island_local_warmup11_except_data_ro2_1000x125_strict_20260526.payload,74,2,6,689,311,0.689000000,0.189000000,689,0.894324416,0.537424112
restart_reduced_xor_random1_sampler_island_local_warmup11_except_data_ro2_1000x125_strict_20260526.payload,74,2,7,662,338,0.662000000,0.162000000,662,0.922891972,0.595096878
restart_reduced_xor_random1_sampler_island_local_warmup11_except_data_ro2_1000x125_strict_20260526.payload,75,3,0,669,331,0.669000000,0.169000000,669,0.915944807,0.579921884
restart_reduced_xor_random1_sampler_island_local_warmup11_except_data_ro2_1000x125_strict_20260526.payload,75,3,1,668,332,0.668000000,0.168000000,668,0.916956726,0.582079992
restart_reduced_xor_random1_sampler_island_local_warmup11_except_data_ro2_1000x125_strict_20260526.payload,75,3,2,698,302,0.698000000,0.198000000,698,0.883721961,0.518701058
restart_reduced_xor_random1_sampler_island_local_warmup11_except_data_ro2_1000x125_strict_20260526.payload,75,3,3,659,341,0.659000000,0.159000000,659,0.925772423,0.601649630
restart_reduced_xor_random1_sampler_island_local_warmup11_except_data_ro2_1000x125_strict_20260526.payload,75,3,4,673,327,0.673000000,0.173000000,673,0.911831879,0.571321590
restart_reduced_xor_random1_sampler_island_local_warmup11_except_data_ro2_1000x125_strict_20260526.payload,75,3,5,711,289,0.711000000,0.211000000,711,0.867425974,0.492078535
restart_reduced_xor_random1_sampler_island_local_warmup11_except_data_ro2_1000x125_strict_20260526.payload,75,3,6,667,333,0.667000000,0.167000000,667,0.917962140,0.584241333
restart_reduced_xor_random1_sampler_island_local_warmup11_except_data_ro2_1000x125_strict_20260526.payload,75,3,7,658,342,0.658000000,0.158000000,658,0.926719721,0.603840511
restart_reduced_xor_random1_sampler_island_local_warmup11_except_data_ro2_1000x125_strict_20260526.payload,76,4,0,650,350,0.650000000,0.150000000,650,0.934068055,0.621488377
restart_reduced_xor_random1_sampler_island_local_warmup11_except_data_ro2_1000x125_strict_20260526.payload,76,4,1,667,333,0.667000000,0.167000000,667,0.917962140,0.584241333
restart_reduced_xor_random1_sampler_island_local_warmup11_except_data_ro2_1000x125_strict_20260526.payload,76,4,2,642,358,0.642000000,0.142000000,642,0.941010506,0.639354798
restart_reduced_xor_random1_sampler_island_local_warmup11_except_data_ro2_1000x125_strict_20260526.payload,76,4,3,664,336,0.664000000,0.164000000,664,0.920939448,0.590744853
restart_reduced_xor_random1_sampler_island_local_warmup11_except_data_ro2_1000x125_strict_20260526.payload,76,4,4,657,343,0.657000000,0.157000000,657,0.927660609,0.606034724
restart_reduced_xor_random1_sampler_island_local_warmup11_except_data_ro2_1000x125_strict_20260526.payload,76,4,5,665,335,0.665000000,0.165000000,665,0.919953491,0.588573754
restart_reduced_xor_random1_sampler_island_local_warmup11_except_data_ro2_1000x125_strict_20260526.payload,76,4,6,667,333,0.667000000,0.167000000,667,0.917962140,0.584241333
restart_reduced_xor_random1_sampler_island_local_warmup11_except_data_ro2_1000x125_strict_20260526.payload,76,4,7,639,361,0.639000000,0.139000000,639,0.943510135,0.646112164
restart_reduced_xor_random1_sampler_island_local_warmup11_except_data_ro2_1000x125_strict_20260526.payload,77,5,0,676,324,0.676000000,0.176000000,676,0.908678385,0.564904848
restart_reduced_xor_random1_sampler_island_local_warmup11_except_data_ro2_1000x125_strict_20260526.payload,77,5,1,658,342,0.658000000,0.158000000,658,0.926719721,0.603840511
restart_reduced_xor_random1_sampler_island_local_warmup11_except_data_ro2_1000x125_strict_20260526.payload,77,5,2,673,327,0.673000000,0.173000000,673,0.911831879,0.571321590
restart_reduced_xor_random1_sampler_island_local_warmup11_except_data_ro2_1000x125_strict_20260526.payload,77,5,3,654,346,0.654000000,0.154000000,654,0.930444894,0.612637459
restart_reduced_xor_random1_sampler_island_local_warmup11_except_data_ro2_1000x125_strict_20260526.payload,77,5,4,692,308,0.692000000,0.192000000,692,0.890851297,0.531156057
restart_reduced_xor_random1_sampler_island_local_warmup11_except_data_ro2_1000x125_strict_20260526.payload,77,5,5,664,336,0.664000000,0.164000000,664,0.920939448,0.590744853
restart_reduced_xor_random1_sampler_island_local_warmup11_except_data_ro2_1000x125_strict_20260526.payload,77,5,6,673,327,0.673000000,0.173000000,673,0.911831879,0.571321590
restart_reduced_xor_random1_sampler_island_local_warmup11_except_data_ro2_1000x125_strict_20260526.payload,77,5,7,659,341,0.659000000,0.159000000,659,0.925772423,0.601649630
restart_reduced_xor_random1_sampler_island_local_warmup11_except_data_ro2_1000x125_strict_20260526.payload,78,6,0,650,350,0.650000000,0.150000000,650,0.934068055,0.621488377
restart_reduced_xor_random1_sampler_island_local_warmup11_except_data_ro2_1000x125_strict_20260526.payload,78,6,1,663,337,0.663000000,0.163000000,663,0.921918939,0.592919225
restart_reduced_xor_random1_sampler_island_local_warmup11_except_data_ro2_1000x125_strict_20260526.payload,78,6,2,671,329,0.671000000,0.171000000,671,0.913901413,0.575615328
restart_reduced_xor_random1_sampler_island_local_warmup11_except_data_ro2_1000x125_strict_20260526.payload,78,6,3,670,330,0.670000000,0.170000000,670,0.914926373,0.577766999
restart_reduced_xor_random1_sampler_island_local_warmup11_except_data_ro2_1000x125_strict_20260526.payload,78,6,4,651,349,0.651000000,0.151000000,651,0.933171798,0.619270551
restart_reduced_xor_random1_sampler_island_local_warmup11_except_data_ro2_1000x125_strict_20260526.payload,78,6,5,663,337,0.663000000,0.163000000,663,0.921918939,0.592919225
restart_reduced_xor_random1_sampler_island_local_warmup11_except_data_ro2_1000x125_strict_20260526.payload,78,6,6,659,341,0.659000000,0.159000000,659,0.925772423,0.601649630
restart_reduced_xor_random1_sampler_island_local_warmup11_except_data_ro2_1000x125_strict_20260526.payload,78,6,7,652,348,0.652000000,0.152000000,652,0.932269192,0.617056130
restart_reduced_xor_random1_sampler_island_local_warmup11_except_data_ro2_1000x125_strict_20260526.payload,79,7,0,664,336,0.664000000,0.164000000,664,0.920939448,0.590744853
restart_reduced_xor_random1_sampler_island_local_warmup11_except_data_ro2_1000x125_strict_20260526.payload,79,7,1,677,323,0.677000000,0.177000000,677,0.907614060,0.562772261
restart_reduced_xor_random1_sampler_island_local_warmup11_except_data_ro2_1000x125_strict_20260526.payload,79,7,2,660,340,0.660000000,0.160000000,660,0.924818705,0.599462070
restart_reduced_xor_random1_sampler_island_local_warmup11_except_data_ro2_1000x125_strict_20260526.payload,79,7,3,642,358,0.642000000,0.142000000,642,0.941010506,0.639354798
restart_reduced_xor_random1_sampler_island_local_warmup11_except_data_ro2_1000x125_strict_20260526.payload,79,7,4,670,330,0.670000000,0.170000000,670,0.914926373,0.577766999
restart_reduced_xor_random1_sampler_island_local_warmup11_except_data_ro2_1000x125_strict_20260526.payload,79,7,5,671,329,0.671000000,0.171000000,671,0.913901413,0.575615328
restart_reduced_xor_random1_sampler_island_local_warmup11_except_data_ro2_1000x125_strict_20260526.payload,79,7,6,668,332,0.668000000,0.168000000,668,0.916956726,0.582079992
restart_reduced_xor_random1_sampler_island_local_warmup11_except_data_ro2_1000x125_strict_20260526.payload,79,7,7,641,359,0.641000000,0.141000000,641,0.941849982,0.641603738
restart_reduced_xor_random1_sampler_island_local_warmup11_except_data_ro2_1000x125_strict_20260526.payload,80,0,0,656,344,0.656000000,0.156000000,656,0.928595094,0.608232280
restart_reduced_xor_random1_sampler_island_local_warmup11_except_data_ro2_1000x125_strict_20260526.payload,80,0,1,680,320,0.680000000,0.180000000,680,0.904381458,0.556393349
restart_reduced_xor_random1_sampler_island_local_warmup11_except_data_ro2_1000x125_strict_20260526.payload,80,0,2,645,355,0.645000000,0.145000000,645,0.938454383,0.632628934
restart_reduced_xor_random1_sampler_island_local_warmup11_except_data_ro2_1000x125_strict_20260526.payload,80,0,3,651,349,0.651000000,0.151000000,651,0.933171798,0.619270551
restart_reduced_xor_random1_sampler_island_local_warmup11_except_data_ro2_1000x125_strict_20260526.payload,80,0,4,638,362,0.638000000,0.138000000,638,0.944330826,0.648371671
restart_reduced_xor_random1_sampler_island_local_warmup11_except_data_ro2_1000x125_strict_20260526.payload,80,0,5,645,355,0.645000000,0.145000000,645,0.938454383,0.632628934
restart_reduced_xor_random1_sampler_island_local_warmup11_except_data_ro2_1000x125_strict_20260526.payload,80,0,6,659,341,0.659000000,0.159000000,659,0.925772423,0.601649630
restart_reduced_xor_random1_sampler_island_local_warmup11_except_data_ro2_1000x125_strict_20260526.payload,80,0,7,662,338,0.662000000,0.162000000,662,0.922891972,0.595096878
restart_reduced_xor_random1_sampler_island_local_warmup11_except_data_ro2_1000x125_strict_20260526.payload,81,1,0,650,350,0.650000000,0.150000000,650,0.934068055,0.621488377
restart_reduced_xor_random1_sampler_island_local_warmup11_except_data_ro2_1000x125_strict_20260526.payload,81,1,1,672,328,0.672000000,0.172000000,672,0.912869919,0.573466862
restart_reduced_xor_random1_sampler_island_local_warmup11_except_data_ro2_1000x125_strict_20260526.payload,81,1,2,672,328,0.672000000,0.172000000,672,0.912869919,0.573466862
restart_reduced_xor_random1_sampler_island_local_warmup11_except_data_ro2_1000x125_strict_20260526.payload,81,1,3,668,332,0.668000000,0.168000000,668,0.916956726,0.582079992
restart_reduced_xor_random1_sampler_island_local_warmup11_except_data_ro2_1000x125_strict_20260526.payload,81,1,4,682,318,0.682000000,0.182000000,682,0.902193257,0.552156356
restart_reduced_xor_random1_sampler_island_local_warmup11_except_data_ro2_1000x125_strict_20260526.payload,81,1,5,678,322,0.678000000,0.178000000,678,0.906543138,0.560642822
restart_reduced_xor_random1_sampler_island_local_warmup11_except_data_ro2_1000x125_strict_20260526.payload,81,1,6,644,356,0.644000000,0.144000000,644,0.939312714,0.634867407
restart_reduced_xor_random1_sampler_island_local_warmup11_except_data_ro2_1000x125_strict_20260526.payload,81,1,7,669,331,0.669000000,0.169000000,669,0.915944807,0.579921884
restart_reduced_xor_random1_sampler_island_local_warmup11_except_data_ro2_1000x125_strict_20260526.payload,82,2,0,638,362,0.638000000,0.138000000,638,0.944330826,0.648371671
restart_reduced_xor_random1_sampler_island_local_warmup11_except_data_ro2_1000x125_strict_20260526.payload,82,2,1,640,360,0.640000000,0.140000000,640,0.942683189,0.643856190
restart_reduced_xor_random1_sampler_island_local_warmup11_except_data_ro2_1000x125_strict_20260526.payload,82,2,2,652,348,0.652000000,0.152000000,652,0.932269192,0.617056130
restart_reduced_xor_random1_sampler_island_local_warmup11_except_data_ro2_1000x125_strict_20260526.payload,82,2,3,679,321,0.679000000,0.179000000,679,0.905465607,0.558516520
restart_reduced_xor_random1_sampler_island_local_warmup11_except_data_ro2_1000x125_strict_20260526.payload,82,2,4,683,317,0.683000000,0.183000000,683,0.901089184,0.550042516
restart_reduced_xor_random1_sampler_island_local_warmup11_except_data_ro2_1000x125_strict_20260526.payload,82,2,5,673,327,0.673000000,0.173000000,673,0.911831879,0.571321590
restart_reduced_xor_random1_sampler_island_local_warmup11_except_data_ro2_1000x125_strict_20260526.payload,82,2,6,657,343,0.657000000,0.157000000,657,0.927660609,0.606034724
restart_reduced_xor_random1_sampler_island_local_warmup11_except_data_ro2_1000x125_strict_20260526.payload,82,2,7,662,338,0.662000000,0.162000000,662,0.922891972,0.595096878
restart_reduced_xor_random1_sampler_island_local_warmup11_except_data_ro2_1000x125_strict_20260526.payload,83,3,0,622,378,0.622000000,0.122000000,622,0.956617229,0.685013515
restart_reduced_xor_random1_sampler_island_local_warmup11_except_data_ro2_1000x125_strict_20260526.payload,83,3,1,642,358,0.642000000,0.142000000,642,0.941010506,0.639354798
restart_reduced_xor_random1_sampler_island_local_warmup11_except_data_ro2_1000x125_strict_20260526.payload,83,3,2,678,322,0.678000000,0.178000000,678,0.906543138,0.560642822
restart_reduced_xor_random1_sampler_island_local_warmup11_except_data_ro2_1000x125_strict_20260526.payload,83,3,3,673,327,0.673000000,0.173000000,673,0.911831879,0.571321590
restart_reduced_xor_random1_sampler_island_local_warmup11_except_data_ro2_1000x125_strict_20260526.payload,83,3,4,675,325,0.675000000,0.175000000,675,0.909736123,0.567040593
restart_reduced_xor_random1_sampler_island_local_warmup11_except_data_ro2_1000x125_strict_20260526.payload,83,3,5,674,326,0.674000000,0.174000000,674,0.910787284,0.569179503
restart_reduced_xor_random1_sampler_island_local_warmup11_except_data_ro2_1000x125_strict_20260526.payload,83,3,6,644,356,0.644000000,0.144000000,644,0.939312714,0.634867407
restart_reduced_xor_random1_sampler_island_local_warmup11_except_data_ro2_1000x125_strict_20260526.payload,83,3,7,649,351,0.649000000,0.149000000,649,0.934957971,0.623709617
restart_reduced_xor_random1_sampler_island_local_warmup11_except_data_ro2_1000x125_strict_20260526.payload,84,4,0,679,321,0.679000000,0.179000000,679,0.905465607,0.558516520
restart_reduced_xor_random1_sampler_island_local_warmup11_except_data_ro2_1000x125_strict_20260526.payload,84,4,1,676,324,0.676000000,0.176000000,676,0.908678385,0.564904848
restart_reduced_xor_random1_sampler_island_local_warmup11_except_data_ro2_1000x125_strict_20260526.payload,84,4,2,647,353,0.647000000,0.147000000,647,0.936718810,0.628162383
restart_reduced_xor_random1_sampler_island_local_warmup11_except_data_ro2_1000x125_strict_20260526.payload,84,4,3,653,347,0.653000000,0.153000000,653,0.931360226,0.614845103
restart_reduced_xor_random1_sampler_island_local_warmup11_except_data_ro2_1000x125_strict_20260526.payload,84,4,4,665,335,0.665000000,0.165000000,665,0.919953491,0.588573754
restart_reduced_xor_random1_sampler_island_local_warmup11_except_data_ro2_1000x125_strict_20260526.payload,84,4,5,687,313,0.687000000,0.187000000,687,0.896606145,0.541617996
restart_reduced_xor_random1_sampler_island_local_warmup11_except_data_ro2_1000x125_strict_20260526.payload,84,4,6,681,319,0.681000000,0.181000000,681,0.903290678,0.554273297
restart_reduced_xor_random1_sampler_island_local_warmup11_except_data_ro2_1000x125_strict_20260526.payload,84,4,7,644,356,0.644000000,0.144000000,644,0.939312714,0.634867407
restart_reduced_xor_random1_sampler_island_local_warmup11_except_data_ro2_1000x125_strict_20260526.payload,85,5,0,667,333,0.667000000,0.167000000,667,0.917962140,0.584241333
restart_reduced_xor_random1_sampler_island_local_warmup11_except_data_ro2_1000x125_strict_20260526.payload,85,5,1,656,344,0.656000000,0.156000000,656,0.928595094,0.608232280
restart_reduced_xor_random1_sampler_island_local_warmup11_except_data_ro2_1000x125_strict_20260526.payload,85,5,2,660,340,0.660000000,0.160000000,660,0.924818705,0.599462070
restart_reduced_xor_random1_sampler_island_local_warmup11_except_data_ro2_1000x125_strict_20260526.payload,85,5,3,665,335,0.665000000,0.165000000,665,0.919953491,0.588573754
restart_reduced_xor_random1_sampler_island_local_warmup11_except_data_ro2_1000x125_strict_20260526.payload,85,5,4,667,333,0.667000000,0.167000000,667,0.917962140,0.584241333
restart_reduced_xor_random1_sampler_island_local_warmup11_except_data_ro2_1000x125_strict_20260526.payload,85,5,5,668,332,0.668000000,0.168000000,668,0.916956726,0.582079992
restart_reduced_xor_random1_sampler_island_local_warmup11_except_data_ro2_1000x125_strict_20260526.payload,85,5,6,666,334,0.666000000,0.166000000,666,0.918961059,0.586405918
restart_reduced_xor_random1_sampler_island_local_warmup11_except_data_ro2_1000x125_strict_20260526.payload,85,5,7,664,336,0.664000000,0.164000000,664,0.920939448,0.590744853
restart_reduced_xor_random1_sampler_island_local_warmup11_except_data_ro2_1000x125_strict_20260526.payload,86,6,0,655,345,0.655000000,0.155000000,655,0.929523186,0.610433188
restart_reduced_xor_random1_sampler_island_local_warmup11_except_data_ro2_1000x125_strict_20260526.payload,86,6,1,676,324,0.676000000,0.176000000,676,0.908678385,0.564904848
restart_reduced_xor_random1_sampler_island_local_warmup11_except_data_ro2_1000x125_strict_20260526.payload,86,6,2,657,343,0.657000000,0.157000000,657,0.927660609,0.606034724
restart_reduced_xor_random1_sampler_island_local_warmup11_except_data_ro2_1000x125_strict_20260526.payload,86,6,3,664,336,0.664000000,0.164000000,664,0.920939448,0.590744853
restart_reduced_xor_random1_sampler_island_local_warmup11_except_data_ro2_1000x125_strict_20260526.payload,86,6,4,677,323,0.677000000,0.177000000,677,0.907614060,0.562772261
restart_reduced_xor_random1_sampler_island_local_warmup11_except_data_ro2_1000x125_strict_20260526.payload,86,6,5,654,346,0.654000000,0.154000000,654,0.930444894,0.612637459
restart_reduced_xor_random1_sampler_island_local_warmup11_except_data_ro2_1000x125_strict_20260526.payload,86,6,6,678,322,0.678000000,0.178000000,678,0.906543138,0.560642822
restart_reduced_xor_random1_sampler_island_local_warmup11_except_data_ro2_1000x125_strict_20260526.payload,86,6,7,702,298,0.702000000,0.202000000,702,0.878832357,0.510457064
restart_reduced_xor_random1_sampler_island_local_warmup11_except_data_ro2_1000x125_strict_20260526.payload,87,7,0,652,348,0.652000000,0.152000000,652,0.932269192,0.617056130
restart_reduced_xor_random1_sampler_island_local_warmup11_except_data_ro2_1000x125_strict_20260526.payload,87,7,1,677,323,0.677000000,0.177000000,677,0.907614060,0.562772261
restart_reduced_xor_random1_sampler_island_local_warmup11_except_data_ro2_1000x125_strict_20260526.payload,87,7,2,684,316,0.684000000,0.184000000,684,0.899978448,0.547931770
restart_reduced_xor_random1_sampler_island_local_warmup11_except_data_ro2_1000x125_strict_20260526.payload,87,7,3,695,305,0.695000000,0.195000000,695,0.887317256,0.524915117
restart_reduced_xor_random1_sampler_island_local_warmup11_except_data_ro2_1000x125_strict_20260526.payload,87,7,4,692,308,0.692000000,0.192000000,692,0.890851297,0.531156057
restart_reduced_xor_random1_sampler_island_local_warmup11_except_data_ro2_1000x125_strict_20260526.payload,87,7,5,687,313,0.687000000,0.187000000,687,0.896606145,0.541617996
restart_reduced_xor_random1_sampler_island_local_warmup11_except_data_ro2_1000x125_strict_20260526.payload,87,7,6,663,337,0.663000000,0.163000000,663,0.921918939,0.592919225
restart_reduced_xor_random1_sampler_island_local_warmup11_except_data_ro2_1000x125_strict_20260526.payload,87,7,7,661,339,0.661000000,0.161000000,661,0.923858558,0.597277823
restart_reduced_xor_random1_sampler_island_local_warmup11_except_data_ro2_1000x125_strict_20260526.payload,88,0,0,688,312,0.688000000,0.188000000,688,0.895468641,0.539519530
restart_reduced_xor_random1_sampler_island_local_warmup11_except_data_ro2_1000x125_strict_20260526.payload,88,0,1,677,323,0.677000000,0.177000000,677,0.907614060,0.562772261
restart_reduced_xor_random1_sampler_island_local_warmup11_except_data_ro2_1000x125_strict_20260526.payload,88,0,2,676,324,0.676000000,0.176000000,676,0.908678385,0.564904848
restart_reduced_xor_random1_sampler_island_local_warmup11_except_data_ro2_1000x125_strict_20260526.payload,88,0,3,707,293,0.707000000,0.207000000,707,0.872565078,0.500217880
restart_reduced_xor_random1_sampler_island_local_warmup11_except_data_ro2_1000x125_strict_20260526.payload,88,0,4,703,297,0.703000000,0.203000000,703,0.877592748,0.508403406
restart_reduced_xor_random1_sampler_island_local_warmup11_except_data_ro2_1000x125_strict_20260526.payload,88,0,5,674,326,0.674000000,0.174000000,674,0.910787284,0.569179503
restart_reduced_xor_random1_sampler_island_local_warmup11_except_data_ro2_1000x125_strict_20260526.payload,88,0,6,651,349,0.651000000,0.151000000,651,0.933171798,0.619270551
restart_reduced_xor_random1_sampler_island_local_warmup11_except_data_ro2_1000x125_strict_20260526.payload,88,0,7,644,356,0.644000000,0.144000000,644,0.939312714,0.634867407
restart_reduced_xor_random1_sampler_island_local_warmup11_except_data_ro2_1000x125_strict_20260526.payload,89,1,0,665,335,0.665000000,0.165000000,665,0.919953491,0.588573754
restart_reduced_xor_random1_sampler_island_local_warmup11_except_data_ro2_1000x125_strict_20260526.payload,89,1,1,675,325,0.675000000,0.175000000,675,0.909736123,0.567040593
restart_reduced_xor_random1_sampler_island_local_warmup11_except_data_ro2_1000x125_strict_20260526.payload,89,1,2,680,320,0.680000000,0.180000000,680,0.904381458,0.556393349
restart_reduced_xor_random1_sampler_island_local_warmup11_except_data_ro2_1000x125_strict_20260526.payload,89,1,3,677,323,0.677000000,0.177000000,677,0.907614060,0.562772261
restart_reduced_xor_random1_sampler_island_local_warmup11_except_data_ro2_1000x125_strict_20260526.payload,89,1,4,690,310,0.690000000,0.190000000,690,0.893173458,0.535331733
restart_reduced_xor_random1_sampler_island_local_warmup11_except_data_ro2_1000x125_strict_20260526.payload,89,1,5,674,326,0.674000000,0.174000000,674,0.910787284,0.569179503
restart_reduced_xor_random1_sampler_island_local_warmup11_except_data_ro2_1000x125_strict_20260526.payload,89,1,6,640,360,0.640000000,0.140000000,640,0.942683189,0.643856190
restart_reduced_xor_random1_sampler_island_local_warmup11_except_data_ro2_1000x125_strict_20260526.payload,89,1,7,672,328,0.672000000,0.172000000,672,0.912869919,0.573466862
restart_reduced_xor_random1_sampler_island_local_warmup11_except_data_ro2_1000x125_strict_20260526.payload,90,2,0,647,353,0.647000000,0.147000000,647,0.936718810,0.628162383
restart_reduced_xor_random1_sampler_island_local_warmup11_except_data_ro2_1000x125_strict_20260526.payload,90,2,1,645,355,0.645000000,0.145000000,645,0.938454383,0.632628934
restart_reduced_xor_random1_sampler_island_local_warmup11_except_data_ro2_1000x125_strict_20260526.payload,90,2,2,663,337,0.663000000,0.163000000,663,0.921918939,0.592919225
restart_reduced_xor_random1_sampler_island_local_warmup11_except_data_ro2_1000x125_strict_20260526.payload,90,2,3,672,328,0.672000000,0.172000000,672,0.912869919,0.573466862
restart_reduced_xor_random1_sampler_island_local_warmup11_except_data_ro2_1000x125_strict_20260526.payload,90,2,4,660,340,0.660000000,0.160000000,660,0.924818705,0.599462070
restart_reduced_xor_random1_sampler_island_local_warmup11_except_data_ro2_1000x125_strict_20260526.payload,90,2,5,685,315,0.685000000,0.185000000,685,0.898861037,0.545824107
restart_reduced_xor_random1_sampler_island_local_warmup11_except_data_ro2_1000x125_strict_20260526.payload,90,2,6,695,305,0.695000000,0.195000000,695,0.887317256,0.524915117
restart_reduced_xor_random1_sampler_island_local_warmup11_except_data_ro2_1000x125_strict_20260526.payload,90,2,7,663,337,0.663000000,0.163000000,663,0.921918939,0.592919225
restart_reduced_xor_random1_sampler_island_local_warmup11_except_data_ro2_1000x125_strict_20260526.payload,91,3,0,673,327,0.673000000,0.173000000,673,0.911831879,0.571321590
restart_reduced_xor_random1_sampler_island_local_warmup11_except_data_ro2_1000x125_strict_20260526.payload,91,3,1,663,337,0.663000000,0.163000000,663,0.921918939,0.592919225
restart_reduced_xor_random1_sampler_island_local_warmup11_except_data_ro2_1000x125_strict_20260526.payload,91,3,2,670,330,0.670000000,0.170000000,670,0.914926373,0.577766999
restart_reduced_xor_random1_sampler_island_local_warmup11_except_data_ro2_1000x125_strict_20260526.payload,91,3,3,673,327,0.673000000,0.173000000,673,0.911831879,0.571321590
restart_reduced_xor_random1_sampler_island_local_warmup11_except_data_ro2_1000x125_strict_20260526.payload,91,3,4,673,327,0.673000000,0.173000000,673,0.911831879,0.571321590
restart_reduced_xor_random1_sampler_island_local_warmup11_except_data_ro2_1000x125_strict_20260526.payload,91,3,5,680,320,0.680000000,0.180000000,680,0.904381458,0.556393349
restart_reduced_xor_random1_sampler_island_local_warmup11_except_data_ro2_1000x125_strict_20260526.payload,91,3,6,659,341,0.659000000,0.159000000,659,0.925772423,0.601649630
restart_reduced_xor_random1_sampler_island_local_warmup11_except_data_ro2_1000x125_strict_20260526.payload,91,3,7,659,341,0.659000000,0.159000000,659,0.925772423,0.601649630
restart_reduced_xor_random1_sampler_island_local_warmup11_except_data_ro2_1000x125_strict_20260526.payload,92,4,0,683,317,0.683000000,0.183000000,683,0.901089184,0.550042516
restart_reduced_xor_random1_sampler_island_local_warmup11_except_data_ro2_1000x125_strict_20260526.payload,92,4,1,666,334,0.666000000,0.166000000,666,0.918961059,0.586405918
restart_reduced_xor_random1_sampler_island_local_warmup11_except_data_ro2_1000x125_strict_20260526.payload,92,4,2,663,337,0.663000000,0.163000000,663,0.921918939,0.592919225
restart_reduced_xor_random1_sampler_island_local_warmup11_except_data_ro2_1000x125_strict_20260526.payload,92,4,3,647,353,0.647000000,0.147000000,647,0.936718810,0.628162383
restart_reduced_xor_random1_sampler_island_local_warmup11_except_data_ro2_1000x125_strict_20260526.payload,92,4,4,648,352,0.648000000,0.148000000,648,0.935841553,0.625934282
restart_reduced_xor_random1_sampler_island_local_warmup11_except_data_ro2_1000x125_strict_20260526.payload,92,4,5,644,356,0.644000000,0.144000000,644,0.939312714,0.634867407
restart_reduced_xor_random1_sampler_island_local_warmup11_except_data_ro2_1000x125_strict_20260526.payload,92,4,6,648,352,0.648000000,0.148000000,648,0.935841553,0.625934282
restart_reduced_xor_random1_sampler_island_local_warmup11_except_data_ro2_1000x125_strict_20260526.payload,92,4,7,665,335,0.665000000,0.165000000,665,0.919953491,0.588573754
restart_reduced_xor_random1_sampler_island_local_warmup11_except_data_ro2_1000x125_strict_20260526.payload,93,5,0,681,319,0.681000000,0.181000000,681,0.903290678,0.554273297
restart_reduced_xor_random1_sampler_island_local_warmup11_except_data_ro2_1000x125_strict_20260526.payload,93,5,1,672,328,0.672000000,0.172000000,672,0.912869919,0.573466862
restart_reduced_xor_random1_sampler_island_local_warmup11_except_data_ro2_1000x125_strict_20260526.payload,93,5,2,684,316,0.684000000,0.184000000,684,0.899978448,0.547931770
restart_reduced_xor_random1_sampler_island_local_warmup11_except_data_ro2_1000x125_strict_20260526.payload,93,5,3,676,324,0.676000000,0.176000000,676,0.908678385,0.564904848
restart_reduced_xor_random1_sampler_island_local_warmup11_except_data_ro2_1000x125_strict_20260526.payload,93,5,4,660,340,0.660000000,0.160000000,660,0.924818705,0.599462070
restart_reduced_xor_random1_sampler_island_local_warmup11_except_data_ro2_1000x125_strict_20260526.payload,93,5,5,677,323,0.677000000,0.177000000,677,0.907614060,0.562772261
restart_reduced_xor_random1_sampler_island_local_warmup11_except_data_ro2_1000x125_strict_20260526.payload,93,5,6,661,339,0.661000000,0.161000000,661,0.923858558,0.597277823
restart_reduced_xor_random1_sampler_island_local_warmup11_except_data_ro2_1000x125_strict_20260526.payload,93,5,7,645,355,0.645000000,0.145000000,645,0.938454383,0.632628934
restart_reduced_xor_random1_sampler_island_local_warmup11_except_data_ro2_1000x125_strict_20260526.payload,94,6,0,667,333,0.667000000,0.167000000,667,0.917962140,0.584241333
restart_reduced_xor_random1_sampler_island_local_warmup11_except_data_ro2_1000x125_strict_20260526.payload,94,6,1,666,334,0.666000000,0.166000000,666,0.918961059,0.586405918
restart_reduced_xor_random1_sampler_island_local_warmup11_except_data_ro2_1000x125_strict_20260526.payload,94,6,2,691,309,0.691000000,0.191000000,691,0.892015756,0.533242384
restart_reduced_xor_random1_sampler_island_local_warmup11_except_data_ro2_1000x125_strict_20260526.payload,94,6,3,671,329,0.671000000,0.171000000,671,0.913901413,0.575615328
restart_reduced_xor_random1_sampler_island_local_warmup11_except_data_ro2_1000x125_strict_20260526.payload,94,6,4,688,312,0.688000000,0.188000000,688,0.895468641,0.539519530
restart_reduced_xor_random1_sampler_island_local_warmup11_except_data_ro2_1000x125_strict_20260526.payload,94,6,5,672,328,0.672000000,0.172000000,672,0.912869919,0.573466862
restart_reduced_xor_random1_sampler_island_local_warmup11_except_data_ro2_1000x125_strict_20260526.payload,94,6,6,678,322,0.678000000,0.178000000,678,0.906543138,0.560642822
restart_reduced_xor_random1_sampler_island_local_warmup11_except_data_ro2_1000x125_strict_20260526.payload,94,6,7,673,327,0.673000000,0.173000000,673,0.911831879,0.571321590
restart_reduced_xor_random1_sampler_island_local_warmup11_except_data_ro2_1000x125_strict_20260526.payload,95,7,0,685,315,0.685000000,0.185000000,685,0.898861037,0.545824107
restart_reduced_xor_random1_sampler_island_local_warmup11_except_data_ro2_1000x125_strict_20260526.payload,95,7,1,671,329,0.671000000,0.171000000,671,0.913901413,0.575615328
restart_reduced_xor_random1_sampler_island_local_warmup11_except_data_ro2_1000x125_strict_20260526.payload,95,7,2,650,350,0.650000000,0.150000000,650,0.934068055,0.621488377
restart_reduced_xor_random1_sampler_island_local_warmup11_except_data_ro2_1000x125_strict_20260526.payload,95,7,3,658,342,0.658000000,0.158000000,658,0.926719721,0.603840511
restart_reduced_xor_random1_sampler_island_local_warmup11_except_data_ro2_1000x125_strict_20260526.payload,95,7,4,650,350,0.650000000,0.150000000,650,0.934068055,0.621488377
restart_reduced_xor_random1_sampler_island_local_warmup11_except_data_ro2_1000x125_strict_20260526.payload,95,7,5,664,336,0.664000000,0.164000000,664,0.920939448,0.590744853
restart_reduced_xor_random1_sampler_island_local_warmup11_except_data_ro2_1000x125_strict_20260526.payload,95,7,6,699,301,0.699000000,0.199000000,699,0.882509859,0.516635639
restart_reduced_xor_random1_sampler_island_local_warmup11_except_data_ro2_1000x125_strict_20260526.payload,95,7,7,670,330,0.670000000,0.170000000,670,0.914926373,0.577766999
restart_reduced_xor_random1_sampler_island_local_warmup11_except_data_ro2_1000x125_strict_20260526.payload,96,0,0,665,335,0.665000000,0.165000000,665,0.919953491,0.588573754
restart_reduced_xor_random1_sampler_island_local_warmup11_except_data_ro2_1000x125_strict_20260526.payload,96,0,1,652,348,0.652000000,0.152000000,652,0.932269192,0.617056130
restart_reduced_xor_random1_sampler_island_local_warmup11_except_data_ro2_1000x125_strict_20260526.payload,96,0,2,625,375,0.625000000,0.125000000,625,0.954434003,0.678071905
restart_reduced_xor_random1_sampler_island_local_warmup11_except_data_ro2_1000x125_strict_20260526.payload,96,0,3,668,332,0.668000000,0.168000000,668,0.916956726,0.582079992
restart_reduced_xor_random1_sampler_island_local_warmup11_except_data_ro2_1000x125_strict_20260526.payload,96,0,4,678,322,0.678000000,0.178000000,678,0.906543138,0.560642822
restart_reduced_xor_random1_sampler_island_local_warmup11_except_data_ro2_1000x125_strict_20260526.payload,96,0,5,659,341,0.659000000,0.159000000,659,0.925772423,0.601649630
restart_reduced_xor_random1_sampler_island_local_warmup11_except_data_ro2_1000x125_strict_20260526.payload,96,0,6,697,303,0.697000000,0.197000000,697,0.884927220,0.520769439
restart_reduced_xor_random1_sampler_island_local_warmup11_except_data_ro2_1000x125_strict_20260526.payload,96,0,7,677,323,0.677000000,0.177000000,677,0.907614060,0.562772261
restart_reduced_xor_random1_sampler_island_local_warmup11_except_data_ro2_1000x125_strict_20260526.payload,97,1,0,665,335,0.665000000,0.165000000,665,0.919953491,0.588573754
restart_reduced_xor_random1_sampler_island_local_warmup11_except_data_ro2_1000x125_strict_20260526.payload,97,1,1,658,342,0.658000000,0.158000000,658,0.926719721,0.603840511
restart_reduced_xor_random1_sampler_island_local_warmup11_except_data_ro2_1000x125_strict_20260526.payload,97,1,2,663,337,0.663000000,0.163000000,663,0.921918939,0.592919225
restart_reduced_xor_random1_sampler_island_local_warmup11_except_data_ro2_1000x125_strict_20260526.payload,97,1,3,630,370,0.630000000,0.130000000,630,0.950672093,0.666576266
restart_reduced_xor_random1_sampler_island_local_warmup11_except_data_ro2_1000x125_strict_20260526.payload,97,1,4,662,338,0.662000000,0.162000000,662,0.922891972,0.595096878
restart_reduced_xor_random1_sampler_island_local_warmup11_except_data_ro2_1000x125_strict_20260526.payload,97,1,5,677,323,0.677000000,0.177000000,677,0.907614060,0.562772261
restart_reduced_xor_random1_sampler_island_local_warmup11_except_data_ro2_1000x125_strict_20260526.payload,97,1,6,643,357,0.643000000,0.143000000,643,0.940164752,0.637109357
restart_reduced_xor_random1_sampler_island_local_warmup11_except_data_ro2_1000x125_strict_20260526.payload,97,1,7,643,357,0.643000000,0.143000000,643,0.940164752,0.637109357
restart_reduced_xor_random1_sampler_island_local_warmup11_except_data_ro2_1000x125_strict_20260526.payload,98,2,0,671,329,0.671000000,0.171000000,671,0.913901413,0.575615328
restart_reduced_xor_random1_sampler_island_local_warmup11_except_data_ro2_1000x125_strict_20260526.payload,98,2,1,677,323,0.677000000,0.177000000,677,0.907614060,0.562772261
restart_reduced_xor_random1_sampler_island_local_warmup11_except_data_ro2_1000x125_strict_20260526.payload,98,2,2,689,311,0.689000000,0.189000000,689,0.894324416,0.537424112
restart_reduced_xor_random1_sampler_island_local_warmup11_except_data_ro2_1000x125_strict_20260526.payload,98,2,3,694,306,0.694000000,0.194000000,694,0.888502059,0.526992432
restart_reduced_xor_random1_sampler_island_local_warmup11_except_data_ro2_1000x125_strict_20260526.payload,98,2,4,686,314,0.686000000,0.186000000,686,0.897736940,0.543719518
restart_reduced_xor_random1_sampler_island_local_warmup11_except_data_ro2_1000x125_strict_20260526.payload,98,2,5,659,341,0.659000000,0.159000000,659,0.925772423,0.601649630
restart_reduced_xor_random1_sampler_island_local_warmup11_except_data_ro2_1000x125_strict_20260526.payload,98,2,6,698,302,0.698000000,0.198000000,698,0.883721961,0.518701058
restart_reduced_xor_random1_sampler_island_local_warmup11_except_data_ro2_1000x125_strict_20260526.payload,98,2,7,670,330,0.670000000,0.170000000,670,0.914926373,0.577766999
restart_reduced_xor_random1_sampler_island_local_warmup11_except_data_ro2_1000x125_strict_20260526.payload,99,3,0,667,333,0.667000000,0.167000000,667,0.917962140,0.584241333
restart_reduced_xor_random1_sampler_island_local_warmup11_except_data_ro2_1000x125_strict_20260526.payload,99,3,1,687,313,0.687000000,0.187000000,687,0.896606145,0.541617996
restart_reduced_xor_random1_sampler_island_local_warmup11_except_data_ro2_1000x125_strict_20260526.payload,99,3,2,678,322,0.678000000,0.178000000,678,0.906543138,0.560642822
restart_reduced_xor_random1_sampler_island_local_warmup11_except_data_ro2_1000x125_strict_20260526.payload,99,3,3,685,315,0.685000000,0.185000000,685,0.898861037,0.545824107
restart_reduced_xor_random1_sampler_island_local_warmup11_except_data_ro2_1000x125_strict_20260526.payload,99,3,4,671,329,0.671000000,0.171000000,671,0.913901413,0.575615328
restart_reduced_xor_random1_sampler_island_local_warmup11_except_data_ro2_1000x125_strict_20260526.payload,99,3,5,652,348,0.652000000,0.152000000,652,0.932269192,0.617056130
restart_reduced_xor_random1_sampler_island_local_warmup11_except_data_ro2_1000x125_strict_20260526.payload,99,3,6,679,321,0.679000000,0.179000000,679,0.905465607,0.558516520
restart_reduced_xor_random1_sampler_island_local_warmup11_except_data_ro2_1000x125_strict_20260526.payload,99,3,7,666,334,0.666000000,0.166000000,666,0.918961059,0.586405918
restart_reduced_xor_random1_sampler_island_local_warmup11_except_data_ro2_1000x125_strict_20260526.payload,100,4,0,660,340,0.660000000,0.160000000,660,0.924818705,0.599462070
restart_reduced_xor_random1_sampler_island_local_warmup11_except_data_ro2_1000x125_strict_20260526.payload,100,4,1,635,365,0.635000000,0.135000000,635,0.946755450,0.655171503
restart_reduced_xor_random1_sampler_island_local_warmup11_except_data_ro2_1000x125_strict_20260526.payload,100,4,2,635,365,0.635000000,0.135000000,635,0.946755450,0.655171503
restart_reduced_xor_random1_sampler_island_local_warmup11_except_data_ro2_1000x125_strict_20260526.payload,100,4,3,695,305,0.695000000,0.195000000,695,0.887317256,0.524915117
restart_reduced_xor_random1_sampler_island_local_warmup11_except_data_ro2_1000x125_strict_20260526.payload,100,4,4,667,333,0.667000000,0.167000000,667,0.917962140,0.584241333
restart_reduced_xor_random1_sampler_island_local_warmup11_except_data_ro2_1000x125_strict_20260526.payload,100,4,5,671,329,0.671000000,0.171000000,671,0.913901413,0.575615328
restart_reduced_xor_random1_sampler_island_local_warmup11_except_data_ro2_1000x125_strict_20260526.payload,100,4,6,684,316,0.684000000,0.184000000,684,0.899978448,0.547931770
restart_reduced_xor_random1_sampler_island_local_warmup11_except_data_ro2_1000x125_strict_20260526.payload,100,4,7,685,315,0.685000000,0.185000000,685,0.898861037,0.545824107
restart_reduced_xor_random1_sampler_island_local_warmup11_except_data_ro2_1000x125_strict_20260526.payload,101,5,0,657,343,0.657000000,0.157000000,657,0.927660609,0.606034724
restart_reduced_xor_random1_sampler_island_local_warmup11_except_data_ro2_1000x125_strict_20260526.payload,101,5,1,675,325,0.675000000,0.175000000,675,0.909736123,0.567040593
restart_reduced_xor_random1_sampler_island_local_warmup11_except_data_ro2_1000x125_strict_20260526.payload,101,5,2,679,321,0.679000000,0.179000000,679,0.905465607,0.558516520
restart_reduced_xor_random1_sampler_island_local_warmup11_except_data_ro2_1000x125_strict_20260526.payload,101,5,3,663,337,0.663000000,0.163000000,663,0.921918939,0.592919225
restart_reduced_xor_random1_sampler_island_local_warmup11_except_data_ro2_1000x125_strict_20260526.payload,101,5,4,661,339,0.661000000,0.161000000,661,0.923858558,0.597277823
restart_reduced_xor_random1_sampler_island_local_warmup11_except_data_ro2_1000x125_strict_20260526.payload,101,5,5,655,345,0.655000000,0.155000000,655,0.929523186,0.610433188
restart_reduced_xor_random1_sampler_island_local_warmup11_except_data_ro2_1000x125_strict_20260526.payload,101,5,6,657,343,0.657000000,0.157000000,657,0.927660609,0.606034724
restart_reduced_xor_random1_sampler_island_local_warmup11_except_data_ro2_1000x125_strict_20260526.payload,101,5,7,657,343,0.657000000,0.157000000,657,0.927660609,0.606034724
restart_reduced_xor_random1_sampler_island_local_warmup11_except_data_ro2_1000x125_strict_20260526.payload,102,6,0,656,344,0.656000000,0.156000000,656,0.928595094,0.608232280
restart_reduced_xor_random1_sampler_island_local_warmup11_except_data_ro2_1000x125_strict_20260526.payload,102,6,1,679,321,0.679000000,0.179000000,679,0.905465607,0.558516520
restart_reduced_xor_random1_sampler_island_local_warmup11_except_data_ro2_1000x125_strict_20260526.payload,102,6,2,670,330,0.670000000,0.170000000,670,0.914926373,0.577766999
restart_reduced_xor_random1_sampler_island_local_warmup11_except_data_ro2_1000x125_strict_20260526.payload,102,6,3,670,330,0.670000000,0.170000000,670,0.914926373,0.577766999
restart_reduced_xor_random1_sampler_island_local_warmup11_except_data_ro2_1000x125_strict_20260526.payload,102,6,4,643,357,0.643000000,0.143000000,643,0.940164752,0.637109357
restart_reduced_xor_random1_sampler_island_local_warmup11_except_data_ro2_1000x125_strict_20260526.payload,102,6,5,634,366,0.634000000,0.134000000,634,0.947551199,0.657445255
restart_reduced_xor_random1_sampler_island_local_warmup11_except_data_ro2_1000x125_strict_20260526.payload,102,6,6,655,345,0.655000000,0.155000000,655,0.929523186,0.610433188
restart_reduced_xor_random1_sampler_island_local_warmup11_except_data_ro2_1000x125_strict_20260526.payload,102,6,7,656,344,0.656000000,0.156000000,656,0.928595094,0.608232280
restart_reduced_xor_random1_sampler_island_local_warmup11_except_data_ro2_1000x125_strict_20260526.payload,103,7,0,660,340,0.660000000,0.160000000,660,0.924818705,0.599462070
restart_reduced_xor_random1_sampler_island_local_warmup11_except_data_ro2_1000x125_strict_20260526.payload,103,7,1,684,316,0.684000000,0.184000000,684,0.899978448,0.547931770
restart_reduced_xor_random1_sampler_island_local_warmup11_except_data_ro2_1000x125_strict_20260526.payload,103,7,2,659,341,0.659000000,0.159000000,659,0.925772423,0.601649630
restart_reduced_xor_random1_sampler_island_local_warmup11_except_data_ro2_1000x125_strict_20260526.payload,103,7,3,672,328,0.672000000,0.172000000,672,0.912869919,0.573466862
restart_reduced_xor_random1_sampler_island_local_warmup11_except_data_ro2_1000x125_strict_20260526.payload,103,7,4,683,317,0.683000000,0.183000000,683,0.901089184,0.550042516
restart_reduced_xor_random1_sampler_island_local_warmup11_except_data_ro2_1000x125_strict_20260526.payload,103,7,5,659,341,0.659000000,0.159000000,659,0.925772423,0.601649630
restart_reduced_xor_random1_sampler_island_local_warmup11_except_data_ro2_1000x125_strict_20260526.payload,103,7,6,659,341,0.659000000,0.159000000,659,0.925772423,0.601649630
restart_reduced_xor_random1_sampler_island_local_warmup11_except_data_ro2_1000x125_strict_20260526.payload,103,7,7,653,347,0.653000000,0.153000000,653,0.931360226,0.614845103
restart_reduced_xor_random1_sampler_island_local_warmup11_except_data_ro2_1000x125_strict_20260526.payload,104,0,0,662,338,0.662000000,0.162000000,662,0.922891972,0.595096878
restart_reduced_xor_random1_sampler_island_local_warmup11_except_data_ro2_1000x125_strict_20260526.payload,104,0,1,663,337,0.663000000,0.163000000,663,0.921918939,0.592919225
restart_reduced_xor_random1_sampler_island_local_warmup11_except_data_ro2_1000x125_strict_20260526.payload,104,0,2,662,338,0.662000000,0.162000000,662,0.922891972,0.595096878
restart_reduced_xor_random1_sampler_island_local_warmup11_except_data_ro2_1000x125_strict_20260526.payload,104,0,3,665,335,0.665000000,0.165000000,665,0.919953491,0.588573754
restart_reduced_xor_random1_sampler_island_local_warmup11_except_data_ro2_1000x125_strict_20260526.payload,104,0,4,668,332,0.668000000,0.168000000,668,0.916956726,0.582079992
restart_reduced_xor_random1_sampler_island_local_warmup11_except_data_ro2_1000x125_strict_20260526.payload,104,0,5,672,328,0.672000000,0.172000000,672,0.912869919,0.573466862
restart_reduced_xor_random1_sampler_island_local_warmup11_except_data_ro2_1000x125_strict_20260526.payload,104,0,6,672,328,0.672000000,0.172000000,672,0.912869919,0.573466862
restart_reduced_xor_random1_sampler_island_local_warmup11_except_data_ro2_1000x125_strict_20260526.payload,104,0,7,675,325,0.675000000,0.175000000,675,0.909736123,0.567040593
restart_reduced_xor_random1_sampler_island_local_warmup11_except_data_ro2_1000x125_strict_20260526.payload,105,1,0,657,343,0.657000000,0.157000000,657,0.927660609,0.606034724
restart_reduced_xor_random1_sampler_island_local_warmup11_except_data_ro2_1000x125_strict_20260526.payload,105,1,1,670,330,0.670000000,0.170000000,670,0.914926373,0.577766999
restart_reduced_xor_random1_sampler_island_local_warmup11_except_data_ro2_1000x125_strict_20260526.payload,105,1,2,666,334,0.666000000,0.166000000,666,0.918961059,0.586405918
restart_reduced_xor_random1_sampler_island_local_warmup11_except_data_ro2_1000x125_strict_20260526.payload,105,1,3,665,335,0.665000000,0.165000000,665,0.919953491,0.588573754
restart_reduced_xor_random1_sampler_island_local_warmup11_except_data_ro2_1000x125_strict_20260526.payload,105,1,4,655,345,0.655000000,0.155000000,655,0.929523186,0.610433188
restart_reduced_xor_random1_sampler_island_local_warmup11_except_data_ro2_1000x125_strict_20260526.payload,105,1,5,669,331,0.669000000,0.169000000,669,0.915944807,0.579921884
restart_reduced_xor_random1_sampler_island_local_warmup11_except_data_ro2_1000x125_strict_20260526.payload,105,1,6,650,350,0.650000000,0.150000000,650,0.934068055,0.621488377
restart_reduced_xor_random1_sampler_island_local_warmup11_except_data_ro2_1000x125_strict_20260526.payload,105,1,7,668,332,0.668000000,0.168000000,668,0.916956726,0.582079992
restart_reduced_xor_random1_sampler_island_local_warmup11_except_data_ro2_1000x125_strict_20260526.payload,106,2,0,654,346,0.654000000,0.154000000,654,0.930444894,0.612637459
restart_reduced_xor_random1_sampler_island_local_warmup11_except_data_ro2_1000x125_strict_20260526.payload,106,2,1,688,312,0.688000000,0.188000000,688,0.895468641,0.539519530
restart_reduced_xor_random1_sampler_island_local_warmup11_except_data_ro2_1000x125_strict_20260526.payload,106,2,2,670,330,0.670000000,0.170000000,670,0.914926373,0.577766999
restart_reduced_xor_random1_sampler_island_local_warmup11_except_data_ro2_1000x125_strict_20260526.payload,106,2,3,663,337,0.663000000,0.163000000,663,0.921918939,0.592919225
restart_reduced_xor_random1_sampler_island_local_warmup11_except_data_ro2_1000x125_strict_20260526.payload,106,2,4,659,341,0.659000000,0.159000000,659,0.925772423,0.601649630
restart_reduced_xor_random1_sampler_island_local_warmup11_except_data_ro2_1000x125_strict_20260526.payload,106,2,5,674,326,0.674000000,0.174000000,674,0.910787284,0.569179503
restart_reduced_xor_random1_sampler_island_local_warmup11_except_data_ro2_1000x125_strict_20260526.payload,106,2,6,675,325,0.675000000,0.175000000,675,0.909736123,0.567040593
restart_reduced_xor_random1_sampler_island_local_warmup11_except_data_ro2_1000x125_strict_20260526.payload,106,2,7,668,332,0.668000000,0.168000000,668,0.916956726,0.582079992
restart_reduced_xor_random1_sampler_island_local_warmup11_except_data_ro2_1000x125_strict_20260526.payload,107,3,0,668,332,0.668000000,0.168000000,668,0.916956726,0.582079992
restart_reduced_xor_random1_sampler_island_local_warmup11_except_data_ro2_1000x125_strict_20260526.payload,107,3,1,671,329,0.671000000,0.171000000,671,0.913901413,0.575615328
restart_reduced_xor_random1_sampler_island_local_warmup11_except_data_ro2_1000x125_strict_20260526.payload,107,3,2,685,315,0.685000000,0.185000000,685,0.898861037,0.545824107
restart_reduced_xor_random1_sampler_island_local_warmup11_except_data_ro2_1000x125_strict_20260526.payload,107,3,3,665,335,0.665000000,0.165000000,665,0.919953491,0.588573754
restart_reduced_xor_random1_sampler_island_local_warmup11_except_data_ro2_1000x125_strict_20260526.payload,107,3,4,666,334,0.666000000,0.166000000,666,0.918961059,0.586405918
restart_reduced_xor_random1_sampler_island_local_warmup11_except_data_ro2_1000x125_strict_20260526.payload,107,3,5,646,354,0.646000000,0.146000000,646,0.937589751,0.630393930
restart_reduced_xor_random1_sampler_island_local_warmup11_except_data_ro2_1000x125_strict_20260526.payload,107,3,6,654,346,0.654000000,0.154000000,654,0.930444894,0.612637459
restart_reduced_xor_random1_sampler_island_local_warmup11_except_data_ro2_1000x125_strict_20260526.payload,107,3,7,685,315,0.685000000,0.185000000,685,0.898861037,0.545824107
restart_reduced_xor_random1_sampler_island_local_warmup11_except_data_ro2_1000x125_strict_20260526.payload,108,4,0,686,314,0.686000000,0.186000000,686,0.897736940,0.543719518
restart_reduced_xor_random1_sampler_island_local_warmup11_except_data_ro2_1000x125_strict_20260526.payload,108,4,1,666,334,0.666000000,0.166000000,666,0.918961059,0.586405918
restart_reduced_xor_random1_sampler_island_local_warmup11_except_data_ro2_1000x125_strict_20260526.payload,108,4,2,672,328,0.672000000,0.172000000,672,0.912869919,0.573466862
restart_reduced_xor_random1_sampler_island_local_warmup11_except_data_ro2_1000x125_strict_20260526.payload,108,4,3,664,336,0.664000000,0.164000000,664,0.920939448,0.590744853
restart_reduced_xor_random1_sampler_island_local_warmup11_except_data_ro2_1000x125_strict_20260526.payload,108,4,4,684,316,0.684000000,0.184000000,684,0.899978448,0.547931770
restart_reduced_xor_random1_sampler_island_local_warmup11_except_data_ro2_1000x125_strict_20260526.payload,108,4,5,678,322,0.678000000,0.178000000,678,0.906543138,0.560642822
restart_reduced_xor_random1_sampler_island_local_warmup11_except_data_ro2_1000x125_strict_20260526.payload,108,4,6,676,324,0.676000000,0.176000000,676,0.908678385,0.564904848
restart_reduced_xor_random1_sampler_island_local_warmup11_except_data_ro2_1000x125_strict_20260526.payload,108,4,7,665,335,0.665000000,0.165000000,665,0.919953491,0.588573754
restart_reduced_xor_random1_sampler_island_local_warmup11_except_data_ro2_1000x125_strict_20260526.payload,109,5,0,685,315,0.685000000,0.185000000,685,0.898861037,0.545824107
restart_reduced_xor_random1_sampler_island_local_warmup11_except_data_ro2_1000x125_strict_20260526.payload,109,5,1,678,322,0.678000000,0.178000000,678,0.906543138,0.560642822
restart_reduced_xor_random1_sampler_island_local_warmup11_except_data_ro2_1000x125_strict_20260526.payload,109,5,2,689,311,0.689000000,0.189000000,689,0.894324416,0.537424112
restart_reduced_xor_random1_sampler_island_local_warmup11_except_data_ro2_1000x125_strict_20260526.payload,109,5,3,695,305,0.695000000,0.195000000,695,0.887317256,0.524915117
restart_reduced_xor_random1_sampler_island_local_warmup11_except_data_ro2_1000x125_strict_20260526.payload,109,5,4,678,322,0.678000000,0.178000000,678,0.906543138,0.560642822
restart_reduced_xor_random1_sampler_island_local_warmup11_except_data_ro2_1000x125_strict_20260526.payload,109,5,5,683,317,0.683000000,0.183000000,683,0.901089184,0.550042516
restart_reduced_xor_random1_sampler_island_local_warmup11_except_data_ro2_1000x125_strict_20260526.payload,109,5,6,692,308,0.692000000,0.192000000,692,0.890851297,0.531156057
restart_reduced_xor_random1_sampler_island_local_warmup11_except_data_ro2_1000x125_strict_20260526.payload,109,5,7,689,311,0.689000000,0.189000000,689,0.894324416,0.537424112
restart_reduced_xor_random1_sampler_island_local_warmup11_except_data_ro2_1000x125_strict_20260526.payload,110,6,0,652,348,0.652000000,0.152000000,652,0.932269192,0.617056130
restart_reduced_xor_random1_sampler_island_local_warmup11_except_data_ro2_1000x125_strict_20260526.payload,110,6,1,666,334,0.666000000,0.166000000,666,0.918961059,0.586405918
restart_reduced_xor_random1_sampler_island_local_warmup11_except_data_ro2_1000x125_strict_20260526.payload,110,6,2,675,325,0.675000000,0.175000000,675,0.909736123,0.567040593
restart_reduced_xor_random1_sampler_island_local_warmup11_except_data_ro2_1000x125_strict_20260526.payload,110,6,3,667,333,0.667000000,0.167000000,667,0.917962140,0.584241333
restart_reduced_xor_random1_sampler_island_local_warmup11_except_data_ro2_1000x125_strict_20260526.payload,110,6,4,688,312,0.688000000,0.188000000,688,0.895468641,0.539519530
restart_reduced_xor_random1_sampler_island_local_warmup11_except_data_ro2_1000x125_strict_20260526.payload,110,6,5,682,318,0.682000000,0.182000000,682,0.902193257,0.552156356
restart_reduced_xor_random1_sampler_island_local_warmup11_except_data_ro2_1000x125_strict_20260526.payload,110,6,6,666,334,0.666000000,0.166000000,666,0.918961059,0.586405918
restart_reduced_xor_random1_sampler_island_local_warmup11_except_data_ro2_1000x125_strict_20260526.payload,110,6,7,666,334,0.666000000,0.166000000,666,0.918961059,0.586405918
restart_reduced_xor_random1_sampler_island_local_warmup11_except_data_ro2_1000x125_strict_20260526.payload,111,7,0,679,321,0.679000000,0.179000000,679,0.905465607,0.558516520
restart_reduced_xor_random1_sampler_island_local_warmup11_except_data_ro2_1000x125_strict_20260526.payload,111,7,1,661,339,0.661000000,0.161000000,661,0.923858558,0.597277823
restart_reduced_xor_random1_sampler_island_local_warmup11_except_data_ro2_1000x125_strict_20260526.payload,111,7,2,668,332,0.668000000,0.168000000,668,0.916956726,0.582079992
restart_reduced_xor_random1_sampler_island_local_warmup11_except_data_ro2_1000x125_strict_20260526.payload,111,7,3,680,320,0.680000000,0.180000000,680,0.904381458,0.556393349
restart_reduced_xor_random1_sampler_island_local_warmup11_except_data_ro2_1000x125_strict_20260526.payload,111,7,4,692,308,0.692000000,0.192000000,692,0.890851297,0.531156057
restart_reduced_xor_random1_sampler_island_local_warmup11_except_data_ro2_1000x125_strict_20260526.payload,111,7,5,680,320,0.680000000,0.180000000,680,0.904381458,0.556393349
restart_reduced_xor_random1_sampler_island_local_warmup11_except_data_ro2_1000x125_strict_20260526.payload,111,7,6,678,322,0.678000000,0.178000000,678,0.906543138,0.560642822
restart_reduced_xor_random1_sampler_island_local_warmup11_except_data_ro2_1000x125_strict_20260526.payload,111,7,7,685,315,0.685000000,0.185000000,685,0.898861037,0.545824107
restart_reduced_xor_random1_sampler_island_local_warmup11_except_data_ro2_1000x125_strict_20260526.payload,112,0,0,675,325,0.675000000,0.175000000,675,0.909736123,0.567040593
restart_reduced_xor_random1_sampler_island_local_warmup11_except_data_ro2_1000x125_strict_20260526.payload,112,0,1,670,330,0.670000000,0.170000000,670,0.914926373,0.577766999
restart_reduced_xor_random1_sampler_island_local_warmup11_except_data_ro2_1000x125_strict_20260526.payload,112,0,2,649,351,0.649000000,0.149000000,649,0.934957971,0.623709617
restart_reduced_xor_random1_sampler_island_local_warmup11_except_data_ro2_1000x125_strict_20260526.payload,112,0,3,686,314,0.686000000,0.186000000,686,0.897736940,0.543719518
restart_reduced_xor_random1_sampler_island_local_warmup11_except_data_ro2_1000x125_strict_20260526.payload,112,0,4,652,348,0.652000000,0.152000000,652,0.932269192,0.617056130
restart_reduced_xor_random1_sampler_island_local_warmup11_except_data_ro2_1000x125_strict_20260526.payload,112,0,5,648,352,0.648000000,0.148000000,648,0.935841553,0.625934282
restart_reduced_xor_random1_sampler_island_local_warmup11_except_data_ro2_1000x125_strict_20260526.payload,112,0,6,645,355,0.645000000,0.145000000,645,0.938454383,0.632628934
restart_reduced_xor_random1_sampler_island_local_warmup11_except_data_ro2_1000x125_strict_20260526.payload,112,0,7,666,334,0.666000000,0.166000000,666,0.918961059,0.586405918
restart_reduced_xor_random1_sampler_island_local_warmup11_except_data_ro2_1000x125_strict_20260526.payload,113,1,0,647,353,0.647000000,0.147000000,647,0.936718810,0.628162383
restart_reduced_xor_random1_sampler_island_local_warmup11_except_data_ro2_1000x125_strict_20260526.payload,113,1,1,658,342,0.658000000,0.158000000,658,0.926719721,0.603840511
restart_reduced_xor_random1_sampler_island_local_warmup11_except_data_ro2_1000x125_strict_20260526.payload,113,1,2,656,344,0.656000000,0.156000000,656,0.928595094,0.608232280
restart_reduced_xor_random1_sampler_island_local_warmup11_except_data_ro2_1000x125_strict_20260526.payload,113,1,3,665,335,0.665000000,0.165000000,665,0.919953491,0.588573754
restart_reduced_xor_random1_sampler_island_local_warmup11_except_data_ro2_1000x125_strict_20260526.payload,113,1,4,643,357,0.643000000,0.143000000,643,0.940164752,0.637109357
restart_reduced_xor_random1_sampler_island_local_warmup11_except_data_ro2_1000x125_strict_20260526.payload,113,1,5,686,314,0.686000000,0.186000000,686,0.897736940,0.543719518
restart_reduced_xor_random1_sampler_island_local_warmup11_except_data_ro2_1000x125_strict_20260526.payload,113,1,6,699,301,0.699000000,0.199000000,699,0.882509859,0.516635639
restart_reduced_xor_random1_sampler_island_local_warmup11_except_data_ro2_1000x125_strict_20260526.payload,113,1,7,672,328,0.672000000,0.172000000,672,0.912869919,0.573466862
restart_reduced_xor_random1_sampler_island_local_warmup11_except_data_ro2_1000x125_strict_20260526.payload,114,2,0,652,348,0.652000000,0.152000000,652,0.932269192,0.617056130
restart_reduced_xor_random1_sampler_island_local_warmup11_except_data_ro2_1000x125_strict_20260526.payload,114,2,1,667,333,0.667000000,0.167000000,667,0.917962140,0.584241333
restart_reduced_xor_random1_sampler_island_local_warmup11_except_data_ro2_1000x125_strict_20260526.payload,114,2,2,655,345,0.655000000,0.155000000,655,0.929523186,0.610433188
restart_reduced_xor_random1_sampler_island_local_warmup11_except_data_ro2_1000x125_strict_20260526.payload,114,2,3,672,328,0.672000000,0.172000000,672,0.912869919,0.573466862
restart_reduced_xor_random1_sampler_island_local_warmup11_except_data_ro2_1000x125_strict_20260526.payload,114,2,4,662,338,0.662000000,0.162000000,662,0.922891972,0.595096878
restart_reduced_xor_random1_sampler_island_local_warmup11_except_data_ro2_1000x125_strict_20260526.payload,114,2,5,633,367,0.633000000,0.133000000,633,0.948340730,0.659722595
restart_reduced_xor_random1_sampler_island_local_warmup11_except_data_ro2_1000x125_strict_20260526.payload,114,2,6,683,317,0.683000000,0.183000000,683,0.901089184,0.550042516
restart_reduced_xor_random1_sampler_island_local_warmup11_except_data_ro2_1000x125_strict_20260526.payload,114,2,7,682,318,0.682000000,0.182000000,682,0.902193257,0.552156356
restart_reduced_xor_random1_sampler_island_local_warmup11_except_data_ro2_1000x125_strict_20260526.payload,115,3,0,685,315,0.685000000,0.185000000,685,0.898861037,0.545824107
restart_reduced_xor_random1_sampler_island_local_warmup11_except_data_ro2_1000x125_strict_20260526.payload,115,3,1,662,338,0.662000000,0.162000000,662,0.922891972,0.595096878
restart_reduced_xor_random1_sampler_island_local_warmup11_except_data_ro2_1000x125_strict_20260526.payload,115,3,2,661,339,0.661000000,0.161000000,661,0.923858558,0.597277823
restart_reduced_xor_random1_sampler_island_local_warmup11_except_data_ro2_1000x125_strict_20260526.payload,115,3,3,668,332,0.668000000,0.168000000,668,0.916956726,0.582079992
restart_reduced_xor_random1_sampler_island_local_warmup11_except_data_ro2_1000x125_strict_20260526.payload,115,3,4,674,326,0.674000000,0.174000000,674,0.910787284,0.569179503
restart_reduced_xor_random1_sampler_island_local_warmup11_except_data_ro2_1000x125_strict_20260526.payload,115,3,5,671,329,0.671000000,0.171000000,671,0.913901413,0.575615328
restart_reduced_xor_random1_sampler_island_local_warmup11_except_data_ro2_1000x125_strict_20260526.payload,115,3,6,655,345,0.655000000,0.155000000,655,0.929523186,0.610433188
restart_reduced_xor_random1_sampler_island_local_warmup11_except_data_ro2_1000x125_strict_20260526.payload,115,3,7,656,344,0.656000000,0.156000000,656,0.928595094,0.608232280
restart_reduced_xor_random1_sampler_island_local_warmup11_except_data_ro2_1000x125_strict_20260526.payload,116,4,0,679,321,0.679000000,0.179000000,679,0.905465607,0.558516520
restart_reduced_xor_random1_sampler_island_local_warmup11_except_data_ro2_1000x125_strict_20260526.payload,116,4,1,671,329,0.671000000,0.171000000,671,0.913901413,0.575615328
restart_reduced_xor_random1_sampler_island_local_warmup11_except_data_ro2_1000x125_strict_20260526.payload,116,4,2,665,335,0.665000000,0.165000000,665,0.919953491,0.588573754
restart_reduced_xor_random1_sampler_island_local_warmup11_except_data_ro2_1000x125_strict_20260526.payload,116,4,3,662,338,0.662000000,0.162000000,662,0.922891972,0.595096878
restart_reduced_xor_random1_sampler_island_local_warmup11_except_data_ro2_1000x125_strict_20260526.payload,116,4,4,690,310,0.690000000,0.190000000,690,0.893173458,0.535331733
restart_reduced_xor_random1_sampler_island_local_warmup11_except_data_ro2_1000x125_strict_20260526.payload,116,4,5,689,311,0.689000000,0.189000000,689,0.894324416,0.537424112
restart_reduced_xor_random1_sampler_island_local_warmup11_except_data_ro2_1000x125_strict_20260526.payload,116,4,6,700,300,0.700000000,0.200000000,700,0.881290899,0.514573173
restart_reduced_xor_random1_sampler_island_local_warmup11_except_data_ro2_1000x125_strict_20260526.payload,116,4,7,683,317,0.683000000,0.183000000,683,0.901089184,0.550042516
restart_reduced_xor_random1_sampler_island_local_warmup11_except_data_ro2_1000x125_strict_20260526.payload,117,5,0,681,319,0.681000000,0.181000000,681,0.903290678,0.554273297
restart_reduced_xor_random1_sampler_island_local_warmup11_except_data_ro2_1000x125_strict_20260526.payload,117,5,1,662,338,0.662000000,0.162000000,662,0.922891972,0.595096878
restart_reduced_xor_random1_sampler_island_local_warmup11_except_data_ro2_1000x125_strict_20260526.payload,117,5,2,677,323,0.677000000,0.177000000,677,0.907614060,0.562772261
restart_reduced_xor_random1_sampler_island_local_warmup11_except_data_ro2_1000x125_strict_20260526.payload,117,5,3,685,315,0.685000000,0.185000000,685,0.898861037,0.545824107
restart_reduced_xor_random1_sampler_island_local_warmup11_except_data_ro2_1000x125_strict_20260526.payload,117,5,4,661,339,0.661000000,0.161000000,661,0.923858558,0.597277823
restart_reduced_xor_random1_sampler_island_local_warmup11_except_data_ro2_1000x125_strict_20260526.payload,117,5,5,662,338,0.662000000,0.162000000,662,0.922891972,0.595096878
restart_reduced_xor_random1_sampler_island_local_warmup11_except_data_ro2_1000x125_strict_20260526.payload,117,5,6,653,347,0.653000000,0.153000000,653,0.931360226,0.614845103
restart_reduced_xor_random1_sampler_island_local_warmup11_except_data_ro2_1000x125_strict_20260526.payload,117,5,7,695,305,0.695000000,0.195000000,695,0.887317256,0.524915117
restart_reduced_xor_random1_sampler_island_local_warmup11_except_data_ro2_1000x125_strict_20260526.payload,118,6,0,682,318,0.682000000,0.182000000,682,0.902193257,0.552156356
restart_reduced_xor_random1_sampler_island_local_warmup11_except_data_ro2_1000x125_strict_20260526.payload,118,6,1,661,339,0.661000000,0.161000000,661,0.923858558,0.597277823
restart_reduced_xor_random1_sampler_island_local_warmup11_except_data_ro2_1000x125_strict_20260526.payload,118,6,2,680,320,0.680000000,0.180000000,680,0.904381458,0.556393349
restart_reduced_xor_random1_sampler_island_local_warmup11_except_data_ro2_1000x125_strict_20260526.payload,118,6,3,664,336,0.664000000,0.164000000,664,0.920939448,0.590744853
restart_reduced_xor_random1_sampler_island_local_warmup11_except_data_ro2_1000x125_strict_20260526.payload,118,6,4,664,336,0.664000000,0.164000000,664,0.920939448,0.590744853
restart_reduced_xor_random1_sampler_island_local_warmup11_except_data_ro2_1000x125_strict_20260526.payload,118,6,5,665,335,0.665000000,0.165000000,665,0.919953491,0.588573754
restart_reduced_xor_random1_sampler_island_local_warmup11_except_data_ro2_1000x125_strict_20260526.payload,118,6,6,665,335,0.665000000,0.165000000,665,0.919953491,0.588573754
restart_reduced_xor_random1_sampler_island_local_warmup11_except_data_ro2_1000x125_strict_20260526.payload,118,6,7,692,308,0.692000000,0.192000000,692,0.890851297,0.531156057
restart_reduced_xor_random1_sampler_island_local_warmup11_except_data_ro2_1000x125_strict_20260526.payload,119,7,0,663,337,0.663000000,0.163000000,663,0.921918939,0.592919225
restart_reduced_xor_random1_sampler_island_local_warmup11_except_data_ro2_1000x125_strict_20260526.payload,119,7,1,685,315,0.685000000,0.185000000,685,0.898861037,0.545824107
restart_reduced_xor_random1_sampler_island_local_warmup11_except_data_ro2_1000x125_strict_20260526.payload,119,7,2,679,321,0.679000000,0.179000000,679,0.905465607,0.558516520
restart_reduced_xor_random1_sampler_island_local_warmup11_except_data_ro2_1000x125_strict_20260526.payload,119,7,3,684,316,0.684000000,0.184000000,684,0.899978448,0.547931770
restart_reduced_xor_random1_sampler_island_local_warmup11_except_data_ro2_1000x125_strict_20260526.payload,119,7,4,661,339,0.661000000,0.161000000,661,0.923858558,0.597277823
restart_reduced_xor_random1_sampler_island_local_warmup11_except_data_ro2_1000x125_strict_20260526.payload,119,7,5,694,306,0.694000000,0.194000000,694,0.888502059,0.526992432
restart_reduced_xor_random1_sampler_island_local_warmup11_except_data_ro2_1000x125_strict_20260526.payload,119,7,6,668,332,0.668000000,0.168000000,668,0.916956726,0.582079992
restart_reduced_xor_random1_sampler_island_local_warmup11_except_data_ro2_1000x125_strict_20260526.payload,119,7,7,663,337,0.663000000,0.163000000,663,0.921918939,0.592919225
restart_reduced_xor_random1_sampler_island_local_warmup11_except_data_ro2_1000x125_strict_20260526.payload,120,0,0,670,330,0.670000000,0.170000000,670,0.914926373,0.577766999
restart_reduced_xor_random1_sampler_island_local_warmup11_except_data_ro2_1000x125_strict_20260526.payload,120,0,1,670,330,0.670000000,0.170000000,670,0.914926373,0.577766999
restart_reduced_xor_random1_sampler_island_local_warmup11_except_data_ro2_1000x125_strict_20260526.payload,120,0,2,661,339,0.661000000,0.161000000,661,0.923858558,0.597277823
restart_reduced_xor_random1_sampler_island_local_warmup11_except_data_ro2_1000x125_strict_20260526.payload,120,0,3,661,339,0.661000000,0.161000000,661,0.923858558,0.597277823
restart_reduced_xor_random1_sampler_island_local_warmup11_except_data_ro2_1000x125_strict_20260526.payload,120,0,4,681,319,0.681000000,0.181000000,681,0.903290678,0.554273297
restart_reduced_xor_random1_sampler_island_local_warmup11_except_data_ro2_1000x125_strict_20260526.payload,120,0,5,660,340,0.660000000,0.160000000,660,0.924818705,0.599462070
restart_reduced_xor_random1_sampler_island_local_warmup11_except_data_ro2_1000x125_strict_20260526.payload,120,0,6,655,345,0.655000000,0.155000000,655,0.929523186,0.610433188
restart_reduced_xor_random1_sampler_island_local_warmup11_except_data_ro2_1000x125_strict_20260526.payload,120,0,7,663,337,0.663000000,0.163000000,663,0.921918939,0.592919225
restart_reduced_xor_random1_sampler_island_local_warmup11_except_data_ro2_1000x125_strict_20260526.payload,121,1,0,689,311,0.689000000,0.189000000,689,0.894324416,0.537424112
restart_reduced_xor_random1_sampler_island_local_warmup11_except_data_ro2_1000x125_strict_20260526.payload,121,1,1,693,307,0.693000000,0.193000000,693,0.889680068,0.529072743
restart_reduced_xor_random1_sampler_island_local_warmup11_except_data_ro2_1000x125_strict_20260526.payload,121,1,2,693,307,0.693000000,0.193000000,693,0.889680068,0.529072743
restart_reduced_xor_random1_sampler_island_local_warmup11_except_data_ro2_1000x125_strict_20260526.payload,121,1,3,653,347,0.653000000,0.153000000,653,0.931360226,0.614845103
restart_reduced_xor_random1_sampler_island_local_warmup11_except_data_ro2_1000x125_strict_20260526.payload,121,1,4,640,360,0.640000000,0.140000000,640,0.942683189,0.643856190
restart_reduced_xor_random1_sampler_island_local_warmup11_except_data_ro2_1000x125_strict_20260526.payload,121,1,5,676,324,0.676000000,0.176000000,676,0.908678385,0.564904848
restart_reduced_xor_random1_sampler_island_local_warmup11_except_data_ro2_1000x125_strict_20260526.payload,121,1,6,655,345,0.655000000,0.155000000,655,0.929523186,0.610433188
restart_reduced_xor_random1_sampler_island_local_warmup11_except_data_ro2_1000x125_strict_20260526.payload,121,1,7,647,353,0.647000000,0.147000000,647,0.936718810,0.628162383
restart_reduced_xor_random1_sampler_island_local_warmup11_except_data_ro2_1000x125_strict_20260526.payload,122,2,0,675,325,0.675000000,0.175000000,675,0.909736123,0.567040593
restart_reduced_xor_random1_sampler_island_local_warmup11_except_data_ro2_1000x125_strict_20260526.payload,122,2,1,665,335,0.665000000,0.165000000,665,0.919953491,0.588573754
restart_reduced_xor_random1_sampler_island_local_warmup11_except_data_ro2_1000x125_strict_20260526.payload,122,2,2,648,352,0.648000000,0.148000000,648,0.935841553,0.625934282
restart_reduced_xor_random1_sampler_island_local_warmup11_except_data_ro2_1000x125_strict_20260526.payload,122,2,3,669,331,0.669000000,0.169000000,669,0.915944807,0.579921884
restart_reduced_xor_random1_sampler_island_local_warmup11_except_data_ro2_1000x125_strict_20260526.payload,122,2,4,649,351,0.649000000,0.149000000,649,0.934957971,0.623709617
restart_reduced_xor_random1_sampler_island_local_warmup11_except_data_ro2_1000x125_strict_20260526.payload,122,2,5,662,338,0.662000000,0.162000000,662,0.922891972,0.595096878
restart_reduced_xor_random1_sampler_island_local_warmup11_except_data_ro2_1000x125_strict_20260526.payload,122,2,6,672,328,0.672000000,0.172000000,672,0.912869919,0.573466862
restart_reduced_xor_random1_sampler_island_local_warmup11_except_data_ro2_1000x125_strict_20260526.payload,122,2,7,662,338,0.662000000,0.162000000,662,0.922891972,0.595096878
restart_reduced_xor_random1_sampler_island_local_warmup11_except_data_ro2_1000x125_strict_20260526.payload,123,3,0,673,327,0.673000000,0.173000000,673,0.911831879,0.571321590
restart_reduced_xor_random1_sampler_island_local_warmup11_except_data_ro2_1000x125_strict_20260526.payload,123,3,1,671,329,0.671000000,0.171000000,671,0.913901413,0.575615328
restart_reduced_xor_random1_sampler_island_local_warmup11_except_data_ro2_1000x125_strict_20260526.payload,123,3,2,659,341,0.659000000,0.159000000,659,0.925772423,0.601649630
restart_reduced_xor_random1_sampler_island_local_warmup11_except_data_ro2_1000x125_strict_20260526.payload,123,3,3,656,344,0.656000000,0.156000000,656,0.928595094,0.608232280
restart_reduced_xor_random1_sampler_island_local_warmup11_except_data_ro2_1000x125_strict_20260526.payload,123,3,4,665,335,0.665000000,0.165000000,665,0.919953491,0.588573754
restart_reduced_xor_random1_sampler_island_local_warmup11_except_data_ro2_1000x125_strict_20260526.payload,123,3,5,676,324,0.676000000,0.176000000,676,0.908678385,0.564904848
restart_reduced_xor_random1_sampler_island_local_warmup11_except_data_ro2_1000x125_strict_20260526.payload,123,3,6,667,333,0.667000000,0.167000000,667,0.917962140,0.584241333
restart_reduced_xor_random1_sampler_island_local_warmup11_except_data_ro2_1000x125_strict_20260526.payload,123,3,7,667,333,0.667000000,0.167000000,667,0.917962140,0.584241333
restart_reduced_xor_random1_sampler_island_local_warmup11_except_data_ro2_1000x125_strict_20260526.payload,124,4,0,679,321,0.679000000,0.179000000,679,0.905465607,0.558516520
restart_reduced_xor_random1_sampler_island_local_warmup11_except_data_ro2_1000x125_strict_20260526.payload,124,4,1,692,308,0.692000000,0.192000000,692,0.890851297,0.531156057
restart_reduced_xor_random1_sampler_island_local_warmup11_except_data_ro2_1000x125_strict_20260526.payload,124,4,2,671,329,0.671000000,0.171000000,671,0.913901413,0.575615328
restart_reduced_xor_random1_sampler_island_local_warmup11_except_data_ro2_1000x125_strict_20260526.payload,124,4,3,655,345,0.655000000,0.155000000,655,0.929523186,0.610433188
restart_reduced_xor_random1_sampler_island_local_warmup11_except_data_ro2_1000x125_strict_20260526.payload,124,4,4,671,329,0.671000000,0.171000000,671,0.913901413,0.575615328
restart_reduced_xor_random1_sampler_island_local_warmup11_except_data_ro2_1000x125_strict_20260526.payload,124,4,5,619,381,0.619000000,0.119000000,619,0.958745230,0.691988685
restart_reduced_xor_random1_sampler_island_local_warmup11_except_data_ro2_1000x125_strict_20260526.payload,124,4,6,666,334,0.666000000,0.166000000,666,0.918961059,0.586405918
restart_reduced_xor_random1_sampler_island_local_warmup11_except_data_ro2_1000x125_strict_20260526.payload,124,4,7,708,292,0.708000000,0.208000000,708,0.871290784,0.498178735
