run,source,source_format,window_index,packet_start,packet_end,packets,clock_period_ps,bins,phase_pearson_r,bin_pearson_r,diff_mean_ps,diff_std_ps,diff_mean_delta_from_first_ps,diff_mean_delta_from_run_mean_ps,run_diff_mean_ps_slope_per_window,lag_min,lag_max,lag0_phase_pearson_r,best_lag_packets,best_lag_phase_pearson_r,best_lag_abs_phase_pearson_r,strong_lock_window,source_file
tdc_pair_random1_ro0_ro1_repeat02_2mib,E:\Project\MLDSA\RO_TRNG\data\hardware\20260511_fpga1_board1\tdc_pairs\analysis_tdc_pair_random1_ro0_ro1_repeat02_2mib\tdc_pair_random1_ro0_ro1_repeat02_2mib.tdc_packets.csv,csv,0,0,16383,16384,5000,256,-0.00789185687,-0.00769319897,-7.82509118,2051.4129,0,-7.82511694,0.190320202,-8,8,-0.00789185687,4,0.0193085016,0.0193085016,0,E:\Project\MLDSA\RO_TRNG\data\hardware\20260511_fpga1_board1\tdc_pairs\analysis_tdc_pair_random1_ro0_ro1_repeat02_2mib\tdc_pair_random1_ro0_ro1_repeat02_2mib.tdc_packets.csv
tdc_pair_random1_ro0_ro1_repeat02_2mib,E:\Project\MLDSA\RO_TRNG\data\hardware\20260511_fpga1_board1\tdc_pairs\analysis_tdc_pair_random1_ro0_ro1_repeat02_2mib\tdc_pair_random1_ro0_ro1_repeat02_2mib.tdc_packets.csv,csv,1,16384,32767,16384,5000,256,0.021806924,0.0220586217,12.7062581,2021.18156,20.5313493,12.7062324,0.190320202,-8,8,0.021806924,0,0.021806924,0.021806924,0,E:\Project\MLDSA\RO_TRNG\data\hardware\20260511_fpga1_board1\tdc_pairs\analysis_tdc_pair_random1_ro0_ro1_repeat02_2mib\tdc_pair_random1_ro0_ro1_repeat02_2mib.tdc_packets.csv
tdc_pair_random1_ro0_ro1_repeat02_2mib,E:\Project\MLDSA\RO_TRNG\data\hardware\20260511_fpga1_board1\tdc_pairs\analysis_tdc_pair_random1_ro0_ro1_repeat02_2mib\tdc_pair_random1_ro0_ro1_repeat02_2mib.tdc_packets.csv,csv,2,32768,49151,16384,5000,256,-0.00550495889,-0.00472063156,10.3429523,2042.04973,18.1680435,10.3429266,0.190320202,-8,8,-0.00550495889,3,0.0135392023,0.0135392023,0,E:\Project\MLDSA\RO_TRNG\data\hardware\20260511_fpga1_board1\tdc_pairs\analysis_tdc_pair_random1_ro0_ro1_repeat02_2mib\tdc_pair_random1_ro0_ro1_repeat02_2mib.tdc_packets.csv
tdc_pair_random1_ro0_ro1_repeat02_2mib,E:\Project\MLDSA\RO_TRNG\data\hardware\20260511_fpga1_board1\tdc_pairs\analysis_tdc_pair_random1_ro0_ro1_repeat02_2mib\tdc_pair_random1_ro0_ro1_repeat02_2mib.tdc_packets.csv,csv,3,49152,65535,16384,5000,256,-0.0097568161,-0.00991972136,-15.4391171,2050.66604,-7.6140259,-15.4391428,0.190320202,-8,8,-0.0097568161,0,-0.0097568161,0.0097568161,0,E:\Project\MLDSA\RO_TRNG\data\hardware\20260511_fpga1_board1\tdc_pairs\analysis_tdc_pair_random1_ro0_ro1_repeat02_2mib\tdc_pair_random1_ro0_ro1_repeat02_2mib.tdc_packets.csv
tdc_pair_random1_ro0_ro1_repeat02_2mib,E:\Project\MLDSA\RO_TRNG\data\hardware\20260511_fpga1_board1\tdc_pairs\analysis_tdc_pair_random1_ro0_ro1_repeat02_2mib\tdc_pair_random1_ro0_ro1_repeat02_2mib.tdc_packets.csv,csv,4,65536,81919,16384,5000,256,0.00146392168,0.00155099383,-15.4732869,2031.6375,-7.64819568,-15.4733126,0.190320202,-8,8,0.00146392168,-4,-0.0122064422,0.0122064422,0,E:\Project\MLDSA\RO_TRNG\data\hardware\20260511_fpga1_board1\tdc_pairs\analysis_tdc_pair_random1_ro0_ro1_repeat02_2mib\tdc_pair_random1_ro0_ro1_repeat02_2mib.tdc_packets.csv
tdc_pair_random1_ro0_ro1_repeat02_2mib,E:\Project\MLDSA\RO_TRNG\data\hardware\20260511_fpga1_board1\tdc_pairs\analysis_tdc_pair_random1_ro0_ro1_repeat02_2mib\tdc_pair_random1_ro0_ro1_repeat02_2mib.tdc_packets.csv,csv,5,81920,98303,16384,5000,256,-0.00246711084,-0.0024608372,-9.02330278,2040.90272,-1.1982116,-9.02332853,0.190320202,-8,8,-0.00246711084,5,0.0148951742,0.0148951742,0,E:\Project\MLDSA\RO_TRNG\data\hardware\20260511_fpga1_board1\tdc_pairs\analysis_tdc_pair_random1_ro0_ro1_repeat02_2mib\tdc_pair_random1_ro0_ro1_repeat02_2mib.tdc_packets.csv
tdc_pair_random1_ro0_ro1_repeat02_2mib,E:\Project\MLDSA\RO_TRNG\data\hardware\20260511_fpga1_board1\tdc_pairs\analysis_tdc_pair_random1_ro0_ro1_repeat02_2mib\tdc_pair_random1_ro0_ro1_repeat02_2mib.tdc_packets.csv,csv,6,98304,114687,16384,5000,256,0.00570067154,0.00584671261,1.91782809,2039.28104,9.74291927,1.91780233,0.190320202,-8,8,0.00570067154,6,0.0232889369,0.0232889369,0,E:\Project\MLDSA\RO_TRNG\data\hardware\20260511_fpga1_board1\tdc_pairs\analysis_tdc_pair_random1_ro0_ro1_repeat02_2mib\tdc_pair_random1_ro0_ro1_repeat02_2mib.tdc_packets.csv
tdc_pair_random1_ro0_ro1_repeat02_2mib,E:\Project\MLDSA\RO_TRNG\data\hardware\20260511_fpga1_board1\tdc_pairs\analysis_tdc_pair_random1_ro0_ro1_repeat02_2mib\tdc_pair_random1_ro0_ro1_repeat02_2mib.tdc_packets.csv,csv,7,114688,131071,16384,5000,256,-0.000454387223,-0.000633650983,3.15747148,2037.49955,10.9825627,3.15744572,0.190320202,-8,8,-0.000454387223,6,0.011130454,0.011130454,0,E:\Project\MLDSA\RO_TRNG\data\hardware\20260511_fpga1_board1\tdc_pairs\analysis_tdc_pair_random1_ro0_ro1_repeat02_2mib\tdc_pair_random1_ro0_ro1_repeat02_2mib.tdc_packets.csv
tdc_pair_random1_ro0_ro1_repeat02_2mib,E:\Project\MLDSA\RO_TRNG\data\hardware\20260511_fpga1_board1\tdc_pairs\analysis_tdc_pair_random1_ro0_ro1_repeat02_2mib\tdc_pair_random1_ro0_ro1_repeat02_2mib.tdc_packets.csv,csv,8,131072,147455,16384,5000,256,-0.013075194,-0.013026556,12.5344116,2063.07005,20.3595028,12.5343858,0.190320202,-8,8,-0.013075194,-3,0.0233716529,0.0233716529,0,E:\Project\MLDSA\RO_TRNG\data\hardware\20260511_fpga1_board1\tdc_pairs\analysis_tdc_pair_random1_ro0_ro1_repeat02_2mib\tdc_pair_random1_ro0_ro1_repeat02_2mib.tdc_packets.csv
tdc_pair_random1_ro0_ro1_repeat02_2mib,E:\Project\MLDSA\RO_TRNG\data\hardware\20260511_fpga1_board1\tdc_pairs\analysis_tdc_pair_random1_ro0_ro1_repeat02_2mib\tdc_pair_random1_ro0_ro1_repeat02_2mib.tdc_packets.csv,csv,9,147456,163839,16384,5000,256,0.00934703491,0.00929954992,-0.0291935816,2041.07358,7.7958976,-0.0292193368,0.190320202,-8,8,0.00934703491,1,0.0175496128,0.0175496128,0,E:\Project\MLDSA\RO_TRNG\data\hardware\20260511_fpga1_board1\tdc_pairs\analysis_tdc_pair_random1_ro0_ro1_repeat02_2mib\tdc_pair_random1_ro0_ro1_repeat02_2mib.tdc_packets.csv
tdc_pair_random1_ro0_ro1_repeat02_2mib,E:\Project\MLDSA\RO_TRNG\data\hardware\20260511_fpga1_board1\tdc_pairs\analysis_tdc_pair_random1_ro0_ro1_repeat02_2mib\tdc_pair_random1_ro0_ro1_repeat02_2mib.tdc_packets.csv,csv,10,163840,180223,16384,5000,256,0.00298838252,0.00251894448,4.19667078,2036.52842,12.021762,4.19664503,0.190320202,-8,8,0.00298838252,-1,0.0121496113,0.0121496113,0,E:\Project\MLDSA\RO_TRNG\data\hardware\20260511_fpga1_board1\tdc_pairs\analysis_tdc_pair_random1_ro0_ro1_repeat02_2mib\tdc_pair_random1_ro0_ro1_repeat02_2mib.tdc_packets.csv
tdc_pair_random1_ro0_ro1_repeat02_2mib,E:\Project\MLDSA\RO_TRNG\data\hardware\20260511_fpga1_board1\tdc_pairs\analysis_tdc_pair_random1_ro0_ro1_repeat02_2mib\tdc_pair_random1_ro0_ro1_repeat02_2mib.tdc_packets.csv,csv,11,180224,196607,16384,5000,256,0.017739207,0.0174314892,10.0409407,2020.11278,17.8660319,10.040915,0.190320202,-8,8,0.017739207,0,0.017739207,0.017739207,0,E:\Project\MLDSA\RO_TRNG\data\hardware\20260511_fpga1_board1\tdc_pairs\analysis_tdc_pair_random1_ro0_ro1_repeat02_2mib\tdc_pair_random1_ro0_ro1_repeat02_2mib.tdc_packets.csv
tdc_pair_random1_ro0_ro1_repeat02_2mib,E:\Project\MLDSA\RO_TRNG\data\hardware\20260511_fpga1_board1\tdc_pairs\analysis_tdc_pair_random1_ro0_ro1_repeat02_2mib\tdc_pair_random1_ro0_ro1_repeat02_2mib.tdc_packets.csv,csv,12,196608,212991,16384,5000,256,0.00830348894,0.00828254651,1.49460963,2034.08819,9.31970081,1.49458388,0.190320202,-8,8,0.00830348894,7,-0.0142654786,0.0142654786,0,E:\Project\MLDSA\RO_TRNG\data\hardware\20260511_fpga1_board1\tdc_pairs\analysis_tdc_pair_random1_ro0_ro1_repeat02_2mib\tdc_pair_random1_ro0_ro1_repeat02_2mib.tdc_packets.csv
tdc_pair_random1_ro0_ro1_repeat02_2mib,E:\Project\MLDSA\RO_TRNG\data\hardware\20260511_fpga1_board1\tdc_pairs\analysis_tdc_pair_random1_ro0_ro1_repeat02_2mib\tdc_pair_random1_ro0_ro1_repeat02_2mib.tdc_packets.csv,csv,13,212992,229375,16384,5000,256,0.00435688013,0.00465001662,5.66860902,2031.23931,13.4937002,5.66858327,0.190320202,-8,8,0.00435688013,1,-0.020126394,0.020126394,0,E:\Project\MLDSA\RO_TRNG\data\hardware\20260511_fpga1_board1\tdc_pairs\analysis_tdc_pair_random1_ro0_ro1_repeat02_2mib\tdc_pair_random1_ro0_ro1_repeat02_2mib.tdc_packets.csv
tdc_pair_random1_ro0_ro1_repeat02_2mib,E:\Project\MLDSA\RO_TRNG\data\hardware\20260511_fpga1_board1\tdc_pairs\analysis_tdc_pair_random1_ro0_ro1_repeat02_2mib\tdc_pair_random1_ro0_ro1_repeat02_2mib.tdc_packets.csv,csv,14,229376,245759,16384,5000,256,0.00623343334,0.00541644728,-21.0209242,2031.35489,-13.195833,-21.0209499,0.190320202,-8,8,0.00623343334,6,-0.0161201439,0.0161201439,0,E:\Project\MLDSA\RO_TRNG\data\hardware\20260511_fpga1_board1\tdc_pairs\analysis_tdc_pair_random1_ro0_ro1_repeat02_2mib\tdc_pair_random1_ro0_ro1_repeat02_2mib.tdc_packets.csv
tdc_pair_random1_ro0_ro1_repeat02_2mib,E:\Project\MLDSA\RO_TRNG\data\hardware\20260511_fpga1_board1\tdc_pairs\analysis_tdc_pair_random1_ro0_ro1_repeat02_2mib\tdc_pair_random1_ro0_ro1_repeat02_2mib.tdc_packets.csv,csv,15,245760,262142,16383,5000,256,-0.00334489059,-0.00326165444,6.75157597,2037.64047,14.5766672,6.75155022,0.190320202,-8,8,-0.00334489059,-3,-0.0139249521,0.0139249521,0,E:\Project\MLDSA\RO_TRNG\data\hardware\20260511_fpga1_board1\tdc_pairs\analysis_tdc_pair_random1_ro0_ro1_repeat02_2mib\tdc_pair_random1_ro0_ro1_repeat02_2mib.tdc_packets.csv
tdc_pair_random1_ro0_ro1_run01_2mib,E:\Project\MLDSA\RO_TRNG\data\hardware\20260511_fpga1_board1\tdc_pairs\analysis_tdc_pair_random1_ro0_ro1_run01_2mib\tdc_pair_random1_ro0_ro1_run01_2mib.tdc_packets.csv,csv,0,0,16383,16384,5000,256,-0.0147432889,-0.0146992903,-19.3450848,2052.96056,0,-19.3452373,0.382658364,-8,8,-0.0147432889,4,-0.018485888,0.018485888,0,E:\Project\MLDSA\RO_TRNG\data\hardware\20260511_fpga1_board1\tdc_pairs\analysis_tdc_pair_random1_ro0_ro1_run01_2mib\tdc_pair_random1_ro0_ro1_run01_2mib.tdc_packets.csv
tdc_pair_random1_ro0_ro1_run01_2mib,E:\Project\MLDSA\RO_TRNG\data\hardware\20260511_fpga1_board1\tdc_pairs\analysis_tdc_pair_random1_ro0_ro1_run01_2mib\tdc_pair_random1_ro0_ro1_run01_2mib.tdc_packets.csv,csv,1,16384,32767,16384,5000,256,-0.00438063116,-0.00457895686,27.6305824,2038.42024,46.9756672,27.6304298,0.382658364,-8,8,-0.00438063116,-8,0.0125098226,0.0125098226,0,E:\Project\MLDSA\RO_TRNG\data\hardware\20260511_fpga1_board1\tdc_pairs\analysis_tdc_pair_random1_ro0_ro1_run01_2mib\tdc_pair_random1_ro0_ro1_run01_2mib.tdc_packets.csv
tdc_pair_random1_ro0_ro1_run01_2mib,E:\Project\MLDSA\RO_TRNG\data\hardware\20260511_fpga1_board1\tdc_pairs\analysis_tdc_pair_random1_ro0_ro1_run01_2mib\tdc_pair_random1_ro0_ro1_run01_2mib.tdc_packets.csv,csv,2,32768,49151,16384,5000,256,0.00632762881,0.00598940918,4.146739,2038.03525,23.4918238,4.14658642,0.382658364,-8,8,0.00632762881,4,0.0143763874,0.0143763874,0,E:\Project\MLDSA\RO_TRNG\data\hardware\20260511_fpga1_board1\tdc_pairs\analysis_tdc_pair_random1_ro0_ro1_run01_2mib\tdc_pair_random1_ro0_ro1_run01_2mib.tdc_packets.csv
tdc_pair_random1_ro0_ro1_run01_2mib,E:\Project\MLDSA\RO_TRNG\data\hardware\20260511_fpga1_board1\tdc_pairs\analysis_tdc_pair_random1_ro0_ro1_run01_2mib\tdc_pair_random1_ro0_ro1_run01_2mib.tdc_packets.csv,csv,3,49152,65535,16384,5000,256,-0.00945215865,-0.00965921138,14.9319622,2057.68445,34.277047,14.9318096,0.382658364,-8,8,-0.00945215865,-4,-0.0152417962,0.0152417962,0,E:\Project\MLDSA\RO_TRNG\data\hardware\20260511_fpga1_board1\tdc_pairs\analysis_tdc_pair_random1_ro0_ro1_run01_2mib\tdc_pair_random1_ro0_ro1_run01_2mib.tdc_packets.csv
tdc_pair_random1_ro0_ro1_run01_2mib,E:\Project\MLDSA\RO_TRNG\data\hardware\20260511_fpga1_board1\tdc_pairs\analysis_tdc_pair_random1_ro0_ro1_run01_2mib\tdc_pair_random1_ro0_ro1_run01_2mib.tdc_packets.csv,csv,4,65536,81919,16384,5000,256,-0.0044950111,-0.00467819716,1.97309585,2046.64678,21.3181806,1.97294327,0.382658364,-8,8,-0.0044950111,-1,0.0201797386,0.0201797386,0,E:\Project\MLDSA\RO_TRNG\data\hardware\20260511_fpga1_board1\tdc_pairs\analysis_tdc_pair_random1_ro0_ro1_run01_2mib\tdc_pair_random1_ro0_ro1_run01_2mib.tdc_packets.csv
tdc_pair_random1_ro0_ro1_run01_2mib,E:\Project\MLDSA\RO_TRNG\data\hardware\20260511_fpga1_board1\tdc_pairs\analysis_tdc_pair_random1_ro0_ro1_run01_2mib\tdc_pair_random1_ro0_ro1_run01_2mib.tdc_packets.csv,csv,5,81920,98303,16384,5000,256,0.00117626426,0.0012310652,2.92266446,2035.56231,22.2677492,2.92251188,0.382658364,-8,8,0.00117626426,7,-0.0123394588,0.0123394588,0,E:\Project\MLDSA\RO_TRNG\data\hardware\20260511_fpga1_board1\tdc_pairs\analysis_tdc_pair_random1_ro0_ro1_run01_2mib\tdc_pair_random1_ro0_ro1_run01_2mib.tdc_packets.csv
tdc_pair_random1_ro0_ro1_run01_2mib,E:\Project\MLDSA\RO_TRNG\data\hardware\20260511_fpga1_board1\tdc_pairs\analysis_tdc_pair_random1_ro0_ro1_run01_2mib\tdc_pair_random1_ro0_ro1_run01_2mib.tdc_packets.csv,csv,6,98304,114687,16384,5000,256,-0.000991423817,-0.000743437925,-14.4862191,2038.05082,4.85886569,-14.4863717,0.382658364,-8,8,-0.000991423817,6,0.0134135837,0.0134135837,0,E:\Project\MLDSA\RO_TRNG\data\hardware\20260511_fpga1_board1\tdc_pairs\analysis_tdc_pair_random1_ro0_ro1_run01_2mib\tdc_pair_random1_ro0_ro1_run01_2mib.tdc_packets.csv
tdc_pair_random1_ro0_ro1_run01_2mib,E:\Project\MLDSA\RO_TRNG\data\hardware\20260511_fpga1_board1\tdc_pairs\analysis_tdc_pair_random1_ro0_ro1_run01_2mib\tdc_pair_random1_ro0_ro1_run01_2mib.tdc_packets.csv,csv,7,114688,131071,16384,5000,256,-0.00522930379,-0.000975735865,-5.75535723,2050.55541,13.5897275,-5.75550981,0.382658364,-8,8,-0.00522930379,5,0.0186151342,0.0186151342,0,E:\Project\MLDSA\RO_TRNG\data\hardware\20260511_fpga1_board1\tdc_pairs\analysis_tdc_pair_random1_ro0_ro1_run01_2mib\tdc_pair_random1_ro0_ro1_run01_2mib.tdc_packets.csv
tdc_pair_random1_ro0_ro1_run01_2mib,E:\Project\MLDSA\RO_TRNG\data\hardware\20260511_fpga1_board1\tdc_pairs\analysis_tdc_pair_random1_ro0_ro1_run01_2mib\tdc_pair_random1_ro0_ro1_run01_2mib.tdc_packets.csv,csv,8,131072,147455,16384,5000,256,0.0110507448,0.0110362481,-16.2043204,2018.11251,3.14076441,-16.2044729,0.382658364,-8,8,0.0110507448,-4,-0.0124810244,0.0124810244,0,E:\Project\MLDSA\RO_TRNG\data\hardware\20260511_fpga1_board1\tdc_pairs\analysis_tdc_pair_random1_ro0_ro1_run01_2mib\tdc_pair_random1_ro0_ro1_run01_2mib.tdc_packets.csv
tdc_pair_random1_ro0_ro1_run01_2mib,E:\Project\MLDSA\RO_TRNG\data\hardware\20260511_fpga1_board1\tdc_pairs\analysis_tdc_pair_random1_ro0_ro1_run01_2mib\tdc_pair_random1_ro0_ro1_run01_2mib.tdc_packets.csv,csv,9,147456,163839,16384,5000,256,-0.0122337437,-0.013045851,-10.4216653,2058.01721,8.9234195,-10.4218178,0.382658364,-8,8,-0.0122337437,0,-0.0122337437,0.0122337437,0,E:\Project\MLDSA\RO_TRNG\data\hardware\20260511_fpga1_board1\tdc_pairs\analysis_tdc_pair_random1_ro0_ro1_run01_2mib\tdc_pair_random1_ro0_ro1_run01_2mib.tdc_packets.csv
tdc_pair_random1_ro0_ro1_run01_2mib,E:\Project\MLDSA\RO_TRNG\data\hardware\20260511_fpga1_board1\tdc_pairs\analysis_tdc_pair_random1_ro0_ro1_run01_2mib\tdc_pair_random1_ro0_ro1_run01_2mib.tdc_packets.csv,csv,10,163840,180223,16384,5000,256,-0.00535798295,-0.00622446423,-33.6480543,2044.76336,-14.3029695,-33.6482068,0.382658364,-8,8,-0.00535798295,8,0.0109014893,0.0109014893,0,E:\Project\MLDSA\RO_TRNG\data\hardware\20260511_fpga1_board1\tdc_pairs\analysis_tdc_pair_random1_ro0_ro1_run01_2mib\tdc_pair_random1_ro0_ro1_run01_2mib.tdc_packets.csv
tdc_pair_random1_ro0_ro1_run01_2mib,E:\Project\MLDSA\RO_TRNG\data\hardware\20260511_fpga1_board1\tdc_pairs\analysis_tdc_pair_random1_ro0_ro1_run01_2mib\tdc_pair_random1_ro0_ro1_run01_2mib.tdc_packets.csv,csv,11,180224,196607,16384,5000,256,-0.00264111237,-0.00340893726,-14.823127,2044.67367,4.52195776,-14.8232796,0.382658364,-8,8,-0.00264111237,6,0.0215993486,0.0215993486,0,E:\Project\MLDSA\RO_TRNG\data\hardware\20260511_fpga1_board1\tdc_pairs\analysis_tdc_pair_random1_ro0_ro1_run01_2mib\tdc_pair_random1_ro0_ro1_run01_2mib.tdc_packets.csv
tdc_pair_random1_ro0_ro1_run01_2mib,E:\Project\MLDSA\RO_TRNG\data\hardware\20260511_fpga1_board1\tdc_pairs\analysis_tdc_pair_random1_ro0_ro1_run01_2mib\tdc_pair_random1_ro0_ro1_run01_2mib.tdc_packets.csv,csv,12,196608,212991,16384,5000,256,-0.00175976008,-0.00226072529,-3.83956493,2049.78184,15.5055198,-3.83971751,0.382658364,-8,8,-0.00175976008,3,0.0135699597,0.0135699597,0,E:\Project\MLDSA\RO_TRNG\data\hardware\20260511_fpga1_board1\tdc_pairs\analysis_tdc_pair_random1_ro0_ro1_run01_2mib\tdc_pair_random1_ro0_ro1_run01_2mib.tdc_packets.csv
tdc_pair_random1_ro0_ro1_run01_2mib,E:\Project\MLDSA\RO_TRNG\data\hardware\20260511_fpga1_board1\tdc_pairs\analysis_tdc_pair_random1_ro0_ro1_run01_2mib\tdc_pair_random1_ro0_ro1_run01_2mib.tdc_packets.csv,csv,13,212992,229375,16384,5000,256,0.0150347121,0.0147887844,33.7494301,2027.03771,53.0945148,33.7492775,0.382658364,-8,8,0.0150347121,5,0.0153396825,0.0153396825,0,E:\Project\MLDSA\RO_TRNG\data\hardware\20260511_fpga1_board1\tdc_pairs\analysis_tdc_pair_random1_ro0_ro1_run01_2mib\tdc_pair_random1_ro0_ro1_run01_2mib.tdc_packets.csv
tdc_pair_random1_ro0_ro1_run01_2mib,E:\Project\MLDSA\RO_TRNG\data\hardware\20260511_fpga1_board1\tdc_pairs\analysis_tdc_pair_random1_ro0_ro1_run01_2mib\tdc_pair_random1_ro0_ro1_run01_2mib.tdc_packets.csv,csv,14,229376,245759,16384,5000,256,-0.0084139517,-0.00889156573,13.1724086,2045.3416,32.5174934,13.172256,0.382658364,-8,8,-0.0084139517,5,-0.0106599591,0.0106599591,0,E:\Project\MLDSA\RO_TRNG\data\hardware\20260511_fpga1_board1\tdc_pairs\analysis_tdc_pair_random1_ro0_ro1_run01_2mib\tdc_pair_random1_ro0_ro1_run01_2mib.tdc_packets.csv
tdc_pair_random1_ro0_ro1_run01_2mib,E:\Project\MLDSA\RO_TRNG\data\hardware\20260511_fpga1_board1\tdc_pairs\analysis_tdc_pair_random1_ro0_ro1_run01_2mib\tdc_pair_random1_ro0_ro1_run01_2mib.tdc_packets.csv,csv,15,245760,262141,16382,5000,256,-0.00336683953,-0.00436903137,19.9989516,2040.09977,39.3440363,19.998799,0.382658364,-8,8,-0.00336683953,1,0.0148260906,0.0148260906,0,E:\Project\MLDSA\RO_TRNG\data\hardware\20260511_fpga1_board1\tdc_pairs\analysis_tdc_pair_random1_ro0_ro1_run01_2mib\tdc_pair_random1_ro0_ro1_run01_2mib.tdc_packets.csv
tdc_pair_random1_ro2_ro4_repeat02_2mib,E:\Project\MLDSA\RO_TRNG\data\hardware\20260511_fpga1_board1\tdc_pairs\analysis_tdc_pair_random1_ro2_ro4_repeat02_2mib\tdc_pair_random1_ro2_ro4_repeat02_2mib.tdc_packets.csv,csv,0,0,16383,16384,5000,256,-0.00386351685,-0.00389557163,-21.8754316,2043.51564,0,-21.8753961,0.360169505,-8,8,-0.00386351685,7,0.0201566248,0.0201566248,0,E:\Project\MLDSA\RO_TRNG\data\hardware\20260511_fpga1_board1\tdc_pairs\analysis_tdc_pair_random1_ro2_ro4_repeat02_2mib\tdc_pair_random1_ro2_ro4_repeat02_2mib.tdc_packets.csv
tdc_pair_random1_ro2_ro4_repeat02_2mib,E:\Project\MLDSA\RO_TRNG\data\hardware\20260511_fpga1_board1\tdc_pairs\analysis_tdc_pair_random1_ro2_ro4_repeat02_2mib\tdc_pair_random1_ro2_ro4_repeat02_2mib.tdc_packets.csv,csv,1,16384,32767,16384,5000,256,-0.00490602353,-0.00530737702,-1.3948029,2050.90219,20.4806287,-1.39476739,0.360169505,-8,8,-0.00490602353,2,0.0195676967,0.0195676967,0,E:\Project\MLDSA\RO_TRNG\data\hardware\20260511_fpga1_board1\tdc_pairs\analysis_tdc_pair_random1_ro2_ro4_repeat02_2mib\tdc_pair_random1_ro2_ro4_repeat02_2mib.tdc_packets.csv
tdc_pair_random1_ro2_ro4_repeat02_2mib,E:\Project\MLDSA\RO_TRNG\data\hardware\20260511_fpga1_board1\tdc_pairs\analysis_tdc_pair_random1_ro2_ro4_repeat02_2mib\tdc_pair_random1_ro2_ro4_repeat02_2mib.tdc_packets.csv,csv,2,32768,49151,16384,5000,256,-0.0071201376,-0.00689474032,-9.62542724,2048.301,12.2500044,-9.62539173,0.360169505,-8,8,-0.0071201376,-1,-0.0119246247,0.0119246247,0,E:\Project\MLDSA\RO_TRNG\data\hardware\20260511_fpga1_board1\tdc_pairs\analysis_tdc_pair_random1_ro2_ro4_repeat02_2mib\tdc_pair_random1_ro2_ro4_repeat02_2mib.tdc_packets.csv
tdc_pair_random1_ro2_ro4_repeat02_2mib,E:\Project\MLDSA\RO_TRNG\data\hardware\20260511_fpga1_board1\tdc_pairs\analysis_tdc_pair_random1_ro2_ro4_repeat02_2mib\tdc_pair_random1_ro2_ro4_repeat02_2mib.tdc_packets.csv,csv,3,49152,65535,16384,5000,256,0.0072965992,0.00710657983,1.58670673,2038.8501,23.4621383,1.58674224,0.360169505,-8,8,0.0072965992,6,0.0118450746,0.0118450746,0,E:\Project\MLDSA\RO_TRNG\data\hardware\20260511_fpga1_board1\tdc_pairs\analysis_tdc_pair_random1_ro2_ro4_repeat02_2mib\tdc_pair_random1_ro2_ro4_repeat02_2mib.tdc_packets.csv
tdc_pair_random1_ro2_ro4_repeat02_2mib,E:\Project\MLDSA\RO_TRNG\data\hardware\20260511_fpga1_board1\tdc_pairs\analysis_tdc_pair_random1_ro2_ro4_repeat02_2mib\tdc_pair_random1_ro2_ro4_repeat02_2mib.tdc_packets.csv,csv,4,65536,81919,16384,5000,256,-0.0123226875,-0.0119698522,-0.738674333,2048.466,21.1367573,-0.73863882,0.360169505,-8,8,-0.0123226875,3,-0.0149835211,0.0149835211,0,E:\Project\MLDSA\RO_TRNG\data\hardware\20260511_fpga1_board1\tdc_pairs\analysis_tdc_pair_random1_ro2_ro4_repeat02_2mib\tdc_pair_random1_ro2_ro4_repeat02_2mib.tdc_packets.csv
tdc_pair_random1_ro2_ro4_repeat02_2mib,E:\Project\MLDSA\RO_TRNG\data\hardware\20260511_fpga1_board1\tdc_pairs\analysis_tdc_pair_random1_ro2_ro4_repeat02_2mib\tdc_pair_random1_ro2_ro4_repeat02_2mib.tdc_packets.csv,csv,5,81920,98303,16384,5000,256,0.00324708892,0.00336235415,22.6065145,2029.19032,44.4819461,22.60655,0.360169505,-8,8,0.00324708892,4,-0.0137810655,0.0137810655,0,E:\Project\MLDSA\RO_TRNG\data\hardware\20260511_fpga1_board1\tdc_pairs\analysis_tdc_pair_random1_ro2_ro4_repeat02_2mib\tdc_pair_random1_ro2_ro4_repeat02_2mib.tdc_packets.csv
tdc_pair_random1_ro2_ro4_repeat02_2mib,E:\Project\MLDSA\RO_TRNG\data\hardware\20260511_fpga1_board1\tdc_pairs\analysis_tdc_pair_random1_ro2_ro4_repeat02_2mib\tdc_pair_random1_ro2_ro4_repeat02_2mib.tdc_packets.csv,csv,6,98304,114687,16384,5000,256,0.0055306063,0.00599902601,4.03225563,2035.00031,25.9076873,4.03229114,0.360169505,-8,8,0.0055306063,-7,-0.0120958975,0.0120958975,0,E:\Project\MLDSA\RO_TRNG\data\hardware\20260511_fpga1_board1\tdc_pairs\analysis_tdc_pair_random1_ro2_ro4_repeat02_2mib\tdc_pair_random1_ro2_ro4_repeat02_2mib.tdc_packets.csv
tdc_pair_random1_ro2_ro4_repeat02_2mib,E:\Project\MLDSA\RO_TRNG\data\hardware\20260511_fpga1_board1\tdc_pairs\analysis_tdc_pair_random1_ro2_ro4_repeat02_2mib\tdc_pair_random1_ro2_ro4_repeat02_2mib.tdc_packets.csv,csv,7,114688,131071,16384,5000,256,0.0129595224,0.0125682049,-9.65378321,2023.98146,12.2216484,-9.6537477,0.360169505,-8,8,0.0129595224,-6,0.0132832971,0.0132832971,0,E:\Project\MLDSA\RO_TRNG\data\hardware\20260511_fpga1_board1\tdc_pairs\analysis_tdc_pair_random1_ro2_ro4_repeat02_2mib\tdc_pair_random1_ro2_ro4_repeat02_2mib.tdc_packets.csv
tdc_pair_random1_ro2_ro4_repeat02_2mib,E:\Project\MLDSA\RO_TRNG\data\hardware\20260511_fpga1_board1\tdc_pairs\analysis_tdc_pair_random1_ro2_ro4_repeat02_2mib\tdc_pair_random1_ro2_ro4_repeat02_2mib.tdc_packets.csv,csv,8,131072,147455,16384,5000,256,-0.00809208612,-0.00779956559,5.33616518,2043.67914,27.2115968,5.33620069,0.360169505,-8,8,-0.00809208612,3,-0.0136884565,0.0136884565,0,E:\Project\MLDSA\RO_TRNG\data\hardware\20260511_fpga1_board1\tdc_pairs\analysis_tdc_pair_random1_ro2_ro4_repeat02_2mib\tdc_pair_random1_ro2_ro4_repeat02_2mib.tdc_packets.csv
tdc_pair_random1_ro2_ro4_repeat02_2mib,E:\Project\MLDSA\RO_TRNG\data\hardware\20260511_fpga1_board1\tdc_pairs\analysis_tdc_pair_random1_ro2_ro4_repeat02_2mib\tdc_pair_random1_ro2_ro4_repeat02_2mib.tdc_packets.csv,csv,9,147456,163839,16384,5000,256,0.00553023672,0.00521365887,25.0906447,2034.82761,46.9660764,25.0906803,0.360169505,-8,8,0.00553023672,-6,-0.0240830239,0.0240830239,0,E:\Project\MLDSA\RO_TRNG\data\hardware\20260511_fpga1_board1\tdc_pairs\analysis_tdc_pair_random1_ro2_ro4_repeat02_2mib\tdc_pair_random1_ro2_ro4_repeat02_2mib.tdc_packets.csv
tdc_pair_random1_ro2_ro4_repeat02_2mib,E:\Project\MLDSA\RO_TRNG\data\hardware\20260511_fpga1_board1\tdc_pairs\analysis_tdc_pair_random1_ro2_ro4_repeat02_2mib\tdc_pair_random1_ro2_ro4_repeat02_2mib.tdc_packets.csv,csv,10,163840,180223,16384,5000,256,-0.000689044338,-0.000680534256,0.344307777,2036.84299,22.2197394,0.344343289,0.360169505,-8,8,-0.000689044338,4,0.0151285741,0.0151285741,0,E:\Project\MLDSA\RO_TRNG\data\hardware\20260511_fpga1_board1\tdc_pairs\analysis_tdc_pair_random1_ro2_ro4_repeat02_2mib\tdc_pair_random1_ro2_ro4_repeat02_2mib.tdc_packets.csv
tdc_pair_random1_ro2_ro4_repeat02_2mib,E:\Project\MLDSA\RO_TRNG\data\hardware\20260511_fpga1_board1\tdc_pairs\analysis_tdc_pair_random1_ro2_ro4_repeat02_2mib\tdc_pair_random1_ro2_ro4_repeat02_2mib.tdc_packets.csv,csv,11,180224,196607,16384,5000,256,-0.00851554947,-0.00806298226,-10.0779982,2051.50382,11.7974334,-10.0779627,0.360169505,-8,8,-0.00851554947,-5,0.0148301685,0.0148301685,0,E:\Project\MLDSA\RO_TRNG\data\hardware\20260511_fpga1_board1\tdc_pairs\analysis_tdc_pair_random1_ro2_ro4_repeat02_2mib\tdc_pair_random1_ro2_ro4_repeat02_2mib.tdc_packets.csv
tdc_pair_random1_ro2_ro4_repeat02_2mib,E:\Project\MLDSA\RO_TRNG\data\hardware\20260511_fpga1_board1\tdc_pairs\analysis_tdc_pair_random1_ro2_ro4_repeat02_2mib\tdc_pair_random1_ro2_ro4_repeat02_2mib.tdc_packets.csv,csv,12,196608,212991,16384,5000,256,0.00533296814,0.0050521971,-0.812914413,2040.94759,21.0625172,-0.812878901,0.360169505,-8,8,0.00533296814,-2,0.0106085759,0.0106085759,0,E:\Project\MLDSA\RO_TRNG\data\hardware\20260511_fpga1_board1\tdc_pairs\analysis_tdc_pair_random1_ro2_ro4_repeat02_2mib\tdc_pair_random1_ro2_ro4_repeat02_2mib.tdc_packets.csv
tdc_pair_random1_ro2_ro4_repeat02_2mib,E:\Project\MLDSA\RO_TRNG\data\hardware\20260511_fpga1_board1\tdc_pairs\analysis_tdc_pair_random1_ro2_ro4_repeat02_2mib\tdc_pair_random1_ro2_ro4_repeat02_2mib.tdc_packets.csv,csv,13,212992,229375,16384,5000,256,0.00380385727,0.00357687231,2.92804161,2032.47288,24.8034732,2.92807713,0.360169505,-8,8,0.00380385727,8,0.0178394177,0.0178394177,0,E:\Project\MLDSA\RO_TRNG\data\hardware\20260511_fpga1_board1\tdc_pairs\analysis_tdc_pair_random1_ro2_ro4_repeat02_2mib\tdc_pair_random1_ro2_ro4_repeat02_2mib.tdc_packets.csv
tdc_pair_random1_ro2_ro4_repeat02_2mib,E:\Project\MLDSA\RO_TRNG\data\hardware\20260511_fpga1_board1\tdc_pairs\analysis_tdc_pair_random1_ro2_ro4_repeat02_2mib\tdc_pair_random1_ro2_ro4_repeat02_2mib.tdc_packets.csv,csv,14,229376,245759,16384,5000,256,0.0111766501,0.0114297539,1.56322217,2032.92772,23.4386538,1.56325769,0.360169505,-8,8,0.0111766501,-1,0.0138163194,0.0138163194,0,E:\Project\MLDSA\RO_TRNG\data\hardware\20260511_fpga1_board1\tdc_pairs\analysis_tdc_pair_random1_ro2_ro4_repeat02_2mib\tdc_pair_random1_ro2_ro4_repeat02_2mib.tdc_packets.csv
tdc_pair_random1_ro2_ro4_repeat02_2mib,E:\Project\MLDSA\RO_TRNG\data\hardware\20260511_fpga1_board1\tdc_pairs\analysis_tdc_pair_random1_ro2_ro4_repeat02_2mib\tdc_pair_random1_ro2_ro4_repeat02_2mib.tdc_packets.csv,csv,15,245760,262142,16383,5000,256,0.00560723935,0.00502706374,-9.30939462,2033.12618,12.566037,-9.3093591,0.360169505,-8,8,0.00560723935,-4,0.0181313811,0.0181313811,0,E:\Project\MLDSA\RO_TRNG\data\hardware\20260511_fpga1_board1\tdc_pairs\analysis_tdc_pair_random1_ro2_ro4_repeat02_2mib\tdc_pair_random1_ro2_ro4_repeat02_2mib.tdc_packets.csv
tdc_pair_random1_ro2_ro4_run01_2mib,E:\Project\MLDSA\RO_TRNG\data\hardware\20260511_fpga1_board1\tdc_pairs\analysis_tdc_pair_random1_ro2_ro4_run01_2mib\tdc_pair_random1_ro2_ro4_run01_2mib.tdc_packets.csv,csv,0,0,16383,16384,5000,256,-0.000381820439,-0.00117468017,3.34295878,2039.00158,0,3.34306111,-0.0716225786,-8,8,-0.000381820439,4,-0.0154594879,0.0154594879,0,E:\Project\MLDSA\RO_TRNG\data\hardware\20260511_fpga1_board1\tdc_pairs\analysis_tdc_pair_random1_ro2_ro4_run01_2mib\tdc_pair_random1_ro2_ro4_run01_2mib.tdc_packets.csv
tdc_pair_random1_ro2_ro4_run01_2mib,E:\Project\MLDSA\RO_TRNG\data\hardware\20260511_fpga1_board1\tdc_pairs\analysis_tdc_pair_random1_ro2_ro4_run01_2mib\tdc_pair_random1_ro2_ro4_run01_2mib.tdc_packets.csv,csv,1,16384,32767,16384,5000,256,-0.00138134981,-0.00121831546,7.0896889,2042.66896,3.74673012,7.08979123,-0.0716225786,-8,8,-0.00138134981,4,-0.0121196358,0.0121196358,0,E:\Project\MLDSA\RO_TRNG\data\hardware\20260511_fpga1_board1\tdc_pairs\analysis_tdc_pair_random1_ro2_ro4_run01_2mib\tdc_pair_random1_ro2_ro4_run01_2mib.tdc_packets.csv
tdc_pair_random1_ro2_ro4_run01_2mib,E:\Project\MLDSA\RO_TRNG\data\hardware\20260511_fpga1_board1\tdc_pairs\analysis_tdc_pair_random1_ro2_ro4_run01_2mib\tdc_pair_random1_ro2_ro4_run01_2mib.tdc_packets.csv,csv,2,32768,49151,16384,5000,256,0.000138005889,0.000412447234,-12.0408446,2037.45679,-15.3838034,-12.0407422,-0.0716225786,-8,8,0.000138005889,4,-0.0160287966,0.0160287966,0,E:\Project\MLDSA\RO_TRNG\data\hardware\20260511_fpga1_board1\tdc_pairs\analysis_tdc_pair_random1_ro2_ro4_run01_2mib\tdc_pair_random1_ro2_ro4_run01_2mib.tdc_packets.csv
tdc_pair_random1_ro2_ro4_run01_2mib,E:\Project\MLDSA\RO_TRNG\data\hardware\20260511_fpga1_board1\tdc_pairs\analysis_tdc_pair_random1_ro2_ro4_run01_2mib\tdc_pair_random1_ro2_ro4_run01_2mib.tdc_packets.csv,csv,3,49152,65535,16384,5000,256,-0.00144289979,-0.000896830759,-9.11817335,2036.4463,-12.4611321,-9.11807102,-0.0716225786,-8,8,-0.00144289979,2,0.0128399681,0.0128399681,0,E:\Project\MLDSA\RO_TRNG\data\hardware\20260511_fpga1_board1\tdc_pairs\analysis_tdc_pair_random1_ro2_ro4_run01_2mib\tdc_pair_random1_ro2_ro4_run01_2mib.tdc_packets.csv
tdc_pair_random1_ro2_ro4_run01_2mib,E:\Project\MLDSA\RO_TRNG\data\hardware\20260511_fpga1_board1\tdc_pairs\analysis_tdc_pair_random1_ro2_ro4_run01_2mib\tdc_pair_random1_ro2_ro4_run01_2mib.tdc_packets.csv,csv,4,65536,81919,16384,5000,256,0.0087561636,0.0091977475,6.18557284,2035.67213,2.84261406,6.18567518,-0.0716225786,-8,8,0.0087561636,7,-0.016372215,0.016372215,0,E:\Project\MLDSA\RO_TRNG\data\hardware\20260511_fpga1_board1\tdc_pairs\analysis_tdc_pair_random1_ro2_ro4_run01_2mib\tdc_pair_random1_ro2_ro4_run01_2mib.tdc_packets.csv
tdc_pair_random1_ro2_ro4_run01_2mib,E:\Project\MLDSA\RO_TRNG\data\hardware\20260511_fpga1_board1\tdc_pairs\analysis_tdc_pair_random1_ro2_ro4_run01_2mib\tdc_pair_random1_ro2_ro4_run01_2mib.tdc_packets.csv,csv,5,81920,98303,16384,5000,256,-0.0142263606,-0.0142153103,-23.8877118,2055.79351,-27.2306705,-23.8876094,-0.0716225786,-8,8,-0.0142263606,-4,-0.0142505078,0.0142505078,0,E:\Project\MLDSA\RO_TRNG\data\hardware\20260511_fpga1_board1\tdc_pairs\analysis_tdc_pair_random1_ro2_ro4_run01_2mib\tdc_pair_random1_ro2_ro4_run01_2mib.tdc_packets.csv
tdc_pair_random1_ro2_ro4_run01_2mib,E:\Project\MLDSA\RO_TRNG\data\hardware\20260511_fpga1_board1\tdc_pairs\analysis_tdc_pair_random1_ro2_ro4_run01_2mib\tdc_pair_random1_ro2_ro4_run01_2mib.tdc_packets.csv,csv,6,98304,114687,16384,5000,256,-0.00504922052,3.98845303e-05,29.5754976,2045.20547,26.2325388,29.5755999,-0.0716225786,-8,8,-0.00504922052,-6,0.0317827302,0.0317827302,0,E:\Project\MLDSA\RO_TRNG\data\hardware\20260511_fpga1_board1\tdc_pairs\analysis_tdc_pair_random1_ro2_ro4_run01_2mib\tdc_pair_random1_ro2_ro4_run01_2mib.tdc_packets.csv
tdc_pair_random1_ro2_ro4_run01_2mib,E:\Project\MLDSA\RO_TRNG\data\hardware\20260511_fpga1_board1\tdc_pairs\analysis_tdc_pair_random1_ro2_ro4_run01_2mib\tdc_pair_random1_ro2_ro4_run01_2mib.tdc_packets.csv,csv,7,114688,131071,16384,5000,256,-0.0050728682,0.00362943495,-16.2735476,2043.33688,-19.6165064,-16.2734453,-0.0716225786,-8,8,-0.0050728682,3,0.0146146054,0.0146146054,0,E:\Project\MLDSA\RO_TRNG\data\hardware\20260511_fpga1_board1\tdc_pairs\analysis_tdc_pair_random1_ro2_ro4_run01_2mib\tdc_pair_random1_ro2_ro4_run01_2mib.tdc_packets.csv
tdc_pair_random1_ro2_ro4_run01_2mib,E:\Project\MLDSA\RO_TRNG\data\hardware\20260511_fpga1_board1\tdc_pairs\analysis_tdc_pair_random1_ro2_ro4_run01_2mib\tdc_pair_random1_ro2_ro4_run01_2mib.tdc_packets.csv,csv,8,131072,147455,16384,5000,256,-0.0028323573,-0.00262695831,-7.93343174,2045.71354,-11.2763905,-7.93332941,-0.0716225786,-8,8,-0.0028323573,7,0.0132354086,0.0132354086,0,E:\Project\MLDSA\RO_TRNG\data\hardware\20260511_fpga1_board1\tdc_pairs\analysis_tdc_pair_random1_ro2_ro4_run01_2mib\tdc_pair_random1_ro2_ro4_run01_2mib.tdc_packets.csv
tdc_pair_random1_ro2_ro4_run01_2mib,E:\Project\MLDSA\RO_TRNG\data\hardware\20260511_fpga1_board1\tdc_pairs\analysis_tdc_pair_random1_ro2_ro4_run01_2mib\tdc_pair_random1_ro2_ro4_run01_2mib.tdc_packets.csv,csv,9,147456,163839,16384,5000,256,0.00241788669,0.00262617402,31.4097264,2039.87134,28.0667676,31.4098287,-0.0716225786,-8,8,0.00241788669,-5,-0.0211254155,0.0211254155,0,E:\Project\MLDSA\RO_TRNG\data\hardware\20260511_fpga1_board1\tdc_pairs\analysis_tdc_pair_random1_ro2_ro4_run01_2mib\tdc_pair_random1_ro2_ro4_run01_2mib.tdc_packets.csv
tdc_pair_random1_ro2_ro4_run01_2mib,E:\Project\MLDSA\RO_TRNG\data\hardware\20260511_fpga1_board1\tdc_pairs\analysis_tdc_pair_random1_ro2_ro4_run01_2mib\tdc_pair_random1_ro2_ro4_run01_2mib.tdc_packets.csv,csv,10,163840,180223,16384,5000,256,-0.00454860956,-0.00402773154,7.00468397,2043.5972,3.6617252,7.00478631,-0.0716225786,-8,8,-0.00454860956,5,0.0191262079,0.0191262079,0,E:\Project\MLDSA\RO_TRNG\data\hardware\20260511_fpga1_board1\tdc_pairs\analysis_tdc_pair_random1_ro2_ro4_run01_2mib\tdc_pair_random1_ro2_ro4_run01_2mib.tdc_packets.csv
tdc_pair_random1_ro2_ro4_run01_2mib,E:\Project\MLDSA\RO_TRNG\data\hardware\20260511_fpga1_board1\tdc_pairs\analysis_tdc_pair_random1_ro2_ro4_run01_2mib\tdc_pair_random1_ro2_ro4_run01_2mib.tdc_packets.csv,csv,11,180224,196607,16384,5000,256,-0.0018411909,-0.00143333114,5.17708807,2040.68515,1.83412929,5.1771904,-0.0716225786,-8,8,-0.0018411909,-5,-0.0167503948,0.0167503948,0,E:\Project\MLDSA\RO_TRNG\data\hardware\20260511_fpga1_board1\tdc_pairs\analysis_tdc_pair_random1_ro2_ro4_run01_2mib\tdc_pair_random1_ro2_ro4_run01_2mib.tdc_packets.csv
tdc_pair_random1_ro2_ro4_run01_2mib,E:\Project\MLDSA\RO_TRNG\data\hardware\20260511_fpga1_board1\tdc_pairs\analysis_tdc_pair_random1_ro2_ro4_run01_2mib\tdc_pair_random1_ro2_ro4_run01_2mib.tdc_packets.csv,csv,12,196608,212991,16384,5000,256,-0.00815993108,-0.00827112194,6.43969119,2051.33529,3.09673241,6.43979352,-0.0716225786,-8,8,-0.00815993108,8,0.00870568348,0.00870568348,0,E:\Project\MLDSA\RO_TRNG\data\hardware\20260511_fpga1_board1\tdc_pairs\analysis_tdc_pair_random1_ro2_ro4_run01_2mib\tdc_pair_random1_ro2_ro4_run01_2mib.tdc_packets.csv
tdc_pair_random1_ro2_ro4_run01_2mib,E:\Project\MLDSA\RO_TRNG\data\hardware\20260511_fpga1_board1\tdc_pairs\analysis_tdc_pair_random1_ro2_ro4_run01_2mib\tdc_pair_random1_ro2_ro4_run01_2mib.tdc_packets.csv,csv,13,212992,229375,16384,5000,256,0.00402768712,0.00370170981,-9.74023598,2031.51387,-13.0831948,-9.74013365,-0.0716225786,-8,8,0.00402768712,2,-0.00859548868,0.00859548868,0,E:\Project\MLDSA\RO_TRNG\data\hardware\20260511_fpga1_board1\tdc_pairs\analysis_tdc_pair_random1_ro2_ro4_run01_2mib\tdc_pair_random1_ro2_ro4_run01_2mib.tdc_packets.csv
tdc_pair_random1_ro2_ro4_run01_2mib,E:\Project\MLDSA\RO_TRNG\data\hardware\20260511_fpga1_board1\tdc_pairs\analysis_tdc_pair_random1_ro2_ro4_run01_2mib\tdc_pair_random1_ro2_ro4_run01_2mib.tdc_packets.csv,csv,14,229376,245759,16384,5000,256,-0.00423207786,-0.00320470412,-12.761561,2045.03451,-16.1045197,-12.7614586,-0.0716225786,-8,8,-0.00423207786,-2,-0.0242878655,0.0242878655,0,E:\Project\MLDSA\RO_TRNG\data\hardware\20260511_fpga1_board1\tdc_pairs\analysis_tdc_pair_random1_ro2_ro4_run01_2mib\tdc_pair_random1_ro2_ro4_run01_2mib.tdc_packets.csv
tdc_pair_random1_ro2_ro4_run01_2mib,E:\Project\MLDSA\RO_TRNG\data\hardware\20260511_fpga1_board1\tdc_pairs\analysis_tdc_pair_random1_ro2_ro4_run01_2mib\tdc_pair_random1_ro2_ro4_run01_2mib.tdc_packets.csv,csv,15,245760,262137,16378,5000,256,-0.00194234117,-0.00147928732,-4.4710391,2043.25916,-7.81399787,-4.47093676,-0.0716225786,-8,8,-0.00194234117,-5,0.0114043906,0.0114043906,0,E:\Project\MLDSA\RO_TRNG\data\hardware\20260511_fpga1_board1\tdc_pairs\analysis_tdc_pair_random1_ro2_ro4_run01_2mib\tdc_pair_random1_ro2_ro4_run01_2mib.tdc_packets.csv
tdc_pair_random1_ro4_ro5_repeat02_2mib,E:\Project\MLDSA\RO_TRNG\data\hardware\20260511_fpga1_board1\tdc_pairs\analysis_tdc_pair_random1_ro4_ro5_repeat02_2mib\tdc_pair_random1_ro4_ro5_repeat02_2mib.tdc_packets.csv,csv,0,0,16383,16384,5000,256,0.0112652226,0.0112880842,14.1401781,2029.77838,0,14.1401781,0.814889717,-8,8,0.0112652226,5,-0.0147858078,0.0147858078,0,E:\Project\MLDSA\RO_TRNG\data\hardware\20260511_fpga1_board1\tdc_pairs\analysis_tdc_pair_random1_ro4_ro5_repeat02_2mib\tdc_pair_random1_ro4_ro5_repeat02_2mib.tdc_packets.csv
tdc_pair_random1_ro4_ro5_repeat02_2mib,E:\Project\MLDSA\RO_TRNG\data\hardware\20260511_fpga1_board1\tdc_pairs\analysis_tdc_pair_random1_ro4_ro5_repeat02_2mib\tdc_pair_random1_ro4_ro5_repeat02_2mib.tdc_packets.csv,csv,1,16384,32767,16384,5000,256,0.0186143032,0.0185807253,-7.36507354,2015.81264,-21.5052516,-7.36507354,0.814889717,-8,8,0.0186143032,0,0.0186143032,0.0186143032,0,E:\Project\MLDSA\RO_TRNG\data\hardware\20260511_fpga1_board1\tdc_pairs\analysis_tdc_pair_random1_ro4_ro5_repeat02_2mib\tdc_pair_random1_ro4_ro5_repeat02_2mib.tdc_packets.csv
tdc_pair_random1_ro4_ro5_repeat02_2mib,E:\Project\MLDSA\RO_TRNG\data\hardware\20260511_fpga1_board1\tdc_pairs\analysis_tdc_pair_random1_ro4_ro5_repeat02_2mib\tdc_pair_random1_ro4_ro5_repeat02_2mib.tdc_packets.csv,csv,2,32768,49151,16384,5000,256,-0.0106933744,-0.0103943619,-2.48553231,2053.79842,-16.6257104,-2.48553231,0.814889717,-8,8,-0.0106933744,-6,-0.0246397484,0.0246397484,0,E:\Project\MLDSA\RO_TRNG\data\hardware\20260511_fpga1_board1\tdc_pairs\analysis_tdc_pair_random1_ro4_ro5_repeat02_2mib\tdc_pair_random1_ro4_ro5_repeat02_2mib.tdc_packets.csv
tdc_pair_random1_ro4_ro5_repeat02_2mib,E:\Project\MLDSA\RO_TRNG\data\hardware\20260511_fpga1_board1\tdc_pairs\analysis_tdc_pair_random1_ro4_ro5_repeat02_2mib\tdc_pair_random1_ro4_ro5_repeat02_2mib.tdc_packets.csv,csv,3,49152,65535,16384,5000,256,0.00757080389,0.00809568068,-21.4967952,2035.97139,-35.6369733,-21.4967952,0.814889717,-8,8,0.00757080389,-2,-0.0208377051,0.0208377051,0,E:\Project\MLDSA\RO_TRNG\data\hardware\20260511_fpga1_board1\tdc_pairs\analysis_tdc_pair_random1_ro4_ro5_repeat02_2mib\tdc_pair_random1_ro4_ro5_repeat02_2mib.tdc_packets.csv
tdc_pair_random1_ro4_ro5_repeat02_2mib,E:\Project\MLDSA\RO_TRNG\data\hardware\20260511_fpga1_board1\tdc_pairs\analysis_tdc_pair_random1_ro4_ro5_repeat02_2mib\tdc_pair_random1_ro4_ro5_repeat02_2mib.tdc_packets.csv,csv,4,65536,81919,16384,5000,256,-0.0231310881,-0.0229337938,-8.20963469,2067.54457,-22.3498128,-8.20963469,0.814889717,-8,8,-0.0231310881,0,-0.0231310881,0.0231310881,0,E:\Project\MLDSA\RO_TRNG\data\hardware\20260511_fpga1_board1\tdc_pairs\analysis_tdc_pair_random1_ro4_ro5_repeat02_2mib\tdc_pair_random1_ro4_ro5_repeat02_2mib.tdc_packets.csv
tdc_pair_random1_ro4_ro5_repeat02_2mib,E:\Project\MLDSA\RO_TRNG\data\hardware\20260511_fpga1_board1\tdc_pairs\analysis_tdc_pair_random1_ro4_ro5_repeat02_2mib\tdc_pair_random1_ro4_ro5_repeat02_2mib.tdc_packets.csv,csv,5,81920,98303,16384,5000,256,-0.0046745025,-0.00429170216,19.5372163,2052.26782,5.39703819,19.5372163,0.814889717,-8,8,-0.0046745025,6,0.0159386476,0.0159386476,0,E:\Project\MLDSA\RO_TRNG\data\hardware\20260511_fpga1_board1\tdc_pairs\analysis_tdc_pair_random1_ro4_ro5_repeat02_2mib\tdc_pair_random1_ro4_ro5_repeat02_2mib.tdc_packets.csv
tdc_pair_random1_ro4_ro5_repeat02_2mib,E:\Project\MLDSA\RO_TRNG\data\hardware\20260511_fpga1_board1\tdc_pairs\analysis_tdc_pair_random1_ro4_ro5_repeat02_2mib\tdc_pair_random1_ro4_ro5_repeat02_2mib.tdc_packets.csv,csv,6,98304,114687,16384,5000,256,-0.013275991,-0.0135231741,-19.5597485,2047.99257,-33.6999266,-19.5597485,0.814889717,-8,8,-0.013275991,0,-0.013275991,0.013275991,0,E:\Project\MLDSA\RO_TRNG\data\hardware\20260511_fpga1_board1\tdc_pairs\analysis_tdc_pair_random1_ro4_ro5_repeat02_2mib\tdc_pair_random1_ro4_ro5_repeat02_2mib.tdc_packets.csv
tdc_pair_random1_ro4_ro5_repeat02_2mib,E:\Project\MLDSA\RO_TRNG\data\hardware\20260511_fpga1_board1\tdc_pairs\analysis_tdc_pair_random1_ro4_ro5_repeat02_2mib\tdc_pair_random1_ro4_ro5_repeat02_2mib.tdc_packets.csv,csv,7,114688,131071,16384,5000,256,-0.0174636156,-0.0167754923,-3.51311814,2048.157,-17.6532962,-3.51311814,0.814889717,-8,8,-0.0174636156,0,-0.0174636156,0.0174636156,0,E:\Project\MLDSA\RO_TRNG\data\hardware\20260511_fpga1_board1\tdc_pairs\analysis_tdc_pair_random1_ro4_ro5_repeat02_2mib\tdc_pair_random1_ro4_ro5_repeat02_2mib.tdc_packets.csv
tdc_pair_random1_ro4_ro5_repeat02_2mib,E:\Project\MLDSA\RO_TRNG\data\hardware\20260511_fpga1_board1\tdc_pairs\analysis_tdc_pair_random1_ro4_ro5_repeat02_2mib\tdc_pair_random1_ro4_ro5_repeat02_2mib.tdc_packets.csv,csv,8,131072,147455,16384,5000,256,0.0112128913,0.0102224045,-7.73870037,2031.54954,-21.8788785,-7.73870037,0.814889717,-8,8,0.0112128913,-8,-0.0233295879,0.0233295879,0,E:\Project\MLDSA\RO_TRNG\data\hardware\20260511_fpga1_board1\tdc_pairs\analysis_tdc_pair_random1_ro4_ro5_repeat02_2mib\tdc_pair_random1_ro4_ro5_repeat02_2mib.tdc_packets.csv
tdc_pair_random1_ro4_ro5_repeat02_2mib,E:\Project\MLDSA\RO_TRNG\data\hardware\20260511_fpga1_board1\tdc_pairs\analysis_tdc_pair_random1_ro4_ro5_repeat02_2mib\tdc_pair_random1_ro4_ro5_repeat02_2mib.tdc_packets.csv,csv,9,147456,163839,16384,5000,256,-0.0265191137,-0.0262575383,10.8394498,2065.08181,-3.30072828,10.8394498,0.814889717,-8,8,-0.0265191137,0,-0.0265191137,0.0265191137,0,E:\Project\MLDSA\RO_TRNG\data\hardware\20260511_fpga1_board1\tdc_pairs\analysis_tdc_pair_random1_ro4_ro5_repeat02_2mib\tdc_pair_random1_ro4_ro5_repeat02_2mib.tdc_packets.csv
tdc_pair_random1_ro4_ro5_repeat02_2mib,E:\Project\MLDSA\RO_TRNG\data\hardware\20260511_fpga1_board1\tdc_pairs\analysis_tdc_pair_random1_ro4_ro5_repeat02_2mib\tdc_pair_random1_ro4_ro5_repeat02_2mib.tdc_packets.csv,csv,10,163840,180223,16384,5000,256,-0.00538806945,-0.00581059098,-16.3851498,2043.54509,-30.5253279,-16.3851498,0.814889717,-8,8,-0.00538806945,-5,-0.013438202,0.013438202,0,E:\Project\MLDSA\RO_TRNG\data\hardware\20260511_fpga1_board1\tdc_pairs\analysis_tdc_pair_random1_ro4_ro5_repeat02_2mib\tdc_pair_random1_ro4_ro5_repeat02_2mib.tdc_packets.csv
tdc_pair_random1_ro4_ro5_repeat02_2mib,E:\Project\MLDSA\RO_TRNG\data\hardware\20260511_fpga1_board1\tdc_pairs\analysis_tdc_pair_random1_ro4_ro5_repeat02_2mib\tdc_pair_random1_ro4_ro5_repeat02_2mib.tdc_packets.csv,csv,11,180224,196607,16384,5000,256,-0.00594949953,-0.00700560892,2.96444981,2041.35058,-11.1757283,2.96444981,0.814889717,-8,8,-0.00594949953,-3,0.0218478536,0.0218478536,0,E:\Project\MLDSA\RO_TRNG\data\hardware\20260511_fpga1_board1\tdc_pairs\analysis_tdc_pair_random1_ro4_ro5_repeat02_2mib\tdc_pair_random1_ro4_ro5_repeat02_2mib.tdc_packets.csv
tdc_pair_random1_ro4_ro5_repeat02_2mib,E:\Project\MLDSA\RO_TRNG\data\hardware\20260511_fpga1_board1\tdc_pairs\analysis_tdc_pair_random1_ro4_ro5_repeat02_2mib\tdc_pair_random1_ro4_ro5_repeat02_2mib.tdc_packets.csv,csv,12,196608,212991,16384,5000,256,-0.000450947345,-0.00107626582,4.00666846,2046.68738,-10.1335096,4.00666846,0.814889717,-8,8,-0.000450947345,4,-0.0144408924,0.0144408924,0,E:\Project\MLDSA\RO_TRNG\data\hardware\20260511_fpga1_board1\tdc_pairs\analysis_tdc_pair_random1_ro4_ro5_repeat02_2mib\tdc_pair_random1_ro4_ro5_repeat02_2mib.tdc_packets.csv
tdc_pair_random1_ro4_ro5_repeat02_2mib,E:\Project\MLDSA\RO_TRNG\data\hardware\20260511_fpga1_board1\tdc_pairs\analysis_tdc_pair_random1_ro4_ro5_repeat02_2mib\tdc_pair_random1_ro4_ro5_repeat02_2mib.tdc_packets.csv,csv,13,212992,229375,16384,5000,256,-0.00390221193,-0.00390474875,11.2446822,2043.1728,-2.89549585,11.2446822,0.814889717,-8,8,-0.00390221193,2,-0.0153834387,0.0153834387,0,E:\Project\MLDSA\RO_TRNG\data\hardware\20260511_fpga1_board1\tdc_pairs\analysis_tdc_pair_random1_ro4_ro5_repeat02_2mib\tdc_pair_random1_ro4_ro5_repeat02_2mib.tdc_packets.csv
tdc_pair_random1_ro4_ro5_repeat02_2mib,E:\Project\MLDSA\RO_TRNG\data\hardware\20260511_fpga1_board1\tdc_pairs\analysis_tdc_pair_random1_ro4_ro5_repeat02_2mib\tdc_pair_random1_ro4_ro5_repeat02_2mib.tdc_packets.csv,csv,14,229376,245759,16384,5000,256,0.0103140756,0.00995268654,27.9886008,2030.49347,13.8484227,27.9886008,0.814889717,-8,8,0.0103140756,3,-0.0145937692,0.0145937692,0,E:\Project\MLDSA\RO_TRNG\data\hardware\20260511_fpga1_board1\tdc_pairs\analysis_tdc_pair_random1_ro4_ro5_repeat02_2mib\tdc_pair_random1_ro4_ro5_repeat02_2mib.tdc_packets.csv
tdc_pair_random1_ro4_ro5_repeat02_2mib,E:\Project\MLDSA\RO_TRNG\data\hardware\20260511_fpga1_board1\tdc_pairs\analysis_tdc_pair_random1_ro4_ro5_repeat02_2mib\tdc_pair_random1_ro4_ro5_repeat02_2mib.tdc_packets.csv,csv,15,245760,262143,16384,5000,256,0.00535577571,0.00539704403,-3.96749296,2038.29611,-18.1076711,-3.96749296,0.814889717,-8,8,0.00535577571,-7,0.0109884061,0.0109884061,0,E:\Project\MLDSA\RO_TRNG\data\hardware\20260511_fpga1_board1\tdc_pairs\analysis_tdc_pair_random1_ro4_ro5_repeat02_2mib\tdc_pair_random1_ro4_ro5_repeat02_2mib.tdc_packets.csv
tdc_pair_random1_ro4_ro5_run01_2mib,E:\Project\MLDSA\RO_TRNG\data\hardware\20260511_fpga1_board1\tdc_pairs\analysis_tdc_pair_random1_ro4_ro5_run01_2mib\tdc_pair_random1_ro4_ro5_run01_2mib.tdc_packets.csv,csv,0,0,16383,16384,5000,256,0.00221158006,0.00216038736,-19.5268448,2034.66343,0,-19.5268901,-0.275656522,-8,8,0.00221158006,4,0.022497278,0.022497278,0,E:\Project\MLDSA\RO_TRNG\data\hardware\20260511_fpga1_board1\tdc_pairs\analysis_tdc_pair_random1_ro4_ro5_run01_2mib\tdc_pair_random1_ro4_ro5_run01_2mib.tdc_packets.csv
tdc_pair_random1_ro4_ro5_run01_2mib,E:\Project\MLDSA\RO_TRNG\data\hardware\20260511_fpga1_board1\tdc_pairs\analysis_tdc_pair_random1_ro4_ro5_run01_2mib\tdc_pair_random1_ro4_ro5_run01_2mib.tdc_packets.csv,csv,1,16384,32767,16384,5000,256,-0.00769053113,-0.00719508773,16.8398223,2046.89753,36.3666671,16.839777,-0.275656522,-8,8,-0.00769053113,1,0.0166125065,0.0166125065,0,E:\Project\MLDSA\RO_TRNG\data\hardware\20260511_fpga1_board1\tdc_pairs\analysis_tdc_pair_random1_ro4_ro5_run01_2mib\tdc_pair_random1_ro4_ro5_run01_2mib.tdc_packets.csv
tdc_pair_random1_ro4_ro5_run01_2mib,E:\Project\MLDSA\RO_TRNG\data\hardware\20260511_fpga1_board1\tdc_pairs\analysis_tdc_pair_random1_ro4_ro5_run01_2mib\tdc_pair_random1_ro4_ro5_run01_2mib.tdc_packets.csv,csv,2,32768,49151,16384,5000,256,0.0117675597,0.0114546605,17.8162601,2034.50554,37.3431049,17.8162149,-0.275656522,-8,8,0.0117675597,5,0.0216756007,0.0216756007,0,E:\Project\MLDSA\RO_TRNG\data\hardware\20260511_fpga1_board1\tdc_pairs\analysis_tdc_pair_random1_ro4_ro5_run01_2mib\tdc_pair_random1_ro4_ro5_run01_2mib.tdc_packets.csv
tdc_pair_random1_ro4_ro5_run01_2mib,E:\Project\MLDSA\RO_TRNG\data\hardware\20260511_fpga1_board1\tdc_pairs\analysis_tdc_pair_random1_ro4_ro5_run01_2mib\tdc_pair_random1_ro4_ro5_run01_2mib.tdc_packets.csv,csv,3,49152,65535,16384,5000,256,-0.0020161556,-0.00211867064,18.3504315,2035.89166,37.8772763,18.3503863,-0.275656522,-8,8,-0.0020161556,6,0.0174565694,0.0174565694,0,E:\Project\MLDSA\RO_TRNG\data\hardware\20260511_fpga1_board1\tdc_pairs\analysis_tdc_pair_random1_ro4_ro5_run01_2mib\tdc_pair_random1_ro4_ro5_run01_2mib.tdc_packets.csv
tdc_pair_random1_ro4_ro5_run01_2mib,E:\Project\MLDSA\RO_TRNG\data\hardware\20260511_fpga1_board1\tdc_pairs\analysis_tdc_pair_random1_ro4_ro5_run01_2mib\tdc_pair_random1_ro4_ro5_run01_2mib.tdc_packets.csv,csv,4,65536,81919,16384,5000,256,0.00180067943,0.00177678112,-0.050706051,2033.41582,19.4761388,-0.0507512855,-0.275656522,-8,8,0.00180067943,2,0.0160492913,0.0160492913,0,E:\Project\MLDSA\RO_TRNG\data\hardware\20260511_fpga1_board1\tdc_pairs\analysis_tdc_pair_random1_ro4_ro5_run01_2mib\tdc_pair_random1_ro4_ro5_run01_2mib.tdc_packets.csv
tdc_pair_random1_ro4_ro5_run01_2mib,E:\Project\MLDSA\RO_TRNG\data\hardware\20260511_fpga1_board1\tdc_pairs\analysis_tdc_pair_random1_ro4_ro5_run01_2mib\tdc_pair_random1_ro4_ro5_run01_2mib.tdc_packets.csv,csv,5,81920,98303,16384,5000,256,0.000745133799,0.000195888443,16.9034569,2042.59384,36.4303017,16.9034116,-0.275656522,-8,8,0.000745133799,-6,0.013108377,0.013108377,0,E:\Project\MLDSA\RO_TRNG\data\hardware\20260511_fpga1_board1\tdc_pairs\analysis_tdc_pair_random1_ro4_ro5_run01_2mib\tdc_pair_random1_ro4_ro5_run01_2mib.tdc_packets.csv
tdc_pair_random1_ro4_ro5_run01_2mib,E:\Project\MLDSA\RO_TRNG\data\hardware\20260511_fpga1_board1\tdc_pairs\analysis_tdc_pair_random1_ro4_ro5_run01_2mib\tdc_pair_random1_ro4_ro5_run01_2mib.tdc_packets.csv,csv,6,98304,114687,16384,5000,256,0.00805347831,0.00797455812,-10.424182,2032.10435,9.10266282,-10.4242272,-0.275656522,-8,8,0.00805347831,1,0.018746018,0.018746018,0,E:\Project\MLDSA\RO_TRNG\data\hardware\20260511_fpga1_board1\tdc_pairs\analysis_tdc_pair_random1_ro4_ro5_run01_2mib\tdc_pair_random1_ro4_ro5_run01_2mib.tdc_packets.csv
tdc_pair_random1_ro4_ro5_run01_2mib,E:\Project\MLDSA\RO_TRNG\data\hardware\20260511_fpga1_board1\tdc_pairs\analysis_tdc_pair_random1_ro4_ro5_run01_2mib\tdc_pair_random1_ro4_ro5_run01_2mib.tdc_packets.csv,csv,7,114688,131071,16384,5000,256,-0.00421912513,-0.00428592634,-24.4191586,2042.12919,-4.89231377,-24.4192038,-0.275656522,-8,8,-0.00421912513,8,-0.0203342683,0.0203342683,0,E:\Project\MLDSA\RO_TRNG\data\hardware\20260511_fpga1_board1\tdc_pairs\analysis_tdc_pair_random1_ro4_ro5_run01_2mib\tdc_pair_random1_ro4_ro5_run01_2mib.tdc_packets.csv
tdc_pair_random1_ro4_ro5_run01_2mib,E:\Project\MLDSA\RO_TRNG\data\hardware\20260511_fpga1_board1\tdc_pairs\analysis_tdc_pair_random1_ro4_ro5_run01_2mib\tdc_pair_random1_ro4_ro5_run01_2mib.tdc_packets.csv,csv,8,131072,147455,16384,5000,256,-0.00765609955,-0.00734926456,-5.76682726,2049.60821,13.7600176,-5.76687249,-0.275656522,-8,8,-0.00765609955,-1,-0.0138471609,0.0138471609,0,E:\Project\MLDSA\RO_TRNG\data\hardware\20260511_fpga1_board1\tdc_pairs\analysis_tdc_pair_random1_ro4_ro5_run01_2mib\tdc_pair_random1_ro4_ro5_run01_2mib.tdc_packets.csv
tdc_pair_random1_ro4_ro5_run01_2mib,E:\Project\MLDSA\RO_TRNG\data\hardware\20260511_fpga1_board1\tdc_pairs\analysis_tdc_pair_random1_ro4_ro5_run01_2mib\tdc_pair_random1_ro4_ro5_run01_2mib.tdc_packets.csv,csv,9,147456,163839,16384,5000,256,0.000847507972,0.00119315804,-16.0970961,2039.00352,3.42974874,-16.0971413,-0.275656522,-8,8,0.000847507972,-1,0.0192622368,0.0192622368,0,E:\Project\MLDSA\RO_TRNG\data\hardware\20260511_fpga1_board1\tdc_pairs\analysis_tdc_pair_random1_ro4_ro5_run01_2mib\tdc_pair_random1_ro4_ro5_run01_2mib.tdc_packets.csv
tdc_pair_random1_ro4_ro5_run01_2mib,E:\Project\MLDSA\RO_TRNG\data\hardware\20260511_fpga1_board1\tdc_pairs\analysis_tdc_pair_random1_ro4_ro5_run01_2mib\tdc_pair_random1_ro4_ro5_run01_2mib.tdc_packets.csv,csv,10,163840,180223,16384,5000,256,-0.00443840469,-0.00454364584,8.24371296,2035.60418,27.7705578,8.24366773,-0.275656522,-8,8,-0.00443840469,7,0.0153514225,0.0153514225,0,E:\Project\MLDSA\RO_TRNG\data\hardware\20260511_fpga1_board1\tdc_pairs\analysis_tdc_pair_random1_ro4_ro5_run01_2mib\tdc_pair_random1_ro4_ro5_run01_2mib.tdc_packets.csv
tdc_pair_random1_ro4_ro5_run01_2mib,E:\Project\MLDSA\RO_TRNG\data\hardware\20260511_fpga1_board1\tdc_pairs\analysis_tdc_pair_random1_ro4_ro5_run01_2mib\tdc_pair_random1_ro4_ro5_run01_2mib.tdc_packets.csv,csv,11,180224,196607,16384,5000,256,-0.00462570776,-0.0040901418,-11.0050693,2039.97228,8.52177551,-11.0051146,-0.275656522,-8,8,-0.00462570776,-6,0.0115007769,0.0115007769,0,E:\Project\MLDSA\RO_TRNG\data\hardware\20260511_fpga1_board1\tdc_pairs\analysis_tdc_pair_random1_ro4_ro5_run01_2mib\tdc_pair_random1_ro4_ro5_run01_2mib.tdc_packets.csv
tdc_pair_random1_ro4_ro5_run01_2mib,E:\Project\MLDSA\RO_TRNG\data\hardware\20260511_fpga1_board1\tdc_pairs\analysis_tdc_pair_random1_ro4_ro5_run01_2mib\tdc_pair_random1_ro4_ro5_run01_2mib.tdc_packets.csv,csv,12,196608,212991,16384,5000,256,-0.00976913307,-0.00973715505,-15.9024245,2050.16085,3.62442035,-15.9024697,-0.275656522,-8,8,-0.00976913307,-3,0.0151946774,0.0151946774,0,E:\Project\MLDSA\RO_TRNG\data\hardware\20260511_fpga1_board1\tdc_pairs\analysis_tdc_pair_random1_ro4_ro5_run01_2mib\tdc_pair_random1_ro4_ro5_run01_2mib.tdc_packets.csv
tdc_pair_random1_ro4_ro5_run01_2mib,E:\Project\MLDSA\RO_TRNG\data\hardware\20260511_fpga1_board1\tdc_pairs\analysis_tdc_pair_random1_ro4_ro5_run01_2mib\tdc_pair_random1_ro4_ro5_run01_2mib.tdc_packets.csv,csv,13,212992,229375,16384,5000,256,-0.000774631893,-0.000308842977,-5.97069688,2046.83617,13.5561479,-5.97074211,-0.275656522,-8,8,-0.000774631893,-6,0.0140957162,0.0140957162,0,E:\Project\MLDSA\RO_TRNG\data\hardware\20260511_fpga1_board1\tdc_pairs\analysis_tdc_pair_random1_ro4_ro5_run01_2mib\tdc_pair_random1_ro4_ro5_run01_2mib.tdc_packets.csv
tdc_pair_random1_ro4_ro5_run01_2mib,E:\Project\MLDSA\RO_TRNG\data\hardware\20260511_fpga1_board1\tdc_pairs\analysis_tdc_pair_random1_ro4_ro5_run01_2mib\tdc_pair_random1_ro4_ro5_run01_2mib.tdc_packets.csv,csv,14,229376,245759,16384,5000,256,-0.00752819403,-0.00784680397,19.152099,2048.1819,38.6789438,19.1520537,-0.275656522,-8,8,-0.00752819403,-5,-0.0154153296,0.0154153296,0,E:\Project\MLDSA\RO_TRNG\data\hardware\20260511_fpga1_board1\tdc_pairs\analysis_tdc_pair_random1_ro4_ro5_run01_2mib\tdc_pair_random1_ro4_ro5_run01_2mib.tdc_packets.csv
tdc_pair_random1_ro4_ro5_run01_2mib,E:\Project\MLDSA\RO_TRNG\data\hardware\20260511_fpga1_board1\tdc_pairs\analysis_tdc_pair_random1_ro4_ro5_run01_2mib\tdc_pair_random1_ro4_ro5_run01_2mib.tdc_packets.csv,csv,15,245760,262142,16383,5000,256,0.00405155167,0.0037350071,11.8579466,2052.48285,31.3847914,11.8579013,-0.275656522,-8,8,0.00405155167,4,0.0146585671,0.0146585671,0,E:\Project\MLDSA\RO_TRNG\data\hardware\20260511_fpga1_board1\tdc_pairs\analysis_tdc_pair_random1_ro4_ro5_run01_2mib\tdc_pair_random1_ro4_ro5_run01_2mib.tdc_packets.csv
tdc_pair_random3_ro0_ro6_repeat02_2mib,E:\Project\MLDSA\RO_TRNG\data\hardware\20260511_fpga1_board1\tdc_pairs\analysis_tdc_pair_random3_ro0_ro6_repeat02_2mib\tdc_pair_random3_ro0_ro6_repeat02_2mib.tdc_packets.csv,csv,0,0,16383,16384,5000,256,-0.000907269016,-0.000224683358,-23.3634713,2040.92125,0,-23.3635831,0.848644955,-8,8,-0.000907269016,-1,-0.0178482843,0.0178482843,0,E:\Project\MLDSA\RO_TRNG\data\hardware\20260511_fpga1_board1\tdc_pairs\analysis_tdc_pair_random3_ro0_ro6_repeat02_2mib\tdc_pair_random3_ro0_ro6_repeat02_2mib.tdc_packets.csv
tdc_pair_random3_ro0_ro6_repeat02_2mib,E:\Project\MLDSA\RO_TRNG\data\hardware\20260511_fpga1_board1\tdc_pairs\analysis_tdc_pair_random3_ro0_ro6_repeat02_2mib\tdc_pair_random3_ro0_ro6_repeat02_2mib.tdc_packets.csv,csv,1,16384,32767,16384,5000,256,0.00225389038,0.00232388908,14.5670448,2032.81915,37.9305162,14.5669331,0.848644955,-8,8,0.00225389038,5,-0.0158830415,0.0158830415,0,E:\Project\MLDSA\RO_TRNG\data\hardware\20260511_fpga1_board1\tdc_pairs\analysis_tdc_pair_random3_ro0_ro6_repeat02_2mib\tdc_pair_random3_ro0_ro6_repeat02_2mib.tdc_packets.csv
tdc_pair_random3_ro0_ro6_repeat02_2mib,E:\Project\MLDSA\RO_TRNG\data\hardware\20260511_fpga1_board1\tdc_pairs\analysis_tdc_pair_random3_ro0_ro6_repeat02_2mib\tdc_pair_random3_ro0_ro6_repeat02_2mib.tdc_packets.csv,csv,2,32768,49151,16384,5000,256,0.00225724307,0.00170875218,-6.41808441,2036.30627,16.9453869,-6.41819613,0.848644955,-8,8,0.00225724307,3,-0.0180707168,0.0180707168,0,E:\Project\MLDSA\RO_TRNG\data\hardware\20260511_fpga1_board1\tdc_pairs\analysis_tdc_pair_random3_ro0_ro6_repeat02_2mib\tdc_pair_random3_ro0_ro6_repeat02_2mib.tdc_packets.csv
tdc_pair_random3_ro0_ro6_repeat02_2mib,E:\Project\MLDSA\RO_TRNG\data\hardware\20260511_fpga1_board1\tdc_pairs\analysis_tdc_pair_random3_ro0_ro6_repeat02_2mib\tdc_pair_random3_ro0_ro6_repeat02_2mib.tdc_packets.csv,csv,3,49152,65535,16384,5000,256,5.52614425e-05,0.000464547644,0.080958434,2043.0549,23.4444298,0.0808467148,0.848644955,-8,8,5.52614425e-05,-2,0.010202661,0.010202661,0,E:\Project\MLDSA\RO_TRNG\data\hardware\20260511_fpga1_board1\tdc_pairs\analysis_tdc_pair_random3_ro0_ro6_repeat02_2mib\tdc_pair_random3_ro0_ro6_repeat02_2mib.tdc_packets.csv
tdc_pair_random3_ro0_ro6_repeat02_2mib,E:\Project\MLDSA\RO_TRNG\data\hardware\20260511_fpga1_board1\tdc_pairs\analysis_tdc_pair_random3_ro0_ro6_repeat02_2mib\tdc_pair_random3_ro0_ro6_repeat02_2mib.tdc_packets.csv,csv,4,65536,81919,16384,5000,256,-0.0049618499,-0.00553983454,-16.2778292,2054.59073,7.0856421,-16.2779409,0.848644955,-8,8,-0.0049618499,-5,-0.0205358042,0.0205358042,0,E:\Project\MLDSA\RO_TRNG\data\hardware\20260511_fpga1_board1\tdc_pairs\analysis_tdc_pair_random3_ro0_ro6_repeat02_2mib\tdc_pair_random3_ro0_ro6_repeat02_2mib.tdc_packets.csv
tdc_pair_random3_ro0_ro6_repeat02_2mib,E:\Project\MLDSA\RO_TRNG\data\hardware\20260511_fpga1_board1\tdc_pairs\analysis_tdc_pair_random3_ro0_ro6_repeat02_2mib\tdc_pair_random3_ro0_ro6_repeat02_2mib.tdc_packets.csv,csv,5,81920,98303,16384,5000,256,-0.00430999294,-0.00491327975,-4.02522587,2042.48277,19.3382455,-4.02533758,0.848644955,-8,8,-0.00430999294,-4,0.0198876467,0.0198876467,0,E:\Project\MLDSA\RO_TRNG\data\hardware\20260511_fpga1_board1\tdc_pairs\analysis_tdc_pair_random3_ro0_ro6_repeat02_2mib\tdc_pair_random3_ro0_ro6_repeat02_2mib.tdc_packets.csv
tdc_pair_random3_ro0_ro6_repeat02_2mib,E:\Project\MLDSA\RO_TRNG\data\hardware\20260511_fpga1_board1\tdc_pairs\analysis_tdc_pair_random3_ro0_ro6_repeat02_2mib\tdc_pair_random3_ro0_ro6_repeat02_2mib.tdc_packets.csv,csv,6,98304,114687,16384,5000,256,-0.000668898347,-0.000195050504,14.1039726,2038.0565,37.4674439,14.1038609,0.848644955,-8,8,-0.000668898347,4,0.0172345804,0.0172345804,0,E:\Project\MLDSA\RO_TRNG\data\hardware\20260511_fpga1_board1\tdc_pairs\analysis_tdc_pair_random3_ro0_ro6_repeat02_2mib\tdc_pair_random3_ro0_ro6_repeat02_2mib.tdc_packets.csv
tdc_pair_random3_ro0_ro6_repeat02_2mib,E:\Project\MLDSA\RO_TRNG\data\hardware\20260511_fpga1_board1\tdc_pairs\analysis_tdc_pair_random3_ro0_ro6_repeat02_2mib\tdc_pair_random3_ro0_ro6_repeat02_2mib.tdc_packets.csv,csv,7,114688,131071,16384,5000,256,0.00266240981,0.00323561184,11.1344718,2040.32437,34.4979432,11.1343601,0.848644955,-8,8,0.00266240981,-6,-0.0100715941,0.0100715941,0,E:\Project\MLDSA\RO_TRNG\data\hardware\20260511_fpga1_board1\tdc_pairs\analysis_tdc_pair_random3_ro0_ro6_repeat02_2mib\tdc_pair_random3_ro0_ro6_repeat02_2mib.tdc_packets.csv
tdc_pair_random3_ro0_ro6_repeat02_2mib,E:\Project\MLDSA\RO_TRNG\data\hardware\20260511_fpga1_board1\tdc_pairs\analysis_tdc_pair_random3_ro0_ro6_repeat02_2mib\tdc_pair_random3_ro0_ro6_repeat02_2mib.tdc_packets.csv,csv,8,131072,147455,16384,5000,256,-0.00869278274,-0.00791700626,-15.9401903,2044.52895,7.423281,-15.9403021,0.848644955,-8,8,-0.00869278274,-7,-0.0166674252,0.0166674252,0,E:\Project\MLDSA\RO_TRNG\data\hardware\20260511_fpga1_board1\tdc_pairs\analysis_tdc_pair_random3_ro0_ro6_repeat02_2mib\tdc_pair_random3_ro0_ro6_repeat02_2mib.tdc_packets.csv
tdc_pair_random3_ro0_ro6_repeat02_2mib,E:\Project\MLDSA\RO_TRNG\data\hardware\20260511_fpga1_board1\tdc_pairs\analysis_tdc_pair_random3_ro0_ro6_repeat02_2mib\tdc_pair_random3_ro0_ro6_repeat02_2mib.tdc_packets.csv,csv,9,147456,163839,16384,5000,256,-0.00173329184,-0.0018817087,-9.91486186,2035.41283,13.4486095,-9.91497358,0.848644955,-8,8,-0.00173329184,5,-0.0135033354,0.0135033354,0,E:\Project\MLDSA\RO_TRNG\data\hardware\20260511_fpga1_board1\tdc_pairs\analysis_tdc_pair_random3_ro0_ro6_repeat02_2mib\tdc_pair_random3_ro0_ro6_repeat02_2mib.tdc_packets.csv
tdc_pair_random3_ro0_ro6_repeat02_2mib,E:\Project\MLDSA\RO_TRNG\data\hardware\20260511_fpga1_board1\tdc_pairs\analysis_tdc_pair_random3_ro0_ro6_repeat02_2mib\tdc_pair_random3_ro0_ro6_repeat02_2mib.tdc_packets.csv,csv,10,163840,180223,16384,5000,256,-0.00823451242,-0.00736375214,28.1642031,2046.41485,51.5276745,28.1640914,0.848644955,-8,8,-0.00823451242,1,0.0107325459,0.0107325459,0,E:\Project\MLDSA\RO_TRNG\data\hardware\20260511_fpga1_board1\tdc_pairs\analysis_tdc_pair_random3_ro0_ro6_repeat02_2mib\tdc_pair_random3_ro0_ro6_repeat02_2mib.tdc_packets.csv
tdc_pair_random3_ro0_ro6_repeat02_2mib,E:\Project\MLDSA\RO_TRNG\data\hardware\20260511_fpga1_board1\tdc_pairs\analysis_tdc_pair_random3_ro0_ro6_repeat02_2mib\tdc_pair_random3_ro0_ro6_repeat02_2mib.tdc_packets.csv,csv,11,180224,196607,16384,5000,256,-0.00368662572,-0.00394611461,16.3156603,2044.97411,39.6791316,16.3155486,0.848644955,-8,8,-0.00368662572,7,0.020922133,0.020922133,0,E:\Project\MLDSA\RO_TRNG\data\hardware\20260511_fpga1_board1\tdc_pairs\analysis_tdc_pair_random3_ro0_ro6_repeat02_2mib\tdc_pair_random3_ro0_ro6_repeat02_2mib.tdc_packets.csv
tdc_pair_random3_ro0_ro6_repeat02_2mib,E:\Project\MLDSA\RO_TRNG\data\hardware\20260511_fpga1_board1\tdc_pairs\analysis_tdc_pair_random3_ro0_ro6_repeat02_2mib\tdc_pair_random3_ro0_ro6_repeat02_2mib.tdc_packets.csv,csv,12,196608,212991,16384,5000,256,0.00829793781,0.00742315094,-11.698164,2033.03593,11.6653074,-11.6982757,0.848644955,-8,8,0.00829793781,-8,-0.00946851029,0.00946851029,0,E:\Project\MLDSA\RO_TRNG\data\hardware\20260511_fpga1_board1\tdc_pairs\analysis_tdc_pair_random3_ro0_ro6_repeat02_2mib\tdc_pair_random3_ro0_ro6_repeat02_2mib.tdc_packets.csv
tdc_pair_random3_ro0_ro6_repeat02_2mib,E:\Project\MLDSA\RO_TRNG\data\hardware\20260511_fpga1_board1\tdc_pairs\analysis_tdc_pair_random3_ro0_ro6_repeat02_2mib\tdc_pair_random3_ro0_ro6_repeat02_2mib.tdc_packets.csv,csv,13,212992,229375,16384,5000,256,-0.0133605734,-0.0125174774,-30.1574244,2053.44003,-6.79395309,-30.1575361,0.848644955,-8,8,-0.0133605734,1,0.0227690773,0.0227690773,0,E:\Project\MLDSA\RO_TRNG\data\hardware\20260511_fpga1_board1\tdc_pairs\analysis_tdc_pair_random3_ro0_ro6_repeat02_2mib\tdc_pair_random3_ro0_ro6_repeat02_2mib.tdc_packets.csv
tdc_pair_random3_ro0_ro6_repeat02_2mib,E:\Project\MLDSA\RO_TRNG\data\hardware\20260511_fpga1_board1\tdc_pairs\analysis_tdc_pair_random3_ro0_ro6_repeat02_2mib\tdc_pair_random3_ro0_ro6_repeat02_2mib.tdc_packets.csv,csv,14,229376,245759,16384,5000,256,-0.00068026875,-0.000340386722,4.14419929,2040.38346,27.5076706,4.14408757,0.848644955,-8,8,-0.00068026875,-7,0.0182491382,0.0182491382,0,E:\Project\MLDSA\RO_TRNG\data\hardware\20260511_fpga1_board1\tdc_pairs\analysis_tdc_pair_random3_ro0_ro6_repeat02_2mib\tdc_pair_random3_ro0_ro6_repeat02_2mib.tdc_packets.csv
tdc_pair_random3_ro0_ro6_repeat02_2mib,E:\Project\MLDSA\RO_TRNG\data\hardware\20260511_fpga1_board1\tdc_pairs\analysis_tdc_pair_random3_ro0_ro6_repeat02_2mib\tdc_pair_random3_ro0_ro6_repeat02_2mib.tdc_packets.csv,csv,15,245760,262142,16383,5000,256,-0.00846718477,-0.00855146471,29.2865285,2061.45038,52.6499998,29.2864168,0.848644955,-8,8,-0.00846718477,-5,-0.0159908102,0.0159908102,0,E:\Project\MLDSA\RO_TRNG\data\hardware\20260511_fpga1_board1\tdc_pairs\analysis_tdc_pair_random3_ro0_ro6_repeat02_2mib\tdc_pair_random3_ro0_ro6_repeat02_2mib.tdc_packets.csv
tdc_pair_random3_ro0_ro6_run01_2mib,E:\Project\MLDSA\RO_TRNG\data\hardware\20260511_fpga1_board1\tdc_pairs\analysis_tdc_pair_random3_ro0_ro6_run01_2mib\tdc_pair_random3_ro0_ro6_run01_2mib.tdc_packets.csv,csv,0,0,16383,16384,5000,256,-0.0045186897,-0.00406619405,15.0269971,2048.36968,0,15.0270136,-1.12700647,-8,8,-0.0045186897,5,0.0149117781,0.0149117781,0,E:\Project\MLDSA\RO_TRNG\data\hardware\20260511_fpga1_board1\tdc_pairs\analysis_tdc_pair_random3_ro0_ro6_run01_2mib\tdc_pair_random3_ro0_ro6_run01_2mib.tdc_packets.csv
tdc_pair_random3_ro0_ro6_run01_2mib,E:\Project\MLDSA\RO_TRNG\data\hardware\20260511_fpga1_board1\tdc_pairs\analysis_tdc_pair_random3_ro0_ro6_run01_2mib\tdc_pair_random3_ro0_ro6_run01_2mib.tdc_packets.csv,csv,1,16384,32767,16384,5000,256,0.0007787282,0.000624473556,30.4489091,2041.15339,15.421912,30.4489256,-1.12700647,-8,8,0.0007787282,-4,-0.0164458591,0.0164458591,0,E:\Project\MLDSA\RO_TRNG\data\hardware\20260511_fpga1_board1\tdc_pairs\analysis_tdc_pair_random3_ro0_ro6_run01_2mib\tdc_pair_random3_ro0_ro6_run01_2mib.tdc_packets.csv
tdc_pair_random3_ro0_ro6_run01_2mib,E:\Project\MLDSA\RO_TRNG\data\hardware\20260511_fpga1_board1\tdc_pairs\analysis_tdc_pair_random3_ro0_ro6_run01_2mib\tdc_pair_random3_ro0_ro6_run01_2mib.tdc_packets.csv,csv,2,32768,49151,16384,5000,256,0.00654944448,0.00636528046,5.71771261,2042.00323,-9.30928451,5.71772912,-1.12700647,-8,8,0.00654944448,-7,-0.0207787639,0.0207787639,0,E:\Project\MLDSA\RO_TRNG\data\hardware\20260511_fpga1_board1\tdc_pairs\analysis_tdc_pair_random3_ro0_ro6_run01_2mib\tdc_pair_random3_ro0_ro6_run01_2mib.tdc_packets.csv
tdc_pair_random3_ro0_ro6_run01_2mib,E:\Project\MLDSA\RO_TRNG\data\hardware\20260511_fpga1_board1\tdc_pairs\analysis_tdc_pair_random3_ro0_ro6_run01_2mib\tdc_pair_random3_ro0_ro6_run01_2mib.tdc_packets.csv,csv,3,49152,65535,16384,5000,256,-0.0133107664,-0.013803908,12.938454,2048.40573,-2.08854308,12.9384706,-1.12700647,-8,8,-0.0133107664,4,-0.0178838366,0.0178838366,0,E:\Project\MLDSA\RO_TRNG\data\hardware\20260511_fpga1_board1\tdc_pairs\analysis_tdc_pair_random3_ro0_ro6_run01_2mib\tdc_pair_random3_ro0_ro6_run01_2mib.tdc_packets.csv
tdc_pair_random3_ro0_ro6_run01_2mib,E:\Project\MLDSA\RO_TRNG\data\hardware\20260511_fpga1_board1\tdc_pairs\analysis_tdc_pair_random3_ro0_ro6_run01_2mib\tdc_pair_random3_ro0_ro6_run01_2mib.tdc_packets.csv,csv,4,65536,81919,16384,5000,256,-0.0131529012,-0.0136214795,2.30826328,2054.60723,-12.7187338,2.30827979,-1.12700647,-8,8,-0.0131529012,7,0.0155067807,0.0155067807,0,E:\Project\MLDSA\RO_TRNG\data\hardware\20260511_fpga1_board1\tdc_pairs\analysis_tdc_pair_random3_ro0_ro6_run01_2mib\tdc_pair_random3_ro0_ro6_run01_2mib.tdc_packets.csv
tdc_pair_random3_ro0_ro6_run01_2mib,E:\Project\MLDSA\RO_TRNG\data\hardware\20260511_fpga1_board1\tdc_pairs\analysis_tdc_pair_random3_ro0_ro6_run01_2mib\tdc_pair_random3_ro0_ro6_run01_2mib.tdc_packets.csv,csv,5,81920,98303,16384,5000,256,-0.00636853394,-0.00723283044,-26.6167885,2050.3316,-41.6437856,-26.616772,-1.12700647,-8,8,-0.00636853394,-8,-0.0180226208,0.0180226208,0,E:\Project\MLDSA\RO_TRNG\data\hardware\20260511_fpga1_board1\tdc_pairs\analysis_tdc_pair_random3_ro0_ro6_run01_2mib\tdc_pair_random3_ro0_ro6_run01_2mib.tdc_packets.csv
tdc_pair_random3_ro0_ro6_run01_2mib,E:\Project\MLDSA\RO_TRNG\data\hardware\20260511_fpga1_board1\tdc_pairs\analysis_tdc_pair_random3_ro0_ro6_run01_2mib\tdc_pair_random3_ro0_ro6_run01_2mib.tdc_packets.csv,csv,6,98304,114687,16384,5000,256,-0.0170542668,-0.0180506765,-25.2553265,2058.02479,-40.2823236,-25.25531,-1.12700647,-8,8,-0.0170542668,0,-0.0170542668,0.0170542668,0,E:\Project\MLDSA\RO_TRNG\data\hardware\20260511_fpga1_board1\tdc_pairs\analysis_tdc_pair_random3_ro0_ro6_run01_2mib\tdc_pair_random3_ro0_ro6_run01_2mib.tdc_packets.csv
tdc_pair_random3_ro0_ro6_run01_2mib,E:\Project\MLDSA\RO_TRNG\data\hardware\20260511_fpga1_board1\tdc_pairs\analysis_tdc_pair_random3_ro0_ro6_run01_2mib\tdc_pair_random3_ro0_ro6_run01_2mib.tdc_packets.csv,csv,7,114688,131071,16384,5000,256,0.0101958974,0.00906183681,1.22919973,2026.18421,-13.7977974,1.22921624,-1.12700647,-8,8,0.0101958974,8,0.0137956379,0.0137956379,0,E:\Project\MLDSA\RO_TRNG\data\hardware\20260511_fpga1_board1\tdc_pairs\analysis_tdc_pair_random3_ro0_ro6_run01_2mib\tdc_pair_random3_ro0_ro6_run01_2mib.tdc_packets.csv
tdc_pair_random3_ro0_ro6_run01_2mib,E:\Project\MLDSA\RO_TRNG\data\hardware\20260511_fpga1_board1\tdc_pairs\analysis_tdc_pair_random3_ro0_ro6_run01_2mib\tdc_pair_random3_ro0_ro6_run01_2mib.tdc_packets.csv,csv,8,131072,147455,16384,5000,256,0.002127641,0.00456567982,15.2850426,2042.88161,0.25804544,15.2850591,-1.12700647,-8,8,0.002127641,8,-0.0165168864,0.0165168864,0,E:\Project\MLDSA\RO_TRNG\data\hardware\20260511_fpga1_board1\tdc_pairs\analysis_tdc_pair_random3_ro0_ro6_run01_2mib\tdc_pair_random3_ro0_ro6_run01_2mib.tdc_packets.csv
tdc_pair_random3_ro0_ro6_run01_2mib,E:\Project\MLDSA\RO_TRNG\data\hardware\20260511_fpga1_board1\tdc_pairs\analysis_tdc_pair_random3_ro0_ro6_run01_2mib\tdc_pair_random3_ro0_ro6_run01_2mib.tdc_packets.csv,csv,9,147456,163839,16384,5000,256,0.00516596328,0.00516625446,-10.0193503,2036.90574,-25.0463474,-10.0193337,-1.12700647,-8,8,0.00516596328,-3,-0.018552196,0.018552196,0,E:\Project\MLDSA\RO_TRNG\data\hardware\20260511_fpga1_board1\tdc_pairs\analysis_tdc_pair_random3_ro0_ro6_run01_2mib\tdc_pair_random3_ro0_ro6_run01_2mib.tdc_packets.csv
tdc_pair_random3_ro0_ro6_run01_2mib,E:\Project\MLDSA\RO_TRNG\data\hardware\20260511_fpga1_board1\tdc_pairs\analysis_tdc_pair_random3_ro0_ro6_run01_2mib\tdc_pair_random3_ro0_ro6_run01_2mib.tdc_packets.csv,csv,10,163840,180223,16384,5000,256,0.0153007959,0.0151447713,-22.5201904,2009.38369,-37.5471876,-22.5201739,-1.12700647,-8,8,0.0153007959,7,0.0239274122,0.0239274122,0,E:\Project\MLDSA\RO_TRNG\data\hardware\20260511_fpga1_board1\tdc_pairs\analysis_tdc_pair_random3_ro0_ro6_run01_2mib\tdc_pair_random3_ro0_ro6_run01_2mib.tdc_packets.csv
tdc_pair_random3_ro0_ro6_run01_2mib,E:\Project\MLDSA\RO_TRNG\data\hardware\20260511_fpga1_board1\tdc_pairs\analysis_tdc_pair_random3_ro0_ro6_run01_2mib\tdc_pair_random3_ro0_ro6_run01_2mib.tdc_packets.csv,csv,11,180224,196607,16384,5000,256,0.00774616182,0.00829036753,9.10747545,2030.58899,-5.91952167,9.10749196,-1.12700647,-8,8,0.00774616182,8,0.0150139991,0.0150139991,0,E:\Project\MLDSA\RO_TRNG\data\hardware\20260511_fpga1_board1\tdc_pairs\analysis_tdc_pair_random3_ro0_ro6_run01_2mib\tdc_pair_random3_ro0_ro6_run01_2mib.tdc_packets.csv
tdc_pair_random3_ro0_ro6_run01_2mib,E:\Project\MLDSA\RO_TRNG\data\hardware\20260511_fpga1_board1\tdc_pairs\analysis_tdc_pair_random3_ro0_ro6_run01_2mib\tdc_pair_random3_ro0_ro6_run01_2mib.tdc_packets.csv,csv,12,196608,212991,16384,5000,256,-0.00461023036,-0.00499365186,-6.23447056,2037.74584,-21.2614677,-6.23445405,-1.12700647,-8,8,-0.00461023036,-3,-0.0124542252,0.0124542252,0,E:\Project\MLDSA\RO_TRNG\data\hardware\20260511_fpga1_board1\tdc_pairs\analysis_tdc_pair_random3_ro0_ro6_run01_2mib\tdc_pair_random3_ro0_ro6_run01_2mib.tdc_packets.csv
tdc_pair_random3_ro0_ro6_run01_2mib,E:\Project\MLDSA\RO_TRNG\data\hardware\20260511_fpga1_board1\tdc_pairs\analysis_tdc_pair_random3_ro0_ro6_run01_2mib\tdc_pair_random3_ro0_ro6_run01_2mib.tdc_packets.csv,csv,13,212992,229375,16384,5000,256,-0.0126539004,-0.0123384636,5.22376517,2059.54091,-9.80323195,5.22378168,-1.12700647,-8,8,-0.0126539004,-4,0.0153146437,0.0153146437,0,E:\Project\MLDSA\RO_TRNG\data\hardware\20260511_fpga1_board1\tdc_pairs\analysis_tdc_pair_random3_ro0_ro6_run01_2mib\tdc_pair_random3_ro0_ro6_run01_2mib.tdc_packets.csv
tdc_pair_random3_ro0_ro6_run01_2mib,E:\Project\MLDSA\RO_TRNG\data\hardware\20260511_fpga1_board1\tdc_pairs\analysis_tdc_pair_random3_ro0_ro6_run01_2mib\tdc_pair_random3_ro0_ro6_run01_2mib.tdc_packets.csv,csv,14,229376,245759,16384,5000,256,0.00337166207,0.00326138899,-2.3121149,2036.32489,-17.339112,-2.31209839,-1.12700647,-8,8,0.00337166207,-2,-0.0149741442,0.0149741442,0,E:\Project\MLDSA\RO_TRNG\data\hardware\20260511_fpga1_board1\tdc_pairs\analysis_tdc_pair_random3_ro0_ro6_run01_2mib\tdc_pair_random3_ro0_ro6_run01_2mib.tdc_packets.csv
tdc_pair_random3_ro0_ro6_run01_2mib,E:\Project\MLDSA\RO_TRNG\data\hardware\20260511_fpga1_board1\tdc_pairs\analysis_tdc_pair_random3_ro0_ro6_run01_2mib\tdc_pair_random3_ro0_ro6_run01_2mib.tdc_packets.csv,csv,15,245760,262142,16383,5000,256,-0.00290616726,-0.00292497306,-4.32784213,2048.28641,-19.3548393,-4.32782562,-1.12700647,-8,8,-0.00290616726,4,0.0167543206,0.0167543206,0,E:\Project\MLDSA\RO_TRNG\data\hardware\20260511_fpga1_board1\tdc_pairs\analysis_tdc_pair_random3_ro0_ro6_run01_2mib\tdc_pair_random3_ro0_ro6_run01_2mib.tdc_packets.csv
tdc_pair_random3_ro3_ro5_repeat02_2mib,E:\Project\MLDSA\RO_TRNG\data\hardware\20260511_fpga1_board1\tdc_pairs\analysis_tdc_pair_random3_ro3_ro5_repeat02_2mib\tdc_pair_random3_ro3_ro5_repeat02_2mib.tdc_packets.csv,csv,0,0,16383,16384,5000,256,0.000537448012,0.00152464848,13.9216479,2040.47337,0,13.9216479,0.0639716471,-8,8,0.000537448012,2,0.0121116742,0.0121116742,0,E:\Project\MLDSA\RO_TRNG\data\hardware\20260511_fpga1_board1\tdc_pairs\analysis_tdc_pair_random3_ro3_ro5_repeat02_2mib\tdc_pair_random3_ro3_ro5_repeat02_2mib.tdc_packets.csv
tdc_pair_random3_ro3_ro5_repeat02_2mib,E:\Project\MLDSA\RO_TRNG\data\hardware\20260511_fpga1_board1\tdc_pairs\analysis_tdc_pair_random3_ro3_ro5_repeat02_2mib\tdc_pair_random3_ro3_ro5_repeat02_2mib.tdc_packets.csv,csv,1,16384,32767,16384,5000,256,0.00977982613,0.00957441208,12.6795593,2039.49102,-1.24208862,12.6795593,0.0639716471,-8,8,0.00977982613,6,-0.0142891194,0.0142891194,0,E:\Project\MLDSA\RO_TRNG\data\hardware\20260511_fpga1_board1\tdc_pairs\analysis_tdc_pair_random3_ro3_ro5_repeat02_2mib\tdc_pair_random3_ro3_ro5_repeat02_2mib.tdc_packets.csv
tdc_pair_random3_ro3_ro5_repeat02_2mib,E:\Project\MLDSA\RO_TRNG\data\hardware\20260511_fpga1_board1\tdc_pairs\analysis_tdc_pair_random3_ro3_ro5_repeat02_2mib\tdc_pair_random3_ro3_ro5_repeat02_2mib.tdc_packets.csv,csv,2,32768,49151,16384,5000,256,-0.00806928761,-0.00895641843,-11.6073532,2060.46775,-25.5290011,-11.6073532,0.0639716471,-8,8,-0.00806928761,-8,0.0214192234,0.0214192234,0,E:\Project\MLDSA\RO_TRNG\data\hardware\20260511_fpga1_board1\tdc_pairs\analysis_tdc_pair_random3_ro3_ro5_repeat02_2mib\tdc_pair_random3_ro3_ro5_repeat02_2mib.tdc_packets.csv
tdc_pair_random3_ro3_ro5_repeat02_2mib,E:\Project\MLDSA\RO_TRNG\data\hardware\20260511_fpga1_board1\tdc_pairs\analysis_tdc_pair_random3_ro3_ro5_repeat02_2mib\tdc_pair_random3_ro3_ro5_repeat02_2mib.tdc_packets.csv,csv,3,49152,65535,16384,5000,256,0.0038841701,0.00388972678,15.3379928,2040.62633,1.41634489,15.3379928,0.0639716471,-8,8,0.0038841701,-3,0.0156354686,0.0156354686,0,E:\Project\MLDSA\RO_TRNG\data\hardware\20260511_fpga1_board1\tdc_pairs\analysis_tdc_pair_random3_ro3_ro5_repeat02_2mib\tdc_pair_random3_ro3_ro5_repeat02_2mib.tdc_packets.csv
tdc_pair_random3_ro3_ro5_repeat02_2mib,E:\Project\MLDSA\RO_TRNG\data\hardware\20260511_fpga1_board1\tdc_pairs\analysis_tdc_pair_random3_ro3_ro5_repeat02_2mib\tdc_pair_random3_ro3_ro5_repeat02_2mib.tdc_packets.csv,csv,4,65536,81919,16384,5000,256,-0.0033916998,-0.0036981911,-6.52518764,2040.33337,-20.4468356,-6.52518764,0.0639716471,-8,8,-0.0033916998,-8,-0.00969541865,0.00969541865,0,E:\Project\MLDSA\RO_TRNG\data\hardware\20260511_fpga1_board1\tdc_pairs\analysis_tdc_pair_random3_ro3_ro5_repeat02_2mib\tdc_pair_random3_ro3_ro5_repeat02_2mib.tdc_packets.csv
tdc_pair_random3_ro3_ro5_repeat02_2mib,E:\Project\MLDSA\RO_TRNG\data\hardware\20260511_fpga1_board1\tdc_pairs\analysis_tdc_pair_random3_ro3_ro5_repeat02_2mib\tdc_pair_random3_ro3_ro5_repeat02_2mib.tdc_packets.csv,csv,5,81920,98303,16384,5000,256,0.00581121404,0.00653465403,-9.28430469,2029.61475,-23.2059526,-9.28430469,0.0639716471,-8,8,0.00581121404,-6,0.0116685982,0.0116685982,0,E:\Project\MLDSA\RO_TRNG\data\hardware\20260511_fpga1_board1\tdc_pairs\analysis_tdc_pair_random3_ro3_ro5_repeat02_2mib\tdc_pair_random3_ro3_ro5_repeat02_2mib.tdc_packets.csv
tdc_pair_random3_ro3_ro5_repeat02_2mib,E:\Project\MLDSA\RO_TRNG\data\hardware\20260511_fpga1_board1\tdc_pairs\analysis_tdc_pair_random3_ro3_ro5_repeat02_2mib\tdc_pair_random3_ro3_ro5_repeat02_2mib.tdc_packets.csv,csv,6,98304,114687,16384,5000,256,0.00348658734,0.00419592386,-4.51532251,2035.1794,-18.4369704,-4.51532251,0.0639716471,-8,8,0.00348658734,-8,-0.0174188757,0.0174188757,0,E:\Project\MLDSA\RO_TRNG\data\hardware\20260511_fpga1_board1\tdc_pairs\analysis_tdc_pair_random3_ro3_ro5_repeat02_2mib\tdc_pair_random3_ro3_ro5_repeat02_2mib.tdc_packets.csv
tdc_pair_random3_ro3_ro5_repeat02_2mib,E:\Project\MLDSA\RO_TRNG\data\hardware\20260511_fpga1_board1\tdc_pairs\analysis_tdc_pair_random3_ro3_ro5_repeat02_2mib\tdc_pair_random3_ro3_ro5_repeat02_2mib.tdc_packets.csv,csv,7,114688,131071,16384,5000,256,-0.00114703222,-0.00099609776,-25.5949487,2036.64882,-39.5165966,-25.5949487,0.0639716471,-8,8,-0.00114703222,7,0.0145615508,0.0145615508,0,E:\Project\MLDSA\RO_TRNG\data\hardware\20260511_fpga1_board1\tdc_pairs\analysis_tdc_pair_random3_ro3_ro5_repeat02_2mib\tdc_pair_random3_ro3_ro5_repeat02_2mib.tdc_packets.csv
tdc_pair_random3_ro3_ro5_repeat02_2mib,E:\Project\MLDSA\RO_TRNG\data\hardware\20260511_fpga1_board1\tdc_pairs\analysis_tdc_pair_random3_ro3_ro5_repeat02_2mib\tdc_pair_random3_ro3_ro5_repeat02_2mib.tdc_packets.csv,csv,8,131072,147455,16384,5000,256,0.0210031195,0.0201502935,7.19962176,2018.50547,-6.72202616,7.19962176,0.0639716471,-8,8,0.0210031195,0,0.0210031195,0.0210031195,0,E:\Project\MLDSA\RO_TRNG\data\hardware\20260511_fpga1_board1\tdc_pairs\analysis_tdc_pair_random3_ro3_ro5_repeat02_2mib\tdc_pair_random3_ro3_ro5_repeat02_2mib.tdc_packets.csv
tdc_pair_random3_ro3_ro5_repeat02_2mib,E:\Project\MLDSA\RO_TRNG\data\hardware\20260511_fpga1_board1\tdc_pairs\analysis_tdc_pair_random3_ro3_ro5_repeat02_2mib\tdc_pair_random3_ro3_ro5_repeat02_2mib.tdc_packets.csv,csv,9,147456,163839,16384,5000,256,0.000957347872,0.00092320269,-4.86953708,2032.01262,-18.791185,-4.86953708,0.0639716471,-8,8,0.000957347872,-8,0.0121938279,0.0121938279,0,E:\Project\MLDSA\RO_TRNG\data\hardware\20260511_fpga1_board1\tdc_pairs\analysis_tdc_pair_random3_ro3_ro5_repeat02_2mib\tdc_pair_random3_ro3_ro5_repeat02_2mib.tdc_packets.csv
tdc_pair_random3_ro3_ro5_repeat02_2mib,E:\Project\MLDSA\RO_TRNG\data\hardware\20260511_fpga1_board1\tdc_pairs\analysis_tdc_pair_random3_ro3_ro5_repeat02_2mib\tdc_pair_random3_ro3_ro5_repeat02_2mib.tdc_packets.csv,csv,10,163840,180223,16384,5000,256,-0.00081376514,-0.000740129845,-1.59046962,2029.93834,-15.5121175,-1.59046962,0.0639716471,-8,8,-0.00081376514,6,0.0144344526,0.0144344526,0,E:\Project\MLDSA\RO_TRNG\data\hardware\20260511_fpga1_board1\tdc_pairs\analysis_tdc_pair_random3_ro3_ro5_repeat02_2mib\tdc_pair_random3_ro3_ro5_repeat02_2mib.tdc_packets.csv
tdc_pair_random3_ro3_ro5_repeat02_2mib,E:\Project\MLDSA\RO_TRNG\data\hardware\20260511_fpga1_board1\tdc_pairs\analysis_tdc_pair_random3_ro3_ro5_repeat02_2mib\tdc_pair_random3_ro3_ro5_repeat02_2mib.tdc_packets.csv,csv,11,180224,196607,16384,5000,256,0.00667877478,0.00639915587,-16.2879366,2028.09084,-30.2095845,-16.2879366,0.0639716471,-8,8,0.00667877478,8,0.0168338641,0.0168338641,0,E:\Project\MLDSA\RO_TRNG\data\hardware\20260511_fpga1_board1\tdc_pairs\analysis_tdc_pair_random3_ro3_ro5_repeat02_2mib\tdc_pair_random3_ro3_ro5_repeat02_2mib.tdc_packets.csv
tdc_pair_random3_ro3_ro5_repeat02_2mib,E:\Project\MLDSA\RO_TRNG\data\hardware\20260511_fpga1_board1\tdc_pairs\analysis_tdc_pair_random3_ro3_ro5_repeat02_2mib\tdc_pair_random3_ro3_ro5_repeat02_2mib.tdc_packets.csv,csv,12,196608,212991,16384,5000,256,0.00325775171,0.00287427008,-18.3414749,2035.89255,-32.2631228,-18.3414749,0.0639716471,-8,8,0.00325775171,5,-0.00948168824,0.00948168824,0,E:\Project\MLDSA\RO_TRNG\data\hardware\20260511_fpga1_board1\tdc_pairs\analysis_tdc_pair_random3_ro3_ro5_repeat02_2mib\tdc_pair_random3_ro3_ro5_repeat02_2mib.tdc_packets.csv
tdc_pair_random3_ro3_ro5_repeat02_2mib,E:\Project\MLDSA\RO_TRNG\data\hardware\20260511_fpga1_board1\tdc_pairs\analysis_tdc_pair_random3_ro3_ro5_repeat02_2mib\tdc_pair_random3_ro3_ro5_repeat02_2mib.tdc_packets.csv,csv,13,212992,229375,16384,5000,256,5.90488325e-05,0.000160755716,29.3948536,2048.61768,15.4732057,29.3948536,0.0639716471,-8,8,5.90488325e-05,-1,0.0162671631,0.0162671631,0,E:\Project\MLDSA\RO_TRNG\data\hardware\20260511_fpga1_board1\tdc_pairs\analysis_tdc_pair_random3_ro3_ro5_repeat02_2mib\tdc_pair_random3_ro3_ro5_repeat02_2mib.tdc_packets.csv
tdc_pair_random3_ro3_ro5_repeat02_2mib,E:\Project\MLDSA\RO_TRNG\data\hardware\20260511_fpga1_board1\tdc_pairs\analysis_tdc_pair_random3_ro3_ro5_repeat02_2mib\tdc_pair_random3_ro3_ro5_repeat02_2mib.tdc_packets.csv,csv,14,229376,245759,16384,5000,256,0.00966735339,0.00942399987,16.9270544,2027.8231,3.00540647,16.9270544,0.0639716471,-8,8,0.00966735339,-1,-0.0270783131,0.0270783131,0,E:\Project\MLDSA\RO_TRNG\data\hardware\20260511_fpga1_board1\tdc_pairs\analysis_tdc_pair_random3_ro3_ro5_repeat02_2mib\tdc_pair_random3_ro3_ro5_repeat02_2mib.tdc_packets.csv
tdc_pair_random3_ro3_ro5_repeat02_2mib,E:\Project\MLDSA\RO_TRNG\data\hardware\20260511_fpga1_board1\tdc_pairs\analysis_tdc_pair_random3_ro3_ro5_repeat02_2mib\tdc_pair_random3_ro3_ro5_repeat02_2mib.tdc_packets.csv,csv,15,245760,262143,16384,5000,256,-0.00805629367,-0.00749786419,3.15580517,2055.73664,-10.7658427,3.15580517,0.0639716471,-8,8,-0.00805629367,-7,0.0218460126,0.0218460126,0,E:\Project\MLDSA\RO_TRNG\data\hardware\20260511_fpga1_board1\tdc_pairs\analysis_tdc_pair_random3_ro3_ro5_repeat02_2mib\tdc_pair_random3_ro3_ro5_repeat02_2mib.tdc_packets.csv
tdc_pair_random3_ro3_ro5_run01_2mib,E:\Project\MLDSA\RO_TRNG\data\hardware\20260511_fpga1_board1\tdc_pairs\analysis_tdc_pair_random3_ro3_ro5_run01_2mib\tdc_pair_random3_ro3_ro5_run01_2mib.tdc_packets.csv,csv,0,0,16383,16384,5000,256,-0.00630660681,-0.00720563347,-8.12613013,2045.26028,0,-8.12615464,-0.063531239,-8,8,-0.00630660681,2,0.00947636101,0.00947636101,0,E:\Project\MLDSA\RO_TRNG\data\hardware\20260511_fpga1_board1\tdc_pairs\analysis_tdc_pair_random3_ro3_ro5_run01_2mib\tdc_pair_random3_ro3_ro5_run01_2mib.tdc_packets.csv
tdc_pair_random3_ro3_ro5_run01_2mib,E:\Project\MLDSA\RO_TRNG\data\hardware\20260511_fpga1_board1\tdc_pairs\analysis_tdc_pair_random3_ro3_ro5_run01_2mib\tdc_pair_random3_ro3_ro5_run01_2mib.tdc_packets.csv,csv,1,16384,32767,16384,5000,256,-0.000269954806,0.000417914579,12.6126331,2034.48474,20.7387632,12.6126086,-0.063531239,-8,8,-0.000269954806,4,-0.0200074617,0.0200074617,0,E:\Project\MLDSA\RO_TRNG\data\hardware\20260511_fpga1_board1\tdc_pairs\analysis_tdc_pair_random3_ro3_ro5_run01_2mib\tdc_pair_random3_ro3_ro5_run01_2mib.tdc_packets.csv
tdc_pair_random3_ro3_ro5_run01_2mib,E:\Project\MLDSA\RO_TRNG\data\hardware\20260511_fpga1_board1\tdc_pairs\analysis_tdc_pair_random3_ro3_ro5_run01_2mib\tdc_pair_random3_ro3_ro5_run01_2mib.tdc_packets.csv,csv,2,32768,49151,16384,5000,256,0.0083354052,0.00840019334,23.5932586,2029.67504,31.7193887,23.5932341,-0.063531239,-8,8,0.0083354052,1,0.0181620285,0.0181620285,0,E:\Project\MLDSA\RO_TRNG\data\hardware\20260511_fpga1_board1\tdc_pairs\analysis_tdc_pair_random3_ro3_ro5_run01_2mib\tdc_pair_random3_ro3_ro5_run01_2mib.tdc_packets.csv
tdc_pair_random3_ro3_ro5_run01_2mib,E:\Project\MLDSA\RO_TRNG\data\hardware\20260511_fpga1_board1\tdc_pairs\analysis_tdc_pair_random3_ro3_ro5_run01_2mib\tdc_pair_random3_ro3_ro5_run01_2mib.tdc_packets.csv,csv,3,49152,65535,16384,5000,256,0.00698983294,0.00679025816,0.0670292876,2040.29557,8.19315941,0.0670047782,-0.063531239,-8,8,0.00698983294,-8,0.0261567889,0.0261567889,0,E:\Project\MLDSA\RO_TRNG\data\hardware\20260511_fpga1_board1\tdc_pairs\analysis_tdc_pair_random3_ro3_ro5_run01_2mib\tdc_pair_random3_ro3_ro5_run01_2mib.tdc_packets.csv
tdc_pair_random3_ro3_ro5_run01_2mib,E:\Project\MLDSA\RO_TRNG\data\hardware\20260511_fpga1_board1\tdc_pairs\analysis_tdc_pair_random3_ro3_ro5_run01_2mib\tdc_pair_random3_ro3_ro5_run01_2mib.tdc_packets.csv,csv,4,65536,81919,16384,5000,256,0.00362770771,0.00416898276,2.24486675,2034.44917,10.3709969,2.24484224,-0.063531239,-8,8,0.00362770771,1,0.0130785333,0.0130785333,0,E:\Project\MLDSA\RO_TRNG\data\hardware\20260511_fpga1_board1\tdc_pairs\analysis_tdc_pair_random3_ro3_ro5_run01_2mib\tdc_pair_random3_ro3_ro5_run01_2mib.tdc_packets.csv
tdc_pair_random3_ro3_ro5_run01_2mib,E:\Project\MLDSA\RO_TRNG\data\hardware\20260511_fpga1_board1\tdc_pairs\analysis_tdc_pair_random3_ro3_ro5_run01_2mib\tdc_pair_random3_ro3_ro5_run01_2mib.tdc_packets.csv,csv,5,81920,98303,16384,5000,256,0.00108329973,0.000362351147,-21.5475501,2030.59679,-13.42142,-21.5475746,-0.063531239,-8,8,0.00108329973,-2,-0.0136576654,0.0136576654,0,E:\Project\MLDSA\RO_TRNG\data\hardware\20260511_fpga1_board1\tdc_pairs\analysis_tdc_pair_random3_ro3_ro5_run01_2mib\tdc_pair_random3_ro3_ro5_run01_2mib.tdc_packets.csv
tdc_pair_random3_ro3_ro5_run01_2mib,E:\Project\MLDSA\RO_TRNG\data\hardware\20260511_fpga1_board1\tdc_pairs\analysis_tdc_pair_random3_ro3_ro5_run01_2mib\tdc_pair_random3_ro3_ro5_run01_2mib.tdc_packets.csv,csv,6,98304,114687,16384,5000,256,-0.00947901123,-0.00934028499,-22.350433,2047.92364,-14.2243029,-22.3504575,-0.063531239,-8,8,-0.00947901123,6,0.0157716349,0.0157716349,0,E:\Project\MLDSA\RO_TRNG\data\hardware\20260511_fpga1_board1\tdc_pairs\analysis_tdc_pair_random3_ro3_ro5_run01_2mib\tdc_pair_random3_ro3_ro5_run01_2mib.tdc_packets.csv
tdc_pair_random3_ro3_ro5_run01_2mib,E:\Project\MLDSA\RO_TRNG\data\hardware\20260511_fpga1_board1\tdc_pairs\analysis_tdc_pair_random3_ro3_ro5_run01_2mib\tdc_pair_random3_ro3_ro5_run01_2mib.tdc_packets.csv,csv,7,114688,131071,16384,5000,256,0.00357797658,0.00362172241,4.06886315,2049.11776,12.1949933,4.06883864,-0.063531239,-8,8,0.00357797658,8,0.0139652222,0.0139652222,0,E:\Project\MLDSA\RO_TRNG\data\hardware\20260511_fpga1_board1\tdc_pairs\analysis_tdc_pair_random3_ro3_ro5_run01_2mib\tdc_pair_random3_ro3_ro5_run01_2mib.tdc_packets.csv
tdc_pair_random3_ro3_ro5_run01_2mib,E:\Project\MLDSA\RO_TRNG\data\hardware\20260511_fpga1_board1\tdc_pairs\analysis_tdc_pair_random3_ro3_ro5_run01_2mib\tdc_pair_random3_ro3_ro5_run01_2mib.tdc_packets.csv,csv,8,131072,147455,16384,5000,256,-0.0130063503,-0.0129907936,-4.54805198,2049.7785,3.57807815,-4.54807649,-0.063531239,-8,8,-0.0130063503,0,-0.0130063503,0.0130063503,0,E:\Project\MLDSA\RO_TRNG\data\hardware\20260511_fpga1_board1\tdc_pairs\analysis_tdc_pair_random3_ro3_ro5_run01_2mib\tdc_pair_random3_ro3_ro5_run01_2mib.tdc_packets.csv
tdc_pair_random3_ro3_ro5_run01_2mib,E:\Project\MLDSA\RO_TRNG\data\hardware\20260511_fpga1_board1\tdc_pairs\analysis_tdc_pair_random3_ro3_ro5_run01_2mib\tdc_pair_random3_ro3_ro5_run01_2mib.tdc_packets.csv,csv,9,147456,163839,16384,5000,256,-0.0075102657,-0.00837180702,13.6931484,2052.46899,21.8192785,13.6931238,-0.063531239,-8,8,-0.0075102657,5,-0.0157002849,0.0157002849,0,E:\Project\MLDSA\RO_TRNG\data\hardware\20260511_fpga1_board1\tdc_pairs\analysis_tdc_pair_random3_ro3_ro5_run01_2mib\tdc_pair_random3_ro3_ro5_run01_2mib.tdc_packets.csv
tdc_pair_random3_ro3_ro5_run01_2mib,E:\Project\MLDSA\RO_TRNG\data\hardware\20260511_fpga1_board1\tdc_pairs\analysis_tdc_pair_random3_ro3_ro5_run01_2mib\tdc_pair_random3_ro3_ro5_run01_2mib.tdc_packets.csv,csv,10,163840,180223,16384,5000,256,0.00370149943,0.00420936522,11.6197189,2033.11544,19.7458491,11.6196944,-0.063531239,-8,8,0.00370149943,-7,0.0152729361,0.0152729361,0,E:\Project\MLDSA\RO_TRNG\data\hardware\20260511_fpga1_board1\tdc_pairs\analysis_tdc_pair_random3_ro3_ro5_run01_2mib\tdc_pair_random3_ro3_ro5_run01_2mib.tdc_packets.csv
tdc_pair_random3_ro3_ro5_run01_2mib,E:\Project\MLDSA\RO_TRNG\data\hardware\20260511_fpga1_board1\tdc_pairs\analysis_tdc_pair_random3_ro3_ro5_run01_2mib\tdc_pair_random3_ro3_ro5_run01_2mib.tdc_packets.csv,csv,11,180224,196607,16384,5000,256,-0.00270352579,-0.00338341828,-0.221925703,2036.45889,7.90420442,-0.221950212,-0.063531239,-8,8,-0.00270352579,-5,-0.0169923911,0.0169923911,0,E:\Project\MLDSA\RO_TRNG\data\hardware\20260511_fpga1_board1\tdc_pairs\analysis_tdc_pair_random3_ro3_ro5_run01_2mib\tdc_pair_random3_ro3_ro5_run01_2mib.tdc_packets.csv
tdc_pair_random3_ro3_ro5_run01_2mib,E:\Project\MLDSA\RO_TRNG\data\hardware\20260511_fpga1_board1\tdc_pairs\analysis_tdc_pair_random3_ro3_ro5_run01_2mib\tdc_pair_random3_ro3_ro5_run01_2mib.tdc_packets.csv,csv,12,196608,212991,16384,5000,256,0.0150979741,0.0151597275,-41.9365486,2025.85635,-33.8104184,-41.9365731,-0.063531239,-8,8,0.0150979741,-6,-0.027615762,0.027615762,0,E:\Project\MLDSA\RO_TRNG\data\hardware\20260511_fpga1_board1\tdc_pairs\analysis_tdc_pair_random3_ro3_ro5_run01_2mib\tdc_pair_random3_ro3_ro5_run01_2mib.tdc_packets.csv
tdc_pair_random3_ro3_ro5_run01_2mib,E:\Project\MLDSA\RO_TRNG\data\hardware\20260511_fpga1_board1\tdc_pairs\analysis_tdc_pair_random3_ro3_ro5_run01_2mib\tdc_pair_random3_ro3_ro5_run01_2mib.tdc_packets.csv,csv,13,212992,229375,16384,5000,256,-0.0115605612,-0.0117280053,12.6566126,2054.1526,20.7827428,12.6565881,-0.063531239,-8,8,-0.0115605612,2,0.0147008535,0.0147008535,0,E:\Project\MLDSA\RO_TRNG\data\hardware\20260511_fpga1_board1\tdc_pairs\analysis_tdc_pair_random3_ro3_ro5_run01_2mib\tdc_pair_random3_ro3_ro5_run01_2mib.tdc_packets.csv
tdc_pair_random3_ro3_ro5_run01_2mib,E:\Project\MLDSA\RO_TRNG\data\hardware\20260511_fpga1_board1\tdc_pairs\analysis_tdc_pair_random3_ro3_ro5_run01_2mib\tdc_pair_random3_ro3_ro5_run01_2mib.tdc_packets.csv,csv,14,229376,245759,16384,5000,256,0.00251867117,0.00241247582,11.7498986,2038.55302,19.8760287,11.749874,-0.063531239,-8,8,0.00251867117,2,0.0153866312,0.0153866312,0,E:\Project\MLDSA\RO_TRNG\data\hardware\20260511_fpga1_board1\tdc_pairs\analysis_tdc_pair_random3_ro3_ro5_run01_2mib\tdc_pair_random3_ro3_ro5_run01_2mib.tdc_packets.csv
tdc_pair_random3_ro3_ro5_run01_2mib,E:\Project\MLDSA\RO_TRNG\data\hardware\20260511_fpga1_board1\tdc_pairs\analysis_tdc_pair_random3_ro3_ro5_run01_2mib\tdc_pair_random3_ro3_ro5_run01_2mib.tdc_packets.csv,csv,15,245760,262142,16383,5000,256,0.00534225754,0.00508266721,6.42500225,2041.63666,14.5511324,6.42497774,-0.063531239,-8,8,0.00534225754,-6,-0.0120906049,0.0120906049,0,E:\Project\MLDSA\RO_TRNG\data\hardware\20260511_fpga1_board1\tdc_pairs\analysis_tdc_pair_random3_ro3_ro5_run01_2mib\tdc_pair_random3_ro3_ro5_run01_2mib.tdc_packets.csv
tdc_pair_random3_ro3_ro7_repeat02_2mib,E:\Project\MLDSA\RO_TRNG\data\hardware\20260511_fpga1_board1\tdc_pairs\analysis_tdc_pair_random3_ro3_ro7_repeat02_2mib\tdc_pair_random3_ro3_ro7_repeat02_2mib.tdc_packets.csv,csv,0,0,16383,16384,5000,256,-0.00267290053,-0.00335391574,-1.84009204,2044.98698,0,-1.84012331,1.0456545,-8,8,-0.00267290053,-4,0.0170130276,0.0170130276,0,E:\Project\MLDSA\RO_TRNG\data\hardware\20260511_fpga1_board1\tdc_pairs\analysis_tdc_pair_random3_ro3_ro7_repeat02_2mib\tdc_pair_random3_ro3_ro7_repeat02_2mib.tdc_packets.csv
tdc_pair_random3_ro3_ro7_repeat02_2mib,E:\Project\MLDSA\RO_TRNG\data\hardware\20260511_fpga1_board1\tdc_pairs\analysis_tdc_pair_random3_ro3_ro7_repeat02_2mib\tdc_pair_random3_ro3_ro7_repeat02_2mib.tdc_packets.csv,csv,1,16384,32767,16384,5000,256,0.00430469376,0.00409392293,-33.5211986,2027.6518,-31.6811066,-33.5212299,1.0456545,-8,8,0.00430469376,6,0.0153868047,0.0153868047,0,E:\Project\MLDSA\RO_TRNG\data\hardware\20260511_fpga1_board1\tdc_pairs\analysis_tdc_pair_random3_ro3_ro7_repeat02_2mib\tdc_pair_random3_ro3_ro7_repeat02_2mib.tdc_packets.csv
tdc_pair_random3_ro3_ro7_repeat02_2mib,E:\Project\MLDSA\RO_TRNG\data\hardware\20260511_fpga1_board1\tdc_pairs\analysis_tdc_pair_random3_ro3_ro7_repeat02_2mib\tdc_pair_random3_ro3_ro7_repeat02_2mib.tdc_packets.csv,csv,2,32768,49151,16384,5000,256,-0.01165944,-0.0120882943,3.1686829,2056.24191,5.00877494,3.16865163,1.0456545,-8,8,-0.01165944,5,-0.0192185069,0.0192185069,0,E:\Project\MLDSA\RO_TRNG\data\hardware\20260511_fpga1_board1\tdc_pairs\analysis_tdc_pair_random3_ro3_ro7_repeat02_2mib\tdc_pair_random3_ro3_ro7_repeat02_2mib.tdc_packets.csv
tdc_pair_random3_ro3_ro7_repeat02_2mib,E:\Project\MLDSA\RO_TRNG\data\hardware\20260511_fpga1_board1\tdc_pairs\analysis_tdc_pair_random3_ro3_ro7_repeat02_2mib\tdc_pair_random3_ro3_ro7_repeat02_2mib.tdc_packets.csv,csv,3,49152,65535,16384,5000,256,-0.00765353644,-0.00704755774,-5.82215094,2049.0305,-3.9820589,-5.82218221,1.0456545,-8,8,-0.00765353644,8,0.0134742102,0.0134742102,0,E:\Project\MLDSA\RO_TRNG\data\hardware\20260511_fpga1_board1\tdc_pairs\analysis_tdc_pair_random3_ro3_ro7_repeat02_2mib\tdc_pair_random3_ro3_ro7_repeat02_2mib.tdc_packets.csv
tdc_pair_random3_ro3_ro7_repeat02_2mib,E:\Project\MLDSA\RO_TRNG\data\hardware\20260511_fpga1_board1\tdc_pairs\analysis_tdc_pair_random3_ro3_ro7_repeat02_2mib\tdc_pair_random3_ro3_ro7_repeat02_2mib.tdc_packets.csv,csv,4,65536,81919,16384,5000,256,0.0111263006,0.011301561,-2.87862836,2038.27347,-1.03853632,-2.87865962,1.0456545,-8,8,0.0111263006,6,0.0145292657,0.0145292657,0,E:\Project\MLDSA\RO_TRNG\data\hardware\20260511_fpga1_board1\tdc_pairs\analysis_tdc_pair_random3_ro3_ro7_repeat02_2mib\tdc_pair_random3_ro3_ro7_repeat02_2mib.tdc_packets.csv
tdc_pair_random3_ro3_ro7_repeat02_2mib,E:\Project\MLDSA\RO_TRNG\data\hardware\20260511_fpga1_board1\tdc_pairs\analysis_tdc_pair_random3_ro3_ro7_repeat02_2mib\tdc_pair_random3_ro3_ro7_repeat02_2mib.tdc_packets.csv,csv,5,81920,98303,16384,5000,256,-0.0107138832,-0.0102128576,5.62583263,2055.07232,7.46592468,5.62580137,1.0456545,-8,8,-0.0107138832,-6,0.0164884871,0.0164884871,0,E:\Project\MLDSA\RO_TRNG\data\hardware\20260511_fpga1_board1\tdc_pairs\analysis_tdc_pair_random3_ro3_ro7_repeat02_2mib\tdc_pair_random3_ro3_ro7_repeat02_2mib.tdc_packets.csv
tdc_pair_random3_ro3_ro7_repeat02_2mib,E:\Project\MLDSA\RO_TRNG\data\hardware\20260511_fpga1_board1\tdc_pairs\analysis_tdc_pair_random3_ro3_ro7_repeat02_2mib\tdc_pair_random3_ro3_ro7_repeat02_2mib.tdc_packets.csv,csv,6,98304,114687,16384,5000,256,0.00389749487,0.00365057096,27.4080205,2027.83305,29.2481125,27.4079892,1.0456545,-8,8,0.00389749487,5,-0.0138931591,0.0138931591,0,E:\Project\MLDSA\RO_TRNG\data\hardware\20260511_fpga1_board1\tdc_pairs\analysis_tdc_pair_random3_ro3_ro7_repeat02_2mib\tdc_pair_random3_ro3_ro7_repeat02_2mib.tdc_packets.csv
tdc_pair_random3_ro3_ro7_repeat02_2mib,E:\Project\MLDSA\RO_TRNG\data\hardware\20260511_fpga1_board1\tdc_pairs\analysis_tdc_pair_random3_ro3_ro7_repeat02_2mib\tdc_pair_random3_ro3_ro7_repeat02_2mib.tdc_packets.csv,csv,7,114688,131071,16384,5000,256,0.00200130147,0.0015637949,12.0546186,2040.62188,13.8947106,12.0545873,1.0456545,-8,8,0.00200130147,-5,0.027601511,0.027601511,0,E:\Project\MLDSA\RO_TRNG\data\hardware\20260511_fpga1_board1\tdc_pairs\analysis_tdc_pair_random3_ro3_ro7_repeat02_2mib\tdc_pair_random3_ro3_ro7_repeat02_2mib.tdc_packets.csv
tdc_pair_random3_ro3_ro7_repeat02_2mib,E:\Project\MLDSA\RO_TRNG\data\hardware\20260511_fpga1_board1\tdc_pairs\analysis_tdc_pair_random3_ro3_ro7_repeat02_2mib\tdc_pair_random3_ro3_ro7_repeat02_2mib.tdc_packets.csv,csv,8,131072,147455,16384,5000,256,0.00461388599,0.00447754845,-23.8822986,2038.08174,-22.0422065,-23.8823298,1.0456545,-8,8,0.00461388599,3,0.013068428,0.013068428,0,E:\Project\MLDSA\RO_TRNG\data\hardware\20260511_fpga1_board1\tdc_pairs\analysis_tdc_pair_random3_ro3_ro7_repeat02_2mib\tdc_pair_random3_ro3_ro7_repeat02_2mib.tdc_packets.csv
tdc_pair_random3_ro3_ro7_repeat02_2mib,E:\Project\MLDSA\RO_TRNG\data\hardware\20260511_fpga1_board1\tdc_pairs\analysis_tdc_pair_random3_ro3_ro7_repeat02_2mib\tdc_pair_random3_ro3_ro7_repeat02_2mib.tdc_packets.csv,csv,9,147456,163839,16384,5000,256,0.0122849829,0.0120863817,-25.4723918,2028.93227,-23.6322998,-25.4724231,1.0456545,-8,8,0.0122849829,-4,-0.0144646414,0.0144646414,0,E:\Project\MLDSA\RO_TRNG\data\hardware\20260511_fpga1_board1\tdc_pairs\analysis_tdc_pair_random3_ro3_ro7_repeat02_2mib\tdc_pair_random3_ro3_ro7_repeat02_2mib.tdc_packets.csv
tdc_pair_random3_ro3_ro7_repeat02_2mib,E:\Project\MLDSA\RO_TRNG\data\hardware\20260511_fpga1_board1\tdc_pairs\analysis_tdc_pair_random3_ro3_ro7_repeat02_2mib\tdc_pair_random3_ro3_ro7_repeat02_2mib.tdc_packets.csv,csv,10,163840,180223,16384,5000,256,-0.00459911698,-0.00462968428,14.5299914,2046.16539,16.3700835,14.5299602,1.0456545,-8,8,-0.00459911698,-1,-0.0107459337,0.0107459337,0,E:\Project\MLDSA\RO_TRNG\data\hardware\20260511_fpga1_board1\tdc_pairs\analysis_tdc_pair_random3_ro3_ro7_repeat02_2mib\tdc_pair_random3_ro3_ro7_repeat02_2mib.tdc_packets.csv
tdc_pair_random3_ro3_ro7_repeat02_2mib,E:\Project\MLDSA\RO_TRNG\data\hardware\20260511_fpga1_board1\tdc_pairs\analysis_tdc_pair_random3_ro3_ro7_repeat02_2mib\tdc_pair_random3_ro3_ro7_repeat02_2mib.tdc_packets.csv,csv,11,180224,196607,16384,5000,256,0.00194956218,0.0020418644,-7.25232678,2041.80049,-5.41223473,-7.25235804,1.0456545,-8,8,0.00194956218,2,0.0141225274,0.0141225274,0,E:\Project\MLDSA\RO_TRNG\data\hardware\20260511_fpga1_board1\tdc_pairs\analysis_tdc_pair_random3_ro3_ro7_repeat02_2mib\tdc_pair_random3_ro3_ro7_repeat02_2mib.tdc_packets.csv
tdc_pair_random3_ro3_ro7_repeat02_2mib,E:\Project\MLDSA\RO_TRNG\data\hardware\20260511_fpga1_board1\tdc_pairs\analysis_tdc_pair_random3_ro3_ro7_repeat02_2mib\tdc_pair_random3_ro3_ro7_repeat02_2mib.tdc_packets.csv,csv,12,196608,212991,16384,5000,256,0.00256436841,0.00286138294,12.0820816,2044.43063,13.9221737,12.0820504,1.0456545,-8,8,0.00256436841,2,0.0167757708,0.0167757708,0,E:\Project\MLDSA\RO_TRNG\data\hardware\20260511_fpga1_board1\tdc_pairs\analysis_tdc_pair_random3_ro3_ro7_repeat02_2mib\tdc_pair_random3_ro3_ro7_repeat02_2mib.tdc_packets.csv
tdc_pair_random3_ro3_ro7_repeat02_2mib,E:\Project\MLDSA\RO_TRNG\data\hardware\20260511_fpga1_board1\tdc_pairs\analysis_tdc_pair_random3_ro3_ro7_repeat02_2mib\tdc_pair_random3_ro3_ro7_repeat02_2mib.tdc_packets.csv,csv,13,212992,229375,16384,5000,256,-0.00376114651,-0.00351577152,24.8687644,2032.76243,26.7088565,24.8687332,1.0456545,-8,8,-0.00376114651,-7,0.016359501,0.016359501,0,E:\Project\MLDSA\RO_TRNG\data\hardware\20260511_fpga1_board1\tdc_pairs\analysis_tdc_pair_random3_ro3_ro7_repeat02_2mib\tdc_pair_random3_ro3_ro7_repeat02_2mib.tdc_packets.csv
tdc_pair_random3_ro3_ro7_repeat02_2mib,E:\Project\MLDSA\RO_TRNG\data\hardware\20260511_fpga1_board1\tdc_pairs\analysis_tdc_pair_random3_ro3_ro7_repeat02_2mib\tdc_pair_random3_ro3_ro7_repeat02_2mib.tdc_packets.csv,csv,14,229376,245759,16384,5000,256,-0.00544406727,-0.0050653652,-7.26421399,2039.14038,-5.42412195,-7.26424525,1.0456545,-8,8,-0.00544406727,-4,0.0157234282,0.0157234282,0,E:\Project\MLDSA\RO_TRNG\data\hardware\20260511_fpga1_board1\tdc_pairs\analysis_tdc_pair_random3_ro3_ro7_repeat02_2mib\tdc_pair_random3_ro3_ro7_repeat02_2mib.tdc_packets.csv
tdc_pair_random3_ro3_ro7_repeat02_2mib,E:\Project\MLDSA\RO_TRNG\data\hardware\20260511_fpga1_board1\tdc_pairs\analysis_tdc_pair_random3_ro3_ro7_repeat02_2mib\tdc_pair_random3_ro3_ro7_repeat02_2mib.tdc_packets.csv,csv,15,245760,262142,16383,5000,256,-0.00114799159,-0.0005318123,8.19580926,2039.89809,10.0359013,8.195778,1.0456545,-8,8,-0.00114799159,-8,-0.0172201611,0.0172201611,0,E:\Project\MLDSA\RO_TRNG\data\hardware\20260511_fpga1_board1\tdc_pairs\analysis_tdc_pair_random3_ro3_ro7_repeat02_2mib\tdc_pair_random3_ro3_ro7_repeat02_2mib.tdc_packets.csv
tdc_pair_random3_ro3_ro7_run01_2mib,E:\Project\MLDSA\RO_TRNG\data\hardware\20260511_fpga1_board1\tdc_pairs\analysis_tdc_pair_random3_ro3_ro7_run01_2mib\tdc_pair_random3_ro3_ro7_run01_2mib.tdc_packets.csv,csv,0,0,16383,16384,5000,256,-0.00117803886,-0.00126629815,-10.9102193,2046.39126,0,-10.9102215,0.848702989,-8,8,-0.00117803886,8,-0.0170603004,0.0170603004,0,E:\Project\MLDSA\RO_TRNG\data\hardware\20260511_fpga1_board1\tdc_pairs\analysis_tdc_pair_random3_ro3_ro7_run01_2mib\tdc_pair_random3_ro3_ro7_run01_2mib.tdc_packets.csv
tdc_pair_random3_ro3_ro7_run01_2mib,E:\Project\MLDSA\RO_TRNG\data\hardware\20260511_fpga1_board1\tdc_pairs\analysis_tdc_pair_random3_ro3_ro7_run01_2mib\tdc_pair_random3_ro3_ro7_run01_2mib.tdc_packets.csv,csv,1,16384,32767,16384,5000,256,0.00202197206,0.00149883097,-10.4008157,2036.02623,0.509403574,-10.4008179,0.848702989,-8,8,0.00202197206,2,0.0163274467,0.0163274467,0,E:\Project\MLDSA\RO_TRNG\data\hardware\20260511_fpga1_board1\tdc_pairs\analysis_tdc_pair_random3_ro3_ro7_run01_2mib\tdc_pair_random3_ro3_ro7_run01_2mib.tdc_packets.csv
tdc_pair_random3_ro3_ro7_run01_2mib,E:\Project\MLDSA\RO_TRNG\data\hardware\20260511_fpga1_board1\tdc_pairs\analysis_tdc_pair_random3_ro3_ro7_run01_2mib\tdc_pair_random3_ro3_ro7_run01_2mib.tdc_packets.csv,csv,2,32768,49151,16384,5000,256,0.000803496346,0.000644470958,14.1154043,2039.93234,25.0256236,14.1154021,0.848702989,-8,8,0.000803496346,4,0.0118782459,0.0118782459,0,E:\Project\MLDSA\RO_TRNG\data\hardware\20260511_fpga1_board1\tdc_pairs\analysis_tdc_pair_random3_ro3_ro7_run01_2mib\tdc_pair_random3_ro3_ro7_run01_2mib.tdc_packets.csv
tdc_pair_random3_ro3_ro7_run01_2mib,E:\Project\MLDSA\RO_TRNG\data\hardware\20260511_fpga1_board1\tdc_pairs\analysis_tdc_pair_random3_ro3_ro7_run01_2mib\tdc_pair_random3_ro3_ro7_run01_2mib.tdc_packets.csv,csv,3,49152,65535,16384,5000,256,0.00526782627,0.00538711066,-22.2486477,2046.99791,-11.3384284,-22.2486498,0.848702989,-8,8,0.00526782627,-8,0.0198452334,0.0198452334,0,E:\Project\MLDSA\RO_TRNG\data\hardware\20260511_fpga1_board1\tdc_pairs\analysis_tdc_pair_random3_ro3_ro7_run01_2mib\tdc_pair_random3_ro3_ro7_run01_2mib.tdc_packets.csv
tdc_pair_random3_ro3_ro7_run01_2mib,E:\Project\MLDSA\RO_TRNG\data\hardware\20260511_fpga1_board1\tdc_pairs\analysis_tdc_pair_random3_ro3_ro7_run01_2mib\tdc_pair_random3_ro3_ro7_run01_2mib.tdc_packets.csv,csv,4,65536,81919,16384,5000,256,-0.00155383294,-0.0013435963,4.37698349,2039.52459,15.2872028,4.37698129,0.848702989,-8,8,-0.00155383294,5,-0.0158558313,0.0158558313,0,E:\Project\MLDSA\RO_TRNG\data\hardware\20260511_fpga1_board1\tdc_pairs\analysis_tdc_pair_random3_ro3_ro7_run01_2mib\tdc_pair_random3_ro3_ro7_run01_2mib.tdc_packets.csv
tdc_pair_random3_ro3_ro7_run01_2mib,E:\Project\MLDSA\RO_TRNG\data\hardware\20260511_fpga1_board1\tdc_pairs\analysis_tdc_pair_random3_ro3_ro7_run01_2mib\tdc_pair_random3_ro3_ro7_run01_2mib.tdc_packets.csv,csv,5,81920,98303,16384,5000,256,0.00288085745,0.00347314596,13.3591681,2048.62898,24.2693874,13.3591659,0.848702989,-8,8,0.00288085745,5,-0.0158621077,0.0158621077,0,E:\Project\MLDSA\RO_TRNG\data\hardware\20260511_fpga1_board1\tdc_pairs\analysis_tdc_pair_random3_ro3_ro7_run01_2mib\tdc_pair_random3_ro3_ro7_run01_2mib.tdc_packets.csv
tdc_pair_random3_ro3_ro7_run01_2mib,E:\Project\MLDSA\RO_TRNG\data\hardware\20260511_fpga1_board1\tdc_pairs\analysis_tdc_pair_random3_ro3_ro7_run01_2mib\tdc_pair_random3_ro3_ro7_run01_2mib.tdc_packets.csv,csv,6,98304,114687,16384,5000,256,-0.00732677339,-0.00742862902,-5.77109612,2055.25011,5.13912316,-5.77109832,0.848702989,-8,8,-0.00732677339,-8,-0.0176598802,0.0176598802,0,E:\Project\MLDSA\RO_TRNG\data\hardware\20260511_fpga1_board1\tdc_pairs\analysis_tdc_pair_random3_ro3_ro7_run01_2mib\tdc_pair_random3_ro3_ro7_run01_2mib.tdc_packets.csv
tdc_pair_random3_ro3_ro7_run01_2mib,E:\Project\MLDSA\RO_TRNG\data\hardware\20260511_fpga1_board1\tdc_pairs\analysis_tdc_pair_random3_ro3_ro7_run01_2mib\tdc_pair_random3_ro3_ro7_run01_2mib.tdc_packets.csv,csv,7,114688,131071,16384,5000,256,0.014506566,0.0138913192,-13.3006963,2023.25998,-2.39047707,-13.3006985,0.848702989,-8,8,0.014506566,-8,-0.0215821491,0.0215821491,0,E:\Project\MLDSA\RO_TRNG\data\hardware\20260511_fpga1_board1\tdc_pairs\analysis_tdc_pair_random3_ro3_ro7_run01_2mib\tdc_pair_random3_ro3_ro7_run01_2mib.tdc_packets.csv
tdc_pair_random3_ro3_ro7_run01_2mib,E:\Project\MLDSA\RO_TRNG\data\hardware\20260511_fpga1_board1\tdc_pairs\analysis_tdc_pair_random3_ro3_ro7_run01_2mib\tdc_pair_random3_ro3_ro7_run01_2mib.tdc_packets.csv,csv,8,131072,147455,16384,5000,256,0.000129193021,-1.59292308e-05,-7.4055378,2040.07865,3.50468148,-7.40554,0.848702989,-8,8,0.000129193021,3,-0.0110762791,0.0110762791,0,E:\Project\MLDSA\RO_TRNG\data\hardware\20260511_fpga1_board1\tdc_pairs\analysis_tdc_pair_random3_ro3_ro7_run01_2mib\tdc_pair_random3_ro3_ro7_run01_2mib.tdc_packets.csv
tdc_pair_random3_ro3_ro7_run01_2mib,E:\Project\MLDSA\RO_TRNG\data\hardware\20260511_fpga1_board1\tdc_pairs\analysis_tdc_pair_random3_ro3_ro7_run01_2mib\tdc_pair_random3_ro3_ro7_run01_2mib.tdc_packets.csv,csv,9,147456,163839,16384,5000,256,0.00233005201,0.00229990786,3.44802229,2025.52692,14.3582416,3.4480201,0.848702989,-8,8,0.00233005201,3,0.0167495543,0.0167495543,0,E:\Project\MLDSA\RO_TRNG\data\hardware\20260511_fpga1_board1\tdc_pairs\analysis_tdc_pair_random3_ro3_ro7_run01_2mib\tdc_pair_random3_ro3_ro7_run01_2mib.tdc_packets.csv
tdc_pair_random3_ro3_ro7_run01_2mib,E:\Project\MLDSA\RO_TRNG\data\hardware\20260511_fpga1_board1\tdc_pairs\analysis_tdc_pair_random3_ro3_ro7_run01_2mib\tdc_pair_random3_ro3_ro7_run01_2mib.tdc_packets.csv,csv,10,163840,180223,16384,5000,256,-0.00892522951,-0.00892167805,15.6323029,2057.90044,26.5425222,15.6323007,0.848702989,-8,8,-0.00892522951,-3,0.0191339059,0.0191339059,0,E:\Project\MLDSA\RO_TRNG\data\hardware\20260511_fpga1_board1\tdc_pairs\analysis_tdc_pair_random3_ro3_ro7_run01_2mib\tdc_pair_random3_ro3_ro7_run01_2mib.tdc_packets.csv
tdc_pair_random3_ro3_ro7_run01_2mib,E:\Project\MLDSA\RO_TRNG\data\hardware\20260511_fpga1_board1\tdc_pairs\analysis_tdc_pair_random3_ro3_ro7_run01_2mib\tdc_pair_random3_ro3_ro7_run01_2mib.tdc_packets.csv,csv,11,180224,196607,16384,5000,256,-0.0130957795,-0.00821738323,19.448311,2051.69301,30.3585303,19.4483088,0.848702989,-8,8,-0.0130957795,0,-0.0130957795,0.0130957795,0,E:\Project\MLDSA\RO_TRNG\data\hardware\20260511_fpga1_board1\tdc_pairs\analysis_tdc_pair_random3_ro3_ro7_run01_2mib\tdc_pair_random3_ro3_ro7_run01_2mib.tdc_packets.csv
tdc_pair_random3_ro3_ro7_run01_2mib,E:\Project\MLDSA\RO_TRNG\data\hardware\20260511_fpga1_board1\tdc_pairs\analysis_tdc_pair_random3_ro3_ro7_run01_2mib\tdc_pair_random3_ro3_ro7_run01_2mib.tdc_packets.csv,csv,12,196608,212991,16384,5000,256,-0.00173482891,-0.00155104052,-11.8757486,2027.37945,-0.96552927,-11.8757507,0.848702989,-8,8,-0.00173482891,-3,-0.0175709923,0.0175709923,0,E:\Project\MLDSA\RO_TRNG\data\hardware\20260511_fpga1_board1\tdc_pairs\analysis_tdc_pair_random3_ro3_ro7_run01_2mib\tdc_pair_random3_ro3_ro7_run01_2mib.tdc_packets.csv
tdc_pair_random3_ro3_ro7_run01_2mib,E:\Project\MLDSA\RO_TRNG\data\hardware\20260511_fpga1_board1\tdc_pairs\analysis_tdc_pair_random3_ro3_ro7_run01_2mib\tdc_pair_random3_ro3_ro7_run01_2mib.tdc_packets.csv,csv,13,212992,229375,16384,5000,256,-0.00237255503,-0.00227844908,-19.625007,2045.73364,-8.71478768,-19.6250092,0.848702989,-8,8,-0.00237255503,-5,0.0149727378,0.0149727378,0,E:\Project\MLDSA\RO_TRNG\data\hardware\20260511_fpga1_board1\tdc_pairs\analysis_tdc_pair_random3_ro3_ro7_run01_2mib\tdc_pair_random3_ro3_ro7_run01_2mib.tdc_packets.csv
tdc_pair_random3_ro3_ro7_run01_2mib,E:\Project\MLDSA\RO_TRNG\data\hardware\20260511_fpga1_board1\tdc_pairs\analysis_tdc_pair_random3_ro3_ro7_run01_2mib\tdc_pair_random3_ro3_ro7_run01_2mib.tdc_packets.csv,csv,14,229376,245759,16384,5000,256,0.00150923122,0.00168097721,30.8695398,2030.10356,41.7797591,30.8695376,0.848702989,-8,8,0.00150923122,-5,-0.0229113492,0.0229113492,0,E:\Project\MLDSA\RO_TRNG\data\hardware\20260511_fpga1_board1\tdc_pairs\analysis_tdc_pair_random3_ro3_ro7_run01_2mib\tdc_pair_random3_ro3_ro7_run01_2mib.tdc_packets.csv
tdc_pair_random3_ro3_ro7_run01_2mib,E:\Project\MLDSA\RO_TRNG\data\hardware\20260511_fpga1_board1\tdc_pairs\analysis_tdc_pair_random3_ro3_ro7_run01_2mib\tdc_pair_random3_ro3_ro7_run01_2mib.tdc_packets.csv,csv,15,245760,262141,16382,5000,256,0.00652925996,0.00624060039,0.28807157,2032.39977,11.1982909,0.288069372,0.848702989,-8,8,0.00652925996,-2,-0.0226385817,0.0226385817,0,E:\Project\MLDSA\RO_TRNG\data\hardware\20260511_fpga1_board1\tdc_pairs\analysis_tdc_pair_random3_ro3_ro7_run01_2mib\tdc_pair_random3_ro3_ro7_run01_2mib.tdc_packets.csv
