metadata_file,capture_id,board_id,kind,output_file,file_bytes,bytes_requested,bytes_captured,start_time,end_time,duration_seconds,uart_port,baud,bitstream,sha256,legacy_fpga_temperature_c,legacy_voltage_condition,xadc_csv,xadc_before_status,xadc_before_timestamp,xadc_before_temperature_c,xadc_before_vccint_v,xadc_before_vccaux_v,xadc_before_vccbram_v,xadc_before_vpvn_v,xadc_before_error,xadc_after_status,xadc_after_timestamp,xadc_after_temperature_c,xadc_after_vccint_v,xadc_after_vccaux_v,xadc_after_vccbram_v,xadc_after_vpvn_v,xadc_after_error,xadc_status,temperature_delta_c,vccint_v_delta,vccaux_v_delta,vccbram_v_delta,vpvn_v_delta
E:\Project\MLDSA\RO_TRNG\data\hardware\20260511_fpga1_board1\metadata\checker_repeat02_5mib.json,checker_repeat02_5mib,,trng,E:\Project\MLDSA\RO_TRNG\data\hardware\20260511_fpga1_board1\trng\checker_repeat02_5mib.bin,5242880,5242880,5242880,2026-05-13 20:27:15,2026-05-13 20:40:47,811.67,COM3,115200,data\vivado_runs\fpga1_ro_trng_sweep\ro_checker_pitch3_x44y43\seed_1\RO_TRNG_top.bit,240A92C1D92DD9783CA4D76A2B3544F752A41E2B8BF75E41EC79EF5226580692,,nominal_board_power,,,,,,,,,,,,,,,,,,missing,,,,,
E:\Project\MLDSA\RO_TRNG\data\hardware\20260511_fpga1_board1\metadata\checker_repeat03_20mib.json,checker_repeat03_20mib,z7020_b01,trng,E:\Project\MLDSA\RO_TRNG\data\hardware\20260511_fpga1_board1\trng\checker_repeat03_20mib.bin,20971520,20971520,20971520,2026-05-22 19:55:05,2026-05-22 20:42:25,2839.361,COM3,115200,data\vivado_runs\fpga1_ro_trng_matrix\checker_pitch3_x44y43\seed_1\RO_TRNG_top.bit,8036BA5E92E81577C8D80BF5369E7F80CF9F2BBC0D5ABC638C906E83E4D861F2,46.3,nominal_board_power,E:\Project\MLDSA\RO_TRNG\data\hardware\20260511_fpga1_board1\metadata\xadc_readings.csv,ok,2026-05-22 20:11:41,46.3,1.000,1.797,1.000,,,ok,2026-05-22 20:43:11,46.3,1.000,1.796,1.000,,,ok,0,0,-0.001,0,
E:\Project\MLDSA\RO_TRNG\data\hardware\20260511_fpga1_board1\metadata\checker_run01.json,checker_run01,,trng,E:\Project\MLDSA\RO_TRNG\data\hardware\20260511_fpga1_board1\trng\checker_run01.bin,10485760,10485760,10485760,2026-05-12 02:05:59,2026-05-12 02:26:09,1210.398,COM3,115200,data\vivado_runs\fpga1_ro_trng_sweep\ro_checker_pitch3_x44y43\seed_1\RO_TRNG_top.bit,9AD7FB0641A2790C8FFAA9AA35CC2C4626CF9B765A0558588D681C36323DB3A1,,nominal_board_power,,,,,,,,,,,,,,,,,,missing,,,,,
E:\Project\MLDSA\RO_TRNG\data\hardware\20260511_fpga1_board1\metadata\checker_smoke01.json,checker_smoke01,,trng,E:\Project\MLDSA\RO_TRNG\data\hardware\20260511_fpga1_board1\trng\checker_smoke01.bin,1048576,1048576,1048576,2026-05-12 00:18:02,2026-05-12 00:19:33,91.339,COM3,115200,data\vivado_runs\fpga1_ro_trng_sweep\ro_checker_pitch3_x44y43\seed_1\RO_TRNG_top.bit,A5A88F17DA6CAE6376796F4C8CF9A5517AD097C2111F66B111F4173A41CDFDC7,,nominal_board_power,,,,,,,,,,,,,,,,,,missing,,,,,
E:\Project\MLDSA\RO_TRNG\data\hardware\20260511_fpga1_board1\metadata\compact_repeat02_5mib.json,compact_repeat02_5mib,,trng,E:\Project\MLDSA\RO_TRNG\data\hardware\20260511_fpga1_board1\trng\compact_repeat02_5mib.bin,5242880,5242880,5242880,2026-05-13 13:47:54,2026-05-13 13:55:29,455.393,COM3,115200,data\vivado_runs\fpga1_ro_trng_sweep\ro_compact_x44y43\seed_1\RO_TRNG_top.bit,EB601E16DC5E287778BD73AFD7D10DAE7ABA3BFD2A04937BF1117D28641AD917,,nominal_board_power,,,,,,,,,,,,,,,,,,missing,,,,,
E:\Project\MLDSA\RO_TRNG\data\hardware\20260511_fpga1_board1\metadata\compact_repeat03_20mib.json,compact_repeat03_20mib,z7020_b01,trng,E:\Project\MLDSA\RO_TRNG\data\hardware\20260511_fpga1_board1\trng\compact_repeat03_20mib.bin,20971520,20971520,20971520,2026-05-22 19:21:06,2026-05-22 20:08:26,2839.361,COM3,115200,data\vivado_runs\fpga1_ro_trng_matrix\compact_x44y43\seed_1\RO_TRNG_top.bit,F86DE00FB040877D86BE9AA8B5EBCB854C1736E64077A2C009F295344C803807,46.4,nominal_board_power,E:\Project\MLDSA\RO_TRNG\data\hardware\20260511_fpga1_board1\metadata\xadc_readings.csv,ok,2026-05-22 19:37:40,46.1,1.000,1.796,1.000,,,ok,2026-05-22 20:09:14,46.4,1.000,1.797,1.000,,,ok,0.3,0,0.001,0,
E:\Project\MLDSA\RO_TRNG\data\hardware\20260511_fpga1_board1\metadata\compact_run01.json,compact_run01,,trng,E:\Project\MLDSA\RO_TRNG\data\hardware\20260511_fpga1_board1\trng\compact_run01.bin,10485760,10485760,10485760,2026-05-11 23:03:19,2026-05-11 23:36:57,2017.626,COM3,115200,data\vivado_runs\fpga1_ro_trng_sweep\ro_compact_x44y43\seed_1\RO_TRNG_top.bit,465A74CBD8EA45D543DA994FF2C4B4FD147A906B15CDEB460AA8A643BCB74716,,nominal_board_power,,,,,,,,,,,,,,,,,,missing,,,,,
E:\Project\MLDSA\RO_TRNG\data\hardware\20260511_fpga1_board1\metadata\compact_smoke01.json,compact_smoke01,,trng,E:\Project\MLDSA\RO_TRNG\data\hardware\20260511_fpga1_board1\trng\compact_smoke01.bin,1048576,1048576,1048576,2026-05-11 21:25:09,2026-05-11 21:28:09,179.966,COM3,115200,data\vivado_runs\fpga1_ro_trng_sweep\ro_compact_x44y43\seed_1\RO_TRNG_top.bit,3F0FB3903C7E5FC7387E15D2588C07681CB5661F6DC73C90B0EFFBBDCC38852A,,nominal_board_power,,,,,,,,,,,,,,,,,,missing,,,,,
E:\Project\MLDSA\RO_TRNG\data\hardware\20260511_fpga1_board1\metadata\cross_region_repeat02_5mib.json,cross_region_repeat02_5mib,,trng,E:\Project\MLDSA\RO_TRNG\data\hardware\20260511_fpga1_board1\trng\cross_region_repeat02_5mib.bin,5242880,5242880,5242880,2026-05-13 20:44:47,2026-05-13 20:59:52,905.117,COM3,115200,data\vivado_runs\fpga1_ro_trng_matrix\cross_region_x36y25\seed_1\RO_TRNG_top.bit,693DD1C7F65C3E7AD5815A7DFC54A4E94A3C88A3B92CAB0B01D275908AA17115,,nominal_board_power,,,,,,,,,,,,,,,,,,missing,,,,,
E:\Project\MLDSA\RO_TRNG\data\hardware\20260511_fpga1_board1\metadata\cross_region_repeat03_20mib.json,cross_region_repeat03_20mib,z7020_b01,trng,E:\Project\MLDSA\RO_TRNG\data\hardware\20260511_fpga1_board1\trng\cross_region_repeat03_20mib.bin,20971520,20971520,20971520,2026-05-22 21:35:13,2026-05-22 22:22:32,2839.361,COM3,115200,data\vivado_runs\fpga1_ro_trng_matrix\cross_region_x36y25\seed_1\RO_TRNG_top.bit,C79235898C34814AD5752858DAE0BD8874E5CC7B76E378140B5B37F7C87770C6,46.0,nominal_board_power,E:\Project\MLDSA\RO_TRNG\data\hardware\20260511_fpga1_board1\metadata\xadc_readings.csv,ok,2026-05-22 21:51:51,45.9,1.000,1.795,1.000,,,ok,2026-05-22 22:23:23,46.0,1.000,1.796,1.000,,,ok,0.1,0,0.001,0,
E:\Project\MLDSA\RO_TRNG\data\hardware\20260511_fpga1_board1\metadata\cross_region_run02.json,cross_region_run02,,trng,E:\Project\MLDSA\RO_TRNG\data\hardware\20260511_fpga1_board1\trng\cross_region_run02.bin,10485760,10485760,10485760,2026-05-12 23:03:42,2026-05-12 23:19:31,949.19,COM3,115200,data\vivado_runs\fpga1_ro_trng_matrix\cross_region_x36y25\seed_1\RO_TRNG_top.bit,F21CF761EF2074B8BA0E6E5B3C811FE320CFD26FCF1F8EC76BE4AA4315890215,,nominal_board_power,,,,,,,,,,,,,,,,,,missing,,,,,
E:\Project\MLDSA\RO_TRNG\data\hardware\20260511_fpga1_board1\metadata\cross_region_smoke01.json,cross_region_smoke01,,trng,E:\Project\MLDSA\RO_TRNG\data\hardware\20260511_fpga1_board1\trng\cross_region_smoke01.bin,1048576,1048576,1048576,2026-05-12 00:26:39,2026-05-12 00:28:10,91.272,COM3,115200,data\vivado_runs\fpga1_ro_trng_matrix\cross_region_x36y25\seed_1\RO_TRNG_top.bit,04FC42D342625FDB3E3E473E689CA669DC5FEA335026D87D62693776EEE5E13D,,nominal_board_power,,,,,,,,,,,,,,,,,,missing,,,,,
E:\Project\MLDSA\RO_TRNG\data\hardware\20260511_fpga1_board1\metadata\far_repeat02_5mib.json,far_repeat02_5mib,,trng,E:\Project\MLDSA\RO_TRNG\data\hardware\20260511_fpga1_board1\trng\far_repeat02_5mib.bin,5242880,5242880,5242880,2026-05-13 15:20:46,2026-05-13 15:28:25,459.732,COM3,115200,data\vivado_runs\fpga1_ro_trng_matrix\far_x20y25\seed_1\RO_TRNG_top.bit,E211FFEEBA215C82C32B3017167FA34CCF2C62676847B7A32979596D7E999EF9,,nominal_board_power,,,,,,,,,,,,,,,,,,missing,,,,,
E:\Project\MLDSA\RO_TRNG\data\hardware\20260511_fpga1_board1\metadata\far_repeat03_20mib.json,far_repeat03_20mib,z7020_b01,trng,E:\Project\MLDSA\RO_TRNG\data\hardware\20260511_fpga1_board1\trng\far_repeat03_20mib.bin,20971520,20971520,20971520,2026-05-22 18:45:53,2026-05-22 19:33:12,2839.361,COM3,115200,data\vivado_runs\fpga1_ro_trng_matrix\far_x20y25\seed_1\RO_TRNG_top.bit,B95B393BBA5A901E401378374190BC8141B5B0EAC595BB544110287891B8515E,46.5,nominal_board_power,E:\Project\MLDSA\RO_TRNG\data\hardware\20260511_fpga1_board1\metadata\xadc_readings.csv,ok,2026-05-22 19:02:31,46.5,1.000,1.796,1.000,,,ok,2026-05-22 19:34:53,46.5,1.000,1.796,1.000,,,ok,0,0,0,0,
E:\Project\MLDSA\RO_TRNG\data\hardware\20260511_fpga1_board1\metadata\far_run01.json,far_run01,,trng,E:\Project\MLDSA\RO_TRNG\data\hardware\20260511_fpga1_board1\trng\far_run01.bin,10485760,10485760,10485760,2026-05-11 23:44:21,2026-05-12 00:06:41,1339.872,COM3,115200,data\vivado_runs\fpga1_ro_trng_matrix\far_x20y25\seed_1\RO_TRNG_top.bit,863885F73EEDFDF58444D4705CEED0260F9BAA3D883410D82BA5F4AE95161732,,nominal_board_power,,,,,,,,,,,,,,,,,,missing,,,,,
E:\Project\MLDSA\RO_TRNG\data\hardware\20260511_fpga1_board1\metadata\far_smoke01.json,far_smoke01,,trng,E:\Project\MLDSA\RO_TRNG\data\hardware\20260511_fpga1_board1\trng\far_smoke01.bin,1048576,1048576,1048576,2026-05-11 22:19:17,2026-05-11 22:22:50,212.853,COM3,115200,data\vivado_runs\fpga1_ro_trng_matrix\far_x20y25\seed_1\RO_TRNG_top.bit,4E00EE3C5C0ECED984120499FD8535A4F4772DA76F7F56A643FA1744E191E0B4,,nominal_board_power,,,,,,,,,,,,,,,,,,missing,,,,,
E:\Project\MLDSA\RO_TRNG\data\hardware\20260511_fpga1_board1\metadata\original_fpga1_program_capture01.json,original_fpga1_program_capture01,,trng,E:\Project\MLDSA\RO_TRNG\data\hardware\20260511_fpga1_board1\trng\original_fpga1_program_capture01.bin,1024,1024,1024,2026-05-11 20:27:18,2026-05-11 20:27:18,0.373,COM3,115200,fpga1\xc7z020clg400\xc7z020clg400.runs\impl_1\RO_TRNG_top.bit,2D2636C5A88ED91EB0873723BD148A53CFC45302289077E605D941A015CF4723,,nominal_board_power,,,,,,,,,,,,,,,,,,missing,,,,,
E:\Project\MLDSA\RO_TRNG\data\hardware\20260511_fpga1_board1\metadata\original_fpga1_repeat02_5mib.json,original_fpga1_repeat02_5mib,,trng,E:\Project\MLDSA\RO_TRNG\data\hardware\20260511_fpga1_board1\trng\original_fpga1_repeat02_5mib.bin,5242880,5242880,5242880,2026-05-14 01:14:16,2026-05-14 01:22:08,472.004,COM3,115200,fpga1\xc7z020clg400\xc7z020clg400.runs\impl_1\RO_TRNG_top.bit,E6244C3F8317BF7AB55E5594EE69425CCB2542F7E172835A46BFD9926173A9F0,,nominal_board_power,,,,,,,,,,,,,,,,,,missing,,,,,
E:\Project\MLDSA\RO_TRNG\data\hardware\20260511_fpga1_board1\metadata\original_fpga1_run01_10mib.json,original_fpga1_run01_10mib,,trng,E:\Project\MLDSA\RO_TRNG\data\hardware\20260511_fpga1_board1\trng\original_fpga1_run01_10mib.bin,10485760,10485760,10485760,2026-05-14 00:58:05,2026-05-14 01:13:16,910.523,COM3,115200,fpga1\xc7z020clg400\xc7z020clg400.runs\impl_1\RO_TRNG_top.bit,109F93EEB99E1ACE2DEF954E4AD7AE0F8E9F94DA3ACC85FC461BCB9E6FEDE9B3,,nominal_board_power,,,,,,,,,,,,,,,,,,missing,,,,,
E:\Project\MLDSA\RO_TRNG\data\hardware\20260511_fpga1_board1\metadata\random1_repeat02_5mib.json,random1_repeat02_5mib,,trng,E:\Project\MLDSA\RO_TRNG\data\hardware\20260511_fpga1_board1\trng\random1_repeat02_5mib.bin,5242880,5242880,5242880,2026-05-13 13:29:26,2026-05-13 13:37:01,455.435,COM3,115200,data\vivado_runs\fpga1_ro_trng_matrix\random_seed1_x36y35\seed_1\RO_TRNG_top.bit,FAC1A5CFCDA3A82ACEA1D8C3503F4CED49B6070FDCEF9F5C054B03CA92A3A470,,nominal_board_power,,,,,,,,,,,,,,,,,,missing,,,,,
E:\Project\MLDSA\RO_TRNG\data\hardware\20260511_fpga1_board1\metadata\random1_repeat03.json,random1_repeat03,,trng,E:\Project\MLDSA\RO_TRNG\data\hardware\20260511_fpga1_board1\trng\random1_repeat03.bin,20971520,20971520,20971520,2026-05-14 12:21:46,2026-05-14 13:09:05,2839.043,COM3,115200,data\vivado_runs\fpga1_ro_trng_matrix\random_seed1_x36y35\seed_1\RO_TRNG_top.bit,0D02918F7803A7885F611E15566CDE14D531B2ADE0525231065884F7D0583BD2,,nominal_board_power,,,,,,,,,,,,,,,,,,missing,,,,,
E:\Project\MLDSA\RO_TRNG\data\hardware\20260511_fpga1_board1\metadata\random1_ro_freq_fixed_run01_2mib.json,random1_ro_freq_fixed_run01_2mib,,raw,E:\Project\MLDSA\RO_TRNG\data\hardware\20260511_fpga1_board1\ro_freq\random1_ro_freq_fixed_run01_2mib.bin,2097152,2097152,2097152,2026-05-13 21:52:39,2026-05-13 22:00:31,471.407,COM3,115200,data\vivado_runs\fpga1_ro_freq_probe_fixed\random1_seed1_x36y35\RO_FREQ_trng_probe_top.bit,2E06E59CF3A38BB3C4B4BD5CFFF2409A9C8A19FD4BF3B25B048EBAF00273E3BB,,nominal_board_power,,,,,,,,,,,,,,,,,,missing,,,,,
E:\Project\MLDSA\RO_TRNG\data\hardware\20260511_fpga1_board1\metadata\random1_ro_freq_fixed_run01_5mib.json,random1_ro_freq_fixed_run01_5mib,,raw,E:\Project\MLDSA\RO_TRNG\data\hardware\20260511_fpga1_board1\ro_freq\random1_ro_freq_fixed_run01_5mib.bin,5242880,5242880,5242880,2026-05-13 21:37:15,2026-05-13 21:51:16,841.784,COM3,115200,data\vivado_runs\fpga1_ro_freq_probe_fixed\random1_seed1_x36y35\RO_FREQ_trng_probe_top.bit,6335EB4D1B9459FC52D3BE1D4DE53FC5BC8A0EC119E6A47E9D3BE5ED297C8C39,,nominal_board_power,,,,,,,,,,,,,,,,,,missing,,,,,
E:\Project\MLDSA\RO_TRNG\data\hardware\20260511_fpga1_board1\metadata\random1_ro_freq_fixed_run02_2mib.json,random1_ro_freq_fixed_run02_2mib,,raw,E:\Project\MLDSA\RO_TRNG\data\hardware\20260511_fpga1_board1\ro_freq\random1_ro_freq_fixed_run02_2mib.bin,2097152,2097152,2097152,2026-05-14 00:18:26,2026-05-14 00:21:29,183.187,COM3,115200,data\vivado_runs\fpga1_ro_freq_probe_fixed\random1_seed1_x36y35\RO_FREQ_trng_probe_top.bit,F50BCADAFFB4C485D5F44F45838EA79026597BC3B7B3331570F35E4A7B509605,,nominal_board_power,,,,,,,,,,,,,,,,,,missing,,,,,
E:\Project\MLDSA\RO_TRNG\data\hardware\20260511_fpga1_board1\metadata\random1_ro_freq_fixed_run03_2mib.json,random1_ro_freq_fixed_run03_2mib,,raw,E:\Project\MLDSA\RO_TRNG\data\hardware\20260511_fpga1_board1\ro_freq\random1_ro_freq_fixed_run03_2mib.bin,2097152,2097152,2097152,2026-05-14 00:27:19,2026-05-14 00:33:48,389.26,COM3,115200,data\vivado_runs\fpga1_ro_freq_probe_fixed\random1_seed1_x36y35\RO_FREQ_trng_probe_top.bit,5FBD18746E87181BEBEAF6ABA1F435E108FD75A30CB2FA9DEE335945A805992A,,nominal_board_power,,,,,,,,,,,,,,,,,,missing,,,,,
E:\Project\MLDSA\RO_TRNG\data\hardware\20260511_fpga1_board1\metadata\random1_ro_freq_fixed_run04_5mib.json,random1_ro_freq_fixed_run04_5mib,,raw,E:\Project\MLDSA\RO_TRNG\data\hardware\20260511_fpga1_board1\ro_freq\random1_ro_freq_fixed_run04_5mib.bin,5242880,5242880,5242880,2026-05-14 13:58:17,2026-05-14 14:18:19,1201.822,COM3,115200,data\vivado_runs\fpga1_ro_freq_probe_fixed\random1_seed1_x36y35\RO_FREQ_trng_probe_top.bit,51572F5B4E30268453B7F06E8A4035258BD7B619ECA07D93FC114CA8EB79375D,,nominal_board_power,,,,,,,,,,,,,,,,,,missing,,,,,
E:\Project\MLDSA\RO_TRNG\data\hardware\20260511_fpga1_board1\metadata\random1_ro_freq_fixed_smoke01_512k.json,random1_ro_freq_fixed_smoke01_512k,,raw,E:\Project\MLDSA\RO_TRNG\data\hardware\20260511_fpga1_board1\ro_freq\random1_ro_freq_fixed_smoke01_512k.bin,524288,524288,524288,2026-05-13 21:28:52,2026-05-13 21:29:38,46.005,COM3,115200,data\vivado_runs\fpga1_ro_freq_probe_fixed\random1_seed1_x36y35\RO_FREQ_trng_probe_top.bit,F0E280B401EBBB72577DBF9EC96EB8876E077C078C4111EDD9FDC7E1EBC6CEF1,,nominal_board_power,,,,,,,,,,,,,,,,,,missing,,,,,
E:\Project\MLDSA\RO_TRNG\data\hardware\20260511_fpga1_board1\metadata\random1_ro_freq_run01_2mib.json,random1_ro_freq_run01_2mib,,raw,E:\Project\MLDSA\RO_TRNG\data\hardware\20260511_fpga1_board1\ro_freq\random1_ro_freq_run01_2mib.bin,2097152,2097152,2097152,2026-05-13 21:16:07,2026-05-13 21:19:09,182.338,COM3,115200,data\vivado_runs\fpga1_ro_freq_probe\random1_seed1_x36y35\RO_FREQ_trng_probe_top.bit,08717B60A524112830E81E61E166D43B14D45A143C6197F02421C8B6BA72D21C,,nominal_board_power,,,,,,,,,,,,,,,,,,missing,,,,,
E:\Project\MLDSA\RO_TRNG\data\hardware\20260511_fpga1_board1\metadata\random1_run01.json,random1_run01,,trng,E:\Project\MLDSA\RO_TRNG\data\hardware\20260511_fpga1_board1\trng\random1_run01.bin,10485760,10485760,10485760,2026-05-12 00:39:08,2026-05-12 00:54:18,910.621,COM3,115200,data\vivado_runs\fpga1_ro_trng_matrix\random_seed1_x36y35\seed_1\RO_TRNG_top.bit,48D17BAA35460C4FE9142D38E7DAAD4EF1FE8538D74186658AEC02D73F99C4E2,,nominal_board_power,,,,,,,,,,,,,,,,,,missing,,,,,
E:\Project\MLDSA\RO_TRNG\data\hardware\20260511_fpga1_board1\metadata\random1_sample_ro_local_x45y39_20mib_20260523.json,random1_sample_ro_local_x45y39_20mib_20260523,z7020_b01,trng,E:\Project\MLDSA\RO_TRNG\data\hardware\20260511_fpga1_board1\trng\random1_sample_ro_local_x45y39_20mib_20260523.bin,20971520,20971520,20971520,2026-05-23 14:16:21,2026-05-23 14:48:15,1913.937,COM3,115200,data\vivado_runs\fpga1_sampler_island\random1_sample_ro_local_x45y39\seed_1\RO_TRNG_top.bit,AAE827CD1ADA4A141526E40349B053F9457DD33632CC010CBDED68CD3394DCD8,46.4,nominal_board_power,E:\Project\MLDSA\RO_TRNG\data\experiments\xadc_summary\xadc_capture_log_20260523.csv,ok,2026-05-23 14:17:33,45.9,1.000,1.797,1.000,,,ok,2026-05-23 14:49:11,46.4,1.000,1.797,1.000,,,ok,0.5,0,0,0,
E:\Project\MLDSA\RO_TRNG\data\hardware\20260511_fpga1_board1\metadata\random1_sample_ro_local_x45y39_5mib_20260523.json,random1_sample_ro_local_x45y39_5mib_20260523,z7020_b01,trng,E:\Project\MLDSA\RO_TRNG\data\hardware\20260511_fpga1_board1\trng\random1_sample_ro_local_x45y39_5mib_20260523.bin,5242880,5242880,5242880,2026-05-23 01:31:52,2026-05-23 01:41:03,550.695,COM3,115200,data\vivado_runs\fpga1_sampler_island\random1_sample_ro_local_x45y39\seed_1\RO_TRNG_top.bit,92F950D292537F8DB86659BA76318C6A58394DE9CE07E10084605674C21091FF,46.0,nominal_board_power,E:\Project\MLDSA\RO_TRNG\data\experiments\xadc_summary\xadc_capture_log_20260523.csv,ok,,,,,,,,ok,2026-05-23 01:41:55,46.0,1.000,1.796,1.000,,,ok,,,,,
E:\Project\MLDSA\RO_TRNG\data\hardware\20260511_fpga1_board1\metadata\random1_sampler_island_local_x45y39_regs_x45y31_5mib_20260523.json,random1_sampler_island_local_x45y39_regs_x45y31_5mib_20260523,z7020_b01,trng,E:\Project\MLDSA\RO_TRNG\data\hardware\20260511_fpga1_board1\trng\random1_sampler_island_local_x45y39_regs_x45y31_5mib_20260523.bin,5242880,5242880,5242880,2026-05-23 01:42:34,2026-05-23 01:51:20,525.938,COM3,115200,data\vivado_runs\fpga1_sampler_island\random1_sampler_island_local_x45y39_regs_x45y31\seed_1\RO_TRNG_top.bit,CA356FEB02BD87BDDBE06BA855F282911401E36866893B767109426B55FAE434,45.9,nominal_board_power,E:\Project\MLDSA\RO_TRNG\data\experiments\xadc_summary\xadc_capture_log_20260523.csv,ok,2026-05-23 01:43:24,46.0,1.000,1.796,1.000,,,ok,2026-05-23 01:52:12,45.9,1.000,1.797,1.000,,,ok,-0.1,0,0.001,0,
E:\Project\MLDSA\RO_TRNG\data\hardware\20260511_fpga1_board1\metadata\random1_sampler_island_local_x45y39_regs_x45y31_program_20mib_20260523.json,random1_sampler_island_local_x45y39_regs_x45y31_program_20mib_20260523,z7020_b01,trng,E:\Project\MLDSA\RO_TRNG\data\hardware\20260511_fpga1_board1\trng\random1_sampler_island_local_x45y39_regs_x45y31_program_20mib_20260523.bin,20971520,20971520,20971520,2026-05-23 15:07:54,2026-05-23 15:39:24,1889.7,COM3,115200,data\vivado_runs\fpga1_sampler_island\random1_sampler_island_local_x45y39_regs_x45y31\seed_1\RO_TRNG_top.bit,C42E39A9BC46909105678F20EE918D054C82564FA344FA2F8E1A761D0E0D95E4,46.3,nominal_board_power,E:\Project\MLDSA\RO_TRNG\data\experiments\xadc_summary\xadc_capture_log_20260523,ok,2026-05-23 15:08:41,46.0,1.000,1.796,1.000,,,ok,2026-05-23 15:40:20,46.3,1.000,1.794,1.000,,,ok,0.3,0,-0.002,0,
E:\Project\MLDSA\RO_TRNG\data\hardware\20260511_fpga1_board1\metadata\random1_sampler_island_local_x45y39_regs_x45y31_program_5mib_20260523.json,random1_sampler_island_local_x45y39_regs_x45y31_program_5mib_20260523,z7020_b01,trng,E:\Project\MLDSA\RO_TRNG\data\hardware\20260511_fpga1_board1\trng\random1_sampler_island_local_x45y39_regs_x45y31_program_5mib_20260523.bin,5242880,5242880,5242880,2026-05-23 14:52:32,2026-05-23 15:01:14,521.674,COM3,115200,data\vivado_runs\fpga1_sampler_island\random1_sampler_island_local_x45y39_regs_x45y31\seed_1\RO_TRNG_top.bit,B75F4DEB921681767B801471EE523D1EC59A57841E3DD821F1CDA4EA94DFD999,46.3,nominal_board_power,E:\Project\MLDSA\RO_TRNG\data\experiments\xadc_summary\xadc_capture_log_20260523.csv,ok,2026-05-23 14:53:17,46.1,1.000,1.796,1.000,,,ok,2026-05-23 15:02:09,46.3,1.000,1.796,1.000,,,ok,0.2,0,0,0,
E:\Project\MLDSA\RO_TRNG\data\hardware\20260511_fpga1_board1\metadata\random1_smoke01.json,random1_smoke01,,trng,E:\Project\MLDSA\RO_TRNG\data\hardware\20260511_fpga1_board1\trng\random1_smoke01.bin,1048576,1048576,1048576,2026-05-12 00:29:29,2026-05-12 00:31:01,91.267,COM3,115200,data\vivado_runs\fpga1_ro_trng_matrix\random_seed1_x36y35\seed_1\RO_TRNG_top.bit,C13E08F07A091E999D6E196A17556BBC79B5EFB3C6F828A111CA13DDE337E436,,nominal_board_power,,,,,,,,,,,,,,,,,,missing,,,,,
E:\Project\MLDSA\RO_TRNG\data\hardware\20260511_fpga1_board1\metadata\random2_repeat02_5mib.json,random2_repeat02_5mib,,trng,E:\Project\MLDSA\RO_TRNG\data\hardware\20260511_fpga1_board1\trng\random2_repeat02_5mib.bin,5242880,5242880,5242880,2026-05-13 20:16:11,2026-05-13 20:23:47,455.416,COM3,115200,data\vivado_runs\fpga1_ro_trng_matrix\random_seed2_x36y35\seed_1\RO_TRNG_top.bit,BA89FBA3927D03108EFC6CC0506761055F1C3BBADB00083FBF9DF037D8CF0221,,nominal_board_power,,,,,,,,,,,,,,,,,,missing,,,,,
E:\Project\MLDSA\RO_TRNG\data\hardware\20260511_fpga1_board1\metadata\random2_repeat03_20mib.json,random2_repeat03_20mib,z7020_b01,trng,E:\Project\MLDSA\RO_TRNG\data\hardware\20260511_fpga1_board1\trng\random2_repeat03_20mib.bin,20971520,20971520,20971520,2026-05-22 20:28:25,2026-05-22 21:15:44,2839.361,COM3,115200,data\vivado_runs\fpga1_ro_trng_matrix\random_seed2_x36y35\seed_1\RO_TRNG_top.bit,201A5C9B48CAEE65A68B813F8C3ED1417D30691D264F304B0B4ED5C7FF6D5AB7,46.1,nominal_board_power,E:\Project\MLDSA\RO_TRNG\data\hardware\20260511_fpga1_board1\metadata\xadc_readings.csv,ok,2026-05-22 20:45:03,46.3,1.000,1.796,1.000,,,ok,2026-05-22 21:16:35,46.1,1.000,1.796,1.000,,,ok,-0.2,0,0,0,
E:\Project\MLDSA\RO_TRNG\data\hardware\20260511_fpga1_board1\metadata\random2_run01.json,random2_run01,,trng,E:\Project\MLDSA\RO_TRNG\data\hardware\20260511_fpga1_board1\trng\random2_run01.bin,10485760,10485760,10485760,2026-05-12 01:41:46,2026-05-12 02:02:16,1230.393,COM3,115200,data\vivado_runs\fpga1_ro_trng_matrix\random_seed2_x36y35\seed_1\RO_TRNG_top.bit,98F5AE37C7D727553F1221B78AC1A4301AB81D410C30CDF60D52DB71E641670B,,nominal_board_power,,,,,,,,,,,,,,,,,,missing,,,,,
E:\Project\MLDSA\RO_TRNG\data\hardware\20260511_fpga1_board1\metadata\random2_smoke01.json,random2_smoke01,,trng,E:\Project\MLDSA\RO_TRNG\data\hardware\20260511_fpga1_board1\trng\random2_smoke01.bin,1048576,1048576,1048576,2026-05-12 00:32:14,2026-05-12 00:33:45,91.26,COM3,115200,data\vivado_runs\fpga1_ro_trng_matrix\random_seed2_x36y35\seed_1\RO_TRNG_top.bit,EA3FFF59DA0D2871AA14382B9C5FC0FE0205A238FEB9FA8BACEA57730BBA88C2,,nominal_board_power,,,,,,,,,,,,,,,,,,missing,,,,,
E:\Project\MLDSA\RO_TRNG\data\hardware\20260511_fpga1_board1\metadata\random3_repeat02_5mib.json,random3_repeat02_5mib,,trng,E:\Project\MLDSA\RO_TRNG\data\hardware\20260511_fpga1_board1\trng\random3_repeat02_5mib.bin,5242880,5242880,5242880,2026-05-13 13:38:50,2026-05-13 13:46:25,455.434,COM3,115200,data\vivado_runs\fpga1_ro_trng_matrix\random_seed3_x36y35\seed_1\RO_TRNG_top.bit,3DC7AE9DFC0E718F87E2E4F851061F6D1817CDD72C0D3FA0798F3357D536D359,,nominal_board_power,,,,,,,,,,,,,,,,,,missing,,,,,
E:\Project\MLDSA\RO_TRNG\data\hardware\20260511_fpga1_board1\metadata\random3_repeat03.json,random3_repeat03,,trng,E:\Project\MLDSA\RO_TRNG\data\hardware\20260511_fpga1_board1\trng\random3_repeat03.bin,20971520,20971520,20971520,2026-05-14 13:11:51,2026-05-14 13:53:35,2503.542,COM3,115200,data\vivado_runs\fpga1_ro_trng_matrix\random_seed3_x36y35\seed_1\RO_TRNG_top.bit,25BB10AEB89CF743993498DEEA9606DF2EFF30CA40884710C3672CA9850A7DB4,,nominal_board_power,,,,,,,,,,,,,,,,,,missing,,,,,
E:\Project\MLDSA\RO_TRNG\data\hardware\20260511_fpga1_board1\metadata\random3_ro_freq_fixed_run01_2mib.json,random3_ro_freq_fixed_run01_2mib,,raw,E:\Project\MLDSA\RO_TRNG\data\hardware\20260511_fpga1_board1\ro_freq\random3_ro_freq_fixed_run01_2mib.bin,2097152,2097152,2097152,2026-05-13 22:03:24,2026-05-13 22:06:27,183.368,COM3,115200,data\vivado_runs\fpga1_ro_freq_probe_fixed\random3_seed3_x36y35\RO_FREQ_trng_probe_top.bit,AE6C877269AEA5679791B4E9F530CBCF1430F7CE9BE9438398C75426D6F0F2CA,,nominal_board_power,,,,,,,,,,,,,,,,,,missing,,,,,
E:\Project\MLDSA\RO_TRNG\data\hardware\20260511_fpga1_board1\metadata\random3_ro_freq_fixed_run01_5mib.json,random3_ro_freq_fixed_run01_5mib,,raw,E:\Project\MLDSA\RO_TRNG\data\hardware\20260511_fpga1_board1\ro_freq\random3_ro_freq_fixed_run01_5mib.bin,5242880,5242880,5242880,2026-05-14 00:41:46,2026-05-14 00:49:23,457.496,COM3,115200,data\vivado_runs\fpga1_ro_freq_probe_fixed\random3_seed3_x36y35\RO_FREQ_trng_probe_top.bit,D329B569C10858F860D2952221CEE1638BAEF05C88053A246DF58716CCBCCAB3,,nominal_board_power,,,,,,,,,,,,,,,,,,missing,,,,,
E:\Project\MLDSA\RO_TRNG\data\hardware\20260511_fpga1_board1\metadata\random3_ro_freq_fixed_run02_2mib.json,random3_ro_freq_fixed_run02_2mib,,raw,E:\Project\MLDSA\RO_TRNG\data\hardware\20260511_fpga1_board1\ro_freq\random3_ro_freq_fixed_run02_2mib.bin,2097152,2097152,2097152,2026-05-14 00:22:31,2026-05-14 00:25:34,183.397,COM3,115200,data\vivado_runs\fpga1_ro_freq_probe_fixed\random3_seed3_x36y35\RO_FREQ_trng_probe_top.bit,01C2AF1028088D83418F79EC2036DD69E0CB8CCD9F7481DC37235F905CFCCE62,,nominal_board_power,,,,,,,,,,,,,,,,,,missing,,,,,
E:\Project\MLDSA\RO_TRNG\data\hardware\20260511_fpga1_board1\metadata\random3_ro_freq_fixed_run03_2mib.json,random3_ro_freq_fixed_run03_2mib,,raw,E:\Project\MLDSA\RO_TRNG\data\hardware\20260511_fpga1_board1\ro_freq\random3_ro_freq_fixed_run03_2mib.bin,2097152,2097152,2097152,2026-05-14 00:37:34,2026-05-14 00:40:51,197.679,COM3,115200,data\vivado_runs\fpga1_ro_freq_probe_fixed\random3_seed3_x36y35\RO_FREQ_trng_probe_top.bit,6059CFC7470996E5FBB4209D0ECF92FA70D0294B3A473E7612E9DDA8F2B0F5F1,,nominal_board_power,,,,,,,,,,,,,,,,,,missing,,,,,
E:\Project\MLDSA\RO_TRNG\data\hardware\20260511_fpga1_board1\metadata\random3_ro_freq_fixed_run04_5mib.json,random3_ro_freq_fixed_run04_5mib,,raw,E:\Project\MLDSA\RO_TRNG\data\hardware\20260511_fpga1_board1\ro_freq\random3_ro_freq_fixed_run04_5mib.bin,5242880,5242880,5242880,2026-05-14 16:58:45,2026-05-14 17:49:15,3029.233,COM3,115200,data\vivado_runs\fpga1_ro_freq_probe_fixed\random3_seed3_x36y35\RO_FREQ_trng_probe_top.bit,F050AEEC5B7CE691A01C932F559DFD28E1A47AC259551A289AA45907AA7FFD40,,nominal_board_power,,,,,,,,,,,,,,,,,,missing,,,,,
E:\Project\MLDSA\RO_TRNG\data\hardware\20260511_fpga1_board1\metadata\random3_ro_freq_fixed_smoke01_512k.json,random3_ro_freq_fixed_smoke01_512k,,raw,E:\Project\MLDSA\RO_TRNG\data\hardware\20260511_fpga1_board1\ro_freq\random3_ro_freq_fixed_smoke01_512k.bin,524288,524288,524288,2026-05-13 21:32:26,2026-05-13 21:33:25,58.844,COM3,115200,data\vivado_runs\fpga1_ro_freq_probe_fixed\random3_seed3_x36y35\RO_FREQ_trng_probe_top.bit,C42BB8DF443DC3244CDD5523687AA75260334A52CB23657049BF3C519CE0E99E,,nominal_board_power,,,,,,,,,,,,,,,,,,missing,,,,,
E:\Project\MLDSA\RO_TRNG\data\hardware\20260511_fpga1_board1\metadata\random3_run01.json,random3_run01,,trng,E:\Project\MLDSA\RO_TRNG\data\hardware\20260511_fpga1_board1\trng\random3_run01.bin,10485760,10485760,10485760,2026-05-12 00:56:25,2026-05-12 01:11:36,910.55,COM3,115200,data\vivado_runs\fpga1_ro_trng_matrix\random_seed3_x36y35\seed_1\RO_TRNG_top.bit,42BA7D7466E4D8F3303EF544585AE322938FD9D83341B7F6A5F58E1439848C7D,,nominal_board_power,,,,,,,,,,,,,,,,,,missing,,,,,
E:\Project\MLDSA\RO_TRNG\data\hardware\20260511_fpga1_board1\metadata\random3_smoke01.json,random3_smoke01,,trng,E:\Project\MLDSA\RO_TRNG\data\hardware\20260511_fpga1_board1\trng\random3_smoke01.bin,1048576,1048576,1048576,2026-05-12 00:34:55,2026-05-12 00:36:26,91.274,COM3,115200,data\vivado_runs\fpga1_ro_trng_matrix\random_seed3_x36y35\seed_1\RO_TRNG_top.bit,287A0789DD7548DBC71BED5CFC05DDB88DE41465BE7B5A1D3C356D28486D0F00,,nominal_board_power,,,,,,,,,,,,,,,,,,missing,,,,,
E:\Project\MLDSA\RO_TRNG\data\hardware\20260511_fpga1_board1\metadata\ro_freq_random1_sample_x36y35_w100_baseline_2mib_20260523.json,ro_freq_random1_sample_x36y35_w100_baseline_2mib_20260523,z7020_b01,raw,E:\Project\MLDSA\RO_TRNG\data\hardware\20260511_fpga1_board1\ro_freq\ro_freq_random1_sample_x36y35_w100_baseline_2mib_20260523.bin,2097152,2097152,2097152,2026-05-23 14:06:01,2026-05-23 14:10:37,276.127,COM3,115200,data\vivado_runs\fpga1_ro_freq_probe_fixed\random1_seed1_x36y35\RO_FREQ_trng_probe_top.bit,1160F570C8A6F38187405E051CC04B448A6ECA4C79DFC90DBEFD54EB25F7968A,45.9,nominal_board_power,E:\Project\MLDSA\RO_TRNG\data\experiments\xadc_summary\xadc_capture_log_20260523.csv,ok,2026-05-23 14:07:12,45.9,1.000,1.797,1.000,,,ok,2026-05-23 14:11:42,45.9,1.000,1.797,1.000,,,ok,0,0,0,0,
E:\Project\MLDSA\RO_TRNG\data\hardware\20260511_fpga1_board1\metadata\ro_freq_random1_sample_x45y39_2mib_20260523.json,ro_freq_random1_sample_x45y39_2mib_20260523,z7020_b01,raw,E:\Project\MLDSA\RO_TRNG\data\hardware\20260511_fpga1_board1\ro_freq\ro_freq_random1_sample_x45y39_2mib_20260523.bin,2097152,2097152,2097152,2026-05-23 01:56:22,2026-05-23 02:00:39,256.942,COM3,115200,data\vivado_runs\fpga1_ro_freq_probe_fixed\random1_seed1_x36y35_sample_x45y39\RO_FREQ_trng_probe_top.bit,E6657C043A4A5C0EE0E5D576CA90228781FC468011CCE00B15CE554AA2FCE30B,45.8,nominal_board_power,E:\Project\MLDSA\RO_TRNG\data\experiments\xadc_summary\xadc_capture_log_20260523.csv,ok,2026-05-23 01:57:16,45.8,1.000,1.797,1.000,,,ok,2026-05-23 02:01:32,45.8,1.000,1.797,1.000,,,ok,0,0,0,0,
E:\Project\MLDSA\RO_TRNG\data\hardware\20260511_fpga1_board1\metadata\ro_freq_random1_sample_x45y39_2mib_program_20260523.json,ro_freq_random1_sample_x45y39_2mib_program_20260523,z7020_b01,raw,E:\Project\MLDSA\RO_TRNG\data\hardware\20260511_fpga1_board1\ro_freq\ro_freq_random1_sample_x45y39_2mib_program_20260523.bin,2097152,2097152,2097152,2026-05-23 02:04:29,2026-05-23 02:11:18,408.886,COM3,115200,data\vivado_runs\fpga1_ro_freq_probe_fixed\random1_seed1_x36y35_sample_x45y39\RO_FREQ_trng_probe_top.bit,8B197D90739564F6311C47B6CBA3323830A0A87C0EAC1E5D1046537900C7B0D8,45.4,nominal_board_power,E:\Project\MLDSA\RO_TRNG\data\experiments\xadc_summary\xadc_capture_log_20260523.csv,ok,2026-05-23 02:05:24,45.8,1.000,1.797,1.000,,,ok,2026-05-23 02:12:13,45.4,1.000,1.797,1.000,,,ok,-0.4,0,0,0,
E:\Project\MLDSA\RO_TRNG\data\hardware\20260511_fpga1_board1\metadata\ro_freq_random1_sample_x45y39_w100_2mib_20260523.json,ro_freq_random1_sample_x45y39_w100_2mib_20260523,z7020_b01,raw,E:\Project\MLDSA\RO_TRNG\data\hardware\20260511_fpga1_board1\ro_freq\ro_freq_random1_sample_x45y39_w100_2mib_20260523.bin,2097152,2097152,2097152,2026-05-23 02:19:23,2026-05-23 02:23:41,258.818,COM3,115200,data\vivado_runs\fpga1_ro_freq_probe_fixed\random1_seed1_x36y35_sample_x45y39_w100\RO_FREQ_trng_probe_top.bit,1A3733779995548E211C77ED596EBA9EBF2DDBB650B262906AC1A846CD18BEB6,45.8,nominal_board_power,E:\Project\MLDSA\RO_TRNG\data\experiments\xadc_summary\xadc_capture_log_20260523.csv,ok,2026-05-23 02:20:17,45.4,1.000,1.796,1.000,,,ok,2026-05-23 02:24:44,45.8,1.000,1.797,1.000,,,ok,0.4,0,0.001,0,
E:\Project\MLDSA\RO_TRNG\data\hardware\20260511_fpga1_board1\metadata\row_repeat02_5mib.json,row_repeat02_5mib,,trng,E:\Project\MLDSA\RO_TRNG\data\hardware\20260511_fpga1_board1\trng\row_repeat02_5mib.bin,5242880,5242880,5242880,2026-05-13 15:34:12,2026-05-13 15:42:10,478.293,COM3,115200,data\vivado_runs\fpga1_ro_trng_matrix\row_pitch3_x38y43\seed_1\RO_TRNG_top.bit,317A01D9FF318A68850B7A40F7321606B1818AB6D5CD1096275955611AA805BC,,nominal_board_power,,,,,,,,,,,,,,,,,,missing,,,,,
E:\Project\MLDSA\RO_TRNG\data\hardware\20260511_fpga1_board1\metadata\row_repeat03_20mib.json,row_repeat03_20mib,z7020_b01,trng,E:\Project\MLDSA\RO_TRNG\data\hardware\20260511_fpga1_board1\trng\row_repeat03_20mib.bin,20971520,20971520,20971520,2026-05-22 21:01:55,2026-05-22 21:49:14,2839.361,COM3,115200,data\vivado_runs\fpga1_ro_trng_matrix\row_pitch3_x38y43\seed_1\RO_TRNG_top.bit,7422E7EAF71267F8195433FA4DD1B3350B6C647D3BAD7493B758C37FD3B96290,45.8,nominal_board_power,E:\Project\MLDSA\RO_TRNG\data\hardware\20260511_fpga1_board1\metadata\xadc_readings.csv,ok,2026-05-22 21:18:32,45.9,1.000,1.796,1.000,,,ok,2026-05-22 21:49:57,45.8,1.000,1.796,1.000,,,ok,-0.1,0,0,0,
E:\Project\MLDSA\RO_TRNG\data\hardware\20260511_fpga1_board1\metadata\row_run01.json,row_run01,,trng,E:\Project\MLDSA\RO_TRNG\data\hardware\20260511_fpga1_board1\trng\row_run01.bin,10485760,10485760,10485760,2026-05-12 01:16:20,2026-05-12 01:37:51,1290.953,COM3,115200,data\vivado_runs\fpga1_ro_trng_matrix\row_pitch3_x38y43\seed_1\RO_TRNG_top.bit,2A3D04A19180AC5EF47351B7CBD608D781A9F2BD302690FDE4D9B2E8A18497AD,,nominal_board_power,,,,,,,,,,,,,,,,,,missing,,,,,
E:\Project\MLDSA\RO_TRNG\data\hardware\20260511_fpga1_board1\metadata\row_smoke01.json,row_smoke01,,trng,E:\Project\MLDSA\RO_TRNG\data\hardware\20260511_fpga1_board1\trng\row_smoke01.bin,1048576,1048576,1048576,2026-05-12 00:23:42,2026-05-12 00:25:14,91.284,COM3,115200,data\vivado_runs\fpga1_ro_trng_matrix\row_pitch3_x38y43\seed_1\RO_TRNG_top.bit,B879BC61FD8D3513A862EA1D30E60AD60693788CD815F4B5F478A67434463ED4,,nominal_board_power,,,,,,,,,,,,,,,,,,missing,,,,,
E:\Project\MLDSA\RO_TRNG\data\hardware\20260511_fpga1_board1\metadata\same_column_repeat02_5mib.json,same_column_repeat02_5mib,,trng,E:\Project\MLDSA\RO_TRNG\data\hardware\20260511_fpga1_board1\trng\same_column_repeat02_5mib.bin,5242880,5242880,5242880,2026-05-13 21:03:02,2026-05-13 21:11:42,520.545,COM3,115200,data\vivado_runs\fpga1_ro_trng_matrix\same_column_pitch3_x44y35\seed_1\RO_TRNG_top.bit,1EA95A632173BEE21F6E731B6F992F30E90E3C30356D6E87EDA0F014948E4787,,nominal_board_power,,,,,,,,,,,,,,,,,,missing,,,,,
E:\Project\MLDSA\RO_TRNG\data\hardware\20260511_fpga1_board1\metadata\same_column_repeat03_20mib.json,same_column_repeat03_20mib,z7020_b01,trng,E:\Project\MLDSA\RO_TRNG\data\hardware\20260511_fpga1_board1\trng\same_column_repeat03_20mib.bin,20971520,20971520,20971520,2026-05-22 16:24:23,2026-05-22 17:11:42,2839.361,COM3,115200,data\vivado_runs\fpga1_ro_trng_matrix\same_column_pitch3_x44y35\seed_1\RO_TRNG_top.bit,4D4F4B8ACFC90CA5329BC710FFAF4CF9CC5A12F247FAFB4D4F102F89978E083A,46.3,nominal_board_power,E:\Project\MLDSA\RO_TRNG\data\hardware\20260511_fpga1_board1\metadata\xadc_readings.csv,ok,2026-05-22 16:40:59,46.3,1.000,1.795,1.000,,,ok,2026-05-22 17:12:25,46.3,1.000,1.796,1.001,,,ok,0,0,0.001,0.001,
E:\Project\MLDSA\RO_TRNG\data\hardware\20260511_fpga1_board1\metadata\same_column_run01.json,same_column_run01,,trng,E:\Project\MLDSA\RO_TRNG\data\hardware\20260511_fpga1_board1\trng\same_column_run01.bin,10485760,10485760,10485760,2026-05-12 23:22:23,2026-05-12 23:52:09,1786.044,COM3,115200,data\vivado_runs\fpga1_ro_trng_matrix\same_column_pitch3_x44y35\seed_1\RO_TRNG_top.bit,C7D7D252A804D8FF652BA76815FA59367ABE02BC7EEC39BFFB00FAA45D14E9E5,,nominal_board_power,,,,,,,,,,,,,,,,,,missing,,,,,
E:\Project\MLDSA\RO_TRNG\data\hardware\20260511_fpga1_board1\metadata\same_column_smoke01.json,same_column_smoke01,,trng,E:\Project\MLDSA\RO_TRNG\data\hardware\20260511_fpga1_board1\trng\same_column_smoke01.bin,1048576,1048576,1048576,2026-05-12 00:21:04,2026-05-12 00:22:35,91.28,COM3,115200,data\vivado_runs\fpga1_ro_trng_matrix\same_column_pitch3_x44y35\seed_1\RO_TRNG_top.bit,289D86E8481A104C3B724E6A2D432A23550C3F694B1331F0ED5171637DEAD49A,,nominal_board_power,,,,,,,,,,,,,,,,,,missing,,,,,
E:\Project\MLDSA\RO_TRNG\data\hardware\20260511_fpga1_board1\metadata\sparse_repeat02_5mib.json,sparse_repeat02_5mib,,trng,E:\Project\MLDSA\RO_TRNG\data\hardware\20260511_fpga1_board1\trng\sparse_repeat02_5mib.bin,5242880,5242880,5242880,2026-05-13 13:56:32,2026-05-13 14:04:08,455.394,COM3,115200,data\vivado_runs\fpga1_ro_trng_matrix\sparse_pitch6_x36y35\seed_1\RO_TRNG_top.bit,DC9AC7B1EC34F7A64EC8530BAC3C59F5D3D3BEA81ECD7D796E21834FF4BE41B5,,nominal_board_power,,,,,,,,,,,,,,,,,,missing,,,,,
E:\Project\MLDSA\RO_TRNG\data\hardware\20260511_fpga1_board1\metadata\sparse_repeat03_20mib.json,sparse_repeat03_20mib,z7020_b01,trng,E:\Project\MLDSA\RO_TRNG\data\hardware\20260511_fpga1_board1\trng\sparse_repeat03_20mib.bin,20971520,20971520,20971520,2026-05-22 16:58:06,2026-05-22 17:45:25,2839.361,COM3,115200,data\vivado_runs\fpga1_ro_trng_matrix\sparse_pitch6_x36y35\seed_1\RO_TRNG_top.bit,D8901B892ED4B24AA36F323F50FDFD5E08F4D9EA4C6B677DE9E6526F273F3EA0,46.1,nominal_board_power,E:\Project\MLDSA\RO_TRNG\data\hardware\20260511_fpga1_board1\metadata\xadc_readings.csv,ok,2026-05-22 17:14:43,46.4,1.000,1.796,1.000,,,ok,2026-05-22 17:46:30,46.1,1.000,1.797,1.000,,,ok,-0.3,0,0.001,0,
E:\Project\MLDSA\RO_TRNG\data\hardware\20260511_fpga1_board1\metadata\sparse_run01.json,sparse_run01,,trng,E:\Project\MLDSA\RO_TRNG\data\hardware\20260511_fpga1_board1\trng\sparse_run01.bin,10485760,10485760,10485760,2026-05-11 22:27:59,2026-05-11 23:00:09,1930.272,COM3,115200,data\vivado_runs\fpga1_ro_trng_matrix\sparse_pitch6_x36y35\seed_1\RO_TRNG_top.bit,3F7A3B491848262BFF1C3AE8E9A136C2226227B0C1B27DA796227B6F2E2A5791,,nominal_board_power,,,,,,,,,,,,,,,,,,missing,,,,,
E:\Project\MLDSA\RO_TRNG\data\hardware\20260511_fpga1_board1\metadata\sparse_smoke01.json,sparse_smoke01,,trng,E:\Project\MLDSA\RO_TRNG\data\hardware\20260511_fpga1_board1\trng\sparse_smoke01.bin,1048576,1048576,1048576,2026-05-11 22:14:30,2026-05-11 22:16:02,92.75,COM3,115200,data\vivado_runs\fpga1_ro_trng_matrix\sparse_pitch6_x36y35\seed_1\RO_TRNG_top.bit,9817D11A03A3A1503E04330109B03D12CEAB972ADC1A78532C7B4B2753CC4C3E,,nominal_board_power,,,,,,,,,,,,,,,,,,missing,,,,,
E:\Project\MLDSA\RO_TRNG\data\hardware\20260511_fpga1_board1\metadata\tdc_far_run01.json,tdc_far_run01,,tdc,E:\Project\MLDSA\RO_TRNG\data\hardware\20260511_fpga1_board1\tdc\tdc_far_run01.bin,2097152,2097152,2097152,2026-05-11 21:16:03,2026-05-11 21:20:14,250.998,COM3,115200,data\vivado_runs\fpga1_tdc_matrix\tdc_ro_far_x24y25\RO_TDC_sysclk_top.bit,21048C6E2B450076540BAD06FB7C9C4EEE6EFE38073969076E6FA8DAEBC01AAC,,nominal_board_power,,,,,,,,,,,,,,,,,,missing,,,,,
E:\Project\MLDSA\RO_TRNG\data\hardware\20260511_fpga1_board1\metadata\tdc_far_run02_2mib.json,tdc_far_run02_2mib,,tdc,E:\Project\MLDSA\RO_TRNG\data\hardware\20260511_fpga1_board1\tdc\tdc_far_run02_2mib.bin,2097152,2097152,2097152,2026-05-14 00:54:12,2026-05-14 00:57:15,182.311,COM3,115200,data\vivado_runs\fpga1_tdc_matrix\tdc_ro_far_x24y25\RO_TDC_sysclk_top.bit,718EE320049BFB76F5336F2160E837544B7043F1932F3E2900DB8F606DE24340,,nominal_board_power,,,,,,,,,,,,,,,,,,missing,,,,,
E:\Project\MLDSA\RO_TRNG\data\hardware\20260511_fpga1_board1\metadata\tdc_near_run01.json,tdc_near_run01,,tdc,E:\Project\MLDSA\RO_TRNG\data\hardware\20260511_fpga1_board1\tdc\tdc_near_run01.bin,2097152,2097152,2097152,2026-05-11 20:43:53,2026-05-11 20:48:23,269.111,COM3,115200,data\vivado_runs\fpga1_tdc_matrix\tdc_ro_near_x36y35\RO_TDC_sysclk_top.bit,9F0E048E0F25B0EA8353CE0C824535AB8D6C22A5D6AD083034CAE7BBB2AF1F14,,nominal_board_power,,,,,,,,,,,,,,,,,,missing,,,,,
E:\Project\MLDSA\RO_TRNG\data\hardware\20260511_fpga1_board1\metadata\tdc_near_run02.json,tdc_near_run02,,tdc,E:\Project\MLDSA\RO_TRNG\data\hardware\20260511_fpga1_board1\tdc\tdc_near_run02.bin,2097152,2097152,2097152,2026-05-11 20:55:39,2026-05-11 20:58:41,182.508,COM3,115200,data\vivado_runs\fpga1_tdc_matrix\tdc_ro_near_x36y35\RO_TDC_sysclk_top.bit,776F90E480B7D9A45874861DAFBAAE9D627C7A562EBE72D299C9911B58D4D910,,nominal_board_power,,,,,,,,,,,,,,,,,,missing,,,,,
E:\Project\MLDSA\RO_TRNG\data\hardware\20260511_fpga1_board1\metadata\tdc_near_run03_2mib.json,tdc_near_run03_2mib,,tdc,E:\Project\MLDSA\RO_TRNG\data\hardware\20260511_fpga1_board1\tdc\tdc_near_run03_2mib.bin,2097152,2097152,2097152,2026-05-14 00:50:19,2026-05-14 00:53:21,182.374,COM3,115200,data\vivado_runs\fpga1_tdc_matrix\tdc_ro_near_x36y35\RO_TDC_sysclk_top.bit,8DB82A80441A0AC1633FEBB1ED41A129E36207E7C380866F0332414B7C7602EC,,nominal_board_power,,,,,,,,,,,,,,,,,,missing,,,,,
E:\Project\MLDSA\RO_TRNG\data\hardware\20260511_fpga1_board1\metadata\tdc_near_smoke03.json,tdc_near_smoke03,,tdc,E:\Project\MLDSA\RO_TRNG\data\hardware\20260511_fpga1_board1\tdc\tdc_near_smoke03.bin,1024,1024,1024,2026-05-11 20:42:51,2026-05-11 20:42:51,0.532,COM3,115200,data\vivado_runs\fpga1_tdc_matrix\tdc_ro_near_x36y35\RO_TDC_sysclk_top.bit,8394AC44CFE877C4E5F070C1169BA2D58AE26BCE3B2382B646122982E42284BA,,nominal_board_power,,,,,,,,,,,,,,,,,,missing,,,,,
E:\Project\MLDSA\RO_TRNG\data\hardware\20260511_fpga1_board1\metadata\tdc_near_smoke_direct01.json,tdc_near_smoke_direct01,,tdc,E:\Project\MLDSA\RO_TRNG\data\hardware\20260511_fpga1_board1\tdc\tdc_near_smoke_direct01.bin,1024,1024,1024,2026-05-11 20:55:09,2026-05-11 20:55:09,0.365,COM3,115200,data\vivado_runs\fpga1_tdc_matrix\tdc_ro_near_x36y35\RO_TDC_sysclk_top.bit,E6547430D53B1CFE385404EC8E8024E97CB15B3EE0484FD7E9F29AA7FB45D9D1,,nominal_board_power,,,,,,,,,,,,,,,,,,missing,,,,,
E:\Project\MLDSA\RO_TRNG\data\hardware\20260511_fpga1_board1\metadata\tdc_pair_random1_ro0_ro1_repeat02_2mib.json,tdc_pair_random1_ro0_ro1_repeat02_2mib,z7020_b01,tdc,E:\Project\MLDSA\RO_TRNG\data\hardware\20260511_fpga1_board1\tdc_pairs\tdc_pair_random1_ro0_ro1_repeat02_2mib.bin,2097152,2097152,2097152,2026-05-23 00:29:04,2026-05-23 00:34:06,302.086,COM3,115200,data\vivado_runs\fpga1_tdc_pairs\random1_ro0_ro1\RO_TDC_pair_sysclk_top.bit,098861990433D9B245D274F6E4C43DBD67A4D2D7EBDA957346F0A3AEA824B52E,46.3,nominal_board_power,E:\Project\MLDSA\RO_TRNG\data\hardware\20260511_fpga1_board1\metadata\xadc_readings.csv,ok,2026-05-23 00:30:42,46.3,1.000,1.796,1.000,,,ok,2026-05-23 00:35:31,46.3,1.000,1.795,1.000,,,ok,0,0,-0.001,0,
E:\Project\MLDSA\RO_TRNG\data\hardware\20260511_fpga1_board1\metadata\tdc_pair_random1_ro0_ro1_run01_2mib.json,tdc_pair_random1_ro0_ro1_run01_2mib,,tdc,E:\Project\MLDSA\RO_TRNG\data\hardware\20260511_fpga1_board1\tdc_pairs\tdc_pair_random1_ro0_ro1_run01_2mib.bin,2097152,2097152,2097152,2026-05-14 03:02:48,2026-05-14 03:10:36,468.138,COM3,115200,data\vivado_runs\fpga1_tdc_pairs\random1_ro0_ro1\RO_TDC_pair_sysclk_top.bit,60C146F5EBB115C34A39F1773E3B91DF9C9293EB4EFD11F706B1CB791F46D159,,nominal_board_power,,,,,,,,,,,,,,,,,,missing,,,,,
E:\Project\MLDSA\RO_TRNG\data\hardware\20260511_fpga1_board1\metadata\tdc_pair_random1_ro2_ro4_repeat02_2mib.json,tdc_pair_random1_ro2_ro4_repeat02_2mib,z7020_b01,tdc,E:\Project\MLDSA\RO_TRNG\data\hardware\20260511_fpga1_board1\tdc_pairs\tdc_pair_random1_ro2_ro4_repeat02_2mib.bin,2097152,2097152,2097152,2026-05-23 00:37:07,2026-05-23 00:41:33,265.079,COM3,115200,data\vivado_runs\fpga1_tdc_pairs\random1_ro2_ro4\RO_TDC_pair_sysclk_top.bit,25CF2C777ECB6D6D35F1B77864B7C8B58EB2AE97FD6DFE23C9F29D184BD9ED81,46.4,nominal_board_power,E:\Project\MLDSA\RO_TRNG\data\hardware\20260511_fpga1_board1\metadata\xadc_readings.csv,ok,2026-05-23 00:38:09,46.3,1.000,1.796,1.000,,,ok,2026-05-23 00:42:45,46.4,1.000,1.795,1.000,,,ok,0.1,0,-0.001,0,
E:\Project\MLDSA\RO_TRNG\data\hardware\20260511_fpga1_board1\metadata\tdc_pair_random1_ro2_ro4_run01_2mib.json,tdc_pair_random1_ro2_ro4_run01_2mib,,tdc,E:\Project\MLDSA\RO_TRNG\data\hardware\20260511_fpga1_board1\tdc_pairs\tdc_pair_random1_ro2_ro4_run01_2mib.bin,2097152,2097152,2097152,2026-05-14 03:13:20,2026-05-14 03:28:33,912.224,COM3,115200,data\vivado_runs\fpga1_tdc_pairs\random1_ro2_ro4\RO_TDC_pair_sysclk_top.bit,60050B9158B8BE69EF51C093BCBED2F91DFC010A6B54C4B2A7A475D8C0ED577F,,nominal_board_power,,,,,,,,,,,,,,,,,,missing,,,,,
E:\Project\MLDSA\RO_TRNG\data\hardware\20260511_fpga1_board1\metadata\tdc_pair_random1_ro4_ro5_repeat02_2mib.json,tdc_pair_random1_ro4_ro5_repeat02_2mib,z7020_b01,tdc,E:\Project\MLDSA\RO_TRNG\data\hardware\20260511_fpga1_board1\tdc_pairs\tdc_pair_random1_ro4_ro5_repeat02_2mib.bin,2097152,2097152,2097152,2026-05-23 00:19:53,2026-05-23 00:25:30,337.152,COM3,115200,data\vivado_runs\fpga1_tdc_pairs\random1_ro4_ro5\RO_TDC_pair_sysclk_top.bit,1045D27B383D613F86B4143D9E88D90C3080744D4E41F9BFDA3F7BC7C5BB53A7,46.4,nominal_board_power,E:\Project\MLDSA\RO_TRNG\data\hardware\20260511_fpga1_board1\metadata\xadc_readings.csv,ok,2026-05-23 00:21:49,46.0,0.999,1.795,1.000,,,ok,2026-05-23 00:27:11,46.4,1.000,1.796,1.000,,,ok,0.4,0.001,0.001,0,
E:\Project\MLDSA\RO_TRNG\data\hardware\20260511_fpga1_board1\metadata\tdc_pair_random1_ro4_ro5_run01_2mib.json,tdc_pair_random1_ro4_ro5_run01_2mib,,tdc,E:\Project\MLDSA\RO_TRNG\data\hardware\20260511_fpga1_board1\tdc_pairs\tdc_pair_random1_ro4_ro5_run01_2mib.bin,2097152,2097152,2097152,2026-05-14 02:45:14,2026-05-14 02:58:56,821.881,COM3,115200,data\vivado_runs\fpga1_tdc_pairs\random1_ro4_ro5\RO_TDC_pair_sysclk_top.bit,D222624ED2D53ADEF8820A4CAA48B6211386A8BD6A696E0F5B40449BCBAAB1BF,,nominal_board_power,,,,,,,,,,,,,,,,,,missing,,,,,
E:\Project\MLDSA\RO_TRNG\data\hardware\20260511_fpga1_board1\metadata\tdc_pair_random3_ro0_ro6_repeat02_2mib.json,tdc_pair_random3_ro0_ro6_repeat02_2mib,z7020_b01,tdc,E:\Project\MLDSA\RO_TRNG\data\hardware\20260511_fpga1_board1\tdc_pairs\tdc_pair_random3_ro0_ro6_repeat02_2mib.bin,2097152,2097152,2097152,2026-05-23 00:57:15,2026-05-23 01:01:31,256.058,COM3,115200,data\vivado_runs\fpga1_tdc_pairs\random3_ro0_ro6\RO_TDC_pair_sysclk_top.bit,548167FDDE7180FD51877E0729815C3A97C462B30AA1CEA6370380022AC0F18A,46.3,nominal_board_power,E:\Project\MLDSA\RO_TRNG\data\hardware\20260511_fpga1_board1\metadata\xadc_readings.csv,ok,2026-05-23 00:58:07,46.1,1.000,1.796,1.000,,,ok,2026-05-23 01:02:26,46.3,1.000,1.797,1.000,,,ok,0.2,0,0.001,0,
E:\Project\MLDSA\RO_TRNG\data\hardware\20260511_fpga1_board1\metadata\tdc_pair_random3_ro0_ro6_run01_2mib.json,tdc_pair_random3_ro0_ro6_run01_2mib,,tdc,E:\Project\MLDSA\RO_TRNG\data\hardware\20260511_fpga1_board1\tdc_pairs\tdc_pair_random3_ro0_ro6_run01_2mib.bin,2097152,2097152,2097152,2026-05-14 11:45:52,2026-05-14 11:49:26,213.949,COM3,115200,data\vivado_runs\fpga1_tdc_pairs\random3_ro0_ro6\RO_TDC_pair_sysclk_top.bit,F663FC896E79F4371A37976891CCDAC82DBFF4B2EECF6F5F4C459EFE063389B0,,nominal_board_power,,,,,,,,,,,,,,,,,,missing,,,,,
E:\Project\MLDSA\RO_TRNG\data\hardware\20260511_fpga1_board1\metadata\tdc_pair_random3_ro3_ro5_repeat02_2mib.json,tdc_pair_random3_ro3_ro5_repeat02_2mib,z7020_b01,tdc,E:\Project\MLDSA\RO_TRNG\data\hardware\20260511_fpga1_board1\tdc_pairs\tdc_pair_random3_ro3_ro5_repeat02_2mib.bin,2097152,2097152,2097152,2026-05-23 00:50:54,2026-05-23 00:55:10,255.733,COM3,115200,data\vivado_runs\fpga1_tdc_pairs\random3_ro3_ro5\RO_TDC_pair_sysclk_top.bit,CCD0A2B89300251C011F72D577F50141AA2BA3451B90099D24881902E825EF8B,46.3,nominal_board_power,E:\Project\MLDSA\RO_TRNG\data\hardware\20260511_fpga1_board1\metadata\xadc_readings.csv,ok,2026-05-23 00:51:46,46.5,1.000,1.796,1.000,,,ok,2026-05-23 00:55:58,46.3,1.000,1.795,1.000,,,ok,-0.2,0,-0.001,0,
E:\Project\MLDSA\RO_TRNG\data\hardware\20260511_fpga1_board1\metadata\tdc_pair_random3_ro3_ro5_run01_2mib.json,tdc_pair_random3_ro3_ro5_run01_2mib,,tdc,E:\Project\MLDSA\RO_TRNG\data\hardware\20260511_fpga1_board1\tdc_pairs\tdc_pair_random3_ro3_ro5_run01_2mib.bin,2097152,2097152,2097152,2026-05-14 11:38:46,2026-05-14 11:41:52,186.262,COM3,115200,data\vivado_runs\fpga1_tdc_pairs\random3_ro3_ro5\RO_TDC_pair_sysclk_top.bit,58F3BC0FC69C94A170FCAC9B49127CB9C9AB4CD2C63812BCF11E715B5F6D809A,,nominal_board_power,,,,,,,,,,,,,,,,,,missing,,,,,
E:\Project\MLDSA\RO_TRNG\data\hardware\20260511_fpga1_board1\metadata\tdc_pair_random3_ro3_ro7_repeat02_2mib.json,tdc_pair_random3_ro3_ro7_repeat02_2mib,z7020_b01,tdc,E:\Project\MLDSA\RO_TRNG\data\hardware\20260511_fpga1_board1\tdc_pairs\tdc_pair_random3_ro3_ro7_repeat02_2mib.bin,2097152,2097152,2097152,2026-05-23 00:44:17,2026-05-23 00:48:41,263.145,COM3,115200,data\vivado_runs\fpga1_tdc_pairs\random3_ro3_ro7\RO_TDC_pair_sysclk_top.bit,6D67ACE1D09656129D48F072E43AD39DD55553D2F7A311B2296717166A04EC5D,46.4,nominal_board_power,E:\Project\MLDSA\RO_TRNG\data\hardware\20260511_fpga1_board1\metadata\xadc_readings.csv,ok,2026-05-23 00:45:17,46.4,1.000,1.796,1.000,,,ok,2026-05-23 00:49:31,46.4,1.000,1.795,1.000,,,ok,0,0,-0.001,0,
E:\Project\MLDSA\RO_TRNG\data\hardware\20260511_fpga1_board1\metadata\tdc_pair_random3_ro3_ro7_run01_2mib.json,tdc_pair_random3_ro3_ro7_run01_2mib,,tdc,E:\Project\MLDSA\RO_TRNG\data\hardware\20260511_fpga1_board1\tdc_pairs\tdc_pair_random3_ro3_ro7_run01_2mib.bin,2097152,2097152,2097152,2026-05-14 03:32:30,2026-05-14 03:45:06,756.488,COM3,115200,data\vivado_runs\fpga1_tdc_pairs\random3_ro3_ro7\RO_TDC_pair_sysclk_top.bit,C09913BD5ACB27A5EAFAA8C4AA4D1CF160758AF556676389B72CF2599D8201E3,,nominal_board_power,,,,,,,,,,,,,,,,,,missing,,,,,
E:\Project\MLDSA\RO_TRNG\data\hardware\20260511_fpga1_board1\metadata\tdc_sampler_data_random1_baseline_sample_x36y35_ro0_2mib.json,tdc_sampler_data_random1_baseline_sample_x36y35_ro0_2mib,z7020_b01,tdc,E:\Project\MLDSA\RO_TRNG\data\hardware\20260511_fpga1_board1\tdc_sampler_data\tdc_sampler_data_random1_baseline_sample_x36y35_ro0_2mib.bin,2097152,2097152,2097152,2026-05-23 17:18:08,2026-05-23 17:22:11,243.628,COM3,115200,data\vivado_runs\fpga1_tdc_sampler_data\tdc_sampler_data_random1_baseline_sample_x36y35_ro0\RO_TDC_pair_sysclk_top.bit,0ADF1FB3D1DF52CAA00C6D0FA10B9A1CB0258015AAF82C13684B689CFA6DD30C,46.9,nominal_board_power,E:\Project\MLDSA\RO_TRNG\data\experiments\xadc_summary\xadc_capture_log_20260523,ok,2026-05-23 17:18:48,46.6,1.000,1.795,1.000,,,ok,2026-05-23 17:22:56,46.9,1.000,1.797,1.000,,,ok,0.3,0,0.002,0,
E:\Project\MLDSA\RO_TRNG\data\hardware\20260511_fpga1_board1\metadata\tdc_sampler_data_random1_baseline_sample_x36y35_ro4_2mib.json,tdc_sampler_data_random1_baseline_sample_x36y35_ro4_2mib,z7020_b01,tdc,E:\Project\MLDSA\RO_TRNG\data\hardware\20260511_fpga1_board1\tdc_sampler_data\tdc_sampler_data_random1_baseline_sample_x36y35_ro4_2mib.bin,2097152,2097152,2097152,2026-05-23 20:51:58,2026-05-23 20:56:17,259.546,COM3,115200,data\vivado_runs\fpga1_tdc_sampler_data\tdc_sampler_data_random1_baseline_sample_x36y35_ro4\RO_TDC_pair_sysclk_top.bit,6DD091524FE0D0F3BBA51B5ABEDFE75D7CED65CFA932EACBAED0943C72588C5F,47.0,nominal_board_power,E:\Project\MLDSA\RO_TRNG\data\experiments\xadc_summary\xadc_capture_log_20260523,ok,2026-05-23 20:52:54,46.9,1.000,1.796,1.000,,,ok,2026-05-23 20:57:02,47.0,0.999,1.795,1.000,,,ok,0.1,-0.001,-0.001,0,
E:\Project\MLDSA\RO_TRNG\data\hardware\20260511_fpga1_board1\metadata\tdc_sampler_data_random1_local_sample_x45y39_ro0_2mib.json,tdc_sampler_data_random1_local_sample_x45y39_ro0_2mib,z7020_b01,tdc,E:\Project\MLDSA\RO_TRNG\data\hardware\20260511_fpga1_board1\tdc_sampler_data\tdc_sampler_data_random1_local_sample_x45y39_ro0_2mib.bin,2097152,2097152,2097152,2026-05-23 20:45:07,2026-05-23 20:49:37,269.292,COM3,115200,data\vivado_runs\fpga1_tdc_sampler_data\tdc_sampler_data_random1_local_sample_x45y39_ro0\RO_TDC_pair_sysclk_top.bit,56E50AB3805DB8378D39A48D7A3F9378DA87AA07EF37097A7822830CA515D21F,46.9,nominal_board_power,E:\Project\MLDSA\RO_TRNG\data\experiments\xadc_summary\xadc_capture_log_20260523,ok,2026-05-23 20:46:12,47.1,1.000,1.796,1.000,,,ok,2026-05-23 20:50:43,46.9,0.999,1.795,0.999,,,ok,-0.2,-0.001,-0.001,-0.001,
E:\Project\MLDSA\RO_TRNG\data\hardware\20260511_fpga1_board1\metadata\tdc_sampler_data_random1_local_sample_x45y39_ro4_2mib.json,tdc_sampler_data_random1_local_sample_x45y39_ro4_2mib,z7020_b01,tdc,E:\Project\MLDSA\RO_TRNG\data\hardware\20260511_fpga1_board1\tdc_sampler_data\tdc_sampler_data_random1_local_sample_x45y39_ro4_2mib.bin,2097152,2097152,2097152,2026-05-23 20:58:20,2026-05-23 21:02:39,259.204,COM3,115200,data\vivado_runs\fpga1_tdc_sampler_data\tdc_sampler_data_random1_local_sample_x45y39_ro4\RO_TDC_pair_sysclk_top.bit,254FB543412ED82197F29A86438B4273F96726D03C9A9BCAF59DBB9064DAE8CF,47.1,nominal_board_power,E:\Project\MLDSA\RO_TRNG\data\experiments\xadc_summary\xadc_capture_log_20260523,ok,2026-05-23 20:59:16,47.0,0.999,1.796,1.000,,,ok,2026-05-23 21:03:20,47.1,1.000,1.797,1.000,,,ok,0.1,0.001,0.001,0,
E:\Project\MLDSA\RO_TRNG\data\hardware\20260511_fpga1_board1\metadata\tdc_sampler_data_random3_sample_x36y35_ro0_2mib.json,tdc_sampler_data_random3_sample_x36y35_ro0_2mib,z7020_b01,tdc,E:\Project\MLDSA\RO_TRNG\data\hardware\20260511_fpga1_board1\tdc_sampler_data\tdc_sampler_data_random3_sample_x36y35_ro0_2mib.bin,2097152,2097152,2097152,2026-05-23 21:04:30,2026-05-23 21:08:34,243.898,COM3,115200,data\vivado_runs\fpga1_tdc_sampler_data\tdc_sampler_data_random3_sample_x36y35_ro0\RO_TDC_pair_sysclk_top.bit,C2E91D413DF646D39F1165C54F2A538746D12C5A0CBC5EE0E5E9B3697DC853D3,47.2,nominal_board_power,E:\Project\MLDSA\RO_TRNG\data\experiments\xadc_summary\xadc_capture_log_20260523,ok,2026-05-23 21:05:11,47.1,1.000,1.796,1.000,,,ok,2026-05-23 21:09:15,47.2,0.999,1.796,1.000,,,ok,0.1,-0.001,0,0,
E:\Project\MLDSA\RO_TRNG\data\hardware\20260511_fpga1_board1\metadata\tdc_sampler_data_random3_sample_x36y35_ro3_2mib.json,tdc_sampler_data_random3_sample_x36y35_ro3_2mib,z7020_b01,tdc,E:\Project\MLDSA\RO_TRNG\data\hardware\20260511_fpga1_board1\tdc_sampler_data\tdc_sampler_data_random3_sample_x36y35_ro3_2mib.bin,2097152,2097152,2097152,2026-05-23 21:10:26,2026-05-23 21:14:49,263.323,COM3,115200,data\vivado_runs\fpga1_tdc_sampler_data\tdc_sampler_data_random3_sample_x36y35_ro3\RO_TDC_pair_sysclk_top.bit,2CA47E613E54FD32959051650A805AD08F1BE9F60E430F2CA88FBE74B9C67CBE,47.4,nominal_board_power,E:\Project\MLDSA\RO_TRNG\data\experiments\xadc_summary\xadc_capture_log_20260523,ok,2026-05-23 21:11:26,47.0,0.999,1.795,1.000,,,ok,2026-05-23 21:15:30,47.4,1.000,1.796,1.000,,,ok,0.4,0.001,0.001,0,
E:\Project\MLDSA\RO_TRNG\data\hardware\20260511_fpga1_board1\restart\checker_restart_auto_formal_bits_1000x125_warmup0_header_delay60s_placement01_20260515.metadata.json,checker_restart_auto_formal_bits_1000x125_warmup0_header_delay60s_placement01_20260515,z7020_b01,,E:\Project\MLDSA\RO_TRNG\data\hardware\20260511_fpga1_board1\restart\checker_restart_auto_formal_bits_1000x125_warmup0_header_delay60s_placement01_20260515.bin,125000,,,2026-05-22 09:42:09,2026-05-22 09:45:38,209.799,COM3,115200,data\vivado_runs\restart_auto_checker_formal_bits_1000x125_warmup0_header_delay60s\RO_TRNG_restart_auto_top.bit,,,,E:\Project\MLDSA\RO_TRNG\data\hardware\20260511_fpga1_board1\restart\xadc_readings.csv,ok,2026-05-22 09:43:03,45.6,1.000,1.795,1.000,,,ok,2026-05-22 09:46:34,45.5,1.000,1.796,1.000,,,ok,-0.1,0,0.001,0,
E:\Project\MLDSA\RO_TRNG\data\hardware\20260511_fpga1_board1\restart\checker_restart_auto_formal_bits_1000x125_warmup0_header_delay60s_placement01_20260515_bps1_lsb.metadata.json,checker_restart_auto_formal_bits_1000x125_warmup0_header_delay60s_placement01_20260515_bps1_lsb.metadata,,,E:\Project\MLDSA\RO_TRNG\data\hardware\20260511_fpga1_board1\restart\checker_restart_auto_formal_bits_1000x125_warmup0_header_delay60s_placement01_20260515_bps1_lsb.bin,1000000,,,2026-05-22 09:46:56,2026-05-22 09:46:56,0.073,,,,,,,,,,,,,,,,,,,,,,,,missing,,,,,
E:\Project\MLDSA\RO_TRNG\data\hardware\20260511_fpga1_board1\restart\checker_restart_auto_formal_bits_1000x125_warmup0_header_delay60s_placement01_20260515_bps1_msb.metadata.json,checker_restart_auto_formal_bits_1000x125_warmup0_header_delay60s_placement01_20260515_bps1_msb.metadata,,,E:\Project\MLDSA\RO_TRNG\data\hardware\20260511_fpga1_board1\restart\checker_restart_auto_formal_bits_1000x125_warmup0_header_delay60s_placement01_20260515_bps1_msb.bin,1000000,,,2026-05-22 09:46:56,2026-05-22 09:46:56,0.076,,,,,,,,,,,,,,,,,,,,,,,,missing,,,,,
E:\Project\MLDSA\RO_TRNG\data\hardware\20260511_fpga1_board1\restart\checker_restart_auto_formal_bits_1000x125_warmup12_header_delay60s_placement01_20260515.metadata.json,checker_restart_auto_formal_bits_1000x125_warmup12_header_delay60s_placement01_20260515,z7020_b01,,E:\Project\MLDSA\RO_TRNG\data\hardware\20260511_fpga1_board1\restart\checker_restart_auto_formal_bits_1000x125_warmup12_header_delay60s_placement01_20260515.bin,125000,,,2026-05-22 09:49:24,2026-05-22 09:53:00,215.986,COM3,115200,data\vivado_runs\restart_auto_checker_formal_bits_1000x125_warmup12_header_delay60s\RO_TRNG_restart_auto_top.bit,,,,E:\Project\MLDSA\RO_TRNG\data\hardware\20260511_fpga1_board1\restart\xadc_readings.csv,ok,2026-05-22 09:50:22,45.8,1.000,1.796,1.000,,,ok,2026-05-22 09:53:57,45.5,1.000,1.796,1.000,,,ok,-0.3,0,0,0,
E:\Project\MLDSA\RO_TRNG\data\hardware\20260511_fpga1_board1\restart\checker_restart_auto_formal_bits_1000x125_warmup12_header_delay60s_placement01_20260515_bps1_lsb.metadata.json,checker_restart_auto_formal_bits_1000x125_warmup12_header_delay60s_placement01_20260515_bps1_lsb.metadata,,,E:\Project\MLDSA\RO_TRNG\data\hardware\20260511_fpga1_board1\restart\checker_restart_auto_formal_bits_1000x125_warmup12_header_delay60s_placement01_20260515_bps1_lsb.bin,1000000,,,2026-05-22 09:54:19,2026-05-22 09:54:19,0.072,,,,,,,,,,,,,,,,,,,,,,,,missing,,,,,
E:\Project\MLDSA\RO_TRNG\data\hardware\20260511_fpga1_board1\restart\checker_restart_auto_formal_bits_1000x125_warmup12_header_delay60s_placement01_20260515_bps1_msb.metadata.json,checker_restart_auto_formal_bits_1000x125_warmup12_header_delay60s_placement01_20260515_bps1_msb.metadata,,,E:\Project\MLDSA\RO_TRNG\data\hardware\20260511_fpga1_board1\restart\checker_restart_auto_formal_bits_1000x125_warmup12_header_delay60s_placement01_20260515_bps1_msb.bin,1000000,,,2026-05-22 09:54:19,2026-05-22 09:54:19,0.076,,,,,,,,,,,,,,,,,,,,,,,,missing,,,,,
E:\Project\MLDSA\RO_TRNG\data\hardware\20260511_fpga1_board1\restart\compact_restart_auto_formal_bits_1000x125_warmup0_header_delay60s_placement01_20260515.metadata.json,compact_restart_auto_formal_bits_1000x125_warmup0_header_delay60s_placement01_20260515,z7020_b01,,E:\Project\MLDSA\RO_TRNG\data\hardware\20260511_fpga1_board1\restart\compact_restart_auto_formal_bits_1000x125_warmup0_header_delay60s_placement01_20260515.bin,125000,,,2026-05-22 09:27:19,2026-05-22 09:30:53,213.476,COM3,115200,data\vivado_runs\restart_auto_compact_formal_bits_1000x125_warmup0_header_delay60s\RO_TRNG_restart_auto_top.bit,,,,E:\Project\MLDSA\RO_TRNG\data\hardware\20260511_fpga1_board1\restart\xadc_readings.csv,ok,2026-05-22 09:28:16,45.6,1.000,1.796,1.000,,,ok,2026-05-22 09:31:49,45.6,1.000,1.796,1.000,,,ok,0,0,0,0,
E:\Project\MLDSA\RO_TRNG\data\hardware\20260511_fpga1_board1\restart\compact_restart_auto_formal_bits_1000x125_warmup0_header_delay60s_placement01_20260515_bps1_lsb.metadata.json,compact_restart_auto_formal_bits_1000x125_warmup0_header_delay60s_placement01_20260515_bps1_lsb.metadata,,,E:\Project\MLDSA\RO_TRNG\data\hardware\20260511_fpga1_board1\restart\compact_restart_auto_formal_bits_1000x125_warmup0_header_delay60s_placement01_20260515_bps1_lsb.bin,1000000,,,2026-05-22 09:32:10,2026-05-22 09:32:10,0.075,,,,,,,,,,,,,,,,,,,,,,,,missing,,,,,
E:\Project\MLDSA\RO_TRNG\data\hardware\20260511_fpga1_board1\restart\compact_restart_auto_formal_bits_1000x125_warmup0_header_delay60s_placement01_20260515_bps1_msb.metadata.json,compact_restart_auto_formal_bits_1000x125_warmup0_header_delay60s_placement01_20260515_bps1_msb.metadata,,,E:\Project\MLDSA\RO_TRNG\data\hardware\20260511_fpga1_board1\restart\compact_restart_auto_formal_bits_1000x125_warmup0_header_delay60s_placement01_20260515_bps1_msb.bin,1000000,,,2026-05-22 09:32:10,2026-05-22 09:32:10,0.076,,,,,,,,,,,,,,,,,,,,,,,,missing,,,,,
E:\Project\MLDSA\RO_TRNG\data\hardware\20260511_fpga1_board1\restart\compact_restart_auto_formal_bits_1000x125_warmup12_header_delay60s_placement01_20260515.metadata.json,compact_restart_auto_formal_bits_1000x125_warmup12_header_delay60s_placement01_20260515,z7020_b01,,E:\Project\MLDSA\RO_TRNG\data\hardware\20260511_fpga1_board1\restart\compact_restart_auto_formal_bits_1000x125_warmup12_header_delay60s_placement01_20260515.bin,125000,,,2026-05-22 09:34:43,2026-05-22 09:38:18,215.614,COM3,115200,data\vivado_runs\restart_auto_compact_formal_bits_1000x125_warmup12_header_delay60s\RO_TRNG_restart_auto_top.bit,,,,E:\Project\MLDSA\RO_TRNG\data\hardware\20260511_fpga1_board1\restart\xadc_readings.csv,ok,2026-05-22 09:35:39,45.5,1.000,1.795,1.000,,,ok,2026-05-22 09:39:13,45.6,1.000,1.795,1.000,,,ok,0.1,0,0,0,
E:\Project\MLDSA\RO_TRNG\data\hardware\20260511_fpga1_board1\restart\compact_restart_auto_formal_bits_1000x125_warmup12_header_delay60s_placement01_20260515_bps1_lsb.metadata.json,compact_restart_auto_formal_bits_1000x125_warmup12_header_delay60s_placement01_20260515_bps1_lsb.metadata,,,E:\Project\MLDSA\RO_TRNG\data\hardware\20260511_fpga1_board1\restart\compact_restart_auto_formal_bits_1000x125_warmup12_header_delay60s_placement01_20260515_bps1_lsb.bin,1000000,,,2026-05-22 09:39:35,2026-05-22 09:39:35,0.1,,,,,,,,,,,,,,,,,,,,,,,,missing,,,,,
E:\Project\MLDSA\RO_TRNG\data\hardware\20260511_fpga1_board1\restart\compact_restart_auto_formal_bits_1000x125_warmup12_header_delay60s_placement01_20260515_bps1_msb.metadata.json,compact_restart_auto_formal_bits_1000x125_warmup12_header_delay60s_placement01_20260515_bps1_msb.metadata,,,E:\Project\MLDSA\RO_TRNG\data\hardware\20260511_fpga1_board1\restart\compact_restart_auto_formal_bits_1000x125_warmup12_header_delay60s_placement01_20260515_bps1_msb.bin,1000000,,,2026-05-22 09:39:35,2026-05-22 09:39:35,0.076,,,,,,,,,,,,,,,,,,,,,,,,missing,,,,,
E:\Project\MLDSA\RO_TRNG\data\hardware\20260511_fpga1_board1\restart\ea_restart_checker_warmup0_placement01_lsb_20260515\checker_warmup0_placement01_lsb_20260515.ea_restart.metadata.json,checker_warmup0_placement01_lsb_20260515.ea_restart.metadata,,,,,,,2026-05-22 09:48:10,2026-05-22 09:49:24,73.599,,,,,,,,,,,,,,,,,,,,,,,,missing,,,,,
E:\Project\MLDSA\RO_TRNG\data\hardware\20260511_fpga1_board1\restart\ea_restart_checker_warmup0_placement01_msb_20260515\checker_warmup0_placement01_msb_20260515.ea_restart.metadata.json,checker_warmup0_placement01_msb_20260515.ea_restart.metadata,,,,,,,2026-05-22 09:46:57,2026-05-22 09:48:09,71.976,,,,,,,,,,,,,,,,,,,,,,,,missing,,,,,
E:\Project\MLDSA\RO_TRNG\data\hardware\20260511_fpga1_board1\restart\ea_restart_checker_warmup12_placement01_lsb_20260515\checker_warmup12_placement01_lsb_20260515.ea_restart.metadata.json,checker_warmup12_placement01_lsb_20260515.ea_restart.metadata,,,,,,,2026-05-22 09:55:39,2026-05-22 09:56:55,75.421,,,,,,,,,,,,,,,,,,,,,,,,missing,,,,,
E:\Project\MLDSA\RO_TRNG\data\hardware\20260511_fpga1_board1\restart\ea_restart_checker_warmup12_placement01_msb_20260515\checker_warmup12_placement01_msb_20260515.ea_restart.metadata.json,checker_warmup12_placement01_msb_20260515.ea_restart.metadata,,,,,,,2026-05-22 09:54:19,2026-05-22 09:55:39,79.068,,,,,,,,,,,,,,,,,,,,,,,,missing,,,,,
E:\Project\MLDSA\RO_TRNG\data\hardware\20260511_fpga1_board1\restart\ea_restart_compact_warmup0_placement01_lsb_20260515\compact_warmup0_placement01_lsb_20260515.ea_restart.metadata.json,compact_warmup0_placement01_lsb_20260515.ea_restart.metadata,,,,,,,2026-05-22 09:33:29,2026-05-22 09:34:42,72.494,,,,,,,,,,,,,,,,,,,,,,,,missing,,,,,
E:\Project\MLDSA\RO_TRNG\data\hardware\20260511_fpga1_board1\restart\ea_restart_compact_warmup0_placement01_msb_20260515\compact_warmup0_placement01_msb_20260515.ea_restart.metadata.json,compact_warmup0_placement01_msb_20260515.ea_restart.metadata,,,,,,,2026-05-22 09:32:11,2026-05-22 09:33:28,77.66,,,,,,,,,,,,,,,,,,,,,,,,missing,,,,,
E:\Project\MLDSA\RO_TRNG\data\hardware\20260511_fpga1_board1\restart\ea_restart_compact_warmup12_placement01_lsb_20260515\compact_warmup12_placement01_lsb_20260515.ea_restart.metadata.json,compact_warmup12_placement01_lsb_20260515.ea_restart.metadata,,,,,,,2026-05-22 09:40:51,2026-05-22 09:42:08,76.493,,,,,,,,,,,,,,,,,,,,,,,,missing,,,,,
E:\Project\MLDSA\RO_TRNG\data\hardware\20260511_fpga1_board1\restart\ea_restart_compact_warmup12_placement01_msb_20260515\compact_warmup12_placement01_msb_20260515.ea_restart.metadata.json,compact_warmup12_placement01_msb_20260515.ea_restart.metadata,,,,,,,2026-05-22 09:39:36,2026-05-22 09:40:50,74.37,,,,,,,,,,,,,,,,,,,,,,,,missing,,,,,
E:\Project\MLDSA\RO_TRNG\data\hardware\20260511_fpga1_board1\restart\ea_restart_random1_warmup11_contrast01_20260522_lsb_20260515\random1_warmup11_contrast01_20260522_lsb_20260515.ea_restart.metadata.json,random1_warmup11_contrast01_20260522_lsb_20260515.ea_restart.metadata,,,,,,,2026-05-22 08:21:26,2026-05-22 08:23:01,95.209,,,,,,,,,,,,,,,,,,,,,,,,missing,,,,,
E:\Project\MLDSA\RO_TRNG\data\hardware\20260511_fpga1_board1\restart\ea_restart_random1_warmup11_contrast01_20260522_msb_20260515\random1_warmup11_contrast01_20260522_msb_20260515.ea_restart.metadata.json,random1_warmup11_contrast01_20260522_msb_20260515.ea_restart.metadata,,,,,,,2026-05-22 08:19:53,2026-05-22 08:21:25,91.452,,,,,,,,,,,,,,,,,,,,,,,,missing,,,,,
E:\Project\MLDSA\RO_TRNG\data\hardware\20260511_fpga1_board1\restart\ea_restart_random1_warmup12_contrast01_20260522_lsb_20260515\random1_warmup12_contrast01_20260522_lsb_20260515.ea_restart.metadata.json,random1_warmup12_contrast01_20260522_lsb_20260515.ea_restart.metadata,,,,,,,2026-05-22 08:30:08,2026-05-22 08:31:27,78.111,,,,,,,,,,,,,,,,,,,,,,,,missing,,,,,
E:\Project\MLDSA\RO_TRNG\data\hardware\20260511_fpga1_board1\restart\ea_restart_random1_warmup12_contrast01_20260522_msb_20260515\random1_warmup12_contrast01_20260522_msb_20260515.ea_restart.metadata.json,random1_warmup12_contrast01_20260522_msb_20260515.ea_restart.metadata,,,,,,,2026-05-22 08:28:47,2026-05-22 08:30:07,80.334,,,,,,,,,,,,,,,,,,,,,,,,missing,,,,,
E:\Project\MLDSA\RO_TRNG\data\hardware\20260511_fpga1_board1\restart\ea_restart_random1_warmup8_contrast01_20260522_lsb_20260515\random1_warmup8_contrast01_20260522_lsb_20260515.ea_restart.metadata.json,random1_warmup8_contrast01_20260522_lsb_20260515.ea_restart.metadata,,,,,,,2026-05-22 08:12:56,2026-05-22 08:14:16,79.533,,,,,,,,,,,,,,,,,,,,,,,,missing,,,,,
E:\Project\MLDSA\RO_TRNG\data\hardware\20260511_fpga1_board1\restart\ea_restart_random1_warmup8_contrast01_20260522_msb_20260515\random1_warmup8_contrast01_20260522_msb_20260515.ea_restart.metadata.json,random1_warmup8_contrast01_20260522_msb_20260515.ea_restart.metadata,,,,,,,2026-05-22 08:11:36,2026-05-22 08:12:55,79.547,,,,,,,,,,,,,,,,,,,,,,,,missing,,,,,
E:\Project\MLDSA\RO_TRNG\data\hardware\20260511_fpga1_board1\restart\ea_restart_random3_warmup10_lsb_20260515\random3_warmup10_lsb_20260515.ea_restart.metadata.json,random3_warmup10_lsb_20260515.ea_restart.metadata,,,,,,,2026-05-15 02:20:12,2026-05-15 02:22:04,112.245,,,,,,,,,,,,,,,,,,,,,,,,missing,,,,,
E:\Project\MLDSA\RO_TRNG\data\hardware\20260511_fpga1_board1\restart\ea_restart_random3_warmup10_msb_20260515\random3_warmup10_msb_20260515.ea_restart.metadata.json,random3_warmup10_msb_20260515.ea_restart.metadata,,,,,,,2026-05-15 02:20:12,2026-05-15 02:22:04,112.287,,,,,,,,,,,,,,,,,,,,,,,,missing,,,,,
E:\Project\MLDSA\RO_TRNG\data\hardware\20260511_fpga1_board1\restart\ea_restart_random3_warmup10_repeat02_lsb_20260515\random3_warmup10_repeat02_lsb_20260515.ea_restart.metadata.json,random3_warmup10_repeat02_lsb_20260515.ea_restart.metadata,,,,,,,2026-05-15 02:47:29,2026-05-15 02:48:34,64.708,,,,,,,,,,,,,,,,,,,,,,,,missing,,,,,
E:\Project\MLDSA\RO_TRNG\data\hardware\20260511_fpga1_board1\restart\ea_restart_random3_warmup10_repeat02_msb_20260515\random3_warmup10_repeat02_msb_20260515.ea_restart.metadata.json,random3_warmup10_repeat02_msb_20260515.ea_restart.metadata,,,,,,,2026-05-15 02:46:23,2026-05-15 02:47:28,65.413,,,,,,,,,,,,,,,,,,,,,,,,missing,,,,,
E:\Project\MLDSA\RO_TRNG\data\hardware\20260511_fpga1_board1\restart\ea_restart_random3_warmup10_repeat03_20260522_lsb_20260515\random3_warmup10_repeat03_20260522_lsb_20260515.ea_restart.metadata.json,random3_warmup10_repeat03_20260522_lsb_20260515.ea_restart.metadata,,,,,,,2026-05-22 08:38:13,2026-05-22 08:39:35,82.434,,,,,,,,,,,,,,,,,,,,,,,,missing,,,,,
E:\Project\MLDSA\RO_TRNG\data\hardware\20260511_fpga1_board1\restart\ea_restart_random3_warmup10_repeat03_20260522_msb_20260515\random3_warmup10_repeat03_20260522_msb_20260515.ea_restart.metadata.json,random3_warmup10_repeat03_20260522_msb_20260515.ea_restart.metadata,,,,,,,2026-05-22 08:36:56,2026-05-22 08:38:12,75.335,,,,,,,,,,,,,,,,,,,,,,,,missing,,,,,
E:\Project\MLDSA\RO_TRNG\data\hardware\20260511_fpga1_board1\restart\ea_restart_random3_warmup11_lsb_20260515\random3_warmup11_lsb_20260515.ea_restart.metadata.json,random3_warmup11_lsb_20260515.ea_restart.metadata,,,,,,,2026-05-15 02:31:44,2026-05-15 02:36:31,287.668,,,,,,,,,,,,,,,,,,,,,,,,missing,,,,,
E:\Project\MLDSA\RO_TRNG\data\hardware\20260511_fpga1_board1\restart\ea_restart_random3_warmup11_msb_20260515\random3_warmup11_msb_20260515.ea_restart.metadata.json,random3_warmup11_msb_20260515.ea_restart.metadata,,,,,,,2026-05-15 02:31:40,2026-05-15 02:36:29,289.248,,,,,,,,,,,,,,,,,,,,,,,,missing,,,,,
E:\Project\MLDSA\RO_TRNG\data\hardware\20260511_fpga1_board1\restart\ea_restart_random3_warmup11_repeat02_lsb_20260515\random3_warmup11_repeat02_lsb_20260515.ea_restart.metadata.json,random3_warmup11_repeat02_lsb_20260515.ea_restart.metadata,,,,,,,2026-05-15 02:51:35,2026-05-15 02:52:41,66.436,,,,,,,,,,,,,,,,,,,,,,,,missing,,,,,
E:\Project\MLDSA\RO_TRNG\data\hardware\20260511_fpga1_board1\restart\ea_restart_random3_warmup11_repeat02_msb_20260515\random3_warmup11_repeat02_msb_20260515.ea_restart.metadata.json,random3_warmup11_repeat02_msb_20260515.ea_restart.metadata,,,,,,,2026-05-15 02:50:33,2026-05-15 02:51:34,61.104,,,,,,,,,,,,,,,,,,,,,,,,missing,,,,,
E:\Project\MLDSA\RO_TRNG\data\hardware\20260511_fpga1_board1\restart\ea_restart_random3_warmup11_repeat03_20260522_lsb_20260515\random3_warmup11_repeat03_20260522_lsb_20260515.ea_restart.metadata.json,random3_warmup11_repeat03_20260522_lsb_20260515.ea_restart.metadata,,,,,,,2026-05-22 08:46:27,2026-05-22 08:47:57,89.923,,,,,,,,,,,,,,,,,,,,,,,,missing,,,,,
E:\Project\MLDSA\RO_TRNG\data\hardware\20260511_fpga1_board1\restart\ea_restart_random3_warmup11_repeat03_20260522_msb_20260515\random3_warmup11_repeat03_20260522_msb_20260515.ea_restart.metadata.json,random3_warmup11_repeat03_20260522_msb_20260515.ea_restart.metadata,,,,,,,2026-05-22 08:44:58,2026-05-22 08:46:26,87.642,,,,,,,,,,,,,,,,,,,,,,,,missing,,,,,
E:\Project\MLDSA\RO_TRNG\data\hardware\20260511_fpga1_board1\restart\ea_restart_random3_warmup12_lsb_20260515\random3_warmup12_lsb_20260515.ea_restart.metadata.json,random3_warmup12_lsb_20260515.ea_restart.metadata,,,,,,,2026-05-15 02:10:08,2026-05-15 02:12:07,118.3,,,,,,,,,,,,,,,,,,,,,,,,missing,,,,,
E:\Project\MLDSA\RO_TRNG\data\hardware\20260511_fpga1_board1\restart\ea_restart_random3_warmup12_msb_20260515\random3_warmup12_msb_20260515.ea_restart.metadata.json,random3_warmup12_msb_20260515.ea_restart.metadata,,,,,,,2026-05-15 02:10:08,2026-05-15 02:12:06,117.796,,,,,,,,,,,,,,,,,,,,,,,,missing,,,,,
E:\Project\MLDSA\RO_TRNG\data\hardware\20260511_fpga1_board1\restart\ea_restart_random3_warmup12_repeat02_lsb_20260515\random3_warmup12_repeat02_lsb_20260515.ea_restart.metadata.json,random3_warmup12_repeat02_lsb_20260515.ea_restart.metadata,,,,,,,2026-05-15 02:55:46,2026-05-15 02:58:21,154.987,,,,,,,,,,,,,,,,,,,,,,,,missing,,,,,
E:\Project\MLDSA\RO_TRNG\data\hardware\20260511_fpga1_board1\restart\ea_restart_random3_warmup12_repeat02_msb_20260515\random3_warmup12_repeat02_msb_20260515.ea_restart.metadata.json,random3_warmup12_repeat02_msb_20260515.ea_restart.metadata,,,,,,,2026-05-15 02:54:41,2026-05-15 02:55:46,64.433,,,,,,,,,,,,,,,,,,,,,,,,missing,,,,,
E:\Project\MLDSA\RO_TRNG\data\hardware\20260511_fpga1_board1\restart\ea_restart_random3_warmup12_repeat03_20260522_lsb_20260515\random3_warmup12_repeat03_20260522_lsb_20260515.ea_restart.metadata.json,random3_warmup12_repeat03_20260522_lsb_20260515.ea_restart.metadata,,,,,,,2026-05-22 08:54:52,2026-05-22 08:56:15,82.337,,,,,,,,,,,,,,,,,,,,,,,,missing,,,,,
E:\Project\MLDSA\RO_TRNG\data\hardware\20260511_fpga1_board1\restart\ea_restart_random3_warmup12_repeat03_20260522_msb_20260515\random3_warmup12_repeat03_20260522_msb_20260515.ea_restart.metadata.json,random3_warmup12_repeat03_20260522_msb_20260515.ea_restart.metadata,,,,,,,2026-05-22 08:53:25,2026-05-22 08:54:51,85.992,,,,,,,,,,,,,,,,,,,,,,,,missing,,,,,
E:\Project\MLDSA\RO_TRNG\data\hardware\20260511_fpga1_board1\restart\ea_restart_random3_warmup16_lsb_20260515\random3_warmup16_lsb_20260515.ea_restart.metadata.json,random3_warmup16_lsb_20260515.ea_restart.metadata,,,,,,,2026-05-15 01:57:33,2026-05-15 01:59:33,120.204,,,,,,,,,,,,,,,,,,,,,,,,missing,,,,,
E:\Project\MLDSA\RO_TRNG\data\hardware\20260511_fpga1_board1\restart\ea_restart_random3_warmup16_msb_20260515\random3_warmup16_msb_20260515.ea_restart.metadata.json,random3_warmup16_msb_20260515.ea_restart.metadata,,,,,,,2026-05-15 01:57:33,2026-05-15 01:59:32,119.731,,,,,,,,,,,,,,,,,,,,,,,,missing,,,,,
E:\Project\MLDSA\RO_TRNG\data\hardware\20260511_fpga1_board1\restart\ea_restart_random3_warmup8_lsb_20260515\random3_warmup8_lsb_20260515.ea_restart.metadata.json,random3_warmup8_lsb_20260515.ea_restart.metadata,,,,,,,2026-05-15 01:39:58,2026-05-15 01:42:24,146.29,,,,,,,,,,,,,,,,,,,,,,,,missing,,,,,
E:\Project\MLDSA\RO_TRNG\data\hardware\20260511_fpga1_board1\restart\ea_restart_random3_warmup8_msb_20260515\random3_warmup8_msb_20260515.ea_restart.metadata.json,random3_warmup8_msb_20260515.ea_restart.metadata,,,,,,,2026-05-15 01:39:58,2026-05-15 01:42:23,144.958,,,,,,,,,,,,,,,,,,,,,,,,missing,,,,,
E:\Project\MLDSA\RO_TRNG\data\hardware\20260511_fpga1_board1\restart\ea_restart_same_column_warmup0_placement01_lsb_20260515\same_column_warmup0_placement01_lsb_20260515.ea_restart.metadata.json,same_column_warmup0_placement01_lsb_20260515.ea_restart.metadata,,,,,,,2026-05-22 09:03:17,2026-05-22 09:04:30,73.018,,,,,,,,,,,,,,,,,,,,,,,,missing,,,,,
E:\Project\MLDSA\RO_TRNG\data\hardware\20260511_fpga1_board1\restart\ea_restart_same_column_warmup0_placement01_msb_20260515\same_column_warmup0_placement01_msb_20260515.ea_restart.metadata.json,same_column_warmup0_placement01_msb_20260515.ea_restart.metadata,,,,,,,2026-05-22 09:02:01,2026-05-22 09:03:16,75.61,,,,,,,,,,,,,,,,,,,,,,,,missing,,,,,
E:\Project\MLDSA\RO_TRNG\data\hardware\20260511_fpga1_board1\restart\ea_restart_same_column_warmup12_placement01_lsb_20260515\same_column_warmup12_placement01_lsb_20260515.ea_restart.metadata.json,same_column_warmup12_placement01_lsb_20260515.ea_restart.metadata,,,,,,,2026-05-22 09:10:54,2026-05-22 09:12:06,72.277,,,,,,,,,,,,,,,,,,,,,,,,missing,,,,,
E:\Project\MLDSA\RO_TRNG\data\hardware\20260511_fpga1_board1\restart\ea_restart_same_column_warmup12_placement01_msb_20260515\same_column_warmup12_placement01_msb_20260515.ea_restart.metadata.json,same_column_warmup12_placement01_msb_20260515.ea_restart.metadata,,,,,,,2026-05-22 09:09:38,2026-05-22 09:10:53,75.481,,,,,,,,,,,,,,,,,,,,,,,,missing,,,,,
E:\Project\MLDSA\RO_TRNG\data\hardware\20260511_fpga1_board1\restart\ea_restart_sparse_warmup0_placement01_lsb_20260515\sparse_warmup0_placement01_lsb_20260515.ea_restart.metadata.json,sparse_warmup0_placement01_lsb_20260515.ea_restart.metadata,,,,,,,2026-05-22 09:18:37,2026-05-22 09:19:47,70.303,,,,,,,,,,,,,,,,,,,,,,,,missing,,,,,
E:\Project\MLDSA\RO_TRNG\data\hardware\20260511_fpga1_board1\restart\ea_restart_sparse_warmup0_placement01_msb_20260515\sparse_warmup0_placement01_msb_20260515.ea_restart.metadata.json,sparse_warmup0_placement01_msb_20260515.ea_restart.metadata,,,,,,,2026-05-22 09:17:23,2026-05-22 09:18:36,72.942,,,,,,,,,,,,,,,,,,,,,,,,missing,,,,,
E:\Project\MLDSA\RO_TRNG\data\hardware\20260511_fpga1_board1\restart\ea_restart_sparse_warmup12_placement01_lsb_20260515\sparse_warmup12_placement01_lsb_20260515.ea_restart.metadata.json,sparse_warmup12_placement01_lsb_20260515.ea_restart.metadata,,,,,,,2026-05-22 09:25:58,2026-05-22 09:27:18,79.752,,,,,,,,,,,,,,,,,,,,,,,,missing,,,,,
E:\Project\MLDSA\RO_TRNG\data\hardware\20260511_fpga1_board1\restart\ea_restart_sparse_warmup12_placement01_msb_20260515\sparse_warmup12_placement01_msb_20260515.ea_restart.metadata.json,sparse_warmup12_placement01_msb_20260515.ea_restart.metadata,,,,,,,2026-05-22 09:24:43,2026-05-22 09:25:58,74.295,,,,,,,,,,,,,,,,,,,,,,,,missing,,,,,
E:\Project\MLDSA\RO_TRNG\data\hardware\20260511_fpga1_board1\restart\random1_restart_auto_formal_bits_1000x125_header_delay60s_20260515.metadata.json,random1_restart_auto_formal_bits_1000x125_header_delay60s_20260515,,,E:\Project\MLDSA\RO_TRNG\data\hardware\20260511_fpga1_board1\restart\random1_restart_auto_formal_bits_1000x125_header_delay60s_20260515.bin,125000,,,2026-05-15 01:08:37,2026-05-15 01:10:52,135.929,COM3,115200,data\vivado_runs\restart_auto_random1_formal_bits_1000x125_header_delay60s\RO_TRNG_restart_auto_top.bit,,,,,,,,,,,,,,,,,,,,,missing,,,,,
E:\Project\MLDSA\RO_TRNG\data\hardware\20260511_fpga1_board1\restart\random1_restart_auto_formal_bits_1000x125_header_delay60s_20260515_bps1_lsb.metadata.json,random1_restart_auto_formal_bits_1000x125_header_delay60s_20260515_bps1_lsb.metadata,,,E:\Project\MLDSA\RO_TRNG\data\hardware\20260511_fpga1_board1\restart\random1_restart_auto_formal_bits_1000x125_header_delay60s_20260515_bps1_lsb.bin,1000000,,,2026-05-15 01:11:27,2026-05-15 01:11:27,0.072,,,,,,,,,,,,,,,,,,,,,,,,missing,,,,,
E:\Project\MLDSA\RO_TRNG\data\hardware\20260511_fpga1_board1\restart\random1_restart_auto_formal_bits_1000x125_header_delay60s_20260515_bps1_msb.metadata.json,random1_restart_auto_formal_bits_1000x125_header_delay60s_20260515_bps1_msb.metadata,,,E:\Project\MLDSA\RO_TRNG\data\hardware\20260511_fpga1_board1\restart\random1_restart_auto_formal_bits_1000x125_header_delay60s_20260515_bps1_msb.bin,1000000,,,2026-05-15 01:11:27,2026-05-15 01:11:27,0.073,,,,,,,,,,,,,,,,,,,,,,,,missing,,,,,
E:\Project\MLDSA\RO_TRNG\data\hardware\20260511_fpga1_board1\restart\random1_restart_auto_formal_bits_1000x125_warmup11_header_delay60s_contrast01_20260522_20260515.metadata.json,random1_restart_auto_formal_bits_1000x125_warmup11_header_delay60s_contrast01_20260522_20260515,z7020_b01,,E:\Project\MLDSA\RO_TRNG\data\hardware\20260511_fpga1_board1\restart\random1_restart_auto_formal_bits_1000x125_warmup11_header_delay60s_contrast01_20260522_20260515.bin,125000,,,2026-05-22 08:14:18,2026-05-22 08:18:14,236.009,COM3,115200,data\vivado_runs\restart_auto_random1_formal_bits_1000x125_warmup11_header_delay60s\RO_TRNG_restart_auto_top.bit,,,,E:\Project\MLDSA\RO_TRNG\data\hardware\20260511_fpga1_board1\restart\xadc_readings.csv,ok,2026-05-22 08:15:30,43.8,1.000,1.795,1.000,,,ok,2026-05-22 08:19:29,44.4,1.000,1.795,1.000,,,ok,0.6,0,0,0,
E:\Project\MLDSA\RO_TRNG\data\hardware\20260511_fpga1_board1\restart\random1_restart_auto_formal_bits_1000x125_warmup11_header_delay60s_contrast01_20260522_20260515_bps1_lsb.metadata.json,random1_restart_auto_formal_bits_1000x125_warmup11_header_delay60s_contrast01_20260522_20260515_bps1_lsb.metadata,,,E:\Project\MLDSA\RO_TRNG\data\hardware\20260511_fpga1_board1\restart\random1_restart_auto_formal_bits_1000x125_warmup11_header_delay60s_contrast01_20260522_20260515_bps1_lsb.bin,1000000,,,2026-05-22 08:19:51,2026-05-22 08:19:51,0.247,,,,,,,,,,,,,,,,,,,,,,,,missing,,,,,
E:\Project\MLDSA\RO_TRNG\data\hardware\20260511_fpga1_board1\restart\random1_restart_auto_formal_bits_1000x125_warmup11_header_delay60s_contrast01_20260522_20260515_bps1_msb.metadata.json,random1_restart_auto_formal_bits_1000x125_warmup11_header_delay60s_contrast01_20260522_20260515_bps1_msb.metadata,,,E:\Project\MLDSA\RO_TRNG\data\hardware\20260511_fpga1_board1\restart\random1_restart_auto_formal_bits_1000x125_warmup11_header_delay60s_contrast01_20260522_20260515_bps1_msb.bin,1000000,,,2026-05-22 08:19:51,2026-05-22 08:19:51,0.245,,,,,,,,,,,,,,,,,,,,,,,,missing,,,,,
E:\Project\MLDSA\RO_TRNG\data\hardware\20260511_fpga1_board1\restart\random1_restart_auto_formal_bits_1000x125_warmup12_header_delay60s_contrast01_20260522_20260515.metadata.json,random1_restart_auto_formal_bits_1000x125_warmup12_header_delay60s_contrast01_20260522_20260515,z7020_b01,,E:\Project\MLDSA\RO_TRNG\data\hardware\20260511_fpga1_board1\restart\random1_restart_auto_formal_bits_1000x125_warmup12_header_delay60s_contrast01_20260522_20260515.bin,125000,,,2026-05-22 08:23:03,2026-05-22 08:27:16,252.999,COM3,115200,data\vivado_runs\restart_auto_random1_formal_bits_1000x125_warmup12_header_delay60s\RO_TRNG_restart_auto_top.bit,,,,E:\Project\MLDSA\RO_TRNG\data\hardware\20260511_fpga1_board1\restart\xadc_readings.csv,ok,2026-05-22 08:24:27,44.7,1.000,1.795,1.000,,,ok,2026-05-22 08:28:23,44.9,1.000,1.795,1.000,,,ok,0.2,0,0,0,
E:\Project\MLDSA\RO_TRNG\data\hardware\20260511_fpga1_board1\restart\random1_restart_auto_formal_bits_1000x125_warmup12_header_delay60s_contrast01_20260522_20260515_bps1_lsb.metadata.json,random1_restart_auto_formal_bits_1000x125_warmup12_header_delay60s_contrast01_20260522_20260515_bps1_lsb.metadata,,,E:\Project\MLDSA\RO_TRNG\data\hardware\20260511_fpga1_board1\restart\random1_restart_auto_formal_bits_1000x125_warmup12_header_delay60s_contrast01_20260522_20260515_bps1_lsb.bin,1000000,,,2026-05-22 08:28:45,2026-05-22 08:28:46,0.184,,,,,,,,,,,,,,,,,,,,,,,,missing,,,,,
E:\Project\MLDSA\RO_TRNG\data\hardware\20260511_fpga1_board1\restart\random1_restart_auto_formal_bits_1000x125_warmup12_header_delay60s_contrast01_20260522_20260515_bps1_msb.metadata.json,random1_restart_auto_formal_bits_1000x125_warmup12_header_delay60s_contrast01_20260522_20260515_bps1_msb.metadata,,,E:\Project\MLDSA\RO_TRNG\data\hardware\20260511_fpga1_board1\restart\random1_restart_auto_formal_bits_1000x125_warmup12_header_delay60s_contrast01_20260522_20260515_bps1_msb.bin,1000000,,,2026-05-22 08:28:45,2026-05-22 08:28:45,0.151,,,,,,,,,,,,,,,,,,,,,,,,missing,,,,,
E:\Project\MLDSA\RO_TRNG\data\hardware\20260511_fpga1_board1\restart\random1_restart_auto_formal_bits_1000x125_warmup8_header_delay60s_contrast01_20260522_20260515.metadata.json,random1_restart_auto_formal_bits_1000x125_warmup8_header_delay60s_contrast01_20260522_20260515,z7020_b01,,E:\Project\MLDSA\RO_TRNG\data\hardware\20260511_fpga1_board1\restart\random1_restart_auto_formal_bits_1000x125_warmup8_header_delay60s_contrast01_20260522_20260515.bin,125000,,,2026-05-22 08:05:29,2026-05-22 08:09:33,243.115,COM3,115200,data\vivado_runs\restart_auto_random1_formal_bits_1000x125_warmup8_header_delay60s\RO_TRNG_restart_auto_top.bit,,,,E:\Project\MLDSA\RO_TRNG\data\hardware\20260511_fpga1_board1\restart\xadc_readings.csv,ok,,,,,,,,ok,2026-05-22 08:11:11,43.4,1.000,1.796,1.000,,,ok,,,,,
E:\Project\MLDSA\RO_TRNG\data\hardware\20260511_fpga1_board1\restart\random1_restart_auto_formal_bits_1000x125_warmup8_header_delay60s_contrast01_20260522_20260515_bps1_lsb.metadata.json,random1_restart_auto_formal_bits_1000x125_warmup8_header_delay60s_contrast01_20260522_20260515_bps1_lsb.metadata,,,E:\Project\MLDSA\RO_TRNG\data\hardware\20260511_fpga1_board1\restart\random1_restart_auto_formal_bits_1000x125_warmup8_header_delay60s_contrast01_20260522_20260515_bps1_lsb.bin,1000000,,,2026-05-22 08:11:34,2026-05-22 08:11:34,0.202,,,,,,,,,,,,,,,,,,,,,,,,missing,,,,,
E:\Project\MLDSA\RO_TRNG\data\hardware\20260511_fpga1_board1\restart\random1_restart_auto_formal_bits_1000x125_warmup8_header_delay60s_contrast01_20260522_20260515_bps1_msb.metadata.json,random1_restart_auto_formal_bits_1000x125_warmup8_header_delay60s_contrast01_20260522_20260515_bps1_msb.metadata,,,E:\Project\MLDSA\RO_TRNG\data\hardware\20260511_fpga1_board1\restart\random1_restart_auto_formal_bits_1000x125_warmup8_header_delay60s_contrast01_20260522_20260515_bps1_msb.bin,1000000,,,2026-05-22 08:11:33,2026-05-22 08:11:33,0.228,,,,,,,,,,,,,,,,,,,,,,,,missing,,,,,
E:\Project\MLDSA\RO_TRNG\data\hardware\20260511_fpga1_board1\restart\random1_restart_pilot_10x1000_20260514.metadata.json,random1_restart_pilot_10x1000_20260514,,,E:\Project\MLDSA\RO_TRNG\data\hardware\20260511_fpga1_board1\restart\random1_restart_pilot_10x1000_20260514.bin,10000,,,2026-05-14 20:10:58,2026-05-14 20:53:18,2540.081,COM3,115200,data\vivado_runs\fpga1_ro_trng_matrix\random_seed1_x36y35\seed_1\RO_TRNG_top.bit,,,,,,,,,,,,,,,,,,,,,missing,,,,,
E:\Project\MLDSA\RO_TRNG\data\hardware\20260511_fpga1_board1\restart\random1_restart_pilot_10x1000_20260514_bps1_msb.bin.metadata.json,random1_restart_pilot_10x1000_20260514_bps1_msb.bin.metadata,,,E:\Project\MLDSA\RO_TRNG\data\hardware\20260511_fpga1_board1\restart\random1_restart_pilot_10x1000_20260514_bps1_msb.bin,80000,,,2026-05-14 20:58:53,2026-05-14 20:58:53,0.027,,,,,,,,,,,,,,,,,,,,,,,,missing,,,,,
E:\Project\MLDSA\RO_TRNG\data\hardware\20260511_fpga1_board1\restart\random3_restart_auto_boundary_1000x64_header_20260515.metadata.json,random3_restart_auto_boundary_1000x64_header_20260515,,,E:\Project\MLDSA\RO_TRNG\data\hardware\20260511_fpga1_board1\restart\random3_restart_auto_boundary_1000x64_header_20260515.bin,64000,,,2026-05-15 00:13:33,2026-05-15 00:14:38,65.501,COM3,115200,data\vivado_runs\restart_auto_random3_boundary_1000x64_header\RO_TRNG_restart_auto_top.bit,,,,,,,,,,,,,,,,,,,,,missing,,,,,
E:\Project\MLDSA\RO_TRNG\data\hardware\20260511_fpga1_board1\restart\random3_restart_auto_boundary_4x1000_header_20260515.metadata.json,random3_restart_auto_boundary_4x1000_header_20260515,,,E:\Project\MLDSA\RO_TRNG\data\hardware\20260511_fpga1_board1\restart\random3_restart_auto_boundary_4x1000_header_20260515.bin,4000,,,2026-05-15 00:09:26,2026-05-15 00:10:35,68.306,COM3,115200,data\vivado_runs\restart_auto_random3_boundary_4x1000_header\RO_TRNG_restart_auto_top.bit,,,,,,,,,,,,,,,,,,,,,missing,,,,,
E:\Project\MLDSA\RO_TRNG\data\hardware\20260511_fpga1_board1\restart\random3_restart_auto_formal_1000x1000_header_delay60s_20260515.metadata.json,random3_restart_auto_formal_1000x1000_header_delay60s_20260515,,,E:\Project\MLDSA\RO_TRNG\data\hardware\20260511_fpga1_board1\restart\random3_restart_auto_formal_1000x1000_header_delay60s_20260515.bin,1000000,,,2026-05-15 00:31:49,2026-05-15 00:35:18,209.276,COM3,115200,data\vivado_runs\restart_auto_random3_formal_1000x1000_header_delay60s\RO_TRNG_restart_auto_top.bit,,,,,,,,,,,,,,,,,,,,,missing,,,,,
E:\Project\MLDSA\RO_TRNG\data\hardware\20260511_fpga1_board1\restart\random3_restart_auto_formal_bits_1000x125_header_delay60s_20260515.metadata.json,random3_restart_auto_formal_bits_1000x125_header_delay60s_20260515,,,E:\Project\MLDSA\RO_TRNG\data\hardware\20260511_fpga1_board1\restart\random3_restart_auto_formal_bits_1000x125_header_delay60s_20260515.bin,125000,,,2026-05-15 00:38:30,2026-05-15 00:40:27,116.629,COM3,115200,data\vivado_runs\restart_auto_random3_formal_bits_1000x125_header_delay60s\RO_TRNG_restart_auto_top.bit,,,,,,,,,,,,,,,,,,,,,missing,,,,,
E:\Project\MLDSA\RO_TRNG\data\hardware\20260511_fpga1_board1\restart\random3_restart_auto_formal_bits_1000x125_header_delay60s_20260515_bps1_lsb.bin.metadata.json,random3_restart_auto_formal_bits_1000x125_header_delay60s_20260515_bps1_lsb.bin.metadata,,,E:\Project\MLDSA\RO_TRNG\data\hardware\20260511_fpga1_board1\restart\random3_restart_auto_formal_bits_1000x125_header_delay60s_20260515_bps1_lsb.bin,1000000,,,2026-05-15 00:48:05,2026-05-15 00:48:05,0.085,,,,,,,,,,,,,,,,,,,,,,,,missing,,,,,
E:\Project\MLDSA\RO_TRNG\data\hardware\20260511_fpga1_board1\restart\random3_restart_auto_formal_bits_1000x125_header_delay60s_20260515_bps1_msb.bin.metadata.json,random3_restart_auto_formal_bits_1000x125_header_delay60s_20260515_bps1_msb.bin.metadata,,,E:\Project\MLDSA\RO_TRNG\data\hardware\20260511_fpga1_board1\restart\random3_restart_auto_formal_bits_1000x125_header_delay60s_20260515_bps1_msb.bin,1000000,,,2026-05-15 00:40:46,2026-05-15 00:40:47,0.107,,,,,,,,,,,,,,,,,,,,,,,,missing,,,,,
E:\Project\MLDSA\RO_TRNG\data\hardware\20260511_fpga1_board1\restart\random3_restart_auto_formal_bits_1000x125_header_delay60s_repeat02_20260515.metadata.json,random3_restart_auto_formal_bits_1000x125_header_delay60s_repeat02_20260515,,,E:\Project\MLDSA\RO_TRNG\data\hardware\20260511_fpga1_board1\restart\random3_restart_auto_formal_bits_1000x125_header_delay60s_repeat02_20260515.bin,125000,,,2026-05-15 01:15:37,2026-05-15 01:18:13,155.906,COM3,115200,data\vivado_runs\restart_auto_random3_formal_bits_1000x125_header_delay60s\RO_TRNG_restart_auto_top.bit,,,,,,,,,,,,,,,,,,,,,missing,,,,,
E:\Project\MLDSA\RO_TRNG\data\hardware\20260511_fpga1_board1\restart\random3_restart_auto_formal_bits_1000x125_header_delay60s_repeat02_20260515_bps1_lsb.metadata.json,random3_restart_auto_formal_bits_1000x125_header_delay60s_repeat02_20260515_bps1_lsb.metadata,,,E:\Project\MLDSA\RO_TRNG\data\hardware\20260511_fpga1_board1\restart\random3_restart_auto_formal_bits_1000x125_header_delay60s_repeat02_20260515_bps1_lsb.bin,1000000,,,2026-05-15 01:19:18,2026-05-15 01:19:18,0.081,,,,,,,,,,,,,,,,,,,,,,,,missing,,,,,
E:\Project\MLDSA\RO_TRNG\data\hardware\20260511_fpga1_board1\restart\random3_restart_auto_formal_bits_1000x125_header_delay60s_repeat02_20260515_bps1_msb.metadata.json,random3_restart_auto_formal_bits_1000x125_header_delay60s_repeat02_20260515_bps1_msb.metadata,,,E:\Project\MLDSA\RO_TRNG\data\hardware\20260511_fpga1_board1\restart\random3_restart_auto_formal_bits_1000x125_header_delay60s_repeat02_20260515_bps1_msb.bin,1000000,,,2026-05-15 01:19:18,2026-05-15 01:19:18,0.08,,,,,,,,,,,,,,,,,,,,,,,,missing,,,,,
E:\Project\MLDSA\RO_TRNG\data\hardware\20260511_fpga1_board1\restart\random3_restart_auto_formal_bits_1000x125_warmup10_header_delay60s_20260515.metadata.json,random3_restart_auto_formal_bits_1000x125_warmup10_header_delay60s_20260515,,,E:\Project\MLDSA\RO_TRNG\data\hardware\20260511_fpga1_board1\restart\random3_restart_auto_formal_bits_1000x125_warmup10_header_delay60s_20260515.bin,125000,,,2026-05-15 02:16:20,2026-05-15 02:18:22,122.218,COM3,115200,data\vivado_runs\restart_auto_random3_formal_bits_1000x125_warmup10_header_delay60s\RO_TRNG_restart_auto_top.bit,,,,,,,,,,,,,,,,,,,,,missing,,,,,
E:\Project\MLDSA\RO_TRNG\data\hardware\20260511_fpga1_board1\restart\random3_restart_auto_formal_bits_1000x125_warmup10_header_delay60s_20260515_bps1_lsb.metadata.json,random3_restart_auto_formal_bits_1000x125_warmup10_header_delay60s_20260515_bps1_lsb.metadata,,,E:\Project\MLDSA\RO_TRNG\data\hardware\20260511_fpga1_board1\restart\random3_restart_auto_formal_bits_1000x125_warmup10_header_delay60s_20260515_bps1_lsb.bin,1000000,,,2026-05-15 02:19:54,2026-05-15 02:19:54,0.077,,,,,,,,,,,,,,,,,,,,,,,,missing,,,,,
E:\Project\MLDSA\RO_TRNG\data\hardware\20260511_fpga1_board1\restart\random3_restart_auto_formal_bits_1000x125_warmup10_header_delay60s_20260515_bps1_msb.metadata.json,random3_restart_auto_formal_bits_1000x125_warmup10_header_delay60s_20260515_bps1_msb.metadata,,,E:\Project\MLDSA\RO_TRNG\data\hardware\20260511_fpga1_board1\restart\random3_restart_auto_formal_bits_1000x125_warmup10_header_delay60s_20260515_bps1_msb.bin,1000000,,,2026-05-15 02:19:54,2026-05-15 02:19:54,0.08,,,,,,,,,,,,,,,,,,,,,,,,missing,,,,,
E:\Project\MLDSA\RO_TRNG\data\hardware\20260511_fpga1_board1\restart\random3_restart_auto_formal_bits_1000x125_warmup10_header_delay60s_repeat02_20260515.metadata.json,random3_restart_auto_formal_bits_1000x125_warmup10_header_delay60s_repeat02_20260515,,,E:\Project\MLDSA\RO_TRNG\data\hardware\20260511_fpga1_board1\restart\random3_restart_auto_formal_bits_1000x125_warmup10_header_delay60s_repeat02_20260515.bin,125000,,,2026-05-15 02:44:13,2026-05-15 02:46:21,127.994,COM3,115200,data\vivado_runs\restart_auto_random3_formal_bits_1000x125_warmup10_header_delay60s\RO_TRNG_restart_auto_top.bit,,,,,,,,,,,,,,,,,,,,,missing,,,,,
E:\Project\MLDSA\RO_TRNG\data\hardware\20260511_fpga1_board1\restart\random3_restart_auto_formal_bits_1000x125_warmup10_header_delay60s_repeat02_20260515_bps1_lsb.metadata.json,random3_restart_auto_formal_bits_1000x125_warmup10_header_delay60s_repeat02_20260515_bps1_lsb.metadata,,,E:\Project\MLDSA\RO_TRNG\data\hardware\20260511_fpga1_board1\restart\random3_restart_auto_formal_bits_1000x125_warmup10_header_delay60s_repeat02_20260515_bps1_lsb.bin,1000000,,,2026-05-15 02:46:22,2026-05-15 02:46:22,0.096,,,,,,,,,,,,,,,,,,,,,,,,missing,,,,,
E:\Project\MLDSA\RO_TRNG\data\hardware\20260511_fpga1_board1\restart\random3_restart_auto_formal_bits_1000x125_warmup10_header_delay60s_repeat02_20260515_bps1_msb.metadata.json,random3_restart_auto_formal_bits_1000x125_warmup10_header_delay60s_repeat02_20260515_bps1_msb.metadata,,,E:\Project\MLDSA\RO_TRNG\data\hardware\20260511_fpga1_board1\restart\random3_restart_auto_formal_bits_1000x125_warmup10_header_delay60s_repeat02_20260515_bps1_msb.bin,1000000,,,2026-05-15 02:46:22,2026-05-15 02:46:22,0.103,,,,,,,,,,,,,,,,,,,,,,,,missing,,,,,
E:\Project\MLDSA\RO_TRNG\data\hardware\20260511_fpga1_board1\restart\random3_restart_auto_formal_bits_1000x125_warmup10_header_delay60s_repeat03_20260522_20260515.metadata.json,random3_restart_auto_formal_bits_1000x125_warmup10_header_delay60s_repeat03_20260522_20260515,z7020_b01,,E:\Project\MLDSA\RO_TRNG\data\hardware\20260511_fpga1_board1\restart\random3_restart_auto_formal_bits_1000x125_warmup10_header_delay60s_repeat03_20260522_20260515.bin,125000,,,2026-05-22 08:31:40,2026-05-22 08:35:26,226.533,COM3,115200,data\vivado_runs\restart_auto_random3_formal_bits_1000x125_warmup10_header_delay60s\RO_TRNG_restart_auto_top.bit,,,,E:\Project\MLDSA\RO_TRNG\data\hardware\20260511_fpga1_board1\restart\xadc_readings.csv,ok,2026-05-22 08:32:45,45.2,1.000,1.795,1.000,,,ok,2026-05-22 08:36:33,45.2,1.000,1.796,1.000,,,ok,0,0,0.001,0,
E:\Project\MLDSA\RO_TRNG\data\hardware\20260511_fpga1_board1\restart\random3_restart_auto_formal_bits_1000x125_warmup10_header_delay60s_repeat03_20260522_20260515_bps1_lsb.metadata.json,random3_restart_auto_formal_bits_1000x125_warmup10_header_delay60s_repeat03_20260522_20260515_bps1_lsb.metadata,,,E:\Project\MLDSA\RO_TRNG\data\hardware\20260511_fpga1_board1\restart\random3_restart_auto_formal_bits_1000x125_warmup10_header_delay60s_repeat03_20260522_20260515_bps1_lsb.bin,1000000,,,2026-05-22 08:36:55,2026-05-22 08:36:55,0.107,,,,,,,,,,,,,,,,,,,,,,,,missing,,,,,
E:\Project\MLDSA\RO_TRNG\data\hardware\20260511_fpga1_board1\restart\random3_restart_auto_formal_bits_1000x125_warmup10_header_delay60s_repeat03_20260522_20260515_bps1_msb.metadata.json,random3_restart_auto_formal_bits_1000x125_warmup10_header_delay60s_repeat03_20260522_20260515_bps1_msb.metadata,,,E:\Project\MLDSA\RO_TRNG\data\hardware\20260511_fpga1_board1\restart\random3_restart_auto_formal_bits_1000x125_warmup10_header_delay60s_repeat03_20260522_20260515_bps1_msb.bin,1000000,,,2026-05-22 08:36:55,2026-05-22 08:36:55,0.097,,,,,,,,,,,,,,,,,,,,,,,,missing,,,,,
E:\Project\MLDSA\RO_TRNG\data\hardware\20260511_fpga1_board1\restart\random3_restart_auto_formal_bits_1000x125_warmup11_header_delay60s_20260515.metadata.json,random3_restart_auto_formal_bits_1000x125_warmup11_header_delay60s_20260515,,,E:\Project\MLDSA\RO_TRNG\data\hardware\20260511_fpga1_board1\restart\random3_restart_auto_formal_bits_1000x125_warmup11_header_delay60s_20260515.bin,125000,,,2026-05-15 02:25:52,2026-05-15 02:27:49,117.857,COM3,115200,data\vivado_runs\restart_auto_random3_formal_bits_1000x125_warmup11_header_delay60s\RO_TRNG_restart_auto_top.bit,,,,,,,,,,,,,,,,,,,,,missing,,,,,
E:\Project\MLDSA\RO_TRNG\data\hardware\20260511_fpga1_board1\restart\random3_restart_auto_formal_bits_1000x125_warmup11_header_delay60s_20260515_bps1_lsb.metadata.json,random3_restart_auto_formal_bits_1000x125_warmup11_header_delay60s_20260515_bps1_lsb.metadata,,,E:\Project\MLDSA\RO_TRNG\data\hardware\20260511_fpga1_board1\restart\random3_restart_auto_formal_bits_1000x125_warmup11_header_delay60s_20260515_bps1_lsb.bin,1000000,,,2026-05-15 02:30:57,2026-05-15 02:30:59,1.441,,,,,,,,,,,,,,,,,,,,,,,,missing,,,,,
E:\Project\MLDSA\RO_TRNG\data\hardware\20260511_fpga1_board1\restart\random3_restart_auto_formal_bits_1000x125_warmup11_header_delay60s_20260515_bps1_msb.metadata.json,random3_restart_auto_formal_bits_1000x125_warmup11_header_delay60s_20260515_bps1_msb.metadata,,,E:\Project\MLDSA\RO_TRNG\data\hardware\20260511_fpga1_board1\restart\random3_restart_auto_formal_bits_1000x125_warmup11_header_delay60s_20260515_bps1_msb.bin,1000000,,,2026-05-15 02:30:59,2026-05-15 02:30:59,0.307,,,,,,,,,,,,,,,,,,,,,,,,missing,,,,,
E:\Project\MLDSA\RO_TRNG\data\hardware\20260511_fpga1_board1\restart\random3_restart_auto_formal_bits_1000x125_warmup11_header_delay60s_repeat02_20260515.metadata.json,random3_restart_auto_formal_bits_1000x125_warmup11_header_delay60s_repeat02_20260515,,,E:\Project\MLDSA\RO_TRNG\data\hardware\20260511_fpga1_board1\restart\random3_restart_auto_formal_bits_1000x125_warmup11_header_delay60s_repeat02_20260515.bin,125000,,,2026-05-15 02:48:35,2026-05-15 02:50:31,116.812,COM3,115200,data\vivado_runs\restart_auto_random3_formal_bits_1000x125_warmup11_header_delay60s\RO_TRNG_restart_auto_top.bit,,,,,,,,,,,,,,,,,,,,,missing,,,,,
E:\Project\MLDSA\RO_TRNG\data\hardware\20260511_fpga1_board1\restart\random3_restart_auto_formal_bits_1000x125_warmup11_header_delay60s_repeat02_20260515_bps1_lsb.metadata.json,random3_restart_auto_formal_bits_1000x125_warmup11_header_delay60s_repeat02_20260515_bps1_lsb.metadata,,,E:\Project\MLDSA\RO_TRNG\data\hardware\20260511_fpga1_board1\restart\random3_restart_auto_formal_bits_1000x125_warmup11_header_delay60s_repeat02_20260515_bps1_lsb.bin,1000000,,,2026-05-15 02:50:32,2026-05-15 02:50:32,0.096,,,,,,,,,,,,,,,,,,,,,,,,missing,,,,,
E:\Project\MLDSA\RO_TRNG\data\hardware\20260511_fpga1_board1\restart\random3_restart_auto_formal_bits_1000x125_warmup11_header_delay60s_repeat02_20260515_bps1_msb.metadata.json,random3_restart_auto_formal_bits_1000x125_warmup11_header_delay60s_repeat02_20260515_bps1_msb.metadata,,,E:\Project\MLDSA\RO_TRNG\data\hardware\20260511_fpga1_board1\restart\random3_restart_auto_formal_bits_1000x125_warmup11_header_delay60s_repeat02_20260515_bps1_msb.bin,1000000,,,2026-05-15 02:50:32,2026-05-15 02:50:32,0.121,,,,,,,,,,,,,,,,,,,,,,,,missing,,,,,
E:\Project\MLDSA\RO_TRNG\data\hardware\20260511_fpga1_board1\restart\random3_restart_auto_formal_bits_1000x125_warmup11_header_delay60s_repeat03_20260522_20260515.metadata.json,random3_restart_auto_formal_bits_1000x125_warmup11_header_delay60s_repeat03_20260522_20260515,z7020_b01,,E:\Project\MLDSA\RO_TRNG\data\hardware\20260511_fpga1_board1\restart\random3_restart_auto_formal_bits_1000x125_warmup11_header_delay60s_repeat03_20260522_20260515.bin,125000,,,2026-05-22 08:39:37,2026-05-22 08:43:29,232.809,COM3,115200,data\vivado_runs\restart_auto_random3_formal_bits_1000x125_warmup11_header_delay60s\RO_TRNG_restart_auto_top.bit,,,,E:\Project\MLDSA\RO_TRNG\data\hardware\20260511_fpga1_board1\restart\xadc_readings.csv,ok,2026-05-22 08:40:41,45.4,1.000,1.796,1.000,,,ok,2026-05-22 08:44:34,45.4,1.000,1.796,1.000,,,ok,0,0,0,0,
E:\Project\MLDSA\RO_TRNG\data\hardware\20260511_fpga1_board1\restart\random3_restart_auto_formal_bits_1000x125_warmup11_header_delay60s_repeat03_20260522_20260515_bps1_lsb.metadata.json,random3_restart_auto_formal_bits_1000x125_warmup11_header_delay60s_repeat03_20260522_20260515_bps1_lsb.metadata,,,E:\Project\MLDSA\RO_TRNG\data\hardware\20260511_fpga1_board1\restart\random3_restart_auto_formal_bits_1000x125_warmup11_header_delay60s_repeat03_20260522_20260515_bps1_lsb.bin,1000000,,,2026-05-22 08:44:56,2026-05-22 08:44:57,0.198,,,,,,,,,,,,,,,,,,,,,,,,missing,,,,,
E:\Project\MLDSA\RO_TRNG\data\hardware\20260511_fpga1_board1\restart\random3_restart_auto_formal_bits_1000x125_warmup11_header_delay60s_repeat03_20260522_20260515_bps1_msb.metadata.json,random3_restart_auto_formal_bits_1000x125_warmup11_header_delay60s_repeat03_20260522_20260515_bps1_msb.metadata,,,E:\Project\MLDSA\RO_TRNG\data\hardware\20260511_fpga1_board1\restart\random3_restart_auto_formal_bits_1000x125_warmup11_header_delay60s_repeat03_20260522_20260515_bps1_msb.bin,1000000,,,2026-05-22 08:44:56,2026-05-22 08:44:56,0.176,,,,,,,,,,,,,,,,,,,,,,,,missing,,,,,
E:\Project\MLDSA\RO_TRNG\data\hardware\20260511_fpga1_board1\restart\random3_restart_auto_formal_bits_1000x125_warmup12_header_delay60s_20260515.metadata.json,random3_restart_auto_formal_bits_1000x125_warmup12_header_delay60s_20260515,,,E:\Project\MLDSA\RO_TRNG\data\hardware\20260511_fpga1_board1\restart\random3_restart_auto_formal_bits_1000x125_warmup12_header_delay60s_20260515.bin,125000,,,2026-05-15 02:06:23,2026-05-15 02:08:35,131.955,COM3,115200,data\vivado_runs\restart_auto_random3_formal_bits_1000x125_warmup12_header_delay60s\RO_TRNG_restart_auto_top.bit,,,,,,,,,,,,,,,,,,,,,missing,,,,,
E:\Project\MLDSA\RO_TRNG\data\hardware\20260511_fpga1_board1\restart\random3_restart_auto_formal_bits_1000x125_warmup12_header_delay60s_20260515_bps1_lsb.metadata.json,random3_restart_auto_formal_bits_1000x125_warmup12_header_delay60s_20260515_bps1_lsb.metadata,,,E:\Project\MLDSA\RO_TRNG\data\hardware\20260511_fpga1_board1\restart\random3_restart_auto_formal_bits_1000x125_warmup12_header_delay60s_20260515_bps1_lsb.bin,1000000,,,2026-05-15 02:09:52,2026-05-15 02:09:52,0.078,,,,,,,,,,,,,,,,,,,,,,,,missing,,,,,
E:\Project\MLDSA\RO_TRNG\data\hardware\20260511_fpga1_board1\restart\random3_restart_auto_formal_bits_1000x125_warmup12_header_delay60s_20260515_bps1_msb.metadata.json,random3_restart_auto_formal_bits_1000x125_warmup12_header_delay60s_20260515_bps1_msb.metadata,,,E:\Project\MLDSA\RO_TRNG\data\hardware\20260511_fpga1_board1\restart\random3_restart_auto_formal_bits_1000x125_warmup12_header_delay60s_20260515_bps1_msb.bin,1000000,,,2026-05-15 02:09:52,2026-05-15 02:09:52,0.089,,,,,,,,,,,,,,,,,,,,,,,,missing,,,,,
E:\Project\MLDSA\RO_TRNG\data\hardware\20260511_fpga1_board1\restart\random3_restart_auto_formal_bits_1000x125_warmup12_header_delay60s_repeat02_20260515.metadata.json,random3_restart_auto_formal_bits_1000x125_warmup12_header_delay60s_repeat02_20260515,,,E:\Project\MLDSA\RO_TRNG\data\hardware\20260511_fpga1_board1\restart\random3_restart_auto_formal_bits_1000x125_warmup12_header_delay60s_repeat02_20260515.bin,125000,,,2026-05-15 02:52:42,2026-05-15 02:54:40,117.74,COM3,115200,data\vivado_runs\restart_auto_random3_formal_bits_1000x125_warmup12_header_delay60s\RO_TRNG_restart_auto_top.bit,,,,,,,,,,,,,,,,,,,,,missing,,,,,
E:\Project\MLDSA\RO_TRNG\data\hardware\20260511_fpga1_board1\restart\random3_restart_auto_formal_bits_1000x125_warmup12_header_delay60s_repeat02_20260515_bps1_lsb.metadata.json,random3_restart_auto_formal_bits_1000x125_warmup12_header_delay60s_repeat02_20260515_bps1_lsb.metadata,,,E:\Project\MLDSA\RO_TRNG\data\hardware\20260511_fpga1_board1\restart\random3_restart_auto_formal_bits_1000x125_warmup12_header_delay60s_repeat02_20260515_bps1_lsb.bin,1000000,,,2026-05-15 02:54:40,2026-05-15 02:54:40,0.107,,,,,,,,,,,,,,,,,,,,,,,,missing,,,,,
E:\Project\MLDSA\RO_TRNG\data\hardware\20260511_fpga1_board1\restart\random3_restart_auto_formal_bits_1000x125_warmup12_header_delay60s_repeat02_20260515_bps1_msb.metadata.json,random3_restart_auto_formal_bits_1000x125_warmup12_header_delay60s_repeat02_20260515_bps1_msb.metadata,,,E:\Project\MLDSA\RO_TRNG\data\hardware\20260511_fpga1_board1\restart\random3_restart_auto_formal_bits_1000x125_warmup12_header_delay60s_repeat02_20260515_bps1_msb.bin,1000000,,,2026-05-15 02:54:40,2026-05-15 02:54:40,0.095,,,,,,,,,,,,,,,,,,,,,,,,missing,,,,,
E:\Project\MLDSA\RO_TRNG\data\hardware\20260511_fpga1_board1\restart\random3_restart_auto_formal_bits_1000x125_warmup12_header_delay60s_repeat03_20260522_20260515.metadata.json,random3_restart_auto_formal_bits_1000x125_warmup12_header_delay60s_repeat03_20260522_20260515,z7020_b01,,E:\Project\MLDSA\RO_TRNG\data\hardware\20260511_fpga1_board1\restart\random3_restart_auto_formal_bits_1000x125_warmup12_header_delay60s_repeat03_20260522_20260515.bin,125000,,,2026-05-22 08:47:58,2026-05-22 08:51:56,237.513,COM3,115200,data\vivado_runs\restart_auto_random3_formal_bits_1000x125_warmup12_header_delay60s\RO_TRNG_restart_auto_top.bit,,,,E:\Project\MLDSA\RO_TRNG\data\hardware\20260511_fpga1_board1\restart\xadc_readings.csv,ok,2026-05-22 08:49:06,45.4,1.000,1.795,1.000,,,ok,2026-05-22 08:53:02,45.5,1.000,1.795,1.000,,,ok,0.1,0,0,0,
E:\Project\MLDSA\RO_TRNG\data\hardware\20260511_fpga1_board1\restart\random3_restart_auto_formal_bits_1000x125_warmup12_header_delay60s_repeat03_20260522_20260515_bps1_lsb.metadata.json,random3_restart_auto_formal_bits_1000x125_warmup12_header_delay60s_repeat03_20260522_20260515_bps1_lsb.metadata,,,E:\Project\MLDSA\RO_TRNG\data\hardware\20260511_fpga1_board1\restart\random3_restart_auto_formal_bits_1000x125_warmup12_header_delay60s_repeat03_20260522_20260515_bps1_lsb.bin,1000000,,,2026-05-22 08:53:24,2026-05-22 08:53:24,0.113,,,,,,,,,,,,,,,,,,,,,,,,missing,,,,,
E:\Project\MLDSA\RO_TRNG\data\hardware\20260511_fpga1_board1\restart\random3_restart_auto_formal_bits_1000x125_warmup12_header_delay60s_repeat03_20260522_20260515_bps1_msb.metadata.json,random3_restart_auto_formal_bits_1000x125_warmup12_header_delay60s_repeat03_20260522_20260515_bps1_msb.metadata,,,E:\Project\MLDSA\RO_TRNG\data\hardware\20260511_fpga1_board1\restart\random3_restart_auto_formal_bits_1000x125_warmup12_header_delay60s_repeat03_20260522_20260515_bps1_msb.bin,1000000,,,2026-05-22 08:53:24,2026-05-22 08:53:24,0.1,,,,,,,,,,,,,,,,,,,,,,,,missing,,,,,
E:\Project\MLDSA\RO_TRNG\data\hardware\20260511_fpga1_board1\restart\random3_restart_auto_formal_bits_1000x125_warmup16_header_delay60s_20260515.metadata.json,random3_restart_auto_formal_bits_1000x125_warmup16_header_delay60s_20260515,,,E:\Project\MLDSA\RO_TRNG\data\hardware\20260511_fpga1_board1\restart\random3_restart_auto_formal_bits_1000x125_warmup16_header_delay60s_20260515.bin,125000,,,2026-05-15 01:53:51,2026-05-15 01:56:10,138.954,COM3,115200,data\vivado_runs\restart_auto_random3_formal_bits_1000x125_warmup16_header_delay60s\RO_TRNG_restart_auto_top.bit,,,,,,,,,,,,,,,,,,,,,missing,,,,,
E:\Project\MLDSA\RO_TRNG\data\hardware\20260511_fpga1_board1\restart\random3_restart_auto_formal_bits_1000x125_warmup16_header_delay60s_20260515_bps1_lsb.metadata.json,random3_restart_auto_formal_bits_1000x125_warmup16_header_delay60s_20260515_bps1_lsb.metadata,,,E:\Project\MLDSA\RO_TRNG\data\hardware\20260511_fpga1_board1\restart\random3_restart_auto_formal_bits_1000x125_warmup16_header_delay60s_20260515_bps1_lsb.bin,1000000,,,2026-05-15 01:57:17,2026-05-15 01:57:17,0.08,,,,,,,,,,,,,,,,,,,,,,,,missing,,,,,
E:\Project\MLDSA\RO_TRNG\data\hardware\20260511_fpga1_board1\restart\random3_restart_auto_formal_bits_1000x125_warmup16_header_delay60s_20260515_bps1_msb.metadata.json,random3_restart_auto_formal_bits_1000x125_warmup16_header_delay60s_20260515_bps1_msb.metadata,,,E:\Project\MLDSA\RO_TRNG\data\hardware\20260511_fpga1_board1\restart\random3_restart_auto_formal_bits_1000x125_warmup16_header_delay60s_20260515_bps1_msb.bin,1000000,,,2026-05-15 01:57:17,2026-05-15 01:57:17,0.08,,,,,,,,,,,,,,,,,,,,,,,,missing,,,,,
E:\Project\MLDSA\RO_TRNG\data\hardware\20260511_fpga1_board1\restart\random3_restart_auto_formal_bits_1000x125_warmup8_header_delay60s_20260515.metadata.json,random3_restart_auto_formal_bits_1000x125_warmup8_header_delay60s_20260515,,,E:\Project\MLDSA\RO_TRNG\data\hardware\20260511_fpga1_board1\restart\random3_restart_auto_formal_bits_1000x125_warmup8_header_delay60s_20260515.bin,125000,,,2026-05-15 01:35:33,2026-05-15 01:37:46,132.661,COM3,115200,data\vivado_runs\restart_auto_random3_formal_bits_1000x125_warmup8_header_delay60s\RO_TRNG_restart_auto_top.bit,,,,,,,,,,,,,,,,,,,,,missing,,,,,
E:\Project\MLDSA\RO_TRNG\data\hardware\20260511_fpga1_board1\restart\random3_restart_auto_formal_bits_1000x125_warmup8_header_delay60s_20260515_bps1_lsb.metadata.json,random3_restart_auto_formal_bits_1000x125_warmup8_header_delay60s_20260515_bps1_lsb.metadata,,,E:\Project\MLDSA\RO_TRNG\data\hardware\20260511_fpga1_board1\restart\random3_restart_auto_formal_bits_1000x125_warmup8_header_delay60s_20260515_bps1_lsb.bin,1000000,,,2026-05-15 01:39:32,2026-05-15 01:39:33,0.523,,,,,,,,,,,,,,,,,,,,,,,,missing,,,,,
E:\Project\MLDSA\RO_TRNG\data\hardware\20260511_fpga1_board1\restart\random3_restart_auto_formal_bits_1000x125_warmup8_header_delay60s_20260515_bps1_msb.metadata.json,random3_restart_auto_formal_bits_1000x125_warmup8_header_delay60s_20260515_bps1_msb.metadata,,,E:\Project\MLDSA\RO_TRNG\data\hardware\20260511_fpga1_board1\restart\random3_restart_auto_formal_bits_1000x125_warmup8_header_delay60s_20260515_bps1_msb.bin,1000000,,,2026-05-15 01:39:32,2026-05-15 01:39:33,0.554,,,,,,,,,,,,,,,,,,,,,,,,missing,,,,,
E:\Project\MLDSA\RO_TRNG\data\hardware\20260511_fpga1_board1\restart\random3_restart_auto_smoke_4x64_20260514.metadata.json,random3_restart_auto_smoke_4x64_20260514,,,E:\Project\MLDSA\RO_TRNG\data\hardware\20260511_fpga1_board1\restart\random3_restart_auto_smoke_4x64_20260514.bin,256,,,2026-05-14 23:36:16,2026-05-14 23:37:30,74.597,COM3,115200,data\vivado_runs\restart_auto_random3_smoke\RO_TRNG_restart_auto_top.bit,,,,,,,,,,,,,,,,,,,,,missing,,,,,
E:\Project\MLDSA\RO_TRNG\data\hardware\20260511_fpga1_board1\restart\random3_restart_pilot_10x1000_20260514.metadata.json,random3_restart_pilot_10x1000_20260514,,,E:\Project\MLDSA\RO_TRNG\data\hardware\20260511_fpga1_board1\restart\random3_restart_pilot_10x1000_20260514.bin,10000,,,2026-05-14 19:01:35,2026-05-14 19:59:09,3454.446,COM3,115200,data\vivado_runs\fpga1_ro_trng_matrix\random_seed3_x36y35\seed_1\RO_TRNG_top.bit,,,,,,,,,,,,,,,,,,,,,missing,,,,,
E:\Project\MLDSA\RO_TRNG\data\hardware\20260511_fpga1_board1\restart\random3_restart_pilot_10x1000_20260514_bps1_msb.bin.metadata.json,random3_restart_pilot_10x1000_20260514_bps1_msb.bin.metadata,,,E:\Project\MLDSA\RO_TRNG\data\hardware\20260511_fpga1_board1\restart\random3_restart_pilot_10x1000_20260514_bps1_msb.bin,80000,,,2026-05-14 20:06:18,2026-05-14 20:06:18,0.016,,,,,,,,,,,,,,,,,,,,,,,,missing,,,,,
E:\Project\MLDSA\RO_TRNG\data\hardware\20260511_fpga1_board1\restart\random3_restart_smoke_2x16_20260514.metadata.json,random3_restart_smoke_2x16_20260514,,,E:\Project\MLDSA\RO_TRNG\data\hardware\20260511_fpga1_board1\restart\random3_restart_smoke_2x16_20260514.bin,32,,,2026-05-14 18:42:28,2026-05-14 18:48:13,345.402,COM3,115200,data\vivado_runs\fpga1_ro_trng_matrix\random_seed3_x36y35\seed_1\RO_TRNG_top.bit,,,,,,,,,,,,,,,,,,,,,missing,,,,,
E:\Project\MLDSA\RO_TRNG\data\hardware\20260511_fpga1_board1\restart\random3_restart_smoke_2x16_20260514_bps1_msb.bin.metadata.json,random3_restart_smoke_2x16_20260514_bps1_msb.bin.metadata,,,E:\Project\MLDSA\RO_TRNG\data\hardware\20260511_fpga1_board1\restart\random3_restart_smoke_2x16_20260514_bps1_msb.bin,256,,,2026-05-14 18:55:49,2026-05-14 18:55:49,0.003,,,,,,,,,,,,,,,,,,,,,,,,missing,,,,,
E:\Project\MLDSA\RO_TRNG\data\hardware\20260511_fpga1_board1\restart\same_column_restart_auto_formal_bits_1000x125_warmup0_header_delay60s_placement01_20260515.metadata.json,same_column_restart_auto_formal_bits_1000x125_warmup0_header_delay60s_placement01_20260515,z7020_b01,,E:\Project\MLDSA\RO_TRNG\data\hardware\20260511_fpga1_board1\restart\same_column_restart_auto_formal_bits_1000x125_warmup0_header_delay60s_placement01_20260515.bin,125000,,,2026-05-22 08:56:46,2026-05-22 09:00:43,237.015,COM3,115200,data\vivado_runs\restart_auto_same_column_formal_bits_1000x125_warmup0_header_delay60s\RO_TRNG_restart_auto_top.bit,,,,E:\Project\MLDSA\RO_TRNG\data\hardware\20260511_fpga1_board1\restart\xadc_readings.csv,ok,2026-05-22 08:57:48,45.5,1.000,1.795,1.000,,,ok,2026-05-22 09:01:39,45.5,1.000,1.795,1.000,,,ok,0,0,0,0,
E:\Project\MLDSA\RO_TRNG\data\hardware\20260511_fpga1_board1\restart\same_column_restart_auto_formal_bits_1000x125_warmup0_header_delay60s_placement01_20260515_bps1_lsb.metadata.json,same_column_restart_auto_formal_bits_1000x125_warmup0_header_delay60s_placement01_20260515_bps1_lsb.metadata,,,E:\Project\MLDSA\RO_TRNG\data\hardware\20260511_fpga1_board1\restart\same_column_restart_auto_formal_bits_1000x125_warmup0_header_delay60s_placement01_20260515_bps1_lsb.bin,1000000,,,2026-05-22 09:02:00,2026-05-22 09:02:00,0.074,,,,,,,,,,,,,,,,,,,,,,,,missing,,,,,
E:\Project\MLDSA\RO_TRNG\data\hardware\20260511_fpga1_board1\restart\same_column_restart_auto_formal_bits_1000x125_warmup0_header_delay60s_placement01_20260515_bps1_msb.metadata.json,same_column_restart_auto_formal_bits_1000x125_warmup0_header_delay60s_placement01_20260515_bps1_msb.metadata,,,E:\Project\MLDSA\RO_TRNG\data\hardware\20260511_fpga1_board1\restart\same_column_restart_auto_formal_bits_1000x125_warmup0_header_delay60s_placement01_20260515_bps1_msb.bin,1000000,,,2026-05-22 09:02:00,2026-05-22 09:02:00,0.077,,,,,,,,,,,,,,,,,,,,,,,,missing,,,,,
E:\Project\MLDSA\RO_TRNG\data\hardware\20260511_fpga1_board1\restart\same_column_restart_auto_formal_bits_1000x125_warmup12_header_delay60s_placement01_20260515.metadata.json,same_column_restart_auto_formal_bits_1000x125_warmup12_header_delay60s_placement01_20260515,z7020_b01,,E:\Project\MLDSA\RO_TRNG\data\hardware\20260511_fpga1_board1\restart\same_column_restart_auto_formal_bits_1000x125_warmup12_header_delay60s_placement01_20260515.bin,125000,,,2026-05-22 09:04:31,2026-05-22 09:08:06,214.718,COM3,115200,data\vivado_runs\restart_auto_same_column_formal_bits_1000x125_warmup12_header_delay60s\RO_TRNG_restart_auto_top.bit,,,,E:\Project\MLDSA\RO_TRNG\data\hardware\20260511_fpga1_board1\restart\xadc_readings.csv,ok,2026-05-22 09:05:29,45.5,1.000,1.795,1.000,,,ok,2026-05-22 09:09:14,45.6,1.000,1.796,1.000,,,ok,0.1,0,0.001,0,
E:\Project\MLDSA\RO_TRNG\data\hardware\20260511_fpga1_board1\restart\same_column_restart_auto_formal_bits_1000x125_warmup12_header_delay60s_placement01_20260515_bps1_lsb.metadata.json,same_column_restart_auto_formal_bits_1000x125_warmup12_header_delay60s_placement01_20260515_bps1_lsb.metadata,,,E:\Project\MLDSA\RO_TRNG\data\hardware\20260511_fpga1_board1\restart\same_column_restart_auto_formal_bits_1000x125_warmup12_header_delay60s_placement01_20260515_bps1_lsb.bin,1000000,,,2026-05-22 09:09:37,2026-05-22 09:09:37,0.081,,,,,,,,,,,,,,,,,,,,,,,,missing,,,,,
E:\Project\MLDSA\RO_TRNG\data\hardware\20260511_fpga1_board1\restart\same_column_restart_auto_formal_bits_1000x125_warmup12_header_delay60s_placement01_20260515_bps1_msb.metadata.json,same_column_restart_auto_formal_bits_1000x125_warmup12_header_delay60s_placement01_20260515_bps1_msb.metadata,,,E:\Project\MLDSA\RO_TRNG\data\hardware\20260511_fpga1_board1\restart\same_column_restart_auto_formal_bits_1000x125_warmup12_header_delay60s_placement01_20260515_bps1_msb.bin,1000000,,,2026-05-22 09:09:36,2026-05-22 09:09:36,0.138,,,,,,,,,,,,,,,,,,,,,,,,missing,,,,,
E:\Project\MLDSA\RO_TRNG\data\hardware\20260511_fpga1_board1\restart\sparse_restart_auto_formal_bits_1000x125_warmup0_header_delay60s_placement01_20260515.metadata.json,sparse_restart_auto_formal_bits_1000x125_warmup0_header_delay60s_placement01_20260515,z7020_b01,,E:\Project\MLDSA\RO_TRNG\data\hardware\20260511_fpga1_board1\restart\sparse_restart_auto_formal_bits_1000x125_warmup0_header_delay60s_placement01_20260515.bin,125000,,,2026-05-22 09:12:07,2026-05-22 09:16:05,237.241,COM3,115200,data\vivado_runs\restart_auto_sparse_formal_bits_1000x125_warmup0_header_delay60s\RO_TRNG_restart_auto_top.bit,,,,E:\Project\MLDSA\RO_TRNG\data\hardware\20260511_fpga1_board1\restart\xadc_readings.csv,ok,2026-05-22 09:13:17,45.8,1.000,1.797,1.001,,,ok,2026-05-22 09:17:01,45.5,1.000,1.795,1.000,,,ok,-0.3,0,-0.002,-0.001,
E:\Project\MLDSA\RO_TRNG\data\hardware\20260511_fpga1_board1\restart\sparse_restart_auto_formal_bits_1000x125_warmup0_header_delay60s_placement01_20260515_bps1_lsb.metadata.json,sparse_restart_auto_formal_bits_1000x125_warmup0_header_delay60s_placement01_20260515_bps1_lsb.metadata,,,E:\Project\MLDSA\RO_TRNG\data\hardware\20260511_fpga1_board1\restart\sparse_restart_auto_formal_bits_1000x125_warmup0_header_delay60s_placement01_20260515_bps1_lsb.bin,1000000,,,2026-05-22 09:17:22,2026-05-22 09:17:22,0.074,,,,,,,,,,,,,,,,,,,,,,,,missing,,,,,
E:\Project\MLDSA\RO_TRNG\data\hardware\20260511_fpga1_board1\restart\sparse_restart_auto_formal_bits_1000x125_warmup0_header_delay60s_placement01_20260515_bps1_msb.metadata.json,sparse_restart_auto_formal_bits_1000x125_warmup0_header_delay60s_placement01_20260515_bps1_msb.metadata,,,E:\Project\MLDSA\RO_TRNG\data\hardware\20260511_fpga1_board1\restart\sparse_restart_auto_formal_bits_1000x125_warmup0_header_delay60s_placement01_20260515_bps1_msb.bin,1000000,,,2026-05-22 09:17:22,2026-05-22 09:17:22,0.078,,,,,,,,,,,,,,,,,,,,,,,,missing,,,,,
E:\Project\MLDSA\RO_TRNG\data\hardware\20260511_fpga1_board1\restart\sparse_restart_auto_formal_bits_1000x125_warmup12_header_delay60s_placement01_20260515.metadata.json,sparse_restart_auto_formal_bits_1000x125_warmup12_header_delay60s_placement01_20260515,z7020_b01,,E:\Project\MLDSA\RO_TRNG\data\hardware\20260511_fpga1_board1\restart\sparse_restart_auto_formal_bits_1000x125_warmup12_header_delay60s_placement01_20260515.bin,125000,,,2026-05-22 09:19:48,2026-05-22 09:23:23,215.06,COM3,115200,data\vivado_runs\restart_auto_sparse_formal_bits_1000x125_warmup12_header_delay60s\RO_TRNG_restart_auto_top.bit,,,,E:\Project\MLDSA\RO_TRNG\data\hardware\20260511_fpga1_board1\restart\xadc_readings.csv,ok,2026-05-22 09:20:45,45.5,1.000,1.795,1.000,,,ok,2026-05-22 09:24:21,45.5,1.000,1.795,1.000,,,ok,0,0,0,0,
E:\Project\MLDSA\RO_TRNG\data\hardware\20260511_fpga1_board1\restart\sparse_restart_auto_formal_bits_1000x125_warmup12_header_delay60s_placement01_20260515_bps1_lsb.metadata.json,sparse_restart_auto_formal_bits_1000x125_warmup12_header_delay60s_placement01_20260515_bps1_lsb.metadata,,,E:\Project\MLDSA\RO_TRNG\data\hardware\20260511_fpga1_board1\restart\sparse_restart_auto_formal_bits_1000x125_warmup12_header_delay60s_placement01_20260515_bps1_lsb.bin,1000000,,,2026-05-22 09:24:42,2026-05-22 09:24:42,0.086,,,,,,,,,,,,,,,,,,,,,,,,missing,,,,,
E:\Project\MLDSA\RO_TRNG\data\hardware\20260511_fpga1_board1\restart\sparse_restart_auto_formal_bits_1000x125_warmup12_header_delay60s_placement01_20260515_bps1_msb.metadata.json,sparse_restart_auto_formal_bits_1000x125_warmup12_header_delay60s_placement01_20260515_bps1_msb.metadata,,,E:\Project\MLDSA\RO_TRNG\data\hardware\20260511_fpga1_board1\restart\sparse_restart_auto_formal_bits_1000x125_warmup12_header_delay60s_placement01_20260515_bps1_msb.bin,1000000,,,2026-05-22 09:24:42,2026-05-22 09:24:42,0.076,,,,,,,,,,,,,,,,,,,,,,,,missing,,,,,
