"Path","Size","LastWriteTime","SHA256"
"data\experiments\correlation\20260513_random1_random3_mechanism_correlation.csv","1659","2026-05-14T01:24:15","86A6FFE2E9D495A8B6BDBAF3A532806868B3D2F8B400526777246EF11AB99814"
"data\experiments\correlation\20260513_random1_random3_mechanism_correlation.md","3331","2026-05-14T01:24:15","4D8232579BF6E6167A5372C9EAFF36BA7593136DEDCC8CA83F98ADFC2F548B8D"
"data\experiments\e0_lut_ro_counter.csv","1301","2026-05-10T01:21:49","2068ED4DB067D3061D05C3FA951FD3E24EB95CB9D1D95C66D61827238BBF091F"
"data\experiments\e1_sel_ro\trng_summary.csv","5249","2026-05-10T01:24:51","043486FBB0D370A730CB56BEE7BF602B4DF98AC2DE5AD79433156546730C0762"
"data\experiments\e1_sel_ro\trng_summary.md","2161","2026-05-10T01:24:51","53D4331E21EC56F5D887DC8717AC0B6FCCD8A810913F55AD590E37010C8A8284"
"data\experiments\e1_sim_top\trng_summary.csv","1796","2026-05-10T01:24:05","022BD2FA4B9EDD3E569D28F7F320E3E082DC925F5F2031286C7E374D87A3993D"
"data\experiments\e1_sim_top\trng_summary.md","827","2026-05-10T01:24:05","1A83881B9D8B60E4264EAC509949872B3D966482ADD90B14A81721DBAC817F85"
"data\experiments\fast_mode\fast_mode_results_20260514.csv","20826","2026-05-24T13:23:26","0BFBA716AF4C9CBF86422A89C66D0F47F41C30CC87ED3DD7891416CD562DD3FD"
"data\experiments\fast_mode\fast_mode_results_20260514.md","23214","2026-05-24T13:23:26","83BBA029F60B5F0922C8E240252DA43FDDB2208017680956D5250D28CE803E68"
"data\experiments\fast_mode\hardware_queue_20260513.csv","2758","2026-05-13T22:39:55","6CBDBF54C02169DFBC9E0F6ABD3A6CCD3775462B792E53102CF3505944518A87"
"data\experiments\fast_mode\hardware_queue_placement_repeat_20260515.csv","3027","2026-05-15T12:12:17","543A3F10478314A75C9DD9620C586DF5729B88B53F1E4BA9E8846232776934A4"
"data\experiments\fast_mode\hardware_queue_placement_repeat_remaining_20260522.csv","1782","2026-05-22T18:51:43","FFF5B022DA22FC4706450F798BD4B2D834E76638760B6A177CEF305F1B8E67A7"
"data\experiments\fast_mode\hardware_queue_restart_sampler_island_20260523.csv","2112","2026-05-23T21:42:59","87A352D9C1B99E4C38CF1B1E54EB75A9966948E0FB69654F19BDABECC03C2617"
"data\experiments\fast_mode\hardware_queue_sampler_ablation_regs_only_20260524.csv","545","2026-05-24T12:33:35","C51E771AE52D1C273CE0D077D02BDF78306D8ADEE6E15DD19BF741A6AD0041AA"
"data\experiments\fast_mode\hardware_queue_sampler_ablation_regs_only_20mib_20260524.csv","508","2026-05-24T12:49:16","8006255F22DE6C82345D1466461E701A7B55865A300E6082104C2149C290A76B"
"data\experiments\fast_mode\hardware_queue_short_20260514.csv","1272","2026-05-14T12:13:31","0117D4158E25CFC273BBEC43026DE2980B7F7DC507B4BA8733AB3890EA3E2946"
"data\experiments\fast_mode\hardware_queue_tdc_pairs_20260514.csv","1940","2026-05-14T02:38:47","B2B9E8C911823D73A6394493353E7C560412D5C4362BE8B6AE73D01240600114"
"data\experiments\fast_mode\hardware_queue_tdc_pairs_remaining_20260514.csv","714","2026-05-14T04:47:37","D2484571EA55C09D10DA685889CE45B586C5A115AC35546C9E84028D4921BFA8"
"data\experiments\fast_mode\hardware_queue_tdc_pairs_repeat02_20260523.csv","2084","2026-05-23T00:11:29","4DABE5DDA212302E53769866C2FE038A08E566FBF7CDC50AA8E0EE820EFD8EA4"
"data\experiments\fast_mode\hardware_queue_tdc_reset_aligned_matrix_20260523.csv","2480","2026-05-23T22:27:58","0381A1440E8B47780CCC01315CFC10915958830C2A4E4DF48F6EBF1DA3CBC866"
"data\experiments\fast_mode\hardware_queue_tdc_reset_aligned_smoke_20260523.csv","1051","2026-05-23T23:25:12","E7F8C631BEBC7B9D0370F837E2EDEA8E72376B55B502E811D6EBC42B01FFCB01"
"data\experiments\fast_mode\hardware_queue_tdc_reset_enable_matrix_20260524.csv","1355","2026-05-24T00:08:49","E28FA870BB4166437F07CAD4E0E1399FA8FB0118C71E416AC64D6C2A5882275A"
"data\experiments\fast_mode\hardware_queue_tdc_reset_enable_matrix_repeat02_20260524.csv","1425","2026-05-24T01:44:29","D796B8E55504B08B3B3C44D983A8B9C9D81AB97FF85F35DBC9AB6BD2CF26C0BC"
"data\experiments\fast_mode\hardware_queue_tdc_reset_enable_random3_ro3_20260524.csv","951","2026-05-24T02:50:18","E6648F95B528A11E68D963469E8FF09595C8208DA392880079FE0D10AC4B68D4"
"data\experiments\fast_mode\hardware_queue_tdc_reset_enable_ro4_20260524.csv","1023","2026-05-24T02:06:47","A43FD88C23A3703A75A7427F7BEEE46FEA12A7F3EFA6C02CDCFDEE21885979B2"
"data\experiments\fast_mode\hardware_queue_tdc_reset_enable_ro4_repeat02_20260524.csv","1057","2026-05-24T02:34:16","B8105D0DC707A5845269037418146C46F82D77DE403C0947162E899DF450DD97"
"data\experiments\fast_mode\hardware_queue_tdc_reset_enable_smoke_20260524.csv","544","2026-05-24T00:30:24","E348757CC38B613B6606C83BD01FE694CA823D8603CA3900FF6B8D87D996D183"
"data\experiments\fast_mode\hardware_queue_tdc_sampler_data_20260523.csv","2615","2026-05-23T15:17:58","EB5FB7DF8AE45E99C2CD85579A4094DC27024F4BAF9962545A57DDD83ADC8F4B"
"data\experiments\fast_mode\hardware_queue_tdc_uart_header_debug_20260523.csv","496","2026-05-23T23:25:24","A1AAF3665E0AB9648923F0C924A80C134ED79F74F3A0A5692C6198749F48D317"
"data\experiments\fast_mode\next_hardware_readiness_20260515.csv","6796","2026-05-22T08:01:14","5A6737645E79937940379555B71BF1D8FBD1B669BA929C30A3DF6252D1305BF0"
"data\experiments\fast_mode\offline_figures_20260513\fig_ro_freq_closest_beats.svg","2857","2026-05-22T23:43:55","9AA1C54BB1A94973C43D7AE402A63B8BC1FC54089461D87ADB511635A1FDD0D9"
"data\experiments\fast_mode\offline_figures_20260513\fig_ro_freq_sample_pulling_ppm.svg","1055","2026-05-22T23:43:55","0A42FF9A35D2AFF52D54F138C0DDE72C85CDFEA9DE530AD6DC946372E7945E86"
"data\experiments\fast_mode\offline_figures_20260513\fig_tdc_code_density_tdc_far_run01.svg","35499","2026-05-22T23:43:55","4FB1163B1DCE86F7BB414C008BA8875361113B0FB931931D7927FD3299BFE3D8"
"data\experiments\fast_mode\offline_figures_20260513\fig_tdc_code_density_tdc_near_run02.svg","35500","2026-05-22T23:43:55","57F02C69F189566FA212374C8C676240FEB851A2896E6D47D28CC9106D83E8EB"
"data\experiments\fast_mode\offline_figures_20260513\fig_tdc_diff_std_ps.svg","1069","2026-05-22T23:43:55","1C37F8F7A5DB7E0B8873C0BA70917DC12BE3AB2B980118BE101AF99118F5BDC2"
"data\experiments\fast_mode\offline_figures_20260513\fig_tdc_phase_pearson_r.svg","1063","2026-05-22T23:43:55","B280E143A283583BB9D47773366FD90125C1DE9F0733E108378A3021D3104C38"
"data\experiments\fast_mode\offline_figures_20260513\fig_trng_abs_bias.svg","3429","2026-05-22T23:43:55","F204FA110CE964166FEA2AFD1F05EB574ADE1644142E414549D3BC2B17945E6C"
"data\experiments\fast_mode\offline_figures_20260513\fig_trng_adjacent_deviation.svg","3433","2026-05-22T23:43:55","E4FB8AF4F6B66FFD4FC8A43F25EC7B3AA34EEBD02FC1C7CC232727F40B321738"
"data\experiments\fast_mode\offline_figures_20260513\fig_trng_bit_min_entropy.svg","3384","2026-05-22T23:43:55","357C6AEE3EA05AD74AAAAE3FE317476D54990B495E9EBE4806FA2A4E765BEC72"
"data\experiments\fast_mode\offline_figures_20260513\figure_data_ro_freq_summary_all_on.csv","2150","2026-05-22T23:43:55","0A073A27A35742D8FD7A59BA16F32CD4CE2A24503531C82E89A762BAFEECAEC5"
"data\experiments\fast_mode\offline_figures_20260513\figure_data_tdc_code_density.csv","78043","2026-05-22T23:43:55","62F11DE7D40AA2956D526B7BEEA792BD26AC58B57A701F74AE1B31D10A34EBB3"
"data\experiments\fast_mode\offline_figures_20260513\README.md","1222","2026-05-22T23:43:55","B490F43EE8C76C9999F34F529C05E8FC60879411A70BE26873BD1A774FE7FE77"
"data\experiments\fast_mode\offline_figures_20260513\table_ro_freq_closest_beats.csv","812","2026-05-22T23:43:55","2BF4D3F067F76397904DF6BA7411CFF63CC8977243F1EF68CE40EED269EE700E"
"data\experiments\fast_mode\offline_figures_20260513\table_ro_freq_closest_beats.md","694","2026-05-22T23:43:55","8D108ED818F5A0E82E37793664CAB6B627B13CE069D1F774E11B4F9336679F9C"
"data\experiments\fast_mode\offline_figures_20260513\table_ro_freq_pulling_summary.csv","374","2026-05-22T23:43:55","0E78F9989D5F21B71311C784688B86B6298A14E3A846D15358665B087C2259F5"
"data\experiments\fast_mode\offline_figures_20260513\table_ro_freq_pulling_summary.md","383","2026-05-22T23:43:55","E8B4CDD37429D3E50DA40AB5889A41C45D65BF69D8718814E93E17E24B7BC334"
"data\experiments\fast_mode\offline_figures_20260513\table_tdc_diff_phase_metrics.csv","632","2026-05-22T23:43:55","787363117806DED033DFC169925FFD939BECDC28E94C940889154BF91F0055C5"
"data\experiments\fast_mode\offline_figures_20260513\table_tdc_diff_phase_metrics.md","652","2026-05-22T23:43:55","F0E4442A65EB1CF633989365608651863139C85B594396AB4E5E2C08A642D429"
"data\experiments\fast_mode\offline_figures_20260513\table_trng_formal_fast_metrics.csv","1513","2026-05-22T23:43:55","6E6E2D399A0A820E385EF754C17905A173FB555AEC886C949F9036A962439472"
"data\experiments\fast_mode\offline_figures_20260513\table_trng_formal_fast_metrics.md","1191","2026-05-22T23:43:55","C11699CF53F6D6C9EC7016713243B647E3CC839FFA414238E554C7276076EEDC"
"data\experiments\fast_mode\offline_figures_20260513\table_trng_repeat_by_placement.csv","3074","2026-05-22T23:43:55","27AE0CFA3BFE4FC3762BCB145882A50FC2DC7ED982DE839E42E16A1C373E3746"
"data\experiments\fast_mode\offline_figures_20260513\table_trng_repeat_by_placement.md","3304","2026-05-22T23:43:55","C44CF326D14F05157CFF959DA7F85C35B825C445AA8FFB2C90447C2AF4E47A2E"
"data\experiments\fast_mode\restart_placement_bitstream_status_20260515.csv","2627","2026-05-15T12:56:41","B5014E6C5EF7762B8A92811F300F874B11E99673DF02582AD39BD31FCC750F94"
"data\experiments\fast_mode\restart_placement_queue_20260515.csv","1885","2026-05-15T13:42:31","28A66E413345B94A952A48615EE40862A90DCCC31D3B584CB45F886513102C9D"
"data\experiments\fast_mode\restart_random1_formal_bits_build\vivado_build.pid","7","2026-05-15T01:05:03","AB8D5EB06FE53B4409E034213ECF7F585D68F51592441BF1C6C30658B399E203"
"data\experiments\fast_mode\restart_random1_formal_bits_build\vivado_build_started.txt","42","2026-05-15T01:05:03","7048AD05B7EA37FD640D9A047335E01CA76042010DA08040B30018A23EF66729"
"data\experiments\fast_mode\restart_random1_formal_bits_capture\capture.pid","7","2026-05-15T01:08:36","020A75D2FCD0F2B7BC0CE7E332D244093CDC104E0A9908537891E02098FE3E39"
"data\experiments\fast_mode\restart_random1_formal_bits_capture\capture_started.txt","42","2026-05-15T01:08:36","0C7FA8E3B82504662CE576B90CCFEB8BE66CE513ADF5E9AB56C79FE4857B83DD"
"data\experiments\fast_mode\restart_random3_formal_bits_repeat02_capture\capture.pid","7","2026-05-15T01:15:36","F06D5FA043542C78DA85FB591E326548B66D35F83B2658E2842CF3274007C91D"
"data\experiments\fast_mode\restart_random3_formal_bits_repeat02_capture\capture_started.txt","42","2026-05-15T01:15:36","ABFB4071FE5873A4BD469B3FDAC9A582828C6F0577970FFB2B57A6B7ED8B8C0B"
"data\experiments\fast_mode\restart_sampler_regs_only_passband_edges_queue_20260524.csv","707","2026-05-24T15:44:42","07DFA40E5B3A3901B1A41939BB4EC7CD96CD9AA2816B81A78E0267F29966515F"
"data\experiments\fast_mode\restart_sampler_regs_only_passband_queue_20260524.csv","890","2026-05-24T15:16:52","09B80F1769216ABEFFEE19EE58DD2E2CB76D38C8B135E079F3EDFCF04B14E520"
"data\experiments\fast_mode\restart_sampler_regs_only_passband_repeat02_queue_20260524.csv","1306","2026-05-24T16:09:25","625845A8A5520846B94178205D1087D8E3E308A9BF8BD16DE99EA394D5621A5F"
"data\experiments\fast_mode\restart_sampler_regs_only_queue_20260524.csv","1156","2026-05-24T13:52:10","B09C1DD02DC101983363E3DA935A73686322F93F1F6906A33CE921BDFE1D68F8"
"data\experiments\fast_mode\restart_sampler_regs_only_warmup_sweep_queue_20260524.csv","962","2026-05-24T14:40:08","856D9D1B651E5A976787B64B8055C9C504981AE756B46A33E22476B5C91F0AD5"
"data\experiments\mechanism_correlation_20260523\existing_mechanism_table_audit.csv","520","2026-05-23T01:07:16","B899F10040AC61D42A58C05F0A9C867461B91AB751F6A5BE1AE1C4B2B5EE2DC6"
"data\experiments\mechanism_correlation_20260523\README.md","2304","2026-05-23T01:07:16","CB826132C4D74F2C75A49B586AF9C5B30955F7DBA4836E4B0357358D9B8FD167"
"data\experiments\mechanism_correlation_20260523\restart_mechanism_correlation_by_placement.csv","789","2026-05-23T01:07:16","BCEE8D14E4D01A85BFC07EDAC4CACE1EB330A4A7794EB7D3A77A2C2044889E6F"
"data\experiments\mechanism_correlation_20260523\restart_mechanism_correlation_rows.csv","13714","2026-05-23T01:07:16","73036DF27ED873F8597E89BE5A07B8BD08C9382831A5A98959D0A3F4EA7799FE"
"data\experiments\mechanism_correlation_20260524\mechanism_correlation_master_by_placement.csv","14579","2026-05-24T16:49:56","7892B21515E4BB7B56B9525BB1B73D71D72E7A17CDBCE438FFAC343C89735D7B"
"data\experiments\mechanism_correlation_20260524\mechanism_correlation_master_table_20260524.md","4006","2026-05-24T16:49:56","08FD1BA3D8D1AEC98F3B12C2D2A1E00824834586C9406362E37873D2CA68B088"
"data\experiments\mechanism_hypothesis_20260523\mechanism_hypothesis_evidence_by_placement.csv","9748","2026-05-23T16:44:17","EE95E62E8C523591497F59075A5925956334E5BB4432CDE6B299884C2CD32534"
"data\experiments\mechanism_hypothesis_20260523\README.md","1734","2026-05-23T16:44:17","C3B83132256CC3B9E551AE198B3CF42614D0E33387283ACF7BCAB25D054F42BE"
"data\experiments\paper_artifacts_20260514\claims_vs_evidence.csv","1081","2026-05-23T01:07:16","3C4953613FABD05F32810DD6A962F5CA9C002BC04206380BA87644AC116B4400"
"data\experiments\paper_artifacts_20260514\claims_vs_evidence.md","1198","2026-05-23T01:07:16","15CB5C1E944BAA12F19FEE3BEF787C050C11B4F38CEA4A349F49413DE02EA483"
"data\experiments\paper_artifacts_20260514\fig_tdc_pair_best_lag_abs_r.svg","4139","2026-05-23T01:07:16","9EC1B8EDB55496FECE8DEC27B8FD31EBFB3E29911A67C665169322A589C9B76C"
"data\experiments\paper_artifacts_20260514\README.md","737","2026-05-23T01:07:16","0E1D3743CA12C32534084F013CF7A8B536EAC99CD4D901116AEAB3045B6D02E4"
"data\experiments\paper_artifacts_20260514\table_placement_trng_repeats.csv","3074","2026-05-23T01:07:16","27AE0CFA3BFE4FC3762BCB145882A50FC2DC7ED982DE839E42E16A1C373E3746"
"data\experiments\paper_artifacts_20260514\table_placement_trng_repeats.md","3304","2026-05-23T01:07:16","C44CF326D14F05157CFF959DA7F85C35B825C445AA8FFB2C90447C2AF4E47A2E"
"data\experiments\paper_artifacts_20260514\table_ro_freq_pulling_summary.csv","374","2026-05-23T01:07:16","0E78F9989D5F21B71311C784688B86B6298A14E3A846D15358665B087C2259F5"
"data\experiments\paper_artifacts_20260514\table_ro_freq_pulling_summary.md","383","2026-05-23T01:07:16","E8B4CDD37429D3E50DA40AB5889A41C45D65BF69D8718814E93E17E24B7BC334"
"data\experiments\paper_artifacts_20260514\table_tdc_pair_dynamics_summary.csv","2151","2026-05-23T01:07:16","ED80EA5228C79EEFB1BAD680D52B20B384E42D45818AB34D618DD3CB7EFC6643"
"data\experiments\paper_artifacts_20260514\table_tdc_pair_dynamics_summary.md","2703","2026-05-23T01:07:16","C1EB1776DB6F54045A632C24D9FEF20EAEE2B30B0F03DA715CEA8D7D6C8E9B1C"
"data\experiments\paper_artifacts_20260514\table_tdc_pair_dynamics_windows.csv","106028","2026-05-23T01:07:16","01FC1E1BD8F5B10CFC27A9BD8418F5E1521EDC5E85CC92E7A95ACC3CDFE2EF23"
"data\experiments\paper_artifacts_20260514\table_tdc_pair_dynamics_windows.md","2487","2026-05-23T01:07:16","062B4CA783C7123F2686F096B7409453714F5445D480A78B370162E3CF87B57B"
"data\experiments\paper_artifacts_20260515\fig_restart_warmup_transition.png","71666","2026-05-15T10:27:45","1F036086A48743D7297A780CA143FC69EEAEA5D7262B739685CF4140050606E8"
"data\experiments\paper_artifacts_20260515\fig_restart_warmup_transition.svg","44875","2026-05-15T10:27:46","18116F14EE0642D89E7A0DE091FBEA888C5C20367E3F3F3C8B70C4FE6DFB9120"
"data\experiments\paper_artifacts_20260515\restart_column_bias_checker_formal_bits_warmup0_placement01\expanded_column_counts.csv","127707","2026-05-22T09:46:57","5BA0E32658D71E8CC51359E84E6390F7F015B0F5BB082A892468F10D0E1316DE"
"data\experiments\paper_artifacts_20260515\restart_column_bias_checker_formal_bits_warmup0_placement01\raw_byte_bit_counts.csv","56001","2026-05-22T09:46:57","F542BCCB2FD49BBF218563ECD42707BDCBDFB616EB038493C9DFD01449D9B2C7"
"data\experiments\paper_artifacts_20260515\restart_column_bias_checker_formal_bits_warmup0_placement01\restart_byte_bit_heatmap.svg","181416","2026-05-22T09:46:57","B48BF76D2ADBCCCC73BC57744AB383D1714C5946DCBAAF35E63361750DA6E179"
"data\experiments\paper_artifacts_20260515\restart_column_bias_checker_formal_bits_warmup0_placement01\summary.json","1964","2026-05-22T09:46:57","3DE6A23C2AC57C1A90B5C146A80C55AF55BD1444959665A91CFE6BCD3DF1A29E"
"data\experiments\paper_artifacts_20260515\restart_column_bias_checker_formal_bits_warmup0_placement01\summary.md","729","2026-05-22T09:46:57","ADE4AAE080E7A5FB7ECA586E1F95AFF432687C6A09252A92FFAD2DC9C19B8CC1"
"data\experiments\paper_artifacts_20260515\restart_column_bias_checker_formal_bits_warmup0_placement01\top_biased_positions.csv","1860","2026-05-22T09:46:57","5FD7B03D340C2CE34289AAD89035491A29CDF79FBB950CBFEF2A78F849A951D6"
"data\experiments\paper_artifacts_20260515\restart_column_bias_checker_formal_bits_warmup12_placement01\expanded_column_counts.csv","127707","2026-05-22T09:54:19","939265625B9728FF4E570B092F2F35397FC6160373DE798BD752BB2EF450988C"
"data\experiments\paper_artifacts_20260515\restart_column_bias_checker_formal_bits_warmup12_placement01\raw_byte_bit_counts.csv","56001","2026-05-22T09:54:19","02FA489BC1AE61D80EB1AA3454D4BB91DD3A9892231406B484A0674D5CC033F8"
"data\experiments\paper_artifacts_20260515\restart_column_bias_checker_formal_bits_warmup12_placement01\restart_byte_bit_heatmap.svg","181419","2026-05-22T09:54:19","409C072713B90F16B98C8F2FEF4552AA13C746D78BEDE68185F825CEC8428D99"
"data\experiments\paper_artifacts_20260515\restart_column_bias_checker_formal_bits_warmup12_placement01\summary.json","1973","2026-05-22T09:54:19","25CAECD849311D177F445077CFBF6C61168A6D86878B5A0C9665B11BFFB87619"
"data\experiments\paper_artifacts_20260515\restart_column_bias_checker_formal_bits_warmup12_placement01\summary.md","733","2026-05-22T09:54:19","AD7C9E9232E5C00B96DC4C6E71A5CFBE478F51EE7A876CFAF6608AD417BB6A16"
"data\experiments\paper_artifacts_20260515\restart_column_bias_checker_formal_bits_warmup12_placement01\top_biased_positions.csv","1885","2026-05-22T09:54:19","01586B3A228B2A2A5FBA6F8A97F78451E493335879A4367C219617AB6763AADB"
"data\experiments\paper_artifacts_20260515\restart_column_bias_compact_formal_bits_warmup0_placement01\expanded_column_counts.csv","127707","2026-05-22T09:32:10","00D635F8A710D22E091D66CAEB840CD023C9B591477231EB08D811262C765557"
"data\experiments\paper_artifacts_20260515\restart_column_bias_compact_formal_bits_warmup0_placement01\raw_byte_bit_counts.csv","56001","2026-05-22T09:32:10","1F391F890342EA570E0D8DAB20CAA390887626BB9A7EC6257C8E6C0B0FBA60C6"
"data\experiments\paper_artifacts_20260515\restart_column_bias_compact_formal_bits_warmup0_placement01\restart_byte_bit_heatmap.svg","181416","2026-05-22T09:32:10","DA2C1E23BA3001ABD6A2C4E5303515125EF2E1D2AE7B2109AA8F5A9F21484DBB"
"data\experiments\paper_artifacts_20260515\restart_column_bias_compact_formal_bits_warmup0_placement01\summary.json","1965","2026-05-22T09:32:10","8FE622DC0B7096891DFF0BD29DB963DDEE5945B1EDE53F22D897959E8DEF435B"
"data\experiments\paper_artifacts_20260515\restart_column_bias_compact_formal_bits_warmup0_placement01\summary.md","730","2026-05-22T09:32:10","25FFCF5BD849ADE1AB5C1C85806EF20A5CFF35A1326456615FD3A368A8C661A6"
"data\experiments\paper_artifacts_20260515\restart_column_bias_compact_formal_bits_warmup0_placement01\top_biased_positions.csv","1850","2026-05-22T09:32:10","750109E95D7A42C08190F6D9B87D144989AF120A08CF32877361300194B89ECD"
"data\experiments\paper_artifacts_20260515\restart_column_bias_compact_formal_bits_warmup12_placement01\expanded_column_counts.csv","127707","2026-05-22T09:39:35","BFF6BC767D108711E5C7C991C65696EE159C00DB1178684E8E12ED6A7C7177AA"
"data\experiments\paper_artifacts_20260515\restart_column_bias_compact_formal_bits_warmup12_placement01\raw_byte_bit_counts.csv","56001","2026-05-22T09:39:35","8B8A04609453E3C9DD5111B659D64B59724D71DB0B8AE1E5FB6830166706895C"
"data\experiments\paper_artifacts_20260515\restart_column_bias_compact_formal_bits_warmup12_placement01\restart_byte_bit_heatmap.svg","181419","2026-05-22T09:39:35","10F60517CCF9CBB04BD63B320D7FFB1DD7490137B30DFE340005C2188585E2D0"
"data\experiments\paper_artifacts_20260515\restart_column_bias_compact_formal_bits_warmup12_placement01\summary.json","1975","2026-05-22T09:39:35","77289A2558C626FF8557E12057E987C34CB307D96004AA9E81C136DC1A7ABF87"
"data\experiments\paper_artifacts_20260515\restart_column_bias_compact_formal_bits_warmup12_placement01\summary.md","735","2026-05-22T09:39:35","9A3601B1E3BE437BC9F3B1EC2C913D5FDA9CA24AFDE78B111643B043EAB49ABA"
"data\experiments\paper_artifacts_20260515\restart_column_bias_compact_formal_bits_warmup12_placement01\top_biased_positions.csv","1882","2026-05-22T09:39:35","75985D992422492691F59DB31C0DABA7E7F3C03EE5AB8F2BAE1B612FE4CE3B30"
"data\experiments\paper_artifacts_20260515\restart_column_bias_random1_formal_bits\expanded_column_counts.csv","127707","2026-05-15T01:11:43","74C87474CE80CA908CC7D2DA2ABEBF6DC1EB560E47CD37322422A96EFA207D1A"
"data\experiments\paper_artifacts_20260515\restart_column_bias_random1_formal_bits\raw_byte_bit_counts.csv","56001","2026-05-15T01:11:43","BD5B504D8CA0DFB54E31E56DD51F3CB0536538AFFBA95BC5E55891A40EFF7FA2"
"data\experiments\paper_artifacts_20260515\restart_column_bias_random1_formal_bits\restart_byte_bit_heatmap.svg","181421","2026-05-15T01:11:43","D78A4F34917810C11CBB32034A6B8A0E83306AC5B9F5750C3F0DD6C49604A92D"
"data\experiments\paper_artifacts_20260515\restart_column_bias_random1_formal_bits\summary.json","1867","2026-05-15T01:11:43","880486D40564C616B1136913D8B3185A42EF72349DD0E24A46B6C2E74E6DDD3E"
"data\experiments\paper_artifacts_20260515\restart_column_bias_random1_formal_bits\summary.md","713","2026-05-15T01:11:43","0FE5EDA58C5DEFFD93FA04212C6334E96177E97BA03D91012E0E81BA424360AA"
"data\experiments\paper_artifacts_20260515\restart_column_bias_random1_formal_bits\top_biased_positions.csv","1861","2026-05-15T01:11:43","B14CB025830CF17CF227E27C7F77E640E93102AD22C7A67428E3A62F8FD0D8AC"
"data\experiments\paper_artifacts_20260515\restart_column_bias_random1_formal_bits_warmup11_contrast01_20260522\expanded_column_counts.csv","127707","2026-05-22T08:19:52","ACDBD0B316E255541B1A853995F484C2FE83679CE06E2943F408A09C10A4BD73"
"data\experiments\paper_artifacts_20260515\restart_column_bias_random1_formal_bits_warmup11_contrast01_20260522\raw_byte_bit_counts.csv","56001","2026-05-22T08:19:52","B7985FA5A1CDADC0EDF64AAA86BCFCB66B24E551FA04A20BC5512DEEFDBCF041"
"data\experiments\paper_artifacts_20260515\restart_column_bias_random1_formal_bits_warmup11_contrast01_20260522\restart_byte_bit_heatmap.svg","181427","2026-05-22T08:19:52","A42CE0386E9735E1A312C8F90C33BDD723BCAAAF6A974E6E48C904318D5FA69D"
"data\experiments\paper_artifacts_20260515\restart_column_bias_random1_formal_bits_warmup11_contrast01_20260522\summary.json","2021","2026-05-22T08:19:52","FB734401F34B729AD13DF8F86C17AF211FF50F63DE5A2E149B96FAEC5D216343"
"data\experiments\paper_artifacts_20260515\restart_column_bias_random1_formal_bits_warmup11_contrast01_20260522\summary.md","748","2026-05-22T08:19:52","DAC091C6A67DAFA9ED0038F8D7E5C02E024F6313D450809F18D51816FD635EC0"
"data\experiments\paper_artifacts_20260515\restart_column_bias_random1_formal_bits_warmup11_contrast01_20260522\top_biased_positions.csv","1889","2026-05-22T08:19:52","13F8BF73F79EBDD6A141B4E537A729FA105A46A840A23F14F85F8CEBB3AC27B4"
"data\experiments\paper_artifacts_20260515\restart_column_bias_random1_formal_bits_warmup12_contrast01_20260522\expanded_column_counts.csv","127707","2026-05-22T08:28:46","D4C55B8E1DD8F7B7B3752EE6572F87FFFB156CC5724DF4BF0444259B70E14B46"
"data\experiments\paper_artifacts_20260515\restart_column_bias_random1_formal_bits_warmup12_contrast01_20260522\raw_byte_bit_counts.csv","56001","2026-05-22T08:28:46","FEFF994DD773D0DC7A8BB242BE65246C0E5483ED261FA26FEE9497196FFDC162"
"data\experiments\paper_artifacts_20260515\restart_column_bias_random1_formal_bits_warmup12_contrast01_20260522\restart_byte_bit_heatmap.svg","181427","2026-05-22T08:28:46","7B4E284B8BD07687468399BD61087B43B9CC3E71E3FBF2177B762AFC617EF6AF"
"data\experiments\paper_artifacts_20260515\restart_column_bias_random1_formal_bits_warmup12_contrast01_20260522\summary.json","2021","2026-05-22T08:28:46","41432E45E51E50C7D8AFC0DE41975D1BEF1DAA913B17B2E398D5BF09F40B456D"
"data\experiments\paper_artifacts_20260515\restart_column_bias_random1_formal_bits_warmup12_contrast01_20260522\summary.md","747","2026-05-22T08:28:46","620EAA3287075F0148C09FA2CC751BF7D6AE24C6790D8BDEDA0985461D67D3AC"
"data\experiments\paper_artifacts_20260515\restart_column_bias_random1_formal_bits_warmup12_contrast01_20260522\top_biased_positions.csv","1865","2026-05-22T08:28:46","58965149A8998345A4081BB6CBE71BA8C2FF53C0C36A6A53839E06769B142F9E"
"data\experiments\paper_artifacts_20260515\restart_column_bias_random1_formal_bits_warmup8_contrast01_20260522\expanded_column_counts.csv","127707","2026-05-22T08:11:34","5805B90D393AC785B13DAB18C7CAEECBE7FF956E97FBB1DABA6C1559A8A0C78A"
"data\experiments\paper_artifacts_20260515\restart_column_bias_random1_formal_bits_warmup8_contrast01_20260522\raw_byte_bit_counts.csv","56001","2026-05-22T08:11:34","B331FCED2DD112AF19114D30071B103A861AAC86D403D727365EEBCCD805AFC8"
"data\experiments\paper_artifacts_20260515\restart_column_bias_random1_formal_bits_warmup8_contrast01_20260522\restart_byte_bit_heatmap.svg","181426","2026-05-22T08:11:34","5561A8602ABA6960E433FD97276EC69BF38DF3B87C6277D32496435C99979CB1"
"data\experiments\paper_artifacts_20260515\restart_column_bias_random1_formal_bits_warmup8_contrast01_20260522\summary.json","2019","2026-05-22T08:11:34","4E21B3FB1F7A0FBE29B36987EC6FD5E55A307F821DC1E1A0C1B0A8EC63915081"
"data\experiments\paper_artifacts_20260515\restart_column_bias_random1_formal_bits_warmup8_contrast01_20260522\summary.md","749","2026-05-22T08:11:34","478BE303006A00F731A684E3A66230B3D9F71C8B81D3FDCA079DA4AE0C2A181E"
"data\experiments\paper_artifacts_20260515\restart_column_bias_random1_formal_bits_warmup8_contrast01_20260522\top_biased_positions.csv","1885","2026-05-22T08:11:34","7C266F8512BD7F47119D6ED5DFDEF9B32DDB20F72E577C417F7E712C84BACE86"
"data\experiments\paper_artifacts_20260515\restart_column_bias_random3_formal_bits\expanded_column_counts.csv","127705","2026-05-15T01:07:21","77292EBB4FD93415DB87C34CBFC10D1A9A61B4F29A101C31E97D202CE269E0CC"
"data\experiments\paper_artifacts_20260515\restart_column_bias_random3_formal_bits\raw_byte_bit_counts.csv","56000","2026-05-15T01:07:21","F018DC4F362E5137BE25D98E044DD152722951053E347E709319F0CAEBA2781E"
"data\experiments\paper_artifacts_20260515\restart_column_bias_random3_formal_bits\restart_byte_bit_heatmap.svg","181421","2026-05-15T01:07:21","38183FB0BD1FA880386A88BD50EF67AF3EF5D2FEECFF544D9D9FE4FFAB620012"
"data\experiments\paper_artifacts_20260515\restart_column_bias_random3_formal_bits\summary.json","1870","2026-05-15T01:07:21","09727FA25B71E5D7E45EDB03141182ADFBCE5FDF0BD38FB472071F114B31C6B2"
"data\experiments\paper_artifacts_20260515\restart_column_bias_random3_formal_bits\summary.md","713","2026-05-15T01:07:21","BDDD13A9BD9FAFE15DC2FCE1CEF7B932E360EE62A22170AF5AA047CD86B0E366"
"data\experiments\paper_artifacts_20260515\restart_column_bias_random3_formal_bits\top_biased_positions.csv","1854","2026-05-15T01:07:21","17C55E606451425C3A585C9F786C6810E79764DBD45399406287433FC382BE32"
"data\experiments\paper_artifacts_20260515\restart_column_bias_random3_formal_bits_repeat02\expanded_column_counts.csv","127703","2026-05-15T01:19:18","C35DE05828B1F0C42093DAD7249DA3BBBD6E5C8DFE95023A1665A680640EAFF6"
"data\experiments\paper_artifacts_20260515\restart_column_bias_random3_formal_bits_repeat02\raw_byte_bit_counts.csv","55999","2026-05-15T01:19:18","C977251718A432B7FCF71AAA84BDD591040DA7842142DE6FFFAF5653D6E82E8F"
"data\experiments\paper_artifacts_20260515\restart_column_bias_random3_formal_bits_repeat02\restart_byte_bit_heatmap.svg","181430","2026-05-15T01:19:18","83B550527DE77C92CEB8B1D1675B3B43401A767C9F9D19094C690D3A0FF674C0"
"data\experiments\paper_artifacts_20260515\restart_column_bias_random3_formal_bits_repeat02\summary.json","1926","2026-05-15T01:19:18","477E3F07F6F6CB25FE2F3008A674FB2AC92DED787B3E945FCACD9377BBDF68F0"
"data\experiments\paper_artifacts_20260515\restart_column_bias_random3_formal_bits_repeat02\summary.md","733","2026-05-15T01:19:18","257C7826F561E3A9E56912360DF6FE2E0901F9DE22256DC20EE8143549060C63"
"data\experiments\paper_artifacts_20260515\restart_column_bias_random3_formal_bits_repeat02\top_biased_positions.csv","1869","2026-05-15T01:19:18","F53EEEBB4D63E49A27D4257265A64E5CBA7BDC72F0035CFDF1CFB5B767A5721E"
"data\experiments\paper_artifacts_20260515\restart_column_bias_random3_formal_bits_warmup10\expanded_column_counts.csv","127495","2026-05-15T02:19:54","3EA2CC7151385CC98D1EC12262A3695A0CD37B8D90E06BDAEDA858D8863B3B18"
"data\experiments\paper_artifacts_20260515\restart_column_bias_random3_formal_bits_warmup10\raw_byte_bit_counts.csv","55895","2026-05-15T02:19:54","895BFC5FBE735A58B049F1B3EDCED8A0A3F98F95C3842489670FE52B6A10C5D1"
"data\experiments\paper_artifacts_20260515\restart_column_bias_random3_formal_bits_warmup10\restart_byte_bit_heatmap.svg","181407","2026-05-15T02:19:54","47C5B4E08D1B664A7F7D9344C0EAB20106E3EEB65B29FAD6DA132641B596279D"
"data\experiments\paper_artifacts_20260515\restart_column_bias_random3_formal_bits_warmup10\summary.json","1903","2026-05-15T02:19:54","B2A8B45EB6DE9E1AB976EA8478A0BD5A6D627938816ADBDD94768E9BECC024DA"
"data\experiments\paper_artifacts_20260515\restart_column_bias_random3_formal_bits_warmup10\summary.md","708","2026-05-15T02:19:54","EE9BB7B57B69AAFADD2A01CC8E3154B56358C94247AF4EE1B03F7DB12B2E5E04"
"data\experiments\paper_artifacts_20260515\restart_column_bias_random3_formal_bits_warmup10\top_biased_positions.csv","1843","2026-05-15T02:19:54","1EEEA53765A5B09937F26DEA5F48B544B01C2FB0A68AA75E444990CD6D12A24B"
"data\experiments\paper_artifacts_20260515\restart_column_bias_random3_formal_bits_warmup10_repeat02\expanded_column_counts.csv","127529","2026-05-15T02:46:22","9D95FB139F0B237624C34889BE1A2B954BD87F3146C209A19DA01A8844B5AC5D"
"data\experiments\paper_artifacts_20260515\restart_column_bias_random3_formal_bits_warmup10_repeat02\raw_byte_bit_counts.csv","55912","2026-05-15T02:46:22","763CE5041B3CC5CBB530CE0F2E4D490E4C18E75A621D9A41F65AE05BEEC4625B"
"data\experiments\paper_artifacts_20260515\restart_column_bias_random3_formal_bits_warmup10_repeat02\restart_byte_bit_heatmap.svg","181416","2026-05-15T02:46:22","938576DB70615E1C934F87BD6FEF2A53D4A42F1424D87A0E19E3FEC255C4CA29"
"data\experiments\paper_artifacts_20260515\restart_column_bias_random3_formal_bits_warmup10_repeat02\summary.json","1956","2026-05-15T02:46:22","59EFEAAB8C4BC3D86E74DE3E6E8656522616CAC85B15920FDA9A1CAEBBEA5E68"
"data\experiments\paper_artifacts_20260515\restart_column_bias_random3_formal_bits_warmup10_repeat02\summary.md","726","2026-05-15T02:46:22","806826321BF8FFB4B14B5562215190A95E0E05CDEC926A81E45A2E349237AB83"
"data\experiments\paper_artifacts_20260515\restart_column_bias_random3_formal_bits_warmup10_repeat02\top_biased_positions.csv","1835","2026-05-15T02:46:22","F377F475B4C9114B69EDBED3FC57D00BEC0AAAEB55448A7F6C16FB77ADFBE197"
"data\experiments\paper_artifacts_20260515\restart_column_bias_random3_formal_bits_warmup10_repeat03_20260522\expanded_column_counts.csv","127491","2026-05-22T08:36:56","4BD5260A27A6EB58B80303C52E0EB24D4E1E673597708EC0FE262D1AB69D5177"
"data\experiments\paper_artifacts_20260515\restart_column_bias_random3_formal_bits_warmup10_repeat03_20260522\raw_byte_bit_counts.csv","55893","2026-05-22T08:36:56","1C91AC24FEEAE78BAE151733AA952EE38C986D323DDF740AE9F18D183E84C689"
"data\experiments\paper_artifacts_20260515\restart_column_bias_random3_formal_bits_warmup10_repeat03_20260522\restart_byte_bit_heatmap.svg","181425","2026-05-22T08:36:56","0317A833927C1C63F2FC266FADE59D27670A5506618C2275694625B65945F75E"
"data\experiments\paper_artifacts_20260515\restart_column_bias_random3_formal_bits_warmup10_repeat03_20260522\summary.json","2010","2026-05-22T08:36:56","4AAF49450B80080C3BEDED386952F57CBF5A808ADC6E44C74B5AEA193643C81D"
"data\experiments\paper_artifacts_20260515\restart_column_bias_random3_formal_bits_warmup10_repeat03_20260522\summary.md","743","2026-05-22T08:36:56","25995A11EB4AA9DF217E63FECF8D2F98E2F15DDCD698EEA829085A452F34CE0B"
"data\experiments\paper_artifacts_20260515\restart_column_bias_random3_formal_bits_warmup10_repeat03_20260522\top_biased_positions.csv","1834","2026-05-22T08:36:56","810D967BA6819EF2E2111C6C85406E9F47A30AFCBA3A225B156B20EDBADBFF9F"
"data\experiments\paper_artifacts_20260515\restart_column_bias_random3_formal_bits_warmup11\expanded_column_counts.csv","127707","2026-05-15T02:31:31","07335A4B65CAE2CCFD995E0E4E62C1EDF4A03DC1224FE9820E1DC83E4D1C8C2E"
"data\experiments\paper_artifacts_20260515\restart_column_bias_random3_formal_bits_warmup11\raw_byte_bit_counts.csv","56001","2026-05-15T02:31:31","2F4DFF62ECA83F1B757FD2D5F8992BAD0BCF21B57C0BE07C585901E94069361A"
"data\experiments\paper_artifacts_20260515\restart_column_bias_random3_formal_bits_warmup11\restart_byte_bit_heatmap.svg","181407","2026-05-15T02:31:31","60F38618B0C386880CB27DFE7FB6DB3CFC794908D1C65456395212287CC9F5C1"
"data\experiments\paper_artifacts_20260515\restart_column_bias_random3_formal_bits_warmup11\summary.json","1902","2026-05-15T02:31:32","BD17465768C2D1587E10C9C11A1B364A336429EE49C33B07E11D36B240293AD1"
"data\experiments\paper_artifacts_20260515\restart_column_bias_random3_formal_bits_warmup11\summary.md","708","2026-05-15T02:31:32","F3B60EBF055C38C68A2F58485739B88A2960F0851FDC94A9ED01000F7AA5CCC3"
"data\experiments\paper_artifacts_20260515\restart_column_bias_random3_formal_bits_warmup11\top_biased_positions.csv","1877","2026-05-15T02:31:31","2F76CCB230CB589EC8223C46AD9B74D575AE5F5E191EE6B446C3CF9C01BBBFCF"
"data\experiments\paper_artifacts_20260515\restart_column_bias_random3_formal_bits_warmup11_repeat02\expanded_column_counts.csv","127707","2026-05-15T02:50:32","D95CD80080FFDF7C2A7AF3C0ADFC01EB41979D051740A088B6F467E25B81058B"
"data\experiments\paper_artifacts_20260515\restart_column_bias_random3_formal_bits_warmup11_repeat02\raw_byte_bit_counts.csv","56001","2026-05-15T02:50:32","9DF87AFD216EB008C5F4C05AB50D58F9C6B1619EE57FDB2F0D8F6DB0615DCB79"
"data\experiments\paper_artifacts_20260515\restart_column_bias_random3_formal_bits_warmup11_repeat02\restart_byte_bit_heatmap.svg","181416","2026-05-15T02:50:32","71BBF09A09057E4AA9C0DBF735E4422836521F91073377A3A14101C16E365144"
"data\experiments\paper_artifacts_20260515\restart_column_bias_random3_formal_bits_warmup11_repeat02\summary.json","1959","2026-05-15T02:50:32","14966885C2065131971B456F9EC524D13833A86A3227AD53AA1F1F7B80D1E1C0"
"data\experiments\paper_artifacts_20260515\restart_column_bias_random3_formal_bits_warmup11_repeat02\summary.md","729","2026-05-15T02:50:32","1C4D489C8A4BDFC6F3485BDED4A76241A3042FA29FAEC0C8B4871CE4AA9D9336"
"data\experiments\paper_artifacts_20260515\restart_column_bias_random3_formal_bits_warmup11_repeat02\top_biased_positions.csv","1874","2026-05-15T02:50:32","14EBB07FAFEBCBD633E52E3F8F40524E602BBA32ABFF1CEF02C688F8EF392845"
"data\experiments\paper_artifacts_20260515\restart_column_bias_random3_formal_bits_warmup11_repeat03_20260522\expanded_column_counts.csv","127707","2026-05-22T08:44:57","5A4F2AAF9B8F4F674B4FC8B57285B95F905AE470C2DFF1DEAB1692087591FCA3"
"data\experiments\paper_artifacts_20260515\restart_column_bias_random3_formal_bits_warmup11_repeat03_20260522\raw_byte_bit_counts.csv","56001","2026-05-22T08:44:57","1FE1B38614D8EB7D0504B47F12B8546505A86503756B9EA2B8B9BA5825F4D179"
"data\experiments\paper_artifacts_20260515\restart_column_bias_random3_formal_bits_warmup11_repeat03_20260522\restart_byte_bit_heatmap.svg","181425","2026-05-22T08:44:57","31C9DD823BAF98363A3525DE879761E6C486638821D2D47329B6D91AFAAFB220"
"data\experiments\paper_artifacts_20260515\restart_column_bias_random3_formal_bits_warmup11_repeat03_20260522\summary.json","2006","2026-05-22T08:44:57","B040BF040241BF52C8972EBC86A1279E99D38CAB4A25F6BE9977DCA309A4AC9F"
"data\experiments\paper_artifacts_20260515\restart_column_bias_random3_formal_bits_warmup11_repeat03_20260522\summary.md","742","2026-05-22T08:44:57","50C70121B4E1903A907798FBD6E2843554B0126D3543207FB3653D1750C21E2C"
"data\experiments\paper_artifacts_20260515\restart_column_bias_random3_formal_bits_warmup11_repeat03_20260522\top_biased_positions.csv","1877","2026-05-22T08:44:57","1E03499378008BE4CA56F416D321AC9BD7C3846B6A37E83F11E22652274E99C0"
"data\experiments\paper_artifacts_20260515\restart_column_bias_random3_formal_bits_warmup12\expanded_column_counts.csv","127707","2026-05-15T02:09:52","91D474639A035DEA686D35BD010A20487F0783ED7BB401F2E1A4DB004A0980E7"
"data\experiments\paper_artifacts_20260515\restart_column_bias_random3_formal_bits_warmup12\raw_byte_bit_counts.csv","56001","2026-05-15T02:09:52","D3CA8768976BBB6ADFCA7DD211D63B36DFD64C8070589EA29457C15AE770BD12"
"data\experiments\paper_artifacts_20260515\restart_column_bias_random3_formal_bits_warmup12\restart_byte_bit_heatmap.svg","181407","2026-05-15T02:09:52","9F2164B3238DD99246AE1D0B91670B387B32AF14CDCB1463DF96B92FC3A687C4"
"data\experiments\paper_artifacts_20260515\restart_column_bias_random3_formal_bits_warmup12\summary.json","1905","2026-05-15T02:09:52","70AFD7578B9B02B0183FAFD0A16A0D76330D17631A56ABB6B33B59B6C01A2452"
"data\experiments\paper_artifacts_20260515\restart_column_bias_random3_formal_bits_warmup12\summary.md","711","2026-05-15T02:09:52","32D514014CF315C08CB6C9321F1E456031C298ADDA55FED5436A80B5EAEC96DA"
"data\experiments\paper_artifacts_20260515\restart_column_bias_random3_formal_bits_warmup12\top_biased_positions.csv","1890","2026-05-15T02:09:52","0357C8F59E9731A8C4F20C38D04E7EC83E4FBE3DB1062C1AB8A65B8D11C58904"
"data\experiments\paper_artifacts_20260515\restart_column_bias_random3_formal_bits_warmup12_repeat02\expanded_column_counts.csv","127707","2026-05-15T02:54:41","44EFD08581A63ABB491EFA0EDA6DFAD826A9BEC840BCF08A412816393E240BC8"
"data\experiments\paper_artifacts_20260515\restart_column_bias_random3_formal_bits_warmup12_repeat02\raw_byte_bit_counts.csv","56001","2026-05-15T02:54:41","D36CFE972B9184198BB70E511946CB5951063239564602C88C6963CD439B81D2"
"data\experiments\paper_artifacts_20260515\restart_column_bias_random3_formal_bits_warmup12_repeat02\restart_byte_bit_heatmap.svg","181416","2026-05-15T02:54:41","FC9BD1C36C0C74389029BF9B57A99D616A0CBAA8FE407098F573CDAFF7C42723"
"data\experiments\paper_artifacts_20260515\restart_column_bias_random3_formal_bits_warmup12_repeat02\summary.json","1960","2026-05-15T02:54:41","66130B05C93D422289E26007185F5245D09AADB29E7677ED76A2DD2E9448B899"
"data\experiments\paper_artifacts_20260515\restart_column_bias_random3_formal_bits_warmup12_repeat02\summary.md","730","2026-05-15T02:54:41","201C4FBC9C049068F3080BB37793AF59D70F9A2A26A990A17589A49B677B857B"
"data\experiments\paper_artifacts_20260515\restart_column_bias_random3_formal_bits_warmup12_repeat02\top_biased_positions.csv","1877","2026-05-15T02:54:41","3892291264B6237A9655F0E88694F623ECE2B4F331813B32A2ACFC7F3D74B0AC"
"data\experiments\paper_artifacts_20260515\restart_column_bias_random3_formal_bits_warmup12_repeat03_20260522\expanded_column_counts.csv","127707","2026-05-22T08:53:24","85C2E83FE3324AD0402D1576FA616129FBCBFB28B3BFA888F022B5E5DFFEC63B"
"data\experiments\paper_artifacts_20260515\restart_column_bias_random3_formal_bits_warmup12_repeat03_20260522\raw_byte_bit_counts.csv","56001","2026-05-22T08:53:24","232689BA9144EC4E0B2499E4A12F7654F720CB0E226BDB7D3CC90AB8D6AEE192"
"data\experiments\paper_artifacts_20260515\restart_column_bias_random3_formal_bits_warmup12_repeat03_20260522\restart_byte_bit_heatmap.svg","181425","2026-05-22T08:53:24","842DDA6B5727F69668640E9F2A3078A19AD633764233D740813DA69AD14E642B"
"data\experiments\paper_artifacts_20260515\restart_column_bias_random3_formal_bits_warmup12_repeat03_20260522\summary.json","2013","2026-05-22T08:53:24","FAD0474ECD4361AEA4082DEBD266C91ECEE9C087D6DECAEB940D3D95C12F84FA"
"data\experiments\paper_artifacts_20260515\restart_column_bias_random3_formal_bits_warmup12_repeat03_20260522\summary.md","747","2026-05-22T08:53:24","5E06F7C6C1B52207AFD7547DE15ACFED87E159390B1C5FD9316880720C098668"
"data\experiments\paper_artifacts_20260515\restart_column_bias_random3_formal_bits_warmup12_repeat03_20260522\top_biased_positions.csv","1888","2026-05-22T08:53:24","85B61E80409E28D52E8A8C420665899B0A9D1C3000EE7ED520838FA3382D871B"
"data\experiments\paper_artifacts_20260515\restart_column_bias_random3_formal_bits_warmup16\expanded_column_counts.csv","127707","2026-05-15T01:57:17","E994CCD3502C784B0CF5661E664F5DBC440072823FB7665C8E2DB3E275E62231"
"data\experiments\paper_artifacts_20260515\restart_column_bias_random3_formal_bits_warmup16\raw_byte_bit_counts.csv","56001","2026-05-15T01:57:17","89F81019B57593EF7B183C3FED31ED5A86107DADB29DC0EB8ABD8D6C4AAFC064"
"data\experiments\paper_artifacts_20260515\restart_column_bias_random3_formal_bits_warmup16\restart_byte_bit_heatmap.svg","181407","2026-05-15T01:57:17","11FC5EBD20298B2977328FE8DD6028358EDCDC5691308D0B9800F8A8B9418E4F"
"data\experiments\paper_artifacts_20260515\restart_column_bias_random3_formal_bits_warmup16\summary.json","1904","2026-05-15T01:57:17","4890E084C721553A4EDAD920DE64C5D04537DECF6D366BD574FBA52A7E82C566"
"data\experiments\paper_artifacts_20260515\restart_column_bias_random3_formal_bits_warmup16\summary.md","711","2026-05-15T01:57:17","4D1790DF7D72903801606D8B1940F6DEDE6F7FA51D97DC59F5DA33019EB81277"
"data\experiments\paper_artifacts_20260515\restart_column_bias_random3_formal_bits_warmup16\top_biased_positions.csv","1888","2026-05-15T01:57:17","C8B4648845353723324C49B0C0D8E7A9C7F94EA44CFDBEAB9D988C545D2D8423"
"data\experiments\paper_artifacts_20260515\restart_column_bias_random3_formal_bits_warmup8\expanded_column_counts.csv","125921","2026-05-15T01:39:58","EC043D58D7AE67FC5A753297CD5C46B5A3E0D5ADD5E394A5B3A261C3AED6F87A"
"data\experiments\paper_artifacts_20260515\restart_column_bias_random3_formal_bits_warmup8\raw_byte_bit_counts.csv","55108","2026-05-15T01:39:58","562236C3B768690F3584037D8B12A1E2271D8380E5C2A117BF1D014EEBECD855"
"data\experiments\paper_artifacts_20260515\restart_column_bias_random3_formal_bits_warmup8\restart_byte_bit_heatmap.svg","181364","2026-05-15T01:39:58","5C7B007B377D73B1CD7F08705F44E4BE534E983038C9293D0BB70A88892BE7A2"
"data\experiments\paper_artifacts_20260515\restart_column_bias_random3_formal_bits_warmup8\summary.json","1897","2026-05-15T01:39:58","567492206D36DE332930D37DF0AD133CF6A96F8FFE19560E5EF1902661F042A3"
"data\experiments\paper_artifacts_20260515\restart_column_bias_random3_formal_bits_warmup8\summary.md","706","2026-05-15T01:39:58","EC2031C786A17A321976AC4182947846FED55BF3C49957BA78070C4FA64B3E92"
"data\experiments\paper_artifacts_20260515\restart_column_bias_random3_formal_bits_warmup8\top_biased_positions.csv","1817","2026-05-15T01:39:58","81AA9DDE4B5533B772B01CBB144303429D1C6F7C0887E0501B05D7ED693ACAD0"
"data\experiments\paper_artifacts_20260515\restart_column_bias_same_column_formal_bits_warmup0_placement01\expanded_column_counts.csv","127705","2026-05-22T09:02:00","70F7EACF6C27D9326D6D85899C61D9A3DCC3749F7342A1FD07D5EE30981B7A3A"
"data\experiments\paper_artifacts_20260515\restart_column_bias_same_column_formal_bits_warmup0_placement01\raw_byte_bit_counts.csv","56000","2026-05-22T09:02:00","9DEB03A057B8EAB638B3132DD711C0641189ACEA9C23204D29107CB4AA8F03D4"
"data\experiments\paper_artifacts_20260515\restart_column_bias_same_column_formal_bits_warmup0_placement01\restart_byte_bit_heatmap.svg","181395","2026-05-22T09:02:00","E655303B001B551A943C49518F8F4A794B590359CD0EE3384028606C8B6BE143"
"data\experiments\paper_artifacts_20260515\restart_column_bias_same_column_formal_bits_warmup0_placement01\summary.json","1988","2026-05-22T09:02:00","A4C70AB036C3E7F824F07CF01ADE9328102D76F97339A9A999D505CFF85CD906"
"data\experiments\paper_artifacts_20260515\restart_column_bias_same_column_formal_bits_warmup0_placement01\summary.md","736","2026-05-22T09:02:00","725500D1181E0FB0F5F5D7203D6FBAD03CA1161EF313CA7FD6948F447604DFAF"
"data\experiments\paper_artifacts_20260515\restart_column_bias_same_column_formal_bits_warmup0_placement01\top_biased_positions.csv","1826","2026-05-22T09:02:00","FD38FFAA24323A0BD2BD84D85D360D71A6A2B82A325FAB33204C523F56E35F1B"
"data\experiments\paper_artifacts_20260515\restart_column_bias_same_column_formal_bits_warmup12_placement01\expanded_column_counts.csv","127707","2026-05-22T09:09:37","E5ADD1AE078E14057524E359918ABCA4A6AAAC405ADB6E350ABB6835D3055141"
"data\experiments\paper_artifacts_20260515\restart_column_bias_same_column_formal_bits_warmup12_placement01\raw_byte_bit_counts.csv","56001","2026-05-22T09:09:37","90461AD68DBE4294FD5A2A53DF794129D73880D994A81D11787421B95C83E363"
"data\experiments\paper_artifacts_20260515\restart_column_bias_same_column_formal_bits_warmup12_placement01\restart_byte_bit_heatmap.svg","181423","2026-05-22T09:09:37","08FA0B9FBC41CDEDDA67778CB67C4448DF3A41091AD2863CB94503495521A669"
"data\experiments\paper_artifacts_20260515\restart_column_bias_same_column_formal_bits_warmup12_placement01\summary.json","1998","2026-05-22T09:09:37","B1B3DCF6E8CA095385B93A24F70F6BFC8F644CEAA51D7D9A43E1C3DAE93F5A1B"
"data\experiments\paper_artifacts_20260515\restart_column_bias_same_column_formal_bits_warmup12_placement01\summary.md","743","2026-05-22T09:09:37","EE1EF3AF3387EE12641591C61D13F5D9B1DCCC56ACC3D4FBB29E965F485AC646"
"data\experiments\paper_artifacts_20260515\restart_column_bias_same_column_formal_bits_warmup12_placement01\top_biased_positions.csv","1886","2026-05-22T09:09:37","44C45A3AFEB74836A2ACC1F8AF29CFF1DBE80338FCBD10693B374C18F99D8913"
"data\experiments\paper_artifacts_20260515\restart_column_bias_sparse_formal_bits_warmup0_placement01\expanded_column_counts.csv","127707","2026-05-22T09:17:23","A2408F62FAF7059EFDB51BFA9CB528A07F990F407BDEFC4D8837C3A902047ABA"
"data\experiments\paper_artifacts_20260515\restart_column_bias_sparse_formal_bits_warmup0_placement01\raw_byte_bit_counts.csv","56001","2026-05-22T09:17:23","82A24B780FD43062D5B028458D0109111541CF6A12EDFC9722DE9F4E96EB32EB"
"data\experiments\paper_artifacts_20260515\restart_column_bias_sparse_formal_bits_warmup0_placement01\restart_byte_bit_heatmap.svg","181399","2026-05-22T09:17:23","68851369A160332A0F98F2D0757E33CA96FB38FA1C11D33FF986BCB3171A6678"
"data\experiments\paper_artifacts_20260515\restart_column_bias_sparse_formal_bits_warmup0_placement01\summary.json","1959","2026-05-22T09:17:23","EC9DD45C38CF9A4BA6864D5B3AD2117D172122B73BB5148AF97C74BA1B63765B"
"data\experiments\paper_artifacts_20260515\restart_column_bias_sparse_formal_bits_warmup0_placement01\summary.md","727","2026-05-22T09:17:23","A845AE6DFC7E98B370F594FA5C0D3A75EE5F7AEDB7B1C5C29F6059BCB420A932"
"data\experiments\paper_artifacts_20260515\restart_column_bias_sparse_formal_bits_warmup0_placement01\top_biased_positions.csv","1842","2026-05-22T09:17:23","A43493987A4D6DF1B7C9A02506D4601FB16510C442B23AA95A57746EBD85390C"
"data\experiments\paper_artifacts_20260515\restart_column_bias_sparse_formal_bits_warmup12_placement01\expanded_column_counts.csv","127707","2026-05-22T09:24:43","E3DA89215CEC39C988C3B286849036B4185F5C0D713124687BF986E85288E28E"
"data\experiments\paper_artifacts_20260515\restart_column_bias_sparse_formal_bits_warmup12_placement01\raw_byte_bit_counts.csv","56001","2026-05-22T09:24:43","241470AF3114614A245369CAD68C95581219FB1E429F195F88F73B71DF770B94"
"data\experiments\paper_artifacts_20260515\restart_column_bias_sparse_formal_bits_warmup12_placement01\restart_byte_bit_heatmap.svg","181418","2026-05-22T09:24:43","5FD0C43F5181F0E53F62F1577A8ADD595E757A377896679E103F7CDC64420548"
"data\experiments\paper_artifacts_20260515\restart_column_bias_sparse_formal_bits_warmup12_placement01\summary.json","1966","2026-05-22T09:24:43","43F79AC15FFA454D11ECF0853F6465279E4043642C4BC6871E592840C9FF2451"
"data\experiments\paper_artifacts_20260515\restart_column_bias_sparse_formal_bits_warmup12_placement01\summary.md","730","2026-05-22T09:24:43","B10ABDF5517379D55EA6DE9D34769DC4FF53DB0D703FEE82142066121D647997"
"data\experiments\paper_artifacts_20260515\restart_column_bias_sparse_formal_bits_warmup12_placement01\top_biased_positions.csv","1884","2026-05-22T09:24:43","E45275E4B2D4E72B57935AAFAA085CF3FB283777F4EC063104C1DE44F131B39C"
"data\experiments\paper_artifacts_20260515\table_restart_mechanism_link.csv","19750","2026-05-15T10:27:42","17D2D6FC3958B69805E39F5C731EF667C407AD3146AD0009F47F4EA633D291A9"
"data\experiments\paper_artifacts_20260515\table_restart_mechanism_link.md","3012","2026-05-15T10:27:42","3BD4C563B783D28091A72C5C089C87D9AD527A64E76BEDBE3232624447C00ED0"
"data\experiments\paper_artifacts_20260515\table_restart_warmup_transition.csv","1051","2026-05-15T02:40:52","9C9E872FD5DFF0DEF71A06B3C4BED7E959D87D0794DB4223202D076365D3553A"
"data\experiments\paper_artifacts_20260515\table_restart_warmup_transition.md","824","2026-05-15T02:40:52","40BF09C91302BB88EFA12E23B74CF6FB8ABDF6B38383EEC6D2D2E7B6F9947970"
"data\experiments\paper_artifacts_20260515\table_restart_warmup_transition_with_repeats.csv","221","2026-05-15T10:27:42","D93AAD987AE42AEB4BA9C3F14C379216E286E4C281BF8CDBAF827EDC8B4161A0"
"data\experiments\paper_artifacts_20260515\tmp_warmup12_table_debug\table_restart_mechanism_link.csv","3689","2026-05-15T02:13:26","B5E34C3CD412DD8038F06EAF46CECB70C22706BAE2D91D6F25EA8F6789EC5C0F"
"data\experiments\paper_artifacts_20260515\tmp_warmup12_table_debug\table_restart_mechanism_link.md","306","2026-05-15T02:13:26","20F2FB626EB5319EBBA01087B7B4B0E2421A2FF7956434504A09669F224C7A4E"
"data\experiments\paper_artifacts_20260515\tmp_warmup8_table_debug\table_restart_mechanism_link.csv","3683","2026-05-15T01:45:04","F440C79579B74D5AB8ECDD00DA5B473DBFB46A93735D34C9A3AC45174B88AED9"
"data\experiments\paper_artifacts_20260515\tmp_warmup8_table_debug\table_restart_mechanism_link.md","302","2026-05-15T01:45:04","18D486C3EF86727A3ED17B2349E0BC0B314FC854C0D9379351698BA1F2783816"
"data\experiments\paper_artifacts_20260524\restart_column_bias_random1_sampler_regs_only_formal_bits_warmup0_run01\expanded_column_counts.csv","127707","2026-05-24T13:57:23","614510E0BC7C96B1CDF57A1746C9AD287202590A7FB940586E381E060A16EA49"
"data\experiments\paper_artifacts_20260524\restart_column_bias_random1_sampler_regs_only_formal_bits_warmup0_run01\raw_byte_bit_counts.csv","56001","2026-05-24T13:57:23","170AC9A0049F7229CA04A70E5FC66FE7C973B4B660B11CB410C0F569D5CD71FA"
"data\experiments\paper_artifacts_20260524\restart_column_bias_random1_sampler_regs_only_formal_bits_warmup0_run01\restart_byte_bit_heatmap.svg","181426","2026-05-24T13:57:23","C163A7D8140CEBC4963DE99C5353497C48F8B2AF1EF9B3020B9200EE2D714BB4"
"data\experiments\paper_artifacts_20260524\restart_column_bias_random1_sampler_regs_only_formal_bits_warmup0_run01\summary.json","2036","2026-05-24T13:57:23","BFE5A4527F1C0D98DBDAE5D80E662B30CDE96FB4BD609800CEBA638F4B15FBEB"
"data\experiments\paper_artifacts_20260524\restart_column_bias_random1_sampler_regs_only_formal_bits_warmup0_run01\summary.md","753","2026-05-24T13:57:23","262776FADDD4F0BA7CA761BB86123196B3A4975415FE9E93C18500E9F0AE108E"
"data\experiments\paper_artifacts_20260524\restart_column_bias_random1_sampler_regs_only_formal_bits_warmup0_run01\top_biased_positions.csv","1866","2026-05-24T13:57:23","C7DE2943598CB88B6184B6A784A13CD7B34FC8BCD26F2B5301A7B11565D1A389"
"data\experiments\paper_artifacts_20260524\restart_column_bias_random1_sampler_regs_only_formal_bits_warmup0_run02\expanded_column_counts.csv","127707","2026-05-24T14:15:06","2A8D789E14169ABB4A151FB8F74473D043AD422929A15D18C03862884B96B2BA"
"data\experiments\paper_artifacts_20260524\restart_column_bias_random1_sampler_regs_only_formal_bits_warmup0_run02\raw_byte_bit_counts.csv","56001","2026-05-24T14:15:06","D9C31419AA83CF267A98BE7B765C68969B6857CEF5D34D6B4BE9A10DC1EED341"
"data\experiments\paper_artifacts_20260524\restart_column_bias_random1_sampler_regs_only_formal_bits_warmup0_run02\restart_byte_bit_heatmap.svg","181426","2026-05-24T14:15:06","FC451A57862F8FB19D61E0D201FCDDCF9107A0EC52A2AD102D888A9C67CB6C09"
"data\experiments\paper_artifacts_20260524\restart_column_bias_random1_sampler_regs_only_formal_bits_warmup0_run02\summary.json","2037","2026-05-24T14:15:06","01DD29A8862B5C0958AFF04BA4981B54ED9F4B340B5EF7FEF1679A609E6C1FC9"
"data\experiments\paper_artifacts_20260524\restart_column_bias_random1_sampler_regs_only_formal_bits_warmup0_run02\summary.md","753","2026-05-24T14:15:06","281298FF0811D5DCE8CFDA5A6FC1790668D09AC69153832B0EF13A6635A22128"
"data\experiments\paper_artifacts_20260524\restart_column_bias_random1_sampler_regs_only_formal_bits_warmup0_run02\top_biased_positions.csv","1862","2026-05-24T14:15:06","D7692F5796C6FBFCDF28B08AF3E72A36CB55926C15C54BC0C01CC08A9A8F0353"
"data\experiments\paper_artifacts_20260524\restart_column_bias_random1_sampler_regs_only_formal_bits_warmup10_passband01\expanded_column_counts.csv","127707","2026-05-24T15:41:22","4C034CC12ED454F0257ABC223CEE7DA343238EFAD6C822C5C5883FA8CAA0E4FF"
"data\experiments\paper_artifacts_20260524\restart_column_bias_random1_sampler_regs_only_formal_bits_warmup10_passband01\raw_byte_bit_counts.csv","56001","2026-05-24T15:41:22","1C8F24AD49FC355E8B2EAFEFF3F3BE6C3ED8F29206F4900DB60A1E420798EF20"
"data\experiments\paper_artifacts_20260524\restart_column_bias_random1_sampler_regs_only_formal_bits_warmup10_passband01\restart_byte_bit_heatmap.svg","181436","2026-05-24T15:41:22","3908A16A7DD81DE72D55D8D44B1177BAE467E741BE9B9B0473F6BAA1B3F366BC"
"data\experiments\paper_artifacts_20260524\restart_column_bias_random1_sampler_regs_only_formal_bits_warmup10_passband01\summary.json","2078","2026-05-24T15:41:22","2B93871B023EACC79E7FD6FCA658CEAECFC1A220F018DA6203F7AC27D7EA6B75"
"data\experiments\paper_artifacts_20260524\restart_column_bias_random1_sampler_regs_only_formal_bits_warmup10_passband01\summary.md","770","2026-05-24T15:41:22","56FC072D59DCBDFB971963141004D06854E7D8AE1AB2973923518A68D310311B"
"data\experiments\paper_artifacts_20260524\restart_column_bias_random1_sampler_regs_only_formal_bits_warmup10_passband01\top_biased_positions.csv","1883","2026-05-24T15:41:22","59333D5A478442B23B387A2687A595579660042CE668FFF0F0F1694155941949"
"data\experiments\paper_artifacts_20260524\restart_column_bias_random1_sampler_regs_only_formal_bits_warmup10_repeat02\expanded_column_counts.csv","127707","2026-05-24T16:35:32","49F160D39361F785FC70F0188F81325C65384AE0B9503C3CFA84C72664DC882B"
"data\experiments\paper_artifacts_20260524\restart_column_bias_random1_sampler_regs_only_formal_bits_warmup10_repeat02\raw_byte_bit_counts.csv","56001","2026-05-24T16:35:32","98C7D71F9CB56E80958B2A3D546E8DCAE762BD607D8F1CC0850952ED1FC2CB4D"
"data\experiments\paper_artifacts_20260524\restart_column_bias_random1_sampler_regs_only_formal_bits_warmup10_repeat02\restart_byte_bit_heatmap.svg","181434","2026-05-24T16:35:32","CDFAA84495E0D47DCE9F1894475D43DA7AD294DFD8DC1792D01349AD866BC2F7"
"data\experiments\paper_artifacts_20260524\restart_column_bias_random1_sampler_regs_only_formal_bits_warmup10_repeat02\summary.json","2065","2026-05-24T16:35:32","7D8699260F9A90CA78F73829C2402C36FDA02235B505780E868995D3F6298FBF"
"data\experiments\paper_artifacts_20260524\restart_column_bias_random1_sampler_regs_only_formal_bits_warmup10_repeat02\summary.md","765","2026-05-24T16:35:32","11778AEA1CB4446B59E016AFD72E6939C4C021744DD04EE7CA18576EAB523126"
"data\experiments\paper_artifacts_20260524\restart_column_bias_random1_sampler_regs_only_formal_bits_warmup10_repeat02\top_biased_positions.csv","1892","2026-05-24T16:35:32","C65898C8F1923B72055C90C75C0B4AE511688DD2F94EB26AA7A41AE37DDEAD63"
"data\experiments\paper_artifacts_20260524\restart_column_bias_random1_sampler_regs_only_formal_bits_warmup11_edge01\expanded_column_counts.csv","127707","2026-05-24T16:01:25","6F6D52342526D870750E01DBFE34AED89B3173B370EABE9D8F8CB4450BA59167"
"data\experiments\paper_artifacts_20260524\restart_column_bias_random1_sampler_regs_only_formal_bits_warmup11_edge01\raw_byte_bit_counts.csv","56001","2026-05-24T16:01:25","94D906A260356EAD766B6FF8253F44F089F57F56E026A3B4C5856A7A25342DEA"
"data\experiments\paper_artifacts_20260524\restart_column_bias_random1_sampler_regs_only_formal_bits_warmup11_edge01\restart_byte_bit_heatmap.svg","181432","2026-05-24T16:01:25","F1FAB8C42163717869279849126E50AA5ECE95A3E4788F431E164DF535475ADB"
"data\experiments\paper_artifacts_20260524\restart_column_bias_random1_sampler_regs_only_formal_bits_warmup11_edge01\summary.json","2050","2026-05-24T16:01:25","D60C6A86E27BA30C3979C51ACB3FF4E849F33A7451D0BA95A303BA25D71125C5"
"data\experiments\paper_artifacts_20260524\restart_column_bias_random1_sampler_regs_only_formal_bits_warmup11_edge01\summary.md","761","2026-05-24T16:01:25","1F47668116207E4D465A9DF494B66C718C35A4D1A7713DEC1FA1A2D503CF79D7"
"data\experiments\paper_artifacts_20260524\restart_column_bias_random1_sampler_regs_only_formal_bits_warmup11_edge01\top_biased_positions.csv","1886","2026-05-24T16:01:25","51A9294C682DCE81DD1CC74759135234F514DD654E8075025F413A6831205299"
"data\experiments\paper_artifacts_20260524\restart_column_bias_random1_sampler_regs_only_formal_bits_warmup11_repeat02\expanded_column_counts.csv","127707","2026-05-24T16:45:15","553E2A374C16E794E8F69E85DB91DA713E571FECFF49B3250E692E808998D98F"
"data\experiments\paper_artifacts_20260524\restart_column_bias_random1_sampler_regs_only_formal_bits_warmup11_repeat02\raw_byte_bit_counts.csv","56001","2026-05-24T16:45:15","988E20EA48F0F1EE544886B3310E6D441835115EE4F316A27E3EB12416A1177A"
"data\experiments\paper_artifacts_20260524\restart_column_bias_random1_sampler_regs_only_formal_bits_warmup11_repeat02\restart_byte_bit_heatmap.svg","181434","2026-05-24T16:45:15","D0F51264A6FFE725DB767612C436356004FCD9D556FE42443D742747E4BA7F93"
"data\experiments\paper_artifacts_20260524\restart_column_bias_random1_sampler_regs_only_formal_bits_warmup11_repeat02\summary.json","2064","2026-05-24T16:45:15","C0F82050D06AC7855DA349709F9D049E843862860A115AB0B1056B48F7F53055"
"data\experiments\paper_artifacts_20260524\restart_column_bias_random1_sampler_regs_only_formal_bits_warmup11_repeat02\summary.md","765","2026-05-24T16:45:15","A93D26A588B34C1452C84CB355324F2D5049721BE11CA0F24A407692892FDBEB"
"data\experiments\paper_artifacts_20260524\restart_column_bias_random1_sampler_regs_only_formal_bits_warmup11_repeat02\top_biased_positions.csv","1880","2026-05-24T16:45:15","D9C4FE182FEC139E676708687278B947C6EE5FB4A69AFCEAE7C2ADFB219DFFD0"
"data\experiments\paper_artifacts_20260524\restart_column_bias_random1_sampler_regs_only_formal_bits_warmup12_run01\expanded_column_counts.csv","127707","2026-05-24T14:06:03","A84A70EF9D0893548BCF6F3CA608F068C4353F1996444EBD8C5FD0047278E8D5"
"data\experiments\paper_artifacts_20260524\restart_column_bias_random1_sampler_regs_only_formal_bits_warmup12_run01\raw_byte_bit_counts.csv","56001","2026-05-24T14:06:03","1280511F1A1383ACACE4AF4486963316F85D20EC3355DF4A90C135DED7011111"
"data\experiments\paper_artifacts_20260524\restart_column_bias_random1_sampler_regs_only_formal_bits_warmup12_run01\restart_byte_bit_heatmap.svg","181431","2026-05-24T14:06:03","AF802877FE128BFF7E36208F2B8E4879A185D4DF7F1505383F16EF77BE396C1D"
"data\experiments\paper_artifacts_20260524\restart_column_bias_random1_sampler_regs_only_formal_bits_warmup12_run01\summary.json","2044","2026-05-24T14:06:03","C72B6B783CE0096CEC13677ED66B681EB801BFE65A13A48205874E0A45F86452"
"data\experiments\paper_artifacts_20260524\restart_column_bias_random1_sampler_regs_only_formal_bits_warmup12_run01\summary.md","756","2026-05-24T14:06:03","5D0DFF986703625102B19D22EEE5225EEB234D8CAE82875CF08674FD08514BB8"
"data\experiments\paper_artifacts_20260524\restart_column_bias_random1_sampler_regs_only_formal_bits_warmup12_run01\top_biased_positions.csv","1878","2026-05-24T14:06:03","80369F3257434746D8526F194CCA71F2EFC2F4BB44DB7739834AD22B0604ACC7"
"data\experiments\paper_artifacts_20260524\restart_column_bias_random1_sampler_regs_only_formal_bits_warmup12_run02\expanded_column_counts.csv","127707","2026-05-24T14:22:57","3883411E530CDCCA2DD92C991A7C941920BE1571DB753ABDCE0D499F59866AD9"
"data\experiments\paper_artifacts_20260524\restart_column_bias_random1_sampler_regs_only_formal_bits_warmup12_run02\raw_byte_bit_counts.csv","56001","2026-05-24T14:22:57","3D593D1456F8A0AB7FE6109D8FA5534A8E0C329C9DC2F8DD778BCC22A9CA943D"
"data\experiments\paper_artifacts_20260524\restart_column_bias_random1_sampler_regs_only_formal_bits_warmup12_run02\restart_byte_bit_heatmap.svg","181431","2026-05-24T14:22:57","4AAEEC8DC2C4F19D3A75A761E7048D6987E42D22D34EC3D289EBD92C53AC506C"
"data\experiments\paper_artifacts_20260524\restart_column_bias_random1_sampler_regs_only_formal_bits_warmup12_run02\summary.json","2044","2026-05-24T14:22:57","75CD0754958986A8FA33621907A9007B2EEC67F290BFFEC0049FDA465935CCBE"
"data\experiments\paper_artifacts_20260524\restart_column_bias_random1_sampler_regs_only_formal_bits_warmup12_run02\summary.md","756","2026-05-24T14:22:57","F0C75547722B78747A3D86D4086E3668E21615A67E9B7BB3E3CA3DAA0D15DBB8"
"data\experiments\paper_artifacts_20260524\restart_column_bias_random1_sampler_regs_only_formal_bits_warmup12_run02\top_biased_positions.csv","1890","2026-05-24T14:22:57","382EF764D39043BCD4009584D6F7E57E87CC8A5BC0405BD165DF422AB38BD50B"
"data\experiments\paper_artifacts_20260524\restart_column_bias_random1_sampler_regs_only_formal_bits_warmup16_sweep01\expanded_column_counts.csv","127707","2026-05-24T15:13:37","D2FE8F82F3DA3EC5CD3267B2F90D15867A407F1D674458D3EFE689701AFC21C1"
"data\experiments\paper_artifacts_20260524\restart_column_bias_random1_sampler_regs_only_formal_bits_warmup16_sweep01\raw_byte_bit_counts.csv","56001","2026-05-24T15:13:37","8BB9F688B6C23F4D3882CBE75E5CD151D9CDE4836752DB0EEAD1B4DCF55FDD71"
"data\experiments\paper_artifacts_20260524\restart_column_bias_random1_sampler_regs_only_formal_bits_warmup16_sweep01\restart_byte_bit_heatmap.svg","181433","2026-05-24T15:13:37","84FA41EBC4459A7463E3B9D03672FDDE0C96C8563C025492D35C69A1F4E16D88"
"data\experiments\paper_artifacts_20260524\restart_column_bias_random1_sampler_regs_only_formal_bits_warmup16_sweep01\summary.json","2059","2026-05-24T15:13:37","18939934FE8CB8EF2167084FBECE54D83B7AEB5153F94987D2354D7D97DD7208"
"data\experiments\paper_artifacts_20260524\restart_column_bias_random1_sampler_regs_only_formal_bits_warmup16_sweep01\summary.md","763","2026-05-24T15:13:37","61B4076EAF3360731C12194F8E61D6C5C211EE5DFFC994E5160857BEC1BB0FCF"
"data\experiments\paper_artifacts_20260524\restart_column_bias_random1_sampler_regs_only_formal_bits_warmup16_sweep01\top_biased_positions.csv","1886","2026-05-24T15:13:37","EA943E0A440E58EB0814CC8218723A470F6AB815F393C02AB7F8D2A88C8B5631"
"data\experiments\paper_artifacts_20260524\restart_column_bias_random1_sampler_regs_only_formal_bits_warmup4_repeat02\expanded_column_counts.csv","127707","2026-05-24T16:14:46","EEA42A65D0CE003D3B853CBBB3C5B71D5FED33583610FF97E31821C1DDBFA221"
"data\experiments\paper_artifacts_20260524\restart_column_bias_random1_sampler_regs_only_formal_bits_warmup4_repeat02\raw_byte_bit_counts.csv","56001","2026-05-24T16:14:46","38E374DC64F4CDC81E18E48BA44E89C765FE35203DA8B04E4C0EAF48D38227A4"
"data\experiments\paper_artifacts_20260524\restart_column_bias_random1_sampler_regs_only_formal_bits_warmup4_repeat02\restart_byte_bit_heatmap.svg","181423","2026-05-24T16:14:46","047363090FD565AF6B58A4958934EC8B17F8D803EEB321B111AD0A41BCA0C009"
"data\experiments\paper_artifacts_20260524\restart_column_bias_random1_sampler_regs_only_formal_bits_warmup4_repeat02\summary.json","2053","2026-05-24T16:14:46","B9C6151359A3A9519251D46E921B7F6A7EF39BCC215E191C4AEBCC5C85627AB7"
"data\experiments\paper_artifacts_20260524\restart_column_bias_random1_sampler_regs_only_formal_bits_warmup4_repeat02\summary.md","758","2026-05-24T16:14:46","FDD083C16C2D6FF5B994D78D6DE7E2F6ECD51C1FE2D191809EC08BFE107B714A"
"data\experiments\paper_artifacts_20260524\restart_column_bias_random1_sampler_regs_only_formal_bits_warmup4_repeat02\top_biased_positions.csv","1843","2026-05-24T16:14:46","FA901EAE615B1DCD963772A6B6F71B105EA2B8A3D1732BC4D417EF4D0F6497C7"
"data\experiments\paper_artifacts_20260524\restart_column_bias_random1_sampler_regs_only_formal_bits_warmup4_sweep01\expanded_column_counts.csv","127707","2026-05-24T14:59:14","6951A466326D499EBBE5003A0AE77F83C019CD79EB4943A6F8FD48AE05C6EA33"
"data\experiments\paper_artifacts_20260524\restart_column_bias_random1_sampler_regs_only_formal_bits_warmup4_sweep01\raw_byte_bit_counts.csv","56001","2026-05-24T14:59:14","384A893B9863D2CB5985E20073D1173DEFAB79B0610257618CF4ED2CA077201D"
"data\experiments\paper_artifacts_20260524\restart_column_bias_random1_sampler_regs_only_formal_bits_warmup4_sweep01\restart_byte_bit_heatmap.svg","181418","2026-05-24T14:59:14","49A8BBF112C9BCD8D19427201E19593611ECD5139ECF765202F585339054D16F"
"data\experiments\paper_artifacts_20260524\restart_column_bias_random1_sampler_regs_only_formal_bits_warmup4_sweep01\summary.json","2046","2026-05-24T14:59:14","BAA41FA775A732556D16136128EDB07014F9E951217A60B2235D8D8B1CA5CB1D"
"data\experiments\paper_artifacts_20260524\restart_column_bias_random1_sampler_regs_only_formal_bits_warmup4_sweep01\summary.md","757","2026-05-24T14:59:14","A0A2FEA9BE1DA7D5DD9123F01DD4FA6A7559844E49979846F628E9CC6DD2DA7E"
"data\experiments\paper_artifacts_20260524\restart_column_bias_random1_sampler_regs_only_formal_bits_warmup4_sweep01\top_biased_positions.csv","1859","2026-05-24T14:59:14","32DD52DA47792E30AED2C791ADA5383E8E3F45618A33732F621B8F1671376346"
"data\experiments\paper_artifacts_20260524\restart_column_bias_random1_sampler_regs_only_formal_bits_warmup5_edge01\expanded_column_counts.csv","127707","2026-05-24T15:54:51","C415540B304B1C2F44827F82D660872E9C3EABCA1A7C160D59442C89CF9B2690"
"data\experiments\paper_artifacts_20260524\restart_column_bias_random1_sampler_regs_only_formal_bits_warmup5_edge01\raw_byte_bit_counts.csv","56001","2026-05-24T15:54:51","9DD9E92A62B4E104F83BAF6F507B044526766213CF3B2AF95584D385E6257950"
"data\experiments\paper_artifacts_20260524\restart_column_bias_random1_sampler_regs_only_formal_bits_warmup5_edge01\restart_byte_bit_heatmap.svg","181431","2026-05-24T15:54:51","CFC7F5B5055E0B0A562AF7C17EB50DCC2A23E7BA9AF091FAC75BEBBF61FC6331"
"data\experiments\paper_artifacts_20260524\restart_column_bias_random1_sampler_regs_only_formal_bits_warmup5_edge01\summary.json","2048","2026-05-24T15:54:51","FDEBCE4D1EF946694262B706C29CBC81238D48B54CAA857CF10FB877D3C7E6C1"
"data\experiments\paper_artifacts_20260524\restart_column_bias_random1_sampler_regs_only_formal_bits_warmup5_edge01\summary.md","760","2026-05-24T15:54:51","DA19DCA06CC4CE1728BEC06FCF28D9C377E0D72ECE55F8B366B165443DE52BB3"
"data\experiments\paper_artifacts_20260524\restart_column_bias_random1_sampler_regs_only_formal_bits_warmup5_edge01\top_biased_positions.csv","1898","2026-05-24T15:54:51","5A04EA5E050B4FF854F860D7D91A929CE68919AC3B2C187406370595BE73CFC3"
"data\experiments\paper_artifacts_20260524\restart_column_bias_random1_sampler_regs_only_formal_bits_warmup5_repeat02\expanded_column_counts.csv","127707","2026-05-24T16:21:43","CF82D4DFD9129D227A823A38485BEB181820A9F57FBDCC23B63B900B6A7121D2"
"data\experiments\paper_artifacts_20260524\restart_column_bias_random1_sampler_regs_only_formal_bits_warmup5_repeat02\raw_byte_bit_counts.csv","56001","2026-05-24T16:21:43","7B7B1DBC6F54432A5850E9005984C645F9C5AAE3016B5BE40CAF8C8396611CE1"
"data\experiments\paper_artifacts_20260524\restart_column_bias_random1_sampler_regs_only_formal_bits_warmup5_repeat02\restart_byte_bit_heatmap.svg","181433","2026-05-24T16:21:43","22C9610938481A156DB9DA83D55D3E14E397E56753C6B5CD715EA7630F95C029"
"data\experiments\paper_artifacts_20260524\restart_column_bias_random1_sampler_regs_only_formal_bits_warmup5_repeat02\summary.json","2060","2026-05-24T16:21:43","5990BF592FFD7F3BBA92CCABFAEED4F3C88F1815162B6240E30FDFC68FF0288A"
"data\experiments\paper_artifacts_20260524\restart_column_bias_random1_sampler_regs_only_formal_bits_warmup5_repeat02\summary.md","764","2026-05-24T16:21:43","027F3AD24DED11AE00FF758D31D0DA2FA38055F2550F16BDF1EB0B52EF19B913"
"data\experiments\paper_artifacts_20260524\restart_column_bias_random1_sampler_regs_only_formal_bits_warmup5_repeat02\top_biased_positions.csv","1885","2026-05-24T16:21:43","74DC338FBCDC90BABB5DBC9E3393D9733D5F9471F5D41A2061D74C5A463AC032"
"data\experiments\paper_artifacts_20260524\restart_column_bias_random1_sampler_regs_only_formal_bits_warmup6_passband01\expanded_column_counts.csv","127707","2026-05-24T15:27:22","437B7D0D2A7B3EA7A62EA881D06A1946D970B6E4052D353BC04877E25C7EEA79"
"data\experiments\paper_artifacts_20260524\restart_column_bias_random1_sampler_regs_only_formal_bits_warmup6_passband01\raw_byte_bit_counts.csv","56001","2026-05-24T15:27:22","0D67080026ACD7F21946633346C0C872BD7927C0C8CAC1951D373F548BC48E43"
"data\experiments\paper_artifacts_20260524\restart_column_bias_random1_sampler_regs_only_formal_bits_warmup6_passband01\restart_byte_bit_heatmap.svg","181435","2026-05-24T15:27:22","8C2F0C9815E63DC67C03C9B8565218F278293FE5796F47A78CBFD068BAC54640"
"data\experiments\paper_artifacts_20260524\restart_column_bias_random1_sampler_regs_only_formal_bits_warmup6_passband01\summary.json","2069","2026-05-24T15:27:22","DA6AEF1CB9F88C4A35A3D33436496EB0E3B6AAC1308FCBB38136BCFF00C85B9F"
"data\experiments\paper_artifacts_20260524\restart_column_bias_random1_sampler_regs_only_formal_bits_warmup6_passband01\summary.md","767","2026-05-24T15:27:22","89456CEB636B643B334EEFA9C19DA5E473B9C2F59BBF6408256C02506ED328F8"
"data\experiments\paper_artifacts_20260524\restart_column_bias_random1_sampler_regs_only_formal_bits_warmup6_passband01\top_biased_positions.csv","1892","2026-05-24T15:27:22","F7D8AEE760AA402BE690FBF0116E88A69BE393D7F3700911C72A5D7A2CD3C019"
"data\experiments\paper_artifacts_20260524\restart_column_bias_random1_sampler_regs_only_formal_bits_warmup6_repeat02\expanded_column_counts.csv","127707","2026-05-24T16:28:18","943A4DEF7E9AD680F5421E46CE1B86964E68A866F51343833220EB40DB0ECE54"
"data\experiments\paper_artifacts_20260524\restart_column_bias_random1_sampler_regs_only_formal_bits_warmup6_repeat02\raw_byte_bit_counts.csv","56001","2026-05-24T16:28:18","D41E1260754864AE8864F8AEB91A5D49B3C91A8086F2E462860D336FDF892EAF"
"data\experiments\paper_artifacts_20260524\restart_column_bias_random1_sampler_regs_only_formal_bits_warmup6_repeat02\restart_byte_bit_heatmap.svg","181433","2026-05-24T16:28:18","7A52384C179691CA8E74BCDDDCCE8E42B9B421AED8DAF3300B8F8504D4D36A6F"
"data\experiments\paper_artifacts_20260524\restart_column_bias_random1_sampler_regs_only_formal_bits_warmup6_repeat02\summary.json","2060","2026-05-24T16:28:18","33829DAC0F10F6023BA5F118E70E61814DCA859EAC9F365EEF4941790A56BF06"
"data\experiments\paper_artifacts_20260524\restart_column_bias_random1_sampler_regs_only_formal_bits_warmup6_repeat02\summary.md","764","2026-05-24T16:28:18","F81CB5C8AB8F9B355CB50843E3D44B8CCA9F21B05133B7C8CBE66A42A95FE9DD"
"data\experiments\paper_artifacts_20260524\restart_column_bias_random1_sampler_regs_only_formal_bits_warmup6_repeat02\top_biased_positions.csv","1888","2026-05-24T16:28:18","B8108FD752C66A5E9A80EFEE3C046922ABE97E8D759C7A270A4E0CDB6609876D"
"data\experiments\paper_artifacts_20260524\restart_column_bias_random1_sampler_regs_only_formal_bits_warmup8_repeat02\expanded_column_counts.csv","127707","2026-05-24T15:34:16","3ED632ECDB6C8E9079594929CA7D63FF73674AF593D77A3B55EB33D89736A629"
"data\experiments\paper_artifacts_20260524\restart_column_bias_random1_sampler_regs_only_formal_bits_warmup8_repeat02\raw_byte_bit_counts.csv","56001","2026-05-24T15:34:16","B5A742BE6F1660107727A1A0CBC3CF9198956DC2CA42CECF7964A3B13054626E"
"data\experiments\paper_artifacts_20260524\restart_column_bias_random1_sampler_regs_only_formal_bits_warmup8_repeat02\restart_byte_bit_heatmap.svg","181433","2026-05-24T15:34:16","7E75978059194CEB2770389C7AF34237A46F50FF500FD60D8044483EC5159925"
"data\experiments\paper_artifacts_20260524\restart_column_bias_random1_sampler_regs_only_formal_bits_warmup8_repeat02\summary.json","2054","2026-05-24T15:34:16","CF4E0B17ADF7E02E6074C6049E703E8D912D0A09430C335F08B6400E73861B6A"
"data\experiments\paper_artifacts_20260524\restart_column_bias_random1_sampler_regs_only_formal_bits_warmup8_repeat02\summary.md","758","2026-05-24T15:34:16","27CE674925E9058B3ABB25855696491FABC2804F475D53551B5B3CF3FC9981A9"
"data\experiments\paper_artifacts_20260524\restart_column_bias_random1_sampler_regs_only_formal_bits_warmup8_repeat02\top_biased_positions.csv","1879","2026-05-24T15:34:16","F43A0E06B1E69C7DF978FEA69B2EFAC16E06FFF2BCA2012A6A9DA76AF677FCB4"
"data\experiments\paper_artifacts_20260524\restart_column_bias_random1_sampler_regs_only_formal_bits_warmup8_sweep01\expanded_column_counts.csv","127707","2026-05-24T15:06:50","433C0FF8F35E08B0623A4615F0A9E94415C2C41FA77FA8F334E2E8407EB6F02C"
"data\experiments\paper_artifacts_20260524\restart_column_bias_random1_sampler_regs_only_formal_bits_warmup8_sweep01\raw_byte_bit_counts.csv","56001","2026-05-24T15:06:50","0AC699DAFC2F3A0CF639A217AFD568B8D832F35D6CA248CBED85DA9173E6269B"
"data\experiments\paper_artifacts_20260524\restart_column_bias_random1_sampler_regs_only_formal_bits_warmup8_sweep01\restart_byte_bit_heatmap.svg","181432","2026-05-24T15:06:50","68B9896DD7948BA3B5A6CFFDA2F6EA73B22F9E55E0ED7116D572BF88F6D81073"
"data\experiments\paper_artifacts_20260524\restart_column_bias_random1_sampler_regs_only_formal_bits_warmup8_sweep01\summary.json","2053","2026-05-24T15:06:50","4B23BA41466A30C71FF89EA1A5BE6BDFC7F506DD1C267DBA12E9339A98849235"
"data\experiments\paper_artifacts_20260524\restart_column_bias_random1_sampler_regs_only_formal_bits_warmup8_sweep01\summary.md","761","2026-05-24T15:06:50","A0DDF65F33B7F66388FE23BB354355904BA04DAE488D1671DD3A91514EB9D777"
"data\experiments\paper_artifacts_20260524\restart_column_bias_random1_sampler_regs_only_formal_bits_warmup8_sweep01\top_biased_positions.csv","1899","2026-05-24T15:06:50","EBB41565CE876466531FCBED9458E0F85611AA0120FC90F7092CADE157EB43BC"
"data\experiments\position_structure_20260523\position_structure_summary.csv","25341","2026-05-23T01:39:22","5BEBBEE23CB03236D2A7F135271A3968C6B4323261CC73056FC9C22253ED68A7"
"data\experiments\position_structure_20260523\README.md","5314","2026-05-23T01:39:22","2F177546CE48A4E0984D781705F67BC0D57412B239DD846C7AC5D3E06981AA40"
"data\experiments\restart_fifo_diag_20260524\auto_vs_compact_w4_routed_cell_diff_20260524.csv","84475","2026-05-24T23:51:33","E0A26655885778B67F33CF2DF1B963FE5FF72A2318DC994E995B7E85671D9BE0"
"data\experiments\restart_fifo_diag_20260524\auto_vs_compact_w4_routed_cell_diff_20260524.md","3602","2026-05-24T23:51:33","FCF9F0A33AB8C4889B821040D68BB3F7869CC77E863FC236AB46213CB141C9B0"
"data\experiments\restart_fifo_diag_20260524\compact_w4_routed_cells.csv","77418","2026-05-24T23:38:40","A25C5D7DD692EBBB1ACAC494C210523914FC28D8BBFFEB2F3AD1FAC699F4E366"
"data\experiments\restart_fifo_diag_20260524\dump_routed_cells_20260524.tcl","1184","2026-05-24T23:37:45","A8144D7DFDF49853C1E84F5BDDB541C088C4EB24C373E50DE2EC5DCCE0AD078F"
"data\experiments\restart_fifo_diag_20260524\formal_auto_w4_retest_routed_cells.csv","77230","2026-05-24T23:38:38","9F4346D839E64535CDDF4CF882687952A7695E6731D14BDE128148CB4DF0D763"
"data\experiments\restart_fifo_diag_20260524\formal_restart_window_summary_20260524.csv","14619","2026-05-24T22:29:40","ED3459052085CE2B941B2CB9956313324C4381D0268176C0C3A6810A4A13CC53"
"data\experiments\restart_fifo_diag_20260524\formal_restart_window_summary_20260524.md","6895","2026-05-24T22:29:40","5BCBD519012BDE22EB397A50EAF96CC54A77F1A33314DFE7B8BA4EDC025DBE8A"
"data\experiments\restart_fifo_diag_20260524\random1_sampler_regs_only_restart_auto_formal_1000x125_warmup4_retest01_20260524.column_analysis\expanded_column_counts.csv","127707","2026-05-24T23:36:45","2192AB66CE821BCC7F52DCF49AE9217E91753A433A89F0ACAF7A2AF38F7FE6F7"
"data\experiments\restart_fifo_diag_20260524\random1_sampler_regs_only_restart_auto_formal_1000x125_warmup4_retest01_20260524.column_analysis\raw_byte_bit_counts.csv","56001","2026-05-24T23:36:45","31A14E92D4DCC6069676A54F1FDCA6C58E3BDFDD8E8F045EB288ECF576EA3EE1"
"data\experiments\restart_fifo_diag_20260524\random1_sampler_regs_only_restart_auto_formal_1000x125_warmup4_retest01_20260524.column_analysis\restart_byte_bit_heatmap.svg","181453","2026-05-24T23:36:45","D2693884F81CAEA1EC8C27F9AAC2A0F6C7F2E23F3DFDBBA3753FAEB38EAF16E8"
"data\experiments\restart_fifo_diag_20260524\random1_sampler_regs_only_restart_auto_formal_1000x125_warmup4_retest01_20260524.column_analysis\summary.json","2160","2026-05-24T23:36:45","06596F46687E7A456EF1F8194472BF5798CD910AC5E1B4ED6E30891145ADCFB2"
"data\experiments\restart_fifo_diag_20260524\random1_sampler_regs_only_restart_auto_formal_1000x125_warmup4_retest01_20260524.column_analysis\summary.md","770","2026-05-24T23:36:45","56CC3A616F27F94366EE54D206F5835099A9FF00982F8A5EB8363015FD08811E"
"data\experiments\restart_fifo_diag_20260524\random1_sampler_regs_only_restart_auto_formal_1000x125_warmup4_retest01_20260524.column_analysis\top_biased_positions.csv","1834","2026-05-24T23:36:45","72B4EEBFC4C4B8282BD387D95D902E0DCA59494483118DCBAB84E3D45BC18888"
"data\experiments\restart_fifo_diag_20260524\restart_fifo_compact_diag_regs_only_sample_ro_formal_locked_warmup4_1000x125_run01_no_xadc.column_analysis\expanded_column_counts.csv","127707","2026-05-25T00:05:41","05A5A37965B235D5F2B0677B1BF7D935BAB4E5A4DF12E8760EBBA23D0A14C9E2"
"data\experiments\restart_fifo_diag_20260524\restart_fifo_compact_diag_regs_only_sample_ro_formal_locked_warmup4_1000x125_run01_no_xadc.column_analysis\raw_byte_bit_counts.csv","56001","2026-05-25T00:05:41","7452EFB14911A7FAF68C96D82DD3834939E9064258135F441B321832783D3102"
"data\experiments\restart_fifo_diag_20260524\restart_fifo_compact_diag_regs_only_sample_ro_formal_locked_warmup4_1000x125_run01_no_xadc.column_analysis\restart_byte_bit_heatmap.svg","181433","2026-05-25T00:05:41","7BF9CD9ABE7A4B20B4D7D7C2698D652B990D0EEAA8E80B72A37EBE8F0F3EDAAA"
"data\experiments\restart_fifo_diag_20260524\restart_fifo_compact_diag_regs_only_sample_ro_formal_locked_warmup4_1000x125_run01_no_xadc.column_analysis\summary.json","2226","2026-05-25T00:05:41","5A9421EC9601AED266A2823215107274E8BE57CA94994FC938DA7A3A3052B221"
"data\experiments\restart_fifo_diag_20260524\restart_fifo_compact_diag_regs_only_sample_ro_formal_locked_warmup4_1000x125_run01_no_xadc.column_analysis\summary.md","795","2026-05-25T00:05:41","FAC9F95651E24D197BD0050A419F238A3B93BBB287F0BC6644FBEC4B70559E59"
"data\experiments\restart_fifo_diag_20260524\restart_fifo_compact_diag_regs_only_sample_ro_formal_locked_warmup4_1000x125_run01_no_xadc.column_analysis\top_biased_positions.csv","1815","2026-05-25T00:05:41","03086037F8245CFFE75F68541934EBAB609E346EB0FA389377F203E8DEA576FE"
"data\experiments\restart_fifo_diag_20260524\restart_fifo_compact_diag_regs_only_sample_ro_formal_locked_warmup4_1000x125_run01_no_xadc.raw_byte_bit_p1.csv","37978","2026-05-25T00:05:40","DB5FF05C2CEECA5C99DABA0A36266A841914922D46C55202DFD38115F6101343"
"data\experiments\restart_fifo_diag_20260524\restart_fifo_compact_diag_regs_only_sample_ro_formal_locked_warmup4_1000x125_run01_no_xadc.summary.csv","931","2026-05-25T00:05:40","359A649C58966E8C8D4C0B56400F99F8A6ECDB9E0BF917A84ECAE8E569EC7344"
"data\experiments\restart_fifo_diag_20260524\restart_fifo_compact_diag_regs_only_sample_ro_formal_locked_warmup4_1000x125_run01_no_xadc.summary.md","1576","2026-05-25T00:05:40","933C159F796956307BEF909057118FDA26A9E57590B6D4F3854C9ACA64187DB1"
"data\experiments\restart_fifo_diag_20260524\restart_fifo_compact_diag_regs_only_warmup11_1000x125_run01_no_xadc.column_analysis\expanded_column_counts.csv","127707","2026-05-24T23:59:03","D95B6F1DF0F98E61924575B6DD067F887DBC0C7618259BC3C424DB1FAE772735"
"data\experiments\restart_fifo_diag_20260524\restart_fifo_compact_diag_regs_only_warmup11_1000x125_run01_no_xadc.column_analysis\raw_byte_bit_counts.csv","56001","2026-05-24T23:59:03","414D50612760E0167CBA41943794658D99C591C6FCED3EC0A373569C0E7D3219"
"data\experiments\restart_fifo_diag_20260524\restart_fifo_compact_diag_regs_only_warmup11_1000x125_run01_no_xadc.column_analysis\restart_byte_bit_heatmap.svg","181446","2026-05-24T23:59:03","7061BF83AD3AA7D1F1D5467985E51DA1B5F8B6D48D6FEFE72514B18E9100F182"
"data\experiments\restart_fifo_diag_20260524\restart_fifo_compact_diag_regs_only_warmup11_1000x125_run01_no_xadc.column_analysis\summary.json","2093","2026-05-24T23:59:03","F59AEEA6DD6B711D273A715E61FDD75C08665658E2EB7590A0A45B28AA2DDC4F"
"data\experiments\restart_fifo_diag_20260524\restart_fifo_compact_diag_regs_only_warmup11_1000x125_run01_no_xadc.column_analysis\summary.md","754","2026-05-24T23:59:03","EF8FB616A78290C3EF37298B2863B898416F971A7C410D9F76B2DEB479826671"
"data\experiments\restart_fifo_diag_20260524\restart_fifo_compact_diag_regs_only_warmup11_1000x125_run01_no_xadc.column_analysis\top_biased_positions.csv","1881","2026-05-24T23:59:03","F2CF07F59719ACF36EBC2F174F07EBA1FDF57F95452D109AAAEB0BBD2DF6D4E6"
"data\experiments\restart_fifo_diag_20260524\restart_fifo_compact_diag_regs_only_warmup11_1000x125_run01_no_xadc.raw_byte_bit_p1.csv","37978","2026-05-24T23:59:03","153B5982371251BB30A7E0258EF0F7275A19E261A69281D64CA151F64989279C"
"data\experiments\restart_fifo_diag_20260524\restart_fifo_compact_diag_regs_only_warmup11_1000x125_run01_no_xadc.summary.csv","864","2026-05-24T23:59:03","0DA52A5B151FA52A43D68A483E9CA32ED41DDEF904D589308DF1D5EBDB492E39"
"data\experiments\restart_fifo_diag_20260524\restart_fifo_compact_diag_regs_only_warmup11_1000x125_run01_no_xadc.summary.md","1440","2026-05-24T23:59:03","FFA7F3A5D2C90AECC0EF9C6B8A0AC2FBC2D4DFB5A93A950788F84E95CE219CD3"
"data\experiments\restart_fifo_diag_20260524\restart_fifo_compact_diag_regs_only_warmup4_1000x125_run01_no_xadc.column_analysis\expanded_column_counts.csv","127707","2026-05-24T22:58:31","43BB0A10529C46AB89F993FADE913CBCF54C9FDE162CB3AA4BFD6DE57A0E82BF"
"data\experiments\restart_fifo_diag_20260524\restart_fifo_compact_diag_regs_only_warmup4_1000x125_run01_no_xadc.column_analysis\raw_byte_bit_counts.csv","56001","2026-05-24T22:58:31","E663D55847F469E3ED7CEE18DF954CA459EC9E787140EB9781656BE2E2F0BAEF"
"data\experiments\restart_fifo_diag_20260524\restart_fifo_compact_diag_regs_only_warmup4_1000x125_run01_no_xadc.column_analysis\restart_byte_bit_heatmap.svg","181445","2026-05-24T22:58:31","1849ED9B775E19F5D7E613027D27F19BA2266CBE7BA8BE9A208F1FD36D6D7A46"
"data\experiments\restart_fifo_diag_20260524\restart_fifo_compact_diag_regs_only_warmup4_1000x125_run01_no_xadc.column_analysis\summary.json","2083","2026-05-24T22:58:31","56964AA05AF0077A905119448CC0276252EF7A28C71E1D26E803761DA2A69202"
"data\experiments\restart_fifo_diag_20260524\restart_fifo_compact_diag_regs_only_warmup4_1000x125_run01_no_xadc.column_analysis\summary.md","748","2026-05-24T22:58:31","BF5F9C2C9DB6BB261BE911972ACB8E400FD2DA4403B68F63EEA1F1405619E08B"
"data\experiments\restart_fifo_diag_20260524\restart_fifo_compact_diag_regs_only_warmup4_1000x125_run01_no_xadc.column_analysis\top_biased_positions.csv","1884","2026-05-24T22:58:31","67A5A83A3710CE294259CA718F854003D6ACA9052DDE2CA2D79906C4B54B18EC"
"data\experiments\restart_fifo_diag_20260524\restart_fifo_compact_diag_regs_only_warmup4_1000x125_run01_no_xadc.raw_byte_bit_p1.csv","37978","2026-05-24T22:58:31","DEE0F55EF992C3B8798E7664FC8A397993BED8BE0852E585B2627004412159FB"
"data\experiments\restart_fifo_diag_20260524\restart_fifo_compact_diag_regs_only_warmup4_1000x125_run01_no_xadc.summary.csv","859","2026-05-24T22:58:31","450CA1A587858FFC05255E4FC651E555A15B3F2E430BE683FCB18D51934E5A52"
"data\experiments\restart_fifo_diag_20260524\restart_fifo_compact_diag_regs_only_warmup4_1000x125_run01_no_xadc.summary.md","1432","2026-05-24T22:58:31","D2B58D38FC795A6B2BDE5606068B89B027C67932E4EC26EBC5F8796CDED7B817"
"data\experiments\restart_fifo_diag_20260524\restart_fifo_compact_diag_regs_only_warmup5_1000x125_run01_no_xadc.column_analysis\expanded_column_counts.csv","127707","2026-05-24T23:18:55","30490BF3C9AC5B24AF0C7A2F079B1A9FD2742B50489357F928736DFB32D1080B"
"data\experiments\restart_fifo_diag_20260524\restart_fifo_compact_diag_regs_only_warmup5_1000x125_run01_no_xadc.column_analysis\raw_byte_bit_counts.csv","56001","2026-05-24T23:18:55","D930A462843FE020F116DBA906456282C396965B130089FCF2DD67F7C270C20F"
"data\experiments\restart_fifo_diag_20260524\restart_fifo_compact_diag_regs_only_warmup5_1000x125_run01_no_xadc.column_analysis\restart_byte_bit_heatmap.svg","181445","2026-05-24T23:18:55","4EBBAE26E75DA89350EEA5B699938F083CEB72D743BB19C01033959C9E26F1D1"
"data\experiments\restart_fifo_diag_20260524\restart_fifo_compact_diag_regs_only_warmup5_1000x125_run01_no_xadc.column_analysis\summary.json","2087","2026-05-24T23:18:55","1547C13AB0B07AEEFF2F392C2525222F755221A0E59BDA6884852352E26EB05C"
"data\experiments\restart_fifo_diag_20260524\restart_fifo_compact_diag_regs_only_warmup5_1000x125_run01_no_xadc.column_analysis\summary.md","752","2026-05-24T23:18:55","07CDFD2BD2F7CE343D1CCB52CDA019BE97C1EE16E0A9E5D6C57DA9215D3FFE7C"
"data\experiments\restart_fifo_diag_20260524\restart_fifo_compact_diag_regs_only_warmup5_1000x125_run01_no_xadc.column_analysis\top_biased_positions.csv","1890","2026-05-24T23:18:55","147D1174EEE0E903482268D714227BC5FFD89BC17C4683FF07DA673234C0EB9F"
"data\experiments\restart_fifo_diag_20260524\restart_fifo_compact_diag_regs_only_warmup5_1000x125_run01_no_xadc.raw_byte_bit_p1.csv","37978","2026-05-24T23:18:43","F129ADE975F414A9A444E64B1DDC4ACF280A228165F57DCD1A86929BBA39D2A1"
"data\experiments\restart_fifo_diag_20260524\restart_fifo_compact_diag_regs_only_warmup5_1000x125_run01_no_xadc.summary.csv","860","2026-05-24T23:18:43","9F3E74DEA37CAA9E378CEDFA6DC4CB21751B26D134A8B5C716C5FD90EF6FE040"
"data\experiments\restart_fifo_diag_20260524\restart_fifo_compact_diag_regs_only_warmup5_1000x125_run01_no_xadc.summary.md","1433","2026-05-24T23:18:43","CAD08C67C4E71382ACF54B89A69E2F90A589169778EBBCB6129993E2CC6B4254"
"data\experiments\restart_fifo_diag_20260524\restart_fifo_diag_regs_only_warmup4_1000x32_run02_no_xadc.bit_position_p1.csv","28989","2026-05-24T22:20:38","16D80DB69917CFBB34D86BE64132689D37CDBA5F390F9E9D798C172137FB1A26"
"data\experiments\restart_fifo_diag_20260524\restart_fifo_diag_regs_only_warmup4_1000x32_run02_no_xadc.byte_position_p1.csv","1241","2026-05-24T22:20:38","A7CB6C59F90784AC40640B32DE7323CE5CFC4B965404AC2AF48E9833E521B019"
"data\experiments\restart_fifo_diag_20260524\restart_fifo_diag_regs_only_warmup4_1000x32_run02_no_xadc.column_analysis\expanded_column_counts.csv","32075","2026-05-24T22:20:39","640C04E2F5BD61271D4BCD913434E87568135546917A6B5277C648B785B04661"
"data\experiments\restart_fifo_diag_20260524\restart_fifo_diag_regs_only_warmup4_1000x32_run02_no_xadc.column_analysis\raw_byte_bit_counts.csv","14137","2026-05-24T22:20:39","DEF091A8D77BAD9328F14815483565FB7DFB8A9BBB43475DA51D0339CB74127E"
"data\experiments\restart_fifo_diag_20260524\restart_fifo_diag_regs_only_warmup4_1000x32_run02_no_xadc.column_analysis\restart_byte_bit_heatmap.svg","47469","2026-05-24T22:20:39","79FE5A06F6B749AA76E3295DE23D6BEE58C9F14D82236F00380F9AA700B5B31A"
"data\experiments\restart_fifo_diag_20260524\restart_fifo_diag_regs_only_warmup4_1000x32_run02_no_xadc.column_analysis\summary.json","2028","2026-05-24T22:20:39","1DA706F2E8909364881D7F7477B59559537304F0C600F823E72DDEF51BC673CF"
"data\experiments\restart_fifo_diag_20260524\restart_fifo_diag_regs_only_warmup4_1000x32_run02_no_xadc.column_analysis\summary.md","727","2026-05-24T22:20:39","041A6E030BC7D273198C92C72B7473B1139A5C2404F8E9F0BE374CFB4F6DE647"
"data\experiments\restart_fifo_diag_20260524\restart_fifo_diag_regs_only_warmup4_1000x32_run02_no_xadc.column_analysis\top_biased_positions.csv","1828","2026-05-24T22:20:39","7F11AE7C98B561374D941C8C1B9F4A6C9C88024E67815FDA9B5601073CC3B4CE"
"data\experiments\restart_fifo_diag_20260524\restart_fifo_diag_regs_only_warmup4_1000x32_run02_no_xadc.frames.csv","3159542","2026-05-24T22:20:38","A2ED7BAD577942E854E7AE7410799E3B916FAF50A0F6BAEF25A0714A4510B6E4"
"data\experiments\restart_fifo_diag_20260524\restart_fifo_diag_regs_only_warmup4_1000x32_run02_no_xadc.raw_byte_bit_p1.csv","12587","2026-05-24T22:20:38","918A5B26507FA1EBA584FFC4B12218C0785947D52037E63A2FCEB983538990F2"
"data\experiments\restart_fifo_diag_20260524\restart_fifo_diag_regs_only_warmup4_1000x32_run02_no_xadc.summary.csv","922","2026-05-24T22:20:38","DC5A5EC39B128AAA9B943A5DF9A0DE8EBD21CEB2BDB7C1D3F859F0F84DBC84B2"
"data\experiments\restart_fifo_diag_20260524\restart_fifo_diag_regs_only_warmup4_1000x32_run02_no_xadc.summary.md","2348","2026-05-24T22:20:38","C18423EBBF969C81F28AAFD9ECDCBF00991FF0C75C0A7F9432975301175E5736"
"data\experiments\restart_fifo_diag_20260524\restart_fifo_diag_regs_only_warmup4_smoke_32x16_run01.frames.csv","53097","2026-05-24T21:53:01","29FEA58ADE7D6207AA04214E128CAF4F0EE5F3E6673B61FC797F57E81D4703D7"
"data\experiments\restart_fifo_diag_20260524\restart_fifo_diag_regs_only_warmup4_smoke_32x16_run01.summary.md","405","2026-05-24T21:53:01","D97BBB89523813021B446857B901874545460CA5D96A02F2486BACCE16D7D780"
"data\experiments\restart_fifo_diag_20260524\restart_fifo_diag_regs_only_warmup5_1000x32_run01_no_xadc.bit_position_p1.csv","28989","2026-05-24T22:28:14","1F50BD0601D7EF2BF147BD580FBA888357819C689361A086DD881C3E2698F07F"
"data\experiments\restart_fifo_diag_20260524\restart_fifo_diag_regs_only_warmup5_1000x32_run01_no_xadc.byte_position_p1.csv","1241","2026-05-24T22:28:14","C74F50047770FB2592940BC371787EAAABC789B67226CB17F196CC57762955D2"
"data\experiments\restart_fifo_diag_20260524\restart_fifo_diag_regs_only_warmup5_1000x32_run01_no_xadc.column_analysis\expanded_column_counts.csv","32075","2026-05-24T22:28:14","38ED57DDD6030C693E207D6003234D3013649C585FF81ABB7E891C6CDBA6E6FB"
"data\experiments\restart_fifo_diag_20260524\restart_fifo_diag_regs_only_warmup5_1000x32_run01_no_xadc.column_analysis\raw_byte_bit_counts.csv","14137","2026-05-24T22:28:14","C45C07E682463196B69CA90DD53ACA1737A40351C343928034056D4DB29BC2BF"
"data\experiments\restart_fifo_diag_20260524\restart_fifo_diag_regs_only_warmup5_1000x32_run01_no_xadc.column_analysis\restart_byte_bit_heatmap.svg","47009","2026-05-24T22:28:14","11685A702E7CA5B3287BCB62731E266FA0412604156B8BB11811D801D5063F68"
"data\experiments\restart_fifo_diag_20260524\restart_fifo_diag_regs_only_warmup5_1000x32_run01_no_xadc.column_analysis\summary.json","2024","2026-05-24T22:28:14","0301C31751C660D9745AB35A22229662DA266B502BF5DFB8369ECBAF0A6434AF"
"data\experiments\restart_fifo_diag_20260524\restart_fifo_diag_regs_only_warmup5_1000x32_run01_no_xadc.column_analysis\summary.md","727","2026-05-24T22:28:14","B892C2BF39F15E55B73A2EDED9920C7E0CFC478F21669C98D038E14F773E4DCA"
"data\experiments\restart_fifo_diag_20260524\restart_fifo_diag_regs_only_warmup5_1000x32_run01_no_xadc.column_analysis\top_biased_positions.csv","1807","2026-05-24T22:28:14","4FA79F5565D10250F7DD7F8AEDC4F61B910DCE644825D73A9BB5EFCA43CE059E"
"data\experiments\restart_fifo_diag_20260524\restart_fifo_diag_regs_only_warmup5_1000x32_run01_no_xadc.frames.csv","3150424","2026-05-24T22:28:13","8E4E4AFD864C63B2B8221CDDE0E94FD1679FF4F95BF871D8C71477DD65F38041"
"data\experiments\restart_fifo_diag_20260524\restart_fifo_diag_regs_only_warmup5_1000x32_run01_no_xadc.raw_byte_bit_p1.csv","12587","2026-05-24T22:28:14","076504E3C6912642B375795512B5BDC68BFE22C892D04527DB41F8E2F7E32D28"
"data\experiments\restart_fifo_diag_20260524\restart_fifo_diag_regs_only_warmup5_1000x32_run01_no_xadc.summary.csv","920","2026-05-24T22:28:14","90B757C94DBB119BA8AFCFE9CD686E6548FE718A78AB101BF8F675614B4A765A"
"data\experiments\restart_fifo_diag_20260524\restart_fifo_diag_regs_only_warmup5_1000x32_run01_no_xadc.summary.md","2345","2026-05-24T22:28:14","D27354567A0E5C1FFC346D3280E3F0719958FF9A8F065B0C453B6B1F4352A95C"
"data\experiments\restart_fifo_diag_20260524\restart_fifo_diag_v3fastwarmup_regs_only_warmup4_1000x32_run01_no_xadc.bit_position_p1.csv","28989","2026-05-24T22:40:53","9B0D1D8AAFEBCA0655F44E13AD6084C11698C2F627927FFB9BE579B7E7880DD0"
"data\experiments\restart_fifo_diag_20260524\restart_fifo_diag_v3fastwarmup_regs_only_warmup4_1000x32_run01_no_xadc.byte_position_p1.csv","1241","2026-05-24T22:40:53","344B041D7306D843F8A4A824E3C9EB138DD034A0E70370A845185E7B6D78DBFC"
"data\experiments\restart_fifo_diag_20260524\restart_fifo_diag_v3fastwarmup_regs_only_warmup4_1000x32_run01_no_xadc.column_analysis\expanded_column_counts.csv","32075","2026-05-24T22:40:53","D0F2854ED8F8BC37C0A648B6988F9BB00B91298E056AE55ED9069FB819391B97"
"data\experiments\restart_fifo_diag_20260524\restart_fifo_diag_v3fastwarmup_regs_only_warmup4_1000x32_run01_no_xadc.column_analysis\raw_byte_bit_counts.csv","14137","2026-05-24T22:40:53","0AAC45FA2EE2F521ADCF6D19E3338441E3EC3B7F71A0D9DA2C2F3BBB3D821056"
"data\experiments\restart_fifo_diag_20260524\restart_fifo_diag_v3fastwarmup_regs_only_warmup4_1000x32_run01_no_xadc.column_analysis\restart_byte_bit_heatmap.svg","47500","2026-05-24T22:40:53","CA73DA59BBAEA8C76EEFA94F8BD6CEB6349F69A7B9A44DCAF712BAA8E76D4CB9"
"data\experiments\restart_fifo_diag_20260524\restart_fifo_diag_v3fastwarmup_regs_only_warmup4_1000x32_run01_no_xadc.column_analysis\summary.json","2112","2026-05-24T22:40:53","8B23CE7E1B499649FB6713094728B73429F045A64B4F02451ECC4C3CEC6D4D67"
"data\experiments\restart_fifo_diag_20260524\restart_fifo_diag_v3fastwarmup_regs_only_warmup4_1000x32_run01_no_xadc.column_analysis\summary.md","758","2026-05-24T22:40:53","0390B2C6545297804AC84FC3AF98D5C1F7E1C3F2E88CFE80E37B248C9BD15A13"
"data\experiments\restart_fifo_diag_20260524\restart_fifo_diag_v3fastwarmup_regs_only_warmup4_1000x32_run01_no_xadc.column_analysis\top_biased_positions.csv","1861","2026-05-24T22:40:53","BC9B5695F60F46B33534D367551B896BA6A82B904608A3C1C13BD758E6D71B24"
"data\experiments\restart_fifo_diag_20260524\restart_fifo_diag_v3fastwarmup_regs_only_warmup4_1000x32_run01_no_xadc.frames.csv","3635851","2026-05-24T22:40:53","72CE6DA866CDB636D1C134D3B7505B09FAE2A2B9DC7F1ECD2B6611A4C4195E36"
"data\experiments\restart_fifo_diag_20260524\restart_fifo_diag_v3fastwarmup_regs_only_warmup4_1000x32_run01_no_xadc.raw_byte_bit_p1.csv","12587","2026-05-24T22:40:53","B384B023DA99025F23A7D0C58768B8A7071170ED324AF4FF4C2C925CA90508F4"
"data\experiments\restart_fifo_diag_20260524\restart_fifo_diag_v3fastwarmup_regs_only_warmup4_1000x32_run01_no_xadc.summary.csv","967","2026-05-24T22:40:53","44A907A24605BF820F4C440AA7968CE44C8DBF7D995DC6C059FE2D5C1C34A172"
"data\experiments\restart_fifo_diag_20260524\restart_fifo_diag_v3fastwarmup_regs_only_warmup4_1000x32_run01_no_xadc.summary.md","2454","2026-05-24T22:40:53","6E30818B26DE2682A2984612008A459035CEF406639463F92A024060F27219C2"
"data\experiments\restart_fifo_diag_20260524\smoke_run01.frames.csv","26217","2026-05-24T21:55:00","1C8142ED5C115377F9FAB0B31DA881D902B0A7E54F046236896DC33CAACB8936"
"data\experiments\restart_fifo_diag_20260524\smoke_run01.summary.md","363","2026-05-24T21:55:00","586D95C619DE1DD16BE3B6679B5BFBC22BB0AF3DC581359198BAAE3054A2E5D6"
"data\experiments\restart_fifo_diag_20260524\smoke_run01_fixed_decode.bit_position_p1.csv","13325","2026-05-24T21:58:50","D5F2CDBAB02E1C320D6647C897067F1615E7CE46977F959442C166B50CEDB062"
"data\experiments\restart_fifo_diag_20260524\smoke_run01_fixed_decode.byte_position_p1.csv","589","2026-05-24T21:58:50","A470376754BD673C0B25E590B2C70204F0E670284F200BD4FCD9229331294254"
"data\experiments\restart_fifo_diag_20260524\smoke_run01_fixed_decode.column_analysis\expanded_column_counts.csv","14875","2026-05-24T21:58:55","BC0944303A72CD2B433CA47A3F3BB8DCFF871ADE8C570FF70A1B524732369D1A"
"data\experiments\restart_fifo_diag_20260524\smoke_run01_fixed_decode.column_analysis\raw_byte_bit_counts.csv","6561","2026-05-24T21:58:55","E1FE1DBC7BBB369558A9E0B2CC897233BA40B1711937113BC16CC3B72A5F9C4C"
"data\experiments\restart_fifo_diag_20260524\smoke_run01_fixed_decode.column_analysis\restart_byte_bit_heatmap.svg","23884","2026-05-24T21:58:55","523AC26F06BF51B056C50A8EEE8F9E031642415FF7370CFD64C25E5463087812"
"data\experiments\restart_fifo_diag_20260524\smoke_run01_fixed_decode.column_analysis\summary.json","1822","2026-05-24T21:58:55","F44422DA890E42BB1C1F81B8D675F3B8CC9E02B62BF8100427AA5287715E6062"
"data\experiments\restart_fifo_diag_20260524\smoke_run01_fixed_decode.column_analysis\summary.md","657","2026-05-24T21:58:55","347D8D743EF9E60E5A86A02BD8024179DD2CF8C9A6AFF42A70A9F77430ABE34C"
"data\experiments\restart_fifo_diag_20260524\smoke_run01_fixed_decode.column_analysis\top_biased_positions.csv","1692","2026-05-24T21:58:55","FBFF6AEA1066C31FC915C224457759458307822AF751ED5C15F4A452DD2EFE0D"
"data\experiments\restart_fifo_diag_20260524\smoke_run01_fixed_decode.frames.csv","33084","2026-05-24T21:55:33","360560CFFF397F16736B8DC52F5908E0E0E57CFE821FAC811DE441FAA225D920"
"data\experiments\restart_fifo_diag_20260524\smoke_run01_fixed_decode.raw_byte_bit_p1.csv","5779","2026-05-24T21:58:50","3A1F8DEF5D490B39D85F2BE59342CDCA558A02280CDDA399E335EB2FC8940226"
"data\experiments\restart_fifo_diag_20260524\smoke_run01_fixed_decode.summary.csv","811","2026-05-24T21:58:50","53D1E4BE557B72E29ABA9A7137AA506F033B0436F2947146F5F6D186E177C91D"
"data\experiments\restart_fifo_diag_20260524\smoke_run01_fixed_decode.summary.md","2121","2026-05-24T21:58:50","84EFBD82C83DCA03BC539B9D662551FEC3BE30085BF05183979F5A802A245C12"
"data\experiments\restart_placement_logs_20260515\restart_placement_queue_summary_20260515.json","10982","2026-05-22T09:56:55","B785E0DC58B0439067130D56B4F86F1E794033248D3B5C3BC2989BE36C8C2FD3"
"data\experiments\restart_sampler_regs_only_logs_20260524\restart_sampler_regs_only_queue_summary_20260524.json","7447","2026-05-24T16:47:58","D785305F18C3F0EBE3F924C4733B8967009F9AEDB685C28EA31ACC0EEF849529"
"data\experiments\restart_summary_20260515\restart_result_summary_20260515.csv","46244","2026-05-22T09:57:31","1A78B9124FC5D9474FCDF4E76E7E6FCAD95A0A213F2C6C3CF9F9C124D51C9D48"
"data\experiments\restart_summary_20260515\restart_result_summary_20260515.md","4949","2026-05-22T09:57:31","959E9DB2E507AC496A3B98117D6B9B1B10D74883775842C59760BDEDB8E26C2B"
"data\experiments\restart_summary_20260515\restart_result_summary_20260522.csv","46804","2026-05-23T00:10:32","188CC66FD1C57466F8D19AB25FC7116079E1C052945C7074DDF9E619050D7B84"
"data\experiments\restart_summary_20260515\restart_result_summary_20260522.md","4809","2026-05-23T00:10:32","677CEBCC77947BE941B4EA4707BE30F2B868E176CF05DC5B437B1DF73237CF91"
"data\experiments\restart_summary_20260515\restart_result_summary_20260523_test.csv","46244","2026-05-23T00:10:03","1A78B9124FC5D9474FCDF4E76E7E6FCAD95A0A213F2C6C3CF9F9C124D51C9D48"
"data\experiments\restart_summary_20260515\restart_result_summary_20260523_test.md","4954","2026-05-23T00:10:03","C169D9567157E9498844C2FC673FDC69AF4DFFE3F2FF14058E5D07AB80F5B289"
"data\experiments\restart_summary_20260524\restart_result_summary_20260524.csv","54618","2026-05-24T16:49:48","F757262C6936BC8194DC3058468A7060C972307B80EE40AE62D3EA18E6819351"
"data\experiments\restart_summary_20260524\restart_result_summary_20260524.md","8145","2026-05-24T16:49:48","B46F4B9930EF21EEBCA137ED3DDA8D572EB5705D370376F96F932741B8D925CE"
"data\experiments\restart_warmup_repeat_logs_20260515\restart_warmup_random1_contrast01_20260522_summary.json","3456","2026-05-22T08:31:27","A6B18A5B55459132F7EE9051DB2B7B3A7B91836962CAE207FE0B0576C917A16B"
"data\experiments\restart_warmup_repeat_logs_20260515\restart_warmup_random3_repeat03_20260522_summary.json","3422","2026-05-22T08:56:15","4D9FF0AD073E544B677F96201872AB42ABD283697F4A274B9BD5412075CF3846"
"data\experiments\restart_warmup_repeat_logs_20260515\restart_warmup_repeat02_summary.json","3134","2026-05-15T02:58:25","B2FC267C5477110933D5736FE4B47DE6524DD11A0DCE5EA44D2C2B3FC98025DC"
"data\experiments\ro_freq_analysis\20260513_random1_fixed_partial5mib\random1_ro_freq_fixed_run01_partial5mib_pairwise_all_on.csv","4268","2026-05-13T21:50:45","843278161DA7E031E4C9AB5E66203539162357254578A43E8FC9208C8E3D422D"
"data\experiments\ro_freq_analysis\20260513_random1_fixed_partial5mib\random1_ro_freq_fixed_run01_partial5mib_pulling.csv","939","2026-05-13T21:50:45","948679F89268407F22313BD784E47F938A7E98655E6222E9B14E209D048EC9B4"
"data\experiments\ro_freq_analysis\20260513_random1_fixed_partial5mib\random1_ro_freq_fixed_run01_partial5mib_summary.csv","2195","2026-05-13T21:50:45","5E1E0031F856BFA7B9445FA3B5DA3CFACE8BDA87D3FDF0DDE61C64D638CB85A4"
"data\experiments\ro_freq_analysis\20260513_random1_fixed_smoke\random1_ro_freq_fixed_smoke01_512k_pairwise_all_on.csv","4302","2026-05-13T21:29:51","C376480132C1938862F07D39EC2FCBF73FC18C9FD3F26BFB873EE4B34A03E718"
"data\experiments\ro_freq_analysis\20260513_random1_fixed_smoke\random1_ro_freq_fixed_smoke01_512k_pulling.csv","945","2026-05-13T21:29:51","9F81FC8A4D4E51C9E10A4246810EE0BCCCD70AE64FAE3FF904A6CB4AA4252786"
"data\experiments\ro_freq_analysis\20260513_random1_fixed_smoke\random1_ro_freq_fixed_smoke01_512k_summary.csv","2174","2026-05-13T21:29:51","8B67BECBE22552F6F69502C325E2D9A428E637FDBC77C6033BAAB4D037D87CEE"
"data\experiments\ro_freq_analysis\20260513_random1_random3_fixed_run01_2mib\random1_random3_fixed_run01_2mib_pairwise_all_on.csv","8469","2026-05-13T22:06:50","893366E4EECA39B29C2DA6CD656EFAA852A0CEB3AD4EE26A89444140A8359A23"
"data\experiments\ro_freq_analysis\20260513_random1_random3_fixed_run01_2mib\random1_random3_fixed_run01_2mib_pulling.csv","1776","2026-05-13T22:06:50","EBC114452E5A3D7F392410C0F0C31F6EDC48EC5EB65BB8A201FA70E2EE72A356"
"data\experiments\ro_freq_analysis\20260513_random1_random3_fixed_run01_2mib\random1_random3_fixed_run01_2mib_summary.csv","4185","2026-05-13T22:06:50","2FB3C1B8DD8E689CCA80C86704A2A50A2794B9485135A701823792DD59210F95"
"data\experiments\ro_freq_analysis\20260513_random1_random3_fixed_smoke\random1_random3_fixed_smoke_pairwise_all_on.csv","8495","2026-05-13T21:33:46","872C173DBBA35AC4DF1A94A68C547E09A75C1A90F5151B0B1CCCDA8AD12A0BE4"
"data\experiments\ro_freq_analysis\20260513_random1_random3_fixed_smoke\random1_random3_fixed_smoke_pulling.csv","1777","2026-05-13T21:33:46","FF416C579508CFB163A33AE9CC4DAB9DC09378CB21EF910A9B02B6F3BB71345E"
"data\experiments\ro_freq_analysis\20260513_random1_random3_fixed_smoke\random1_random3_fixed_smoke_summary.csv","4181","2026-05-13T21:33:46","19936A60597D3531E82F21CC42CEA3B94C72437EA972CC92C857A944E2D7FAD5"
"data\experiments\ro_freq_analysis\20260513_ro_freq_run01_5mib\ro_freq_run01_5mib_pairwise_all_on.csv","4276","2026-05-14T01:25:29","79DA4CDA33C7F9FC42770F2C20D7D39B9A6850EF119E67D12214036B2962C43D"
"data\experiments\ro_freq_analysis\20260513_ro_freq_run01_5mib\ro_freq_run01_5mib_pulling.csv","940","2026-05-14T01:25:29","954A722FDBA578874BD3C1DD8F1F5B1A3AD93FF23CEDB8838941871F87287DC5"
"data\experiments\ro_freq_analysis\20260513_ro_freq_run01_5mib\ro_freq_run01_5mib_summary.csv","2189","2026-05-14T01:25:29","B720EACBE79174E4A8EABE826A2E9A55D8FF8843AA4ADF9F96C83D28FEFB6814"
"data\experiments\ro_freq_analysis\20260513_ro_freq_run02\ro_freq_run02_pairwise_all_on.csv","8408","2026-05-14T01:25:08","6F5A8CD44BD59136DBC5458BC44B0BF9FF06F64E2F18F6491E216EF78DF9DEB7"
"data\experiments\ro_freq_analysis\20260513_ro_freq_run02\ro_freq_run02_pulling.csv","1781","2026-05-14T01:25:08","A790EC6295922F42FC0CACAE71E3A1F4946BACC96C00C8CA749E5CD8AE50912F"
"data\experiments\ro_freq_analysis\20260513_ro_freq_run02\ro_freq_run02_summary.csv","4184","2026-05-14T01:25:08","4FC9206954C84A75A7CD4E8F759CF45CB2377B5FA7CBA57C4C0063EE7003DF18"
"data\experiments\ro_freq_analysis\20260513_ro_freq_run03\ro_freq_run03_pairwise_all_on.csv","8457","2026-05-14T01:25:18","5E58672548AA84DA29E17ADC5DC72E79FCD5376B0711936DDDE1EAA3DE7FDFF9"
"data\experiments\ro_freq_analysis\20260513_ro_freq_run03\ro_freq_run03_pulling.csv","1782","2026-05-14T01:25:18","682BE95F5E7A3DE509B200CA7BF789F5BFD6E85C9A3F4769D17EE3C3673A24F7"
"data\experiments\ro_freq_analysis\20260513_ro_freq_run03\ro_freq_run03_summary.csv","4188","2026-05-14T01:25:18","4303D6519A813B806D54FBC31951492B50EBF9CF432FD3A32EC3231AF0BF22BE"
"data\experiments\ro_freq_analysis\20260523_random1_sample_x36y35_w100_baseline_2mib\random1_sample_x36y35_w100_baseline_2mib_pairwise_all_on.csv","4256","2026-05-23T14:12:23","360A35A024ED9B0567233A6D72FF6DDA67B8488C8134449706C9FCFE054897DC"
"data\experiments\ro_freq_analysis\20260523_random1_sample_x36y35_w100_baseline_2mib\random1_sample_x36y35_w100_baseline_2mib_pulling.csv","939","2026-05-23T14:12:23","522B1859ACA75D96114FE5A4FE2DFBB686EF7F5AE39DFA6E82FC75AB51332ABA"
"data\experiments\ro_freq_analysis\20260523_random1_sample_x36y35_w100_baseline_2mib\random1_sample_x36y35_w100_baseline_2mib_summary.csv","2172","2026-05-23T14:12:23","70F76A01E5B4D5F7DBDAF87EB9AE6EF905571941F12557E7274126DE90725C8B"
"data\experiments\ro_freq_analysis\20260523_random1_sample_x45y39_2mib_program\random1_sample_x45y39_2mib_program_pairwise_all_on.csv","4291","2026-05-23T02:13:02","E3CCFF3915D23FE27DB41EAC2BAA6B458FEE9024E8954D4AB04C19FC3D46FD41"
"data\experiments\ro_freq_analysis\20260523_random1_sample_x45y39_2mib_program\random1_sample_x45y39_2mib_program_pulling.csv","920","2026-05-23T02:13:02","5D8413E1E61BE627C6E86AA6DAC683E7335E3F31E49FE5EE78C81DBB1EFAC2EC"
"data\experiments\ro_freq_analysis\20260523_random1_sample_x45y39_2mib_program\random1_sample_x45y39_2mib_program_summary.csv","2415","2026-05-23T02:13:02","76C7AF9B032473748CEC946341EBF2F37C223D163A138601A90C9CBBFDAC82A3"
"data\experiments\ro_freq_analysis\20260523_random1_sample_x45y39_w100_2mib\random1_sample_x45y39_w100_2mib_pairwise_all_on.csv","4294","2026-05-23T02:26:05","2BFA8D5C6F044E2AC5BCF98F6EC5860E8BBF8ACAF1348CDE2A288DD46FE22D45"
"data\experiments\ro_freq_analysis\20260523_random1_sample_x45y39_w100_2mib\random1_sample_x45y39_w100_2mib_pulling.csv","942","2026-05-23T02:26:05","8B2096EC8D77511C557B2FF4DA08525ACAF7B80104BA6C21D81A8DDD388AB8CF"
"data\experiments\ro_freq_analysis\20260523_random1_sample_x45y39_w100_2mib\random1_sample_x45y39_w100_2mib_summary.csv","2176","2026-05-23T02:26:05","CF0C41F7659769B4A0B44DC5067676CF4182C61C44D0148BA2B47C2B4EF96028"
"data\experiments\ro_freq_random1_random3_manifest_template.csv","903","2026-05-13T15:34:49","E2690ED1E90A64F84F42C734F713033FC7AB2FFCDB214A0BD651B72CF8E858E7"
"data\experiments\sampler_island_20260523\random1_sample_ro_local_x45y39_20mib_windows_1mib.csv","1555","2026-05-23T14:51:03","DC8151484C92D7EBB714962396F9C5F43FC8856C2097DD684E6F954CD71FF086"
"data\experiments\sampler_island_20260523\random1_sample_ro_local_x45y39_20mib_windows_5mib.csv","377","2026-05-23T14:51:04","ACCE6A03F486E7DEE918A13E153AFDD5DBA24ECF980409172230565693C6B96D"
"data\experiments\sampler_island_20260523\random1_sampler_island_ablation_summary.csv","1677","2026-05-23T16:43:41","7A4D0E834388D9B35DEFED13CC4A7AC535EC4095BC7999633CAB7AD199421194"
"data\experiments\sampler_island_20260523\random1_sampler_island_local_x45y39_regs_x45y31_program_20mib_windows_1mib.csv","1555","2026-05-23T16:43:14","643465CF1E1D32C04B1474FA6850EC3E97F6F4D84E7F044167F423A0E529834E"
"data\experiments\sampler_island_20260523\random1_sampler_island_local_x45y39_regs_x45y31_program_20mib_windows_5mib.csv","377","2026-05-23T16:43:14","5D883D6194517F698CB175E6C0BE8C741C6D3A0B01C39BD10BA19FE7BF59FFB6"
"data\experiments\sampler_island_20260523\random1_sampler_island_local_x45y39_regs_x45y31_program_5mib_windows_1mib.csv","444","2026-05-23T15:02:53","8D5BE0EC8D53DBDA456B204D073045F2640D8DACA6E6069ED519E180326F8847"
"data\experiments\sampler_regs_only_20260524\random1_sampler_ablation_extended_summary_20260524.csv","2077","2026-05-24T13:26:20","B14E5A51EC07794646D521DCD8BFFF134413386E42FBBEB78763BE64F0EBDFB8"
"data\experiments\sampler_regs_only_20260524\random1_sampler_ablation_extended_summary_20260524.md","4383","2026-05-24T14:30:10","69574774396E4EA1838F1849843D2329EB8095591EC821FC9DEE4724C50EBA80"
"data\experiments\sampler_regs_only_20260524\random1_sampler_regs_only_restart_mode_summary_20260524.csv","3965","2026-05-24T17:06:36","149E660E87FC65F3CD467FEDC8A9F46E19E47CCB87AC033F4527CA07BA8C8DBE"
"data\experiments\sampler_regs_only_20260524\random1_sampler_regs_only_restart_mode_summary_20260524.md","2908","2026-05-24T17:06:36","8A3FF9E2AA1A1F99C3366F9CA8279F55ED9B09D31234D60D9A8E9471F498949F"
"data\experiments\sampler_regs_only_20260524\random1_sampler_regs_only_restart_summary_20260524.csv","6368","2026-05-24T16:49:56","FB645AF5D199F06AEEBB0E37CBD994FB32737C34BAA3E037D53EE068E8D6DBB1"
"data\experiments\sampler_regs_only_20260524\random1_sampler_regs_only_restart_summary_20260524.md","7792","2026-05-24T16:49:56","E714A408373AB39976E3317F991D0F2CE0865C6A92CA13726E0FA11647440241"
"data\experiments\sampler_regs_only_20260524\random1_sampler_regs_only_warmup_transition_20260524.csv","592","2026-05-24T16:49:56","20B600703C528ED0F9A866FDC288D06E04FA5DEF13F9D854D2F845E2EEE6FAD7"
"data\experiments\sampler_regs_only_20260524\random1_sampler_regs_only_warmup_transition_20260524.svg","5698","2026-05-24T16:49:56","3D60F5B143958A2F2965B0B21B4303BD882B100F7DAB9D3E44B09678E2AFB75A"
"data\experiments\sampler_regs_only_20260524\random1_sampler_regs_only_x45y31_20mib_1mib_windows.csv","1555","2026-05-24T13:24:51","B7C3E27F977290BEF320A5DB9F4A6F6F30F4380C9F9E9E1951C706E74CDDDB03"
"data\experiments\sampler_regs_only_20260524\random1_sampler_regs_only_x45y31_20mib_5mib_windows.csv","377","2026-05-24T13:25:15","2F0BECC8EBA9A2E6103ABCD5E8C912CFAF006F4A0A47F1529D731AA1A150206C"
"data\experiments\sampler_snapshot_20260524\regs_only_formal_restart_profile_w4_w5_w10_w11_20260524.md","40509","2026-05-24T21:37:55","CE26AE3506EDC0467D87C8E2F5D6950C0AB2EE6742A9104800209076462416CD"
"data\experiments\sampler_snapshot_20260524\regs_only_formal_restart_profile_w4_w5_w10_w11_20260524_byte.csv","166322","2026-05-24T21:37:55","0D7789082BE0A8906ED7B7533F9E0823B9F5AA6B1280D30C8169EF0150014DA3"
"data\experiments\sampler_snapshot_20260524\regs_only_formal_restart_profile_w4_w5_w10_w11_20260524_byte_bit.csv","1362049","2026-05-24T21:37:55","4A6624AB90854DDF7BEC9CAAD0C3F16CE37178E445F68247194F1E0B5EAF4263"
"data\experiments\sampler_snapshot_20260524\regs_only_formal_restart_profile_w4_w5_w10_w11_20260524_byte_phase.csv","87700","2026-05-24T21:37:55","516FD659636E9A4D1777E83EC27C4687DF372B19C5985AAF768251CCC79E2E4F"
"data\experiments\sampler_snapshot_20260524\regs_only_formal_restart_profile_w4_w5_w10_w11_20260524_summary.csv","3166","2026-05-24T21:37:55","4A38264B237BDB4A44BDA802685AE7A0C6B5F95D37B6451F35FCDFEB8C1B38BE"
"data\experiments\sampler_snapshot_20260524\regs_only_warmup10_cap1024_run01.bit_bias.csv","4715","2026-05-24T18:46:01","88CF6B8B1E1135C0182202C63ABDF137AAA680993BB97A6FFC9F7BE78C87DA54"
"data\experiments\sampler_snapshot_20260524\regs_only_warmup10_cap1024_run01.frames.csv","209147","2026-05-24T18:46:01","91286E8BEF194F26C8F1D35A684931DD1E930937C6425AC87E8AEF33CB37F0C6"
"data\experiments\sampler_snapshot_20260524\regs_only_warmup10_cap1024_run01.stage_xor_bias.csv","580","2026-05-24T18:46:01","EAED3D4C5D36F1163C9659BB23DBD2A44B6EB5BF6987211CEEA9D9D206280284"
"data\experiments\sampler_snapshot_20260524\regs_only_warmup10_cap1024_run01.summary.json","1121","2026-05-24T18:46:01","A4D44B3947FF71FBCA1EAAB88854425201CE4B034279D423EAD5F9041B3FF11C"
"data\experiments\sampler_snapshot_20260524\regs_only_warmup10_cap1024_run01.summary.md","1021","2026-05-24T18:46:01","94D9B9268CF7202C982344C57015286F22E7166F4CA29690D7F8774EEF0F7798"
"data\experiments\sampler_snapshot_20260524\regs_only_warmup10_cap64_run01.bit_bias.csv","4456","2026-05-24T18:00:48","59BCDC44870BB3D9360D22F07FD972AED068AD0DE70C7E20A963583595D1E2F3"
"data\experiments\sampler_snapshot_20260524\regs_only_warmup10_cap64_run01.frames.csv","13191","2026-05-24T18:00:48","5DC66EBB00FE4F3DA24CC9AB505CFBAAD1F93A02C8C65522B210537FAE355D50"
"data\experiments\sampler_snapshot_20260524\regs_only_warmup10_cap64_run01.stage_xor_bias.csv","548","2026-05-24T18:00:48","1A58912169934D3A7CEBEB58D963A705C245C6F69D44D643F424764894332AF1"
"data\experiments\sampler_snapshot_20260524\regs_only_warmup10_cap64_run01.summary.json","1074","2026-05-24T18:00:48","7A9DECD66AE08EE9082814B338E3E6113B3A73C2B70B28845F40133F8087E7EF"
"data\experiments\sampler_snapshot_20260524\regs_only_warmup10_cap64_run01.summary.md","1001","2026-05-24T18:00:48","694C61C8EF56903930B2EFFE4DA5F42316CA2A7E7227816B40995B09C35C0C53"
"data\experiments\sampler_snapshot_20260524\regs_only_warmup11_cap1024_run01.bit_bias.csv","4715","2026-05-24T18:46:01","2AC3F925758357109923D42BEE21F3C241ABE51A01E98105CFAAD13A7921DD6E"
"data\experiments\sampler_snapshot_20260524\regs_only_warmup11_cap1024_run01.frames.csv","209147","2026-05-24T18:46:01","CC5F0197719518109BE83B935EAC9ECFCE3EE920F593436D87B801939DE75C34"
"data\experiments\sampler_snapshot_20260524\regs_only_warmup11_cap1024_run01.stage_xor_bias.csv","580","2026-05-24T18:46:01","EB31D8C8F7289857DF2E8F1BC6B77DF48CC09A722C7DF7CF3ED836C066114FF9"
"data\experiments\sampler_snapshot_20260524\regs_only_warmup11_cap1024_run01.summary.json","1122","2026-05-24T18:46:01","A14E86828789872776670E1BEB4199485F032F44F0A2C1A53370F7132B1D82A6"
"data\experiments\sampler_snapshot_20260524\regs_only_warmup11_cap1024_run01.summary.md","1022","2026-05-24T18:46:01","20BB0CF2BCE5AFE3F60F5576B2B5011B037683CD25F2EF76EC2CDB12FB2192A2"
"data\experiments\sampler_snapshot_20260524\regs_only_warmup11_cap64_run01.bit_bias.csv","4459","2026-05-24T18:00:48","95046798B0C0A616DF4364AD74EB4287D01E5D155BDC9D79AA0A65DD928D5024"
"data\experiments\sampler_snapshot_20260524\regs_only_warmup11_cap64_run01.frames.csv","13191","2026-05-24T18:00:48","1802B0B3BFC7BAE31379367244566841D10EE69F31E6DF5C3A92232573BA4772"
"data\experiments\sampler_snapshot_20260524\regs_only_warmup11_cap64_run01.stage_xor_bias.csv","548","2026-05-24T18:00:48","784C6A21B320D60427278D000337C663D164D45B8BC9C7EDA6DAE116546226CF"
"data\experiments\sampler_snapshot_20260524\regs_only_warmup11_cap64_run01.summary.json","1043","2026-05-24T18:00:48","DFF91322161B5E25D44F7210E2F3F5264C1C270C6AFAD5570A25B1AF71C2E1D8"
"data\experiments\sampler_snapshot_20260524\regs_only_warmup11_cap64_run01.summary.md","1001","2026-05-24T18:00:48","3C4182A99C250B42B49DB03ED158DD62101383DFD6A44A14B46A7CA32994CFF1"
"data\experiments\sampler_snapshot_20260524\regs_only_warmup4_cap1024_run01.bit_bias.csv","4651","2026-05-24T18:46:01","0839D188BA79D419A36F8FAEC691A49467329BB72392755FD51C3221E89DB747"
"data\experiments\sampler_snapshot_20260524\regs_only_warmup4_cap1024_run01.frames.csv","208123","2026-05-24T18:46:01","3B1FB26CF11C2C90DDD988B3F4BAFAEE2D92AEE5966DA0329D4C6C0765D3AD5E"
"data\experiments\sampler_snapshot_20260524\regs_only_warmup4_cap1024_run01.stage_xor_bias.csv","572","2026-05-24T18:46:01","05C924D4C49291BD03E95963BD06063D9F61FDAE60B928AAA5AB8EAEE219AF9C"
"data\experiments\sampler_snapshot_20260524\regs_only_warmup4_cap1024_run01.summary.json","1117","2026-05-24T18:46:01","793B386C5378E33BACFF486CBAD4EE604236B8DD24DD2343F9391B4892409D59"
"data\experiments\sampler_snapshot_20260524\regs_only_warmup4_cap1024_run01.summary.md","1013","2026-05-24T18:46:01","9DBD900A21B2E437FBFB0ECCBF0487241B7B2765A0654694A17EDA832B4B8DE1"
"data\experiments\sampler_snapshot_20260524\regs_only_warmup4_cap64_smoke01.bit_bias.csv","4523","2026-05-24T18:00:48","012A826902A9E2D7C02DF98536137CEBD33BFF7D0DC310F99224786056F936E1"
"data\experiments\sampler_snapshot_20260524\regs_only_warmup4_cap64_smoke01.frames.csv","13255","2026-05-24T18:00:48","01000826F2C20699FE89AE0531115F914585E9D2E4882617D9156C7965450C64"
"data\experiments\sampler_snapshot_20260524\regs_only_warmup4_cap64_smoke01.stage_xor_bias.csv","556","2026-05-24T18:00:48","44285A46EE30F0CF43533346602D4BE6A11FCD26BE2B95DB2DF258DD1452E3FE"
"data\experiments\sampler_snapshot_20260524\regs_only_warmup4_cap64_smoke01.summary.json","1105","2026-05-24T18:00:48","7A3F652CDFF77550BA01B039E3698268F30AA4D07B760A6DA9322EF1806C0CBD"
"data\experiments\sampler_snapshot_20260524\regs_only_warmup4_cap64_smoke01.summary.md","1008","2026-05-24T18:00:48","B079E02FD0C3971F638F3514802B2FE2AE459C50EE6B6CABC81B49177B1C1EB1"
"data\experiments\sampler_snapshot_20260524\regs_only_warmup5_cap1024_run01.bit_bias.csv","4651","2026-05-24T18:46:01","BAEB5CD197A3A8D744944B5E72EC04EE3416F57F2A6260E1664E7664E284AA74"
"data\experiments\sampler_snapshot_20260524\regs_only_warmup5_cap1024_run01.frames.csv","208123","2026-05-24T18:46:01","1A5FBD196B1C8FB2118EEA1D9323451D093EA729F0892F6740F330973CE06908"
"data\experiments\sampler_snapshot_20260524\regs_only_warmup5_cap1024_run01.stage_xor_bias.csv","572","2026-05-24T18:46:01","F093C3B356D744B232796C5F551665F6938AE1DE3E0E88B24BBC810CAD83D5CB"
"data\experiments\sampler_snapshot_20260524\regs_only_warmup5_cap1024_run01.summary.json","1118","2026-05-24T18:46:01","8BFEAA96BDA03B564A5EB0A7F203B3E20AAC479B562EB35B7119BDA0E89B6A25"
"data\experiments\sampler_snapshot_20260524\regs_only_warmup5_cap1024_run01.summary.md","1014","2026-05-24T18:46:01","5C378EC6524DD9C57BFF46634AD1A89EB4F64B986AFE88DAA82322315E0ABBBB"
"data\experiments\sampler_snapshot_20260524\regs_only_warmup5_cap64_bram_regress01.bit_bias.csv","4971","2026-05-24T18:12:08","3B114DAA2385CA45BD66A2EC41B297914250200A79B5F4A161865FEAD035317E"
"data\experiments\sampler_snapshot_20260524\regs_only_warmup5_cap64_bram_regress01.frames.csv","13703","2026-05-24T18:12:08","A4778F90734DA8BBD8A5841E7A93E86F861B71A6BDB87184D01DFB6E2C5889B9"
"data\experiments\sampler_snapshot_20260524\regs_only_warmup5_cap64_bram_regress01.stage_xor_bias.csv","612","2026-05-24T18:12:08","4EFD83A12DF072FABBA7FD88BB51C3425FF348BE8A3D53DE73D9F031E3BE070A"
"data\experiments\sampler_snapshot_20260524\regs_only_warmup5_cap64_bram_regress01.summary.json","1133","2026-05-24T18:12:08","DB7ADCE889E15EC04219983535BC07C74C82D37D7E25C91BF28AC96BA3B2B885"
"data\experiments\sampler_snapshot_20260524\regs_only_warmup5_cap64_bram_regress01.summary.md","1057","2026-05-24T18:12:08","B1BB94B0FE9C2C7D93A5821A4758478FA5534663618CC877E6196E27855B6838"
"data\experiments\sampler_snapshot_20260524\regs_only_warmup5_cap64_run01.bit_bias.csv","4395","2026-05-24T18:00:48","7415C1D1DD2608AD968E49C0D753A948BF11FB1F87C182BCAE145EB342EB506C"
"data\experiments\sampler_snapshot_20260524\regs_only_warmup5_cap64_run01.frames.csv","13127","2026-05-24T18:00:48","2AE077AFB733AAD05A5210EFE93D549CFCF0BB054AE89D9FE7D8C39E76AFAD61"
"data\experiments\sampler_snapshot_20260524\regs_only_warmup5_cap64_run01.stage_xor_bias.csv","540","2026-05-24T18:00:48","8720958E086C5530DA2620676519F1D7CB231260D52B3C983AC6AEACCD907866"
"data\experiments\sampler_snapshot_20260524\regs_only_warmup5_cap64_run01.summary.json","1072","2026-05-24T18:00:48","3C865A055BA0B1135E6A34852CCD8B1838D881C20DAEDF6DC22BDF4DFA2BE879"
"data\experiments\sampler_snapshot_20260524\regs_only_warmup5_cap64_run01.summary.md","993","2026-05-24T18:00:48","F858B3BD47A698A5E273F48655E92AC741F55EC9E9CC5997FFA6A1C5D977ADDE"
"data\experiments\sampler_snapshot_20260524\regs_only_warmup5_cap64_xpm_regress01.bit_bias.csv","4907","2026-05-24T18:20:02","11EBDAF4F0152BF20111E39D33B34AE13E2F5CAA9A96416AE5590EDF75F5EF3F"
"data\experiments\sampler_snapshot_20260524\regs_only_warmup5_cap64_xpm_regress01.frames.csv","13639","2026-05-24T18:20:02","96B1E2F64F3FCA4C515B7AF7C05C338AA641C90C9931004889EBCC3BF3298E37"
"data\experiments\sampler_snapshot_20260524\regs_only_warmup5_cap64_xpm_regress01.stage_xor_bias.csv","604","2026-05-24T18:20:02","412EEC260EEC78D6F6F1EFEE13648E1296E3963CF9CB4C0454538BFC65BB4DB1"
"data\experiments\sampler_snapshot_20260524\regs_only_warmup5_cap64_xpm_regress01.summary.json","1130","2026-05-24T18:20:02","E98B1CDD65581D4D242917121F549A022ACC8E498C7B00EE246F205BF68E63E2"
"data\experiments\sampler_snapshot_20260524\regs_only_warmup5_cap64_xpm_regress01.summary.md","1050","2026-05-24T18:20:02","4F3D82A81C0B0CCFCA57B1747FEABDFD92FE1BAEF40249C22A4D8550CF817D32"
"data\experiments\sampler_snapshot_20260524\restart_aligned_bits_regs_only_warmup32_cap1024_run01.bit_bias.csv","6014","2026-05-24T20:03:30","E7B1C7983C0005CDAB7E09E4F46BE9086063C4A62B988BBAE82B281C07D7CEC4"
"data\experiments\sampler_snapshot_20260524\restart_aligned_bits_regs_only_warmup32_cap1024_run01.frames.csv","230651","2026-05-24T20:03:30","039A68ECB429E32A409F956A09481564EDD7B90993EB543D696711026F311D57"
"data\experiments\sampler_snapshot_20260524\restart_aligned_bits_regs_only_warmup32_cap1024_run01.stage_xor_bias.csv","748","2026-05-24T20:03:30","95EB984DBBA18C28FD21E2B1D6E2677D19B616718AFAB8D59FCCFADDA021ED32"
"data\experiments\sampler_snapshot_20260524\restart_aligned_bits_regs_only_warmup32_cap1024_run01.summary.json","1196","2026-05-24T20:03:30","8436AC2CC0A94DF9703FA482310AD55798EC5ED4056F7646E7CCD85D8149F261"
"data\experiments\sampler_snapshot_20260524\restart_aligned_bits_regs_only_warmup32_cap1024_run01.summary.md","1159","2026-05-24T20:03:30","98337BC9055263A538B5A9FE23950DCEF138EFB9F8611F34801B9956C751AA3C"
"data\experiments\sampler_snapshot_20260524\restart_aligned_bits_regs_only_warmup40_cap1024_run01.bit_bias.csv","6019","2026-05-24T20:03:30","EBC1705114DA05CCA035A7F20AD763DB161ACE3CA77B39478AD1569E6F9F45FB"
"data\experiments\sampler_snapshot_20260524\restart_aligned_bits_regs_only_warmup40_cap1024_run01.frames.csv","230651","2026-05-24T20:03:30","31CEF5F39AD06A9737B72C9166FF7AB5E7117156AC5583D5751D10BFA4BBC6A8"
"data\experiments\sampler_snapshot_20260524\restart_aligned_bits_regs_only_warmup40_cap1024_run01.stage_xor_bias.csv","747","2026-05-24T20:03:30","F94C682E14CB582615ED137EF3906987CC416E443E77C708D3CDA093F7D291A4"
"data\experiments\sampler_snapshot_20260524\restart_aligned_bits_regs_only_warmup40_cap1024_run01.summary.json","1196","2026-05-24T20:03:30","5D3A45A5DFFAB148D2AA9D28C2F452D59D7F8C6626E25F17E365B25AA97E06DF"
"data\experiments\sampler_snapshot_20260524\restart_aligned_bits_regs_only_warmup40_cap1024_run01.summary.md","1158","2026-05-24T20:03:30","5BA96B082B135091892F5331198E6DCA377D6CE1AC7BAB640F644B77A6ABAE9B"
"data\experiments\sampler_snapshot_20260524\restart_aligned_bits_regs_only_warmup80_cap1024_run01.bit_bias.csv","6037","2026-05-24T20:03:30","C1E7E874ACADFF7116698BDBD84CD257C254BD15CA57F200CD615A757D2AF783"
"data\experiments\sampler_snapshot_20260524\restart_aligned_bits_regs_only_warmup80_cap1024_run01.frames.csv","230651","2026-05-24T20:03:30","B5CF5401560848B10B3064F41BF503C3AAEDCE63ABCFC01B285152C1A6F7AABA"
"data\experiments\sampler_snapshot_20260524\restart_aligned_bits_regs_only_warmup80_cap1024_run01.stage_xor_bias.csv","748","2026-05-24T20:03:30","C334EF46CDCCA3ECBC6E40306B860E102033EEFBF3D3BDBA42CF37EB7AC4F370"
"data\experiments\sampler_snapshot_20260524\restart_aligned_bits_regs_only_warmup80_cap1024_run01.summary.json","1184","2026-05-24T20:03:30","7DDD0C137BBD6C801E348C0D877DAC672099DD0FD604B750C9E12DEE0A3D6781"
"data\experiments\sampler_snapshot_20260524\restart_aligned_bits_regs_only_warmup80_cap1024_run01.summary.md","1160","2026-05-24T20:03:30","DDB29BD77E560EAFE6B9CDB7D5A81FAB17E3C40D39E528F43DBBF235E688D3CB"
"data\experiments\sampler_snapshot_20260524\restart_aligned_bits_regs_only_warmup88_cap1024_run01.bit_bias.csv","6040","2026-05-24T20:03:30","7D5BFE9AA2A17993EE2DEC67F4AC91BDC37F9DA1A93DEA53CA0330B013623A0C"
"data\experiments\sampler_snapshot_20260524\restart_aligned_bits_regs_only_warmup88_cap1024_run01.frames.csv","230651","2026-05-24T20:03:30","EB7527E04A983AE72AB4671C3D9BC9AE7CA0F485552F16B056511D4D400F817D"
"data\experiments\sampler_snapshot_20260524\restart_aligned_bits_regs_only_warmup88_cap1024_run01.stage_xor_bias.csv","748","2026-05-24T20:03:30","0EF7C72B230AB9C09E7CFD0CEEDF9B49E88052168120B31B76EFA627ABDE6200"
"data\experiments\sampler_snapshot_20260524\restart_aligned_bits_regs_only_warmup88_cap1024_run01.summary.json","1200","2026-05-24T20:03:30","176B21E0B3A28633E6474462F1F9424CEF9EF39C0BD6404CE2F27A0E99651909"
"data\experiments\sampler_snapshot_20260524\restart_aligned_bits_regs_only_warmup88_cap1024_run01.summary.md","1162","2026-05-24T20:03:30","FE5DB454F18D98309D694C128CC317D5A5AA06AD60DBC574D2CCB9A441C5C58E"
"data\experiments\sampler_snapshot_20260524\restart_aligned_bits_sampler_snapshot_summary_cap1024_20260524.csv","1609","2026-05-24T20:04:04","9630826B14EE2B98E5528EC9D8CF77CCB8C2CF517AE61B710C8D9905459F4C67"
"data\experiments\sampler_snapshot_20260524\restart_aligned_bits_sampler_snapshot_summary_cap1024_20260524.md","2310","2026-05-24T20:04:04","51E0FA8A5658E67FA8F3A9AF9B1D1C81C96337A517E906FFDEB401C3B407B9A6"
"data\experiments\sampler_snapshot_20260524\restart_aligned_regs_only_warmup10_cap1024_run01.bit_bias.csv","5684","2026-05-24T19:26:06","17193A7FC3EDBD7191FA62DA9E4109C5D8C8A97C2908213F3B5D7E7810C08117"
"data\experiments\sampler_snapshot_20260524\restart_aligned_regs_only_warmup10_cap1024_run01.frames.csv","225531","2026-05-24T19:26:06","78189C6DD3C9D422E4DD838B59A279185FB1076D9EAA5CD2A9014E2B8AEF8409"
"data\experiments\sampler_snapshot_20260524\restart_aligned_regs_only_warmup10_cap1024_run01.stage_xor_bias.csv","706","2026-05-24T19:26:06","737E1C9823BE4F85B573AC06AAAEAC2CF0F8ABBB237392BFDDA3C433A1C42620"
"data\experiments\sampler_snapshot_20260524\restart_aligned_regs_only_warmup10_cap1024_run01.summary.json","1175","2026-05-24T19:26:06","F01790B2250B230F2745858984D290B83E9B6E4835E898EF05E9517566E2F911"
"data\experiments\sampler_snapshot_20260524\restart_aligned_regs_only_warmup10_cap1024_run01.summary.md","1123","2026-05-24T19:26:06","E225D1E323D8BFBA481156CEC0502C1908CC95431E52084AD45115469B6394AF"
"data\experiments\sampler_snapshot_20260524\restart_aligned_regs_only_warmup11_cap1024_run01.bit_bias.csv","5687","2026-05-24T19:26:06","856EEFA487C4E5016DDEE274C70396DB31522A3D5E36DFD5B387210F76918B07"
"data\experiments\sampler_snapshot_20260524\restart_aligned_regs_only_warmup11_cap1024_run01.frames.csv","225531","2026-05-24T19:26:06","B847CCB4284079BF9187D4DB7CA42A9B39B1EC540911E3C9AA478B68201F594E"
"data\experiments\sampler_snapshot_20260524\restart_aligned_regs_only_warmup11_cap1024_run01.stage_xor_bias.csv","707","2026-05-24T19:26:06","84B06E0F657E485B73F09F2B1B9E7567B74ECBC3E5A94A40454F620EA84F2F6D"
"data\experiments\sampler_snapshot_20260524\restart_aligned_regs_only_warmup11_cap1024_run01.summary.json","1177","2026-05-24T19:26:06","028B7B2D2C9799F084D31D9922551305B536E14725E981D03717D3758B04AB73"
"data\experiments\sampler_snapshot_20260524\restart_aligned_regs_only_warmup11_cap1024_run01.summary.md","1124","2026-05-24T19:26:06","6A2970AD0150972A42583925ADB54F776EB22BC8D615EE2CFDA1CD0D12DDC81F"
"data\experiments\sampler_snapshot_20260524\restart_aligned_regs_only_warmup4_cap1024_run01.bit_bias.csv","5614","2026-05-24T19:26:06","02AE6FB0157A27824D953671CC64775EA8F3DC08DA2FC876007FC715A03F28E2"
"data\experiments\sampler_snapshot_20260524\restart_aligned_regs_only_warmup4_cap1024_run01.frames.csv","224507","2026-05-24T19:26:06","5E38A1C593E79D73E7C000D95BD22D8CEDFB237E51DB20CE2E32C242CB2306AB"
"data\experiments\sampler_snapshot_20260524\restart_aligned_regs_only_warmup4_cap1024_run01.stage_xor_bias.csv","695","2026-05-24T19:26:06","D69A70D277062EC98C2A4EB6526CE7DFCF8B875D9E3F462A563EAB58F3EA7A67"
"data\experiments\sampler_snapshot_20260524\restart_aligned_regs_only_warmup4_cap1024_run01.summary.json","1170","2026-05-24T19:26:06","85AD9BA5B56237E7775A6C43CEC95AE2EDEEA5BD47707C96D1E05752C62A2F1C"
"data\experiments\sampler_snapshot_20260524\restart_aligned_regs_only_warmup4_cap1024_run01.summary.md","1115","2026-05-24T19:26:06","794DC5405C5C7F86837B2A2255F3081C9FE7A24EDF50DF7BFE741B7273D33688"
"data\experiments\sampler_snapshot_20260524\restart_aligned_regs_only_warmup4_cap64_smoke01.bit_bias.csv","5486","2026-05-24T18:57:24","42EB3BCE1E52332A616E12719190140CE89E9D2B9AF2FC4128D20E5ACEA01E2D"
"data\experiments\sampler_snapshot_20260524\restart_aligned_regs_only_warmup4_cap64_smoke01.frames.csv","14279","2026-05-24T18:57:24","A515B3DB5300759C364A14A83333A82F975F44C92D702208BF4BEBDA8D4AF680"
"data\experiments\sampler_snapshot_20260524\restart_aligned_regs_only_warmup4_cap64_smoke01.stage_xor_bias.csv","678","2026-05-24T18:57:24","AB394EE65B71E6750BFEA01F28EA51587FA56A0DEB0CD04A3D5C3EDE3BE43F91"
"data\experiments\sampler_snapshot_20260524\restart_aligned_regs_only_warmup4_cap64_smoke01.summary.json","1162","2026-05-24T18:57:24","2C00BD96C2A88CC837AEFD972B3AB45F879D56B22D9C1AC6DC81FDD7A5E41A7A"
"data\experiments\sampler_snapshot_20260524\restart_aligned_regs_only_warmup4_cap64_smoke01.summary.md","1109","2026-05-24T18:57:24","CED3B925AD1CCEE39DF6D5D60F278E5D19A727DBDFF4F37053F764B4F7028494"
"data\experiments\sampler_snapshot_20260524\restart_aligned_regs_only_warmup5_cap1024_run01.bit_bias.csv","5623","2026-05-24T19:26:06","F708973BC0EE7F277A20CDED7424A3C8CB964B40B58FA5439A416E9604D90C7D"
"data\experiments\sampler_snapshot_20260524\restart_aligned_regs_only_warmup5_cap1024_run01.frames.csv","224507","2026-05-24T19:26:06","891BFEE8346D84F699915B18E58315589C9573C9ADAF43D01FA83E8F2A2BAD99"
"data\experiments\sampler_snapshot_20260524\restart_aligned_regs_only_warmup5_cap1024_run01.stage_xor_bias.csv","700","2026-05-24T19:26:06","C28A4919C83D848A46232E27FCCB50D536202B3985DF872E47A05840B30E0C38"
"data\experiments\sampler_snapshot_20260524\restart_aligned_regs_only_warmup5_cap1024_run01.summary.json","1173","2026-05-24T19:26:06","AECE2349A0C08873DD337764C0773419441C40A23CB1EAAB92B63FB7A1E52584"
"data\experiments\sampler_snapshot_20260524\restart_aligned_regs_only_warmup5_cap1024_run01.summary.md","1116","2026-05-24T19:26:06","E5B67372660024F27AF3E49E8E38330E7CA8BD83041C46F35E98D5BAE23787AF"
"data\experiments\sampler_snapshot_20260524\restart_aligned_sampler_snapshot_summary_cap1024_20260524.csv","1382","2026-05-24T19:26:39","4CE7FF0CC9FC25785EEB9F4172FCB34ABE14A1F5FA55195CEDDFBA0ADFCEDD62"
"data\experiments\sampler_snapshot_20260524\restart_aligned_sampler_snapshot_summary_cap1024_20260524.md","1979","2026-05-24T19:26:39","D70CF260A9CF4354E374224997DAB5ADAE2256A70F2CCDDAB3F20347701963E3"
"data\experiments\sampler_snapshot_20260524\restart_byte_bits_regs_only_warmup32_cap64_smoke01.bit_bias.csv","5855","2026-05-24T20:17:19","52F0EA0931655BC8577EA688E4B587E3D3D6E2FFE68ACD747975F13F7A88780E"
"data\experiments\sampler_snapshot_20260524\restart_byte_bits_regs_only_warmup32_cap64_smoke01.frames.csv","113891","2026-05-24T20:17:19","1B7BF9413D5B125B7C46A96B9A9CFCF781BF7F3C453435FD9C39EBA0CB8C6723"
"data\experiments\sampler_snapshot_20260524\restart_byte_bits_regs_only_warmup32_cap64_smoke01.stage_xor_bias.csv","724","2026-05-24T20:17:19","40F14C1F1B8917E3BC3547BF4674D7AF214F649467F8A16660D42D4337EBE4C0"
"data\experiments\sampler_snapshot_20260524\restart_byte_bits_regs_only_warmup32_cap64_smoke01.summary.json","1182","2026-05-24T20:17:19","36E6A4D5583A661F4EDE3F83285EBAE2178873F81CFA32425875939C269FC810"
"data\experiments\sampler_snapshot_20260524\restart_byte_bits_regs_only_warmup32_cap64_smoke01.summary.md","1137","2026-05-24T20:17:19","E07AA1332B50C0456E98AFD42D1FCFBED49DF37E991CF7AAF0C178F2E83E8654"
"data\experiments\sampler_snapshot_20260524\restart_byte_snapshot_bits_regs_only_warmup32_cap1024_fixed_run01.bit_bias.csv","6955","2026-05-24T21:28:31","6E2147ECE9DB2B9AD5488AA2031DF33A7DE12B805C563B2D8BA7F241E99E897D"
"data\experiments\sampler_snapshot_20260524\restart_byte_snapshot_bits_regs_only_warmup32_cap1024_fixed_run01.frames.csv","1948923","2026-05-24T21:28:31","26FEE03D4830B26C3EF594BF43728555B948E1D50EB77C80E95D6C7EFEEC9733"
"data\experiments\sampler_snapshot_20260524\restart_byte_snapshot_bits_regs_only_warmup32_cap1024_fixed_run01.stage_xor_bias.csv","860","2026-05-24T21:28:31","4E7289505CD8E2664F8F061ECD27BF29090748081583F01683E132214E0132C7"
"data\experiments\sampler_snapshot_20260524\restart_byte_snapshot_bits_regs_only_warmup32_cap1024_fixed_run01.summary.json","1241","2026-05-24T21:28:31","899F0C231067CF69B2F8CFE212CCDF6E43A0ACCEE52843B88D2E3F180FD44703"
"data\experiments\sampler_snapshot_20260524\restart_byte_snapshot_bits_regs_only_warmup32_cap1024_fixed_run01.summary.md","1239","2026-05-24T21:28:31","C01A4EF48F071C5A35C2E9D91CD8D19F2B56B14AA85A1E4428264ED93A90D67F"
"data\experiments\sampler_snapshot_20260524\restart_byte_snapshot_bits_regs_only_warmup32_cap1024_run01.bit_bias.csv","6550","2026-05-24T20:57:00","62DCBEB311AA1780B8D640BDE8C6EB42487ECD5E1952466BFEAE7FFB02D82A5D"
"data\experiments\sampler_snapshot_20260524\restart_byte_snapshot_bits_regs_only_warmup32_cap1024_run01.frames.csv","1899771","2026-05-24T20:57:00","F12FC1075EC5367DA1D5DF38C94278D95C20C4D8CDD63733BE55D79E9C45BC53"
"data\experiments\sampler_snapshot_20260524\restart_byte_snapshot_bits_regs_only_warmup32_cap1024_run01.stage_xor_bias.csv","812","2026-05-24T20:57:00","E2BA8D267FB384E9DC9E35E8E0F8208BDEF3D428A4C87B9DB936DFEBCCCBD804"
"data\experiments\sampler_snapshot_20260524\restart_byte_snapshot_bits_regs_only_warmup32_cap1024_run01.summary.json","1217","2026-05-24T20:57:00","0F5D6B14E8610BB392A301D56063440E789ADFA136CC04983F973FF906A20CF8"
"data\experiments\sampler_snapshot_20260524\restart_byte_snapshot_bits_regs_only_warmup32_cap1024_run01.summary.md","1195","2026-05-24T20:57:00","4F053DDAB8C3651EB305DA87BA5DB3876B8D15613281D7F4743A2562CC574D3D"
"data\experiments\sampler_snapshot_20260524\restart_byte_snapshot_bits_regs_only_warmup40_cap1024_fixed_run01.bit_bias.csv","6955","2026-05-24T21:30:49","682CA206708B2941C6181B82F4D96C8A2B290E07417AC169E6F3D0935D8C5619"
"data\experiments\sampler_snapshot_20260524\restart_byte_snapshot_bits_regs_only_warmup40_cap1024_fixed_run01.frames.csv","1948923","2026-05-24T21:30:49","B3F970AE6A91E9CF9AD703BEDF3D9445CD258AB07DCC55F980366821D38CC403"
"data\experiments\sampler_snapshot_20260524\restart_byte_snapshot_bits_regs_only_warmup40_cap1024_fixed_run01.stage_xor_bias.csv","860","2026-05-24T21:30:49","5C12DFA83F1A6887B126FBF371B56D8EF63C4F61E973D41014004F8A10061C23"
"data\experiments\sampler_snapshot_20260524\restart_byte_snapshot_bits_regs_only_warmup40_cap1024_fixed_run01.summary.json","1245","2026-05-24T21:30:49","AA86441C2EB4FC17344F25444F58200B94370249E63760A15D14D7868CFE64A2"
"data\experiments\sampler_snapshot_20260524\restart_byte_snapshot_bits_regs_only_warmup40_cap1024_fixed_run01.summary.md","1240","2026-05-24T21:30:49","966DFDCE38347CDDED9D307AB7272D23284F4CC23A7C2ADAD59FBC5642179B93"
"data\experiments\sampler_snapshot_20260524\restart_byte_snapshot_bits_regs_only_warmup40_cap1024_run01.bit_bias.csv","6571","2026-05-24T20:57:00","6E38EA3271047373C4BBD170A61DA4FCD065BA12E42F105619877D894B6E4B97"
"data\experiments\sampler_snapshot_20260524\restart_byte_snapshot_bits_regs_only_warmup40_cap1024_run01.frames.csv","1899771","2026-05-24T20:57:00","D53B4316541567FC6B2A56ECACBAA14B893BDA0D1F35CD4C95BDA78FFD5D8D78"
"data\experiments\sampler_snapshot_20260524\restart_byte_snapshot_bits_regs_only_warmup40_cap1024_run01.stage_xor_bias.csv","812","2026-05-24T20:57:00","29EE91291AE82B337C13F80F3A307B2B02FCAA1239B9B2A9EF4C5D7E110D9833"
"data\experiments\sampler_snapshot_20260524\restart_byte_snapshot_bits_regs_only_warmup40_cap1024_run01.summary.json","1221","2026-05-24T20:57:00","1E4512D2849CFCFBD1580675485C4BAEAF3167E0AA11B103CEC339EC469E33F9"
"data\experiments\sampler_snapshot_20260524\restart_byte_snapshot_bits_regs_only_warmup40_cap1024_run01.summary.md","1198","2026-05-24T20:57:00","4025F3F8F5477E3B6DA53B2A0E2D5CF435BDB009FA94A565255A856AAD9E562E"
"data\experiments\sampler_snapshot_20260524\restart_byte_snapshot_bits_regs_only_warmup80_cap1024_fixed_run01.bit_bias.csv","6955","2026-05-24T21:33:07","2F3E78B80C9B602E6362187D0BC018E9C225AEE2EABC541D8B63821B4FB05039"
"data\experiments\sampler_snapshot_20260524\restart_byte_snapshot_bits_regs_only_warmup80_cap1024_fixed_run01.frames.csv","1948923","2026-05-24T21:33:07","50B20F90338175BB854BC485622186739AC3E8DF10BA2DEF776B3B0FBE36EA00"
"data\experiments\sampler_snapshot_20260524\restart_byte_snapshot_bits_regs_only_warmup80_cap1024_fixed_run01.stage_xor_bias.csv","860","2026-05-24T21:33:07","489942AE0A5C13AE63CB6D71F126BB2EED3113F32CE3A67BCDDBA86F3D2A6471"
"data\experiments\sampler_snapshot_20260524\restart_byte_snapshot_bits_regs_only_warmup80_cap1024_fixed_run01.summary.json","1245","2026-05-24T21:33:07","58020190A1C680E8584547574F2DD9262EC038A2D31E4EA9FCCCD51E457CFAC1"
"data\experiments\sampler_snapshot_20260524\restart_byte_snapshot_bits_regs_only_warmup80_cap1024_fixed_run01.summary.md","1240","2026-05-24T21:33:07","57FA3A06D759F3FE22339E290CB6D2AFC8F30F9A8358BA700E55B488B6504DDE"
"data\experiments\sampler_snapshot_20260524\restart_byte_snapshot_bits_regs_only_warmup80_cap1024_run01.bit_bias.csv","6561","2026-05-24T20:57:00","8E7FFE028BE94CDFD4396E7037C61016F3CE0B752152EB08323040B604EDF792"
"data\experiments\sampler_snapshot_20260524\restart_byte_snapshot_bits_regs_only_warmup80_cap1024_run01.frames.csv","1899771","2026-05-24T20:57:00","18A3CA4DD7760D10DBF2617DB3B2EC0678A6CB91EE87142710995ADEF4E34DF5"
"data\experiments\sampler_snapshot_20260524\restart_byte_snapshot_bits_regs_only_warmup80_cap1024_run01.stage_xor_bias.csv","812","2026-05-24T20:57:00","712BA57E90F46D7156E4A44EDDE381CB0631698958EECE8889F2BBFFDD38F064"
"data\experiments\sampler_snapshot_20260524\restart_byte_snapshot_bits_regs_only_warmup80_cap1024_run01.summary.json","1219","2026-05-24T20:57:00","3C4F372EA35BE4CD6CC6091F15A70E8787A04DEAA0BFBD1A9A85F2DBF9F0AAF3"
"data\experiments\sampler_snapshot_20260524\restart_byte_snapshot_bits_regs_only_warmup80_cap1024_run01.summary.md","1196","2026-05-24T20:57:00","FCDEC90BB4836BE349104D141D781B9A1D3E021C1A5902B66711B77C60EE0173"
"data\experiments\sampler_snapshot_20260524\restart_byte_snapshot_bits_regs_only_warmup88_cap1024_fixed_run01.bit_bias.csv","6955","2026-05-24T21:12:20","55DE3938DD22CC861B015FB17F9E0732498A601BB29522FC7D266044DB3E5F5E"
"data\experiments\sampler_snapshot_20260524\restart_byte_snapshot_bits_regs_only_warmup88_cap1024_fixed_run01.frames.csv","1948923","2026-05-24T21:12:20","18D4A2154FA92BF78E247F4BFC4151406C06D8140C20282E4573B3B511DCF133"
"data\experiments\sampler_snapshot_20260524\restart_byte_snapshot_bits_regs_only_warmup88_cap1024_fixed_run01.stage_xor_bias.csv","860","2026-05-24T21:12:20","05C78DDA20B1D80CC5622AE7C636FD363ABD75888B473545AD4E8134292A41D8"
"data\experiments\sampler_snapshot_20260524\restart_byte_snapshot_bits_regs_only_warmup88_cap1024_fixed_run01.summary.json","1246","2026-05-24T21:12:20","1F1F4E8735BFE9D6B85C180FBE63320BE3C8F9F09B4343D9F061F1CC8D993914"
"data\experiments\sampler_snapshot_20260524\restart_byte_snapshot_bits_regs_only_warmup88_cap1024_fixed_run01.summary.md","1241","2026-05-24T21:12:20","60A22D2EC4B516DAD1D80C6ACD25928FD09345E44CE28BF7D3E1A5850D22C394"
"data\experiments\sampler_snapshot_20260524\restart_byte_snapshot_position_summary_fixed_cap1024_20260524.csv","13567","2026-05-24T21:33:30","AD8D87BEB3ECB74939176E6848B318CC95E8058B871F6EF5B6A9EB382FB735F8"
"data\experiments\sampler_snapshot_20260524\restart_byte_snapshot_position_summary_fixed_cap1024_20260524.md","7378","2026-05-24T21:33:30","86ACF2DE181B96D593C0723DCDC7AB855E0CAD7DC6B264779AA08B33DAB0005A"
"data\experiments\sampler_snapshot_20260524\restart_byte_snapshot_position_summary_mixed_cap1024_20260524.csv","13302","2026-05-24T21:12:39","245B626D1335F4C6F424EF6EC9058ACD65D8435C8A8D929A079B599DCD3FCDF9"
"data\experiments\sampler_snapshot_20260524\restart_byte_snapshot_position_summary_mixed_cap1024_20260524.md","7257","2026-05-24T21:12:39","99E1A3D18602F25D700F6DD55D695195EFDDFE7E3D969EEB3242BB870DF9CA6B"
"data\experiments\sampler_snapshot_20260524\sampler_snapshot_warmup_summary_20260524.csv","1176","2026-05-24T18:02:11","926885D7E00498FEE14D2AB36642C9ABDBE4DE7BFF8C7228EE04F376770DC134"
"data\experiments\sampler_snapshot_20260524\sampler_snapshot_warmup_summary_20260524.md","1771","2026-05-24T18:02:11","A12DAEFCD8D75153A26D803C4F17D421B8D4D97B206027440B447252A6C37181"
"data\experiments\sampler_snapshot_20260524\sampler_snapshot_warmup_summary_cap1024_20260524.csv","1335","2026-05-24T18:46:29","3E764AE0BCB5E5A15451B007B57253FF9F81A211EBEF5CF2B4DFD794FE7754E5"
"data\experiments\sampler_snapshot_20260524\sampler_snapshot_warmup_summary_cap1024_20260524.md","1872","2026-05-24T18:46:29","8BCAD19AA0BCD8F9F0695FA15F64A5A838B9CD9E89D11C6F16A847F98FEBDF9D"
"data\experiments\tdc_pair_dynamics\tdc_pair_dynamics_20260514.csv","106028","2026-05-23T01:06:00","01FC1E1BD8F5B10CFC27A9BD8418F5E1521EDC5E85CC92E7A95ACC3CDFE2EF23"
"data\experiments\tdc_pair_dynamics\tdc_pair_dynamics_20260514.md","2487","2026-05-23T01:06:00","062B4CA783C7123F2686F096B7409453714F5445D480A78B370162E3CF87B57B"
"data\experiments\tdc_reset_enable_matrix_20260524\tdc_startup_diffusion.summary.csv","3431","2026-05-24T01:10:09","3C26E2361EDC29F4088BEECF3E20BE1BADA55922DEB16EE6301F7321B111B3AB"
"data\experiments\tdc_reset_enable_matrix_20260524\tdc_startup_diffusion.summary.md","1899","2026-05-24T01:10:09","0B1C5F2D00C775131CC49FD81677D7081078B995DF6072DB6C7B6404400F0F7E"
"data\experiments\tdc_reset_enable_matrix_20260524\tdc_startup_diffusion.windows.csv","15419","2026-05-24T01:10:09","08DFD28BA8E738F30E8FD5ADEF7DFE2BDA6A71DC442C0D521506FCC9FD7A073C"
"data\experiments\tdc_reset_enable_matrix_repeat02_20260524\tdc_startup_diffusion.summary.csv","3508","2026-05-24T02:04:15","723EA595F55C50821CECEAEB5AAEBDB5F94D8EFF9803DE8BEA043982B9FF1C24"
"data\experiments\tdc_reset_enable_matrix_repeat02_20260524\tdc_startup_diffusion.summary.md","1953","2026-05-24T02:04:15","FC7CB46C492EEE958E7B335E048815EAECB1E3BBB48648F916EE48C8E54FE856"
"data\experiments\tdc_reset_enable_matrix_repeat02_20260524\tdc_startup_diffusion.windows.csv","16715","2026-05-24T02:04:15","1C965E3FC1A58D23F853EFFB49CDEB8CB18E3D74C3391E0C17E6E2FA82EFE238"
"data\experiments\tdc_reset_enable_random3_ro3_20260524\tdc_startup_diffusion.summary.csv","2716","2026-05-24T03:03:22","DE6EBD61CC4EBA44AFF229E42DF0721932028F657B6D636EB58EC588515825C0"
"data\experiments\tdc_reset_enable_random3_ro3_20260524\tdc_startup_diffusion.summary.md","1706","2026-05-24T03:03:22","572D5362A7FEA394425F864019BB6FF95BB1BA206EA10C7559B93CC30E32106C"
"data\experiments\tdc_reset_enable_random3_ro3_20260524\tdc_startup_diffusion.windows.csv","10664","2026-05-24T03:03:22","9AB4D2FFD5850247A248004AD9C93FC766582B468C8EEECCD136CE18914A7861"
"data\experiments\tdc_reset_enable_ro4_20260524\tdc_startup_diffusion.summary.csv","2717","2026-05-24T02:33:47","BB7D3CE9427769E535F98F3E28BCB39644A17C86C3CEBFF33EE7E93A6C934E4C"
"data\experiments\tdc_reset_enable_ro4_20260524\tdc_startup_diffusion.summary.md","1703","2026-05-24T02:33:47","6C7C9275264D10563FBD4A41F554D08B8A4F6F25740250D0FAD4B4307F689B63"
"data\experiments\tdc_reset_enable_ro4_20260524\tdc_startup_diffusion.windows.csv","10587","2026-05-24T02:33:47","D41CEC08B10B2E205E910ACFBAD1287DBBC42DCF8F35937277031CF31D8BF4F6"
"data\experiments\tdc_reset_enable_ro4_repeat02_20260524\tdc_startup_diffusion.summary.csv","2764","2026-05-24T02:43:45","A8185E50777BF4BB8ACF601F742B40231AED6CD32106E42B07C6E784BBA8E579"
"data\experiments\tdc_reset_enable_ro4_repeat02_20260524\tdc_startup_diffusion.summary.md","1742","2026-05-24T02:43:45","96F48106420D3CE98364A91FCCAB0D9639A6468BE570339B1C89A27C1F1BB0FE"
"data\experiments\tdc_reset_enable_ro4_repeat02_20260524\tdc_startup_diffusion.windows.csv","11460","2026-05-24T02:43:45","869356D518F1997ADC4FCB3C73B2D893D7FEEAE899EE7DE3368FDCCBFE9AB347"
"data\experiments\tdc_reset_enable_smoke_20260524\tdc_startup_diffusion.summary.csv","1936","2026-05-24T00:20:02","9E6E170D57005632902E61E506745C85F1F02393FD16A5186FF3973BCB7D08C5"
"data\experiments\tdc_reset_enable_smoke_20260524\tdc_startup_diffusion.summary.md","1478","2026-05-24T00:20:02","0827458DA87FB5567AC01BA165CA8DCCB51B01409C023364ED13EC28D010328E"
"data\experiments\tdc_reset_enable_smoke_20260524\tdc_startup_diffusion.windows.csv","10611","2026-05-24T00:20:02","A9B86630082DAF4BB894A56DBCBE1E231633F4E237DF7431D5E861CE73347B6F"
"data\experiments\tdc_reset_enable_smoke_20260524_delay10s\tdc_startup_diffusion.summary.csv","1981","2026-05-24T00:38:50","DBBC3162F8340BA48E134C095B976E272493324111CCD3E3AE3564E63918168A"
"data\experiments\tdc_reset_enable_smoke_20260524_delay10s\tdc_startup_diffusion.summary.md","1498","2026-05-24T00:38:50","47F92F0AB4EB061E83681110A4D2E889E72A8C1DE062E9D70697868B5862EE8A"
"data\experiments\tdc_reset_enable_smoke_20260524_delay10s\tdc_startup_diffusion.windows.csv","16370","2026-05-24T00:38:50","518222EB276EAFC3F1AC9DEDD0480A773D2F118F585767C587A965DB5AC1F3AF"
"data\experiments\tdc_reset_enable_smoke_20260524_delay3s\tdc_startup_diffusion.summary.csv","1974","2026-05-24T00:29:30","E604A715561592B8B6A10AF542D29F4016412C7E351A5971A21A923D34DEE3B8"
"data\experiments\tdc_reset_enable_smoke_20260524_delay3s\tdc_startup_diffusion.summary.md","1493","2026-05-24T00:29:30","AEA05B037584A6DC168055DEE87AE3F68AA17547FE0909094A2BC272C2D529F3"
"data\experiments\tdc_reset_enable_smoke_20260524_delay3s\tdc_startup_diffusion.windows.csv","11220","2026-05-24T00:29:30","BFFEC53AFAAB268BEE898E91012D54AB5E04CADF8795D94C6AD6B9C60EAD0838"
"data\experiments\tdc_reset_enable_stability_20260524\tdc_reset_enable_repeat_stability.csv","1754","2026-05-24T03:04:23","FA54F043A2FFD258519D9AA30B4ABB909D54163687C95647539D4E6E0A316D4E"
"data\experiments\tdc_reset_enable_stability_20260524\tdc_reset_enable_repeat_stability.md","3659","2026-05-24T03:04:23","870A1540C237367852310B37805504783DD2D49FE781BEE159E6CCF0AED48605"
"data\experiments\tdc_reset_enable_warmup_edges_20260524\tdc_reset_enable_warmup_edge_deltas.csv","802","2026-05-24T17:03:54","7C1E5F931DD16D5D7F6A207CA800E5E5851E55799653F160EB15D4768CBF6EE1"
"data\experiments\tdc_reset_enable_warmup_edges_20260524\tdc_reset_enable_warmup_edges.summary.csv","47536","2026-05-24T17:02:42","22C6D6DF4AA6F46E7E22460469975BE4FF6E61690709257F5972E504E3069D47"
"data\experiments\tdc_reset_enable_warmup_edges_20260524\tdc_reset_enable_warmup_edges.summary.md","16223","2026-05-24T17:02:42","74D2C147B8804ABA0B48229DB4F0477F3AAA8602ECEB1F09ED831365CB641612"
"data\experiments\tdc_reset_enable_warmup_edges_20260524\tdc_reset_enable_warmup_edges.windows.csv","68401","2026-05-24T17:02:42","3B52E2187F78889DE85AA7CBED9FD5EB5854D2A92C1604EE35BD184DFC04464D"
"data\experiments\tdc_reset_enable_warmup_edges_20260524\tdc_reset_enable_warmup_edges_by_group.csv","2927","2026-05-24T17:03:54","7E7B9A77DDB1767947D053ED7A62B8E2392DBF9A928A037690A8E4970731691B"
"data\experiments\tdc_reset_enable_warmup_edges_20260524\tdc_reset_enable_warmup_edges_interpretation.md","2865","2026-05-24T17:03:54","18EF16FE53DB2AC21F738009198C33684EE034EB3DA0EC74C7F6EBA811EFE559"
"data\experiments\tdc_reset_enable_warmup_edges_smoke_20260524\smoke.summary.csv","8883","2026-05-24T17:00:20","0B7C9AFB79B4536BC68598BC15AF82AF6E504447852C4C644C202C043D05C11C"
"data\experiments\tdc_reset_enable_warmup_edges_smoke_20260524\smoke.summary.md","3839","2026-05-24T17:00:20","955819CAE4762815A90E5F72361FDAED297D164385EF85F2E65F45D2B449F52B"
"data\experiments\tdc_reset_enable_warmup_edges_smoke_20260524\smoke.windows.csv","11291","2026-05-24T17:00:20","86D58D608913C51DB1C516054CB04FFB6259065E5D50E884D12647A3793F7373"
"data\experiments\tdc_sampler_data_20260523\tdc_sampler_data_summary.csv","3532","2026-05-23T21:17:19","830322E2B14DF86C04EC69FFC0F452E13155ED554FEA91BAE740959AED94E4D3"
"data\experiments\tdc_sampler_data_20260523\tdc_sampler_data_summary.md","2108","2026-05-23T21:17:19","78598940FBD60C7347EC8396298BC2B58D0D6490DBA9E5FC88542C37D8189640"
"data\experiments\xadc_summary\xadc_capture_log_20260523","950","2026-05-23T21:56:54","63B242975C2CC06269FE4BDFA1DC72F33E4B3B1FF52CCCF72E59C8FFC0790D09"
"data\experiments\xadc_summary\xadc_capture_log_20260523.csv","770","2026-05-23T15:02:11","60E51D84B3DB01652E232579A489F0511113804CC2BDA483D1252DDD2615214F"
"data\experiments\xadc_summary\xadc_capture_summary_20260515.csv","58956","2026-05-15T13:48:10","ACE431C03D55D3EB4D59B3F6E708274EDBD588B1899E516663FD7A603B554E67"
"data\experiments\xadc_summary\xadc_capture_summary_20260515.md","5343","2026-05-15T13:48:10","15E78CDED5003542575641B93A41A2F6AAE9E895B1DB151D08C5F3A61B57C28B"
"data\experiments\xadc_summary\xadc_capture_summary_20260522.csv","101448","2026-05-22T23:45:39","E8B6690C80D393D3E9448D97C9711DDFD5D17D136E14D067309FC11ADD786219"
"data\experiments\xadc_summary\xadc_capture_summary_20260522.md","6055","2026-05-22T23:45:39","CDE5DEAD31D85DA4C822E6826B7FA8698FDB954BEBD50F3F9093E54D64316C86"
"data\experiments\xadc_summary\xadc_capture_summary_20260523.csv","117934","2026-05-23T22:01:03","48D3D988091A3D77A2EEB47D66D81383641F29521FD5934C43751ECA816EB3EF"
"data\experiments\xadc_summary\xadc_capture_summary_20260523.md","6054","2026-05-23T22:01:03","57545F5D7D65240AC69F513DF58B33FF40C38EE2290FE4B574BF3DAFF7FEBAB1"
"data\experiments\xdc_examples\ro_checker_pitch3_x44y43.xdc","4884","2026-05-10T01:21:49","FB92DCF86534A0384655740FAF8A10217E591DBEF40FA8AEAE41FFAC98FBB2F0"
"data\experiments\xdc_examples\ro_compact_x44y43.xdc","4884","2026-05-10T01:21:49","2A602706118F18D73FE0B0A98C788CCB29B67B3EB0930A07E8B9E4B0D94FB363"
"data\experiments\xdc_matrix\matrix_manifest.csv","1208","2026-05-10T02:42:41","4CEB7D3C1310886756F16124923AC82BC66AF568A776AB47C4762A699E562169"
"data\experiments\xdc_matrix\ro_checker_pitch3_x44y43.xdc","4892","2026-05-10T02:42:40","6BB85710D1F0DA4993855DD78D8C862F6C0121DB905F1A44B7717F7F49637B0F"
"data\experiments\xdc_matrix\ro_compact_x44y43.xdc","4892","2026-05-10T02:42:40","68AB80AE857B415CF38A4DB06A5EE1DF6DC964FB2846315D8F5EDA98C0AB24B5"
"data\experiments\xdc_matrix\ro_cross_region_x36y25.xdc","4897","2026-05-10T02:42:40","083D6605E81429C1973B1E681A82F9A2569B3A5E1A85464FB1352168AEA4D47A"
"data\experiments\xdc_matrix\ro_far_x20y25.xdc","4888","2026-05-10T02:42:40","24B4476BD21BFE012E807813F821BDF362441F5C904F80B7DB451E662024C6E1"
"data\experiments\xdc_matrix\ro_random_seed1_x36y35.xdc","4891","2026-05-10T02:42:40","72C688FD9221AB7F7C974B9DEB6D2F32FCF5503E137125A8AE50FD43A6DD043D"
"data\experiments\xdc_matrix\ro_random_seed2_x36y35.xdc","4891","2026-05-10T02:42:41","E3642138E1CAB1F32B907A71E1E6902F23394202A365ADC63E9266945D7468B8"
"data\experiments\xdc_matrix\ro_random_seed3_x36y35.xdc","4891","2026-05-10T02:42:41","2A5C883C00D92A99AF7D96BAF71D895F58D6583EDB28A0D220E9C49C84D75BE7"
"data\experiments\xdc_matrix\ro_row_pitch3_x38y43.xdc","4888","2026-05-10T02:42:40","8021448A559BC9C772A0B08ADC339358BE7CBFBBD885B12A27BD57F0D266E0B2"
"data\experiments\xdc_matrix\ro_same_column_pitch3_x44y35.xdc","4896","2026-05-10T02:42:40","27125183886AA5B9846C62ABD32F3C1E1601672F28834F65D3F4462D4EAB96C1"
"data\experiments\xdc_matrix\ro_sparse_pitch6_x36y35.xdc","4891","2026-05-10T02:42:40","1720C6AC96944417E0936A980E3EEFFAF06D26AA026A6EE43FA2E9A7D61C3AB3"
"data\experiments\xdc_restart\restart_sysclk_base.xdc","940","2026-05-14T22:30:22","B3B8553C5C8386465883D4D2BCE4913E2EBEADC3DD42BA8D446B461CB484BF0A"
"data\experiments\xdc_ro_freq\ro_freq_random1_seed1_x36y35_sample_x36y35.xdc","7571","2026-05-13T15:32:36","2B12BA52BA7DA965E6D6AE277DA007D632DFD76A5952437F01D8885CD2FD6A41"
"data\experiments\xdc_ro_freq\ro_freq_random1_seed1_x36y35_sample_x45y39.xdc","7571","2026-05-23T01:53:07","D58CC28B9628BDFED7BF83CC0B43208BE4810AB498CF23F055914A586C691CD9"
"data\experiments\xdc_ro_freq\ro_freq_random3_seed3_x36y35_sample_x36y35.xdc","7571","2026-05-13T15:32:35","5E470061A3004C0C1EC51540D026FE07B05508BE5BC7A0CE7222B1AEC8FCD105"
"data\experiments\xdc_ro_freq\ro_freq_sysclk_base.xdc","1100","2026-05-13T15:27:27","9332A21543EB255BDC6130D97680E808B19027CC897B54FB9D98278B9941E5AE"
"data\experiments\xdc_sampler_island\random1_regs_only_x45y31_sample_ro_formal_auto_w4_locked.xdc","20424","2026-05-25T00:00:23","597569C771259A81AE6FBBFE13F5C87DA54C8FDB69A4AA9A843D309BB07F90BE"
"data\experiments\xdc_sampler_island\random1_sample_ro_local_x45y39.xdc","7597","2026-05-23T01:22:29","8292C9557B865D5D4212924AAC4D9470D7577F733E54EDBCB0CF1EEDC5B8BE10"
"data\experiments\xdc_sampler_island\random1_sampler_island_local_x45y39_regs_x45y31.xdc","20036","2026-05-23T01:22:29","BCD20FF367DD1947E0CC6718BAA827BA4A96FE375C969A43402E0B8279776B0E"
"data\experiments\xdc_sampler_island\random1_sampler_regs_only_x45y31.xdc","17763","2026-05-24T12:33:50","C63A6A5521082975FAAFF9DC73DE3FD4E660AE81CE721094EF18DEF104247E14"
"data\experiments\xdc_tdc\tdc_ro_far_x24y25.xdc","3989","2026-05-10T03:05:32","0AAA3399A36D8A216945691BBFA86AD8BD089DD6664F7CF3DE0492C3C18C1F46"
"data\experiments\xdc_tdc\tdc_ro_near_x36y35.xdc","3990","2026-05-10T03:05:32","4FA4A68FCBBEF7CF72F14D6329360EBAA168F06FB9CD3228D53F0FED7522C98A"
"data\experiments\xdc_tdc_pairs\tdc_pair_random1_ro0_ro1.xdc","1528","2026-05-14T01:28:41","FDD60FC6FE1A8F484A14E569C6B86AF2D8413307D8C21EE5C0C273F27DED40FD"
"data\experiments\xdc_tdc_pairs\tdc_pair_random1_ro2_ro4.xdc","1528","2026-05-14T01:28:42","26DF6A6E8784E1FD9B3A895DDBD496FD2C74C55273351318509795C5849247DA"
"data\experiments\xdc_tdc_pairs\tdc_pair_random1_ro4_ro5.xdc","1528","2026-05-14T01:28:41","7079BA6717C0AC9DB4C8737DCA2ADF2B6A42DF019419B40DF4ABED12706A235E"
"data\experiments\xdc_tdc_pairs\tdc_pair_random3_ro0_ro6.xdc","1528","2026-05-14T01:28:44","078E9467B7B7B2797C84F9BB1462BCA127CBA5370CC31630A61D252F8CAA7AD1"
"data\experiments\xdc_tdc_pairs\tdc_pair_random3_ro3_ro5.xdc","1528","2026-05-14T01:28:44","EE9D9A231E089F2509A347CA6D8BF939749A5FF76544E63AF165D600ACEF7E03"
"data\experiments\xdc_tdc_pairs\tdc_pair_random3_ro3_ro7.xdc","1528","2026-05-14T01:28:43","E4EACCD7C917D42BBBB88250C47259A031764DF19B779FAA1318D24B24BBC364"
"data\experiments\xdc_tdc_sampler_data\tdc_no_extra_placement.xdc","190","2026-05-23T23:14:04","D3AA7A2CCB4780931CF5030A00A1CDF9330372684614885824B146178EDDD2E7"
"data\experiments\xdc_tdc_sampler_data\tdc_sampler_data_random1_baseline_sample_x36y35_ro0.xdc","3114","2026-05-23T15:14:27","01C0F57DA467D09E415CF22BD4F3EDCF9308A070858F991759406B6EA585FDA9"
"data\experiments\xdc_tdc_sampler_data\tdc_sampler_data_random1_baseline_sample_x36y35_ro4.xdc","3114","2026-05-23T15:14:27","D62C0FD2F4F7AC49F7D580762009637871A99FF1E802D0E4122609CEB1E27C53"
"data\experiments\xdc_tdc_sampler_data\tdc_sampler_data_random1_local_sample_x45y39_ro0.xdc","3111","2026-05-23T15:14:27","8C15D4EA8F8865AA26909AB86B767A1D3B2E36DB6F009F1219BDD8BD18638B31"
"data\experiments\xdc_tdc_sampler_data\tdc_sampler_data_random1_local_sample_x45y39_ro4.xdc","3111","2026-05-23T15:14:28","0C6BAD0882C40998C25D1AFD922B809F183C415D7F9FC516037BF1ECB7F8F0D4"
"data\experiments\xdc_tdc_sampler_data\tdc_sampler_data_random3_sample_x36y35_ro0.xdc","3105","2026-05-23T15:14:27","A868ECAEC3536B361587AB9FC40823068A2A23D03C63A35AB6A3AF4101690F84"
"data\experiments\xdc_tdc_sampler_data\tdc_sampler_data_random3_sample_x36y35_ro3.xdc","3105","2026-05-23T15:14:27","D90EB3B38971BBD650D29DE9F7DA2E7D6E3DE40905ACAA2B76A3E59C8A70466D"
"data\hardware\20260511_fpga1_board1\metadata\checker_repeat02_5mib.json","1109","2026-05-13T20:40:47","263C1A13EE4EBF3FFDC28C6A5C76E49169EDFD028B74A39E17EC3AC271E54678"
"data\hardware\20260511_fpga1_board1\metadata\checker_repeat03_20mib.json","2166","2026-05-22T23:41:23","E1D24F519E53DD6E823F67F8143A1C08CAB61802CD2E8B64BA4F935475A1C0FC"
"data\hardware\20260511_fpga1_board1\metadata\checker_run01.json","1097","2026-05-12T02:26:10","6CAE4562C1E5B353D8E18837F3339A62C0D117F0C9A82231D87716DCD19445A0"
"data\hardware\20260511_fpga1_board1\metadata\checker_smoke01.json","1098","2026-05-12T00:19:34","F7E40AE5482EC6EE2E6868E461B1C80114D8D4A9B4AB1A0CB42873A62019821E"
"data\hardware\20260511_fpga1_board1\metadata\compact_repeat02_5mib.json","1097","2026-05-13T13:55:29","464A6215F817AC8D320D67728D6379081E5050BE33E16873FE226E68356D93CE"
"data\hardware\20260511_fpga1_board1\metadata\compact_repeat03_20mib.json","2152","2026-05-22T23:40:54","842E7AB3BCF701A7346632B92883B0275489439E46DAC527ADAAAD2FFF9A09E4"
"data\hardware\20260511_fpga1_board1\metadata\compact_run01.json","799","2026-05-11T23:36:57","C136DB2DB6E0F22B35A8072684D8010F250DB481E4D5D1B6EACE31E9712E0049"
"data\hardware\20260511_fpga1_board1\metadata\compact_smoke01.json","800","2026-05-11T21:28:09","81058762AF6D55D968B4552AB7BB1A8A521A80594A991A7D683501011E202534"
"data\hardware\20260511_fpga1_board1\metadata\cross_region_repeat02_5mib.json","1112","2026-05-13T20:59:52","ED73758CD2CD7938E86F60EEA996A35F801923C3B423E5269026DB52D0BA4F92"
"data\hardware\20260511_fpga1_board1\metadata\cross_region_repeat03_20mib.json","2172","2026-05-22T23:42:22","584F9315D8E832E851F46C174FDBAD1497DAC0ADCCAC99349C03C66BFD44D55D"
"data\hardware\20260511_fpga1_board1\metadata\cross_region_run02.json","1098","2026-05-12T23:19:31","B808147738CD290D388100F9EB139665E5B4FCE2CF3AF3FA2DEE6ADDF0212849"
"data\hardware\20260511_fpga1_board1\metadata\cross_region_smoke01.json","1100","2026-05-12T00:28:10","F594EE468FC238DF94E65B6C10090BC44A78AD2F01D6A1B8CFA5BA58C5B9D064"
"data\hardware\20260511_fpga1_board1\metadata\far_repeat02_5mib.json","1077","2026-05-13T15:28:26","61FEC41C055CA88F14070F78077ED7B398101904A963AF1544E42BD777F63132"
"data\hardware\20260511_fpga1_board1\metadata\far_repeat03_20mib.json","2136","2026-05-22T23:40:29","CDEAED8C914FCFD741F099E2E34131B2B81BC5609532EEC518865BA29DF7D6F5"
"data\hardware\20260511_fpga1_board1\metadata\far_run01.json","1063","2026-05-12T00:06:41","41926C463BB5DB2A8684B6EFAE090426EDD4A0CD97AAEE6F33999DA9427ECD2B"
"data\hardware\20260511_fpga1_board1\metadata\far_smoke01.json","786","2026-05-11T22:22:50","8DEEEB27533755A4933A3DFB0892A34D5340C55DBCF5B9F5FEBD05A427D17DC9"
"data\hardware\20260511_fpga1_board1\metadata\original_fpga1_program_capture01.json","809","2026-05-11T20:27:18","D6E59DB315B96221098BDF646948B00CD2EC9A7E2F91706B3D390F3183C1D6FD"
"data\hardware\20260511_fpga1_board1\metadata\original_fpga1_repeat02_5mib.json","1077","2026-05-14T01:22:08","AF5370C68815304D73484279941287A25A627D4FE4CC439F8357EC5106E005B9"
"data\hardware\20260511_fpga1_board1\metadata\original_fpga1_run01_10mib.json","1075","2026-05-14T01:13:16","9C7A5EA5BF4EEDBC51D05221ED711C26B3E3D78CD3D7650FC8E82F183319FC3E"
"data\hardware\20260511_fpga1_board1\metadata\random1_repeat02_5mib.json","1103","2026-05-13T13:37:02","1CA62E62AC9887FDDA85E912233F35052DAE79EA67E0D1D074379BEB955B8C27"
"data\hardware\20260511_fpga1_board1\metadata\random1_repeat03.json","1095","2026-05-14T13:09:06","F04FF6F26881C8A3CB189742B5E2C6C0CD568CDD5581AC2F1827BCF928D4E195"
"data\hardware\20260511_fpga1_board1\metadata\random1_ro_freq_fixed_run01_2mib.json","1144","2026-05-13T22:00:31","2754B050FF2495BF590DFBC0496B8A4E7C2E5866F335CBE02679CAA7842E8EB0"
"data\hardware\20260511_fpga1_board1\metadata\random1_ro_freq_fixed_run01_5mib.json","1144","2026-05-13T21:51:17","BE80393DC4AB740CAA4611EDA9E3280DEB5D997572309F9081629133D9BD3257"
"data\hardware\20260511_fpga1_board1\metadata\random1_ro_freq_fixed_run02_2mib.json","1145","2026-05-14T00:21:29","3BCB35E2BEF6D6E2B462DA2FACF37933EF4ED38D98F359842D2F26922D1A54D2"
"data\hardware\20260511_fpga1_board1\metadata\random1_ro_freq_fixed_run03_2mib.json","1143","2026-05-14T00:33:49","1F0ADDA1826EFA3C1CC288059475B0117DDA92D9C335F07E15CD82204EC70944"
"data\hardware\20260511_fpga1_board1\metadata\random1_ro_freq_fixed_run04_5mib.json","1145","2026-05-14T14:18:20","CDC26676FC71AE90EF0A09D31EC99447CBBA8FA87712A10E3FDE062CA7C4D0FA"
"data\hardware\20260511_fpga1_board1\metadata\random1_ro_freq_fixed_smoke01_512k.json","1146","2026-05-13T21:29:38","0E3A944380593B8971763281EF193CFCEDFBD89BAFD28CADDCF90986CBD32A88"
"data\hardware\20260511_fpga1_board1\metadata\random1_ro_freq_run01_2mib.json","1121","2026-05-13T21:19:09","F3B6DE3C07951606C1D0E8CDFB0D1DB02A11148C30A0C44FB0960FF06DA98E2D"
"data\hardware\20260511_fpga1_board1\metadata\random1_run01.json","1089","2026-05-12T00:54:19","B8A787F3F24243130CD53E469DF4822F9CE712BE57EB6A6FB99DE68419C88432"
"data\hardware\20260511_fpga1_board1\metadata\random1_sample_ro_local_x45y39_20mib_20260523.json","2517","2026-05-23T14:49:33","C43356E4831CE190DB284F8E7047D682E2D2A88CBAFFBF4E5F4076E1CC4DD119"
"data\hardware\20260511_fpga1_board1\metadata\random1_sample_ro_local_x45y39_5mib_20260523.json","2473","2026-05-23T01:42:16","63564C8F87EF6BD580909425F9AB22C763BA00AB7411AA781B8F76C9188AF28D"
"data\hardware\20260511_fpga1_board1\metadata\random1_sampler_island_local_x45y39_regs_x45y31_5mib_20260523.json","2579","2026-05-23T01:52:34","38AC1CE1F0E8B1CF3E9BD441FA700D38B516F4979B2581CD01EAEA5B5B587E66"
"data\hardware\20260511_fpga1_board1\metadata\random1_sampler_island_local_x45y39_regs_x45y31_program_20mib_20260523.json","2587","2026-05-23T15:40:41","C6DD5382C8FA1619179DA2997986F3B82E780D7FB925358A9F052C45CAE9A9D2"
"data\hardware\20260511_fpga1_board1\metadata\random1_sampler_island_local_x45y39_regs_x45y31_program_5mib_20260523.json","2596","2026-05-23T15:02:31","2F00DA4195E070B01BF0D0C0C7B9FA9C03BF31F4875A5CD992ECF930527C8308"
"data\hardware\20260511_fpga1_board1\metadata\random1_sampler_regs_only_restart_auto_formal_1000x125_warmup4_retest01_20260524.json","2572","2026-05-24T23:26:27","E64DB0EB5759EF7CEC22E1FF4F531E8E864D17243009AC2528FB894E79811A83"
"data\hardware\20260511_fpga1_board1\metadata\random1_sampler_regs_only_x45y31_20mib_20260524.json","2491","2026-05-24T13:23:14","6A665224CD837833EA2D5D4762244859C735A04EC2DC5C0D79C0D6D417DE30A8"
"data\hardware\20260511_fpga1_board1\metadata\random1_sampler_regs_only_x45y31_smoke_5mib_20260524.json","2497","2026-05-24T12:48:42","ED9D3BA52A8580CEF3F761001EE5C86B2CA3264BF76A1EFBB13DD14DE9BFB3A9"
"data\hardware\20260511_fpga1_board1\metadata\random1_smoke01.json","1090","2026-05-12T00:31:01","ACCF8831F2BE66570BAFB01895D7F55C9A2DF8F096067268B5CD3729897AFC59"
"data\hardware\20260511_fpga1_board1\metadata\random2_repeat02_5mib.json","1103","2026-05-13T20:23:47","22EA2BD3394405674E9E6B4CC46EEC798BDBB167BFA7C503D4836346599746B9"
"data\hardware\20260511_fpga1_board1\metadata\random2_repeat03_20mib.json","2162","2026-05-22T23:41:42","6C6EE10818E534BF86875ABF85C6F3E44B426C3EB67D6BCC54A6A9319278BF94"
"data\hardware\20260511_fpga1_board1\metadata\random2_run01.json","1089","2026-05-12T02:02:17","FB177F2DBFFEAEA4D4F191BDE6CFC069B4ABEE3A6819AC56844B3F95040507AF"
"data\hardware\20260511_fpga1_board1\metadata\random2_smoke01.json","1089","2026-05-12T00:33:45","B97218C7F0D780C6D888196B3FA423EADBFEE5CEB64BFE3A4F64F049365CD64D"
"data\hardware\20260511_fpga1_board1\metadata\random3_repeat02_5mib.json","1103","2026-05-13T13:46:26","EEA8EEBA5C3D6D73DB174F63FC23295E4F64A47C0872C2C47C3D6E781D13B841"
"data\hardware\20260511_fpga1_board1\metadata\random3_repeat03.json","1094","2026-05-14T13:53:36","1D313BCC44F483924300209AF49BE8637BC398E9D1053296C27F439F8AFAB88A"
"data\hardware\20260511_fpga1_board1\metadata\random3_ro_freq_fixed_run01_2mib.json","1145","2026-05-13T22:06:28","7BECFCF42F88D9AC86E9AE8E7CE7DD86EBFF5214F2DFCBC669FA36CF93410567"
"data\hardware\20260511_fpga1_board1\metadata\random3_ro_freq_fixed_run01_5mib.json","1145","2026-05-14T00:49:23","E4D19A8E3EC4E87CCBDA9878996128980BED755AD1E3635D55F68E6D77BA6BD2"
"data\hardware\20260511_fpga1_board1\metadata\random3_ro_freq_fixed_run02_2mib.json","1144","2026-05-14T00:25:35","46A18E31BC50A66EBD0CC82515786AF89CE8EF20B483A57C91013E441113B5E4"
"data\hardware\20260511_fpga1_board1\metadata\random3_ro_freq_fixed_run03_2mib.json","1145","2026-05-14T00:40:51","99C4313DC3C7AB7405DB4FFEDDFBE4AA34A31A60BB39ACC1717460E95FCE09C0"
"data\hardware\20260511_fpga1_board1\metadata\random3_ro_freq_fixed_run04_5mib.json","1145","2026-05-14T17:49:19","31CCEA506FD6360552011A208E69BD3C28347EADAEEC19E9D7BA654C6453B96E"
"data\hardware\20260511_fpga1_board1\metadata\random3_ro_freq_fixed_smoke01_512k.json","1145","2026-05-13T21:33:25","CCEC867A10FC1E67E53BE3B5F5C47A7B8899A96BC50728E27046AE3FEC42358C"
"data\hardware\20260511_fpga1_board1\metadata\random3_run01.json","1088","2026-05-12T01:11:36","9DF2C099D94529259AB8894F4DD4A93E925C2B5EA095FA67729238C42CAD39F1"
"data\hardware\20260511_fpga1_board1\metadata\random3_smoke01.json","1090","2026-05-12T00:36:26","E23D8C7FB60C9A205EAE47846253D271BB3E13C4D07E137ED85D21B78C9E7C3F"
"data\hardware\20260511_fpga1_board1\metadata\restart_aligned_snapshot_bits_regs_only_warmup32_cap1024_run01.json","2600","2026-05-24T19:54:39","4DDFB51A4E2C16A361D17A57167B97E1EB5AD53C67E6E063F8BF9CBEAA115FDA"
"data\hardware\20260511_fpga1_board1\metadata\restart_aligned_snapshot_bits_regs_only_warmup40_cap1024_run01.json","2599","2026-05-24T19:57:29","0EEA1B59DD285373DB41232AEA303B88C744019FBE9173B519EFEA9EB73E140B"
"data\hardware\20260511_fpga1_board1\metadata\restart_aligned_snapshot_bits_regs_only_warmup80_cap1024_run01.json","2600","2026-05-24T20:00:16","D537CDE021B10913B18C41734B84B990C224B0DCF7D66CFA6AB1D35956A8F21C"
"data\hardware\20260511_fpga1_board1\metadata\restart_aligned_snapshot_bits_regs_only_warmup88_cap1024_run01.json","2600","2026-05-24T20:03:07","70F03369C904CF80A9281BF13DD0FBCD5CF48BF1FB271431EF1170A48DA6FC07"
"data\hardware\20260511_fpga1_board1\metadata\restart_aligned_snapshot_regs_only_warmup10_cap1024_run01.json","2579","2026-05-24T19:23:08","0DEE7AD3C100E6989E7211E856A09F8505DCA8A2378FE1CD99D41E2C204EF8BB"
"data\hardware\20260511_fpga1_board1\metadata\restart_aligned_snapshot_regs_only_warmup11_cap1024_run01.json","2580","2026-05-24T19:25:49","350212F6477D52F318D25B9C0F5DE50C93F9301A45EE89E3541605993E0AD0E2"
"data\hardware\20260511_fpga1_board1\metadata\restart_aligned_snapshot_regs_only_warmup4_cap1024_run01.json","2575","2026-05-24T19:17:55","4E8166ED3B72F0A538D86EC6E9154B26621F869854B4D18C766612C568165675"
"data\hardware\20260511_fpga1_board1\metadata\restart_aligned_snapshot_regs_only_warmup4_cap64_smoke01.json","2569","2026-05-24T18:57:13","43B30A4888CB50624B5B6472C5B16AF0FA6D39FDE808BBC1DEDA452825CF2BC9"
"data\hardware\20260511_fpga1_board1\metadata\restart_aligned_snapshot_regs_only_warmup5_cap1024_run01.json","2576","2026-05-24T19:20:31","3FB8732DA4E55CF4BF0B7C2C7E177D2340FD27B425F553531E1919AF1395BD6E"
"data\hardware\20260511_fpga1_board1\metadata\restart_byte_snapshot_bits_regs_only_warmup32_cap1024_fixed_run01.json","2597","2026-05-24T21:28:31","CCD39FC52E2395527B617C776BCB3B3FB35C319288E27F02D1611D4068A64A1D"
"data\hardware\20260511_fpga1_board1\metadata\restart_byte_snapshot_bits_regs_only_warmup32_cap1024_run01.json","2584","2026-05-24T20:48:09","093B29FDBE7B74F86CA1A98288C31AC3E7F2608D58451AD5AFF05599A1D61DE9"
"data\hardware\20260511_fpga1_board1\metadata\restart_byte_snapshot_bits_regs_only_warmup32_cap64_smoke01.json","2576","2026-05-24T20:17:05","0DE74CCB2E311B66681FE1A9FE46A2D41B5C693DDA7D7C149777440B25E2DFF6"
"data\hardware\20260511_fpga1_board1\metadata\restart_byte_snapshot_bits_regs_only_warmup40_cap1024_fixed_run01.json","2596","2026-05-24T21:30:49","DF53ACB32601B9431AF458DE363ED68ADECFF6093983480D150F7DCF1ACDD350"
"data\hardware\20260511_fpga1_board1\metadata\restart_byte_snapshot_bits_regs_only_warmup40_cap1024_run01.json","2584","2026-05-24T20:51:07","3FE471FB47C9B51BEE172E5656CA272082FF4E2BBBE2F3A70739264CCA7BB72B"
"data\hardware\20260511_fpga1_board1\metadata\restart_byte_snapshot_bits_regs_only_warmup80_cap1024_fixed_run01.json","2597","2026-05-24T21:33:07","FEB65E36ACD9E7EA1BA3678A1F3A078A766FFCB04FC37A06F3FFAB44A31F26ED"
"data\hardware\20260511_fpga1_board1\metadata\restart_byte_snapshot_bits_regs_only_warmup80_cap1024_run01.json","2585","2026-05-24T20:53:54","181B91197632DE967BDEDD4356E9228502168227EBD0EFFE91C1E2D038F935E0"
"data\hardware\20260511_fpga1_board1\metadata\restart_byte_snapshot_bits_regs_only_warmup88_cap1024_fixed_run01.json","2597","2026-05-24T21:12:20","662FD87E9472F7913CE5CADB7C8974AC66B5770293096BED0209E2E2889E8CB1"
"data\hardware\20260511_fpga1_board1\metadata\restart_byte_snapshot_bits_regs_only_warmup88_cap1024_run01.json","2585","2026-05-24T20:56:41","449FB09F8848B60F7C91B2CB762C225D7BFCE581FB0C6FEDC376C504FD72BB17"
"data\hardware\20260511_fpga1_board1\metadata\restart_byte_snapshot_bits_regs_only_warmup88_cap1024_run02.json","2584","2026-05-24T21:01:18","CA464CDCA3778BA33C27849FFC51B2B558B3F238E9E1586903019C7A047D4CAC"
"data\hardware\20260511_fpga1_board1\metadata\restart_fifo_compact_diag_regs_only_sample_ro_formal_locked_warmup4_1000x125_run01_no_xadc.json","2670","2026-05-25T00:05:28","C84C66BDE3625D6B3E2C4344527D7508B4FA847D869679CC5B43ADE7EC8156E2"
"data\hardware\20260511_fpga1_board1\metadata\restart_fifo_compact_diag_regs_only_warmup11_1000x125_run01_no_xadc.json","2578","2026-05-24T23:58:52","9FA27F54434364A57C096F76AF8B9B99691E9963116F30918FCD37B76AB6B43C"
"data\hardware\20260511_fpga1_board1\metadata\restart_fifo_compact_diag_regs_only_warmup4_1000x125_run01_no_xadc.json","2569","2026-05-24T22:57:56","9CDF3945531EC703449B513910552CCA6443666F7E6BB29D2A958E9E48E5930F"
"data\hardware\20260511_fpga1_board1\metadata\restart_fifo_compact_diag_regs_only_warmup5_1000x125_run01_no_xadc.json","2573","2026-05-24T23:18:23","097040F7626925C683EDF423E4C6C112888F8E45417B6E364881BD4EC8DD961F"
"data\hardware\20260511_fpga1_board1\metadata\restart_fifo_diag_regs_only_warmup4_1000x32_run02_no_xadc.json","2519","2026-05-24T22:18:56","66226181095A19B62BB286166F727BAA3A93A51C13DC94DABFF618D62F7852C2"
"data\hardware\20260511_fpga1_board1\metadata\restart_fifo_diag_regs_only_warmup4_smoke_32x16_run01.json","2514","2026-05-24T21:53:00","DEC060225FF646EB49083AEC5211BDEF5BCEEB715F6B91D30513A8A286021D99"
"data\hardware\20260511_fpga1_board1\metadata\restart_fifo_diag_regs_only_warmup5_1000x32_run01_no_xadc.json","2519","2026-05-24T22:27:50","95D3F2A74EBCC0962DC68A0C6A941B2D50219BAC18C88B20AC66F9165C991BC7"
"data\hardware\20260511_fpga1_board1\metadata\restart_fifo_diag_v3fastwarmup_regs_only_warmup4_1000x32_run01_no_xadc.json","2571","2026-05-24T22:40:29","949B7588082479BC427274444872A0316B8C7260D1A9B95C1168C212CA9D7746"
"data\hardware\20260511_fpga1_board1\metadata\ro_freq_random1_sample_x36y35_w100_baseline_2mib_20260523.json","2535","2026-05-23T14:12:04","323285379FFEA3AD1FFA6D6E316DB004255416C258EE992CBF142D22F40D8D5A"
"data\hardware\20260511_fpga1_board1\metadata\ro_freq_random1_sample_x45y39_2mib_20260523.json","2535","2026-05-23T02:01:54","727BC310EF71DA508B37330BD846DFA20C8DA753BE37C23EB10019D7CBAC169B"
"data\hardware\20260511_fpga1_board1\metadata\ro_freq_random1_sample_x45y39_2mib_program_20260523.json","2551","2026-05-23T02:12:35","E7D55AD43A11911610619C351B963820BB04A136044511F37186F448181D9BE9"
"data\hardware\20260511_fpga1_board1\metadata\ro_freq_random1_sample_x45y39_w100_2mib_20260523.json","2555","2026-05-23T02:25:05","B1811FA62787BDD4BC1BEC681C2F26B67AF0636D655DFC5FB5671E3F02962CA4"
"data\hardware\20260511_fpga1_board1\metadata\row_repeat02_5mib.json","1091","2026-05-13T15:42:11","576B7F1845F6C64550DD207BEA8EBBFC633B3C9DB809F45BE0B606C82703A5A8"
"data\hardware\20260511_fpga1_board1\metadata\row_repeat03_20mib.json","2150","2026-05-22T23:42:02","30B9180F494C21712CCE70E45F0C1C3D1F151A02AF40F7E6C2E6FAF508422EA7"
"data\hardware\20260511_fpga1_board1\metadata\row_run01.json","1077","2026-05-12T01:37:52","6A2BA179F7A7FFE839ADF9767DDC9ADBE2566AE284F46EE97F034116BC58AAC7"
"data\hardware\20260511_fpga1_board1\metadata\row_smoke01.json","1078","2026-05-12T00:25:14","33DB165CF5AC52C4808486A3FFDDC00CA265711E7633CCBA85F9EA70214B014E"
"data\hardware\20260511_fpga1_board1\metadata\same_column_repeat02_5mib.json","1123","2026-05-13T21:11:42","8AF673FE9B0040F8B364E358267532DA17F8A2E376D2897DD61C24DEACF26E68"
"data\hardware\20260511_fpga1_board1\metadata\same_column_repeat03_20mib.json","2182","2026-05-22T23:39:38","136C7DCA22401725F073799D8994102915C47C29207A1C413D87D28CDEB2EF55"
"data\hardware\20260511_fpga1_board1\metadata\same_column_run01.json","1109","2026-05-12T23:52:09","023167441A908E4221ED824B327CCE9A0F4C36ADDE9BD637FC99D46ADCFA8166"
"data\hardware\20260511_fpga1_board1\metadata\same_column_smoke01.json","1109","2026-05-12T00:22:35","5E408173E08E7DDC64DF31ACF3EF183CEF2F96E76ED72BD6B6DF9CB6264C59CA"
"data\hardware\20260511_fpga1_board1\metadata\sampler_snapshot_regs_only_warmup10_cap1024_run01.json","2532","2026-05-24T18:42:52","9287201A304E08764933AA925568F374B44A654C0D5D8AA0F1D948802E7D8B22"
"data\hardware\20260511_fpga1_board1\metadata\sampler_snapshot_regs_only_warmup10_cap64_run01.json","2520","2026-05-24T17:58:06","4CC3F2E8B976C32CA5C074F05A4E9D6712F18CB899CA51F97AF6D5FCC8E4CE46"
"data\hardware\20260511_fpga1_board1\metadata\sampler_snapshot_regs_only_warmup11_cap1024_run01.json","2531","2026-05-24T18:45:45","71CB9426D7522432A5E281B20824D231DABA992E8361946115C70C40EF07CA10"
"data\hardware\20260511_fpga1_board1\metadata\sampler_snapshot_regs_only_warmup11_cap64_run01.json","2521","2026-05-24T18:00:24","8EF59E9979E17D1E126B5D8D10C25FEA5F3896909CE4F86B637EA4E3C9E7C83D"
"data\hardware\20260511_fpga1_board1\metadata\sampler_snapshot_regs_only_warmup4_cap1024_run01.json","2528","2026-05-24T18:37:33","4A96BF05E768DEF54ADB4B09714840707FA768FBF2B6D90CA4494A326FACC1DC"
"data\hardware\20260511_fpga1_board1\metadata\sampler_snapshot_regs_only_warmup4_cap64_smoke01.json","2521","2026-05-24T17:20:43","D0F02E04916271710CBD411570F32BAAE178F179D982A883FB6D97E2DF4E5FA9"
"data\hardware\20260511_fpga1_board1\metadata\sampler_snapshot_regs_only_warmup5_cap1024_run01.json","2527","2026-05-24T18:40:02","719BB1BFBE2A5A3E4828187C48E429EA9D69724D8457C7D12ACAC191A18A87C7"
"data\hardware\20260511_fpga1_board1\metadata\sampler_snapshot_regs_only_warmup5_cap64_bram_regress01.json","2535","2026-05-24T18:11:58","3174043679A0912CADBF3ECD4F8F0F21F8F27AD0C9E47A0EBABFAE1CFD441D86"
"data\hardware\20260511_fpga1_board1\metadata\sampler_snapshot_regs_only_warmup5_cap64_run01.json","2517","2026-05-24T17:55:43","019757812458C0BD10ECF1655FF8992982295451F9307DC5E6A93E980C163702"
"data\hardware\20260511_fpga1_board1\metadata\sampler_snapshot_regs_only_warmup5_cap64_xpm_regress01.json","2533","2026-05-24T18:19:55","DF8A4EE20DAA0E7D65EF0039ECE2685BC2CBE3B3DAE721D3F7E4C7568FF22F27"
"data\hardware\20260511_fpga1_board1\metadata\sparse_repeat02_5mib.json","1103","2026-05-13T14:04:08","05014BBB2672E728A90BA004613AE806FE7D43D7E403CF75F6608242B5E212F2"
"data\hardware\20260511_fpga1_board1\metadata\sparse_repeat03_20mib.json","2162","2026-05-22T23:40:05","BCEA3D1BC82533E66897D4FA0DE690891B1F5B6218B6B27655C564726EBC574B"
"data\hardware\20260511_fpga1_board1\metadata\sparse_run01.json","801","2026-05-11T23:00:10","BB3E4D375B0B0A2E2D4EE1B64A6013D38DA527502157133C6741F6D387890D7B"
"data\hardware\20260511_fpga1_board1\metadata\sparse_smoke01.json","800","2026-05-11T22:16:03","12D895AD22E3568C3E92F4C5C219FDDABC192D1DD56C0A3E5C9E0AAAA5CBDE50"
"data\hardware\20260511_fpga1_board1\metadata\tdc_far_run01.json","789","2026-05-11T21:20:15","0CC7BEA50F504D649623298D735DB9BC38BE191752885732C6195064116EB261"
"data\hardware\20260511_fpga1_board1\metadata\tdc_far_run02_2mib.json","1079","2026-05-14T00:57:15","DEF252ED42BAB49235D292875F7407A0DCE8264648CBAA8DDAE420D07FC41DCD"
"data\hardware\20260511_fpga1_board1\metadata\tdc_near_run01.json","792","2026-05-11T20:48:23","635F20A8C8B1AFCFA6C37658F5784551D8F42D9BA4684EEACBCF9BE76D18A2D9"
"data\hardware\20260511_fpga1_board1\metadata\tdc_near_run02.json","792","2026-05-11T20:58:42","BE47D24DAAAEE04E5FAEEBDC0ED7FACBFF10FEF4AC68208835DF7EE346222427"
"data\hardware\20260511_fpga1_board1\metadata\tdc_near_run03_2mib.json","1083","2026-05-14T00:53:21","62D5C16635EDE73D6D171CB07AC91D117D95AE1A350EC418FDA284AF9BC165EC"
"data\hardware\20260511_fpga1_board1\metadata\tdc_near_smoke_direct01.json","802","2026-05-11T20:55:09","5A1B196A89261856556B7CF59E6F6458D352D63D9B53E9C8FF9CB83B8296F741"
"data\hardware\20260511_fpga1_board1\metadata\tdc_near_smoke03.json","788","2026-05-11T20:42:51","E0C77C786ABAAAC127C1AE57D983C53AF4A5F234DA25102CA569FCF86E6B74FC"
"data\hardware\20260511_fpga1_board1\metadata\tdc_pair_random1_ro0_ro1_repeat02_2mib.json","2481","2026-05-23T00:35:53","A81D90283934FDBE58EEEA6E65E6E212A3413D3A84B7610107C582E4D421859E"
"data\hardware\20260511_fpga1_board1\metadata\tdc_pair_random1_ro0_ro1_run01_2mib.json","1122","2026-05-14T03:10:37","8103DA46F0262A7F48DB1A1686FE0B5EC268128F1813E947FDCD10872BFBDCF4"
"data\hardware\20260511_fpga1_board1\metadata\tdc_pair_random1_ro2_ro4_repeat02_2mib.json","2481","2026-05-23T00:43:08","A1627850BE666A06FBE001069A512F5195235736ADA1669054BC86D3640FEF99"
"data\hardware\20260511_fpga1_board1\metadata\tdc_pair_random1_ro2_ro4_run01_2mib.json","1122","2026-05-14T03:28:34","8CC50C1210F21A08460B5C085F6E7681877069DDB59F95482FF7752B698225EF"
"data\hardware\20260511_fpga1_board1\metadata\tdc_pair_random1_ro4_ro5_repeat02_2mib.json","2481","2026-05-23T00:27:34","01DC88BEB9B5D1BA8FC5DAF5FE99CCE1D918E191262F32EE18278F3DDABA7DFA"
"data\hardware\20260511_fpga1_board1\metadata\tdc_pair_random1_ro4_ro5_run01_2mib.json","1122","2026-05-14T02:58:56","5B352EBF5F93CE28EFDC25E72E526D5373641495D7E9FF87D8E06031C34DA841"
"data\hardware\20260511_fpga1_board1\metadata\tdc_pair_random3_ro0_ro6_repeat02_2mib.json","2481","2026-05-23T01:02:49","5158FDFCCC3B6B8F4A7B70BC471E9F195B3C9465EE776E0A79585EA6C87030CB"
"data\hardware\20260511_fpga1_board1\metadata\tdc_pair_random3_ro0_ro6_run01_2mib.json","1122","2026-05-14T11:49:27","45573AE63A0195548CED7AF7F1D988167AE4D86689EBD3DF32EF77B67BEBE403"
"data\hardware\20260511_fpga1_board1\metadata\tdc_pair_random3_ro3_ro5_repeat02_2mib.json","2481","2026-05-23T00:56:18","75C42712831A7C0271F08D017E5B2308DD80FBAC8E6AB27EAEBE5F4D58A343B3"
"data\hardware\20260511_fpga1_board1\metadata\tdc_pair_random3_ro3_ro5_run01_2mib.json","1123","2026-05-14T11:41:53","885D167625DE196998D444A4838279731308ED36674FFE628E6D503DCAB3B304"
"data\hardware\20260511_fpga1_board1\metadata\tdc_pair_random3_ro3_ro7_repeat02_2mib.json","2481","2026-05-23T00:49:53","323FD1A2D959EBBD84025017071D6EA016C7C35365185BB26D0E5C831AB78961"
"data\hardware\20260511_fpga1_board1\metadata\tdc_pair_random3_ro3_ro7_run01_2mib.json","1122","2026-05-14T03:45:10","15491F1CBD7D8E849C00E340A7325AF984DC0F5B175BC68A437A001FE94A5D18"
"data\hardware\20260511_fpga1_board1\metadata\tdc_reset_enable_random1_baseline_ro0.json","2504","2026-05-24T01:00:44","4436A524B7495DA26AB6FA14B29B19133206190E2A594B0D4F9A0BC6C328C3CB"
"data\hardware\20260511_fpga1_board1\metadata\tdc_reset_enable_random1_baseline_ro0_repeat02.json","2521","2026-05-24T01:49:44","360DD9EE98C16AC20DE6E4BD3AD6C67D7B606E27B2A6417CF70C3D764382DEE0"
"data\hardware\20260511_fpga1_board1\metadata\tdc_reset_enable_random1_baseline_ro0_smoke_delay10s_no_xadc.json","2554","2026-05-24T00:38:32","39A68BAF335DA723399DF3D5AE2F25C83651F7988C019C31201FEC9CDAF65D86"
"data\hardware\20260511_fpga1_board1\metadata\tdc_reset_enable_random1_baseline_ro0_smoke_delay3s_no_xadc.json","2549","2026-05-24T00:29:12","6494E1F8A3EB435DD2CC2445520877DBA5AB8CC85365DBCA2918131553A1C776"
"data\hardware\20260511_fpga1_board1\metadata\tdc_reset_enable_random1_baseline_ro0_smoke_no_xadc.json","2533","2026-05-24T00:19:35","BD0B5667B4DF523CB24FEF33E3B0B7A8B046F3F2894B1D15912861CB7698EBC3"
"data\hardware\20260511_fpga1_board1\metadata\tdc_reset_enable_random1_baseline_ro4.json","2504","2026-05-24T02:28:42","359FA966BF9E7C31A422489D2F24A4063E1C72E0C6020A087DAC974DD6FAD3A3"
"data\hardware\20260511_fpga1_board1\metadata\tdc_reset_enable_random1_baseline_ro4_repeat02.json","2522","2026-05-24T02:38:52","68FFDAFBD73408FACE7131BA6571308A571C3BF6C45BC5ED791BB54DDA713454"
"data\hardware\20260511_fpga1_board1\metadata\tdc_reset_enable_random1_sampler_local_ro0.json","2524","2026-05-24T01:09:24","C71B441D46A91F1E95A3C323BA4E4ABBE4F98495218984E872335C998B3A5BB8"
"data\hardware\20260511_fpga1_board1\metadata\tdc_reset_enable_random1_sampler_local_ro0_repeat02.json","2542","2026-05-24T02:01:02","4BD7A15E67A926C8218025BAFA7E33E93305D71D9AF0D63B34F1242ED890B658"
"data\hardware\20260511_fpga1_board1\metadata\tdc_reset_enable_random1_sampler_local_ro4.json","2524","2026-05-24T02:33:20","5752EA8555BDCEF591F671C4F547AC950EE892F39427D2CEB01F40EB6CA8EB93"
"data\hardware\20260511_fpga1_board1\metadata\tdc_reset_enable_random1_sampler_local_ro4_repeat02.json","2542","2026-05-24T02:43:25","61EBDDC70A7A6B9E809F053C60ECEE4197A7D1DEC36FBEB7B8C40A188468B152"
"data\hardware\20260511_fpga1_board1\metadata\tdc_reset_enable_random3_goodref_ro0.json","2500","2026-05-24T01:05:04","B63A247B1ED3A62583DEF4149BA8570B4FD0D02CD65378D9C60DCFEB6B510D1C"
"data\hardware\20260511_fpga1_board1\metadata\tdc_reset_enable_random3_goodref_ro0_repeat02.json","2517","2026-05-24T01:55:42","7BEB53F54EF40C9DD99EE550B0A53E37B35414AD06BA32A4B0D46985C9792A4F"
"data\hardware\20260511_fpga1_board1\metadata\tdc_reset_enable_random3_goodref_ro3.json","2500","2026-05-24T02:59:07","F57C590EB802DD12A0FFB161E2D7252729603F6BDA2DB56AFC141E6E64AC82E8"
"data\hardware\20260511_fpga1_board1\metadata\tdc_reset_enable_random3_goodref_ro3_repeat02.json","2518","2026-05-24T03:03:03","9D60FBAA5778D49EA94A9BECD86181188E305706B8A49097E427FCB46385E36F"
"data\hardware\20260511_fpga1_board1\metadata\tdc_sampler_data_random1_baseline_sample_x36y35_ro0_2mib.json","2586","2026-05-23T17:23:17","89AA1FDE05CEED8C56F11C868D65B2A6F681F29C4E82586AEF059F8FD83A563C"
"data\hardware\20260511_fpga1_board1\metadata\tdc_sampler_data_random1_baseline_sample_x36y35_ro4_2mib.json","2586","2026-05-23T20:57:23","8A8DFBE004A0E6DE960CB5B142DA0C7B46EDB265F1F2B05609A8CA5154A1DB9E"
"data\hardware\20260511_fpga1_board1\metadata\tdc_sampler_data_random1_local_sample_x45y39_ro0_2mib.json","2574","2026-05-23T20:51:04","18065EFC6319D07EE76F82EE38F9CCF1EAEE77BFBFE7DA9987C0F2A94001A0B7"
"data\hardware\20260511_fpga1_board1\metadata\tdc_sampler_data_random1_local_sample_x45y39_ro4_2mib.json","2574","2026-05-23T21:03:41","8241611DBDEBD1155E56ED48937D92B046260E2EDBBAF9CC3A3C31FC9328281F"
"data\hardware\20260511_fpga1_board1\metadata\tdc_sampler_data_random3_sample_x36y35_ro0_2mib.json","2549","2026-05-23T21:09:36","BAFAF8ADE2979FE6292ED5388354648B2E25651A919747AA5D1E3F5C06CD820F"
"data\hardware\20260511_fpga1_board1\metadata\tdc_sampler_data_random3_sample_x36y35_ro3_2mib.json","2550","2026-05-23T21:15:51","A3CE5A96EBB0B6263AF760D8278CFB7BAD81D12D6DA24FB6FAFBA2B930721FF4"
"data\hardware\20260511_fpga1_board1\metadata\tdc_uart_header_debug_repeat8_no_xadc.json","2419","2026-05-23T23:41:06","29D23B024A9C3EF5D9A195383C4F28828DF9A9BABE6E6CBC9962FA17004BC169"
"data\hardware\20260511_fpga1_board1\metadata\xadc_readings.csv","3560","2026-05-24T22:07:55","3C8B83E7A2BA89AD1ACCBC4B59DD09DBF4BF53A8686F6C72DA54761C28723F34"
"data\hardware\20260511_fpga1_board1\metadata\xadc_smoke_20260522.csv","95","2026-05-22T08:05:10","F298E7B95BD52D24F07BF76FAF26C887443F77C23A4FAFC4EEC2ECB8803C4FFC"
"data\hardware\20260511_fpga1_board1\metadata\xadc_smoke_after_reboot_20260522.csv","95","2026-05-22T19:00:08","701D835BD0740AD7AD12008709CAB3BA456C11C38BF36DF8C1F2B0933C0D6861"
"data\hardware\20260511_fpga1_board1\restart\checker_restart_auto_formal_bits_1000x125_warmup0_header_delay60s_placement01_20260515.bin.sha256.txt","227","2026-05-22T09:46:56","CA04BC62BF3C0E98311D332CAE2D52DB2B1E5B2285D4A1C6E14C5FB5AE356BA8"
"data\hardware\20260511_fpga1_board1\restart\checker_restart_auto_formal_bits_1000x125_warmup0_header_delay60s_placement01_20260515.metadata.json","521737","2026-05-22T09:46:56","F9A9C256CD955E6E23E74B5B18C9E6AFFC35C76D686B78C0B9B179A1B11A3307"
"data\hardware\20260511_fpga1_board1\restart\checker_restart_auto_formal_bits_1000x125_warmup0_header_delay60s_placement01_20260515_bps1_lsb.bin.sha256.txt","236","2026-05-22T09:46:56","A9E1442411A99771EFBE439B55B4AB959434FFE9369DD40B6937CA68C77482E7"
"data\hardware\20260511_fpga1_board1\restart\checker_restart_auto_formal_bits_1000x125_warmup0_header_delay60s_placement01_20260515_bps1_lsb.metadata.json","1120","2026-05-22T09:46:56","A7CB9031BBC0D0854C9ED570A2E04172EF6F152DFD21596387BF7FA845AD92A4"
"data\hardware\20260511_fpga1_board1\restart\checker_restart_auto_formal_bits_1000x125_warmup0_header_delay60s_placement01_20260515_bps1_msb.bin.sha256.txt","236","2026-05-22T09:46:56","B083E0BEFFB925A6319F68892FBC1699C8AD393DCE601110CF4CFBE206A584E6"
"data\hardware\20260511_fpga1_board1\restart\checker_restart_auto_formal_bits_1000x125_warmup0_header_delay60s_placement01_20260515_bps1_msb.metadata.json","1120","2026-05-22T09:46:56","4A03B6209A3DC66D9B954DEF2732BE5AE59148041530B53BC3F1A15678854986"
"data\hardware\20260511_fpga1_board1\restart\checker_restart_auto_formal_bits_1000x125_warmup12_header_delay60s_placement01_20260515.bin.sha256.txt","228","2026-05-22T09:54:18","D230872C97D7A9DE9B4821D74E8CD86C0D5E02B214EF3F9C44FB5D8197BE223B"
"data\hardware\20260511_fpga1_board1\restart\checker_restart_auto_formal_bits_1000x125_warmup12_header_delay60s_placement01_20260515.metadata.json","521741","2026-05-22T09:54:18","F2986B0AEEE763859F9880B1C0880997EFC30979ACF5A7CE3488E870DFDB108A"
"data\hardware\20260511_fpga1_board1\restart\checker_restart_auto_formal_bits_1000x125_warmup12_header_delay60s_placement01_20260515_bps1_lsb.bin.sha256.txt","237","2026-05-22T09:54:19","97533882248194FD51DC293243C6F2D564A40F6F51136D3D194806D58D1785E2"
"data\hardware\20260511_fpga1_board1\restart\checker_restart_auto_formal_bits_1000x125_warmup12_header_delay60s_placement01_20260515_bps1_lsb.metadata.json","1122","2026-05-22T09:54:19","F5FF61E983326C30DE118FCB6C4134C09D247F1CE3B72BEBBB5066CC67C1B5D8"
"data\hardware\20260511_fpga1_board1\restart\checker_restart_auto_formal_bits_1000x125_warmup12_header_delay60s_placement01_20260515_bps1_msb.bin.sha256.txt","237","2026-05-22T09:54:19","97CBC6E42068EB654E174F2E6BC5A8CF82362986DE092EB084BFB14F5C26E1DA"
"data\hardware\20260511_fpga1_board1\restart\checker_restart_auto_formal_bits_1000x125_warmup12_header_delay60s_placement01_20260515_bps1_msb.metadata.json","1122","2026-05-22T09:54:19","9BAEEAE13B4849AE0090F56B036AFF1AC6C4A435755DA686069EEE4721694566"
"data\hardware\20260511_fpga1_board1\restart\compact_restart_auto_formal_bits_1000x125_warmup0_header_delay60s_placement01_20260515.bin.sha256.txt","227","2026-05-22T09:32:09","C57D059B899AD0829269CA80359DA7F225B272F6AEC1546320BFD328D2E64518"
"data\hardware\20260511_fpga1_board1\restart\compact_restart_auto_formal_bits_1000x125_warmup0_header_delay60s_placement01_20260515.metadata.json","521737","2026-05-22T09:32:09","1DC813E4AB4EE15FFCF1FA5EFE0FFD357672CBC52CA0FA96510F9E5A70909FB9"
"data\hardware\20260511_fpga1_board1\restart\compact_restart_auto_formal_bits_1000x125_warmup0_header_delay60s_placement01_20260515_bps1_lsb.bin.sha256.txt","236","2026-05-22T09:32:10","288834859286F25241F902DE3FC907749B047491C14A601EC4515B15040E70DE"
"data\hardware\20260511_fpga1_board1\restart\compact_restart_auto_formal_bits_1000x125_warmup0_header_delay60s_placement01_20260515_bps1_lsb.metadata.json","1120","2026-05-22T09:32:10","774A4636FE84DA5B32EDBC5006889FB9F4E79BFFFF10D39433C593FC6D927454"
"data\hardware\20260511_fpga1_board1\restart\compact_restart_auto_formal_bits_1000x125_warmup0_header_delay60s_placement01_20260515_bps1_msb.bin.sha256.txt","236","2026-05-22T09:32:10","5726826EAE8968F8AEC50092018F13A6A7DCF6E96D3B3C2F4D99C965A6AB274D"
"data\hardware\20260511_fpga1_board1\restart\compact_restart_auto_formal_bits_1000x125_warmup0_header_delay60s_placement01_20260515_bps1_msb.metadata.json","1120","2026-05-22T09:32:10","70CFE57ADCC8F56E5FA82C38D9C8443FBF88E86327D9E6A5FD113DE428BFD053"
"data\hardware\20260511_fpga1_board1\restart\compact_restart_auto_formal_bits_1000x125_warmup12_header_delay60s_placement01_20260515.bin.sha256.txt","228","2026-05-22T09:39:35","81D53F3D165D38CD6BB11DC80A9FD6A8D087B8762C5A2C2081EF7316E839D7C7"
"data\hardware\20260511_fpga1_board1\restart\compact_restart_auto_formal_bits_1000x125_warmup12_header_delay60s_placement01_20260515.metadata.json","521741","2026-05-22T09:39:35","0AF070E31DC9EAF0DCB38AF7C6CFE7B349C6E8A666D7A5FE6654051867CA2796"
"data\hardware\20260511_fpga1_board1\restart\compact_restart_auto_formal_bits_1000x125_warmup12_header_delay60s_placement01_20260515_bps1_lsb.bin.sha256.txt","237","2026-05-22T09:39:35","18A0F73580CB6DA5BA5DDE49A4C91B87F385F583AB11E71FF30F0E8F9FD04B6F"
"data\hardware\20260511_fpga1_board1\restart\compact_restart_auto_formal_bits_1000x125_warmup12_header_delay60s_placement01_20260515_bps1_lsb.metadata.json","1120","2026-05-22T09:39:35","8FF5FC1CF32C75B4292FB4D9C27D77CCB11CDCC0C9864A1F54A45DEBAE24AE20"
"data\hardware\20260511_fpga1_board1\restart\compact_restart_auto_formal_bits_1000x125_warmup12_header_delay60s_placement01_20260515_bps1_msb.bin.sha256.txt","237","2026-05-22T09:39:35","697AE675C084BB12B7BB1F480B89CD14ED6921C0B2327E0F5C6020DB2018AC2D"
"data\hardware\20260511_fpga1_board1\restart\compact_restart_auto_formal_bits_1000x125_warmup12_header_delay60s_placement01_20260515_bps1_msb.metadata.json","1122","2026-05-22T09:39:35","EF7D033B165A4804886A9D4C8AAEEBD8065CC689F7FD47568708BB1B49364D57"
"data\hardware\20260511_fpga1_board1\restart\ea_restart_checker_warmup0_placement01_lsb_20260515\checker_warmup0_placement01_lsb_20260515.ea_restart.metadata.json","1687","2026-05-22T09:49:24","03546DB1E6A03698F16B0DABA09D58C1D2A4B6D5291FFE80AC4D337FDB73EC3C"
"data\hardware\20260511_fpga1_board1\restart\ea_restart_checker_warmup0_placement01_lsb_20260515\checker_warmup0_placement01_lsb_20260515.ea_restart.stderr.txt","89","2026-05-22T09:48:10","1594E5F8F73F2DCD73AD296FA678AD5C8F3B062B2BF3482D36896ECE68A8903F"
"data\hardware\20260511_fpga1_board1\restart\ea_restart_checker_warmup0_placement01_lsb_20260515\checker_warmup0_placement01_lsb_20260515.ea_restart.stdout.txt","113","2026-05-22T09:49:23","E17F0F14C8FAA81CC292530B342A3D5B1885AE21895B090FE5A88FBDBEFC3959"
"data\hardware\20260511_fpga1_board1\restart\ea_restart_checker_warmup0_placement01_lsb_20260515\checker_warmup0_placement01_lsb_20260515.ea_restart.version.txt","1868","2026-05-22T09:48:10","EF3149174873195A054D879ED838FAE6E6EAF80E6C11A3DDD9A6549765C06A4A"
"data\hardware\20260511_fpga1_board1\restart\ea_restart_checker_warmup0_placement01_msb_20260515\checker_warmup0_placement01_msb_20260515.ea_restart.metadata.json","1687","2026-05-22T09:48:09","1228A75E806A7B549B4A1FC545C98D4EF17DDD958F4EFD98DE4084DFA14852B8"
"data\hardware\20260511_fpga1_board1\restart\ea_restart_checker_warmup0_placement01_msb_20260515\checker_warmup0_placement01_msb_20260515.ea_restart.stderr.txt","89","2026-05-22T09:46:57","1594E5F8F73F2DCD73AD296FA678AD5C8F3B062B2BF3482D36896ECE68A8903F"
"data\hardware\20260511_fpga1_board1\restart\ea_restart_checker_warmup0_placement01_msb_20260515\checker_warmup0_placement01_msb_20260515.ea_restart.stdout.txt","113","2026-05-22T09:48:08","D51765B6B4CA9669C75F682871002AB5240A7C7A802EBE400F541E05BCBAEFAE"
"data\hardware\20260511_fpga1_board1\restart\ea_restart_checker_warmup0_placement01_msb_20260515\checker_warmup0_placement01_msb_20260515.ea_restart.version.txt","1868","2026-05-22T09:46:57","EF3149174873195A054D879ED838FAE6E6EAF80E6C11A3DDD9A6549765C06A4A"
"data\hardware\20260511_fpga1_board1\restart\ea_restart_checker_warmup12_placement01_lsb_20260515\checker_warmup12_placement01_lsb_20260515.ea_restart.metadata.json","1694","2026-05-22T09:56:55","A20B13B5FE9D99C7DA7F521E00225234DAC7946665F4CF068F02B3B3A078BB76"
"data\hardware\20260511_fpga1_board1\restart\ea_restart_checker_warmup12_placement01_lsb_20260515\checker_warmup12_placement01_lsb_20260515.ea_restart.stderr.txt","89","2026-05-22T09:55:40","1594E5F8F73F2DCD73AD296FA678AD5C8F3B062B2BF3482D36896ECE68A8903F"
"data\hardware\20260511_fpga1_board1\restart\ea_restart_checker_warmup12_placement01_lsb_20260515\checker_warmup12_placement01_lsb_20260515.ea_restart.stdout.txt","415","2026-05-22T09:56:54","33F023CC14BC637F0A3BA6ADD56C359BE1A1E0E511EFBC5853FCDDC38833B2F4"
"data\hardware\20260511_fpga1_board1\restart\ea_restart_checker_warmup12_placement01_lsb_20260515\checker_warmup12_placement01_lsb_20260515.ea_restart.version.txt","1868","2026-05-22T09:55:39","EF3149174873195A054D879ED838FAE6E6EAF80E6C11A3DDD9A6549765C06A4A"
"data\hardware\20260511_fpga1_board1\restart\ea_restart_checker_warmup12_placement01_msb_20260515\checker_warmup12_placement01_msb_20260515.ea_restart.metadata.json","1694","2026-05-22T09:55:39","D96D2475C1FAD60F166293CED4975F22EB169B1730F277424575857457AADBBE"
"data\hardware\20260511_fpga1_board1\restart\ea_restart_checker_warmup12_placement01_msb_20260515\checker_warmup12_placement01_msb_20260515.ea_restart.stderr.txt","89","2026-05-22T09:54:20","1594E5F8F73F2DCD73AD296FA678AD5C8F3B062B2BF3482D36896ECE68A8903F"
"data\hardware\20260511_fpga1_board1\restart\ea_restart_checker_warmup12_placement01_msb_20260515\checker_warmup12_placement01_msb_20260515.ea_restart.stdout.txt","415","2026-05-22T09:55:38","55241C70C7AC9B8B447ADE7229B9AB3A66B45BE32FB8A31340B990B8FBE37808"
"data\hardware\20260511_fpga1_board1\restart\ea_restart_checker_warmup12_placement01_msb_20260515\checker_warmup12_placement01_msb_20260515.ea_restart.version.txt","1868","2026-05-22T09:54:19","EF3149174873195A054D879ED838FAE6E6EAF80E6C11A3DDD9A6549765C06A4A"
"data\hardware\20260511_fpga1_board1\restart\ea_restart_compact_warmup0_placement01_lsb_20260515\compact_warmup0_placement01_lsb_20260515.ea_restart.metadata.json","1687","2026-05-22T09:34:42","ED3C38070716FD788DC1D81005B8F80E14B9FBC82C0A3088389EDCE435BF39E9"
"data\hardware\20260511_fpga1_board1\restart\ea_restart_compact_warmup0_placement01_lsb_20260515\compact_warmup0_placement01_lsb_20260515.ea_restart.stderr.txt","89","2026-05-22T09:33:29","1594E5F8F73F2DCD73AD296FA678AD5C8F3B062B2BF3482D36896ECE68A8903F"
"data\hardware\20260511_fpga1_board1\restart\ea_restart_compact_warmup0_placement01_lsb_20260515\compact_warmup0_placement01_lsb_20260515.ea_restart.stdout.txt","113","2026-05-22T09:34:41","2A5958B540AB4F288B739236F523AD697256D4F73B76E7C006D48DE46AC6CEC9"
"data\hardware\20260511_fpga1_board1\restart\ea_restart_compact_warmup0_placement01_lsb_20260515\compact_warmup0_placement01_lsb_20260515.ea_restart.version.txt","1868","2026-05-22T09:33:29","EF3149174873195A054D879ED838FAE6E6EAF80E6C11A3DDD9A6549765C06A4A"
"data\hardware\20260511_fpga1_board1\restart\ea_restart_compact_warmup0_placement01_msb_20260515\compact_warmup0_placement01_msb_20260515.ea_restart.metadata.json","1686","2026-05-22T09:33:28","FE98BC3A225EC9B9A04D46F58A0307FE54FEDF4405E879E22FC8F3E69A7719F5"
"data\hardware\20260511_fpga1_board1\restart\ea_restart_compact_warmup0_placement01_msb_20260515\compact_warmup0_placement01_msb_20260515.ea_restart.stderr.txt","89","2026-05-22T09:32:11","1594E5F8F73F2DCD73AD296FA678AD5C8F3B062B2BF3482D36896ECE68A8903F"
"data\hardware\20260511_fpga1_board1\restart\ea_restart_compact_warmup0_placement01_msb_20260515\compact_warmup0_placement01_msb_20260515.ea_restart.stdout.txt","113","2026-05-22T09:33:28","E06F01580A94652256BA0FBD03857BDBF4DB488ABD39DEC45CBD0AA4443BBB2D"
"data\hardware\20260511_fpga1_board1\restart\ea_restart_compact_warmup0_placement01_msb_20260515\compact_warmup0_placement01_msb_20260515.ea_restart.version.txt","1868","2026-05-22T09:32:11","EF3149174873195A054D879ED838FAE6E6EAF80E6C11A3DDD9A6549765C06A4A"
"data\hardware\20260511_fpga1_board1\restart\ea_restart_compact_warmup12_placement01_lsb_20260515\compact_warmup12_placement01_lsb_20260515.ea_restart.metadata.json","1694","2026-05-22T09:42:08","24C15B7F6C18A11AAC183F255D4AD8A45A5785BAFCDAE3FFDEE020EF247F7F71"
"data\hardware\20260511_fpga1_board1\restart\ea_restart_compact_warmup12_placement01_lsb_20260515\compact_warmup12_placement01_lsb_20260515.ea_restart.stderr.txt","89","2026-05-22T09:40:51","1594E5F8F73F2DCD73AD296FA678AD5C8F3B062B2BF3482D36896ECE68A8903F"
"data\hardware\20260511_fpga1_board1\restart\ea_restart_compact_warmup12_placement01_lsb_20260515\compact_warmup12_placement01_lsb_20260515.ea_restart.stdout.txt","415","2026-05-22T09:42:07","BBA238CC907358AFCACEE516446630C6BFEAA37044A1E615FA35833FF5A1851D"
"data\hardware\20260511_fpga1_board1\restart\ea_restart_compact_warmup12_placement01_lsb_20260515\compact_warmup12_placement01_lsb_20260515.ea_restart.version.txt","1868","2026-05-22T09:40:51","EF3149174873195A054D879ED838FAE6E6EAF80E6C11A3DDD9A6549765C06A4A"
"data\hardware\20260511_fpga1_board1\restart\ea_restart_compact_warmup12_placement01_msb_20260515\compact_warmup12_placement01_msb_20260515.ea_restart.metadata.json","1693","2026-05-22T09:40:51","CE449F0D2419A1EA4F590E606850D182BA42072C6DA5EBA06D30FACE8C3EB640"
"data\hardware\20260511_fpga1_board1\restart\ea_restart_compact_warmup12_placement01_msb_20260515\compact_warmup12_placement01_msb_20260515.ea_restart.stderr.txt","89","2026-05-22T09:39:36","1594E5F8F73F2DCD73AD296FA678AD5C8F3B062B2BF3482D36896ECE68A8903F"
"data\hardware\20260511_fpga1_board1\restart\ea_restart_compact_warmup12_placement01_msb_20260515\compact_warmup12_placement01_msb_20260515.ea_restart.stdout.txt","415","2026-05-22T09:40:50","26E2DB66EEAC105A45B0A089C583DA535AAD256D698BE3267FAF30BCE4D644A0"
"data\hardware\20260511_fpga1_board1\restart\ea_restart_compact_warmup12_placement01_msb_20260515\compact_warmup12_placement01_msb_20260515.ea_restart.version.txt","1868","2026-05-22T09:39:36","EF3149174873195A054D879ED838FAE6E6EAF80E6C11A3DDD9A6549765C06A4A"
"data\hardware\20260511_fpga1_board1\restart\ea_restart_random1_sampler_regs_only_warmup0_run01_lsb_20260524\random1_sampler_regs_only_warmup0_run01_lsb_20260524.ea_restart.metadata.json","1801","2026-05-24T14:00:24","5D6EC6A04753C66958933BD5FCBB8AE844E6BE8A68AF86E6D6C5871FCBE6A235"
"data\hardware\20260511_fpga1_board1\restart\ea_restart_random1_sampler_regs_only_warmup0_run01_lsb_20260524\random1_sampler_regs_only_warmup0_run01_lsb_20260524.ea_restart.stderr.txt","89","2026-05-24T13:59:01","1594E5F8F73F2DCD73AD296FA678AD5C8F3B062B2BF3482D36896ECE68A8903F"
"data\hardware\20260511_fpga1_board1\restart\ea_restart_random1_sampler_regs_only_warmup0_run01_lsb_20260524\random1_sampler_regs_only_warmup0_run01_lsb_20260524.ea_restart.stdout.txt","113","2026-05-24T14:00:24","8A1838976B40787AAFCB2D9CD26C4D93B9C3AE50F6A8D338885165F580AEC81D"
"data\hardware\20260511_fpga1_board1\restart\ea_restart_random1_sampler_regs_only_warmup0_run01_lsb_20260524\random1_sampler_regs_only_warmup0_run01_lsb_20260524.ea_restart.version.txt","1868","2026-05-24T13:59:01","EF3149174873195A054D879ED838FAE6E6EAF80E6C11A3DDD9A6549765C06A4A"
"data\hardware\20260511_fpga1_board1\restart\ea_restart_random1_sampler_regs_only_warmup0_run01_msb_20260524\random1_sampler_regs_only_warmup0_run01_msb_20260524.ea_restart.metadata.json","1801","2026-05-24T13:59:00","B0F5331739C7F419F50FB01A20701DCA0D0145DBA3ECEA55EE97F0DB531DCF9B"
"data\hardware\20260511_fpga1_board1\restart\ea_restart_random1_sampler_regs_only_warmup0_run01_msb_20260524\random1_sampler_regs_only_warmup0_run01_msb_20260524.ea_restart.stderr.txt","89","2026-05-24T13:57:24","1594E5F8F73F2DCD73AD296FA678AD5C8F3B062B2BF3482D36896ECE68A8903F"
"data\hardware\20260511_fpga1_board1\restart\ea_restart_random1_sampler_regs_only_warmup0_run01_msb_20260524\random1_sampler_regs_only_warmup0_run01_msb_20260524.ea_restart.stdout.txt","113","2026-05-24T13:58:59","8A1838976B40787AAFCB2D9CD26C4D93B9C3AE50F6A8D338885165F580AEC81D"
"data\hardware\20260511_fpga1_board1\restart\ea_restart_random1_sampler_regs_only_warmup0_run01_msb_20260524\random1_sampler_regs_only_warmup0_run01_msb_20260524.ea_restart.version.txt","1868","2026-05-24T13:57:24","EF3149174873195A054D879ED838FAE6E6EAF80E6C11A3DDD9A6549765C06A4A"
"data\hardware\20260511_fpga1_board1\restart\ea_restart_random1_sampler_regs_only_warmup0_run02_lsb_20260524\random1_sampler_regs_only_warmup0_run02_lsb_20260524.ea_restart.metadata.json","1801","2026-05-24T14:17:49","0D7D51B7943B9AFFAEF5A0661A552A3BAC09B3F5CA14F40363D14F4A7DDCBFB5"
"data\hardware\20260511_fpga1_board1\restart\ea_restart_random1_sampler_regs_only_warmup0_run02_lsb_20260524\random1_sampler_regs_only_warmup0_run02_lsb_20260524.ea_restart.stderr.txt","89","2026-05-24T14:16:32","1594E5F8F73F2DCD73AD296FA678AD5C8F3B062B2BF3482D36896ECE68A8903F"
"data\hardware\20260511_fpga1_board1\restart\ea_restart_random1_sampler_regs_only_warmup0_run02_lsb_20260524\random1_sampler_regs_only_warmup0_run02_lsb_20260524.ea_restart.stdout.txt","113","2026-05-24T14:17:48","EDBCEFD3120A0B6F1C224BE92B1B022EC8A2CE85412360C6D60B913A1508BC32"
"data\hardware\20260511_fpga1_board1\restart\ea_restart_random1_sampler_regs_only_warmup0_run02_lsb_20260524\random1_sampler_regs_only_warmup0_run02_lsb_20260524.ea_restart.version.txt","1868","2026-05-24T14:16:32","EF3149174873195A054D879ED838FAE6E6EAF80E6C11A3DDD9A6549765C06A4A"
"data\hardware\20260511_fpga1_board1\restart\ea_restart_random1_sampler_regs_only_warmup0_run02_msb_20260524\random1_sampler_regs_only_warmup0_run02_msb_20260524.ea_restart.metadata.json","1801","2026-05-24T14:16:31","B62DD374AEEDB86BA31206231025187125B7A0A90DA2EBE1B06A07009BBE660B"
"data\hardware\20260511_fpga1_board1\restart\ea_restart_random1_sampler_regs_only_warmup0_run02_msb_20260524\random1_sampler_regs_only_warmup0_run02_msb_20260524.ea_restart.stderr.txt","89","2026-05-24T14:15:06","1594E5F8F73F2DCD73AD296FA678AD5C8F3B062B2BF3482D36896ECE68A8903F"
"data\hardware\20260511_fpga1_board1\restart\ea_restart_random1_sampler_regs_only_warmup0_run02_msb_20260524\random1_sampler_regs_only_warmup0_run02_msb_20260524.ea_restart.stdout.txt","113","2026-05-24T14:16:30","EDBCEFD3120A0B6F1C224BE92B1B022EC8A2CE85412360C6D60B913A1508BC32"
"data\hardware\20260511_fpga1_board1\restart\ea_restart_random1_sampler_regs_only_warmup0_run02_msb_20260524\random1_sampler_regs_only_warmup0_run02_msb_20260524.ea_restart.version.txt","1868","2026-05-24T14:15:06","EF3149174873195A054D879ED838FAE6E6EAF80E6C11A3DDD9A6549765C06A4A"
"data\hardware\20260511_fpga1_board1\restart\ea_restart_random1_sampler_regs_only_warmup10_passband01_lsb_20260524\random1_sampler_regs_only_warmup10_passband01_lsb_20260524.ea_restart.metadata.json","1848","2026-05-24T15:43:48","F399E98A3D773F7141833FEE26A109D7E5EF7AF4980984D4C056C39D3F75A41B"
"data\hardware\20260511_fpga1_board1\restart\ea_restart_random1_sampler_regs_only_warmup10_passband01_lsb_20260524\random1_sampler_regs_only_warmup10_passband01_lsb_20260524.ea_restart.stderr.txt","89","2026-05-24T15:42:32","1594E5F8F73F2DCD73AD296FA678AD5C8F3B062B2BF3482D36896ECE68A8903F"
"data\hardware\20260511_fpga1_board1\restart\ea_restart_random1_sampler_regs_only_warmup10_passband01_lsb_20260524\random1_sampler_regs_only_warmup10_passband01_lsb_20260524.ea_restart.stdout.txt","415","2026-05-24T15:43:47","F50550B1659B0C1DE8BA20ED11FBD03CD0825AAC363028E70D648A4CB022833F"
"data\hardware\20260511_fpga1_board1\restart\ea_restart_random1_sampler_regs_only_warmup10_passband01_lsb_20260524\random1_sampler_regs_only_warmup10_passband01_lsb_20260524.ea_restart.version.txt","1868","2026-05-24T15:42:32","EF3149174873195A054D879ED838FAE6E6EAF80E6C11A3DDD9A6549765C06A4A"
"data\hardware\20260511_fpga1_board1\restart\ea_restart_random1_sampler_regs_only_warmup10_passband01_msb_20260524\random1_sampler_regs_only_warmup10_passband01_msb_20260524.ea_restart.metadata.json","1848","2026-05-24T15:42:31","6AB12E986464D4255A6C8E23D66FF21194A82D507992B65043B22E5ECAFAB42C"
"data\hardware\20260511_fpga1_board1\restart\ea_restart_random1_sampler_regs_only_warmup10_passband01_msb_20260524\random1_sampler_regs_only_warmup10_passband01_msb_20260524.ea_restart.stderr.txt","89","2026-05-24T15:41:23","1594E5F8F73F2DCD73AD296FA678AD5C8F3B062B2BF3482D36896ECE68A8903F"
"data\hardware\20260511_fpga1_board1\restart\ea_restart_random1_sampler_regs_only_warmup10_passband01_msb_20260524\random1_sampler_regs_only_warmup10_passband01_msb_20260524.ea_restart.stdout.txt","415","2026-05-24T15:42:31","1DD415799D5F79691F001BA601430D61BFB7A6E34E4262E3D29159E37E5488E3"
"data\hardware\20260511_fpga1_board1\restart\ea_restart_random1_sampler_regs_only_warmup10_passband01_msb_20260524\random1_sampler_regs_only_warmup10_passband01_msb_20260524.ea_restart.version.txt","1868","2026-05-24T15:41:23","EF3149174873195A054D879ED838FAE6E6EAF80E6C11A3DDD9A6549765C06A4A"
"data\hardware\20260511_fpga1_board1\restart\ea_restart_random1_sampler_regs_only_warmup10_repeat02_lsb_20260524\random1_sampler_regs_only_warmup10_repeat02_lsb_20260524.ea_restart.metadata.json","1832","2026-05-24T16:39:09","FDC34A527396B6B588F1269F29A503E9378953BEA9B80FF72ABDC59736C5F72A"
"data\hardware\20260511_fpga1_board1\restart\ea_restart_random1_sampler_regs_only_warmup10_repeat02_lsb_20260524\random1_sampler_regs_only_warmup10_repeat02_lsb_20260524.ea_restart.stderr.txt","89","2026-05-24T16:37:29","1594E5F8F73F2DCD73AD296FA678AD5C8F3B062B2BF3482D36896ECE68A8903F"
"data\hardware\20260511_fpga1_board1\restart\ea_restart_random1_sampler_regs_only_warmup10_repeat02_lsb_20260524\random1_sampler_regs_only_warmup10_repeat02_lsb_20260524.ea_restart.stdout.txt","415","2026-05-24T16:39:08","361ECA778735277041E49ADBEF164E826817A41A3303E758DBDD3FD580BEB2C7"
"data\hardware\20260511_fpga1_board1\restart\ea_restart_random1_sampler_regs_only_warmup10_repeat02_lsb_20260524\random1_sampler_regs_only_warmup10_repeat02_lsb_20260524.ea_restart.version.txt","1868","2026-05-24T16:37:29","EF3149174873195A054D879ED838FAE6E6EAF80E6C11A3DDD9A6549765C06A4A"
"data\hardware\20260511_fpga1_board1\restart\ea_restart_random1_sampler_regs_only_warmup10_repeat02_msb_20260524\random1_sampler_regs_only_warmup10_repeat02_msb_20260524.ea_restart.metadata.json","1833","2026-05-24T16:37:28","21F6C9144625E7719E70D76293CE57C53FB12C0A30F30B1B98F1BD9236206C4B"
"data\hardware\20260511_fpga1_board1\restart\ea_restart_random1_sampler_regs_only_warmup10_repeat02_msb_20260524\random1_sampler_regs_only_warmup10_repeat02_msb_20260524.ea_restart.stderr.txt","89","2026-05-24T16:35:35","1594E5F8F73F2DCD73AD296FA678AD5C8F3B062B2BF3482D36896ECE68A8903F"
"data\hardware\20260511_fpga1_board1\restart\ea_restart_random1_sampler_regs_only_warmup10_repeat02_msb_20260524\random1_sampler_regs_only_warmup10_repeat02_msb_20260524.ea_restart.stdout.txt","415","2026-05-24T16:37:26","DC9605B8DB7C38FCA18C5163DDC6B0203AB145A33FCF23845CD1F3C1CDA7D8D2"
"data\hardware\20260511_fpga1_board1\restart\ea_restart_random1_sampler_regs_only_warmup10_repeat02_msb_20260524\random1_sampler_regs_only_warmup10_repeat02_msb_20260524.ea_restart.version.txt","1868","2026-05-24T16:35:35","EF3149174873195A054D879ED838FAE6E6EAF80E6C11A3DDD9A6549765C06A4A"
"data\hardware\20260511_fpga1_board1\restart\ea_restart_random1_sampler_regs_only_warmup11_edge01_lsb_20260524\random1_sampler_regs_only_warmup11_edge01_lsb_20260524.ea_restart.metadata.json","1817","2026-05-24T16:03:42","CCFCDBECA6D0F9D36A21A52C9B584F33EDEBA18FCB4360F6355918B0B1F2D066"
"data\hardware\20260511_fpga1_board1\restart\ea_restart_random1_sampler_regs_only_warmup11_edge01_lsb_20260524\random1_sampler_regs_only_warmup11_edge01_lsb_20260524.ea_restart.stderr.txt","89","2026-05-24T16:02:33","1594E5F8F73F2DCD73AD296FA678AD5C8F3B062B2BF3482D36896ECE68A8903F"
"data\hardware\20260511_fpga1_board1\restart\ea_restart_random1_sampler_regs_only_warmup11_edge01_lsb_20260524\random1_sampler_regs_only_warmup11_edge01_lsb_20260524.ea_restart.stdout.txt","113","2026-05-24T16:03:41","A85C68E634C26AEF2702DAC16C4965A3C48FC1355A9843F4BD6DBDEBB61EB0C7"
"data\hardware\20260511_fpga1_board1\restart\ea_restart_random1_sampler_regs_only_warmup11_edge01_lsb_20260524\random1_sampler_regs_only_warmup11_edge01_lsb_20260524.ea_restart.version.txt","1868","2026-05-24T16:02:33","EF3149174873195A054D879ED838FAE6E6EAF80E6C11A3DDD9A6549765C06A4A"
"data\hardware\20260511_fpga1_board1\restart\ea_restart_random1_sampler_regs_only_warmup11_edge01_msb_20260524\random1_sampler_regs_only_warmup11_edge01_msb_20260524.ea_restart.metadata.json","1817","2026-05-24T16:02:33","75B88FE4313D2C6E2D5CC7D27775862C37CB5A9426C1D119C73B52E7E6381C05"
"data\hardware\20260511_fpga1_board1\restart\ea_restart_random1_sampler_regs_only_warmup11_edge01_msb_20260524\random1_sampler_regs_only_warmup11_edge01_msb_20260524.ea_restart.stderr.txt","89","2026-05-24T16:01:25","1594E5F8F73F2DCD73AD296FA678AD5C8F3B062B2BF3482D36896ECE68A8903F"
"data\hardware\20260511_fpga1_board1\restart\ea_restart_random1_sampler_regs_only_warmup11_edge01_msb_20260524\random1_sampler_regs_only_warmup11_edge01_msb_20260524.ea_restart.stdout.txt","113","2026-05-24T16:02:32","A85C68E634C26AEF2702DAC16C4965A3C48FC1355A9843F4BD6DBDEBB61EB0C7"
"data\hardware\20260511_fpga1_board1\restart\ea_restart_random1_sampler_regs_only_warmup11_edge01_msb_20260524\random1_sampler_regs_only_warmup11_edge01_msb_20260524.ea_restart.version.txt","1868","2026-05-24T16:01:25","EF3149174873195A054D879ED838FAE6E6EAF80E6C11A3DDD9A6549765C06A4A"
"data\hardware\20260511_fpga1_board1\restart\ea_restart_random1_sampler_regs_only_warmup11_repeat02_lsb_20260524\random1_sampler_regs_only_warmup11_repeat02_lsb_20260524.ea_restart.metadata.json","1833","2026-05-24T16:47:58","62BC75CB52E8C2BEE9D52BBAB260BB65F401C386C4D9AEF57D073868AB55606B"
"data\hardware\20260511_fpga1_board1\restart\ea_restart_random1_sampler_regs_only_warmup11_repeat02_lsb_20260524\random1_sampler_regs_only_warmup11_repeat02_lsb_20260524.ea_restart.stderr.txt","89","2026-05-24T16:46:33","1594E5F8F73F2DCD73AD296FA678AD5C8F3B062B2BF3482D36896ECE68A8903F"
"data\hardware\20260511_fpga1_board1\restart\ea_restart_random1_sampler_regs_only_warmup11_repeat02_lsb_20260524\random1_sampler_regs_only_warmup11_repeat02_lsb_20260524.ea_restart.stdout.txt","113","2026-05-24T16:47:57","5C564411446BDACD84A5068041F9DE35CC2BBEB02243D36605538269EAA6781B"
"data\hardware\20260511_fpga1_board1\restart\ea_restart_random1_sampler_regs_only_warmup11_repeat02_lsb_20260524\random1_sampler_regs_only_warmup11_repeat02_lsb_20260524.ea_restart.version.txt","1868","2026-05-24T16:46:33","EF3149174873195A054D879ED838FAE6E6EAF80E6C11A3DDD9A6549765C06A4A"
"data\hardware\20260511_fpga1_board1\restart\ea_restart_random1_sampler_regs_only_warmup11_repeat02_msb_20260524\random1_sampler_regs_only_warmup11_repeat02_msb_20260524.ea_restart.metadata.json","1833","2026-05-24T16:46:32","BE582A01C8E7F159E07213DA3AC853CD5BD499E9D08F24869859639864D7F33A"
"data\hardware\20260511_fpga1_board1\restart\ea_restart_random1_sampler_regs_only_warmup11_repeat02_msb_20260524\random1_sampler_regs_only_warmup11_repeat02_msb_20260524.ea_restart.stderr.txt","89","2026-05-24T16:45:16","1594E5F8F73F2DCD73AD296FA678AD5C8F3B062B2BF3482D36896ECE68A8903F"
"data\hardware\20260511_fpga1_board1\restart\ea_restart_random1_sampler_regs_only_warmup11_repeat02_msb_20260524\random1_sampler_regs_only_warmup11_repeat02_msb_20260524.ea_restart.stdout.txt","113","2026-05-24T16:46:30","5C564411446BDACD84A5068041F9DE35CC2BBEB02243D36605538269EAA6781B"
"data\hardware\20260511_fpga1_board1\restart\ea_restart_random1_sampler_regs_only_warmup11_repeat02_msb_20260524\random1_sampler_regs_only_warmup11_repeat02_msb_20260524.ea_restart.version.txt","1868","2026-05-24T16:45:15","EF3149174873195A054D879ED838FAE6E6EAF80E6C11A3DDD9A6549765C06A4A"
"data\hardware\20260511_fpga1_board1\restart\ea_restart_random1_sampler_regs_only_warmup12_run01_lsb_20260524\random1_sampler_regs_only_warmup12_run01_lsb_20260524.ea_restart.metadata.json","1810","2026-05-24T14:09:30","93E0E40DC42A03458BEF6D98460A3EC9397CFB88E36B6D3252D802089BE2C8D0"
"data\hardware\20260511_fpga1_board1\restart\ea_restart_random1_sampler_regs_only_warmup12_run01_lsb_20260524\random1_sampler_regs_only_warmup12_run01_lsb_20260524.ea_restart.stderr.txt","89","2026-05-24T14:07:43","1594E5F8F73F2DCD73AD296FA678AD5C8F3B062B2BF3482D36896ECE68A8903F"
"data\hardware\20260511_fpga1_board1\restart\ea_restart_random1_sampler_regs_only_warmup12_run01_lsb_20260524\random1_sampler_regs_only_warmup12_run01_lsb_20260524.ea_restart.stdout.txt","113","2026-05-24T14:09:30","19ADF0AB95AF2700E2D53A07E3B25A12F9F3FE3176142905569925E66E5422A1"
"data\hardware\20260511_fpga1_board1\restart\ea_restart_random1_sampler_regs_only_warmup12_run01_lsb_20260524\random1_sampler_regs_only_warmup12_run01_lsb_20260524.ea_restart.version.txt","1868","2026-05-24T14:07:42","EF3149174873195A054D879ED838FAE6E6EAF80E6C11A3DDD9A6549765C06A4A"
"data\hardware\20260511_fpga1_board1\restart\ea_restart_random1_sampler_regs_only_warmup12_run01_msb_20260524\random1_sampler_regs_only_warmup12_run01_msb_20260524.ea_restart.metadata.json","1809","2026-05-24T14:07:41","01D0F552D54FCFE65EA2109189882E82E2938B1256110EDF5C8ADA3E6A979D9D"
"data\hardware\20260511_fpga1_board1\restart\ea_restart_random1_sampler_regs_only_warmup12_run01_msb_20260524\random1_sampler_regs_only_warmup12_run01_msb_20260524.ea_restart.stderr.txt","89","2026-05-24T14:06:05","1594E5F8F73F2DCD73AD296FA678AD5C8F3B062B2BF3482D36896ECE68A8903F"
"data\hardware\20260511_fpga1_board1\restart\ea_restart_random1_sampler_regs_only_warmup12_run01_msb_20260524\random1_sampler_regs_only_warmup12_run01_msb_20260524.ea_restart.stdout.txt","113","2026-05-24T14:07:41","19ADF0AB95AF2700E2D53A07E3B25A12F9F3FE3176142905569925E66E5422A1"
"data\hardware\20260511_fpga1_board1\restart\ea_restart_random1_sampler_regs_only_warmup12_run01_msb_20260524\random1_sampler_regs_only_warmup12_run01_msb_20260524.ea_restart.version.txt","1868","2026-05-24T14:06:04","EF3149174873195A054D879ED838FAE6E6EAF80E6C11A3DDD9A6549765C06A4A"
"data\hardware\20260511_fpga1_board1\restart\ea_restart_random1_sampler_regs_only_warmup12_run02_lsb_20260524\random1_sampler_regs_only_warmup12_run02_lsb_20260524.ea_restart.metadata.json","1809","2026-05-24T14:25:20","ED51DCAE4C082076898F037FA3CD8CA77CDA774D5770136A0D7C6A0A70462413"
"data\hardware\20260511_fpga1_board1\restart\ea_restart_random1_sampler_regs_only_warmup12_run02_lsb_20260524\random1_sampler_regs_only_warmup12_run02_lsb_20260524.ea_restart.stderr.txt","89","2026-05-24T14:24:09","1594E5F8F73F2DCD73AD296FA678AD5C8F3B062B2BF3482D36896ECE68A8903F"
"data\hardware\20260511_fpga1_board1\restart\ea_restart_random1_sampler_regs_only_warmup12_run02_lsb_20260524\random1_sampler_regs_only_warmup12_run02_lsb_20260524.ea_restart.stdout.txt","113","2026-05-24T14:25:19","722BA3C0AA226AB83700F01AF0D9C3B9765FC7E611B360A2013D26F3264861C1"
"data\hardware\20260511_fpga1_board1\restart\ea_restart_random1_sampler_regs_only_warmup12_run02_lsb_20260524\random1_sampler_regs_only_warmup12_run02_lsb_20260524.ea_restart.version.txt","1868","2026-05-24T14:24:09","EF3149174873195A054D879ED838FAE6E6EAF80E6C11A3DDD9A6549765C06A4A"
"data\hardware\20260511_fpga1_board1\restart\ea_restart_random1_sampler_regs_only_warmup12_run02_msb_20260524\random1_sampler_regs_only_warmup12_run02_msb_20260524.ea_restart.metadata.json","1809","2026-05-24T14:24:09","4C0AF070542CF43B90B8261E091B4DE19C9FC544AF64779873F51E1FEF0F3B7C"
"data\hardware\20260511_fpga1_board1\restart\ea_restart_random1_sampler_regs_only_warmup12_run02_msb_20260524\random1_sampler_regs_only_warmup12_run02_msb_20260524.ea_restart.stderr.txt","89","2026-05-24T14:22:58","1594E5F8F73F2DCD73AD296FA678AD5C8F3B062B2BF3482D36896ECE68A8903F"
"data\hardware\20260511_fpga1_board1\restart\ea_restart_random1_sampler_regs_only_warmup12_run02_msb_20260524\random1_sampler_regs_only_warmup12_run02_msb_20260524.ea_restart.stdout.txt","113","2026-05-24T14:24:08","722BA3C0AA226AB83700F01AF0D9C3B9765FC7E611B360A2013D26F3264861C1"
"data\hardware\20260511_fpga1_board1\restart\ea_restart_random1_sampler_regs_only_warmup12_run02_msb_20260524\random1_sampler_regs_only_warmup12_run02_msb_20260524.ea_restart.version.txt","1868","2026-05-24T14:22:58","EF3149174873195A054D879ED838FAE6E6EAF80E6C11A3DDD9A6549765C06A4A"
"data\hardware\20260511_fpga1_board1\restart\ea_restart_random1_sampler_regs_only_warmup16_sweep01_lsb_20260524\random1_sampler_regs_only_warmup16_sweep01_lsb_20260524.ea_restart.metadata.json","1825","2026-05-24T15:15:51","2CD59C3E9481211154BCD02D42769097383EE39F34CDE0F568E16D2D4F5318A7"
"data\hardware\20260511_fpga1_board1\restart\ea_restart_random1_sampler_regs_only_warmup16_sweep01_lsb_20260524\random1_sampler_regs_only_warmup16_sweep01_lsb_20260524.ea_restart.stderr.txt","89","2026-05-24T15:14:36","1594E5F8F73F2DCD73AD296FA678AD5C8F3B062B2BF3482D36896ECE68A8903F"
"data\hardware\20260511_fpga1_board1\restart\ea_restart_random1_sampler_regs_only_warmup16_sweep01_lsb_20260524\random1_sampler_regs_only_warmup16_sweep01_lsb_20260524.ea_restart.stdout.txt","113","2026-05-24T15:15:50","8799390B3532F890A6A443294693176AFEB9EBB0F69DBE5AC8A845AB8626E4BF"
"data\hardware\20260511_fpga1_board1\restart\ea_restart_random1_sampler_regs_only_warmup16_sweep01_lsb_20260524\random1_sampler_regs_only_warmup16_sweep01_lsb_20260524.ea_restart.version.txt","1868","2026-05-24T15:14:36","EF3149174873195A054D879ED838FAE6E6EAF80E6C11A3DDD9A6549765C06A4A"
"data\hardware\20260511_fpga1_board1\restart\ea_restart_random1_sampler_regs_only_warmup16_sweep01_msb_20260524\random1_sampler_regs_only_warmup16_sweep01_msb_20260524.ea_restart.metadata.json","1825","2026-05-24T15:14:35","4DFFB547DCA34609D6D6329E429A130DC80D75B6DB716E351D4918D4744F33EF"
"data\hardware\20260511_fpga1_board1\restart\ea_restart_random1_sampler_regs_only_warmup16_sweep01_msb_20260524\random1_sampler_regs_only_warmup16_sweep01_msb_20260524.ea_restart.stderr.txt","89","2026-05-24T15:13:38","1594E5F8F73F2DCD73AD296FA678AD5C8F3B062B2BF3482D36896ECE68A8903F"
"data\hardware\20260511_fpga1_board1\restart\ea_restart_random1_sampler_regs_only_warmup16_sweep01_msb_20260524\random1_sampler_regs_only_warmup16_sweep01_msb_20260524.ea_restart.stdout.txt","113","2026-05-24T15:14:34","8799390B3532F890A6A443294693176AFEB9EBB0F69DBE5AC8A845AB8626E4BF"
"data\hardware\20260511_fpga1_board1\restart\ea_restart_random1_sampler_regs_only_warmup16_sweep01_msb_20260524\random1_sampler_regs_only_warmup16_sweep01_msb_20260524.ea_restart.version.txt","1868","2026-05-24T15:13:38","EF3149174873195A054D879ED838FAE6E6EAF80E6C11A3DDD9A6549765C06A4A"
"data\hardware\20260511_fpga1_board1\restart\ea_restart_random1_sampler_regs_only_warmup4_repeat02_lsb_20260524\random1_sampler_regs_only_warmup4_repeat02_lsb_20260524.ea_restart.metadata.json","1825","2026-05-24T16:17:35","9D5E29F2986446735FA6E1FAB1D5F607FE7A23718504C197D944B58342BF7BEB"
"data\hardware\20260511_fpga1_board1\restart\ea_restart_random1_sampler_regs_only_warmup4_repeat02_lsb_20260524\random1_sampler_regs_only_warmup4_repeat02_lsb_20260524.ea_restart.stderr.txt","89","2026-05-24T16:16:35","1594E5F8F73F2DCD73AD296FA678AD5C8F3B062B2BF3482D36896ECE68A8903F"
"data\hardware\20260511_fpga1_board1\restart\ea_restart_random1_sampler_regs_only_warmup4_repeat02_lsb_20260524\random1_sampler_regs_only_warmup4_repeat02_lsb_20260524.ea_restart.stdout.txt","113","2026-05-24T16:17:35","CBA95F05CB4D5231CF3C365A8285C5CE3176E1F70CDD6A6B3E8CCBC238201604"
"data\hardware\20260511_fpga1_board1\restart\ea_restart_random1_sampler_regs_only_warmup4_repeat02_lsb_20260524\random1_sampler_regs_only_warmup4_repeat02_lsb_20260524.ea_restart.version.txt","1868","2026-05-24T16:16:35","EF3149174873195A054D879ED838FAE6E6EAF80E6C11A3DDD9A6549765C06A4A"
"data\hardware\20260511_fpga1_board1\restart\ea_restart_random1_sampler_regs_only_warmup4_repeat02_msb_20260524\random1_sampler_regs_only_warmup4_repeat02_msb_20260524.ea_restart.metadata.json","1826","2026-05-24T16:16:34","B0572A6BD9B9C407F766DF3923F789139D03F90B14D42B85CAB3049569994FB4"
"data\hardware\20260511_fpga1_board1\restart\ea_restart_random1_sampler_regs_only_warmup4_repeat02_msb_20260524\random1_sampler_regs_only_warmup4_repeat02_msb_20260524.ea_restart.stderr.txt","89","2026-05-24T16:14:47","1594E5F8F73F2DCD73AD296FA678AD5C8F3B062B2BF3482D36896ECE68A8903F"
"data\hardware\20260511_fpga1_board1\restart\ea_restart_random1_sampler_regs_only_warmup4_repeat02_msb_20260524\random1_sampler_regs_only_warmup4_repeat02_msb_20260524.ea_restart.stdout.txt","113","2026-05-24T16:16:33","CBA95F05CB4D5231CF3C365A8285C5CE3176E1F70CDD6A6B3E8CCBC238201604"
"data\hardware\20260511_fpga1_board1\restart\ea_restart_random1_sampler_regs_only_warmup4_repeat02_msb_20260524\random1_sampler_regs_only_warmup4_repeat02_msb_20260524.ea_restart.version.txt","1868","2026-05-24T16:14:46","EF3149174873195A054D879ED838FAE6E6EAF80E6C11A3DDD9A6549765C06A4A"
"data\hardware\20260511_fpga1_board1\restart\ea_restart_random1_sampler_regs_only_warmup4_sweep01_lsb_20260524\random1_sampler_regs_only_warmup4_sweep01_lsb_20260524.ea_restart.metadata.json","1817","2026-05-24T15:02:05","AC69D59787AADEA87B2685EE0C65A3A63E655E13ECE8E8B3AC3B29727DC8B8A3"
"data\hardware\20260511_fpga1_board1\restart\ea_restart_random1_sampler_regs_only_warmup4_sweep01_lsb_20260524\random1_sampler_regs_only_warmup4_sweep01_lsb_20260524.ea_restart.stderr.txt","89","2026-05-24T15:00:39","1594E5F8F73F2DCD73AD296FA678AD5C8F3B062B2BF3482D36896ECE68A8903F"
"data\hardware\20260511_fpga1_board1\restart\ea_restart_random1_sampler_regs_only_warmup4_sweep01_lsb_20260524\random1_sampler_regs_only_warmup4_sweep01_lsb_20260524.ea_restart.stdout.txt","113","2026-05-24T15:02:05","C85A45FB3FD23FFA046DB3FB0F17C495D510481062D9D8383FA1F5BBE0D710E1"
"data\hardware\20260511_fpga1_board1\restart\ea_restart_random1_sampler_regs_only_warmup4_sweep01_lsb_20260524\random1_sampler_regs_only_warmup4_sweep01_lsb_20260524.ea_restart.version.txt","1868","2026-05-24T15:00:39","EF3149174873195A054D879ED838FAE6E6EAF80E6C11A3DDD9A6549765C06A4A"
"data\hardware\20260511_fpga1_board1\restart\ea_restart_random1_sampler_regs_only_warmup4_sweep01_msb_20260524\random1_sampler_regs_only_warmup4_sweep01_msb_20260524.ea_restart.metadata.json","1817","2026-05-24T15:00:39","7290B4FB8507AFDC16DE76B13CEA9C8174E96226DAB623C143613E8DAA0720F0"
"data\hardware\20260511_fpga1_board1\restart\ea_restart_random1_sampler_regs_only_warmup4_sweep01_msb_20260524\random1_sampler_regs_only_warmup4_sweep01_msb_20260524.ea_restart.stderr.txt","89","2026-05-24T14:59:15","1594E5F8F73F2DCD73AD296FA678AD5C8F3B062B2BF3482D36896ECE68A8903F"
"data\hardware\20260511_fpga1_board1\restart\ea_restart_random1_sampler_regs_only_warmup4_sweep01_msb_20260524\random1_sampler_regs_only_warmup4_sweep01_msb_20260524.ea_restart.stdout.txt","113","2026-05-24T15:00:38","C85A45FB3FD23FFA046DB3FB0F17C495D510481062D9D8383FA1F5BBE0D710E1"
"data\hardware\20260511_fpga1_board1\restart\ea_restart_random1_sampler_regs_only_warmup4_sweep01_msb_20260524\random1_sampler_regs_only_warmup4_sweep01_msb_20260524.ea_restart.version.txt","1868","2026-05-24T14:59:15","EF3149174873195A054D879ED838FAE6E6EAF80E6C11A3DDD9A6549765C06A4A"
"data\hardware\20260511_fpga1_board1\restart\ea_restart_random1_sampler_regs_only_warmup5_edge01_lsb_20260524\random1_sampler_regs_only_warmup5_edge01_lsb_20260524.ea_restart.metadata.json","1808","2026-05-24T15:56:56","1A332603B461E9D6592A5A0B4751F7E94FC18E6C87F36FA8B6124EA25F2B1B97"
"data\hardware\20260511_fpga1_board1\restart\ea_restart_random1_sampler_regs_only_warmup5_edge01_lsb_20260524\random1_sampler_regs_only_warmup5_edge01_lsb_20260524.ea_restart.stderr.txt","89","2026-05-24T15:55:50","1594E5F8F73F2DCD73AD296FA678AD5C8F3B062B2BF3482D36896ECE68A8903F"
"data\hardware\20260511_fpga1_board1\restart\ea_restart_random1_sampler_regs_only_warmup5_edge01_lsb_20260524\random1_sampler_regs_only_warmup5_edge01_lsb_20260524.ea_restart.stdout.txt","415","2026-05-24T15:56:55","519AFC043F0102AB9D4E0DCF8590AA4903F769E068C18155C6871005650BCCC9"
"data\hardware\20260511_fpga1_board1\restart\ea_restart_random1_sampler_regs_only_warmup5_edge01_lsb_20260524\random1_sampler_regs_only_warmup5_edge01_lsb_20260524.ea_restart.version.txt","1868","2026-05-24T15:55:50","EF3149174873195A054D879ED838FAE6E6EAF80E6C11A3DDD9A6549765C06A4A"
"data\hardware\20260511_fpga1_board1\restart\ea_restart_random1_sampler_regs_only_warmup5_edge01_msb_20260524\random1_sampler_regs_only_warmup5_edge01_msb_20260524.ea_restart.metadata.json","1808","2026-05-24T15:55:49","7826C5EE337F70C624D7BE9584924F39CCF5F5D14CE7693E0B802DA22911165E"
"data\hardware\20260511_fpga1_board1\restart\ea_restart_random1_sampler_regs_only_warmup5_edge01_msb_20260524\random1_sampler_regs_only_warmup5_edge01_msb_20260524.ea_restart.stderr.txt","89","2026-05-24T15:54:52","1594E5F8F73F2DCD73AD296FA678AD5C8F3B062B2BF3482D36896ECE68A8903F"
"data\hardware\20260511_fpga1_board1\restart\ea_restart_random1_sampler_regs_only_warmup5_edge01_msb_20260524\random1_sampler_regs_only_warmup5_edge01_msb_20260524.ea_restart.stdout.txt","415","2026-05-24T15:55:49","300F8EEA1B952B25F95319534473296079E11C6DDC4D43E648D28E6EB7319FBB"
"data\hardware\20260511_fpga1_board1\restart\ea_restart_random1_sampler_regs_only_warmup5_edge01_msb_20260524\random1_sampler_regs_only_warmup5_edge01_msb_20260524.ea_restart.version.txt","1868","2026-05-24T15:54:52","EF3149174873195A054D879ED838FAE6E6EAF80E6C11A3DDD9A6549765C06A4A"
"data\hardware\20260511_fpga1_board1\restart\ea_restart_random1_sampler_regs_only_warmup5_repeat02_lsb_20260524\random1_sampler_regs_only_warmup5_repeat02_lsb_20260524.ea_restart.metadata.json","1824","2026-05-24T16:23:51","47F979B445CC6AAC7634E7011D5444972A5C5DD75124BFC92FF5A571BB306E0E"
"data\hardware\20260511_fpga1_board1\restart\ea_restart_random1_sampler_regs_only_warmup5_repeat02_lsb_20260524\random1_sampler_regs_only_warmup5_repeat02_lsb_20260524.ea_restart.stderr.txt","89","2026-05-24T16:22:42","1594E5F8F73F2DCD73AD296FA678AD5C8F3B062B2BF3482D36896ECE68A8903F"
"data\hardware\20260511_fpga1_board1\restart\ea_restart_random1_sampler_regs_only_warmup5_repeat02_lsb_20260524\random1_sampler_regs_only_warmup5_repeat02_lsb_20260524.ea_restart.stdout.txt","415","2026-05-24T16:23:51","3D74A68AB1457C4A5EF3AF629F847006CBD7E57C6D88565082209438BAFF3168"
"data\hardware\20260511_fpga1_board1\restart\ea_restart_random1_sampler_regs_only_warmup5_repeat02_lsb_20260524\random1_sampler_regs_only_warmup5_repeat02_lsb_20260524.ea_restart.version.txt","1868","2026-05-24T16:22:42","EF3149174873195A054D879ED838FAE6E6EAF80E6C11A3DDD9A6549765C06A4A"
"data\hardware\20260511_fpga1_board1\restart\ea_restart_random1_sampler_regs_only_warmup5_repeat02_msb_20260524\random1_sampler_regs_only_warmup5_repeat02_msb_20260524.ea_restart.metadata.json","1824","2026-05-24T16:22:40","258FDE04E439A95E3449AED3CEE5243657F9BE80230868CCB6BEEC22D4A9405F"
"data\hardware\20260511_fpga1_board1\restart\ea_restart_random1_sampler_regs_only_warmup5_repeat02_msb_20260524\random1_sampler_regs_only_warmup5_repeat02_msb_20260524.ea_restart.stderr.txt","89","2026-05-24T16:21:44","1594E5F8F73F2DCD73AD296FA678AD5C8F3B062B2BF3482D36896ECE68A8903F"
"data\hardware\20260511_fpga1_board1\restart\ea_restart_random1_sampler_regs_only_warmup5_repeat02_msb_20260524\random1_sampler_regs_only_warmup5_repeat02_msb_20260524.ea_restart.stdout.txt","415","2026-05-24T16:22:39","C1E386CB8BC2FED657B2DE24CBB0940A7C3C345CB74F32505F3CB34210CF127B"
"data\hardware\20260511_fpga1_board1\restart\ea_restart_random1_sampler_regs_only_warmup5_repeat02_msb_20260524\random1_sampler_regs_only_warmup5_repeat02_msb_20260524.ea_restart.version.txt","1868","2026-05-24T16:21:44","EF3149174873195A054D879ED838FAE6E6EAF80E6C11A3DDD9A6549765C06A4A"
"data\hardware\20260511_fpga1_board1\restart\ea_restart_random1_sampler_regs_only_warmup6_passband01_lsb_20260524\random1_sampler_regs_only_warmup6_passband01_lsb_20260524.ea_restart.metadata.json","1840","2026-05-24T15:29:57","88B6A05560D84B5BB9D3C42ED7EB119555B1C5182D23D834F2A62F37574ECE49"
"data\hardware\20260511_fpga1_board1\restart\ea_restart_random1_sampler_regs_only_warmup6_passband01_lsb_20260524\random1_sampler_regs_only_warmup6_passband01_lsb_20260524.ea_restart.stderr.txt","89","2026-05-24T15:28:43","1594E5F8F73F2DCD73AD296FA678AD5C8F3B062B2BF3482D36896ECE68A8903F"
"data\hardware\20260511_fpga1_board1\restart\ea_restart_random1_sampler_regs_only_warmup6_passband01_lsb_20260524\random1_sampler_regs_only_warmup6_passband01_lsb_20260524.ea_restart.stdout.txt","415","2026-05-24T15:29:56","C9F74D24049C0E1D738FCD17E07A8ACFED23CA59FD1DDF9080E93672EAD5C111"
"data\hardware\20260511_fpga1_board1\restart\ea_restart_random1_sampler_regs_only_warmup6_passband01_lsb_20260524\random1_sampler_regs_only_warmup6_passband01_lsb_20260524.ea_restart.version.txt","1868","2026-05-24T15:28:43","EF3149174873195A054D879ED838FAE6E6EAF80E6C11A3DDD9A6549765C06A4A"
"data\hardware\20260511_fpga1_board1\restart\ea_restart_random1_sampler_regs_only_warmup6_passband01_msb_20260524\random1_sampler_regs_only_warmup6_passband01_msb_20260524.ea_restart.metadata.json","1840","2026-05-24T15:28:42","9507462E9937649EA7EBC42AF26F027F89DD27AD2D393581D19CEF8753849B28"
"data\hardware\20260511_fpga1_board1\restart\ea_restart_random1_sampler_regs_only_warmup6_passband01_msb_20260524\random1_sampler_regs_only_warmup6_passband01_msb_20260524.ea_restart.stderr.txt","89","2026-05-24T15:27:23","1594E5F8F73F2DCD73AD296FA678AD5C8F3B062B2BF3482D36896ECE68A8903F"
"data\hardware\20260511_fpga1_board1\restart\ea_restart_random1_sampler_regs_only_warmup6_passband01_msb_20260524\random1_sampler_regs_only_warmup6_passband01_msb_20260524.ea_restart.stdout.txt","415","2026-05-24T15:28:41","723983851AF161515A78259B9CD5EEE3244845A813E8D0C90CEA8980A10AC76F"
"data\hardware\20260511_fpga1_board1\restart\ea_restart_random1_sampler_regs_only_warmup6_passband01_msb_20260524\random1_sampler_regs_only_warmup6_passband01_msb_20260524.ea_restart.version.txt","1868","2026-05-24T15:27:23","EF3149174873195A054D879ED838FAE6E6EAF80E6C11A3DDD9A6549765C06A4A"
"data\hardware\20260511_fpga1_board1\restart\ea_restart_random1_sampler_regs_only_warmup6_repeat02_lsb_20260524\random1_sampler_regs_only_warmup6_repeat02_lsb_20260524.ea_restart.metadata.json","1824","2026-05-24T16:30:49","0E6B2ED740ADF33D57698A0E9DC5C3F67D0ED46ED15CF9E4C789E5E91D7EEA28"
"data\hardware\20260511_fpga1_board1\restart\ea_restart_random1_sampler_regs_only_warmup6_repeat02_lsb_20260524\random1_sampler_regs_only_warmup6_repeat02_lsb_20260524.ea_restart.stderr.txt","89","2026-05-24T16:29:34","1594E5F8F73F2DCD73AD296FA678AD5C8F3B062B2BF3482D36896ECE68A8903F"
"data\hardware\20260511_fpga1_board1\restart\ea_restart_random1_sampler_regs_only_warmup6_repeat02_lsb_20260524\random1_sampler_regs_only_warmup6_repeat02_lsb_20260524.ea_restart.stdout.txt","415","2026-05-24T16:30:48","9FA02A0D96744C75BC3F2C9B038C15CC19E8BE45CFE4D87057A32E10CA499ABF"
"data\hardware\20260511_fpga1_board1\restart\ea_restart_random1_sampler_regs_only_warmup6_repeat02_lsb_20260524\random1_sampler_regs_only_warmup6_repeat02_lsb_20260524.ea_restart.version.txt","1868","2026-05-24T16:29:34","EF3149174873195A054D879ED838FAE6E6EAF80E6C11A3DDD9A6549765C06A4A"
"data\hardware\20260511_fpga1_board1\restart\ea_restart_random1_sampler_regs_only_warmup6_repeat02_msb_20260524\random1_sampler_regs_only_warmup6_repeat02_msb_20260524.ea_restart.metadata.json","1824","2026-05-24T16:29:33","F188FDE20BDBF9DA642FBADE9A7BBDCC77623DC3FA0FBF2D79E8967266DD6D33"
"data\hardware\20260511_fpga1_board1\restart\ea_restart_random1_sampler_regs_only_warmup6_repeat02_msb_20260524\random1_sampler_regs_only_warmup6_repeat02_msb_20260524.ea_restart.stderr.txt","89","2026-05-24T16:28:19","1594E5F8F73F2DCD73AD296FA678AD5C8F3B062B2BF3482D36896ECE68A8903F"
"data\hardware\20260511_fpga1_board1\restart\ea_restart_random1_sampler_regs_only_warmup6_repeat02_msb_20260524\random1_sampler_regs_only_warmup6_repeat02_msb_20260524.ea_restart.stdout.txt","415","2026-05-24T16:29:32","BD64B49774A10F0ACAC4FC564E1A8AF04D04C33A9CB5C21020189DF0E50DE127"
"data\hardware\20260511_fpga1_board1\restart\ea_restart_random1_sampler_regs_only_warmup6_repeat02_msb_20260524\random1_sampler_regs_only_warmup6_repeat02_msb_20260524.ea_restart.version.txt","1868","2026-05-24T16:28:19","EF3149174873195A054D879ED838FAE6E6EAF80E6C11A3DDD9A6549765C06A4A"
"data\hardware\20260511_fpga1_board1\restart\ea_restart_random1_sampler_regs_only_warmup8_repeat02_lsb_20260524\random1_sampler_regs_only_warmup8_repeat02_lsb_20260524.ea_restart.metadata.json","1824","2026-05-24T15:36:51","0928DBDEAFB6AF518614D0C0386A3A207F7428DEF71EA2297ED40320AD91E06D"
"data\hardware\20260511_fpga1_board1\restart\ea_restart_random1_sampler_regs_only_warmup8_repeat02_lsb_20260524\random1_sampler_regs_only_warmup8_repeat02_lsb_20260524.ea_restart.stderr.txt","89","2026-05-24T15:35:34","1594E5F8F73F2DCD73AD296FA678AD5C8F3B062B2BF3482D36896ECE68A8903F"
"data\hardware\20260511_fpga1_board1\restart\ea_restart_random1_sampler_regs_only_warmup8_repeat02_lsb_20260524\random1_sampler_regs_only_warmup8_repeat02_lsb_20260524.ea_restart.stdout.txt","415","2026-05-24T15:36:50","C252EC4FB57112729F7FD0316E289D49DF38E87836A9FF1578C91119F8C39CD8"
"data\hardware\20260511_fpga1_board1\restart\ea_restart_random1_sampler_regs_only_warmup8_repeat02_lsb_20260524\random1_sampler_regs_only_warmup8_repeat02_lsb_20260524.ea_restart.version.txt","1868","2026-05-24T15:35:33","EF3149174873195A054D879ED838FAE6E6EAF80E6C11A3DDD9A6549765C06A4A"
"data\hardware\20260511_fpga1_board1\restart\ea_restart_random1_sampler_regs_only_warmup8_repeat02_msb_20260524\random1_sampler_regs_only_warmup8_repeat02_msb_20260524.ea_restart.metadata.json","1823","2026-05-24T15:35:32","1D5AC8D912D7B6E0AE32B92C3B712A6357910BD4C7AA1619CA2E77EBEDE013E6"
"data\hardware\20260511_fpga1_board1\restart\ea_restart_random1_sampler_regs_only_warmup8_repeat02_msb_20260524\random1_sampler_regs_only_warmup8_repeat02_msb_20260524.ea_restart.stderr.txt","89","2026-05-24T15:34:16","1594E5F8F73F2DCD73AD296FA678AD5C8F3B062B2BF3482D36896ECE68A8903F"
"data\hardware\20260511_fpga1_board1\restart\ea_restart_random1_sampler_regs_only_warmup8_repeat02_msb_20260524\random1_sampler_regs_only_warmup8_repeat02_msb_20260524.ea_restart.stdout.txt","415","2026-05-24T15:35:31","6439BC49045CFBB5E17092FDB951E951A90BE89211BF4E6FEEFC6FC7B85F9B9A"
"data\hardware\20260511_fpga1_board1\restart\ea_restart_random1_sampler_regs_only_warmup8_repeat02_msb_20260524\random1_sampler_regs_only_warmup8_repeat02_msb_20260524.ea_restart.version.txt","1868","2026-05-24T15:34:16","EF3149174873195A054D879ED838FAE6E6EAF80E6C11A3DDD9A6549765C06A4A"
"data\hardware\20260511_fpga1_board1\restart\ea_restart_random1_sampler_regs_only_warmup8_sweep01_lsb_20260524\random1_sampler_regs_only_warmup8_sweep01_lsb_20260524.ea_restart.metadata.json","1816","2026-05-24T15:09:27","14423723EEF387B407451D90CCEAEA0F0DA87B4B1671D6C32465BB835C86D319"
"data\hardware\20260511_fpga1_board1\restart\ea_restart_random1_sampler_regs_only_warmup8_sweep01_lsb_20260524\random1_sampler_regs_only_warmup8_sweep01_lsb_20260524.ea_restart.stderr.txt","89","2026-05-24T15:08:21","1594E5F8F73F2DCD73AD296FA678AD5C8F3B062B2BF3482D36896ECE68A8903F"
"data\hardware\20260511_fpga1_board1\restart\ea_restart_random1_sampler_regs_only_warmup8_sweep01_lsb_20260524\random1_sampler_regs_only_warmup8_sweep01_lsb_20260524.ea_restart.stdout.txt","415","2026-05-24T15:09:27","40FF4AE57933D5861BF5D973BC6533BEF06064A56F7B9FE9C12BF8DAA20A5123"
"data\hardware\20260511_fpga1_board1\restart\ea_restart_random1_sampler_regs_only_warmup8_sweep01_lsb_20260524\random1_sampler_regs_only_warmup8_sweep01_lsb_20260524.ea_restart.version.txt","1868","2026-05-24T15:08:20","EF3149174873195A054D879ED838FAE6E6EAF80E6C11A3DDD9A6549765C06A4A"
"data\hardware\20260511_fpga1_board1\restart\ea_restart_random1_sampler_regs_only_warmup8_sweep01_msb_20260524\random1_sampler_regs_only_warmup8_sweep01_msb_20260524.ea_restart.metadata.json","1816","2026-05-24T15:08:19","387C5DEAEA390558CFADC17660FC8E541C43EB4B9BD198AD3BC4B41C3BC7A2BA"
"data\hardware\20260511_fpga1_board1\restart\ea_restart_random1_sampler_regs_only_warmup8_sweep01_msb_20260524\random1_sampler_regs_only_warmup8_sweep01_msb_20260524.ea_restart.stderr.txt","89","2026-05-24T15:06:51","1594E5F8F73F2DCD73AD296FA678AD5C8F3B062B2BF3482D36896ECE68A8903F"
"data\hardware\20260511_fpga1_board1\restart\ea_restart_random1_sampler_regs_only_warmup8_sweep01_msb_20260524\random1_sampler_regs_only_warmup8_sweep01_msb_20260524.ea_restart.stdout.txt","415","2026-05-24T15:08:18","EB2B82D085A5183F468E03158F5E8AC8CD5C8FCF356CF3477FF428A1529F2A17"
"data\hardware\20260511_fpga1_board1\restart\ea_restart_random1_sampler_regs_only_warmup8_sweep01_msb_20260524\random1_sampler_regs_only_warmup8_sweep01_msb_20260524.ea_restart.version.txt","1868","2026-05-24T15:06:51","EF3149174873195A054D879ED838FAE6E6EAF80E6C11A3DDD9A6549765C06A4A"
"data\hardware\20260511_fpga1_board1\restart\ea_restart_random1_warmup11_contrast01_20260522_lsb_20260515\random1_warmup11_contrast01_20260522_lsb_20260515.ea_restart.metadata.json","1758","2026-05-22T08:23:01","F6749E8C196A5B3B6231E3B3CE26866584A508404A5B0E3D1440426775CB697A"
"data\hardware\20260511_fpga1_board1\restart\ea_restart_random1_warmup11_contrast01_20260522_lsb_20260515\random1_warmup11_contrast01_20260522_lsb_20260515.ea_restart.stderr.txt","89","2026-05-22T08:21:26","1594E5F8F73F2DCD73AD296FA678AD5C8F3B062B2BF3482D36896ECE68A8903F"
"data\hardware\20260511_fpga1_board1\restart\ea_restart_random1_warmup11_contrast01_20260522_lsb_20260515\random1_warmup11_contrast01_20260522_lsb_20260515.ea_restart.stdout.txt","415","2026-05-22T08:23:01","14D02813C37672141CE426A9825B1A3C322BE2E0051A4D5B2A8A5C7DC3FED3A9"
"data\hardware\20260511_fpga1_board1\restart\ea_restart_random1_warmup11_contrast01_20260522_lsb_20260515\random1_warmup11_contrast01_20260522_lsb_20260515.ea_restart.version.txt","1868","2026-05-22T08:21:26","EF3149174873195A054D879ED838FAE6E6EAF80E6C11A3DDD9A6549765C06A4A"
"data\hardware\20260511_fpga1_board1\restart\ea_restart_random1_warmup11_contrast01_20260522_msb_20260515\random1_warmup11_contrast01_20260522_msb_20260515.ea_restart.metadata.json","1758","2026-05-22T08:21:25","DECE4619CFBA75F958FEE5B10E30DBBEE6270C9E1795C9DCA913FEA31C8AB39F"
"data\hardware\20260511_fpga1_board1\restart\ea_restart_random1_warmup11_contrast01_20260522_msb_20260515\random1_warmup11_contrast01_20260522_msb_20260515.ea_restart.stderr.txt","89","2026-05-22T08:19:53","1594E5F8F73F2DCD73AD296FA678AD5C8F3B062B2BF3482D36896ECE68A8903F"
"data\hardware\20260511_fpga1_board1\restart\ea_restart_random1_warmup11_contrast01_20260522_msb_20260515\random1_warmup11_contrast01_20260522_msb_20260515.ea_restart.stdout.txt","415","2026-05-22T08:21:24","5B35F7B397493726E5241CAAABD68EDC8F776F4CF5692EFDBD8B4B27E8B872E4"
"data\hardware\20260511_fpga1_board1\restart\ea_restart_random1_warmup11_contrast01_20260522_msb_20260515\random1_warmup11_contrast01_20260522_msb_20260515.ea_restart.version.txt","1868","2026-05-22T08:19:53","EF3149174873195A054D879ED838FAE6E6EAF80E6C11A3DDD9A6549765C06A4A"
"data\hardware\20260511_fpga1_board1\restart\ea_restart_random1_warmup12_contrast01_20260522_lsb_20260515\random1_warmup12_contrast01_20260522_lsb_20260515.ea_restart.metadata.json","1758","2026-05-22T08:31:27","9ED33327A4959ED06C0DD159664120E7AF219B3A466A70FD41680632C9710692"
"data\hardware\20260511_fpga1_board1\restart\ea_restart_random1_warmup12_contrast01_20260522_lsb_20260515\random1_warmup12_contrast01_20260522_lsb_20260515.ea_restart.stderr.txt","89","2026-05-22T08:30:08","1594E5F8F73F2DCD73AD296FA678AD5C8F3B062B2BF3482D36896ECE68A8903F"
"data\hardware\20260511_fpga1_board1\restart\ea_restart_random1_warmup12_contrast01_20260522_lsb_20260515\random1_warmup12_contrast01_20260522_lsb_20260515.ea_restart.stdout.txt","415","2026-05-22T08:31:26","9EDF2DB8B9EB8D68732776D4AD8168AF4C62350D6FEFB8B022DCDFC18B9FE5A9"
"data\hardware\20260511_fpga1_board1\restart\ea_restart_random1_warmup12_contrast01_20260522_lsb_20260515\random1_warmup12_contrast01_20260522_lsb_20260515.ea_restart.version.txt","1868","2026-05-22T08:30:08","EF3149174873195A054D879ED838FAE6E6EAF80E6C11A3DDD9A6549765C06A4A"
"data\hardware\20260511_fpga1_board1\restart\ea_restart_random1_warmup12_contrast01_20260522_msb_20260515\random1_warmup12_contrast01_20260522_msb_20260515.ea_restart.metadata.json","1758","2026-05-22T08:30:08","CB4928C535CDAD969CF81DC080E8A311AE74079DC2CE6F32CE013AB9B0B1C0CE"
"data\hardware\20260511_fpga1_board1\restart\ea_restart_random1_warmup12_contrast01_20260522_msb_20260515\random1_warmup12_contrast01_20260522_msb_20260515.ea_restart.stderr.txt","89","2026-05-22T08:28:47","1594E5F8F73F2DCD73AD296FA678AD5C8F3B062B2BF3482D36896ECE68A8903F"
"data\hardware\20260511_fpga1_board1\restart\ea_restart_random1_warmup12_contrast01_20260522_msb_20260515\random1_warmup12_contrast01_20260522_msb_20260515.ea_restart.stdout.txt","415","2026-05-22T08:30:07","B02E019439640D770E40C516811964DF6D160B0E73A3A94956343F87BE642CFF"
"data\hardware\20260511_fpga1_board1\restart\ea_restart_random1_warmup12_contrast01_20260522_msb_20260515\random1_warmup12_contrast01_20260522_msb_20260515.ea_restart.version.txt","1868","2026-05-22T08:28:47","EF3149174873195A054D879ED838FAE6E6EAF80E6C11A3DDD9A6549765C06A4A"
"data\hardware\20260511_fpga1_board1\restart\ea_restart_random1_warmup8_contrast01_20260522_lsb_20260515\random1_warmup8_contrast01_20260522_lsb_20260515.ea_restart.metadata.json","1750","2026-05-22T08:14:16","F32870F212DC0B2E5D170461241B051DA6EB2859834AA0D526183DF3E477FFFD"
"data\hardware\20260511_fpga1_board1\restart\ea_restart_random1_warmup8_contrast01_20260522_lsb_20260515\random1_warmup8_contrast01_20260522_lsb_20260515.ea_restart.stderr.txt","89","2026-05-22T08:12:56","1594E5F8F73F2DCD73AD296FA678AD5C8F3B062B2BF3482D36896ECE68A8903F"
"data\hardware\20260511_fpga1_board1\restart\ea_restart_random1_warmup8_contrast01_20260522_lsb_20260515\random1_warmup8_contrast01_20260522_lsb_20260515.ea_restart.stdout.txt","415","2026-05-22T08:14:16","4349B6D8260D089889E03D7AF3F83AA12AFE819A551DF8A230519E4E466865E3"
"data\hardware\20260511_fpga1_board1\restart\ea_restart_random1_warmup8_contrast01_20260522_lsb_20260515\random1_warmup8_contrast01_20260522_lsb_20260515.ea_restart.version.txt","1868","2026-05-22T08:12:56","EF3149174873195A054D879ED838FAE6E6EAF80E6C11A3DDD9A6549765C06A4A"
"data\hardware\20260511_fpga1_board1\restart\ea_restart_random1_warmup8_contrast01_20260522_msb_20260515\random1_warmup8_contrast01_20260522_msb_20260515.ea_restart.metadata.json","1750","2026-05-22T08:12:55","AB9B0D0767D0EC4180987B2CC71E4CE5C8929F76868EBE295BC4304896CE9A56"
"data\hardware\20260511_fpga1_board1\restart\ea_restart_random1_warmup8_contrast01_20260522_msb_20260515\random1_warmup8_contrast01_20260522_msb_20260515.ea_restart.stderr.txt","89","2026-05-22T08:11:36","1594E5F8F73F2DCD73AD296FA678AD5C8F3B062B2BF3482D36896ECE68A8903F"
"data\hardware\20260511_fpga1_board1\restart\ea_restart_random1_warmup8_contrast01_20260522_msb_20260515\random1_warmup8_contrast01_20260522_msb_20260515.ea_restart.stdout.txt","415","2026-05-22T08:12:55","1BFA48D543F6CBB0BA75883F50B9B73AB2E0AF7CA6A5D2162F24F7CC6420AA78"
"data\hardware\20260511_fpga1_board1\restart\ea_restart_random1_warmup8_contrast01_20260522_msb_20260515\random1_warmup8_contrast01_20260522_msb_20260515.ea_restart.version.txt","1868","2026-05-22T08:11:36","EF3149174873195A054D879ED838FAE6E6EAF80E6C11A3DDD9A6549765C06A4A"
"data\hardware\20260511_fpga1_board1\restart\ea_restart_random3_warmup10_lsb_20260515\random3_warmup10_lsb_20260515.ea_restart.metadata.json","1563","2026-05-15T02:22:04","79BF70D52F254A834E88EE89FEB9D16929E8A980567A7B0EEE738B7C808DB129"
"data\hardware\20260511_fpga1_board1\restart\ea_restart_random3_warmup10_lsb_20260515\random3_warmup10_lsb_20260515.ea_restart.stderr.txt","89","2026-05-15T02:20:12","1594E5F8F73F2DCD73AD296FA678AD5C8F3B062B2BF3482D36896ECE68A8903F"
"data\hardware\20260511_fpga1_board1\restart\ea_restart_random3_warmup10_lsb_20260515\random3_warmup10_lsb_20260515.ea_restart.stdout.txt","113","2026-05-15T02:22:04","B1C6E7C327408169CF1990E6255AB3F3CDADFA3F162EF84F144880BED32945F3"
"data\hardware\20260511_fpga1_board1\restart\ea_restart_random3_warmup10_lsb_20260515\random3_warmup10_lsb_20260515.ea_restart.version.txt","1868","2026-05-15T02:20:12","EF3149174873195A054D879ED838FAE6E6EAF80E6C11A3DDD9A6549765C06A4A"
"data\hardware\20260511_fpga1_board1\restart\ea_restart_random3_warmup10_msb_20260515\random3_warmup10_msb_20260515.ea_restart.metadata.json","1563","2026-05-15T02:22:04","A00D582CA6F1006BC7E98B4E83800EFBE5BE507DA22BC0DD47C8B0BB2D40ED92"
"data\hardware\20260511_fpga1_board1\restart\ea_restart_random3_warmup10_msb_20260515\random3_warmup10_msb_20260515.ea_restart.stderr.txt","89","2026-05-15T02:20:12","1594E5F8F73F2DCD73AD296FA678AD5C8F3B062B2BF3482D36896ECE68A8903F"
"data\hardware\20260511_fpga1_board1\restart\ea_restart_random3_warmup10_msb_20260515\random3_warmup10_msb_20260515.ea_restart.stdout.txt","113","2026-05-15T02:22:04","F86DB76125C408A846DAE0C3ECE7980007034C816F3CB98B544E3334EC3CED1B"
"data\hardware\20260511_fpga1_board1\restart\ea_restart_random3_warmup10_msb_20260515\random3_warmup10_msb_20260515.ea_restart.version.txt","1868","2026-05-15T02:20:12","EF3149174873195A054D879ED838FAE6E6EAF80E6C11A3DDD9A6549765C06A4A"
"data\hardware\20260511_fpga1_board1\restart\ea_restart_random3_warmup10_repeat02_lsb_20260515\random3_warmup10_repeat02_lsb_20260515.ea_restart.metadata.json","1634","2026-05-15T02:48:34","8BDD485037DA323FE1599D7692C1F774AF80F124952AB723407359891498ADFC"
"data\hardware\20260511_fpga1_board1\restart\ea_restart_random3_warmup10_repeat02_lsb_20260515\random3_warmup10_repeat02_lsb_20260515.ea_restart.stderr.txt","89","2026-05-15T02:47:29","1594E5F8F73F2DCD73AD296FA678AD5C8F3B062B2BF3482D36896ECE68A8903F"
"data\hardware\20260511_fpga1_board1\restart\ea_restart_random3_warmup10_repeat02_lsb_20260515\random3_warmup10_repeat02_lsb_20260515.ea_restart.stdout.txt","113","2026-05-15T02:48:33","E1C42D5F36B5216AEF32F832D151AE20DA25EB2120CE61DEC6D34D56A8D40777"
"data\hardware\20260511_fpga1_board1\restart\ea_restart_random3_warmup10_repeat02_lsb_20260515\random3_warmup10_repeat02_lsb_20260515.ea_restart.version.txt","1868","2026-05-15T02:47:29","EF3149174873195A054D879ED838FAE6E6EAF80E6C11A3DDD9A6549765C06A4A"
"data\hardware\20260511_fpga1_board1\restart\ea_restart_random3_warmup10_repeat02_msb_20260515\random3_warmup10_repeat02_msb_20260515.ea_restart.metadata.json","1634","2026-05-15T02:47:28","A57ABD7E558A999A58AA331984CFD82991B763689FD97EBF9DAF07ED6AC2C4C3"
"data\hardware\20260511_fpga1_board1\restart\ea_restart_random3_warmup10_repeat02_msb_20260515\random3_warmup10_repeat02_msb_20260515.ea_restart.stderr.txt","89","2026-05-15T02:46:23","1594E5F8F73F2DCD73AD296FA678AD5C8F3B062B2BF3482D36896ECE68A8903F"
"data\hardware\20260511_fpga1_board1\restart\ea_restart_random3_warmup10_repeat02_msb_20260515\random3_warmup10_repeat02_msb_20260515.ea_restart.stdout.txt","113","2026-05-15T02:47:27","267C684F947D8ABAA69028F32E36F50B5950708866CF948AF3B757E93C6F8E06"
"data\hardware\20260511_fpga1_board1\restart\ea_restart_random3_warmup10_repeat02_msb_20260515\random3_warmup10_repeat02_msb_20260515.ea_restart.version.txt","1868","2026-05-15T02:46:23","EF3149174873195A054D879ED838FAE6E6EAF80E6C11A3DDD9A6549765C06A4A"
"data\hardware\20260511_fpga1_board1\restart\ea_restart_random3_warmup10_repeat03_20260522_lsb_20260515\random3_warmup10_repeat03_20260522_lsb_20260515.ea_restart.metadata.json","1743","2026-05-22T08:39:36","F2C3A98E4C2075DA6F776974C8DD5898B59DF434C4D576C06D683EE6B0CBBDCA"
"data\hardware\20260511_fpga1_board1\restart\ea_restart_random3_warmup10_repeat03_20260522_lsb_20260515\random3_warmup10_repeat03_20260522_lsb_20260515.ea_restart.stderr.txt","89","2026-05-22T08:38:13","1594E5F8F73F2DCD73AD296FA678AD5C8F3B062B2BF3482D36896ECE68A8903F"
"data\hardware\20260511_fpga1_board1\restart\ea_restart_random3_warmup10_repeat03_20260522_lsb_20260515\random3_warmup10_repeat03_20260522_lsb_20260515.ea_restart.stdout.txt","113","2026-05-22T08:39:35","7312C2F3CADC2D90D734C4D7C85A0F2D99095BC0174A7B3BC87822A49F519ED1"
"data\hardware\20260511_fpga1_board1\restart\ea_restart_random3_warmup10_repeat03_20260522_lsb_20260515\random3_warmup10_repeat03_20260522_lsb_20260515.ea_restart.version.txt","1868","2026-05-22T08:38:13","EF3149174873195A054D879ED838FAE6E6EAF80E6C11A3DDD9A6549765C06A4A"
"data\hardware\20260511_fpga1_board1\restart\ea_restart_random3_warmup10_repeat03_20260522_msb_20260515\random3_warmup10_repeat03_20260522_msb_20260515.ea_restart.metadata.json","1743","2026-05-22T08:38:12","D3F48DEDEA1C6FC5499A3A37471BAED3DE220B988EBB7EB80422DDFC8FE3FAE4"
"data\hardware\20260511_fpga1_board1\restart\ea_restart_random3_warmup10_repeat03_20260522_msb_20260515\random3_warmup10_repeat03_20260522_msb_20260515.ea_restart.stderr.txt","89","2026-05-22T08:36:57","1594E5F8F73F2DCD73AD296FA678AD5C8F3B062B2BF3482D36896ECE68A8903F"
"data\hardware\20260511_fpga1_board1\restart\ea_restart_random3_warmup10_repeat03_20260522_msb_20260515\random3_warmup10_repeat03_20260522_msb_20260515.ea_restart.stdout.txt","113","2026-05-22T08:38:11","B9297276DADB75B5255BC7B793D3E48B5C3F97D2348BBE750017751E81F42EEA"
"data\hardware\20260511_fpga1_board1\restart\ea_restart_random3_warmup10_repeat03_20260522_msb_20260515\random3_warmup10_repeat03_20260522_msb_20260515.ea_restart.version.txt","1868","2026-05-22T08:36:56","EF3149174873195A054D879ED838FAE6E6EAF80E6C11A3DDD9A6549765C06A4A"
"data\hardware\20260511_fpga1_board1\restart\ea_restart_random3_warmup11_lsb_20260515\random3_warmup11_lsb_20260515.ea_restart.metadata.json","1562","2026-05-15T02:36:32","763FDEE6CE68B5DE236F9C63DB04DA9C16F00903672A2301C42A381DA181D42B"
"data\hardware\20260511_fpga1_board1\restart\ea_restart_random3_warmup11_lsb_20260515\random3_warmup11_lsb_20260515.ea_restart.stderr.txt","89","2026-05-15T02:31:46","1594E5F8F73F2DCD73AD296FA678AD5C8F3B062B2BF3482D36896ECE68A8903F"
"data\hardware\20260511_fpga1_board1\restart\ea_restart_random3_warmup11_lsb_20260515\random3_warmup11_lsb_20260515.ea_restart.stdout.txt","415","2026-05-15T02:36:31","976037C10C683C41751602F9D2E0900878D29C0DFC149705BC716C24288B4C7A"
"data\hardware\20260511_fpga1_board1\restart\ea_restart_random3_warmup11_lsb_20260515\random3_warmup11_lsb_20260515.ea_restart.version.txt","1868","2026-05-15T02:31:40","EF3149174873195A054D879ED838FAE6E6EAF80E6C11A3DDD9A6549765C06A4A"
"data\hardware\20260511_fpga1_board1\restart\ea_restart_random3_warmup11_msb_20260515\random3_warmup11_msb_20260515.ea_restart.metadata.json","1562","2026-05-15T02:36:29","D012502CE0077975555D49B4EA773F047401D0DAB2160A7FFBD606D7B860F7D5"
"data\hardware\20260511_fpga1_board1\restart\ea_restart_random3_warmup11_msb_20260515\random3_warmup11_msb_20260515.ea_restart.stderr.txt","89","2026-05-15T02:31:42","1594E5F8F73F2DCD73AD296FA678AD5C8F3B062B2BF3482D36896ECE68A8903F"
"data\hardware\20260511_fpga1_board1\restart\ea_restart_random3_warmup11_msb_20260515\random3_warmup11_msb_20260515.ea_restart.stdout.txt","415","2026-05-15T02:36:29","D78A3E777264846ADE704687B2B8CEF35D1F32422075903CBBD78293981D63A4"
"data\hardware\20260511_fpga1_board1\restart\ea_restart_random3_warmup11_msb_20260515\random3_warmup11_msb_20260515.ea_restart.version.txt","1868","2026-05-15T02:31:38","EF3149174873195A054D879ED838FAE6E6EAF80E6C11A3DDD9A6549765C06A4A"
"data\hardware\20260511_fpga1_board1\restart\ea_restart_random3_warmup11_repeat02_lsb_20260515\random3_warmup11_repeat02_lsb_20260515.ea_restart.metadata.json","1633","2026-05-15T02:52:41","AFE029EDBDC0A43B75CDB1B42B084E4B0884F764C99148D2388376723374FCED"
"data\hardware\20260511_fpga1_board1\restart\ea_restart_random3_warmup11_repeat02_lsb_20260515\random3_warmup11_repeat02_lsb_20260515.ea_restart.stderr.txt","89","2026-05-15T02:51:35","1594E5F8F73F2DCD73AD296FA678AD5C8F3B062B2BF3482D36896ECE68A8903F"
"data\hardware\20260511_fpga1_board1\restart\ea_restart_random3_warmup11_repeat02_lsb_20260515\random3_warmup11_repeat02_lsb_20260515.ea_restart.stdout.txt","415","2026-05-15T02:52:40","690A01B16C03C4CB0E6C98ECF2D2A77D462C5261CCA2821015E6DB686623F225"
"data\hardware\20260511_fpga1_board1\restart\ea_restart_random3_warmup11_repeat02_lsb_20260515\random3_warmup11_repeat02_lsb_20260515.ea_restart.version.txt","1868","2026-05-15T02:51:35","EF3149174873195A054D879ED838FAE6E6EAF80E6C11A3DDD9A6549765C06A4A"
"data\hardware\20260511_fpga1_board1\restart\ea_restart_random3_warmup11_repeat02_msb_20260515\random3_warmup11_repeat02_msb_20260515.ea_restart.metadata.json","1633","2026-05-15T02:51:34","5D179B7650E72CBBD6C969D21E2D63CDEC13454E36CE58B394F873FB0E9A8B42"
"data\hardware\20260511_fpga1_board1\restart\ea_restart_random3_warmup11_repeat02_msb_20260515\random3_warmup11_repeat02_msb_20260515.ea_restart.stderr.txt","89","2026-05-15T02:50:33","1594E5F8F73F2DCD73AD296FA678AD5C8F3B062B2BF3482D36896ECE68A8903F"
"data\hardware\20260511_fpga1_board1\restart\ea_restart_random3_warmup11_repeat02_msb_20260515\random3_warmup11_repeat02_msb_20260515.ea_restart.stdout.txt","415","2026-05-15T02:51:34","216FF84B44BB0D98A5145BDD3641AA2CA2FE0F311F242C42067556D18638B858"
"data\hardware\20260511_fpga1_board1\restart\ea_restart_random3_warmup11_repeat02_msb_20260515\random3_warmup11_repeat02_msb_20260515.ea_restart.version.txt","1868","2026-05-15T02:50:33","EF3149174873195A054D879ED838FAE6E6EAF80E6C11A3DDD9A6549765C06A4A"
"data\hardware\20260511_fpga1_board1\restart\ea_restart_random3_warmup11_repeat03_20260522_lsb_20260515\random3_warmup11_repeat03_20260522_lsb_20260515.ea_restart.metadata.json","1742","2026-05-22T08:47:57","23C14A2EC8F6668C029627DD6944053B1FA48E16C0A065C5FD9513528427C721"
"data\hardware\20260511_fpga1_board1\restart\ea_restart_random3_warmup11_repeat03_20260522_lsb_20260515\random3_warmup11_repeat03_20260522_lsb_20260515.ea_restart.stderr.txt","89","2026-05-22T08:46:27","1594E5F8F73F2DCD73AD296FA678AD5C8F3B062B2BF3482D36896ECE68A8903F"
"data\hardware\20260511_fpga1_board1\restart\ea_restart_random3_warmup11_repeat03_20260522_lsb_20260515\random3_warmup11_repeat03_20260522_lsb_20260515.ea_restart.stdout.txt","415","2026-05-22T08:47:57","A9B654D026FD7FBCA2F6D7C07E85A9D341AF9C200135736E07A133776F576590"
"data\hardware\20260511_fpga1_board1\restart\ea_restart_random3_warmup11_repeat03_20260522_lsb_20260515\random3_warmup11_repeat03_20260522_lsb_20260515.ea_restart.version.txt","1868","2026-05-22T08:46:27","EF3149174873195A054D879ED838FAE6E6EAF80E6C11A3DDD9A6549765C06A4A"
"data\hardware\20260511_fpga1_board1\restart\ea_restart_random3_warmup11_repeat03_20260522_msb_20260515\random3_warmup11_repeat03_20260522_msb_20260515.ea_restart.metadata.json","1742","2026-05-22T08:46:26","011E89B4BB45DD7F631EE8AA1BEC1170ED6D45D236D0F653F6C1895F841A4D66"
"data\hardware\20260511_fpga1_board1\restart\ea_restart_random3_warmup11_repeat03_20260522_msb_20260515\random3_warmup11_repeat03_20260522_msb_20260515.ea_restart.stderr.txt","89","2026-05-22T08:44:58","1594E5F8F73F2DCD73AD296FA678AD5C8F3B062B2BF3482D36896ECE68A8903F"
"data\hardware\20260511_fpga1_board1\restart\ea_restart_random3_warmup11_repeat03_20260522_msb_20260515\random3_warmup11_repeat03_20260522_msb_20260515.ea_restart.stdout.txt","415","2026-05-22T08:46:25","39B65A26031912EFCACE2D0BA5D2B5A32191C4C35B5F402E04FB3B57D66E846B"
"data\hardware\20260511_fpga1_board1\restart\ea_restart_random3_warmup11_repeat03_20260522_msb_20260515\random3_warmup11_repeat03_20260522_msb_20260515.ea_restart.version.txt","1868","2026-05-22T08:44:58","EF3149174873195A054D879ED838FAE6E6EAF80E6C11A3DDD9A6549765C06A4A"
"data\hardware\20260511_fpga1_board1\restart\ea_restart_random3_warmup12_lsb_20260515\random3_warmup12_lsb_20260515.ea_restart.metadata.json","1560","2026-05-15T02:12:07","723CC40939C15382D0FCEEADCF804392CCDA690AACCB1D8E8DDC8DE44223717C"
"data\hardware\20260511_fpga1_board1\restart\ea_restart_random3_warmup12_lsb_20260515\random3_warmup12_lsb_20260515.ea_restart.stderr.txt","89","2026-05-15T02:10:08","1594E5F8F73F2DCD73AD296FA678AD5C8F3B062B2BF3482D36896ECE68A8903F"
"data\hardware\20260511_fpga1_board1\restart\ea_restart_random3_warmup12_lsb_20260515\random3_warmup12_lsb_20260515.ea_restart.stdout.txt","415","2026-05-15T02:12:06","3273AE22CE57EC43D2A33C3CC43CF0DBBC40355BC798379A06C74473899E4097"
"data\hardware\20260511_fpga1_board1\restart\ea_restart_random3_warmup12_lsb_20260515\random3_warmup12_lsb_20260515.ea_restart.version.txt","1868","2026-05-15T02:10:08","EF3149174873195A054D879ED838FAE6E6EAF80E6C11A3DDD9A6549765C06A4A"
"data\hardware\20260511_fpga1_board1\restart\ea_restart_random3_warmup12_msb_20260515\random3_warmup12_msb_20260515.ea_restart.metadata.json","1562","2026-05-15T02:12:06","09816ABE57C3D687E875E0EF2559BB1F5ADF3B37853DD138BE7A5C1A6E7D65B6"
"data\hardware\20260511_fpga1_board1\restart\ea_restart_random3_warmup12_msb_20260515\random3_warmup12_msb_20260515.ea_restart.stderr.txt","89","2026-05-15T02:10:08","1594E5F8F73F2DCD73AD296FA678AD5C8F3B062B2BF3482D36896ECE68A8903F"
"data\hardware\20260511_fpga1_board1\restart\ea_restart_random3_warmup12_msb_20260515\random3_warmup12_msb_20260515.ea_restart.stdout.txt","415","2026-05-15T02:12:06","695128613B4C8C2312ED12AF66488D739E78B66F071A7EAAF0C5BDAE9DB61372"
"data\hardware\20260511_fpga1_board1\restart\ea_restart_random3_warmup12_msb_20260515\random3_warmup12_msb_20260515.ea_restart.version.txt","1868","2026-05-15T02:10:08","EF3149174873195A054D879ED838FAE6E6EAF80E6C11A3DDD9A6549765C06A4A"
"data\hardware\20260511_fpga1_board1\restart\ea_restart_random3_warmup12_repeat02_lsb_20260515\random3_warmup12_repeat02_lsb_20260515.ea_restart.metadata.json","1671","2026-05-15T02:58:24","4AADE2F8DD8C4713D4AB2268A0F94807F8CD917F03C5998D4851DEDFA92E2525"
"data\hardware\20260511_fpga1_board1\restart\ea_restart_random3_warmup12_repeat02_lsb_20260515\random3_warmup12_repeat02_lsb_20260515.ea_restart.stderr.txt","89","2026-05-15T02:55:46","1594E5F8F73F2DCD73AD296FA678AD5C8F3B062B2BF3482D36896ECE68A8903F"
"data\hardware\20260511_fpga1_board1\restart\ea_restart_random3_warmup12_repeat02_lsb_20260515\random3_warmup12_repeat02_lsb_20260515.ea_restart.stdout.txt","415","2026-05-15T02:58:21","49EB093155A9E4CE079FB011199F4FEB05565B4DCCA2FED89329E5D63FA25D95"
"data\hardware\20260511_fpga1_board1\restart\ea_restart_random3_warmup12_repeat02_lsb_20260515\random3_warmup12_repeat02_lsb_20260515.ea_restart.version.txt","1868","2026-05-15T02:55:46","EF3149174873195A054D879ED838FAE6E6EAF80E6C11A3DDD9A6549765C06A4A"
"data\hardware\20260511_fpga1_board1\restart\ea_restart_random3_warmup12_repeat02_msb_20260515\random3_warmup12_repeat02_msb_20260515.ea_restart.metadata.json","1670","2026-05-15T02:55:46","C1E39E4B2536855A91CB2BE47771B9054D166439E1A62086385EBB79FC3CF1A3"
"data\hardware\20260511_fpga1_board1\restart\ea_restart_random3_warmup12_repeat02_msb_20260515\random3_warmup12_repeat02_msb_20260515.ea_restart.stderr.txt","89","2026-05-15T02:54:41","1594E5F8F73F2DCD73AD296FA678AD5C8F3B062B2BF3482D36896ECE68A8903F"
"data\hardware\20260511_fpga1_board1\restart\ea_restart_random3_warmup12_repeat02_msb_20260515\random3_warmup12_repeat02_msb_20260515.ea_restart.stdout.txt","415","2026-05-15T02:55:45","A753E502227A410144AFF9A3B9D6177DC0B0CB4D83349D1C28EC31F5B4B19344"
"data\hardware\20260511_fpga1_board1\restart\ea_restart_random3_warmup12_repeat02_msb_20260515\random3_warmup12_repeat02_msb_20260515.ea_restart.version.txt","1868","2026-05-15T02:54:41","EF3149174873195A054D879ED838FAE6E6EAF80E6C11A3DDD9A6549765C06A4A"
"data\hardware\20260511_fpga1_board1\restart\ea_restart_random3_warmup12_repeat03_20260522_lsb_20260515\random3_warmup12_repeat03_20260522_lsb_20260515.ea_restart.metadata.json","1742","2026-05-22T08:56:15","2E60F9C6C0B5AAE8EB55C7CD02DE89B85F83454E8F1C8DB13194BE92B88D61A3"
"data\hardware\20260511_fpga1_board1\restart\ea_restart_random3_warmup12_repeat03_20260522_lsb_20260515\random3_warmup12_repeat03_20260522_lsb_20260515.ea_restart.stderr.txt","89","2026-05-22T08:54:52","1594E5F8F73F2DCD73AD296FA678AD5C8F3B062B2BF3482D36896ECE68A8903F"
"data\hardware\20260511_fpga1_board1\restart\ea_restart_random3_warmup12_repeat03_20260522_lsb_20260515\random3_warmup12_repeat03_20260522_lsb_20260515.ea_restart.stdout.txt","415","2026-05-22T08:56:14","E64482A26C91C7DB4F9E30444FA6E96219BE6BE2CF0E70A64EE7082C7E171A44"
"data\hardware\20260511_fpga1_board1\restart\ea_restart_random3_warmup12_repeat03_20260522_lsb_20260515\random3_warmup12_repeat03_20260522_lsb_20260515.ea_restart.version.txt","1868","2026-05-22T08:54:52","EF3149174873195A054D879ED838FAE6E6EAF80E6C11A3DDD9A6549765C06A4A"
"data\hardware\20260511_fpga1_board1\restart\ea_restart_random3_warmup12_repeat03_20260522_msb_20260515\random3_warmup12_repeat03_20260522_msb_20260515.ea_restart.metadata.json","1742","2026-05-22T08:54:51","25CA7196887D96668FC9AC1D1327490B1EBAD6C27D7E97C4D5F45E657DE87DE4"
"data\hardware\20260511_fpga1_board1\restart\ea_restart_random3_warmup12_repeat03_20260522_msb_20260515\random3_warmup12_repeat03_20260522_msb_20260515.ea_restart.stderr.txt","89","2026-05-22T08:53:25","1594E5F8F73F2DCD73AD296FA678AD5C8F3B062B2BF3482D36896ECE68A8903F"
"data\hardware\20260511_fpga1_board1\restart\ea_restart_random3_warmup12_repeat03_20260522_msb_20260515\random3_warmup12_repeat03_20260522_msb_20260515.ea_restart.stdout.txt","415","2026-05-22T08:54:50","FF84A74128008FA965707B66BEA8E7E0592E55C7577BC4EC219C87E671F67C28"
"data\hardware\20260511_fpga1_board1\restart\ea_restart_random3_warmup12_repeat03_20260522_msb_20260515\random3_warmup12_repeat03_20260522_msb_20260515.ea_restart.version.txt","1868","2026-05-22T08:53:25","EF3149174873195A054D879ED838FAE6E6EAF80E6C11A3DDD9A6549765C06A4A"
"data\hardware\20260511_fpga1_board1\restart\ea_restart_random3_warmup16_lsb_20260515\random3_warmup16_lsb_20260515.ea_restart.metadata.json","1562","2026-05-15T01:59:33","15970B992F4CB7C9B4DBF2E515FA3CBF3BDBB4B13E33FB9241E995AA2C2A367A"
"data\hardware\20260511_fpga1_board1\restart\ea_restart_random3_warmup16_lsb_20260515\random3_warmup16_lsb_20260515.ea_restart.stderr.txt","89","2026-05-15T01:57:33","1594E5F8F73F2DCD73AD296FA678AD5C8F3B062B2BF3482D36896ECE68A8903F"
"data\hardware\20260511_fpga1_board1\restart\ea_restart_random3_warmup16_lsb_20260515\random3_warmup16_lsb_20260515.ea_restart.stdout.txt","415","2026-05-15T01:59:32","7EE8BA9C5126008462914B1D80DD7854FA0C6B688FA931E83701DF103FA29077"
"data\hardware\20260511_fpga1_board1\restart\ea_restart_random3_warmup16_lsb_20260515\random3_warmup16_lsb_20260515.ea_restart.version.txt","1868","2026-05-15T01:57:33","EF3149174873195A054D879ED838FAE6E6EAF80E6C11A3DDD9A6549765C06A4A"
"data\hardware\20260511_fpga1_board1\restart\ea_restart_random3_warmup16_msb_20260515\random3_warmup16_msb_20260515.ea_restart.metadata.json","1562","2026-05-15T01:59:33","953266A8BB9ECB75DA7E67BD9F3E24217CEC518A82553C71B7A29FBDFB7A49E5"
"data\hardware\20260511_fpga1_board1\restart\ea_restart_random3_warmup16_msb_20260515\random3_warmup16_msb_20260515.ea_restart.stderr.txt","89","2026-05-15T01:57:33","1594E5F8F73F2DCD73AD296FA678AD5C8F3B062B2BF3482D36896ECE68A8903F"
"data\hardware\20260511_fpga1_board1\restart\ea_restart_random3_warmup16_msb_20260515\random3_warmup16_msb_20260515.ea_restart.stdout.txt","415","2026-05-15T01:59:31","EDB17360CF0365DD9B354ECA11C411EB296EAD53ACAB30D68ACFDDE133272229"
"data\hardware\20260511_fpga1_board1\restart\ea_restart_random3_warmup16_msb_20260515\random3_warmup16_msb_20260515.ea_restart.version.txt","1868","2026-05-15T01:57:33","EF3149174873195A054D879ED838FAE6E6EAF80E6C11A3DDD9A6549765C06A4A"
"data\hardware\20260511_fpga1_board1\restart\ea_restart_random3_warmup8_lsb_20260515\random3_warmup8_lsb_20260515.ea_restart.metadata.json","1554","2026-05-15T01:42:24","35009B83691EFADCBF4BF181D1EDFED2E38473E661399EDC6FD978090905ABA6"
"data\hardware\20260511_fpga1_board1\restart\ea_restart_random3_warmup8_lsb_20260515\random3_warmup8_lsb_20260515.ea_restart.stderr.txt","89","2026-05-15T01:39:58","1594E5F8F73F2DCD73AD296FA678AD5C8F3B062B2BF3482D36896ECE68A8903F"
"data\hardware\20260511_fpga1_board1\restart\ea_restart_random3_warmup8_lsb_20260515\random3_warmup8_lsb_20260515.ea_restart.stdout.txt","113","2026-05-15T01:42:24","9FF2B093E2FC1EE934FF09EBBF2B687EF186EE0ABC97BA76106709CCFA8E1EE7"
"data\hardware\20260511_fpga1_board1\restart\ea_restart_random3_warmup8_lsb_20260515\random3_warmup8_lsb_20260515.ea_restart.version.txt","1868","2026-05-15T01:39:58","EF3149174873195A054D879ED838FAE6E6EAF80E6C11A3DDD9A6549765C06A4A"
"data\hardware\20260511_fpga1_board1\restart\ea_restart_random3_warmup8_msb_20260515\random3_warmup8_msb_20260515.ea_restart.metadata.json","1555","2026-05-15T01:42:23","42C324E53CE8168A80BB1564769FFC6417959A993EDDEDC106454D5A7F9AC890"
"data\hardware\20260511_fpga1_board1\restart\ea_restart_random3_warmup8_msb_20260515\random3_warmup8_msb_20260515.ea_restart.stderr.txt","89","2026-05-15T01:39:58","1594E5F8F73F2DCD73AD296FA678AD5C8F3B062B2BF3482D36896ECE68A8903F"
"data\hardware\20260511_fpga1_board1\restart\ea_restart_random3_warmup8_msb_20260515\random3_warmup8_msb_20260515.ea_restart.stdout.txt","113","2026-05-15T01:42:22","32C32CE0D15DD2823DB7A4E1C8267FFF0B273D712644EAE4AFC1043DA6AE7961"
"data\hardware\20260511_fpga1_board1\restart\ea_restart_random3_warmup8_msb_20260515\random3_warmup8_msb_20260515.ea_restart.version.txt","1868","2026-05-15T01:39:58","EF3149174873195A054D879ED838FAE6E6EAF80E6C11A3DDD9A6549765C06A4A"
"data\hardware\20260511_fpga1_board1\restart\ea_restart_same_column_warmup0_placement01_lsb_20260515\same_column_warmup0_placement01_lsb_20260515.ea_restart.metadata.json","1719","2026-05-22T09:04:31","B04AFC9E6C1E35A3952C9F02ABB18C8550A727029A859C3A80940337E275BF9C"
"data\hardware\20260511_fpga1_board1\restart\ea_restart_same_column_warmup0_placement01_lsb_20260515\same_column_warmup0_placement01_lsb_20260515.ea_restart.stderr.txt","89","2026-05-22T09:03:17","1594E5F8F73F2DCD73AD296FA678AD5C8F3B062B2BF3482D36896ECE68A8903F"
"data\hardware\20260511_fpga1_board1\restart\ea_restart_same_column_warmup0_placement01_lsb_20260515\same_column_warmup0_placement01_lsb_20260515.ea_restart.stdout.txt","113","2026-05-22T09:04:29","2B2F54EB6C66AC40221D9195E25E626F92D5AF00C97195645C9F9383E0EA5D92"
"data\hardware\20260511_fpga1_board1\restart\ea_restart_same_column_warmup0_placement01_lsb_20260515\same_column_warmup0_placement01_lsb_20260515.ea_restart.version.txt","1868","2026-05-22T09:03:17","EF3149174873195A054D879ED838FAE6E6EAF80E6C11A3DDD9A6549765C06A4A"
"data\hardware\20260511_fpga1_board1\restart\ea_restart_same_column_warmup0_placement01_msb_20260515\same_column_warmup0_placement01_msb_20260515.ea_restart.metadata.json","1718","2026-05-22T09:03:17","F95A0476B50EC829190EC1155E4B5B3EC0926231207DEAE4A8A7C0B51D7A404F"
"data\hardware\20260511_fpga1_board1\restart\ea_restart_same_column_warmup0_placement01_msb_20260515\same_column_warmup0_placement01_msb_20260515.ea_restart.stderr.txt","89","2026-05-22T09:02:01","1594E5F8F73F2DCD73AD296FA678AD5C8F3B062B2BF3482D36896ECE68A8903F"
"data\hardware\20260511_fpga1_board1\restart\ea_restart_same_column_warmup0_placement01_msb_20260515\same_column_warmup0_placement01_msb_20260515.ea_restart.stdout.txt","113","2026-05-22T09:03:16","19E8E90B9D6A9916B490D23E60EE4B38648FA2241750DD4CF26F657E41C89BA1"
"data\hardware\20260511_fpga1_board1\restart\ea_restart_same_column_warmup0_placement01_msb_20260515\same_column_warmup0_placement01_msb_20260515.ea_restart.version.txt","1868","2026-05-22T09:02:01","EF3149174873195A054D879ED838FAE6E6EAF80E6C11A3DDD9A6549765C06A4A"
"data\hardware\20260511_fpga1_board1\restart\ea_restart_same_column_warmup12_placement01_lsb_20260515\same_column_warmup12_placement01_lsb_20260515.ea_restart.metadata.json","1726","2026-05-22T09:12:06","6D03BFD1BD33F88BFFFB7672DA669B9877FC4627248427894E478D43FED39D46"
"data\hardware\20260511_fpga1_board1\restart\ea_restart_same_column_warmup12_placement01_lsb_20260515\same_column_warmup12_placement01_lsb_20260515.ea_restart.stderr.txt","89","2026-05-22T09:10:54","1594E5F8F73F2DCD73AD296FA678AD5C8F3B062B2BF3482D36896ECE68A8903F"
"data\hardware\20260511_fpga1_board1\restart\ea_restart_same_column_warmup12_placement01_lsb_20260515\same_column_warmup12_placement01_lsb_20260515.ea_restart.stdout.txt","415","2026-05-22T09:12:06","11AE2CC64F96EBD551C1ABB7425888AC175DC2F4F602E36AC3382B2FD4F1D061"
"data\hardware\20260511_fpga1_board1\restart\ea_restart_same_column_warmup12_placement01_lsb_20260515\same_column_warmup12_placement01_lsb_20260515.ea_restart.version.txt","1868","2026-05-22T09:10:54","EF3149174873195A054D879ED838FAE6E6EAF80E6C11A3DDD9A6549765C06A4A"
"data\hardware\20260511_fpga1_board1\restart\ea_restart_same_column_warmup12_placement01_msb_20260515\same_column_warmup12_placement01_msb_20260515.ea_restart.metadata.json","1726","2026-05-22T09:10:53","87F3439FC0331923AE17CB2B324583F610E2C73E16C5759499B1F31E9ED312E1"
"data\hardware\20260511_fpga1_board1\restart\ea_restart_same_column_warmup12_placement01_msb_20260515\same_column_warmup12_placement01_msb_20260515.ea_restart.stderr.txt","89","2026-05-22T09:09:38","1594E5F8F73F2DCD73AD296FA678AD5C8F3B062B2BF3482D36896ECE68A8903F"
"data\hardware\20260511_fpga1_board1\restart\ea_restart_same_column_warmup12_placement01_msb_20260515\same_column_warmup12_placement01_msb_20260515.ea_restart.stdout.txt","415","2026-05-22T09:10:53","7B617C7D091600428D4CA1E03A6F704B2B720D975A9A72D455539737893ACE28"
"data\hardware\20260511_fpga1_board1\restart\ea_restart_same_column_warmup12_placement01_msb_20260515\same_column_warmup12_placement01_msb_20260515.ea_restart.version.txt","1868","2026-05-22T09:09:38","EF3149174873195A054D879ED838FAE6E6EAF80E6C11A3DDD9A6549765C06A4A"
"data\hardware\20260511_fpga1_board1\restart\ea_restart_sparse_warmup0_placement01_lsb_20260515\sparse_warmup0_placement01_lsb_20260515.ea_restart.metadata.json","1679","2026-05-22T09:19:48","E01D1F04CCD63E77F206C354F3045FE7AD84C43F270742872BA9A5E48116768D"
"data\hardware\20260511_fpga1_board1\restart\ea_restart_sparse_warmup0_placement01_lsb_20260515\sparse_warmup0_placement01_lsb_20260515.ea_restart.stderr.txt","89","2026-05-22T09:18:37","1594E5F8F73F2DCD73AD296FA678AD5C8F3B062B2BF3482D36896ECE68A8903F"
"data\hardware\20260511_fpga1_board1\restart\ea_restart_sparse_warmup0_placement01_lsb_20260515\sparse_warmup0_placement01_lsb_20260515.ea_restart.stdout.txt","113","2026-05-22T09:19:47","4543FC7B7FE710DCB7AC03026C21BF75C242F3AEC54F9C9E87583197FD0A1C01"
"data\hardware\20260511_fpga1_board1\restart\ea_restart_sparse_warmup0_placement01_lsb_20260515\sparse_warmup0_placement01_lsb_20260515.ea_restart.version.txt","1868","2026-05-22T09:18:37","EF3149174873195A054D879ED838FAE6E6EAF80E6C11A3DDD9A6549765C06A4A"
"data\hardware\20260511_fpga1_board1\restart\ea_restart_sparse_warmup0_placement01_msb_20260515\sparse_warmup0_placement01_msb_20260515.ea_restart.metadata.json","1679","2026-05-22T09:18:36","C19CCE3477E936F612036D83C9B228CBCA469B0F2DAE8314F50DBBFE30EDA4B1"
"data\hardware\20260511_fpga1_board1\restart\ea_restart_sparse_warmup0_placement01_msb_20260515\sparse_warmup0_placement01_msb_20260515.ea_restart.stderr.txt","89","2026-05-22T09:17:23","1594E5F8F73F2DCD73AD296FA678AD5C8F3B062B2BF3482D36896ECE68A8903F"
"data\hardware\20260511_fpga1_board1\restart\ea_restart_sparse_warmup0_placement01_msb_20260515\sparse_warmup0_placement01_msb_20260515.ea_restart.stdout.txt","113","2026-05-22T09:18:36","73B5DD6E6625F0A0676AF2A08409D0D9ECE0D5F96D334AF8060CF2596025A2DE"
"data\hardware\20260511_fpga1_board1\restart\ea_restart_sparse_warmup0_placement01_msb_20260515\sparse_warmup0_placement01_msb_20260515.ea_restart.version.txt","1868","2026-05-22T09:17:23","EF3149174873195A054D879ED838FAE6E6EAF80E6C11A3DDD9A6549765C06A4A"
"data\hardware\20260511_fpga1_board1\restart\ea_restart_sparse_warmup12_placement01_lsb_20260515\sparse_warmup12_placement01_lsb_20260515.ea_restart.metadata.json","1686","2026-05-22T09:27:18","7D0B93368F7E1A9111FA0A548AC0599A19E0E0C7B2B426D2DE0615C4F9B4C8DD"
"data\hardware\20260511_fpga1_board1\restart\ea_restart_sparse_warmup12_placement01_lsb_20260515\sparse_warmup12_placement01_lsb_20260515.ea_restart.stderr.txt","89","2026-05-22T09:25:59","1594E5F8F73F2DCD73AD296FA678AD5C8F3B062B2BF3482D36896ECE68A8903F"
"data\hardware\20260511_fpga1_board1\restart\ea_restart_sparse_warmup12_placement01_lsb_20260515\sparse_warmup12_placement01_lsb_20260515.ea_restart.stdout.txt","415","2026-05-22T09:27:17","935B44ECA4BE8C9ADA20E001C7361FDD15C579E1E845E55975A627D147421719"
"data\hardware\20260511_fpga1_board1\restart\ea_restart_sparse_warmup12_placement01_lsb_20260515\sparse_warmup12_placement01_lsb_20260515.ea_restart.version.txt","1868","2026-05-22T09:25:58","EF3149174873195A054D879ED838FAE6E6EAF80E6C11A3DDD9A6549765C06A4A"
"data\hardware\20260511_fpga1_board1\restart\ea_restart_sparse_warmup12_placement01_msb_20260515\sparse_warmup12_placement01_msb_20260515.ea_restart.metadata.json","1686","2026-05-22T09:25:58","BB5BB6EB5D25778E40EC63932541D7986B78F7434C60C0D7E9BB7352AA33146A"
"data\hardware\20260511_fpga1_board1\restart\ea_restart_sparse_warmup12_placement01_msb_20260515\sparse_warmup12_placement01_msb_20260515.ea_restart.stderr.txt","89","2026-05-22T09:24:43","1594E5F8F73F2DCD73AD296FA678AD5C8F3B062B2BF3482D36896ECE68A8903F"
"data\hardware\20260511_fpga1_board1\restart\ea_restart_sparse_warmup12_placement01_msb_20260515\sparse_warmup12_placement01_msb_20260515.ea_restart.stdout.txt","415","2026-05-22T09:25:57","15A9A2DD9089E5E83C4B42AA80A0758D7333A6C9C06C689BBAFF43CAD828011E"
"data\hardware\20260511_fpga1_board1\restart\ea_restart_sparse_warmup12_placement01_msb_20260515\sparse_warmup12_placement01_msb_20260515.ea_restart.version.txt","1868","2026-05-22T09:24:43","EF3149174873195A054D879ED838FAE6E6EAF80E6C11A3DDD9A6549765C06A4A"
"data\hardware\20260511_fpga1_board1\restart\random1_restart_auto_formal_bits_1000x125_header_delay60s_20260515.bin.sha256.txt","207","2026-05-15T01:10:52","511EE9B18F0CD389E37F34947E98D05B473AADA4FE2DBC9163C1C1E5A99A6CF2"
"data\hardware\20260511_fpga1_board1\restart\random1_restart_auto_formal_bits_1000x125_header_delay60s_20260515.metadata.json","509838","2026-05-15T01:10:53","4BC294A2AE77295AE64CCE53C5DDD7C5ADFDC8A51C695A870AE81EE5FE5B7BC4"
"data\hardware\20260511_fpga1_board1\restart\random1_restart_auto_formal_bits_1000x125_header_delay60s_20260515_bps1_lsb.bin.sha256.txt","216","2026-05-15T01:11:27","3165D83BDD96A215585D7F7D12A6D559CBCA3E64CE3E8A3CC21BF8D64CF9D51D"
"data\hardware\20260511_fpga1_board1\restart\random1_restart_auto_formal_bits_1000x125_header_delay60s_20260515_bps1_lsb.metadata.json","1080","2026-05-15T01:11:27","D9C3C887C487426B8B22A71577C5D2907A64524AA82E38D29272A8CD94866AB8"
"data\hardware\20260511_fpga1_board1\restart\random1_restart_auto_formal_bits_1000x125_header_delay60s_20260515_bps1_msb.bin.sha256.txt","216","2026-05-15T01:11:27","C5E3CE1D17F9F7D0935B09523839BC9E294F0A303E558AA0C0E990230F88771D"
"data\hardware\20260511_fpga1_board1\restart\random1_restart_auto_formal_bits_1000x125_header_delay60s_20260515_bps1_msb.metadata.json","1080","2026-05-15T01:11:27","957D22EC26CFE6FB896137326C2FF5D80A47FDD6D57ED3C9593B41D9A9801547"
"data\hardware\20260511_fpga1_board1\restart\random1_restart_auto_formal_bits_1000x125_warmup11_header_delay60s_contrast01_20260522_20260515.bin.sha256.txt","236","2026-05-22T08:19:50","A9B4CCB3D3D481BF897498BB5A3DD33252BA1F6D547F9235EC51665E98839F6C"
"data\hardware\20260511_fpga1_board1\restart\random1_restart_auto_formal_bits_1000x125_warmup11_header_delay60s_contrast01_20260522_20260515.metadata.json","521891","2026-05-22T08:19:50","98325A8D7BB2498C4C217757B7CA748CD9AF1728DB70E8704B00DB4F625CECBB"
"data\hardware\20260511_fpga1_board1\restart\random1_restart_auto_formal_bits_1000x125_warmup11_header_delay60s_contrast01_20260522_20260515_bps1_lsb.bin.sha256.txt","245","2026-05-22T08:19:51","BED23857F61EA516FB318584DFE113CD9284F33774333A3AA23C4F4B14F99959"
"data\hardware\20260511_fpga1_board1\restart\random1_restart_auto_formal_bits_1000x125_warmup11_header_delay60s_contrast01_20260522_20260515_bps1_lsb.metadata.json","1138","2026-05-22T08:19:51","2B888BB86D39E935A225C26DA05CC6412F7B43EF959A3D36F605735E55C5A021"
"data\hardware\20260511_fpga1_board1\restart\random1_restart_auto_formal_bits_1000x125_warmup11_header_delay60s_contrast01_20260522_20260515_bps1_msb.bin.sha256.txt","245","2026-05-22T08:19:51","3AC8B64FF08D6957DD794FE89250EA818D4D76A3DEF955B25B59F47BDD52A856"
"data\hardware\20260511_fpga1_board1\restart\random1_restart_auto_formal_bits_1000x125_warmup11_header_delay60s_contrast01_20260522_20260515_bps1_msb.metadata.json","1138","2026-05-22T08:19:51","F85C1FFC9A46F3BE87E85AE8D34F1A4B8E335F80F5A06463AAD935068DCF566A"
"data\hardware\20260511_fpga1_board1\restart\random1_restart_auto_formal_bits_1000x125_warmup12_header_delay60s_contrast01_20260522_20260515.bin.sha256.txt","236","2026-05-22T08:28:45","EAE25425C12ECC2E09B923DB56B2657DFB71E0AB1B85E9C224275BCA65B92D2E"
"data\hardware\20260511_fpga1_board1\restart\random1_restart_auto_formal_bits_1000x125_warmup12_header_delay60s_contrast01_20260522_20260515.metadata.json","522026","2026-05-22T08:28:45","84FD77110CBEB9090BE4BD8F391EEA4CD7C0BB0A9E3169C09943791EFFE410CF"
"data\hardware\20260511_fpga1_board1\restart\random1_restart_auto_formal_bits_1000x125_warmup12_header_delay60s_contrast01_20260522_20260515_bps1_lsb.bin.sha256.txt","245","2026-05-22T08:28:46","2308E52A4B8A6CB01EDFA7E5935F15092E27FD5A17F16C55EC74D0D4552E6B4E"
"data\hardware\20260511_fpga1_board1\restart\random1_restart_auto_formal_bits_1000x125_warmup12_header_delay60s_contrast01_20260522_20260515_bps1_lsb.metadata.json","1138","2026-05-22T08:28:46","9FB26262BD78600CB55971408F65327B9A5A4EFDB8649BED030E1D808CB77871"
"data\hardware\20260511_fpga1_board1\restart\random1_restart_auto_formal_bits_1000x125_warmup12_header_delay60s_contrast01_20260522_20260515_bps1_msb.bin.sha256.txt","245","2026-05-22T08:28:45","242C06EA2D2B3A3373EA4FFC18A04592B2620E858EB8949E42B0571FD9F9B811"
"data\hardware\20260511_fpga1_board1\restart\random1_restart_auto_formal_bits_1000x125_warmup12_header_delay60s_contrast01_20260522_20260515_bps1_msb.metadata.json","1138","2026-05-22T08:28:45","8A6A48C2062B30668F34E86C0C8D2D8B1934998DAE3A11DA58ED1B9FD50736CC"
"data\hardware\20260511_fpga1_board1\restart\random1_restart_auto_formal_bits_1000x125_warmup8_header_delay60s_contrast01_20260522_20260515.bin.sha256.txt","235","2026-05-22T08:11:32","012C6B4D544D15FBE6E4BBA284704E182280A9F6D6B32B3D436E6AEA1EE8E70E"
"data\hardware\20260511_fpga1_board1\restart\random1_restart_auto_formal_bits_1000x125_warmup8_header_delay60s_contrast01_20260522_20260515.metadata.json","520984","2026-05-22T08:11:32","18C5261A5DAFCFA6AE96F53AF835C688C2C16FBEE0556E56A3CF6FD9B9F7434D"
"data\hardware\20260511_fpga1_board1\restart\random1_restart_auto_formal_bits_1000x125_warmup8_header_delay60s_contrast01_20260522_20260515_bps1_lsb.bin.sha256.txt","244","2026-05-22T08:11:34","491B107EC30266370A3FF04FA9C8CE291315EF7505F202A3C53CE4F76F63E198"
"data\hardware\20260511_fpga1_board1\restart\random1_restart_auto_formal_bits_1000x125_warmup8_header_delay60s_contrast01_20260522_20260515_bps1_lsb.metadata.json","1136","2026-05-22T08:11:34","E98AA40989D293470DD9C45D86EC06F0F5DD64DA65BECC91E58AC47D9656816C"
"data\hardware\20260511_fpga1_board1\restart\random1_restart_auto_formal_bits_1000x125_warmup8_header_delay60s_contrast01_20260522_20260515_bps1_msb.bin.sha256.txt","244","2026-05-22T08:11:33","866EE744D3EECCC0A89FAC45945B9105F1289E4A596E740322E7A744B0230CB2"
"data\hardware\20260511_fpga1_board1\restart\random1_restart_auto_formal_bits_1000x125_warmup8_header_delay60s_contrast01_20260522_20260515_bps1_msb.metadata.json","1136","2026-05-22T08:11:33","8E6216B49B78237D310FE328ED5ADBB0CBE510887A4F3E50769C7E4C702EDEE0"
"data\hardware\20260511_fpga1_board1\restart\random1_restart_pilot_10x1000_20260514.bin.sha256.txt","179","2026-05-14T20:53:18","8412F334B19511D7397C12AB408B97F24232FAEE993ECC3AAA3631148EE70A70"
"data\hardware\20260511_fpga1_board1\restart\random1_restart_pilot_10x1000_20260514.metadata.json","6081","2026-05-14T20:53:19","5B569F13EB9BBF68BAC1C797E0EC709DDA0F7088427A918F687AFB1BA5F3DCB0"
"data\hardware\20260511_fpga1_board1\restart\random1_restart_pilot_10x1000_20260514_bps1_msb.bin.metadata.json","1020","2026-05-14T20:58:53","6E2D781C82DAC604C24B4B117741F2FB3944B0293E5731B8AA9211406846542F"
"data\hardware\20260511_fpga1_board1\restart\random1_restart_pilot_10x1000_20260514_bps1_msb.bin.sha256.txt","188","2026-05-14T20:58:53","8A17E833C826E6F8E47E068E3591E90D7EE46099FD1E30293EE69207B67A10B4"
"data\hardware\20260511_fpga1_board1\restart\random1_sampler_regs_only_restart_auto_formal_1000x125_warmup4_retest01_20260524.bin.sha256.txt","221","2026-05-24T23:26:27","BDC3A0154EF9A63396BE99F755B3234E23F018438FCB4C3DCFD132FF25A2B448"
"data\hardware\20260511_fpga1_board1\restart\random1_sampler_regs_only_restart_auto_formal_bits_1000x125_warmup0_header_delay60s_run01_20260524.bin.sha256.txt","239","2026-05-24T13:57:21","688F97CC911DCAA24E175AE68066FD6021B50BF07A8F391FB2A3A769512B7D73"
"data\hardware\20260511_fpga1_board1\restart\random1_sampler_regs_only_restart_auto_formal_bits_1000x125_warmup0_header_delay60s_run01_20260524.metadata.json","511303","2026-05-24T13:57:22","EB0D1BC77C48FE6F78AC6A0E6FC4A7B25B29229FA696E5433EAE4D20B678F181"
"data\hardware\20260511_fpga1_board1\restart\random1_sampler_regs_only_restart_auto_formal_bits_1000x125_warmup0_header_delay60s_run01_20260524_bps1_lsb.bin.sha256.txt","248","2026-05-24T13:57:22","96CC46A36FC647F9BC28EEDE54E14A01ECAD98791522EA275D3A8BB2D88C9F87"
"data\hardware\20260511_fpga1_board1\restart\random1_sampler_regs_only_restart_auto_formal_bits_1000x125_warmup0_header_delay60s_run01_20260524_bps1_lsb.metadata.json","1144","2026-05-24T13:57:22","F58014BFAEA6CA79D8A07D8369CD5A604533D984E7DCB8931DD95A6F6DF2F9D9"
"data\hardware\20260511_fpga1_board1\restart\random1_sampler_regs_only_restart_auto_formal_bits_1000x125_warmup0_header_delay60s_run01_20260524_bps1_msb.bin.sha256.txt","248","2026-05-24T13:57:22","B475132955FB17089B4BD7EC75C8AAB0323EB4739E15D0A93611519171853C92"
"data\hardware\20260511_fpga1_board1\restart\random1_sampler_regs_only_restart_auto_formal_bits_1000x125_warmup0_header_delay60s_run01_20260524_bps1_msb.metadata.json","1144","2026-05-24T13:57:22","7281DE3F0880496FF796481DD7F5E115AC83695F9E869655378D2005C97063C0"
"data\hardware\20260511_fpga1_board1\restart\random1_sampler_regs_only_restart_auto_formal_bits_1000x125_warmup0_header_delay60s_run02_20260524.bin.sha256.txt","239","2026-05-24T14:15:05","0A669C7DD8005DFAB07D988C7B16C17B2C8EE8DC94999DBCB4FEEFB67F5C7B9F"
"data\hardware\20260511_fpga1_board1\restart\random1_sampler_regs_only_restart_auto_formal_bits_1000x125_warmup0_header_delay60s_run02_20260524.metadata.json","511303","2026-05-24T14:15:05","EEA4AB540674C34F6EA99A99664440155123672E84237FA73594175B37229B11"
"data\hardware\20260511_fpga1_board1\restart\random1_sampler_regs_only_restart_auto_formal_bits_1000x125_warmup0_header_delay60s_run02_20260524_bps1_lsb.bin.sha256.txt","248","2026-05-24T14:15:05","0C4214158F47C6C79A99B1B24DB805C6148E4EBCE93BE9873480261B57631C66"
"data\hardware\20260511_fpga1_board1\restart\random1_sampler_regs_only_restart_auto_formal_bits_1000x125_warmup0_header_delay60s_run02_20260524_bps1_lsb.metadata.json","1144","2026-05-24T14:15:05","EF4705460FE8B212F79DF22BF3B0D35EA7242350B0D4D94D82A7CC0F85F6F51A"
"data\hardware\20260511_fpga1_board1\restart\random1_sampler_regs_only_restart_auto_formal_bits_1000x125_warmup0_header_delay60s_run02_20260524_bps1_msb.bin.sha256.txt","248","2026-05-24T14:15:05","5523E6F150911D9B85B8546CBDE5B523237BCA73F516CFFD41EE27EC0BDE0AAB"
"data\hardware\20260511_fpga1_board1\restart\random1_sampler_regs_only_restart_auto_formal_bits_1000x125_warmup0_header_delay60s_run02_20260524_bps1_msb.metadata.json","1144","2026-05-24T14:15:05","9B1A7C1465EFF582D421FA3007D698A340F167987DC70F040E33754E71F8DF4E"
"data\hardware\20260511_fpga1_board1\restart\random1_sampler_regs_only_restart_auto_formal_bits_1000x125_warmup10_header_delay60s_passband01_20260524.bin.sha256.txt","245","2026-05-24T15:41:21","616CF23F5959B0803383D45FC2F1829ABFFB63BA515F867275F8DEF387F56DA1"
"data\hardware\20260511_fpga1_board1\restart\random1_sampler_regs_only_restart_auto_formal_bits_1000x125_warmup10_header_delay60s_passband01_20260524.metadata.json","511317","2026-05-24T15:41:21","EA58E743BE4A2C62408B4277AC991C7E4B63D0A1F86008B1EB0DABCBFD8C9498"
"data\hardware\20260511_fpga1_board1\restart\random1_sampler_regs_only_restart_auto_formal_bits_1000x125_warmup10_header_delay60s_passband01_20260524_bps1_lsb.bin.sha256.txt","254","2026-05-24T15:41:22","2FF40E46D685F3D56AFB08368B205E14F253F079BB362766066A84D4ED8D2DA3"
"data\hardware\20260511_fpga1_board1\restart\random1_sampler_regs_only_restart_auto_formal_bits_1000x125_warmup10_header_delay60s_passband01_20260524_bps1_lsb.metadata.json","1156","2026-05-24T15:41:22","94BC047132AE4345AF1B1AEFF9843B170455C58B983294BFC580FB83FBF62DC0"
"data\hardware\20260511_fpga1_board1\restart\random1_sampler_regs_only_restart_auto_formal_bits_1000x125_warmup10_header_delay60s_passband01_20260524_bps1_msb.bin.sha256.txt","254","2026-05-24T15:41:21","F2783BB0C6F5B6ACACF4C1BA7CA4FAAAA0ECC413D675D7DD10A5C040BE0FB69E"
"data\hardware\20260511_fpga1_board1\restart\random1_sampler_regs_only_restart_auto_formal_bits_1000x125_warmup10_header_delay60s_passband01_20260524_bps1_msb.metadata.json","1156","2026-05-24T15:41:21","359669663A0363180CE5C82CF7572E6E8211580CCD48AE488414B76F2B8F6F6E"
"data\hardware\20260511_fpga1_board1\restart\random1_sampler_regs_only_restart_auto_formal_bits_1000x125_warmup10_header_delay60s_repeat02_20260524.bin.sha256.txt","243","2026-05-24T16:35:27","33F7577286C2B74E85CD0243E7ADBEB13A4DA701D85774B3D85BAC3D95AA7D85"
"data\hardware\20260511_fpga1_board1\restart\random1_sampler_regs_only_restart_auto_formal_bits_1000x125_warmup10_header_delay60s_repeat02_20260524.metadata.json","511312","2026-05-24T16:35:28","08606EB4D3114B4FC01FE4EE02CF5F9B664E69865A3466A471927273B180A4CA"
"data\hardware\20260511_fpga1_board1\restart\random1_sampler_regs_only_restart_auto_formal_bits_1000x125_warmup10_header_delay60s_repeat02_20260524_bps1_lsb.bin.sha256.txt","252","2026-05-24T16:35:31","1597E5F60FBC3DEE696E4064B1A7520BE9EAC3C9733005531B41FF2934D63DF7"
"data\hardware\20260511_fpga1_board1\restart\random1_sampler_regs_only_restart_auto_formal_bits_1000x125_warmup10_header_delay60s_repeat02_20260524_bps1_lsb.metadata.json","1152","2026-05-24T16:35:31","B90BA163307D5DE7ED4F2D6423A1AC23776E58608552A1A99EE821EBDA4307AD"
"data\hardware\20260511_fpga1_board1\restart\random1_sampler_regs_only_restart_auto_formal_bits_1000x125_warmup10_header_delay60s_repeat02_20260524_bps1_msb.bin.sha256.txt","252","2026-05-24T16:35:30","0161FD45B8840108CDC4D890D5E8015C18825270E1CFF77AFA52DC48238D710A"
"data\hardware\20260511_fpga1_board1\restart\random1_sampler_regs_only_restart_auto_formal_bits_1000x125_warmup10_header_delay60s_repeat02_20260524_bps1_msb.metadata.json","1152","2026-05-24T16:35:30","26F9641ED392E8DF8A1E819D1A4CDC202E7704DAFADB74DDD49C6AF24F84EFC6"
"data\hardware\20260511_fpga1_board1\restart\random1_sampler_regs_only_restart_auto_formal_bits_1000x125_warmup11_header_delay60s_edge01_20260524.bin.sha256.txt","241","2026-05-24T16:01:24","9783038CA600AE921CB454D3ADFAF1F752D2AB373CF843A750C356FA2F6FD71A"
"data\hardware\20260511_fpga1_board1\restart\random1_sampler_regs_only_restart_auto_formal_bits_1000x125_warmup11_header_delay60s_edge01_20260524.metadata.json","511309","2026-05-24T16:01:24","12E519AE50A1D73A3CA6BDCF23AB23729EDF174D38B302A26B0063991E52E54E"
"data\hardware\20260511_fpga1_board1\restart\random1_sampler_regs_only_restart_auto_formal_bits_1000x125_warmup11_header_delay60s_edge01_20260524_bps1_lsb.bin.sha256.txt","250","2026-05-24T16:01:25","8CA2A31D8BA57384B096EB29BBA1886EAD8527FFD40E9015BC824443E74CE75B"
"data\hardware\20260511_fpga1_board1\restart\random1_sampler_regs_only_restart_auto_formal_bits_1000x125_warmup11_header_delay60s_edge01_20260524_bps1_lsb.metadata.json","1148","2026-05-24T16:01:25","2959C24F25E131C0A68353A8280436BD4E8ED7E3498692370A1803B2C6B7DAC0"
"data\hardware\20260511_fpga1_board1\restart\random1_sampler_regs_only_restart_auto_formal_bits_1000x125_warmup11_header_delay60s_edge01_20260524_bps1_msb.bin.sha256.txt","250","2026-05-24T16:01:24","62947B867D267F5FC8B0CCF436101322C7A283E4A451048DD5B9B00FA68013D6"
"data\hardware\20260511_fpga1_board1\restart\random1_sampler_regs_only_restart_auto_formal_bits_1000x125_warmup11_header_delay60s_edge01_20260524_bps1_msb.metadata.json","1148","2026-05-24T16:01:24","D481EF26B94DD9A7E86CD3855802F5957D91A06945670DF3438ACCEA0377EB47"
"data\hardware\20260511_fpga1_board1\restart\random1_sampler_regs_only_restart_auto_formal_bits_1000x125_warmup11_header_delay60s_repeat02_20260524.bin.sha256.txt","243","2026-05-24T16:45:14","D214E6C0A9C13BF5A34D1E1A76A1DBE4F80FDA44C4801C1690657865E995A912"
"data\hardware\20260511_fpga1_board1\restart\random1_sampler_regs_only_restart_auto_formal_bits_1000x125_warmup11_header_delay60s_repeat02_20260524.metadata.json","511312","2026-05-24T16:45:14","ACB49C8FE1CEF158076D10BC49B2924BA5B767853242E199EFDDB9E987B15023"
"data\hardware\20260511_fpga1_board1\restart\random1_sampler_regs_only_restart_auto_formal_bits_1000x125_warmup11_header_delay60s_repeat02_20260524_bps1_lsb.bin.sha256.txt","252","2026-05-24T16:45:15","C71BCE029E2D7C24704233208EB71DD34F0B3AB87A62D2B153DFF166E3D28A03"
"data\hardware\20260511_fpga1_board1\restart\random1_sampler_regs_only_restart_auto_formal_bits_1000x125_warmup11_header_delay60s_repeat02_20260524_bps1_lsb.metadata.json","1152","2026-05-24T16:45:15","52D0BF64AFE4898B13A42949CB17C0F30EFF1758A0FE433A3D1E7FF4A9BBD6E1"
"data\hardware\20260511_fpga1_board1\restart\random1_sampler_regs_only_restart_auto_formal_bits_1000x125_warmup11_header_delay60s_repeat02_20260524_bps1_msb.bin.sha256.txt","252","2026-05-24T16:45:14","50D32FCC3BDEAE446E50931A550845BD10245728480CAA487595398D11FA1D09"
"data\hardware\20260511_fpga1_board1\restart\random1_sampler_regs_only_restart_auto_formal_bits_1000x125_warmup11_header_delay60s_repeat02_20260524_bps1_msb.metadata.json","1152","2026-05-24T16:45:14","BBC7522AD61A31372CFEA5AD2588B72700D5E2EAD43C0E99868A8ABD0DCF0467"
"data\hardware\20260511_fpga1_board1\restart\random1_sampler_regs_only_restart_auto_formal_bits_1000x125_warmup12_header_delay60s_run01_20260524.bin.sha256.txt","240","2026-05-24T14:06:02","EDFAE13A06A7263D2079E5DFD9C3A5DF74FE46BECCF5D7CA470B84E142E4F221"
"data\hardware\20260511_fpga1_board1\restart\random1_sampler_regs_only_restart_auto_formal_bits_1000x125_warmup12_header_delay60s_run01_20260524.metadata.json","511307","2026-05-24T14:06:02","9C030D6FECBEED0944ED3D1BABFB7A7BC58EDBC95E2AB86E71CAECE4B2F85C61"
"data\hardware\20260511_fpga1_board1\restart\random1_sampler_regs_only_restart_auto_formal_bits_1000x125_warmup12_header_delay60s_run01_20260524_bps1_lsb.bin.sha256.txt","249","2026-05-24T14:06:03","7A12E8C1C114452033E207AB566AF017DBCFA9E1B4156743850BAFB183DAFB38"
"data\hardware\20260511_fpga1_board1\restart\random1_sampler_regs_only_restart_auto_formal_bits_1000x125_warmup12_header_delay60s_run01_20260524_bps1_lsb.metadata.json","1146","2026-05-24T14:06:03","7BAF771A87801BE4DC1A7AFC2CF840901206D2DF9A0C21952FB0FC29995F6212"
"data\hardware\20260511_fpga1_board1\restart\random1_sampler_regs_only_restart_auto_formal_bits_1000x125_warmup12_header_delay60s_run01_20260524_bps1_msb.bin.sha256.txt","249","2026-05-24T14:06:03","1662D783419524214F35DCBB4BCAC452E675D73A287E4C261C607876FB8E100B"
"data\hardware\20260511_fpga1_board1\restart\random1_sampler_regs_only_restart_auto_formal_bits_1000x125_warmup12_header_delay60s_run01_20260524_bps1_msb.metadata.json","1146","2026-05-24T14:06:03","20B1B887DF252415AD1B491783CB9A991388AFBAC713A6C336DB4A573C25B668"
"data\hardware\20260511_fpga1_board1\restart\random1_sampler_regs_only_restart_auto_formal_bits_1000x125_warmup12_header_delay60s_run02_20260524.bin.sha256.txt","240","2026-05-24T14:22:56","E6C5DB93150A3D0FAD2588A7EABE695219657AAE48F6F163D7DC9C5BD1690FED"
"data\hardware\20260511_fpga1_board1\restart\random1_sampler_regs_only_restart_auto_formal_bits_1000x125_warmup12_header_delay60s_run02_20260524.metadata.json","511307","2026-05-24T14:22:56","E4A3E5E9F79D40C6531264055F7E22714516EA53B44C9A389DA3C479559E5087"
"data\hardware\20260511_fpga1_board1\restart\random1_sampler_regs_only_restart_auto_formal_bits_1000x125_warmup12_header_delay60s_run02_20260524_bps1_lsb.bin.sha256.txt","249","2026-05-24T14:22:57","4E0F53E0EFBB87D1A38637F9046E32B29BD4FE8BBA1D38C1E8E25C266B0220DE"
"data\hardware\20260511_fpga1_board1\restart\random1_sampler_regs_only_restart_auto_formal_bits_1000x125_warmup12_header_delay60s_run02_20260524_bps1_lsb.metadata.json","1146","2026-05-24T14:22:57","DE071FC88C646499AC9C4C9A94B0C9367C0D4A49CC9CE604E5DCA3AAB79BBB66"
"data\hardware\20260511_fpga1_board1\restart\random1_sampler_regs_only_restart_auto_formal_bits_1000x125_warmup12_header_delay60s_run02_20260524_bps1_msb.bin.sha256.txt","249","2026-05-24T14:22:57","F589FCDFBD3A96F31A35A9BFC55507830E2C89EF42350F65432422A4950AC147"
"data\hardware\20260511_fpga1_board1\restart\random1_sampler_regs_only_restart_auto_formal_bits_1000x125_warmup12_header_delay60s_run02_20260524_bps1_msb.metadata.json","1146","2026-05-24T14:22:57","8C7B04FC7D9215E5F0637D9F62CCEF5EA95834AB0CDF7C72B78B10C1FC9E0A16"
"data\hardware\20260511_fpga1_board1\restart\random1_sampler_regs_only_restart_auto_formal_bits_1000x125_warmup16_header_delay60s_sweep01_20260524.bin.sha256.txt","242","2026-05-24T15:13:37","AE1311D8D55F9E3A8C6BF11323803E814DEF67072E42F9BE9B6E36C72FE051B1"
"data\hardware\20260511_fpga1_board1\restart\random1_sampler_regs_only_restart_auto_formal_bits_1000x125_warmup16_header_delay60s_sweep01_20260524.metadata.json","511310","2026-05-24T15:13:37","453D7545C5EA24312AFC2DA67376BC2A41110798A084FB7BDE271C7630023645"
"data\hardware\20260511_fpga1_board1\restart\random1_sampler_regs_only_restart_auto_formal_bits_1000x125_warmup16_header_delay60s_sweep01_20260524_bps1_lsb.bin.sha256.txt","251","2026-05-24T15:13:37","05D55750E56318E3ABF71A40B0BB40933EAB2F06CEC3C5A30725CE433788591B"
"data\hardware\20260511_fpga1_board1\restart\random1_sampler_regs_only_restart_auto_formal_bits_1000x125_warmup16_header_delay60s_sweep01_20260524_bps1_lsb.metadata.json","1150","2026-05-24T15:13:37","90DD104BA08855343FAA5716E2371D5F8C6B249B188A0B3574123845D348ECAA"
"data\hardware\20260511_fpga1_board1\restart\random1_sampler_regs_only_restart_auto_formal_bits_1000x125_warmup16_header_delay60s_sweep01_20260524_bps1_msb.bin.sha256.txt","251","2026-05-24T15:13:37","6BE17218DAE93CFD47E1D01B7476FBB8982395E6147BA05C651358B4576F77FE"
"data\hardware\20260511_fpga1_board1\restart\random1_sampler_regs_only_restart_auto_formal_bits_1000x125_warmup16_header_delay60s_sweep01_20260524_bps1_msb.metadata.json","1150","2026-05-24T15:13:37","99D5A9448C21D1CE10164DF028CB213A7DBA862A210BECC60D7CD3988A596576"
"data\hardware\20260511_fpga1_board1\restart\random1_sampler_regs_only_restart_auto_formal_bits_1000x125_warmup4_header_delay60s_repeat02_20260524.bin.sha256.txt","242","2026-05-24T16:14:45","999924AF5D1DCD3F67184A97CBB35F57DC7FF28F175E2F3ACD43C746A16DE4DC"
"data\hardware\20260511_fpga1_board1\restart\random1_sampler_regs_only_restart_auto_formal_bits_1000x125_warmup4_header_delay60s_repeat02_20260524.metadata.json","511309","2026-05-24T16:14:45","29C4B33268A199DC4FBD1D128A0C943EFCB61A32A62D6FDC1D53B5A68F40F3DA"
"data\hardware\20260511_fpga1_board1\restart\random1_sampler_regs_only_restart_auto_formal_bits_1000x125_warmup4_header_delay60s_repeat02_20260524_bps1_lsb.bin.sha256.txt","251","2026-05-24T16:14:45","54E9E3CFF8752AD394C090C543E0C6142F4BE0EF344834E23ECFE477BD3DD62D"
"data\hardware\20260511_fpga1_board1\restart\random1_sampler_regs_only_restart_auto_formal_bits_1000x125_warmup4_header_delay60s_repeat02_20260524_bps1_lsb.metadata.json","1150","2026-05-24T16:14:45","E2ADBD34B2351C3EFE009907A2A511E210AE61982EAF978F878608E97596303E"
"data\hardware\20260511_fpga1_board1\restart\random1_sampler_regs_only_restart_auto_formal_bits_1000x125_warmup4_header_delay60s_repeat02_20260524_bps1_msb.bin.sha256.txt","251","2026-05-24T16:14:45","103E36D53230AD3B425C5B1DFAC8E30AD79696285B33826391DE68B6D361B60D"
"data\hardware\20260511_fpga1_board1\restart\random1_sampler_regs_only_restart_auto_formal_bits_1000x125_warmup4_header_delay60s_repeat02_20260524_bps1_msb.metadata.json","1149","2026-05-24T16:14:45","B938FCFB0E9877892338A017AE01A10CCB3C1EAD2039A0A5F7901D583A91408F"
"data\hardware\20260511_fpga1_board1\restart\random1_sampler_regs_only_restart_auto_formal_bits_1000x125_warmup4_header_delay60s_sweep01_20260524.bin.sha256.txt","241","2026-05-24T14:59:12","60FF84951C74F64394E0BA64A5A56F8407836D2B597E7EC1DDD9719A0C1E7385"
"data\hardware\20260511_fpga1_board1\restart\random1_sampler_regs_only_restart_auto_formal_bits_1000x125_warmup4_header_delay60s_sweep01_20260524.metadata.json","511307","2026-05-24T14:59:12","AE92156779FE74800AB78D682EA0EE9D1E7E344BFF2686FF782E333EA06B7D79"
"data\hardware\20260511_fpga1_board1\restart\random1_sampler_regs_only_restart_auto_formal_bits_1000x125_warmup4_header_delay60s_sweep01_20260524_bps1_lsb.bin.sha256.txt","250","2026-05-24T14:59:13","95F6DAA9D77D548477F57A126EA8245687425FD9DB7CCCA1095DE4E7A0C16218"
"data\hardware\20260511_fpga1_board1\restart\random1_sampler_regs_only_restart_auto_formal_bits_1000x125_warmup4_header_delay60s_sweep01_20260524_bps1_lsb.metadata.json","1148","2026-05-24T14:59:13","69729015B12B3DC35318C3D6A3E8B16EDB01385E07E8AEBEB0443D9CDC24BAD4"
"data\hardware\20260511_fpga1_board1\restart\random1_sampler_regs_only_restart_auto_formal_bits_1000x125_warmup4_header_delay60s_sweep01_20260524_bps1_msb.bin.sha256.txt","250","2026-05-24T14:59:13","08A520D3C3035F2E124A279A1C7BC89EF865B971932DD6D085C8C56985315BDD"
"data\hardware\20260511_fpga1_board1\restart\random1_sampler_regs_only_restart_auto_formal_bits_1000x125_warmup4_header_delay60s_sweep01_20260524_bps1_msb.metadata.json","1148","2026-05-24T14:59:13","057B2C32232A8BCF28ADAE9C086E6349C3D04B1B3053C9772AE37FE9F54C44B1"
"data\hardware\20260511_fpga1_board1\restart\random1_sampler_regs_only_restart_auto_formal_bits_1000x125_warmup5_header_delay60s_edge01_20260524.bin.sha256.txt","240","2026-05-24T15:54:50","BD356DA69D9DB4859E3C9ABDA7D0400FE0BF75CD7F40CF0BC4D9E2E271B8C780"
"data\hardware\20260511_fpga1_board1\restart\random1_sampler_regs_only_restart_auto_formal_bits_1000x125_warmup5_header_delay60s_edge01_20260524.metadata.json","511305","2026-05-24T15:54:50","56B98AA156BA7E4A48D83AD9D7E3A2629A4323FAA469504B3BE175B5C45C8953"
"data\hardware\20260511_fpga1_board1\restart\random1_sampler_regs_only_restart_auto_formal_bits_1000x125_warmup5_header_delay60s_edge01_20260524_bps1_lsb.bin.sha256.txt","249","2026-05-24T15:54:51","547801AD49E119DFA4C9C5C969B05CE1E236B213DD97620F6CDF27DEDC57AB8E"
"data\hardware\20260511_fpga1_board1\restart\random1_sampler_regs_only_restart_auto_formal_bits_1000x125_warmup5_header_delay60s_edge01_20260524_bps1_lsb.metadata.json","1146","2026-05-24T15:54:51","673D309EAFE96DCDB17E74DA49DD9256FD44B363FA2336BCE8621AB8D73BA561"
"data\hardware\20260511_fpga1_board1\restart\random1_sampler_regs_only_restart_auto_formal_bits_1000x125_warmup5_header_delay60s_edge01_20260524_bps1_msb.bin.sha256.txt","249","2026-05-24T15:54:50","EFD61C6C00DE9D1CE5D832C5A840BA1A5C8311B16C47B7A0511954461EFA75F0"
"data\hardware\20260511_fpga1_board1\restart\random1_sampler_regs_only_restart_auto_formal_bits_1000x125_warmup5_header_delay60s_edge01_20260524_bps1_msb.metadata.json","1146","2026-05-24T15:54:50","30884C286AB6F03C6D56D614B763D85C8D3C3526AD6FA3B8267C8C302BE6F32B"
"data\hardware\20260511_fpga1_board1\restart\random1_sampler_regs_only_restart_auto_formal_bits_1000x125_warmup5_header_delay60s_repeat02_20260524.bin.sha256.txt","242","2026-05-24T16:21:42","E22678A878835B08613473800491E48C5E90D4B8194D61F0D369658ED76CD1F6"
"data\hardware\20260511_fpga1_board1\restart\random1_sampler_regs_only_restart_auto_formal_bits_1000x125_warmup5_header_delay60s_repeat02_20260524.metadata.json","511309","2026-05-24T16:21:42","355AFBD5FE96AA1AA41B8A03E371AC224EF3F336426E3B523616821479E1A82E"
"data\hardware\20260511_fpga1_board1\restart\random1_sampler_regs_only_restart_auto_formal_bits_1000x125_warmup5_header_delay60s_repeat02_20260524_bps1_lsb.bin.sha256.txt","251","2026-05-24T16:21:43","54DA3ECA9283741F3536BCC34960D7456B7E24D16DADCCBBE8BE8B2D1B6E6BFD"
"data\hardware\20260511_fpga1_board1\restart\random1_sampler_regs_only_restart_auto_formal_bits_1000x125_warmup5_header_delay60s_repeat02_20260524_bps1_lsb.metadata.json","1150","2026-05-24T16:21:43","4EE983051BEBA60DFD121BDB1BEB1D741F638EE3E9FBFE4FF9CF846F69689BAE"
"data\hardware\20260511_fpga1_board1\restart\random1_sampler_regs_only_restart_auto_formal_bits_1000x125_warmup5_header_delay60s_repeat02_20260524_bps1_msb.bin.sha256.txt","251","2026-05-24T16:21:43","0580651457F6D6E387C5785A1085C58BC4FE89B7B53537875267A29DE1C30872"
"data\hardware\20260511_fpga1_board1\restart\random1_sampler_regs_only_restart_auto_formal_bits_1000x125_warmup5_header_delay60s_repeat02_20260524_bps1_msb.metadata.json","1150","2026-05-24T16:21:43","3F8F227ADEB8D5AC52CDF1171E808EF7712F1711943B20B9D55589F44F19039B"
"data\hardware\20260511_fpga1_board1\restart\random1_sampler_regs_only_restart_auto_formal_bits_1000x125_warmup6_header_delay60s_passband01_20260524.bin.sha256.txt","244","2026-05-24T15:27:21","F8DD5331B8312B66B3E265544461E5FAED48E9DE31443EB3260A80F9209F6DA6"
"data\hardware\20260511_fpga1_board1\restart\random1_sampler_regs_only_restart_auto_formal_bits_1000x125_warmup6_header_delay60s_passband01_20260524.metadata.json","511313","2026-05-24T15:27:21","5770F935EAA78E31FEE65345567EF495406E75F63C33B9F2DCA163625EA69993"
"data\hardware\20260511_fpga1_board1\restart\random1_sampler_regs_only_restart_auto_formal_bits_1000x125_warmup6_header_delay60s_passband01_20260524_bps1_lsb.bin.sha256.txt","253","2026-05-24T15:27:22","86BF48712F2D3B62CD57C5503BAA347FF6E17C5D279DBBDCA2832E24FF1F01F7"
"data\hardware\20260511_fpga1_board1\restart\random1_sampler_regs_only_restart_auto_formal_bits_1000x125_warmup6_header_delay60s_passband01_20260524_bps1_lsb.metadata.json","1154","2026-05-24T15:27:22","F197968A6AC81B7799BFB3E1CDBE26A387B48C1A5CCE3B1DC166BB9C27957E63"
"data\hardware\20260511_fpga1_board1\restart\random1_sampler_regs_only_restart_auto_formal_bits_1000x125_warmup6_header_delay60s_passband01_20260524_bps1_msb.bin.sha256.txt","253","2026-05-24T15:27:22","E3FF946AC6CC2378806ACAC6EBC296162A194DEF7D75AD25AC8A3D20141BE82E"
"data\hardware\20260511_fpga1_board1\restart\random1_sampler_regs_only_restart_auto_formal_bits_1000x125_warmup6_header_delay60s_passband01_20260524_bps1_msb.metadata.json","1154","2026-05-24T15:27:22","24C3039E52306FE8537EDB79623A8B28DE8A45A3E7A22144998E694D9CABEB6E"
"data\hardware\20260511_fpga1_board1\restart\random1_sampler_regs_only_restart_auto_formal_bits_1000x125_warmup6_header_delay60s_repeat02_20260524.bin.sha256.txt","242","2026-05-24T16:28:13","120D5212B51AAFB341C93FFF0AFFF59FD9B6782B8253E1F864EFE330CD2F31EF"
"data\hardware\20260511_fpga1_board1\restart\random1_sampler_regs_only_restart_auto_formal_bits_1000x125_warmup6_header_delay60s_repeat02_20260524.metadata.json","511309","2026-05-24T16:28:13","A694F582929D72024FCCD815D236FD695B908175A5B8A0F63A546F61D8362247"
"data\hardware\20260511_fpga1_board1\restart\random1_sampler_regs_only_restart_auto_formal_bits_1000x125_warmup6_header_delay60s_repeat02_20260524_bps1_lsb.bin.sha256.txt","251","2026-05-24T16:28:17","06C49D30C8FDC998A1FD2B2568A66D8CCC241CF98FDA3E31F7DA00EBB531E81A"
"data\hardware\20260511_fpga1_board1\restart\random1_sampler_regs_only_restart_auto_formal_bits_1000x125_warmup6_header_delay60s_repeat02_20260524_bps1_lsb.metadata.json","1149","2026-05-24T16:28:17","A46F18AA0B1734459013B94B74DEC98DB68AA7E8A5972D1034DE22675DA0860C"
"data\hardware\20260511_fpga1_board1\restart\random1_sampler_regs_only_restart_auto_formal_bits_1000x125_warmup6_header_delay60s_repeat02_20260524_bps1_msb.bin.sha256.txt","251","2026-05-24T16:28:16","DAF7FBB0CD9E1370F272551F92A50DC62226202E9455332DF6A643376FA37A6B"
"data\hardware\20260511_fpga1_board1\restart\random1_sampler_regs_only_restart_auto_formal_bits_1000x125_warmup6_header_delay60s_repeat02_20260524_bps1_msb.metadata.json","1150","2026-05-24T16:28:16","395FF4EDCB76E1C44592A5EC2E374ED760707FE0065DD155509C890992C8D56E"
"data\hardware\20260511_fpga1_board1\restart\random1_sampler_regs_only_restart_auto_formal_bits_1000x125_warmup8_header_delay60s_repeat02_20260524.bin.sha256.txt","242","2026-05-24T15:34:15","057878551A4D8C34655D989E4EF09FB657AA2C1D75F0CC0AF1B40A061E5171F2"
"data\hardware\20260511_fpga1_board1\restart\random1_sampler_regs_only_restart_auto_formal_bits_1000x125_warmup8_header_delay60s_repeat02_20260524.metadata.json","511309","2026-05-24T15:34:15","416933B75A3C7D6203190BDB1CE96BC71B3842EFB065A562C2121BD78D51FBDB"
"data\hardware\20260511_fpga1_board1\restart\random1_sampler_regs_only_restart_auto_formal_bits_1000x125_warmup8_header_delay60s_repeat02_20260524_bps1_lsb.bin.sha256.txt","251","2026-05-24T15:34:15","BA86F61A8B6D042E1F45EBA5B7F90868DDA4F294F49865EF0E4C0C29D69E9C33"
"data\hardware\20260511_fpga1_board1\restart\random1_sampler_regs_only_restart_auto_formal_bits_1000x125_warmup8_header_delay60s_repeat02_20260524_bps1_lsb.metadata.json","1150","2026-05-24T15:34:15","C2A2AC15E827E577C49533CE2F9FD5D359C2B6F33DAFC55F14642A13C49EF533"
"data\hardware\20260511_fpga1_board1\restart\random1_sampler_regs_only_restart_auto_formal_bits_1000x125_warmup8_header_delay60s_repeat02_20260524_bps1_msb.bin.sha256.txt","251","2026-05-24T15:34:15","E5DCF14EE06AD12883D029C24E3F40E28817EBDA18E75A1CBA553D6073753E6C"
"data\hardware\20260511_fpga1_board1\restart\random1_sampler_regs_only_restart_auto_formal_bits_1000x125_warmup8_header_delay60s_repeat02_20260524_bps1_msb.metadata.json","1150","2026-05-24T15:34:15","205D72D5C0C882EC94633C7AC044CA69F97CC9DA9B80D7E2FCAC6661C383500E"
"data\hardware\20260511_fpga1_board1\restart\random1_sampler_regs_only_restart_auto_formal_bits_1000x125_warmup8_header_delay60s_sweep01_20260524.bin.sha256.txt","241","2026-05-24T15:06:50","68B1490A37A4E825936775DD241B1EB8D4A92E727404B2F6C876C08A0A012CDA"
"data\hardware\20260511_fpga1_board1\restart\random1_sampler_regs_only_restart_auto_formal_bits_1000x125_warmup8_header_delay60s_sweep01_20260524.metadata.json","511307","2026-05-24T15:06:50","E14DEEA4F700F70B7354927513E32D8BE908B779251D58312432DC42EBEAE5E5"
"data\hardware\20260511_fpga1_board1\restart\random1_sampler_regs_only_restart_auto_formal_bits_1000x125_warmup8_header_delay60s_sweep01_20260524_bps1_lsb.bin.sha256.txt","250","2026-05-24T15:06:50","4A715ED940F665E33ABF3EE9F172A66EB53C1C4B947AC28FDE666EB67FCEE8AC"
"data\hardware\20260511_fpga1_board1\restart\random1_sampler_regs_only_restart_auto_formal_bits_1000x125_warmup8_header_delay60s_sweep01_20260524_bps1_lsb.metadata.json","1148","2026-05-24T15:06:50","B862EDFFFD3CAE89E43C38B43FA0BAC9EF7F0E9FC600EB85599F608960346772"
"data\hardware\20260511_fpga1_board1\restart\random1_sampler_regs_only_restart_auto_formal_bits_1000x125_warmup8_header_delay60s_sweep01_20260524_bps1_msb.bin.sha256.txt","250","2026-05-24T15:06:50","51841F2878885391F8B9ADC4E324A695C69FE975C45E7E1C0BC11228C59B334D"
"data\hardware\20260511_fpga1_board1\restart\random1_sampler_regs_only_restart_auto_formal_bits_1000x125_warmup8_header_delay60s_sweep01_20260524_bps1_msb.metadata.json","1148","2026-05-24T15:06:50","27CA1F123FDD06A2B2F6248D0AB4AB5C198625D97B9A093569CE73C46D209BD6"
"data\hardware\20260511_fpga1_board1\restart\random3_restart_auto_boundary_1000x64_header_20260515.bin.sha256.txt","194","2026-05-15T00:14:38","35E1910F4F6AA6E57C962A72CA0536C8FE7FB1E62F71B15C98014BBED1D6E680"
"data\hardware\20260511_fpga1_board1\restart\random3_restart_auto_boundary_1000x64_header_20260515.metadata.json","507781","2026-05-15T00:14:39","C843D1EA774BE66C8F53C0837A4EA81D512FB356FE5B5840DBE91A2709D8B55A"
"data\hardware\20260511_fpga1_board1\restart\random3_restart_auto_boundary_4x1000_header_20260515.bin.sha256.txt","193","2026-05-15T00:10:35","12093546CAD3DD12C0D957AD88143B25B17C4ABAAB619292420389D1537E9462"
"data\hardware\20260511_fpga1_board1\restart\random3_restart_auto_boundary_4x1000_header_20260515.metadata.json","3916","2026-05-15T00:10:35","59048358F7CA4773CD7E80CF89B2D9EF9BE7D6E2112E9689BDF8E79AA4F43099"
"data\hardware\20260511_fpga1_board1\restart\random3_restart_auto_formal_1000x1000_header_delay60s_20260515.bin.sha256.txt","203","2026-05-15T00:35:18","8F6745BDD509D575E2695A6DD1D6BD045F682734BA101A430095681B569B96A6"
"data\hardware\20260511_fpga1_board1\restart\random3_restart_auto_formal_1000x1000_header_delay60s_20260515.metadata.json","511781","2026-05-15T00:35:18","F76857EFBFC6BE99DBA69BF8E9D578CEA281D5523BC97A1CE5F0229BBA0DA12A"
"data\hardware\20260511_fpga1_board1\restart\random3_restart_auto_formal_bits_1000x125_header_delay60s_20260515.bin.sha256.txt","207","2026-05-15T00:40:27","821E5D9A061390F256BCD308B60851444FA43423C0BB410D173C39131B506471"
"data\hardware\20260511_fpga1_board1\restart\random3_restart_auto_formal_bits_1000x125_header_delay60s_20260515.metadata.json","509837","2026-05-15T00:40:27","6D57E9F0F295A5B51E80B081E97D32DAD602B1B242385852E68F19C089C52571"
"data\hardware\20260511_fpga1_board1\restart\random3_restart_auto_formal_bits_1000x125_header_delay60s_20260515_bps1_lsb.bin.metadata.json","1080","2026-05-15T00:48:05","B5741C6EE0F4AB7034242B36585B59E3296C46B2BF351002998F099F3A9328CA"
"data\hardware\20260511_fpga1_board1\restart\random3_restart_auto_formal_bits_1000x125_header_delay60s_20260515_bps1_lsb.bin.sha256.txt","216","2026-05-15T00:48:05","D0CA472412E7275B140126C0A0ED9C3DD8416B66FC64C73B87216AEBEF2270AE"
"data\hardware\20260511_fpga1_board1\restart\random3_restart_auto_formal_bits_1000x125_header_delay60s_20260515_bps1_msb.bin.metadata.json","1080","2026-05-15T00:40:47","733A893260B35F487198E6C28D092DB3E9D4274B7CF1EF187629CA03C33A8347"
"data\hardware\20260511_fpga1_board1\restart\random3_restart_auto_formal_bits_1000x125_header_delay60s_20260515_bps1_msb.bin.sha256.txt","216","2026-05-15T00:40:47","3C5E5BAC448D010C87159FEB214269C040E93E0FA665B5115541559131010636"
"data\hardware\20260511_fpga1_board1\restart\random3_restart_auto_formal_bits_1000x125_header_delay60s_repeat02_20260515.bin.sha256.txt","216","2026-05-15T01:18:13","0AB5608023963DF1852F03D4B51850F99715F6E965A33744BD28DF503D66EC75"
"data\hardware\20260511_fpga1_board1\restart\random3_restart_auto_formal_bits_1000x125_header_delay60s_repeat02_20260515.metadata.json","509856","2026-05-15T01:18:13","6C6C12586A7BECD33E4ABD1C2A4641D60353E5C0C5A931032B4519B666DE88CC"
"data\hardware\20260511_fpga1_board1\restart\random3_restart_auto_formal_bits_1000x125_header_delay60s_repeat02_20260515_bps1_lsb.bin.sha256.txt","225","2026-05-15T01:19:18","B46EB44706BFD6C3563BDF01FA1324E60DD20129A6FA2B341FC4FE2C4152A755"
"data\hardware\20260511_fpga1_board1\restart\random3_restart_auto_formal_bits_1000x125_header_delay60s_repeat02_20260515_bps1_lsb.metadata.json","1098","2026-05-15T01:19:18","F3BA010BB3DDEA0CD1C9E17B4D05044B2EB65A1A769CDA3D9DE93156371A7281"
"data\hardware\20260511_fpga1_board1\restart\random3_restart_auto_formal_bits_1000x125_header_delay60s_repeat02_20260515_bps1_msb.bin.sha256.txt","225","2026-05-15T01:19:18","D6DFAE9DE396EA88E27969D18D78EA66F1B65FEC23FB5E67B9A844E7DDC79683"
"data\hardware\20260511_fpga1_board1\restart\random3_restart_auto_formal_bits_1000x125_header_delay60s_repeat02_20260515_bps1_msb.metadata.json","1097","2026-05-15T01:19:18","A875668184A079F4456C469650258DDB3DD4D9078F09CCC4AFBD443F24ACDAAA"
"data\hardware\20260511_fpga1_board1\restart\random3_restart_auto_formal_bits_1000x125_warmup10_header_delay60s_20260515.bin.sha256.txt","216","2026-05-15T02:18:22","666D983CEC699A7CEF46E7382E4CF0B8BC1F68E069633DFFB12A12BDEAA1FE3B"
"data\hardware\20260511_fpga1_board1\restart\random3_restart_auto_formal_bits_1000x125_warmup10_header_delay60s_20260515.metadata.json","509874","2026-05-15T02:18:23","8A3165A69ACD1CCD0FDDADAC6B6E04DC057F8626EDB48E85CA7B09E1621E59A3"
"data\hardware\20260511_fpga1_board1\restart\random3_restart_auto_formal_bits_1000x125_warmup10_header_delay60s_20260515_bps1_lsb.bin.sha256.txt","225","2026-05-15T02:19:54","2F0307E85DECFF6BBE76A4B6AB20CFE298643459E10767E0CDF0AC3E59C2D7E1"
"data\hardware\20260511_fpga1_board1\restart\random3_restart_auto_formal_bits_1000x125_warmup10_header_delay60s_20260515_bps1_lsb.metadata.json","1098","2026-05-15T02:19:54","03928811819ADB99C13CE25B3622311C1CDC97A26BB97EB01DC2BA33CB7F5B14"
"data\hardware\20260511_fpga1_board1\restart\random3_restart_auto_formal_bits_1000x125_warmup10_header_delay60s_20260515_bps1_msb.bin.sha256.txt","225","2026-05-15T02:19:54","B4914F2C90D4BB82717446123A8B8EF1FEECD3EE8642D307E05B60FDBC7E9B51"
"data\hardware\20260511_fpga1_board1\restart\random3_restart_auto_formal_bits_1000x125_warmup10_header_delay60s_20260515_bps1_msb.metadata.json","1097","2026-05-15T02:19:54","A2ECFE4016161C55882536B67E28A44F0E11254477F5B69B9312BB6B6C105B18"
"data\hardware\20260511_fpga1_board1\restart\random3_restart_auto_formal_bits_1000x125_warmup10_header_delay60s_repeat02_20260515.bin.sha256.txt","225","2026-05-15T02:46:21","95C19479CF87079A4DB173D8B72A5FD005807AB81C241F434770F15E65EE9A1B"
"data\hardware\20260511_fpga1_board1\restart\random3_restart_auto_formal_bits_1000x125_warmup10_header_delay60s_repeat02_20260515.metadata.json","509892","2026-05-15T02:46:21","2167E31C56C4B23A4172F65D74E4AC2CC9EF43AA2F5F500CEAA5D43046FF4654"
"data\hardware\20260511_fpga1_board1\restart\random3_restart_auto_formal_bits_1000x125_warmup10_header_delay60s_repeat02_20260515_bps1_lsb.bin.sha256.txt","234","2026-05-15T02:46:22","E5FBF71B024FF7FCA776B5AFBD89A3D63710DAFE3B23939F32349609A251AE2C"
"data\hardware\20260511_fpga1_board1\restart\random3_restart_auto_formal_bits_1000x125_warmup10_header_delay60s_repeat02_20260515_bps1_lsb.metadata.json","1116","2026-05-15T02:46:22","F23E9344BF89D88A9128A9BB9814BF385408708E5CF429765985EB6302689BE8"
"data\hardware\20260511_fpga1_board1\restart\random3_restart_auto_formal_bits_1000x125_warmup10_header_delay60s_repeat02_20260515_bps1_msb.bin.sha256.txt","234","2026-05-15T02:46:22","13E79FDE3C6152536EB8057E7880C59B0B770493EEA4AC6D8E3A81BC657D9C5B"
"data\hardware\20260511_fpga1_board1\restart\random3_restart_auto_formal_bits_1000x125_warmup10_header_delay60s_repeat02_20260515_bps1_msb.metadata.json","1116","2026-05-15T02:46:22","40E889D7FA9538637A70B23B5584ACD64642C32BF59D795749515C33350F8A57"
"data\hardware\20260511_fpga1_board1\restart\random3_restart_auto_formal_bits_1000x125_warmup10_header_delay60s_repeat03_20260522_20260515.bin.sha256.txt","234","2026-05-22T08:36:55","29014C3EEC9548285732DBE90DCC37810609FB1701E8AF76E1500456631450C9"
"data\hardware\20260511_fpga1_board1\restart\random3_restart_auto_formal_bits_1000x125_warmup10_header_delay60s_repeat03_20260522_20260515.metadata.json","520887","2026-05-22T08:36:55","8CB37AADBC03FDFB48CD2A4B4FDD7E332689310450202EEBC140B18FA5B6445C"
"data\hardware\20260511_fpga1_board1\restart\random3_restart_auto_formal_bits_1000x125_warmup10_header_delay60s_repeat03_20260522_20260515_bps1_lsb.bin.sha256.txt","243","2026-05-22T08:36:55","759B59E26F3044101D1322B688A3C41B24074A944551C35B7E95B530899F0223"
"data\hardware\20260511_fpga1_board1\restart\random3_restart_auto_formal_bits_1000x125_warmup10_header_delay60s_repeat03_20260522_20260515_bps1_lsb.metadata.json","1134","2026-05-22T08:36:55","9C8CA6C344E5B85948969F5D2619DA0FEB1080BCCFA808925D5A6A6948D5C92D"
"data\hardware\20260511_fpga1_board1\restart\random3_restart_auto_formal_bits_1000x125_warmup10_header_delay60s_repeat03_20260522_20260515_bps1_msb.bin.sha256.txt","243","2026-05-22T08:36:55","022729D5FEE326922ACFBDF4267410D9838BC49190DFA1FBB3F838C830666580"
"data\hardware\20260511_fpga1_board1\restart\random3_restart_auto_formal_bits_1000x125_warmup10_header_delay60s_repeat03_20260522_20260515_bps1_msb.metadata.json","1134","2026-05-22T08:36:55","92BB8D099DA53D725BB1F9B1EC537BA0C2E7C428425A68DB394D01E9407FD59E"
"data\hardware\20260511_fpga1_board1\restart\random3_restart_auto_formal_bits_1000x125_warmup11_header_delay60s_20260515.bin.sha256.txt","216","2026-05-15T02:27:49","B357F83E8969F6DEC39F358A63BB49926C5EFAD415BAF79190D5EF722DA0F656"
"data\hardware\20260511_fpga1_board1\restart\random3_restart_auto_formal_bits_1000x125_warmup11_header_delay60s_20260515.metadata.json","509874","2026-05-15T02:27:49","D4F1E1A5C3F0DD89F55815E8394669EEB84861F39257B70CEE42B9F610074461"
"data\hardware\20260511_fpga1_board1\restart\random3_restart_auto_formal_bits_1000x125_warmup11_header_delay60s_20260515_bps1_lsb.bin.sha256.txt","225","2026-05-15T02:30:59","95DF32E21217877A5B226D2095F0ED3E7739CED23DDF8A8DF678FBD5F9EE2AB4"
"data\hardware\20260511_fpga1_board1\restart\random3_restart_auto_formal_bits_1000x125_warmup11_header_delay60s_20260515_bps1_lsb.metadata.json","1098","2026-05-15T02:30:59","E609ABA29A83A4337F919E462E63369291F6A7DDEEEE75645686C2C0E9B2D7F0"
"data\hardware\20260511_fpga1_board1\restart\random3_restart_auto_formal_bits_1000x125_warmup11_header_delay60s_20260515_bps1_msb.bin.sha256.txt","225","2026-05-15T02:30:59","F3A5318A4D5F68551786B289707B3BFF9203C8F2149A55388A1B4D6AD217A05D"
"data\hardware\20260511_fpga1_board1\restart\random3_restart_auto_formal_bits_1000x125_warmup11_header_delay60s_20260515_bps1_msb.metadata.json","1098","2026-05-15T02:30:59","6663BFD514110A3D07C06B1E2C695BE075881BDB7D28EF8735E7200E4523E163"
"data\hardware\20260511_fpga1_board1\restart\random3_restart_auto_formal_bits_1000x125_warmup11_header_delay60s_repeat02_20260515.bin.sha256.txt","225","2026-05-15T02:50:31","EB5120D7BD907EA829B8B61906D2F26D2DBB7563FCF139BF5DAAF8BFB8D78E40"
"data\hardware\20260511_fpga1_board1\restart\random3_restart_auto_formal_bits_1000x125_warmup11_header_delay60s_repeat02_20260515.metadata.json","509892","2026-05-15T02:50:31","A151B2BBF9E8EF465363196AF3B9DDFDD4625E9A20B83B2928583B3D4CB7F8E0"
"data\hardware\20260511_fpga1_board1\restart\random3_restart_auto_formal_bits_1000x125_warmup11_header_delay60s_repeat02_20260515_bps1_lsb.bin.sha256.txt","234","2026-05-15T02:50:32","8105A3585DAE1740C4D2BF81D59AC3793FA3703C34A8A7EB4487DBD4B3B6B8F4"
"data\hardware\20260511_fpga1_board1\restart\random3_restart_auto_formal_bits_1000x125_warmup11_header_delay60s_repeat02_20260515_bps1_lsb.metadata.json","1116","2026-05-15T02:50:32","459971C4AC18C7D48690F3FEBB613FCCFA7DF656AA67A1DAD2A10DC635CF59F8"
"data\hardware\20260511_fpga1_board1\restart\random3_restart_auto_formal_bits_1000x125_warmup11_header_delay60s_repeat02_20260515_bps1_msb.bin.sha256.txt","234","2026-05-15T02:50:32","A1D733F71EDBD79A48A18147A8FF71EC64B17366B77BFCC071ED59A756FC5B4A"
"data\hardware\20260511_fpga1_board1\restart\random3_restart_auto_formal_bits_1000x125_warmup11_header_delay60s_repeat02_20260515_bps1_msb.metadata.json","1116","2026-05-15T02:50:32","1B0486AFAA0B65EB7ADB81D6C6F42718C15039A73C2BE8DA70A31659E387EBB6"
"data\hardware\20260511_fpga1_board1\restart\random3_restart_auto_formal_bits_1000x125_warmup11_header_delay60s_repeat03_20260522_20260515.bin.sha256.txt","234","2026-05-22T08:44:56","15870299D45289D093D876A33278AABC23C77FFEE1CF7E8CE9D019708B8FA844"
"data\hardware\20260511_fpga1_board1\restart\random3_restart_auto_formal_bits_1000x125_warmup11_header_delay60s_repeat03_20260522_20260515.metadata.json","521753","2026-05-22T08:44:56","5345FA8C8DA2D03BCDE5AF8FE5B536DC9821896FC37F59BCE140EEBD554F9387"
"data\hardware\20260511_fpga1_board1\restart\random3_restart_auto_formal_bits_1000x125_warmup11_header_delay60s_repeat03_20260522_20260515_bps1_lsb.bin.sha256.txt","243","2026-05-22T08:44:57","B1EE66E28ACB0263A0760D071D1F87A2F6BCEF5F7B277042D86E7EF0F3E3E19A"
"data\hardware\20260511_fpga1_board1\restart\random3_restart_auto_formal_bits_1000x125_warmup11_header_delay60s_repeat03_20260522_20260515_bps1_lsb.metadata.json","1134","2026-05-22T08:44:57","A466DB0766E91F9C228A59CE903889AA027E178326DF29176D2DE71D6970F9B8"
"data\hardware\20260511_fpga1_board1\restart\random3_restart_auto_formal_bits_1000x125_warmup11_header_delay60s_repeat03_20260522_20260515_bps1_msb.bin.sha256.txt","243","2026-05-22T08:44:56","A0BB692C87B093EFD752C5C456DA78A423D105CADE50893F86E888B3283E8A3B"
"data\hardware\20260511_fpga1_board1\restart\random3_restart_auto_formal_bits_1000x125_warmup11_header_delay60s_repeat03_20260522_20260515_bps1_msb.metadata.json","1134","2026-05-22T08:44:56","EE051B39EAC322AAE5034467A9DCE877B30174586069D58C27649A6D1F26A1E7"
"data\hardware\20260511_fpga1_board1\restart\random3_restart_auto_formal_bits_1000x125_warmup12_header_delay60s_20260515.bin.sha256.txt","216","2026-05-15T02:08:35","49E271BA48A8A5473C764F77FACB66366FB7D4F47CB8AF3543F5BB534A05E341"
"data\hardware\20260511_fpga1_board1\restart\random3_restart_auto_formal_bits_1000x125_warmup12_header_delay60s_20260515.metadata.json","509874","2026-05-15T02:08:35","F58F1D43DB7A32AE2ED9A7C13FE37393A9E8BBB6A11A5C2A4DF6C5B36FA8C246"
"data\hardware\20260511_fpga1_board1\restart\random3_restart_auto_formal_bits_1000x125_warmup12_header_delay60s_20260515_bps1_lsb.bin.sha256.txt","225","2026-05-15T02:09:52","176F0D6B92C3F2067F543ADB24E9312CEC7FF23291B5D635DE914DDCB77CCBD8"
"data\hardware\20260511_fpga1_board1\restart\random3_restart_auto_formal_bits_1000x125_warmup12_header_delay60s_20260515_bps1_lsb.metadata.json","1098","2026-05-15T02:09:52","D518030379921503918F3B515F318B09609E53502D06F3EFDB916E158E61A8F4"
"data\hardware\20260511_fpga1_board1\restart\random3_restart_auto_formal_bits_1000x125_warmup12_header_delay60s_20260515_bps1_msb.bin.sha256.txt","225","2026-05-15T02:09:52","DDDF14727CDBE0BB9A79265F8B383E27DA6FA05E58C45B275AABAE3253707A24"
"data\hardware\20260511_fpga1_board1\restart\random3_restart_auto_formal_bits_1000x125_warmup12_header_delay60s_20260515_bps1_msb.metadata.json","1098","2026-05-15T02:09:52","570542D9752E25F22C2E96B70135526BC5958B26BBEF59D265594FEC7F926BCC"
"data\hardware\20260511_fpga1_board1\restart\random3_restart_auto_formal_bits_1000x125_warmup12_header_delay60s_repeat02_20260515.bin.sha256.txt","225","2026-05-15T02:54:40","7E7C67B3E4961481982E3C06A591388E2303AAC6DCAB184E337E1230437CE31C"
"data\hardware\20260511_fpga1_board1\restart\random3_restart_auto_formal_bits_1000x125_warmup12_header_delay60s_repeat02_20260515.metadata.json","509891","2026-05-15T02:54:40","D6029E52A8FCF59C10C5B94C7A4842A16AE755496D4F5423D2373F56CC90FD6D"
"data\hardware\20260511_fpga1_board1\restart\random3_restart_auto_formal_bits_1000x125_warmup12_header_delay60s_repeat02_20260515_bps1_lsb.bin.sha256.txt","234","2026-05-15T02:54:40","1705EE8E540D1219FF86EC16A15B8A721F5ECFC9CED1B837195E4598CCC09A9A"
"data\hardware\20260511_fpga1_board1\restart\random3_restart_auto_formal_bits_1000x125_warmup12_header_delay60s_repeat02_20260515_bps1_lsb.metadata.json","1116","2026-05-15T02:54:40","18F2750C8D36FEF03372F1B949F0ECFC1ACA959AB9E826A27DF8768F80EBDFF3"
"data\hardware\20260511_fpga1_board1\restart\random3_restart_auto_formal_bits_1000x125_warmup12_header_delay60s_repeat02_20260515_bps1_msb.bin.sha256.txt","234","2026-05-15T02:54:40","C6341B3A8D82B5CAE072AA37F733EA2E4733694592E864691FA84AE6196DB339"
"data\hardware\20260511_fpga1_board1\restart\random3_restart_auto_formal_bits_1000x125_warmup12_header_delay60s_repeat02_20260515_bps1_msb.metadata.json","1116","2026-05-15T02:54:40","C5237FC33BBD24B1F5A1538F196FF76F7CC1987F3DFC214D69014C6929BEAD60"
"data\hardware\20260511_fpga1_board1\restart\random3_restart_auto_formal_bits_1000x125_warmup12_header_delay60s_repeat03_20260522_20260515.bin.sha256.txt","234","2026-05-22T08:53:23","F9A9A9537EC801C20248BD75EF76E5F1AF64707630A6F7777A9CC04B4B978B2A"
"data\hardware\20260511_fpga1_board1\restart\random3_restart_auto_formal_bits_1000x125_warmup12_header_delay60s_repeat03_20260522_20260515.metadata.json","521888","2026-05-22T08:53:24","A6ACCBEB4615AD50D85D55FB2F1CE5793543AC050F65297096F2240B97C556F2"
"data\hardware\20260511_fpga1_board1\restart\random3_restart_auto_formal_bits_1000x125_warmup12_header_delay60s_repeat03_20260522_20260515_bps1_lsb.bin.sha256.txt","243","2026-05-22T08:53:24","E427B162B92B209B0D920B17559E538BF0CF03D09E9E1634692E860DACE9E699"
"data\hardware\20260511_fpga1_board1\restart\random3_restart_auto_formal_bits_1000x125_warmup12_header_delay60s_repeat03_20260522_20260515_bps1_lsb.metadata.json","1134","2026-05-22T08:53:24","10B8C27434716A36F571D55FBC8E6E978402F2930E9E9EDB7FB4B90EF3B4029B"
"data\hardware\20260511_fpga1_board1\restart\random3_restart_auto_formal_bits_1000x125_warmup12_header_delay60s_repeat03_20260522_20260515_bps1_msb.bin.sha256.txt","243","2026-05-22T08:53:24","64D61958236CBE760A3D8A60069538D27FA84634C048AB5F9CD92FD466403CEB"
"data\hardware\20260511_fpga1_board1\restart\random3_restart_auto_formal_bits_1000x125_warmup12_header_delay60s_repeat03_20260522_20260515_bps1_msb.metadata.json","1132","2026-05-22T08:53:24","15898B42CC48C8AFFFF6D6331925961B1FFCFD09D0ACB4987E236647999A8DD6"
"data\hardware\20260511_fpga1_board1\restart\random3_restart_auto_formal_bits_1000x125_warmup16_header_delay60s_20260515.bin.sha256.txt","216","2026-05-15T01:56:10","04FCEB90E85E0A2743B7C42A7770CEC526C5388DA016A488F38793E6E79AFEBA"
"data\hardware\20260511_fpga1_board1\restart\random3_restart_auto_formal_bits_1000x125_warmup16_header_delay60s_20260515.metadata.json","509874","2026-05-15T01:56:10","735161EF89F8E4A9546C075BA0415073FB5C1B8EF42A5E9FAD17BF44DDD72188"
"data\hardware\20260511_fpga1_board1\restart\random3_restart_auto_formal_bits_1000x125_warmup16_header_delay60s_20260515_bps1_lsb.bin.sha256.txt","225","2026-05-15T01:57:17","393E88D49DED89EA60F88A96FB2D85DFE473A251E6DDB2B4A52193BCA9838444"
"data\hardware\20260511_fpga1_board1\restart\random3_restart_auto_formal_bits_1000x125_warmup16_header_delay60s_20260515_bps1_lsb.metadata.json","1097","2026-05-15T01:57:17","9DE3CBFC4D19F18ABF7B01E87144E3A9F2B0C07C7EDC782A08B44B48A37082DD"
"data\hardware\20260511_fpga1_board1\restart\random3_restart_auto_formal_bits_1000x125_warmup16_header_delay60s_20260515_bps1_msb.bin.sha256.txt","225","2026-05-15T01:57:17","52BC06B48670E289304CB7EDE6C4B92BE5A272E30391001EEBBAF99ADE8E9490"
"data\hardware\20260511_fpga1_board1\restart\random3_restart_auto_formal_bits_1000x125_warmup16_header_delay60s_20260515_bps1_msb.metadata.json","1097","2026-05-15T01:57:17","2A05199988AC965F1F1E24995B0B1BCA814877340AF9AAE348E5A81CEF4804B5"
"data\hardware\20260511_fpga1_board1\restart\random3_restart_auto_formal_bits_1000x125_warmup8_header_delay60s_20260515.bin.sha256.txt","215","2026-05-15T01:37:46","5AADF0B4623A1C00BC5A6E1AAEFD5254D8E066D834CAC94071928CCAA5B6219E"
"data\hardware\20260511_fpga1_board1\restart\random3_restart_auto_formal_bits_1000x125_warmup8_header_delay60s_20260515.metadata.json","509870","2026-05-15T01:37:46","28B8571217A9E70F94D8BEE9947A43F53A1622AFB92B162ED092888B1FD0673D"
"data\hardware\20260511_fpga1_board1\restart\random3_restart_auto_formal_bits_1000x125_warmup8_header_delay60s_20260515_bps1_lsb.bin.sha256.txt","224","2026-05-15T01:39:33","0C57BAE10AC61BBB910F4F64C058E9C1A17D99CC686253ED7786E38473A5EB8A"
"data\hardware\20260511_fpga1_board1\restart\random3_restart_auto_formal_bits_1000x125_warmup8_header_delay60s_20260515_bps1_lsb.metadata.json","1096","2026-05-15T01:39:33","233D2FDF9F03987BC4B84D2B6AEFC1D59F2E5CE6F925AB037F15266B2304F84F"
"data\hardware\20260511_fpga1_board1\restart\random3_restart_auto_formal_bits_1000x125_warmup8_header_delay60s_20260515_bps1_msb.bin.sha256.txt","224","2026-05-15T01:39:33","7F921206BE2B2F962F757C0B4396C1D8F6B5936F944C9C8092CFD5880FA27362"
"data\hardware\20260511_fpga1_board1\restart\random3_restart_auto_formal_bits_1000x125_warmup8_header_delay60s_20260515_bps1_msb.metadata.json","1096","2026-05-15T01:39:33","C15EEE26CC6DFAC7E1C263611554711B3521A3ACB648346BB97B56DC90C0C0DF"
"data\hardware\20260511_fpga1_board1\restart\random3_restart_auto_smoke_4x64_20260514.bin.sha256.txt","181","2026-05-14T23:37:30","1FA3919F3039F49235BE3815D6BD6C7CDFB95AC6D40AFA6354DA1905464C49C4"
"data\hardware\20260511_fpga1_board1\restart\random3_restart_auto_smoke_4x64_20260514.metadata.json","3746","2026-05-14T23:37:30","7BA35B9CBE1D75788F94BB0497C0B2197810D93A76D9B592332EF69EDCF129F3"
"data\hardware\20260511_fpga1_board1\restart\random3_restart_pilot_10x1000_20260514.bin.sha256.txt","179","2026-05-14T19:59:09","591D2C5CD22175E340DC558FC315D72BFA1D0290F1C19EF9F4A268175C11DF7F"
"data\hardware\20260511_fpga1_board1\restart\random3_restart_pilot_10x1000_20260514.metadata.json","6082","2026-05-14T19:59:10","284E3F6B253B72B81C66C87DD7787B24C80ABB532D257BDBBB556D1182D6CD9A"
"data\hardware\20260511_fpga1_board1\restart\random3_restart_pilot_10x1000_20260514_bps1_msb.bin.metadata.json","1020","2026-05-14T20:06:18","6D95BB285624DB4FA14948A6F2E2080E0F9D7769508F1695D39F90C9508345AE"
"data\hardware\20260511_fpga1_board1\restart\random3_restart_pilot_10x1000_20260514_bps1_msb.bin.sha256.txt","188","2026-05-14T20:06:18","416C96DB7088883AB2674E72CF0FEBCCBE4710549A973B338E1CA1B4126975BF"
"data\hardware\20260511_fpga1_board1\restart\random3_restart_smoke_2x16_20260514.bin.sha256.txt","176","2026-05-14T18:48:13","7870950E8C2DC950922859826C8D12AF273C8741B699C291A52FF554BF537E2E"
"data\hardware\20260511_fpga1_board1\restart\random3_restart_smoke_2x16_20260514.metadata.json","2518","2026-05-14T18:48:13","277FE11E48D1C2A0DF82FE097706B4ADD8E16CD0D49A8273ABA9227447982082"
"data\hardware\20260511_fpga1_board1\restart\random3_restart_smoke_2x16_20260514_bps1_msb.bin.metadata.json","1005","2026-05-14T18:55:49","9216C400833769B7CA539722D6F4A3AD778ECC59096BB6E1915241935A1FE786"
"data\hardware\20260511_fpga1_board1\restart\random3_restart_smoke_2x16_20260514_bps1_msb.bin.sha256.txt","185","2026-05-14T18:55:49","9DD04AD29FCC9DA6C8DAEC074410AE9D61C17388FD54D112F9E9B9DE5B455945"
"data\hardware\20260511_fpga1_board1\restart\same_column_restart_auto_formal_bits_1000x125_warmup0_header_delay60s_placement01_20260515.bin.sha256.txt","231","2026-05-22T09:02:00","4953930A9E721BFA70FC3C16D9E3A7B8334F9D0F32F55F68C5AA6BB8DDE1EE6E"
"data\hardware\20260511_fpga1_board1\restart\same_column_restart_auto_formal_bits_1000x125_warmup0_header_delay60s_placement01_20260515.metadata.json","521753","2026-05-22T09:02:00","6AA47C201A7BE616042DFCDE7D0F8F2BBFC78305E8EA6B72C0C4659D8B6C99A1"
"data\hardware\20260511_fpga1_board1\restart\same_column_restart_auto_formal_bits_1000x125_warmup0_header_delay60s_placement01_20260515_bps1_lsb.bin.sha256.txt","240","2026-05-22T09:02:00","6983EDE62D10DF85EB226FE051F5AB635F8CE3855BC00D814D7D79EAC703EF65"
"data\hardware\20260511_fpga1_board1\restart\same_column_restart_auto_formal_bits_1000x125_warmup0_header_delay60s_placement01_20260515_bps1_lsb.metadata.json","1128","2026-05-22T09:02:00","9BC2DE881C49FBE84E3C7C063D1C1C8D8BAA8D3A5AB2C119913D02DBF01195E3"
"data\hardware\20260511_fpga1_board1\restart\same_column_restart_auto_formal_bits_1000x125_warmup0_header_delay60s_placement01_20260515_bps1_msb.bin.sha256.txt","240","2026-05-22T09:02:00","690BE3D05AB9D47AE985C668692B9AE3C1FEF2CA51D6008BCEC0A2B147468114"
"data\hardware\20260511_fpga1_board1\restart\same_column_restart_auto_formal_bits_1000x125_warmup0_header_delay60s_placement01_20260515_bps1_msb.metadata.json","1128","2026-05-22T09:02:00","FF270A8B95834DA93D776DCF91EC3075D46AF3FAE894B11C42AD8828F2666FDF"
"data\hardware\20260511_fpga1_board1\restart\same_column_restart_auto_formal_bits_1000x125_warmup12_header_delay60s_placement01_20260515.bin.sha256.txt","232","2026-05-22T09:09:35","38F912FE3C885ACFCCD8F6322576B4476803A31ABC0B8121C762D4761E547C65"
"data\hardware\20260511_fpga1_board1\restart\same_column_restart_auto_formal_bits_1000x125_warmup12_header_delay60s_placement01_20260515.metadata.json","521891","2026-05-22T09:09:36","8E0FF12DB9116A854CDBF122B8EBDDF4ED0C2B54274D815A597A5455D7A486D7"
"data\hardware\20260511_fpga1_board1\restart\same_column_restart_auto_formal_bits_1000x125_warmup12_header_delay60s_placement01_20260515_bps1_lsb.bin.sha256.txt","241","2026-05-22T09:09:37","ABC3A4B40AAB9EC7F132AAA6506868ADE4173E60B52134319224CA364FA373A4"
"data\hardware\20260511_fpga1_board1\restart\same_column_restart_auto_formal_bits_1000x125_warmup12_header_delay60s_placement01_20260515_bps1_lsb.metadata.json","1130","2026-05-22T09:09:37","A8511433CABDA0589A3B5F8203F58AEC0982CF44AD9BEE8A5ABFC09C63CFDD1D"
"data\hardware\20260511_fpga1_board1\restart\same_column_restart_auto_formal_bits_1000x125_warmup12_header_delay60s_placement01_20260515_bps1_msb.bin.sha256.txt","241","2026-05-22T09:09:36","C7DAD5362DE24DF6E66FFF9E1DC28D47E01F70EA1B148EFB734A1973152C8ECF"
"data\hardware\20260511_fpga1_board1\restart\same_column_restart_auto_formal_bits_1000x125_warmup12_header_delay60s_placement01_20260515_bps1_msb.metadata.json","1130","2026-05-22T09:09:36","AADB7080531A21AB39C4C36BC91F333AEC44F28F15D99EBFDF2FEF82D7E6EA21"
"data\hardware\20260511_fpga1_board1\restart\sparse_restart_auto_formal_bits_1000x125_warmup0_header_delay60s_placement01_20260515.bin.sha256.txt","226","2026-05-22T09:17:22","8EE5486DE599446CCB7DA1D5A2492F00E8E1A5918603C3CAC95A8D5267C1FF43"
"data\hardware\20260511_fpga1_board1\restart\sparse_restart_auto_formal_bits_1000x125_warmup0_header_delay60s_placement01_20260515.metadata.json","521733","2026-05-22T09:17:22","58300EC4E73565E6E80B18CC8F069FD28D65FB57F8B2E751F5634A9C2F8B79BA"
"data\hardware\20260511_fpga1_board1\restart\sparse_restart_auto_formal_bits_1000x125_warmup0_header_delay60s_placement01_20260515_bps1_lsb.bin.sha256.txt","235","2026-05-22T09:17:22","E14825E9E06E280345BEB0438361E7A82E8BE5FCA301C965CF5A80221EA21B69"
"data\hardware\20260511_fpga1_board1\restart\sparse_restart_auto_formal_bits_1000x125_warmup0_header_delay60s_placement01_20260515_bps1_lsb.metadata.json","1118","2026-05-22T09:17:22","F84BA22192B2D1351811DC34038D40108BC455045B617F3F69545F9E95B74A62"
"data\hardware\20260511_fpga1_board1\restart\sparse_restart_auto_formal_bits_1000x125_warmup0_header_delay60s_placement01_20260515_bps1_msb.bin.sha256.txt","235","2026-05-22T09:17:22","612B374DFC239EC1752D5F61666FC8215B63876C4FDF141AAFC89F3A54287227"
"data\hardware\20260511_fpga1_board1\restart\sparse_restart_auto_formal_bits_1000x125_warmup0_header_delay60s_placement01_20260515_bps1_msb.metadata.json","1118","2026-05-22T09:17:22","8BBAB3FD30A62A97D6EAA03C69AE03C289F3E1F2E5CC66870048DEA3A8EB20CD"
"data\hardware\20260511_fpga1_board1\restart\sparse_restart_auto_formal_bits_1000x125_warmup12_header_delay60s_placement01_20260515.bin.sha256.txt","227","2026-05-22T09:24:42","88F0B856FA1185AF36C184030B9F9241C7A9D6F12459F2AFA12DFC5E61A71001"
"data\hardware\20260511_fpga1_board1\restart\sparse_restart_auto_formal_bits_1000x125_warmup12_header_delay60s_placement01_20260515.metadata.json","521736","2026-05-22T09:24:42","70F4626BAA0D4EB445286C31869DECB74AA78B1111AF85A0A0387452E6420805"
"data\hardware\20260511_fpga1_board1\restart\sparse_restart_auto_formal_bits_1000x125_warmup12_header_delay60s_placement01_20260515_bps1_lsb.bin.sha256.txt","236","2026-05-22T09:24:42","202FE510D83F886D181E01DF75514F69FE0AF4FE2EA81088DD3A892862993997"
"data\hardware\20260511_fpga1_board1\restart\sparse_restart_auto_formal_bits_1000x125_warmup12_header_delay60s_placement01_20260515_bps1_lsb.metadata.json","1120","2026-05-22T09:24:42","8B49BD27B1378ABB06A7BD2908B6DF7E7DC7B0A189835735D69F1C7F045D8064"
"data\hardware\20260511_fpga1_board1\restart\sparse_restart_auto_formal_bits_1000x125_warmup12_header_delay60s_placement01_20260515_bps1_msb.bin.sha256.txt","236","2026-05-22T09:24:42","389F09E324C5D28FBA7864843024CECB2A4E1B103E904F83378928972B78FFB4"
"data\hardware\20260511_fpga1_board1\restart\sparse_restart_auto_formal_bits_1000x125_warmup12_header_delay60s_placement01_20260515_bps1_msb.metadata.json","1120","2026-05-22T09:24:42","324B454454254DEAD32B17F42B672501E9A99D9B75BD19B998D44B1306719AC2"
"data\hardware\20260511_fpga1_board1\restart\xadc_readings.csv","1310","2026-05-22T09:53:58","4720390920BB7A6EA7498A1418DF0054F2F8BF54C869D846BAD7F5B314672150"
"data\hardware\20260511_fpga1_board1\restart_fifo_diag\restart_fifo_compact_diag_regs_only_sample_ro_formal_locked_warmup4_1000x125_run01_no_xadc.bin.sha256.txt","241","2026-05-25T00:05:27","2D786F0BB49ED8A0A60F0FA72A9AEDE8E13913A6AA297178926778CCB78B4965"
"data\hardware\20260511_fpga1_board1\restart_fifo_diag\restart_fifo_compact_diag_regs_only_warmup11_1000x125_run01_no_xadc.bin.sha256.txt","218","2026-05-24T23:58:52","EEB44EF46014AF77F3BB5A0EF0DF3D9A02A2DDDB53587A036AFF32DDA799A85A"
"data\hardware\20260511_fpga1_board1\restart_fifo_diag\restart_fifo_compact_diag_regs_only_warmup4_1000x125_run01_no_xadc.bin.sha256.txt","217","2026-05-24T22:57:56","B751846B17C306A193FA1AFC1E84D5E49E34A51F16DB5BDC581AEF574F6538E4"
"data\hardware\20260511_fpga1_board1\restart_fifo_diag\restart_fifo_compact_diag_regs_only_warmup5_1000x125_run01_no_xadc.bin.sha256.txt","217","2026-05-24T23:18:23","2E0EBC538C0870F39F66CC81D6EFE7C8CA8A34EFF8F9190942D95A5A587026B2"
"data\hardware\20260511_fpga1_board1\restart_fifo_diag\restart_fifo_diag_regs_only_warmup4_1000x32_run02_no_xadc.bin.sha256.txt","208","2026-05-24T22:18:56","F6ED85C0D37871F1F98BB33AC87125E2F18C58666E214FF2EA5FADCEA6ED8E36"
"data\hardware\20260511_fpga1_board1\restart_fifo_diag\restart_fifo_diag_regs_only_warmup4_smoke_32x16_run01.bin.sha256.txt","204","2026-05-24T21:53:00","8C073DC9CFE7ABB22F754A40AA8075C5DBF61AC5D1598DBFEF70B35AA3718656"
"data\hardware\20260511_fpga1_board1\restart_fifo_diag\restart_fifo_diag_regs_only_warmup5_1000x32_run01_no_xadc.bin.sha256.txt","208","2026-05-24T22:27:50","8BA34E69056BA6414F1615CF7F935877F914E1BA611C8C2C8F1C9F22EBC1875B"
"data\hardware\20260511_fpga1_board1\restart_fifo_diag\restart_fifo_diag_v3fastwarmup_regs_only_warmup4_1000x32_run01_no_xadc.bin.sha256.txt","221","2026-05-24T22:40:29","687ADD9C6301A953D7E2C5DABA4DEC19A5F92EC84B7264A76EAD93A6E2D2A5BC"
"data\hardware\20260511_fpga1_board1\tdc\analysis_tdc_far_run01\tdc_far_run01.tdc_bins.csv","48282","2026-05-11T21:20:19","69AE06FC4C79C42D2C1986A5F64FAC70E591AF174751BB0B045533174C103C20"
"data\hardware\20260511_fpga1_board1\tdc\analysis_tdc_far_run01\tdc_far_run01.tdc_metrics.csv","1202","2026-05-11T21:20:19","7C68095EFD3D9F30686BD6D06B03803330FA0024E7BC6415C2504E0DCC68B010"
"data\hardware\20260511_fpga1_board1\tdc\analysis_tdc_far_run01\tdc_far_run01.tdc_summary.md","723","2026-05-11T21:20:19","7CE7E372CABEF6D34F2D2FAD52B0C5432FA71C360C91249B5D21FE3059349DB9"
"data\hardware\20260511_fpga1_board1\tdc\analysis_tdc_far_run02_2mib\tdc_far_run02_2mib.tdc_bins.csv","39450","2026-05-14T00:57:16","04DF230EE2CD8C5AC94349B9DDC5B147237CAE644CDCE13F4EFD38BC401C0C8E"
"data\hardware\20260511_fpga1_board1\tdc\analysis_tdc_far_run02_2mib\tdc_far_run02_2mib.tdc_metrics.csv","1115","2026-05-14T00:57:16","462D7896E54080D213DABFD11574B5382E5CB9922A2A9995663BA8ECF27C831E"
"data\hardware\20260511_fpga1_board1\tdc\analysis_tdc_far_run02_2mib\tdc_far_run02_2mib.tdc_summary.md","716","2026-05-14T00:57:16","2B03475731B5ED2D2CB9E4D03AFF663111276C5DE0BD581575E93C9F7160FC0F"
"data\hardware\20260511_fpga1_board1\tdc\analysis_tdc_near_run01\tdc_near_run01.tdc_bins.csv","35956","2026-05-11T20:48:23","F39512494FD0D270CD133664A4484300A16FF61DFD2CBBC7BDCF168E64061599"
"data\hardware\20260511_fpga1_board1\tdc\analysis_tdc_near_run01\tdc_near_run01.tdc_metrics.csv","1030","2026-05-11T20:48:23","310FE7D1C28DF8238E44107DB558C87ED0BC080E533999DFBE4FE41B61A43EAF"
"data\hardware\20260511_fpga1_board1\tdc\analysis_tdc_near_run01\tdc_near_run01.tdc_summary.md","679","2026-05-11T20:48:23","8108BA15A82D38ACC84CF21B9B95088F3BC83E199E4F19A53643E305246505D3"
"data\hardware\20260511_fpga1_board1\tdc\analysis_tdc_near_run02\tdc_near_run02.tdc_bins.csv","39080","2026-05-11T20:58:46","CD184934F86AE79B0A57CE742702ADAB4EDF95853D023EE94625E6583726311C"
"data\hardware\20260511_fpga1_board1\tdc\analysis_tdc_near_run02\tdc_near_run02.tdc_metrics.csv","1134","2026-05-11T20:58:46","BF0BA191B99C35BA4511A6ACD50349DE663994F6480FB988EA7D0A0B16AE44BB"
"data\hardware\20260511_fpga1_board1\tdc\analysis_tdc_near_run02\tdc_near_run02.tdc_summary.md","707","2026-05-11T20:58:46","E881DEB863C43BE2CC062B521EC6CA6BD7A10B61A0013643645C12C65B7795A5"
"data\hardware\20260511_fpga1_board1\tdc\analysis_tdc_near_run03_2mib\tdc_near_run03_2mib.tdc_bins.csv","43731","2026-05-14T00:53:23","641E06AA723BD42597DBAD0F6C2778C92ECA83C3CF84F706447226306A892F52"
"data\hardware\20260511_fpga1_board1\tdc\analysis_tdc_near_run03_2mib\tdc_near_run03_2mib.tdc_metrics.csv","1173","2026-05-14T00:53:23","6DB4114543CA7A859D067A1022E93766DFA975F1B5599AA8B966FBE97C6065DA"
"data\hardware\20260511_fpga1_board1\tdc\analysis_tdc_near_run03_2mib\tdc_near_run03_2mib.tdc_summary.md","718","2026-05-14T00:53:23","2335EA5EA70D37E9272D802FCF92FC0C9230ED5C3A8A153C510D37263FD27750"
"data\hardware\20260511_fpga1_board1\tdc\analysis_tdc_near_smoke_direct01\tdc_near_smoke_direct01.tdc_bins.csv","46932","2026-05-11T20:55:09","6659207C008246D3A4D1457F74045CDBE2AF07DF62553173976468DF6466188A"
"data\hardware\20260511_fpga1_board1\tdc\analysis_tdc_near_smoke_direct01\tdc_near_smoke_direct01.tdc_metrics.csv","1197","2026-05-11T20:55:09","D362D7B81133ADC9C5B4336192CEAC1ADC434ACC7838CDA15E9B464BE2548C73"
"data\hardware\20260511_fpga1_board1\tdc\analysis_tdc_near_smoke_direct01\tdc_near_smoke_direct01.tdc_summary.md","720","2026-05-11T20:55:09","143B779DC792F3B6C250E90D91106AF8D17B88E81EC4519E2040F319C461B98D"
"data\hardware\20260511_fpga1_board1\tdc\analysis_tdc_near_smoke03\tdc_near_smoke03.tdc_bins.csv","45594","2026-05-11T20:42:52","81AB5044A92F71EFE8BDFBAEF570A1FFFB44DABE047A1C9F70DD980E1AC15BC1"
"data\hardware\20260511_fpga1_board1\tdc\analysis_tdc_near_smoke03\tdc_near_smoke03.tdc_metrics.csv","1182","2026-05-11T20:42:52","94A26ED17D8C5E07EED1F065B99F32FBBD362C6055C529247D2C91656F7C2849"
"data\hardware\20260511_fpga1_board1\tdc\analysis_tdc_near_smoke03\tdc_near_smoke03.tdc_summary.md","709","2026-05-11T20:42:52","1C5A80A86AFC85A01ED643BEBC7585F72D2E503736E2940435F67F8BD40A77CE"
"data\hardware\20260511_fpga1_board1\tdc\tdc_far_run01.bin.sha256.txt","150","2026-05-11T21:20:15","9DE30C3F59733A203AB9E2681CCD63121E076590CA514A709BC460DB101418B1"
"data\hardware\20260511_fpga1_board1\tdc\tdc_far_run02_2mib.bin.sha256.txt","155","2026-05-14T00:57:15","0BB5CCF2B2E538935482E25D0EB19C6BAA9E9AF13D8BFA4506EE7B0E5BB18F0F"
"data\hardware\20260511_fpga1_board1\tdc\tdc_near_far_compare.csv","632","2026-05-11T21:21:45","787363117806DED033DFC169925FFD939BECDC28E94C940889154BF91F0055C5"
"data\hardware\20260511_fpga1_board1\tdc\tdc_near_far_compare.md","809","2026-05-11T21:21:45","088BAD9B3C93A7D70F8F60308E5DA796CBDCE7E109BD856B859FEC5ADAF474FB"
"data\hardware\20260511_fpga1_board1\tdc\tdc_near_run01.bin.sha256.txt","151","2026-05-11T20:48:23","2D0F59BBAF8419EF33E719E288932FF1BB6376F0B1AB43E53621070F837FA3F5"
"data\hardware\20260511_fpga1_board1\tdc\tdc_near_run02.bin.sha256.txt","151","2026-05-11T20:58:42","B4A0571F52B362B6DF26CE28F85D108E19921097F6A7C07B68CB483BF796D9D0"
"data\hardware\20260511_fpga1_board1\tdc\tdc_near_run03_2mib.bin.sha256.txt","156","2026-05-14T00:53:21","7ACD09B64ACA81B87A551E523165166F0C331115FA2E2DA5D017C7580D9A0593"
"data\hardware\20260511_fpga1_board1\tdc\tdc_near_smoke_direct01.bin.sha256.txt","160","2026-05-11T20:55:09","8D531B2F1A728CED7B4E9DE0C3C8B94D84E9A5181837604083AA5D035E6050E8"
"data\hardware\20260511_fpga1_board1\tdc\tdc_near_smoke03.bin.sha256.txt","153","2026-05-11T20:42:51","04CD51C3F1713C5DCB9C823222ECC69117C5C783F43B24A537C0A6CF544E7199"
"data\hardware\20260511_fpga1_board1\tdc_pairs\analysis_tdc_pair_random1_ro0_ro1_repeat02_2mib\tdc_pair_random1_ro0_ro1_repeat02_2mib.tdc_bins.csv","57466","2026-05-23T00:35:56","72E19E02D3747C13C5605410237F880C9703D5CE4FA73C6B4503DFEE0E7916FF"
"data\hardware\20260511_fpga1_board1\tdc_pairs\analysis_tdc_pair_random1_ro0_ro1_repeat02_2mib\tdc_pair_random1_ro0_ro1_repeat02_2mib.tdc_metrics.csv","1225","2026-05-23T00:35:56","A646E60A444AD220A0BDF58FAEE68BFBF442E889D20C3D641832CCDD6D1368C7"
"data\hardware\20260511_fpga1_board1\tdc_pairs\analysis_tdc_pair_random1_ro0_ro1_repeat02_2mib\tdc_pair_random1_ro0_ro1_repeat02_2mib.tdc_summary.md","769","2026-05-23T00:35:56","F3BDB0C159A690500AEEB7D0A2FD661E79F2DB2E95473EE7CCADF34B315D2B21"
"data\hardware\20260511_fpga1_board1\tdc_pairs\analysis_tdc_pair_random1_ro0_ro1_run01_2mib\tdc_pair_random1_ro0_ro1_run01_2mib.tdc_bins.csv","57685","2026-05-14T03:10:39","97571DD7C61B4E195145D4853D4B0CAC1136136241E83DF0414CB0BE48565B1B"
"data\hardware\20260511_fpga1_board1\tdc_pairs\analysis_tdc_pair_random1_ro0_ro1_run01_2mib\tdc_pair_random1_ro0_ro1_run01_2mib.tdc_metrics.csv","1234","2026-05-14T03:10:39","C9BCD4AF80384B585BEF3F50EA982715393B7D237C0504D7524A9F86DE4F46B9"
"data\hardware\20260511_fpga1_board1\tdc_pairs\analysis_tdc_pair_random1_ro0_ro1_run01_2mib\tdc_pair_random1_ro0_ro1_run01_2mib.tdc_summary.md","773","2026-05-14T03:10:39","3E42B4D179B8BAB5590F65C15B0548428F691661B48A5E5FA24848FEA016A934"
"data\hardware\20260511_fpga1_board1\tdc_pairs\analysis_tdc_pair_random1_ro2_ro4_repeat02_2mib\tdc_pair_random1_ro2_ro4_repeat02_2mib.tdc_bins.csv","53313","2026-05-23T00:43:09","D5499B57A755DD3E0698B4C386B328BDF2D055FBA51297D4799AA17E268277E5"
"data\hardware\20260511_fpga1_board1\tdc_pairs\analysis_tdc_pair_random1_ro2_ro4_repeat02_2mib\tdc_pair_random1_ro2_ro4_repeat02_2mib.tdc_metrics.csv","1216","2026-05-23T00:43:09","2E2CB833713EE803D0B0A94D7A7F56D84DD13ED51BA9FDB79AF40C7544D43570"
"data\hardware\20260511_fpga1_board1\tdc_pairs\analysis_tdc_pair_random1_ro2_ro4_repeat02_2mib\tdc_pair_random1_ro2_ro4_repeat02_2mib.tdc_summary.md","771","2026-05-23T00:43:09","AD51F9073D1C161F88FFEB584E8B34A9C78A903D513B9B8C7E991AE9FF8427CB"
"data\hardware\20260511_fpga1_board1\tdc_pairs\analysis_tdc_pair_random1_ro2_ro4_run01_2mib\tdc_pair_random1_ro2_ro4_run01_2mib.tdc_bins.csv","59009","2026-05-14T03:28:37","1DF830178EDB716F2C1E08A11D141F79B98C77904F43ED357452809C819E1747"
"data\hardware\20260511_fpga1_board1\tdc_pairs\analysis_tdc_pair_random1_ro2_ro4_run01_2mib\tdc_pair_random1_ro2_ro4_run01_2mib.tdc_metrics.csv","1213","2026-05-14T03:28:37","49F54EA4A2A86FA85D69C882A81E39D78A544FC26077490DB46375CA53AA396B"
"data\hardware\20260511_fpga1_board1\tdc_pairs\analysis_tdc_pair_random1_ro2_ro4_run01_2mib\tdc_pair_random1_ro2_ro4_run01_2mib.tdc_summary.md","775","2026-05-14T03:28:37","D2F95EA116D782E131CDE414F94CC67EF0FFD63BB281726C4102199F389A898C"
"data\hardware\20260511_fpga1_board1\tdc_pairs\analysis_tdc_pair_random1_ro4_ro5_repeat02_2mib\tdc_pair_random1_ro4_ro5_repeat02_2mib.tdc_bins.csv","49204","2026-05-23T00:27:38","3110B6F05706EF1BE6C7C9468DC5F73BA335212F45D8EDA69A9DE03F3683757A"
"data\hardware\20260511_fpga1_board1\tdc_pairs\analysis_tdc_pair_random1_ro4_ro5_repeat02_2mib\tdc_pair_random1_ro4_ro5_repeat02_2mib.tdc_metrics.csv","1167","2026-05-23T00:27:38","590940005E427CD3219FE5E258F225F6D3A3A1F2C47092A0389BE1747BBB9622"
"data\hardware\20260511_fpga1_board1\tdc_pairs\analysis_tdc_pair_random1_ro4_ro5_repeat02_2mib\tdc_pair_random1_ro4_ro5_repeat02_2mib.tdc_summary.md","772","2026-05-23T00:27:38","FCFD56B64090D5A2F4222134B5AB1F202EEA23EFFBE14C5D68DAC93C01E2DFF0"
"data\hardware\20260511_fpga1_board1\tdc_pairs\analysis_tdc_pair_random1_ro4_ro5_run01_2mib\tdc_pair_random1_ro4_ro5_run01_2mib.tdc_bins.csv","56100","2026-05-14T02:58:59","D551EEE738E885BDAA8C2682BD3E5C17F8EC1E50F3F10742236318BE7BE99BCF"
"data\hardware\20260511_fpga1_board1\tdc_pairs\analysis_tdc_pair_random1_ro4_ro5_run01_2mib\tdc_pair_random1_ro4_ro5_run01_2mib.tdc_metrics.csv","1210","2026-05-14T02:58:59","DE265562889CFE8A722E78912BEAE38D7A6FCE24F8BC4CF80E45A4DEB6D591F3"
"data\hardware\20260511_fpga1_board1\tdc_pairs\analysis_tdc_pair_random1_ro4_ro5_run01_2mib\tdc_pair_random1_ro4_ro5_run01_2mib.tdc_summary.md","768","2026-05-14T02:58:59","BA66140EFBB00964FE82C3C47896EF9386C7DEAFD646A9D5DE74FE64E512E0B7"
"data\hardware\20260511_fpga1_board1\tdc_pairs\analysis_tdc_pair_random3_ro0_ro6_repeat02_2mib\tdc_pair_random3_ro0_ro6_repeat02_2mib.tdc_bins.csv","60527","2026-05-23T01:02:50","1EFFD816C9DF34DBDC35283E3390697F5381DEDD6CAC0A14632FE48A5008E62A"
"data\hardware\20260511_fpga1_board1\tdc_pairs\analysis_tdc_pair_random3_ro0_ro6_repeat02_2mib\tdc_pair_random3_ro0_ro6_repeat02_2mib.tdc_metrics.csv","1216","2026-05-23T01:02:50","B1340B03FE08FC5AEBB15803F3ED1E681BBFF1F760C6F5F994A86FAF7783188F"
"data\hardware\20260511_fpga1_board1\tdc_pairs\analysis_tdc_pair_random3_ro0_ro6_repeat02_2mib\tdc_pair_random3_ro0_ro6_repeat02_2mib.tdc_summary.md","764","2026-05-23T01:02:50","EB2601D1CC9903047AF4E367AFA5CB116886AFEF09209D77A189ABE9C4EB77B1"
"data\hardware\20260511_fpga1_board1\tdc_pairs\analysis_tdc_pair_random3_ro0_ro6_run01_2mib\tdc_pair_random3_ro0_ro6_run01_2mib.tdc_bins.csv","59128","2026-05-14T11:49:32","E0C6C3E5C27A3644CF4A515A9263A7EE7F0C746C52F0525DDB5E8DD07CF265EC"
"data\hardware\20260511_fpga1_board1\tdc_pairs\analysis_tdc_pair_random3_ro0_ro6_run01_2mib\tdc_pair_random3_ro0_ro6_run01_2mib.tdc_metrics.csv","1234","2026-05-14T11:49:32","7CD81AE1B61B3E2AA88818181BAB57533929F313CD0C5D003F1AC7E239970BB0"
"data\hardware\20260511_fpga1_board1\tdc_pairs\analysis_tdc_pair_random3_ro0_ro6_run01_2mib\tdc_pair_random3_ro0_ro6_run01_2mib.tdc_summary.md","774","2026-05-14T11:49:32","C942CDC569063383A5A3C759A90E14560FBFA2013A7AF89734CD92452A0A7D1B"
"data\hardware\20260511_fpga1_board1\tdc_pairs\analysis_tdc_pair_random3_ro3_ro5_repeat02_2mib\tdc_pair_random3_ro3_ro5_repeat02_2mib.tdc_bins.csv","48990","2026-05-23T00:56:20","AE725A0B6860FB7F54414C2AE773D796E130B8FFF25B81059D2DA471F520E1DF"
"data\hardware\20260511_fpga1_board1\tdc_pairs\analysis_tdc_pair_random3_ro3_ro5_repeat02_2mib\tdc_pair_random3_ro3_ro5_repeat02_2mib.tdc_metrics.csv","1170","2026-05-23T00:56:20","A05670C2FBB9A5B2E7E774F4C08BD3E83043699C7C1FE84EDD08B347A2FC521B"
"data\hardware\20260511_fpga1_board1\tdc_pairs\analysis_tdc_pair_random3_ro3_ro5_repeat02_2mib\tdc_pair_random3_ro3_ro5_repeat02_2mib.tdc_summary.md","770","2026-05-23T00:56:20","9A930EA899A64F63791EAC379DA96EF5340ABE5EEC654EF8DF8F14C23532A86F"
"data\hardware\20260511_fpga1_board1\tdc_pairs\analysis_tdc_pair_random3_ro3_ro5_run01_2mib\tdc_pair_random3_ro3_ro5_run01_2mib.tdc_bins.csv","58403","2026-05-14T11:41:57","F84FE2C0DE394EF4DD6529087CE9BBF7FC200A4591FBAA96EEDA1B5A5B30A375"
"data\hardware\20260511_fpga1_board1\tdc_pairs\analysis_tdc_pair_random3_ro3_ro5_run01_2mib\tdc_pair_random3_ro3_ro5_run01_2mib.tdc_metrics.csv","1223","2026-05-14T11:41:57","C740EDEF5B731653DCC4EF3A562AA140D5DC64879A234A5DF844EDCA226DCD2C"
"data\hardware\20260511_fpga1_board1\tdc_pairs\analysis_tdc_pair_random3_ro3_ro5_run01_2mib\tdc_pair_random3_ro3_ro5_run01_2mib.tdc_summary.md","766","2026-05-14T11:41:57","0C1696D73DFDEE07B6567FF3B647B478F4CCA6F9A636079230972B763892E4E9"
"data\hardware\20260511_fpga1_board1\tdc_pairs\analysis_tdc_pair_random3_ro3_ro7_repeat02_2mib\tdc_pair_random3_ro3_ro7_repeat02_2mib.tdc_bins.csv","60164","2026-05-23T00:49:55","ECF3C44004D0213C4C2BEA003172BCADFEEA25458EAEB1AF77E93F89CA2F23AC"
"data\hardware\20260511_fpga1_board1\tdc_pairs\analysis_tdc_pair_random3_ro3_ro7_repeat02_2mib\tdc_pair_random3_ro3_ro7_repeat02_2mib.tdc_metrics.csv","1246","2026-05-23T00:49:55","C6AAD3DCFE259E1955C1881DD30DC7DE8E91C443974AC7EFBB66B76C6B185DE5"
"data\hardware\20260511_fpga1_board1\tdc_pairs\analysis_tdc_pair_random3_ro3_ro7_repeat02_2mib\tdc_pair_random3_ro3_ro7_repeat02_2mib.tdc_summary.md","766","2026-05-23T00:49:55","2426ED53D377176FC04D4BFDC2543DCDFA9ECA92C1A1A135BE17664A5302B579"
"data\hardware\20260511_fpga1_board1\tdc_pairs\analysis_tdc_pair_random3_ro3_ro7_run01_2mib\tdc_pair_random3_ro3_ro7_run01_2mib.tdc_bins.csv","58763","2026-05-14T03:45:41","8F5D5C82C95BDAB1C4492657021CD9037846EC2FE37011E1D24D99E84E99236E"
"data\hardware\20260511_fpga1_board1\tdc_pairs\analysis_tdc_pair_random3_ro3_ro7_run01_2mib\tdc_pair_random3_ro3_ro7_run01_2mib.tdc_metrics.csv","1240","2026-05-14T03:45:41","42F800FAFA9C9430BA10F8F23FE9943D44BFB1A8176BFE3DE8997EF028F227C7"
"data\hardware\20260511_fpga1_board1\tdc_pairs\analysis_tdc_pair_random3_ro3_ro7_run01_2mib\tdc_pair_random3_ro3_ro7_run01_2mib.tdc_summary.md","776","2026-05-14T03:45:41","0CEA5E39266A3A122F96887E425F4C23B394E4EF231FC145457D3A5655ADBC7F"
"data\hardware\20260511_fpga1_board1\tdc_pairs\tdc_pair_random1_ro0_ro1_repeat02_2mib.bin.sha256.txt","181","2026-05-23T00:35:53","C6439C0F8F416463E0F7D17CB2FB975FA3C06C67BD3A0D359D1E5EA97D8D8C59"
"data\hardware\20260511_fpga1_board1\tdc_pairs\tdc_pair_random1_ro0_ro1_run01_2mib.bin.sha256.txt","178","2026-05-14T03:10:37","88C8F694E4C47E2C471D7D017B612D7A04EA424A34A37ED94C42889CF8DF1AF2"
"data\hardware\20260511_fpga1_board1\tdc_pairs\tdc_pair_random1_ro2_ro4_repeat02_2mib.bin.sha256.txt","181","2026-05-23T00:43:08","A1A513D3F33EF163AA78FF4EBEA6D5691CF5B29DE57C0C62713FC0FB950293AF"
"data\hardware\20260511_fpga1_board1\tdc_pairs\tdc_pair_random1_ro2_ro4_run01_2mib.bin.sha256.txt","178","2026-05-14T03:28:33","419E8C1DFD4B80B37757D6F3D668EE89224308F849EA114870E80AB744AE1835"
"data\hardware\20260511_fpga1_board1\tdc_pairs\tdc_pair_random1_ro4_ro5_repeat02_2mib.bin.sha256.txt","181","2026-05-23T00:27:33","6804D5FAF1CC540079B6FD900148F6A0D5AB4831016D1FC149CF53B1D1B3BC8F"
"data\hardware\20260511_fpga1_board1\tdc_pairs\tdc_pair_random1_ro4_ro5_run01_2mib.bin.sha256.txt","178","2026-05-14T02:58:56","16794C6E4A539C5189AD49AA42D56699A4B2A2D459BF7D9236F8E2E29B87AD55"
"data\hardware\20260511_fpga1_board1\tdc_pairs\tdc_pair_random3_ro0_ro6_repeat02_2mib.bin.sha256.txt","181","2026-05-23T01:02:49","81B6500057F545AA215EEF75CBF71170EBFE4AB225AF16615905A3D03A1555DE"
"data\hardware\20260511_fpga1_board1\tdc_pairs\tdc_pair_random3_ro0_ro6_run01_2mib.bin.sha256.txt","178","2026-05-14T11:49:27","C270C7DE2421DBAB04337338EA85A004858EA9745444740B8FAE5A6170DC6613"
"data\hardware\20260511_fpga1_board1\tdc_pairs\tdc_pair_random3_ro3_ro5_repeat02_2mib.bin.sha256.txt","181","2026-05-23T00:56:18","B2878C8E1BD9B68D53055AF1020E206E6EA0421CAF90F8B472FC228FFD0FD57E"
"data\hardware\20260511_fpga1_board1\tdc_pairs\tdc_pair_random3_ro3_ro5_run01_2mib.bin.sha256.txt","178","2026-05-14T11:41:53","C96B70FDCADCFF62659BE3DA1F97942F9696829D047D488DAFFDD172D93537C7"
"data\hardware\20260511_fpga1_board1\tdc_pairs\tdc_pair_random3_ro3_ro7_repeat02_2mib.bin.sha256.txt","181","2026-05-23T00:49:53","18A0D64971F308125810A5A0FA1F0885BF8AF87943F655835084FE4C490AAAEE"
"data\hardware\20260511_fpga1_board1\tdc_pairs\tdc_pair_random3_ro3_ro7_run01_2mib.bin.sha256.txt","178","2026-05-14T03:45:08","EBD8D72F940566246DF44E3C9A39BAA69125513485AD0FA622C47A18F5F7B525"
"data\hardware\20260511_fpga1_board1\trng\analysis_checker_repeat02_5mib\trng_summary.csv","498","2026-05-13T20:40:56","08C5C3C9B5D0FB1935B9C66F9B467C6E790B72283E5A305277749149D12472B5"
"data\hardware\20260511_fpga1_board1\trng\analysis_checker_repeat02_5mib\trng_summary.md","285","2026-05-13T20:40:56","6320710CEAE252E2D78F552A086742FCB7904BAF75C058FDACD95FED00C42E93"
"data\hardware\20260511_fpga1_board1\trng\analysis_checker_repeat03_20mib\trng_summary.csv","477","2026-05-22T23:41:23","5F75B123D9B844E9276A96A56432BA4D8D57F04E79B5BB3F0CBDF1FD4029FEFA"
"data\hardware\20260511_fpga1_board1\trng\analysis_checker_repeat03_20mib\trng_summary.md","290","2026-05-22T23:41:23","57781A6A8F4D563584657B60C7DBD68F43D6A10B92E3D1F3A7035E03850014FE"
"data\hardware\20260511_fpga1_board1\trng\analysis_checker_run01\trng_summary.csv","483","2026-05-12T02:26:24","01725205D198EC09058842C245AD058ABC054189EEF25046B26076C75683D67A"
"data\hardware\20260511_fpga1_board1\trng\analysis_checker_run01\trng_summary.md","279","2026-05-12T02:26:24","81DFDC3FEBB09C4422CD13F7277A034CE9B6C11B099F2828C6CFB07BB684CE3F"
"data\hardware\20260511_fpga1_board1\trng\analysis_checker_smoke01\trng_summary.csv","479","2026-05-12T00:19:35","94BBE29E7E0CA8908789AB650B90AC0CBE02D0B47C3D30B9D03FCF2317882605"
"data\hardware\20260511_fpga1_board1\trng\analysis_checker_smoke01\trng_summary.md","280","2026-05-12T00:19:35","B4714CDD9220992942F79C2FB76E6E74B8D0B830DF970FAFA6217D00198ABAAC"
"data\hardware\20260511_fpga1_board1\trng\analysis_compact_repeat02_5mib\trng_summary.csv","497","2026-05-13T13:55:32","E137306A8628B217F0A067B0C1E829C1360220A5828D5915653C74ED78DF0C7C"
"data\hardware\20260511_fpga1_board1\trng\analysis_compact_repeat02_5mib\trng_summary.md","287","2026-05-13T13:55:32","29F9D9F6D7701A295E90594A071F88776167C97E489D939B870E052848AEC62B"
"data\hardware\20260511_fpga1_board1\trng\analysis_compact_repeat03_20mib\trng_summary.csv","477","2026-05-22T23:40:54","189BCC60800D0D00BE0212961BBB697831725EFF1C1826A79918D7F1AC3A0045"
"data\hardware\20260511_fpga1_board1\trng\analysis_compact_repeat03_20mib\trng_summary.md","285","2026-05-22T23:40:54","72817BD1183142C4BE0471651E6932E6F755B974070FE07145C2537A281E6F96"
"data\hardware\20260511_fpga1_board1\trng\analysis_compact_run01\trng_summary.csv","482","2026-05-11T23:37:10","91C34F78BD2DAD2BD8FB9DD4BD8868B4115AD4A9DF144E85EB43DF475B806E90"
"data\hardware\20260511_fpga1_board1\trng\analysis_compact_run01\trng_summary.md","278","2026-05-11T23:37:10","550DD71007974C1C037065664DB39E5CFCA2B8BA61E2BCE3C2773345527A9652"
"data\hardware\20260511_fpga1_board1\trng\analysis_compact_smoke01\trng_summary.csv","478","2026-05-11T21:28:13","23F889493A4AC882CF79EE138DA1697F145CB3690F96D854E71F2F1DA15D86FC"
"data\hardware\20260511_fpga1_board1\trng\analysis_compact_smoke01\trng_summary.md","280","2026-05-11T21:28:13","55F63205CA269E4D21DE536C0980025BC53F63A88B4AED7A2C2A409F397283FB"
"data\hardware\20260511_fpga1_board1\trng\analysis_cross_region_repeat02_5mib\trng_summary.csv","505","2026-05-13T20:59:58","41051D6EFB7657368C59A896842A90A2654FFB4266B86F1EC5D43DFFF0624AA5"
"data\hardware\20260511_fpga1_board1\trng\analysis_cross_region_repeat02_5mib\trng_summary.md","291","2026-05-13T20:59:58","33EC4F60C3DF0D3EAB4D36DE7E0CA41D0D36E28939792E2166513CC3D6684A24"
"data\hardware\20260511_fpga1_board1\trng\analysis_cross_region_repeat03_20mib\trng_summary.csv","486","2026-05-22T23:42:22","5F93BFC4ADC8D8521662533E4049E133435CA79C34AC48B9CB6F21F6C41DED07"
"data\hardware\20260511_fpga1_board1\trng\analysis_cross_region_repeat03_20mib\trng_summary.md","292","2026-05-22T23:42:22","01BA029068AC9D543038EDD0BDEEC982CCD3161E828B632F373C59C974AB7542"
"data\hardware\20260511_fpga1_board1\trng\analysis_cross_region_run02\trng_summary.csv","494","2026-05-12T23:19:50","3AADE4C3B85EB7125C037512C59BA51EADD4D24C774206B21E4A6FA32DDFCF47"
"data\hardware\20260511_fpga1_board1\trng\analysis_cross_region_run02\trng_summary.md","284","2026-05-12T23:19:50","1EE55B6DA1C24A6B79D9DA68B84A7467CE92C24066BAFCC7864F18BDC05D01C8"
"data\hardware\20260511_fpga1_board1\trng\analysis_cross_region_smoke01\trng_summary.csv","490","2026-05-12T00:28:11","7910D625571A5C5D8142B918B0D6D5232BAF1F99EB48498D58CF58F9BBA736CF"
"data\hardware\20260511_fpga1_board1\trng\analysis_cross_region_smoke01\trng_summary.md","286","2026-05-12T00:28:11","12C0BA707D54456C986A17E04FD49AC84488CA52747AA16DBBB29DD2553B2FA6"
"data\hardware\20260511_fpga1_board1\trng\analysis_far_repeat02_5mib\trng_summary.csv","458","2026-05-13T15:28:57","DD908E1318ED29D064F3AE985BE65C34657CE6CED631CAFBB320BEFAB093AD01"
"data\hardware\20260511_fpga1_board1\trng\analysis_far_repeat02_5mib\trng_summary.md","268","2026-05-13T15:28:57","472F6C82A8E430E515F6C7B251EEAFA1A31E43B127D46EB9C1BBC5F5F33B6388"
"data\hardware\20260511_fpga1_board1\trng\analysis_far_repeat03_20mib\trng_summary.csv","437","2026-05-22T23:40:29","D9CDD481A82F8E8FFBC622D66E48D83B95D0432B92266305BDE809C6E4FF94E1"
"data\hardware\20260511_fpga1_board1\trng\analysis_far_repeat03_20mib\trng_summary.md","270","2026-05-22T23:40:29","7886055CCED0EA90BA972F209A5C72461BBFADCDB1B25BB021FAB2A532F32BEC"
"data\hardware\20260511_fpga1_board1\trng\analysis_far_run01\trng_summary.csv","442","2026-05-12T00:06:53","3608CA16E9CD36C9D37A1EA52C1E09B61573736C2EBCBE731114F8A2EC8731AC"
"data\hardware\20260511_fpga1_board1\trng\analysis_far_run01\trng_summary.md","261","2026-05-12T00:06:53","F757DCC624A200EA345F58C6F5E9B35AB1E590F009F28E1EFF2356A63E088EE6"
"data\hardware\20260511_fpga1_board1\trng\analysis_far_smoke01\trng_summary.csv","443","2026-05-11T22:22:53","FBCEB9600F5CDC26B63F49D8A990610D5925E25AB3FFE7160A1411F934EA8DC0"
"data\hardware\20260511_fpga1_board1\trng\analysis_far_smoke01\trng_summary.md","262","2026-05-11T22:22:53","41579008991196E6FC5798A794234C8F2EC6466CEA14D5433E862C6A1B699D9C"
"data\hardware\20260511_fpga1_board1\trng\analysis_original_fpga1_program_capture01\trng_summary.csv","497","2026-05-11T20:27:19","CD212F37FB27A59A21537FE14685B887E2F526391F095F256AAF650F9ACA74A7"
"data\hardware\20260511_fpga1_board1\trng\analysis_original_fpga1_program_capture01\trng_summary.md","295","2026-05-11T20:27:19","B4738092CFAB232626DD57B305CB2A34D05BD112402183C85543F52E999FCE45"
"data\hardware\20260511_fpga1_board1\trng\analysis_original_fpga1_repeat02_5mib\trng_summary.csv","510","2026-05-14T01:22:18","FDBDEF7F4FEE8E0428B2AFD15924D8141677363F706F8189905439C0A2A92E8E"
"data\hardware\20260511_fpga1_board1\trng\analysis_original_fpga1_repeat02_5mib\trng_summary.md","295","2026-05-14T01:22:18","B81EEBD0F56C68183F8633B84B44DF2C4F1D8C8B75E9D773A47D7C4ED4328AEC"
"data\hardware\20260511_fpga1_board1\trng\analysis_original_fpga1_run01_10mib\trng_summary.csv","508","2026-05-14T01:13:22","C88C2A7F1BA8C2E94A9EC833503A56B8FE0B085048F33DB9F55296646099894C"
"data\hardware\20260511_fpga1_board1\trng\analysis_original_fpga1_run01_10mib\trng_summary.md","292","2026-05-14T01:13:22","36025F7BCCCD31F43274D8B412F36452ED615107C427FF54328EC4E1B8F52E32"
"data\hardware\20260511_fpga1_board1\trng\analysis_random1_repeat02_5mib\trng_summary.csv","467","2026-05-13T13:37:06","81F4D6B91A36594094A4C3C1F6ECED14F5EEE1B14173A556C342D8DCCC21DBB9"
"data\hardware\20260511_fpga1_board1\trng\analysis_random1_repeat02_5mib\trng_summary.md","272","2026-05-13T13:37:06","BC4D6DC3518A6955F0998FF6B8BF738BC9CE47E06FD99B48A62E1ADA5F6E387D"
"data\hardware\20260511_fpga1_board1\trng\analysis_random1_repeat03\trng_summary.csv","459","2026-05-14T13:09:36","CD453301537EEEE131F5872DF75FAF83D38563BBC10DFFD6C438E20EB6A5931E"
"data\hardware\20260511_fpga1_board1\trng\analysis_random1_repeat03\trng_summary.md","268","2026-05-14T13:09:36","5B91616D2652DF80715FA47B3873617A5A2034CA2026A25860CBE10F52ADCC1E"
"data\hardware\20260511_fpga1_board1\trng\analysis_random1_run01\trng_summary.csv","451","2026-05-12T00:54:30","5547893941261D8BCAAE5C0ACABB8A921219A1A7472D2525301A079D14227EEE"
"data\hardware\20260511_fpga1_board1\trng\analysis_random1_run01\trng_summary.md","265","2026-05-12T00:54:30","5B45721D7B22E8E2C9981DBB0D2E4D5D80C221375CFF028E5E11496F4C796F47"
"data\hardware\20260511_fpga1_board1\trng\analysis_random1_sample_ro_local_x45y39_20mib_20260523\trng_summary.csv","516","2026-05-23T14:49:45","54CBBB522A33225E7019B9C77DA6CEB6E5814243B1E2FC0CAF5004D95618A0E1"
"data\hardware\20260511_fpga1_board1\trng\analysis_random1_sample_ro_local_x45y39_20mib_20260523\trng_summary.md","297","2026-05-23T14:49:45","6BE7E12E9E466DCAD02E0CC7EDC7F1B8CC97A5A2043B43374A62557B04B355C5"
"data\hardware\20260511_fpga1_board1\trng\analysis_random1_sample_ro_local_x45y39_5mib_20260523\trng_summary.csv","511","2026-05-23T01:42:19","D2D3D83EBFCCDBD0F8F806472F8584E2BB517EA380163E1E4D0EF36FC155AAAD"
"data\hardware\20260511_fpga1_board1\trng\analysis_random1_sample_ro_local_x45y39_5mib_20260523\trng_summary.md","295","2026-05-23T01:42:19","EFF60EA9664AB835FA36FAAECCBFE838D407090ECD237EF9311F46163E36F3D0"
"data\hardware\20260511_fpga1_board1\trng\analysis_random1_sampler_island_local_x45y39_regs_x45y31_5mib_20260523\trng_summary.csv","543","2026-05-23T01:52:36","AAB1CF22ACFBDB125C65B7510A8143706E3044AFD6000351916B739285C175CE"
"data\hardware\20260511_fpga1_board1\trng\analysis_random1_sampler_island_local_x45y39_regs_x45y31_5mib_20260523\trng_summary.md","311","2026-05-23T01:52:36","A62DE5A2AF117D32C2EB13DE633D636691E7D285E0586F426FCBE04D9F21F4C2"
"data\hardware\20260511_fpga1_board1\trng\analysis_random1_sampler_island_local_x45y39_regs_x45y31_program_20mib_20260523\trng_summary.csv","597","2026-05-23T15:40:55","4C7DA43AF4332E5FCF5B7477F8A02EC61DCAA4DCF4F50C870D6C71BE3FB796B4"
"data\hardware\20260511_fpga1_board1\trng\analysis_random1_sampler_island_local_x45y39_regs_x45y31_program_20mib_20260523\trng_summary.md","336","2026-05-23T15:40:55","2269C69D9F9B9057DCEE17FC61287D61E40AA7A93B52E7F672401F0CC69EDA4E"
"data\hardware\20260511_fpga1_board1\trng\analysis_random1_sampler_island_local_x45y39_regs_x45y31_program_5mib_20260523\trng_summary.csv","592","2026-05-23T15:02:34","63FA92369CB217EA58DC789F4896FF9B10AEA25A52DC2665AB976E1C8C59A414"
"data\hardware\20260511_fpga1_board1\trng\analysis_random1_sampler_island_local_x45y39_regs_x45y31_program_5mib_20260523\trng_summary.md","334","2026-05-23T15:02:34","685EDA99A66B641767F01D70B064B98248F2814DFFAAD702C2E6B0A6A3F8589A"
"data\hardware\20260511_fpga1_board1\trng\analysis_random1_sampler_regs_only_x45y31_20mib_20260524\trng_summary.csv","538","2026-05-24T13:23:25","72FF39F6D16DBE6A5FF215BCC762C2C2B31DEBC7D4AA4043543452B67E99BA95"
"data\hardware\20260511_fpga1_board1\trng\analysis_random1_sampler_regs_only_x45y31_20mib_20260524\trng_summary.md","307","2026-05-24T13:23:25","282EFB871B63BF9104D7F58CD80AE5DEE84D4267BDE292237E3A73908598CAF7"
"data\hardware\20260511_fpga1_board1\trng\analysis_random1_sampler_regs_only_x45y31_smoke_5mib_20260524\trng_summary.csv","544","2026-05-24T12:48:44","C97D4681832417490C7568FE0F54F06B645F831EDE25CF4073ED1887794E6A52"
"data\hardware\20260511_fpga1_board1\trng\analysis_random1_sampler_regs_only_x45y31_smoke_5mib_20260524\trng_summary.md","313","2026-05-24T12:48:44","5086365687D231A2A62D7B337E02DA122FCB06AF5597312F40E8A311F72644F6"
"data\hardware\20260511_fpga1_board1\trng\analysis_random1_smoke01\trng_summary.csv","451","2026-05-12T00:31:02","83C189FD408B936A7B313063BF4810FE934E01A7A41E8C7AB89518CEB08EDC67"
"data\hardware\20260511_fpga1_board1\trng\analysis_random1_smoke01\trng_summary.md","265","2026-05-12T00:31:02","52A74E99BBD5E5F6E037B695D392D1325DEFEA03968EA1175C1B33389688ED76"
"data\hardware\20260511_fpga1_board1\trng\analysis_random2_repeat02_5mib\trng_summary.csv","467","2026-05-13T20:23:56","0EF5E2A21C1C22DA92E7F502D9DCBF7D96989DA97DD92EC7C79CD88CC663FD18"
"data\hardware\20260511_fpga1_board1\trng\analysis_random2_repeat02_5mib\trng_summary.md","271","2026-05-13T20:23:56","13D1BC1D930C16AF2E70FABC1C142F495ECDCA0E556E089D5684E09ADF79A88F"
"data\hardware\20260511_fpga1_board1\trng\analysis_random2_repeat03_20mib\trng_summary.csv","445","2026-05-22T23:41:42","A453917CF0EB12D44D888316FD1BD6D76BB1712E17FE6D28BAB50B87553E38D9"
"data\hardware\20260511_fpga1_board1\trng\analysis_random2_repeat03_20mib\trng_summary.md","274","2026-05-22T23:41:42","3C91D509228CB67BFAA6A2CE0F4460353DFF3ADFD7D674F5062D33FFBB135D67"
"data\hardware\20260511_fpga1_board1\trng\analysis_random2_run01\trng_summary.csv","450","2026-05-12T02:02:29","FD05A66ABEE70E943E99814C64DAE485DD75CE93C6C55048A24673A205D5CC77"
"data\hardware\20260511_fpga1_board1\trng\analysis_random2_run01\trng_summary.md","265","2026-05-12T02:02:29","AC099D92CF5DA2E3F2E466F8BCCA38F88BBAED3F85534C317B160FDA8114197F"
"data\hardware\20260511_fpga1_board1\trng\analysis_random2_smoke01\trng_summary.csv","452","2026-05-12T00:33:46","59F45B12A00605E396EB136077618B0A2B91B0606E48B0C1B8244617BD871EB2"
"data\hardware\20260511_fpga1_board1\trng\analysis_random2_smoke01\trng_summary.md","265","2026-05-12T00:33:46","F7038174BFDAF9F1FB4DA48921529666299A306F3FE8EAB73D313C439D39932E"
"data\hardware\20260511_fpga1_board1\trng\analysis_random3_repeat02_5mib\trng_summary.csv","498","2026-05-13T13:46:30","FC90EC0260D62F1DDAFB3B9EA8E42F9FF5A46B2D1DEDBE0513AAC910551015F6"
"data\hardware\20260511_fpga1_board1\trng\analysis_random3_repeat02_5mib\trng_summary.md","287","2026-05-13T13:46:30","703F6F5C4D35745B7997926B0669F88EA2680439ED6E367BB2AAFD58C0E81901"
"data\hardware\20260511_fpga1_board1\trng\analysis_random3_repeat03\trng_summary.csv","487","2026-05-14T13:54:19","6484C4887809A041CB22EA4CEECB92D711F62E2CBD8924DCD5027729ACCC9DC1"
"data\hardware\20260511_fpga1_board1\trng\analysis_random3_repeat03\trng_summary.md","284","2026-05-14T13:54:19","20A11D7D89BD9F3D5C63307870E56F06815C7BC96D06BFCCDB0C7248CE446611"
"data\hardware\20260511_fpga1_board1\trng\analysis_random3_run01\trng_summary.csv","480","2026-05-12T01:11:53","94407187451EA285276E2C3173E39C8E49ED74C1B3A6CD59ED96B823D570FDD1"
"data\hardware\20260511_fpga1_board1\trng\analysis_random3_run01\trng_summary.md","279","2026-05-12T01:11:53","744EFADEA7BAD3E427BD42B74F5041BFEFCC3A21FB7C45AC484617871FEECB4A"
"data\hardware\20260511_fpga1_board1\trng\analysis_random3_smoke01\trng_summary.csv","479","2026-05-12T00:36:27","29CDC37FD6A3015751A56C9C2279D84E26DAB78F4E40F2235A15C1320283DA7F"
"data\hardware\20260511_fpga1_board1\trng\analysis_random3_smoke01\trng_summary.md","280","2026-05-12T00:36:27","BE64BEB56DCD4E3A2E2139C715707AE5ACD52C11A8E0A99954ACF7CAF0974A2C"
"data\hardware\20260511_fpga1_board1\trng\analysis_row_repeat02_5mib\trng_summary.csv","459","2026-05-13T15:42:18","1A6B9E69AC0F3CD9CC1A3515DB53851C65B2F9D37415680CC2CBD3958AEB1C75"
"data\hardware\20260511_fpga1_board1\trng\analysis_row_repeat02_5mib\trng_summary.md","267","2026-05-13T15:42:18","CE596FB92FBE4C3C63BC4F308912DEA7EE1905145DE40B09AD8C76CEB6DD0D95"
"data\hardware\20260511_fpga1_board1\trng\analysis_row_repeat03_20mib\trng_summary.csv","437","2026-05-22T23:42:02","54A7C036FFD670B2E45C7C045CA1E17E09882BFF59C9B733A866A80035C54BBD"
"data\hardware\20260511_fpga1_board1\trng\analysis_row_repeat03_20mib\trng_summary.md","270","2026-05-22T23:42:02","3A9E23875BA6ECF7B608CB04153E285C7E8C97FC47FF19F45D94ADA9D6623DCB"
"data\hardware\20260511_fpga1_board1\trng\analysis_row_run01\trng_summary.csv","442","2026-05-12T01:38:06","C17C6C9E299D9067C4E7BE2D749D4206415190CC5E8BCA132435E471513E9B13"
"data\hardware\20260511_fpga1_board1\trng\analysis_row_run01\trng_summary.md","260","2026-05-12T01:38:06","A7B21AE7B61ACAD2EC50EDDCB9CBA63BC8037C28795AF1A57C1A55B8A7E4BCEE"
"data\hardware\20260511_fpga1_board1\trng\analysis_row_smoke01\trng_summary.csv","443","2026-05-12T00:25:15","87C1B35A7F9B49DADF938C39C1626FB86DBF10C57F043CABAAF6884BF53B9CD7"
"data\hardware\20260511_fpga1_board1\trng\analysis_row_smoke01\trng_summary.md","262","2026-05-12T00:25:15","207BA3F1132FD4CDCA57B3451B2E0FF4016C107F5B69ADA4FCA5ED823103912E"
"data\hardware\20260511_fpga1_board1\trng\analysis_same_column_repeat02_5mib\trng_summary.csv","491","2026-05-13T21:11:46","D759EA75819B4FF90E4212929F33B7F41CE2C58578AD74B6F7766C61883678C8"
"data\hardware\20260511_fpga1_board1\trng\analysis_same_column_repeat02_5mib\trng_summary.md","284","2026-05-13T21:11:46","B3D205AC2CAED9E61369483B7F6962D11A308171A4040D531E78D5CB6E23DF0D"
"data\hardware\20260511_fpga1_board1\trng\analysis_same_column_repeat03_20mib\trng_summary.csv","468","2026-05-22T23:39:38","2107564D83FD48AE48E3E1DE7B14BAE8210B3A8B62AB780FDB223BF949051675"
"data\hardware\20260511_fpga1_board1\trng\analysis_same_column_repeat03_20mib\trng_summary.md","286","2026-05-22T23:39:38","851057530586291E349E14C6402555277049856C05A6A84118C3BA98E2A23405"
"data\hardware\20260511_fpga1_board1\trng\analysis_same_column_run01\trng_summary.csv","475","2026-05-12T23:52:20","0A0B749E9A65131CCBAD722E9FE8551CDD1127C24A1DB8FE90311D01C1A0E635"
"data\hardware\20260511_fpga1_board1\trng\analysis_same_column_run01\trng_summary.md","275","2026-05-12T23:52:20","AF9F3DE901E8FF3B4108A8028E93C7CE7CF1EF53F4C6965E008A9CDA510BDF9F"
"data\hardware\20260511_fpga1_board1\trng\analysis_same_column_smoke01\trng_summary.csv","491","2026-05-12T00:22:36","A5F6B8BC6DED0A00FF5EF634A31A38909849CD4548E0BFB7C11E58C58CE07866"
"data\hardware\20260511_fpga1_board1\trng\analysis_same_column_smoke01\trng_summary.md","288","2026-05-12T00:22:36","959C8DF665802F883B2A4EAE9B52D88BDF43CEE4E71AE0F95C27A0C81CE7B681"
"data\hardware\20260511_fpga1_board1\trng\analysis_sparse_repeat02_5mib\trng_summary.csv","461","2026-05-13T14:04:11","E265E9D15C266C6ABF99A3974D4839000C6CE65E7996F361B5F64367E7A05789"
"data\hardware\20260511_fpga1_board1\trng\analysis_sparse_repeat02_5mib\trng_summary.md","271","2026-05-13T14:04:11","479D479F05904BB9CB5E38CF220DF6B1EF12A5FC7942481FF24421DE72B2C1CE"
"data\hardware\20260511_fpga1_board1\trng\analysis_sparse_repeat03_20mib\trng_summary.csv","443","2026-05-22T23:40:05","14D68A005746109530A3C00A23569BABC5019942AF6DF2E1E835A43D5B5ECDAF"
"data\hardware\20260511_fpga1_board1\trng\analysis_sparse_repeat03_20mib\trng_summary.md","273","2026-05-22T23:40:05","9C4E262BCCC52BB0C5F0E041CF537ADC38E3D2F86A50207D83D69BDCE87442DB"
"data\hardware\20260511_fpga1_board1\trng\analysis_sparse_run01\trng_summary.csv","448","2026-05-11T23:00:24","90C60FD2EF4CDF5D61BFF56F2A9E44B2F31744A8AF0E972D5632F8460AB356BD"
"data\hardware\20260511_fpga1_board1\trng\analysis_sparse_run01\trng_summary.md","263","2026-05-11T23:00:24","51480B03574E76AF45B1C23328C3F3BCEC0BC4A9DB06CD760B798A36B369C741"
"data\hardware\20260511_fpga1_board1\trng\analysis_sparse_smoke01\trng_summary.csv","448","2026-05-11T22:16:05","5986639918C5D4A93E75CB47987CEB6732856D78EFFEE69A74348E23CE95E7D8"
"data\hardware\20260511_fpga1_board1\trng\analysis_sparse_smoke01\trng_summary.md","265","2026-05-11T22:16:05","506772E111F5B977387548A990EB9A0A2D5C8890F461D5A3E2C25F4A34769B6A"
"data\hardware\20260511_fpga1_board1\trng\checker_repeat02_5mib.bin.sha256.txt","159","2026-05-13T20:40:47","80BE3696D6BF36EC047C86D95E10CA7B30A6A198417E78F1CC25F0B341DC3240"
"data\hardware\20260511_fpga1_board1\trng\checker_repeat03_20mib.bin.sha256.txt","160","2026-05-22T20:43:31","13763D5FD0AD244E2FAE20319811AE8CFE3C12BC9B9F8BEF45D06D6999DC1D6A"
"data\hardware\20260511_fpga1_board1\trng\checker_run01.bin.sha256.txt","151","2026-05-12T02:26:10","07457755F90754C40A80F4B1578011BF7669A9B3E65DD021FDC6C7CCBFE6ACCE"
"data\hardware\20260511_fpga1_board1\trng\checker_smoke01.bin.sha256.txt","153","2026-05-12T00:19:33","1BDA7592E1C4E051B8815E5AFD4108DBB0CF94A6D2D8D5E627154B3FE842B0AA"
"data\hardware\20260511_fpga1_board1\trng\compact_repeat02_5mib.bin.sha256.txt","159","2026-05-13T13:55:29","798D2C777E92EF79FE55CA60C42646849569E9B9161C4C31938A5202A533F612"
"data\hardware\20260511_fpga1_board1\trng\compact_repeat03_20mib.bin.sha256.txt","160","2026-05-22T20:09:35","D5302EA8C899CC36221463FF6879DAAB220887C0C2381DBE771759AF33D0832B"
"data\hardware\20260511_fpga1_board1\trng\compact_run01.bin.sha256.txt","151","2026-05-11T23:36:57","AC73D7F125EAE794335EC7E071929FBD1648148969A1978CC6FA1A56404B2E30"
"data\hardware\20260511_fpga1_board1\trng\compact_smoke01.bin.sha256.txt","153","2026-05-11T21:28:09","59D8EA16AC2AA4A21CA00D4A02F316A3804F5DC7E09406A0298232024D2C0EE7"
"data\hardware\20260511_fpga1_board1\trng\cross_region_repeat02_5mib.bin.sha256.txt","164","2026-05-13T20:59:52","6716DEBEA77C4BA98B756D170B78959602519B96B4E585548FD5334F5120F362"
"data\hardware\20260511_fpga1_board1\trng\cross_region_repeat03_20mib.bin.sha256.txt","165","2026-05-22T22:23:43","697B97A0A7FF8B8A3FF636F841492709273466B0912DA6156C2FC6AC13E4F97D"
"data\hardware\20260511_fpga1_board1\trng\cross_region_run02.bin.sha256.txt","156","2026-05-12T23:19:31","F240E41A460A99C3DBBFFAB07E5693C922E4F17A7027964C1DA015F8490C1E86"
"data\hardware\20260511_fpga1_board1\trng\cross_region_smoke01.bin.sha256.txt","158","2026-05-12T00:28:10","A0226789522888C2F6C42B9E2196D519E2EC6F38C5B9475E21F07C17140B187D"
"data\hardware\20260511_fpga1_board1\trng\far_repeat02_5mib.bin.sha256.txt","155","2026-05-13T15:28:26","C7B976E6E36CBB718EB903822CBADE7C321C532B75C1022B03D2E20BE60C4F19"
"data\hardware\20260511_fpga1_board1\trng\far_repeat03_20mib.bin.sha256.txt","156","2026-05-22T19:35:16","BAB37976F923CDAD2E5C9F8657D5834498D1D3C6A2DD12BAAE3D56A3B54C08C6"
"data\hardware\20260511_fpga1_board1\trng\far_run01.bin.sha256.txt","147","2026-05-12T00:06:41","E5DB8E39EBF01472446B2FDB575030CFEA401C82AD4FAB13F425AC9A9C84EA67"
"data\hardware\20260511_fpga1_board1\trng\far_smoke01.bin.sha256.txt","149","2026-05-11T22:22:50","F2D954B6040090256E48FB4E9CCA77DB5312240D1546EDF1ECBAFF43FB22F680"
"data\hardware\20260511_fpga1_board1\trng\original_fpga1_program_capture01.bin.sha256.txt","170","2026-05-11T20:27:18","7E96E4EB5656F0A6D8CC17FAF8A59B76172E7A79EA37A937AEE5782D6B1939F4"
"data\hardware\20260511_fpga1_board1\trng\original_fpga1_repeat02_5mib.bin.sha256.txt","166","2026-05-14T01:22:08","7D28803B93AED8E0555AACED5966951E7F2FA07B7D8ECE9E8CC363238A76B15A"
"data\hardware\20260511_fpga1_board1\trng\original_fpga1_run01_10mib.bin.sha256.txt","164","2026-05-14T01:13:16","4646E9996A6ED9B201C677AC26DAEDE7120F6CF1F68BF8CBAD2E69ADD4CB41E3"
"data\hardware\20260511_fpga1_board1\trng\random1_repeat02_5mib.bin.sha256.txt","159","2026-05-13T13:37:01","BB99B355B01EB56A0119C4E0A6CF483CE5C3FBAA75C3AE7541F58F4ACF5D5505"
"data\hardware\20260511_fpga1_board1\trng\random1_repeat03.bin.sha256.txt","154","2026-05-14T13:09:06","FAAB1619D031C409D3207C603459345890A349422F94955764C1D71922909C9F"
"data\hardware\20260511_fpga1_board1\trng\random1_run01.bin.sha256.txt","151","2026-05-12T00:54:19","70A07828321ADDCCB2CE334A022F69C1B364181F598E84F08C07D1E5FD475736"
"data\hardware\20260511_fpga1_board1\trng\random1_sample_ro_local_x45y39_20mib_20260523.bin.sha256.txt","183","2026-05-23T14:49:33","D3F724C9F399F2930C100CFE95BBB5EB35C63D7A0E1F3C5F6D701AF0483EF9BA"
"data\hardware\20260511_fpga1_board1\trng\random1_sample_ro_local_x45y39_5mib_20260523.bin.sha256.txt","182","2026-05-23T01:42:16","24E2FC2ED554531C254E55E98E301394F29E7AD6BD03B3AEDF9A29F2A752244B"
"data\hardware\20260511_fpga1_board1\trng\random1_sampler_island_local_x45y39_regs_x45y31_5mib_20260523.bin.sha256.txt","199","2026-05-23T01:52:34","FAE923C0554480A1F2E7645DBB53221EF746B3A7A48DCC0C8956A3E445292E5A"
"data\hardware\20260511_fpga1_board1\trng\random1_sampler_island_local_x45y39_regs_x45y31_program_20mib_20260523.bin.sha256.txt","208","2026-05-23T15:40:41","E9843C00985264C40978815B220C2B4EB1F5004613988811570D51F1B82D5C46"
"data\hardware\20260511_fpga1_board1\trng\random1_sampler_island_local_x45y39_regs_x45y31_program_5mib_20260523.bin.sha256.txt","207","2026-05-23T15:02:31","7C6EE86640E7EDEB0E9FF906F9317D1AACB61B9F38725090E5713536738BB93A"
"data\hardware\20260511_fpga1_board1\trng\random1_sampler_regs_only_x45y31_20mib_20260524.bin.sha256.txt","185","2026-05-24T13:23:14","DF47F0DAF7AEFC3E80E9120BE133CC8505701DCE136D9F92428E4348E89B2FAC"
"data\hardware\20260511_fpga1_board1\trng\random1_sampler_regs_only_x45y31_smoke_5mib_20260524.bin.sha256.txt","190","2026-05-24T12:48:42","8E87A112C0ABF56E336F1AA77E072B9184DC0A8309F73A46924AD7AD39FED9F2"
"data\hardware\20260511_fpga1_board1\trng\random1_smoke01.bin.sha256.txt","153","2026-05-12T00:31:01","6357A7129982E95AD492E0CEAEA1DA10CDEC4AE32606A4444FFA67C2F6F11621"
"data\hardware\20260511_fpga1_board1\trng\random2_repeat02_5mib.bin.sha256.txt","159","2026-05-13T20:23:47","E707EED091989251B7BC58B48DBBCF4BC949633CDDA274E66895273102A4A7B9"
"data\hardware\20260511_fpga1_board1\trng\random2_repeat03_20mib.bin.sha256.txt","160","2026-05-22T21:16:56","A6191B7D074717D920F983924272F46731DFCADFA69B34F5C4C2A263EDDCEC16"
"data\hardware\20260511_fpga1_board1\trng\random2_run01.bin.sha256.txt","151","2026-05-12T02:02:17","8A06847B0C29F3B25D7510D7101FC8D15A6DBFCCDDF98A2E53FE8F86D0C7B6CF"
"data\hardware\20260511_fpga1_board1\trng\random2_smoke01.bin.sha256.txt","153","2026-05-12T00:33:45","3B5EAB31225E979B9253B7B2FD81FDF9D20B6AFF30DD9396F584A4AB23D361CB"
"data\hardware\20260511_fpga1_board1\trng\random3_repeat02_5mib.bin.sha256.txt","159","2026-05-13T13:46:25","3525E5B8994004325D7DC46667782DB2DCD4631F77551A7063D5E0C2226C8A90"
"data\hardware\20260511_fpga1_board1\trng\random3_repeat03.bin.sha256.txt","154","2026-05-14T13:53:35","B577DDC3C7200303613B9DDC42EF5E71099ACE26501857BBC0B5FF0969CC6370"
"data\hardware\20260511_fpga1_board1\trng\random3_run01.bin.sha256.txt","151","2026-05-12T01:11:36","06D1E2ECCFA6E26B6E3105171906B96D67C9FC86497283ECB135578A39D1E10A"
"data\hardware\20260511_fpga1_board1\trng\random3_smoke01.bin.sha256.txt","153","2026-05-12T00:36:26","DE482AEBDA3CDC2E64C8F3C52BB04AFBF11EA0D558BBE67B6BF1C76928CDB6B4"
"data\hardware\20260511_fpga1_board1\trng\row_repeat02_5mib.bin.sha256.txt","155","2026-05-13T15:42:11","2932779A9210A18BE2CF262034309E7619377D21C88009EB38742DFC3B0455F7"
"data\hardware\20260511_fpga1_board1\trng\row_repeat03_20mib.bin.sha256.txt","156","2026-05-22T21:50:18","E3F3F877FBDB665E7E63ED92C0C9563A1D5A3439AC0110BE49D71BC33103B75F"
"data\hardware\20260511_fpga1_board1\trng\row_run01.bin.sha256.txt","147","2026-05-12T01:37:52","1C6DE6DA6E6A81B37DD3504A021EA3C474288A69833BA7AC64B19204ABAAE540"
"data\hardware\20260511_fpga1_board1\trng\row_smoke01.bin.sha256.txt","149","2026-05-12T00:25:14","1D86ED6C0CEC01B5E097B3BBCD82175B78D6CAAD0B6F8BCA74CA2FB94FA7F607"
"data\hardware\20260511_fpga1_board1\trng\same_column_repeat02_5mib.bin.sha256.txt","163","2026-05-13T21:11:42","5F877B6974C39EB1BDF78E49C205B4C823C98E307171EA0028BB09C68D5E4B6C"
"data\hardware\20260511_fpga1_board1\trng\same_column_repeat03_20mib.bin.sha256.txt","164","2026-05-22T17:12:46","7E805EC1248DD23FD7011D612B180AA98D112E256222F4BDDE3847481D4F60CD"
"data\hardware\20260511_fpga1_board1\trng\same_column_run01.bin.sha256.txt","155","2026-05-12T23:52:09","6E49490321C9700CADDEF73A50DBF7C61A0EFE8D4039602607075B276AF4715F"
"data\hardware\20260511_fpga1_board1\trng\same_column_smoke01.bin.sha256.txt","157","2026-05-12T00:22:35","29FB41B233D55C791A7A932A0793F40100E5E5E0BC2173DA2262222AF8E314F4"
"data\hardware\20260511_fpga1_board1\trng\sparse_repeat02_5mib.bin.sha256.txt","158","2026-05-13T14:04:08","D306E8636F94F8DA061BB44FBDED29E8035D048A7E53B80A34DAE43F05E1F37F"
"data\hardware\20260511_fpga1_board1\trng\sparse_repeat03_20mib.bin.sha256.txt","159","2026-05-22T17:46:52","9FF7D57E8407C4580A519EEFB80DB6A8E9DA706BF3ADD12D18F4647424DCE57C"
"data\hardware\20260511_fpga1_board1\trng\sparse_run01.bin.sha256.txt","150","2026-05-11T23:00:10","0D24BD18606D11684FCCEDAB30DC3E0E95007C07CA46B847F0229B1ACA21F632"
"data\hardware\20260511_fpga1_board1\trng\sparse_smoke01.bin.sha256.txt","152","2026-05-11T22:16:02","987F346CBEDEA7ACCF5720742DB5B137A2B051FAF96AF5E2F01023A4F7365F5E"
"data\hardware\20260511_fpga1_board1\trng\trng_current_compare.csv","1161","2026-05-11T23:40:32","F54DF4167301AC520645825092ECAC691AA9A292045C6BC71C298F00CAA6940A"
"data\hardware\20260511_fpga1_board1\trng\trng_current_compare.md","1453","2026-05-11T23:40:32","F08F3DF86EB2A3AC48DAD67DD227BD2D8F5A725A8854420BB974CD726BE686D3"
"data\hardware\20260511_fpga1_board1\trng\trng_formal_10mib_compare.csv","1158","2026-05-12T00:08:10","07BF46443EADC1744924E70C78F9734A5B6A24A2EA949EE233932DD7BCAADB8D"
"data\hardware\20260511_fpga1_board1\trng\trng_formal_10mib_compare.md","1450","2026-05-12T00:08:10","921A2B943F5642FA14D3DEE585660D87B745C544838DF231A74D141C94528435"
"data\hardware\20260511_fpga1_board1\trng\trng_formal_10mib_ranked.csv","724","2026-05-12T01:12:30","9FDDBACEA9533027F57A0D57C28ABA50702700B303D6471612C968CE4AF4723A"
"data\hardware\20260511_fpga1_board1\trng\trng_formal_10mib_ranked.md","704","2026-05-12T01:12:30","5F3C27DD67DF68668287E7400C509520A81CAEC94F7A10C49823B41FB1582586"
"data\hardware\20260511_fpga1_board1\trng\trng_formal_all_10mib_ranked.csv","1489","2026-05-12T23:53:48","E68360DD9F4A4442E5B5F27FFCC274CFFD79954B8ACE9FB4D23F9C1DD498A185"
"data\hardware\20260511_fpga1_board1\trng\trng_formal_all_10mib_ranked.md","1182","2026-05-12T23:53:48","678E8E39FFDEF3DFA869FC3CB8F972A580397C416BE1C4111E400E578205DC66"
"data\hardware\20260511_fpga1_board1\trng\trng_repeats_by_placement.csv","4172","2026-05-24T13:23:26","94B8BD537AB304D856DB0D902951757D3215ABF22ADAA55BF063C383CE68667A"
"data\hardware\20260511_fpga1_board1\trng\trng_repeats_by_placement.md","5841","2026-05-24T13:23:26","48C01BE93559C8BF1F2CB2D776673E952379766B5ACB1BB30A06C66667EAD518"
"data\hardware\20260511_fpga1_board1\trng\trng_repeats_by_run.csv","6212","2026-05-24T13:23:26","C9C782A253A94A0B1472B75649BF481C7DF73021265E898A6287A8A3E50F0865"
"data\hardware\20260511_fpga1_board1\trng\trng_repeats_by_run.md","14162","2026-05-24T13:23:26","D38D160F4CCDE69067CC6A04262784F43A64DBD6E0AF3E823BAAB57CF0A235A7"
"data\hardware\20260511_fpga1_board1\trng\trng_smoke_compare.csv","445","2026-05-11T22:23:11","6F77C2B7C6E2C234662030CF5813A101E60E22638A5A2E46BEE6F1F4E2B97C92"
"data\hardware\20260511_fpga1_board1\trng\trng_smoke_compare.md","568","2026-05-11T22:23:11","0F52F00B9B405FC8DCC147156B6E0E1D1D32B9573196D8B5647E2F0595C66153"
"data\hardware\20260511_fpga1_board1\trng\trng_smoke_matrix_compare.csv","1309","2026-05-12T00:37:12","8B666233B18827BFF7D713250CD56C54DFA6C796BE61E0EF6CA45F112DE5BE19"
"data\hardware\20260511_fpga1_board1\trng\trng_smoke_matrix_compare.md","1060","2026-05-12T00:37:12","9998BF988F422716FBDD64DF47B14BC00E89E4D1C925A16B88D071EABA52BCEC"
"data\sp800_90b\inputs_repeat_20260514\manifest.csv","1936","2026-05-14T16:17:07","7F833C9CD86C1B6F11E90F293FAE2E06B527EEB4CF93B9F919FADE6BE12E12D6"
"data\sp800_90b\inputs_repeat_20260514\manifest.json","3506","2026-05-14T16:17:07","6136B238D18BB75A58BE4D6FB89BE6BBF1BA3D8F744696E2B34F55C54BD003A6"
"data\sp800_90b\inputs_smoke_20260514\manifest.csv","9982","2026-05-14T12:50:26","1F46D92531BB04A490CDB117224D8B697DAFCBF9146F9A137F302377C4842B18"
"data\sp800_90b\inputs_smoke_20260514\manifest.json","18383","2026-05-14T12:50:26","C7D3F7E12B4D5108A137627756B4A1585024C2BC89F075AC2FB04BE3215D878C"
"data\sp800_90b\restart_results_20260515\random1_header_delay60s_bps1_lsb_non_iid\random1_header_delay60s_bps1_lsb_non_iid.ea_restart.metadata.json","1562","2026-05-15T01:14:06","0952A8A7FE2B2E0AFFAA0331B39A989E3231CAC3144459B5E523264E504E4C28"
"data\sp800_90b\restart_results_20260515\random1_header_delay60s_bps1_lsb_non_iid\random1_header_delay60s_bps1_lsb_non_iid.ea_restart.stderr.txt","89","2026-05-15T01:11:43","1594E5F8F73F2DCD73AD296FA678AD5C8F3B062B2BF3482D36896ECE68A8903F"
"data\sp800_90b\restart_results_20260515\random1_header_delay60s_bps1_lsb_non_iid\random1_header_delay60s_bps1_lsb_non_iid.ea_restart.stdout.txt","415","2026-05-15T01:14:05","566B3C720E3E824B9BB4A3150890AD28C28356E26FA4CD0FB46E317590296C2C"
"data\sp800_90b\restart_results_20260515\random1_header_delay60s_bps1_lsb_non_iid\random1_header_delay60s_bps1_lsb_non_iid.ea_restart.version.txt","1868","2026-05-15T01:11:43","EF3149174873195A054D879ED838FAE6E6EAF80E6C11A3DDD9A6549765C06A4A"
"data\sp800_90b\restart_results_20260515\random1_header_delay60s_bps1_msb_non_iid\random1_header_delay60s_bps1_msb_non_iid.ea_restart.metadata.json","1560","2026-05-15T01:14:05","7D5705CACBDE3565B85C83BD53E4A63ADC161CB7D2E5135C23418A982E8A4E44"
"data\sp800_90b\restart_results_20260515\random1_header_delay60s_bps1_msb_non_iid\random1_header_delay60s_bps1_msb_non_iid.ea_restart.stderr.txt","89","2026-05-15T01:11:43","1594E5F8F73F2DCD73AD296FA678AD5C8F3B062B2BF3482D36896ECE68A8903F"
"data\sp800_90b\restart_results_20260515\random1_header_delay60s_bps1_msb_non_iid\random1_header_delay60s_bps1_msb_non_iid.ea_restart.stdout.txt","415","2026-05-15T01:14:05","87F0E202246DEF7C0421C2E5CB944EE30260B6A320A13E3FE9C45904E939CBAD"
"data\sp800_90b\restart_results_20260515\random1_header_delay60s_bps1_msb_non_iid\random1_header_delay60s_bps1_msb_non_iid.ea_restart.version.txt","1868","2026-05-15T01:11:43","EF3149174873195A054D879ED838FAE6E6EAF80E6C11A3DDD9A6549765C06A4A"
"data\sp800_90b\restart_results_20260515\random3_header_delay60s_bps1_lsb_non_iid\random3_restart_auto_formal_bits_1000x125_header_delay60s_20260515_bps1_lsb_non_iid.ea_restart.metadata.json","1692","2026-05-15T00:50:12","44E17FA31BCA96D00046D96D3AE712FF4919476C131BB74615CA4A59F6E4E5B0"
"data\sp800_90b\restart_results_20260515\random3_header_delay60s_bps1_lsb_non_iid\random3_restart_auto_formal_bits_1000x125_header_delay60s_20260515_bps1_lsb_non_iid.ea_restart.stderr.txt","89","2026-05-15T00:48:13","1594E5F8F73F2DCD73AD296FA678AD5C8F3B062B2BF3482D36896ECE68A8903F"
"data\sp800_90b\restart_results_20260515\random3_header_delay60s_bps1_lsb_non_iid\random3_restart_auto_formal_bits_1000x125_header_delay60s_20260515_bps1_lsb_non_iid.ea_restart.stdout.txt","113","2026-05-15T00:50:12","F96B7671C5B514C4C78519FDBA8228A1B3C11B488046B6F8012674DAB16C4522"
"data\sp800_90b\restart_results_20260515\random3_header_delay60s_bps1_lsb_non_iid\random3_restart_auto_formal_bits_1000x125_header_delay60s_20260515_bps1_lsb_non_iid.ea_restart.version.txt","1868","2026-05-15T00:48:13","EF3149174873195A054D879ED838FAE6E6EAF80E6C11A3DDD9A6549765C06A4A"
"data\sp800_90b\restart_results_20260515\random3_header_delay60s_bps1_lsb_non_iid\restart_matrix_diagnostics.json","1334","2026-05-15T00:50:35","30B049330BCF76F4E49505E91D586290F46654B0F622D68D153352A38B3F30E3"
"data\sp800_90b\restart_results_20260515\random3_header_delay60s_bps1_msb_non_iid\random3_restart_auto_formal_bits_1000x125_header_delay60s_20260515_bps1_msb_non_iid.ea_restart.metadata.json","1691","2026-05-15T00:46:05","1E58A8AD6800BEDB3F4AA6EC1CBC0B0E99B9EB24EF254F11E7B555815DA475A5"
"data\sp800_90b\restart_results_20260515\random3_header_delay60s_bps1_msb_non_iid\random3_restart_auto_formal_bits_1000x125_header_delay60s_20260515_bps1_msb_non_iid.ea_restart.stderr.txt","89","2026-05-15T00:44:56","1594E5F8F73F2DCD73AD296FA678AD5C8F3B062B2BF3482D36896ECE68A8903F"
"data\sp800_90b\restart_results_20260515\random3_header_delay60s_bps1_msb_non_iid\random3_restart_auto_formal_bits_1000x125_header_delay60s_20260515_bps1_msb_non_iid.ea_restart.stdout.txt","113","2026-05-15T00:46:04","4734CC66BC323ECCDBEF5D228C3A11BBE2AD7E52E96D46E9B1EF68B2E239B8FE"
"data\sp800_90b\restart_results_20260515\random3_header_delay60s_bps1_msb_non_iid\random3_restart_auto_formal_bits_1000x125_header_delay60s_20260515_bps1_msb_non_iid.ea_restart.version.txt","1868","2026-05-15T00:44:56","EF3149174873195A054D879ED838FAE6E6EAF80E6C11A3DDD9A6549765C06A4A"
"data\sp800_90b\restart_results_20260515\random3_header_delay60s_bps1_msb_non_iid\restart_matrix_diagnostics.json","1332","2026-05-15T00:50:35","58FF44D108E84E34BE46C21F089F09AA5F3E2F764CDEF75DA7587D11DF6060DF"
"data\sp800_90b\restart_results_20260515\random3_header_delay60s_bps1_msb_non_iid_s10000\random3_restart_auto_formal_bits_1000x125_header_delay60s_20260515_bps1_msb_non_iid_s10000.ea_restart.metadata.json","1745","2026-05-15T00:44:12","3681AF172879336695983CE34B7D2EEED66A9BC40CDF77D5CB7B5A4CC8C8C1D2"
"data\sp800_90b\restart_results_20260515\random3_header_delay60s_bps1_msb_non_iid_s10000\random3_restart_auto_formal_bits_1000x125_header_delay60s_20260515_bps1_msb_non_iid_s10000.ea_restart.stderr.txt","0","2026-05-15T00:44:11","E3B0C44298FC1C149AFBF4C8996FB92427AE41E4649B934CA495991B7852B855"
"data\sp800_90b\restart_results_20260515\random3_header_delay60s_bps1_msb_non_iid_s10000\random3_restart_auto_formal_bits_1000x125_header_delay60s_20260515_bps1_msb_non_iid_s10000.ea_restart.stdout.txt","1359","2026-05-15T00:44:11","30631E3AF93E70FDDADAD72818AE2762B9D6D364B064780F65E1CBCA79CB9CB6"
"data\sp800_90b\restart_results_20260515\random3_header_delay60s_bps1_msb_non_iid_s10000\random3_restart_auto_formal_bits_1000x125_header_delay60s_20260515_bps1_msb_non_iid_s10000.ea_restart.version.txt","1868","2026-05-15T00:44:11","EF3149174873195A054D879ED838FAE6E6EAF80E6C11A3DDD9A6549765C06A4A"
"data\sp800_90b\restart_results_20260515\random3_header_delay60s_repeat02_bps1_lsb_non_iid\random3_header_delay60s_repeat02_bps1_lsb_non_iid.ea_restart.metadata.json","1635","2026-05-15T01:21:43","BFD66FF47330C6011DC835EEFB9357AC8285F96117756EBFFEC1D3BB9EC618FD"
"data\sp800_90b\restart_results_20260515\random3_header_delay60s_repeat02_bps1_lsb_non_iid\random3_header_delay60s_repeat02_bps1_lsb_non_iid.ea_restart.stderr.txt","89","2026-05-15T01:19:36","1594E5F8F73F2DCD73AD296FA678AD5C8F3B062B2BF3482D36896ECE68A8903F"
"data\sp800_90b\restart_results_20260515\random3_header_delay60s_repeat02_bps1_lsb_non_iid\random3_header_delay60s_repeat02_bps1_lsb_non_iid.ea_restart.stdout.txt","113","2026-05-15T01:21:43","D276D32FA0E327025A6790B678FC9119AA5EE439284DF6D032E30556A2BA1246"
"data\sp800_90b\restart_results_20260515\random3_header_delay60s_repeat02_bps1_lsb_non_iid\random3_header_delay60s_repeat02_bps1_lsb_non_iid.ea_restart.version.txt","1868","2026-05-15T01:19:36","EF3149174873195A054D879ED838FAE6E6EAF80E6C11A3DDD9A6549765C06A4A"
"data\sp800_90b\restart_results_20260515\random3_header_delay60s_repeat02_bps1_msb_non_iid\random3_header_delay60s_repeat02_bps1_msb_non_iid.ea_restart.metadata.json","1635","2026-05-15T01:21:44","4D29504C90474268E875C213902EBF8A662A215D943BC97BC831E66BBDD1E2BF"
"data\sp800_90b\restart_results_20260515\random3_header_delay60s_repeat02_bps1_msb_non_iid\random3_header_delay60s_repeat02_bps1_msb_non_iid.ea_restart.stderr.txt","89","2026-05-15T01:19:36","1594E5F8F73F2DCD73AD296FA678AD5C8F3B062B2BF3482D36896ECE68A8903F"
"data\sp800_90b\restart_results_20260515\random3_header_delay60s_repeat02_bps1_msb_non_iid\random3_header_delay60s_repeat02_bps1_msb_non_iid.ea_restart.stdout.txt","113","2026-05-15T01:21:43","50A4C3A0FD8EE5DCADEEDF07377CEC90F0639D46C478CB56B8931BF36B4E5A61"
"data\sp800_90b\restart_results_20260515\random3_header_delay60s_repeat02_bps1_msb_non_iid\random3_header_delay60s_repeat02_bps1_msb_non_iid.ea_restart.version.txt","1868","2026-05-15T01:19:36","EF3149174873195A054D879ED838FAE6E6EAF80E6C11A3DDD9A6549765C06A4A"
"data\sp800_90b\results_full8m_20260514\summary.csv","565","2026-05-14T13:17:09","2F88A875B6D1031AC18F9124DDF8C42FABB2928C8F346777374410DA66A82972"
"data\sp800_90b\results_full8m_20260514\summary.md","1107","2026-05-14T13:17:09","7E46E81A6AA4AC023769BBBA160FF06F379470275F4E4AE6DEC31BA018C79563"
"data\sp800_90b\results_repeat_20260514\summary.csv","706","2026-05-14T16:17:18","3756579A8BFA3F8700C8EEBC0BAA1311D8FF9AB44F9C9AE0222103C7850EEB34"
"data\sp800_90b\results_repeat_20260514\summary.md","1186","2026-05-14T16:17:18","E09FD39ACCCA4C5A839921F5FEA88A753871D7B6EC8D3D78A4B6828F7BBB181E"
"data\sp800_90b\results_smoke_20260514\summary.csv","3762","2026-05-14T13:17:09","DFE26691CC6419C05CC74A6F57E30BE0F0F0952F05AAB1FB5805DCCB346188BC"
"data\sp800_90b\results_smoke_20260514\summary.md","2917","2026-05-14T13:17:09","34D00C77E10461C07EC8627CF4C65098BF433BD6DA85F313DB96D7966F0874DC"
"doc\board_connected_runbook_20260515.md","3395","2026-05-15T14:09:07","2557B45A90FD7B2036FF1A1F6284E3E47C18F1CDE05900F47B11B9365BEADB78"
"doc\current_capability_and_next_actions_20260514.md","3272","2026-05-14T01:26:32","FE1388AB87995270AC5495EDA633309AAB8A801D5580DAFECA586AFBE3B3D284"
"doc\data_audit_20260513.md","7040","2026-05-13T21:02:07","718C47A068C822CC9F5725551D47BC419B63E091AF7DAC3DC877C4202346AFED"
"doc\delegated_reviews\claims_evidence_audit_20260514.md","3789","2026-05-14T20:12:49","39A78E3CFC0EDCABD16C14F11994EAED9DDC20C0014D3380B11B1F9199968766"
"doc\delegated_reviews\github_export_audit_20260514.md","2681","2026-05-14T20:13:36","9CFB20C866BDD4B89F62A4A2B814BCC2088981D61BF1E33708E04821B197D17C"
"doc\delegated_reviews\github_export_plan_20260515.md","8453","2026-05-15T08:19:38","96DF7A4B1E76A23BA7E7D181FCD049FCDBD505B6583E2D5A184D861DB05C4777"
"doc\delegated_reviews\literature_gap_map_review_20260514.md","430","2026-05-14T16:30:10","192EA64B6C1935C005EA559EBD544E4A24651A94578099B7F232B1CF247AEBE4"
"doc\delegated_reviews\multi_board_validation_plan_20260515.md","14073","2026-05-15T11:39:10","AE739ACBC7B01FBC5EC81FDEDEB1D5C7A894E4AB1FD225DCDC514486E3F65DA2"
"doc\delegated_reviews\offline_data_consistency_audit_20260515.md","7244","2026-05-15T08:19:12","13A7851F61017807A627EDAA02230344B2F5AB70EE187A58B1B48438775EE482"
"doc\delegated_reviews\paper_figures_plan_20260514.md","2951","2026-05-14T20:12:49","3A36B5514807067C2DBB3900A04559238298DF69824B0EACC056D22932F76281"
"doc\delegated_reviews\placement_repeat_matrix_plan_20260515.md","9095","2026-05-15T11:41:34","CB2CE31FE1E2DEF177943538769AA0581A7F3D5CB1853C5336B5CE5F4E979AEA"
"doc\delegated_reviews\restart_warmup_paper_section_20260515.md","8410","2026-05-15T02:46:17","86A73BB2F06C0E0CACE2E1D2D8F7EBB9F074B4AAAAFF778BB9EAD9D7C40A9CCC"
"doc\delegated_reviews\restart_warmup_paper_section_v2_20260515.md","9374","2026-05-15T08:17:05","3C04A68F1957CCEC395EDB848690526B3B84340DE802D1E4876F095778D7A5E5"
"doc\delegated_reviews\reviewer_attack_list_20260514.md","3078","2026-05-14T20:12:49","F66DB054284BABC57971AC71F988DCD8F58D7914832834F90DDE6405B6195202"
"doc\delegated_reviews\sp800_90b_restart_script_plan_20260514.md","8336","2026-05-14T18:36:43","343C4745A3DBC6F5CEE22DAA49990176956719CCCDB5D048220D4138AD3BCEF5"
"doc\delegated_reviews\tdc_code_density_calibration_plan_20260515.md","14168","2026-05-15T11:41:56","F00F7AE8296779DACB6CA5B8D6861CF200703AE240AD7AECF827D850B0F1E35C"
"doc\experiment_execution_status_20260513.md","22119","2026-05-13T22:07:45","CA3298E9A891369D6C0848CE165B7BED9A568DB9549FB9C4345399BA0B71BC07"
"doc\fast_mode_hardware_plan_20260513.md","3327","2026-05-13T22:39:55","0E7E2F93A948A0043E790308CC07E1045EB9308702EE644C3C579716F0BA13B5"
"doc\fast_mode_hardware_status_20260513.md","1690","2026-05-14T01:25:32","B02D9B08E2C3594796F97453620CC2A887F99CBAB302F6D51B49C457C8DC5B18"
"doc\fast_mode_master_status_20260514.md","17789","2026-05-23T16:44:57","C8564A7D1993F387009D3552B54D82E995AE9832DA1CB88072FE3F9A9773386A"
"doc\fast_mode_placement_repeat_remaining_status_20260522.md","1912","2026-05-22T23:43:46","B9288673E6D6329D7AB7707AFCB7C2395B981CBC0B54D7B417EA2F9D61DCA8FE"
"doc\fast_mode_placement_repeat_status_20260522.md","1324","2026-05-22T17:46:52","1F225460E27CB8AA6B0A3FC834CB4EB7E90E4A2FAED58B4176A0A101BDF2189C"
"doc\fast_mode_results_summary_20260514.md","3837","2026-05-24T13:23:26","4D8590D21A7C5353E8AEB107309653ED1C7FB94C13F4EE15B9E99E204DD85FD5"
"doc\fast_mode_short_queue_status_20260514.md","864","2026-05-14T18:05:31","944407E26CF8D3FFE5F2B3EB77615F4CCD416ABD7A7C0D8BEB03B3E001440191"
"doc\fast_mode_status_20260523.md","5922","2026-05-23T22:00:52","DA677AD3C348C1765BFBF8892C82DA1577371D72DDAF771365FAE3EFB924E146"
"doc\fast_mode_tdc_pair_remaining_status_20260514.md","585","2026-05-14T04:48:29","9BB2300D7335412E800785CDD5F02CA46ABF45570CA34D514BC7BC1224577B73"
"doc\fast_mode_tdc_pair_status_20260514.md","1318","2026-05-14T11:50:11","2D5988DE083FB54485CAEB9EFB14111C48CFFC749A18B801919F5DC4B37B71F1"
"doc\fast_mode_tdc_pairs_repeat02_status_20260523.md","1354","2026-05-23T01:02:51","064566E180D017733576E622926807A422217AF2ABFE8CDA69E7BAFF479A6543"
"doc\fpga1_current_results_20260510.md","6282","2026-05-10T03:14:27","F47D2781CF1B5F2DACFFEF74747E3D609F9C36344B4F66405330E38B007533BC"
"doc\fpga1_lab_runbook.md","1980","2026-05-10T01:35:13","054B6912B7D605B33265279E07C39C34692BAD3ED10A7B9EA5E0CB401171DD48"
"doc\fpga1_manual_locbel_explanation_20260523.md","15471","2026-05-23T18:37:35","0E5D6089A6EDAC8C6ECB94EBFEDC51C62B19F572D0128B141F53D7AC2CBAE9D4"
"doc\fpga1_ro_trng_tdc_手把手实验流程_20260510.md","33418","2026-05-11T18:46:23","DA6CD242468FA6BBB54FAFD42B50D4DB1FE9EC8CB9EF44AA145831724E64BF49"
"doc\github_export_snapshot_plan_20260525.md","3045","2026-05-25T00:20:13","8C4E43751AC70152B0BCEB1D8E22B72FAD8BBF700BBCBAE12CDBD65BD1790324"
"doc\handoff_full_context_20260523.md","15817","2026-05-23T22:15:47","7B2499E9E14B72D153D59256444FF132B57A810DDFA09586C46850F78CFF9DE8"
"doc\hardware_collection_protocol_20260510.md","14243","2026-05-10T03:14:39","E11458D8DB6D2357AAF0AC96EF1052122E1C60A4A99AFF6AF55F6B4C47C6225B"
"doc\hardware_paused_offline_status_20260515.md","2146","2026-05-15T10:27:42","177C67E0989CA377EFB4F8752366023F72F74FDB7E5076275BC19FCEBAB3A162"
"doc\hardware_results_20260511_live.md","5560","2026-05-12T01:12:55","0F32FBA6E82D2B56DCB6FBB7C88B94B516F1FEC23A6551D3EEA47D6C3BB65862"
"doc\high_impact_paper_plan.md","18130","2026-05-10T01:38:56","5018A46F8041B44A5B62FE76E4C4A809795C4E8C3317A473FC99F268BFFA36AA"
"doc\literature_gap_map_20260514.md","4722","2026-05-14T11:59:04","31160307637194A9B82E380E2957E6866F55C2C583B80E600A723494B6BC7EE7"
"doc\mechanism_correlation_status_20260513.md","4131","2026-05-13T22:31:45","90B7000D53AB3DFAC51E73462215EDAAA03B5D9F05562266D1DD4FC0C8EF7B83"
"doc\mechanism_hypothesis_goal_20260523.md","9231","2026-05-23T16:44:11","28A998EE0FAF452C97F39316473B7BF802558925599207C22E1F084E67AD7BA5"
"doc\mechanism_validation_plan_random1_random3_20260513.md","20258","2026-05-13T15:20:32","2708EBAD3D45EECF816A9D865589010B5A4F6601FF46FB5A4CC6B3DAE6D5ACE6"
"doc\new_conversation_bootstrap_prompt_20260523.md","5161","2026-05-23T22:15:47","EF65624A8B9FC6A0877466D2844EEA7D59BB2CB4082BD5C8CED0535741C9D299"
"doc\next_hardware_experiment_design_20260515.md","9634","2026-05-15T14:09:16","79D20E6CF3A9D1E6411CEEC50F2E6346C04E240427BC6F5206AAB4153E5378BF"
"doc\next_hardware_queue_plan_20260514.md","13673","2026-05-14T12:10:25","C2CA25EBFFC3EF798B26268126AD1F0CD6C8241B7F415564B669C44473EE352D"
"doc\next_hardware_readiness_20260515.md","7214","2026-05-22T08:01:15","56D272A24F296391C6D9D1A57E974BC9E972C174D62D4A9652887FCB6E05071D"
"doc\offline_tests_and_figures_fast_mode_20260513.md","7357","2026-05-13T22:45:39","36C5EE4CAA43480529E075FB73C643BD35EBCDF5E64AABAB81CC34735E93ADD0"
"doc\paper_draft_cn_20260513.md","22205","2026-05-13T15:26:43","02CC8164A33C0A7EF48FD1590F51EFF44EAA9034736B54C14CD39F516AD31D04"
"doc\paper_draft_cn_v2_20260514.md","22448","2026-05-14T12:08:10","9D14B176EC45AEFE7F4B64901F666084AA6D531554CD1078243072B4293D9CEB"
"doc\paper_evidence_package_20260516.md","17449","2026-05-16T05:02:17","A98E1A1CC21B0A2A68FBB2099A94FABB3A673FEF1C4FAC0BA7FFFBD235A9D142"
"doc\paper_figure_table_plan_20260516.md","5859","2026-05-16T05:04:31","DC7DB5B601163650232DF9FCA22D0EDBEA53308227D246EF0B75CC40FA3513A2"
"doc\paper_high_level_upgrade_plan_20260514.md","16033","2026-05-14T01:25:27","CA9E2631CDE1128D525CAEE92D9EE693A9ECB7BF8EE70A2956135246626EDBC8"
"doc\paper_results_after_tdc_pairs_20260514.md","10041","2026-05-14T11:54:04","C0FDE59110397BDC0956774AF409A0D1F5AA51A350B4FAB59DBF670707D8166A"
"doc\paper_results_after_tdc_pairs_utf8_20260514.md","6466","2026-05-14T16:18:07","8BC1BD96A6EDB1C5891C08CFF24B8CFB206551E25422BF6899F03F26A625AC7F"
"doc\paper_results_discussion_draft_20260516.md","10100","2026-05-16T05:03:37","CAF07F0D04C74C01FF969C8EBFDAAF308A69AFDFB56B3FC50A9DCBC0A5E73819"
"doc\paper_results_update_20260513.md","15512","2026-05-13T20:58:14","C096E5BAA3E3612BE0177DDD161079473A9229D150873C4F706AFBDAE5584A62"
"doc\paper_story_and_figures_20260513.md","12108","2026-05-13T14:09:52","C319062DC9ECF2D1699CE0852F483F5C8A66CB3657800FA2C5ACDCC0CF6BD8B0"
"doc\random1_random3_ro_frequency_beat_experiment_20260513.md","6147","2026-05-13T15:32:11","59274C13C811FB38D2413C784C5243F9B2369006F7F0AF6AD10302E54C345B64"
"doc\random1_sampler_island_ablation_20260523.md","7027","2026-05-24T14:30:10","F8327D0D0C78260C0997443D10E5253F87D884FF8A50DC343A22D1B9A1B3AADA"
"doc\random1_warmup_contrast_plan_20260515.md","2966","2026-05-15T04:20:08","E067B195896BFED3138B40570C8FFD1BD80D3EFA26C003FEEEFAFD656CF1ED1A"
"doc\regs_only_restart_breakthrough_20260524.md","6522","2026-05-24T20:05:35","9D58F8EA724B54629BD7CEF2625C22D063D8A12592AEAE70F57EAA371AFD9A61"
"doc\reproduce_key_experiments_20260525.md","9236","2026-05-25T00:26:31","81AE4193FDC817F0FAB7394ED474352C06FE36331E797203818147245713ADEF"
"doc\restart_auto_stream_plan_20260514.md","11512","2026-05-15T00:35:44","917CEA3122FFE2438D3BAF55C2FFB3B0999238B5B2661B2DB801D7ED077BDE57"
"doc\restart_capable_rtl_plan_20260514.md","3638","2026-05-14T22:08:06","F33B3F31CF5FAC4763464B2C976A7C98375CD674C47D9EEC255743E2D5887F00"
"doc\restart_fifo_diag_mechanism_update_20260524.md","16023","2026-05-25T00:06:57","F1A6126010A551E817C3F9CD49771C54FBE199B29BD481D4AD965110CCF72B97"
"doc\restart_fifo_diag_queue_status_20260524.md","15284","2026-05-25T00:06:39","03272D33E02D1C8FB3703F52FFE493CCEC38F315C9A39D62B43EA775E9446528"
"doc\restart_placement_bitstream_status_20260515.md","1496","2026-05-15T12:56:41","14A5BF00AD9E8D569D8CC3122CC15E5EF8CDA2CE9C5B9BBBC86E4E15891DACE0"
"doc\restart_sampler_island_capture_status_20260523.md","1128","2026-05-23T21:58:45","BFDE597444E8B209FC5FB564583415DB6A29E75323C730B539482E3AD70F98AA"
"doc\restart_sampler_island_experiment_plan_20260523.md","5423","2026-05-23T22:00:30","AA2645B7F53C59BD2946817E2910B26AD4D30BBB29E2F752474EA9C0285720C0"
"doc\restart_warmup_repeat02_status_20260515.md","1591","2026-05-15T03:01:39","37922A26ED3AB6C3C06FBCD25F01F6DD2EEB23F3DCE02A079288B8FD9A78735C"
"doc\ro_frequency_run01_interpretation_20260513.md","9913","2026-05-13T22:09:53","36692B32D0D1981D773C0CEE9294117597B8938EAA0003A3576CD236BC3151C9"
"doc\ro_frequency_smoke_interpretation_20260513.md","11314","2026-05-13T21:38:39","4D1745BFACAF1577C9EB2444FE6B65ECA84818D264E562B6E6D8F2C06F429A57"
"doc\ro_tdc_layout_experiment_plan.md","5423","2026-05-10T01:21:31","36B6DD3BBD1A93629EC2B54C600196491B110ECAA9FA6D3EF731BFF4F0ECBE79"
"doc\sampler_regs_only_20mib_status_20260524.md","460","2026-05-24T13:23:26","884F42CD956E8E056300F8096BBCD1BC3F7234B6BFEC285FA58CCB1DAFBB2111"
"doc\sampler_regs_only_status_20260524.md","468","2026-05-24T12:48:45","E7F65A347638AC04C75DC19ED5F1CA774E9BB3DC46C7D84CB5E739FBAF7C4E32"
"doc\sp800_90b_blocker_20260514.md","6718","2026-05-14T16:18:07","DA53B1B3C9F7F85B9FE75E32969FDAE191ED63F273D0828D58CBD7C5D5D3CA11"
"doc\sp800_90b_design_reset_feasibility_20260514.md","4200","2026-05-14T18:52:46","D7218EEBC6C9134C1E41D37CF64C23E636407651338264559791EA1202464129"
"doc\sp800_90b_integration_plan_20260514.md","11184","2026-05-14T11:38:58","FC93CDAA0DB9A509435BB530D35F414998B86DC788EF2F0E7175B96A0E870797"
"doc\sp800_90b_restart_execution_status_20260514.md","21879","2026-05-15T02:42:05","6F8806109829C64D0962C980C9C25583DDDD1A3BA756DA2C81C047D8DF34264D"
"doc\sp800_90b_restart_protocol_20260514.md","12783","2026-05-14T13:02:37","6A96D7F569546871651191F5AF44D188CC487E0EA6F03710DC4ED8B54CB452DA"
"doc\tdc_hypotheses_and_validation_20260523.md","7728","2026-05-23T01:07:04","ECF948EB418421C19E4DA76FA1EA3FA9CC6042FB4720EB7C99B2470EBE12CFC8"
"doc\tdc_pair_dynamics_interpretation_20260514.md","1943","2026-05-23T01:06:00","7769BB1D6C70DE09361395A50E19B937F3A327FAD521D0C064D7DFDA0C73FE81"
"doc\tdc_pair_fast_mode_status_20260514.md","7375","2026-05-14T11:54:39","450911ABC5A2C9BF9339C1DE5DD58DE9FF57BBF5197EE39CFAA862BEA2CFD196"
"doc\tdc_pair_implementation_status_20260514.md","5209","2026-05-14T01:28:25","D947727FD235998DC63A90DF0D9B2B3281E5C32DCDCAECF57FD716ABFBCE6829"
"doc\tdc_pair_validation_plan_20260513.md","12505","2026-05-13T22:33:25","64522ACE2110554DC9D8430DF7C19FA0483A240977B9CC6F77EDA164B8DEB856"
"doc\tdc_reset_aligned_implementation_status_20260523.md","3981","2026-05-23T22:27:58","2F443CBF2A686B3E2850D0CABBAC2AEE6D8D30BDAF7937B3EFF3CF761D823B01"
"doc\tdc_reset_aligned_smoke_status_20260523.md","633","2026-05-23T23:09:24","B87CC0CFDC68EF75AE0B548E83C4EBBFC6755AE1E1E5E81B25F4EE91698D3D04"
"doc\tdc_reset_enable_matrix_repeat02_status_20260524.md","891","2026-05-24T02:01:06","696A36259ADCF72F2D575E1C2BFCFCB46B01A4518EA2C989BEB9150792744EC1"
"doc\tdc_reset_enable_matrix_status_20260524.md","837","2026-05-24T01:09:27","DBE51802D654ADEA782E6BF04DC65D7A7514E62CA82256E9227232F1E19E7F0F"
"doc\tdc_reset_enable_random3_ro3_status_20260524.md","660","2026-05-24T03:03:05","6F66CCC187B3162546298D1AA6B027F80755FEA7AED2E14E4414B831BC8E3858"
"doc\tdc_reset_enable_ro4_repeat02_status_20260524.md","692","2026-05-24T02:43:29","F1D33F1609C38E910300EF9D1EBF6554B12A6087D1E793C81CF65DDB12BEDBBE"
"doc\tdc_reset_enable_ro4_status_20260524.md","656","2026-05-24T02:33:24","7AAD1670D65E3CB5D6446B95E6704D55B35FF1D15FA2F30F40CDC4637FEF88BB"
"doc\tdc_reset_enable_status_20260524.md","9730","2026-05-24T03:04:11","6DB79341AFC0ABABF505F729CDF62321B49EABC9A840A863B5C73FBE72AD9A32"
"doc\tdc_sampler_data_capture_status_20260523.md","1564","2026-05-23T21:15:53","F4A7D350E85D7375ECD0E84CAC4371A30412300F9A5BB87F2871F5F6C63D7018"
"doc\tdc_sampler_mechanism_experiment_plan_20260523.md","9371","2026-05-23T21:18:02","32F45DD79E6B354B16CDF3D5EA5A6D8553CCAD42D1FF6CD47C9AA242916FAF2B"
"doc\tdc_startup_diffusion_analysis_notes_20260523.md","2381","2026-05-23T22:25:05","A53700EC517A43D3FA29303833F1AE932C9D941D58AD8E4C1F40D7E7C8B9E573"
"doc\tdc_uart_header_debug_status_20260523.md","407","2026-05-23T23:38:32","603A5A92B9D137296162F55BB27271C9E5A5D1D7E0F2610275FC11B39EB84EC0"
"fpga1\xc7z020clg400\lab_xdc\sampler_snapshot_sysclk.xdc","1392","2026-05-24T17:11:29","3771ACE68792DDD22B35B0729B19C9FEDA01B8D0CE02DEA36E07C2C8AFC5D798"
"fpga1\xc7z020clg400\lab_xdc\tdc_sysclk_pin.xdc","357","2026-05-11T19:06:41","107BE6FE457AB5458014C920A5FC399625A8639F857FD895ED4E6FD90CDE1D49"
"fpga1\xc7z020clg400\lab_xdc\tdc_sysclk_timing.xdc","986","2026-05-14T01:35:24","6084C8D47BACF0FD9E8A79424133A9B9721142613EA35BFDD72B45B5DDF599A6"
"fpga1\xc7z020clg400\lab_xdc\uart_selftest_pin.xdc","209","2026-05-11T19:06:35","8D7345DEC7F5841A1733B2AFBE4DAE0341808ABCE5CDE7346D72FF42891405E3"
"rtl\bin_to_gray.v","517","2025-04-23T18:39:24","645E9AC2B87110C894CEB6980BF16224C4ACBB6AF08155CF5CE12AD4C9F52D0F"
"rtl\counter.v","1020","2025-04-27T19:38:42","F2527AC125E43BC2E7B402BCA56D5CABC75FA9C2B76C00B42250A17D3CAEBD93"
"rtl\CU.v","2902","2025-04-29T14:06:02","8CC2190C3EC34747A04B946E2DB0E19C401F661595E695114BF46BE3F08DE6A2"
"rtl\debug\ro_freq_entropy_probe.v","2169","2026-05-13T15:27:27","518B3D4C9F5612C4C95C6E5199A01B7F16008C824B261755B4B54D862B13C836"
"rtl\debug\RO_FREQ_trng_probe_top.v","7160","2026-05-13T21:20:21","7A9B52FD59232B05951AB078C8BCE85325A591ABF6DC21BFF14AAFA8A44D785A"
"rtl\debug\uart_selftest_sysclk_top.v","1616","2026-05-11T19:06:28","B31D1AD634B0157CB355D74E2430405A198440905C3A6386431C1E10CD0902EB"
"rtl\entropy_source.v","2999","2025-04-30T21:58:48","8D55C031AEF38CCF2356833DB3210A49E630A7CA157F6E7E529249EEAB1EF443"
"rtl\health_test.v","2104","2025-04-28T12:19:06","480BBFB9BE8B844EE0274C9F94260FAFD2F9D628AA1C121FC4371AF9BCD62D6A"
"rtl\jitter_measure.v","4143","2025-04-30T01:07:14","5230F768AF89118681FD745FAB9565DA03F0CA873BD00BB4EB1C056CCA6E330F"
"rtl\LUT6_and2_1.v","475","2024-12-24T20:26:04","AF9175E899C90FD5C75F1CF54F5EB62786BE4F5030E53F2DC91517FE0FD66DDE"
"rtl\LUT6_buf1.v","448","2025-04-23T18:30:34","4889B1DE932BBBC6B6987D2ED42390D77C0EAA90A78DF638A3ECFDACE65A2EED"
"rtl\LUT6_nand2_1.v","476","2024-12-24T20:26:20","955740F25564871FECEEFBCD46F45EE31EE58F357A8C1A36BAF786CBEFC666DB"
"rtl\LUT6_not1.v","448","2024-12-24T20:26:10","38A69EF5AA56FA66F1A2C9CD71C09FF4A63DD482DB8E418D5973C5ADFC982F22"
"rtl\restart\RO_TRNG_restart_auto_top.v","9115","2026-05-15T00:28:29","7502428E08AD39E00B77C6CD089EA20225D644AF7D9863A3230A9C23C5B0EEFF"
"rtl\restart\RO_TRNG_restart_fifo_compact_diag_top.v","9156","2026-05-24T22:46:53","0CDBFA09ABAF8D41BEDB311F9B567FCA48651051FFA8320B34F072D1A6CBC61D"
"rtl\restart\RO_TRNG_restart_fifo_diag_top.v","17086","2026-05-24T22:30:25","B067C51F3AD5806B8A838E9AB6929EDAFCB9838FAFE2E06D0F3FF143EA6851AA"
"rtl\RO.v","1461","2025-04-23T19:26:02","3D2CE238073D9D17657974F8DD53F776C29F51CC760FD89CB4EE2D0AB8447967"
"rtl\RO_TRNG_health_top.v","2978","2025-04-28T12:30:40","217B9218C7D99A47979881BD8EC6AF01FBC0F74ADD927D99DFFDD23953E07CE5"
"rtl\RO_TRNG_top.v","2995","2026-04-15T13:35:52","7374C206BCA806D0D46AB21BBA10B5DF37EB1FF03907E0FEA2037AFA614A1B30"
"rtl\tdc\carry4_tdc_chain.v","1120","2026-05-10T01:35:13","ED3B117CE011F30325CE59D65D2A47A68C03E437EC24A108CCEE228A524567B2"
"rtl\tdc\entropy_source_probe.v","2479","2026-05-24T17:09:36","6D1FF3AD2FCF5FB07B17FABC614188D7F0363164DBA170A59A57D953172AFBC4"
"rtl\tdc\RO_TDC_pair_reset_enable_top.v","3362","2026-05-24T00:08:09","BA3D2ABF636A4A6D44909C9BF6E104A278FA584AF59D39BB544E4D9DAB76C611"
"rtl\tdc\RO_TDC_pair_sysclk_top.v","2784","2026-05-14T01:25:52","DE4D8AB858CA909068F8BAE7E59522075301FE72E609947C0B8CEADB734ACD25"
"rtl\tdc\RO_TDC_reset_aligned_top.v","11319","2026-05-23T23:59:21","62EF1BFFF79A57E67FD22D1E81AF2150E2F370B0E103F2E4570EC589B3871D22"
"rtl\tdc\RO_TDC_sysclk_top.v","2641","2026-05-11T20:50:02","7EB089A8DB62552043F69AA12E4DCA375B924367598DFF22E67AFDE5D9124CFC"
"rtl\tdc\RO_TDC_uart_header_debug_top.v","5231","2026-05-23T23:24:40","019AC2EB2A06750D58865BD5D6EF07C571B74577C491461C059A3FC0DE793DBF"
"rtl\tdc\RO_TRNG_restart_aligned_snapshot_top.v","14034","2026-05-24T18:49:36","3061A81C7A59AF44F09A3CF3CA82CE1E11C19BB99741C63A290AFAE2018AA372"
"rtl\tdc\RO_TRNG_restart_byte_snapshot_top.v","14354","2026-05-24T21:03:32","A619D1B2F239E5991E62F64B03CD66CBA8FD2C700371EE17BDE2206AC66A4117"
"rtl\tdc\RO_TRNG_sampler_snapshot_top.v","12115","2026-05-24T18:13:10","EF93788507B8F764AB3A1A534CC2E5EC594970263E205416F6613F19FA22D9D0"
"rtl\tdc\tdc_bubble_correct.v","750","2026-05-10T01:35:13","3CB251C765E60CA31894C7B90AFA97CD3E7867124D3DACF96DBDE83FAF41B51E"
"rtl\tdc\tdc_encoder.v","596","2026-05-10T01:38:03","464E92C564FE9BB4B7DCE89702EE01507CD37913C61959509CBDE3001985DF83"
"rtl\tdc\tdc_fifo_packet_writer.v","2425","2026-05-11T19:10:02","7E95F42137D97B3E63354863A1E505811E35168D90A20B8B1F7D861475720A77"
"rtl\tdc\tdc_lane.v","2201","2026-05-10T01:57:05","469D0867433CA63C16A56FC3CE18BE1B5320D0F56EF83F7328C24A5FD48B6B9A"
"rtl\tdc\tdc_sampler.v","550","2026-05-10T01:35:13","082AD1F5D880869CA47374D2021ED861BB8B53B848C20C14BBB63D0D55433E1B"
"rtl\tdc\tdc_uart_packetizer.v","3965","2026-05-10T01:39:34","8628127C604CBF8A66069A64000BF0E0138B90FFB94CD083FA961E43C28AE376"
"rtl\uart_rx.v","6007","2017-08-01T15:20:02","F5570B4C8F030694AFD778D380B473B6987B7EF1F10E14DBEB762D4D4E3D5965"
"rtl\uart_tx.v","5453","2017-08-01T15:37:24","F72AA61750168DEE3C8C874A8C4EDB3AAA2573400A2CE7BEA3C68062C4151974"
"scripts\1ana.py","3833","2026-04-20T16:54:46","E929F2A01579817CBC215C27F2B9D801C85EAE961890A8A15607E6746F35E8B2"
"scripts\1analyze_uart_ro_data.py","3811","2026-04-15T20:48:08","9182A60E278FDFCC9D112EC6FD334442B4AB8822EB0F5C51F6222CCDD4FB1277"
"scripts\analyze_fast_mode_results.py","20738","2026-05-14T01:29:47","F6F20067D3933BDCD670576BE5F8114D10E1B7655FCF82DD4863C2E692359C35"
"scripts\analyze_regs_only_restart_modes_20260524.py","8662","2026-05-24T17:06:27","4C381237A61553B45767B7C4EBEBB66C61AF68B161AD2E2E305F04E87E435F6E"
"scripts\analyze_restart_fifo_compact_diag.py","6100","2026-05-24T22:48:02","CD91121F9C4DC0E577FF07548A5427AE016022F1112DB502ACA007D4088C2B1E"
"scripts\analyze_restart_fifo_diag.py","4128","2026-05-24T21:55:20","0249BBD1523B31F4A01737D814C967C41D955A2B047F64DA88EAE8720FAC6C9A"
"scripts\analyze_restart_matrix_columns.py","10812","2026-05-15T01:07:10","485B99242ED4A021A0700DCA57AC9F53D4AB5C91991D7949B8A138E5BC49B3D8"
"scripts\analyze_ro_counter.py","4359","2026-05-10T01:21:31","57A0AE8D262BD36F98C06A8D79C920F5235C4F1EAFCB3CB7970BF0DCE4192A24"
"scripts\analyze_ro_frequency_matrix.py","9626","2026-05-13T15:35:27","355694ABA71453DD31C3B3A860E4844747CFF1AA16F2AFB6B36F7BE11F334BCA"
"scripts\analyze_sampler_snapshot.py","7017","2026-05-24T17:21:30","27F5BF16DF03C43CD1F89158132D59EA9BCF68D1FE2AFFD888684C56488BC02A"
"scripts\analyze_tdc_pair_dynamics.py","19428","2026-05-14T11:39:32","269AB045276D769C8DCF63C2EDB62D0B1D3DDF56B91CF3F587120D2CDB02BE89"
"scripts\analyze_tdc_startup_diffusion.py","24680","2026-05-24T16:59:36","27E8437E773DAC64FA94000A0F451FC2D372A842129EF8E9F44053B8BAD55E02"
"scripts\analyze_tdc_uart.py","13197","2026-05-10T02:43:37","95B19496748235600AB1614E3791CB3154DD80FFBA6524A827FF88E8C2973E17"
"scripts\analyze_trng_dataset.py","7457","2026-05-10T01:23:00","552B2829A45B6FDDBB0BB3D95F402FA3CEA593544922436E938F96EEAC4C5831"
"scripts\analyze_trng_position_structure.py","20329","2026-05-23T01:17:52","771DB37A04D89D4070603DF8A764B5C37754AF5463EAF84AE245EB7B7177D08E"
"scripts\analyze_trng_windows.py","2540","2026-05-23T14:50:28","11352083FE191FB3C19258FFBAED96E12C8263AD4CF87890675538D2C3333A9C"
"scripts\audit_hardware_runs.py","8240","2026-05-11T23:16:36","5EA87B4933C7542AAFF0580252AF7308D81D805388421D6D849E53E6E2F8CC52"
"scripts\audit_restart_mechanism_correlation.py","16176","2026-05-23T00:13:41","14667151AFDE7A7D62089EADFBF5C10A0109693819F43B290AFDC35279D87489"
"scripts\build_90b_mingw.ps1","2398","2026-05-14T13:01:51","E74A7A2DA3EA5E482ACDED1FFC49FA0647F0E1A288483FD1789266909EBC75A6"
"scripts\build_mechanism_correlation_master_table.py","21303","2026-05-24T16:07:22","59EA383CADEED6F7D30A38E8D9507879DA5615B9C41791096CB354888746C70B"
"scripts\build_restart_placement_contrasts_20260515.ps1","2598","2026-05-15T12:11:50","03ABE0110727FC3B7F5CA29C92292A42356CAA1DB636D7C98BE792618D1141C5"
"scripts\build_restart_sampler_island_20260523.ps1","2574","2026-05-24T13:31:30","53C284D8BFD2816650858EE6BF5646F652BED6FEA58ED13265AEC75E2102AE9D"
"scripts\build_sampler_ablation_trng_20260524.ps1","2006","2026-05-24T12:34:10","45B01D97FC1EEEAC0AF957D36797B32A645E9B5AC5604EC733807CAE3868F5B0"
"scripts\build_sampler_snapshot_bitstreams_20260524.ps1","2835","2026-05-24T18:49:48","C9F3A09D976AFB54AA65EDDF876A419EB17ADE4A696754BEE697245D644CA7A0"
"scripts\build_tdc_reset_aligned_bitstreams.ps1","4300","2026-05-23T23:41:48","D12B22FD54C52BDB0EF896B9B086022C348A16B4D65F8CA512DD59A965F3AE2F"
"scripts\build_tdc_reset_enable_bitstreams.ps1","4028","2026-05-24T02:50:18","B4D98CAA201419C8C72C0483096BC0230068A22A2BA535BEA806CBFEFEE829F6"
"scripts\build_tdc_sampler_data_bitstreams.ps1","2274","2026-05-23T15:18:20","5CADDDB8F59CDC062550CE68E73C3A84B358BE0ACC14149FEE7C0CBFEF3A18BF"
"scripts\capture_90b_restart_dataset.ps1","17944","2026-05-23T00:13:20","783F6ACCE4EEB6ABA7AABA8AC8655D081D66611598EE2F0486E3A317C3CF9F64"
"scripts\capture_uart.ps1","10607","2026-05-23T21:37:56","2DC8AA48B5E87FCCAEC534C5A5C03E6C60ABE4B8E846532F0B2B2A3186CEC179"
"scripts\check_next_hardware_readiness.ps1","5460","2026-05-16T04:55:48","8C4ACF7A2B87AE2482174A84152A222C4F987153084BE4D1FCFB58DC232F3931"
"scripts\check_restart_placement_bitstreams_20260515.ps1","3104","2026-05-15T12:56:32","55967B008B9969EC2AA7A0AF5B1C6F15DA9DD9FE055FAE7894DD3CD4B1A46199"
"scripts\compare_fifo_diag_to_formal_restart_20260524.py","5354","2026-05-24T22:03:19","D94ABCEC34A45EF29FE3624DE646FE2A3FB9095997A9B8ACC92290897F9501C6"
"scripts\convert_restart_bytes_to_bits.py","4502","2026-05-14T18:55:07","6CE7B75AB0123B18504C502008DC015ABA9EDE8B510D25A91F1320DC1C2A01D5"
"scripts\count01.py","1016","2026-04-15T20:41:50","06278E1639FCE206101D1CE7B00456CA604CFAF7ABE05B901DC505910A60E08F"
"scripts\count01revised.py","965","2026-04-15T20:42:06","367399BEA0487B4B537491ED7C048835933BCF46526376EA5F0BE96294A7586F"
"scripts\fpga1_capture_required_bits.ps1","5346","2026-05-11T23:17:22","A52136A20EA4145727A61EFE56744E9A629C900645C18EDE820F6F5371E714F9"
"scripts\freq.png","22565","2026-04-09T15:43:17","389C8461B4F153735A2D29A830A3ECAE711F439C13E042DB83678376B97970DF"
"scripts\generate_fpga1_experiment_matrix.py","2077","2026-05-10T02:42:37","152CA3B44322DF0866315E5D82FF111974FEFE69E17A50A8C1F02B0730EF64A8"
"scripts\generate_ro_freq_probe_xdc.py","3239","2026-05-13T15:28:28","6A0CE6B11CB73B56EAECB06FA1CADB7E4465459964C5183E3C64493DEF8574B2"
"scripts\generate_ro_placement_xdc.py","4336","2026-05-10T02:42:28","0CB196347C563EB0B6919B20F4AC2F5CE3F8B69675CA9F5CB91C663FBB59B880"
"scripts\generate_sampler_island_xdc.py","4865","2026-05-24T12:33:35","A4384DECD6D2FEF6B2B6CD72531683568515AB7D6E99D637F4BA2506A95CE247"
"scripts\generate_tdc_ro_pair_from_matrix_xdc.py","6766","2026-05-14T01:25:52","28C46F23B8505EE8B564BD71914BB4C14194F8A9914B3C41C203BE4173EF8D17"
"scripts\generate_tdc_ro_placement_xdc.py","2811","2026-05-10T03:05:28","37C758A3746D4345D8C8D0CF4C2C0CF75CE1B8C628AF96FC05E11BE1B9C5F32B"
"scripts\generate_tdc_sampler_data_xdc.py","4971","2026-05-23T15:14:06","153E1942B4DBC7DCB2F40E90C5A8FDEB57BBEC00D9346124EA52739A950F51DE"
"scripts\hlower.py","4137","2025-05-02T16:18:22","8AEA7F449C71DF5D3F56868AA94AFD28513482B18DCDFB90E38E0E64D663EFF7"
"scripts\Hmin_search.py","1898","2025-04-30T20:04:32","2374546BD4124606A1284C1D4E35BF445DCA836B0DBCE75B92FED1DE6B3116EC"
"scripts\jitter.png","26236","2026-04-09T15:43:17","E7278559CC4DD0554D69C0BC78F20A9CD638E3CCC228D207E0D04CCBA9E78073"
"scripts\jitter_estimator.py","5674","2025-04-30T03:10:50","CE9C2CD23620E7F4C5FBE6060A4A45B7B1DA67E3FB0A75181B63F0EC16F960F5"
"scripts\make_fast_mode_figures.py","20347","2026-05-13T22:45:56","E534C53B58A457FF661BD9CC0ABE867C5BD33DBED9D778484B038AD9054BC65C"
"scripts\make_mechanism_hypothesis_evidence_table.py","21593","2026-05-23T15:10:43","06AFFE4BB09B8A0936019F0972D02AAE320A9566170E55526E5225F0C3237F8F"
"scripts\make_paper_artifacts_20260514.py","14123","2026-05-23T01:06:44","B261B1385FBD77C38E0E3818F032756A3DE0F6E8973A9A57EFC6077AC50B8C7E"
"scripts\make_regs_only_restart_report_20260524.py","12887","2026-05-24T16:06:44","9B3A7FAB0C7363418598621EBB7F9F9A456121CF3DA34D71A663A25EDC4C1F77"
"scripts\make_restart_mechanism_table.py","18981","2026-05-15T10:27:22","9DDF39392A34A89634BAA82ED0071D0E5692786B8D0EC3593EEB400ECA03D22E"
"scripts\mean_p_value.py","307","2025-05-02T15:13:30","58B140EA10881270D68957AC3C124E05CA3021CB52F8BDC3ECC8F82494EA2BA0"
"scripts\merge_experiment_tables.py","10467","2026-05-10T02:43:44","3BC017CD10A350D9E4380116C463D9BF9C1C0FAEFA205620F3479BF9C0E60DBD"
"scripts\merge_tdc_reset_enable_repeats.py","7315","2026-05-24T03:04:11","06765053B7EAA21609E4DE5BE2B01A1A11A662BF15ED626336DFE83AC0F2F238"
"scripts\merge_trng_ro_freq_features.py","13999","2026-05-13T22:30:52","7C3BD7AED47ECAF7A9B8B7CEA33283481534509F43E11C7E6E22217799A24DF7"
"scripts\min_entropy.png","22822","2026-04-09T15:43:17","CCA927BEAA6038B5E4489CD04405BB6AEC447067F2DFB7DE5C2DC8D5D245FCBD"
"scripts\plot_restart_warmup_transition.py","5679","2026-05-15T03:00:15","95A74540035FA8942F31858319BDE2560ABD0909B0F80AB5755AE798E3FC8622"
"scripts\postprocess_restart_fifo_diag_20260524.ps1","2868","2026-05-24T22:01:47","55BC628B887E17CB426834C50645E74D25EF43BB274CAB025D7E39F56F5E58C8"
"scripts\prepare_90b_inputs.py","6918","2026-05-14T11:38:58","D7888C779A85011BB4D762F7FA7F73ED043A477E8C2CB0E1C9714F7CABA9E64F"
"scripts\program_and_capture_uart.ps1","2250","2026-05-23T21:42:58","E6A7387BF01AF485C0A838FB1F323DBF5217CA256E278B6EFF8D3F57B7BCB721"
"scripts\read_xadc.ps1","859","2026-05-11T23:25:28","97119EF64683E191F400EBF8AD09534B206DB6F3F1B445A0B943D2ADA9F7C483"
"scripts\recover_completed_trng_captures.py","7493","2026-05-22T23:39:04","1E14AA8D18301C6E5D91F34E1D2DE67C5B786ECD03A6E690F71155F833AE9052"
"scripts\ro_entropy.py","1117","2025-05-02T01:08:26","C58FBB34F316AB6E63B9D012FCF935A314D29DE1BB278BC7F7953429491F6E11"
"scripts\run_90b_restart.ps1","4657","2026-05-15T02:52:40","30DF3829D1E38847DF0F38D9846DA41CAF51F426E6C81F544EFCDD1A08590C89"
"scripts\run_90b_smoke.ps1","1961","2026-05-14T13:12:25","562E7477DB58933DF0C4BFA3F21223303EDB1FD93CE397C6AD0A077C1BF9416E"
"scripts\run_fast_hardware_queue.ps1","7303","2026-05-23T21:42:59","17FE3EE6381C76AA4667D8735B77C2E6C727A38E0B81F1A1B738C2DF17FA3AC3"
"scripts\run_restart_fifo_diag_regs_only_queue_20260524.ps1","6076","2026-05-24T22:04:21","8FCEC5F8E4D93B07F8C9FA789DDD4FC7545AE717DE6CDF48C226A2998B56CFCC"
"scripts\run_restart_placement_queue.ps1","8252","2026-05-15T13:43:32","A3948D20416D9735FD4956846BA2ABD636C44151BF2FEDD23DD7B034EEFBF3B2"
"scripts\run_restart_sampler_regs_only_20260524.ps1","8416","2026-05-24T13:32:26","DB45897B65F8A1EF230E7B80E9280888FED7C68A6B4C7EC8783D73AD6D4CBDDD"
"scripts\run_restart_warmup_repeat_queue.ps1","6069","2026-05-15T11:45:21","09A0832B63635B8C174CD7469A02CC34FC99E69787899AD6EB2639316C2D3AEE"
"scripts\run_takeover_remaining_repeats.ps1","2588","2026-05-13T20:13:59","55F011F66D3B80EF776DD4BCC58DEDD513AC06C19800DCF7054F734170015303"
"scripts\run_trng_smoke_matrix.ps1","2878","2026-05-12T00:14:59","57D81EAEC41DB441CD8FD1DE4602610C37CBE0035F36365B7BB5231D7A2DFCBB"
"scripts\scan_uart_ports.ps1","2158","2026-05-11T20:25:35","792732B0FBD08145ABC6436CC3FDE5A6425A83A75A366866938ACDF11AE18B8F"
"scripts\shannon_entropy.png","24765","2026-04-09T15:43:17","29CF6CECD1301B1A26337771C5870CFECAEF9C9A9CEC90981A5F654E9F93B3AC"
"scripts\show_capture_status.ps1","2927","2026-05-13T15:24:31","A5A6395CEB52E5D31ABF233830B99A94C012C03B67D1C0A50703572F801BC4A8"
"scripts\summarize_90b_results.py","6023","2026-05-14T13:16:55","057EA502C1A717F729BA4365A9AB67B8139D8E711642861D6D600AE9B2CF2E34"
"scripts\summarize_restart_byte_snapshot_positions.py","13296","2026-05-24T21:07:01","AAF6A368AAA8FD827A706655017A239CCF5BAECE417DDB9AC43CDE6467C3132C"
"scripts\summarize_restart_fifo_diag_matrix.py","15620","2026-05-24T21:58:43","731F4B93D92C91F818635428A7AC2C0034453FC3EADCD112B0FCE1B44ABEACB6"
"scripts\summarize_restart_formal_output_profile.py","9887","2026-05-24T21:37:41","B330F548BBA02DCC9E20185CD0551E1395E8D311FE81DF03D32A1A2C7A8CCD3B"
"scripts\summarize_restart_formal_windows_20260524.py","4334","2026-05-24T22:29:30","F1DDFDCAEE9346D7C0320E47761CC8F7D08E5123ECF3A44254F68D5139FC93EA"
"scripts\summarize_restart_results.py","11402","2026-05-24T14:27:38","D4D7688601FD06C95B38EB9F01FCD759CA9A59250098B9570656DAE6B9A51E64"
"scripts\summarize_tdc_sampler_data.py","8912","2026-05-23T20:54:25","D051BA66F80FDE4DC870D5CE5370AA2373755285989F5E90FC5F8A50049F28CA"
"scripts\summarize_trng_repeats.py","9205","2026-05-22T23:43:04","C2085C4B60EEFD815286569572A27E80824290E6604E2D2706A8FD0238E33E96"
"scripts\summarize_xadc_metadata.py","8516","2026-05-22T16:38:47","9BC0BD706BC81053D4DBB780E37CFD88C22056B8CD43DB31C59F49396BE9C2FB"
"scripts\summary.png","85346","2026-04-09T15:43:18","0A1770D83D4524F0104F0520A8E0AA50C09D848754B4D01BB66F868E6A2C0C99"
"scripts\update_github_export_snapshot.ps1","6385","2026-05-25T00:20:04","062E5CDA6C411A17E5EF25C8D927E2557DEF7BE1779583FFBAEA6A874B1A3D49"
"scripts\update_sampler_ablation_summary_20260524.py","5980","2026-05-24T13:26:12","66B0B4895E2B2F5867FE1DC64B3070ECC9621C7DC8C01B310FB909DFC58FA998"
"scripts\vivado\program_bitstream.tcl","1993","2026-05-11T18:54:11","23816028DB127632EEE602C509A25DCF9CA76E4879611B475BC22DD7641A2485"
"scripts\vivado\read_xadc.tcl","1129","2026-05-11T23:25:28","E83D2E1ECBF3F899F7816779142C4E90610B03224DF296960544AADA88F5D561"
"scripts\vivado\run_fpga1_ro_freq_probe_inmem.tcl","7338","2026-05-13T21:09:07","E6A589CEDFB6A084A77D7B090D13ECBE35E431638CD9DDE2FD64089F429B76C1"
"scripts\vivado\run_fpga1_ro_trng_restart_auto_inmem.tcl","8445","2026-05-24T21:41:47","2124F18328B2AC8125246005E89B2D4E2EE27B5DBA44B4FFC27D41745A83B448"
"scripts\vivado\run_fpga1_ro_trng_sweep_inmem.tcl","2921","2026-05-10T01:37:42","D2BD84D8646C9310EFE888697A3EFFB53F30165C59FF35896A682400E01542B6"
"scripts\vivado\run_fpga1_ro_trng_sweep_matrix.ps1","966","2026-05-10T01:37:33","D8E2970D4A1DDF1AF9A4830866E79425826D957D18B9E0523582E2B2133668E2"
"scripts\vivado\run_fpga1_selected_matrix.ps1","1060","2026-05-10T02:42:46","DAF3EC28CD2C1B18DFA4FD7920D16ACB4322B8DF865C8155B8292A1E3164E028"
"scripts\vivado\run_fpga1_tdc_sysclk.tcl","3153","2026-05-10T01:35:13","33B8B0534F603C8BC847E1CE6B5D9D9EC6E817000AF8ECE3438378F7CCCDB22E"
"scripts\vivado\run_fpga1_tdc_sysclk_inmem.tcl","6228","2026-05-24T17:11:45","77BF668A54E32DA437733258654D15F69E0D108F7AA930FBC632842EED2615B6"
"scripts\vivado\run_fpga1_uart_selftest_inmem.tcl","3131","2026-05-11T19:07:03","DC1B6E4CAB3A2AE5C79B63087BC0B3BDF55573B2744909308B428EF3A2E33533"
"scripts\vivado\start_hw_server_3122.ps1","1338","2026-05-11T18:41:36","0DC596CFD21074E43855B7490A4414BB0135A0E1654E24C4399D0F399D8BD89B"
"sim\SP800-90B_EntropyAssessment\.gitignore","142","2025-04-28T23:02:16","2CF30697BC6953A54F052E58AFB8AABBDD8E497E135361C6D4418939F7D3D618"
"sim\SP800-90B_EntropyAssessment\cpp\compat\json\json.h","4839","2026-05-14T12:37:50","609495850A682CAE758CEA96F6C0B020C601C669421AA3A7B2BD10B46B6DEE6B"
"sim\SP800-90B_EntropyAssessment\cpp\compat\mutex","398","2026-05-14T12:40:24","CBE857E644E0BF7AF57F46C4BDC8706F92D97909CFCB99D4567E7A83D9580EA0"
"sim\SP800-90B_EntropyAssessment\cpp\compat\openssl\evp.h","2002","2026-05-14T12:40:50","B9B5A916360A984BF8EAA8FF2A414755C6BFAEC07D57D346E2B97266AA12A08B"
"sim\SP800-90B_EntropyAssessment\cpp\compat\openssl\sha.h","115","2026-05-14T12:37:50","8B058E2DA81EA8D61EA88E8AC073712CC3341116F66D9A6E405056E85004DE76"
"sim\SP800-90B_EntropyAssessment\cpp\conditioning_main.cpp","29151","2025-04-28T23:02:16","872D609BDA1A789A71330E65D9F2362AC0F0BFE297D8451F41FD877C6BFF4651"
"sim\SP800-90B_EntropyAssessment\cpp\iid\chi_square_tests.h","19074","2025-04-28T23:02:16","F1F8F1F7BF55BA63CC9076E080C532CBC8EFAB4650AF2BC6B204502C92BC1DB3"
"sim\SP800-90B_EntropyAssessment\cpp\iid\iid_test_case.h","1621","2025-04-28T23:02:16","A16AE04E6D52FA3F5E1CAEF73F87E883482B78AA02AD19F5FE8D54AEF1D1B287"
"sim\SP800-90B_EntropyAssessment\cpp\iid\iid_test_run.h","725","2025-04-28T23:02:16","9D88A0B7421F6F90FFC2AB8E145C1935A236640A913FF606B82C560DF0299531"
"sim\SP800-90B_EntropyAssessment\cpp\iid\permutation_test_result.h","2931","2025-04-28T23:02:16","4CC99F36656C436BED3753EF59D461E7EBD768D9D571046767C83A03902D49C1"
"sim\SP800-90B_EntropyAssessment\cpp\iid\permutation_tests.h","22724","2025-04-28T23:02:16","033E911BBB5A78A96F2D548E8009E00D7BAE1F21AF8A99C423E14D46D404CA84"
"sim\SP800-90B_EntropyAssessment\cpp\iid_main.cpp","13935","2025-04-28T23:02:16","FCA48203E5F22A44BCBE4B8F1DDFD03682E7CA9594A8F01B5F9D5E14EA6D65DA"
"sim\SP800-90B_EntropyAssessment\cpp\Makefile","1003","2025-04-29T11:34:44","B0A7DD7E8B73DAAD5B901410FFE082AF086D71584B602477068F493DF93799D3"
"sim\SP800-90B_EntropyAssessment\cpp\non_iid\collision_test.h","2615","2025-04-28T23:02:16","B02DDCD3EB84AD417FCE590CAADDF427C30733D998A0B5FAC153D8490EEBB761"
"sim\SP800-90B_EntropyAssessment\cpp\non_iid\compression_test.h","6915","2025-04-28T23:02:16","3FF66DC486444E65F8889E0ACACB46CD18999A99FC0B0F1F0FC2788316B5262D"
"sim\SP800-90B_EntropyAssessment\cpp\non_iid\lag_test.h","3770","2025-04-28T23:02:16","4456B8BE5F69006F6CD3497B6D149360318B953F8FD383D593D5623DF3E4229E"
"sim\SP800-90B_EntropyAssessment\cpp\non_iid\lz78y_test.h","6414","2025-04-28T23:02:16","982772EE7DB802D6542BF59346653D617EF8157C1AC34F07142A4A50D59A8B02"
"sim\SP800-90B_EntropyAssessment\cpp\non_iid\markov_test.h","3465","2025-04-28T23:02:16","198306EE7B63F5090A82E53F6711F16B0CE8AFF7AE7A2B07BC256816E489C310"
"sim\SP800-90B_EntropyAssessment\cpp\non_iid\multi_mcw_test.h","2480","2025-04-28T23:02:16","A0A21350584C7C1C6274B070EBD039C3864E1DE21E33A8F1CA3D4B335A17BA38"
"sim\SP800-90B_EntropyAssessment\cpp\non_iid\multi_mmc_test.h","9509","2025-04-28T23:02:16","604211E23957919B6E0E3C7D2AA34979B6B174D79CA7F2D621DD3DFA46DE6242"
"sim\SP800-90B_EntropyAssessment\cpp\non_iid\non_iid_test_case.h","1661","2025-04-28T23:02:16","0C46B8024BD7BC3285F55DB2AFF7C4A088669C8EC5F6EB5766F7D405B5AFD84C"
"sim\SP800-90B_EntropyAssessment\cpp\non_iid\non_iid_test_run.h","771","2025-04-28T23:02:16","F0EC0434FB8653879A3DFDFADB4E2A19F6A0A688F494B5FB9685CBD7331D74B0"
"sim\SP800-90B_EntropyAssessment\cpp\non_iid_main.cpp","21923","2025-04-28T23:02:16","CCB5BFD6D06E534104CA296371C3933D39643ED702CE760AA185D862FDA21507"
"sim\SP800-90B_EntropyAssessment\cpp\restart_main.cpp","34840","2025-04-28T23:02:16","C922A9314EF577ED001C55FA4527F500303A365FF8706448A4E6BDBF00C9252B"
"sim\SP800-90B_EntropyAssessment\cpp\selftest\compareresults.pl","2085","2025-04-28T23:02:16","B3B5409933964EAEA5B5D87383CC69D2A07AC748DF6F8D4D63805C07C5503FDC"
"sim\SP800-90B_EntropyAssessment\cpp\selftest\generate-refdata","152","2025-04-28T23:02:16","65D9F26F0CA8F4A9A577341631E31929A1F71EEDAF9FA3FDEC25ACB8A042325F"
"sim\SP800-90B_EntropyAssessment\cpp\selftest\refdata\biased-random-bits.res","3752","2025-04-28T23:02:16","CA932012C7F19659EE52F37F3ACFD1E96C79A7971DF2CBCCAB2AB7CF2C38C1EB"
"sim\SP800-90B_EntropyAssessment\cpp\selftest\refdata\biased-random-bytes.res","6256","2025-04-28T23:02:16","95CD7B0782001CBFE6194F329B210342D2C66BA0BE6AAC845C1697D4B40A7EFE"
"sim\SP800-90B_EntropyAssessment\cpp\selftest\refdata\data.pi.res","3732","2025-04-28T23:02:16","F921FE0953C505E5149AD8798FDA50C7D034A0641E27AFB623D47092E754C3CC"
"sim\SP800-90B_EntropyAssessment\cpp\selftest\refdata\normal.res","6287","2025-04-28T23:02:16","FA2C6DB159FB3EBADB3912702742C631721CDEE080AA1FF7EAAACC309FF57453"
"sim\SP800-90B_EntropyAssessment\cpp\selftest\refdata\rand1_short.res","3764","2025-04-28T23:02:16","8499CC86A6B36926994ED9B5B2EB36EE07FC21991B25B12D4F88736321E6B6A3"
"sim\SP800-90B_EntropyAssessment\cpp\selftest\refdata\rand4_short.res","6281","2025-04-28T23:02:16","05D26752AD0C57DEA24B82E42FD0F912DE141D91675487AD8DC6251F9CE7DA87"
"sim\SP800-90B_EntropyAssessment\cpp\selftest\refdata\rand8_short.res","6273","2025-04-28T23:02:16","804BB00BF995795E6F8FA90AE0EACEE47075E03C6AD93645C546310BB2E371F8"
"sim\SP800-90B_EntropyAssessment\cpp\selftest\refdata\ringOsc-nist.res","3727","2025-04-28T23:02:16","CA0C40DDD05E351A521001D50BD2E97E77DCA626C4E0ABD76306F51B73AFFE1F"
"sim\SP800-90B_EntropyAssessment\cpp\selftest\refdata\truerand_1bit.res","3729","2025-04-28T23:02:16","FA1F1E58AC76B881A942F32FD1847891A7B5C1886B07D2748261706D6E3ACA77"
"sim\SP800-90B_EntropyAssessment\cpp\selftest\refdata\truerand_4bit.res","6274","2025-04-28T23:02:16","06D6045E6E51646EC166A4C130DE05E6516F91AAA744172AE93A594769D4BE3D"
"sim\SP800-90B_EntropyAssessment\cpp\selftest\refdata\truerand_8bit.res","6287","2025-04-28T23:02:16","ECBB7753FC2B012087D18CCAAC6C499B9464D59E87EFD672E28409A64AF82883"
"sim\SP800-90B_EntropyAssessment\cpp\selftest\selftest","210","2025-04-28T23:02:16","B5CE8CB93AE9D0D2198CC091B7DF44B89895E375D314410E08145D2BD1105B52"
"sim\SP800-90B_EntropyAssessment\cpp\shared\lrs_test.h","22857","2025-04-28T23:02:16","89A4E702AEE160B0EDB4F32EE5841238B25683BD403EA41B8066411C3B158E5E"
"sim\SP800-90B_EntropyAssessment\cpp\shared\most_common.h","1749","2025-04-28T23:02:16","78A1F36D369C96D4FA01D904F156E264D030A89FEE74575746C73D20138B6FA0"
"sim\SP800-90B_EntropyAssessment\cpp\shared\test_case_base.h","1589","2025-04-28T23:02:16","2FEA1B840538DF9B92520CBAE2A953F3623C0DA65CFEEA216BB6271A9E0ADFEE"
"sim\SP800-90B_EntropyAssessment\cpp\shared\test_run_base.h","941","2025-04-29T11:28:14","153E3DDBFEC8BA3C6D7FFB4639C9402978196C2AED47814EDAD76611434824CC"
"sim\SP800-90B_EntropyAssessment\cpp\shared\TestCase.h","1541","2025-04-28T23:02:16","F49276E3873EDA77509B72284B55261854341808E9F03209186F97D6E55C1605"
"sim\SP800-90B_EntropyAssessment\cpp\shared\TestRunUtils.h","3491","2025-04-28T23:02:16","64F724F84228D6D123B57A0D400BDF455C7177AC11A603DF04EE67E934C483DC"
"sim\SP800-90B_EntropyAssessment\cpp\shared\utils.h","36061","2026-05-15T00:43:23","88E6876BD298E1072320DAB3BF5A895C5568D0DBE8A8296732A43F9424456CD6"
"sim\SP800-90B_EntropyAssessment\cpp\transpose_main.cpp","3499","2025-04-28T23:02:16","4472734CA1E29F1DD7431D2904366F08B8E0A6DB1249DB30BB56BB35E48DCAEC"
"sim\SP800-90B_EntropyAssessment\README.md","7623","2025-04-28T23:02:16","AE4A65F194FBF32D560EA8FEF45D58AA2C0617DA6B5CAF77D620E40483F47EDF"
"third_party\libdivsufsort\.gitignore","289","2026-05-14T12:35:40","C588D022C117D794C2E6F84F49DF13C3280EAC805BFFBE965A15351115059E20"
"third_party\libdivsufsort\CHANGELOG.md","677","2026-05-14T12:35:40","0E7E17E5162746A54A319803F49A8FD4350A26190C296CF7243CF47FE3BF480E"
"third_party\libdivsufsort\CMakeLists.txt","3900","2026-05-14T12:35:40","2799CE8F446C5625362F81CC5154797FFF77DF4FC20975CCD11148F5F9EBDC71"
"third_party\libdivsufsort\CMakeModules\AppendCompilerFlags.cmake","1628","2026-05-14T12:35:40","6D1B4FEB3ABE176967D4CCD47E0C220479C182C5C0869EC4BFD1C1C9B88AC491"
"third_party\libdivsufsort\CMakeModules\CheckFunctionKeywords.cmake","575","2026-05-14T12:35:40","EEE3FD6A6C9658E9BDBA194001CDC3C8AF85EF16B1C8487560B893BACE6E7556"
"third_party\libdivsufsort\CMakeModules\CheckLFS.cmake","4151","2026-05-14T12:35:40","6F1EEDD01D709EA6E920A5A2C4684E32BBD534A917589B5073C50CC4E912A16C"
"third_party\libdivsufsort\CMakeModules\cmake_uninstall.cmake.in","1371","2026-05-14T12:35:40","795E8E84341A82BDFD7312596D81B8AB4237222923447143C6A959846BFA8B8A"
"third_party\libdivsufsort\CMakeModules\ProjectCPack.cmake","1744","2026-05-14T12:35:40","840DE5B841B5C9C84EC2AD9CC70201F1991FA9A2435211E4361506B01990B319"
"third_party\libdivsufsort\examples\bwt.c","6468","2026-05-14T12:35:40","F572DBC59B4F452F4A0730D2C25FC5B8B8C540EBA42F586B75FEF27D30230049"
"third_party\libdivsufsort\examples\CMakeLists.txt","441","2026-05-14T12:35:40","6E8BAC6E82ED9D149788B35570C0641A452CD812640BB62A87F819739A453D3C"
"third_party\libdivsufsort\examples\mksary.c","5502","2026-05-14T12:35:40","D8DB8136FAA4D3856D30EA62878B435536BAC6D3B8A93AE82A08D35FBCDB00FB"
"third_party\libdivsufsort\examples\sasearch.c","4589","2026-05-14T12:35:40","18C2E50A95472831B2D0F1EF011D6983EE909EE64999E8349EEA135F1FA4E507"
"third_party\libdivsufsort\examples\suftest.c","4670","2026-05-14T12:35:40","C9F55925C53276189BF459F8E65FD9D5FD6248AEDC431D7BA3AB2F8CAFDC4ADA"
"third_party\libdivsufsort\examples\unbwt.c","5874","2026-05-14T12:35:40","A03A5B3D8EAE4D146FF387CAD0360D1E06B52104C819D5EF27AEACAC0578AED5"
"third_party\libdivsufsort\include\CMakeLists.txt","5813","2026-05-14T12:35:40","2F03297E2395355777D602842D632D5EB1BB3BF6383623C9BB4226EB42DA0CD5"
"third_party\libdivsufsort\include\config.h","369","2026-05-14T12:37:50","223AB60E166DD1CA6CA8B55848974D1772123F5554986F8906E8328A3A14F00D"
"third_party\libdivsufsort\include\config.h.cmake","2408","2026-05-14T12:35:40","D22201E5B72B29CEC01916653DC24F5022A4A51A2E17E9955C05954066DE1915"
"third_party\libdivsufsort\include\divsufsort.h","1167","2026-05-14T12:39:07","2A965807C9D7DB3B1AFB31A910A7BC8782618AA006955B100732C85CDC7F77DE"
"third_party\libdivsufsort\include\divsufsort.h.cmake","6035","2026-05-14T12:35:40","A12AAA9917BBE3967CB7FBF417C21AD718E1D23A5DF2AB9CC5967EBAEC88A043"
"third_party\libdivsufsort\include\divsufsort_private.h","5879","2026-05-14T12:35:40","BA939BD16E72DF27559A92FBA341F146DA1D3FFB30F62FA4D591322131F59D3C"
"third_party\libdivsufsort\include\divsufsort64.h","1299","2026-05-14T12:39:07","4B7C0CC7FA79A9841F4427835E37C82FE534F7C8FA997A80BBA835CCCA773DA5"
"third_party\libdivsufsort\include\lfs.h","232","2026-05-14T12:37:50","5FCB78C293053364D64FFF5BC0D73FB4367A91C21C8D9E30B0B96C251B542BF3"
"third_party\libdivsufsort\include\lfs.h.cmake","1776","2026-05-14T12:35:40","7FB72895C71D1B9BEFF01675B4F12100F1265D46F6F0CE900ABB489C7BBE0D71"
"third_party\libdivsufsort\lib\CMakeLists.txt","1239","2026-05-14T12:35:41","FFE0D30F81DE572DFAB66CA46DB8CBD0A5826EE57C357F7FA31064D01A97E5E5"
"third_party\libdivsufsort\lib\divsufsort.c","12126","2026-05-14T12:35:41","06244C9536D661DDFFA1A9955F6D6C05B6294803D62758DDC178E6AABB013EEE"
"third_party\libdivsufsort\lib\sssort.c","24932","2026-05-14T12:35:41","7735B89299B89FF0A9F479495C987A85334EBEC3BC7AA473BB65F85335ACDF56"
"third_party\libdivsufsort\lib\trsort.c","18380","2026-05-14T12:35:41","DE4EAE317A74730313F84C4A6D9C7B0AEFE0F20644E33DD11190AF88D50DE2A1"
"third_party\libdivsufsort\lib\utils.c","10243","2026-05-14T12:35:41","FD71735E56486472CE8A78A6FBCBADAF32C37AACDDF09EC145E20976BBBCEB40"
"third_party\libdivsufsort\LICENSE","1118","2026-05-14T12:35:40","2BC7C1D9F7D9D0BC7C8F1A072BA45AB77D555B21CEE57B99CCD27621284855E7"
"third_party\libdivsufsort\pkgconfig\CMakeLists.txt","584","2026-05-14T12:35:41","29139B5F379ADB003C23A97BD02CA71566009BF5FEDEACC527F90E37AA7F7B4D"
"third_party\libdivsufsort\pkgconfig\libdivsufsort.pc.cmake","310","2026-05-14T12:35:41","A91633620CAD1A281B5307276B436EF8B175B07253EA3B0B399D14939723AEB5"
"third_party\libdivsufsort\README.md","4463","2026-05-14T12:35:40","67E78E823455EA4643E1FF27AD4DB7267A5AEC815512BC95F3E67A63E7634801"
"third_party\libdivsufsort\VERSION.cmake","953","2026-05-14T12:35:40","9726536C1DE9F66E9A35CC2685CB9D4242580059191009362E164E1A895E5C37"
