label,byte_index,byte_phase_mod8,bit_index,ones,zeros,p1,abs_bias,x,entropy,min_entropy
restart_reduced_xor_random1_sampler_island_local_warmup10_line6_1000x125_strict_20260528_line6_repeat02.payload,0,0,0,460,540,0.460000000,0.040000000,540,0.995378439,0.888968688
restart_reduced_xor_random1_sampler_island_local_warmup10_line6_1000x125_strict_20260528_line6_repeat02.payload,0,0,1,472,528,0.472000000,0.028000000,528,0.997736670,0.921390165
restart_reduced_xor_random1_sampler_island_local_warmup10_line6_1000x125_strict_20260528_line6_repeat02.payload,0,0,2,430,570,0.430000000,0.070000000,570,0.985815037,0.810966176
restart_reduced_xor_random1_sampler_island_local_warmup10_line6_1000x125_strict_20260528_line6_repeat02.payload,0,0,3,286,714,0.286000000,0.214000000,714,0.863497974,0.486004021
restart_reduced_xor_random1_sampler_island_local_warmup10_line6_1000x125_strict_20260528_line6_repeat02.payload,0,0,4,375,625,0.375000000,0.125000000,625,0.954434003,0.678071905
restart_reduced_xor_random1_sampler_island_local_warmup10_line6_1000x125_strict_20260528_line6_repeat02.payload,0,0,5,473,527,0.473000000,0.027000000,527,0.997895527,0.924125133
restart_reduced_xor_random1_sampler_island_local_warmup10_line6_1000x125_strict_20260528_line6_repeat02.payload,0,0,6,516,484,0.516000000,0.016000000,516,0.999261214,0.954557029
restart_reduced_xor_random1_sampler_island_local_warmup10_line6_1000x125_strict_20260528_line6_repeat02.payload,0,0,7,553,447,0.553000000,0.053000000,553,0.991879693,0.854648614
restart_reduced_xor_random1_sampler_island_local_warmup10_line6_1000x125_strict_20260528_line6_repeat02.payload,1,1,0,471,529,0.471000000,0.029000000,529,0.997572025,0.918660373
restart_reduced_xor_random1_sampler_island_local_warmup10_line6_1000x125_strict_20260528_line6_repeat02.payload,1,1,1,464,536,0.464000000,0.036000000,536,0.996257297,0.899695094
restart_reduced_xor_random1_sampler_island_local_warmup10_line6_1000x125_strict_20260528_line6_repeat02.payload,1,1,2,473,527,0.473000000,0.027000000,527,0.997895527,0.924125133
restart_reduced_xor_random1_sampler_island_local_warmup10_line6_1000x125_strict_20260528_line6_repeat02.payload,1,1,3,498,502,0.498000000,0.002000000,502,0.999988458,0.994240731
restart_reduced_xor_random1_sampler_island_local_warmup10_line6_1000x125_strict_20260528_line6_repeat02.payload,1,1,4,529,471,0.529000000,0.029000000,529,0.997572025,0.918660373
restart_reduced_xor_random1_sampler_island_local_warmup10_line6_1000x125_strict_20260528_line6_repeat02.payload,1,1,5,472,528,0.472000000,0.028000000,528,0.997736670,0.921390165
restart_reduced_xor_random1_sampler_island_local_warmup10_line6_1000x125_strict_20260528_line6_repeat02.payload,1,1,6,501,499,0.501000000,0.001000000,501,0.999997115,0.997117491
restart_reduced_xor_random1_sampler_island_local_warmup10_line6_1000x125_strict_20260528_line6_repeat02.payload,1,1,7,480,520,0.480000000,0.020000000,520,0.998845536,0.943416472
restart_reduced_xor_random1_sampler_island_local_warmup10_line6_1000x125_strict_20260528_line6_repeat02.payload,2,2,0,478,522,0.478000000,0.022000000,522,0.998603020,0.937878288
restart_reduced_xor_random1_sampler_island_local_warmup10_line6_1000x125_strict_20260528_line6_repeat02.payload,2,2,1,475,525,0.475000000,0.025000000,525,0.998195879,0.929610672
restart_reduced_xor_random1_sampler_island_local_warmup10_line6_1000x125_strict_20260528_line6_repeat02.payload,2,2,2,492,508,0.492000000,0.008000000,508,0.999815327,0.977099598
restart_reduced_xor_random1_sampler_island_local_warmup10_line6_1000x125_strict_20260528_line6_repeat02.payload,2,2,3,488,512,0.488000000,0.012000000,512,0.999584464,0.965784285
restart_reduced_xor_random1_sampler_island_local_warmup10_line6_1000x125_strict_20260528_line6_repeat02.payload,2,2,4,468,532,0.468000000,0.032000000,532,0.997043340,0.910501849
restart_reduced_xor_random1_sampler_island_local_warmup10_line6_1000x125_strict_20260528_line6_repeat02.payload,2,2,5,491,509,0.491000000,0.009000000,509,0.999766271,0.974262439
restart_reduced_xor_random1_sampler_island_local_warmup10_line6_1000x125_strict_20260528_line6_repeat02.payload,2,2,6,518,482,0.518000000,0.018000000,518,0.999064932,0.948975997
restart_reduced_xor_random1_sampler_island_local_warmup10_line6_1000x125_strict_20260528_line6_repeat02.payload,2,2,7,489,511,0.489000000,0.011000000,511,0.999650840,0.968604804
restart_reduced_xor_random1_sampler_island_local_warmup10_line6_1000x125_strict_20260528_line6_repeat02.payload,3,3,0,506,494,0.506000000,0.006000000,506,0.999896123,0.982790710
restart_reduced_xor_random1_sampler_island_local_warmup10_line6_1000x125_strict_20260528_line6_repeat02.payload,3,3,1,475,525,0.475000000,0.025000000,525,0.998195879,0.929610672
restart_reduced_xor_random1_sampler_island_local_warmup10_line6_1000x125_strict_20260528_line6_repeat02.payload,3,3,2,531,469,0.531000000,0.031000000,531,0.997225361,0.913216234
restart_reduced_xor_random1_sampler_island_local_warmup10_line6_1000x125_strict_20260528_line6_repeat02.payload,3,3,3,534,466,0.534000000,0.034000000,534,0.996661914,0.905088353
restart_reduced_xor_random1_sampler_island_local_warmup10_line6_1000x125_strict_20260528_line6_repeat02.payload,3,3,4,525,475,0.525000000,0.025000000,525,0.998195879,0.929610672
restart_reduced_xor_random1_sampler_island_local_warmup10_line6_1000x125_strict_20260528_line6_repeat02.payload,3,3,5,505,495,0.505000000,0.005000000,505,0.999927864,0.985644707
restart_reduced_xor_random1_sampler_island_local_warmup10_line6_1000x125_strict_20260528_line6_repeat02.payload,3,3,6,505,495,0.505000000,0.005000000,505,0.999927864,0.985644707
restart_reduced_xor_random1_sampler_island_local_warmup10_line6_1000x125_strict_20260528_line6_repeat02.payload,3,3,7,484,516,0.484000000,0.016000000,516,0.999261214,0.954557029
restart_reduced_xor_random1_sampler_island_local_warmup10_line6_1000x125_strict_20260528_line6_repeat02.payload,4,4,0,496,504,0.496000000,0.004000000,504,0.999953833,0.988504361
restart_reduced_xor_random1_sampler_island_local_warmup10_line6_1000x125_strict_20260528_line6_repeat02.payload,4,4,1,464,536,0.464000000,0.036000000,536,0.996257297,0.899695094
restart_reduced_xor_random1_sampler_island_local_warmup10_line6_1000x125_strict_20260528_line6_repeat02.payload,4,4,2,470,530,0.470000000,0.030000000,530,0.997401589,0.915935735
restart_reduced_xor_random1_sampler_island_local_warmup10_line6_1000x125_strict_20260528_line6_repeat02.payload,4,4,3,473,527,0.473000000,0.027000000,527,0.997895527,0.924125133
restart_reduced_xor_random1_sampler_island_local_warmup10_line6_1000x125_strict_20260528_line6_repeat02.payload,4,4,4,468,532,0.468000000,0.032000000,532,0.997043340,0.910501849
restart_reduced_xor_random1_sampler_island_local_warmup10_line6_1000x125_strict_20260528_line6_repeat02.payload,4,4,5,493,507,0.493000000,0.007000000,507,0.999858611,0.979942348
restart_reduced_xor_random1_sampler_island_local_warmup10_line6_1000x125_strict_20260528_line6_repeat02.payload,4,4,6,481,519,0.481000000,0.019000000,519,0.998958123,0.946193556
restart_reduced_xor_random1_sampler_island_local_warmup10_line6_1000x125_strict_20260528_line6_repeat02.payload,4,4,7,482,518,0.482000000,0.018000000,518,0.999064932,0.948975997
restart_reduced_xor_random1_sampler_island_local_warmup10_line6_1000x125_strict_20260528_line6_repeat02.payload,5,5,0,499,501,0.499000000,0.001000000,501,0.999997115,0.997117491
restart_reduced_xor_random1_sampler_island_local_warmup10_line6_1000x125_strict_20260528_line6_repeat02.payload,5,5,1,477,523,0.477000000,0.023000000,523,0.998473090,0.935117148
restart_reduced_xor_random1_sampler_island_local_warmup10_line6_1000x125_strict_20260528_line6_repeat02.payload,5,5,2,470,530,0.470000000,0.030000000,530,0.997401589,0.915935735
restart_reduced_xor_random1_sampler_island_local_warmup10_line6_1000x125_strict_20260528_line6_repeat02.payload,5,5,3,484,516,0.484000000,0.016000000,516,0.999261214,0.954557029
restart_reduced_xor_random1_sampler_island_local_warmup10_line6_1000x125_strict_20260528_line6_repeat02.payload,5,5,4,488,512,0.488000000,0.012000000,512,0.999584464,0.965784285
restart_reduced_xor_random1_sampler_island_local_warmup10_line6_1000x125_strict_20260528_line6_repeat02.payload,5,5,5,478,522,0.478000000,0.022000000,522,0.998603020,0.937878288
restart_reduced_xor_random1_sampler_island_local_warmup10_line6_1000x125_strict_20260528_line6_repeat02.payload,5,5,6,469,531,0.469000000,0.031000000,531,0.997225361,0.913216234
restart_reduced_xor_random1_sampler_island_local_warmup10_line6_1000x125_strict_20260528_line6_repeat02.payload,5,5,7,499,501,0.499000000,0.001000000,501,0.999997115,0.997117491
restart_reduced_xor_random1_sampler_island_local_warmup10_line6_1000x125_strict_20260528_line6_repeat02.payload,6,6,0,480,520,0.480000000,0.020000000,520,0.998845536,0.943416472
restart_reduced_xor_random1_sampler_island_local_warmup10_line6_1000x125_strict_20260528_line6_repeat02.payload,6,6,1,464,536,0.464000000,0.036000000,536,0.996257297,0.899695094
restart_reduced_xor_random1_sampler_island_local_warmup10_line6_1000x125_strict_20260528_line6_repeat02.payload,6,6,2,455,545,0.455000000,0.045000000,545,0.994149171,0.875671865
restart_reduced_xor_random1_sampler_island_local_warmup10_line6_1000x125_strict_20260528_line6_repeat02.payload,6,6,3,501,499,0.501000000,0.001000000,501,0.999997115,0.997117491
restart_reduced_xor_random1_sampler_island_local_warmup10_line6_1000x125_strict_20260528_line6_repeat02.payload,6,6,4,476,524,0.476000000,0.024000000,524,0.998337377,0.932361283
restart_reduced_xor_random1_sampler_island_local_warmup10_line6_1000x125_strict_20260528_line6_repeat02.payload,6,6,5,483,517,0.483000000,0.017000000,517,0.999165962,0.951763814
restart_reduced_xor_random1_sampler_island_local_warmup10_line6_1000x125_strict_20260528_line6_repeat02.payload,6,6,6,452,548,0.452000000,0.048000000,548,0.993341812,0.867752202
restart_reduced_xor_random1_sampler_island_local_warmup10_line6_1000x125_strict_20260528_line6_repeat02.payload,6,6,7,465,535,0.465000000,0.035000000,535,0.996462505,0.902389203
restart_reduced_xor_random1_sampler_island_local_warmup10_line6_1000x125_strict_20260528_line6_repeat02.payload,7,7,0,500,500,0.500000000,0.000000000,500,1.000000000,1.000000000
restart_reduced_xor_random1_sampler_island_local_warmup10_line6_1000x125_strict_20260528_line6_repeat02.payload,7,7,1,493,507,0.493000000,0.007000000,507,0.999858611,0.979942348
restart_reduced_xor_random1_sampler_island_local_warmup10_line6_1000x125_strict_20260528_line6_repeat02.payload,7,7,2,496,504,0.496000000,0.004000000,504,0.999953833,0.988504361
restart_reduced_xor_random1_sampler_island_local_warmup10_line6_1000x125_strict_20260528_line6_repeat02.payload,7,7,3,519,481,0.519000000,0.019000000,519,0.998958123,0.946193556
restart_reduced_xor_random1_sampler_island_local_warmup10_line6_1000x125_strict_20260528_line6_repeat02.payload,7,7,4,478,522,0.478000000,0.022000000,522,0.998603020,0.937878288
restart_reduced_xor_random1_sampler_island_local_warmup10_line6_1000x125_strict_20260528_line6_repeat02.payload,7,7,5,486,514,0.486000000,0.014000000,514,0.999434390,0.960159735
restart_reduced_xor_random1_sampler_island_local_warmup10_line6_1000x125_strict_20260528_line6_repeat02.payload,7,7,6,493,507,0.493000000,0.007000000,507,0.999858611,0.979942348
restart_reduced_xor_random1_sampler_island_local_warmup10_line6_1000x125_strict_20260528_line6_repeat02.payload,7,7,7,497,503,0.497000000,0.003000000,503,0.999974031,0.991369695
restart_reduced_xor_random1_sampler_island_local_warmup10_line6_1000x125_strict_20260528_line6_repeat02.payload,8,0,0,447,553,0.447000000,0.053000000,553,0.991879693,0.854648614
restart_reduced_xor_random1_sampler_island_local_warmup10_line6_1000x125_strict_20260528_line6_repeat02.payload,8,0,1,501,499,0.501000000,0.001000000,501,0.999997115,0.997117491
restart_reduced_xor_random1_sampler_island_local_warmup10_line6_1000x125_strict_20260528_line6_repeat02.payload,8,0,2,468,532,0.468000000,0.032000000,532,0.997043340,0.910501849
restart_reduced_xor_random1_sampler_island_local_warmup10_line6_1000x125_strict_20260528_line6_repeat02.payload,8,0,3,482,518,0.482000000,0.018000000,518,0.999064932,0.948975997
restart_reduced_xor_random1_sampler_island_local_warmup10_line6_1000x125_strict_20260528_line6_repeat02.payload,8,0,4,483,517,0.483000000,0.017000000,517,0.999165962,0.951763814
restart_reduced_xor_random1_sampler_island_local_warmup10_line6_1000x125_strict_20260528_line6_repeat02.payload,8,0,5,463,537,0.463000000,0.037000000,537,0.996046288,0.897006007
restart_reduced_xor_random1_sampler_island_local_warmup10_line6_1000x125_strict_20260528_line6_repeat02.payload,8,0,6,447,553,0.447000000,0.053000000,553,0.991879693,0.854648614
restart_reduced_xor_random1_sampler_island_local_warmup10_line6_1000x125_strict_20260528_line6_repeat02.payload,8,0,7,503,497,0.503000000,0.003000000,503,0.999974031,0.991369695
restart_reduced_xor_random1_sampler_island_local_warmup10_line6_1000x125_strict_20260528_line6_repeat02.payload,9,1,0,511,489,0.511000000,0.011000000,511,0.999650840,0.968604804
restart_reduced_xor_random1_sampler_island_local_warmup10_line6_1000x125_strict_20260528_line6_repeat02.payload,9,1,1,494,506,0.494000000,0.006000000,506,0.999896123,0.982790710
restart_reduced_xor_random1_sampler_island_local_warmup10_line6_1000x125_strict_20260528_line6_repeat02.payload,9,1,2,480,520,0.480000000,0.020000000,520,0.998845536,0.943416472
restart_reduced_xor_random1_sampler_island_local_warmup10_line6_1000x125_strict_20260528_line6_repeat02.payload,9,1,3,485,515,0.485000000,0.015000000,515,0.999350690,0.957355663
restart_reduced_xor_random1_sampler_island_local_warmup10_line6_1000x125_strict_20260528_line6_repeat02.payload,9,1,4,485,515,0.485000000,0.015000000,515,0.999350690,0.957355663
restart_reduced_xor_random1_sampler_island_local_warmup10_line6_1000x125_strict_20260528_line6_repeat02.payload,9,1,5,490,510,0.490000000,0.010000000,510,0.999711442,0.971430848
restart_reduced_xor_random1_sampler_island_local_warmup10_line6_1000x125_strict_20260528_line6_repeat02.payload,9,1,6,486,514,0.486000000,0.014000000,514,0.999434390,0.960159735
restart_reduced_xor_random1_sampler_island_local_warmup10_line6_1000x125_strict_20260528_line6_repeat02.payload,9,1,7,464,536,0.464000000,0.036000000,536,0.996257297,0.899695094
restart_reduced_xor_random1_sampler_island_local_warmup10_line6_1000x125_strict_20260528_line6_repeat02.payload,10,2,0,517,483,0.517000000,0.017000000,517,0.999165962,0.951763814
restart_reduced_xor_random1_sampler_island_local_warmup10_line6_1000x125_strict_20260528_line6_repeat02.payload,10,2,1,465,535,0.465000000,0.035000000,535,0.996462505,0.902389203
restart_reduced_xor_random1_sampler_island_local_warmup10_line6_1000x125_strict_20260528_line6_repeat02.payload,10,2,2,507,493,0.507000000,0.007000000,507,0.999858611,0.979942348
restart_reduced_xor_random1_sampler_island_local_warmup10_line6_1000x125_strict_20260528_line6_repeat02.payload,10,2,3,496,504,0.496000000,0.004000000,504,0.999953833,0.988504361
restart_reduced_xor_random1_sampler_island_local_warmup10_line6_1000x125_strict_20260528_line6_repeat02.payload,10,2,4,490,510,0.490000000,0.010000000,510,0.999711442,0.971430848
restart_reduced_xor_random1_sampler_island_local_warmup10_line6_1000x125_strict_20260528_line6_repeat02.payload,10,2,5,492,508,0.492000000,0.008000000,508,0.999815327,0.977099598
restart_reduced_xor_random1_sampler_island_local_warmup10_line6_1000x125_strict_20260528_line6_repeat02.payload,10,2,6,488,512,0.488000000,0.012000000,512,0.999584464,0.965784285
restart_reduced_xor_random1_sampler_island_local_warmup10_line6_1000x125_strict_20260528_line6_repeat02.payload,10,2,7,476,524,0.476000000,0.024000000,524,0.998337377,0.932361283
restart_reduced_xor_random1_sampler_island_local_warmup10_line6_1000x125_strict_20260528_line6_repeat02.payload,11,3,0,502,498,0.502000000,0.002000000,502,0.999988458,0.994240731
restart_reduced_xor_random1_sampler_island_local_warmup10_line6_1000x125_strict_20260528_line6_repeat02.payload,11,3,1,493,507,0.493000000,0.007000000,507,0.999858611,0.979942348
restart_reduced_xor_random1_sampler_island_local_warmup10_line6_1000x125_strict_20260528_line6_repeat02.payload,11,3,2,488,512,0.488000000,0.012000000,512,0.999584464,0.965784285
restart_reduced_xor_random1_sampler_island_local_warmup10_line6_1000x125_strict_20260528_line6_repeat02.payload,11,3,3,504,496,0.504000000,0.004000000,504,0.999953833,0.988504361
restart_reduced_xor_random1_sampler_island_local_warmup10_line6_1000x125_strict_20260528_line6_repeat02.payload,11,3,4,513,487,0.513000000,0.013000000,513,0.999512314,0.962969269
restart_reduced_xor_random1_sampler_island_local_warmup10_line6_1000x125_strict_20260528_line6_repeat02.payload,11,3,5,506,494,0.506000000,0.006000000,506,0.999896123,0.982790710
restart_reduced_xor_random1_sampler_island_local_warmup10_line6_1000x125_strict_20260528_line6_repeat02.payload,11,3,6,499,501,0.499000000,0.001000000,501,0.999997115,0.997117491
restart_reduced_xor_random1_sampler_island_local_warmup10_line6_1000x125_strict_20260528_line6_repeat02.payload,11,3,7,501,499,0.501000000,0.001000000,501,0.999997115,0.997117491
restart_reduced_xor_random1_sampler_island_local_warmup10_line6_1000x125_strict_20260528_line6_repeat02.payload,12,4,0,487,513,0.487000000,0.013000000,513,0.999512314,0.962969269
restart_reduced_xor_random1_sampler_island_local_warmup10_line6_1000x125_strict_20260528_line6_repeat02.payload,12,4,1,493,507,0.493000000,0.007000000,507,0.999858611,0.979942348
restart_reduced_xor_random1_sampler_island_local_warmup10_line6_1000x125_strict_20260528_line6_repeat02.payload,12,4,2,513,487,0.513000000,0.013000000,513,0.999512314,0.962969269
restart_reduced_xor_random1_sampler_island_local_warmup10_line6_1000x125_strict_20260528_line6_repeat02.payload,12,4,3,488,512,0.488000000,0.012000000,512,0.999584464,0.965784285
restart_reduced_xor_random1_sampler_island_local_warmup10_line6_1000x125_strict_20260528_line6_repeat02.payload,12,4,4,506,494,0.506000000,0.006000000,506,0.999896123,0.982790710
restart_reduced_xor_random1_sampler_island_local_warmup10_line6_1000x125_strict_20260528_line6_repeat02.payload,12,4,5,495,505,0.495000000,0.005000000,505,0.999927864,0.985644707
restart_reduced_xor_random1_sampler_island_local_warmup10_line6_1000x125_strict_20260528_line6_repeat02.payload,12,4,6,490,510,0.490000000,0.010000000,510,0.999711442,0.971430848
restart_reduced_xor_random1_sampler_island_local_warmup10_line6_1000x125_strict_20260528_line6_repeat02.payload,12,4,7,513,487,0.513000000,0.013000000,513,0.999512314,0.962969269
restart_reduced_xor_random1_sampler_island_local_warmup10_line6_1000x125_strict_20260528_line6_repeat02.payload,13,5,0,487,513,0.487000000,0.013000000,513,0.999512314,0.962969269
restart_reduced_xor_random1_sampler_island_local_warmup10_line6_1000x125_strict_20260528_line6_repeat02.payload,13,5,1,482,518,0.482000000,0.018000000,518,0.999064932,0.948975997
restart_reduced_xor_random1_sampler_island_local_warmup10_line6_1000x125_strict_20260528_line6_repeat02.payload,13,5,2,466,534,0.466000000,0.034000000,534,0.996661914,0.905088353
restart_reduced_xor_random1_sampler_island_local_warmup10_line6_1000x125_strict_20260528_line6_repeat02.payload,13,5,3,507,493,0.507000000,0.007000000,507,0.999858611,0.979942348
restart_reduced_xor_random1_sampler_island_local_warmup10_line6_1000x125_strict_20260528_line6_repeat02.payload,13,5,4,483,517,0.483000000,0.017000000,517,0.999165962,0.951763814
restart_reduced_xor_random1_sampler_island_local_warmup10_line6_1000x125_strict_20260528_line6_repeat02.payload,13,5,5,495,505,0.495000000,0.005000000,505,0.999927864,0.985644707
restart_reduced_xor_random1_sampler_island_local_warmup10_line6_1000x125_strict_20260528_line6_repeat02.payload,13,5,6,491,509,0.491000000,0.009000000,509,0.999766271,0.974262439
restart_reduced_xor_random1_sampler_island_local_warmup10_line6_1000x125_strict_20260528_line6_repeat02.payload,13,5,7,501,499,0.501000000,0.001000000,501,0.999997115,0.997117491
restart_reduced_xor_random1_sampler_island_local_warmup10_line6_1000x125_strict_20260528_line6_repeat02.payload,14,6,0,491,509,0.491000000,0.009000000,509,0.999766271,0.974262439
restart_reduced_xor_random1_sampler_island_local_warmup10_line6_1000x125_strict_20260528_line6_repeat02.payload,14,6,1,472,528,0.472000000,0.028000000,528,0.997736670,0.921390165
restart_reduced_xor_random1_sampler_island_local_warmup10_line6_1000x125_strict_20260528_line6_repeat02.payload,14,6,2,505,495,0.505000000,0.005000000,505,0.999927864,0.985644707
restart_reduced_xor_random1_sampler_island_local_warmup10_line6_1000x125_strict_20260528_line6_repeat02.payload,14,6,3,486,514,0.486000000,0.014000000,514,0.999434390,0.960159735
restart_reduced_xor_random1_sampler_island_local_warmup10_line6_1000x125_strict_20260528_line6_repeat02.payload,14,6,4,506,494,0.506000000,0.006000000,506,0.999896123,0.982790710
restart_reduced_xor_random1_sampler_island_local_warmup10_line6_1000x125_strict_20260528_line6_repeat02.payload,14,6,5,490,510,0.490000000,0.010000000,510,0.999711442,0.971430848
restart_reduced_xor_random1_sampler_island_local_warmup10_line6_1000x125_strict_20260528_line6_repeat02.payload,14,6,6,487,513,0.487000000,0.013000000,513,0.999512314,0.962969269
restart_reduced_xor_random1_sampler_island_local_warmup10_line6_1000x125_strict_20260528_line6_repeat02.payload,14,6,7,515,485,0.515000000,0.015000000,515,0.999350690,0.957355663
restart_reduced_xor_random1_sampler_island_local_warmup10_line6_1000x125_strict_20260528_line6_repeat02.payload,15,7,0,479,521,0.479000000,0.021000000,521,0.998727169,0.940644722
restart_reduced_xor_random1_sampler_island_local_warmup10_line6_1000x125_strict_20260528_line6_repeat02.payload,15,7,1,479,521,0.479000000,0.021000000,521,0.998727169,0.940644722
restart_reduced_xor_random1_sampler_island_local_warmup10_line6_1000x125_strict_20260528_line6_repeat02.payload,15,7,2,510,490,0.510000000,0.010000000,510,0.999711442,0.971430848
restart_reduced_xor_random1_sampler_island_local_warmup10_line6_1000x125_strict_20260528_line6_repeat02.payload,15,7,3,492,508,0.492000000,0.008000000,508,0.999815327,0.977099598
restart_reduced_xor_random1_sampler_island_local_warmup10_line6_1000x125_strict_20260528_line6_repeat02.payload,15,7,4,486,514,0.486000000,0.014000000,514,0.999434390,0.960159735
restart_reduced_xor_random1_sampler_island_local_warmup10_line6_1000x125_strict_20260528_line6_repeat02.payload,15,7,5,489,511,0.489000000,0.011000000,511,0.999650840,0.968604804
restart_reduced_xor_random1_sampler_island_local_warmup10_line6_1000x125_strict_20260528_line6_repeat02.payload,15,7,6,503,497,0.503000000,0.003000000,503,0.999974031,0.991369695
restart_reduced_xor_random1_sampler_island_local_warmup10_line6_1000x125_strict_20260528_line6_repeat02.payload,15,7,7,471,529,0.471000000,0.029000000,529,0.997572025,0.918660373
restart_reduced_xor_random1_sampler_island_local_warmup10_line6_1000x125_strict_20260528_line6_repeat02.payload,16,0,0,478,522,0.478000000,0.022000000,522,0.998603020,0.937878288
restart_reduced_xor_random1_sampler_island_local_warmup10_line6_1000x125_strict_20260528_line6_repeat02.payload,16,0,1,471,529,0.471000000,0.029000000,529,0.997572025,0.918660373
restart_reduced_xor_random1_sampler_island_local_warmup10_line6_1000x125_strict_20260528_line6_repeat02.payload,16,0,2,496,504,0.496000000,0.004000000,504,0.999953833,0.988504361
restart_reduced_xor_random1_sampler_island_local_warmup10_line6_1000x125_strict_20260528_line6_repeat02.payload,16,0,3,505,495,0.505000000,0.005000000,505,0.999927864,0.985644707
restart_reduced_xor_random1_sampler_island_local_warmup10_line6_1000x125_strict_20260528_line6_repeat02.payload,16,0,4,498,502,0.498000000,0.002000000,502,0.999988458,0.994240731
restart_reduced_xor_random1_sampler_island_local_warmup10_line6_1000x125_strict_20260528_line6_repeat02.payload,16,0,5,489,511,0.489000000,0.011000000,511,0.999650840,0.968604804
restart_reduced_xor_random1_sampler_island_local_warmup10_line6_1000x125_strict_20260528_line6_repeat02.payload,16,0,6,502,498,0.502000000,0.002000000,502,0.999988458,0.994240731
restart_reduced_xor_random1_sampler_island_local_warmup10_line6_1000x125_strict_20260528_line6_repeat02.payload,16,0,7,473,527,0.473000000,0.027000000,527,0.997895527,0.924125133
restart_reduced_xor_random1_sampler_island_local_warmup10_line6_1000x125_strict_20260528_line6_repeat02.payload,17,1,0,488,512,0.488000000,0.012000000,512,0.999584464,0.965784285
restart_reduced_xor_random1_sampler_island_local_warmup10_line6_1000x125_strict_20260528_line6_repeat02.payload,17,1,1,476,524,0.476000000,0.024000000,524,0.998337377,0.932361283
restart_reduced_xor_random1_sampler_island_local_warmup10_line6_1000x125_strict_20260528_line6_repeat02.payload,17,1,2,509,491,0.509000000,0.009000000,509,0.999766271,0.974262439
restart_reduced_xor_random1_sampler_island_local_warmup10_line6_1000x125_strict_20260528_line6_repeat02.payload,17,1,3,475,525,0.475000000,0.025000000,525,0.998195879,0.929610672
restart_reduced_xor_random1_sampler_island_local_warmup10_line6_1000x125_strict_20260528_line6_repeat02.payload,17,1,4,495,505,0.495000000,0.005000000,505,0.999927864,0.985644707
restart_reduced_xor_random1_sampler_island_local_warmup10_line6_1000x125_strict_20260528_line6_repeat02.payload,17,1,5,464,536,0.464000000,0.036000000,536,0.996257297,0.899695094
restart_reduced_xor_random1_sampler_island_local_warmup10_line6_1000x125_strict_20260528_line6_repeat02.payload,17,1,6,497,503,0.497000000,0.003000000,503,0.999974031,0.991369695
restart_reduced_xor_random1_sampler_island_local_warmup10_line6_1000x125_strict_20260528_line6_repeat02.payload,17,1,7,474,526,0.474000000,0.026000000,526,0.998048596,0.926865295
restart_reduced_xor_random1_sampler_island_local_warmup10_line6_1000x125_strict_20260528_line6_repeat02.payload,18,2,0,505,495,0.505000000,0.005000000,505,0.999927864,0.985644707
restart_reduced_xor_random1_sampler_island_local_warmup10_line6_1000x125_strict_20260528_line6_repeat02.payload,18,2,1,503,497,0.503000000,0.003000000,503,0.999974031,0.991369695
restart_reduced_xor_random1_sampler_island_local_warmup10_line6_1000x125_strict_20260528_line6_repeat02.payload,18,2,2,506,494,0.506000000,0.006000000,506,0.999896123,0.982790710
restart_reduced_xor_random1_sampler_island_local_warmup10_line6_1000x125_strict_20260528_line6_repeat02.payload,18,2,3,463,537,0.463000000,0.037000000,537,0.996046288,0.897006007
restart_reduced_xor_random1_sampler_island_local_warmup10_line6_1000x125_strict_20260528_line6_repeat02.payload,18,2,4,470,530,0.470000000,0.030000000,530,0.997401589,0.915935735
restart_reduced_xor_random1_sampler_island_local_warmup10_line6_1000x125_strict_20260528_line6_repeat02.payload,18,2,5,463,537,0.463000000,0.037000000,537,0.996046288,0.897006007
restart_reduced_xor_random1_sampler_island_local_warmup10_line6_1000x125_strict_20260528_line6_repeat02.payload,18,2,6,500,500,0.500000000,0.000000000,500,1.000000000,1.000000000
restart_reduced_xor_random1_sampler_island_local_warmup10_line6_1000x125_strict_20260528_line6_repeat02.payload,18,2,7,502,498,0.502000000,0.002000000,502,0.999988458,0.994240731
restart_reduced_xor_random1_sampler_island_local_warmup10_line6_1000x125_strict_20260528_line6_repeat02.payload,19,3,0,491,509,0.491000000,0.009000000,509,0.999766271,0.974262439
restart_reduced_xor_random1_sampler_island_local_warmup10_line6_1000x125_strict_20260528_line6_repeat02.payload,19,3,1,468,532,0.468000000,0.032000000,532,0.997043340,0.910501849
restart_reduced_xor_random1_sampler_island_local_warmup10_line6_1000x125_strict_20260528_line6_repeat02.payload,19,3,2,502,498,0.502000000,0.002000000,502,0.999988458,0.994240731
restart_reduced_xor_random1_sampler_island_local_warmup10_line6_1000x125_strict_20260528_line6_repeat02.payload,19,3,3,485,515,0.485000000,0.015000000,515,0.999350690,0.957355663
restart_reduced_xor_random1_sampler_island_local_warmup10_line6_1000x125_strict_20260528_line6_repeat02.payload,19,3,4,482,518,0.482000000,0.018000000,518,0.999064932,0.948975997
restart_reduced_xor_random1_sampler_island_local_warmup10_line6_1000x125_strict_20260528_line6_repeat02.payload,19,3,5,477,523,0.477000000,0.023000000,523,0.998473090,0.935117148
restart_reduced_xor_random1_sampler_island_local_warmup10_line6_1000x125_strict_20260528_line6_repeat02.payload,19,3,6,444,556,0.444000000,0.056000000,556,0.990932404,0.846843212
restart_reduced_xor_random1_sampler_island_local_warmup10_line6_1000x125_strict_20260528_line6_repeat02.payload,19,3,7,490,510,0.490000000,0.010000000,510,0.999711442,0.971430848
restart_reduced_xor_random1_sampler_island_local_warmup10_line6_1000x125_strict_20260528_line6_repeat02.payload,20,4,0,472,528,0.472000000,0.028000000,528,0.997736670,0.921390165
restart_reduced_xor_random1_sampler_island_local_warmup10_line6_1000x125_strict_20260528_line6_repeat02.payload,20,4,1,510,490,0.510000000,0.010000000,510,0.999711442,0.971430848
restart_reduced_xor_random1_sampler_island_local_warmup10_line6_1000x125_strict_20260528_line6_repeat02.payload,20,4,2,489,511,0.489000000,0.011000000,511,0.999650840,0.968604804
restart_reduced_xor_random1_sampler_island_local_warmup10_line6_1000x125_strict_20260528_line6_repeat02.payload,20,4,3,498,502,0.498000000,0.002000000,502,0.999988458,0.994240731
restart_reduced_xor_random1_sampler_island_local_warmup10_line6_1000x125_strict_20260528_line6_repeat02.payload,20,4,4,472,528,0.472000000,0.028000000,528,0.997736670,0.921390165
restart_reduced_xor_random1_sampler_island_local_warmup10_line6_1000x125_strict_20260528_line6_repeat02.payload,20,4,5,489,511,0.489000000,0.011000000,511,0.999650840,0.968604804
restart_reduced_xor_random1_sampler_island_local_warmup10_line6_1000x125_strict_20260528_line6_repeat02.payload,20,4,6,461,539,0.461000000,0.039000000,539,0.995606861,0.891642822
restart_reduced_xor_random1_sampler_island_local_warmup10_line6_1000x125_strict_20260528_line6_repeat02.payload,20,4,7,472,528,0.472000000,0.028000000,528,0.997736670,0.921390165
restart_reduced_xor_random1_sampler_island_local_warmup10_line6_1000x125_strict_20260528_line6_repeat02.payload,21,5,0,485,515,0.485000000,0.015000000,515,0.999350690,0.957355663
restart_reduced_xor_random1_sampler_island_local_warmup10_line6_1000x125_strict_20260528_line6_repeat02.payload,21,5,1,479,521,0.479000000,0.021000000,521,0.998727169,0.940644722
restart_reduced_xor_random1_sampler_island_local_warmup10_line6_1000x125_strict_20260528_line6_repeat02.payload,21,5,2,480,520,0.480000000,0.020000000,520,0.998845536,0.943416472
restart_reduced_xor_random1_sampler_island_local_warmup10_line6_1000x125_strict_20260528_line6_repeat02.payload,21,5,3,461,539,0.461000000,0.039000000,539,0.995606861,0.891642822
restart_reduced_xor_random1_sampler_island_local_warmup10_line6_1000x125_strict_20260528_line6_repeat02.payload,21,5,4,475,525,0.475000000,0.025000000,525,0.998195879,0.929610672
restart_reduced_xor_random1_sampler_island_local_warmup10_line6_1000x125_strict_20260528_line6_repeat02.payload,21,5,5,494,506,0.494000000,0.006000000,506,0.999896123,0.982790710
restart_reduced_xor_random1_sampler_island_local_warmup10_line6_1000x125_strict_20260528_line6_repeat02.payload,21,5,6,498,502,0.498000000,0.002000000,502,0.999988458,0.994240731
restart_reduced_xor_random1_sampler_island_local_warmup10_line6_1000x125_strict_20260528_line6_repeat02.payload,21,5,7,508,492,0.508000000,0.008000000,508,0.999815327,0.977099598
restart_reduced_xor_random1_sampler_island_local_warmup10_line6_1000x125_strict_20260528_line6_repeat02.payload,22,6,0,477,523,0.477000000,0.023000000,523,0.998473090,0.935117148
restart_reduced_xor_random1_sampler_island_local_warmup10_line6_1000x125_strict_20260528_line6_repeat02.payload,22,6,1,495,505,0.495000000,0.005000000,505,0.999927864,0.985644707
restart_reduced_xor_random1_sampler_island_local_warmup10_line6_1000x125_strict_20260528_line6_repeat02.payload,22,6,2,496,504,0.496000000,0.004000000,504,0.999953833,0.988504361
restart_reduced_xor_random1_sampler_island_local_warmup10_line6_1000x125_strict_20260528_line6_repeat02.payload,22,6,3,468,532,0.468000000,0.032000000,532,0.997043340,0.910501849
restart_reduced_xor_random1_sampler_island_local_warmup10_line6_1000x125_strict_20260528_line6_repeat02.payload,22,6,4,491,509,0.491000000,0.009000000,509,0.999766271,0.974262439
restart_reduced_xor_random1_sampler_island_local_warmup10_line6_1000x125_strict_20260528_line6_repeat02.payload,22,6,5,517,483,0.517000000,0.017000000,517,0.999165962,0.951763814
restart_reduced_xor_random1_sampler_island_local_warmup10_line6_1000x125_strict_20260528_line6_repeat02.payload,22,6,6,482,518,0.482000000,0.018000000,518,0.999064932,0.948975997
restart_reduced_xor_random1_sampler_island_local_warmup10_line6_1000x125_strict_20260528_line6_repeat02.payload,22,6,7,496,504,0.496000000,0.004000000,504,0.999953833,0.988504361
restart_reduced_xor_random1_sampler_island_local_warmup10_line6_1000x125_strict_20260528_line6_repeat02.payload,23,7,0,483,517,0.483000000,0.017000000,517,0.999165962,0.951763814
restart_reduced_xor_random1_sampler_island_local_warmup10_line6_1000x125_strict_20260528_line6_repeat02.payload,23,7,1,501,499,0.501000000,0.001000000,501,0.999997115,0.997117491
restart_reduced_xor_random1_sampler_island_local_warmup10_line6_1000x125_strict_20260528_line6_repeat02.payload,23,7,2,505,495,0.505000000,0.005000000,505,0.999927864,0.985644707
restart_reduced_xor_random1_sampler_island_local_warmup10_line6_1000x125_strict_20260528_line6_repeat02.payload,23,7,3,487,513,0.487000000,0.013000000,513,0.999512314,0.962969269
restart_reduced_xor_random1_sampler_island_local_warmup10_line6_1000x125_strict_20260528_line6_repeat02.payload,23,7,4,496,504,0.496000000,0.004000000,504,0.999953833,0.988504361
restart_reduced_xor_random1_sampler_island_local_warmup10_line6_1000x125_strict_20260528_line6_repeat02.payload,23,7,5,504,496,0.504000000,0.004000000,504,0.999953833,0.988504361
restart_reduced_xor_random1_sampler_island_local_warmup10_line6_1000x125_strict_20260528_line6_repeat02.payload,23,7,6,499,501,0.499000000,0.001000000,501,0.999997115,0.997117491
restart_reduced_xor_random1_sampler_island_local_warmup10_line6_1000x125_strict_20260528_line6_repeat02.payload,23,7,7,466,534,0.466000000,0.034000000,534,0.996661914,0.905088353
restart_reduced_xor_random1_sampler_island_local_warmup10_line6_1000x125_strict_20260528_line6_repeat02.payload,24,0,0,489,511,0.489000000,0.011000000,511,0.999650840,0.968604804
restart_reduced_xor_random1_sampler_island_local_warmup10_line6_1000x125_strict_20260528_line6_repeat02.payload,24,0,1,482,518,0.482000000,0.018000000,518,0.999064932,0.948975997
restart_reduced_xor_random1_sampler_island_local_warmup10_line6_1000x125_strict_20260528_line6_repeat02.payload,24,0,2,512,488,0.512000000,0.012000000,512,0.999584464,0.965784285
restart_reduced_xor_random1_sampler_island_local_warmup10_line6_1000x125_strict_20260528_line6_repeat02.payload,24,0,3,504,496,0.504000000,0.004000000,504,0.999953833,0.988504361
restart_reduced_xor_random1_sampler_island_local_warmup10_line6_1000x125_strict_20260528_line6_repeat02.payload,24,0,4,477,523,0.477000000,0.023000000,523,0.998473090,0.935117148
restart_reduced_xor_random1_sampler_island_local_warmup10_line6_1000x125_strict_20260528_line6_repeat02.payload,24,0,5,464,536,0.464000000,0.036000000,536,0.996257297,0.899695094
restart_reduced_xor_random1_sampler_island_local_warmup10_line6_1000x125_strict_20260528_line6_repeat02.payload,24,0,6,491,509,0.491000000,0.009000000,509,0.999766271,0.974262439
restart_reduced_xor_random1_sampler_island_local_warmup10_line6_1000x125_strict_20260528_line6_repeat02.payload,24,0,7,481,519,0.481000000,0.019000000,519,0.998958123,0.946193556
restart_reduced_xor_random1_sampler_island_local_warmup10_line6_1000x125_strict_20260528_line6_repeat02.payload,25,1,0,506,494,0.506000000,0.006000000,506,0.999896123,0.982790710
restart_reduced_xor_random1_sampler_island_local_warmup10_line6_1000x125_strict_20260528_line6_repeat02.payload,25,1,1,501,499,0.501000000,0.001000000,501,0.999997115,0.997117491
restart_reduced_xor_random1_sampler_island_local_warmup10_line6_1000x125_strict_20260528_line6_repeat02.payload,25,1,2,508,492,0.508000000,0.008000000,508,0.999815327,0.977099598
restart_reduced_xor_random1_sampler_island_local_warmup10_line6_1000x125_strict_20260528_line6_repeat02.payload,25,1,3,480,520,0.480000000,0.020000000,520,0.998845536,0.943416472
restart_reduced_xor_random1_sampler_island_local_warmup10_line6_1000x125_strict_20260528_line6_repeat02.payload,25,1,4,496,504,0.496000000,0.004000000,504,0.999953833,0.988504361
restart_reduced_xor_random1_sampler_island_local_warmup10_line6_1000x125_strict_20260528_line6_repeat02.payload,25,1,5,490,510,0.490000000,0.010000000,510,0.999711442,0.971430848
restart_reduced_xor_random1_sampler_island_local_warmup10_line6_1000x125_strict_20260528_line6_repeat02.payload,25,1,6,473,527,0.473000000,0.027000000,527,0.997895527,0.924125133
restart_reduced_xor_random1_sampler_island_local_warmup10_line6_1000x125_strict_20260528_line6_repeat02.payload,25,1,7,474,526,0.474000000,0.026000000,526,0.998048596,0.926865295
restart_reduced_xor_random1_sampler_island_local_warmup10_line6_1000x125_strict_20260528_line6_repeat02.payload,26,2,0,479,521,0.479000000,0.021000000,521,0.998727169,0.940644722
restart_reduced_xor_random1_sampler_island_local_warmup10_line6_1000x125_strict_20260528_line6_repeat02.payload,26,2,1,465,535,0.465000000,0.035000000,535,0.996462505,0.902389203
restart_reduced_xor_random1_sampler_island_local_warmup10_line6_1000x125_strict_20260528_line6_repeat02.payload,26,2,2,471,529,0.471000000,0.029000000,529,0.997572025,0.918660373
restart_reduced_xor_random1_sampler_island_local_warmup10_line6_1000x125_strict_20260528_line6_repeat02.payload,26,2,3,472,528,0.472000000,0.028000000,528,0.997736670,0.921390165
restart_reduced_xor_random1_sampler_island_local_warmup10_line6_1000x125_strict_20260528_line6_repeat02.payload,26,2,4,480,520,0.480000000,0.020000000,520,0.998845536,0.943416472
restart_reduced_xor_random1_sampler_island_local_warmup10_line6_1000x125_strict_20260528_line6_repeat02.payload,26,2,5,501,499,0.501000000,0.001000000,501,0.999997115,0.997117491
restart_reduced_xor_random1_sampler_island_local_warmup10_line6_1000x125_strict_20260528_line6_repeat02.payload,26,2,6,481,519,0.481000000,0.019000000,519,0.998958123,0.946193556
restart_reduced_xor_random1_sampler_island_local_warmup10_line6_1000x125_strict_20260528_line6_repeat02.payload,26,2,7,505,495,0.505000000,0.005000000,505,0.999927864,0.985644707
restart_reduced_xor_random1_sampler_island_local_warmup10_line6_1000x125_strict_20260528_line6_repeat02.payload,27,3,0,471,529,0.471000000,0.029000000,529,0.997572025,0.918660373
restart_reduced_xor_random1_sampler_island_local_warmup10_line6_1000x125_strict_20260528_line6_repeat02.payload,27,3,1,482,518,0.482000000,0.018000000,518,0.999064932,0.948975997
restart_reduced_xor_random1_sampler_island_local_warmup10_line6_1000x125_strict_20260528_line6_repeat02.payload,27,3,2,483,517,0.483000000,0.017000000,517,0.999165962,0.951763814
restart_reduced_xor_random1_sampler_island_local_warmup10_line6_1000x125_strict_20260528_line6_repeat02.payload,27,3,3,484,516,0.484000000,0.016000000,516,0.999261214,0.954557029
restart_reduced_xor_random1_sampler_island_local_warmup10_line6_1000x125_strict_20260528_line6_repeat02.payload,27,3,4,500,500,0.500000000,0.000000000,500,1.000000000,1.000000000
restart_reduced_xor_random1_sampler_island_local_warmup10_line6_1000x125_strict_20260528_line6_repeat02.payload,27,3,5,470,530,0.470000000,0.030000000,530,0.997401589,0.915935735
restart_reduced_xor_random1_sampler_island_local_warmup10_line6_1000x125_strict_20260528_line6_repeat02.payload,27,3,6,479,521,0.479000000,0.021000000,521,0.998727169,0.940644722
restart_reduced_xor_random1_sampler_island_local_warmup10_line6_1000x125_strict_20260528_line6_repeat02.payload,27,3,7,464,536,0.464000000,0.036000000,536,0.996257297,0.899695094
restart_reduced_xor_random1_sampler_island_local_warmup10_line6_1000x125_strict_20260528_line6_repeat02.payload,28,4,0,476,524,0.476000000,0.024000000,524,0.998337377,0.932361283
restart_reduced_xor_random1_sampler_island_local_warmup10_line6_1000x125_strict_20260528_line6_repeat02.payload,28,4,1,508,492,0.508000000,0.008000000,508,0.999815327,0.977099598
restart_reduced_xor_random1_sampler_island_local_warmup10_line6_1000x125_strict_20260528_line6_repeat02.payload,28,4,2,478,522,0.478000000,0.022000000,522,0.998603020,0.937878288
restart_reduced_xor_random1_sampler_island_local_warmup10_line6_1000x125_strict_20260528_line6_repeat02.payload,28,4,3,526,474,0.526000000,0.026000000,526,0.998048596,0.926865295
restart_reduced_xor_random1_sampler_island_local_warmup10_line6_1000x125_strict_20260528_line6_repeat02.payload,28,4,4,495,505,0.495000000,0.005000000,505,0.999927864,0.985644707
restart_reduced_xor_random1_sampler_island_local_warmup10_line6_1000x125_strict_20260528_line6_repeat02.payload,28,4,5,490,510,0.490000000,0.010000000,510,0.999711442,0.971430848
restart_reduced_xor_random1_sampler_island_local_warmup10_line6_1000x125_strict_20260528_line6_repeat02.payload,28,4,6,480,520,0.480000000,0.020000000,520,0.998845536,0.943416472
restart_reduced_xor_random1_sampler_island_local_warmup10_line6_1000x125_strict_20260528_line6_repeat02.payload,28,4,7,488,512,0.488000000,0.012000000,512,0.999584464,0.965784285
restart_reduced_xor_random1_sampler_island_local_warmup10_line6_1000x125_strict_20260528_line6_repeat02.payload,29,5,0,482,518,0.482000000,0.018000000,518,0.999064932,0.948975997
restart_reduced_xor_random1_sampler_island_local_warmup10_line6_1000x125_strict_20260528_line6_repeat02.payload,29,5,1,489,511,0.489000000,0.011000000,511,0.999650840,0.968604804
restart_reduced_xor_random1_sampler_island_local_warmup10_line6_1000x125_strict_20260528_line6_repeat02.payload,29,5,2,475,525,0.475000000,0.025000000,525,0.998195879,0.929610672
restart_reduced_xor_random1_sampler_island_local_warmup10_line6_1000x125_strict_20260528_line6_repeat02.payload,29,5,3,463,537,0.463000000,0.037000000,537,0.996046288,0.897006007
restart_reduced_xor_random1_sampler_island_local_warmup10_line6_1000x125_strict_20260528_line6_repeat02.payload,29,5,4,500,500,0.500000000,0.000000000,500,1.000000000,1.000000000
restart_reduced_xor_random1_sampler_island_local_warmup10_line6_1000x125_strict_20260528_line6_repeat02.payload,29,5,5,483,517,0.483000000,0.017000000,517,0.999165962,0.951763814
restart_reduced_xor_random1_sampler_island_local_warmup10_line6_1000x125_strict_20260528_line6_repeat02.payload,29,5,6,493,507,0.493000000,0.007000000,507,0.999858611,0.979942348
restart_reduced_xor_random1_sampler_island_local_warmup10_line6_1000x125_strict_20260528_line6_repeat02.payload,29,5,7,506,494,0.506000000,0.006000000,506,0.999896123,0.982790710
restart_reduced_xor_random1_sampler_island_local_warmup10_line6_1000x125_strict_20260528_line6_repeat02.payload,30,6,0,500,500,0.500000000,0.000000000,500,1.000000000,1.000000000
restart_reduced_xor_random1_sampler_island_local_warmup10_line6_1000x125_strict_20260528_line6_repeat02.payload,30,6,1,489,511,0.489000000,0.011000000,511,0.999650840,0.968604804
restart_reduced_xor_random1_sampler_island_local_warmup10_line6_1000x125_strict_20260528_line6_repeat02.payload,30,6,2,497,503,0.497000000,0.003000000,503,0.999974031,0.991369695
restart_reduced_xor_random1_sampler_island_local_warmup10_line6_1000x125_strict_20260528_line6_repeat02.payload,30,6,3,492,508,0.492000000,0.008000000,508,0.999815327,0.977099598
restart_reduced_xor_random1_sampler_island_local_warmup10_line6_1000x125_strict_20260528_line6_repeat02.payload,30,6,4,470,530,0.470000000,0.030000000,530,0.997401589,0.915935735
restart_reduced_xor_random1_sampler_island_local_warmup10_line6_1000x125_strict_20260528_line6_repeat02.payload,30,6,5,458,542,0.458000000,0.042000000,542,0.994904169,0.883635243
restart_reduced_xor_random1_sampler_island_local_warmup10_line6_1000x125_strict_20260528_line6_repeat02.payload,30,6,6,501,499,0.501000000,0.001000000,501,0.999997115,0.997117491
restart_reduced_xor_random1_sampler_island_local_warmup10_line6_1000x125_strict_20260528_line6_repeat02.payload,30,6,7,494,506,0.494000000,0.006000000,506,0.999896123,0.982790710
restart_reduced_xor_random1_sampler_island_local_warmup10_line6_1000x125_strict_20260528_line6_repeat02.payload,31,7,0,480,520,0.480000000,0.020000000,520,0.998845536,0.943416472
restart_reduced_xor_random1_sampler_island_local_warmup10_line6_1000x125_strict_20260528_line6_repeat02.payload,31,7,1,481,519,0.481000000,0.019000000,519,0.998958123,0.946193556
restart_reduced_xor_random1_sampler_island_local_warmup10_line6_1000x125_strict_20260528_line6_repeat02.payload,31,7,2,485,515,0.485000000,0.015000000,515,0.999350690,0.957355663
restart_reduced_xor_random1_sampler_island_local_warmup10_line6_1000x125_strict_20260528_line6_repeat02.payload,31,7,3,503,497,0.503000000,0.003000000,503,0.999974031,0.991369695
restart_reduced_xor_random1_sampler_island_local_warmup10_line6_1000x125_strict_20260528_line6_repeat02.payload,31,7,4,495,505,0.495000000,0.005000000,505,0.999927864,0.985644707
restart_reduced_xor_random1_sampler_island_local_warmup10_line6_1000x125_strict_20260528_line6_repeat02.payload,31,7,5,476,524,0.476000000,0.024000000,524,0.998337377,0.932361283
restart_reduced_xor_random1_sampler_island_local_warmup10_line6_1000x125_strict_20260528_line6_repeat02.payload,31,7,6,483,517,0.483000000,0.017000000,517,0.999165962,0.951763814
restart_reduced_xor_random1_sampler_island_local_warmup10_line6_1000x125_strict_20260528_line6_repeat02.payload,31,7,7,479,521,0.479000000,0.021000000,521,0.998727169,0.940644722
restart_reduced_xor_random1_sampler_island_local_warmup10_line6_1000x125_strict_20260528_line6_repeat02.payload,32,0,0,489,511,0.489000000,0.011000000,511,0.999650840,0.968604804
restart_reduced_xor_random1_sampler_island_local_warmup10_line6_1000x125_strict_20260528_line6_repeat02.payload,32,0,1,519,481,0.519000000,0.019000000,519,0.998958123,0.946193556
restart_reduced_xor_random1_sampler_island_local_warmup10_line6_1000x125_strict_20260528_line6_repeat02.payload,32,0,2,484,516,0.484000000,0.016000000,516,0.999261214,0.954557029
restart_reduced_xor_random1_sampler_island_local_warmup10_line6_1000x125_strict_20260528_line6_repeat02.payload,32,0,3,486,514,0.486000000,0.014000000,514,0.999434390,0.960159735
restart_reduced_xor_random1_sampler_island_local_warmup10_line6_1000x125_strict_20260528_line6_repeat02.payload,32,0,4,497,503,0.497000000,0.003000000,503,0.999974031,0.991369695
restart_reduced_xor_random1_sampler_island_local_warmup10_line6_1000x125_strict_20260528_line6_repeat02.payload,32,0,5,501,499,0.501000000,0.001000000,501,0.999997115,0.997117491
restart_reduced_xor_random1_sampler_island_local_warmup10_line6_1000x125_strict_20260528_line6_repeat02.payload,32,0,6,477,523,0.477000000,0.023000000,523,0.998473090,0.935117148
restart_reduced_xor_random1_sampler_island_local_warmup10_line6_1000x125_strict_20260528_line6_repeat02.payload,32,0,7,508,492,0.508000000,0.008000000,508,0.999815327,0.977099598
restart_reduced_xor_random1_sampler_island_local_warmup10_line6_1000x125_strict_20260528_line6_repeat02.payload,33,1,0,487,513,0.487000000,0.013000000,513,0.999512314,0.962969269
restart_reduced_xor_random1_sampler_island_local_warmup10_line6_1000x125_strict_20260528_line6_repeat02.payload,33,1,1,493,507,0.493000000,0.007000000,507,0.999858611,0.979942348
restart_reduced_xor_random1_sampler_island_local_warmup10_line6_1000x125_strict_20260528_line6_repeat02.payload,33,1,2,464,536,0.464000000,0.036000000,536,0.996257297,0.899695094
restart_reduced_xor_random1_sampler_island_local_warmup10_line6_1000x125_strict_20260528_line6_repeat02.payload,33,1,3,476,524,0.476000000,0.024000000,524,0.998337377,0.932361283
restart_reduced_xor_random1_sampler_island_local_warmup10_line6_1000x125_strict_20260528_line6_repeat02.payload,33,1,4,469,531,0.469000000,0.031000000,531,0.997225361,0.913216234
restart_reduced_xor_random1_sampler_island_local_warmup10_line6_1000x125_strict_20260528_line6_repeat02.payload,33,1,5,478,522,0.478000000,0.022000000,522,0.998603020,0.937878288
restart_reduced_xor_random1_sampler_island_local_warmup10_line6_1000x125_strict_20260528_line6_repeat02.payload,33,1,6,476,524,0.476000000,0.024000000,524,0.998337377,0.932361283
restart_reduced_xor_random1_sampler_island_local_warmup10_line6_1000x125_strict_20260528_line6_repeat02.payload,33,1,7,504,496,0.504000000,0.004000000,504,0.999953833,0.988504361
restart_reduced_xor_random1_sampler_island_local_warmup10_line6_1000x125_strict_20260528_line6_repeat02.payload,34,2,0,486,514,0.486000000,0.014000000,514,0.999434390,0.960159735
restart_reduced_xor_random1_sampler_island_local_warmup10_line6_1000x125_strict_20260528_line6_repeat02.payload,34,2,1,479,521,0.479000000,0.021000000,521,0.998727169,0.940644722
restart_reduced_xor_random1_sampler_island_local_warmup10_line6_1000x125_strict_20260528_line6_repeat02.payload,34,2,2,465,535,0.465000000,0.035000000,535,0.996462505,0.902389203
restart_reduced_xor_random1_sampler_island_local_warmup10_line6_1000x125_strict_20260528_line6_repeat02.payload,34,2,3,491,509,0.491000000,0.009000000,509,0.999766271,0.974262439
restart_reduced_xor_random1_sampler_island_local_warmup10_line6_1000x125_strict_20260528_line6_repeat02.payload,34,2,4,480,520,0.480000000,0.020000000,520,0.998845536,0.943416472
restart_reduced_xor_random1_sampler_island_local_warmup10_line6_1000x125_strict_20260528_line6_repeat02.payload,34,2,5,495,505,0.495000000,0.005000000,505,0.999927864,0.985644707
restart_reduced_xor_random1_sampler_island_local_warmup10_line6_1000x125_strict_20260528_line6_repeat02.payload,34,2,6,491,509,0.491000000,0.009000000,509,0.999766271,0.974262439
restart_reduced_xor_random1_sampler_island_local_warmup10_line6_1000x125_strict_20260528_line6_repeat02.payload,34,2,7,521,479,0.521000000,0.021000000,521,0.998727169,0.940644722
restart_reduced_xor_random1_sampler_island_local_warmup10_line6_1000x125_strict_20260528_line6_repeat02.payload,35,3,0,499,501,0.499000000,0.001000000,501,0.999997115,0.997117491
restart_reduced_xor_random1_sampler_island_local_warmup10_line6_1000x125_strict_20260528_line6_repeat02.payload,35,3,1,503,497,0.503000000,0.003000000,503,0.999974031,0.991369695
restart_reduced_xor_random1_sampler_island_local_warmup10_line6_1000x125_strict_20260528_line6_repeat02.payload,35,3,2,498,502,0.498000000,0.002000000,502,0.999988458,0.994240731
restart_reduced_xor_random1_sampler_island_local_warmup10_line6_1000x125_strict_20260528_line6_repeat02.payload,35,3,3,472,528,0.472000000,0.028000000,528,0.997736670,0.921390165
restart_reduced_xor_random1_sampler_island_local_warmup10_line6_1000x125_strict_20260528_line6_repeat02.payload,35,3,4,471,529,0.471000000,0.029000000,529,0.997572025,0.918660373
restart_reduced_xor_random1_sampler_island_local_warmup10_line6_1000x125_strict_20260528_line6_repeat02.payload,35,3,5,493,507,0.493000000,0.007000000,507,0.999858611,0.979942348
restart_reduced_xor_random1_sampler_island_local_warmup10_line6_1000x125_strict_20260528_line6_repeat02.payload,35,3,6,510,490,0.510000000,0.010000000,510,0.999711442,0.971430848
restart_reduced_xor_random1_sampler_island_local_warmup10_line6_1000x125_strict_20260528_line6_repeat02.payload,35,3,7,500,500,0.500000000,0.000000000,500,1.000000000,1.000000000
restart_reduced_xor_random1_sampler_island_local_warmup10_line6_1000x125_strict_20260528_line6_repeat02.payload,36,4,0,501,499,0.501000000,0.001000000,501,0.999997115,0.997117491
restart_reduced_xor_random1_sampler_island_local_warmup10_line6_1000x125_strict_20260528_line6_repeat02.payload,36,4,1,490,510,0.490000000,0.010000000,510,0.999711442,0.971430848
restart_reduced_xor_random1_sampler_island_local_warmup10_line6_1000x125_strict_20260528_line6_repeat02.payload,36,4,2,515,485,0.515000000,0.015000000,515,0.999350690,0.957355663
restart_reduced_xor_random1_sampler_island_local_warmup10_line6_1000x125_strict_20260528_line6_repeat02.payload,36,4,3,489,511,0.489000000,0.011000000,511,0.999650840,0.968604804
restart_reduced_xor_random1_sampler_island_local_warmup10_line6_1000x125_strict_20260528_line6_repeat02.payload,36,4,4,488,512,0.488000000,0.012000000,512,0.999584464,0.965784285
restart_reduced_xor_random1_sampler_island_local_warmup10_line6_1000x125_strict_20260528_line6_repeat02.payload,36,4,5,506,494,0.506000000,0.006000000,506,0.999896123,0.982790710
restart_reduced_xor_random1_sampler_island_local_warmup10_line6_1000x125_strict_20260528_line6_repeat02.payload,36,4,6,517,483,0.517000000,0.017000000,517,0.999165962,0.951763814
restart_reduced_xor_random1_sampler_island_local_warmup10_line6_1000x125_strict_20260528_line6_repeat02.payload,36,4,7,483,517,0.483000000,0.017000000,517,0.999165962,0.951763814
restart_reduced_xor_random1_sampler_island_local_warmup10_line6_1000x125_strict_20260528_line6_repeat02.payload,37,5,0,498,502,0.498000000,0.002000000,502,0.999988458,0.994240731
restart_reduced_xor_random1_sampler_island_local_warmup10_line6_1000x125_strict_20260528_line6_repeat02.payload,37,5,1,485,515,0.485000000,0.015000000,515,0.999350690,0.957355663
restart_reduced_xor_random1_sampler_island_local_warmup10_line6_1000x125_strict_20260528_line6_repeat02.payload,37,5,2,503,497,0.503000000,0.003000000,503,0.999974031,0.991369695
restart_reduced_xor_random1_sampler_island_local_warmup10_line6_1000x125_strict_20260528_line6_repeat02.payload,37,5,3,500,500,0.500000000,0.000000000,500,1.000000000,1.000000000
restart_reduced_xor_random1_sampler_island_local_warmup10_line6_1000x125_strict_20260528_line6_repeat02.payload,37,5,4,479,521,0.479000000,0.021000000,521,0.998727169,0.940644722
restart_reduced_xor_random1_sampler_island_local_warmup10_line6_1000x125_strict_20260528_line6_repeat02.payload,37,5,5,496,504,0.496000000,0.004000000,504,0.999953833,0.988504361
restart_reduced_xor_random1_sampler_island_local_warmup10_line6_1000x125_strict_20260528_line6_repeat02.payload,37,5,6,480,520,0.480000000,0.020000000,520,0.998845536,0.943416472
restart_reduced_xor_random1_sampler_island_local_warmup10_line6_1000x125_strict_20260528_line6_repeat02.payload,37,5,7,494,506,0.494000000,0.006000000,506,0.999896123,0.982790710
restart_reduced_xor_random1_sampler_island_local_warmup10_line6_1000x125_strict_20260528_line6_repeat02.payload,38,6,0,513,487,0.513000000,0.013000000,513,0.999512314,0.962969269
restart_reduced_xor_random1_sampler_island_local_warmup10_line6_1000x125_strict_20260528_line6_repeat02.payload,38,6,1,479,521,0.479000000,0.021000000,521,0.998727169,0.940644722
restart_reduced_xor_random1_sampler_island_local_warmup10_line6_1000x125_strict_20260528_line6_repeat02.payload,38,6,2,483,517,0.483000000,0.017000000,517,0.999165962,0.951763814
restart_reduced_xor_random1_sampler_island_local_warmup10_line6_1000x125_strict_20260528_line6_repeat02.payload,38,6,3,487,513,0.487000000,0.013000000,513,0.999512314,0.962969269
restart_reduced_xor_random1_sampler_island_local_warmup10_line6_1000x125_strict_20260528_line6_repeat02.payload,38,6,4,453,547,0.453000000,0.047000000,547,0.993616753,0.870387262
restart_reduced_xor_random1_sampler_island_local_warmup10_line6_1000x125_strict_20260528_line6_repeat02.payload,38,6,5,472,528,0.472000000,0.028000000,528,0.997736670,0.921390165
restart_reduced_xor_random1_sampler_island_local_warmup10_line6_1000x125_strict_20260528_line6_repeat02.payload,38,6,6,489,511,0.489000000,0.011000000,511,0.999650840,0.968604804
restart_reduced_xor_random1_sampler_island_local_warmup10_line6_1000x125_strict_20260528_line6_repeat02.payload,38,6,7,480,520,0.480000000,0.020000000,520,0.998845536,0.943416472
restart_reduced_xor_random1_sampler_island_local_warmup10_line6_1000x125_strict_20260528_line6_repeat02.payload,39,7,0,504,496,0.504000000,0.004000000,504,0.999953833,0.988504361
restart_reduced_xor_random1_sampler_island_local_warmup10_line6_1000x125_strict_20260528_line6_repeat02.payload,39,7,1,491,509,0.491000000,0.009000000,509,0.999766271,0.974262439
restart_reduced_xor_random1_sampler_island_local_warmup10_line6_1000x125_strict_20260528_line6_repeat02.payload,39,7,2,483,517,0.483000000,0.017000000,517,0.999165962,0.951763814
restart_reduced_xor_random1_sampler_island_local_warmup10_line6_1000x125_strict_20260528_line6_repeat02.payload,39,7,3,491,509,0.491000000,0.009000000,509,0.999766271,0.974262439
restart_reduced_xor_random1_sampler_island_local_warmup10_line6_1000x125_strict_20260528_line6_repeat02.payload,39,7,4,453,547,0.453000000,0.047000000,547,0.993616753,0.870387262
restart_reduced_xor_random1_sampler_island_local_warmup10_line6_1000x125_strict_20260528_line6_repeat02.payload,39,7,5,494,506,0.494000000,0.006000000,506,0.999896123,0.982790710
restart_reduced_xor_random1_sampler_island_local_warmup10_line6_1000x125_strict_20260528_line6_repeat02.payload,39,7,6,513,487,0.513000000,0.013000000,513,0.999512314,0.962969269
restart_reduced_xor_random1_sampler_island_local_warmup10_line6_1000x125_strict_20260528_line6_repeat02.payload,39,7,7,483,517,0.483000000,0.017000000,517,0.999165962,0.951763814
restart_reduced_xor_random1_sampler_island_local_warmup10_line6_1000x125_strict_20260528_line6_repeat02.payload,40,0,0,491,509,0.491000000,0.009000000,509,0.999766271,0.974262439
restart_reduced_xor_random1_sampler_island_local_warmup10_line6_1000x125_strict_20260528_line6_repeat02.payload,40,0,1,516,484,0.516000000,0.016000000,516,0.999261214,0.954557029
restart_reduced_xor_random1_sampler_island_local_warmup10_line6_1000x125_strict_20260528_line6_repeat02.payload,40,0,2,474,526,0.474000000,0.026000000,526,0.998048596,0.926865295
restart_reduced_xor_random1_sampler_island_local_warmup10_line6_1000x125_strict_20260528_line6_repeat02.payload,40,0,3,463,537,0.463000000,0.037000000,537,0.996046288,0.897006007
restart_reduced_xor_random1_sampler_island_local_warmup10_line6_1000x125_strict_20260528_line6_repeat02.payload,40,0,4,468,532,0.468000000,0.032000000,532,0.997043340,0.910501849
restart_reduced_xor_random1_sampler_island_local_warmup10_line6_1000x125_strict_20260528_line6_repeat02.payload,40,0,5,488,512,0.488000000,0.012000000,512,0.999584464,0.965784285
restart_reduced_xor_random1_sampler_island_local_warmup10_line6_1000x125_strict_20260528_line6_repeat02.payload,40,0,6,477,523,0.477000000,0.023000000,523,0.998473090,0.935117148
restart_reduced_xor_random1_sampler_island_local_warmup10_line6_1000x125_strict_20260528_line6_repeat02.payload,40,0,7,500,500,0.500000000,0.000000000,500,1.000000000,1.000000000
restart_reduced_xor_random1_sampler_island_local_warmup10_line6_1000x125_strict_20260528_line6_repeat02.payload,41,1,0,470,530,0.470000000,0.030000000,530,0.997401589,0.915935735
restart_reduced_xor_random1_sampler_island_local_warmup10_line6_1000x125_strict_20260528_line6_repeat02.payload,41,1,1,486,514,0.486000000,0.014000000,514,0.999434390,0.960159735
restart_reduced_xor_random1_sampler_island_local_warmup10_line6_1000x125_strict_20260528_line6_repeat02.payload,41,1,2,492,508,0.492000000,0.008000000,508,0.999815327,0.977099598
restart_reduced_xor_random1_sampler_island_local_warmup10_line6_1000x125_strict_20260528_line6_repeat02.payload,41,1,3,477,523,0.477000000,0.023000000,523,0.998473090,0.935117148
restart_reduced_xor_random1_sampler_island_local_warmup10_line6_1000x125_strict_20260528_line6_repeat02.payload,41,1,4,518,482,0.518000000,0.018000000,518,0.999064932,0.948975997
restart_reduced_xor_random1_sampler_island_local_warmup10_line6_1000x125_strict_20260528_line6_repeat02.payload,41,1,5,452,548,0.452000000,0.048000000,548,0.993341812,0.867752202
restart_reduced_xor_random1_sampler_island_local_warmup10_line6_1000x125_strict_20260528_line6_repeat02.payload,41,1,6,471,529,0.471000000,0.029000000,529,0.997572025,0.918660373
restart_reduced_xor_random1_sampler_island_local_warmup10_line6_1000x125_strict_20260528_line6_repeat02.payload,41,1,7,501,499,0.501000000,0.001000000,501,0.999997115,0.997117491
restart_reduced_xor_random1_sampler_island_local_warmup10_line6_1000x125_strict_20260528_line6_repeat02.payload,42,2,0,508,492,0.508000000,0.008000000,508,0.999815327,0.977099598
restart_reduced_xor_random1_sampler_island_local_warmup10_line6_1000x125_strict_20260528_line6_repeat02.payload,42,2,1,497,503,0.497000000,0.003000000,503,0.999974031,0.991369695
restart_reduced_xor_random1_sampler_island_local_warmup10_line6_1000x125_strict_20260528_line6_repeat02.payload,42,2,2,461,539,0.461000000,0.039000000,539,0.995606861,0.891642822
restart_reduced_xor_random1_sampler_island_local_warmup10_line6_1000x125_strict_20260528_line6_repeat02.payload,42,2,3,464,536,0.464000000,0.036000000,536,0.996257297,0.899695094
restart_reduced_xor_random1_sampler_island_local_warmup10_line6_1000x125_strict_20260528_line6_repeat02.payload,42,2,4,486,514,0.486000000,0.014000000,514,0.999434390,0.960159735
restart_reduced_xor_random1_sampler_island_local_warmup10_line6_1000x125_strict_20260528_line6_repeat02.payload,42,2,5,465,535,0.465000000,0.035000000,535,0.996462505,0.902389203
restart_reduced_xor_random1_sampler_island_local_warmup10_line6_1000x125_strict_20260528_line6_repeat02.payload,42,2,6,479,521,0.479000000,0.021000000,521,0.998727169,0.940644722
restart_reduced_xor_random1_sampler_island_local_warmup10_line6_1000x125_strict_20260528_line6_repeat02.payload,42,2,7,461,539,0.461000000,0.039000000,539,0.995606861,0.891642822
restart_reduced_xor_random1_sampler_island_local_warmup10_line6_1000x125_strict_20260528_line6_repeat02.payload,43,3,0,504,496,0.504000000,0.004000000,504,0.999953833,0.988504361
restart_reduced_xor_random1_sampler_island_local_warmup10_line6_1000x125_strict_20260528_line6_repeat02.payload,43,3,1,477,523,0.477000000,0.023000000,523,0.998473090,0.935117148
restart_reduced_xor_random1_sampler_island_local_warmup10_line6_1000x125_strict_20260528_line6_repeat02.payload,43,3,2,482,518,0.482000000,0.018000000,518,0.999064932,0.948975997
restart_reduced_xor_random1_sampler_island_local_warmup10_line6_1000x125_strict_20260528_line6_repeat02.payload,43,3,3,479,521,0.479000000,0.021000000,521,0.998727169,0.940644722
restart_reduced_xor_random1_sampler_island_local_warmup10_line6_1000x125_strict_20260528_line6_repeat02.payload,43,3,4,485,515,0.485000000,0.015000000,515,0.999350690,0.957355663
restart_reduced_xor_random1_sampler_island_local_warmup10_line6_1000x125_strict_20260528_line6_repeat02.payload,43,3,5,503,497,0.503000000,0.003000000,503,0.999974031,0.991369695
restart_reduced_xor_random1_sampler_island_local_warmup10_line6_1000x125_strict_20260528_line6_repeat02.payload,43,3,6,495,505,0.495000000,0.005000000,505,0.999927864,0.985644707
restart_reduced_xor_random1_sampler_island_local_warmup10_line6_1000x125_strict_20260528_line6_repeat02.payload,43,3,7,488,512,0.488000000,0.012000000,512,0.999584464,0.965784285
restart_reduced_xor_random1_sampler_island_local_warmup10_line6_1000x125_strict_20260528_line6_repeat02.payload,44,4,0,470,530,0.470000000,0.030000000,530,0.997401589,0.915935735
restart_reduced_xor_random1_sampler_island_local_warmup10_line6_1000x125_strict_20260528_line6_repeat02.payload,44,4,1,471,529,0.471000000,0.029000000,529,0.997572025,0.918660373
restart_reduced_xor_random1_sampler_island_local_warmup10_line6_1000x125_strict_20260528_line6_repeat02.payload,44,4,2,506,494,0.506000000,0.006000000,506,0.999896123,0.982790710
restart_reduced_xor_random1_sampler_island_local_warmup10_line6_1000x125_strict_20260528_line6_repeat02.payload,44,4,3,501,499,0.501000000,0.001000000,501,0.999997115,0.997117491
restart_reduced_xor_random1_sampler_island_local_warmup10_line6_1000x125_strict_20260528_line6_repeat02.payload,44,4,4,475,525,0.475000000,0.025000000,525,0.998195879,0.929610672
restart_reduced_xor_random1_sampler_island_local_warmup10_line6_1000x125_strict_20260528_line6_repeat02.payload,44,4,5,511,489,0.511000000,0.011000000,511,0.999650840,0.968604804
restart_reduced_xor_random1_sampler_island_local_warmup10_line6_1000x125_strict_20260528_line6_repeat02.payload,44,4,6,506,494,0.506000000,0.006000000,506,0.999896123,0.982790710
restart_reduced_xor_random1_sampler_island_local_warmup10_line6_1000x125_strict_20260528_line6_repeat02.payload,44,4,7,470,530,0.470000000,0.030000000,530,0.997401589,0.915935735
restart_reduced_xor_random1_sampler_island_local_warmup10_line6_1000x125_strict_20260528_line6_repeat02.payload,45,5,0,509,491,0.509000000,0.009000000,509,0.999766271,0.974262439
restart_reduced_xor_random1_sampler_island_local_warmup10_line6_1000x125_strict_20260528_line6_repeat02.payload,45,5,1,491,509,0.491000000,0.009000000,509,0.999766271,0.974262439
restart_reduced_xor_random1_sampler_island_local_warmup10_line6_1000x125_strict_20260528_line6_repeat02.payload,45,5,2,493,507,0.493000000,0.007000000,507,0.999858611,0.979942348
restart_reduced_xor_random1_sampler_island_local_warmup10_line6_1000x125_strict_20260528_line6_repeat02.payload,45,5,3,493,507,0.493000000,0.007000000,507,0.999858611,0.979942348
restart_reduced_xor_random1_sampler_island_local_warmup10_line6_1000x125_strict_20260528_line6_repeat02.payload,45,5,4,479,521,0.479000000,0.021000000,521,0.998727169,0.940644722
restart_reduced_xor_random1_sampler_island_local_warmup10_line6_1000x125_strict_20260528_line6_repeat02.payload,45,5,5,477,523,0.477000000,0.023000000,523,0.998473090,0.935117148
restart_reduced_xor_random1_sampler_island_local_warmup10_line6_1000x125_strict_20260528_line6_repeat02.payload,45,5,6,474,526,0.474000000,0.026000000,526,0.998048596,0.926865295
restart_reduced_xor_random1_sampler_island_local_warmup10_line6_1000x125_strict_20260528_line6_repeat02.payload,45,5,7,493,507,0.493000000,0.007000000,507,0.999858611,0.979942348
restart_reduced_xor_random1_sampler_island_local_warmup10_line6_1000x125_strict_20260528_line6_repeat02.payload,46,6,0,460,540,0.460000000,0.040000000,540,0.995378439,0.888968688
restart_reduced_xor_random1_sampler_island_local_warmup10_line6_1000x125_strict_20260528_line6_repeat02.payload,46,6,1,476,524,0.476000000,0.024000000,524,0.998337377,0.932361283
restart_reduced_xor_random1_sampler_island_local_warmup10_line6_1000x125_strict_20260528_line6_repeat02.payload,46,6,2,505,495,0.505000000,0.005000000,505,0.999927864,0.985644707
restart_reduced_xor_random1_sampler_island_local_warmup10_line6_1000x125_strict_20260528_line6_repeat02.payload,46,6,3,488,512,0.488000000,0.012000000,512,0.999584464,0.965784285
restart_reduced_xor_random1_sampler_island_local_warmup10_line6_1000x125_strict_20260528_line6_repeat02.payload,46,6,4,462,538,0.462000000,0.038000000,538,0.995829476,0.894321922
restart_reduced_xor_random1_sampler_island_local_warmup10_line6_1000x125_strict_20260528_line6_repeat02.payload,46,6,5,487,513,0.487000000,0.013000000,513,0.999512314,0.962969269
restart_reduced_xor_random1_sampler_island_local_warmup10_line6_1000x125_strict_20260528_line6_repeat02.payload,46,6,6,506,494,0.506000000,0.006000000,506,0.999896123,0.982790710
restart_reduced_xor_random1_sampler_island_local_warmup10_line6_1000x125_strict_20260528_line6_repeat02.payload,46,6,7,461,539,0.461000000,0.039000000,539,0.995606861,0.891642822
restart_reduced_xor_random1_sampler_island_local_warmup10_line6_1000x125_strict_20260528_line6_repeat02.payload,47,7,0,469,531,0.469000000,0.031000000,531,0.997225361,0.913216234
restart_reduced_xor_random1_sampler_island_local_warmup10_line6_1000x125_strict_20260528_line6_repeat02.payload,47,7,1,483,517,0.483000000,0.017000000,517,0.999165962,0.951763814
restart_reduced_xor_random1_sampler_island_local_warmup10_line6_1000x125_strict_20260528_line6_repeat02.payload,47,7,2,468,532,0.468000000,0.032000000,532,0.997043340,0.910501849
restart_reduced_xor_random1_sampler_island_local_warmup10_line6_1000x125_strict_20260528_line6_repeat02.payload,47,7,3,500,500,0.500000000,0.000000000,500,1.000000000,1.000000000
restart_reduced_xor_random1_sampler_island_local_warmup10_line6_1000x125_strict_20260528_line6_repeat02.payload,47,7,4,502,498,0.502000000,0.002000000,502,0.999988458,0.994240731
restart_reduced_xor_random1_sampler_island_local_warmup10_line6_1000x125_strict_20260528_line6_repeat02.payload,47,7,5,488,512,0.488000000,0.012000000,512,0.999584464,0.965784285
restart_reduced_xor_random1_sampler_island_local_warmup10_line6_1000x125_strict_20260528_line6_repeat02.payload,47,7,6,467,533,0.467000000,0.033000000,533,0.996855525,0.907792562
restart_reduced_xor_random1_sampler_island_local_warmup10_line6_1000x125_strict_20260528_line6_repeat02.payload,47,7,7,486,514,0.486000000,0.014000000,514,0.999434390,0.960159735
restart_reduced_xor_random1_sampler_island_local_warmup10_line6_1000x125_strict_20260528_line6_repeat02.payload,48,0,0,475,525,0.475000000,0.025000000,525,0.998195879,0.929610672
restart_reduced_xor_random1_sampler_island_local_warmup10_line6_1000x125_strict_20260528_line6_repeat02.payload,48,0,1,470,530,0.470000000,0.030000000,530,0.997401589,0.915935735
restart_reduced_xor_random1_sampler_island_local_warmup10_line6_1000x125_strict_20260528_line6_repeat02.payload,48,0,2,480,520,0.480000000,0.020000000,520,0.998845536,0.943416472
restart_reduced_xor_random1_sampler_island_local_warmup10_line6_1000x125_strict_20260528_line6_repeat02.payload,48,0,3,509,491,0.509000000,0.009000000,509,0.999766271,0.974262439
restart_reduced_xor_random1_sampler_island_local_warmup10_line6_1000x125_strict_20260528_line6_repeat02.payload,48,0,4,486,514,0.486000000,0.014000000,514,0.999434390,0.960159735
restart_reduced_xor_random1_sampler_island_local_warmup10_line6_1000x125_strict_20260528_line6_repeat02.payload,48,0,5,485,515,0.485000000,0.015000000,515,0.999350690,0.957355663
restart_reduced_xor_random1_sampler_island_local_warmup10_line6_1000x125_strict_20260528_line6_repeat02.payload,48,0,6,486,514,0.486000000,0.014000000,514,0.999434390,0.960159735
restart_reduced_xor_random1_sampler_island_local_warmup10_line6_1000x125_strict_20260528_line6_repeat02.payload,48,0,7,521,479,0.521000000,0.021000000,521,0.998727169,0.940644722
restart_reduced_xor_random1_sampler_island_local_warmup10_line6_1000x125_strict_20260528_line6_repeat02.payload,49,1,0,497,503,0.497000000,0.003000000,503,0.999974031,0.991369695
restart_reduced_xor_random1_sampler_island_local_warmup10_line6_1000x125_strict_20260528_line6_repeat02.payload,49,1,1,498,502,0.498000000,0.002000000,502,0.999988458,0.994240731
restart_reduced_xor_random1_sampler_island_local_warmup10_line6_1000x125_strict_20260528_line6_repeat02.payload,49,1,2,494,506,0.494000000,0.006000000,506,0.999896123,0.982790710
restart_reduced_xor_random1_sampler_island_local_warmup10_line6_1000x125_strict_20260528_line6_repeat02.payload,49,1,3,499,501,0.499000000,0.001000000,501,0.999997115,0.997117491
restart_reduced_xor_random1_sampler_island_local_warmup10_line6_1000x125_strict_20260528_line6_repeat02.payload,49,1,4,475,525,0.475000000,0.025000000,525,0.998195879,0.929610672
restart_reduced_xor_random1_sampler_island_local_warmup10_line6_1000x125_strict_20260528_line6_repeat02.payload,49,1,5,524,476,0.524000000,0.024000000,524,0.998337377,0.932361283
restart_reduced_xor_random1_sampler_island_local_warmup10_line6_1000x125_strict_20260528_line6_repeat02.payload,49,1,6,479,521,0.479000000,0.021000000,521,0.998727169,0.940644722
restart_reduced_xor_random1_sampler_island_local_warmup10_line6_1000x125_strict_20260528_line6_repeat02.payload,49,1,7,502,498,0.502000000,0.002000000,502,0.999988458,0.994240731
restart_reduced_xor_random1_sampler_island_local_warmup10_line6_1000x125_strict_20260528_line6_repeat02.payload,50,2,0,500,500,0.500000000,0.000000000,500,1.000000000,1.000000000
restart_reduced_xor_random1_sampler_island_local_warmup10_line6_1000x125_strict_20260528_line6_repeat02.payload,50,2,1,470,530,0.470000000,0.030000000,530,0.997401589,0.915935735
restart_reduced_xor_random1_sampler_island_local_warmup10_line6_1000x125_strict_20260528_line6_repeat02.payload,50,2,2,480,520,0.480000000,0.020000000,520,0.998845536,0.943416472
restart_reduced_xor_random1_sampler_island_local_warmup10_line6_1000x125_strict_20260528_line6_repeat02.payload,50,2,3,470,530,0.470000000,0.030000000,530,0.997401589,0.915935735
restart_reduced_xor_random1_sampler_island_local_warmup10_line6_1000x125_strict_20260528_line6_repeat02.payload,50,2,4,466,534,0.466000000,0.034000000,534,0.996661914,0.905088353
restart_reduced_xor_random1_sampler_island_local_warmup10_line6_1000x125_strict_20260528_line6_repeat02.payload,50,2,5,476,524,0.476000000,0.024000000,524,0.998337377,0.932361283
restart_reduced_xor_random1_sampler_island_local_warmup10_line6_1000x125_strict_20260528_line6_repeat02.payload,50,2,6,501,499,0.501000000,0.001000000,501,0.999997115,0.997117491
restart_reduced_xor_random1_sampler_island_local_warmup10_line6_1000x125_strict_20260528_line6_repeat02.payload,50,2,7,501,499,0.501000000,0.001000000,501,0.999997115,0.997117491
restart_reduced_xor_random1_sampler_island_local_warmup10_line6_1000x125_strict_20260528_line6_repeat02.payload,51,3,0,476,524,0.476000000,0.024000000,524,0.998337377,0.932361283
restart_reduced_xor_random1_sampler_island_local_warmup10_line6_1000x125_strict_20260528_line6_repeat02.payload,51,3,1,500,500,0.500000000,0.000000000,500,1.000000000,1.000000000
restart_reduced_xor_random1_sampler_island_local_warmup10_line6_1000x125_strict_20260528_line6_repeat02.payload,51,3,2,512,488,0.512000000,0.012000000,512,0.999584464,0.965784285
restart_reduced_xor_random1_sampler_island_local_warmup10_line6_1000x125_strict_20260528_line6_repeat02.payload,51,3,3,494,506,0.494000000,0.006000000,506,0.999896123,0.982790710
restart_reduced_xor_random1_sampler_island_local_warmup10_line6_1000x125_strict_20260528_line6_repeat02.payload,51,3,4,478,522,0.478000000,0.022000000,522,0.998603020,0.937878288
restart_reduced_xor_random1_sampler_island_local_warmup10_line6_1000x125_strict_20260528_line6_repeat02.payload,51,3,5,455,545,0.455000000,0.045000000,545,0.994149171,0.875671865
restart_reduced_xor_random1_sampler_island_local_warmup10_line6_1000x125_strict_20260528_line6_repeat02.payload,51,3,6,476,524,0.476000000,0.024000000,524,0.998337377,0.932361283
restart_reduced_xor_random1_sampler_island_local_warmup10_line6_1000x125_strict_20260528_line6_repeat02.payload,51,3,7,519,481,0.519000000,0.019000000,519,0.998958123,0.946193556
restart_reduced_xor_random1_sampler_island_local_warmup10_line6_1000x125_strict_20260528_line6_repeat02.payload,52,4,0,478,522,0.478000000,0.022000000,522,0.998603020,0.937878288
restart_reduced_xor_random1_sampler_island_local_warmup10_line6_1000x125_strict_20260528_line6_repeat02.payload,52,4,1,495,505,0.495000000,0.005000000,505,0.999927864,0.985644707
restart_reduced_xor_random1_sampler_island_local_warmup10_line6_1000x125_strict_20260528_line6_repeat02.payload,52,4,2,487,513,0.487000000,0.013000000,513,0.999512314,0.962969269
restart_reduced_xor_random1_sampler_island_local_warmup10_line6_1000x125_strict_20260528_line6_repeat02.payload,52,4,3,501,499,0.501000000,0.001000000,501,0.999997115,0.997117491
restart_reduced_xor_random1_sampler_island_local_warmup10_line6_1000x125_strict_20260528_line6_repeat02.payload,52,4,4,480,520,0.480000000,0.020000000,520,0.998845536,0.943416472
restart_reduced_xor_random1_sampler_island_local_warmup10_line6_1000x125_strict_20260528_line6_repeat02.payload,52,4,5,512,488,0.512000000,0.012000000,512,0.999584464,0.965784285
restart_reduced_xor_random1_sampler_island_local_warmup10_line6_1000x125_strict_20260528_line6_repeat02.payload,52,4,6,493,507,0.493000000,0.007000000,507,0.999858611,0.979942348
restart_reduced_xor_random1_sampler_island_local_warmup10_line6_1000x125_strict_20260528_line6_repeat02.payload,52,4,7,481,519,0.481000000,0.019000000,519,0.998958123,0.946193556
restart_reduced_xor_random1_sampler_island_local_warmup10_line6_1000x125_strict_20260528_line6_repeat02.payload,53,5,0,489,511,0.489000000,0.011000000,511,0.999650840,0.968604804
restart_reduced_xor_random1_sampler_island_local_warmup10_line6_1000x125_strict_20260528_line6_repeat02.payload,53,5,1,469,531,0.469000000,0.031000000,531,0.997225361,0.913216234
restart_reduced_xor_random1_sampler_island_local_warmup10_line6_1000x125_strict_20260528_line6_repeat02.payload,53,5,2,483,517,0.483000000,0.017000000,517,0.999165962,0.951763814
restart_reduced_xor_random1_sampler_island_local_warmup10_line6_1000x125_strict_20260528_line6_repeat02.payload,53,5,3,506,494,0.506000000,0.006000000,506,0.999896123,0.982790710
restart_reduced_xor_random1_sampler_island_local_warmup10_line6_1000x125_strict_20260528_line6_repeat02.payload,53,5,4,451,549,0.451000000,0.049000000,549,0.993061046,0.865121946
restart_reduced_xor_random1_sampler_island_local_warmup10_line6_1000x125_strict_20260528_line6_repeat02.payload,53,5,5,496,504,0.496000000,0.004000000,504,0.999953833,0.988504361
restart_reduced_xor_random1_sampler_island_local_warmup10_line6_1000x125_strict_20260528_line6_repeat02.payload,53,5,6,511,489,0.511000000,0.011000000,511,0.999650840,0.968604804
restart_reduced_xor_random1_sampler_island_local_warmup10_line6_1000x125_strict_20260528_line6_repeat02.payload,53,5,7,492,508,0.492000000,0.008000000,508,0.999815327,0.977099598
restart_reduced_xor_random1_sampler_island_local_warmup10_line6_1000x125_strict_20260528_line6_repeat02.payload,54,6,0,504,496,0.504000000,0.004000000,504,0.999953833,0.988504361
restart_reduced_xor_random1_sampler_island_local_warmup10_line6_1000x125_strict_20260528_line6_repeat02.payload,54,6,1,509,491,0.509000000,0.009000000,509,0.999766271,0.974262439
restart_reduced_xor_random1_sampler_island_local_warmup10_line6_1000x125_strict_20260528_line6_repeat02.payload,54,6,2,467,533,0.467000000,0.033000000,533,0.996855525,0.907792562
restart_reduced_xor_random1_sampler_island_local_warmup10_line6_1000x125_strict_20260528_line6_repeat02.payload,54,6,3,473,527,0.473000000,0.027000000,527,0.997895527,0.924125133
restart_reduced_xor_random1_sampler_island_local_warmup10_line6_1000x125_strict_20260528_line6_repeat02.payload,54,6,4,502,498,0.502000000,0.002000000,502,0.999988458,0.994240731
restart_reduced_xor_random1_sampler_island_local_warmup10_line6_1000x125_strict_20260528_line6_repeat02.payload,54,6,5,474,526,0.474000000,0.026000000,526,0.998048596,0.926865295
restart_reduced_xor_random1_sampler_island_local_warmup10_line6_1000x125_strict_20260528_line6_repeat02.payload,54,6,6,474,526,0.474000000,0.026000000,526,0.998048596,0.926865295
restart_reduced_xor_random1_sampler_island_local_warmup10_line6_1000x125_strict_20260528_line6_repeat02.payload,54,6,7,480,520,0.480000000,0.020000000,520,0.998845536,0.943416472
restart_reduced_xor_random1_sampler_island_local_warmup10_line6_1000x125_strict_20260528_line6_repeat02.payload,55,7,0,469,531,0.469000000,0.031000000,531,0.997225361,0.913216234
restart_reduced_xor_random1_sampler_island_local_warmup10_line6_1000x125_strict_20260528_line6_repeat02.payload,55,7,1,475,525,0.475000000,0.025000000,525,0.998195879,0.929610672
restart_reduced_xor_random1_sampler_island_local_warmup10_line6_1000x125_strict_20260528_line6_repeat02.payload,55,7,2,468,532,0.468000000,0.032000000,532,0.997043340,0.910501849
restart_reduced_xor_random1_sampler_island_local_warmup10_line6_1000x125_strict_20260528_line6_repeat02.payload,55,7,3,483,517,0.483000000,0.017000000,517,0.999165962,0.951763814
restart_reduced_xor_random1_sampler_island_local_warmup10_line6_1000x125_strict_20260528_line6_repeat02.payload,55,7,4,481,519,0.481000000,0.019000000,519,0.998958123,0.946193556
restart_reduced_xor_random1_sampler_island_local_warmup10_line6_1000x125_strict_20260528_line6_repeat02.payload,55,7,5,500,500,0.500000000,0.000000000,500,1.000000000,1.000000000
restart_reduced_xor_random1_sampler_island_local_warmup10_line6_1000x125_strict_20260528_line6_repeat02.payload,55,7,6,495,505,0.495000000,0.005000000,505,0.999927864,0.985644707
restart_reduced_xor_random1_sampler_island_local_warmup10_line6_1000x125_strict_20260528_line6_repeat02.payload,55,7,7,472,528,0.472000000,0.028000000,528,0.997736670,0.921390165
restart_reduced_xor_random1_sampler_island_local_warmup10_line6_1000x125_strict_20260528_line6_repeat02.payload,56,0,0,488,512,0.488000000,0.012000000,512,0.999584464,0.965784285
restart_reduced_xor_random1_sampler_island_local_warmup10_line6_1000x125_strict_20260528_line6_repeat02.payload,56,0,1,448,552,0.448000000,0.052000000,552,0.992183779,0.857259828
restart_reduced_xor_random1_sampler_island_local_warmup10_line6_1000x125_strict_20260528_line6_repeat02.payload,56,0,2,482,518,0.482000000,0.018000000,518,0.999064932,0.948975997
restart_reduced_xor_random1_sampler_island_local_warmup10_line6_1000x125_strict_20260528_line6_repeat02.payload,56,0,3,468,532,0.468000000,0.032000000,532,0.997043340,0.910501849
restart_reduced_xor_random1_sampler_island_local_warmup10_line6_1000x125_strict_20260528_line6_repeat02.payload,56,0,4,471,529,0.471000000,0.029000000,529,0.997572025,0.918660373
restart_reduced_xor_random1_sampler_island_local_warmup10_line6_1000x125_strict_20260528_line6_repeat02.payload,56,0,5,452,548,0.452000000,0.048000000,548,0.993341812,0.867752202
restart_reduced_xor_random1_sampler_island_local_warmup10_line6_1000x125_strict_20260528_line6_repeat02.payload,56,0,6,501,499,0.501000000,0.001000000,501,0.999997115,0.997117491
restart_reduced_xor_random1_sampler_island_local_warmup10_line6_1000x125_strict_20260528_line6_repeat02.payload,56,0,7,495,505,0.495000000,0.005000000,505,0.999927864,0.985644707
restart_reduced_xor_random1_sampler_island_local_warmup10_line6_1000x125_strict_20260528_line6_repeat02.payload,57,1,0,498,502,0.498000000,0.002000000,502,0.999988458,0.994240731
restart_reduced_xor_random1_sampler_island_local_warmup10_line6_1000x125_strict_20260528_line6_repeat02.payload,57,1,1,499,501,0.499000000,0.001000000,501,0.999997115,0.997117491
restart_reduced_xor_random1_sampler_island_local_warmup10_line6_1000x125_strict_20260528_line6_repeat02.payload,57,1,2,505,495,0.505000000,0.005000000,505,0.999927864,0.985644707
restart_reduced_xor_random1_sampler_island_local_warmup10_line6_1000x125_strict_20260528_line6_repeat02.payload,57,1,3,488,512,0.488000000,0.012000000,512,0.999584464,0.965784285
restart_reduced_xor_random1_sampler_island_local_warmup10_line6_1000x125_strict_20260528_line6_repeat02.payload,57,1,4,491,509,0.491000000,0.009000000,509,0.999766271,0.974262439
restart_reduced_xor_random1_sampler_island_local_warmup10_line6_1000x125_strict_20260528_line6_repeat02.payload,57,1,5,490,510,0.490000000,0.010000000,510,0.999711442,0.971430848
restart_reduced_xor_random1_sampler_island_local_warmup10_line6_1000x125_strict_20260528_line6_repeat02.payload,57,1,6,489,511,0.489000000,0.011000000,511,0.999650840,0.968604804
restart_reduced_xor_random1_sampler_island_local_warmup10_line6_1000x125_strict_20260528_line6_repeat02.payload,57,1,7,484,516,0.484000000,0.016000000,516,0.999261214,0.954557029
restart_reduced_xor_random1_sampler_island_local_warmup10_line6_1000x125_strict_20260528_line6_repeat02.payload,58,2,0,484,516,0.484000000,0.016000000,516,0.999261214,0.954557029
restart_reduced_xor_random1_sampler_island_local_warmup10_line6_1000x125_strict_20260528_line6_repeat02.payload,58,2,1,490,510,0.490000000,0.010000000,510,0.999711442,0.971430848
restart_reduced_xor_random1_sampler_island_local_warmup10_line6_1000x125_strict_20260528_line6_repeat02.payload,58,2,2,510,490,0.510000000,0.010000000,510,0.999711442,0.971430848
restart_reduced_xor_random1_sampler_island_local_warmup10_line6_1000x125_strict_20260528_line6_repeat02.payload,58,2,3,484,516,0.484000000,0.016000000,516,0.999261214,0.954557029
restart_reduced_xor_random1_sampler_island_local_warmup10_line6_1000x125_strict_20260528_line6_repeat02.payload,58,2,4,476,524,0.476000000,0.024000000,524,0.998337377,0.932361283
restart_reduced_xor_random1_sampler_island_local_warmup10_line6_1000x125_strict_20260528_line6_repeat02.payload,58,2,5,487,513,0.487000000,0.013000000,513,0.999512314,0.962969269
restart_reduced_xor_random1_sampler_island_local_warmup10_line6_1000x125_strict_20260528_line6_repeat02.payload,58,2,6,512,488,0.512000000,0.012000000,512,0.999584464,0.965784285
restart_reduced_xor_random1_sampler_island_local_warmup10_line6_1000x125_strict_20260528_line6_repeat02.payload,58,2,7,463,537,0.463000000,0.037000000,537,0.996046288,0.897006007
restart_reduced_xor_random1_sampler_island_local_warmup10_line6_1000x125_strict_20260528_line6_repeat02.payload,59,3,0,512,488,0.512000000,0.012000000,512,0.999584464,0.965784285
restart_reduced_xor_random1_sampler_island_local_warmup10_line6_1000x125_strict_20260528_line6_repeat02.payload,59,3,1,480,520,0.480000000,0.020000000,520,0.998845536,0.943416472
restart_reduced_xor_random1_sampler_island_local_warmup10_line6_1000x125_strict_20260528_line6_repeat02.payload,59,3,2,474,526,0.474000000,0.026000000,526,0.998048596,0.926865295
restart_reduced_xor_random1_sampler_island_local_warmup10_line6_1000x125_strict_20260528_line6_repeat02.payload,59,3,3,495,505,0.495000000,0.005000000,505,0.999927864,0.985644707
restart_reduced_xor_random1_sampler_island_local_warmup10_line6_1000x125_strict_20260528_line6_repeat02.payload,59,3,4,482,518,0.482000000,0.018000000,518,0.999064932,0.948975997
restart_reduced_xor_random1_sampler_island_local_warmup10_line6_1000x125_strict_20260528_line6_repeat02.payload,59,3,5,475,525,0.475000000,0.025000000,525,0.998195879,0.929610672
restart_reduced_xor_random1_sampler_island_local_warmup10_line6_1000x125_strict_20260528_line6_repeat02.payload,59,3,6,507,493,0.507000000,0.007000000,507,0.999858611,0.979942348
restart_reduced_xor_random1_sampler_island_local_warmup10_line6_1000x125_strict_20260528_line6_repeat02.payload,59,3,7,479,521,0.479000000,0.021000000,521,0.998727169,0.940644722
restart_reduced_xor_random1_sampler_island_local_warmup10_line6_1000x125_strict_20260528_line6_repeat02.payload,60,4,0,488,512,0.488000000,0.012000000,512,0.999584464,0.965784285
restart_reduced_xor_random1_sampler_island_local_warmup10_line6_1000x125_strict_20260528_line6_repeat02.payload,60,4,1,526,474,0.526000000,0.026000000,526,0.998048596,0.926865295
restart_reduced_xor_random1_sampler_island_local_warmup10_line6_1000x125_strict_20260528_line6_repeat02.payload,60,4,2,501,499,0.501000000,0.001000000,501,0.999997115,0.997117491
restart_reduced_xor_random1_sampler_island_local_warmup10_line6_1000x125_strict_20260528_line6_repeat02.payload,60,4,3,497,503,0.497000000,0.003000000,503,0.999974031,0.991369695
restart_reduced_xor_random1_sampler_island_local_warmup10_line6_1000x125_strict_20260528_line6_repeat02.payload,60,4,4,471,529,0.471000000,0.029000000,529,0.997572025,0.918660373
restart_reduced_xor_random1_sampler_island_local_warmup10_line6_1000x125_strict_20260528_line6_repeat02.payload,60,4,5,472,528,0.472000000,0.028000000,528,0.997736670,0.921390165
restart_reduced_xor_random1_sampler_island_local_warmup10_line6_1000x125_strict_20260528_line6_repeat02.payload,60,4,6,489,511,0.489000000,0.011000000,511,0.999650840,0.968604804
restart_reduced_xor_random1_sampler_island_local_warmup10_line6_1000x125_strict_20260528_line6_repeat02.payload,60,4,7,472,528,0.472000000,0.028000000,528,0.997736670,0.921390165
restart_reduced_xor_random1_sampler_island_local_warmup10_line6_1000x125_strict_20260528_line6_repeat02.payload,61,5,0,457,543,0.457000000,0.043000000,543,0.994658318,0.880975897
restart_reduced_xor_random1_sampler_island_local_warmup10_line6_1000x125_strict_20260528_line6_repeat02.payload,61,5,1,497,503,0.497000000,0.003000000,503,0.999974031,0.991369695
restart_reduced_xor_random1_sampler_island_local_warmup10_line6_1000x125_strict_20260528_line6_repeat02.payload,61,5,2,473,527,0.473000000,0.027000000,527,0.997895527,0.924125133
restart_reduced_xor_random1_sampler_island_local_warmup10_line6_1000x125_strict_20260528_line6_repeat02.payload,61,5,3,520,480,0.520000000,0.020000000,520,0.998845536,0.943416472
restart_reduced_xor_random1_sampler_island_local_warmup10_line6_1000x125_strict_20260528_line6_repeat02.payload,61,5,4,473,527,0.473000000,0.027000000,527,0.997895527,0.924125133
restart_reduced_xor_random1_sampler_island_local_warmup10_line6_1000x125_strict_20260528_line6_repeat02.payload,61,5,5,511,489,0.511000000,0.011000000,511,0.999650840,0.968604804
restart_reduced_xor_random1_sampler_island_local_warmup10_line6_1000x125_strict_20260528_line6_repeat02.payload,61,5,6,487,513,0.487000000,0.013000000,513,0.999512314,0.962969269
restart_reduced_xor_random1_sampler_island_local_warmup10_line6_1000x125_strict_20260528_line6_repeat02.payload,61,5,7,490,510,0.490000000,0.010000000,510,0.999711442,0.971430848
restart_reduced_xor_random1_sampler_island_local_warmup10_line6_1000x125_strict_20260528_line6_repeat02.payload,62,6,0,495,505,0.495000000,0.005000000,505,0.999927864,0.985644707
restart_reduced_xor_random1_sampler_island_local_warmup10_line6_1000x125_strict_20260528_line6_repeat02.payload,62,6,1,506,494,0.506000000,0.006000000,506,0.999896123,0.982790710
restart_reduced_xor_random1_sampler_island_local_warmup10_line6_1000x125_strict_20260528_line6_repeat02.payload,62,6,2,472,528,0.472000000,0.028000000,528,0.997736670,0.921390165
restart_reduced_xor_random1_sampler_island_local_warmup10_line6_1000x125_strict_20260528_line6_repeat02.payload,62,6,3,486,514,0.486000000,0.014000000,514,0.999434390,0.960159735
restart_reduced_xor_random1_sampler_island_local_warmup10_line6_1000x125_strict_20260528_line6_repeat02.payload,62,6,4,499,501,0.499000000,0.001000000,501,0.999997115,0.997117491
restart_reduced_xor_random1_sampler_island_local_warmup10_line6_1000x125_strict_20260528_line6_repeat02.payload,62,6,5,465,535,0.465000000,0.035000000,535,0.996462505,0.902389203
restart_reduced_xor_random1_sampler_island_local_warmup10_line6_1000x125_strict_20260528_line6_repeat02.payload,62,6,6,479,521,0.479000000,0.021000000,521,0.998727169,0.940644722
restart_reduced_xor_random1_sampler_island_local_warmup10_line6_1000x125_strict_20260528_line6_repeat02.payload,62,6,7,495,505,0.495000000,0.005000000,505,0.999927864,0.985644707
restart_reduced_xor_random1_sampler_island_local_warmup10_line6_1000x125_strict_20260528_line6_repeat02.payload,63,7,0,480,520,0.480000000,0.020000000,520,0.998845536,0.943416472
restart_reduced_xor_random1_sampler_island_local_warmup10_line6_1000x125_strict_20260528_line6_repeat02.payload,63,7,1,478,522,0.478000000,0.022000000,522,0.998603020,0.937878288
restart_reduced_xor_random1_sampler_island_local_warmup10_line6_1000x125_strict_20260528_line6_repeat02.payload,63,7,2,491,509,0.491000000,0.009000000,509,0.999766271,0.974262439
restart_reduced_xor_random1_sampler_island_local_warmup10_line6_1000x125_strict_20260528_line6_repeat02.payload,63,7,3,503,497,0.503000000,0.003000000,503,0.999974031,0.991369695
restart_reduced_xor_random1_sampler_island_local_warmup10_line6_1000x125_strict_20260528_line6_repeat02.payload,63,7,4,462,538,0.462000000,0.038000000,538,0.995829476,0.894321922
restart_reduced_xor_random1_sampler_island_local_warmup10_line6_1000x125_strict_20260528_line6_repeat02.payload,63,7,5,480,520,0.480000000,0.020000000,520,0.998845536,0.943416472
restart_reduced_xor_random1_sampler_island_local_warmup10_line6_1000x125_strict_20260528_line6_repeat02.payload,63,7,6,479,521,0.479000000,0.021000000,521,0.998727169,0.940644722
restart_reduced_xor_random1_sampler_island_local_warmup10_line6_1000x125_strict_20260528_line6_repeat02.payload,63,7,7,479,521,0.479000000,0.021000000,521,0.998727169,0.940644722
restart_reduced_xor_random1_sampler_island_local_warmup10_line6_1000x125_strict_20260528_line6_repeat02.payload,64,0,0,489,511,0.489000000,0.011000000,511,0.999650840,0.968604804
restart_reduced_xor_random1_sampler_island_local_warmup10_line6_1000x125_strict_20260528_line6_repeat02.payload,64,0,1,466,534,0.466000000,0.034000000,534,0.996661914,0.905088353
restart_reduced_xor_random1_sampler_island_local_warmup10_line6_1000x125_strict_20260528_line6_repeat02.payload,64,0,2,500,500,0.500000000,0.000000000,500,1.000000000,1.000000000
restart_reduced_xor_random1_sampler_island_local_warmup10_line6_1000x125_strict_20260528_line6_repeat02.payload,64,0,3,465,535,0.465000000,0.035000000,535,0.996462505,0.902389203
restart_reduced_xor_random1_sampler_island_local_warmup10_line6_1000x125_strict_20260528_line6_repeat02.payload,64,0,4,476,524,0.476000000,0.024000000,524,0.998337377,0.932361283
restart_reduced_xor_random1_sampler_island_local_warmup10_line6_1000x125_strict_20260528_line6_repeat02.payload,64,0,5,475,525,0.475000000,0.025000000,525,0.998195879,0.929610672
restart_reduced_xor_random1_sampler_island_local_warmup10_line6_1000x125_strict_20260528_line6_repeat02.payload,64,0,6,488,512,0.488000000,0.012000000,512,0.999584464,0.965784285
restart_reduced_xor_random1_sampler_island_local_warmup10_line6_1000x125_strict_20260528_line6_repeat02.payload,64,0,7,501,499,0.501000000,0.001000000,501,0.999997115,0.997117491
restart_reduced_xor_random1_sampler_island_local_warmup10_line6_1000x125_strict_20260528_line6_repeat02.payload,65,1,0,463,537,0.463000000,0.037000000,537,0.996046288,0.897006007
restart_reduced_xor_random1_sampler_island_local_warmup10_line6_1000x125_strict_20260528_line6_repeat02.payload,65,1,1,509,491,0.509000000,0.009000000,509,0.999766271,0.974262439
restart_reduced_xor_random1_sampler_island_local_warmup10_line6_1000x125_strict_20260528_line6_repeat02.payload,65,1,2,485,515,0.485000000,0.015000000,515,0.999350690,0.957355663
restart_reduced_xor_random1_sampler_island_local_warmup10_line6_1000x125_strict_20260528_line6_repeat02.payload,65,1,3,473,527,0.473000000,0.027000000,527,0.997895527,0.924125133
restart_reduced_xor_random1_sampler_island_local_warmup10_line6_1000x125_strict_20260528_line6_repeat02.payload,65,1,4,502,498,0.502000000,0.002000000,502,0.999988458,0.994240731
restart_reduced_xor_random1_sampler_island_local_warmup10_line6_1000x125_strict_20260528_line6_repeat02.payload,65,1,5,508,492,0.508000000,0.008000000,508,0.999815327,0.977099598
restart_reduced_xor_random1_sampler_island_local_warmup10_line6_1000x125_strict_20260528_line6_repeat02.payload,65,1,6,508,492,0.508000000,0.008000000,508,0.999815327,0.977099598
restart_reduced_xor_random1_sampler_island_local_warmup10_line6_1000x125_strict_20260528_line6_repeat02.payload,65,1,7,488,512,0.488000000,0.012000000,512,0.999584464,0.965784285
restart_reduced_xor_random1_sampler_island_local_warmup10_line6_1000x125_strict_20260528_line6_repeat02.payload,66,2,0,513,487,0.513000000,0.013000000,513,0.999512314,0.962969269
restart_reduced_xor_random1_sampler_island_local_warmup10_line6_1000x125_strict_20260528_line6_repeat02.payload,66,2,1,510,490,0.510000000,0.010000000,510,0.999711442,0.971430848
restart_reduced_xor_random1_sampler_island_local_warmup10_line6_1000x125_strict_20260528_line6_repeat02.payload,66,2,2,519,481,0.519000000,0.019000000,519,0.998958123,0.946193556
restart_reduced_xor_random1_sampler_island_local_warmup10_line6_1000x125_strict_20260528_line6_repeat02.payload,66,2,3,465,535,0.465000000,0.035000000,535,0.996462505,0.902389203
restart_reduced_xor_random1_sampler_island_local_warmup10_line6_1000x125_strict_20260528_line6_repeat02.payload,66,2,4,485,515,0.485000000,0.015000000,515,0.999350690,0.957355663
restart_reduced_xor_random1_sampler_island_local_warmup10_line6_1000x125_strict_20260528_line6_repeat02.payload,66,2,5,494,506,0.494000000,0.006000000,506,0.999896123,0.982790710
restart_reduced_xor_random1_sampler_island_local_warmup10_line6_1000x125_strict_20260528_line6_repeat02.payload,66,2,6,522,478,0.522000000,0.022000000,522,0.998603020,0.937878288
restart_reduced_xor_random1_sampler_island_local_warmup10_line6_1000x125_strict_20260528_line6_repeat02.payload,66,2,7,512,488,0.512000000,0.012000000,512,0.999584464,0.965784285
restart_reduced_xor_random1_sampler_island_local_warmup10_line6_1000x125_strict_20260528_line6_repeat02.payload,67,3,0,488,512,0.488000000,0.012000000,512,0.999584464,0.965784285
restart_reduced_xor_random1_sampler_island_local_warmup10_line6_1000x125_strict_20260528_line6_repeat02.payload,67,3,1,472,528,0.472000000,0.028000000,528,0.997736670,0.921390165
restart_reduced_xor_random1_sampler_island_local_warmup10_line6_1000x125_strict_20260528_line6_repeat02.payload,67,3,2,493,507,0.493000000,0.007000000,507,0.999858611,0.979942348
restart_reduced_xor_random1_sampler_island_local_warmup10_line6_1000x125_strict_20260528_line6_repeat02.payload,67,3,3,512,488,0.512000000,0.012000000,512,0.999584464,0.965784285
restart_reduced_xor_random1_sampler_island_local_warmup10_line6_1000x125_strict_20260528_line6_repeat02.payload,67,3,4,460,540,0.460000000,0.040000000,540,0.995378439,0.888968688
restart_reduced_xor_random1_sampler_island_local_warmup10_line6_1000x125_strict_20260528_line6_repeat02.payload,67,3,5,500,500,0.500000000,0.000000000,500,1.000000000,1.000000000
restart_reduced_xor_random1_sampler_island_local_warmup10_line6_1000x125_strict_20260528_line6_repeat02.payload,67,3,6,471,529,0.471000000,0.029000000,529,0.997572025,0.918660373
restart_reduced_xor_random1_sampler_island_local_warmup10_line6_1000x125_strict_20260528_line6_repeat02.payload,67,3,7,484,516,0.484000000,0.016000000,516,0.999261214,0.954557029
restart_reduced_xor_random1_sampler_island_local_warmup10_line6_1000x125_strict_20260528_line6_repeat02.payload,68,4,0,518,482,0.518000000,0.018000000,518,0.999064932,0.948975997
restart_reduced_xor_random1_sampler_island_local_warmup10_line6_1000x125_strict_20260528_line6_repeat02.payload,68,4,1,470,530,0.470000000,0.030000000,530,0.997401589,0.915935735
restart_reduced_xor_random1_sampler_island_local_warmup10_line6_1000x125_strict_20260528_line6_repeat02.payload,68,4,2,500,500,0.500000000,0.000000000,500,1.000000000,1.000000000
restart_reduced_xor_random1_sampler_island_local_warmup10_line6_1000x125_strict_20260528_line6_repeat02.payload,68,4,3,496,504,0.496000000,0.004000000,504,0.999953833,0.988504361
restart_reduced_xor_random1_sampler_island_local_warmup10_line6_1000x125_strict_20260528_line6_repeat02.payload,68,4,4,496,504,0.496000000,0.004000000,504,0.999953833,0.988504361
restart_reduced_xor_random1_sampler_island_local_warmup10_line6_1000x125_strict_20260528_line6_repeat02.payload,68,4,5,508,492,0.508000000,0.008000000,508,0.999815327,0.977099598
restart_reduced_xor_random1_sampler_island_local_warmup10_line6_1000x125_strict_20260528_line6_repeat02.payload,68,4,6,503,497,0.503000000,0.003000000,503,0.999974031,0.991369695
restart_reduced_xor_random1_sampler_island_local_warmup10_line6_1000x125_strict_20260528_line6_repeat02.payload,68,4,7,451,549,0.451000000,0.049000000,549,0.993061046,0.865121946
restart_reduced_xor_random1_sampler_island_local_warmup10_line6_1000x125_strict_20260528_line6_repeat02.payload,69,5,0,505,495,0.505000000,0.005000000,505,0.999927864,0.985644707
restart_reduced_xor_random1_sampler_island_local_warmup10_line6_1000x125_strict_20260528_line6_repeat02.payload,69,5,1,482,518,0.482000000,0.018000000,518,0.999064932,0.948975997
restart_reduced_xor_random1_sampler_island_local_warmup10_line6_1000x125_strict_20260528_line6_repeat02.payload,69,5,2,477,523,0.477000000,0.023000000,523,0.998473090,0.935117148
restart_reduced_xor_random1_sampler_island_local_warmup10_line6_1000x125_strict_20260528_line6_repeat02.payload,69,5,3,477,523,0.477000000,0.023000000,523,0.998473090,0.935117148
restart_reduced_xor_random1_sampler_island_local_warmup10_line6_1000x125_strict_20260528_line6_repeat02.payload,69,5,4,505,495,0.505000000,0.005000000,505,0.999927864,0.985644707
restart_reduced_xor_random1_sampler_island_local_warmup10_line6_1000x125_strict_20260528_line6_repeat02.payload,69,5,5,489,511,0.489000000,0.011000000,511,0.999650840,0.968604804
restart_reduced_xor_random1_sampler_island_local_warmup10_line6_1000x125_strict_20260528_line6_repeat02.payload,69,5,6,498,502,0.498000000,0.002000000,502,0.999988458,0.994240731
restart_reduced_xor_random1_sampler_island_local_warmup10_line6_1000x125_strict_20260528_line6_repeat02.payload,69,5,7,486,514,0.486000000,0.014000000,514,0.999434390,0.960159735
restart_reduced_xor_random1_sampler_island_local_warmup10_line6_1000x125_strict_20260528_line6_repeat02.payload,70,6,0,488,512,0.488000000,0.012000000,512,0.999584464,0.965784285
restart_reduced_xor_random1_sampler_island_local_warmup10_line6_1000x125_strict_20260528_line6_repeat02.payload,70,6,1,479,521,0.479000000,0.021000000,521,0.998727169,0.940644722
restart_reduced_xor_random1_sampler_island_local_warmup10_line6_1000x125_strict_20260528_line6_repeat02.payload,70,6,2,496,504,0.496000000,0.004000000,504,0.999953833,0.988504361
restart_reduced_xor_random1_sampler_island_local_warmup10_line6_1000x125_strict_20260528_line6_repeat02.payload,70,6,3,495,505,0.495000000,0.005000000,505,0.999927864,0.985644707
restart_reduced_xor_random1_sampler_island_local_warmup10_line6_1000x125_strict_20260528_line6_repeat02.payload,70,6,4,478,522,0.478000000,0.022000000,522,0.998603020,0.937878288
restart_reduced_xor_random1_sampler_island_local_warmup10_line6_1000x125_strict_20260528_line6_repeat02.payload,70,6,5,481,519,0.481000000,0.019000000,519,0.998958123,0.946193556
restart_reduced_xor_random1_sampler_island_local_warmup10_line6_1000x125_strict_20260528_line6_repeat02.payload,70,6,6,488,512,0.488000000,0.012000000,512,0.999584464,0.965784285
restart_reduced_xor_random1_sampler_island_local_warmup10_line6_1000x125_strict_20260528_line6_repeat02.payload,70,6,7,487,513,0.487000000,0.013000000,513,0.999512314,0.962969269
restart_reduced_xor_random1_sampler_island_local_warmup10_line6_1000x125_strict_20260528_line6_repeat02.payload,71,7,0,469,531,0.469000000,0.031000000,531,0.997225361,0.913216234
restart_reduced_xor_random1_sampler_island_local_warmup10_line6_1000x125_strict_20260528_line6_repeat02.payload,71,7,1,482,518,0.482000000,0.018000000,518,0.999064932,0.948975997
restart_reduced_xor_random1_sampler_island_local_warmup10_line6_1000x125_strict_20260528_line6_repeat02.payload,71,7,2,505,495,0.505000000,0.005000000,505,0.999927864,0.985644707
restart_reduced_xor_random1_sampler_island_local_warmup10_line6_1000x125_strict_20260528_line6_repeat02.payload,71,7,3,495,505,0.495000000,0.005000000,505,0.999927864,0.985644707
restart_reduced_xor_random1_sampler_island_local_warmup10_line6_1000x125_strict_20260528_line6_repeat02.payload,71,7,4,501,499,0.501000000,0.001000000,501,0.999997115,0.997117491
restart_reduced_xor_random1_sampler_island_local_warmup10_line6_1000x125_strict_20260528_line6_repeat02.payload,71,7,5,487,513,0.487000000,0.013000000,513,0.999512314,0.962969269
restart_reduced_xor_random1_sampler_island_local_warmup10_line6_1000x125_strict_20260528_line6_repeat02.payload,71,7,6,492,508,0.492000000,0.008000000,508,0.999815327,0.977099598
restart_reduced_xor_random1_sampler_island_local_warmup10_line6_1000x125_strict_20260528_line6_repeat02.payload,71,7,7,489,511,0.489000000,0.011000000,511,0.999650840,0.968604804
restart_reduced_xor_random1_sampler_island_local_warmup10_line6_1000x125_strict_20260528_line6_repeat02.payload,72,0,0,483,517,0.483000000,0.017000000,517,0.999165962,0.951763814
restart_reduced_xor_random1_sampler_island_local_warmup10_line6_1000x125_strict_20260528_line6_repeat02.payload,72,0,1,487,513,0.487000000,0.013000000,513,0.999512314,0.962969269
restart_reduced_xor_random1_sampler_island_local_warmup10_line6_1000x125_strict_20260528_line6_repeat02.payload,72,0,2,465,535,0.465000000,0.035000000,535,0.996462505,0.902389203
restart_reduced_xor_random1_sampler_island_local_warmup10_line6_1000x125_strict_20260528_line6_repeat02.payload,72,0,3,475,525,0.475000000,0.025000000,525,0.998195879,0.929610672
restart_reduced_xor_random1_sampler_island_local_warmup10_line6_1000x125_strict_20260528_line6_repeat02.payload,72,0,4,486,514,0.486000000,0.014000000,514,0.999434390,0.960159735
restart_reduced_xor_random1_sampler_island_local_warmup10_line6_1000x125_strict_20260528_line6_repeat02.payload,72,0,5,481,519,0.481000000,0.019000000,519,0.998958123,0.946193556
restart_reduced_xor_random1_sampler_island_local_warmup10_line6_1000x125_strict_20260528_line6_repeat02.payload,72,0,6,474,526,0.474000000,0.026000000,526,0.998048596,0.926865295
restart_reduced_xor_random1_sampler_island_local_warmup10_line6_1000x125_strict_20260528_line6_repeat02.payload,72,0,7,471,529,0.471000000,0.029000000,529,0.997572025,0.918660373
restart_reduced_xor_random1_sampler_island_local_warmup10_line6_1000x125_strict_20260528_line6_repeat02.payload,73,1,0,461,539,0.461000000,0.039000000,539,0.995606861,0.891642822
restart_reduced_xor_random1_sampler_island_local_warmup10_line6_1000x125_strict_20260528_line6_repeat02.payload,73,1,1,478,522,0.478000000,0.022000000,522,0.998603020,0.937878288
restart_reduced_xor_random1_sampler_island_local_warmup10_line6_1000x125_strict_20260528_line6_repeat02.payload,73,1,2,504,496,0.504000000,0.004000000,504,0.999953833,0.988504361
restart_reduced_xor_random1_sampler_island_local_warmup10_line6_1000x125_strict_20260528_line6_repeat02.payload,73,1,3,479,521,0.479000000,0.021000000,521,0.998727169,0.940644722
restart_reduced_xor_random1_sampler_island_local_warmup10_line6_1000x125_strict_20260528_line6_repeat02.payload,73,1,4,488,512,0.488000000,0.012000000,512,0.999584464,0.965784285
restart_reduced_xor_random1_sampler_island_local_warmup10_line6_1000x125_strict_20260528_line6_repeat02.payload,73,1,5,488,512,0.488000000,0.012000000,512,0.999584464,0.965784285
restart_reduced_xor_random1_sampler_island_local_warmup10_line6_1000x125_strict_20260528_line6_repeat02.payload,73,1,6,471,529,0.471000000,0.029000000,529,0.997572025,0.918660373
restart_reduced_xor_random1_sampler_island_local_warmup10_line6_1000x125_strict_20260528_line6_repeat02.payload,73,1,7,460,540,0.460000000,0.040000000,540,0.995378439,0.888968688
restart_reduced_xor_random1_sampler_island_local_warmup10_line6_1000x125_strict_20260528_line6_repeat02.payload,74,2,0,491,509,0.491000000,0.009000000,509,0.999766271,0.974262439
restart_reduced_xor_random1_sampler_island_local_warmup10_line6_1000x125_strict_20260528_line6_repeat02.payload,74,2,1,478,522,0.478000000,0.022000000,522,0.998603020,0.937878288
restart_reduced_xor_random1_sampler_island_local_warmup10_line6_1000x125_strict_20260528_line6_repeat02.payload,74,2,2,519,481,0.519000000,0.019000000,519,0.998958123,0.946193556
restart_reduced_xor_random1_sampler_island_local_warmup10_line6_1000x125_strict_20260528_line6_repeat02.payload,74,2,3,493,507,0.493000000,0.007000000,507,0.999858611,0.979942348
restart_reduced_xor_random1_sampler_island_local_warmup10_line6_1000x125_strict_20260528_line6_repeat02.payload,74,2,4,508,492,0.508000000,0.008000000,508,0.999815327,0.977099598
restart_reduced_xor_random1_sampler_island_local_warmup10_line6_1000x125_strict_20260528_line6_repeat02.payload,74,2,5,504,496,0.504000000,0.004000000,504,0.999953833,0.988504361
restart_reduced_xor_random1_sampler_island_local_warmup10_line6_1000x125_strict_20260528_line6_repeat02.payload,74,2,6,484,516,0.484000000,0.016000000,516,0.999261214,0.954557029
restart_reduced_xor_random1_sampler_island_local_warmup10_line6_1000x125_strict_20260528_line6_repeat02.payload,74,2,7,481,519,0.481000000,0.019000000,519,0.998958123,0.946193556
restart_reduced_xor_random1_sampler_island_local_warmup10_line6_1000x125_strict_20260528_line6_repeat02.payload,75,3,0,508,492,0.508000000,0.008000000,508,0.999815327,0.977099598
restart_reduced_xor_random1_sampler_island_local_warmup10_line6_1000x125_strict_20260528_line6_repeat02.payload,75,3,1,489,511,0.489000000,0.011000000,511,0.999650840,0.968604804
restart_reduced_xor_random1_sampler_island_local_warmup10_line6_1000x125_strict_20260528_line6_repeat02.payload,75,3,2,493,507,0.493000000,0.007000000,507,0.999858611,0.979942348
restart_reduced_xor_random1_sampler_island_local_warmup10_line6_1000x125_strict_20260528_line6_repeat02.payload,75,3,3,474,526,0.474000000,0.026000000,526,0.998048596,0.926865295
restart_reduced_xor_random1_sampler_island_local_warmup10_line6_1000x125_strict_20260528_line6_repeat02.payload,75,3,4,509,491,0.509000000,0.009000000,509,0.999766271,0.974262439
restart_reduced_xor_random1_sampler_island_local_warmup10_line6_1000x125_strict_20260528_line6_repeat02.payload,75,3,5,495,505,0.495000000,0.005000000,505,0.999927864,0.985644707
restart_reduced_xor_random1_sampler_island_local_warmup10_line6_1000x125_strict_20260528_line6_repeat02.payload,75,3,6,474,526,0.474000000,0.026000000,526,0.998048596,0.926865295
restart_reduced_xor_random1_sampler_island_local_warmup10_line6_1000x125_strict_20260528_line6_repeat02.payload,75,3,7,467,533,0.467000000,0.033000000,533,0.996855525,0.907792562
restart_reduced_xor_random1_sampler_island_local_warmup10_line6_1000x125_strict_20260528_line6_repeat02.payload,76,4,0,458,542,0.458000000,0.042000000,542,0.994904169,0.883635243
restart_reduced_xor_random1_sampler_island_local_warmup10_line6_1000x125_strict_20260528_line6_repeat02.payload,76,4,1,473,527,0.473000000,0.027000000,527,0.997895527,0.924125133
restart_reduced_xor_random1_sampler_island_local_warmup10_line6_1000x125_strict_20260528_line6_repeat02.payload,76,4,2,491,509,0.491000000,0.009000000,509,0.999766271,0.974262439
restart_reduced_xor_random1_sampler_island_local_warmup10_line6_1000x125_strict_20260528_line6_repeat02.payload,76,4,3,512,488,0.512000000,0.012000000,512,0.999584464,0.965784285
restart_reduced_xor_random1_sampler_island_local_warmup10_line6_1000x125_strict_20260528_line6_repeat02.payload,76,4,4,459,541,0.459000000,0.041000000,541,0.995144209,0.886299501
restart_reduced_xor_random1_sampler_island_local_warmup10_line6_1000x125_strict_20260528_line6_repeat02.payload,76,4,5,516,484,0.516000000,0.016000000,516,0.999261214,0.954557029
restart_reduced_xor_random1_sampler_island_local_warmup10_line6_1000x125_strict_20260528_line6_repeat02.payload,76,4,6,492,508,0.492000000,0.008000000,508,0.999815327,0.977099598
restart_reduced_xor_random1_sampler_island_local_warmup10_line6_1000x125_strict_20260528_line6_repeat02.payload,76,4,7,459,541,0.459000000,0.041000000,541,0.995144209,0.886299501
restart_reduced_xor_random1_sampler_island_local_warmup10_line6_1000x125_strict_20260528_line6_repeat02.payload,77,5,0,482,518,0.482000000,0.018000000,518,0.999064932,0.948975997
restart_reduced_xor_random1_sampler_island_local_warmup10_line6_1000x125_strict_20260528_line6_repeat02.payload,77,5,1,486,514,0.486000000,0.014000000,514,0.999434390,0.960159735
restart_reduced_xor_random1_sampler_island_local_warmup10_line6_1000x125_strict_20260528_line6_repeat02.payload,77,5,2,499,501,0.499000000,0.001000000,501,0.999997115,0.997117491
restart_reduced_xor_random1_sampler_island_local_warmup10_line6_1000x125_strict_20260528_line6_repeat02.payload,77,5,3,494,506,0.494000000,0.006000000,506,0.999896123,0.982790710
restart_reduced_xor_random1_sampler_island_local_warmup10_line6_1000x125_strict_20260528_line6_repeat02.payload,77,5,4,465,535,0.465000000,0.035000000,535,0.996462505,0.902389203
restart_reduced_xor_random1_sampler_island_local_warmup10_line6_1000x125_strict_20260528_line6_repeat02.payload,77,5,5,482,518,0.482000000,0.018000000,518,0.999064932,0.948975997
restart_reduced_xor_random1_sampler_island_local_warmup10_line6_1000x125_strict_20260528_line6_repeat02.payload,77,5,6,508,492,0.508000000,0.008000000,508,0.999815327,0.977099598
restart_reduced_xor_random1_sampler_island_local_warmup10_line6_1000x125_strict_20260528_line6_repeat02.payload,77,5,7,497,503,0.497000000,0.003000000,503,0.999974031,0.991369695
restart_reduced_xor_random1_sampler_island_local_warmup10_line6_1000x125_strict_20260528_line6_repeat02.payload,78,6,0,499,501,0.499000000,0.001000000,501,0.999997115,0.997117491
restart_reduced_xor_random1_sampler_island_local_warmup10_line6_1000x125_strict_20260528_line6_repeat02.payload,78,6,1,516,484,0.516000000,0.016000000,516,0.999261214,0.954557029
restart_reduced_xor_random1_sampler_island_local_warmup10_line6_1000x125_strict_20260528_line6_repeat02.payload,78,6,2,492,508,0.492000000,0.008000000,508,0.999815327,0.977099598
restart_reduced_xor_random1_sampler_island_local_warmup10_line6_1000x125_strict_20260528_line6_repeat02.payload,78,6,3,474,526,0.474000000,0.026000000,526,0.998048596,0.926865295
restart_reduced_xor_random1_sampler_island_local_warmup10_line6_1000x125_strict_20260528_line6_repeat02.payload,78,6,4,456,544,0.456000000,0.044000000,544,0.994406653,0.878321443
restart_reduced_xor_random1_sampler_island_local_warmup10_line6_1000x125_strict_20260528_line6_repeat02.payload,78,6,5,502,498,0.502000000,0.002000000,502,0.999988458,0.994240731
restart_reduced_xor_random1_sampler_island_local_warmup10_line6_1000x125_strict_20260528_line6_repeat02.payload,78,6,6,484,516,0.484000000,0.016000000,516,0.999261214,0.954557029
restart_reduced_xor_random1_sampler_island_local_warmup10_line6_1000x125_strict_20260528_line6_repeat02.payload,78,6,7,474,526,0.474000000,0.026000000,526,0.998048596,0.926865295
restart_reduced_xor_random1_sampler_island_local_warmup10_line6_1000x125_strict_20260528_line6_repeat02.payload,79,7,0,478,522,0.478000000,0.022000000,522,0.998603020,0.937878288
restart_reduced_xor_random1_sampler_island_local_warmup10_line6_1000x125_strict_20260528_line6_repeat02.payload,79,7,1,494,506,0.494000000,0.006000000,506,0.999896123,0.982790710
restart_reduced_xor_random1_sampler_island_local_warmup10_line6_1000x125_strict_20260528_line6_repeat02.payload,79,7,2,473,527,0.473000000,0.027000000,527,0.997895527,0.924125133
restart_reduced_xor_random1_sampler_island_local_warmup10_line6_1000x125_strict_20260528_line6_repeat02.payload,79,7,3,472,528,0.472000000,0.028000000,528,0.997736670,0.921390165
restart_reduced_xor_random1_sampler_island_local_warmup10_line6_1000x125_strict_20260528_line6_repeat02.payload,79,7,4,472,528,0.472000000,0.028000000,528,0.997736670,0.921390165
restart_reduced_xor_random1_sampler_island_local_warmup10_line6_1000x125_strict_20260528_line6_repeat02.payload,79,7,5,481,519,0.481000000,0.019000000,519,0.998958123,0.946193556
restart_reduced_xor_random1_sampler_island_local_warmup10_line6_1000x125_strict_20260528_line6_repeat02.payload,79,7,6,478,522,0.478000000,0.022000000,522,0.998603020,0.937878288
restart_reduced_xor_random1_sampler_island_local_warmup10_line6_1000x125_strict_20260528_line6_repeat02.payload,79,7,7,496,504,0.496000000,0.004000000,504,0.999953833,0.988504361
restart_reduced_xor_random1_sampler_island_local_warmup10_line6_1000x125_strict_20260528_line6_repeat02.payload,80,0,0,505,495,0.505000000,0.005000000,505,0.999927864,0.985644707
restart_reduced_xor_random1_sampler_island_local_warmup10_line6_1000x125_strict_20260528_line6_repeat02.payload,80,0,1,492,508,0.492000000,0.008000000,508,0.999815327,0.977099598
restart_reduced_xor_random1_sampler_island_local_warmup10_line6_1000x125_strict_20260528_line6_repeat02.payload,80,0,2,513,487,0.513000000,0.013000000,513,0.999512314,0.962969269
restart_reduced_xor_random1_sampler_island_local_warmup10_line6_1000x125_strict_20260528_line6_repeat02.payload,80,0,3,477,523,0.477000000,0.023000000,523,0.998473090,0.935117148
restart_reduced_xor_random1_sampler_island_local_warmup10_line6_1000x125_strict_20260528_line6_repeat02.payload,80,0,4,484,516,0.484000000,0.016000000,516,0.999261214,0.954557029
restart_reduced_xor_random1_sampler_island_local_warmup10_line6_1000x125_strict_20260528_line6_repeat02.payload,80,0,5,489,511,0.489000000,0.011000000,511,0.999650840,0.968604804
restart_reduced_xor_random1_sampler_island_local_warmup10_line6_1000x125_strict_20260528_line6_repeat02.payload,80,0,6,509,491,0.509000000,0.009000000,509,0.999766271,0.974262439
restart_reduced_xor_random1_sampler_island_local_warmup10_line6_1000x125_strict_20260528_line6_repeat02.payload,80,0,7,503,497,0.503000000,0.003000000,503,0.999974031,0.991369695
restart_reduced_xor_random1_sampler_island_local_warmup10_line6_1000x125_strict_20260528_line6_repeat02.payload,81,1,0,467,533,0.467000000,0.033000000,533,0.996855525,0.907792562
restart_reduced_xor_random1_sampler_island_local_warmup10_line6_1000x125_strict_20260528_line6_repeat02.payload,81,1,1,482,518,0.482000000,0.018000000,518,0.999064932,0.948975997
restart_reduced_xor_random1_sampler_island_local_warmup10_line6_1000x125_strict_20260528_line6_repeat02.payload,81,1,2,480,520,0.480000000,0.020000000,520,0.998845536,0.943416472
restart_reduced_xor_random1_sampler_island_local_warmup10_line6_1000x125_strict_20260528_line6_repeat02.payload,81,1,3,477,523,0.477000000,0.023000000,523,0.998473090,0.935117148
restart_reduced_xor_random1_sampler_island_local_warmup10_line6_1000x125_strict_20260528_line6_repeat02.payload,81,1,4,476,524,0.476000000,0.024000000,524,0.998337377,0.932361283
restart_reduced_xor_random1_sampler_island_local_warmup10_line6_1000x125_strict_20260528_line6_repeat02.payload,81,1,5,504,496,0.504000000,0.004000000,504,0.999953833,0.988504361
restart_reduced_xor_random1_sampler_island_local_warmup10_line6_1000x125_strict_20260528_line6_repeat02.payload,81,1,6,499,501,0.499000000,0.001000000,501,0.999997115,0.997117491
restart_reduced_xor_random1_sampler_island_local_warmup10_line6_1000x125_strict_20260528_line6_repeat02.payload,81,1,7,448,552,0.448000000,0.052000000,552,0.992183779,0.857259828
restart_reduced_xor_random1_sampler_island_local_warmup10_line6_1000x125_strict_20260528_line6_repeat02.payload,82,2,0,475,525,0.475000000,0.025000000,525,0.998195879,0.929610672
restart_reduced_xor_random1_sampler_island_local_warmup10_line6_1000x125_strict_20260528_line6_repeat02.payload,82,2,1,465,535,0.465000000,0.035000000,535,0.996462505,0.902389203
restart_reduced_xor_random1_sampler_island_local_warmup10_line6_1000x125_strict_20260528_line6_repeat02.payload,82,2,2,453,547,0.453000000,0.047000000,547,0.993616753,0.870387262
restart_reduced_xor_random1_sampler_island_local_warmup10_line6_1000x125_strict_20260528_line6_repeat02.payload,82,2,3,482,518,0.482000000,0.018000000,518,0.999064932,0.948975997
restart_reduced_xor_random1_sampler_island_local_warmup10_line6_1000x125_strict_20260528_line6_repeat02.payload,82,2,4,489,511,0.489000000,0.011000000,511,0.999650840,0.968604804
restart_reduced_xor_random1_sampler_island_local_warmup10_line6_1000x125_strict_20260528_line6_repeat02.payload,82,2,5,487,513,0.487000000,0.013000000,513,0.999512314,0.962969269
restart_reduced_xor_random1_sampler_island_local_warmup10_line6_1000x125_strict_20260528_line6_repeat02.payload,82,2,6,510,490,0.510000000,0.010000000,510,0.999711442,0.971430848
restart_reduced_xor_random1_sampler_island_local_warmup10_line6_1000x125_strict_20260528_line6_repeat02.payload,82,2,7,499,501,0.499000000,0.001000000,501,0.999997115,0.997117491
restart_reduced_xor_random1_sampler_island_local_warmup10_line6_1000x125_strict_20260528_line6_repeat02.payload,83,3,0,448,552,0.448000000,0.052000000,552,0.992183779,0.857259828
restart_reduced_xor_random1_sampler_island_local_warmup10_line6_1000x125_strict_20260528_line6_repeat02.payload,83,3,1,520,480,0.520000000,0.020000000,520,0.998845536,0.943416472
restart_reduced_xor_random1_sampler_island_local_warmup10_line6_1000x125_strict_20260528_line6_repeat02.payload,83,3,2,486,514,0.486000000,0.014000000,514,0.999434390,0.960159735
restart_reduced_xor_random1_sampler_island_local_warmup10_line6_1000x125_strict_20260528_line6_repeat02.payload,83,3,3,492,508,0.492000000,0.008000000,508,0.999815327,0.977099598
restart_reduced_xor_random1_sampler_island_local_warmup10_line6_1000x125_strict_20260528_line6_repeat02.payload,83,3,4,472,528,0.472000000,0.028000000,528,0.997736670,0.921390165
restart_reduced_xor_random1_sampler_island_local_warmup10_line6_1000x125_strict_20260528_line6_repeat02.payload,83,3,5,503,497,0.503000000,0.003000000,503,0.999974031,0.991369695
restart_reduced_xor_random1_sampler_island_local_warmup10_line6_1000x125_strict_20260528_line6_repeat02.payload,83,3,6,479,521,0.479000000,0.021000000,521,0.998727169,0.940644722
restart_reduced_xor_random1_sampler_island_local_warmup10_line6_1000x125_strict_20260528_line6_repeat02.payload,83,3,7,484,516,0.484000000,0.016000000,516,0.999261214,0.954557029
restart_reduced_xor_random1_sampler_island_local_warmup10_line6_1000x125_strict_20260528_line6_repeat02.payload,84,4,0,504,496,0.504000000,0.004000000,504,0.999953833,0.988504361
restart_reduced_xor_random1_sampler_island_local_warmup10_line6_1000x125_strict_20260528_line6_repeat02.payload,84,4,1,494,506,0.494000000,0.006000000,506,0.999896123,0.982790710
restart_reduced_xor_random1_sampler_island_local_warmup10_line6_1000x125_strict_20260528_line6_repeat02.payload,84,4,2,465,535,0.465000000,0.035000000,535,0.996462505,0.902389203
restart_reduced_xor_random1_sampler_island_local_warmup10_line6_1000x125_strict_20260528_line6_repeat02.payload,84,4,3,518,482,0.518000000,0.018000000,518,0.999064932,0.948975997
restart_reduced_xor_random1_sampler_island_local_warmup10_line6_1000x125_strict_20260528_line6_repeat02.payload,84,4,4,474,526,0.474000000,0.026000000,526,0.998048596,0.926865295
restart_reduced_xor_random1_sampler_island_local_warmup10_line6_1000x125_strict_20260528_line6_repeat02.payload,84,4,5,521,479,0.521000000,0.021000000,521,0.998727169,0.940644722
restart_reduced_xor_random1_sampler_island_local_warmup10_line6_1000x125_strict_20260528_line6_repeat02.payload,84,4,6,460,540,0.460000000,0.040000000,540,0.995378439,0.888968688
restart_reduced_xor_random1_sampler_island_local_warmup10_line6_1000x125_strict_20260528_line6_repeat02.payload,84,4,7,485,515,0.485000000,0.015000000,515,0.999350690,0.957355663
restart_reduced_xor_random1_sampler_island_local_warmup10_line6_1000x125_strict_20260528_line6_repeat02.payload,85,5,0,485,515,0.485000000,0.015000000,515,0.999350690,0.957355663
restart_reduced_xor_random1_sampler_island_local_warmup10_line6_1000x125_strict_20260528_line6_repeat02.payload,85,5,1,478,522,0.478000000,0.022000000,522,0.998603020,0.937878288
restart_reduced_xor_random1_sampler_island_local_warmup10_line6_1000x125_strict_20260528_line6_repeat02.payload,85,5,2,483,517,0.483000000,0.017000000,517,0.999165962,0.951763814
restart_reduced_xor_random1_sampler_island_local_warmup10_line6_1000x125_strict_20260528_line6_repeat02.payload,85,5,3,498,502,0.498000000,0.002000000,502,0.999988458,0.994240731
restart_reduced_xor_random1_sampler_island_local_warmup10_line6_1000x125_strict_20260528_line6_repeat02.payload,85,5,4,512,488,0.512000000,0.012000000,512,0.999584464,0.965784285
restart_reduced_xor_random1_sampler_island_local_warmup10_line6_1000x125_strict_20260528_line6_repeat02.payload,85,5,5,484,516,0.484000000,0.016000000,516,0.999261214,0.954557029
restart_reduced_xor_random1_sampler_island_local_warmup10_line6_1000x125_strict_20260528_line6_repeat02.payload,85,5,6,481,519,0.481000000,0.019000000,519,0.998958123,0.946193556
restart_reduced_xor_random1_sampler_island_local_warmup10_line6_1000x125_strict_20260528_line6_repeat02.payload,85,5,7,498,502,0.498000000,0.002000000,502,0.999988458,0.994240731
restart_reduced_xor_random1_sampler_island_local_warmup10_line6_1000x125_strict_20260528_line6_repeat02.payload,86,6,0,474,526,0.474000000,0.026000000,526,0.998048596,0.926865295
restart_reduced_xor_random1_sampler_island_local_warmup10_line6_1000x125_strict_20260528_line6_repeat02.payload,86,6,1,485,515,0.485000000,0.015000000,515,0.999350690,0.957355663
restart_reduced_xor_random1_sampler_island_local_warmup10_line6_1000x125_strict_20260528_line6_repeat02.payload,86,6,2,501,499,0.501000000,0.001000000,501,0.999997115,0.997117491
restart_reduced_xor_random1_sampler_island_local_warmup10_line6_1000x125_strict_20260528_line6_repeat02.payload,86,6,3,500,500,0.500000000,0.000000000,500,1.000000000,1.000000000
restart_reduced_xor_random1_sampler_island_local_warmup10_line6_1000x125_strict_20260528_line6_repeat02.payload,86,6,4,476,524,0.476000000,0.024000000,524,0.998337377,0.932361283
restart_reduced_xor_random1_sampler_island_local_warmup10_line6_1000x125_strict_20260528_line6_repeat02.payload,86,6,5,491,509,0.491000000,0.009000000,509,0.999766271,0.974262439
restart_reduced_xor_random1_sampler_island_local_warmup10_line6_1000x125_strict_20260528_line6_repeat02.payload,86,6,6,509,491,0.509000000,0.009000000,509,0.999766271,0.974262439
restart_reduced_xor_random1_sampler_island_local_warmup10_line6_1000x125_strict_20260528_line6_repeat02.payload,86,6,7,483,517,0.483000000,0.017000000,517,0.999165962,0.951763814
restart_reduced_xor_random1_sampler_island_local_warmup10_line6_1000x125_strict_20260528_line6_repeat02.payload,87,7,0,489,511,0.489000000,0.011000000,511,0.999650840,0.968604804
restart_reduced_xor_random1_sampler_island_local_warmup10_line6_1000x125_strict_20260528_line6_repeat02.payload,87,7,1,455,545,0.455000000,0.045000000,545,0.994149171,0.875671865
restart_reduced_xor_random1_sampler_island_local_warmup10_line6_1000x125_strict_20260528_line6_repeat02.payload,87,7,2,511,489,0.511000000,0.011000000,511,0.999650840,0.968604804
restart_reduced_xor_random1_sampler_island_local_warmup10_line6_1000x125_strict_20260528_line6_repeat02.payload,87,7,3,501,499,0.501000000,0.001000000,501,0.999997115,0.997117491
restart_reduced_xor_random1_sampler_island_local_warmup10_line6_1000x125_strict_20260528_line6_repeat02.payload,87,7,4,486,514,0.486000000,0.014000000,514,0.999434390,0.960159735
restart_reduced_xor_random1_sampler_island_local_warmup10_line6_1000x125_strict_20260528_line6_repeat02.payload,87,7,5,484,516,0.484000000,0.016000000,516,0.999261214,0.954557029
restart_reduced_xor_random1_sampler_island_local_warmup10_line6_1000x125_strict_20260528_line6_repeat02.payload,87,7,6,486,514,0.486000000,0.014000000,514,0.999434390,0.960159735
restart_reduced_xor_random1_sampler_island_local_warmup10_line6_1000x125_strict_20260528_line6_repeat02.payload,87,7,7,485,515,0.485000000,0.015000000,515,0.999350690,0.957355663
restart_reduced_xor_random1_sampler_island_local_warmup10_line6_1000x125_strict_20260528_line6_repeat02.payload,88,0,0,484,516,0.484000000,0.016000000,516,0.999261214,0.954557029
restart_reduced_xor_random1_sampler_island_local_warmup10_line6_1000x125_strict_20260528_line6_repeat02.payload,88,0,1,480,520,0.480000000,0.020000000,520,0.998845536,0.943416472
restart_reduced_xor_random1_sampler_island_local_warmup10_line6_1000x125_strict_20260528_line6_repeat02.payload,88,0,2,482,518,0.482000000,0.018000000,518,0.999064932,0.948975997
restart_reduced_xor_random1_sampler_island_local_warmup10_line6_1000x125_strict_20260528_line6_repeat02.payload,88,0,3,504,496,0.504000000,0.004000000,504,0.999953833,0.988504361
restart_reduced_xor_random1_sampler_island_local_warmup10_line6_1000x125_strict_20260528_line6_repeat02.payload,88,0,4,480,520,0.480000000,0.020000000,520,0.998845536,0.943416472
restart_reduced_xor_random1_sampler_island_local_warmup10_line6_1000x125_strict_20260528_line6_repeat02.payload,88,0,5,481,519,0.481000000,0.019000000,519,0.998958123,0.946193556
restart_reduced_xor_random1_sampler_island_local_warmup10_line6_1000x125_strict_20260528_line6_repeat02.payload,88,0,6,495,505,0.495000000,0.005000000,505,0.999927864,0.985644707
restart_reduced_xor_random1_sampler_island_local_warmup10_line6_1000x125_strict_20260528_line6_repeat02.payload,88,0,7,491,509,0.491000000,0.009000000,509,0.999766271,0.974262439
restart_reduced_xor_random1_sampler_island_local_warmup10_line6_1000x125_strict_20260528_line6_repeat02.payload,89,1,0,483,517,0.483000000,0.017000000,517,0.999165962,0.951763814
restart_reduced_xor_random1_sampler_island_local_warmup10_line6_1000x125_strict_20260528_line6_repeat02.payload,89,1,1,486,514,0.486000000,0.014000000,514,0.999434390,0.960159735
restart_reduced_xor_random1_sampler_island_local_warmup10_line6_1000x125_strict_20260528_line6_repeat02.payload,89,1,2,477,523,0.477000000,0.023000000,523,0.998473090,0.935117148
restart_reduced_xor_random1_sampler_island_local_warmup10_line6_1000x125_strict_20260528_line6_repeat02.payload,89,1,3,502,498,0.502000000,0.002000000,502,0.999988458,0.994240731
restart_reduced_xor_random1_sampler_island_local_warmup10_line6_1000x125_strict_20260528_line6_repeat02.payload,89,1,4,506,494,0.506000000,0.006000000,506,0.999896123,0.982790710
restart_reduced_xor_random1_sampler_island_local_warmup10_line6_1000x125_strict_20260528_line6_repeat02.payload,89,1,5,503,497,0.503000000,0.003000000,503,0.999974031,0.991369695
restart_reduced_xor_random1_sampler_island_local_warmup10_line6_1000x125_strict_20260528_line6_repeat02.payload,89,1,6,502,498,0.502000000,0.002000000,502,0.999988458,0.994240731
restart_reduced_xor_random1_sampler_island_local_warmup10_line6_1000x125_strict_20260528_line6_repeat02.payload,89,1,7,475,525,0.475000000,0.025000000,525,0.998195879,0.929610672
restart_reduced_xor_random1_sampler_island_local_warmup10_line6_1000x125_strict_20260528_line6_repeat02.payload,90,2,0,491,509,0.491000000,0.009000000,509,0.999766271,0.974262439
restart_reduced_xor_random1_sampler_island_local_warmup10_line6_1000x125_strict_20260528_line6_repeat02.payload,90,2,1,480,520,0.480000000,0.020000000,520,0.998845536,0.943416472
restart_reduced_xor_random1_sampler_island_local_warmup10_line6_1000x125_strict_20260528_line6_repeat02.payload,90,2,2,485,515,0.485000000,0.015000000,515,0.999350690,0.957355663
restart_reduced_xor_random1_sampler_island_local_warmup10_line6_1000x125_strict_20260528_line6_repeat02.payload,90,2,3,496,504,0.496000000,0.004000000,504,0.999953833,0.988504361
restart_reduced_xor_random1_sampler_island_local_warmup10_line6_1000x125_strict_20260528_line6_repeat02.payload,90,2,4,476,524,0.476000000,0.024000000,524,0.998337377,0.932361283
restart_reduced_xor_random1_sampler_island_local_warmup10_line6_1000x125_strict_20260528_line6_repeat02.payload,90,2,5,519,481,0.519000000,0.019000000,519,0.998958123,0.946193556
restart_reduced_xor_random1_sampler_island_local_warmup10_line6_1000x125_strict_20260528_line6_repeat02.payload,90,2,6,499,501,0.499000000,0.001000000,501,0.999997115,0.997117491
restart_reduced_xor_random1_sampler_island_local_warmup10_line6_1000x125_strict_20260528_line6_repeat02.payload,90,2,7,481,519,0.481000000,0.019000000,519,0.998958123,0.946193556
restart_reduced_xor_random1_sampler_island_local_warmup10_line6_1000x125_strict_20260528_line6_repeat02.payload,91,3,0,478,522,0.478000000,0.022000000,522,0.998603020,0.937878288
restart_reduced_xor_random1_sampler_island_local_warmup10_line6_1000x125_strict_20260528_line6_repeat02.payload,91,3,1,462,538,0.462000000,0.038000000,538,0.995829476,0.894321922
restart_reduced_xor_random1_sampler_island_local_warmup10_line6_1000x125_strict_20260528_line6_repeat02.payload,91,3,2,501,499,0.501000000,0.001000000,501,0.999997115,0.997117491
restart_reduced_xor_random1_sampler_island_local_warmup10_line6_1000x125_strict_20260528_line6_repeat02.payload,91,3,3,466,534,0.466000000,0.034000000,534,0.996661914,0.905088353
restart_reduced_xor_random1_sampler_island_local_warmup10_line6_1000x125_strict_20260528_line6_repeat02.payload,91,3,4,478,522,0.478000000,0.022000000,522,0.998603020,0.937878288
restart_reduced_xor_random1_sampler_island_local_warmup10_line6_1000x125_strict_20260528_line6_repeat02.payload,91,3,5,472,528,0.472000000,0.028000000,528,0.997736670,0.921390165
restart_reduced_xor_random1_sampler_island_local_warmup10_line6_1000x125_strict_20260528_line6_repeat02.payload,91,3,6,463,537,0.463000000,0.037000000,537,0.996046288,0.897006007
restart_reduced_xor_random1_sampler_island_local_warmup10_line6_1000x125_strict_20260528_line6_repeat02.payload,91,3,7,487,513,0.487000000,0.013000000,513,0.999512314,0.962969269
restart_reduced_xor_random1_sampler_island_local_warmup10_line6_1000x125_strict_20260528_line6_repeat02.payload,92,4,0,486,514,0.486000000,0.014000000,514,0.999434390,0.960159735
restart_reduced_xor_random1_sampler_island_local_warmup10_line6_1000x125_strict_20260528_line6_repeat02.payload,92,4,1,460,540,0.460000000,0.040000000,540,0.995378439,0.888968688
restart_reduced_xor_random1_sampler_island_local_warmup10_line6_1000x125_strict_20260528_line6_repeat02.payload,92,4,2,497,503,0.497000000,0.003000000,503,0.999974031,0.991369695
restart_reduced_xor_random1_sampler_island_local_warmup10_line6_1000x125_strict_20260528_line6_repeat02.payload,92,4,3,488,512,0.488000000,0.012000000,512,0.999584464,0.965784285
restart_reduced_xor_random1_sampler_island_local_warmup10_line6_1000x125_strict_20260528_line6_repeat02.payload,92,4,4,503,497,0.503000000,0.003000000,503,0.999974031,0.991369695
restart_reduced_xor_random1_sampler_island_local_warmup10_line6_1000x125_strict_20260528_line6_repeat02.payload,92,4,5,488,512,0.488000000,0.012000000,512,0.999584464,0.965784285
restart_reduced_xor_random1_sampler_island_local_warmup10_line6_1000x125_strict_20260528_line6_repeat02.payload,92,4,6,508,492,0.508000000,0.008000000,508,0.999815327,0.977099598
restart_reduced_xor_random1_sampler_island_local_warmup10_line6_1000x125_strict_20260528_line6_repeat02.payload,92,4,7,483,517,0.483000000,0.017000000,517,0.999165962,0.951763814
restart_reduced_xor_random1_sampler_island_local_warmup10_line6_1000x125_strict_20260528_line6_repeat02.payload,93,5,0,476,524,0.476000000,0.024000000,524,0.998337377,0.932361283
restart_reduced_xor_random1_sampler_island_local_warmup10_line6_1000x125_strict_20260528_line6_repeat02.payload,93,5,1,486,514,0.486000000,0.014000000,514,0.999434390,0.960159735
restart_reduced_xor_random1_sampler_island_local_warmup10_line6_1000x125_strict_20260528_line6_repeat02.payload,93,5,2,499,501,0.499000000,0.001000000,501,0.999997115,0.997117491
restart_reduced_xor_random1_sampler_island_local_warmup10_line6_1000x125_strict_20260528_line6_repeat02.payload,93,5,3,483,517,0.483000000,0.017000000,517,0.999165962,0.951763814
restart_reduced_xor_random1_sampler_island_local_warmup10_line6_1000x125_strict_20260528_line6_repeat02.payload,93,5,4,485,515,0.485000000,0.015000000,515,0.999350690,0.957355663
restart_reduced_xor_random1_sampler_island_local_warmup10_line6_1000x125_strict_20260528_line6_repeat02.payload,93,5,5,488,512,0.488000000,0.012000000,512,0.999584464,0.965784285
restart_reduced_xor_random1_sampler_island_local_warmup10_line6_1000x125_strict_20260528_line6_repeat02.payload,93,5,6,496,504,0.496000000,0.004000000,504,0.999953833,0.988504361
restart_reduced_xor_random1_sampler_island_local_warmup10_line6_1000x125_strict_20260528_line6_repeat02.payload,93,5,7,507,493,0.507000000,0.007000000,507,0.999858611,0.979942348
restart_reduced_xor_random1_sampler_island_local_warmup10_line6_1000x125_strict_20260528_line6_repeat02.payload,94,6,0,471,529,0.471000000,0.029000000,529,0.997572025,0.918660373
restart_reduced_xor_random1_sampler_island_local_warmup10_line6_1000x125_strict_20260528_line6_repeat02.payload,94,6,1,484,516,0.484000000,0.016000000,516,0.999261214,0.954557029
restart_reduced_xor_random1_sampler_island_local_warmup10_line6_1000x125_strict_20260528_line6_repeat02.payload,94,6,2,484,516,0.484000000,0.016000000,516,0.999261214,0.954557029
restart_reduced_xor_random1_sampler_island_local_warmup10_line6_1000x125_strict_20260528_line6_repeat02.payload,94,6,3,480,520,0.480000000,0.020000000,520,0.998845536,0.943416472
restart_reduced_xor_random1_sampler_island_local_warmup10_line6_1000x125_strict_20260528_line6_repeat02.payload,94,6,4,471,529,0.471000000,0.029000000,529,0.997572025,0.918660373
restart_reduced_xor_random1_sampler_island_local_warmup10_line6_1000x125_strict_20260528_line6_repeat02.payload,94,6,5,494,506,0.494000000,0.006000000,506,0.999896123,0.982790710
restart_reduced_xor_random1_sampler_island_local_warmup10_line6_1000x125_strict_20260528_line6_repeat02.payload,94,6,6,519,481,0.519000000,0.019000000,519,0.998958123,0.946193556
restart_reduced_xor_random1_sampler_island_local_warmup10_line6_1000x125_strict_20260528_line6_repeat02.payload,94,6,7,521,479,0.521000000,0.021000000,521,0.998727169,0.940644722
restart_reduced_xor_random1_sampler_island_local_warmup10_line6_1000x125_strict_20260528_line6_repeat02.payload,95,7,0,485,515,0.485000000,0.015000000,515,0.999350690,0.957355663
restart_reduced_xor_random1_sampler_island_local_warmup10_line6_1000x125_strict_20260528_line6_repeat02.payload,95,7,1,465,535,0.465000000,0.035000000,535,0.996462505,0.902389203
restart_reduced_xor_random1_sampler_island_local_warmup10_line6_1000x125_strict_20260528_line6_repeat02.payload,95,7,2,494,506,0.494000000,0.006000000,506,0.999896123,0.982790710
restart_reduced_xor_random1_sampler_island_local_warmup10_line6_1000x125_strict_20260528_line6_repeat02.payload,95,7,3,521,479,0.521000000,0.021000000,521,0.998727169,0.940644722
restart_reduced_xor_random1_sampler_island_local_warmup10_line6_1000x125_strict_20260528_line6_repeat02.payload,95,7,4,465,535,0.465000000,0.035000000,535,0.996462505,0.902389203
restart_reduced_xor_random1_sampler_island_local_warmup10_line6_1000x125_strict_20260528_line6_repeat02.payload,95,7,5,461,539,0.461000000,0.039000000,539,0.995606861,0.891642822
restart_reduced_xor_random1_sampler_island_local_warmup10_line6_1000x125_strict_20260528_line6_repeat02.payload,95,7,6,494,506,0.494000000,0.006000000,506,0.999896123,0.982790710
restart_reduced_xor_random1_sampler_island_local_warmup10_line6_1000x125_strict_20260528_line6_repeat02.payload,95,7,7,504,496,0.504000000,0.004000000,504,0.999953833,0.988504361
restart_reduced_xor_random1_sampler_island_local_warmup10_line6_1000x125_strict_20260528_line6_repeat02.payload,96,0,0,473,527,0.473000000,0.027000000,527,0.997895527,0.924125133
restart_reduced_xor_random1_sampler_island_local_warmup10_line6_1000x125_strict_20260528_line6_repeat02.payload,96,0,1,497,503,0.497000000,0.003000000,503,0.999974031,0.991369695
restart_reduced_xor_random1_sampler_island_local_warmup10_line6_1000x125_strict_20260528_line6_repeat02.payload,96,0,2,487,513,0.487000000,0.013000000,513,0.999512314,0.962969269
restart_reduced_xor_random1_sampler_island_local_warmup10_line6_1000x125_strict_20260528_line6_repeat02.payload,96,0,3,479,521,0.479000000,0.021000000,521,0.998727169,0.940644722
restart_reduced_xor_random1_sampler_island_local_warmup10_line6_1000x125_strict_20260528_line6_repeat02.payload,96,0,4,502,498,0.502000000,0.002000000,502,0.999988458,0.994240731
restart_reduced_xor_random1_sampler_island_local_warmup10_line6_1000x125_strict_20260528_line6_repeat02.payload,96,0,5,465,535,0.465000000,0.035000000,535,0.996462505,0.902389203
restart_reduced_xor_random1_sampler_island_local_warmup10_line6_1000x125_strict_20260528_line6_repeat02.payload,96,0,6,494,506,0.494000000,0.006000000,506,0.999896123,0.982790710
restart_reduced_xor_random1_sampler_island_local_warmup10_line6_1000x125_strict_20260528_line6_repeat02.payload,96,0,7,500,500,0.500000000,0.000000000,500,1.000000000,1.000000000
restart_reduced_xor_random1_sampler_island_local_warmup10_line6_1000x125_strict_20260528_line6_repeat02.payload,97,1,0,508,492,0.508000000,0.008000000,508,0.999815327,0.977099598
restart_reduced_xor_random1_sampler_island_local_warmup10_line6_1000x125_strict_20260528_line6_repeat02.payload,97,1,1,476,524,0.476000000,0.024000000,524,0.998337377,0.932361283
restart_reduced_xor_random1_sampler_island_local_warmup10_line6_1000x125_strict_20260528_line6_repeat02.payload,97,1,2,497,503,0.497000000,0.003000000,503,0.999974031,0.991369695
restart_reduced_xor_random1_sampler_island_local_warmup10_line6_1000x125_strict_20260528_line6_repeat02.payload,97,1,3,469,531,0.469000000,0.031000000,531,0.997225361,0.913216234
restart_reduced_xor_random1_sampler_island_local_warmup10_line6_1000x125_strict_20260528_line6_repeat02.payload,97,1,4,484,516,0.484000000,0.016000000,516,0.999261214,0.954557029
restart_reduced_xor_random1_sampler_island_local_warmup10_line6_1000x125_strict_20260528_line6_repeat02.payload,97,1,5,490,510,0.490000000,0.010000000,510,0.999711442,0.971430848
restart_reduced_xor_random1_sampler_island_local_warmup10_line6_1000x125_strict_20260528_line6_repeat02.payload,97,1,6,456,544,0.456000000,0.044000000,544,0.994406653,0.878321443
restart_reduced_xor_random1_sampler_island_local_warmup10_line6_1000x125_strict_20260528_line6_repeat02.payload,97,1,7,514,486,0.514000000,0.014000000,514,0.999434390,0.960159735
restart_reduced_xor_random1_sampler_island_local_warmup10_line6_1000x125_strict_20260528_line6_repeat02.payload,98,2,0,486,514,0.486000000,0.014000000,514,0.999434390,0.960159735
restart_reduced_xor_random1_sampler_island_local_warmup10_line6_1000x125_strict_20260528_line6_repeat02.payload,98,2,1,496,504,0.496000000,0.004000000,504,0.999953833,0.988504361
restart_reduced_xor_random1_sampler_island_local_warmup10_line6_1000x125_strict_20260528_line6_repeat02.payload,98,2,2,502,498,0.502000000,0.002000000,502,0.999988458,0.994240731
restart_reduced_xor_random1_sampler_island_local_warmup10_line6_1000x125_strict_20260528_line6_repeat02.payload,98,2,3,496,504,0.496000000,0.004000000,504,0.999953833,0.988504361
restart_reduced_xor_random1_sampler_island_local_warmup10_line6_1000x125_strict_20260528_line6_repeat02.payload,98,2,4,503,497,0.503000000,0.003000000,503,0.999974031,0.991369695
restart_reduced_xor_random1_sampler_island_local_warmup10_line6_1000x125_strict_20260528_line6_repeat02.payload,98,2,5,469,531,0.469000000,0.031000000,531,0.997225361,0.913216234
restart_reduced_xor_random1_sampler_island_local_warmup10_line6_1000x125_strict_20260528_line6_repeat02.payload,98,2,6,508,492,0.508000000,0.008000000,508,0.999815327,0.977099598
restart_reduced_xor_random1_sampler_island_local_warmup10_line6_1000x125_strict_20260528_line6_repeat02.payload,98,2,7,493,507,0.493000000,0.007000000,507,0.999858611,0.979942348
restart_reduced_xor_random1_sampler_island_local_warmup10_line6_1000x125_strict_20260528_line6_repeat02.payload,99,3,0,467,533,0.467000000,0.033000000,533,0.996855525,0.907792562
restart_reduced_xor_random1_sampler_island_local_warmup10_line6_1000x125_strict_20260528_line6_repeat02.payload,99,3,1,479,521,0.479000000,0.021000000,521,0.998727169,0.940644722
restart_reduced_xor_random1_sampler_island_local_warmup10_line6_1000x125_strict_20260528_line6_repeat02.payload,99,3,2,505,495,0.505000000,0.005000000,505,0.999927864,0.985644707
restart_reduced_xor_random1_sampler_island_local_warmup10_line6_1000x125_strict_20260528_line6_repeat02.payload,99,3,3,498,502,0.498000000,0.002000000,502,0.999988458,0.994240731
restart_reduced_xor_random1_sampler_island_local_warmup10_line6_1000x125_strict_20260528_line6_repeat02.payload,99,3,4,506,494,0.506000000,0.006000000,506,0.999896123,0.982790710
restart_reduced_xor_random1_sampler_island_local_warmup10_line6_1000x125_strict_20260528_line6_repeat02.payload,99,3,5,486,514,0.486000000,0.014000000,514,0.999434390,0.960159735
restart_reduced_xor_random1_sampler_island_local_warmup10_line6_1000x125_strict_20260528_line6_repeat02.payload,99,3,6,499,501,0.499000000,0.001000000,501,0.999997115,0.997117491
restart_reduced_xor_random1_sampler_island_local_warmup10_line6_1000x125_strict_20260528_line6_repeat02.payload,99,3,7,508,492,0.508000000,0.008000000,508,0.999815327,0.977099598
restart_reduced_xor_random1_sampler_island_local_warmup10_line6_1000x125_strict_20260528_line6_repeat02.payload,100,4,0,488,512,0.488000000,0.012000000,512,0.999584464,0.965784285
restart_reduced_xor_random1_sampler_island_local_warmup10_line6_1000x125_strict_20260528_line6_repeat02.payload,100,4,1,453,547,0.453000000,0.047000000,547,0.993616753,0.870387262
restart_reduced_xor_random1_sampler_island_local_warmup10_line6_1000x125_strict_20260528_line6_repeat02.payload,100,4,2,475,525,0.475000000,0.025000000,525,0.998195879,0.929610672
restart_reduced_xor_random1_sampler_island_local_warmup10_line6_1000x125_strict_20260528_line6_repeat02.payload,100,4,3,469,531,0.469000000,0.031000000,531,0.997225361,0.913216234
restart_reduced_xor_random1_sampler_island_local_warmup10_line6_1000x125_strict_20260528_line6_repeat02.payload,100,4,4,483,517,0.483000000,0.017000000,517,0.999165962,0.951763814
restart_reduced_xor_random1_sampler_island_local_warmup10_line6_1000x125_strict_20260528_line6_repeat02.payload,100,4,5,500,500,0.500000000,0.000000000,500,1.000000000,1.000000000
restart_reduced_xor_random1_sampler_island_local_warmup10_line6_1000x125_strict_20260528_line6_repeat02.payload,100,4,6,504,496,0.504000000,0.004000000,504,0.999953833,0.988504361
restart_reduced_xor_random1_sampler_island_local_warmup10_line6_1000x125_strict_20260528_line6_repeat02.payload,100,4,7,496,504,0.496000000,0.004000000,504,0.999953833,0.988504361
restart_reduced_xor_random1_sampler_island_local_warmup10_line6_1000x125_strict_20260528_line6_repeat02.payload,101,5,0,480,520,0.480000000,0.020000000,520,0.998845536,0.943416472
restart_reduced_xor_random1_sampler_island_local_warmup10_line6_1000x125_strict_20260528_line6_repeat02.payload,101,5,1,501,499,0.501000000,0.001000000,501,0.999997115,0.997117491
restart_reduced_xor_random1_sampler_island_local_warmup10_line6_1000x125_strict_20260528_line6_repeat02.payload,101,5,2,503,497,0.503000000,0.003000000,503,0.999974031,0.991369695
restart_reduced_xor_random1_sampler_island_local_warmup10_line6_1000x125_strict_20260528_line6_repeat02.payload,101,5,3,481,519,0.481000000,0.019000000,519,0.998958123,0.946193556
restart_reduced_xor_random1_sampler_island_local_warmup10_line6_1000x125_strict_20260528_line6_repeat02.payload,101,5,4,495,505,0.495000000,0.005000000,505,0.999927864,0.985644707
restart_reduced_xor_random1_sampler_island_local_warmup10_line6_1000x125_strict_20260528_line6_repeat02.payload,101,5,5,502,498,0.502000000,0.002000000,502,0.999988458,0.994240731
restart_reduced_xor_random1_sampler_island_local_warmup10_line6_1000x125_strict_20260528_line6_repeat02.payload,101,5,6,502,498,0.502000000,0.002000000,502,0.999988458,0.994240731
restart_reduced_xor_random1_sampler_island_local_warmup10_line6_1000x125_strict_20260528_line6_repeat02.payload,101,5,7,506,494,0.506000000,0.006000000,506,0.999896123,0.982790710
restart_reduced_xor_random1_sampler_island_local_warmup10_line6_1000x125_strict_20260528_line6_repeat02.payload,102,6,0,460,540,0.460000000,0.040000000,540,0.995378439,0.888968688
restart_reduced_xor_random1_sampler_island_local_warmup10_line6_1000x125_strict_20260528_line6_repeat02.payload,102,6,1,498,502,0.498000000,0.002000000,502,0.999988458,0.994240731
restart_reduced_xor_random1_sampler_island_local_warmup10_line6_1000x125_strict_20260528_line6_repeat02.payload,102,6,2,498,502,0.498000000,0.002000000,502,0.999988458,0.994240731
restart_reduced_xor_random1_sampler_island_local_warmup10_line6_1000x125_strict_20260528_line6_repeat02.payload,102,6,3,491,509,0.491000000,0.009000000,509,0.999766271,0.974262439
restart_reduced_xor_random1_sampler_island_local_warmup10_line6_1000x125_strict_20260528_line6_repeat02.payload,102,6,4,495,505,0.495000000,0.005000000,505,0.999927864,0.985644707
restart_reduced_xor_random1_sampler_island_local_warmup10_line6_1000x125_strict_20260528_line6_repeat02.payload,102,6,5,479,521,0.479000000,0.021000000,521,0.998727169,0.940644722
restart_reduced_xor_random1_sampler_island_local_warmup10_line6_1000x125_strict_20260528_line6_repeat02.payload,102,6,6,484,516,0.484000000,0.016000000,516,0.999261214,0.954557029
restart_reduced_xor_random1_sampler_island_local_warmup10_line6_1000x125_strict_20260528_line6_repeat02.payload,102,6,7,505,495,0.505000000,0.005000000,505,0.999927864,0.985644707
restart_reduced_xor_random1_sampler_island_local_warmup10_line6_1000x125_strict_20260528_line6_repeat02.payload,103,7,0,486,514,0.486000000,0.014000000,514,0.999434390,0.960159735
restart_reduced_xor_random1_sampler_island_local_warmup10_line6_1000x125_strict_20260528_line6_repeat02.payload,103,7,1,493,507,0.493000000,0.007000000,507,0.999858611,0.979942348
restart_reduced_xor_random1_sampler_island_local_warmup10_line6_1000x125_strict_20260528_line6_repeat02.payload,103,7,2,481,519,0.481000000,0.019000000,519,0.998958123,0.946193556
restart_reduced_xor_random1_sampler_island_local_warmup10_line6_1000x125_strict_20260528_line6_repeat02.payload,103,7,3,488,512,0.488000000,0.012000000,512,0.999584464,0.965784285
restart_reduced_xor_random1_sampler_island_local_warmup10_line6_1000x125_strict_20260528_line6_repeat02.payload,103,7,4,486,514,0.486000000,0.014000000,514,0.999434390,0.960159735
restart_reduced_xor_random1_sampler_island_local_warmup10_line6_1000x125_strict_20260528_line6_repeat02.payload,103,7,5,490,510,0.490000000,0.010000000,510,0.999711442,0.971430848
restart_reduced_xor_random1_sampler_island_local_warmup10_line6_1000x125_strict_20260528_line6_repeat02.payload,103,7,6,510,490,0.510000000,0.010000000,510,0.999711442,0.971430848
restart_reduced_xor_random1_sampler_island_local_warmup10_line6_1000x125_strict_20260528_line6_repeat02.payload,103,7,7,510,490,0.510000000,0.010000000,510,0.999711442,0.971430848
restart_reduced_xor_random1_sampler_island_local_warmup10_line6_1000x125_strict_20260528_line6_repeat02.payload,104,0,0,499,501,0.499000000,0.001000000,501,0.999997115,0.997117491
restart_reduced_xor_random1_sampler_island_local_warmup10_line6_1000x125_strict_20260528_line6_repeat02.payload,104,0,1,508,492,0.508000000,0.008000000,508,0.999815327,0.977099598
restart_reduced_xor_random1_sampler_island_local_warmup10_line6_1000x125_strict_20260528_line6_repeat02.payload,104,0,2,492,508,0.492000000,0.008000000,508,0.999815327,0.977099598
restart_reduced_xor_random1_sampler_island_local_warmup10_line6_1000x125_strict_20260528_line6_repeat02.payload,104,0,3,482,518,0.482000000,0.018000000,518,0.999064932,0.948975997
restart_reduced_xor_random1_sampler_island_local_warmup10_line6_1000x125_strict_20260528_line6_repeat02.payload,104,0,4,517,483,0.517000000,0.017000000,517,0.999165962,0.951763814
restart_reduced_xor_random1_sampler_island_local_warmup10_line6_1000x125_strict_20260528_line6_repeat02.payload,104,0,5,487,513,0.487000000,0.013000000,513,0.999512314,0.962969269
restart_reduced_xor_random1_sampler_island_local_warmup10_line6_1000x125_strict_20260528_line6_repeat02.payload,104,0,6,502,498,0.502000000,0.002000000,502,0.999988458,0.994240731
restart_reduced_xor_random1_sampler_island_local_warmup10_line6_1000x125_strict_20260528_line6_repeat02.payload,104,0,7,500,500,0.500000000,0.000000000,500,1.000000000,1.000000000
restart_reduced_xor_random1_sampler_island_local_warmup10_line6_1000x125_strict_20260528_line6_repeat02.payload,105,1,0,486,514,0.486000000,0.014000000,514,0.999434390,0.960159735
restart_reduced_xor_random1_sampler_island_local_warmup10_line6_1000x125_strict_20260528_line6_repeat02.payload,105,1,1,456,544,0.456000000,0.044000000,544,0.994406653,0.878321443
restart_reduced_xor_random1_sampler_island_local_warmup10_line6_1000x125_strict_20260528_line6_repeat02.payload,105,1,2,495,505,0.495000000,0.005000000,505,0.999927864,0.985644707
restart_reduced_xor_random1_sampler_island_local_warmup10_line6_1000x125_strict_20260528_line6_repeat02.payload,105,1,3,482,518,0.482000000,0.018000000,518,0.999064932,0.948975997
restart_reduced_xor_random1_sampler_island_local_warmup10_line6_1000x125_strict_20260528_line6_repeat02.payload,105,1,4,500,500,0.500000000,0.000000000,500,1.000000000,1.000000000
restart_reduced_xor_random1_sampler_island_local_warmup10_line6_1000x125_strict_20260528_line6_repeat02.payload,105,1,5,471,529,0.471000000,0.029000000,529,0.997572025,0.918660373
restart_reduced_xor_random1_sampler_island_local_warmup10_line6_1000x125_strict_20260528_line6_repeat02.payload,105,1,6,502,498,0.502000000,0.002000000,502,0.999988458,0.994240731
restart_reduced_xor_random1_sampler_island_local_warmup10_line6_1000x125_strict_20260528_line6_repeat02.payload,105,1,7,478,522,0.478000000,0.022000000,522,0.998603020,0.937878288
restart_reduced_xor_random1_sampler_island_local_warmup10_line6_1000x125_strict_20260528_line6_repeat02.payload,106,2,0,453,547,0.453000000,0.047000000,547,0.993616753,0.870387262
restart_reduced_xor_random1_sampler_island_local_warmup10_line6_1000x125_strict_20260528_line6_repeat02.payload,106,2,1,493,507,0.493000000,0.007000000,507,0.999858611,0.979942348
restart_reduced_xor_random1_sampler_island_local_warmup10_line6_1000x125_strict_20260528_line6_repeat02.payload,106,2,2,504,496,0.504000000,0.004000000,504,0.999953833,0.988504361
restart_reduced_xor_random1_sampler_island_local_warmup10_line6_1000x125_strict_20260528_line6_repeat02.payload,106,2,3,479,521,0.479000000,0.021000000,521,0.998727169,0.940644722
restart_reduced_xor_random1_sampler_island_local_warmup10_line6_1000x125_strict_20260528_line6_repeat02.payload,106,2,4,491,509,0.491000000,0.009000000,509,0.999766271,0.974262439
restart_reduced_xor_random1_sampler_island_local_warmup10_line6_1000x125_strict_20260528_line6_repeat02.payload,106,2,5,469,531,0.469000000,0.031000000,531,0.997225361,0.913216234
restart_reduced_xor_random1_sampler_island_local_warmup10_line6_1000x125_strict_20260528_line6_repeat02.payload,106,2,6,516,484,0.516000000,0.016000000,516,0.999261214,0.954557029
restart_reduced_xor_random1_sampler_island_local_warmup10_line6_1000x125_strict_20260528_line6_repeat02.payload,106,2,7,493,507,0.493000000,0.007000000,507,0.999858611,0.979942348
restart_reduced_xor_random1_sampler_island_local_warmup10_line6_1000x125_strict_20260528_line6_repeat02.payload,107,3,0,450,550,0.450000000,0.050000000,550,0.992774454,0.862496476
restart_reduced_xor_random1_sampler_island_local_warmup10_line6_1000x125_strict_20260528_line6_repeat02.payload,107,3,1,478,522,0.478000000,0.022000000,522,0.998603020,0.937878288
restart_reduced_xor_random1_sampler_island_local_warmup10_line6_1000x125_strict_20260528_line6_repeat02.payload,107,3,2,506,494,0.506000000,0.006000000,506,0.999896123,0.982790710
restart_reduced_xor_random1_sampler_island_local_warmup10_line6_1000x125_strict_20260528_line6_repeat02.payload,107,3,3,498,502,0.498000000,0.002000000,502,0.999988458,0.994240731
restart_reduced_xor_random1_sampler_island_local_warmup10_line6_1000x125_strict_20260528_line6_repeat02.payload,107,3,4,485,515,0.485000000,0.015000000,515,0.999350690,0.957355663
restart_reduced_xor_random1_sampler_island_local_warmup10_line6_1000x125_strict_20260528_line6_repeat02.payload,107,3,5,488,512,0.488000000,0.012000000,512,0.999584464,0.965784285
restart_reduced_xor_random1_sampler_island_local_warmup10_line6_1000x125_strict_20260528_line6_repeat02.payload,107,3,6,521,479,0.521000000,0.021000000,521,0.998727169,0.940644722
restart_reduced_xor_random1_sampler_island_local_warmup10_line6_1000x125_strict_20260528_line6_repeat02.payload,107,3,7,507,493,0.507000000,0.007000000,507,0.999858611,0.979942348
restart_reduced_xor_random1_sampler_island_local_warmup10_line6_1000x125_strict_20260528_line6_repeat02.payload,108,4,0,504,496,0.504000000,0.004000000,504,0.999953833,0.988504361
restart_reduced_xor_random1_sampler_island_local_warmup10_line6_1000x125_strict_20260528_line6_repeat02.payload,108,4,1,494,506,0.494000000,0.006000000,506,0.999896123,0.982790710
restart_reduced_xor_random1_sampler_island_local_warmup10_line6_1000x125_strict_20260528_line6_repeat02.payload,108,4,2,463,537,0.463000000,0.037000000,537,0.996046288,0.897006007
restart_reduced_xor_random1_sampler_island_local_warmup10_line6_1000x125_strict_20260528_line6_repeat02.payload,108,4,3,510,490,0.510000000,0.010000000,510,0.999711442,0.971430848
restart_reduced_xor_random1_sampler_island_local_warmup10_line6_1000x125_strict_20260528_line6_repeat02.payload,108,4,4,502,498,0.502000000,0.002000000,502,0.999988458,0.994240731
restart_reduced_xor_random1_sampler_island_local_warmup10_line6_1000x125_strict_20260528_line6_repeat02.payload,108,4,5,491,509,0.491000000,0.009000000,509,0.999766271,0.974262439
restart_reduced_xor_random1_sampler_island_local_warmup10_line6_1000x125_strict_20260528_line6_repeat02.payload,108,4,6,523,477,0.523000000,0.023000000,523,0.998473090,0.935117148
restart_reduced_xor_random1_sampler_island_local_warmup10_line6_1000x125_strict_20260528_line6_repeat02.payload,108,4,7,502,498,0.502000000,0.002000000,502,0.999988458,0.994240731
restart_reduced_xor_random1_sampler_island_local_warmup10_line6_1000x125_strict_20260528_line6_repeat02.payload,109,5,0,486,514,0.486000000,0.014000000,514,0.999434390,0.960159735
restart_reduced_xor_random1_sampler_island_local_warmup10_line6_1000x125_strict_20260528_line6_repeat02.payload,109,5,1,478,522,0.478000000,0.022000000,522,0.998603020,0.937878288
restart_reduced_xor_random1_sampler_island_local_warmup10_line6_1000x125_strict_20260528_line6_repeat02.payload,109,5,2,475,525,0.475000000,0.025000000,525,0.998195879,0.929610672
restart_reduced_xor_random1_sampler_island_local_warmup10_line6_1000x125_strict_20260528_line6_repeat02.payload,109,5,3,479,521,0.479000000,0.021000000,521,0.998727169,0.940644722
restart_reduced_xor_random1_sampler_island_local_warmup10_line6_1000x125_strict_20260528_line6_repeat02.payload,109,5,4,479,521,0.479000000,0.021000000,521,0.998727169,0.940644722
restart_reduced_xor_random1_sampler_island_local_warmup10_line6_1000x125_strict_20260528_line6_repeat02.payload,109,5,5,496,504,0.496000000,0.004000000,504,0.999953833,0.988504361
restart_reduced_xor_random1_sampler_island_local_warmup10_line6_1000x125_strict_20260528_line6_repeat02.payload,109,5,6,524,476,0.524000000,0.024000000,524,0.998337377,0.932361283
restart_reduced_xor_random1_sampler_island_local_warmup10_line6_1000x125_strict_20260528_line6_repeat02.payload,109,5,7,480,520,0.480000000,0.020000000,520,0.998845536,0.943416472
restart_reduced_xor_random1_sampler_island_local_warmup10_line6_1000x125_strict_20260528_line6_repeat02.payload,110,6,0,489,511,0.489000000,0.011000000,511,0.999650840,0.968604804
restart_reduced_xor_random1_sampler_island_local_warmup10_line6_1000x125_strict_20260528_line6_repeat02.payload,110,6,1,471,529,0.471000000,0.029000000,529,0.997572025,0.918660373
restart_reduced_xor_random1_sampler_island_local_warmup10_line6_1000x125_strict_20260528_line6_repeat02.payload,110,6,2,499,501,0.499000000,0.001000000,501,0.999997115,0.997117491
restart_reduced_xor_random1_sampler_island_local_warmup10_line6_1000x125_strict_20260528_line6_repeat02.payload,110,6,3,489,511,0.489000000,0.011000000,511,0.999650840,0.968604804
restart_reduced_xor_random1_sampler_island_local_warmup10_line6_1000x125_strict_20260528_line6_repeat02.payload,110,6,4,472,528,0.472000000,0.028000000,528,0.997736670,0.921390165
restart_reduced_xor_random1_sampler_island_local_warmup10_line6_1000x125_strict_20260528_line6_repeat02.payload,110,6,5,462,538,0.462000000,0.038000000,538,0.995829476,0.894321922
restart_reduced_xor_random1_sampler_island_local_warmup10_line6_1000x125_strict_20260528_line6_repeat02.payload,110,6,6,469,531,0.469000000,0.031000000,531,0.997225361,0.913216234
restart_reduced_xor_random1_sampler_island_local_warmup10_line6_1000x125_strict_20260528_line6_repeat02.payload,110,6,7,480,520,0.480000000,0.020000000,520,0.998845536,0.943416472
restart_reduced_xor_random1_sampler_island_local_warmup10_line6_1000x125_strict_20260528_line6_repeat02.payload,111,7,0,465,535,0.465000000,0.035000000,535,0.996462505,0.902389203
restart_reduced_xor_random1_sampler_island_local_warmup10_line6_1000x125_strict_20260528_line6_repeat02.payload,111,7,1,496,504,0.496000000,0.004000000,504,0.999953833,0.988504361
restart_reduced_xor_random1_sampler_island_local_warmup10_line6_1000x125_strict_20260528_line6_repeat02.payload,111,7,2,484,516,0.484000000,0.016000000,516,0.999261214,0.954557029
restart_reduced_xor_random1_sampler_island_local_warmup10_line6_1000x125_strict_20260528_line6_repeat02.payload,111,7,3,470,530,0.470000000,0.030000000,530,0.997401589,0.915935735
restart_reduced_xor_random1_sampler_island_local_warmup10_line6_1000x125_strict_20260528_line6_repeat02.payload,111,7,4,483,517,0.483000000,0.017000000,517,0.999165962,0.951763814
restart_reduced_xor_random1_sampler_island_local_warmup10_line6_1000x125_strict_20260528_line6_repeat02.payload,111,7,5,495,505,0.495000000,0.005000000,505,0.999927864,0.985644707
restart_reduced_xor_random1_sampler_island_local_warmup10_line6_1000x125_strict_20260528_line6_repeat02.payload,111,7,6,493,507,0.493000000,0.007000000,507,0.999858611,0.979942348
restart_reduced_xor_random1_sampler_island_local_warmup10_line6_1000x125_strict_20260528_line6_repeat02.payload,111,7,7,511,489,0.511000000,0.011000000,511,0.999650840,0.968604804
restart_reduced_xor_random1_sampler_island_local_warmup10_line6_1000x125_strict_20260528_line6_repeat02.payload,112,0,0,481,519,0.481000000,0.019000000,519,0.998958123,0.946193556
restart_reduced_xor_random1_sampler_island_local_warmup10_line6_1000x125_strict_20260528_line6_repeat02.payload,112,0,1,489,511,0.489000000,0.011000000,511,0.999650840,0.968604804
restart_reduced_xor_random1_sampler_island_local_warmup10_line6_1000x125_strict_20260528_line6_repeat02.payload,112,0,2,487,513,0.487000000,0.013000000,513,0.999512314,0.962969269
restart_reduced_xor_random1_sampler_island_local_warmup10_line6_1000x125_strict_20260528_line6_repeat02.payload,112,0,3,472,528,0.472000000,0.028000000,528,0.997736670,0.921390165
restart_reduced_xor_random1_sampler_island_local_warmup10_line6_1000x125_strict_20260528_line6_repeat02.payload,112,0,4,478,522,0.478000000,0.022000000,522,0.998603020,0.937878288
restart_reduced_xor_random1_sampler_island_local_warmup10_line6_1000x125_strict_20260528_line6_repeat02.payload,112,0,5,489,511,0.489000000,0.011000000,511,0.999650840,0.968604804
restart_reduced_xor_random1_sampler_island_local_warmup10_line6_1000x125_strict_20260528_line6_repeat02.payload,112,0,6,490,510,0.490000000,0.010000000,510,0.999711442,0.971430848
restart_reduced_xor_random1_sampler_island_local_warmup10_line6_1000x125_strict_20260528_line6_repeat02.payload,112,0,7,482,518,0.482000000,0.018000000,518,0.999064932,0.948975997
restart_reduced_xor_random1_sampler_island_local_warmup10_line6_1000x125_strict_20260528_line6_repeat02.payload,113,1,0,499,501,0.499000000,0.001000000,501,0.999997115,0.997117491
restart_reduced_xor_random1_sampler_island_local_warmup10_line6_1000x125_strict_20260528_line6_repeat02.payload,113,1,1,457,543,0.457000000,0.043000000,543,0.994658318,0.880975897
restart_reduced_xor_random1_sampler_island_local_warmup10_line6_1000x125_strict_20260528_line6_repeat02.payload,113,1,2,483,517,0.483000000,0.017000000,517,0.999165962,0.951763814
restart_reduced_xor_random1_sampler_island_local_warmup10_line6_1000x125_strict_20260528_line6_repeat02.payload,113,1,3,480,520,0.480000000,0.020000000,520,0.998845536,0.943416472
restart_reduced_xor_random1_sampler_island_local_warmup10_line6_1000x125_strict_20260528_line6_repeat02.payload,113,1,4,490,510,0.490000000,0.010000000,510,0.999711442,0.971430848
restart_reduced_xor_random1_sampler_island_local_warmup10_line6_1000x125_strict_20260528_line6_repeat02.payload,113,1,5,471,529,0.471000000,0.029000000,529,0.997572025,0.918660373
restart_reduced_xor_random1_sampler_island_local_warmup10_line6_1000x125_strict_20260528_line6_repeat02.payload,113,1,6,497,503,0.497000000,0.003000000,503,0.999974031,0.991369695
restart_reduced_xor_random1_sampler_island_local_warmup10_line6_1000x125_strict_20260528_line6_repeat02.payload,113,1,7,502,498,0.502000000,0.002000000,502,0.999988458,0.994240731
restart_reduced_xor_random1_sampler_island_local_warmup10_line6_1000x125_strict_20260528_line6_repeat02.payload,114,2,0,450,550,0.450000000,0.050000000,550,0.992774454,0.862496476
restart_reduced_xor_random1_sampler_island_local_warmup10_line6_1000x125_strict_20260528_line6_repeat02.payload,114,2,1,480,520,0.480000000,0.020000000,520,0.998845536,0.943416472
restart_reduced_xor_random1_sampler_island_local_warmup10_line6_1000x125_strict_20260528_line6_repeat02.payload,114,2,2,455,545,0.455000000,0.045000000,545,0.994149171,0.875671865
restart_reduced_xor_random1_sampler_island_local_warmup10_line6_1000x125_strict_20260528_line6_repeat02.payload,114,2,3,494,506,0.494000000,0.006000000,506,0.999896123,0.982790710
restart_reduced_xor_random1_sampler_island_local_warmup10_line6_1000x125_strict_20260528_line6_repeat02.payload,114,2,4,478,522,0.478000000,0.022000000,522,0.998603020,0.937878288
restart_reduced_xor_random1_sampler_island_local_warmup10_line6_1000x125_strict_20260528_line6_repeat02.payload,114,2,5,478,522,0.478000000,0.022000000,522,0.998603020,0.937878288
restart_reduced_xor_random1_sampler_island_local_warmup10_line6_1000x125_strict_20260528_line6_repeat02.payload,114,2,6,488,512,0.488000000,0.012000000,512,0.999584464,0.965784285
restart_reduced_xor_random1_sampler_island_local_warmup10_line6_1000x125_strict_20260528_line6_repeat02.payload,114,2,7,479,521,0.479000000,0.021000000,521,0.998727169,0.940644722
restart_reduced_xor_random1_sampler_island_local_warmup10_line6_1000x125_strict_20260528_line6_repeat02.payload,115,3,0,466,534,0.466000000,0.034000000,534,0.996661914,0.905088353
restart_reduced_xor_random1_sampler_island_local_warmup10_line6_1000x125_strict_20260528_line6_repeat02.payload,115,3,1,487,513,0.487000000,0.013000000,513,0.999512314,0.962969269
restart_reduced_xor_random1_sampler_island_local_warmup10_line6_1000x125_strict_20260528_line6_repeat02.payload,115,3,2,494,506,0.494000000,0.006000000,506,0.999896123,0.982790710
restart_reduced_xor_random1_sampler_island_local_warmup10_line6_1000x125_strict_20260528_line6_repeat02.payload,115,3,3,513,487,0.513000000,0.013000000,513,0.999512314,0.962969269
restart_reduced_xor_random1_sampler_island_local_warmup10_line6_1000x125_strict_20260528_line6_repeat02.payload,115,3,4,474,526,0.474000000,0.026000000,526,0.998048596,0.926865295
restart_reduced_xor_random1_sampler_island_local_warmup10_line6_1000x125_strict_20260528_line6_repeat02.payload,115,3,5,467,533,0.467000000,0.033000000,533,0.996855525,0.907792562
restart_reduced_xor_random1_sampler_island_local_warmup10_line6_1000x125_strict_20260528_line6_repeat02.payload,115,3,6,492,508,0.492000000,0.008000000,508,0.999815327,0.977099598
restart_reduced_xor_random1_sampler_island_local_warmup10_line6_1000x125_strict_20260528_line6_repeat02.payload,115,3,7,484,516,0.484000000,0.016000000,516,0.999261214,0.954557029
restart_reduced_xor_random1_sampler_island_local_warmup10_line6_1000x125_strict_20260528_line6_repeat02.payload,116,4,0,483,517,0.483000000,0.017000000,517,0.999165962,0.951763814
restart_reduced_xor_random1_sampler_island_local_warmup10_line6_1000x125_strict_20260528_line6_repeat02.payload,116,4,1,504,496,0.504000000,0.004000000,504,0.999953833,0.988504361
restart_reduced_xor_random1_sampler_island_local_warmup10_line6_1000x125_strict_20260528_line6_repeat02.payload,116,4,2,501,499,0.501000000,0.001000000,501,0.999997115,0.997117491
restart_reduced_xor_random1_sampler_island_local_warmup10_line6_1000x125_strict_20260528_line6_repeat02.payload,116,4,3,493,507,0.493000000,0.007000000,507,0.999858611,0.979942348
restart_reduced_xor_random1_sampler_island_local_warmup10_line6_1000x125_strict_20260528_line6_repeat02.payload,116,4,4,476,524,0.476000000,0.024000000,524,0.998337377,0.932361283
restart_reduced_xor_random1_sampler_island_local_warmup10_line6_1000x125_strict_20260528_line6_repeat02.payload,116,4,5,526,474,0.526000000,0.026000000,526,0.998048596,0.926865295
restart_reduced_xor_random1_sampler_island_local_warmup10_line6_1000x125_strict_20260528_line6_repeat02.payload,116,4,6,481,519,0.481000000,0.019000000,519,0.998958123,0.946193556
restart_reduced_xor_random1_sampler_island_local_warmup10_line6_1000x125_strict_20260528_line6_repeat02.payload,116,4,7,476,524,0.476000000,0.024000000,524,0.998337377,0.932361283
restart_reduced_xor_random1_sampler_island_local_warmup10_line6_1000x125_strict_20260528_line6_repeat02.payload,117,5,0,464,536,0.464000000,0.036000000,536,0.996257297,0.899695094
restart_reduced_xor_random1_sampler_island_local_warmup10_line6_1000x125_strict_20260528_line6_repeat02.payload,117,5,1,474,526,0.474000000,0.026000000,526,0.998048596,0.926865295
restart_reduced_xor_random1_sampler_island_local_warmup10_line6_1000x125_strict_20260528_line6_repeat02.payload,117,5,2,489,511,0.489000000,0.011000000,511,0.999650840,0.968604804
restart_reduced_xor_random1_sampler_island_local_warmup10_line6_1000x125_strict_20260528_line6_repeat02.payload,117,5,3,485,515,0.485000000,0.015000000,515,0.999350690,0.957355663
restart_reduced_xor_random1_sampler_island_local_warmup10_line6_1000x125_strict_20260528_line6_repeat02.payload,117,5,4,467,533,0.467000000,0.033000000,533,0.996855525,0.907792562
restart_reduced_xor_random1_sampler_island_local_warmup10_line6_1000x125_strict_20260528_line6_repeat02.payload,117,5,5,479,521,0.479000000,0.021000000,521,0.998727169,0.940644722
restart_reduced_xor_random1_sampler_island_local_warmup10_line6_1000x125_strict_20260528_line6_repeat02.payload,117,5,6,476,524,0.476000000,0.024000000,524,0.998337377,0.932361283
restart_reduced_xor_random1_sampler_island_local_warmup10_line6_1000x125_strict_20260528_line6_repeat02.payload,117,5,7,496,504,0.496000000,0.004000000,504,0.999953833,0.988504361
restart_reduced_xor_random1_sampler_island_local_warmup10_line6_1000x125_strict_20260528_line6_repeat02.payload,118,6,0,512,488,0.512000000,0.012000000,512,0.999584464,0.965784285
restart_reduced_xor_random1_sampler_island_local_warmup10_line6_1000x125_strict_20260528_line6_repeat02.payload,118,6,1,482,518,0.482000000,0.018000000,518,0.999064932,0.948975997
restart_reduced_xor_random1_sampler_island_local_warmup10_line6_1000x125_strict_20260528_line6_repeat02.payload,118,6,2,491,509,0.491000000,0.009000000,509,0.999766271,0.974262439
restart_reduced_xor_random1_sampler_island_local_warmup10_line6_1000x125_strict_20260528_line6_repeat02.payload,118,6,3,477,523,0.477000000,0.023000000,523,0.998473090,0.935117148
restart_reduced_xor_random1_sampler_island_local_warmup10_line6_1000x125_strict_20260528_line6_repeat02.payload,118,6,4,526,474,0.526000000,0.026000000,526,0.998048596,0.926865295
restart_reduced_xor_random1_sampler_island_local_warmup10_line6_1000x125_strict_20260528_line6_repeat02.payload,118,6,5,510,490,0.510000000,0.010000000,510,0.999711442,0.971430848
restart_reduced_xor_random1_sampler_island_local_warmup10_line6_1000x125_strict_20260528_line6_repeat02.payload,118,6,6,520,480,0.520000000,0.020000000,520,0.998845536,0.943416472
restart_reduced_xor_random1_sampler_island_local_warmup10_line6_1000x125_strict_20260528_line6_repeat02.payload,118,6,7,506,494,0.506000000,0.006000000,506,0.999896123,0.982790710
restart_reduced_xor_random1_sampler_island_local_warmup10_line6_1000x125_strict_20260528_line6_repeat02.payload,119,7,0,518,482,0.518000000,0.018000000,518,0.999064932,0.948975997
restart_reduced_xor_random1_sampler_island_local_warmup10_line6_1000x125_strict_20260528_line6_repeat02.payload,119,7,1,510,490,0.510000000,0.010000000,510,0.999711442,0.971430848
restart_reduced_xor_random1_sampler_island_local_warmup10_line6_1000x125_strict_20260528_line6_repeat02.payload,119,7,2,490,510,0.490000000,0.010000000,510,0.999711442,0.971430848
restart_reduced_xor_random1_sampler_island_local_warmup10_line6_1000x125_strict_20260528_line6_repeat02.payload,119,7,3,498,502,0.498000000,0.002000000,502,0.999988458,0.994240731
restart_reduced_xor_random1_sampler_island_local_warmup10_line6_1000x125_strict_20260528_line6_repeat02.payload,119,7,4,483,517,0.483000000,0.017000000,517,0.999165962,0.951763814
restart_reduced_xor_random1_sampler_island_local_warmup10_line6_1000x125_strict_20260528_line6_repeat02.payload,119,7,5,501,499,0.501000000,0.001000000,501,0.999997115,0.997117491
restart_reduced_xor_random1_sampler_island_local_warmup10_line6_1000x125_strict_20260528_line6_repeat02.payload,119,7,6,499,501,0.499000000,0.001000000,501,0.999997115,0.997117491
restart_reduced_xor_random1_sampler_island_local_warmup10_line6_1000x125_strict_20260528_line6_repeat02.payload,119,7,7,476,524,0.476000000,0.024000000,524,0.998337377,0.932361283
restart_reduced_xor_random1_sampler_island_local_warmup10_line6_1000x125_strict_20260528_line6_repeat02.payload,120,0,0,495,505,0.495000000,0.005000000,505,0.999927864,0.985644707
restart_reduced_xor_random1_sampler_island_local_warmup10_line6_1000x125_strict_20260528_line6_repeat02.payload,120,0,1,478,522,0.478000000,0.022000000,522,0.998603020,0.937878288
restart_reduced_xor_random1_sampler_island_local_warmup10_line6_1000x125_strict_20260528_line6_repeat02.payload,120,0,2,462,538,0.462000000,0.038000000,538,0.995829476,0.894321922
restart_reduced_xor_random1_sampler_island_local_warmup10_line6_1000x125_strict_20260528_line6_repeat02.payload,120,0,3,456,544,0.456000000,0.044000000,544,0.994406653,0.878321443
restart_reduced_xor_random1_sampler_island_local_warmup10_line6_1000x125_strict_20260528_line6_repeat02.payload,120,0,4,482,518,0.482000000,0.018000000,518,0.999064932,0.948975997
restart_reduced_xor_random1_sampler_island_local_warmup10_line6_1000x125_strict_20260528_line6_repeat02.payload,120,0,5,502,498,0.502000000,0.002000000,502,0.999988458,0.994240731
restart_reduced_xor_random1_sampler_island_local_warmup10_line6_1000x125_strict_20260528_line6_repeat02.payload,120,0,6,518,482,0.518000000,0.018000000,518,0.999064932,0.948975997
restart_reduced_xor_random1_sampler_island_local_warmup10_line6_1000x125_strict_20260528_line6_repeat02.payload,120,0,7,484,516,0.484000000,0.016000000,516,0.999261214,0.954557029
restart_reduced_xor_random1_sampler_island_local_warmup10_line6_1000x125_strict_20260528_line6_repeat02.payload,121,1,0,476,524,0.476000000,0.024000000,524,0.998337377,0.932361283
restart_reduced_xor_random1_sampler_island_local_warmup10_line6_1000x125_strict_20260528_line6_repeat02.payload,121,1,1,456,544,0.456000000,0.044000000,544,0.994406653,0.878321443
restart_reduced_xor_random1_sampler_island_local_warmup10_line6_1000x125_strict_20260528_line6_repeat02.payload,121,1,2,479,521,0.479000000,0.021000000,521,0.998727169,0.940644722
restart_reduced_xor_random1_sampler_island_local_warmup10_line6_1000x125_strict_20260528_line6_repeat02.payload,121,1,3,520,480,0.520000000,0.020000000,520,0.998845536,0.943416472
restart_reduced_xor_random1_sampler_island_local_warmup10_line6_1000x125_strict_20260528_line6_repeat02.payload,121,1,4,474,526,0.474000000,0.026000000,526,0.998048596,0.926865295
restart_reduced_xor_random1_sampler_island_local_warmup10_line6_1000x125_strict_20260528_line6_repeat02.payload,121,1,5,475,525,0.475000000,0.025000000,525,0.998195879,0.929610672
restart_reduced_xor_random1_sampler_island_local_warmup10_line6_1000x125_strict_20260528_line6_repeat02.payload,121,1,6,491,509,0.491000000,0.009000000,509,0.999766271,0.974262439
restart_reduced_xor_random1_sampler_island_local_warmup10_line6_1000x125_strict_20260528_line6_repeat02.payload,121,1,7,476,524,0.476000000,0.024000000,524,0.998337377,0.932361283
restart_reduced_xor_random1_sampler_island_local_warmup10_line6_1000x125_strict_20260528_line6_repeat02.payload,122,2,0,500,500,0.500000000,0.000000000,500,1.000000000,1.000000000
restart_reduced_xor_random1_sampler_island_local_warmup10_line6_1000x125_strict_20260528_line6_repeat02.payload,122,2,1,484,516,0.484000000,0.016000000,516,0.999261214,0.954557029
restart_reduced_xor_random1_sampler_island_local_warmup10_line6_1000x125_strict_20260528_line6_repeat02.payload,122,2,2,483,517,0.483000000,0.017000000,517,0.999165962,0.951763814
restart_reduced_xor_random1_sampler_island_local_warmup10_line6_1000x125_strict_20260528_line6_repeat02.payload,122,2,3,483,517,0.483000000,0.017000000,517,0.999165962,0.951763814
restart_reduced_xor_random1_sampler_island_local_warmup10_line6_1000x125_strict_20260528_line6_repeat02.payload,122,2,4,445,555,0.445000000,0.055000000,555,0.991254007,0.849440323
restart_reduced_xor_random1_sampler_island_local_warmup10_line6_1000x125_strict_20260528_line6_repeat02.payload,122,2,5,502,498,0.502000000,0.002000000,502,0.999988458,0.994240731
restart_reduced_xor_random1_sampler_island_local_warmup10_line6_1000x125_strict_20260528_line6_repeat02.payload,122,2,6,478,522,0.478000000,0.022000000,522,0.998603020,0.937878288
restart_reduced_xor_random1_sampler_island_local_warmup10_line6_1000x125_strict_20260528_line6_repeat02.payload,122,2,7,485,515,0.485000000,0.015000000,515,0.999350690,0.957355663
restart_reduced_xor_random1_sampler_island_local_warmup10_line6_1000x125_strict_20260528_line6_repeat02.payload,123,3,0,479,521,0.479000000,0.021000000,521,0.998727169,0.940644722
restart_reduced_xor_random1_sampler_island_local_warmup10_line6_1000x125_strict_20260528_line6_repeat02.payload,123,3,1,478,522,0.478000000,0.022000000,522,0.998603020,0.937878288
restart_reduced_xor_random1_sampler_island_local_warmup10_line6_1000x125_strict_20260528_line6_repeat02.payload,123,3,2,489,511,0.489000000,0.011000000,511,0.999650840,0.968604804
restart_reduced_xor_random1_sampler_island_local_warmup10_line6_1000x125_strict_20260528_line6_repeat02.payload,123,3,3,486,514,0.486000000,0.014000000,514,0.999434390,0.960159735
restart_reduced_xor_random1_sampler_island_local_warmup10_line6_1000x125_strict_20260528_line6_repeat02.payload,123,3,4,455,545,0.455000000,0.045000000,545,0.994149171,0.875671865
restart_reduced_xor_random1_sampler_island_local_warmup10_line6_1000x125_strict_20260528_line6_repeat02.payload,123,3,5,489,511,0.489000000,0.011000000,511,0.999650840,0.968604804
restart_reduced_xor_random1_sampler_island_local_warmup10_line6_1000x125_strict_20260528_line6_repeat02.payload,123,3,6,488,512,0.488000000,0.012000000,512,0.999584464,0.965784285
restart_reduced_xor_random1_sampler_island_local_warmup10_line6_1000x125_strict_20260528_line6_repeat02.payload,123,3,7,503,497,0.503000000,0.003000000,503,0.999974031,0.991369695
restart_reduced_xor_random1_sampler_island_local_warmup10_line6_1000x125_strict_20260528_line6_repeat02.payload,124,4,0,506,494,0.506000000,0.006000000,506,0.999896123,0.982790710
restart_reduced_xor_random1_sampler_island_local_warmup10_line6_1000x125_strict_20260528_line6_repeat02.payload,124,4,1,487,513,0.487000000,0.013000000,513,0.999512314,0.962969269
restart_reduced_xor_random1_sampler_island_local_warmup10_line6_1000x125_strict_20260528_line6_repeat02.payload,124,4,2,484,516,0.484000000,0.016000000,516,0.999261214,0.954557029
restart_reduced_xor_random1_sampler_island_local_warmup10_line6_1000x125_strict_20260528_line6_repeat02.payload,124,4,3,477,523,0.477000000,0.023000000,523,0.998473090,0.935117148
restart_reduced_xor_random1_sampler_island_local_warmup10_line6_1000x125_strict_20260528_line6_repeat02.payload,124,4,4,477,523,0.477000000,0.023000000,523,0.998473090,0.935117148
restart_reduced_xor_random1_sampler_island_local_warmup10_line6_1000x125_strict_20260528_line6_repeat02.payload,124,4,5,477,523,0.477000000,0.023000000,523,0.998473090,0.935117148
restart_reduced_xor_random1_sampler_island_local_warmup10_line6_1000x125_strict_20260528_line6_repeat02.payload,124,4,6,461,539,0.461000000,0.039000000,539,0.995606861,0.891642822
restart_reduced_xor_random1_sampler_island_local_warmup10_line6_1000x125_strict_20260528_line6_repeat02.payload,124,4,7,462,538,0.462000000,0.038000000,538,0.995829476,0.894321922
