bit_order,expanded_column,byte_index,bit_index,ones,zeros,p1,abs_bias,x,msb_expanded_column,lsb_expanded_column,over_x_cutoff
lsb,0,0,0,431,569,0.431000000,0.069000000,569,7,0,False
lsb,1,0,1,409,591,0.409000000,0.091000000,591,6,1,False
lsb,2,0,2,408,592,0.408000000,0.092000000,592,5,2,False
lsb,3,0,3,438,562,0.438000000,0.062000000,562,4,3,False
lsb,4,0,4,451,549,0.451000000,0.049000000,549,3,4,False
lsb,5,0,5,379,621,0.379000000,0.121000000,621,2,5,False
lsb,6,0,6,390,610,0.390000000,0.110000000,610,1,6,False
lsb,7,0,7,438,562,0.438000000,0.062000000,562,0,7,False
lsb,8,1,0,402,598,0.402000000,0.098000000,598,15,8,False
lsb,9,1,1,422,578,0.422000000,0.078000000,578,14,9,False
lsb,10,1,2,208,792,0.208000000,0.292000000,792,13,10,False
lsb,11,1,3,325,675,0.325000000,0.175000000,675,12,11,False
lsb,12,1,4,461,539,0.461000000,0.039000000,539,11,12,False
lsb,13,1,5,320,680,0.320000000,0.180000000,680,10,13,False
lsb,14,1,6,378,622,0.378000000,0.122000000,622,9,14,False
lsb,15,1,7,398,602,0.398000000,0.102000000,602,8,15,False
lsb,16,2,0,367,633,0.367000000,0.133000000,633,23,16,False
lsb,17,2,1,390,610,0.390000000,0.110000000,610,22,17,False
lsb,18,2,2,248,752,0.248000000,0.252000000,752,21,18,False
lsb,19,2,3,353,647,0.353000000,0.147000000,647,20,19,False
lsb,20,2,4,439,561,0.439000000,0.061000000,561,19,20,False
lsb,21,2,5,388,612,0.388000000,0.112000000,612,18,21,False
lsb,22,2,6,432,568,0.432000000,0.068000000,568,17,22,False
lsb,23,2,7,474,526,0.474000000,0.026000000,526,16,23,False
lsb,24,3,0,360,640,0.360000000,0.140000000,640,31,24,False
lsb,25,3,1,424,576,0.424000000,0.076000000,576,30,25,False
lsb,26,3,2,349,651,0.349000000,0.151000000,651,29,26,False
lsb,27,3,3,389,611,0.389000000,0.111000000,611,28,27,False
lsb,28,3,4,370,630,0.370000000,0.130000000,630,27,28,False
lsb,29,3,5,311,689,0.311000000,0.189000000,689,26,29,False
lsb,30,3,6,389,611,0.389000000,0.111000000,611,25,30,False
lsb,31,3,7,417,583,0.417000000,0.083000000,583,24,31,False
lsb,32,4,0,348,652,0.348000000,0.152000000,652,39,32,False
lsb,33,4,1,444,556,0.444000000,0.056000000,556,38,33,False
lsb,34,4,2,362,638,0.362000000,0.138000000,638,37,34,False
lsb,35,4,3,328,672,0.328000000,0.172000000,672,36,35,False
lsb,36,4,4,324,676,0.324000000,0.176000000,676,35,36,False
lsb,37,4,5,343,657,0.343000000,0.157000000,657,34,37,False
lsb,38,4,6,398,602,0.398000000,0.102000000,602,33,38,False
lsb,39,4,7,306,694,0.306000000,0.194000000,694,32,39,False
lsb,40,5,0,376,624,0.376000000,0.124000000,624,47,40,False
lsb,41,5,1,412,588,0.412000000,0.088000000,588,46,41,False
lsb,42,5,2,349,651,0.349000000,0.151000000,651,45,42,False
lsb,43,5,3,417,583,0.417000000,0.083000000,583,44,43,False
lsb,44,5,4,305,695,0.305000000,0.195000000,695,43,44,False
lsb,45,5,5,342,658,0.342000000,0.158000000,658,42,45,False
lsb,46,5,6,400,600,0.400000000,0.100000000,600,41,46,False
lsb,47,5,7,296,704,0.296000000,0.204000000,704,40,47,False
lsb,48,6,0,425,575,0.425000000,0.075000000,575,55,48,False
lsb,49,6,1,403,597,0.403000000,0.097000000,597,54,49,False
lsb,50,6,2,340,660,0.340000000,0.160000000,660,53,50,False
lsb,51,6,3,390,610,0.390000000,0.110000000,610,52,51,False
lsb,52,6,4,314,686,0.314000000,0.186000000,686,51,52,False
lsb,53,6,5,399,601,0.399000000,0.101000000,601,50,53,False
lsb,54,6,6,401,599,0.401000000,0.099000000,599,49,54,False
lsb,55,6,7,351,649,0.351000000,0.149000000,649,48,55,False
lsb,56,7,0,397,603,0.397000000,0.103000000,603,63,56,False
lsb,57,7,1,367,633,0.367000000,0.133000000,633,62,57,False
lsb,58,7,2,346,654,0.346000000,0.154000000,654,61,58,False
lsb,59,7,3,382,618,0.382000000,0.118000000,618,60,59,False
lsb,60,7,4,366,634,0.366000000,0.134000000,634,59,60,False
lsb,61,7,5,408,592,0.408000000,0.092000000,592,58,61,False
lsb,62,7,6,387,613,0.387000000,0.113000000,613,57,62,False
lsb,63,7,7,338,662,0.338000000,0.162000000,662,56,63,False
lsb,64,8,0,404,596,0.404000000,0.096000000,596,71,64,False
lsb,65,8,1,347,653,0.347000000,0.153000000,653,70,65,False
lsb,66,8,2,330,670,0.330000000,0.170000000,670,69,66,False
lsb,67,8,3,422,578,0.422000000,0.078000000,578,68,67,False
lsb,68,8,4,392,608,0.392000000,0.108000000,608,67,68,False
lsb,69,8,5,353,647,0.353000000,0.147000000,647,66,69,False
lsb,70,8,6,374,626,0.374000000,0.126000000,626,65,70,False
lsb,71,8,7,307,693,0.307000000,0.193000000,693,64,71,False
lsb,72,9,0,405,595,0.405000000,0.095000000,595,79,72,False
lsb,73,9,1,351,649,0.351000000,0.149000000,649,78,73,False
lsb,74,9,2,367,633,0.367000000,0.133000000,633,77,74,False
lsb,75,9,3,402,598,0.402000000,0.098000000,598,76,75,False
lsb,76,9,4,343,657,0.343000000,0.157000000,657,75,76,False
lsb,77,9,5,378,622,0.378000000,0.122000000,622,74,77,False
lsb,78,9,6,368,632,0.368000000,0.132000000,632,73,78,False
lsb,79,9,7,332,668,0.332000000,0.168000000,668,72,79,False
lsb,80,10,0,386,614,0.386000000,0.114000000,614,87,80,False
lsb,81,10,1,354,646,0.354000000,0.146000000,646,86,81,False
lsb,82,10,2,393,607,0.393000000,0.107000000,607,85,82,False
lsb,83,10,3,411,589,0.411000000,0.089000000,589,84,83,False
lsb,84,10,4,345,655,0.345000000,0.155000000,655,83,84,False
lsb,85,10,5,409,591,0.409000000,0.091000000,591,82,85,False
lsb,86,10,6,343,657,0.343000000,0.157000000,657,81,86,False
lsb,87,10,7,355,645,0.355000000,0.145000000,645,80,87,False
lsb,88,11,0,353,647,0.353000000,0.147000000,647,95,88,False
lsb,89,11,1,363,637,0.363000000,0.137000000,637,94,89,False
lsb,90,11,2,375,625,0.375000000,0.125000000,625,93,90,False
lsb,91,11,3,382,618,0.382000000,0.118000000,618,92,91,False
lsb,92,11,4,362,638,0.362000000,0.138000000,638,91,92,False
lsb,93,11,5,379,621,0.379000000,0.121000000,621,90,93,False
lsb,94,11,6,368,632,0.368000000,0.132000000,632,89,94,False
lsb,95,11,7,394,606,0.394000000,0.106000000,606,88,95,False
lsb,96,12,0,350,650,0.350000000,0.150000000,650,103,96,False
lsb,97,12,1,359,641,0.359000000,0.141000000,641,102,97,False
lsb,98,12,2,397,603,0.397000000,0.103000000,603,101,98,False
lsb,99,12,3,392,608,0.392000000,0.108000000,608,100,99,False
lsb,100,12,4,369,631,0.369000000,0.131000000,631,99,100,False
lsb,101,12,5,382,618,0.382000000,0.118000000,618,98,101,False
lsb,102,12,6,343,657,0.343000000,0.157000000,657,97,102,False
lsb,103,12,7,377,623,0.377000000,0.123000000,623,96,103,False
lsb,104,13,0,379,621,0.379000000,0.121000000,621,111,104,False
lsb,105,13,1,357,643,0.357000000,0.143000000,643,110,105,False
lsb,106,13,2,378,622,0.378000000,0.122000000,622,109,106,False
lsb,107,13,3,347,653,0.347000000,0.153000000,653,108,107,False
lsb,108,13,4,368,632,0.368000000,0.132000000,632,107,108,False
lsb,109,13,5,405,595,0.405000000,0.095000000,595,106,109,False
lsb,110,13,6,357,643,0.357000000,0.143000000,643,105,110,False
lsb,111,13,7,388,612,0.388000000,0.112000000,612,104,111,False
lsb,112,14,0,381,619,0.381000000,0.119000000,619,119,112,False
lsb,113,14,1,372,628,0.372000000,0.128000000,628,118,113,False
lsb,114,14,2,364,636,0.364000000,0.136000000,636,117,114,False
lsb,115,14,3,345,655,0.345000000,0.155000000,655,116,115,False
lsb,116,14,4,340,660,0.340000000,0.160000000,660,115,116,False
lsb,117,14,5,396,604,0.396000000,0.104000000,604,114,117,False
lsb,118,14,6,348,652,0.348000000,0.152000000,652,113,118,False
lsb,119,14,7,396,604,0.396000000,0.104000000,604,112,119,False
lsb,120,15,0,382,618,0.382000000,0.118000000,618,127,120,False
lsb,121,15,1,389,611,0.389000000,0.111000000,611,126,121,False
lsb,122,15,2,374,626,0.374000000,0.126000000,626,125,122,False
lsb,123,15,3,332,668,0.332000000,0.168000000,668,124,123,False
lsb,124,15,4,375,625,0.375000000,0.125000000,625,123,124,False
lsb,125,15,5,387,613,0.387000000,0.113000000,613,122,125,False
lsb,126,15,6,350,650,0.350000000,0.150000000,650,121,126,False
lsb,127,15,7,358,642,0.358000000,0.142000000,642,120,127,False
lsb,128,16,0,385,615,0.385000000,0.115000000,615,135,128,False
lsb,129,16,1,360,640,0.360000000,0.140000000,640,134,129,False
lsb,130,16,2,375,625,0.375000000,0.125000000,625,133,130,False
lsb,131,16,3,366,634,0.366000000,0.134000000,634,132,131,False
lsb,132,16,4,355,645,0.355000000,0.145000000,645,131,132,False
lsb,133,16,5,385,615,0.385000000,0.115000000,615,130,133,False
lsb,134,16,6,377,623,0.377000000,0.123000000,623,129,134,False
lsb,135,16,7,383,617,0.383000000,0.117000000,617,128,135,False
lsb,136,17,0,375,625,0.375000000,0.125000000,625,143,136,False
lsb,137,17,1,373,627,0.373000000,0.127000000,627,142,137,False
lsb,138,17,2,382,618,0.382000000,0.118000000,618,141,138,False
lsb,139,17,3,377,623,0.377000000,0.123000000,623,140,139,False
lsb,140,17,4,383,617,0.383000000,0.117000000,617,139,140,False
lsb,141,17,5,380,620,0.380000000,0.120000000,620,138,141,False
lsb,142,17,6,348,652,0.348000000,0.152000000,652,137,142,False
lsb,143,17,7,382,618,0.382000000,0.118000000,618,136,143,False
lsb,144,18,0,341,659,0.341000000,0.159000000,659,151,144,False
lsb,145,18,1,352,648,0.352000000,0.148000000,648,150,145,False
lsb,146,18,2,369,631,0.369000000,0.131000000,631,149,146,False
lsb,147,18,3,369,631,0.369000000,0.131000000,631,148,147,False
lsb,148,18,4,370,630,0.370000000,0.130000000,630,147,148,False
lsb,149,18,5,364,636,0.364000000,0.136000000,636,146,149,False
lsb,150,18,6,371,629,0.371000000,0.129000000,629,145,150,False
lsb,151,18,7,395,605,0.395000000,0.105000000,605,144,151,False
lsb,152,19,0,366,634,0.366000000,0.134000000,634,159,152,False
lsb,153,19,1,383,617,0.383000000,0.117000000,617,158,153,False
lsb,154,19,2,364,636,0.364000000,0.136000000,636,157,154,False
lsb,155,19,3,358,642,0.358000000,0.142000000,642,156,155,False
lsb,156,19,4,376,624,0.376000000,0.124000000,624,155,156,False
lsb,157,19,5,341,659,0.341000000,0.159000000,659,154,157,False
lsb,158,19,6,382,618,0.382000000,0.118000000,618,153,158,False
lsb,159,19,7,397,603,0.397000000,0.103000000,603,152,159,False
lsb,160,20,0,366,634,0.366000000,0.134000000,634,167,160,False
lsb,161,20,1,344,656,0.344000000,0.156000000,656,166,161,False
lsb,162,20,2,357,643,0.357000000,0.143000000,643,165,162,False
lsb,163,20,3,364,636,0.364000000,0.136000000,636,164,163,False
lsb,164,20,4,381,619,0.381000000,0.119000000,619,163,164,False
lsb,165,20,5,377,623,0.377000000,0.123000000,623,162,165,False
lsb,166,20,6,371,629,0.371000000,0.129000000,629,161,166,False
lsb,167,20,7,374,626,0.374000000,0.126000000,626,160,167,False
lsb,168,21,0,370,630,0.370000000,0.130000000,630,175,168,False
lsb,169,21,1,376,624,0.376000000,0.124000000,624,174,169,False
lsb,170,21,2,370,630,0.370000000,0.130000000,630,173,170,False
lsb,171,21,3,405,595,0.405000000,0.095000000,595,172,171,False
lsb,172,21,4,362,638,0.362000000,0.138000000,638,171,172,False
lsb,173,21,5,372,628,0.372000000,0.128000000,628,170,173,False
lsb,174,21,6,374,626,0.374000000,0.126000000,626,169,174,False
lsb,175,21,7,385,615,0.385000000,0.115000000,615,168,175,False
lsb,176,22,0,388,612,0.388000000,0.112000000,612,183,176,False
lsb,177,22,1,380,620,0.380000000,0.120000000,620,182,177,False
lsb,178,22,2,367,633,0.367000000,0.133000000,633,181,178,False
lsb,179,22,3,389,611,0.389000000,0.111000000,611,180,179,False
lsb,180,22,4,373,627,0.373000000,0.127000000,627,179,180,False
lsb,181,22,5,364,636,0.364000000,0.136000000,636,178,181,False
lsb,182,22,6,379,621,0.379000000,0.121000000,621,177,182,False
lsb,183,22,7,373,627,0.373000000,0.127000000,627,176,183,False
lsb,184,23,0,362,638,0.362000000,0.138000000,638,191,184,False
lsb,185,23,1,374,626,0.374000000,0.126000000,626,190,185,False
lsb,186,23,2,385,615,0.385000000,0.115000000,615,189,186,False
lsb,187,23,3,357,643,0.357000000,0.143000000,643,188,187,False
lsb,188,23,4,388,612,0.388000000,0.112000000,612,187,188,False
lsb,189,23,5,364,636,0.364000000,0.136000000,636,186,189,False
lsb,190,23,6,402,598,0.402000000,0.098000000,598,185,190,False
lsb,191,23,7,355,645,0.355000000,0.145000000,645,184,191,False
lsb,192,24,0,371,629,0.371000000,0.129000000,629,199,192,False
lsb,193,24,1,403,597,0.403000000,0.097000000,597,198,193,False
lsb,194,24,2,347,653,0.347000000,0.153000000,653,197,194,False
lsb,195,24,3,385,615,0.385000000,0.115000000,615,196,195,False
lsb,196,24,4,366,634,0.366000000,0.134000000,634,195,196,False
lsb,197,24,5,375,625,0.375000000,0.125000000,625,194,197,False
lsb,198,24,6,363,637,0.363000000,0.137000000,637,193,198,False
lsb,199,24,7,368,632,0.368000000,0.132000000,632,192,199,False
lsb,200,25,0,364,636,0.364000000,0.136000000,636,207,200,False
lsb,201,25,1,377,623,0.377000000,0.123000000,623,206,201,False
lsb,202,25,2,378,622,0.378000000,0.122000000,622,205,202,False
lsb,203,25,3,385,615,0.385000000,0.115000000,615,204,203,False
lsb,204,25,4,376,624,0.376000000,0.124000000,624,203,204,False
lsb,205,25,5,394,606,0.394000000,0.106000000,606,202,205,False
lsb,206,25,6,398,602,0.398000000,0.102000000,602,201,206,False
lsb,207,25,7,367,633,0.367000000,0.133000000,633,200,207,False
lsb,208,26,0,342,658,0.342000000,0.158000000,658,215,208,False
lsb,209,26,1,378,622,0.378000000,0.122000000,622,214,209,False
lsb,210,26,2,368,632,0.368000000,0.132000000,632,213,210,False
lsb,211,26,3,385,615,0.385000000,0.115000000,615,212,211,False
lsb,212,26,4,389,611,0.389000000,0.111000000,611,211,212,False
lsb,213,26,5,348,652,0.348000000,0.152000000,652,210,213,False
lsb,214,26,6,351,649,0.351000000,0.149000000,649,209,214,False
lsb,215,26,7,371,629,0.371000000,0.129000000,629,208,215,False
lsb,216,27,0,345,655,0.345000000,0.155000000,655,223,216,False
lsb,217,27,1,365,635,0.365000000,0.135000000,635,222,217,False
lsb,218,27,2,364,636,0.364000000,0.136000000,636,221,218,False
lsb,219,27,3,341,659,0.341000000,0.159000000,659,220,219,False
lsb,220,27,4,397,603,0.397000000,0.103000000,603,219,220,False
lsb,221,27,5,366,634,0.366000000,0.134000000,634,218,221,False
lsb,222,27,6,383,617,0.383000000,0.117000000,617,217,222,False
lsb,223,27,7,367,633,0.367000000,0.133000000,633,216,223,False
lsb,224,28,0,373,627,0.373000000,0.127000000,627,231,224,False
lsb,225,28,1,401,599,0.401000000,0.099000000,599,230,225,False
lsb,226,28,2,363,637,0.363000000,0.137000000,637,229,226,False
lsb,227,28,3,376,624,0.376000000,0.124000000,624,228,227,False
lsb,228,28,4,395,605,0.395000000,0.105000000,605,227,228,False
lsb,229,28,5,366,634,0.366000000,0.134000000,634,226,229,False
lsb,230,28,6,357,643,0.357000000,0.143000000,643,225,230,False
lsb,231,28,7,371,629,0.371000000,0.129000000,629,224,231,False
lsb,232,29,0,353,647,0.353000000,0.147000000,647,239,232,False
lsb,233,29,1,371,629,0.371000000,0.129000000,629,238,233,False
lsb,234,29,2,375,625,0.375000000,0.125000000,625,237,234,False
lsb,235,29,3,376,624,0.376000000,0.124000000,624,236,235,False
lsb,236,29,4,357,643,0.357000000,0.143000000,643,235,236,False
lsb,237,29,5,362,638,0.362000000,0.138000000,638,234,237,False
lsb,238,29,6,395,605,0.395000000,0.105000000,605,233,238,False
lsb,239,29,7,363,637,0.363000000,0.137000000,637,232,239,False
lsb,240,30,0,381,619,0.381000000,0.119000000,619,247,240,False
lsb,241,30,1,371,629,0.371000000,0.129000000,629,246,241,False
lsb,242,30,2,367,633,0.367000000,0.133000000,633,245,242,False
lsb,243,30,3,403,597,0.403000000,0.097000000,597,244,243,False
lsb,244,30,4,358,642,0.358000000,0.142000000,642,243,244,False
lsb,245,30,5,390,610,0.390000000,0.110000000,610,242,245,False
lsb,246,30,6,363,637,0.363000000,0.137000000,637,241,246,False
lsb,247,30,7,397,603,0.397000000,0.103000000,603,240,247,False
lsb,248,31,0,405,595,0.405000000,0.095000000,595,255,248,False
lsb,249,31,1,387,613,0.387000000,0.113000000,613,254,249,False
lsb,250,31,2,362,638,0.362000000,0.138000000,638,253,250,False
lsb,251,31,3,353,647,0.353000000,0.147000000,647,252,251,False
lsb,252,31,4,372,628,0.372000000,0.128000000,628,251,252,False
lsb,253,31,5,369,631,0.369000000,0.131000000,631,250,253,False
lsb,254,31,6,386,614,0.386000000,0.114000000,614,249,254,False
lsb,255,31,7,360,640,0.360000000,0.140000000,640,248,255,False
lsb,256,32,0,366,634,0.366000000,0.134000000,634,263,256,False
lsb,257,32,1,391,609,0.391000000,0.109000000,609,262,257,False
lsb,258,32,2,364,636,0.364000000,0.136000000,636,261,258,False
lsb,259,32,3,373,627,0.373000000,0.127000000,627,260,259,False
lsb,260,32,4,393,607,0.393000000,0.107000000,607,259,260,False
lsb,261,32,5,383,617,0.383000000,0.117000000,617,258,261,False
lsb,262,32,6,393,607,0.393000000,0.107000000,607,257,262,False
lsb,263,32,7,370,630,0.370000000,0.130000000,630,256,263,False
lsb,264,33,0,352,648,0.352000000,0.148000000,648,271,264,False
lsb,265,33,1,397,603,0.397000000,0.103000000,603,270,265,False
lsb,266,33,2,383,617,0.383000000,0.117000000,617,269,266,False
lsb,267,33,3,362,638,0.362000000,0.138000000,638,268,267,False
lsb,268,33,4,360,640,0.360000000,0.140000000,640,267,268,False
lsb,269,33,5,383,617,0.383000000,0.117000000,617,266,269,False
lsb,270,33,6,379,621,0.379000000,0.121000000,621,265,270,False
lsb,271,33,7,344,656,0.344000000,0.156000000,656,264,271,False
lsb,272,34,0,369,631,0.369000000,0.131000000,631,279,272,False
lsb,273,34,1,382,618,0.382000000,0.118000000,618,278,273,False
lsb,274,34,2,377,623,0.377000000,0.123000000,623,277,274,False
lsb,275,34,3,369,631,0.369000000,0.131000000,631,276,275,False
lsb,276,34,4,397,603,0.397000000,0.103000000,603,275,276,False
lsb,277,34,5,385,615,0.385000000,0.115000000,615,274,277,False
lsb,278,34,6,392,608,0.392000000,0.108000000,608,273,278,False
lsb,279,34,7,370,630,0.370000000,0.130000000,630,272,279,False
lsb,280,35,0,342,658,0.342000000,0.158000000,658,287,280,False
lsb,281,35,1,367,633,0.367000000,0.133000000,633,286,281,False
lsb,282,35,2,361,639,0.361000000,0.139000000,639,285,282,False
lsb,283,35,3,371,629,0.371000000,0.129000000,629,284,283,False
lsb,284,35,4,380,620,0.380000000,0.120000000,620,283,284,False
lsb,285,35,5,376,624,0.376000000,0.124000000,624,282,285,False
lsb,286,35,6,343,657,0.343000000,0.157000000,657,281,286,False
lsb,287,35,7,411,589,0.411000000,0.089000000,589,280,287,False
lsb,288,36,0,375,625,0.375000000,0.125000000,625,295,288,False
lsb,289,36,1,360,640,0.360000000,0.140000000,640,294,289,False
lsb,290,36,2,392,608,0.392000000,0.108000000,608,293,290,False
lsb,291,36,3,377,623,0.377000000,0.123000000,623,292,291,False
lsb,292,36,4,383,617,0.383000000,0.117000000,617,291,292,False
lsb,293,36,5,355,645,0.355000000,0.145000000,645,290,293,False
lsb,294,36,6,366,634,0.366000000,0.134000000,634,289,294,False
lsb,295,36,7,352,648,0.352000000,0.148000000,648,288,295,False
lsb,296,37,0,372,628,0.372000000,0.128000000,628,303,296,False
lsb,297,37,1,367,633,0.367000000,0.133000000,633,302,297,False
lsb,298,37,2,359,641,0.359000000,0.141000000,641,301,298,False
lsb,299,37,3,388,612,0.388000000,0.112000000,612,300,299,False
lsb,300,37,4,373,627,0.373000000,0.127000000,627,299,300,False
lsb,301,37,5,356,644,0.356000000,0.144000000,644,298,301,False
lsb,302,37,6,359,641,0.359000000,0.141000000,641,297,302,False
lsb,303,37,7,381,619,0.381000000,0.119000000,619,296,303,False
lsb,304,38,0,380,620,0.380000000,0.120000000,620,311,304,False
lsb,305,38,1,411,589,0.411000000,0.089000000,589,310,305,False
lsb,306,38,2,358,642,0.358000000,0.142000000,642,309,306,False
lsb,307,38,3,373,627,0.373000000,0.127000000,627,308,307,False
lsb,308,38,4,361,639,0.361000000,0.139000000,639,307,308,False
lsb,309,38,5,357,643,0.357000000,0.143000000,643,306,309,False
lsb,310,38,6,337,663,0.337000000,0.163000000,663,305,310,False
lsb,311,38,7,357,643,0.357000000,0.143000000,643,304,311,False
lsb,312,39,0,381,619,0.381000000,0.119000000,619,319,312,False
lsb,313,39,1,392,608,0.392000000,0.108000000,608,318,313,False
lsb,314,39,2,359,641,0.359000000,0.141000000,641,317,314,False
lsb,315,39,3,388,612,0.388000000,0.112000000,612,316,315,False
lsb,316,39,4,358,642,0.358000000,0.142000000,642,315,316,False
lsb,317,39,5,349,651,0.349000000,0.151000000,651,314,317,False
lsb,318,39,6,383,617,0.383000000,0.117000000,617,313,318,False
lsb,319,39,7,389,611,0.389000000,0.111000000,611,312,319,False
lsb,320,40,0,385,615,0.385000000,0.115000000,615,327,320,False
lsb,321,40,1,400,600,0.400000000,0.100000000,600,326,321,False
lsb,322,40,2,394,606,0.394000000,0.106000000,606,325,322,False
lsb,323,40,3,372,628,0.372000000,0.128000000,628,324,323,False
lsb,324,40,4,378,622,0.378000000,0.122000000,622,323,324,False
lsb,325,40,5,381,619,0.381000000,0.119000000,619,322,325,False
lsb,326,40,6,387,613,0.387000000,0.113000000,613,321,326,False
lsb,327,40,7,363,637,0.363000000,0.137000000,637,320,327,False
lsb,328,41,0,385,615,0.385000000,0.115000000,615,335,328,False
lsb,329,41,1,385,615,0.385000000,0.115000000,615,334,329,False
lsb,330,41,2,368,632,0.368000000,0.132000000,632,333,330,False
lsb,331,41,3,363,637,0.363000000,0.137000000,637,332,331,False
lsb,332,41,4,371,629,0.371000000,0.129000000,629,331,332,False
lsb,333,41,5,358,642,0.358000000,0.142000000,642,330,333,False
lsb,334,41,6,380,620,0.380000000,0.120000000,620,329,334,False
lsb,335,41,7,356,644,0.356000000,0.144000000,644,328,335,False
lsb,336,42,0,407,593,0.407000000,0.093000000,593,343,336,False
lsb,337,42,1,389,611,0.389000000,0.111000000,611,342,337,False
lsb,338,42,2,397,603,0.397000000,0.103000000,603,341,338,False
lsb,339,42,3,385,615,0.385000000,0.115000000,615,340,339,False
lsb,340,42,4,355,645,0.355000000,0.145000000,645,339,340,False
lsb,341,42,5,362,638,0.362000000,0.138000000,638,338,341,False
lsb,342,42,6,378,622,0.378000000,0.122000000,622,337,342,False
lsb,343,42,7,355,645,0.355000000,0.145000000,645,336,343,False
lsb,344,43,0,376,624,0.376000000,0.124000000,624,351,344,False
lsb,345,43,1,373,627,0.373000000,0.127000000,627,350,345,False
lsb,346,43,2,392,608,0.392000000,0.108000000,608,349,346,False
lsb,347,43,3,373,627,0.373000000,0.127000000,627,348,347,False
lsb,348,43,4,373,627,0.373000000,0.127000000,627,347,348,False
lsb,349,43,5,359,641,0.359000000,0.141000000,641,346,349,False
lsb,350,43,6,405,595,0.405000000,0.095000000,595,345,350,False
lsb,351,43,7,387,613,0.387000000,0.113000000,613,344,351,False
lsb,352,44,0,377,623,0.377000000,0.123000000,623,359,352,False
lsb,353,44,1,386,614,0.386000000,0.114000000,614,358,353,False
lsb,354,44,2,389,611,0.389000000,0.111000000,611,357,354,False
lsb,355,44,3,399,601,0.399000000,0.101000000,601,356,355,False
lsb,356,44,4,370,630,0.370000000,0.130000000,630,355,356,False
lsb,357,44,5,399,601,0.399000000,0.101000000,601,354,357,False
lsb,358,44,6,383,617,0.383000000,0.117000000,617,353,358,False
lsb,359,44,7,376,624,0.376000000,0.124000000,624,352,359,False
lsb,360,45,0,342,658,0.342000000,0.158000000,658,367,360,False
lsb,361,45,1,366,634,0.366000000,0.134000000,634,366,361,False
lsb,362,45,2,368,632,0.368000000,0.132000000,632,365,362,False
lsb,363,45,3,371,629,0.371000000,0.129000000,629,364,363,False
lsb,364,45,4,366,634,0.366000000,0.134000000,634,363,364,False
lsb,365,45,5,374,626,0.374000000,0.126000000,626,362,365,False
lsb,366,45,6,357,643,0.357000000,0.143000000,643,361,366,False
lsb,367,45,7,338,662,0.338000000,0.162000000,662,360,367,False
lsb,368,46,0,376,624,0.376000000,0.124000000,624,375,368,False
lsb,369,46,1,392,608,0.392000000,0.108000000,608,374,369,False
lsb,370,46,2,358,642,0.358000000,0.142000000,642,373,370,False
lsb,371,46,3,361,639,0.361000000,0.139000000,639,372,371,False
lsb,372,46,4,391,609,0.391000000,0.109000000,609,371,372,False
lsb,373,46,5,353,647,0.353000000,0.147000000,647,370,373,False
lsb,374,46,6,365,635,0.365000000,0.135000000,635,369,374,False
lsb,375,46,7,367,633,0.367000000,0.133000000,633,368,375,False
lsb,376,47,0,351,649,0.351000000,0.149000000,649,383,376,False
lsb,377,47,1,354,646,0.354000000,0.146000000,646,382,377,False
lsb,378,47,2,361,639,0.361000000,0.139000000,639,381,378,False
lsb,379,47,3,398,602,0.398000000,0.102000000,602,380,379,False
lsb,380,47,4,366,634,0.366000000,0.134000000,634,379,380,False
lsb,381,47,5,367,633,0.367000000,0.133000000,633,378,381,False
lsb,382,47,6,375,625,0.375000000,0.125000000,625,377,382,False
lsb,383,47,7,370,630,0.370000000,0.130000000,630,376,383,False
lsb,384,48,0,372,628,0.372000000,0.128000000,628,391,384,False
lsb,385,48,1,374,626,0.374000000,0.126000000,626,390,385,False
lsb,386,48,2,368,632,0.368000000,0.132000000,632,389,386,False
lsb,387,48,3,377,623,0.377000000,0.123000000,623,388,387,False
lsb,388,48,4,381,619,0.381000000,0.119000000,619,387,388,False
lsb,389,48,5,394,606,0.394000000,0.106000000,606,386,389,False
lsb,390,48,6,385,615,0.385000000,0.115000000,615,385,390,False
lsb,391,48,7,361,639,0.361000000,0.139000000,639,384,391,False
lsb,392,49,0,399,601,0.399000000,0.101000000,601,399,392,False
lsb,393,49,1,361,639,0.361000000,0.139000000,639,398,393,False
lsb,394,49,2,383,617,0.383000000,0.117000000,617,397,394,False
lsb,395,49,3,355,645,0.355000000,0.145000000,645,396,395,False
lsb,396,49,4,358,642,0.358000000,0.142000000,642,395,396,False
lsb,397,49,5,355,645,0.355000000,0.145000000,645,394,397,False
lsb,398,49,6,397,603,0.397000000,0.103000000,603,393,398,False
lsb,399,49,7,371,629,0.371000000,0.129000000,629,392,399,False
lsb,400,50,0,391,609,0.391000000,0.109000000,609,407,400,False
lsb,401,50,1,399,601,0.399000000,0.101000000,601,406,401,False
lsb,402,50,2,367,633,0.367000000,0.133000000,633,405,402,False
lsb,403,50,3,332,668,0.332000000,0.168000000,668,404,403,False
lsb,404,50,4,382,618,0.382000000,0.118000000,618,403,404,False
lsb,405,50,5,351,649,0.351000000,0.149000000,649,402,405,False
lsb,406,50,6,356,644,0.356000000,0.144000000,644,401,406,False
lsb,407,50,7,386,614,0.386000000,0.114000000,614,400,407,False
lsb,408,51,0,369,631,0.369000000,0.131000000,631,415,408,False
lsb,409,51,1,356,644,0.356000000,0.144000000,644,414,409,False
lsb,410,51,2,382,618,0.382000000,0.118000000,618,413,410,False
lsb,411,51,3,373,627,0.373000000,0.127000000,627,412,411,False
lsb,412,51,4,381,619,0.381000000,0.119000000,619,411,412,False
lsb,413,51,5,383,617,0.383000000,0.117000000,617,410,413,False
lsb,414,51,6,372,628,0.372000000,0.128000000,628,409,414,False
lsb,415,51,7,369,631,0.369000000,0.131000000,631,408,415,False
lsb,416,52,0,355,645,0.355000000,0.145000000,645,423,416,False
lsb,417,52,1,383,617,0.383000000,0.117000000,617,422,417,False
lsb,418,52,2,366,634,0.366000000,0.134000000,634,421,418,False
lsb,419,52,3,384,616,0.384000000,0.116000000,616,420,419,False
lsb,420,52,4,354,646,0.354000000,0.146000000,646,419,420,False
lsb,421,52,5,395,605,0.395000000,0.105000000,605,418,421,False
lsb,422,52,6,368,632,0.368000000,0.132000000,632,417,422,False
lsb,423,52,7,384,616,0.384000000,0.116000000,616,416,423,False
lsb,424,53,0,370,630,0.370000000,0.130000000,630,431,424,False
lsb,425,53,1,379,621,0.379000000,0.121000000,621,430,425,False
lsb,426,53,2,375,625,0.375000000,0.125000000,625,429,426,False
lsb,427,53,3,367,633,0.367000000,0.133000000,633,428,427,False
lsb,428,53,4,372,628,0.372000000,0.128000000,628,427,428,False
lsb,429,53,5,359,641,0.359000000,0.141000000,641,426,429,False
lsb,430,53,6,386,614,0.386000000,0.114000000,614,425,430,False
lsb,431,53,7,360,640,0.360000000,0.140000000,640,424,431,False
lsb,432,54,0,349,651,0.349000000,0.151000000,651,439,432,False
lsb,433,54,1,374,626,0.374000000,0.126000000,626,438,433,False
lsb,434,54,2,380,620,0.380000000,0.120000000,620,437,434,False
lsb,435,54,3,360,640,0.360000000,0.140000000,640,436,435,False
lsb,436,54,4,393,607,0.393000000,0.107000000,607,435,436,False
lsb,437,54,5,371,629,0.371000000,0.129000000,629,434,437,False
lsb,438,54,6,399,601,0.399000000,0.101000000,601,433,438,False
lsb,439,54,7,366,634,0.366000000,0.134000000,634,432,439,False
lsb,440,55,0,393,607,0.393000000,0.107000000,607,447,440,False
lsb,441,55,1,375,625,0.375000000,0.125000000,625,446,441,False
lsb,442,55,2,370,630,0.370000000,0.130000000,630,445,442,False
lsb,443,55,3,388,612,0.388000000,0.112000000,612,444,443,False
lsb,444,55,4,357,643,0.357000000,0.143000000,643,443,444,False
lsb,445,55,5,386,614,0.386000000,0.114000000,614,442,445,False
lsb,446,55,6,353,647,0.353000000,0.147000000,647,441,446,False
lsb,447,55,7,345,655,0.345000000,0.155000000,655,440,447,False
lsb,448,56,0,373,627,0.373000000,0.127000000,627,455,448,False
lsb,449,56,1,366,634,0.366000000,0.134000000,634,454,449,False
lsb,450,56,2,364,636,0.364000000,0.136000000,636,453,450,False
lsb,451,56,3,352,648,0.352000000,0.148000000,648,452,451,False
lsb,452,56,4,377,623,0.377000000,0.123000000,623,451,452,False
lsb,453,56,5,368,632,0.368000000,0.132000000,632,450,453,False
lsb,454,56,6,371,629,0.371000000,0.129000000,629,449,454,False
lsb,455,56,7,381,619,0.381000000,0.119000000,619,448,455,False
lsb,456,57,0,420,580,0.420000000,0.080000000,580,463,456,False
lsb,457,57,1,359,641,0.359000000,0.141000000,641,462,457,False
lsb,458,57,2,378,622,0.378000000,0.122000000,622,461,458,False
lsb,459,57,3,364,636,0.364000000,0.136000000,636,460,459,False
lsb,460,57,4,393,607,0.393000000,0.107000000,607,459,460,False
lsb,461,57,5,360,640,0.360000000,0.140000000,640,458,461,False
lsb,462,57,6,378,622,0.378000000,0.122000000,622,457,462,False
lsb,463,57,7,374,626,0.374000000,0.126000000,626,456,463,False
lsb,464,58,0,369,631,0.369000000,0.131000000,631,471,464,False
lsb,465,58,1,372,628,0.372000000,0.128000000,628,470,465,False
lsb,466,58,2,372,628,0.372000000,0.128000000,628,469,466,False
lsb,467,58,3,381,619,0.381000000,0.119000000,619,468,467,False
lsb,468,58,4,375,625,0.375000000,0.125000000,625,467,468,False
lsb,469,58,5,368,632,0.368000000,0.132000000,632,466,469,False
lsb,470,58,6,364,636,0.364000000,0.136000000,636,465,470,False
lsb,471,58,7,368,632,0.368000000,0.132000000,632,464,471,False
lsb,472,59,0,373,627,0.373000000,0.127000000,627,479,472,False
lsb,473,59,1,354,646,0.354000000,0.146000000,646,478,473,False
lsb,474,59,2,383,617,0.383000000,0.117000000,617,477,474,False
lsb,475,59,3,388,612,0.388000000,0.112000000,612,476,475,False
lsb,476,59,4,369,631,0.369000000,0.131000000,631,475,476,False
lsb,477,59,5,389,611,0.389000000,0.111000000,611,474,477,False
lsb,478,59,6,397,603,0.397000000,0.103000000,603,473,478,False
lsb,479,59,7,366,634,0.366000000,0.134000000,634,472,479,False
lsb,480,60,0,369,631,0.369000000,0.131000000,631,487,480,False
lsb,481,60,1,375,625,0.375000000,0.125000000,625,486,481,False
lsb,482,60,2,368,632,0.368000000,0.132000000,632,485,482,False
lsb,483,60,3,356,644,0.356000000,0.144000000,644,484,483,False
lsb,484,60,4,344,656,0.344000000,0.156000000,656,483,484,False
lsb,485,60,5,383,617,0.383000000,0.117000000,617,482,485,False
lsb,486,60,6,391,609,0.391000000,0.109000000,609,481,486,False
lsb,487,60,7,362,638,0.362000000,0.138000000,638,480,487,False
lsb,488,61,0,354,646,0.354000000,0.146000000,646,495,488,False
lsb,489,61,1,380,620,0.380000000,0.120000000,620,494,489,False
lsb,490,61,2,362,638,0.362000000,0.138000000,638,493,490,False
lsb,491,61,3,377,623,0.377000000,0.123000000,623,492,491,False
lsb,492,61,4,353,647,0.353000000,0.147000000,647,491,492,False
lsb,493,61,5,352,648,0.352000000,0.148000000,648,490,493,False
lsb,494,61,6,393,607,0.393000000,0.107000000,607,489,494,False
lsb,495,61,7,385,615,0.385000000,0.115000000,615,488,495,False
lsb,496,62,0,370,630,0.370000000,0.130000000,630,503,496,False
lsb,497,62,1,385,615,0.385000000,0.115000000,615,502,497,False
lsb,498,62,2,372,628,0.372000000,0.128000000,628,501,498,False
lsb,499,62,3,371,629,0.371000000,0.129000000,629,500,499,False
lsb,500,62,4,385,615,0.385000000,0.115000000,615,499,500,False
lsb,501,62,5,364,636,0.364000000,0.136000000,636,498,501,False
lsb,502,62,6,362,638,0.362000000,0.138000000,638,497,502,False
lsb,503,62,7,380,620,0.380000000,0.120000000,620,496,503,False
lsb,504,63,0,397,603,0.397000000,0.103000000,603,511,504,False
lsb,505,63,1,392,608,0.392000000,0.108000000,608,510,505,False
lsb,506,63,2,372,628,0.372000000,0.128000000,628,509,506,False
lsb,507,63,3,339,661,0.339000000,0.161000000,661,508,507,False
lsb,508,63,4,370,630,0.370000000,0.130000000,630,507,508,False
lsb,509,63,5,376,624,0.376000000,0.124000000,624,506,509,False
lsb,510,63,6,364,636,0.364000000,0.136000000,636,505,510,False
lsb,511,63,7,386,614,0.386000000,0.114000000,614,504,511,False
lsb,512,64,0,359,641,0.359000000,0.141000000,641,519,512,False
lsb,513,64,1,347,653,0.347000000,0.153000000,653,518,513,False
lsb,514,64,2,382,618,0.382000000,0.118000000,618,517,514,False
lsb,515,64,3,388,612,0.388000000,0.112000000,612,516,515,False
lsb,516,64,4,392,608,0.392000000,0.108000000,608,515,516,False
lsb,517,64,5,389,611,0.389000000,0.111000000,611,514,517,False
lsb,518,64,6,381,619,0.381000000,0.119000000,619,513,518,False
lsb,519,64,7,381,619,0.381000000,0.119000000,619,512,519,False
lsb,520,65,0,401,599,0.401000000,0.099000000,599,527,520,False
lsb,521,65,1,364,636,0.364000000,0.136000000,636,526,521,False
lsb,522,65,2,381,619,0.381000000,0.119000000,619,525,522,False
lsb,523,65,3,367,633,0.367000000,0.133000000,633,524,523,False
lsb,524,65,4,375,625,0.375000000,0.125000000,625,523,524,False
lsb,525,65,5,364,636,0.364000000,0.136000000,636,522,525,False
lsb,526,65,6,367,633,0.367000000,0.133000000,633,521,526,False
lsb,527,65,7,352,648,0.352000000,0.148000000,648,520,527,False
lsb,528,66,0,360,640,0.360000000,0.140000000,640,535,528,False
lsb,529,66,1,376,624,0.376000000,0.124000000,624,534,529,False
lsb,530,66,2,358,642,0.358000000,0.142000000,642,533,530,False
lsb,531,66,3,376,624,0.376000000,0.124000000,624,532,531,False
lsb,532,66,4,380,620,0.380000000,0.120000000,620,531,532,False
lsb,533,66,5,364,636,0.364000000,0.136000000,636,530,533,False
lsb,534,66,6,386,614,0.386000000,0.114000000,614,529,534,False
lsb,535,66,7,377,623,0.377000000,0.123000000,623,528,535,False
lsb,536,67,0,362,638,0.362000000,0.138000000,638,543,536,False
lsb,537,67,1,369,631,0.369000000,0.131000000,631,542,537,False
lsb,538,67,2,373,627,0.373000000,0.127000000,627,541,538,False
lsb,539,67,3,363,637,0.363000000,0.137000000,637,540,539,False
lsb,540,67,4,355,645,0.355000000,0.145000000,645,539,540,False
lsb,541,67,5,379,621,0.379000000,0.121000000,621,538,541,False
lsb,542,67,6,380,620,0.380000000,0.120000000,620,537,542,False
lsb,543,67,7,392,608,0.392000000,0.108000000,608,536,543,False
lsb,544,68,0,363,637,0.363000000,0.137000000,637,551,544,False
lsb,545,68,1,365,635,0.365000000,0.135000000,635,550,545,False
lsb,546,68,2,388,612,0.388000000,0.112000000,612,549,546,False
lsb,547,68,3,381,619,0.381000000,0.119000000,619,548,547,False
lsb,548,68,4,372,628,0.372000000,0.128000000,628,547,548,False
lsb,549,68,5,367,633,0.367000000,0.133000000,633,546,549,False
lsb,550,68,6,378,622,0.378000000,0.122000000,622,545,550,False
lsb,551,68,7,378,622,0.378000000,0.122000000,622,544,551,False
lsb,552,69,0,369,631,0.369000000,0.131000000,631,559,552,False
lsb,553,69,1,374,626,0.374000000,0.126000000,626,558,553,False
lsb,554,69,2,384,616,0.384000000,0.116000000,616,557,554,False
lsb,555,69,3,381,619,0.381000000,0.119000000,619,556,555,False
lsb,556,69,4,355,645,0.355000000,0.145000000,645,555,556,False
lsb,557,69,5,366,634,0.366000000,0.134000000,634,554,557,False
lsb,558,69,6,371,629,0.371000000,0.129000000,629,553,558,False
lsb,559,69,7,391,609,0.391000000,0.109000000,609,552,559,False
lsb,560,70,0,372,628,0.372000000,0.128000000,628,567,560,False
lsb,561,70,1,379,621,0.379000000,0.121000000,621,566,561,False
lsb,562,70,2,393,607,0.393000000,0.107000000,607,565,562,False
lsb,563,70,3,377,623,0.377000000,0.123000000,623,564,563,False
lsb,564,70,4,368,632,0.368000000,0.132000000,632,563,564,False
lsb,565,70,5,358,642,0.358000000,0.142000000,642,562,565,False
lsb,566,70,6,377,623,0.377000000,0.123000000,623,561,566,False
lsb,567,70,7,365,635,0.365000000,0.135000000,635,560,567,False
lsb,568,71,0,381,619,0.381000000,0.119000000,619,575,568,False
lsb,569,71,1,379,621,0.379000000,0.121000000,621,574,569,False
lsb,570,71,2,361,639,0.361000000,0.139000000,639,573,570,False
lsb,571,71,3,396,604,0.396000000,0.104000000,604,572,571,False
lsb,572,71,4,377,623,0.377000000,0.123000000,623,571,572,False
lsb,573,71,5,392,608,0.392000000,0.108000000,608,570,573,False
lsb,574,71,6,373,627,0.373000000,0.127000000,627,569,574,False
lsb,575,71,7,368,632,0.368000000,0.132000000,632,568,575,False
lsb,576,72,0,383,617,0.383000000,0.117000000,617,583,576,False
lsb,577,72,1,396,604,0.396000000,0.104000000,604,582,577,False
lsb,578,72,2,374,626,0.374000000,0.126000000,626,581,578,False
lsb,579,72,3,376,624,0.376000000,0.124000000,624,580,579,False
lsb,580,72,4,373,627,0.373000000,0.127000000,627,579,580,False
lsb,581,72,5,382,618,0.382000000,0.118000000,618,578,581,False
lsb,582,72,6,364,636,0.364000000,0.136000000,636,577,582,False
lsb,583,72,7,375,625,0.375000000,0.125000000,625,576,583,False
lsb,584,73,0,363,637,0.363000000,0.137000000,637,591,584,False
lsb,585,73,1,358,642,0.358000000,0.142000000,642,590,585,False
lsb,586,73,2,372,628,0.372000000,0.128000000,628,589,586,False
lsb,587,73,3,359,641,0.359000000,0.141000000,641,588,587,False
lsb,588,73,4,360,640,0.360000000,0.140000000,640,587,588,False
lsb,589,73,5,359,641,0.359000000,0.141000000,641,586,589,False
lsb,590,73,6,374,626,0.374000000,0.126000000,626,585,590,False
lsb,591,73,7,339,661,0.339000000,0.161000000,661,584,591,False
lsb,592,74,0,359,641,0.359000000,0.141000000,641,599,592,False
lsb,593,74,1,383,617,0.383000000,0.117000000,617,598,593,False
lsb,594,74,2,361,639,0.361000000,0.139000000,639,597,594,False
lsb,595,74,3,398,602,0.398000000,0.102000000,602,596,595,False
lsb,596,74,4,410,590,0.410000000,0.090000000,590,595,596,False
lsb,597,74,5,383,617,0.383000000,0.117000000,617,594,597,False
lsb,598,74,6,370,630,0.370000000,0.130000000,630,593,598,False
lsb,599,74,7,374,626,0.374000000,0.126000000,626,592,599,False
lsb,600,75,0,357,643,0.357000000,0.143000000,643,607,600,False
lsb,601,75,1,344,656,0.344000000,0.156000000,656,606,601,False
lsb,602,75,2,370,630,0.370000000,0.130000000,630,605,602,False
lsb,603,75,3,383,617,0.383000000,0.117000000,617,604,603,False
lsb,604,75,4,383,617,0.383000000,0.117000000,617,603,604,False
lsb,605,75,5,375,625,0.375000000,0.125000000,625,602,605,False
lsb,606,75,6,380,620,0.380000000,0.120000000,620,601,606,False
lsb,607,75,7,329,671,0.329000000,0.171000000,671,600,607,False
lsb,608,76,0,389,611,0.389000000,0.111000000,611,615,608,False
lsb,609,76,1,350,650,0.350000000,0.150000000,650,614,609,False
lsb,610,76,2,380,620,0.380000000,0.120000000,620,613,610,False
lsb,611,76,3,368,632,0.368000000,0.132000000,632,612,611,False
lsb,612,76,4,389,611,0.389000000,0.111000000,611,611,612,False
lsb,613,76,5,373,627,0.373000000,0.127000000,627,610,613,False
lsb,614,76,6,381,619,0.381000000,0.119000000,619,609,614,False
lsb,615,76,7,389,611,0.389000000,0.111000000,611,608,615,False
lsb,616,77,0,378,622,0.378000000,0.122000000,622,623,616,False
lsb,617,77,1,347,653,0.347000000,0.153000000,653,622,617,False
lsb,618,77,2,390,610,0.390000000,0.110000000,610,621,618,False
lsb,619,77,3,395,605,0.395000000,0.105000000,605,620,619,False
lsb,620,77,4,367,633,0.367000000,0.133000000,633,619,620,False
lsb,621,77,5,370,630,0.370000000,0.130000000,630,618,621,False
lsb,622,77,6,395,605,0.395000000,0.105000000,605,617,622,False
lsb,623,77,7,376,624,0.376000000,0.124000000,624,616,623,False
lsb,624,78,0,362,638,0.362000000,0.138000000,638,631,624,False
lsb,625,78,1,355,645,0.355000000,0.145000000,645,630,625,False
lsb,626,78,2,372,628,0.372000000,0.128000000,628,629,626,False
lsb,627,78,3,354,646,0.354000000,0.146000000,646,628,627,False
lsb,628,78,4,373,627,0.373000000,0.127000000,627,627,628,False
lsb,629,78,5,386,614,0.386000000,0.114000000,614,626,629,False
lsb,630,78,6,368,632,0.368000000,0.132000000,632,625,630,False
lsb,631,78,7,388,612,0.388000000,0.112000000,612,624,631,False
lsb,632,79,0,366,634,0.366000000,0.134000000,634,639,632,False
lsb,633,79,1,364,636,0.364000000,0.136000000,636,638,633,False
lsb,634,79,2,380,620,0.380000000,0.120000000,620,637,634,False
lsb,635,79,3,361,639,0.361000000,0.139000000,639,636,635,False
lsb,636,79,4,371,629,0.371000000,0.129000000,629,635,636,False
lsb,637,79,5,339,661,0.339000000,0.161000000,661,634,637,False
lsb,638,79,6,386,614,0.386000000,0.114000000,614,633,638,False
lsb,639,79,7,386,614,0.386000000,0.114000000,614,632,639,False
lsb,640,80,0,382,618,0.382000000,0.118000000,618,647,640,False
lsb,641,80,1,378,622,0.378000000,0.122000000,622,646,641,False
lsb,642,80,2,343,657,0.343000000,0.157000000,657,645,642,False
lsb,643,80,3,372,628,0.372000000,0.128000000,628,644,643,False
lsb,644,80,4,394,606,0.394000000,0.106000000,606,643,644,False
lsb,645,80,5,391,609,0.391000000,0.109000000,609,642,645,False
lsb,646,80,6,374,626,0.374000000,0.126000000,626,641,646,False
lsb,647,80,7,386,614,0.386000000,0.114000000,614,640,647,False
lsb,648,81,0,353,647,0.353000000,0.147000000,647,655,648,False
lsb,649,81,1,364,636,0.364000000,0.136000000,636,654,649,False
lsb,650,81,2,358,642,0.358000000,0.142000000,642,653,650,False
lsb,651,81,3,364,636,0.364000000,0.136000000,636,652,651,False
lsb,652,81,4,363,637,0.363000000,0.137000000,637,651,652,False
lsb,653,81,5,346,654,0.346000000,0.154000000,654,650,653,False
lsb,654,81,6,367,633,0.367000000,0.133000000,633,649,654,False
lsb,655,81,7,376,624,0.376000000,0.124000000,624,648,655,False
lsb,656,82,0,386,614,0.386000000,0.114000000,614,663,656,False
lsb,657,82,1,396,604,0.396000000,0.104000000,604,662,657,False
lsb,658,82,2,367,633,0.367000000,0.133000000,633,661,658,False
lsb,659,82,3,365,635,0.365000000,0.135000000,635,660,659,False
lsb,660,82,4,361,639,0.361000000,0.139000000,639,659,660,False
lsb,661,82,5,363,637,0.363000000,0.137000000,637,658,661,False
lsb,662,82,6,376,624,0.376000000,0.124000000,624,657,662,False
lsb,663,82,7,372,628,0.372000000,0.128000000,628,656,663,False
lsb,664,83,0,355,645,0.355000000,0.145000000,645,671,664,False
lsb,665,83,1,367,633,0.367000000,0.133000000,633,670,665,False
lsb,666,83,2,386,614,0.386000000,0.114000000,614,669,666,False
lsb,667,83,3,359,641,0.359000000,0.141000000,641,668,667,False
lsb,668,83,4,373,627,0.373000000,0.127000000,627,667,668,False
lsb,669,83,5,369,631,0.369000000,0.131000000,631,666,669,False
lsb,670,83,6,379,621,0.379000000,0.121000000,621,665,670,False
lsb,671,83,7,384,616,0.384000000,0.116000000,616,664,671,False
lsb,672,84,0,400,600,0.400000000,0.100000000,600,679,672,False
lsb,673,84,1,381,619,0.381000000,0.119000000,619,678,673,False
lsb,674,84,2,353,647,0.353000000,0.147000000,647,677,674,False
lsb,675,84,3,362,638,0.362000000,0.138000000,638,676,675,False
lsb,676,84,4,388,612,0.388000000,0.112000000,612,675,676,False
lsb,677,84,5,347,653,0.347000000,0.153000000,653,674,677,False
lsb,678,84,6,384,616,0.384000000,0.116000000,616,673,678,False
lsb,679,84,7,365,635,0.365000000,0.135000000,635,672,679,False
lsb,680,85,0,379,621,0.379000000,0.121000000,621,687,680,False
lsb,681,85,1,370,630,0.370000000,0.130000000,630,686,681,False
lsb,682,85,2,349,651,0.349000000,0.151000000,651,685,682,False
lsb,683,85,3,390,610,0.390000000,0.110000000,610,684,683,False
lsb,684,85,4,393,607,0.393000000,0.107000000,607,683,684,False
lsb,685,85,5,347,653,0.347000000,0.153000000,653,682,685,False
lsb,686,85,6,364,636,0.364000000,0.136000000,636,681,686,False
lsb,687,85,7,366,634,0.366000000,0.134000000,634,680,687,False
lsb,688,86,0,368,632,0.368000000,0.132000000,632,695,688,False
lsb,689,86,1,404,596,0.404000000,0.096000000,596,694,689,False
lsb,690,86,2,386,614,0.386000000,0.114000000,614,693,690,False
lsb,691,86,3,387,613,0.387000000,0.113000000,613,692,691,False
lsb,692,86,4,376,624,0.376000000,0.124000000,624,691,692,False
lsb,693,86,5,376,624,0.376000000,0.124000000,624,690,693,False
lsb,694,86,6,385,615,0.385000000,0.115000000,615,689,694,False
lsb,695,86,7,356,644,0.356000000,0.144000000,644,688,695,False
lsb,696,87,0,370,630,0.370000000,0.130000000,630,703,696,False
lsb,697,87,1,352,648,0.352000000,0.148000000,648,702,697,False
lsb,698,87,2,382,618,0.382000000,0.118000000,618,701,698,False
lsb,699,87,3,372,628,0.372000000,0.128000000,628,700,699,False
lsb,700,87,4,371,629,0.371000000,0.129000000,629,699,700,False
lsb,701,87,5,396,604,0.396000000,0.104000000,604,698,701,False
lsb,702,87,6,362,638,0.362000000,0.138000000,638,697,702,False
lsb,703,87,7,376,624,0.376000000,0.124000000,624,696,703,False
lsb,704,88,0,388,612,0.388000000,0.112000000,612,711,704,False
lsb,705,88,1,378,622,0.378000000,0.122000000,622,710,705,False
lsb,706,88,2,356,644,0.356000000,0.144000000,644,709,706,False
lsb,707,88,3,361,639,0.361000000,0.139000000,639,708,707,False
lsb,708,88,4,392,608,0.392000000,0.108000000,608,707,708,False
lsb,709,88,5,370,630,0.370000000,0.130000000,630,706,709,False
lsb,710,88,6,381,619,0.381000000,0.119000000,619,705,710,False
lsb,711,88,7,369,631,0.369000000,0.131000000,631,704,711,False
lsb,712,89,0,348,652,0.348000000,0.152000000,652,719,712,False
lsb,713,89,1,374,626,0.374000000,0.126000000,626,718,713,False
lsb,714,89,2,370,630,0.370000000,0.130000000,630,717,714,False
lsb,715,89,3,352,648,0.352000000,0.148000000,648,716,715,False
lsb,716,89,4,368,632,0.368000000,0.132000000,632,715,716,False
lsb,717,89,5,361,639,0.361000000,0.139000000,639,714,717,False
lsb,718,89,6,383,617,0.383000000,0.117000000,617,713,718,False
lsb,719,89,7,364,636,0.364000000,0.136000000,636,712,719,False
lsb,720,90,0,349,651,0.349000000,0.151000000,651,727,720,False
lsb,721,90,1,342,658,0.342000000,0.158000000,658,726,721,False
lsb,722,90,2,369,631,0.369000000,0.131000000,631,725,722,False
lsb,723,90,3,379,621,0.379000000,0.121000000,621,724,723,False
lsb,724,90,4,384,616,0.384000000,0.116000000,616,723,724,False
lsb,725,90,5,382,618,0.382000000,0.118000000,618,722,725,False
lsb,726,90,6,379,621,0.379000000,0.121000000,621,721,726,False
lsb,727,90,7,398,602,0.398000000,0.102000000,602,720,727,False
lsb,728,91,0,383,617,0.383000000,0.117000000,617,735,728,False
lsb,729,91,1,326,674,0.326000000,0.174000000,674,734,729,False
lsb,730,91,2,381,619,0.381000000,0.119000000,619,733,730,False
lsb,731,91,3,394,606,0.394000000,0.106000000,606,732,731,False
lsb,732,91,4,382,618,0.382000000,0.118000000,618,731,732,False
lsb,733,91,5,370,630,0.370000000,0.130000000,630,730,733,False
lsb,734,91,6,380,620,0.380000000,0.120000000,620,729,734,False
lsb,735,91,7,387,613,0.387000000,0.113000000,613,728,735,False
lsb,736,92,0,391,609,0.391000000,0.109000000,609,743,736,False
lsb,737,92,1,374,626,0.374000000,0.126000000,626,742,737,False
lsb,738,92,2,356,644,0.356000000,0.144000000,644,741,738,False
lsb,739,92,3,380,620,0.380000000,0.120000000,620,740,739,False
lsb,740,92,4,365,635,0.365000000,0.135000000,635,739,740,False
lsb,741,92,5,385,615,0.385000000,0.115000000,615,738,741,False
lsb,742,92,6,374,626,0.374000000,0.126000000,626,737,742,False
lsb,743,92,7,396,604,0.396000000,0.104000000,604,736,743,False
lsb,744,93,0,387,613,0.387000000,0.113000000,613,751,744,False
lsb,745,93,1,375,625,0.375000000,0.125000000,625,750,745,False
lsb,746,93,2,343,657,0.343000000,0.157000000,657,749,746,False
lsb,747,93,3,370,630,0.370000000,0.130000000,630,748,747,False
lsb,748,93,4,388,612,0.388000000,0.112000000,612,747,748,False
lsb,749,93,5,394,606,0.394000000,0.106000000,606,746,749,False
lsb,750,93,6,383,617,0.383000000,0.117000000,617,745,750,False
lsb,751,93,7,381,619,0.381000000,0.119000000,619,744,751,False
lsb,752,94,0,377,623,0.377000000,0.123000000,623,759,752,False
lsb,753,94,1,387,613,0.387000000,0.113000000,613,758,753,False
lsb,754,94,2,370,630,0.370000000,0.130000000,630,757,754,False
lsb,755,94,3,362,638,0.362000000,0.138000000,638,756,755,False
lsb,756,94,4,359,641,0.359000000,0.141000000,641,755,756,False
lsb,757,94,5,390,610,0.390000000,0.110000000,610,754,757,False
lsb,758,94,6,390,610,0.390000000,0.110000000,610,753,758,False
lsb,759,94,7,382,618,0.382000000,0.118000000,618,752,759,False
lsb,760,95,0,397,603,0.397000000,0.103000000,603,767,760,False
lsb,761,95,1,385,615,0.385000000,0.115000000,615,766,761,False
lsb,762,95,2,383,617,0.383000000,0.117000000,617,765,762,False
lsb,763,95,3,364,636,0.364000000,0.136000000,636,764,763,False
lsb,764,95,4,356,644,0.356000000,0.144000000,644,763,764,False
lsb,765,95,5,384,616,0.384000000,0.116000000,616,762,765,False
lsb,766,95,6,399,601,0.399000000,0.101000000,601,761,766,False
lsb,767,95,7,344,656,0.344000000,0.156000000,656,760,767,False
lsb,768,96,0,359,641,0.359000000,0.141000000,641,775,768,False
lsb,769,96,1,361,639,0.361000000,0.139000000,639,774,769,False
lsb,770,96,2,380,620,0.380000000,0.120000000,620,773,770,False
lsb,771,96,3,354,646,0.354000000,0.146000000,646,772,771,False
lsb,772,96,4,373,627,0.373000000,0.127000000,627,771,772,False
lsb,773,96,5,417,583,0.417000000,0.083000000,583,770,773,False
lsb,774,96,6,369,631,0.369000000,0.131000000,631,769,774,False
lsb,775,96,7,378,622,0.378000000,0.122000000,622,768,775,False
lsb,776,97,0,383,617,0.383000000,0.117000000,617,783,776,False
lsb,777,97,1,357,643,0.357000000,0.143000000,643,782,777,False
lsb,778,97,2,380,620,0.380000000,0.120000000,620,781,778,False
lsb,779,97,3,370,630,0.370000000,0.130000000,630,780,779,False
lsb,780,97,4,367,633,0.367000000,0.133000000,633,779,780,False
lsb,781,97,5,373,627,0.373000000,0.127000000,627,778,781,False
lsb,782,97,6,345,655,0.345000000,0.155000000,655,777,782,False
lsb,783,97,7,340,660,0.340000000,0.160000000,660,776,783,False
lsb,784,98,0,350,650,0.350000000,0.150000000,650,791,784,False
lsb,785,98,1,364,636,0.364000000,0.136000000,636,790,785,False
lsb,786,98,2,370,630,0.370000000,0.130000000,630,789,786,False
lsb,787,98,3,376,624,0.376000000,0.124000000,624,788,787,False
lsb,788,98,4,359,641,0.359000000,0.141000000,641,787,788,False
lsb,789,98,5,379,621,0.379000000,0.121000000,621,786,789,False
lsb,790,98,6,376,624,0.376000000,0.124000000,624,785,790,False
lsb,791,98,7,371,629,0.371000000,0.129000000,629,784,791,False
lsb,792,99,0,410,590,0.410000000,0.090000000,590,799,792,False
lsb,793,99,1,389,611,0.389000000,0.111000000,611,798,793,False
lsb,794,99,2,402,598,0.402000000,0.098000000,598,797,794,False
lsb,795,99,3,364,636,0.364000000,0.136000000,636,796,795,False
lsb,796,99,4,373,627,0.373000000,0.127000000,627,795,796,False
lsb,797,99,5,364,636,0.364000000,0.136000000,636,794,797,False
lsb,798,99,6,393,607,0.393000000,0.107000000,607,793,798,False
lsb,799,99,7,390,610,0.390000000,0.110000000,610,792,799,False
lsb,800,100,0,347,653,0.347000000,0.153000000,653,807,800,False
lsb,801,100,1,363,637,0.363000000,0.137000000,637,806,801,False
lsb,802,100,2,378,622,0.378000000,0.122000000,622,805,802,False
lsb,803,100,3,369,631,0.369000000,0.131000000,631,804,803,False
lsb,804,100,4,356,644,0.356000000,0.144000000,644,803,804,False
lsb,805,100,5,375,625,0.375000000,0.125000000,625,802,805,False
lsb,806,100,6,372,628,0.372000000,0.128000000,628,801,806,False
lsb,807,100,7,366,634,0.366000000,0.134000000,634,800,807,False
lsb,808,101,0,371,629,0.371000000,0.129000000,629,815,808,False
lsb,809,101,1,405,595,0.405000000,0.095000000,595,814,809,False
lsb,810,101,2,358,642,0.358000000,0.142000000,642,813,810,False
lsb,811,101,3,379,621,0.379000000,0.121000000,621,812,811,False
lsb,812,101,4,364,636,0.364000000,0.136000000,636,811,812,False
lsb,813,101,5,361,639,0.361000000,0.139000000,639,810,813,False
lsb,814,101,6,377,623,0.377000000,0.123000000,623,809,814,False
lsb,815,101,7,385,615,0.385000000,0.115000000,615,808,815,False
lsb,816,102,0,391,609,0.391000000,0.109000000,609,823,816,False
lsb,817,102,1,409,591,0.409000000,0.091000000,591,822,817,False
lsb,818,102,2,390,610,0.390000000,0.110000000,610,821,818,False
lsb,819,102,3,384,616,0.384000000,0.116000000,616,820,819,False
lsb,820,102,4,377,623,0.377000000,0.123000000,623,819,820,False
lsb,821,102,5,371,629,0.371000000,0.129000000,629,818,821,False
lsb,822,102,6,363,637,0.363000000,0.137000000,637,817,822,False
lsb,823,102,7,396,604,0.396000000,0.104000000,604,816,823,False
lsb,824,103,0,387,613,0.387000000,0.113000000,613,831,824,False
lsb,825,103,1,365,635,0.365000000,0.135000000,635,830,825,False
lsb,826,103,2,387,613,0.387000000,0.113000000,613,829,826,False
lsb,827,103,3,377,623,0.377000000,0.123000000,623,828,827,False
lsb,828,103,4,371,629,0.371000000,0.129000000,629,827,828,False
lsb,829,103,5,359,641,0.359000000,0.141000000,641,826,829,False
lsb,830,103,6,400,600,0.400000000,0.100000000,600,825,830,False
lsb,831,103,7,395,605,0.395000000,0.105000000,605,824,831,False
lsb,832,104,0,372,628,0.372000000,0.128000000,628,839,832,False
lsb,833,104,1,380,620,0.380000000,0.120000000,620,838,833,False
lsb,834,104,2,369,631,0.369000000,0.131000000,631,837,834,False
lsb,835,104,3,397,603,0.397000000,0.103000000,603,836,835,False
lsb,836,104,4,411,589,0.411000000,0.089000000,589,835,836,False
lsb,837,104,5,397,603,0.397000000,0.103000000,603,834,837,False
lsb,838,104,6,393,607,0.393000000,0.107000000,607,833,838,False
lsb,839,104,7,388,612,0.388000000,0.112000000,612,832,839,False
lsb,840,105,0,358,642,0.358000000,0.142000000,642,847,840,False
lsb,841,105,1,379,621,0.379000000,0.121000000,621,846,841,False
lsb,842,105,2,354,646,0.354000000,0.146000000,646,845,842,False
lsb,843,105,3,370,630,0.370000000,0.130000000,630,844,843,False
lsb,844,105,4,387,613,0.387000000,0.113000000,613,843,844,False
lsb,845,105,5,381,619,0.381000000,0.119000000,619,842,845,False
lsb,846,105,6,380,620,0.380000000,0.120000000,620,841,846,False
lsb,847,105,7,379,621,0.379000000,0.121000000,621,840,847,False
lsb,848,106,0,377,623,0.377000000,0.123000000,623,855,848,False
lsb,849,106,1,399,601,0.399000000,0.101000000,601,854,849,False
lsb,850,106,2,371,629,0.371000000,0.129000000,629,853,850,False
lsb,851,106,3,374,626,0.374000000,0.126000000,626,852,851,False
lsb,852,106,4,381,619,0.381000000,0.119000000,619,851,852,False
lsb,853,106,5,379,621,0.379000000,0.121000000,621,850,853,False
lsb,854,106,6,414,586,0.414000000,0.086000000,586,849,854,False
lsb,855,106,7,371,629,0.371000000,0.129000000,629,848,855,False
lsb,856,107,0,389,611,0.389000000,0.111000000,611,863,856,False
lsb,857,107,1,370,630,0.370000000,0.130000000,630,862,857,False
lsb,858,107,2,389,611,0.389000000,0.111000000,611,861,858,False
lsb,859,107,3,417,583,0.417000000,0.083000000,583,860,859,False
lsb,860,107,4,387,613,0.387000000,0.113000000,613,859,860,False
lsb,861,107,5,363,637,0.363000000,0.137000000,637,858,861,False
lsb,862,107,6,371,629,0.371000000,0.129000000,629,857,862,False
lsb,863,107,7,364,636,0.364000000,0.136000000,636,856,863,False
lsb,864,108,0,379,621,0.379000000,0.121000000,621,871,864,False
lsb,865,108,1,370,630,0.370000000,0.130000000,630,870,865,False
lsb,866,108,2,353,647,0.353000000,0.147000000,647,869,866,False
lsb,867,108,3,377,623,0.377000000,0.123000000,623,868,867,False
lsb,868,108,4,372,628,0.372000000,0.128000000,628,867,868,False
lsb,869,108,5,373,627,0.373000000,0.127000000,627,866,869,False
lsb,870,108,6,342,658,0.342000000,0.158000000,658,865,870,False
lsb,871,108,7,369,631,0.369000000,0.131000000,631,864,871,False
lsb,872,109,0,370,630,0.370000000,0.130000000,630,879,872,False
lsb,873,109,1,381,619,0.381000000,0.119000000,619,878,873,False
lsb,874,109,2,346,654,0.346000000,0.154000000,654,877,874,False
lsb,875,109,3,368,632,0.368000000,0.132000000,632,876,875,False
lsb,876,109,4,383,617,0.383000000,0.117000000,617,875,876,False
lsb,877,109,5,359,641,0.359000000,0.141000000,641,874,877,False
lsb,878,109,6,363,637,0.363000000,0.137000000,637,873,878,False
lsb,879,109,7,375,625,0.375000000,0.125000000,625,872,879,False
lsb,880,110,0,387,613,0.387000000,0.113000000,613,887,880,False
lsb,881,110,1,384,616,0.384000000,0.116000000,616,886,881,False
lsb,882,110,2,380,620,0.380000000,0.120000000,620,885,882,False
lsb,883,110,3,384,616,0.384000000,0.116000000,616,884,883,False
lsb,884,110,4,362,638,0.362000000,0.138000000,638,883,884,False
lsb,885,110,5,368,632,0.368000000,0.132000000,632,882,885,False
lsb,886,110,6,379,621,0.379000000,0.121000000,621,881,886,False
lsb,887,110,7,371,629,0.371000000,0.129000000,629,880,887,False
lsb,888,111,0,392,608,0.392000000,0.108000000,608,895,888,False
lsb,889,111,1,398,602,0.398000000,0.102000000,602,894,889,False
lsb,890,111,2,382,618,0.382000000,0.118000000,618,893,890,False
lsb,891,111,3,379,621,0.379000000,0.121000000,621,892,891,False
lsb,892,111,4,369,631,0.369000000,0.131000000,631,891,892,False
lsb,893,111,5,396,604,0.396000000,0.104000000,604,890,893,False
lsb,894,111,6,364,636,0.364000000,0.136000000,636,889,894,False
lsb,895,111,7,361,639,0.361000000,0.139000000,639,888,895,False
lsb,896,112,0,372,628,0.372000000,0.128000000,628,903,896,False
lsb,897,112,1,390,610,0.390000000,0.110000000,610,902,897,False
lsb,898,112,2,374,626,0.374000000,0.126000000,626,901,898,False
lsb,899,112,3,379,621,0.379000000,0.121000000,621,900,899,False
lsb,900,112,4,372,628,0.372000000,0.128000000,628,899,900,False
lsb,901,112,5,386,614,0.386000000,0.114000000,614,898,901,False
lsb,902,112,6,379,621,0.379000000,0.121000000,621,897,902,False
lsb,903,112,7,363,637,0.363000000,0.137000000,637,896,903,False
lsb,904,113,0,376,624,0.376000000,0.124000000,624,911,904,False
lsb,905,113,1,386,614,0.386000000,0.114000000,614,910,905,False
lsb,906,113,2,357,643,0.357000000,0.143000000,643,909,906,False
lsb,907,113,3,332,668,0.332000000,0.168000000,668,908,907,False
lsb,908,113,4,356,644,0.356000000,0.144000000,644,907,908,False
lsb,909,113,5,361,639,0.361000000,0.139000000,639,906,909,False
lsb,910,113,6,379,621,0.379000000,0.121000000,621,905,910,False
lsb,911,113,7,391,609,0.391000000,0.109000000,609,904,911,False
lsb,912,114,0,359,641,0.359000000,0.141000000,641,919,912,False
lsb,913,114,1,343,657,0.343000000,0.157000000,657,918,913,False
lsb,914,114,2,372,628,0.372000000,0.128000000,628,917,914,False
lsb,915,114,3,379,621,0.379000000,0.121000000,621,916,915,False
lsb,916,114,4,370,630,0.370000000,0.130000000,630,915,916,False
lsb,917,114,5,382,618,0.382000000,0.118000000,618,914,917,False
lsb,918,114,6,365,635,0.365000000,0.135000000,635,913,918,False
lsb,919,114,7,378,622,0.378000000,0.122000000,622,912,919,False
lsb,920,115,0,371,629,0.371000000,0.129000000,629,927,920,False
lsb,921,115,1,381,619,0.381000000,0.119000000,619,926,921,False
lsb,922,115,2,391,609,0.391000000,0.109000000,609,925,922,False
lsb,923,115,3,386,614,0.386000000,0.114000000,614,924,923,False
lsb,924,115,4,389,611,0.389000000,0.111000000,611,923,924,False
lsb,925,115,5,369,631,0.369000000,0.131000000,631,922,925,False
lsb,926,115,6,380,620,0.380000000,0.120000000,620,921,926,False
lsb,927,115,7,405,595,0.405000000,0.095000000,595,920,927,False
lsb,928,116,0,398,602,0.398000000,0.102000000,602,935,928,False
lsb,929,116,1,372,628,0.372000000,0.128000000,628,934,929,False
lsb,930,116,2,368,632,0.368000000,0.132000000,632,933,930,False
lsb,931,116,3,358,642,0.358000000,0.142000000,642,932,931,False
lsb,932,116,4,390,610,0.390000000,0.110000000,610,931,932,False
lsb,933,116,5,388,612,0.388000000,0.112000000,612,930,933,False
lsb,934,116,6,378,622,0.378000000,0.122000000,622,929,934,False
lsb,935,116,7,375,625,0.375000000,0.125000000,625,928,935,False
lsb,936,117,0,375,625,0.375000000,0.125000000,625,943,936,False
lsb,937,117,1,390,610,0.390000000,0.110000000,610,942,937,False
lsb,938,117,2,370,630,0.370000000,0.130000000,630,941,938,False
lsb,939,117,3,400,600,0.400000000,0.100000000,600,940,939,False
lsb,940,117,4,372,628,0.372000000,0.128000000,628,939,940,False
lsb,941,117,5,340,660,0.340000000,0.160000000,660,938,941,False
lsb,942,117,6,355,645,0.355000000,0.145000000,645,937,942,False
lsb,943,117,7,376,624,0.376000000,0.124000000,624,936,943,False
lsb,944,118,0,349,651,0.349000000,0.151000000,651,951,944,False
lsb,945,118,1,374,626,0.374000000,0.126000000,626,950,945,False
lsb,946,118,2,359,641,0.359000000,0.141000000,641,949,946,False
lsb,947,118,3,386,614,0.386000000,0.114000000,614,948,947,False
lsb,948,118,4,381,619,0.381000000,0.119000000,619,947,948,False
lsb,949,118,5,356,644,0.356000000,0.144000000,644,946,949,False
lsb,950,118,6,365,635,0.365000000,0.135000000,635,945,950,False
lsb,951,118,7,356,644,0.356000000,0.144000000,644,944,951,False
lsb,952,119,0,386,614,0.386000000,0.114000000,614,959,952,False
lsb,953,119,1,364,636,0.364000000,0.136000000,636,958,953,False
lsb,954,119,2,401,599,0.401000000,0.099000000,599,957,954,False
lsb,955,119,3,401,599,0.401000000,0.099000000,599,956,955,False
lsb,956,119,4,387,613,0.387000000,0.113000000,613,955,956,False
lsb,957,119,5,368,632,0.368000000,0.132000000,632,954,957,False
lsb,958,119,6,376,624,0.376000000,0.124000000,624,953,958,False
lsb,959,119,7,363,637,0.363000000,0.137000000,637,952,959,False
lsb,960,120,0,369,631,0.369000000,0.131000000,631,967,960,False
lsb,961,120,1,368,632,0.368000000,0.132000000,632,966,961,False
lsb,962,120,2,384,616,0.384000000,0.116000000,616,965,962,False
lsb,963,120,3,360,640,0.360000000,0.140000000,640,964,963,False
lsb,964,120,4,377,623,0.377000000,0.123000000,623,963,964,False
lsb,965,120,5,375,625,0.375000000,0.125000000,625,962,965,False
lsb,966,120,6,378,622,0.378000000,0.122000000,622,961,966,False
lsb,967,120,7,384,616,0.384000000,0.116000000,616,960,967,False
lsb,968,121,0,382,618,0.382000000,0.118000000,618,975,968,False
lsb,969,121,1,385,615,0.385000000,0.115000000,615,974,969,False
lsb,970,121,2,387,613,0.387000000,0.113000000,613,973,970,False
lsb,971,121,3,384,616,0.384000000,0.116000000,616,972,971,False
lsb,972,121,4,374,626,0.374000000,0.126000000,626,971,972,False
lsb,973,121,5,361,639,0.361000000,0.139000000,639,970,973,False
lsb,974,121,6,397,603,0.397000000,0.103000000,603,969,974,False
lsb,975,121,7,366,634,0.366000000,0.134000000,634,968,975,False
lsb,976,122,0,366,634,0.366000000,0.134000000,634,983,976,False
lsb,977,122,1,373,627,0.373000000,0.127000000,627,982,977,False
lsb,978,122,2,373,627,0.373000000,0.127000000,627,981,978,False
lsb,979,122,3,379,621,0.379000000,0.121000000,621,980,979,False
lsb,980,122,4,372,628,0.372000000,0.128000000,628,979,980,False
lsb,981,122,5,372,628,0.372000000,0.128000000,628,978,981,False
lsb,982,122,6,386,614,0.386000000,0.114000000,614,977,982,False
lsb,983,122,7,373,627,0.373000000,0.127000000,627,976,983,False
lsb,984,123,0,359,641,0.359000000,0.141000000,641,991,984,False
lsb,985,123,1,372,628,0.372000000,0.128000000,628,990,985,False
lsb,986,123,2,377,623,0.377000000,0.123000000,623,989,986,False
lsb,987,123,3,382,618,0.382000000,0.118000000,618,988,987,False
lsb,988,123,4,397,603,0.397000000,0.103000000,603,987,988,False
lsb,989,123,5,380,620,0.380000000,0.120000000,620,986,989,False
lsb,990,123,6,355,645,0.355000000,0.145000000,645,985,990,False
lsb,991,123,7,351,649,0.351000000,0.149000000,649,984,991,False
lsb,992,124,0,359,641,0.359000000,0.141000000,641,999,992,False
lsb,993,124,1,350,650,0.350000000,0.150000000,650,998,993,False
lsb,994,124,2,362,638,0.362000000,0.138000000,638,997,994,False
lsb,995,124,3,385,615,0.385000000,0.115000000,615,996,995,False
lsb,996,124,4,361,639,0.361000000,0.139000000,639,995,996,False
lsb,997,124,5,364,636,0.364000000,0.136000000,636,994,997,False
lsb,998,124,6,368,632,0.368000000,0.132000000,632,993,998,False
lsb,999,124,7,368,632,0.368000000,0.132000000,632,992,999,False
msb,0,0,7,438,562,0.438000000,0.062000000,562,0,7,False
msb,1,0,6,390,610,0.390000000,0.110000000,610,1,6,False
msb,2,0,5,379,621,0.379000000,0.121000000,621,2,5,False
msb,3,0,4,451,549,0.451000000,0.049000000,549,3,4,False
msb,4,0,3,438,562,0.438000000,0.062000000,562,4,3,False
msb,5,0,2,408,592,0.408000000,0.092000000,592,5,2,False
msb,6,0,1,409,591,0.409000000,0.091000000,591,6,1,False
msb,7,0,0,431,569,0.431000000,0.069000000,569,7,0,False
msb,8,1,7,398,602,0.398000000,0.102000000,602,8,15,False
msb,9,1,6,378,622,0.378000000,0.122000000,622,9,14,False
msb,10,1,5,320,680,0.320000000,0.180000000,680,10,13,False
msb,11,1,4,461,539,0.461000000,0.039000000,539,11,12,False
msb,12,1,3,325,675,0.325000000,0.175000000,675,12,11,False
msb,13,1,2,208,792,0.208000000,0.292000000,792,13,10,False
msb,14,1,1,422,578,0.422000000,0.078000000,578,14,9,False
msb,15,1,0,402,598,0.402000000,0.098000000,598,15,8,False
msb,16,2,7,474,526,0.474000000,0.026000000,526,16,23,False
msb,17,2,6,432,568,0.432000000,0.068000000,568,17,22,False
msb,18,2,5,388,612,0.388000000,0.112000000,612,18,21,False
msb,19,2,4,439,561,0.439000000,0.061000000,561,19,20,False
msb,20,2,3,353,647,0.353000000,0.147000000,647,20,19,False
msb,21,2,2,248,752,0.248000000,0.252000000,752,21,18,False
msb,22,2,1,390,610,0.390000000,0.110000000,610,22,17,False
msb,23,2,0,367,633,0.367000000,0.133000000,633,23,16,False
msb,24,3,7,417,583,0.417000000,0.083000000,583,24,31,False
msb,25,3,6,389,611,0.389000000,0.111000000,611,25,30,False
msb,26,3,5,311,689,0.311000000,0.189000000,689,26,29,False
msb,27,3,4,370,630,0.370000000,0.130000000,630,27,28,False
msb,28,3,3,389,611,0.389000000,0.111000000,611,28,27,False
msb,29,3,2,349,651,0.349000000,0.151000000,651,29,26,False
msb,30,3,1,424,576,0.424000000,0.076000000,576,30,25,False
msb,31,3,0,360,640,0.360000000,0.140000000,640,31,24,False
msb,32,4,7,306,694,0.306000000,0.194000000,694,32,39,False
msb,33,4,6,398,602,0.398000000,0.102000000,602,33,38,False
msb,34,4,5,343,657,0.343000000,0.157000000,657,34,37,False
msb,35,4,4,324,676,0.324000000,0.176000000,676,35,36,False
msb,36,4,3,328,672,0.328000000,0.172000000,672,36,35,False
msb,37,4,2,362,638,0.362000000,0.138000000,638,37,34,False
msb,38,4,1,444,556,0.444000000,0.056000000,556,38,33,False
msb,39,4,0,348,652,0.348000000,0.152000000,652,39,32,False
msb,40,5,7,296,704,0.296000000,0.204000000,704,40,47,False
msb,41,5,6,400,600,0.400000000,0.100000000,600,41,46,False
msb,42,5,5,342,658,0.342000000,0.158000000,658,42,45,False
msb,43,5,4,305,695,0.305000000,0.195000000,695,43,44,False
msb,44,5,3,417,583,0.417000000,0.083000000,583,44,43,False
msb,45,5,2,349,651,0.349000000,0.151000000,651,45,42,False
msb,46,5,1,412,588,0.412000000,0.088000000,588,46,41,False
msb,47,5,0,376,624,0.376000000,0.124000000,624,47,40,False
msb,48,6,7,351,649,0.351000000,0.149000000,649,48,55,False
msb,49,6,6,401,599,0.401000000,0.099000000,599,49,54,False
msb,50,6,5,399,601,0.399000000,0.101000000,601,50,53,False
msb,51,6,4,314,686,0.314000000,0.186000000,686,51,52,False
msb,52,6,3,390,610,0.390000000,0.110000000,610,52,51,False
msb,53,6,2,340,660,0.340000000,0.160000000,660,53,50,False
msb,54,6,1,403,597,0.403000000,0.097000000,597,54,49,False
msb,55,6,0,425,575,0.425000000,0.075000000,575,55,48,False
msb,56,7,7,338,662,0.338000000,0.162000000,662,56,63,False
msb,57,7,6,387,613,0.387000000,0.113000000,613,57,62,False
msb,58,7,5,408,592,0.408000000,0.092000000,592,58,61,False
msb,59,7,4,366,634,0.366000000,0.134000000,634,59,60,False
msb,60,7,3,382,618,0.382000000,0.118000000,618,60,59,False
msb,61,7,2,346,654,0.346000000,0.154000000,654,61,58,False
msb,62,7,1,367,633,0.367000000,0.133000000,633,62,57,False
msb,63,7,0,397,603,0.397000000,0.103000000,603,63,56,False
msb,64,8,7,307,693,0.307000000,0.193000000,693,64,71,False
msb,65,8,6,374,626,0.374000000,0.126000000,626,65,70,False
msb,66,8,5,353,647,0.353000000,0.147000000,647,66,69,False
msb,67,8,4,392,608,0.392000000,0.108000000,608,67,68,False
msb,68,8,3,422,578,0.422000000,0.078000000,578,68,67,False
msb,69,8,2,330,670,0.330000000,0.170000000,670,69,66,False
msb,70,8,1,347,653,0.347000000,0.153000000,653,70,65,False
msb,71,8,0,404,596,0.404000000,0.096000000,596,71,64,False
msb,72,9,7,332,668,0.332000000,0.168000000,668,72,79,False
msb,73,9,6,368,632,0.368000000,0.132000000,632,73,78,False
msb,74,9,5,378,622,0.378000000,0.122000000,622,74,77,False
msb,75,9,4,343,657,0.343000000,0.157000000,657,75,76,False
msb,76,9,3,402,598,0.402000000,0.098000000,598,76,75,False
msb,77,9,2,367,633,0.367000000,0.133000000,633,77,74,False
msb,78,9,1,351,649,0.351000000,0.149000000,649,78,73,False
msb,79,9,0,405,595,0.405000000,0.095000000,595,79,72,False
msb,80,10,7,355,645,0.355000000,0.145000000,645,80,87,False
msb,81,10,6,343,657,0.343000000,0.157000000,657,81,86,False
msb,82,10,5,409,591,0.409000000,0.091000000,591,82,85,False
msb,83,10,4,345,655,0.345000000,0.155000000,655,83,84,False
msb,84,10,3,411,589,0.411000000,0.089000000,589,84,83,False
msb,85,10,2,393,607,0.393000000,0.107000000,607,85,82,False
msb,86,10,1,354,646,0.354000000,0.146000000,646,86,81,False
msb,87,10,0,386,614,0.386000000,0.114000000,614,87,80,False
msb,88,11,7,394,606,0.394000000,0.106000000,606,88,95,False
msb,89,11,6,368,632,0.368000000,0.132000000,632,89,94,False
msb,90,11,5,379,621,0.379000000,0.121000000,621,90,93,False
msb,91,11,4,362,638,0.362000000,0.138000000,638,91,92,False
msb,92,11,3,382,618,0.382000000,0.118000000,618,92,91,False
msb,93,11,2,375,625,0.375000000,0.125000000,625,93,90,False
msb,94,11,1,363,637,0.363000000,0.137000000,637,94,89,False
msb,95,11,0,353,647,0.353000000,0.147000000,647,95,88,False
msb,96,12,7,377,623,0.377000000,0.123000000,623,96,103,False
msb,97,12,6,343,657,0.343000000,0.157000000,657,97,102,False
msb,98,12,5,382,618,0.382000000,0.118000000,618,98,101,False
msb,99,12,4,369,631,0.369000000,0.131000000,631,99,100,False
msb,100,12,3,392,608,0.392000000,0.108000000,608,100,99,False
msb,101,12,2,397,603,0.397000000,0.103000000,603,101,98,False
msb,102,12,1,359,641,0.359000000,0.141000000,641,102,97,False
msb,103,12,0,350,650,0.350000000,0.150000000,650,103,96,False
msb,104,13,7,388,612,0.388000000,0.112000000,612,104,111,False
msb,105,13,6,357,643,0.357000000,0.143000000,643,105,110,False
msb,106,13,5,405,595,0.405000000,0.095000000,595,106,109,False
msb,107,13,4,368,632,0.368000000,0.132000000,632,107,108,False
msb,108,13,3,347,653,0.347000000,0.153000000,653,108,107,False
msb,109,13,2,378,622,0.378000000,0.122000000,622,109,106,False
msb,110,13,1,357,643,0.357000000,0.143000000,643,110,105,False
msb,111,13,0,379,621,0.379000000,0.121000000,621,111,104,False
msb,112,14,7,396,604,0.396000000,0.104000000,604,112,119,False
msb,113,14,6,348,652,0.348000000,0.152000000,652,113,118,False
msb,114,14,5,396,604,0.396000000,0.104000000,604,114,117,False
msb,115,14,4,340,660,0.340000000,0.160000000,660,115,116,False
msb,116,14,3,345,655,0.345000000,0.155000000,655,116,115,False
msb,117,14,2,364,636,0.364000000,0.136000000,636,117,114,False
msb,118,14,1,372,628,0.372000000,0.128000000,628,118,113,False
msb,119,14,0,381,619,0.381000000,0.119000000,619,119,112,False
msb,120,15,7,358,642,0.358000000,0.142000000,642,120,127,False
msb,121,15,6,350,650,0.350000000,0.150000000,650,121,126,False
msb,122,15,5,387,613,0.387000000,0.113000000,613,122,125,False
msb,123,15,4,375,625,0.375000000,0.125000000,625,123,124,False
msb,124,15,3,332,668,0.332000000,0.168000000,668,124,123,False
msb,125,15,2,374,626,0.374000000,0.126000000,626,125,122,False
msb,126,15,1,389,611,0.389000000,0.111000000,611,126,121,False
msb,127,15,0,382,618,0.382000000,0.118000000,618,127,120,False
msb,128,16,7,383,617,0.383000000,0.117000000,617,128,135,False
msb,129,16,6,377,623,0.377000000,0.123000000,623,129,134,False
msb,130,16,5,385,615,0.385000000,0.115000000,615,130,133,False
msb,131,16,4,355,645,0.355000000,0.145000000,645,131,132,False
msb,132,16,3,366,634,0.366000000,0.134000000,634,132,131,False
msb,133,16,2,375,625,0.375000000,0.125000000,625,133,130,False
msb,134,16,1,360,640,0.360000000,0.140000000,640,134,129,False
msb,135,16,0,385,615,0.385000000,0.115000000,615,135,128,False
msb,136,17,7,382,618,0.382000000,0.118000000,618,136,143,False
msb,137,17,6,348,652,0.348000000,0.152000000,652,137,142,False
msb,138,17,5,380,620,0.380000000,0.120000000,620,138,141,False
msb,139,17,4,383,617,0.383000000,0.117000000,617,139,140,False
msb,140,17,3,377,623,0.377000000,0.123000000,623,140,139,False
msb,141,17,2,382,618,0.382000000,0.118000000,618,141,138,False
msb,142,17,1,373,627,0.373000000,0.127000000,627,142,137,False
msb,143,17,0,375,625,0.375000000,0.125000000,625,143,136,False
msb,144,18,7,395,605,0.395000000,0.105000000,605,144,151,False
msb,145,18,6,371,629,0.371000000,0.129000000,629,145,150,False
msb,146,18,5,364,636,0.364000000,0.136000000,636,146,149,False
msb,147,18,4,370,630,0.370000000,0.130000000,630,147,148,False
msb,148,18,3,369,631,0.369000000,0.131000000,631,148,147,False
msb,149,18,2,369,631,0.369000000,0.131000000,631,149,146,False
msb,150,18,1,352,648,0.352000000,0.148000000,648,150,145,False
msb,151,18,0,341,659,0.341000000,0.159000000,659,151,144,False
msb,152,19,7,397,603,0.397000000,0.103000000,603,152,159,False
msb,153,19,6,382,618,0.382000000,0.118000000,618,153,158,False
msb,154,19,5,341,659,0.341000000,0.159000000,659,154,157,False
msb,155,19,4,376,624,0.376000000,0.124000000,624,155,156,False
msb,156,19,3,358,642,0.358000000,0.142000000,642,156,155,False
msb,157,19,2,364,636,0.364000000,0.136000000,636,157,154,False
msb,158,19,1,383,617,0.383000000,0.117000000,617,158,153,False
msb,159,19,0,366,634,0.366000000,0.134000000,634,159,152,False
msb,160,20,7,374,626,0.374000000,0.126000000,626,160,167,False
msb,161,20,6,371,629,0.371000000,0.129000000,629,161,166,False
msb,162,20,5,377,623,0.377000000,0.123000000,623,162,165,False
msb,163,20,4,381,619,0.381000000,0.119000000,619,163,164,False
msb,164,20,3,364,636,0.364000000,0.136000000,636,164,163,False
msb,165,20,2,357,643,0.357000000,0.143000000,643,165,162,False
msb,166,20,1,344,656,0.344000000,0.156000000,656,166,161,False
msb,167,20,0,366,634,0.366000000,0.134000000,634,167,160,False
msb,168,21,7,385,615,0.385000000,0.115000000,615,168,175,False
msb,169,21,6,374,626,0.374000000,0.126000000,626,169,174,False
msb,170,21,5,372,628,0.372000000,0.128000000,628,170,173,False
msb,171,21,4,362,638,0.362000000,0.138000000,638,171,172,False
msb,172,21,3,405,595,0.405000000,0.095000000,595,172,171,False
msb,173,21,2,370,630,0.370000000,0.130000000,630,173,170,False
msb,174,21,1,376,624,0.376000000,0.124000000,624,174,169,False
msb,175,21,0,370,630,0.370000000,0.130000000,630,175,168,False
msb,176,22,7,373,627,0.373000000,0.127000000,627,176,183,False
msb,177,22,6,379,621,0.379000000,0.121000000,621,177,182,False
msb,178,22,5,364,636,0.364000000,0.136000000,636,178,181,False
msb,179,22,4,373,627,0.373000000,0.127000000,627,179,180,False
msb,180,22,3,389,611,0.389000000,0.111000000,611,180,179,False
msb,181,22,2,367,633,0.367000000,0.133000000,633,181,178,False
msb,182,22,1,380,620,0.380000000,0.120000000,620,182,177,False
msb,183,22,0,388,612,0.388000000,0.112000000,612,183,176,False
msb,184,23,7,355,645,0.355000000,0.145000000,645,184,191,False
msb,185,23,6,402,598,0.402000000,0.098000000,598,185,190,False
msb,186,23,5,364,636,0.364000000,0.136000000,636,186,189,False
msb,187,23,4,388,612,0.388000000,0.112000000,612,187,188,False
msb,188,23,3,357,643,0.357000000,0.143000000,643,188,187,False
msb,189,23,2,385,615,0.385000000,0.115000000,615,189,186,False
msb,190,23,1,374,626,0.374000000,0.126000000,626,190,185,False
msb,191,23,0,362,638,0.362000000,0.138000000,638,191,184,False
msb,192,24,7,368,632,0.368000000,0.132000000,632,192,199,False
msb,193,24,6,363,637,0.363000000,0.137000000,637,193,198,False
msb,194,24,5,375,625,0.375000000,0.125000000,625,194,197,False
msb,195,24,4,366,634,0.366000000,0.134000000,634,195,196,False
msb,196,24,3,385,615,0.385000000,0.115000000,615,196,195,False
msb,197,24,2,347,653,0.347000000,0.153000000,653,197,194,False
msb,198,24,1,403,597,0.403000000,0.097000000,597,198,193,False
msb,199,24,0,371,629,0.371000000,0.129000000,629,199,192,False
msb,200,25,7,367,633,0.367000000,0.133000000,633,200,207,False
msb,201,25,6,398,602,0.398000000,0.102000000,602,201,206,False
msb,202,25,5,394,606,0.394000000,0.106000000,606,202,205,False
msb,203,25,4,376,624,0.376000000,0.124000000,624,203,204,False
msb,204,25,3,385,615,0.385000000,0.115000000,615,204,203,False
msb,205,25,2,378,622,0.378000000,0.122000000,622,205,202,False
msb,206,25,1,377,623,0.377000000,0.123000000,623,206,201,False
msb,207,25,0,364,636,0.364000000,0.136000000,636,207,200,False
msb,208,26,7,371,629,0.371000000,0.129000000,629,208,215,False
msb,209,26,6,351,649,0.351000000,0.149000000,649,209,214,False
msb,210,26,5,348,652,0.348000000,0.152000000,652,210,213,False
msb,211,26,4,389,611,0.389000000,0.111000000,611,211,212,False
msb,212,26,3,385,615,0.385000000,0.115000000,615,212,211,False
msb,213,26,2,368,632,0.368000000,0.132000000,632,213,210,False
msb,214,26,1,378,622,0.378000000,0.122000000,622,214,209,False
msb,215,26,0,342,658,0.342000000,0.158000000,658,215,208,False
msb,216,27,7,367,633,0.367000000,0.133000000,633,216,223,False
msb,217,27,6,383,617,0.383000000,0.117000000,617,217,222,False
msb,218,27,5,366,634,0.366000000,0.134000000,634,218,221,False
msb,219,27,4,397,603,0.397000000,0.103000000,603,219,220,False
msb,220,27,3,341,659,0.341000000,0.159000000,659,220,219,False
msb,221,27,2,364,636,0.364000000,0.136000000,636,221,218,False
msb,222,27,1,365,635,0.365000000,0.135000000,635,222,217,False
msb,223,27,0,345,655,0.345000000,0.155000000,655,223,216,False
msb,224,28,7,371,629,0.371000000,0.129000000,629,224,231,False
msb,225,28,6,357,643,0.357000000,0.143000000,643,225,230,False
msb,226,28,5,366,634,0.366000000,0.134000000,634,226,229,False
msb,227,28,4,395,605,0.395000000,0.105000000,605,227,228,False
msb,228,28,3,376,624,0.376000000,0.124000000,624,228,227,False
msb,229,28,2,363,637,0.363000000,0.137000000,637,229,226,False
msb,230,28,1,401,599,0.401000000,0.099000000,599,230,225,False
msb,231,28,0,373,627,0.373000000,0.127000000,627,231,224,False
msb,232,29,7,363,637,0.363000000,0.137000000,637,232,239,False
msb,233,29,6,395,605,0.395000000,0.105000000,605,233,238,False
msb,234,29,5,362,638,0.362000000,0.138000000,638,234,237,False
msb,235,29,4,357,643,0.357000000,0.143000000,643,235,236,False
msb,236,29,3,376,624,0.376000000,0.124000000,624,236,235,False
msb,237,29,2,375,625,0.375000000,0.125000000,625,237,234,False
msb,238,29,1,371,629,0.371000000,0.129000000,629,238,233,False
msb,239,29,0,353,647,0.353000000,0.147000000,647,239,232,False
msb,240,30,7,397,603,0.397000000,0.103000000,603,240,247,False
msb,241,30,6,363,637,0.363000000,0.137000000,637,241,246,False
msb,242,30,5,390,610,0.390000000,0.110000000,610,242,245,False
msb,243,30,4,358,642,0.358000000,0.142000000,642,243,244,False
msb,244,30,3,403,597,0.403000000,0.097000000,597,244,243,False
msb,245,30,2,367,633,0.367000000,0.133000000,633,245,242,False
msb,246,30,1,371,629,0.371000000,0.129000000,629,246,241,False
msb,247,30,0,381,619,0.381000000,0.119000000,619,247,240,False
msb,248,31,7,360,640,0.360000000,0.140000000,640,248,255,False
msb,249,31,6,386,614,0.386000000,0.114000000,614,249,254,False
msb,250,31,5,369,631,0.369000000,0.131000000,631,250,253,False
msb,251,31,4,372,628,0.372000000,0.128000000,628,251,252,False
msb,252,31,3,353,647,0.353000000,0.147000000,647,252,251,False
msb,253,31,2,362,638,0.362000000,0.138000000,638,253,250,False
msb,254,31,1,387,613,0.387000000,0.113000000,613,254,249,False
msb,255,31,0,405,595,0.405000000,0.095000000,595,255,248,False
msb,256,32,7,370,630,0.370000000,0.130000000,630,256,263,False
msb,257,32,6,393,607,0.393000000,0.107000000,607,257,262,False
msb,258,32,5,383,617,0.383000000,0.117000000,617,258,261,False
msb,259,32,4,393,607,0.393000000,0.107000000,607,259,260,False
msb,260,32,3,373,627,0.373000000,0.127000000,627,260,259,False
msb,261,32,2,364,636,0.364000000,0.136000000,636,261,258,False
msb,262,32,1,391,609,0.391000000,0.109000000,609,262,257,False
msb,263,32,0,366,634,0.366000000,0.134000000,634,263,256,False
msb,264,33,7,344,656,0.344000000,0.156000000,656,264,271,False
msb,265,33,6,379,621,0.379000000,0.121000000,621,265,270,False
msb,266,33,5,383,617,0.383000000,0.117000000,617,266,269,False
msb,267,33,4,360,640,0.360000000,0.140000000,640,267,268,False
msb,268,33,3,362,638,0.362000000,0.138000000,638,268,267,False
msb,269,33,2,383,617,0.383000000,0.117000000,617,269,266,False
msb,270,33,1,397,603,0.397000000,0.103000000,603,270,265,False
msb,271,33,0,352,648,0.352000000,0.148000000,648,271,264,False
msb,272,34,7,370,630,0.370000000,0.130000000,630,272,279,False
msb,273,34,6,392,608,0.392000000,0.108000000,608,273,278,False
msb,274,34,5,385,615,0.385000000,0.115000000,615,274,277,False
msb,275,34,4,397,603,0.397000000,0.103000000,603,275,276,False
msb,276,34,3,369,631,0.369000000,0.131000000,631,276,275,False
msb,277,34,2,377,623,0.377000000,0.123000000,623,277,274,False
msb,278,34,1,382,618,0.382000000,0.118000000,618,278,273,False
msb,279,34,0,369,631,0.369000000,0.131000000,631,279,272,False
msb,280,35,7,411,589,0.411000000,0.089000000,589,280,287,False
msb,281,35,6,343,657,0.343000000,0.157000000,657,281,286,False
msb,282,35,5,376,624,0.376000000,0.124000000,624,282,285,False
msb,283,35,4,380,620,0.380000000,0.120000000,620,283,284,False
msb,284,35,3,371,629,0.371000000,0.129000000,629,284,283,False
msb,285,35,2,361,639,0.361000000,0.139000000,639,285,282,False
msb,286,35,1,367,633,0.367000000,0.133000000,633,286,281,False
msb,287,35,0,342,658,0.342000000,0.158000000,658,287,280,False
msb,288,36,7,352,648,0.352000000,0.148000000,648,288,295,False
msb,289,36,6,366,634,0.366000000,0.134000000,634,289,294,False
msb,290,36,5,355,645,0.355000000,0.145000000,645,290,293,False
msb,291,36,4,383,617,0.383000000,0.117000000,617,291,292,False
msb,292,36,3,377,623,0.377000000,0.123000000,623,292,291,False
msb,293,36,2,392,608,0.392000000,0.108000000,608,293,290,False
msb,294,36,1,360,640,0.360000000,0.140000000,640,294,289,False
msb,295,36,0,375,625,0.375000000,0.125000000,625,295,288,False
msb,296,37,7,381,619,0.381000000,0.119000000,619,296,303,False
msb,297,37,6,359,641,0.359000000,0.141000000,641,297,302,False
msb,298,37,5,356,644,0.356000000,0.144000000,644,298,301,False
msb,299,37,4,373,627,0.373000000,0.127000000,627,299,300,False
msb,300,37,3,388,612,0.388000000,0.112000000,612,300,299,False
msb,301,37,2,359,641,0.359000000,0.141000000,641,301,298,False
msb,302,37,1,367,633,0.367000000,0.133000000,633,302,297,False
msb,303,37,0,372,628,0.372000000,0.128000000,628,303,296,False
msb,304,38,7,357,643,0.357000000,0.143000000,643,304,311,False
msb,305,38,6,337,663,0.337000000,0.163000000,663,305,310,False
msb,306,38,5,357,643,0.357000000,0.143000000,643,306,309,False
msb,307,38,4,361,639,0.361000000,0.139000000,639,307,308,False
msb,308,38,3,373,627,0.373000000,0.127000000,627,308,307,False
msb,309,38,2,358,642,0.358000000,0.142000000,642,309,306,False
msb,310,38,1,411,589,0.411000000,0.089000000,589,310,305,False
msb,311,38,0,380,620,0.380000000,0.120000000,620,311,304,False
msb,312,39,7,389,611,0.389000000,0.111000000,611,312,319,False
msb,313,39,6,383,617,0.383000000,0.117000000,617,313,318,False
msb,314,39,5,349,651,0.349000000,0.151000000,651,314,317,False
msb,315,39,4,358,642,0.358000000,0.142000000,642,315,316,False
msb,316,39,3,388,612,0.388000000,0.112000000,612,316,315,False
msb,317,39,2,359,641,0.359000000,0.141000000,641,317,314,False
msb,318,39,1,392,608,0.392000000,0.108000000,608,318,313,False
msb,319,39,0,381,619,0.381000000,0.119000000,619,319,312,False
msb,320,40,7,363,637,0.363000000,0.137000000,637,320,327,False
msb,321,40,6,387,613,0.387000000,0.113000000,613,321,326,False
msb,322,40,5,381,619,0.381000000,0.119000000,619,322,325,False
msb,323,40,4,378,622,0.378000000,0.122000000,622,323,324,False
msb,324,40,3,372,628,0.372000000,0.128000000,628,324,323,False
msb,325,40,2,394,606,0.394000000,0.106000000,606,325,322,False
msb,326,40,1,400,600,0.400000000,0.100000000,600,326,321,False
msb,327,40,0,385,615,0.385000000,0.115000000,615,327,320,False
msb,328,41,7,356,644,0.356000000,0.144000000,644,328,335,False
msb,329,41,6,380,620,0.380000000,0.120000000,620,329,334,False
msb,330,41,5,358,642,0.358000000,0.142000000,642,330,333,False
msb,331,41,4,371,629,0.371000000,0.129000000,629,331,332,False
msb,332,41,3,363,637,0.363000000,0.137000000,637,332,331,False
msb,333,41,2,368,632,0.368000000,0.132000000,632,333,330,False
msb,334,41,1,385,615,0.385000000,0.115000000,615,334,329,False
msb,335,41,0,385,615,0.385000000,0.115000000,615,335,328,False
msb,336,42,7,355,645,0.355000000,0.145000000,645,336,343,False
msb,337,42,6,378,622,0.378000000,0.122000000,622,337,342,False
msb,338,42,5,362,638,0.362000000,0.138000000,638,338,341,False
msb,339,42,4,355,645,0.355000000,0.145000000,645,339,340,False
msb,340,42,3,385,615,0.385000000,0.115000000,615,340,339,False
msb,341,42,2,397,603,0.397000000,0.103000000,603,341,338,False
msb,342,42,1,389,611,0.389000000,0.111000000,611,342,337,False
msb,343,42,0,407,593,0.407000000,0.093000000,593,343,336,False
msb,344,43,7,387,613,0.387000000,0.113000000,613,344,351,False
msb,345,43,6,405,595,0.405000000,0.095000000,595,345,350,False
msb,346,43,5,359,641,0.359000000,0.141000000,641,346,349,False
msb,347,43,4,373,627,0.373000000,0.127000000,627,347,348,False
msb,348,43,3,373,627,0.373000000,0.127000000,627,348,347,False
msb,349,43,2,392,608,0.392000000,0.108000000,608,349,346,False
msb,350,43,1,373,627,0.373000000,0.127000000,627,350,345,False
msb,351,43,0,376,624,0.376000000,0.124000000,624,351,344,False
msb,352,44,7,376,624,0.376000000,0.124000000,624,352,359,False
msb,353,44,6,383,617,0.383000000,0.117000000,617,353,358,False
msb,354,44,5,399,601,0.399000000,0.101000000,601,354,357,False
msb,355,44,4,370,630,0.370000000,0.130000000,630,355,356,False
msb,356,44,3,399,601,0.399000000,0.101000000,601,356,355,False
msb,357,44,2,389,611,0.389000000,0.111000000,611,357,354,False
msb,358,44,1,386,614,0.386000000,0.114000000,614,358,353,False
msb,359,44,0,377,623,0.377000000,0.123000000,623,359,352,False
msb,360,45,7,338,662,0.338000000,0.162000000,662,360,367,False
msb,361,45,6,357,643,0.357000000,0.143000000,643,361,366,False
msb,362,45,5,374,626,0.374000000,0.126000000,626,362,365,False
msb,363,45,4,366,634,0.366000000,0.134000000,634,363,364,False
msb,364,45,3,371,629,0.371000000,0.129000000,629,364,363,False
msb,365,45,2,368,632,0.368000000,0.132000000,632,365,362,False
msb,366,45,1,366,634,0.366000000,0.134000000,634,366,361,False
msb,367,45,0,342,658,0.342000000,0.158000000,658,367,360,False
msb,368,46,7,367,633,0.367000000,0.133000000,633,368,375,False
msb,369,46,6,365,635,0.365000000,0.135000000,635,369,374,False
msb,370,46,5,353,647,0.353000000,0.147000000,647,370,373,False
msb,371,46,4,391,609,0.391000000,0.109000000,609,371,372,False
msb,372,46,3,361,639,0.361000000,0.139000000,639,372,371,False
msb,373,46,2,358,642,0.358000000,0.142000000,642,373,370,False
msb,374,46,1,392,608,0.392000000,0.108000000,608,374,369,False
msb,375,46,0,376,624,0.376000000,0.124000000,624,375,368,False
msb,376,47,7,370,630,0.370000000,0.130000000,630,376,383,False
msb,377,47,6,375,625,0.375000000,0.125000000,625,377,382,False
msb,378,47,5,367,633,0.367000000,0.133000000,633,378,381,False
msb,379,47,4,366,634,0.366000000,0.134000000,634,379,380,False
msb,380,47,3,398,602,0.398000000,0.102000000,602,380,379,False
msb,381,47,2,361,639,0.361000000,0.139000000,639,381,378,False
msb,382,47,1,354,646,0.354000000,0.146000000,646,382,377,False
msb,383,47,0,351,649,0.351000000,0.149000000,649,383,376,False
msb,384,48,7,361,639,0.361000000,0.139000000,639,384,391,False
msb,385,48,6,385,615,0.385000000,0.115000000,615,385,390,False
msb,386,48,5,394,606,0.394000000,0.106000000,606,386,389,False
msb,387,48,4,381,619,0.381000000,0.119000000,619,387,388,False
msb,388,48,3,377,623,0.377000000,0.123000000,623,388,387,False
msb,389,48,2,368,632,0.368000000,0.132000000,632,389,386,False
msb,390,48,1,374,626,0.374000000,0.126000000,626,390,385,False
msb,391,48,0,372,628,0.372000000,0.128000000,628,391,384,False
msb,392,49,7,371,629,0.371000000,0.129000000,629,392,399,False
msb,393,49,6,397,603,0.397000000,0.103000000,603,393,398,False
msb,394,49,5,355,645,0.355000000,0.145000000,645,394,397,False
msb,395,49,4,358,642,0.358000000,0.142000000,642,395,396,False
msb,396,49,3,355,645,0.355000000,0.145000000,645,396,395,False
msb,397,49,2,383,617,0.383000000,0.117000000,617,397,394,False
msb,398,49,1,361,639,0.361000000,0.139000000,639,398,393,False
msb,399,49,0,399,601,0.399000000,0.101000000,601,399,392,False
msb,400,50,7,386,614,0.386000000,0.114000000,614,400,407,False
msb,401,50,6,356,644,0.356000000,0.144000000,644,401,406,False
msb,402,50,5,351,649,0.351000000,0.149000000,649,402,405,False
msb,403,50,4,382,618,0.382000000,0.118000000,618,403,404,False
msb,404,50,3,332,668,0.332000000,0.168000000,668,404,403,False
msb,405,50,2,367,633,0.367000000,0.133000000,633,405,402,False
msb,406,50,1,399,601,0.399000000,0.101000000,601,406,401,False
msb,407,50,0,391,609,0.391000000,0.109000000,609,407,400,False
msb,408,51,7,369,631,0.369000000,0.131000000,631,408,415,False
msb,409,51,6,372,628,0.372000000,0.128000000,628,409,414,False
msb,410,51,5,383,617,0.383000000,0.117000000,617,410,413,False
msb,411,51,4,381,619,0.381000000,0.119000000,619,411,412,False
msb,412,51,3,373,627,0.373000000,0.127000000,627,412,411,False
msb,413,51,2,382,618,0.382000000,0.118000000,618,413,410,False
msb,414,51,1,356,644,0.356000000,0.144000000,644,414,409,False
msb,415,51,0,369,631,0.369000000,0.131000000,631,415,408,False
msb,416,52,7,384,616,0.384000000,0.116000000,616,416,423,False
msb,417,52,6,368,632,0.368000000,0.132000000,632,417,422,False
msb,418,52,5,395,605,0.395000000,0.105000000,605,418,421,False
msb,419,52,4,354,646,0.354000000,0.146000000,646,419,420,False
msb,420,52,3,384,616,0.384000000,0.116000000,616,420,419,False
msb,421,52,2,366,634,0.366000000,0.134000000,634,421,418,False
msb,422,52,1,383,617,0.383000000,0.117000000,617,422,417,False
msb,423,52,0,355,645,0.355000000,0.145000000,645,423,416,False
msb,424,53,7,360,640,0.360000000,0.140000000,640,424,431,False
msb,425,53,6,386,614,0.386000000,0.114000000,614,425,430,False
msb,426,53,5,359,641,0.359000000,0.141000000,641,426,429,False
msb,427,53,4,372,628,0.372000000,0.128000000,628,427,428,False
msb,428,53,3,367,633,0.367000000,0.133000000,633,428,427,False
msb,429,53,2,375,625,0.375000000,0.125000000,625,429,426,False
msb,430,53,1,379,621,0.379000000,0.121000000,621,430,425,False
msb,431,53,0,370,630,0.370000000,0.130000000,630,431,424,False
msb,432,54,7,366,634,0.366000000,0.134000000,634,432,439,False
msb,433,54,6,399,601,0.399000000,0.101000000,601,433,438,False
msb,434,54,5,371,629,0.371000000,0.129000000,629,434,437,False
msb,435,54,4,393,607,0.393000000,0.107000000,607,435,436,False
msb,436,54,3,360,640,0.360000000,0.140000000,640,436,435,False
msb,437,54,2,380,620,0.380000000,0.120000000,620,437,434,False
msb,438,54,1,374,626,0.374000000,0.126000000,626,438,433,False
msb,439,54,0,349,651,0.349000000,0.151000000,651,439,432,False
msb,440,55,7,345,655,0.345000000,0.155000000,655,440,447,False
msb,441,55,6,353,647,0.353000000,0.147000000,647,441,446,False
msb,442,55,5,386,614,0.386000000,0.114000000,614,442,445,False
msb,443,55,4,357,643,0.357000000,0.143000000,643,443,444,False
msb,444,55,3,388,612,0.388000000,0.112000000,612,444,443,False
msb,445,55,2,370,630,0.370000000,0.130000000,630,445,442,False
msb,446,55,1,375,625,0.375000000,0.125000000,625,446,441,False
msb,447,55,0,393,607,0.393000000,0.107000000,607,447,440,False
msb,448,56,7,381,619,0.381000000,0.119000000,619,448,455,False
msb,449,56,6,371,629,0.371000000,0.129000000,629,449,454,False
msb,450,56,5,368,632,0.368000000,0.132000000,632,450,453,False
msb,451,56,4,377,623,0.377000000,0.123000000,623,451,452,False
msb,452,56,3,352,648,0.352000000,0.148000000,648,452,451,False
msb,453,56,2,364,636,0.364000000,0.136000000,636,453,450,False
msb,454,56,1,366,634,0.366000000,0.134000000,634,454,449,False
msb,455,56,0,373,627,0.373000000,0.127000000,627,455,448,False
msb,456,57,7,374,626,0.374000000,0.126000000,626,456,463,False
msb,457,57,6,378,622,0.378000000,0.122000000,622,457,462,False
msb,458,57,5,360,640,0.360000000,0.140000000,640,458,461,False
msb,459,57,4,393,607,0.393000000,0.107000000,607,459,460,False
msb,460,57,3,364,636,0.364000000,0.136000000,636,460,459,False
msb,461,57,2,378,622,0.378000000,0.122000000,622,461,458,False
msb,462,57,1,359,641,0.359000000,0.141000000,641,462,457,False
msb,463,57,0,420,580,0.420000000,0.080000000,580,463,456,False
msb,464,58,7,368,632,0.368000000,0.132000000,632,464,471,False
msb,465,58,6,364,636,0.364000000,0.136000000,636,465,470,False
msb,466,58,5,368,632,0.368000000,0.132000000,632,466,469,False
msb,467,58,4,375,625,0.375000000,0.125000000,625,467,468,False
msb,468,58,3,381,619,0.381000000,0.119000000,619,468,467,False
msb,469,58,2,372,628,0.372000000,0.128000000,628,469,466,False
msb,470,58,1,372,628,0.372000000,0.128000000,628,470,465,False
msb,471,58,0,369,631,0.369000000,0.131000000,631,471,464,False
msb,472,59,7,366,634,0.366000000,0.134000000,634,472,479,False
msb,473,59,6,397,603,0.397000000,0.103000000,603,473,478,False
msb,474,59,5,389,611,0.389000000,0.111000000,611,474,477,False
msb,475,59,4,369,631,0.369000000,0.131000000,631,475,476,False
msb,476,59,3,388,612,0.388000000,0.112000000,612,476,475,False
msb,477,59,2,383,617,0.383000000,0.117000000,617,477,474,False
msb,478,59,1,354,646,0.354000000,0.146000000,646,478,473,False
msb,479,59,0,373,627,0.373000000,0.127000000,627,479,472,False
msb,480,60,7,362,638,0.362000000,0.138000000,638,480,487,False
msb,481,60,6,391,609,0.391000000,0.109000000,609,481,486,False
msb,482,60,5,383,617,0.383000000,0.117000000,617,482,485,False
msb,483,60,4,344,656,0.344000000,0.156000000,656,483,484,False
msb,484,60,3,356,644,0.356000000,0.144000000,644,484,483,False
msb,485,60,2,368,632,0.368000000,0.132000000,632,485,482,False
msb,486,60,1,375,625,0.375000000,0.125000000,625,486,481,False
msb,487,60,0,369,631,0.369000000,0.131000000,631,487,480,False
msb,488,61,7,385,615,0.385000000,0.115000000,615,488,495,False
msb,489,61,6,393,607,0.393000000,0.107000000,607,489,494,False
msb,490,61,5,352,648,0.352000000,0.148000000,648,490,493,False
msb,491,61,4,353,647,0.353000000,0.147000000,647,491,492,False
msb,492,61,3,377,623,0.377000000,0.123000000,623,492,491,False
msb,493,61,2,362,638,0.362000000,0.138000000,638,493,490,False
msb,494,61,1,380,620,0.380000000,0.120000000,620,494,489,False
msb,495,61,0,354,646,0.354000000,0.146000000,646,495,488,False
msb,496,62,7,380,620,0.380000000,0.120000000,620,496,503,False
msb,497,62,6,362,638,0.362000000,0.138000000,638,497,502,False
msb,498,62,5,364,636,0.364000000,0.136000000,636,498,501,False
msb,499,62,4,385,615,0.385000000,0.115000000,615,499,500,False
msb,500,62,3,371,629,0.371000000,0.129000000,629,500,499,False
msb,501,62,2,372,628,0.372000000,0.128000000,628,501,498,False
msb,502,62,1,385,615,0.385000000,0.115000000,615,502,497,False
msb,503,62,0,370,630,0.370000000,0.130000000,630,503,496,False
msb,504,63,7,386,614,0.386000000,0.114000000,614,504,511,False
msb,505,63,6,364,636,0.364000000,0.136000000,636,505,510,False
msb,506,63,5,376,624,0.376000000,0.124000000,624,506,509,False
msb,507,63,4,370,630,0.370000000,0.130000000,630,507,508,False
msb,508,63,3,339,661,0.339000000,0.161000000,661,508,507,False
msb,509,63,2,372,628,0.372000000,0.128000000,628,509,506,False
msb,510,63,1,392,608,0.392000000,0.108000000,608,510,505,False
msb,511,63,0,397,603,0.397000000,0.103000000,603,511,504,False
msb,512,64,7,381,619,0.381000000,0.119000000,619,512,519,False
msb,513,64,6,381,619,0.381000000,0.119000000,619,513,518,False
msb,514,64,5,389,611,0.389000000,0.111000000,611,514,517,False
msb,515,64,4,392,608,0.392000000,0.108000000,608,515,516,False
msb,516,64,3,388,612,0.388000000,0.112000000,612,516,515,False
msb,517,64,2,382,618,0.382000000,0.118000000,618,517,514,False
msb,518,64,1,347,653,0.347000000,0.153000000,653,518,513,False
msb,519,64,0,359,641,0.359000000,0.141000000,641,519,512,False
msb,520,65,7,352,648,0.352000000,0.148000000,648,520,527,False
msb,521,65,6,367,633,0.367000000,0.133000000,633,521,526,False
msb,522,65,5,364,636,0.364000000,0.136000000,636,522,525,False
msb,523,65,4,375,625,0.375000000,0.125000000,625,523,524,False
msb,524,65,3,367,633,0.367000000,0.133000000,633,524,523,False
msb,525,65,2,381,619,0.381000000,0.119000000,619,525,522,False
msb,526,65,1,364,636,0.364000000,0.136000000,636,526,521,False
msb,527,65,0,401,599,0.401000000,0.099000000,599,527,520,False
msb,528,66,7,377,623,0.377000000,0.123000000,623,528,535,False
msb,529,66,6,386,614,0.386000000,0.114000000,614,529,534,False
msb,530,66,5,364,636,0.364000000,0.136000000,636,530,533,False
msb,531,66,4,380,620,0.380000000,0.120000000,620,531,532,False
msb,532,66,3,376,624,0.376000000,0.124000000,624,532,531,False
msb,533,66,2,358,642,0.358000000,0.142000000,642,533,530,False
msb,534,66,1,376,624,0.376000000,0.124000000,624,534,529,False
msb,535,66,0,360,640,0.360000000,0.140000000,640,535,528,False
msb,536,67,7,392,608,0.392000000,0.108000000,608,536,543,False
msb,537,67,6,380,620,0.380000000,0.120000000,620,537,542,False
msb,538,67,5,379,621,0.379000000,0.121000000,621,538,541,False
msb,539,67,4,355,645,0.355000000,0.145000000,645,539,540,False
msb,540,67,3,363,637,0.363000000,0.137000000,637,540,539,False
msb,541,67,2,373,627,0.373000000,0.127000000,627,541,538,False
msb,542,67,1,369,631,0.369000000,0.131000000,631,542,537,False
msb,543,67,0,362,638,0.362000000,0.138000000,638,543,536,False
msb,544,68,7,378,622,0.378000000,0.122000000,622,544,551,False
msb,545,68,6,378,622,0.378000000,0.122000000,622,545,550,False
msb,546,68,5,367,633,0.367000000,0.133000000,633,546,549,False
msb,547,68,4,372,628,0.372000000,0.128000000,628,547,548,False
msb,548,68,3,381,619,0.381000000,0.119000000,619,548,547,False
msb,549,68,2,388,612,0.388000000,0.112000000,612,549,546,False
msb,550,68,1,365,635,0.365000000,0.135000000,635,550,545,False
msb,551,68,0,363,637,0.363000000,0.137000000,637,551,544,False
msb,552,69,7,391,609,0.391000000,0.109000000,609,552,559,False
msb,553,69,6,371,629,0.371000000,0.129000000,629,553,558,False
msb,554,69,5,366,634,0.366000000,0.134000000,634,554,557,False
msb,555,69,4,355,645,0.355000000,0.145000000,645,555,556,False
msb,556,69,3,381,619,0.381000000,0.119000000,619,556,555,False
msb,557,69,2,384,616,0.384000000,0.116000000,616,557,554,False
msb,558,69,1,374,626,0.374000000,0.126000000,626,558,553,False
msb,559,69,0,369,631,0.369000000,0.131000000,631,559,552,False
msb,560,70,7,365,635,0.365000000,0.135000000,635,560,567,False
msb,561,70,6,377,623,0.377000000,0.123000000,623,561,566,False
msb,562,70,5,358,642,0.358000000,0.142000000,642,562,565,False
msb,563,70,4,368,632,0.368000000,0.132000000,632,563,564,False
msb,564,70,3,377,623,0.377000000,0.123000000,623,564,563,False
msb,565,70,2,393,607,0.393000000,0.107000000,607,565,562,False
msb,566,70,1,379,621,0.379000000,0.121000000,621,566,561,False
msb,567,70,0,372,628,0.372000000,0.128000000,628,567,560,False
msb,568,71,7,368,632,0.368000000,0.132000000,632,568,575,False
msb,569,71,6,373,627,0.373000000,0.127000000,627,569,574,False
msb,570,71,5,392,608,0.392000000,0.108000000,608,570,573,False
msb,571,71,4,377,623,0.377000000,0.123000000,623,571,572,False
msb,572,71,3,396,604,0.396000000,0.104000000,604,572,571,False
msb,573,71,2,361,639,0.361000000,0.139000000,639,573,570,False
msb,574,71,1,379,621,0.379000000,0.121000000,621,574,569,False
msb,575,71,0,381,619,0.381000000,0.119000000,619,575,568,False
msb,576,72,7,375,625,0.375000000,0.125000000,625,576,583,False
msb,577,72,6,364,636,0.364000000,0.136000000,636,577,582,False
msb,578,72,5,382,618,0.382000000,0.118000000,618,578,581,False
msb,579,72,4,373,627,0.373000000,0.127000000,627,579,580,False
msb,580,72,3,376,624,0.376000000,0.124000000,624,580,579,False
msb,581,72,2,374,626,0.374000000,0.126000000,626,581,578,False
msb,582,72,1,396,604,0.396000000,0.104000000,604,582,577,False
msb,583,72,0,383,617,0.383000000,0.117000000,617,583,576,False
msb,584,73,7,339,661,0.339000000,0.161000000,661,584,591,False
msb,585,73,6,374,626,0.374000000,0.126000000,626,585,590,False
msb,586,73,5,359,641,0.359000000,0.141000000,641,586,589,False
msb,587,73,4,360,640,0.360000000,0.140000000,640,587,588,False
msb,588,73,3,359,641,0.359000000,0.141000000,641,588,587,False
msb,589,73,2,372,628,0.372000000,0.128000000,628,589,586,False
msb,590,73,1,358,642,0.358000000,0.142000000,642,590,585,False
msb,591,73,0,363,637,0.363000000,0.137000000,637,591,584,False
msb,592,74,7,374,626,0.374000000,0.126000000,626,592,599,False
msb,593,74,6,370,630,0.370000000,0.130000000,630,593,598,False
msb,594,74,5,383,617,0.383000000,0.117000000,617,594,597,False
msb,595,74,4,410,590,0.410000000,0.090000000,590,595,596,False
msb,596,74,3,398,602,0.398000000,0.102000000,602,596,595,False
msb,597,74,2,361,639,0.361000000,0.139000000,639,597,594,False
msb,598,74,1,383,617,0.383000000,0.117000000,617,598,593,False
msb,599,74,0,359,641,0.359000000,0.141000000,641,599,592,False
msb,600,75,7,329,671,0.329000000,0.171000000,671,600,607,False
msb,601,75,6,380,620,0.380000000,0.120000000,620,601,606,False
msb,602,75,5,375,625,0.375000000,0.125000000,625,602,605,False
msb,603,75,4,383,617,0.383000000,0.117000000,617,603,604,False
msb,604,75,3,383,617,0.383000000,0.117000000,617,604,603,False
msb,605,75,2,370,630,0.370000000,0.130000000,630,605,602,False
msb,606,75,1,344,656,0.344000000,0.156000000,656,606,601,False
msb,607,75,0,357,643,0.357000000,0.143000000,643,607,600,False
msb,608,76,7,389,611,0.389000000,0.111000000,611,608,615,False
msb,609,76,6,381,619,0.381000000,0.119000000,619,609,614,False
msb,610,76,5,373,627,0.373000000,0.127000000,627,610,613,False
msb,611,76,4,389,611,0.389000000,0.111000000,611,611,612,False
msb,612,76,3,368,632,0.368000000,0.132000000,632,612,611,False
msb,613,76,2,380,620,0.380000000,0.120000000,620,613,610,False
msb,614,76,1,350,650,0.350000000,0.150000000,650,614,609,False
msb,615,76,0,389,611,0.389000000,0.111000000,611,615,608,False
msb,616,77,7,376,624,0.376000000,0.124000000,624,616,623,False
msb,617,77,6,395,605,0.395000000,0.105000000,605,617,622,False
msb,618,77,5,370,630,0.370000000,0.130000000,630,618,621,False
msb,619,77,4,367,633,0.367000000,0.133000000,633,619,620,False
msb,620,77,3,395,605,0.395000000,0.105000000,605,620,619,False
msb,621,77,2,390,610,0.390000000,0.110000000,610,621,618,False
msb,622,77,1,347,653,0.347000000,0.153000000,653,622,617,False
msb,623,77,0,378,622,0.378000000,0.122000000,622,623,616,False
msb,624,78,7,388,612,0.388000000,0.112000000,612,624,631,False
msb,625,78,6,368,632,0.368000000,0.132000000,632,625,630,False
msb,626,78,5,386,614,0.386000000,0.114000000,614,626,629,False
msb,627,78,4,373,627,0.373000000,0.127000000,627,627,628,False
msb,628,78,3,354,646,0.354000000,0.146000000,646,628,627,False
msb,629,78,2,372,628,0.372000000,0.128000000,628,629,626,False
msb,630,78,1,355,645,0.355000000,0.145000000,645,630,625,False
msb,631,78,0,362,638,0.362000000,0.138000000,638,631,624,False
msb,632,79,7,386,614,0.386000000,0.114000000,614,632,639,False
msb,633,79,6,386,614,0.386000000,0.114000000,614,633,638,False
msb,634,79,5,339,661,0.339000000,0.161000000,661,634,637,False
msb,635,79,4,371,629,0.371000000,0.129000000,629,635,636,False
msb,636,79,3,361,639,0.361000000,0.139000000,639,636,635,False
msb,637,79,2,380,620,0.380000000,0.120000000,620,637,634,False
msb,638,79,1,364,636,0.364000000,0.136000000,636,638,633,False
msb,639,79,0,366,634,0.366000000,0.134000000,634,639,632,False
msb,640,80,7,386,614,0.386000000,0.114000000,614,640,647,False
msb,641,80,6,374,626,0.374000000,0.126000000,626,641,646,False
msb,642,80,5,391,609,0.391000000,0.109000000,609,642,645,False
msb,643,80,4,394,606,0.394000000,0.106000000,606,643,644,False
msb,644,80,3,372,628,0.372000000,0.128000000,628,644,643,False
msb,645,80,2,343,657,0.343000000,0.157000000,657,645,642,False
msb,646,80,1,378,622,0.378000000,0.122000000,622,646,641,False
msb,647,80,0,382,618,0.382000000,0.118000000,618,647,640,False
msb,648,81,7,376,624,0.376000000,0.124000000,624,648,655,False
msb,649,81,6,367,633,0.367000000,0.133000000,633,649,654,False
msb,650,81,5,346,654,0.346000000,0.154000000,654,650,653,False
msb,651,81,4,363,637,0.363000000,0.137000000,637,651,652,False
msb,652,81,3,364,636,0.364000000,0.136000000,636,652,651,False
msb,653,81,2,358,642,0.358000000,0.142000000,642,653,650,False
msb,654,81,1,364,636,0.364000000,0.136000000,636,654,649,False
msb,655,81,0,353,647,0.353000000,0.147000000,647,655,648,False
msb,656,82,7,372,628,0.372000000,0.128000000,628,656,663,False
msb,657,82,6,376,624,0.376000000,0.124000000,624,657,662,False
msb,658,82,5,363,637,0.363000000,0.137000000,637,658,661,False
msb,659,82,4,361,639,0.361000000,0.139000000,639,659,660,False
msb,660,82,3,365,635,0.365000000,0.135000000,635,660,659,False
msb,661,82,2,367,633,0.367000000,0.133000000,633,661,658,False
msb,662,82,1,396,604,0.396000000,0.104000000,604,662,657,False
msb,663,82,0,386,614,0.386000000,0.114000000,614,663,656,False
msb,664,83,7,384,616,0.384000000,0.116000000,616,664,671,False
msb,665,83,6,379,621,0.379000000,0.121000000,621,665,670,False
msb,666,83,5,369,631,0.369000000,0.131000000,631,666,669,False
msb,667,83,4,373,627,0.373000000,0.127000000,627,667,668,False
msb,668,83,3,359,641,0.359000000,0.141000000,641,668,667,False
msb,669,83,2,386,614,0.386000000,0.114000000,614,669,666,False
msb,670,83,1,367,633,0.367000000,0.133000000,633,670,665,False
msb,671,83,0,355,645,0.355000000,0.145000000,645,671,664,False
msb,672,84,7,365,635,0.365000000,0.135000000,635,672,679,False
msb,673,84,6,384,616,0.384000000,0.116000000,616,673,678,False
msb,674,84,5,347,653,0.347000000,0.153000000,653,674,677,False
msb,675,84,4,388,612,0.388000000,0.112000000,612,675,676,False
msb,676,84,3,362,638,0.362000000,0.138000000,638,676,675,False
msb,677,84,2,353,647,0.353000000,0.147000000,647,677,674,False
msb,678,84,1,381,619,0.381000000,0.119000000,619,678,673,False
msb,679,84,0,400,600,0.400000000,0.100000000,600,679,672,False
msb,680,85,7,366,634,0.366000000,0.134000000,634,680,687,False
msb,681,85,6,364,636,0.364000000,0.136000000,636,681,686,False
msb,682,85,5,347,653,0.347000000,0.153000000,653,682,685,False
msb,683,85,4,393,607,0.393000000,0.107000000,607,683,684,False
msb,684,85,3,390,610,0.390000000,0.110000000,610,684,683,False
msb,685,85,2,349,651,0.349000000,0.151000000,651,685,682,False
msb,686,85,1,370,630,0.370000000,0.130000000,630,686,681,False
msb,687,85,0,379,621,0.379000000,0.121000000,621,687,680,False
msb,688,86,7,356,644,0.356000000,0.144000000,644,688,695,False
msb,689,86,6,385,615,0.385000000,0.115000000,615,689,694,False
msb,690,86,5,376,624,0.376000000,0.124000000,624,690,693,False
msb,691,86,4,376,624,0.376000000,0.124000000,624,691,692,False
msb,692,86,3,387,613,0.387000000,0.113000000,613,692,691,False
msb,693,86,2,386,614,0.386000000,0.114000000,614,693,690,False
msb,694,86,1,404,596,0.404000000,0.096000000,596,694,689,False
msb,695,86,0,368,632,0.368000000,0.132000000,632,695,688,False
msb,696,87,7,376,624,0.376000000,0.124000000,624,696,703,False
msb,697,87,6,362,638,0.362000000,0.138000000,638,697,702,False
msb,698,87,5,396,604,0.396000000,0.104000000,604,698,701,False
msb,699,87,4,371,629,0.371000000,0.129000000,629,699,700,False
msb,700,87,3,372,628,0.372000000,0.128000000,628,700,699,False
msb,701,87,2,382,618,0.382000000,0.118000000,618,701,698,False
msb,702,87,1,352,648,0.352000000,0.148000000,648,702,697,False
msb,703,87,0,370,630,0.370000000,0.130000000,630,703,696,False
msb,704,88,7,369,631,0.369000000,0.131000000,631,704,711,False
msb,705,88,6,381,619,0.381000000,0.119000000,619,705,710,False
msb,706,88,5,370,630,0.370000000,0.130000000,630,706,709,False
msb,707,88,4,392,608,0.392000000,0.108000000,608,707,708,False
msb,708,88,3,361,639,0.361000000,0.139000000,639,708,707,False
msb,709,88,2,356,644,0.356000000,0.144000000,644,709,706,False
msb,710,88,1,378,622,0.378000000,0.122000000,622,710,705,False
msb,711,88,0,388,612,0.388000000,0.112000000,612,711,704,False
msb,712,89,7,364,636,0.364000000,0.136000000,636,712,719,False
msb,713,89,6,383,617,0.383000000,0.117000000,617,713,718,False
msb,714,89,5,361,639,0.361000000,0.139000000,639,714,717,False
msb,715,89,4,368,632,0.368000000,0.132000000,632,715,716,False
msb,716,89,3,352,648,0.352000000,0.148000000,648,716,715,False
msb,717,89,2,370,630,0.370000000,0.130000000,630,717,714,False
msb,718,89,1,374,626,0.374000000,0.126000000,626,718,713,False
msb,719,89,0,348,652,0.348000000,0.152000000,652,719,712,False
msb,720,90,7,398,602,0.398000000,0.102000000,602,720,727,False
msb,721,90,6,379,621,0.379000000,0.121000000,621,721,726,False
msb,722,90,5,382,618,0.382000000,0.118000000,618,722,725,False
msb,723,90,4,384,616,0.384000000,0.116000000,616,723,724,False
msb,724,90,3,379,621,0.379000000,0.121000000,621,724,723,False
msb,725,90,2,369,631,0.369000000,0.131000000,631,725,722,False
msb,726,90,1,342,658,0.342000000,0.158000000,658,726,721,False
msb,727,90,0,349,651,0.349000000,0.151000000,651,727,720,False
msb,728,91,7,387,613,0.387000000,0.113000000,613,728,735,False
msb,729,91,6,380,620,0.380000000,0.120000000,620,729,734,False
msb,730,91,5,370,630,0.370000000,0.130000000,630,730,733,False
msb,731,91,4,382,618,0.382000000,0.118000000,618,731,732,False
msb,732,91,3,394,606,0.394000000,0.106000000,606,732,731,False
msb,733,91,2,381,619,0.381000000,0.119000000,619,733,730,False
msb,734,91,1,326,674,0.326000000,0.174000000,674,734,729,False
msb,735,91,0,383,617,0.383000000,0.117000000,617,735,728,False
msb,736,92,7,396,604,0.396000000,0.104000000,604,736,743,False
msb,737,92,6,374,626,0.374000000,0.126000000,626,737,742,False
msb,738,92,5,385,615,0.385000000,0.115000000,615,738,741,False
msb,739,92,4,365,635,0.365000000,0.135000000,635,739,740,False
msb,740,92,3,380,620,0.380000000,0.120000000,620,740,739,False
msb,741,92,2,356,644,0.356000000,0.144000000,644,741,738,False
msb,742,92,1,374,626,0.374000000,0.126000000,626,742,737,False
msb,743,92,0,391,609,0.391000000,0.109000000,609,743,736,False
msb,744,93,7,381,619,0.381000000,0.119000000,619,744,751,False
msb,745,93,6,383,617,0.383000000,0.117000000,617,745,750,False
msb,746,93,5,394,606,0.394000000,0.106000000,606,746,749,False
msb,747,93,4,388,612,0.388000000,0.112000000,612,747,748,False
msb,748,93,3,370,630,0.370000000,0.130000000,630,748,747,False
msb,749,93,2,343,657,0.343000000,0.157000000,657,749,746,False
msb,750,93,1,375,625,0.375000000,0.125000000,625,750,745,False
msb,751,93,0,387,613,0.387000000,0.113000000,613,751,744,False
msb,752,94,7,382,618,0.382000000,0.118000000,618,752,759,False
msb,753,94,6,390,610,0.390000000,0.110000000,610,753,758,False
msb,754,94,5,390,610,0.390000000,0.110000000,610,754,757,False
msb,755,94,4,359,641,0.359000000,0.141000000,641,755,756,False
msb,756,94,3,362,638,0.362000000,0.138000000,638,756,755,False
msb,757,94,2,370,630,0.370000000,0.130000000,630,757,754,False
msb,758,94,1,387,613,0.387000000,0.113000000,613,758,753,False
msb,759,94,0,377,623,0.377000000,0.123000000,623,759,752,False
msb,760,95,7,344,656,0.344000000,0.156000000,656,760,767,False
msb,761,95,6,399,601,0.399000000,0.101000000,601,761,766,False
msb,762,95,5,384,616,0.384000000,0.116000000,616,762,765,False
msb,763,95,4,356,644,0.356000000,0.144000000,644,763,764,False
msb,764,95,3,364,636,0.364000000,0.136000000,636,764,763,False
msb,765,95,2,383,617,0.383000000,0.117000000,617,765,762,False
msb,766,95,1,385,615,0.385000000,0.115000000,615,766,761,False
msb,767,95,0,397,603,0.397000000,0.103000000,603,767,760,False
msb,768,96,7,378,622,0.378000000,0.122000000,622,768,775,False
msb,769,96,6,369,631,0.369000000,0.131000000,631,769,774,False
msb,770,96,5,417,583,0.417000000,0.083000000,583,770,773,False
msb,771,96,4,373,627,0.373000000,0.127000000,627,771,772,False
msb,772,96,3,354,646,0.354000000,0.146000000,646,772,771,False
msb,773,96,2,380,620,0.380000000,0.120000000,620,773,770,False
msb,774,96,1,361,639,0.361000000,0.139000000,639,774,769,False
msb,775,96,0,359,641,0.359000000,0.141000000,641,775,768,False
msb,776,97,7,340,660,0.340000000,0.160000000,660,776,783,False
msb,777,97,6,345,655,0.345000000,0.155000000,655,777,782,False
msb,778,97,5,373,627,0.373000000,0.127000000,627,778,781,False
msb,779,97,4,367,633,0.367000000,0.133000000,633,779,780,False
msb,780,97,3,370,630,0.370000000,0.130000000,630,780,779,False
msb,781,97,2,380,620,0.380000000,0.120000000,620,781,778,False
msb,782,97,1,357,643,0.357000000,0.143000000,643,782,777,False
msb,783,97,0,383,617,0.383000000,0.117000000,617,783,776,False
msb,784,98,7,371,629,0.371000000,0.129000000,629,784,791,False
msb,785,98,6,376,624,0.376000000,0.124000000,624,785,790,False
msb,786,98,5,379,621,0.379000000,0.121000000,621,786,789,False
msb,787,98,4,359,641,0.359000000,0.141000000,641,787,788,False
msb,788,98,3,376,624,0.376000000,0.124000000,624,788,787,False
msb,789,98,2,370,630,0.370000000,0.130000000,630,789,786,False
msb,790,98,1,364,636,0.364000000,0.136000000,636,790,785,False
msb,791,98,0,350,650,0.350000000,0.150000000,650,791,784,False
msb,792,99,7,390,610,0.390000000,0.110000000,610,792,799,False
msb,793,99,6,393,607,0.393000000,0.107000000,607,793,798,False
msb,794,99,5,364,636,0.364000000,0.136000000,636,794,797,False
msb,795,99,4,373,627,0.373000000,0.127000000,627,795,796,False
msb,796,99,3,364,636,0.364000000,0.136000000,636,796,795,False
msb,797,99,2,402,598,0.402000000,0.098000000,598,797,794,False
msb,798,99,1,389,611,0.389000000,0.111000000,611,798,793,False
msb,799,99,0,410,590,0.410000000,0.090000000,590,799,792,False
msb,800,100,7,366,634,0.366000000,0.134000000,634,800,807,False
msb,801,100,6,372,628,0.372000000,0.128000000,628,801,806,False
msb,802,100,5,375,625,0.375000000,0.125000000,625,802,805,False
msb,803,100,4,356,644,0.356000000,0.144000000,644,803,804,False
msb,804,100,3,369,631,0.369000000,0.131000000,631,804,803,False
msb,805,100,2,378,622,0.378000000,0.122000000,622,805,802,False
msb,806,100,1,363,637,0.363000000,0.137000000,637,806,801,False
msb,807,100,0,347,653,0.347000000,0.153000000,653,807,800,False
msb,808,101,7,385,615,0.385000000,0.115000000,615,808,815,False
msb,809,101,6,377,623,0.377000000,0.123000000,623,809,814,False
msb,810,101,5,361,639,0.361000000,0.139000000,639,810,813,False
msb,811,101,4,364,636,0.364000000,0.136000000,636,811,812,False
msb,812,101,3,379,621,0.379000000,0.121000000,621,812,811,False
msb,813,101,2,358,642,0.358000000,0.142000000,642,813,810,False
msb,814,101,1,405,595,0.405000000,0.095000000,595,814,809,False
msb,815,101,0,371,629,0.371000000,0.129000000,629,815,808,False
msb,816,102,7,396,604,0.396000000,0.104000000,604,816,823,False
msb,817,102,6,363,637,0.363000000,0.137000000,637,817,822,False
msb,818,102,5,371,629,0.371000000,0.129000000,629,818,821,False
msb,819,102,4,377,623,0.377000000,0.123000000,623,819,820,False
msb,820,102,3,384,616,0.384000000,0.116000000,616,820,819,False
msb,821,102,2,390,610,0.390000000,0.110000000,610,821,818,False
msb,822,102,1,409,591,0.409000000,0.091000000,591,822,817,False
msb,823,102,0,391,609,0.391000000,0.109000000,609,823,816,False
msb,824,103,7,395,605,0.395000000,0.105000000,605,824,831,False
msb,825,103,6,400,600,0.400000000,0.100000000,600,825,830,False
msb,826,103,5,359,641,0.359000000,0.141000000,641,826,829,False
msb,827,103,4,371,629,0.371000000,0.129000000,629,827,828,False
msb,828,103,3,377,623,0.377000000,0.123000000,623,828,827,False
msb,829,103,2,387,613,0.387000000,0.113000000,613,829,826,False
msb,830,103,1,365,635,0.365000000,0.135000000,635,830,825,False
msb,831,103,0,387,613,0.387000000,0.113000000,613,831,824,False
msb,832,104,7,388,612,0.388000000,0.112000000,612,832,839,False
msb,833,104,6,393,607,0.393000000,0.107000000,607,833,838,False
msb,834,104,5,397,603,0.397000000,0.103000000,603,834,837,False
msb,835,104,4,411,589,0.411000000,0.089000000,589,835,836,False
msb,836,104,3,397,603,0.397000000,0.103000000,603,836,835,False
msb,837,104,2,369,631,0.369000000,0.131000000,631,837,834,False
msb,838,104,1,380,620,0.380000000,0.120000000,620,838,833,False
msb,839,104,0,372,628,0.372000000,0.128000000,628,839,832,False
msb,840,105,7,379,621,0.379000000,0.121000000,621,840,847,False
msb,841,105,6,380,620,0.380000000,0.120000000,620,841,846,False
msb,842,105,5,381,619,0.381000000,0.119000000,619,842,845,False
msb,843,105,4,387,613,0.387000000,0.113000000,613,843,844,False
msb,844,105,3,370,630,0.370000000,0.130000000,630,844,843,False
msb,845,105,2,354,646,0.354000000,0.146000000,646,845,842,False
msb,846,105,1,379,621,0.379000000,0.121000000,621,846,841,False
msb,847,105,0,358,642,0.358000000,0.142000000,642,847,840,False
msb,848,106,7,371,629,0.371000000,0.129000000,629,848,855,False
msb,849,106,6,414,586,0.414000000,0.086000000,586,849,854,False
msb,850,106,5,379,621,0.379000000,0.121000000,621,850,853,False
msb,851,106,4,381,619,0.381000000,0.119000000,619,851,852,False
msb,852,106,3,374,626,0.374000000,0.126000000,626,852,851,False
msb,853,106,2,371,629,0.371000000,0.129000000,629,853,850,False
msb,854,106,1,399,601,0.399000000,0.101000000,601,854,849,False
msb,855,106,0,377,623,0.377000000,0.123000000,623,855,848,False
msb,856,107,7,364,636,0.364000000,0.136000000,636,856,863,False
msb,857,107,6,371,629,0.371000000,0.129000000,629,857,862,False
msb,858,107,5,363,637,0.363000000,0.137000000,637,858,861,False
msb,859,107,4,387,613,0.387000000,0.113000000,613,859,860,False
msb,860,107,3,417,583,0.417000000,0.083000000,583,860,859,False
msb,861,107,2,389,611,0.389000000,0.111000000,611,861,858,False
msb,862,107,1,370,630,0.370000000,0.130000000,630,862,857,False
msb,863,107,0,389,611,0.389000000,0.111000000,611,863,856,False
msb,864,108,7,369,631,0.369000000,0.131000000,631,864,871,False
msb,865,108,6,342,658,0.342000000,0.158000000,658,865,870,False
msb,866,108,5,373,627,0.373000000,0.127000000,627,866,869,False
msb,867,108,4,372,628,0.372000000,0.128000000,628,867,868,False
msb,868,108,3,377,623,0.377000000,0.123000000,623,868,867,False
msb,869,108,2,353,647,0.353000000,0.147000000,647,869,866,False
msb,870,108,1,370,630,0.370000000,0.130000000,630,870,865,False
msb,871,108,0,379,621,0.379000000,0.121000000,621,871,864,False
msb,872,109,7,375,625,0.375000000,0.125000000,625,872,879,False
msb,873,109,6,363,637,0.363000000,0.137000000,637,873,878,False
msb,874,109,5,359,641,0.359000000,0.141000000,641,874,877,False
msb,875,109,4,383,617,0.383000000,0.117000000,617,875,876,False
msb,876,109,3,368,632,0.368000000,0.132000000,632,876,875,False
msb,877,109,2,346,654,0.346000000,0.154000000,654,877,874,False
msb,878,109,1,381,619,0.381000000,0.119000000,619,878,873,False
msb,879,109,0,370,630,0.370000000,0.130000000,630,879,872,False
msb,880,110,7,371,629,0.371000000,0.129000000,629,880,887,False
msb,881,110,6,379,621,0.379000000,0.121000000,621,881,886,False
msb,882,110,5,368,632,0.368000000,0.132000000,632,882,885,False
msb,883,110,4,362,638,0.362000000,0.138000000,638,883,884,False
msb,884,110,3,384,616,0.384000000,0.116000000,616,884,883,False
msb,885,110,2,380,620,0.380000000,0.120000000,620,885,882,False
msb,886,110,1,384,616,0.384000000,0.116000000,616,886,881,False
msb,887,110,0,387,613,0.387000000,0.113000000,613,887,880,False
msb,888,111,7,361,639,0.361000000,0.139000000,639,888,895,False
msb,889,111,6,364,636,0.364000000,0.136000000,636,889,894,False
msb,890,111,5,396,604,0.396000000,0.104000000,604,890,893,False
msb,891,111,4,369,631,0.369000000,0.131000000,631,891,892,False
msb,892,111,3,379,621,0.379000000,0.121000000,621,892,891,False
msb,893,111,2,382,618,0.382000000,0.118000000,618,893,890,False
msb,894,111,1,398,602,0.398000000,0.102000000,602,894,889,False
msb,895,111,0,392,608,0.392000000,0.108000000,608,895,888,False
msb,896,112,7,363,637,0.363000000,0.137000000,637,896,903,False
msb,897,112,6,379,621,0.379000000,0.121000000,621,897,902,False
msb,898,112,5,386,614,0.386000000,0.114000000,614,898,901,False
msb,899,112,4,372,628,0.372000000,0.128000000,628,899,900,False
msb,900,112,3,379,621,0.379000000,0.121000000,621,900,899,False
msb,901,112,2,374,626,0.374000000,0.126000000,626,901,898,False
msb,902,112,1,390,610,0.390000000,0.110000000,610,902,897,False
msb,903,112,0,372,628,0.372000000,0.128000000,628,903,896,False
msb,904,113,7,391,609,0.391000000,0.109000000,609,904,911,False
msb,905,113,6,379,621,0.379000000,0.121000000,621,905,910,False
msb,906,113,5,361,639,0.361000000,0.139000000,639,906,909,False
msb,907,113,4,356,644,0.356000000,0.144000000,644,907,908,False
msb,908,113,3,332,668,0.332000000,0.168000000,668,908,907,False
msb,909,113,2,357,643,0.357000000,0.143000000,643,909,906,False
msb,910,113,1,386,614,0.386000000,0.114000000,614,910,905,False
msb,911,113,0,376,624,0.376000000,0.124000000,624,911,904,False
msb,912,114,7,378,622,0.378000000,0.122000000,622,912,919,False
msb,913,114,6,365,635,0.365000000,0.135000000,635,913,918,False
msb,914,114,5,382,618,0.382000000,0.118000000,618,914,917,False
msb,915,114,4,370,630,0.370000000,0.130000000,630,915,916,False
msb,916,114,3,379,621,0.379000000,0.121000000,621,916,915,False
msb,917,114,2,372,628,0.372000000,0.128000000,628,917,914,False
msb,918,114,1,343,657,0.343000000,0.157000000,657,918,913,False
msb,919,114,0,359,641,0.359000000,0.141000000,641,919,912,False
msb,920,115,7,405,595,0.405000000,0.095000000,595,920,927,False
msb,921,115,6,380,620,0.380000000,0.120000000,620,921,926,False
msb,922,115,5,369,631,0.369000000,0.131000000,631,922,925,False
msb,923,115,4,389,611,0.389000000,0.111000000,611,923,924,False
msb,924,115,3,386,614,0.386000000,0.114000000,614,924,923,False
msb,925,115,2,391,609,0.391000000,0.109000000,609,925,922,False
msb,926,115,1,381,619,0.381000000,0.119000000,619,926,921,False
msb,927,115,0,371,629,0.371000000,0.129000000,629,927,920,False
msb,928,116,7,375,625,0.375000000,0.125000000,625,928,935,False
msb,929,116,6,378,622,0.378000000,0.122000000,622,929,934,False
msb,930,116,5,388,612,0.388000000,0.112000000,612,930,933,False
msb,931,116,4,390,610,0.390000000,0.110000000,610,931,932,False
msb,932,116,3,358,642,0.358000000,0.142000000,642,932,931,False
msb,933,116,2,368,632,0.368000000,0.132000000,632,933,930,False
msb,934,116,1,372,628,0.372000000,0.128000000,628,934,929,False
msb,935,116,0,398,602,0.398000000,0.102000000,602,935,928,False
msb,936,117,7,376,624,0.376000000,0.124000000,624,936,943,False
msb,937,117,6,355,645,0.355000000,0.145000000,645,937,942,False
msb,938,117,5,340,660,0.340000000,0.160000000,660,938,941,False
msb,939,117,4,372,628,0.372000000,0.128000000,628,939,940,False
msb,940,117,3,400,600,0.400000000,0.100000000,600,940,939,False
msb,941,117,2,370,630,0.370000000,0.130000000,630,941,938,False
msb,942,117,1,390,610,0.390000000,0.110000000,610,942,937,False
msb,943,117,0,375,625,0.375000000,0.125000000,625,943,936,False
msb,944,118,7,356,644,0.356000000,0.144000000,644,944,951,False
msb,945,118,6,365,635,0.365000000,0.135000000,635,945,950,False
msb,946,118,5,356,644,0.356000000,0.144000000,644,946,949,False
msb,947,118,4,381,619,0.381000000,0.119000000,619,947,948,False
msb,948,118,3,386,614,0.386000000,0.114000000,614,948,947,False
msb,949,118,2,359,641,0.359000000,0.141000000,641,949,946,False
msb,950,118,1,374,626,0.374000000,0.126000000,626,950,945,False
msb,951,118,0,349,651,0.349000000,0.151000000,651,951,944,False
msb,952,119,7,363,637,0.363000000,0.137000000,637,952,959,False
msb,953,119,6,376,624,0.376000000,0.124000000,624,953,958,False
msb,954,119,5,368,632,0.368000000,0.132000000,632,954,957,False
msb,955,119,4,387,613,0.387000000,0.113000000,613,955,956,False
msb,956,119,3,401,599,0.401000000,0.099000000,599,956,955,False
msb,957,119,2,401,599,0.401000000,0.099000000,599,957,954,False
msb,958,119,1,364,636,0.364000000,0.136000000,636,958,953,False
msb,959,119,0,386,614,0.386000000,0.114000000,614,959,952,False
msb,960,120,7,384,616,0.384000000,0.116000000,616,960,967,False
msb,961,120,6,378,622,0.378000000,0.122000000,622,961,966,False
msb,962,120,5,375,625,0.375000000,0.125000000,625,962,965,False
msb,963,120,4,377,623,0.377000000,0.123000000,623,963,964,False
msb,964,120,3,360,640,0.360000000,0.140000000,640,964,963,False
msb,965,120,2,384,616,0.384000000,0.116000000,616,965,962,False
msb,966,120,1,368,632,0.368000000,0.132000000,632,966,961,False
msb,967,120,0,369,631,0.369000000,0.131000000,631,967,960,False
msb,968,121,7,366,634,0.366000000,0.134000000,634,968,975,False
msb,969,121,6,397,603,0.397000000,0.103000000,603,969,974,False
msb,970,121,5,361,639,0.361000000,0.139000000,639,970,973,False
msb,971,121,4,374,626,0.374000000,0.126000000,626,971,972,False
msb,972,121,3,384,616,0.384000000,0.116000000,616,972,971,False
msb,973,121,2,387,613,0.387000000,0.113000000,613,973,970,False
msb,974,121,1,385,615,0.385000000,0.115000000,615,974,969,False
msb,975,121,0,382,618,0.382000000,0.118000000,618,975,968,False
msb,976,122,7,373,627,0.373000000,0.127000000,627,976,983,False
msb,977,122,6,386,614,0.386000000,0.114000000,614,977,982,False
msb,978,122,5,372,628,0.372000000,0.128000000,628,978,981,False
msb,979,122,4,372,628,0.372000000,0.128000000,628,979,980,False
msb,980,122,3,379,621,0.379000000,0.121000000,621,980,979,False
msb,981,122,2,373,627,0.373000000,0.127000000,627,981,978,False
msb,982,122,1,373,627,0.373000000,0.127000000,627,982,977,False
msb,983,122,0,366,634,0.366000000,0.134000000,634,983,976,False
msb,984,123,7,351,649,0.351000000,0.149000000,649,984,991,False
msb,985,123,6,355,645,0.355000000,0.145000000,645,985,990,False
msb,986,123,5,380,620,0.380000000,0.120000000,620,986,989,False
msb,987,123,4,397,603,0.397000000,0.103000000,603,987,988,False
msb,988,123,3,382,618,0.382000000,0.118000000,618,988,987,False
msb,989,123,2,377,623,0.377000000,0.123000000,623,989,986,False
msb,990,123,1,372,628,0.372000000,0.128000000,628,990,985,False
msb,991,123,0,359,641,0.359000000,0.141000000,641,991,984,False
msb,992,124,7,368,632,0.368000000,0.132000000,632,992,999,False
msb,993,124,6,368,632,0.368000000,0.132000000,632,993,998,False
msb,994,124,5,364,636,0.364000000,0.136000000,636,994,997,False
msb,995,124,4,361,639,0.361000000,0.139000000,639,995,996,False
msb,996,124,3,385,615,0.385000000,0.115000000,615,996,995,False
msb,997,124,2,362,638,0.362000000,0.138000000,638,997,994,False
msb,998,124,1,350,650,0.350000000,0.150000000,650,998,993,False
msb,999,124,0,359,641,0.359000000,0.141000000,641,999,992,False
