label,byte_index,byte_phase_mod8,bit_index,ones,zeros,p1,abs_bias,x,entropy,min_entropy
restart_reduced_xor_random1_sampler_island_local_warmup5_data_ro3_1000x125_strict_20260528_ro3_warmup_neighbors.payload,0,0,0,625,375,0.625000000,0.125000000,625,0.954434003,0.678071905
restart_reduced_xor_random1_sampler_island_local_warmup5_data_ro3_1000x125_strict_20260528_ro3_warmup_neighbors.payload,0,0,1,520,480,0.520000000,0.020000000,520,0.998845536,0.943416472
restart_reduced_xor_random1_sampler_island_local_warmup5_data_ro3_1000x125_strict_20260528_ro3_warmup_neighbors.payload,0,0,2,659,341,0.659000000,0.159000000,659,0.925772423,0.601649630
restart_reduced_xor_random1_sampler_island_local_warmup5_data_ro3_1000x125_strict_20260528_ro3_warmup_neighbors.payload,0,0,3,357,643,0.357000000,0.143000000,643,0.940164752,0.637109357
restart_reduced_xor_random1_sampler_island_local_warmup5_data_ro3_1000x125_strict_20260528_ro3_warmup_neighbors.payload,0,0,4,419,581,0.419000000,0.081000000,581,0.980985270,0.783389931
restart_reduced_xor_random1_sampler_island_local_warmup5_data_ro3_1000x125_strict_20260528_ro3_warmup_neighbors.payload,0,0,5,755,245,0.755000000,0.255000000,755,0.803256700,0.405451450
restart_reduced_xor_random1_sampler_island_local_warmup5_data_ro3_1000x125_strict_20260528_ro3_warmup_neighbors.payload,0,0,6,582,418,0.582000000,0.082000000,582,0.980510718,0.780908942
restart_reduced_xor_random1_sampler_island_local_warmup5_data_ro3_1000x125_strict_20260528_ro3_warmup_neighbors.payload,0,0,7,511,489,0.511000000,0.011000000,511,0.999650840,0.968604804
restart_reduced_xor_random1_sampler_island_local_warmup5_data_ro3_1000x125_strict_20260528_ro3_warmup_neighbors.payload,1,1,0,310,690,0.310000000,0.190000000,690,0.893173458,0.535331733
restart_reduced_xor_random1_sampler_island_local_warmup5_data_ro3_1000x125_strict_20260528_ro3_warmup_neighbors.payload,1,1,1,721,279,0.721000000,0.221000000,721,0.854084660,0.471928835
restart_reduced_xor_random1_sampler_island_local_warmup5_data_ro3_1000x125_strict_20260528_ro3_warmup_neighbors.payload,1,1,2,679,321,0.679000000,0.179000000,679,0.905465607,0.558516520
restart_reduced_xor_random1_sampler_island_local_warmup5_data_ro3_1000x125_strict_20260528_ro3_warmup_neighbors.payload,1,1,3,531,469,0.531000000,0.031000000,531,0.997225361,0.913216234
restart_reduced_xor_random1_sampler_island_local_warmup5_data_ro3_1000x125_strict_20260528_ro3_warmup_neighbors.payload,1,1,4,708,292,0.708000000,0.208000000,708,0.871290784,0.498178735
restart_reduced_xor_random1_sampler_island_local_warmup5_data_ro3_1000x125_strict_20260528_ro3_warmup_neighbors.payload,1,1,5,438,562,0.438000000,0.062000000,562,0.988879961,0.831357964
restart_reduced_xor_random1_sampler_island_local_warmup5_data_ro3_1000x125_strict_20260528_ro3_warmup_neighbors.payload,1,1,6,367,633,0.367000000,0.133000000,633,0.948340730,0.659722595
restart_reduced_xor_random1_sampler_island_local_warmup5_data_ro3_1000x125_strict_20260528_ro3_warmup_neighbors.payload,1,1,7,769,231,0.769000000,0.269000000,769,0.779750459,0.378944497
restart_reduced_xor_random1_sampler_island_local_warmup5_data_ro3_1000x125_strict_20260528_ro3_warmup_neighbors.payload,2,2,0,678,322,0.678000000,0.178000000,678,0.906543138,0.560642822
restart_reduced_xor_random1_sampler_island_local_warmup5_data_ro3_1000x125_strict_20260528_ro3_warmup_neighbors.payload,2,2,1,550,450,0.550000000,0.050000000,550,0.992774454,0.862496476
restart_reduced_xor_random1_sampler_island_local_warmup5_data_ro3_1000x125_strict_20260528_ro3_warmup_neighbors.payload,2,2,2,309,691,0.309000000,0.191000000,691,0.892015756,0.533242384
restart_reduced_xor_random1_sampler_island_local_warmup5_data_ro3_1000x125_strict_20260528_ro3_warmup_neighbors.payload,2,2,3,713,287,0.713000000,0.213000000,713,0.864814353,0.488026018
restart_reduced_xor_random1_sampler_island_local_warmup5_data_ro3_1000x125_strict_20260528_ro3_warmup_neighbors.payload,2,2,4,721,279,0.721000000,0.221000000,721,0.854084660,0.471928835
restart_reduced_xor_random1_sampler_island_local_warmup5_data_ro3_1000x125_strict_20260528_ro3_warmup_neighbors.payload,2,2,5,539,461,0.539000000,0.039000000,539,0.995606861,0.891642822
restart_reduced_xor_random1_sampler_island_local_warmup5_data_ro3_1000x125_strict_20260528_ro3_warmup_neighbors.payload,2,2,6,691,309,0.691000000,0.191000000,691,0.892015756,0.533242384
restart_reduced_xor_random1_sampler_island_local_warmup5_data_ro3_1000x125_strict_20260528_ro3_warmup_neighbors.payload,2,2,7,507,493,0.507000000,0.007000000,507,0.999858611,0.979942348
restart_reduced_xor_random1_sampler_island_local_warmup5_data_ro3_1000x125_strict_20260528_ro3_warmup_neighbors.payload,3,3,0,754,246,0.754000000,0.254000000,754,0.804876499,0.407363571
restart_reduced_xor_random1_sampler_island_local_warmup5_data_ro3_1000x125_strict_20260528_ro3_warmup_neighbors.payload,3,3,1,556,444,0.556000000,0.056000000,556,0.990932404,0.846843212
restart_reduced_xor_random1_sampler_island_local_warmup5_data_ro3_1000x125_strict_20260528_ro3_warmup_neighbors.payload,3,3,2,628,372,0.628000000,0.128000000,628,0.952195377,0.671163536
restart_reduced_xor_random1_sampler_island_local_warmup5_data_ro3_1000x125_strict_20260528_ro3_warmup_neighbors.payload,3,3,3,551,449,0.551000000,0.051000000,551,0.992482032,0.859875776
restart_reduced_xor_random1_sampler_island_local_warmup5_data_ro3_1000x125_strict_20260528_ro3_warmup_neighbors.payload,3,3,4,297,703,0.297000000,0.203000000,703,0.877592748,0.508403406
restart_reduced_xor_random1_sampler_island_local_warmup5_data_ro3_1000x125_strict_20260528_ro3_warmup_neighbors.payload,3,3,5,650,350,0.650000000,0.150000000,650,0.934068055,0.621488377
restart_reduced_xor_random1_sampler_island_local_warmup5_data_ro3_1000x125_strict_20260528_ro3_warmup_neighbors.payload,3,3,6,708,292,0.708000000,0.208000000,708,0.871290784,0.498178735
restart_reduced_xor_random1_sampler_island_local_warmup5_data_ro3_1000x125_strict_20260528_ro3_warmup_neighbors.payload,3,3,7,530,470,0.530000000,0.030000000,530,0.997401589,0.915935735
restart_reduced_xor_random1_sampler_island_local_warmup5_data_ro3_1000x125_strict_20260528_ro3_warmup_neighbors.payload,4,4,0,375,625,0.375000000,0.125000000,625,0.954434003,0.678071905
restart_reduced_xor_random1_sampler_island_local_warmup5_data_ro3_1000x125_strict_20260528_ro3_warmup_neighbors.payload,4,4,1,519,481,0.519000000,0.019000000,519,0.998958123,0.946193556
restart_reduced_xor_random1_sampler_island_local_warmup5_data_ro3_1000x125_strict_20260528_ro3_warmup_neighbors.payload,4,4,2,756,244,0.756000000,0.256000000,756,0.801629102,0.403541860
restart_reduced_xor_random1_sampler_island_local_warmup5_data_ro3_1000x125_strict_20260528_ro3_warmup_neighbors.payload,4,4,3,596,404,0.596000000,0.096000000,596,0.973242407,0.746615764
restart_reduced_xor_random1_sampler_island_local_warmup5_data_ro3_1000x125_strict_20260528_ro3_warmup_neighbors.payload,4,4,4,621,379,0.621000000,0.121000000,621,0.957332691,0.687334826
restart_reduced_xor_random1_sampler_island_local_warmup5_data_ro3_1000x125_strict_20260528_ro3_warmup_neighbors.payload,4,4,5,628,372,0.628000000,0.128000000,628,0.952195377,0.671163536
restart_reduced_xor_random1_sampler_island_local_warmup5_data_ro3_1000x125_strict_20260528_ro3_warmup_neighbors.payload,4,4,6,334,666,0.334000000,0.166000000,666,0.918961059,0.586405918
restart_reduced_xor_random1_sampler_island_local_warmup5_data_ro3_1000x125_strict_20260528_ro3_warmup_neighbors.payload,4,4,7,583,417,0.583000000,0.083000000,583,0.980030236,0.778432211
restart_reduced_xor_random1_sampler_island_local_warmup5_data_ro3_1000x125_strict_20260528_ro3_warmup_neighbors.payload,5,5,0,606,394,0.606000000,0.106000000,606,0.967332434,0.722610301
restart_reduced_xor_random1_sampler_island_local_warmup5_data_ro3_1000x125_strict_20260528_ro3_warmup_neighbors.payload,5,5,1,663,337,0.663000000,0.163000000,663,0.921918939,0.592919225
restart_reduced_xor_random1_sampler_island_local_warmup5_data_ro3_1000x125_strict_20260528_ro3_warmup_neighbors.payload,5,5,2,393,607,0.393000000,0.107000000,607,0.966708290,0.720231578
restart_reduced_xor_random1_sampler_island_local_warmup5_data_ro3_1000x125_strict_20260528_ro3_warmup_neighbors.payload,5,5,3,483,517,0.483000000,0.017000000,517,0.999165962,0.951763814
restart_reduced_xor_random1_sampler_island_local_warmup5_data_ro3_1000x125_strict_20260528_ro3_warmup_neighbors.payload,5,5,4,745,255,0.745000000,0.245000000,745,0.819107180,0.424687669
restart_reduced_xor_random1_sampler_island_local_warmup5_data_ro3_1000x125_strict_20260528_ro3_warmup_neighbors.payload,5,5,5,622,378,0.622000000,0.122000000,622,0.956617229,0.685013515
restart_reduced_xor_random1_sampler_island_local_warmup5_data_ro3_1000x125_strict_20260528_ro3_warmup_neighbors.payload,5,5,6,618,382,0.618000000,0.118000000,618,0.959442321,0.694321257
restart_reduced_xor_random1_sampler_island_local_warmup5_data_ro3_1000x125_strict_20260528_ro3_warmup_neighbors.payload,5,5,7,652,348,0.652000000,0.152000000,652,0.932269192,0.617056130
restart_reduced_xor_random1_sampler_island_local_warmup5_data_ro3_1000x125_strict_20260528_ro3_warmup_neighbors.payload,6,6,0,692,308,0.692000000,0.192000000,692,0.890851297,0.531156057
restart_reduced_xor_random1_sampler_island_local_warmup5_data_ro3_1000x125_strict_20260528_ro3_warmup_neighbors.payload,6,6,1,674,326,0.674000000,0.174000000,674,0.910787284,0.569179503
restart_reduced_xor_random1_sampler_island_local_warmup5_data_ro3_1000x125_strict_20260528_ro3_warmup_neighbors.payload,6,6,2,596,404,0.596000000,0.096000000,596,0.973242407,0.746615764
restart_reduced_xor_random1_sampler_island_local_warmup5_data_ro3_1000x125_strict_20260528_ro3_warmup_neighbors.payload,6,6,3,654,346,0.654000000,0.154000000,654,0.930444894,0.612637459
restart_reduced_xor_random1_sampler_island_local_warmup5_data_ro3_1000x125_strict_20260528_ro3_warmup_neighbors.payload,6,6,4,423,577,0.423000000,0.077000000,577,0.982824252,0.793356776
restart_reduced_xor_random1_sampler_island_local_warmup5_data_ro3_1000x125_strict_20260528_ro3_warmup_neighbors.payload,6,6,5,455,545,0.455000000,0.045000000,545,0.994149171,0.875671865
restart_reduced_xor_random1_sampler_island_local_warmup5_data_ro3_1000x125_strict_20260528_ro3_warmup_neighbors.payload,6,6,6,726,274,0.726000000,0.226000000,726,0.847146008,0.461958547
restart_reduced_xor_random1_sampler_island_local_warmup5_data_ro3_1000x125_strict_20260528_ro3_warmup_neighbors.payload,6,6,7,640,360,0.640000000,0.140000000,640,0.942683189,0.643856190
restart_reduced_xor_random1_sampler_island_local_warmup5_data_ro3_1000x125_strict_20260528_ro3_warmup_neighbors.payload,7,7,0,475,525,0.475000000,0.025000000,525,0.998195879,0.929610672
restart_reduced_xor_random1_sampler_island_local_warmup5_data_ro3_1000x125_strict_20260528_ro3_warmup_neighbors.payload,7,7,1,414,586,0.414000000,0.086000000,586,0.978553168,0.771027430
restart_reduced_xor_random1_sampler_island_local_warmup5_data_ro3_1000x125_strict_20260528_ro3_warmup_neighbors.payload,7,7,2,668,332,0.668000000,0.168000000,668,0.916956726,0.582079992
restart_reduced_xor_random1_sampler_island_local_warmup5_data_ro3_1000x125_strict_20260528_ro3_warmup_neighbors.payload,7,7,3,671,329,0.671000000,0.171000000,671,0.913901413,0.575615328
restart_reduced_xor_random1_sampler_island_local_warmup5_data_ro3_1000x125_strict_20260528_ro3_warmup_neighbors.payload,7,7,4,574,426,0.574000000,0.074000000,574,0.984141411,0.800877358
restart_reduced_xor_random1_sampler_island_local_warmup5_data_ro3_1000x125_strict_20260528_ro3_warmup_neighbors.payload,7,7,5,633,367,0.633000000,0.133000000,633,0.948340730,0.659722595
restart_reduced_xor_random1_sampler_island_local_warmup5_data_ro3_1000x125_strict_20260528_ro3_warmup_neighbors.payload,7,7,6,486,514,0.486000000,0.014000000,514,0.999434390,0.960159735
restart_reduced_xor_random1_sampler_island_local_warmup5_data_ro3_1000x125_strict_20260528_ro3_warmup_neighbors.payload,7,7,7,440,560,0.440000000,0.060000000,560,0.989587521,0.836501268
restart_reduced_xor_random1_sampler_island_local_warmup5_data_ro3_1000x125_strict_20260528_ro3_warmup_neighbors.payload,8,0,0,595,405,0.595000000,0.095000000,595,0.973800369,0.749038426
restart_reduced_xor_random1_sampler_island_local_warmup5_data_ro3_1000x125_strict_20260528_ro3_warmup_neighbors.payload,8,0,1,605,395,0.605000000,0.105000000,605,0.967950536,0.724992953
restart_reduced_xor_random1_sampler_island_local_warmup5_data_ro3_1000x125_strict_20260528_ro3_warmup_neighbors.payload,8,0,2,503,497,0.503000000,0.003000000,503,0.999974031,0.991369695
restart_reduced_xor_random1_sampler_island_local_warmup5_data_ro3_1000x125_strict_20260528_ro3_warmup_neighbors.payload,8,0,3,417,583,0.417000000,0.083000000,583,0.980030236,0.778432211
restart_reduced_xor_random1_sampler_island_local_warmup5_data_ro3_1000x125_strict_20260528_ro3_warmup_neighbors.payload,8,0,4,620,380,0.620000000,0.120000000,620,0.958042022,0.689659879
restart_reduced_xor_random1_sampler_island_local_warmup5_data_ro3_1000x125_strict_20260528_ro3_warmup_neighbors.payload,8,0,5,667,333,0.667000000,0.167000000,667,0.917962140,0.584241333
restart_reduced_xor_random1_sampler_island_local_warmup5_data_ro3_1000x125_strict_20260528_ro3_warmup_neighbors.payload,8,0,6,596,404,0.596000000,0.096000000,596,0.973242407,0.746615764
restart_reduced_xor_random1_sampler_island_local_warmup5_data_ro3_1000x125_strict_20260528_ro3_warmup_neighbors.payload,8,0,7,625,375,0.625000000,0.125000000,625,0.954434003,0.678071905
restart_reduced_xor_random1_sampler_island_local_warmup5_data_ro3_1000x125_strict_20260528_ro3_warmup_neighbors.payload,9,1,0,552,448,0.552000000,0.052000000,552,0.992183779,0.857259828
restart_reduced_xor_random1_sampler_island_local_warmup5_data_ro3_1000x125_strict_20260528_ro3_warmup_neighbors.payload,9,1,1,673,327,0.673000000,0.173000000,673,0.911831879,0.571321590
restart_reduced_xor_random1_sampler_island_local_warmup5_data_ro3_1000x125_strict_20260528_ro3_warmup_neighbors.payload,9,1,2,626,374,0.626000000,0.126000000,626,0.953693958,0.675765438
restart_reduced_xor_random1_sampler_island_local_warmup5_data_ro3_1000x125_strict_20260528_ro3_warmup_neighbors.payload,9,1,3,609,391,0.609000000,0.109000000,609,0.965441852,0.715485867
restart_reduced_xor_random1_sampler_island_local_warmup5_data_ro3_1000x125_strict_20260528_ro3_warmup_neighbors.payload,9,1,4,567,433,0.567000000,0.067000000,567,0.987008440,0.818579360
restart_reduced_xor_random1_sampler_island_local_warmup5_data_ro3_1000x125_strict_20260528_ro3_warmup_neighbors.payload,9,1,5,419,581,0.419000000,0.081000000,581,0.980985270,0.783389931
restart_reduced_xor_random1_sampler_island_local_warmup5_data_ro3_1000x125_strict_20260528_ro3_warmup_neighbors.payload,9,1,6,572,428,0.572000000,0.072000000,572,0.984990010,0.805912948
restart_reduced_xor_random1_sampler_island_local_warmup5_data_ro3_1000x125_strict_20260528_ro3_warmup_neighbors.payload,9,1,7,655,345,0.655000000,0.155000000,655,0.929523186,0.610433188
restart_reduced_xor_random1_sampler_island_local_warmup5_data_ro3_1000x125_strict_20260528_ro3_warmup_neighbors.payload,10,2,0,592,408,0.592000000,0.092000000,592,0.975438353,0.756330919
restart_reduced_xor_random1_sampler_island_local_warmup5_data_ro3_1000x125_strict_20260528_ro3_warmup_neighbors.payload,10,2,1,470,530,0.470000000,0.030000000,530,0.997401589,0.915935735
restart_reduced_xor_random1_sampler_island_local_warmup5_data_ro3_1000x125_strict_20260528_ro3_warmup_neighbors.payload,10,2,2,539,461,0.539000000,0.039000000,539,0.995606861,0.891642822
restart_reduced_xor_random1_sampler_island_local_warmup5_data_ro3_1000x125_strict_20260528_ro3_warmup_neighbors.payload,10,2,3,676,324,0.676000000,0.176000000,676,0.908678385,0.564904848
restart_reduced_xor_random1_sampler_island_local_warmup5_data_ro3_1000x125_strict_20260528_ro3_warmup_neighbors.payload,10,2,4,622,378,0.622000000,0.122000000,622,0.956617229,0.685013515
restart_reduced_xor_random1_sampler_island_local_warmup5_data_ro3_1000x125_strict_20260528_ro3_warmup_neighbors.payload,10,2,5,640,360,0.640000000,0.140000000,640,0.942683189,0.643856190
restart_reduced_xor_random1_sampler_island_local_warmup5_data_ro3_1000x125_strict_20260528_ro3_warmup_neighbors.payload,10,2,6,577,423,0.577000000,0.077000000,577,0.982824252,0.793356776
restart_reduced_xor_random1_sampler_island_local_warmup5_data_ro3_1000x125_strict_20260528_ro3_warmup_neighbors.payload,10,2,7,451,549,0.451000000,0.049000000,549,0.993061046,0.865121946
restart_reduced_xor_random1_sampler_island_local_warmup5_data_ro3_1000x125_strict_20260528_ro3_warmup_neighbors.payload,11,3,0,655,345,0.655000000,0.155000000,655,0.929523186,0.610433188
restart_reduced_xor_random1_sampler_island_local_warmup5_data_ro3_1000x125_strict_20260528_ro3_warmup_neighbors.payload,11,3,1,622,378,0.622000000,0.122000000,622,0.956617229,0.685013515
restart_reduced_xor_random1_sampler_island_local_warmup5_data_ro3_1000x125_strict_20260528_ro3_warmup_neighbors.payload,11,3,2,597,403,0.597000000,0.097000000,597,0.972678454,0.744197163
restart_reduced_xor_random1_sampler_island_local_warmup5_data_ro3_1000x125_strict_20260528_ro3_warmup_neighbors.payload,11,3,3,446,554,0.446000000,0.054000000,554,0.991569769,0.852042119
restart_reduced_xor_random1_sampler_island_local_warmup5_data_ro3_1000x125_strict_20260528_ro3_warmup_neighbors.payload,11,3,4,497,503,0.497000000,0.003000000,503,0.999974031,0.991369695
restart_reduced_xor_random1_sampler_island_local_warmup5_data_ro3_1000x125_strict_20260528_ro3_warmup_neighbors.payload,11,3,5,672,328,0.672000000,0.172000000,672,0.912869919,0.573466862
restart_reduced_xor_random1_sampler_island_local_warmup5_data_ro3_1000x125_strict_20260528_ro3_warmup_neighbors.payload,11,3,6,647,353,0.647000000,0.147000000,647,0.936718810,0.628162383
restart_reduced_xor_random1_sampler_island_local_warmup5_data_ro3_1000x125_strict_20260528_ro3_warmup_neighbors.payload,11,3,7,610,390,0.610000000,0.110000000,610,0.964799549,0.713118852
restart_reduced_xor_random1_sampler_island_local_warmup5_data_ro3_1000x125_strict_20260528_ro3_warmup_neighbors.payload,12,4,0,483,517,0.483000000,0.017000000,517,0.999165962,0.951763814
restart_reduced_xor_random1_sampler_island_local_warmup5_data_ro3_1000x125_strict_20260528_ro3_warmup_neighbors.payload,12,4,1,642,358,0.642000000,0.142000000,642,0.941010506,0.639354798
restart_reduced_xor_random1_sampler_island_local_warmup5_data_ro3_1000x125_strict_20260528_ro3_warmup_neighbors.payload,12,4,2,641,359,0.641000000,0.141000000,641,0.941849982,0.641603738
restart_reduced_xor_random1_sampler_island_local_warmup5_data_ro3_1000x125_strict_20260528_ro3_warmup_neighbors.payload,12,4,3,603,397,0.603000000,0.103000000,603,0.969168634,0.729770093
restart_reduced_xor_random1_sampler_island_local_warmup5_data_ro3_1000x125_strict_20260528_ro3_warmup_neighbors.payload,12,4,4,597,403,0.597000000,0.097000000,597,0.972678454,0.744197163
restart_reduced_xor_random1_sampler_island_local_warmup5_data_ro3_1000x125_strict_20260528_ro3_warmup_neighbors.payload,12,4,5,483,517,0.483000000,0.017000000,517,0.999165962,0.951763814
restart_reduced_xor_random1_sampler_island_local_warmup5_data_ro3_1000x125_strict_20260528_ro3_warmup_neighbors.payload,12,4,6,499,501,0.499000000,0.001000000,501,0.999997115,0.997117491
restart_reduced_xor_random1_sampler_island_local_warmup5_data_ro3_1000x125_strict_20260528_ro3_warmup_neighbors.payload,12,4,7,646,354,0.646000000,0.146000000,646,0.937589751,0.630393930
restart_reduced_xor_random1_sampler_island_local_warmup5_data_ro3_1000x125_strict_20260528_ro3_warmup_neighbors.payload,13,5,0,621,379,0.621000000,0.121000000,621,0.957332691,0.687334826
restart_reduced_xor_random1_sampler_island_local_warmup5_data_ro3_1000x125_strict_20260528_ro3_warmup_neighbors.payload,13,5,1,494,506,0.494000000,0.006000000,506,0.999896123,0.982790710
restart_reduced_xor_random1_sampler_island_local_warmup5_data_ro3_1000x125_strict_20260528_ro3_warmup_neighbors.payload,13,5,2,479,521,0.479000000,0.021000000,521,0.998727169,0.940644722
restart_reduced_xor_random1_sampler_island_local_warmup5_data_ro3_1000x125_strict_20260528_ro3_warmup_neighbors.payload,13,5,3,615,385,0.615000000,0.115000000,615,0.961496951,0.701341684
restart_reduced_xor_random1_sampler_island_local_warmup5_data_ro3_1000x125_strict_20260528_ro3_warmup_neighbors.payload,13,5,4,640,360,0.640000000,0.140000000,640,0.942683189,0.643856190
restart_reduced_xor_random1_sampler_island_local_warmup5_data_ro3_1000x125_strict_20260528_ro3_warmup_neighbors.payload,13,5,5,586,414,0.586000000,0.086000000,586,0.978553168,0.771027430
restart_reduced_xor_random1_sampler_island_local_warmup5_data_ro3_1000x125_strict_20260528_ro3_warmup_neighbors.payload,13,5,6,585,415,0.585000000,0.085000000,585,0.979051465,0.773491470
restart_reduced_xor_random1_sampler_island_local_warmup5_data_ro3_1000x125_strict_20260528_ro3_warmup_neighbors.payload,13,5,7,506,494,0.506000000,0.006000000,506,0.999896123,0.982790710
restart_reduced_xor_random1_sampler_island_local_warmup5_data_ro3_1000x125_strict_20260528_ro3_warmup_neighbors.payload,14,6,0,635,365,0.635000000,0.135000000,635,0.946755450,0.655171503
restart_reduced_xor_random1_sampler_island_local_warmup5_data_ro3_1000x125_strict_20260528_ro3_warmup_neighbors.payload,14,6,1,648,352,0.648000000,0.148000000,648,0.935841553,0.625934282
restart_reduced_xor_random1_sampler_island_local_warmup5_data_ro3_1000x125_strict_20260528_ro3_warmup_neighbors.payload,14,6,2,605,395,0.605000000,0.105000000,605,0.967950536,0.724992953
restart_reduced_xor_random1_sampler_island_local_warmup5_data_ro3_1000x125_strict_20260528_ro3_warmup_neighbors.payload,14,6,3,523,477,0.523000000,0.023000000,523,0.998473090,0.935117148
restart_reduced_xor_random1_sampler_island_local_warmup5_data_ro3_1000x125_strict_20260528_ro3_warmup_neighbors.payload,14,6,4,502,498,0.502000000,0.002000000,502,0.999988458,0.994240731
restart_reduced_xor_random1_sampler_island_local_warmup5_data_ro3_1000x125_strict_20260528_ro3_warmup_neighbors.payload,14,6,5,584,416,0.584000000,0.084000000,584,0.979543820,0.775959726
restart_reduced_xor_random1_sampler_island_local_warmup5_data_ro3_1000x125_strict_20260528_ro3_warmup_neighbors.payload,14,6,6,633,367,0.633000000,0.133000000,633,0.948340730,0.659722595
restart_reduced_xor_random1_sampler_island_local_warmup5_data_ro3_1000x125_strict_20260528_ro3_warmup_neighbors.payload,14,6,7,633,367,0.633000000,0.133000000,633,0.948340730,0.659722595
restart_reduced_xor_random1_sampler_island_local_warmup5_data_ro3_1000x125_strict_20260528_ro3_warmup_neighbors.payload,15,7,0,504,496,0.504000000,0.004000000,504,0.999953833,0.988504361
restart_reduced_xor_random1_sampler_island_local_warmup5_data_ro3_1000x125_strict_20260528_ro3_warmup_neighbors.payload,15,7,1,545,455,0.545000000,0.045000000,545,0.994149171,0.875671865
restart_reduced_xor_random1_sampler_island_local_warmup5_data_ro3_1000x125_strict_20260528_ro3_warmup_neighbors.payload,15,7,2,646,354,0.646000000,0.146000000,646,0.937589751,0.630393930
restart_reduced_xor_random1_sampler_island_local_warmup5_data_ro3_1000x125_strict_20260528_ro3_warmup_neighbors.payload,15,7,3,629,371,0.629000000,0.129000000,629,0.951436826,0.668868078
restart_reduced_xor_random1_sampler_island_local_warmup5_data_ro3_1000x125_strict_20260528_ro3_warmup_neighbors.payload,15,7,4,608,392,0.608000000,0.108000000,608,0.966078098,0.717856771
restart_reduced_xor_random1_sampler_island_local_warmup5_data_ro3_1000x125_strict_20260528_ro3_warmup_neighbors.payload,15,7,5,565,435,0.565000000,0.065000000,565,0.987774655,0.823677227
restart_reduced_xor_random1_sampler_island_local_warmup5_data_ro3_1000x125_strict_20260528_ro3_warmup_neighbors.payload,15,7,6,487,513,0.487000000,0.013000000,513,0.999512314,0.962969269
restart_reduced_xor_random1_sampler_island_local_warmup5_data_ro3_1000x125_strict_20260528_ro3_warmup_neighbors.payload,15,7,7,551,449,0.551000000,0.051000000,551,0.992482032,0.859875776
restart_reduced_xor_random1_sampler_island_local_warmup5_data_ro3_1000x125_strict_20260528_ro3_warmup_neighbors.payload,16,0,0,610,390,0.610000000,0.110000000,610,0.964799549,0.713118852
restart_reduced_xor_random1_sampler_island_local_warmup5_data_ro3_1000x125_strict_20260528_ro3_warmup_neighbors.payload,16,0,1,581,419,0.581000000,0.081000000,581,0.980985270,0.783389931
restart_reduced_xor_random1_sampler_island_local_warmup5_data_ro3_1000x125_strict_20260528_ro3_warmup_neighbors.payload,16,0,2,502,498,0.502000000,0.002000000,502,0.999988458,0.994240731
restart_reduced_xor_random1_sampler_island_local_warmup5_data_ro3_1000x125_strict_20260528_ro3_warmup_neighbors.payload,16,0,3,524,476,0.524000000,0.024000000,524,0.998337377,0.932361283
restart_reduced_xor_random1_sampler_island_local_warmup5_data_ro3_1000x125_strict_20260528_ro3_warmup_neighbors.payload,16,0,4,645,355,0.645000000,0.145000000,645,0.938454383,0.632628934
restart_reduced_xor_random1_sampler_island_local_warmup5_data_ro3_1000x125_strict_20260528_ro3_warmup_neighbors.payload,16,0,5,617,383,0.617000000,0.117000000,617,0.960133301,0.696657606
restart_reduced_xor_random1_sampler_island_local_warmup5_data_ro3_1000x125_strict_20260528_ro3_warmup_neighbors.payload,16,0,6,619,381,0.619000000,0.119000000,619,0.958745230,0.691988685
restart_reduced_xor_random1_sampler_island_local_warmup5_data_ro3_1000x125_strict_20260528_ro3_warmup_neighbors.payload,16,0,7,571,429,0.571000000,0.071000000,571,0.985405468,0.808437349
restart_reduced_xor_random1_sampler_island_local_warmup5_data_ro3_1000x125_strict_20260528_ro3_warmup_neighbors.payload,17,1,0,617,383,0.617000000,0.117000000,617,0.960133301,0.696657606
restart_reduced_xor_random1_sampler_island_local_warmup5_data_ro3_1000x125_strict_20260528_ro3_warmup_neighbors.payload,17,1,1,633,367,0.633000000,0.133000000,633,0.948340730,0.659722595
restart_reduced_xor_random1_sampler_island_local_warmup5_data_ro3_1000x125_strict_20260528_ro3_warmup_neighbors.payload,17,1,2,603,397,0.603000000,0.103000000,603,0.969168634,0.729770093
restart_reduced_xor_random1_sampler_island_local_warmup5_data_ro3_1000x125_strict_20260528_ro3_warmup_neighbors.payload,17,1,3,572,428,0.572000000,0.072000000,572,0.984990010,0.805912948
restart_reduced_xor_random1_sampler_island_local_warmup5_data_ro3_1000x125_strict_20260528_ro3_warmup_neighbors.payload,17,1,4,502,498,0.502000000,0.002000000,502,0.999988458,0.994240731
restart_reduced_xor_random1_sampler_island_local_warmup5_data_ro3_1000x125_strict_20260528_ro3_warmup_neighbors.payload,17,1,5,531,469,0.531000000,0.031000000,531,0.997225361,0.913216234
restart_reduced_xor_random1_sampler_island_local_warmup5_data_ro3_1000x125_strict_20260528_ro3_warmup_neighbors.payload,17,1,6,637,363,0.637000000,0.137000000,637,0.945145271,0.650634722
restart_reduced_xor_random1_sampler_island_local_warmup5_data_ro3_1000x125_strict_20260528_ro3_warmup_neighbors.payload,17,1,7,617,383,0.617000000,0.117000000,617,0.960133301,0.696657606
restart_reduced_xor_random1_sampler_island_local_warmup5_data_ro3_1000x125_strict_20260528_ro3_warmup_neighbors.payload,18,2,0,530,470,0.530000000,0.030000000,530,0.997401589,0.915935735
restart_reduced_xor_random1_sampler_island_local_warmup5_data_ro3_1000x125_strict_20260528_ro3_warmup_neighbors.payload,18,2,1,512,488,0.512000000,0.012000000,512,0.999584464,0.965784285
restart_reduced_xor_random1_sampler_island_local_warmup5_data_ro3_1000x125_strict_20260528_ro3_warmup_neighbors.payload,18,2,2,628,372,0.628000000,0.128000000,628,0.952195377,0.671163536
restart_reduced_xor_random1_sampler_island_local_warmup5_data_ro3_1000x125_strict_20260528_ro3_warmup_neighbors.payload,18,2,3,594,406,0.594000000,0.094000000,594,0.974352345,0.751465164
restart_reduced_xor_random1_sampler_island_local_warmup5_data_ro3_1000x125_strict_20260528_ro3_warmup_neighbors.payload,18,2,4,606,394,0.606000000,0.106000000,606,0.967332434,0.722610301
restart_reduced_xor_random1_sampler_island_local_warmup5_data_ro3_1000x125_strict_20260528_ro3_warmup_neighbors.payload,18,2,5,583,417,0.583000000,0.083000000,583,0.980030236,0.778432211
restart_reduced_xor_random1_sampler_island_local_warmup5_data_ro3_1000x125_strict_20260528_ro3_warmup_neighbors.payload,18,2,6,507,493,0.507000000,0.007000000,507,0.999858611,0.979942348
restart_reduced_xor_random1_sampler_island_local_warmup5_data_ro3_1000x125_strict_20260528_ro3_warmup_neighbors.payload,18,2,7,513,487,0.513000000,0.013000000,513,0.999512314,0.962969269
restart_reduced_xor_random1_sampler_island_local_warmup5_data_ro3_1000x125_strict_20260528_ro3_warmup_neighbors.payload,19,3,0,632,368,0.632000000,0.132000000,632,0.949124052,0.662003536
restart_reduced_xor_random1_sampler_island_local_warmup5_data_ro3_1000x125_strict_20260528_ro3_warmup_neighbors.payload,19,3,1,582,418,0.582000000,0.082000000,582,0.980510718,0.780908942
restart_reduced_xor_random1_sampler_island_local_warmup5_data_ro3_1000x125_strict_20260528_ro3_warmup_neighbors.payload,19,3,2,532,468,0.532000000,0.032000000,532,0.997043340,0.910501849
restart_reduced_xor_random1_sampler_island_local_warmup5_data_ro3_1000x125_strict_20260528_ro3_warmup_neighbors.payload,19,3,3,517,483,0.517000000,0.017000000,517,0.999165962,0.951763814
restart_reduced_xor_random1_sampler_island_local_warmup5_data_ro3_1000x125_strict_20260528_ro3_warmup_neighbors.payload,19,3,4,585,415,0.585000000,0.085000000,585,0.979051465,0.773491470
restart_reduced_xor_random1_sampler_island_local_warmup5_data_ro3_1000x125_strict_20260528_ro3_warmup_neighbors.payload,19,3,5,612,388,0.612000000,0.112000000,612,0.963496742,0.708396442
restart_reduced_xor_random1_sampler_island_local_warmup5_data_ro3_1000x125_strict_20260528_ro3_warmup_neighbors.payload,19,3,6,618,382,0.618000000,0.118000000,618,0.959442321,0.694321257
restart_reduced_xor_random1_sampler_island_local_warmup5_data_ro3_1000x125_strict_20260528_ro3_warmup_neighbors.payload,19,3,7,585,415,0.585000000,0.085000000,585,0.979051465,0.773491470
restart_reduced_xor_random1_sampler_island_local_warmup5_data_ro3_1000x125_strict_20260528_ro3_warmup_neighbors.payload,20,4,0,559,441,0.559000000,0.059000000,559,0.989932517,0.839079812
restart_reduced_xor_random1_sampler_island_local_warmup5_data_ro3_1000x125_strict_20260528_ro3_warmup_neighbors.payload,20,4,1,647,353,0.647000000,0.147000000,647,0.936718810,0.628162383
restart_reduced_xor_random1_sampler_island_local_warmup5_data_ro3_1000x125_strict_20260528_ro3_warmup_neighbors.payload,20,4,2,642,358,0.642000000,0.142000000,642,0.941010506,0.639354798
restart_reduced_xor_random1_sampler_island_local_warmup5_data_ro3_1000x125_strict_20260528_ro3_warmup_neighbors.payload,20,4,3,589,411,0.589000000,0.089000000,589,0.977022579,0.763660461
restart_reduced_xor_random1_sampler_island_local_warmup5_data_ro3_1000x125_strict_20260528_ro3_warmup_neighbors.payload,20,4,4,553,447,0.553000000,0.053000000,553,0.991879693,0.854648614
restart_reduced_xor_random1_sampler_island_local_warmup5_data_ro3_1000x125_strict_20260528_ro3_warmup_neighbors.payload,20,4,5,532,468,0.532000000,0.032000000,532,0.997043340,0.910501849
restart_reduced_xor_random1_sampler_island_local_warmup5_data_ro3_1000x125_strict_20260528_ro3_warmup_neighbors.payload,20,4,6,553,447,0.553000000,0.053000000,553,0.991879693,0.854648614
restart_reduced_xor_random1_sampler_island_local_warmup5_data_ro3_1000x125_strict_20260528_ro3_warmup_neighbors.payload,20,4,7,611,389,0.611000000,0.111000000,611,0.964151180,0.710755715
restart_reduced_xor_random1_sampler_island_local_warmup5_data_ro3_1000x125_strict_20260528_ro3_warmup_neighbors.payload,21,5,0,549,451,0.549000000,0.049000000,549,0.993061046,0.865121946
restart_reduced_xor_random1_sampler_island_local_warmup5_data_ro3_1000x125_strict_20260528_ro3_warmup_neighbors.payload,21,5,1,531,469,0.531000000,0.031000000,531,0.997225361,0.913216234
restart_reduced_xor_random1_sampler_island_local_warmup5_data_ro3_1000x125_strict_20260528_ro3_warmup_neighbors.payload,21,5,2,555,445,0.555000000,0.055000000,555,0.991254007,0.849440323
restart_reduced_xor_random1_sampler_island_local_warmup5_data_ro3_1000x125_strict_20260528_ro3_warmup_neighbors.payload,21,5,3,608,392,0.608000000,0.108000000,608,0.966078098,0.717856771
restart_reduced_xor_random1_sampler_island_local_warmup5_data_ro3_1000x125_strict_20260528_ro3_warmup_neighbors.payload,21,5,4,611,389,0.611000000,0.111000000,611,0.964151180,0.710755715
restart_reduced_xor_random1_sampler_island_local_warmup5_data_ro3_1000x125_strict_20260528_ro3_warmup_neighbors.payload,21,5,5,606,394,0.606000000,0.106000000,606,0.967332434,0.722610301
restart_reduced_xor_random1_sampler_island_local_warmup5_data_ro3_1000x125_strict_20260528_ro3_warmup_neighbors.payload,21,5,6,595,405,0.595000000,0.095000000,595,0.973800369,0.749038426
restart_reduced_xor_random1_sampler_island_local_warmup5_data_ro3_1000x125_strict_20260528_ro3_warmup_neighbors.payload,21,5,7,526,474,0.526000000,0.026000000,526,0.998048596,0.926865295
restart_reduced_xor_random1_sampler_island_local_warmup5_data_ro3_1000x125_strict_20260528_ro3_warmup_neighbors.payload,22,6,0,610,390,0.610000000,0.110000000,610,0.964799549,0.713118852
restart_reduced_xor_random1_sampler_island_local_warmup5_data_ro3_1000x125_strict_20260528_ro3_warmup_neighbors.payload,22,6,1,604,396,0.604000000,0.104000000,604,0.968562601,0.727379545
restart_reduced_xor_random1_sampler_island_local_warmup5_data_ro3_1000x125_strict_20260528_ro3_warmup_neighbors.payload,22,6,2,564,436,0.564000000,0.064000000,564,0.988148956,0.826232932
restart_reduced_xor_random1_sampler_island_local_warmup5_data_ro3_1000x125_strict_20260528_ro3_warmup_neighbors.payload,22,6,3,528,472,0.528000000,0.028000000,528,0.997736670,0.921390165
restart_reduced_xor_random1_sampler_island_local_warmup5_data_ro3_1000x125_strict_20260528_ro3_warmup_neighbors.payload,22,6,4,562,438,0.562000000,0.062000000,562,0.988879961,0.831357964
restart_reduced_xor_random1_sampler_island_local_warmup5_data_ro3_1000x125_strict_20260528_ro3_warmup_neighbors.payload,22,6,5,618,382,0.618000000,0.118000000,618,0.959442321,0.694321257
restart_reduced_xor_random1_sampler_island_local_warmup5_data_ro3_1000x125_strict_20260528_ro3_warmup_neighbors.payload,22,6,6,598,402,0.598000000,0.098000000,598,0.972108504,0.741782610
restart_reduced_xor_random1_sampler_island_local_warmup5_data_ro3_1000x125_strict_20260528_ro3_warmup_neighbors.payload,22,6,7,615,385,0.615000000,0.115000000,615,0.961496951,0.701341684
restart_reduced_xor_random1_sampler_island_local_warmup5_data_ro3_1000x125_strict_20260528_ro3_warmup_neighbors.payload,23,7,0,520,480,0.520000000,0.020000000,520,0.998845536,0.943416472
restart_reduced_xor_random1_sampler_island_local_warmup5_data_ro3_1000x125_strict_20260528_ro3_warmup_neighbors.payload,23,7,1,598,402,0.598000000,0.098000000,598,0.972108504,0.741782610
restart_reduced_xor_random1_sampler_island_local_warmup5_data_ro3_1000x125_strict_20260528_ro3_warmup_neighbors.payload,23,7,2,612,388,0.612000000,0.112000000,612,0.963496742,0.708396442
restart_reduced_xor_random1_sampler_island_local_warmup5_data_ro3_1000x125_strict_20260528_ro3_warmup_neighbors.payload,23,7,3,587,413,0.587000000,0.087000000,587,0.978048924,0.768567592
restart_reduced_xor_random1_sampler_island_local_warmup5_data_ro3_1000x125_strict_20260528_ro3_warmup_neighbors.payload,23,7,4,568,432,0.568000000,0.068000000,568,0.986616520,0.816037165
restart_reduced_xor_random1_sampler_island_local_warmup5_data_ro3_1000x125_strict_20260528_ro3_warmup_neighbors.payload,23,7,5,530,470,0.530000000,0.030000000,530,0.997401589,0.915935735
restart_reduced_xor_random1_sampler_island_local_warmup5_data_ro3_1000x125_strict_20260528_ro3_warmup_neighbors.payload,23,7,6,541,459,0.541000000,0.041000000,541,0.995144209,0.886299501
restart_reduced_xor_random1_sampler_island_local_warmup5_data_ro3_1000x125_strict_20260528_ro3_warmup_neighbors.payload,23,7,7,604,396,0.604000000,0.104000000,604,0.968562601,0.727379545
restart_reduced_xor_random1_sampler_island_local_warmup5_data_ro3_1000x125_strict_20260528_ro3_warmup_neighbors.payload,24,0,0,594,406,0.594000000,0.094000000,594,0.974352345,0.751465164
restart_reduced_xor_random1_sampler_island_local_warmup5_data_ro3_1000x125_strict_20260528_ro3_warmup_neighbors.payload,24,0,1,548,452,0.548000000,0.048000000,548,0.993341812,0.867752202
restart_reduced_xor_random1_sampler_island_local_warmup5_data_ro3_1000x125_strict_20260528_ro3_warmup_neighbors.payload,24,0,2,536,464,0.536000000,0.036000000,536,0.996257297,0.899695094
restart_reduced_xor_random1_sampler_island_local_warmup5_data_ro3_1000x125_strict_20260528_ro3_warmup_neighbors.payload,24,0,3,600,400,0.600000000,0.100000000,600,0.970950594,0.736965594
restart_reduced_xor_random1_sampler_island_local_warmup5_data_ro3_1000x125_strict_20260528_ro3_warmup_neighbors.payload,24,0,4,614,386,0.614000000,0.114000000,614,0.962169633,0.703689439
restart_reduced_xor_random1_sampler_island_local_warmup5_data_ro3_1000x125_strict_20260528_ro3_warmup_neighbors.payload,24,0,5,604,396,0.604000000,0.104000000,604,0.968562601,0.727379545
restart_reduced_xor_random1_sampler_island_local_warmup5_data_ro3_1000x125_strict_20260528_ro3_warmup_neighbors.payload,24,0,6,598,402,0.598000000,0.098000000,598,0.972108504,0.741782610
restart_reduced_xor_random1_sampler_island_local_warmup5_data_ro3_1000x125_strict_20260528_ro3_warmup_neighbors.payload,24,0,7,544,456,0.544000000,0.044000000,544,0.994406653,0.878321443
restart_reduced_xor_random1_sampler_island_local_warmup5_data_ro3_1000x125_strict_20260528_ro3_warmup_neighbors.payload,25,1,0,614,386,0.614000000,0.114000000,614,0.962169633,0.703689439
restart_reduced_xor_random1_sampler_island_local_warmup5_data_ro3_1000x125_strict_20260528_ro3_warmup_neighbors.payload,25,1,1,611,389,0.611000000,0.111000000,611,0.964151180,0.710755715
restart_reduced_xor_random1_sampler_island_local_warmup5_data_ro3_1000x125_strict_20260528_ro3_warmup_neighbors.payload,25,1,2,572,428,0.572000000,0.072000000,572,0.984990010,0.805912948
restart_reduced_xor_random1_sampler_island_local_warmup5_data_ro3_1000x125_strict_20260528_ro3_warmup_neighbors.payload,25,1,3,581,419,0.581000000,0.081000000,581,0.980985270,0.783389931
restart_reduced_xor_random1_sampler_island_local_warmup5_data_ro3_1000x125_strict_20260528_ro3_warmup_neighbors.payload,25,1,4,529,471,0.529000000,0.029000000,529,0.997572025,0.918660373
restart_reduced_xor_random1_sampler_island_local_warmup5_data_ro3_1000x125_strict_20260528_ro3_warmup_neighbors.payload,25,1,5,568,432,0.568000000,0.068000000,568,0.986616520,0.816037165
restart_reduced_xor_random1_sampler_island_local_warmup5_data_ro3_1000x125_strict_20260528_ro3_warmup_neighbors.payload,25,1,6,627,373,0.627000000,0.127000000,627,0.952947752,0.673462652
restart_reduced_xor_random1_sampler_island_local_warmup5_data_ro3_1000x125_strict_20260528_ro3_warmup_neighbors.payload,25,1,7,603,397,0.603000000,0.103000000,603,0.969168634,0.729770093
restart_reduced_xor_random1_sampler_island_local_warmup5_data_ro3_1000x125_strict_20260528_ro3_warmup_neighbors.payload,26,2,0,519,481,0.519000000,0.019000000,519,0.998958123,0.946193556
restart_reduced_xor_random1_sampler_island_local_warmup5_data_ro3_1000x125_strict_20260528_ro3_warmup_neighbors.payload,26,2,1,554,446,0.554000000,0.054000000,554,0.991569769,0.852042119
restart_reduced_xor_random1_sampler_island_local_warmup5_data_ro3_1000x125_strict_20260528_ro3_warmup_neighbors.payload,26,2,2,616,384,0.616000000,0.116000000,616,0.960818175,0.698997744
restart_reduced_xor_random1_sampler_island_local_warmup5_data_ro3_1000x125_strict_20260528_ro3_warmup_neighbors.payload,26,2,3,601,399,0.601000000,0.101000000,601,0.970362626,0.734563104
restart_reduced_xor_random1_sampler_island_local_warmup5_data_ro3_1000x125_strict_20260528_ro3_warmup_neighbors.payload,26,2,4,597,403,0.597000000,0.097000000,597,0.972678454,0.744197163
restart_reduced_xor_random1_sampler_island_local_warmup5_data_ro3_1000x125_strict_20260528_ro3_warmup_neighbors.payload,26,2,5,565,435,0.565000000,0.065000000,565,0.987774655,0.823677227
restart_reduced_xor_random1_sampler_island_local_warmup5_data_ro3_1000x125_strict_20260528_ro3_warmup_neighbors.payload,26,2,6,543,457,0.543000000,0.043000000,543,0.994658318,0.880975897
restart_reduced_xor_random1_sampler_island_local_warmup5_data_ro3_1000x125_strict_20260528_ro3_warmup_neighbors.payload,26,2,7,547,453,0.547000000,0.047000000,547,0.993616753,0.870387262
restart_reduced_xor_random1_sampler_island_local_warmup5_data_ro3_1000x125_strict_20260528_ro3_warmup_neighbors.payload,27,3,0,573,427,0.573000000,0.073000000,573,0.984568658,0.803392956
restart_reduced_xor_random1_sampler_island_local_warmup5_data_ro3_1000x125_strict_20260528_ro3_warmup_neighbors.payload,27,3,1,585,415,0.585000000,0.085000000,585,0.979051465,0.773491470
restart_reduced_xor_random1_sampler_island_local_warmup5_data_ro3_1000x125_strict_20260528_ro3_warmup_neighbors.payload,27,3,2,522,478,0.522000000,0.022000000,522,0.998603020,0.937878288
restart_reduced_xor_random1_sampler_island_local_warmup5_data_ro3_1000x125_strict_20260528_ro3_warmup_neighbors.payload,27,3,3,540,460,0.540000000,0.040000000,540,0.995378439,0.888968688
restart_reduced_xor_random1_sampler_island_local_warmup5_data_ro3_1000x125_strict_20260528_ro3_warmup_neighbors.payload,27,3,4,593,407,0.593000000,0.093000000,593,0.974898337,0.753895990
restart_reduced_xor_random1_sampler_island_local_warmup5_data_ro3_1000x125_strict_20260528_ro3_warmup_neighbors.payload,27,3,5,592,408,0.592000000,0.092000000,592,0.975438353,0.756330919
restart_reduced_xor_random1_sampler_island_local_warmup5_data_ro3_1000x125_strict_20260528_ro3_warmup_neighbors.payload,27,3,6,578,422,0.578000000,0.078000000,578,0.982373383,0.790858602
restart_reduced_xor_random1_sampler_island_local_warmup5_data_ro3_1000x125_strict_20260528_ro3_warmup_neighbors.payload,27,3,7,563,437,0.563000000,0.063000000,563,0.988517390,0.828793173
restart_reduced_xor_random1_sampler_island_local_warmup5_data_ro3_1000x125_strict_20260528_ro3_warmup_neighbors.payload,28,4,0,573,427,0.573000000,0.073000000,573,0.984568658,0.803392956
restart_reduced_xor_random1_sampler_island_local_warmup5_data_ro3_1000x125_strict_20260528_ro3_warmup_neighbors.payload,28,4,1,599,401,0.599000000,0.099000000,599,0.971532552,0.739372092
restart_reduced_xor_random1_sampler_island_local_warmup5_data_ro3_1000x125_strict_20260528_ro3_warmup_neighbors.payload,28,4,2,579,421,0.579000000,0.079000000,579,0.981916598,0.788364747
restart_reduced_xor_random1_sampler_island_local_warmup5_data_ro3_1000x125_strict_20260528_ro3_warmup_neighbors.payload,28,4,3,601,399,0.601000000,0.101000000,601,0.970362626,0.734563104
restart_reduced_xor_random1_sampler_island_local_warmup5_data_ro3_1000x125_strict_20260528_ro3_warmup_neighbors.payload,28,4,4,562,438,0.562000000,0.062000000,562,0.988879961,0.831357964
restart_reduced_xor_random1_sampler_island_local_warmup5_data_ro3_1000x125_strict_20260528_ro3_warmup_neighbors.payload,28,4,5,519,481,0.519000000,0.019000000,519,0.998958123,0.946193556
restart_reduced_xor_random1_sampler_island_local_warmup5_data_ro3_1000x125_strict_20260528_ro3_warmup_neighbors.payload,28,4,6,588,412,0.588000000,0.088000000,588,0.977538729,0.766111940
restart_reduced_xor_random1_sampler_island_local_warmup5_data_ro3_1000x125_strict_20260528_ro3_warmup_neighbors.payload,28,4,7,595,405,0.595000000,0.095000000,595,0.973800369,0.749038426
restart_reduced_xor_random1_sampler_island_local_warmup5_data_ro3_1000x125_strict_20260528_ro3_warmup_neighbors.payload,29,5,0,584,416,0.584000000,0.084000000,584,0.979543820,0.775959726
restart_reduced_xor_random1_sampler_island_local_warmup5_data_ro3_1000x125_strict_20260528_ro3_warmup_neighbors.payload,29,5,1,564,436,0.564000000,0.064000000,564,0.988148956,0.826232932
restart_reduced_xor_random1_sampler_island_local_warmup5_data_ro3_1000x125_strict_20260528_ro3_warmup_neighbors.payload,29,5,2,577,423,0.577000000,0.077000000,577,0.982824252,0.793356776
restart_reduced_xor_random1_sampler_island_local_warmup5_data_ro3_1000x125_strict_20260528_ro3_warmup_neighbors.payload,29,5,3,602,398,0.602000000,0.102000000,602,0.969768640,0.732164608
restart_reduced_xor_random1_sampler_island_local_warmup5_data_ro3_1000x125_strict_20260528_ro3_warmup_neighbors.payload,29,5,4,586,414,0.586000000,0.086000000,586,0.978553168,0.771027430
restart_reduced_xor_random1_sampler_island_local_warmup5_data_ro3_1000x125_strict_20260528_ro3_warmup_neighbors.payload,29,5,5,601,399,0.601000000,0.101000000,601,0.970362626,0.734563104
restart_reduced_xor_random1_sampler_island_local_warmup5_data_ro3_1000x125_strict_20260528_ro3_warmup_neighbors.payload,29,5,6,572,428,0.572000000,0.072000000,572,0.984990010,0.805912948
restart_reduced_xor_random1_sampler_island_local_warmup5_data_ro3_1000x125_strict_20260528_ro3_warmup_neighbors.payload,29,5,7,536,464,0.536000000,0.036000000,536,0.996257297,0.899695094
restart_reduced_xor_random1_sampler_island_local_warmup5_data_ro3_1000x125_strict_20260528_ro3_warmup_neighbors.payload,30,6,0,563,437,0.563000000,0.063000000,563,0.988517390,0.828793173
restart_reduced_xor_random1_sampler_island_local_warmup5_data_ro3_1000x125_strict_20260528_ro3_warmup_neighbors.payload,30,6,1,571,429,0.571000000,0.071000000,571,0.985405468,0.808437349
restart_reduced_xor_random1_sampler_island_local_warmup5_data_ro3_1000x125_strict_20260528_ro3_warmup_neighbors.payload,30,6,2,569,431,0.569000000,0.069000000,569,0.986218720,0.813499442
restart_reduced_xor_random1_sampler_island_local_warmup5_data_ro3_1000x125_strict_20260528_ro3_warmup_neighbors.payload,30,6,3,525,475,0.525000000,0.025000000,525,0.998195879,0.929610672
restart_reduced_xor_random1_sampler_island_local_warmup5_data_ro3_1000x125_strict_20260528_ro3_warmup_neighbors.payload,30,6,4,576,424,0.576000000,0.076000000,576,0.983269211,0.795859283
restart_reduced_xor_random1_sampler_island_local_warmup5_data_ro3_1000x125_strict_20260528_ro3_warmup_neighbors.payload,30,6,5,615,385,0.615000000,0.115000000,615,0.961496951,0.701341684
restart_reduced_xor_random1_sampler_island_local_warmup5_data_ro3_1000x125_strict_20260528_ro3_warmup_neighbors.payload,30,6,6,603,397,0.603000000,0.103000000,603,0.969168634,0.729770093
restart_reduced_xor_random1_sampler_island_local_warmup5_data_ro3_1000x125_strict_20260528_ro3_warmup_neighbors.payload,30,6,7,571,429,0.571000000,0.071000000,571,0.985405468,0.808437349
restart_reduced_xor_random1_sampler_island_local_warmup5_data_ro3_1000x125_strict_20260528_ro3_warmup_neighbors.payload,31,7,0,536,464,0.536000000,0.036000000,536,0.996257297,0.899695094
restart_reduced_xor_random1_sampler_island_local_warmup5_data_ro3_1000x125_strict_20260528_ro3_warmup_neighbors.payload,31,7,1,582,418,0.582000000,0.082000000,582,0.980510718,0.780908942
restart_reduced_xor_random1_sampler_island_local_warmup5_data_ro3_1000x125_strict_20260528_ro3_warmup_neighbors.payload,31,7,2,596,404,0.596000000,0.096000000,596,0.973242407,0.746615764
restart_reduced_xor_random1_sampler_island_local_warmup5_data_ro3_1000x125_strict_20260528_ro3_warmup_neighbors.payload,31,7,3,572,428,0.572000000,0.072000000,572,0.984990010,0.805912948
restart_reduced_xor_random1_sampler_island_local_warmup5_data_ro3_1000x125_strict_20260528_ro3_warmup_neighbors.payload,31,7,4,584,416,0.584000000,0.084000000,584,0.979543820,0.775959726
restart_reduced_xor_random1_sampler_island_local_warmup5_data_ro3_1000x125_strict_20260528_ro3_warmup_neighbors.payload,31,7,5,539,461,0.539000000,0.039000000,539,0.995606861,0.891642822
restart_reduced_xor_random1_sampler_island_local_warmup5_data_ro3_1000x125_strict_20260528_ro3_warmup_neighbors.payload,31,7,6,579,421,0.579000000,0.079000000,579,0.981916598,0.788364747
restart_reduced_xor_random1_sampler_island_local_warmup5_data_ro3_1000x125_strict_20260528_ro3_warmup_neighbors.payload,31,7,7,600,400,0.600000000,0.100000000,600,0.970950594,0.736965594
restart_reduced_xor_random1_sampler_island_local_warmup5_data_ro3_1000x125_strict_20260528_ro3_warmup_neighbors.payload,32,0,0,592,408,0.592000000,0.092000000,592,0.975438353,0.756330919
restart_reduced_xor_random1_sampler_island_local_warmup5_data_ro3_1000x125_strict_20260528_ro3_warmup_neighbors.payload,32,0,1,566,434,0.566000000,0.066000000,566,0.987394484,0.821126042
restart_reduced_xor_random1_sampler_island_local_warmup5_data_ro3_1000x125_strict_20260528_ro3_warmup_neighbors.payload,32,0,2,540,460,0.540000000,0.040000000,540,0.995378439,0.888968688
restart_reduced_xor_random1_sampler_island_local_warmup5_data_ro3_1000x125_strict_20260528_ro3_warmup_neighbors.payload,32,0,3,583,417,0.583000000,0.083000000,583,0.980030236,0.778432211
restart_reduced_xor_random1_sampler_island_local_warmup5_data_ro3_1000x125_strict_20260528_ro3_warmup_neighbors.payload,32,0,4,591,409,0.591000000,0.091000000,591,0.975972395,0.758769964
restart_reduced_xor_random1_sampler_island_local_warmup5_data_ro3_1000x125_strict_20260528_ro3_warmup_neighbors.payload,32,0,5,572,428,0.572000000,0.072000000,572,0.984990010,0.805912948
restart_reduced_xor_random1_sampler_island_local_warmup5_data_ro3_1000x125_strict_20260528_ro3_warmup_neighbors.payload,32,0,6,570,430,0.570000000,0.070000000,570,0.985815037,0.810966176
restart_reduced_xor_random1_sampler_island_local_warmup5_data_ro3_1000x125_strict_20260528_ro3_warmup_neighbors.payload,32,0,7,569,431,0.569000000,0.069000000,569,0.986218720,0.813499442
restart_reduced_xor_random1_sampler_island_local_warmup5_data_ro3_1000x125_strict_20260528_ro3_warmup_neighbors.payload,33,1,0,598,402,0.598000000,0.098000000,598,0.972108504,0.741782610
restart_reduced_xor_random1_sampler_island_local_warmup5_data_ro3_1000x125_strict_20260528_ro3_warmup_neighbors.payload,33,1,1,556,444,0.556000000,0.056000000,556,0.990932404,0.846843212
restart_reduced_xor_random1_sampler_island_local_warmup5_data_ro3_1000x125_strict_20260528_ro3_warmup_neighbors.payload,33,1,2,577,423,0.577000000,0.077000000,577,0.982824252,0.793356776
restart_reduced_xor_random1_sampler_island_local_warmup5_data_ro3_1000x125_strict_20260528_ro3_warmup_neighbors.payload,33,1,3,561,439,0.561000000,0.061000000,561,0.989236670,0.833927324
restart_reduced_xor_random1_sampler_island_local_warmup5_data_ro3_1000x125_strict_20260528_ro3_warmup_neighbors.payload,33,1,4,561,439,0.561000000,0.061000000,561,0.989236670,0.833927324
restart_reduced_xor_random1_sampler_island_local_warmup5_data_ro3_1000x125_strict_20260528_ro3_warmup_neighbors.payload,33,1,5,593,407,0.593000000,0.093000000,593,0.974898337,0.753895990
restart_reduced_xor_random1_sampler_island_local_warmup5_data_ro3_1000x125_strict_20260528_ro3_warmup_neighbors.payload,33,1,6,573,427,0.573000000,0.073000000,573,0.984568658,0.803392956
restart_reduced_xor_random1_sampler_island_local_warmup5_data_ro3_1000x125_strict_20260528_ro3_warmup_neighbors.payload,33,1,7,591,409,0.591000000,0.091000000,591,0.975972395,0.758769964
restart_reduced_xor_random1_sampler_island_local_warmup5_data_ro3_1000x125_strict_20260528_ro3_warmup_neighbors.payload,34,2,0,539,461,0.539000000,0.039000000,539,0.995606861,0.891642822
restart_reduced_xor_random1_sampler_island_local_warmup5_data_ro3_1000x125_strict_20260528_ro3_warmup_neighbors.payload,34,2,1,601,399,0.601000000,0.101000000,601,0.970362626,0.734563104
restart_reduced_xor_random1_sampler_island_local_warmup5_data_ro3_1000x125_strict_20260528_ro3_warmup_neighbors.payload,34,2,2,570,430,0.570000000,0.070000000,570,0.985815037,0.810966176
restart_reduced_xor_random1_sampler_island_local_warmup5_data_ro3_1000x125_strict_20260528_ro3_warmup_neighbors.payload,34,2,3,563,437,0.563000000,0.063000000,563,0.988517390,0.828793173
restart_reduced_xor_random1_sampler_island_local_warmup5_data_ro3_1000x125_strict_20260528_ro3_warmup_neighbors.payload,34,2,4,592,408,0.592000000,0.092000000,592,0.975438353,0.756330919
restart_reduced_xor_random1_sampler_island_local_warmup5_data_ro3_1000x125_strict_20260528_ro3_warmup_neighbors.payload,34,2,5,601,399,0.601000000,0.101000000,601,0.970362626,0.734563104
restart_reduced_xor_random1_sampler_island_local_warmup5_data_ro3_1000x125_strict_20260528_ro3_warmup_neighbors.payload,34,2,6,507,493,0.507000000,0.007000000,507,0.999858611,0.979942348
restart_reduced_xor_random1_sampler_island_local_warmup5_data_ro3_1000x125_strict_20260528_ro3_warmup_neighbors.payload,34,2,7,592,408,0.592000000,0.092000000,592,0.975438353,0.756330919
restart_reduced_xor_random1_sampler_island_local_warmup5_data_ro3_1000x125_strict_20260528_ro3_warmup_neighbors.payload,35,3,0,577,423,0.577000000,0.077000000,577,0.982824252,0.793356776
restart_reduced_xor_random1_sampler_island_local_warmup5_data_ro3_1000x125_strict_20260528_ro3_warmup_neighbors.payload,35,3,1,554,446,0.554000000,0.054000000,554,0.991569769,0.852042119
restart_reduced_xor_random1_sampler_island_local_warmup5_data_ro3_1000x125_strict_20260528_ro3_warmup_neighbors.payload,35,3,2,540,460,0.540000000,0.040000000,540,0.995378439,0.888968688
restart_reduced_xor_random1_sampler_island_local_warmup5_data_ro3_1000x125_strict_20260528_ro3_warmup_neighbors.payload,35,3,3,597,403,0.597000000,0.097000000,597,0.972678454,0.744197163
restart_reduced_xor_random1_sampler_island_local_warmup5_data_ro3_1000x125_strict_20260528_ro3_warmup_neighbors.payload,35,3,4,601,399,0.601000000,0.101000000,601,0.970362626,0.734563104
restart_reduced_xor_random1_sampler_island_local_warmup5_data_ro3_1000x125_strict_20260528_ro3_warmup_neighbors.payload,35,3,5,579,421,0.579000000,0.079000000,579,0.981916598,0.788364747
restart_reduced_xor_random1_sampler_island_local_warmup5_data_ro3_1000x125_strict_20260528_ro3_warmup_neighbors.payload,35,3,6,593,407,0.593000000,0.093000000,593,0.974898337,0.753895990
restart_reduced_xor_random1_sampler_island_local_warmup5_data_ro3_1000x125_strict_20260528_ro3_warmup_neighbors.payload,35,3,7,536,464,0.536000000,0.036000000,536,0.996257297,0.899695094
restart_reduced_xor_random1_sampler_island_local_warmup5_data_ro3_1000x125_strict_20260528_ro3_warmup_neighbors.payload,36,4,0,596,404,0.596000000,0.096000000,596,0.973242407,0.746615764
restart_reduced_xor_random1_sampler_island_local_warmup5_data_ro3_1000x125_strict_20260528_ro3_warmup_neighbors.payload,36,4,1,601,399,0.601000000,0.101000000,601,0.970362626,0.734563104
restart_reduced_xor_random1_sampler_island_local_warmup5_data_ro3_1000x125_strict_20260528_ro3_warmup_neighbors.payload,36,4,2,606,394,0.606000000,0.106000000,606,0.967332434,0.722610301
restart_reduced_xor_random1_sampler_island_local_warmup5_data_ro3_1000x125_strict_20260528_ro3_warmup_neighbors.payload,36,4,3,583,417,0.583000000,0.083000000,583,0.980030236,0.778432211
restart_reduced_xor_random1_sampler_island_local_warmup5_data_ro3_1000x125_strict_20260528_ro3_warmup_neighbors.payload,36,4,4,562,438,0.562000000,0.062000000,562,0.988879961,0.831357964
restart_reduced_xor_random1_sampler_island_local_warmup5_data_ro3_1000x125_strict_20260528_ro3_warmup_neighbors.payload,36,4,5,536,464,0.536000000,0.036000000,536,0.996257297,0.899695094
restart_reduced_xor_random1_sampler_island_local_warmup5_data_ro3_1000x125_strict_20260528_ro3_warmup_neighbors.payload,36,4,6,620,380,0.620000000,0.120000000,620,0.958042022,0.689659879
restart_reduced_xor_random1_sampler_island_local_warmup5_data_ro3_1000x125_strict_20260528_ro3_warmup_neighbors.payload,36,4,7,610,390,0.610000000,0.110000000,610,0.964799549,0.713118852
restart_reduced_xor_random1_sampler_island_local_warmup5_data_ro3_1000x125_strict_20260528_ro3_warmup_neighbors.payload,37,5,0,558,442,0.558000000,0.058000000,558,0.990271661,0.841662973
restart_reduced_xor_random1_sampler_island_local_warmup5_data_ro3_1000x125_strict_20260528_ro3_warmup_neighbors.payload,37,5,1,576,424,0.576000000,0.076000000,576,0.983269211,0.795859283
restart_reduced_xor_random1_sampler_island_local_warmup5_data_ro3_1000x125_strict_20260528_ro3_warmup_neighbors.payload,37,5,2,596,404,0.596000000,0.096000000,596,0.973242407,0.746615764
restart_reduced_xor_random1_sampler_island_local_warmup5_data_ro3_1000x125_strict_20260528_ro3_warmup_neighbors.payload,37,5,3,591,409,0.591000000,0.091000000,591,0.975972395,0.758769964
restart_reduced_xor_random1_sampler_island_local_warmup5_data_ro3_1000x125_strict_20260528_ro3_warmup_neighbors.payload,37,5,4,573,427,0.573000000,0.073000000,573,0.984568658,0.803392956
restart_reduced_xor_random1_sampler_island_local_warmup5_data_ro3_1000x125_strict_20260528_ro3_warmup_neighbors.payload,37,5,5,581,419,0.581000000,0.081000000,581,0.980985270,0.783389931
restart_reduced_xor_random1_sampler_island_local_warmup5_data_ro3_1000x125_strict_20260528_ro3_warmup_neighbors.payload,37,5,6,558,442,0.558000000,0.058000000,558,0.990271661,0.841662973
restart_reduced_xor_random1_sampler_island_local_warmup5_data_ro3_1000x125_strict_20260528_ro3_warmup_neighbors.payload,37,5,7,565,435,0.565000000,0.065000000,565,0.987774655,0.823677227
restart_reduced_xor_random1_sampler_island_local_warmup5_data_ro3_1000x125_strict_20260528_ro3_warmup_neighbors.payload,38,6,0,587,413,0.587000000,0.087000000,587,0.978048924,0.768567592
restart_reduced_xor_random1_sampler_island_local_warmup5_data_ro3_1000x125_strict_20260528_ro3_warmup_neighbors.payload,38,6,1,576,424,0.576000000,0.076000000,576,0.983269211,0.795859283
restart_reduced_xor_random1_sampler_island_local_warmup5_data_ro3_1000x125_strict_20260528_ro3_warmup_neighbors.payload,38,6,2,562,438,0.562000000,0.062000000,562,0.988879961,0.831357964
restart_reduced_xor_random1_sampler_island_local_warmup5_data_ro3_1000x125_strict_20260528_ro3_warmup_neighbors.payload,38,6,3,579,421,0.579000000,0.079000000,579,0.981916598,0.788364747
restart_reduced_xor_random1_sampler_island_local_warmup5_data_ro3_1000x125_strict_20260528_ro3_warmup_neighbors.payload,38,6,4,576,424,0.576000000,0.076000000,576,0.983269211,0.795859283
restart_reduced_xor_random1_sampler_island_local_warmup5_data_ro3_1000x125_strict_20260528_ro3_warmup_neighbors.payload,38,6,5,585,415,0.585000000,0.085000000,585,0.979051465,0.773491470
restart_reduced_xor_random1_sampler_island_local_warmup5_data_ro3_1000x125_strict_20260528_ro3_warmup_neighbors.payload,38,6,6,597,403,0.597000000,0.097000000,597,0.972678454,0.744197163
restart_reduced_xor_random1_sampler_island_local_warmup5_data_ro3_1000x125_strict_20260528_ro3_warmup_neighbors.payload,38,6,7,583,417,0.583000000,0.083000000,583,0.980030236,0.778432211
restart_reduced_xor_random1_sampler_island_local_warmup5_data_ro3_1000x125_strict_20260528_ro3_warmup_neighbors.payload,39,7,0,567,433,0.567000000,0.067000000,567,0.987008440,0.818579360
restart_reduced_xor_random1_sampler_island_local_warmup5_data_ro3_1000x125_strict_20260528_ro3_warmup_neighbors.payload,39,7,1,583,417,0.583000000,0.083000000,583,0.980030236,0.778432211
restart_reduced_xor_random1_sampler_island_local_warmup5_data_ro3_1000x125_strict_20260528_ro3_warmup_neighbors.payload,39,7,2,557,443,0.557000000,0.057000000,557,0.990604956,0.844250767
restart_reduced_xor_random1_sampler_island_local_warmup5_data_ro3_1000x125_strict_20260528_ro3_warmup_neighbors.payload,39,7,3,568,432,0.568000000,0.068000000,568,0.986616520,0.816037165
restart_reduced_xor_random1_sampler_island_local_warmup5_data_ro3_1000x125_strict_20260528_ro3_warmup_neighbors.payload,39,7,4,595,405,0.595000000,0.095000000,595,0.973800369,0.749038426
restart_reduced_xor_random1_sampler_island_local_warmup5_data_ro3_1000x125_strict_20260528_ro3_warmup_neighbors.payload,39,7,5,555,445,0.555000000,0.055000000,555,0.991254007,0.849440323
restart_reduced_xor_random1_sampler_island_local_warmup5_data_ro3_1000x125_strict_20260528_ro3_warmup_neighbors.payload,39,7,6,577,423,0.577000000,0.077000000,577,0.982824252,0.793356776
restart_reduced_xor_random1_sampler_island_local_warmup5_data_ro3_1000x125_strict_20260528_ro3_warmup_neighbors.payload,39,7,7,617,383,0.617000000,0.117000000,617,0.960133301,0.696657606
restart_reduced_xor_random1_sampler_island_local_warmup5_data_ro3_1000x125_strict_20260528_ro3_warmup_neighbors.payload,40,0,0,558,442,0.558000000,0.058000000,558,0.990271661,0.841662973
restart_reduced_xor_random1_sampler_island_local_warmup5_data_ro3_1000x125_strict_20260528_ro3_warmup_neighbors.payload,40,0,1,563,437,0.563000000,0.063000000,563,0.988517390,0.828793173
restart_reduced_xor_random1_sampler_island_local_warmup5_data_ro3_1000x125_strict_20260528_ro3_warmup_neighbors.payload,40,0,2,559,441,0.559000000,0.059000000,559,0.989932517,0.839079812
restart_reduced_xor_random1_sampler_island_local_warmup5_data_ro3_1000x125_strict_20260528_ro3_warmup_neighbors.payload,40,0,3,566,434,0.566000000,0.066000000,566,0.987394484,0.821126042
restart_reduced_xor_random1_sampler_island_local_warmup5_data_ro3_1000x125_strict_20260528_ro3_warmup_neighbors.payload,40,0,4,573,427,0.573000000,0.073000000,573,0.984568658,0.803392956
restart_reduced_xor_random1_sampler_island_local_warmup5_data_ro3_1000x125_strict_20260528_ro3_warmup_neighbors.payload,40,0,5,575,425,0.575000000,0.075000000,575,0.983708263,0.798366139
restart_reduced_xor_random1_sampler_island_local_warmup5_data_ro3_1000x125_strict_20260528_ro3_warmup_neighbors.payload,40,0,6,569,431,0.569000000,0.069000000,569,0.986218720,0.813499442
restart_reduced_xor_random1_sampler_island_local_warmup5_data_ro3_1000x125_strict_20260528_ro3_warmup_neighbors.payload,40,0,7,551,449,0.551000000,0.051000000,551,0.992482032,0.859875776
restart_reduced_xor_random1_sampler_island_local_warmup5_data_ro3_1000x125_strict_20260528_ro3_warmup_neighbors.payload,41,1,0,565,435,0.565000000,0.065000000,565,0.987774655,0.823677227
restart_reduced_xor_random1_sampler_island_local_warmup5_data_ro3_1000x125_strict_20260528_ro3_warmup_neighbors.payload,41,1,1,574,426,0.574000000,0.074000000,574,0.984141411,0.800877358
restart_reduced_xor_random1_sampler_island_local_warmup5_data_ro3_1000x125_strict_20260528_ro3_warmup_neighbors.payload,41,1,2,593,407,0.593000000,0.093000000,593,0.974898337,0.753895990
restart_reduced_xor_random1_sampler_island_local_warmup5_data_ro3_1000x125_strict_20260528_ro3_warmup_neighbors.payload,41,1,3,551,449,0.551000000,0.051000000,551,0.992482032,0.859875776
restart_reduced_xor_random1_sampler_island_local_warmup5_data_ro3_1000x125_strict_20260528_ro3_warmup_neighbors.payload,41,1,4,546,454,0.546000000,0.046000000,546,0.993885872,0.873027144
restart_reduced_xor_random1_sampler_island_local_warmup5_data_ro3_1000x125_strict_20260528_ro3_warmup_neighbors.payload,41,1,5,584,416,0.584000000,0.084000000,584,0.979543820,0.775959726
restart_reduced_xor_random1_sampler_island_local_warmup5_data_ro3_1000x125_strict_20260528_ro3_warmup_neighbors.payload,41,1,6,584,416,0.584000000,0.084000000,584,0.979543820,0.775959726
restart_reduced_xor_random1_sampler_island_local_warmup5_data_ro3_1000x125_strict_20260528_ro3_warmup_neighbors.payload,41,1,7,578,422,0.578000000,0.078000000,578,0.982373383,0.790858602
restart_reduced_xor_random1_sampler_island_local_warmup5_data_ro3_1000x125_strict_20260528_ro3_warmup_neighbors.payload,42,2,0,558,442,0.558000000,0.058000000,558,0.990271661,0.841662973
restart_reduced_xor_random1_sampler_island_local_warmup5_data_ro3_1000x125_strict_20260528_ro3_warmup_neighbors.payload,42,2,1,597,403,0.597000000,0.097000000,597,0.972678454,0.744197163
restart_reduced_xor_random1_sampler_island_local_warmup5_data_ro3_1000x125_strict_20260528_ro3_warmup_neighbors.payload,42,2,2,581,419,0.581000000,0.081000000,581,0.980985270,0.783389931
restart_reduced_xor_random1_sampler_island_local_warmup5_data_ro3_1000x125_strict_20260528_ro3_warmup_neighbors.payload,42,2,3,587,413,0.587000000,0.087000000,587,0.978048924,0.768567592
restart_reduced_xor_random1_sampler_island_local_warmup5_data_ro3_1000x125_strict_20260528_ro3_warmup_neighbors.payload,42,2,4,581,419,0.581000000,0.081000000,581,0.980985270,0.783389931
restart_reduced_xor_random1_sampler_island_local_warmup5_data_ro3_1000x125_strict_20260528_ro3_warmup_neighbors.payload,42,2,5,561,439,0.561000000,0.061000000,561,0.989236670,0.833927324
restart_reduced_xor_random1_sampler_island_local_warmup5_data_ro3_1000x125_strict_20260528_ro3_warmup_neighbors.payload,42,2,6,594,406,0.594000000,0.094000000,594,0.974352345,0.751465164
restart_reduced_xor_random1_sampler_island_local_warmup5_data_ro3_1000x125_strict_20260528_ro3_warmup_neighbors.payload,42,2,7,582,418,0.582000000,0.082000000,582,0.980510718,0.780908942
restart_reduced_xor_random1_sampler_island_local_warmup5_data_ro3_1000x125_strict_20260528_ro3_warmup_neighbors.payload,43,3,0,585,415,0.585000000,0.085000000,585,0.979051465,0.773491470
restart_reduced_xor_random1_sampler_island_local_warmup5_data_ro3_1000x125_strict_20260528_ro3_warmup_neighbors.payload,43,3,1,594,406,0.594000000,0.094000000,594,0.974352345,0.751465164
restart_reduced_xor_random1_sampler_island_local_warmup5_data_ro3_1000x125_strict_20260528_ro3_warmup_neighbors.payload,43,3,2,587,413,0.587000000,0.087000000,587,0.978048924,0.768567592
restart_reduced_xor_random1_sampler_island_local_warmup5_data_ro3_1000x125_strict_20260528_ro3_warmup_neighbors.payload,43,3,3,585,415,0.585000000,0.085000000,585,0.979051465,0.773491470
restart_reduced_xor_random1_sampler_island_local_warmup5_data_ro3_1000x125_strict_20260528_ro3_warmup_neighbors.payload,43,3,4,589,411,0.589000000,0.089000000,589,0.977022579,0.763660461
restart_reduced_xor_random1_sampler_island_local_warmup5_data_ro3_1000x125_strict_20260528_ro3_warmup_neighbors.payload,43,3,5,577,423,0.577000000,0.077000000,577,0.982824252,0.793356776
restart_reduced_xor_random1_sampler_island_local_warmup5_data_ro3_1000x125_strict_20260528_ro3_warmup_neighbors.payload,43,3,6,567,433,0.567000000,0.067000000,567,0.987008440,0.818579360
restart_reduced_xor_random1_sampler_island_local_warmup5_data_ro3_1000x125_strict_20260528_ro3_warmup_neighbors.payload,43,3,7,602,398,0.602000000,0.102000000,602,0.969768640,0.732164608
restart_reduced_xor_random1_sampler_island_local_warmup5_data_ro3_1000x125_strict_20260528_ro3_warmup_neighbors.payload,44,4,0,600,400,0.600000000,0.100000000,600,0.970950594,0.736965594
restart_reduced_xor_random1_sampler_island_local_warmup5_data_ro3_1000x125_strict_20260528_ro3_warmup_neighbors.payload,44,4,1,582,418,0.582000000,0.082000000,582,0.980510718,0.780908942
restart_reduced_xor_random1_sampler_island_local_warmup5_data_ro3_1000x125_strict_20260528_ro3_warmup_neighbors.payload,44,4,2,590,410,0.590000000,0.090000000,590,0.976500469,0.761213140
restart_reduced_xor_random1_sampler_island_local_warmup5_data_ro3_1000x125_strict_20260528_ro3_warmup_neighbors.payload,44,4,3,566,434,0.566000000,0.066000000,566,0.987394484,0.821126042
restart_reduced_xor_random1_sampler_island_local_warmup5_data_ro3_1000x125_strict_20260528_ro3_warmup_neighbors.payload,44,4,4,577,423,0.577000000,0.077000000,577,0.982824252,0.793356776
restart_reduced_xor_random1_sampler_island_local_warmup5_data_ro3_1000x125_strict_20260528_ro3_warmup_neighbors.payload,44,4,5,585,415,0.585000000,0.085000000,585,0.979051465,0.773491470
restart_reduced_xor_random1_sampler_island_local_warmup5_data_ro3_1000x125_strict_20260528_ro3_warmup_neighbors.payload,44,4,6,597,403,0.597000000,0.097000000,597,0.972678454,0.744197163
restart_reduced_xor_random1_sampler_island_local_warmup5_data_ro3_1000x125_strict_20260528_ro3_warmup_neighbors.payload,44,4,7,580,420,0.580000000,0.080000000,580,0.981453895,0.785875195
restart_reduced_xor_random1_sampler_island_local_warmup5_data_ro3_1000x125_strict_20260528_ro3_warmup_neighbors.payload,45,5,0,559,441,0.559000000,0.059000000,559,0.989932517,0.839079812
restart_reduced_xor_random1_sampler_island_local_warmup5_data_ro3_1000x125_strict_20260528_ro3_warmup_neighbors.payload,45,5,1,548,452,0.548000000,0.048000000,548,0.993341812,0.867752202
restart_reduced_xor_random1_sampler_island_local_warmup5_data_ro3_1000x125_strict_20260528_ro3_warmup_neighbors.payload,45,5,2,596,404,0.596000000,0.096000000,596,0.973242407,0.746615764
restart_reduced_xor_random1_sampler_island_local_warmup5_data_ro3_1000x125_strict_20260528_ro3_warmup_neighbors.payload,45,5,3,580,420,0.580000000,0.080000000,580,0.981453895,0.785875195
restart_reduced_xor_random1_sampler_island_local_warmup5_data_ro3_1000x125_strict_20260528_ro3_warmup_neighbors.payload,45,5,4,573,427,0.573000000,0.073000000,573,0.984568658,0.803392956
restart_reduced_xor_random1_sampler_island_local_warmup5_data_ro3_1000x125_strict_20260528_ro3_warmup_neighbors.payload,45,5,5,566,434,0.566000000,0.066000000,566,0.987394484,0.821126042
restart_reduced_xor_random1_sampler_island_local_warmup5_data_ro3_1000x125_strict_20260528_ro3_warmup_neighbors.payload,45,5,6,564,436,0.564000000,0.064000000,564,0.988148956,0.826232932
restart_reduced_xor_random1_sampler_island_local_warmup5_data_ro3_1000x125_strict_20260528_ro3_warmup_neighbors.payload,45,5,7,572,428,0.572000000,0.072000000,572,0.984990010,0.805912948
restart_reduced_xor_random1_sampler_island_local_warmup5_data_ro3_1000x125_strict_20260528_ro3_warmup_neighbors.payload,46,6,0,560,440,0.560000000,0.060000000,560,0.989587521,0.836501268
restart_reduced_xor_random1_sampler_island_local_warmup5_data_ro3_1000x125_strict_20260528_ro3_warmup_neighbors.payload,46,6,1,587,413,0.587000000,0.087000000,587,0.978048924,0.768567592
restart_reduced_xor_random1_sampler_island_local_warmup5_data_ro3_1000x125_strict_20260528_ro3_warmup_neighbors.payload,46,6,2,575,425,0.575000000,0.075000000,575,0.983708263,0.798366139
restart_reduced_xor_random1_sampler_island_local_warmup5_data_ro3_1000x125_strict_20260528_ro3_warmup_neighbors.payload,46,6,3,568,432,0.568000000,0.068000000,568,0.986616520,0.816037165
restart_reduced_xor_random1_sampler_island_local_warmup5_data_ro3_1000x125_strict_20260528_ro3_warmup_neighbors.payload,46,6,4,586,414,0.586000000,0.086000000,586,0.978553168,0.771027430
restart_reduced_xor_random1_sampler_island_local_warmup5_data_ro3_1000x125_strict_20260528_ro3_warmup_neighbors.payload,46,6,5,587,413,0.587000000,0.087000000,587,0.978048924,0.768567592
restart_reduced_xor_random1_sampler_island_local_warmup5_data_ro3_1000x125_strict_20260528_ro3_warmup_neighbors.payload,46,6,6,553,447,0.553000000,0.053000000,553,0.991879693,0.854648614
restart_reduced_xor_random1_sampler_island_local_warmup5_data_ro3_1000x125_strict_20260528_ro3_warmup_neighbors.payload,46,6,7,603,397,0.603000000,0.103000000,603,0.969168634,0.729770093
restart_reduced_xor_random1_sampler_island_local_warmup5_data_ro3_1000x125_strict_20260528_ro3_warmup_neighbors.payload,47,7,0,582,418,0.582000000,0.082000000,582,0.980510718,0.780908942
restart_reduced_xor_random1_sampler_island_local_warmup5_data_ro3_1000x125_strict_20260528_ro3_warmup_neighbors.payload,47,7,1,584,416,0.584000000,0.084000000,584,0.979543820,0.775959726
restart_reduced_xor_random1_sampler_island_local_warmup5_data_ro3_1000x125_strict_20260528_ro3_warmup_neighbors.payload,47,7,2,570,430,0.570000000,0.070000000,570,0.985815037,0.810966176
restart_reduced_xor_random1_sampler_island_local_warmup5_data_ro3_1000x125_strict_20260528_ro3_warmup_neighbors.payload,47,7,3,557,443,0.557000000,0.057000000,557,0.990604956,0.844250767
restart_reduced_xor_random1_sampler_island_local_warmup5_data_ro3_1000x125_strict_20260528_ro3_warmup_neighbors.payload,47,7,4,581,419,0.581000000,0.081000000,581,0.980985270,0.783389931
restart_reduced_xor_random1_sampler_island_local_warmup5_data_ro3_1000x125_strict_20260528_ro3_warmup_neighbors.payload,47,7,5,555,445,0.555000000,0.055000000,555,0.991254007,0.849440323
restart_reduced_xor_random1_sampler_island_local_warmup5_data_ro3_1000x125_strict_20260528_ro3_warmup_neighbors.payload,47,7,6,566,434,0.566000000,0.066000000,566,0.987394484,0.821126042
restart_reduced_xor_random1_sampler_island_local_warmup5_data_ro3_1000x125_strict_20260528_ro3_warmup_neighbors.payload,47,7,7,591,409,0.591000000,0.091000000,591,0.975972395,0.758769964
restart_reduced_xor_random1_sampler_island_local_warmup5_data_ro3_1000x125_strict_20260528_ro3_warmup_neighbors.payload,48,0,0,575,425,0.575000000,0.075000000,575,0.983708263,0.798366139
restart_reduced_xor_random1_sampler_island_local_warmup5_data_ro3_1000x125_strict_20260528_ro3_warmup_neighbors.payload,48,0,1,592,408,0.592000000,0.092000000,592,0.975438353,0.756330919
restart_reduced_xor_random1_sampler_island_local_warmup5_data_ro3_1000x125_strict_20260528_ro3_warmup_neighbors.payload,48,0,2,583,417,0.583000000,0.083000000,583,0.980030236,0.778432211
restart_reduced_xor_random1_sampler_island_local_warmup5_data_ro3_1000x125_strict_20260528_ro3_warmup_neighbors.payload,48,0,3,590,410,0.590000000,0.090000000,590,0.976500469,0.761213140
restart_reduced_xor_random1_sampler_island_local_warmup5_data_ro3_1000x125_strict_20260528_ro3_warmup_neighbors.payload,48,0,4,574,426,0.574000000,0.074000000,574,0.984141411,0.800877358
restart_reduced_xor_random1_sampler_island_local_warmup5_data_ro3_1000x125_strict_20260528_ro3_warmup_neighbors.payload,48,0,5,571,429,0.571000000,0.071000000,571,0.985405468,0.808437349
restart_reduced_xor_random1_sampler_island_local_warmup5_data_ro3_1000x125_strict_20260528_ro3_warmup_neighbors.payload,48,0,6,580,420,0.580000000,0.080000000,580,0.981453895,0.785875195
restart_reduced_xor_random1_sampler_island_local_warmup5_data_ro3_1000x125_strict_20260528_ro3_warmup_neighbors.payload,48,0,7,575,425,0.575000000,0.075000000,575,0.983708263,0.798366139
restart_reduced_xor_random1_sampler_island_local_warmup5_data_ro3_1000x125_strict_20260528_ro3_warmup_neighbors.payload,49,1,0,608,392,0.608000000,0.108000000,608,0.966078098,0.717856771
restart_reduced_xor_random1_sampler_island_local_warmup5_data_ro3_1000x125_strict_20260528_ro3_warmup_neighbors.payload,49,1,1,553,447,0.553000000,0.053000000,553,0.991879693,0.854648614
restart_reduced_xor_random1_sampler_island_local_warmup5_data_ro3_1000x125_strict_20260528_ro3_warmup_neighbors.payload,49,1,2,571,429,0.571000000,0.071000000,571,0.985405468,0.808437349
restart_reduced_xor_random1_sampler_island_local_warmup5_data_ro3_1000x125_strict_20260528_ro3_warmup_neighbors.payload,49,1,3,582,418,0.582000000,0.082000000,582,0.980510718,0.780908942
restart_reduced_xor_random1_sampler_island_local_warmup5_data_ro3_1000x125_strict_20260528_ro3_warmup_neighbors.payload,49,1,4,578,422,0.578000000,0.078000000,578,0.982373383,0.790858602
restart_reduced_xor_random1_sampler_island_local_warmup5_data_ro3_1000x125_strict_20260528_ro3_warmup_neighbors.payload,49,1,5,602,398,0.602000000,0.102000000,602,0.969768640,0.732164608
restart_reduced_xor_random1_sampler_island_local_warmup5_data_ro3_1000x125_strict_20260528_ro3_warmup_neighbors.payload,49,1,6,581,419,0.581000000,0.081000000,581,0.980985270,0.783389931
restart_reduced_xor_random1_sampler_island_local_warmup5_data_ro3_1000x125_strict_20260528_ro3_warmup_neighbors.payload,49,1,7,567,433,0.567000000,0.067000000,567,0.987008440,0.818579360
restart_reduced_xor_random1_sampler_island_local_warmup5_data_ro3_1000x125_strict_20260528_ro3_warmup_neighbors.payload,50,2,0,564,436,0.564000000,0.064000000,564,0.988148956,0.826232932
restart_reduced_xor_random1_sampler_island_local_warmup5_data_ro3_1000x125_strict_20260528_ro3_warmup_neighbors.payload,50,2,1,585,415,0.585000000,0.085000000,585,0.979051465,0.773491470
restart_reduced_xor_random1_sampler_island_local_warmup5_data_ro3_1000x125_strict_20260528_ro3_warmup_neighbors.payload,50,2,2,604,396,0.604000000,0.104000000,604,0.968562601,0.727379545
restart_reduced_xor_random1_sampler_island_local_warmup5_data_ro3_1000x125_strict_20260528_ro3_warmup_neighbors.payload,50,2,3,552,448,0.552000000,0.052000000,552,0.992183779,0.857259828
restart_reduced_xor_random1_sampler_island_local_warmup5_data_ro3_1000x125_strict_20260528_ro3_warmup_neighbors.payload,50,2,4,570,430,0.570000000,0.070000000,570,0.985815037,0.810966176
restart_reduced_xor_random1_sampler_island_local_warmup5_data_ro3_1000x125_strict_20260528_ro3_warmup_neighbors.payload,50,2,5,571,429,0.571000000,0.071000000,571,0.985405468,0.808437349
restart_reduced_xor_random1_sampler_island_local_warmup5_data_ro3_1000x125_strict_20260528_ro3_warmup_neighbors.payload,50,2,6,554,446,0.554000000,0.054000000,554,0.991569769,0.852042119
restart_reduced_xor_random1_sampler_island_local_warmup5_data_ro3_1000x125_strict_20260528_ro3_warmup_neighbors.payload,50,2,7,590,410,0.590000000,0.090000000,590,0.976500469,0.761213140
restart_reduced_xor_random1_sampler_island_local_warmup5_data_ro3_1000x125_strict_20260528_ro3_warmup_neighbors.payload,51,3,0,587,413,0.587000000,0.087000000,587,0.978048924,0.768567592
restart_reduced_xor_random1_sampler_island_local_warmup5_data_ro3_1000x125_strict_20260528_ro3_warmup_neighbors.payload,51,3,1,609,391,0.609000000,0.109000000,609,0.965441852,0.715485867
restart_reduced_xor_random1_sampler_island_local_warmup5_data_ro3_1000x125_strict_20260528_ro3_warmup_neighbors.payload,51,3,2,561,439,0.561000000,0.061000000,561,0.989236670,0.833927324
restart_reduced_xor_random1_sampler_island_local_warmup5_data_ro3_1000x125_strict_20260528_ro3_warmup_neighbors.payload,51,3,3,567,433,0.567000000,0.067000000,567,0.987008440,0.818579360
restart_reduced_xor_random1_sampler_island_local_warmup5_data_ro3_1000x125_strict_20260528_ro3_warmup_neighbors.payload,51,3,4,590,410,0.590000000,0.090000000,590,0.976500469,0.761213140
restart_reduced_xor_random1_sampler_island_local_warmup5_data_ro3_1000x125_strict_20260528_ro3_warmup_neighbors.payload,51,3,5,575,425,0.575000000,0.075000000,575,0.983708263,0.798366139
restart_reduced_xor_random1_sampler_island_local_warmup5_data_ro3_1000x125_strict_20260528_ro3_warmup_neighbors.payload,51,3,6,585,415,0.585000000,0.085000000,585,0.979051465,0.773491470
restart_reduced_xor_random1_sampler_island_local_warmup5_data_ro3_1000x125_strict_20260528_ro3_warmup_neighbors.payload,51,3,7,569,431,0.569000000,0.069000000,569,0.986218720,0.813499442
restart_reduced_xor_random1_sampler_island_local_warmup5_data_ro3_1000x125_strict_20260528_ro3_warmup_neighbors.payload,52,4,0,594,406,0.594000000,0.094000000,594,0.974352345,0.751465164
restart_reduced_xor_random1_sampler_island_local_warmup5_data_ro3_1000x125_strict_20260528_ro3_warmup_neighbors.payload,52,4,1,576,424,0.576000000,0.076000000,576,0.983269211,0.795859283
restart_reduced_xor_random1_sampler_island_local_warmup5_data_ro3_1000x125_strict_20260528_ro3_warmup_neighbors.payload,52,4,2,576,424,0.576000000,0.076000000,576,0.983269211,0.795859283
restart_reduced_xor_random1_sampler_island_local_warmup5_data_ro3_1000x125_strict_20260528_ro3_warmup_neighbors.payload,52,4,3,603,397,0.603000000,0.103000000,603,0.969168634,0.729770093
restart_reduced_xor_random1_sampler_island_local_warmup5_data_ro3_1000x125_strict_20260528_ro3_warmup_neighbors.payload,52,4,4,567,433,0.567000000,0.067000000,567,0.987008440,0.818579360
restart_reduced_xor_random1_sampler_island_local_warmup5_data_ro3_1000x125_strict_20260528_ro3_warmup_neighbors.payload,52,4,5,557,443,0.557000000,0.057000000,557,0.990604956,0.844250767
restart_reduced_xor_random1_sampler_island_local_warmup5_data_ro3_1000x125_strict_20260528_ro3_warmup_neighbors.payload,52,4,6,585,415,0.585000000,0.085000000,585,0.979051465,0.773491470
restart_reduced_xor_random1_sampler_island_local_warmup5_data_ro3_1000x125_strict_20260528_ro3_warmup_neighbors.payload,52,4,7,569,431,0.569000000,0.069000000,569,0.986218720,0.813499442
restart_reduced_xor_random1_sampler_island_local_warmup5_data_ro3_1000x125_strict_20260528_ro3_warmup_neighbors.payload,53,5,0,580,420,0.580000000,0.080000000,580,0.981453895,0.785875195
restart_reduced_xor_random1_sampler_island_local_warmup5_data_ro3_1000x125_strict_20260528_ro3_warmup_neighbors.payload,53,5,1,564,436,0.564000000,0.064000000,564,0.988148956,0.826232932
restart_reduced_xor_random1_sampler_island_local_warmup5_data_ro3_1000x125_strict_20260528_ro3_warmup_neighbors.payload,53,5,2,581,419,0.581000000,0.081000000,581,0.980985270,0.783389931
restart_reduced_xor_random1_sampler_island_local_warmup5_data_ro3_1000x125_strict_20260528_ro3_warmup_neighbors.payload,53,5,3,578,422,0.578000000,0.078000000,578,0.982373383,0.790858602
restart_reduced_xor_random1_sampler_island_local_warmup5_data_ro3_1000x125_strict_20260528_ro3_warmup_neighbors.payload,53,5,4,573,427,0.573000000,0.073000000,573,0.984568658,0.803392956
restart_reduced_xor_random1_sampler_island_local_warmup5_data_ro3_1000x125_strict_20260528_ro3_warmup_neighbors.payload,53,5,5,591,409,0.591000000,0.091000000,591,0.975972395,0.758769964
restart_reduced_xor_random1_sampler_island_local_warmup5_data_ro3_1000x125_strict_20260528_ro3_warmup_neighbors.payload,53,5,6,583,417,0.583000000,0.083000000,583,0.980030236,0.778432211
restart_reduced_xor_random1_sampler_island_local_warmup5_data_ro3_1000x125_strict_20260528_ro3_warmup_neighbors.payload,53,5,7,555,445,0.555000000,0.055000000,555,0.991254007,0.849440323
restart_reduced_xor_random1_sampler_island_local_warmup5_data_ro3_1000x125_strict_20260528_ro3_warmup_neighbors.payload,54,6,0,548,452,0.548000000,0.048000000,548,0.993341812,0.867752202
restart_reduced_xor_random1_sampler_island_local_warmup5_data_ro3_1000x125_strict_20260528_ro3_warmup_neighbors.payload,54,6,1,550,450,0.550000000,0.050000000,550,0.992774454,0.862496476
restart_reduced_xor_random1_sampler_island_local_warmup5_data_ro3_1000x125_strict_20260528_ro3_warmup_neighbors.payload,54,6,2,568,432,0.568000000,0.068000000,568,0.986616520,0.816037165
restart_reduced_xor_random1_sampler_island_local_warmup5_data_ro3_1000x125_strict_20260528_ro3_warmup_neighbors.payload,54,6,3,557,443,0.557000000,0.057000000,557,0.990604956,0.844250767
restart_reduced_xor_random1_sampler_island_local_warmup5_data_ro3_1000x125_strict_20260528_ro3_warmup_neighbors.payload,54,6,4,576,424,0.576000000,0.076000000,576,0.983269211,0.795859283
restart_reduced_xor_random1_sampler_island_local_warmup5_data_ro3_1000x125_strict_20260528_ro3_warmup_neighbors.payload,54,6,5,567,433,0.567000000,0.067000000,567,0.987008440,0.818579360
restart_reduced_xor_random1_sampler_island_local_warmup5_data_ro3_1000x125_strict_20260528_ro3_warmup_neighbors.payload,54,6,6,565,435,0.565000000,0.065000000,565,0.987774655,0.823677227
restart_reduced_xor_random1_sampler_island_local_warmup5_data_ro3_1000x125_strict_20260528_ro3_warmup_neighbors.payload,54,6,7,584,416,0.584000000,0.084000000,584,0.979543820,0.775959726
restart_reduced_xor_random1_sampler_island_local_warmup5_data_ro3_1000x125_strict_20260528_ro3_warmup_neighbors.payload,55,7,0,568,432,0.568000000,0.068000000,568,0.986616520,0.816037165
restart_reduced_xor_random1_sampler_island_local_warmup5_data_ro3_1000x125_strict_20260528_ro3_warmup_neighbors.payload,55,7,1,596,404,0.596000000,0.096000000,596,0.973242407,0.746615764
restart_reduced_xor_random1_sampler_island_local_warmup5_data_ro3_1000x125_strict_20260528_ro3_warmup_neighbors.payload,55,7,2,566,434,0.566000000,0.066000000,566,0.987394484,0.821126042
restart_reduced_xor_random1_sampler_island_local_warmup5_data_ro3_1000x125_strict_20260528_ro3_warmup_neighbors.payload,55,7,3,548,452,0.548000000,0.048000000,548,0.993341812,0.867752202
restart_reduced_xor_random1_sampler_island_local_warmup5_data_ro3_1000x125_strict_20260528_ro3_warmup_neighbors.payload,55,7,4,576,424,0.576000000,0.076000000,576,0.983269211,0.795859283
restart_reduced_xor_random1_sampler_island_local_warmup5_data_ro3_1000x125_strict_20260528_ro3_warmup_neighbors.payload,55,7,5,549,451,0.549000000,0.049000000,549,0.993061046,0.865121946
restart_reduced_xor_random1_sampler_island_local_warmup5_data_ro3_1000x125_strict_20260528_ro3_warmup_neighbors.payload,55,7,6,563,437,0.563000000,0.063000000,563,0.988517390,0.828793173
restart_reduced_xor_random1_sampler_island_local_warmup5_data_ro3_1000x125_strict_20260528_ro3_warmup_neighbors.payload,55,7,7,567,433,0.567000000,0.067000000,567,0.987008440,0.818579360
restart_reduced_xor_random1_sampler_island_local_warmup5_data_ro3_1000x125_strict_20260528_ro3_warmup_neighbors.payload,56,0,0,592,408,0.592000000,0.092000000,592,0.975438353,0.756330919
restart_reduced_xor_random1_sampler_island_local_warmup5_data_ro3_1000x125_strict_20260528_ro3_warmup_neighbors.payload,56,0,1,589,411,0.589000000,0.089000000,589,0.977022579,0.763660461
restart_reduced_xor_random1_sampler_island_local_warmup5_data_ro3_1000x125_strict_20260528_ro3_warmup_neighbors.payload,56,0,2,553,447,0.553000000,0.053000000,553,0.991879693,0.854648614
restart_reduced_xor_random1_sampler_island_local_warmup5_data_ro3_1000x125_strict_20260528_ro3_warmup_neighbors.payload,56,0,3,622,378,0.622000000,0.122000000,622,0.956617229,0.685013515
restart_reduced_xor_random1_sampler_island_local_warmup5_data_ro3_1000x125_strict_20260528_ro3_warmup_neighbors.payload,56,0,4,589,411,0.589000000,0.089000000,589,0.977022579,0.763660461
restart_reduced_xor_random1_sampler_island_local_warmup5_data_ro3_1000x125_strict_20260528_ro3_warmup_neighbors.payload,56,0,5,561,439,0.561000000,0.061000000,561,0.989236670,0.833927324
restart_reduced_xor_random1_sampler_island_local_warmup5_data_ro3_1000x125_strict_20260528_ro3_warmup_neighbors.payload,56,0,6,571,429,0.571000000,0.071000000,571,0.985405468,0.808437349
restart_reduced_xor_random1_sampler_island_local_warmup5_data_ro3_1000x125_strict_20260528_ro3_warmup_neighbors.payload,56,0,7,563,437,0.563000000,0.063000000,563,0.988517390,0.828793173
restart_reduced_xor_random1_sampler_island_local_warmup5_data_ro3_1000x125_strict_20260528_ro3_warmup_neighbors.payload,57,1,0,591,409,0.591000000,0.091000000,591,0.975972395,0.758769964
restart_reduced_xor_random1_sampler_island_local_warmup5_data_ro3_1000x125_strict_20260528_ro3_warmup_neighbors.payload,57,1,1,585,415,0.585000000,0.085000000,585,0.979051465,0.773491470
restart_reduced_xor_random1_sampler_island_local_warmup5_data_ro3_1000x125_strict_20260528_ro3_warmup_neighbors.payload,57,1,2,591,409,0.591000000,0.091000000,591,0.975972395,0.758769964
restart_reduced_xor_random1_sampler_island_local_warmup5_data_ro3_1000x125_strict_20260528_ro3_warmup_neighbors.payload,57,1,3,609,391,0.609000000,0.109000000,609,0.965441852,0.715485867
restart_reduced_xor_random1_sampler_island_local_warmup5_data_ro3_1000x125_strict_20260528_ro3_warmup_neighbors.payload,57,1,4,574,426,0.574000000,0.074000000,574,0.984141411,0.800877358
restart_reduced_xor_random1_sampler_island_local_warmup5_data_ro3_1000x125_strict_20260528_ro3_warmup_neighbors.payload,57,1,5,597,403,0.597000000,0.097000000,597,0.972678454,0.744197163
restart_reduced_xor_random1_sampler_island_local_warmup5_data_ro3_1000x125_strict_20260528_ro3_warmup_neighbors.payload,57,1,6,582,418,0.582000000,0.082000000,582,0.980510718,0.780908942
restart_reduced_xor_random1_sampler_island_local_warmup5_data_ro3_1000x125_strict_20260528_ro3_warmup_neighbors.payload,57,1,7,583,417,0.583000000,0.083000000,583,0.980030236,0.778432211
restart_reduced_xor_random1_sampler_island_local_warmup5_data_ro3_1000x125_strict_20260528_ro3_warmup_neighbors.payload,58,2,0,571,429,0.571000000,0.071000000,571,0.985405468,0.808437349
restart_reduced_xor_random1_sampler_island_local_warmup5_data_ro3_1000x125_strict_20260528_ro3_warmup_neighbors.payload,58,2,1,568,432,0.568000000,0.068000000,568,0.986616520,0.816037165
restart_reduced_xor_random1_sampler_island_local_warmup5_data_ro3_1000x125_strict_20260528_ro3_warmup_neighbors.payload,58,2,2,577,423,0.577000000,0.077000000,577,0.982824252,0.793356776
restart_reduced_xor_random1_sampler_island_local_warmup5_data_ro3_1000x125_strict_20260528_ro3_warmup_neighbors.payload,58,2,3,576,424,0.576000000,0.076000000,576,0.983269211,0.795859283
restart_reduced_xor_random1_sampler_island_local_warmup5_data_ro3_1000x125_strict_20260528_ro3_warmup_neighbors.payload,58,2,4,584,416,0.584000000,0.084000000,584,0.979543820,0.775959726
restart_reduced_xor_random1_sampler_island_local_warmup5_data_ro3_1000x125_strict_20260528_ro3_warmup_neighbors.payload,58,2,5,579,421,0.579000000,0.079000000,579,0.981916598,0.788364747
restart_reduced_xor_random1_sampler_island_local_warmup5_data_ro3_1000x125_strict_20260528_ro3_warmup_neighbors.payload,58,2,6,551,449,0.551000000,0.051000000,551,0.992482032,0.859875776
restart_reduced_xor_random1_sampler_island_local_warmup5_data_ro3_1000x125_strict_20260528_ro3_warmup_neighbors.payload,58,2,7,574,426,0.574000000,0.074000000,574,0.984141411,0.800877358
restart_reduced_xor_random1_sampler_island_local_warmup5_data_ro3_1000x125_strict_20260528_ro3_warmup_neighbors.payload,59,3,0,564,436,0.564000000,0.064000000,564,0.988148956,0.826232932
restart_reduced_xor_random1_sampler_island_local_warmup5_data_ro3_1000x125_strict_20260528_ro3_warmup_neighbors.payload,59,3,1,602,398,0.602000000,0.102000000,602,0.969768640,0.732164608
restart_reduced_xor_random1_sampler_island_local_warmup5_data_ro3_1000x125_strict_20260528_ro3_warmup_neighbors.payload,59,3,2,569,431,0.569000000,0.069000000,569,0.986218720,0.813499442
restart_reduced_xor_random1_sampler_island_local_warmup5_data_ro3_1000x125_strict_20260528_ro3_warmup_neighbors.payload,59,3,3,549,451,0.549000000,0.049000000,549,0.993061046,0.865121946
restart_reduced_xor_random1_sampler_island_local_warmup5_data_ro3_1000x125_strict_20260528_ro3_warmup_neighbors.payload,59,3,4,574,426,0.574000000,0.074000000,574,0.984141411,0.800877358
restart_reduced_xor_random1_sampler_island_local_warmup5_data_ro3_1000x125_strict_20260528_ro3_warmup_neighbors.payload,59,3,5,558,442,0.558000000,0.058000000,558,0.990271661,0.841662973
restart_reduced_xor_random1_sampler_island_local_warmup5_data_ro3_1000x125_strict_20260528_ro3_warmup_neighbors.payload,59,3,6,549,451,0.549000000,0.049000000,549,0.993061046,0.865121946
restart_reduced_xor_random1_sampler_island_local_warmup5_data_ro3_1000x125_strict_20260528_ro3_warmup_neighbors.payload,59,3,7,598,402,0.598000000,0.098000000,598,0.972108504,0.741782610
restart_reduced_xor_random1_sampler_island_local_warmup5_data_ro3_1000x125_strict_20260528_ro3_warmup_neighbors.payload,60,4,0,582,418,0.582000000,0.082000000,582,0.980510718,0.780908942
restart_reduced_xor_random1_sampler_island_local_warmup5_data_ro3_1000x125_strict_20260528_ro3_warmup_neighbors.payload,60,4,1,582,418,0.582000000,0.082000000,582,0.980510718,0.780908942
restart_reduced_xor_random1_sampler_island_local_warmup5_data_ro3_1000x125_strict_20260528_ro3_warmup_neighbors.payload,60,4,2,558,442,0.558000000,0.058000000,558,0.990271661,0.841662973
restart_reduced_xor_random1_sampler_island_local_warmup5_data_ro3_1000x125_strict_20260528_ro3_warmup_neighbors.payload,60,4,3,547,453,0.547000000,0.047000000,547,0.993616753,0.870387262
restart_reduced_xor_random1_sampler_island_local_warmup5_data_ro3_1000x125_strict_20260528_ro3_warmup_neighbors.payload,60,4,4,577,423,0.577000000,0.077000000,577,0.982824252,0.793356776
restart_reduced_xor_random1_sampler_island_local_warmup5_data_ro3_1000x125_strict_20260528_ro3_warmup_neighbors.payload,60,4,5,572,428,0.572000000,0.072000000,572,0.984990010,0.805912948
restart_reduced_xor_random1_sampler_island_local_warmup5_data_ro3_1000x125_strict_20260528_ro3_warmup_neighbors.payload,60,4,6,581,419,0.581000000,0.081000000,581,0.980985270,0.783389931
restart_reduced_xor_random1_sampler_island_local_warmup5_data_ro3_1000x125_strict_20260528_ro3_warmup_neighbors.payload,60,4,7,562,438,0.562000000,0.062000000,562,0.988879961,0.831357964
restart_reduced_xor_random1_sampler_island_local_warmup5_data_ro3_1000x125_strict_20260528_ro3_warmup_neighbors.payload,61,5,0,589,411,0.589000000,0.089000000,589,0.977022579,0.763660461
restart_reduced_xor_random1_sampler_island_local_warmup5_data_ro3_1000x125_strict_20260528_ro3_warmup_neighbors.payload,61,5,1,522,478,0.522000000,0.022000000,522,0.998603020,0.937878288
restart_reduced_xor_random1_sampler_island_local_warmup5_data_ro3_1000x125_strict_20260528_ro3_warmup_neighbors.payload,61,5,2,598,402,0.598000000,0.098000000,598,0.972108504,0.741782610
restart_reduced_xor_random1_sampler_island_local_warmup5_data_ro3_1000x125_strict_20260528_ro3_warmup_neighbors.payload,61,5,3,583,417,0.583000000,0.083000000,583,0.980030236,0.778432211
restart_reduced_xor_random1_sampler_island_local_warmup5_data_ro3_1000x125_strict_20260528_ro3_warmup_neighbors.payload,61,5,4,560,440,0.560000000,0.060000000,560,0.989587521,0.836501268
restart_reduced_xor_random1_sampler_island_local_warmup5_data_ro3_1000x125_strict_20260528_ro3_warmup_neighbors.payload,61,5,5,571,429,0.571000000,0.071000000,571,0.985405468,0.808437349
restart_reduced_xor_random1_sampler_island_local_warmup5_data_ro3_1000x125_strict_20260528_ro3_warmup_neighbors.payload,61,5,6,580,420,0.580000000,0.080000000,580,0.981453895,0.785875195
restart_reduced_xor_random1_sampler_island_local_warmup5_data_ro3_1000x125_strict_20260528_ro3_warmup_neighbors.payload,61,5,7,565,435,0.565000000,0.065000000,565,0.987774655,0.823677227
restart_reduced_xor_random1_sampler_island_local_warmup5_data_ro3_1000x125_strict_20260528_ro3_warmup_neighbors.payload,62,6,0,559,441,0.559000000,0.059000000,559,0.989932517,0.839079812
restart_reduced_xor_random1_sampler_island_local_warmup5_data_ro3_1000x125_strict_20260528_ro3_warmup_neighbors.payload,62,6,1,593,407,0.593000000,0.093000000,593,0.974898337,0.753895990
restart_reduced_xor_random1_sampler_island_local_warmup5_data_ro3_1000x125_strict_20260528_ro3_warmup_neighbors.payload,62,6,2,616,384,0.616000000,0.116000000,616,0.960818175,0.698997744
restart_reduced_xor_random1_sampler_island_local_warmup5_data_ro3_1000x125_strict_20260528_ro3_warmup_neighbors.payload,62,6,3,578,422,0.578000000,0.078000000,578,0.982373383,0.790858602
restart_reduced_xor_random1_sampler_island_local_warmup5_data_ro3_1000x125_strict_20260528_ro3_warmup_neighbors.payload,62,6,4,585,415,0.585000000,0.085000000,585,0.979051465,0.773491470
restart_reduced_xor_random1_sampler_island_local_warmup5_data_ro3_1000x125_strict_20260528_ro3_warmup_neighbors.payload,62,6,5,585,415,0.585000000,0.085000000,585,0.979051465,0.773491470
restart_reduced_xor_random1_sampler_island_local_warmup5_data_ro3_1000x125_strict_20260528_ro3_warmup_neighbors.payload,62,6,6,562,438,0.562000000,0.062000000,562,0.988879961,0.831357964
restart_reduced_xor_random1_sampler_island_local_warmup5_data_ro3_1000x125_strict_20260528_ro3_warmup_neighbors.payload,62,6,7,604,396,0.604000000,0.104000000,604,0.968562601,0.727379545
restart_reduced_xor_random1_sampler_island_local_warmup5_data_ro3_1000x125_strict_20260528_ro3_warmup_neighbors.payload,63,7,0,558,442,0.558000000,0.058000000,558,0.990271661,0.841662973
restart_reduced_xor_random1_sampler_island_local_warmup5_data_ro3_1000x125_strict_20260528_ro3_warmup_neighbors.payload,63,7,1,597,403,0.597000000,0.097000000,597,0.972678454,0.744197163
restart_reduced_xor_random1_sampler_island_local_warmup5_data_ro3_1000x125_strict_20260528_ro3_warmup_neighbors.payload,63,7,2,580,420,0.580000000,0.080000000,580,0.981453895,0.785875195
restart_reduced_xor_random1_sampler_island_local_warmup5_data_ro3_1000x125_strict_20260528_ro3_warmup_neighbors.payload,63,7,3,554,446,0.554000000,0.054000000,554,0.991569769,0.852042119
restart_reduced_xor_random1_sampler_island_local_warmup5_data_ro3_1000x125_strict_20260528_ro3_warmup_neighbors.payload,63,7,4,580,420,0.580000000,0.080000000,580,0.981453895,0.785875195
restart_reduced_xor_random1_sampler_island_local_warmup5_data_ro3_1000x125_strict_20260528_ro3_warmup_neighbors.payload,63,7,5,595,405,0.595000000,0.095000000,595,0.973800369,0.749038426
restart_reduced_xor_random1_sampler_island_local_warmup5_data_ro3_1000x125_strict_20260528_ro3_warmup_neighbors.payload,63,7,6,557,443,0.557000000,0.057000000,557,0.990604956,0.844250767
restart_reduced_xor_random1_sampler_island_local_warmup5_data_ro3_1000x125_strict_20260528_ro3_warmup_neighbors.payload,63,7,7,575,425,0.575000000,0.075000000,575,0.983708263,0.798366139
restart_reduced_xor_random1_sampler_island_local_warmup5_data_ro3_1000x125_strict_20260528_ro3_warmup_neighbors.payload,64,0,0,581,419,0.581000000,0.081000000,581,0.980985270,0.783389931
restart_reduced_xor_random1_sampler_island_local_warmup5_data_ro3_1000x125_strict_20260528_ro3_warmup_neighbors.payload,64,0,1,576,424,0.576000000,0.076000000,576,0.983269211,0.795859283
restart_reduced_xor_random1_sampler_island_local_warmup5_data_ro3_1000x125_strict_20260528_ro3_warmup_neighbors.payload,64,0,2,558,442,0.558000000,0.058000000,558,0.990271661,0.841662973
restart_reduced_xor_random1_sampler_island_local_warmup5_data_ro3_1000x125_strict_20260528_ro3_warmup_neighbors.payload,64,0,3,599,401,0.599000000,0.099000000,599,0.971532552,0.739372092
restart_reduced_xor_random1_sampler_island_local_warmup5_data_ro3_1000x125_strict_20260528_ro3_warmup_neighbors.payload,64,0,4,561,439,0.561000000,0.061000000,561,0.989236670,0.833927324
restart_reduced_xor_random1_sampler_island_local_warmup5_data_ro3_1000x125_strict_20260528_ro3_warmup_neighbors.payload,64,0,5,553,447,0.553000000,0.053000000,553,0.991879693,0.854648614
restart_reduced_xor_random1_sampler_island_local_warmup5_data_ro3_1000x125_strict_20260528_ro3_warmup_neighbors.payload,64,0,6,601,399,0.601000000,0.101000000,601,0.970362626,0.734563104
restart_reduced_xor_random1_sampler_island_local_warmup5_data_ro3_1000x125_strict_20260528_ro3_warmup_neighbors.payload,64,0,7,577,423,0.577000000,0.077000000,577,0.982824252,0.793356776
restart_reduced_xor_random1_sampler_island_local_warmup5_data_ro3_1000x125_strict_20260528_ro3_warmup_neighbors.payload,65,1,0,604,396,0.604000000,0.104000000,604,0.968562601,0.727379545
restart_reduced_xor_random1_sampler_island_local_warmup5_data_ro3_1000x125_strict_20260528_ro3_warmup_neighbors.payload,65,1,1,548,452,0.548000000,0.048000000,548,0.993341812,0.867752202
restart_reduced_xor_random1_sampler_island_local_warmup5_data_ro3_1000x125_strict_20260528_ro3_warmup_neighbors.payload,65,1,2,575,425,0.575000000,0.075000000,575,0.983708263,0.798366139
restart_reduced_xor_random1_sampler_island_local_warmup5_data_ro3_1000x125_strict_20260528_ro3_warmup_neighbors.payload,65,1,3,615,385,0.615000000,0.115000000,615,0.961496951,0.701341684
restart_reduced_xor_random1_sampler_island_local_warmup5_data_ro3_1000x125_strict_20260528_ro3_warmup_neighbors.payload,65,1,4,558,442,0.558000000,0.058000000,558,0.990271661,0.841662973
restart_reduced_xor_random1_sampler_island_local_warmup5_data_ro3_1000x125_strict_20260528_ro3_warmup_neighbors.payload,65,1,5,572,428,0.572000000,0.072000000,572,0.984990010,0.805912948
restart_reduced_xor_random1_sampler_island_local_warmup5_data_ro3_1000x125_strict_20260528_ro3_warmup_neighbors.payload,65,1,6,597,403,0.597000000,0.097000000,597,0.972678454,0.744197163
restart_reduced_xor_random1_sampler_island_local_warmup5_data_ro3_1000x125_strict_20260528_ro3_warmup_neighbors.payload,65,1,7,574,426,0.574000000,0.074000000,574,0.984141411,0.800877358
restart_reduced_xor_random1_sampler_island_local_warmup5_data_ro3_1000x125_strict_20260528_ro3_warmup_neighbors.payload,66,2,0,567,433,0.567000000,0.067000000,567,0.987008440,0.818579360
restart_reduced_xor_random1_sampler_island_local_warmup5_data_ro3_1000x125_strict_20260528_ro3_warmup_neighbors.payload,66,2,1,595,405,0.595000000,0.095000000,595,0.973800369,0.749038426
restart_reduced_xor_random1_sampler_island_local_warmup5_data_ro3_1000x125_strict_20260528_ro3_warmup_neighbors.payload,66,2,2,612,388,0.612000000,0.112000000,612,0.963496742,0.708396442
restart_reduced_xor_random1_sampler_island_local_warmup5_data_ro3_1000x125_strict_20260528_ro3_warmup_neighbors.payload,66,2,3,567,433,0.567000000,0.067000000,567,0.987008440,0.818579360
restart_reduced_xor_random1_sampler_island_local_warmup5_data_ro3_1000x125_strict_20260528_ro3_warmup_neighbors.payload,66,2,4,589,411,0.589000000,0.089000000,589,0.977022579,0.763660461
restart_reduced_xor_random1_sampler_island_local_warmup5_data_ro3_1000x125_strict_20260528_ro3_warmup_neighbors.payload,66,2,5,585,415,0.585000000,0.085000000,585,0.979051465,0.773491470
restart_reduced_xor_random1_sampler_island_local_warmup5_data_ro3_1000x125_strict_20260528_ro3_warmup_neighbors.payload,66,2,6,558,442,0.558000000,0.058000000,558,0.990271661,0.841662973
restart_reduced_xor_random1_sampler_island_local_warmup5_data_ro3_1000x125_strict_20260528_ro3_warmup_neighbors.payload,66,2,7,594,406,0.594000000,0.094000000,594,0.974352345,0.751465164
restart_reduced_xor_random1_sampler_island_local_warmup5_data_ro3_1000x125_strict_20260528_ro3_warmup_neighbors.payload,67,3,0,541,459,0.541000000,0.041000000,541,0.995144209,0.886299501
restart_reduced_xor_random1_sampler_island_local_warmup5_data_ro3_1000x125_strict_20260528_ro3_warmup_neighbors.payload,67,3,1,594,406,0.594000000,0.094000000,594,0.974352345,0.751465164
restart_reduced_xor_random1_sampler_island_local_warmup5_data_ro3_1000x125_strict_20260528_ro3_warmup_neighbors.payload,67,3,2,566,434,0.566000000,0.066000000,566,0.987394484,0.821126042
restart_reduced_xor_random1_sampler_island_local_warmup5_data_ro3_1000x125_strict_20260528_ro3_warmup_neighbors.payload,67,3,3,567,433,0.567000000,0.067000000,567,0.987008440,0.818579360
restart_reduced_xor_random1_sampler_island_local_warmup5_data_ro3_1000x125_strict_20260528_ro3_warmup_neighbors.payload,67,3,4,566,434,0.566000000,0.066000000,566,0.987394484,0.821126042
restart_reduced_xor_random1_sampler_island_local_warmup5_data_ro3_1000x125_strict_20260528_ro3_warmup_neighbors.payload,67,3,5,574,426,0.574000000,0.074000000,574,0.984141411,0.800877358
restart_reduced_xor_random1_sampler_island_local_warmup5_data_ro3_1000x125_strict_20260528_ro3_warmup_neighbors.payload,67,3,6,585,415,0.585000000,0.085000000,585,0.979051465,0.773491470
restart_reduced_xor_random1_sampler_island_local_warmup5_data_ro3_1000x125_strict_20260528_ro3_warmup_neighbors.payload,67,3,7,601,399,0.601000000,0.101000000,601,0.970362626,0.734563104
restart_reduced_xor_random1_sampler_island_local_warmup5_data_ro3_1000x125_strict_20260528_ro3_warmup_neighbors.payload,68,4,0,575,425,0.575000000,0.075000000,575,0.983708263,0.798366139
restart_reduced_xor_random1_sampler_island_local_warmup5_data_ro3_1000x125_strict_20260528_ro3_warmup_neighbors.payload,68,4,1,546,454,0.546000000,0.046000000,546,0.993885872,0.873027144
restart_reduced_xor_random1_sampler_island_local_warmup5_data_ro3_1000x125_strict_20260528_ro3_warmup_neighbors.payload,68,4,2,546,454,0.546000000,0.046000000,546,0.993885872,0.873027144
restart_reduced_xor_random1_sampler_island_local_warmup5_data_ro3_1000x125_strict_20260528_ro3_warmup_neighbors.payload,68,4,3,579,421,0.579000000,0.079000000,579,0.981916598,0.788364747
restart_reduced_xor_random1_sampler_island_local_warmup5_data_ro3_1000x125_strict_20260528_ro3_warmup_neighbors.payload,68,4,4,573,427,0.573000000,0.073000000,573,0.984568658,0.803392956
restart_reduced_xor_random1_sampler_island_local_warmup5_data_ro3_1000x125_strict_20260528_ro3_warmup_neighbors.payload,68,4,5,548,452,0.548000000,0.048000000,548,0.993341812,0.867752202
restart_reduced_xor_random1_sampler_island_local_warmup5_data_ro3_1000x125_strict_20260528_ro3_warmup_neighbors.payload,68,4,6,560,440,0.560000000,0.060000000,560,0.989587521,0.836501268
restart_reduced_xor_random1_sampler_island_local_warmup5_data_ro3_1000x125_strict_20260528_ro3_warmup_neighbors.payload,68,4,7,570,430,0.570000000,0.070000000,570,0.985815037,0.810966176
restart_reduced_xor_random1_sampler_island_local_warmup5_data_ro3_1000x125_strict_20260528_ro3_warmup_neighbors.payload,69,5,0,581,419,0.581000000,0.081000000,581,0.980985270,0.783389931
restart_reduced_xor_random1_sampler_island_local_warmup5_data_ro3_1000x125_strict_20260528_ro3_warmup_neighbors.payload,69,5,1,553,447,0.553000000,0.053000000,553,0.991879693,0.854648614
restart_reduced_xor_random1_sampler_island_local_warmup5_data_ro3_1000x125_strict_20260528_ro3_warmup_neighbors.payload,69,5,2,608,392,0.608000000,0.108000000,608,0.966078098,0.717856771
restart_reduced_xor_random1_sampler_island_local_warmup5_data_ro3_1000x125_strict_20260528_ro3_warmup_neighbors.payload,69,5,3,559,441,0.559000000,0.059000000,559,0.989932517,0.839079812
restart_reduced_xor_random1_sampler_island_local_warmup5_data_ro3_1000x125_strict_20260528_ro3_warmup_neighbors.payload,69,5,4,537,463,0.537000000,0.037000000,537,0.996046288,0.897006007
restart_reduced_xor_random1_sampler_island_local_warmup5_data_ro3_1000x125_strict_20260528_ro3_warmup_neighbors.payload,69,5,5,569,431,0.569000000,0.069000000,569,0.986218720,0.813499442
restart_reduced_xor_random1_sampler_island_local_warmup5_data_ro3_1000x125_strict_20260528_ro3_warmup_neighbors.payload,69,5,6,577,423,0.577000000,0.077000000,577,0.982824252,0.793356776
restart_reduced_xor_random1_sampler_island_local_warmup5_data_ro3_1000x125_strict_20260528_ro3_warmup_neighbors.payload,69,5,7,553,447,0.553000000,0.053000000,553,0.991879693,0.854648614
restart_reduced_xor_random1_sampler_island_local_warmup5_data_ro3_1000x125_strict_20260528_ro3_warmup_neighbors.payload,70,6,0,588,412,0.588000000,0.088000000,588,0.977538729,0.766111940
restart_reduced_xor_random1_sampler_island_local_warmup5_data_ro3_1000x125_strict_20260528_ro3_warmup_neighbors.payload,70,6,1,569,431,0.569000000,0.069000000,569,0.986218720,0.813499442
restart_reduced_xor_random1_sampler_island_local_warmup5_data_ro3_1000x125_strict_20260528_ro3_warmup_neighbors.payload,70,6,2,590,410,0.590000000,0.090000000,590,0.976500469,0.761213140
restart_reduced_xor_random1_sampler_island_local_warmup5_data_ro3_1000x125_strict_20260528_ro3_warmup_neighbors.payload,70,6,3,582,418,0.582000000,0.082000000,582,0.980510718,0.780908942
restart_reduced_xor_random1_sampler_island_local_warmup5_data_ro3_1000x125_strict_20260528_ro3_warmup_neighbors.payload,70,6,4,586,414,0.586000000,0.086000000,586,0.978553168,0.771027430
restart_reduced_xor_random1_sampler_island_local_warmup5_data_ro3_1000x125_strict_20260528_ro3_warmup_neighbors.payload,70,6,5,595,405,0.595000000,0.095000000,595,0.973800369,0.749038426
restart_reduced_xor_random1_sampler_island_local_warmup5_data_ro3_1000x125_strict_20260528_ro3_warmup_neighbors.payload,70,6,6,547,453,0.547000000,0.047000000,547,0.993616753,0.870387262
restart_reduced_xor_random1_sampler_island_local_warmup5_data_ro3_1000x125_strict_20260528_ro3_warmup_neighbors.payload,70,6,7,594,406,0.594000000,0.094000000,594,0.974352345,0.751465164
restart_reduced_xor_random1_sampler_island_local_warmup5_data_ro3_1000x125_strict_20260528_ro3_warmup_neighbors.payload,71,7,0,585,415,0.585000000,0.085000000,585,0.979051465,0.773491470
restart_reduced_xor_random1_sampler_island_local_warmup5_data_ro3_1000x125_strict_20260528_ro3_warmup_neighbors.payload,71,7,1,616,384,0.616000000,0.116000000,616,0.960818175,0.698997744
restart_reduced_xor_random1_sampler_island_local_warmup5_data_ro3_1000x125_strict_20260528_ro3_warmup_neighbors.payload,71,7,2,592,408,0.592000000,0.092000000,592,0.975438353,0.756330919
restart_reduced_xor_random1_sampler_island_local_warmup5_data_ro3_1000x125_strict_20260528_ro3_warmup_neighbors.payload,71,7,3,577,423,0.577000000,0.077000000,577,0.982824252,0.793356776
restart_reduced_xor_random1_sampler_island_local_warmup5_data_ro3_1000x125_strict_20260528_ro3_warmup_neighbors.payload,71,7,4,605,395,0.605000000,0.105000000,605,0.967950536,0.724992953
restart_reduced_xor_random1_sampler_island_local_warmup5_data_ro3_1000x125_strict_20260528_ro3_warmup_neighbors.payload,71,7,5,593,407,0.593000000,0.093000000,593,0.974898337,0.753895990
restart_reduced_xor_random1_sampler_island_local_warmup5_data_ro3_1000x125_strict_20260528_ro3_warmup_neighbors.payload,71,7,6,581,419,0.581000000,0.081000000,581,0.980985270,0.783389931
restart_reduced_xor_random1_sampler_island_local_warmup5_data_ro3_1000x125_strict_20260528_ro3_warmup_neighbors.payload,71,7,7,594,406,0.594000000,0.094000000,594,0.974352345,0.751465164
restart_reduced_xor_random1_sampler_island_local_warmup5_data_ro3_1000x125_strict_20260528_ro3_warmup_neighbors.payload,72,0,0,583,417,0.583000000,0.083000000,583,0.980030236,0.778432211
restart_reduced_xor_random1_sampler_island_local_warmup5_data_ro3_1000x125_strict_20260528_ro3_warmup_neighbors.payload,72,0,1,546,454,0.546000000,0.046000000,546,0.993885872,0.873027144
restart_reduced_xor_random1_sampler_island_local_warmup5_data_ro3_1000x125_strict_20260528_ro3_warmup_neighbors.payload,72,0,2,580,420,0.580000000,0.080000000,580,0.981453895,0.785875195
restart_reduced_xor_random1_sampler_island_local_warmup5_data_ro3_1000x125_strict_20260528_ro3_warmup_neighbors.payload,72,0,3,595,405,0.595000000,0.095000000,595,0.973800369,0.749038426
restart_reduced_xor_random1_sampler_island_local_warmup5_data_ro3_1000x125_strict_20260528_ro3_warmup_neighbors.payload,72,0,4,590,410,0.590000000,0.090000000,590,0.976500469,0.761213140
restart_reduced_xor_random1_sampler_island_local_warmup5_data_ro3_1000x125_strict_20260528_ro3_warmup_neighbors.payload,72,0,5,580,420,0.580000000,0.080000000,580,0.981453895,0.785875195
restart_reduced_xor_random1_sampler_island_local_warmup5_data_ro3_1000x125_strict_20260528_ro3_warmup_neighbors.payload,72,0,6,608,392,0.608000000,0.108000000,608,0.966078098,0.717856771
restart_reduced_xor_random1_sampler_island_local_warmup5_data_ro3_1000x125_strict_20260528_ro3_warmup_neighbors.payload,72,0,7,571,429,0.571000000,0.071000000,571,0.985405468,0.808437349
restart_reduced_xor_random1_sampler_island_local_warmup5_data_ro3_1000x125_strict_20260528_ro3_warmup_neighbors.payload,73,1,0,588,412,0.588000000,0.088000000,588,0.977538729,0.766111940
restart_reduced_xor_random1_sampler_island_local_warmup5_data_ro3_1000x125_strict_20260528_ro3_warmup_neighbors.payload,73,1,1,551,449,0.551000000,0.051000000,551,0.992482032,0.859875776
restart_reduced_xor_random1_sampler_island_local_warmup5_data_ro3_1000x125_strict_20260528_ro3_warmup_neighbors.payload,73,1,2,560,440,0.560000000,0.060000000,560,0.989587521,0.836501268
restart_reduced_xor_random1_sampler_island_local_warmup5_data_ro3_1000x125_strict_20260528_ro3_warmup_neighbors.payload,73,1,3,567,433,0.567000000,0.067000000,567,0.987008440,0.818579360
restart_reduced_xor_random1_sampler_island_local_warmup5_data_ro3_1000x125_strict_20260528_ro3_warmup_neighbors.payload,73,1,4,571,429,0.571000000,0.071000000,571,0.985405468,0.808437349
restart_reduced_xor_random1_sampler_island_local_warmup5_data_ro3_1000x125_strict_20260528_ro3_warmup_neighbors.payload,73,1,5,555,445,0.555000000,0.055000000,555,0.991254007,0.849440323
restart_reduced_xor_random1_sampler_island_local_warmup5_data_ro3_1000x125_strict_20260528_ro3_warmup_neighbors.payload,73,1,6,582,418,0.582000000,0.082000000,582,0.980510718,0.780908942
restart_reduced_xor_random1_sampler_island_local_warmup5_data_ro3_1000x125_strict_20260528_ro3_warmup_neighbors.payload,73,1,7,571,429,0.571000000,0.071000000,571,0.985405468,0.808437349
restart_reduced_xor_random1_sampler_island_local_warmup5_data_ro3_1000x125_strict_20260528_ro3_warmup_neighbors.payload,74,2,0,584,416,0.584000000,0.084000000,584,0.979543820,0.775959726
restart_reduced_xor_random1_sampler_island_local_warmup5_data_ro3_1000x125_strict_20260528_ro3_warmup_neighbors.payload,74,2,1,566,434,0.566000000,0.066000000,566,0.987394484,0.821126042
restart_reduced_xor_random1_sampler_island_local_warmup5_data_ro3_1000x125_strict_20260528_ro3_warmup_neighbors.payload,74,2,2,559,441,0.559000000,0.059000000,559,0.989932517,0.839079812
restart_reduced_xor_random1_sampler_island_local_warmup5_data_ro3_1000x125_strict_20260528_ro3_warmup_neighbors.payload,74,2,3,577,423,0.577000000,0.077000000,577,0.982824252,0.793356776
restart_reduced_xor_random1_sampler_island_local_warmup5_data_ro3_1000x125_strict_20260528_ro3_warmup_neighbors.payload,74,2,4,575,425,0.575000000,0.075000000,575,0.983708263,0.798366139
restart_reduced_xor_random1_sampler_island_local_warmup5_data_ro3_1000x125_strict_20260528_ro3_warmup_neighbors.payload,74,2,5,558,442,0.558000000,0.058000000,558,0.990271661,0.841662973
restart_reduced_xor_random1_sampler_island_local_warmup5_data_ro3_1000x125_strict_20260528_ro3_warmup_neighbors.payload,74,2,6,561,439,0.561000000,0.061000000,561,0.989236670,0.833927324
restart_reduced_xor_random1_sampler_island_local_warmup5_data_ro3_1000x125_strict_20260528_ro3_warmup_neighbors.payload,74,2,7,589,411,0.589000000,0.089000000,589,0.977022579,0.763660461
restart_reduced_xor_random1_sampler_island_local_warmup5_data_ro3_1000x125_strict_20260528_ro3_warmup_neighbors.payload,75,3,0,560,440,0.560000000,0.060000000,560,0.989587521,0.836501268
restart_reduced_xor_random1_sampler_island_local_warmup5_data_ro3_1000x125_strict_20260528_ro3_warmup_neighbors.payload,75,3,1,557,443,0.557000000,0.057000000,557,0.990604956,0.844250767
restart_reduced_xor_random1_sampler_island_local_warmup5_data_ro3_1000x125_strict_20260528_ro3_warmup_neighbors.payload,75,3,2,578,422,0.578000000,0.078000000,578,0.982373383,0.790858602
restart_reduced_xor_random1_sampler_island_local_warmup5_data_ro3_1000x125_strict_20260528_ro3_warmup_neighbors.payload,75,3,3,594,406,0.594000000,0.094000000,594,0.974352345,0.751465164
restart_reduced_xor_random1_sampler_island_local_warmup5_data_ro3_1000x125_strict_20260528_ro3_warmup_neighbors.payload,75,3,4,568,432,0.568000000,0.068000000,568,0.986616520,0.816037165
restart_reduced_xor_random1_sampler_island_local_warmup5_data_ro3_1000x125_strict_20260528_ro3_warmup_neighbors.payload,75,3,5,552,448,0.552000000,0.052000000,552,0.992183779,0.857259828
restart_reduced_xor_random1_sampler_island_local_warmup5_data_ro3_1000x125_strict_20260528_ro3_warmup_neighbors.payload,75,3,6,561,439,0.561000000,0.061000000,561,0.989236670,0.833927324
restart_reduced_xor_random1_sampler_island_local_warmup5_data_ro3_1000x125_strict_20260528_ro3_warmup_neighbors.payload,75,3,7,611,389,0.611000000,0.111000000,611,0.964151180,0.710755715
restart_reduced_xor_random1_sampler_island_local_warmup5_data_ro3_1000x125_strict_20260528_ro3_warmup_neighbors.payload,76,4,0,570,430,0.570000000,0.070000000,570,0.985815037,0.810966176
restart_reduced_xor_random1_sampler_island_local_warmup5_data_ro3_1000x125_strict_20260528_ro3_warmup_neighbors.payload,76,4,1,569,431,0.569000000,0.069000000,569,0.986218720,0.813499442
restart_reduced_xor_random1_sampler_island_local_warmup5_data_ro3_1000x125_strict_20260528_ro3_warmup_neighbors.payload,76,4,2,568,432,0.568000000,0.068000000,568,0.986616520,0.816037165
restart_reduced_xor_random1_sampler_island_local_warmup5_data_ro3_1000x125_strict_20260528_ro3_warmup_neighbors.payload,76,4,3,581,419,0.581000000,0.081000000,581,0.980985270,0.783389931
restart_reduced_xor_random1_sampler_island_local_warmup5_data_ro3_1000x125_strict_20260528_ro3_warmup_neighbors.payload,76,4,4,577,423,0.577000000,0.077000000,577,0.982824252,0.793356776
restart_reduced_xor_random1_sampler_island_local_warmup5_data_ro3_1000x125_strict_20260528_ro3_warmup_neighbors.payload,76,4,5,581,419,0.581000000,0.081000000,581,0.980985270,0.783389931
restart_reduced_xor_random1_sampler_island_local_warmup5_data_ro3_1000x125_strict_20260528_ro3_warmup_neighbors.payload,76,4,6,569,431,0.569000000,0.069000000,569,0.986218720,0.813499442
restart_reduced_xor_random1_sampler_island_local_warmup5_data_ro3_1000x125_strict_20260528_ro3_warmup_neighbors.payload,76,4,7,558,442,0.558000000,0.058000000,558,0.990271661,0.841662973
restart_reduced_xor_random1_sampler_island_local_warmup5_data_ro3_1000x125_strict_20260528_ro3_warmup_neighbors.payload,77,5,0,586,414,0.586000000,0.086000000,586,0.978553168,0.771027430
restart_reduced_xor_random1_sampler_island_local_warmup5_data_ro3_1000x125_strict_20260528_ro3_warmup_neighbors.payload,77,5,1,596,404,0.596000000,0.096000000,596,0.973242407,0.746615764
restart_reduced_xor_random1_sampler_island_local_warmup5_data_ro3_1000x125_strict_20260528_ro3_warmup_neighbors.payload,77,5,2,558,442,0.558000000,0.058000000,558,0.990271661,0.841662973
restart_reduced_xor_random1_sampler_island_local_warmup5_data_ro3_1000x125_strict_20260528_ro3_warmup_neighbors.payload,77,5,3,579,421,0.579000000,0.079000000,579,0.981916598,0.788364747
restart_reduced_xor_random1_sampler_island_local_warmup5_data_ro3_1000x125_strict_20260528_ro3_warmup_neighbors.payload,77,5,4,578,422,0.578000000,0.078000000,578,0.982373383,0.790858602
restart_reduced_xor_random1_sampler_island_local_warmup5_data_ro3_1000x125_strict_20260528_ro3_warmup_neighbors.payload,77,5,5,570,430,0.570000000,0.070000000,570,0.985815037,0.810966176
restart_reduced_xor_random1_sampler_island_local_warmup5_data_ro3_1000x125_strict_20260528_ro3_warmup_neighbors.payload,77,5,6,570,430,0.570000000,0.070000000,570,0.985815037,0.810966176
restart_reduced_xor_random1_sampler_island_local_warmup5_data_ro3_1000x125_strict_20260528_ro3_warmup_neighbors.payload,77,5,7,582,418,0.582000000,0.082000000,582,0.980510718,0.780908942
restart_reduced_xor_random1_sampler_island_local_warmup5_data_ro3_1000x125_strict_20260528_ro3_warmup_neighbors.payload,78,6,0,559,441,0.559000000,0.059000000,559,0.989932517,0.839079812
restart_reduced_xor_random1_sampler_island_local_warmup5_data_ro3_1000x125_strict_20260528_ro3_warmup_neighbors.payload,78,6,1,618,382,0.618000000,0.118000000,618,0.959442321,0.694321257
restart_reduced_xor_random1_sampler_island_local_warmup5_data_ro3_1000x125_strict_20260528_ro3_warmup_neighbors.payload,78,6,2,568,432,0.568000000,0.068000000,568,0.986616520,0.816037165
restart_reduced_xor_random1_sampler_island_local_warmup5_data_ro3_1000x125_strict_20260528_ro3_warmup_neighbors.payload,78,6,3,560,440,0.560000000,0.060000000,560,0.989587521,0.836501268
restart_reduced_xor_random1_sampler_island_local_warmup5_data_ro3_1000x125_strict_20260528_ro3_warmup_neighbors.payload,78,6,4,583,417,0.583000000,0.083000000,583,0.980030236,0.778432211
restart_reduced_xor_random1_sampler_island_local_warmup5_data_ro3_1000x125_strict_20260528_ro3_warmup_neighbors.payload,78,6,5,558,442,0.558000000,0.058000000,558,0.990271661,0.841662973
restart_reduced_xor_random1_sampler_island_local_warmup5_data_ro3_1000x125_strict_20260528_ro3_warmup_neighbors.payload,78,6,6,575,425,0.575000000,0.075000000,575,0.983708263,0.798366139
restart_reduced_xor_random1_sampler_island_local_warmup5_data_ro3_1000x125_strict_20260528_ro3_warmup_neighbors.payload,78,6,7,579,421,0.579000000,0.079000000,579,0.981916598,0.788364747
restart_reduced_xor_random1_sampler_island_local_warmup5_data_ro3_1000x125_strict_20260528_ro3_warmup_neighbors.payload,79,7,0,573,427,0.573000000,0.073000000,573,0.984568658,0.803392956
restart_reduced_xor_random1_sampler_island_local_warmup5_data_ro3_1000x125_strict_20260528_ro3_warmup_neighbors.payload,79,7,1,585,415,0.585000000,0.085000000,585,0.979051465,0.773491470
restart_reduced_xor_random1_sampler_island_local_warmup5_data_ro3_1000x125_strict_20260528_ro3_warmup_neighbors.payload,79,7,2,583,417,0.583000000,0.083000000,583,0.980030236,0.778432211
restart_reduced_xor_random1_sampler_island_local_warmup5_data_ro3_1000x125_strict_20260528_ro3_warmup_neighbors.payload,79,7,3,569,431,0.569000000,0.069000000,569,0.986218720,0.813499442
restart_reduced_xor_random1_sampler_island_local_warmup5_data_ro3_1000x125_strict_20260528_ro3_warmup_neighbors.payload,79,7,4,587,413,0.587000000,0.087000000,587,0.978048924,0.768567592
restart_reduced_xor_random1_sampler_island_local_warmup5_data_ro3_1000x125_strict_20260528_ro3_warmup_neighbors.payload,79,7,5,582,418,0.582000000,0.082000000,582,0.980510718,0.780908942
restart_reduced_xor_random1_sampler_island_local_warmup5_data_ro3_1000x125_strict_20260528_ro3_warmup_neighbors.payload,79,7,6,579,421,0.579000000,0.079000000,579,0.981916598,0.788364747
restart_reduced_xor_random1_sampler_island_local_warmup5_data_ro3_1000x125_strict_20260528_ro3_warmup_neighbors.payload,79,7,7,565,435,0.565000000,0.065000000,565,0.987774655,0.823677227
restart_reduced_xor_random1_sampler_island_local_warmup5_data_ro3_1000x125_strict_20260528_ro3_warmup_neighbors.payload,80,0,0,574,426,0.574000000,0.074000000,574,0.984141411,0.800877358
restart_reduced_xor_random1_sampler_island_local_warmup5_data_ro3_1000x125_strict_20260528_ro3_warmup_neighbors.payload,80,0,1,562,438,0.562000000,0.062000000,562,0.988879961,0.831357964
restart_reduced_xor_random1_sampler_island_local_warmup5_data_ro3_1000x125_strict_20260528_ro3_warmup_neighbors.payload,80,0,2,579,421,0.579000000,0.079000000,579,0.981916598,0.788364747
restart_reduced_xor_random1_sampler_island_local_warmup5_data_ro3_1000x125_strict_20260528_ro3_warmup_neighbors.payload,80,0,3,589,411,0.589000000,0.089000000,589,0.977022579,0.763660461
restart_reduced_xor_random1_sampler_island_local_warmup5_data_ro3_1000x125_strict_20260528_ro3_warmup_neighbors.payload,80,0,4,572,428,0.572000000,0.072000000,572,0.984990010,0.805912948
restart_reduced_xor_random1_sampler_island_local_warmup5_data_ro3_1000x125_strict_20260528_ro3_warmup_neighbors.payload,80,0,5,562,438,0.562000000,0.062000000,562,0.988879961,0.831357964
restart_reduced_xor_random1_sampler_island_local_warmup5_data_ro3_1000x125_strict_20260528_ro3_warmup_neighbors.payload,80,0,6,573,427,0.573000000,0.073000000,573,0.984568658,0.803392956
restart_reduced_xor_random1_sampler_island_local_warmup5_data_ro3_1000x125_strict_20260528_ro3_warmup_neighbors.payload,80,0,7,568,432,0.568000000,0.068000000,568,0.986616520,0.816037165
restart_reduced_xor_random1_sampler_island_local_warmup5_data_ro3_1000x125_strict_20260528_ro3_warmup_neighbors.payload,81,1,0,591,409,0.591000000,0.091000000,591,0.975972395,0.758769964
restart_reduced_xor_random1_sampler_island_local_warmup5_data_ro3_1000x125_strict_20260528_ro3_warmup_neighbors.payload,81,1,1,570,430,0.570000000,0.070000000,570,0.985815037,0.810966176
restart_reduced_xor_random1_sampler_island_local_warmup5_data_ro3_1000x125_strict_20260528_ro3_warmup_neighbors.payload,81,1,2,570,430,0.570000000,0.070000000,570,0.985815037,0.810966176
restart_reduced_xor_random1_sampler_island_local_warmup5_data_ro3_1000x125_strict_20260528_ro3_warmup_neighbors.payload,81,1,3,580,420,0.580000000,0.080000000,580,0.981453895,0.785875195
restart_reduced_xor_random1_sampler_island_local_warmup5_data_ro3_1000x125_strict_20260528_ro3_warmup_neighbors.payload,81,1,4,591,409,0.591000000,0.091000000,591,0.975972395,0.758769964
restart_reduced_xor_random1_sampler_island_local_warmup5_data_ro3_1000x125_strict_20260528_ro3_warmup_neighbors.payload,81,1,5,594,406,0.594000000,0.094000000,594,0.974352345,0.751465164
restart_reduced_xor_random1_sampler_island_local_warmup5_data_ro3_1000x125_strict_20260528_ro3_warmup_neighbors.payload,81,1,6,556,444,0.556000000,0.056000000,556,0.990932404,0.846843212
restart_reduced_xor_random1_sampler_island_local_warmup5_data_ro3_1000x125_strict_20260528_ro3_warmup_neighbors.payload,81,1,7,571,429,0.571000000,0.071000000,571,0.985405468,0.808437349
restart_reduced_xor_random1_sampler_island_local_warmup5_data_ro3_1000x125_strict_20260528_ro3_warmup_neighbors.payload,82,2,0,598,402,0.598000000,0.098000000,598,0.972108504,0.741782610
restart_reduced_xor_random1_sampler_island_local_warmup5_data_ro3_1000x125_strict_20260528_ro3_warmup_neighbors.payload,82,2,1,583,417,0.583000000,0.083000000,583,0.980030236,0.778432211
restart_reduced_xor_random1_sampler_island_local_warmup5_data_ro3_1000x125_strict_20260528_ro3_warmup_neighbors.payload,82,2,2,563,437,0.563000000,0.063000000,563,0.988517390,0.828793173
restart_reduced_xor_random1_sampler_island_local_warmup5_data_ro3_1000x125_strict_20260528_ro3_warmup_neighbors.payload,82,2,3,595,405,0.595000000,0.095000000,595,0.973800369,0.749038426
restart_reduced_xor_random1_sampler_island_local_warmup5_data_ro3_1000x125_strict_20260528_ro3_warmup_neighbors.payload,82,2,4,578,422,0.578000000,0.078000000,578,0.982373383,0.790858602
restart_reduced_xor_random1_sampler_island_local_warmup5_data_ro3_1000x125_strict_20260528_ro3_warmup_neighbors.payload,82,2,5,588,412,0.588000000,0.088000000,588,0.977538729,0.766111940
restart_reduced_xor_random1_sampler_island_local_warmup5_data_ro3_1000x125_strict_20260528_ro3_warmup_neighbors.payload,82,2,6,577,423,0.577000000,0.077000000,577,0.982824252,0.793356776
restart_reduced_xor_random1_sampler_island_local_warmup5_data_ro3_1000x125_strict_20260528_ro3_warmup_neighbors.payload,82,2,7,581,419,0.581000000,0.081000000,581,0.980985270,0.783389931
restart_reduced_xor_random1_sampler_island_local_warmup5_data_ro3_1000x125_strict_20260528_ro3_warmup_neighbors.payload,83,3,0,575,425,0.575000000,0.075000000,575,0.983708263,0.798366139
restart_reduced_xor_random1_sampler_island_local_warmup5_data_ro3_1000x125_strict_20260528_ro3_warmup_neighbors.payload,83,3,1,579,421,0.579000000,0.079000000,579,0.981916598,0.788364747
restart_reduced_xor_random1_sampler_island_local_warmup5_data_ro3_1000x125_strict_20260528_ro3_warmup_neighbors.payload,83,3,2,577,423,0.577000000,0.077000000,577,0.982824252,0.793356776
restart_reduced_xor_random1_sampler_island_local_warmup5_data_ro3_1000x125_strict_20260528_ro3_warmup_neighbors.payload,83,3,3,563,437,0.563000000,0.063000000,563,0.988517390,0.828793173
restart_reduced_xor_random1_sampler_island_local_warmup5_data_ro3_1000x125_strict_20260528_ro3_warmup_neighbors.payload,83,3,4,582,418,0.582000000,0.082000000,582,0.980510718,0.780908942
restart_reduced_xor_random1_sampler_island_local_warmup5_data_ro3_1000x125_strict_20260528_ro3_warmup_neighbors.payload,83,3,5,579,421,0.579000000,0.079000000,579,0.981916598,0.788364747
restart_reduced_xor_random1_sampler_island_local_warmup5_data_ro3_1000x125_strict_20260528_ro3_warmup_neighbors.payload,83,3,6,554,446,0.554000000,0.054000000,554,0.991569769,0.852042119
restart_reduced_xor_random1_sampler_island_local_warmup5_data_ro3_1000x125_strict_20260528_ro3_warmup_neighbors.payload,83,3,7,570,430,0.570000000,0.070000000,570,0.985815037,0.810966176
restart_reduced_xor_random1_sampler_island_local_warmup5_data_ro3_1000x125_strict_20260528_ro3_warmup_neighbors.payload,84,4,0,592,408,0.592000000,0.092000000,592,0.975438353,0.756330919
restart_reduced_xor_random1_sampler_island_local_warmup5_data_ro3_1000x125_strict_20260528_ro3_warmup_neighbors.payload,84,4,1,599,401,0.599000000,0.099000000,599,0.971532552,0.739372092
restart_reduced_xor_random1_sampler_island_local_warmup5_data_ro3_1000x125_strict_20260528_ro3_warmup_neighbors.payload,84,4,2,594,406,0.594000000,0.094000000,594,0.974352345,0.751465164
restart_reduced_xor_random1_sampler_island_local_warmup5_data_ro3_1000x125_strict_20260528_ro3_warmup_neighbors.payload,84,4,3,576,424,0.576000000,0.076000000,576,0.983269211,0.795859283
restart_reduced_xor_random1_sampler_island_local_warmup5_data_ro3_1000x125_strict_20260528_ro3_warmup_neighbors.payload,84,4,4,581,419,0.581000000,0.081000000,581,0.980985270,0.783389931
restart_reduced_xor_random1_sampler_island_local_warmup5_data_ro3_1000x125_strict_20260528_ro3_warmup_neighbors.payload,84,4,5,595,405,0.595000000,0.095000000,595,0.973800369,0.749038426
restart_reduced_xor_random1_sampler_island_local_warmup5_data_ro3_1000x125_strict_20260528_ro3_warmup_neighbors.payload,84,4,6,583,417,0.583000000,0.083000000,583,0.980030236,0.778432211
restart_reduced_xor_random1_sampler_island_local_warmup5_data_ro3_1000x125_strict_20260528_ro3_warmup_neighbors.payload,84,4,7,561,439,0.561000000,0.061000000,561,0.989236670,0.833927324
restart_reduced_xor_random1_sampler_island_local_warmup5_data_ro3_1000x125_strict_20260528_ro3_warmup_neighbors.payload,85,5,0,595,405,0.595000000,0.095000000,595,0.973800369,0.749038426
restart_reduced_xor_random1_sampler_island_local_warmup5_data_ro3_1000x125_strict_20260528_ro3_warmup_neighbors.payload,85,5,1,562,438,0.562000000,0.062000000,562,0.988879961,0.831357964
restart_reduced_xor_random1_sampler_island_local_warmup5_data_ro3_1000x125_strict_20260528_ro3_warmup_neighbors.payload,85,5,2,564,436,0.564000000,0.064000000,564,0.988148956,0.826232932
restart_reduced_xor_random1_sampler_island_local_warmup5_data_ro3_1000x125_strict_20260528_ro3_warmup_neighbors.payload,85,5,3,574,426,0.574000000,0.074000000,574,0.984141411,0.800877358
restart_reduced_xor_random1_sampler_island_local_warmup5_data_ro3_1000x125_strict_20260528_ro3_warmup_neighbors.payload,85,5,4,585,415,0.585000000,0.085000000,585,0.979051465,0.773491470
restart_reduced_xor_random1_sampler_island_local_warmup5_data_ro3_1000x125_strict_20260528_ro3_warmup_neighbors.payload,85,5,5,572,428,0.572000000,0.072000000,572,0.984990010,0.805912948
restart_reduced_xor_random1_sampler_island_local_warmup5_data_ro3_1000x125_strict_20260528_ro3_warmup_neighbors.payload,85,5,6,578,422,0.578000000,0.078000000,578,0.982373383,0.790858602
restart_reduced_xor_random1_sampler_island_local_warmup5_data_ro3_1000x125_strict_20260528_ro3_warmup_neighbors.payload,85,5,7,574,426,0.574000000,0.074000000,574,0.984141411,0.800877358
restart_reduced_xor_random1_sampler_island_local_warmup5_data_ro3_1000x125_strict_20260528_ro3_warmup_neighbors.payload,86,6,0,588,412,0.588000000,0.088000000,588,0.977538729,0.766111940
restart_reduced_xor_random1_sampler_island_local_warmup5_data_ro3_1000x125_strict_20260528_ro3_warmup_neighbors.payload,86,6,1,589,411,0.589000000,0.089000000,589,0.977022579,0.763660461
restart_reduced_xor_random1_sampler_island_local_warmup5_data_ro3_1000x125_strict_20260528_ro3_warmup_neighbors.payload,86,6,2,576,424,0.576000000,0.076000000,576,0.983269211,0.795859283
restart_reduced_xor_random1_sampler_island_local_warmup5_data_ro3_1000x125_strict_20260528_ro3_warmup_neighbors.payload,86,6,3,571,429,0.571000000,0.071000000,571,0.985405468,0.808437349
restart_reduced_xor_random1_sampler_island_local_warmup5_data_ro3_1000x125_strict_20260528_ro3_warmup_neighbors.payload,86,6,4,565,435,0.565000000,0.065000000,565,0.987774655,0.823677227
restart_reduced_xor_random1_sampler_island_local_warmup5_data_ro3_1000x125_strict_20260528_ro3_warmup_neighbors.payload,86,6,5,583,417,0.583000000,0.083000000,583,0.980030236,0.778432211
restart_reduced_xor_random1_sampler_island_local_warmup5_data_ro3_1000x125_strict_20260528_ro3_warmup_neighbors.payload,86,6,6,557,443,0.557000000,0.057000000,557,0.990604956,0.844250767
restart_reduced_xor_random1_sampler_island_local_warmup5_data_ro3_1000x125_strict_20260528_ro3_warmup_neighbors.payload,86,6,7,573,427,0.573000000,0.073000000,573,0.984568658,0.803392956
restart_reduced_xor_random1_sampler_island_local_warmup5_data_ro3_1000x125_strict_20260528_ro3_warmup_neighbors.payload,87,7,0,566,434,0.566000000,0.066000000,566,0.987394484,0.821126042
restart_reduced_xor_random1_sampler_island_local_warmup5_data_ro3_1000x125_strict_20260528_ro3_warmup_neighbors.payload,87,7,1,548,452,0.548000000,0.048000000,548,0.993341812,0.867752202
restart_reduced_xor_random1_sampler_island_local_warmup5_data_ro3_1000x125_strict_20260528_ro3_warmup_neighbors.payload,87,7,2,603,397,0.603000000,0.103000000,603,0.969168634,0.729770093
restart_reduced_xor_random1_sampler_island_local_warmup5_data_ro3_1000x125_strict_20260528_ro3_warmup_neighbors.payload,87,7,3,571,429,0.571000000,0.071000000,571,0.985405468,0.808437349
restart_reduced_xor_random1_sampler_island_local_warmup5_data_ro3_1000x125_strict_20260528_ro3_warmup_neighbors.payload,87,7,4,561,439,0.561000000,0.061000000,561,0.989236670,0.833927324
restart_reduced_xor_random1_sampler_island_local_warmup5_data_ro3_1000x125_strict_20260528_ro3_warmup_neighbors.payload,87,7,5,566,434,0.566000000,0.066000000,566,0.987394484,0.821126042
restart_reduced_xor_random1_sampler_island_local_warmup5_data_ro3_1000x125_strict_20260528_ro3_warmup_neighbors.payload,87,7,6,581,419,0.581000000,0.081000000,581,0.980985270,0.783389931
restart_reduced_xor_random1_sampler_island_local_warmup5_data_ro3_1000x125_strict_20260528_ro3_warmup_neighbors.payload,87,7,7,569,431,0.569000000,0.069000000,569,0.986218720,0.813499442
restart_reduced_xor_random1_sampler_island_local_warmup5_data_ro3_1000x125_strict_20260528_ro3_warmup_neighbors.payload,88,0,0,574,426,0.574000000,0.074000000,574,0.984141411,0.800877358
restart_reduced_xor_random1_sampler_island_local_warmup5_data_ro3_1000x125_strict_20260528_ro3_warmup_neighbors.payload,88,0,1,570,430,0.570000000,0.070000000,570,0.985815037,0.810966176
restart_reduced_xor_random1_sampler_island_local_warmup5_data_ro3_1000x125_strict_20260528_ro3_warmup_neighbors.payload,88,0,2,571,429,0.571000000,0.071000000,571,0.985405468,0.808437349
restart_reduced_xor_random1_sampler_island_local_warmup5_data_ro3_1000x125_strict_20260528_ro3_warmup_neighbors.payload,88,0,3,559,441,0.559000000,0.059000000,559,0.989932517,0.839079812
restart_reduced_xor_random1_sampler_island_local_warmup5_data_ro3_1000x125_strict_20260528_ro3_warmup_neighbors.payload,88,0,4,583,417,0.583000000,0.083000000,583,0.980030236,0.778432211
restart_reduced_xor_random1_sampler_island_local_warmup5_data_ro3_1000x125_strict_20260528_ro3_warmup_neighbors.payload,88,0,5,531,469,0.531000000,0.031000000,531,0.997225361,0.913216234
restart_reduced_xor_random1_sampler_island_local_warmup5_data_ro3_1000x125_strict_20260528_ro3_warmup_neighbors.payload,88,0,6,551,449,0.551000000,0.051000000,551,0.992482032,0.859875776
restart_reduced_xor_random1_sampler_island_local_warmup5_data_ro3_1000x125_strict_20260528_ro3_warmup_neighbors.payload,88,0,7,571,429,0.571000000,0.071000000,571,0.985405468,0.808437349
restart_reduced_xor_random1_sampler_island_local_warmup5_data_ro3_1000x125_strict_20260528_ro3_warmup_neighbors.payload,89,1,0,564,436,0.564000000,0.064000000,564,0.988148956,0.826232932
restart_reduced_xor_random1_sampler_island_local_warmup5_data_ro3_1000x125_strict_20260528_ro3_warmup_neighbors.payload,89,1,1,573,427,0.573000000,0.073000000,573,0.984568658,0.803392956
restart_reduced_xor_random1_sampler_island_local_warmup5_data_ro3_1000x125_strict_20260528_ro3_warmup_neighbors.payload,89,1,2,585,415,0.585000000,0.085000000,585,0.979051465,0.773491470
restart_reduced_xor_random1_sampler_island_local_warmup5_data_ro3_1000x125_strict_20260528_ro3_warmup_neighbors.payload,89,1,3,565,435,0.565000000,0.065000000,565,0.987774655,0.823677227
restart_reduced_xor_random1_sampler_island_local_warmup5_data_ro3_1000x125_strict_20260528_ro3_warmup_neighbors.payload,89,1,4,580,420,0.580000000,0.080000000,580,0.981453895,0.785875195
restart_reduced_xor_random1_sampler_island_local_warmup5_data_ro3_1000x125_strict_20260528_ro3_warmup_neighbors.payload,89,1,5,580,420,0.580000000,0.080000000,580,0.981453895,0.785875195
restart_reduced_xor_random1_sampler_island_local_warmup5_data_ro3_1000x125_strict_20260528_ro3_warmup_neighbors.payload,89,1,6,589,411,0.589000000,0.089000000,589,0.977022579,0.763660461
restart_reduced_xor_random1_sampler_island_local_warmup5_data_ro3_1000x125_strict_20260528_ro3_warmup_neighbors.payload,89,1,7,546,454,0.546000000,0.046000000,546,0.993885872,0.873027144
restart_reduced_xor_random1_sampler_island_local_warmup5_data_ro3_1000x125_strict_20260528_ro3_warmup_neighbors.payload,90,2,0,566,434,0.566000000,0.066000000,566,0.987394484,0.821126042
restart_reduced_xor_random1_sampler_island_local_warmup5_data_ro3_1000x125_strict_20260528_ro3_warmup_neighbors.payload,90,2,1,606,394,0.606000000,0.106000000,606,0.967332434,0.722610301
restart_reduced_xor_random1_sampler_island_local_warmup5_data_ro3_1000x125_strict_20260528_ro3_warmup_neighbors.payload,90,2,2,604,396,0.604000000,0.104000000,604,0.968562601,0.727379545
restart_reduced_xor_random1_sampler_island_local_warmup5_data_ro3_1000x125_strict_20260528_ro3_warmup_neighbors.payload,90,2,3,578,422,0.578000000,0.078000000,578,0.982373383,0.790858602
restart_reduced_xor_random1_sampler_island_local_warmup5_data_ro3_1000x125_strict_20260528_ro3_warmup_neighbors.payload,90,2,4,566,434,0.566000000,0.066000000,566,0.987394484,0.821126042
restart_reduced_xor_random1_sampler_island_local_warmup5_data_ro3_1000x125_strict_20260528_ro3_warmup_neighbors.payload,90,2,5,593,407,0.593000000,0.093000000,593,0.974898337,0.753895990
restart_reduced_xor_random1_sampler_island_local_warmup5_data_ro3_1000x125_strict_20260528_ro3_warmup_neighbors.payload,90,2,6,578,422,0.578000000,0.078000000,578,0.982373383,0.790858602
restart_reduced_xor_random1_sampler_island_local_warmup5_data_ro3_1000x125_strict_20260528_ro3_warmup_neighbors.payload,90,2,7,571,429,0.571000000,0.071000000,571,0.985405468,0.808437349
restart_reduced_xor_random1_sampler_island_local_warmup5_data_ro3_1000x125_strict_20260528_ro3_warmup_neighbors.payload,91,3,0,604,396,0.604000000,0.104000000,604,0.968562601,0.727379545
restart_reduced_xor_random1_sampler_island_local_warmup5_data_ro3_1000x125_strict_20260528_ro3_warmup_neighbors.payload,91,3,1,562,438,0.562000000,0.062000000,562,0.988879961,0.831357964
restart_reduced_xor_random1_sampler_island_local_warmup5_data_ro3_1000x125_strict_20260528_ro3_warmup_neighbors.payload,91,3,2,574,426,0.574000000,0.074000000,574,0.984141411,0.800877358
restart_reduced_xor_random1_sampler_island_local_warmup5_data_ro3_1000x125_strict_20260528_ro3_warmup_neighbors.payload,91,3,3,585,415,0.585000000,0.085000000,585,0.979051465,0.773491470
restart_reduced_xor_random1_sampler_island_local_warmup5_data_ro3_1000x125_strict_20260528_ro3_warmup_neighbors.payload,91,3,4,582,418,0.582000000,0.082000000,582,0.980510718,0.780908942
restart_reduced_xor_random1_sampler_island_local_warmup5_data_ro3_1000x125_strict_20260528_ro3_warmup_neighbors.payload,91,3,5,583,417,0.583000000,0.083000000,583,0.980030236,0.778432211
restart_reduced_xor_random1_sampler_island_local_warmup5_data_ro3_1000x125_strict_20260528_ro3_warmup_neighbors.payload,91,3,6,586,414,0.586000000,0.086000000,586,0.978553168,0.771027430
restart_reduced_xor_random1_sampler_island_local_warmup5_data_ro3_1000x125_strict_20260528_ro3_warmup_neighbors.payload,91,3,7,575,425,0.575000000,0.075000000,575,0.983708263,0.798366139
restart_reduced_xor_random1_sampler_island_local_warmup5_data_ro3_1000x125_strict_20260528_ro3_warmup_neighbors.payload,92,4,0,592,408,0.592000000,0.092000000,592,0.975438353,0.756330919
restart_reduced_xor_random1_sampler_island_local_warmup5_data_ro3_1000x125_strict_20260528_ro3_warmup_neighbors.payload,92,4,1,570,430,0.570000000,0.070000000,570,0.985815037,0.810966176
restart_reduced_xor_random1_sampler_island_local_warmup5_data_ro3_1000x125_strict_20260528_ro3_warmup_neighbors.payload,92,4,2,562,438,0.562000000,0.062000000,562,0.988879961,0.831357964
restart_reduced_xor_random1_sampler_island_local_warmup5_data_ro3_1000x125_strict_20260528_ro3_warmup_neighbors.payload,92,4,3,572,428,0.572000000,0.072000000,572,0.984990010,0.805912948
restart_reduced_xor_random1_sampler_island_local_warmup5_data_ro3_1000x125_strict_20260528_ro3_warmup_neighbors.payload,92,4,4,584,416,0.584000000,0.084000000,584,0.979543820,0.775959726
restart_reduced_xor_random1_sampler_island_local_warmup5_data_ro3_1000x125_strict_20260528_ro3_warmup_neighbors.payload,92,4,5,562,438,0.562000000,0.062000000,562,0.988879961,0.831357964
restart_reduced_xor_random1_sampler_island_local_warmup5_data_ro3_1000x125_strict_20260528_ro3_warmup_neighbors.payload,92,4,6,566,434,0.566000000,0.066000000,566,0.987394484,0.821126042
restart_reduced_xor_random1_sampler_island_local_warmup5_data_ro3_1000x125_strict_20260528_ro3_warmup_neighbors.payload,92,4,7,596,404,0.596000000,0.096000000,596,0.973242407,0.746615764
restart_reduced_xor_random1_sampler_island_local_warmup5_data_ro3_1000x125_strict_20260528_ro3_warmup_neighbors.payload,93,5,0,593,407,0.593000000,0.093000000,593,0.974898337,0.753895990
restart_reduced_xor_random1_sampler_island_local_warmup5_data_ro3_1000x125_strict_20260528_ro3_warmup_neighbors.payload,93,5,1,615,385,0.615000000,0.115000000,615,0.961496951,0.701341684
restart_reduced_xor_random1_sampler_island_local_warmup5_data_ro3_1000x125_strict_20260528_ro3_warmup_neighbors.payload,93,5,2,543,457,0.543000000,0.043000000,543,0.994658318,0.880975897
restart_reduced_xor_random1_sampler_island_local_warmup5_data_ro3_1000x125_strict_20260528_ro3_warmup_neighbors.payload,93,5,3,577,423,0.577000000,0.077000000,577,0.982824252,0.793356776
restart_reduced_xor_random1_sampler_island_local_warmup5_data_ro3_1000x125_strict_20260528_ro3_warmup_neighbors.payload,93,5,4,573,427,0.573000000,0.073000000,573,0.984568658,0.803392956
restart_reduced_xor_random1_sampler_island_local_warmup5_data_ro3_1000x125_strict_20260528_ro3_warmup_neighbors.payload,93,5,5,556,444,0.556000000,0.056000000,556,0.990932404,0.846843212
restart_reduced_xor_random1_sampler_island_local_warmup5_data_ro3_1000x125_strict_20260528_ro3_warmup_neighbors.payload,93,5,6,567,433,0.567000000,0.067000000,567,0.987008440,0.818579360
restart_reduced_xor_random1_sampler_island_local_warmup5_data_ro3_1000x125_strict_20260528_ro3_warmup_neighbors.payload,93,5,7,575,425,0.575000000,0.075000000,575,0.983708263,0.798366139
restart_reduced_xor_random1_sampler_island_local_warmup5_data_ro3_1000x125_strict_20260528_ro3_warmup_neighbors.payload,94,6,0,582,418,0.582000000,0.082000000,582,0.980510718,0.780908942
restart_reduced_xor_random1_sampler_island_local_warmup5_data_ro3_1000x125_strict_20260528_ro3_warmup_neighbors.payload,94,6,1,579,421,0.579000000,0.079000000,579,0.981916598,0.788364747
restart_reduced_xor_random1_sampler_island_local_warmup5_data_ro3_1000x125_strict_20260528_ro3_warmup_neighbors.payload,94,6,2,584,416,0.584000000,0.084000000,584,0.979543820,0.775959726
restart_reduced_xor_random1_sampler_island_local_warmup5_data_ro3_1000x125_strict_20260528_ro3_warmup_neighbors.payload,94,6,3,578,422,0.578000000,0.078000000,578,0.982373383,0.790858602
restart_reduced_xor_random1_sampler_island_local_warmup5_data_ro3_1000x125_strict_20260528_ro3_warmup_neighbors.payload,94,6,4,585,415,0.585000000,0.085000000,585,0.979051465,0.773491470
restart_reduced_xor_random1_sampler_island_local_warmup5_data_ro3_1000x125_strict_20260528_ro3_warmup_neighbors.payload,94,6,5,605,395,0.605000000,0.105000000,605,0.967950536,0.724992953
restart_reduced_xor_random1_sampler_island_local_warmup5_data_ro3_1000x125_strict_20260528_ro3_warmup_neighbors.payload,94,6,6,575,425,0.575000000,0.075000000,575,0.983708263,0.798366139
restart_reduced_xor_random1_sampler_island_local_warmup5_data_ro3_1000x125_strict_20260528_ro3_warmup_neighbors.payload,94,6,7,552,448,0.552000000,0.052000000,552,0.992183779,0.857259828
restart_reduced_xor_random1_sampler_island_local_warmup5_data_ro3_1000x125_strict_20260528_ro3_warmup_neighbors.payload,95,7,0,571,429,0.571000000,0.071000000,571,0.985405468,0.808437349
restart_reduced_xor_random1_sampler_island_local_warmup5_data_ro3_1000x125_strict_20260528_ro3_warmup_neighbors.payload,95,7,1,568,432,0.568000000,0.068000000,568,0.986616520,0.816037165
restart_reduced_xor_random1_sampler_island_local_warmup5_data_ro3_1000x125_strict_20260528_ro3_warmup_neighbors.payload,95,7,2,582,418,0.582000000,0.082000000,582,0.980510718,0.780908942
restart_reduced_xor_random1_sampler_island_local_warmup5_data_ro3_1000x125_strict_20260528_ro3_warmup_neighbors.payload,95,7,3,564,436,0.564000000,0.064000000,564,0.988148956,0.826232932
restart_reduced_xor_random1_sampler_island_local_warmup5_data_ro3_1000x125_strict_20260528_ro3_warmup_neighbors.payload,95,7,4,590,410,0.590000000,0.090000000,590,0.976500469,0.761213140
restart_reduced_xor_random1_sampler_island_local_warmup5_data_ro3_1000x125_strict_20260528_ro3_warmup_neighbors.payload,95,7,5,615,385,0.615000000,0.115000000,615,0.961496951,0.701341684
restart_reduced_xor_random1_sampler_island_local_warmup5_data_ro3_1000x125_strict_20260528_ro3_warmup_neighbors.payload,95,7,6,580,420,0.580000000,0.080000000,580,0.981453895,0.785875195
restart_reduced_xor_random1_sampler_island_local_warmup5_data_ro3_1000x125_strict_20260528_ro3_warmup_neighbors.payload,95,7,7,579,421,0.579000000,0.079000000,579,0.981916598,0.788364747
restart_reduced_xor_random1_sampler_island_local_warmup5_data_ro3_1000x125_strict_20260528_ro3_warmup_neighbors.payload,96,0,0,583,417,0.583000000,0.083000000,583,0.980030236,0.778432211
restart_reduced_xor_random1_sampler_island_local_warmup5_data_ro3_1000x125_strict_20260528_ro3_warmup_neighbors.payload,96,0,1,590,410,0.590000000,0.090000000,590,0.976500469,0.761213140
restart_reduced_xor_random1_sampler_island_local_warmup5_data_ro3_1000x125_strict_20260528_ro3_warmup_neighbors.payload,96,0,2,585,415,0.585000000,0.085000000,585,0.979051465,0.773491470
restart_reduced_xor_random1_sampler_island_local_warmup5_data_ro3_1000x125_strict_20260528_ro3_warmup_neighbors.payload,96,0,3,564,436,0.564000000,0.064000000,564,0.988148956,0.826232932
restart_reduced_xor_random1_sampler_island_local_warmup5_data_ro3_1000x125_strict_20260528_ro3_warmup_neighbors.payload,96,0,4,590,410,0.590000000,0.090000000,590,0.976500469,0.761213140
restart_reduced_xor_random1_sampler_island_local_warmup5_data_ro3_1000x125_strict_20260528_ro3_warmup_neighbors.payload,96,0,5,576,424,0.576000000,0.076000000,576,0.983269211,0.795859283
restart_reduced_xor_random1_sampler_island_local_warmup5_data_ro3_1000x125_strict_20260528_ro3_warmup_neighbors.payload,96,0,6,562,438,0.562000000,0.062000000,562,0.988879961,0.831357964
restart_reduced_xor_random1_sampler_island_local_warmup5_data_ro3_1000x125_strict_20260528_ro3_warmup_neighbors.payload,96,0,7,581,419,0.581000000,0.081000000,581,0.980985270,0.783389931
restart_reduced_xor_random1_sampler_island_local_warmup5_data_ro3_1000x125_strict_20260528_ro3_warmup_neighbors.payload,97,1,0,557,443,0.557000000,0.057000000,557,0.990604956,0.844250767
restart_reduced_xor_random1_sampler_island_local_warmup5_data_ro3_1000x125_strict_20260528_ro3_warmup_neighbors.payload,97,1,1,563,437,0.563000000,0.063000000,563,0.988517390,0.828793173
restart_reduced_xor_random1_sampler_island_local_warmup5_data_ro3_1000x125_strict_20260528_ro3_warmup_neighbors.payload,97,1,2,567,433,0.567000000,0.067000000,567,0.987008440,0.818579360
restart_reduced_xor_random1_sampler_island_local_warmup5_data_ro3_1000x125_strict_20260528_ro3_warmup_neighbors.payload,97,1,3,572,428,0.572000000,0.072000000,572,0.984990010,0.805912948
restart_reduced_xor_random1_sampler_island_local_warmup5_data_ro3_1000x125_strict_20260528_ro3_warmup_neighbors.payload,97,1,4,568,432,0.568000000,0.068000000,568,0.986616520,0.816037165
restart_reduced_xor_random1_sampler_island_local_warmup5_data_ro3_1000x125_strict_20260528_ro3_warmup_neighbors.payload,97,1,5,587,413,0.587000000,0.087000000,587,0.978048924,0.768567592
restart_reduced_xor_random1_sampler_island_local_warmup5_data_ro3_1000x125_strict_20260528_ro3_warmup_neighbors.payload,97,1,6,587,413,0.587000000,0.087000000,587,0.978048924,0.768567592
restart_reduced_xor_random1_sampler_island_local_warmup5_data_ro3_1000x125_strict_20260528_ro3_warmup_neighbors.payload,97,1,7,570,430,0.570000000,0.070000000,570,0.985815037,0.810966176
restart_reduced_xor_random1_sampler_island_local_warmup5_data_ro3_1000x125_strict_20260528_ro3_warmup_neighbors.payload,98,2,0,583,417,0.583000000,0.083000000,583,0.980030236,0.778432211
restart_reduced_xor_random1_sampler_island_local_warmup5_data_ro3_1000x125_strict_20260528_ro3_warmup_neighbors.payload,98,2,1,541,459,0.541000000,0.041000000,541,0.995144209,0.886299501
restart_reduced_xor_random1_sampler_island_local_warmup5_data_ro3_1000x125_strict_20260528_ro3_warmup_neighbors.payload,98,2,2,589,411,0.589000000,0.089000000,589,0.977022579,0.763660461
restart_reduced_xor_random1_sampler_island_local_warmup5_data_ro3_1000x125_strict_20260528_ro3_warmup_neighbors.payload,98,2,3,570,430,0.570000000,0.070000000,570,0.985815037,0.810966176
restart_reduced_xor_random1_sampler_island_local_warmup5_data_ro3_1000x125_strict_20260528_ro3_warmup_neighbors.payload,98,2,4,552,448,0.552000000,0.052000000,552,0.992183779,0.857259828
restart_reduced_xor_random1_sampler_island_local_warmup5_data_ro3_1000x125_strict_20260528_ro3_warmup_neighbors.payload,98,2,5,563,437,0.563000000,0.063000000,563,0.988517390,0.828793173
restart_reduced_xor_random1_sampler_island_local_warmup5_data_ro3_1000x125_strict_20260528_ro3_warmup_neighbors.payload,98,2,6,593,407,0.593000000,0.093000000,593,0.974898337,0.753895990
restart_reduced_xor_random1_sampler_island_local_warmup5_data_ro3_1000x125_strict_20260528_ro3_warmup_neighbors.payload,98,2,7,561,439,0.561000000,0.061000000,561,0.989236670,0.833927324
restart_reduced_xor_random1_sampler_island_local_warmup5_data_ro3_1000x125_strict_20260528_ro3_warmup_neighbors.payload,99,3,0,597,403,0.597000000,0.097000000,597,0.972678454,0.744197163
restart_reduced_xor_random1_sampler_island_local_warmup5_data_ro3_1000x125_strict_20260528_ro3_warmup_neighbors.payload,99,3,1,575,425,0.575000000,0.075000000,575,0.983708263,0.798366139
restart_reduced_xor_random1_sampler_island_local_warmup5_data_ro3_1000x125_strict_20260528_ro3_warmup_neighbors.payload,99,3,2,582,418,0.582000000,0.082000000,582,0.980510718,0.780908942
restart_reduced_xor_random1_sampler_island_local_warmup5_data_ro3_1000x125_strict_20260528_ro3_warmup_neighbors.payload,99,3,3,571,429,0.571000000,0.071000000,571,0.985405468,0.808437349
restart_reduced_xor_random1_sampler_island_local_warmup5_data_ro3_1000x125_strict_20260528_ro3_warmup_neighbors.payload,99,3,4,588,412,0.588000000,0.088000000,588,0.977538729,0.766111940
restart_reduced_xor_random1_sampler_island_local_warmup5_data_ro3_1000x125_strict_20260528_ro3_warmup_neighbors.payload,99,3,5,558,442,0.558000000,0.058000000,558,0.990271661,0.841662973
restart_reduced_xor_random1_sampler_island_local_warmup5_data_ro3_1000x125_strict_20260528_ro3_warmup_neighbors.payload,99,3,6,556,444,0.556000000,0.056000000,556,0.990932404,0.846843212
restart_reduced_xor_random1_sampler_island_local_warmup5_data_ro3_1000x125_strict_20260528_ro3_warmup_neighbors.payload,99,3,7,550,450,0.550000000,0.050000000,550,0.992774454,0.862496476
restart_reduced_xor_random1_sampler_island_local_warmup5_data_ro3_1000x125_strict_20260528_ro3_warmup_neighbors.payload,100,4,0,585,415,0.585000000,0.085000000,585,0.979051465,0.773491470
restart_reduced_xor_random1_sampler_island_local_warmup5_data_ro3_1000x125_strict_20260528_ro3_warmup_neighbors.payload,100,4,1,613,387,0.613000000,0.113000000,613,0.962836228,0.706041021
restart_reduced_xor_random1_sampler_island_local_warmup5_data_ro3_1000x125_strict_20260528_ro3_warmup_neighbors.payload,100,4,2,561,439,0.561000000,0.061000000,561,0.989236670,0.833927324
restart_reduced_xor_random1_sampler_island_local_warmup5_data_ro3_1000x125_strict_20260528_ro3_warmup_neighbors.payload,100,4,3,594,406,0.594000000,0.094000000,594,0.974352345,0.751465164
restart_reduced_xor_random1_sampler_island_local_warmup5_data_ro3_1000x125_strict_20260528_ro3_warmup_neighbors.payload,100,4,4,599,401,0.599000000,0.099000000,599,0.971532552,0.739372092
restart_reduced_xor_random1_sampler_island_local_warmup5_data_ro3_1000x125_strict_20260528_ro3_warmup_neighbors.payload,100,4,5,603,397,0.603000000,0.103000000,603,0.969168634,0.729770093
restart_reduced_xor_random1_sampler_island_local_warmup5_data_ro3_1000x125_strict_20260528_ro3_warmup_neighbors.payload,100,4,6,584,416,0.584000000,0.084000000,584,0.979543820,0.775959726
restart_reduced_xor_random1_sampler_island_local_warmup5_data_ro3_1000x125_strict_20260528_ro3_warmup_neighbors.payload,100,4,7,585,415,0.585000000,0.085000000,585,0.979051465,0.773491470
restart_reduced_xor_random1_sampler_island_local_warmup5_data_ro3_1000x125_strict_20260528_ro3_warmup_neighbors.payload,101,5,0,587,413,0.587000000,0.087000000,587,0.978048924,0.768567592
restart_reduced_xor_random1_sampler_island_local_warmup5_data_ro3_1000x125_strict_20260528_ro3_warmup_neighbors.payload,101,5,1,584,416,0.584000000,0.084000000,584,0.979543820,0.775959726
restart_reduced_xor_random1_sampler_island_local_warmup5_data_ro3_1000x125_strict_20260528_ro3_warmup_neighbors.payload,101,5,2,583,417,0.583000000,0.083000000,583,0.980030236,0.778432211
restart_reduced_xor_random1_sampler_island_local_warmup5_data_ro3_1000x125_strict_20260528_ro3_warmup_neighbors.payload,101,5,3,575,425,0.575000000,0.075000000,575,0.983708263,0.798366139
restart_reduced_xor_random1_sampler_island_local_warmup5_data_ro3_1000x125_strict_20260528_ro3_warmup_neighbors.payload,101,5,4,559,441,0.559000000,0.059000000,559,0.989932517,0.839079812
restart_reduced_xor_random1_sampler_island_local_warmup5_data_ro3_1000x125_strict_20260528_ro3_warmup_neighbors.payload,101,5,5,593,407,0.593000000,0.093000000,593,0.974898337,0.753895990
restart_reduced_xor_random1_sampler_island_local_warmup5_data_ro3_1000x125_strict_20260528_ro3_warmup_neighbors.payload,101,5,6,614,386,0.614000000,0.114000000,614,0.962169633,0.703689439
restart_reduced_xor_random1_sampler_island_local_warmup5_data_ro3_1000x125_strict_20260528_ro3_warmup_neighbors.payload,101,5,7,594,406,0.594000000,0.094000000,594,0.974352345,0.751465164
restart_reduced_xor_random1_sampler_island_local_warmup5_data_ro3_1000x125_strict_20260528_ro3_warmup_neighbors.payload,102,6,0,568,432,0.568000000,0.068000000,568,0.986616520,0.816037165
restart_reduced_xor_random1_sampler_island_local_warmup5_data_ro3_1000x125_strict_20260528_ro3_warmup_neighbors.payload,102,6,1,565,435,0.565000000,0.065000000,565,0.987774655,0.823677227
restart_reduced_xor_random1_sampler_island_local_warmup5_data_ro3_1000x125_strict_20260528_ro3_warmup_neighbors.payload,102,6,2,580,420,0.580000000,0.080000000,580,0.981453895,0.785875195
restart_reduced_xor_random1_sampler_island_local_warmup5_data_ro3_1000x125_strict_20260528_ro3_warmup_neighbors.payload,102,6,3,579,421,0.579000000,0.079000000,579,0.981916598,0.788364747
restart_reduced_xor_random1_sampler_island_local_warmup5_data_ro3_1000x125_strict_20260528_ro3_warmup_neighbors.payload,102,6,4,563,437,0.563000000,0.063000000,563,0.988517390,0.828793173
restart_reduced_xor_random1_sampler_island_local_warmup5_data_ro3_1000x125_strict_20260528_ro3_warmup_neighbors.payload,102,6,5,583,417,0.583000000,0.083000000,583,0.980030236,0.778432211
restart_reduced_xor_random1_sampler_island_local_warmup5_data_ro3_1000x125_strict_20260528_ro3_warmup_neighbors.payload,102,6,6,570,430,0.570000000,0.070000000,570,0.985815037,0.810966176
restart_reduced_xor_random1_sampler_island_local_warmup5_data_ro3_1000x125_strict_20260528_ro3_warmup_neighbors.payload,102,6,7,569,431,0.569000000,0.069000000,569,0.986218720,0.813499442
restart_reduced_xor_random1_sampler_island_local_warmup5_data_ro3_1000x125_strict_20260528_ro3_warmup_neighbors.payload,103,7,0,573,427,0.573000000,0.073000000,573,0.984568658,0.803392956
restart_reduced_xor_random1_sampler_island_local_warmup5_data_ro3_1000x125_strict_20260528_ro3_warmup_neighbors.payload,103,7,1,570,430,0.570000000,0.070000000,570,0.985815037,0.810966176
restart_reduced_xor_random1_sampler_island_local_warmup5_data_ro3_1000x125_strict_20260528_ro3_warmup_neighbors.payload,103,7,2,573,427,0.573000000,0.073000000,573,0.984568658,0.803392956
restart_reduced_xor_random1_sampler_island_local_warmup5_data_ro3_1000x125_strict_20260528_ro3_warmup_neighbors.payload,103,7,3,572,428,0.572000000,0.072000000,572,0.984990010,0.805912948
restart_reduced_xor_random1_sampler_island_local_warmup5_data_ro3_1000x125_strict_20260528_ro3_warmup_neighbors.payload,103,7,4,574,426,0.574000000,0.074000000,574,0.984141411,0.800877358
restart_reduced_xor_random1_sampler_island_local_warmup5_data_ro3_1000x125_strict_20260528_ro3_warmup_neighbors.payload,103,7,5,580,420,0.580000000,0.080000000,580,0.981453895,0.785875195
restart_reduced_xor_random1_sampler_island_local_warmup5_data_ro3_1000x125_strict_20260528_ro3_warmup_neighbors.payload,103,7,6,591,409,0.591000000,0.091000000,591,0.975972395,0.758769964
restart_reduced_xor_random1_sampler_island_local_warmup5_data_ro3_1000x125_strict_20260528_ro3_warmup_neighbors.payload,103,7,7,599,401,0.599000000,0.099000000,599,0.971532552,0.739372092
restart_reduced_xor_random1_sampler_island_local_warmup5_data_ro3_1000x125_strict_20260528_ro3_warmup_neighbors.payload,104,0,0,571,429,0.571000000,0.071000000,571,0.985405468,0.808437349
restart_reduced_xor_random1_sampler_island_local_warmup5_data_ro3_1000x125_strict_20260528_ro3_warmup_neighbors.payload,104,0,1,597,403,0.597000000,0.097000000,597,0.972678454,0.744197163
restart_reduced_xor_random1_sampler_island_local_warmup5_data_ro3_1000x125_strict_20260528_ro3_warmup_neighbors.payload,104,0,2,604,396,0.604000000,0.104000000,604,0.968562601,0.727379545
restart_reduced_xor_random1_sampler_island_local_warmup5_data_ro3_1000x125_strict_20260528_ro3_warmup_neighbors.payload,104,0,3,576,424,0.576000000,0.076000000,576,0.983269211,0.795859283
restart_reduced_xor_random1_sampler_island_local_warmup5_data_ro3_1000x125_strict_20260528_ro3_warmup_neighbors.payload,104,0,4,587,413,0.587000000,0.087000000,587,0.978048924,0.768567592
restart_reduced_xor_random1_sampler_island_local_warmup5_data_ro3_1000x125_strict_20260528_ro3_warmup_neighbors.payload,104,0,5,570,430,0.570000000,0.070000000,570,0.985815037,0.810966176
restart_reduced_xor_random1_sampler_island_local_warmup5_data_ro3_1000x125_strict_20260528_ro3_warmup_neighbors.payload,104,0,6,572,428,0.572000000,0.072000000,572,0.984990010,0.805912948
restart_reduced_xor_random1_sampler_island_local_warmup5_data_ro3_1000x125_strict_20260528_ro3_warmup_neighbors.payload,104,0,7,567,433,0.567000000,0.067000000,567,0.987008440,0.818579360
restart_reduced_xor_random1_sampler_island_local_warmup5_data_ro3_1000x125_strict_20260528_ro3_warmup_neighbors.payload,105,1,0,573,427,0.573000000,0.073000000,573,0.984568658,0.803392956
restart_reduced_xor_random1_sampler_island_local_warmup5_data_ro3_1000x125_strict_20260528_ro3_warmup_neighbors.payload,105,1,1,574,426,0.574000000,0.074000000,574,0.984141411,0.800877358
restart_reduced_xor_random1_sampler_island_local_warmup5_data_ro3_1000x125_strict_20260528_ro3_warmup_neighbors.payload,105,1,2,579,421,0.579000000,0.079000000,579,0.981916598,0.788364747
restart_reduced_xor_random1_sampler_island_local_warmup5_data_ro3_1000x125_strict_20260528_ro3_warmup_neighbors.payload,105,1,3,585,415,0.585000000,0.085000000,585,0.979051465,0.773491470
restart_reduced_xor_random1_sampler_island_local_warmup5_data_ro3_1000x125_strict_20260528_ro3_warmup_neighbors.payload,105,1,4,584,416,0.584000000,0.084000000,584,0.979543820,0.775959726
restart_reduced_xor_random1_sampler_island_local_warmup5_data_ro3_1000x125_strict_20260528_ro3_warmup_neighbors.payload,105,1,5,587,413,0.587000000,0.087000000,587,0.978048924,0.768567592
restart_reduced_xor_random1_sampler_island_local_warmup5_data_ro3_1000x125_strict_20260528_ro3_warmup_neighbors.payload,105,1,6,578,422,0.578000000,0.078000000,578,0.982373383,0.790858602
restart_reduced_xor_random1_sampler_island_local_warmup5_data_ro3_1000x125_strict_20260528_ro3_warmup_neighbors.payload,105,1,7,551,449,0.551000000,0.051000000,551,0.992482032,0.859875776
restart_reduced_xor_random1_sampler_island_local_warmup5_data_ro3_1000x125_strict_20260528_ro3_warmup_neighbors.payload,106,2,0,602,398,0.602000000,0.102000000,602,0.969768640,0.732164608
restart_reduced_xor_random1_sampler_island_local_warmup5_data_ro3_1000x125_strict_20260528_ro3_warmup_neighbors.payload,106,2,1,558,442,0.558000000,0.058000000,558,0.990271661,0.841662973
restart_reduced_xor_random1_sampler_island_local_warmup5_data_ro3_1000x125_strict_20260528_ro3_warmup_neighbors.payload,106,2,2,585,415,0.585000000,0.085000000,585,0.979051465,0.773491470
restart_reduced_xor_random1_sampler_island_local_warmup5_data_ro3_1000x125_strict_20260528_ro3_warmup_neighbors.payload,106,2,3,576,424,0.576000000,0.076000000,576,0.983269211,0.795859283
restart_reduced_xor_random1_sampler_island_local_warmup5_data_ro3_1000x125_strict_20260528_ro3_warmup_neighbors.payload,106,2,4,567,433,0.567000000,0.067000000,567,0.987008440,0.818579360
restart_reduced_xor_random1_sampler_island_local_warmup5_data_ro3_1000x125_strict_20260528_ro3_warmup_neighbors.payload,106,2,5,586,414,0.586000000,0.086000000,586,0.978553168,0.771027430
restart_reduced_xor_random1_sampler_island_local_warmup5_data_ro3_1000x125_strict_20260528_ro3_warmup_neighbors.payload,106,2,6,608,392,0.608000000,0.108000000,608,0.966078098,0.717856771
restart_reduced_xor_random1_sampler_island_local_warmup5_data_ro3_1000x125_strict_20260528_ro3_warmup_neighbors.payload,106,2,7,574,426,0.574000000,0.074000000,574,0.984141411,0.800877358
restart_reduced_xor_random1_sampler_island_local_warmup5_data_ro3_1000x125_strict_20260528_ro3_warmup_neighbors.payload,107,3,0,574,426,0.574000000,0.074000000,574,0.984141411,0.800877358
restart_reduced_xor_random1_sampler_island_local_warmup5_data_ro3_1000x125_strict_20260528_ro3_warmup_neighbors.payload,107,3,1,556,444,0.556000000,0.056000000,556,0.990932404,0.846843212
restart_reduced_xor_random1_sampler_island_local_warmup5_data_ro3_1000x125_strict_20260528_ro3_warmup_neighbors.payload,107,3,2,578,422,0.578000000,0.078000000,578,0.982373383,0.790858602
restart_reduced_xor_random1_sampler_island_local_warmup5_data_ro3_1000x125_strict_20260528_ro3_warmup_neighbors.payload,107,3,3,577,423,0.577000000,0.077000000,577,0.982824252,0.793356776
restart_reduced_xor_random1_sampler_island_local_warmup5_data_ro3_1000x125_strict_20260528_ro3_warmup_neighbors.payload,107,3,4,605,395,0.605000000,0.105000000,605,0.967950536,0.724992953
restart_reduced_xor_random1_sampler_island_local_warmup5_data_ro3_1000x125_strict_20260528_ro3_warmup_neighbors.payload,107,3,5,576,424,0.576000000,0.076000000,576,0.983269211,0.795859283
restart_reduced_xor_random1_sampler_island_local_warmup5_data_ro3_1000x125_strict_20260528_ro3_warmup_neighbors.payload,107,3,6,555,445,0.555000000,0.055000000,555,0.991254007,0.849440323
restart_reduced_xor_random1_sampler_island_local_warmup5_data_ro3_1000x125_strict_20260528_ro3_warmup_neighbors.payload,107,3,7,577,423,0.577000000,0.077000000,577,0.982824252,0.793356776
restart_reduced_xor_random1_sampler_island_local_warmup5_data_ro3_1000x125_strict_20260528_ro3_warmup_neighbors.payload,108,4,0,567,433,0.567000000,0.067000000,567,0.987008440,0.818579360
restart_reduced_xor_random1_sampler_island_local_warmup5_data_ro3_1000x125_strict_20260528_ro3_warmup_neighbors.payload,108,4,1,565,435,0.565000000,0.065000000,565,0.987774655,0.823677227
restart_reduced_xor_random1_sampler_island_local_warmup5_data_ro3_1000x125_strict_20260528_ro3_warmup_neighbors.payload,108,4,2,561,439,0.561000000,0.061000000,561,0.989236670,0.833927324
restart_reduced_xor_random1_sampler_island_local_warmup5_data_ro3_1000x125_strict_20260528_ro3_warmup_neighbors.payload,108,4,3,569,431,0.569000000,0.069000000,569,0.986218720,0.813499442
restart_reduced_xor_random1_sampler_island_local_warmup5_data_ro3_1000x125_strict_20260528_ro3_warmup_neighbors.payload,108,4,4,596,404,0.596000000,0.096000000,596,0.973242407,0.746615764
restart_reduced_xor_random1_sampler_island_local_warmup5_data_ro3_1000x125_strict_20260528_ro3_warmup_neighbors.payload,108,4,5,582,418,0.582000000,0.082000000,582,0.980510718,0.780908942
restart_reduced_xor_random1_sampler_island_local_warmup5_data_ro3_1000x125_strict_20260528_ro3_warmup_neighbors.payload,108,4,6,583,417,0.583000000,0.083000000,583,0.980030236,0.778432211
restart_reduced_xor_random1_sampler_island_local_warmup5_data_ro3_1000x125_strict_20260528_ro3_warmup_neighbors.payload,108,4,7,582,418,0.582000000,0.082000000,582,0.980510718,0.780908942
restart_reduced_xor_random1_sampler_island_local_warmup5_data_ro3_1000x125_strict_20260528_ro3_warmup_neighbors.payload,109,5,0,587,413,0.587000000,0.087000000,587,0.978048924,0.768567592
restart_reduced_xor_random1_sampler_island_local_warmup5_data_ro3_1000x125_strict_20260528_ro3_warmup_neighbors.payload,109,5,1,580,420,0.580000000,0.080000000,580,0.981453895,0.785875195
restart_reduced_xor_random1_sampler_island_local_warmup5_data_ro3_1000x125_strict_20260528_ro3_warmup_neighbors.payload,109,5,2,575,425,0.575000000,0.075000000,575,0.983708263,0.798366139
restart_reduced_xor_random1_sampler_island_local_warmup5_data_ro3_1000x125_strict_20260528_ro3_warmup_neighbors.payload,109,5,3,590,410,0.590000000,0.090000000,590,0.976500469,0.761213140
restart_reduced_xor_random1_sampler_island_local_warmup5_data_ro3_1000x125_strict_20260528_ro3_warmup_neighbors.payload,109,5,4,574,426,0.574000000,0.074000000,574,0.984141411,0.800877358
restart_reduced_xor_random1_sampler_island_local_warmup5_data_ro3_1000x125_strict_20260528_ro3_warmup_neighbors.payload,109,5,5,551,449,0.551000000,0.051000000,551,0.992482032,0.859875776
restart_reduced_xor_random1_sampler_island_local_warmup5_data_ro3_1000x125_strict_20260528_ro3_warmup_neighbors.payload,109,5,6,564,436,0.564000000,0.064000000,564,0.988148956,0.826232932
restart_reduced_xor_random1_sampler_island_local_warmup5_data_ro3_1000x125_strict_20260528_ro3_warmup_neighbors.payload,109,5,7,578,422,0.578000000,0.078000000,578,0.982373383,0.790858602
restart_reduced_xor_random1_sampler_island_local_warmup5_data_ro3_1000x125_strict_20260528_ro3_warmup_neighbors.payload,110,6,0,584,416,0.584000000,0.084000000,584,0.979543820,0.775959726
restart_reduced_xor_random1_sampler_island_local_warmup5_data_ro3_1000x125_strict_20260528_ro3_warmup_neighbors.payload,110,6,1,567,433,0.567000000,0.067000000,567,0.987008440,0.818579360
restart_reduced_xor_random1_sampler_island_local_warmup5_data_ro3_1000x125_strict_20260528_ro3_warmup_neighbors.payload,110,6,2,595,405,0.595000000,0.095000000,595,0.973800369,0.749038426
restart_reduced_xor_random1_sampler_island_local_warmup5_data_ro3_1000x125_strict_20260528_ro3_warmup_neighbors.payload,110,6,3,582,418,0.582000000,0.082000000,582,0.980510718,0.780908942
restart_reduced_xor_random1_sampler_island_local_warmup5_data_ro3_1000x125_strict_20260528_ro3_warmup_neighbors.payload,110,6,4,568,432,0.568000000,0.068000000,568,0.986616520,0.816037165
restart_reduced_xor_random1_sampler_island_local_warmup5_data_ro3_1000x125_strict_20260528_ro3_warmup_neighbors.payload,110,6,5,597,403,0.597000000,0.097000000,597,0.972678454,0.744197163
restart_reduced_xor_random1_sampler_island_local_warmup5_data_ro3_1000x125_strict_20260528_ro3_warmup_neighbors.payload,110,6,6,575,425,0.575000000,0.075000000,575,0.983708263,0.798366139
restart_reduced_xor_random1_sampler_island_local_warmup5_data_ro3_1000x125_strict_20260528_ro3_warmup_neighbors.payload,110,6,7,572,428,0.572000000,0.072000000,572,0.984990010,0.805912948
restart_reduced_xor_random1_sampler_island_local_warmup5_data_ro3_1000x125_strict_20260528_ro3_warmup_neighbors.payload,111,7,0,564,436,0.564000000,0.064000000,564,0.988148956,0.826232932
restart_reduced_xor_random1_sampler_island_local_warmup5_data_ro3_1000x125_strict_20260528_ro3_warmup_neighbors.payload,111,7,1,578,422,0.578000000,0.078000000,578,0.982373383,0.790858602
restart_reduced_xor_random1_sampler_island_local_warmup5_data_ro3_1000x125_strict_20260528_ro3_warmup_neighbors.payload,111,7,2,556,444,0.556000000,0.056000000,556,0.990932404,0.846843212
restart_reduced_xor_random1_sampler_island_local_warmup5_data_ro3_1000x125_strict_20260528_ro3_warmup_neighbors.payload,111,7,3,558,442,0.558000000,0.058000000,558,0.990271661,0.841662973
restart_reduced_xor_random1_sampler_island_local_warmup5_data_ro3_1000x125_strict_20260528_ro3_warmup_neighbors.payload,111,7,4,584,416,0.584000000,0.084000000,584,0.979543820,0.775959726
restart_reduced_xor_random1_sampler_island_local_warmup5_data_ro3_1000x125_strict_20260528_ro3_warmup_neighbors.payload,111,7,5,576,424,0.576000000,0.076000000,576,0.983269211,0.795859283
restart_reduced_xor_random1_sampler_island_local_warmup5_data_ro3_1000x125_strict_20260528_ro3_warmup_neighbors.payload,111,7,6,569,431,0.569000000,0.069000000,569,0.986218720,0.813499442
restart_reduced_xor_random1_sampler_island_local_warmup5_data_ro3_1000x125_strict_20260528_ro3_warmup_neighbors.payload,111,7,7,588,412,0.588000000,0.088000000,588,0.977538729,0.766111940
restart_reduced_xor_random1_sampler_island_local_warmup5_data_ro3_1000x125_strict_20260528_ro3_warmup_neighbors.payload,112,0,0,567,433,0.567000000,0.067000000,567,0.987008440,0.818579360
restart_reduced_xor_random1_sampler_island_local_warmup5_data_ro3_1000x125_strict_20260528_ro3_warmup_neighbors.payload,112,0,1,594,406,0.594000000,0.094000000,594,0.974352345,0.751465164
restart_reduced_xor_random1_sampler_island_local_warmup5_data_ro3_1000x125_strict_20260528_ro3_warmup_neighbors.payload,112,0,2,586,414,0.586000000,0.086000000,586,0.978553168,0.771027430
restart_reduced_xor_random1_sampler_island_local_warmup5_data_ro3_1000x125_strict_20260528_ro3_warmup_neighbors.payload,112,0,3,566,434,0.566000000,0.066000000,566,0.987394484,0.821126042
restart_reduced_xor_random1_sampler_island_local_warmup5_data_ro3_1000x125_strict_20260528_ro3_warmup_neighbors.payload,112,0,4,556,444,0.556000000,0.056000000,556,0.990932404,0.846843212
restart_reduced_xor_random1_sampler_island_local_warmup5_data_ro3_1000x125_strict_20260528_ro3_warmup_neighbors.payload,112,0,5,562,438,0.562000000,0.062000000,562,0.988879961,0.831357964
restart_reduced_xor_random1_sampler_island_local_warmup5_data_ro3_1000x125_strict_20260528_ro3_warmup_neighbors.payload,112,0,6,580,420,0.580000000,0.080000000,580,0.981453895,0.785875195
restart_reduced_xor_random1_sampler_island_local_warmup5_data_ro3_1000x125_strict_20260528_ro3_warmup_neighbors.payload,112,0,7,600,400,0.600000000,0.100000000,600,0.970950594,0.736965594
restart_reduced_xor_random1_sampler_island_local_warmup5_data_ro3_1000x125_strict_20260528_ro3_warmup_neighbors.payload,113,1,0,586,414,0.586000000,0.086000000,586,0.978553168,0.771027430
restart_reduced_xor_random1_sampler_island_local_warmup5_data_ro3_1000x125_strict_20260528_ro3_warmup_neighbors.payload,113,1,1,567,433,0.567000000,0.067000000,567,0.987008440,0.818579360
restart_reduced_xor_random1_sampler_island_local_warmup5_data_ro3_1000x125_strict_20260528_ro3_warmup_neighbors.payload,113,1,2,584,416,0.584000000,0.084000000,584,0.979543820,0.775959726
restart_reduced_xor_random1_sampler_island_local_warmup5_data_ro3_1000x125_strict_20260528_ro3_warmup_neighbors.payload,113,1,3,579,421,0.579000000,0.079000000,579,0.981916598,0.788364747
restart_reduced_xor_random1_sampler_island_local_warmup5_data_ro3_1000x125_strict_20260528_ro3_warmup_neighbors.payload,113,1,4,589,411,0.589000000,0.089000000,589,0.977022579,0.763660461
restart_reduced_xor_random1_sampler_island_local_warmup5_data_ro3_1000x125_strict_20260528_ro3_warmup_neighbors.payload,113,1,5,573,427,0.573000000,0.073000000,573,0.984568658,0.803392956
restart_reduced_xor_random1_sampler_island_local_warmup5_data_ro3_1000x125_strict_20260528_ro3_warmup_neighbors.payload,113,1,6,571,429,0.571000000,0.071000000,571,0.985405468,0.808437349
restart_reduced_xor_random1_sampler_island_local_warmup5_data_ro3_1000x125_strict_20260528_ro3_warmup_neighbors.payload,113,1,7,550,450,0.550000000,0.050000000,550,0.992774454,0.862496476
restart_reduced_xor_random1_sampler_island_local_warmup5_data_ro3_1000x125_strict_20260528_ro3_warmup_neighbors.payload,114,2,0,591,409,0.591000000,0.091000000,591,0.975972395,0.758769964
restart_reduced_xor_random1_sampler_island_local_warmup5_data_ro3_1000x125_strict_20260528_ro3_warmup_neighbors.payload,114,2,1,585,415,0.585000000,0.085000000,585,0.979051465,0.773491470
restart_reduced_xor_random1_sampler_island_local_warmup5_data_ro3_1000x125_strict_20260528_ro3_warmup_neighbors.payload,114,2,2,581,419,0.581000000,0.081000000,581,0.980985270,0.783389931
restart_reduced_xor_random1_sampler_island_local_warmup5_data_ro3_1000x125_strict_20260528_ro3_warmup_neighbors.payload,114,2,3,576,424,0.576000000,0.076000000,576,0.983269211,0.795859283
restart_reduced_xor_random1_sampler_island_local_warmup5_data_ro3_1000x125_strict_20260528_ro3_warmup_neighbors.payload,114,2,4,565,435,0.565000000,0.065000000,565,0.987774655,0.823677227
restart_reduced_xor_random1_sampler_island_local_warmup5_data_ro3_1000x125_strict_20260528_ro3_warmup_neighbors.payload,114,2,5,596,404,0.596000000,0.096000000,596,0.973242407,0.746615764
restart_reduced_xor_random1_sampler_island_local_warmup5_data_ro3_1000x125_strict_20260528_ro3_warmup_neighbors.payload,114,2,6,574,426,0.574000000,0.074000000,574,0.984141411,0.800877358
restart_reduced_xor_random1_sampler_island_local_warmup5_data_ro3_1000x125_strict_20260528_ro3_warmup_neighbors.payload,114,2,7,605,395,0.605000000,0.105000000,605,0.967950536,0.724992953
restart_reduced_xor_random1_sampler_island_local_warmup5_data_ro3_1000x125_strict_20260528_ro3_warmup_neighbors.payload,115,3,0,556,444,0.556000000,0.056000000,556,0.990932404,0.846843212
restart_reduced_xor_random1_sampler_island_local_warmup5_data_ro3_1000x125_strict_20260528_ro3_warmup_neighbors.payload,115,3,1,590,410,0.590000000,0.090000000,590,0.976500469,0.761213140
restart_reduced_xor_random1_sampler_island_local_warmup5_data_ro3_1000x125_strict_20260528_ro3_warmup_neighbors.payload,115,3,2,592,408,0.592000000,0.092000000,592,0.975438353,0.756330919
restart_reduced_xor_random1_sampler_island_local_warmup5_data_ro3_1000x125_strict_20260528_ro3_warmup_neighbors.payload,115,3,3,588,412,0.588000000,0.088000000,588,0.977538729,0.766111940
restart_reduced_xor_random1_sampler_island_local_warmup5_data_ro3_1000x125_strict_20260528_ro3_warmup_neighbors.payload,115,3,4,583,417,0.583000000,0.083000000,583,0.980030236,0.778432211
restart_reduced_xor_random1_sampler_island_local_warmup5_data_ro3_1000x125_strict_20260528_ro3_warmup_neighbors.payload,115,3,5,600,400,0.600000000,0.100000000,600,0.970950594,0.736965594
restart_reduced_xor_random1_sampler_island_local_warmup5_data_ro3_1000x125_strict_20260528_ro3_warmup_neighbors.payload,115,3,6,569,431,0.569000000,0.069000000,569,0.986218720,0.813499442
restart_reduced_xor_random1_sampler_island_local_warmup5_data_ro3_1000x125_strict_20260528_ro3_warmup_neighbors.payload,115,3,7,588,412,0.588000000,0.088000000,588,0.977538729,0.766111940
restart_reduced_xor_random1_sampler_island_local_warmup5_data_ro3_1000x125_strict_20260528_ro3_warmup_neighbors.payload,116,4,0,572,428,0.572000000,0.072000000,572,0.984990010,0.805912948
restart_reduced_xor_random1_sampler_island_local_warmup5_data_ro3_1000x125_strict_20260528_ro3_warmup_neighbors.payload,116,4,1,563,437,0.563000000,0.063000000,563,0.988517390,0.828793173
restart_reduced_xor_random1_sampler_island_local_warmup5_data_ro3_1000x125_strict_20260528_ro3_warmup_neighbors.payload,116,4,2,566,434,0.566000000,0.066000000,566,0.987394484,0.821126042
restart_reduced_xor_random1_sampler_island_local_warmup5_data_ro3_1000x125_strict_20260528_ro3_warmup_neighbors.payload,116,4,3,582,418,0.582000000,0.082000000,582,0.980510718,0.780908942
restart_reduced_xor_random1_sampler_island_local_warmup5_data_ro3_1000x125_strict_20260528_ro3_warmup_neighbors.payload,116,4,4,596,404,0.596000000,0.096000000,596,0.973242407,0.746615764
restart_reduced_xor_random1_sampler_island_local_warmup5_data_ro3_1000x125_strict_20260528_ro3_warmup_neighbors.payload,116,4,5,565,435,0.565000000,0.065000000,565,0.987774655,0.823677227
restart_reduced_xor_random1_sampler_island_local_warmup5_data_ro3_1000x125_strict_20260528_ro3_warmup_neighbors.payload,116,4,6,581,419,0.581000000,0.081000000,581,0.980985270,0.783389931
restart_reduced_xor_random1_sampler_island_local_warmup5_data_ro3_1000x125_strict_20260528_ro3_warmup_neighbors.payload,116,4,7,587,413,0.587000000,0.087000000,587,0.978048924,0.768567592
restart_reduced_xor_random1_sampler_island_local_warmup5_data_ro3_1000x125_strict_20260528_ro3_warmup_neighbors.payload,117,5,0,601,399,0.601000000,0.101000000,601,0.970362626,0.734563104
restart_reduced_xor_random1_sampler_island_local_warmup5_data_ro3_1000x125_strict_20260528_ro3_warmup_neighbors.payload,117,5,1,590,410,0.590000000,0.090000000,590,0.976500469,0.761213140
restart_reduced_xor_random1_sampler_island_local_warmup5_data_ro3_1000x125_strict_20260528_ro3_warmup_neighbors.payload,117,5,2,559,441,0.559000000,0.059000000,559,0.989932517,0.839079812
restart_reduced_xor_random1_sampler_island_local_warmup5_data_ro3_1000x125_strict_20260528_ro3_warmup_neighbors.payload,117,5,3,569,431,0.569000000,0.069000000,569,0.986218720,0.813499442
restart_reduced_xor_random1_sampler_island_local_warmup5_data_ro3_1000x125_strict_20260528_ro3_warmup_neighbors.payload,117,5,4,555,445,0.555000000,0.055000000,555,0.991254007,0.849440323
restart_reduced_xor_random1_sampler_island_local_warmup5_data_ro3_1000x125_strict_20260528_ro3_warmup_neighbors.payload,117,5,5,594,406,0.594000000,0.094000000,594,0.974352345,0.751465164
restart_reduced_xor_random1_sampler_island_local_warmup5_data_ro3_1000x125_strict_20260528_ro3_warmup_neighbors.payload,117,5,6,605,395,0.605000000,0.105000000,605,0.967950536,0.724992953
restart_reduced_xor_random1_sampler_island_local_warmup5_data_ro3_1000x125_strict_20260528_ro3_warmup_neighbors.payload,117,5,7,588,412,0.588000000,0.088000000,588,0.977538729,0.766111940
restart_reduced_xor_random1_sampler_island_local_warmup5_data_ro3_1000x125_strict_20260528_ro3_warmup_neighbors.payload,118,6,0,570,430,0.570000000,0.070000000,570,0.985815037,0.810966176
restart_reduced_xor_random1_sampler_island_local_warmup5_data_ro3_1000x125_strict_20260528_ro3_warmup_neighbors.payload,118,6,1,569,431,0.569000000,0.069000000,569,0.986218720,0.813499442
restart_reduced_xor_random1_sampler_island_local_warmup5_data_ro3_1000x125_strict_20260528_ro3_warmup_neighbors.payload,118,6,2,585,415,0.585000000,0.085000000,585,0.979051465,0.773491470
restart_reduced_xor_random1_sampler_island_local_warmup5_data_ro3_1000x125_strict_20260528_ro3_warmup_neighbors.payload,118,6,3,580,420,0.580000000,0.080000000,580,0.981453895,0.785875195
restart_reduced_xor_random1_sampler_island_local_warmup5_data_ro3_1000x125_strict_20260528_ro3_warmup_neighbors.payload,118,6,4,565,435,0.565000000,0.065000000,565,0.987774655,0.823677227
restart_reduced_xor_random1_sampler_island_local_warmup5_data_ro3_1000x125_strict_20260528_ro3_warmup_neighbors.payload,118,6,5,586,414,0.586000000,0.086000000,586,0.978553168,0.771027430
restart_reduced_xor_random1_sampler_island_local_warmup5_data_ro3_1000x125_strict_20260528_ro3_warmup_neighbors.payload,118,6,6,574,426,0.574000000,0.074000000,574,0.984141411,0.800877358
restart_reduced_xor_random1_sampler_island_local_warmup5_data_ro3_1000x125_strict_20260528_ro3_warmup_neighbors.payload,118,6,7,588,412,0.588000000,0.088000000,588,0.977538729,0.766111940
restart_reduced_xor_random1_sampler_island_local_warmup5_data_ro3_1000x125_strict_20260528_ro3_warmup_neighbors.payload,119,7,0,566,434,0.566000000,0.066000000,566,0.987394484,0.821126042
restart_reduced_xor_random1_sampler_island_local_warmup5_data_ro3_1000x125_strict_20260528_ro3_warmup_neighbors.payload,119,7,1,565,435,0.565000000,0.065000000,565,0.987774655,0.823677227
restart_reduced_xor_random1_sampler_island_local_warmup5_data_ro3_1000x125_strict_20260528_ro3_warmup_neighbors.payload,119,7,2,584,416,0.584000000,0.084000000,584,0.979543820,0.775959726
restart_reduced_xor_random1_sampler_island_local_warmup5_data_ro3_1000x125_strict_20260528_ro3_warmup_neighbors.payload,119,7,3,566,434,0.566000000,0.066000000,566,0.987394484,0.821126042
restart_reduced_xor_random1_sampler_island_local_warmup5_data_ro3_1000x125_strict_20260528_ro3_warmup_neighbors.payload,119,7,4,580,420,0.580000000,0.080000000,580,0.981453895,0.785875195
restart_reduced_xor_random1_sampler_island_local_warmup5_data_ro3_1000x125_strict_20260528_ro3_warmup_neighbors.payload,119,7,5,582,418,0.582000000,0.082000000,582,0.980510718,0.780908942
restart_reduced_xor_random1_sampler_island_local_warmup5_data_ro3_1000x125_strict_20260528_ro3_warmup_neighbors.payload,119,7,6,595,405,0.595000000,0.095000000,595,0.973800369,0.749038426
restart_reduced_xor_random1_sampler_island_local_warmup5_data_ro3_1000x125_strict_20260528_ro3_warmup_neighbors.payload,119,7,7,593,407,0.593000000,0.093000000,593,0.974898337,0.753895990
restart_reduced_xor_random1_sampler_island_local_warmup5_data_ro3_1000x125_strict_20260528_ro3_warmup_neighbors.payload,120,0,0,594,406,0.594000000,0.094000000,594,0.974352345,0.751465164
restart_reduced_xor_random1_sampler_island_local_warmup5_data_ro3_1000x125_strict_20260528_ro3_warmup_neighbors.payload,120,0,1,585,415,0.585000000,0.085000000,585,0.979051465,0.773491470
restart_reduced_xor_random1_sampler_island_local_warmup5_data_ro3_1000x125_strict_20260528_ro3_warmup_neighbors.payload,120,0,2,602,398,0.602000000,0.102000000,602,0.969768640,0.732164608
restart_reduced_xor_random1_sampler_island_local_warmup5_data_ro3_1000x125_strict_20260528_ro3_warmup_neighbors.payload,120,0,3,564,436,0.564000000,0.064000000,564,0.988148956,0.826232932
restart_reduced_xor_random1_sampler_island_local_warmup5_data_ro3_1000x125_strict_20260528_ro3_warmup_neighbors.payload,120,0,4,581,419,0.581000000,0.081000000,581,0.980985270,0.783389931
restart_reduced_xor_random1_sampler_island_local_warmup5_data_ro3_1000x125_strict_20260528_ro3_warmup_neighbors.payload,120,0,5,561,439,0.561000000,0.061000000,561,0.989236670,0.833927324
restart_reduced_xor_random1_sampler_island_local_warmup5_data_ro3_1000x125_strict_20260528_ro3_warmup_neighbors.payload,120,0,6,568,432,0.568000000,0.068000000,568,0.986616520,0.816037165
restart_reduced_xor_random1_sampler_island_local_warmup5_data_ro3_1000x125_strict_20260528_ro3_warmup_neighbors.payload,120,0,7,581,419,0.581000000,0.081000000,581,0.980985270,0.783389931
restart_reduced_xor_random1_sampler_island_local_warmup5_data_ro3_1000x125_strict_20260528_ro3_warmup_neighbors.payload,121,1,0,564,436,0.564000000,0.064000000,564,0.988148956,0.826232932
restart_reduced_xor_random1_sampler_island_local_warmup5_data_ro3_1000x125_strict_20260528_ro3_warmup_neighbors.payload,121,1,1,590,410,0.590000000,0.090000000,590,0.976500469,0.761213140
restart_reduced_xor_random1_sampler_island_local_warmup5_data_ro3_1000x125_strict_20260528_ro3_warmup_neighbors.payload,121,1,2,557,443,0.557000000,0.057000000,557,0.990604956,0.844250767
restart_reduced_xor_random1_sampler_island_local_warmup5_data_ro3_1000x125_strict_20260528_ro3_warmup_neighbors.payload,121,1,3,601,399,0.601000000,0.101000000,601,0.970362626,0.734563104
restart_reduced_xor_random1_sampler_island_local_warmup5_data_ro3_1000x125_strict_20260528_ro3_warmup_neighbors.payload,121,1,4,578,422,0.578000000,0.078000000,578,0.982373383,0.790858602
restart_reduced_xor_random1_sampler_island_local_warmup5_data_ro3_1000x125_strict_20260528_ro3_warmup_neighbors.payload,121,1,5,579,421,0.579000000,0.079000000,579,0.981916598,0.788364747
restart_reduced_xor_random1_sampler_island_local_warmup5_data_ro3_1000x125_strict_20260528_ro3_warmup_neighbors.payload,121,1,6,569,431,0.569000000,0.069000000,569,0.986218720,0.813499442
restart_reduced_xor_random1_sampler_island_local_warmup5_data_ro3_1000x125_strict_20260528_ro3_warmup_neighbors.payload,121,1,7,583,417,0.583000000,0.083000000,583,0.980030236,0.778432211
restart_reduced_xor_random1_sampler_island_local_warmup5_data_ro3_1000x125_strict_20260528_ro3_warmup_neighbors.payload,122,2,0,576,424,0.576000000,0.076000000,576,0.983269211,0.795859283
restart_reduced_xor_random1_sampler_island_local_warmup5_data_ro3_1000x125_strict_20260528_ro3_warmup_neighbors.payload,122,2,1,586,414,0.586000000,0.086000000,586,0.978553168,0.771027430
restart_reduced_xor_random1_sampler_island_local_warmup5_data_ro3_1000x125_strict_20260528_ro3_warmup_neighbors.payload,122,2,2,557,443,0.557000000,0.057000000,557,0.990604956,0.844250767
restart_reduced_xor_random1_sampler_island_local_warmup5_data_ro3_1000x125_strict_20260528_ro3_warmup_neighbors.payload,122,2,3,572,428,0.572000000,0.072000000,572,0.984990010,0.805912948
restart_reduced_xor_random1_sampler_island_local_warmup5_data_ro3_1000x125_strict_20260528_ro3_warmup_neighbors.payload,122,2,4,569,431,0.569000000,0.069000000,569,0.986218720,0.813499442
restart_reduced_xor_random1_sampler_island_local_warmup5_data_ro3_1000x125_strict_20260528_ro3_warmup_neighbors.payload,122,2,5,562,438,0.562000000,0.062000000,562,0.988879961,0.831357964
restart_reduced_xor_random1_sampler_island_local_warmup5_data_ro3_1000x125_strict_20260528_ro3_warmup_neighbors.payload,122,2,6,583,417,0.583000000,0.083000000,583,0.980030236,0.778432211
restart_reduced_xor_random1_sampler_island_local_warmup5_data_ro3_1000x125_strict_20260528_ro3_warmup_neighbors.payload,122,2,7,556,444,0.556000000,0.056000000,556,0.990932404,0.846843212
restart_reduced_xor_random1_sampler_island_local_warmup5_data_ro3_1000x125_strict_20260528_ro3_warmup_neighbors.payload,123,3,0,579,421,0.579000000,0.079000000,579,0.981916598,0.788364747
restart_reduced_xor_random1_sampler_island_local_warmup5_data_ro3_1000x125_strict_20260528_ro3_warmup_neighbors.payload,123,3,1,594,406,0.594000000,0.094000000,594,0.974352345,0.751465164
restart_reduced_xor_random1_sampler_island_local_warmup5_data_ro3_1000x125_strict_20260528_ro3_warmup_neighbors.payload,123,3,2,588,412,0.588000000,0.088000000,588,0.977538729,0.766111940
restart_reduced_xor_random1_sampler_island_local_warmup5_data_ro3_1000x125_strict_20260528_ro3_warmup_neighbors.payload,123,3,3,567,433,0.567000000,0.067000000,567,0.987008440,0.818579360
restart_reduced_xor_random1_sampler_island_local_warmup5_data_ro3_1000x125_strict_20260528_ro3_warmup_neighbors.payload,123,3,4,562,438,0.562000000,0.062000000,562,0.988879961,0.831357964
restart_reduced_xor_random1_sampler_island_local_warmup5_data_ro3_1000x125_strict_20260528_ro3_warmup_neighbors.payload,123,3,5,570,430,0.570000000,0.070000000,570,0.985815037,0.810966176
restart_reduced_xor_random1_sampler_island_local_warmup5_data_ro3_1000x125_strict_20260528_ro3_warmup_neighbors.payload,123,3,6,593,407,0.593000000,0.093000000,593,0.974898337,0.753895990
restart_reduced_xor_random1_sampler_island_local_warmup5_data_ro3_1000x125_strict_20260528_ro3_warmup_neighbors.payload,123,3,7,546,454,0.546000000,0.046000000,546,0.993885872,0.873027144
restart_reduced_xor_random1_sampler_island_local_warmup5_data_ro3_1000x125_strict_20260528_ro3_warmup_neighbors.payload,124,4,0,606,394,0.606000000,0.106000000,606,0.967332434,0.722610301
restart_reduced_xor_random1_sampler_island_local_warmup5_data_ro3_1000x125_strict_20260528_ro3_warmup_neighbors.payload,124,4,1,563,437,0.563000000,0.063000000,563,0.988517390,0.828793173
restart_reduced_xor_random1_sampler_island_local_warmup5_data_ro3_1000x125_strict_20260528_ro3_warmup_neighbors.payload,124,4,2,577,423,0.577000000,0.077000000,577,0.982824252,0.793356776
restart_reduced_xor_random1_sampler_island_local_warmup5_data_ro3_1000x125_strict_20260528_ro3_warmup_neighbors.payload,124,4,3,589,411,0.589000000,0.089000000,589,0.977022579,0.763660461
restart_reduced_xor_random1_sampler_island_local_warmup5_data_ro3_1000x125_strict_20260528_ro3_warmup_neighbors.payload,124,4,4,608,392,0.608000000,0.108000000,608,0.966078098,0.717856771
restart_reduced_xor_random1_sampler_island_local_warmup5_data_ro3_1000x125_strict_20260528_ro3_warmup_neighbors.payload,124,4,5,571,429,0.571000000,0.071000000,571,0.985405468,0.808437349
restart_reduced_xor_random1_sampler_island_local_warmup5_data_ro3_1000x125_strict_20260528_ro3_warmup_neighbors.payload,124,4,6,554,446,0.554000000,0.054000000,554,0.991569769,0.852042119
restart_reduced_xor_random1_sampler_island_local_warmup5_data_ro3_1000x125_strict_20260528_ro3_warmup_neighbors.payload,124,4,7,573,427,0.573000000,0.073000000,573,0.984568658,0.803392956
restart_reduced_xor_random1_sampler_island_local_warmup5_except_data_ro3_1000x125_strict_20260528_ro3_warmup_neighbors.payload,0,0,0,527,473,0.527000000,0.027000000,527,0.997895527,0.924125133
restart_reduced_xor_random1_sampler_island_local_warmup5_except_data_ro3_1000x125_strict_20260528_ro3_warmup_neighbors.payload,0,0,1,514,486,0.514000000,0.014000000,514,0.999434390,0.960159735
restart_reduced_xor_random1_sampler_island_local_warmup5_except_data_ro3_1000x125_strict_20260528_ro3_warmup_neighbors.payload,0,0,2,503,497,0.503000000,0.003000000,503,0.999974031,0.991369695
restart_reduced_xor_random1_sampler_island_local_warmup5_except_data_ro3_1000x125_strict_20260528_ro3_warmup_neighbors.payload,0,0,3,493,507,0.493000000,0.007000000,507,0.999858611,0.979942348
restart_reduced_xor_random1_sampler_island_local_warmup5_except_data_ro3_1000x125_strict_20260528_ro3_warmup_neighbors.payload,0,0,4,481,519,0.481000000,0.019000000,519,0.998958123,0.946193556
restart_reduced_xor_random1_sampler_island_local_warmup5_except_data_ro3_1000x125_strict_20260528_ro3_warmup_neighbors.payload,0,0,5,507,493,0.507000000,0.007000000,507,0.999858611,0.979942348
restart_reduced_xor_random1_sampler_island_local_warmup5_except_data_ro3_1000x125_strict_20260528_ro3_warmup_neighbors.payload,0,0,6,521,479,0.521000000,0.021000000,521,0.998727169,0.940644722
restart_reduced_xor_random1_sampler_island_local_warmup5_except_data_ro3_1000x125_strict_20260528_ro3_warmup_neighbors.payload,0,0,7,498,502,0.498000000,0.002000000,502,0.999988458,0.994240731
restart_reduced_xor_random1_sampler_island_local_warmup5_except_data_ro3_1000x125_strict_20260528_ro3_warmup_neighbors.payload,1,1,0,516,484,0.516000000,0.016000000,516,0.999261214,0.954557029
restart_reduced_xor_random1_sampler_island_local_warmup5_except_data_ro3_1000x125_strict_20260528_ro3_warmup_neighbors.payload,1,1,1,512,488,0.512000000,0.012000000,512,0.999584464,0.965784285
restart_reduced_xor_random1_sampler_island_local_warmup5_except_data_ro3_1000x125_strict_20260528_ro3_warmup_neighbors.payload,1,1,2,492,508,0.492000000,0.008000000,508,0.999815327,0.977099598
restart_reduced_xor_random1_sampler_island_local_warmup5_except_data_ro3_1000x125_strict_20260528_ro3_warmup_neighbors.payload,1,1,3,498,502,0.498000000,0.002000000,502,0.999988458,0.994240731
restart_reduced_xor_random1_sampler_island_local_warmup5_except_data_ro3_1000x125_strict_20260528_ro3_warmup_neighbors.payload,1,1,4,484,516,0.484000000,0.016000000,516,0.999261214,0.954557029
restart_reduced_xor_random1_sampler_island_local_warmup5_except_data_ro3_1000x125_strict_20260528_ro3_warmup_neighbors.payload,1,1,5,486,514,0.486000000,0.014000000,514,0.999434390,0.960159735
restart_reduced_xor_random1_sampler_island_local_warmup5_except_data_ro3_1000x125_strict_20260528_ro3_warmup_neighbors.payload,1,1,6,491,509,0.491000000,0.009000000,509,0.999766271,0.974262439
restart_reduced_xor_random1_sampler_island_local_warmup5_except_data_ro3_1000x125_strict_20260528_ro3_warmup_neighbors.payload,1,1,7,482,518,0.482000000,0.018000000,518,0.999064932,0.948975997
restart_reduced_xor_random1_sampler_island_local_warmup5_except_data_ro3_1000x125_strict_20260528_ro3_warmup_neighbors.payload,2,2,0,496,504,0.496000000,0.004000000,504,0.999953833,0.988504361
restart_reduced_xor_random1_sampler_island_local_warmup5_except_data_ro3_1000x125_strict_20260528_ro3_warmup_neighbors.payload,2,2,1,497,503,0.497000000,0.003000000,503,0.999974031,0.991369695
restart_reduced_xor_random1_sampler_island_local_warmup5_except_data_ro3_1000x125_strict_20260528_ro3_warmup_neighbors.payload,2,2,2,533,467,0.533000000,0.033000000,533,0.996855525,0.907792562
restart_reduced_xor_random1_sampler_island_local_warmup5_except_data_ro3_1000x125_strict_20260528_ro3_warmup_neighbors.payload,2,2,3,502,498,0.502000000,0.002000000,502,0.999988458,0.994240731
restart_reduced_xor_random1_sampler_island_local_warmup5_except_data_ro3_1000x125_strict_20260528_ro3_warmup_neighbors.payload,2,2,4,476,524,0.476000000,0.024000000,524,0.998337377,0.932361283
restart_reduced_xor_random1_sampler_island_local_warmup5_except_data_ro3_1000x125_strict_20260528_ro3_warmup_neighbors.payload,2,2,5,485,515,0.485000000,0.015000000,515,0.999350690,0.957355663
restart_reduced_xor_random1_sampler_island_local_warmup5_except_data_ro3_1000x125_strict_20260528_ro3_warmup_neighbors.payload,2,2,6,508,492,0.508000000,0.008000000,508,0.999815327,0.977099598
restart_reduced_xor_random1_sampler_island_local_warmup5_except_data_ro3_1000x125_strict_20260528_ro3_warmup_neighbors.payload,2,2,7,491,509,0.491000000,0.009000000,509,0.999766271,0.974262439
restart_reduced_xor_random1_sampler_island_local_warmup5_except_data_ro3_1000x125_strict_20260528_ro3_warmup_neighbors.payload,3,3,0,491,509,0.491000000,0.009000000,509,0.999766271,0.974262439
restart_reduced_xor_random1_sampler_island_local_warmup5_except_data_ro3_1000x125_strict_20260528_ro3_warmup_neighbors.payload,3,3,1,512,488,0.512000000,0.012000000,512,0.999584464,0.965784285
restart_reduced_xor_random1_sampler_island_local_warmup5_except_data_ro3_1000x125_strict_20260528_ro3_warmup_neighbors.payload,3,3,2,495,505,0.495000000,0.005000000,505,0.999927864,0.985644707
restart_reduced_xor_random1_sampler_island_local_warmup5_except_data_ro3_1000x125_strict_20260528_ro3_warmup_neighbors.payload,3,3,3,518,482,0.518000000,0.018000000,518,0.999064932,0.948975997
restart_reduced_xor_random1_sampler_island_local_warmup5_except_data_ro3_1000x125_strict_20260528_ro3_warmup_neighbors.payload,3,3,4,479,521,0.479000000,0.021000000,521,0.998727169,0.940644722
restart_reduced_xor_random1_sampler_island_local_warmup5_except_data_ro3_1000x125_strict_20260528_ro3_warmup_neighbors.payload,3,3,5,515,485,0.515000000,0.015000000,515,0.999350690,0.957355663
restart_reduced_xor_random1_sampler_island_local_warmup5_except_data_ro3_1000x125_strict_20260528_ro3_warmup_neighbors.payload,3,3,6,495,505,0.495000000,0.005000000,505,0.999927864,0.985644707
restart_reduced_xor_random1_sampler_island_local_warmup5_except_data_ro3_1000x125_strict_20260528_ro3_warmup_neighbors.payload,3,3,7,479,521,0.479000000,0.021000000,521,0.998727169,0.940644722
restart_reduced_xor_random1_sampler_island_local_warmup5_except_data_ro3_1000x125_strict_20260528_ro3_warmup_neighbors.payload,4,4,0,457,543,0.457000000,0.043000000,543,0.994658318,0.880975897
restart_reduced_xor_random1_sampler_island_local_warmup5_except_data_ro3_1000x125_strict_20260528_ro3_warmup_neighbors.payload,4,4,1,534,466,0.534000000,0.034000000,534,0.996661914,0.905088353
restart_reduced_xor_random1_sampler_island_local_warmup5_except_data_ro3_1000x125_strict_20260528_ro3_warmup_neighbors.payload,4,4,2,523,477,0.523000000,0.023000000,523,0.998473090,0.935117148
restart_reduced_xor_random1_sampler_island_local_warmup5_except_data_ro3_1000x125_strict_20260528_ro3_warmup_neighbors.payload,4,4,3,515,485,0.515000000,0.015000000,515,0.999350690,0.957355663
restart_reduced_xor_random1_sampler_island_local_warmup5_except_data_ro3_1000x125_strict_20260528_ro3_warmup_neighbors.payload,4,4,4,504,496,0.504000000,0.004000000,504,0.999953833,0.988504361
restart_reduced_xor_random1_sampler_island_local_warmup5_except_data_ro3_1000x125_strict_20260528_ro3_warmup_neighbors.payload,4,4,5,536,464,0.536000000,0.036000000,536,0.996257297,0.899695094
restart_reduced_xor_random1_sampler_island_local_warmup5_except_data_ro3_1000x125_strict_20260528_ro3_warmup_neighbors.payload,4,4,6,517,483,0.517000000,0.017000000,517,0.999165962,0.951763814
restart_reduced_xor_random1_sampler_island_local_warmup5_except_data_ro3_1000x125_strict_20260528_ro3_warmup_neighbors.payload,4,4,7,509,491,0.509000000,0.009000000,509,0.999766271,0.974262439
restart_reduced_xor_random1_sampler_island_local_warmup5_except_data_ro3_1000x125_strict_20260528_ro3_warmup_neighbors.payload,5,5,0,554,446,0.554000000,0.054000000,554,0.991569769,0.852042119
restart_reduced_xor_random1_sampler_island_local_warmup5_except_data_ro3_1000x125_strict_20260528_ro3_warmup_neighbors.payload,5,5,1,490,510,0.490000000,0.010000000,510,0.999711442,0.971430848
restart_reduced_xor_random1_sampler_island_local_warmup5_except_data_ro3_1000x125_strict_20260528_ro3_warmup_neighbors.payload,5,5,2,481,519,0.481000000,0.019000000,519,0.998958123,0.946193556
restart_reduced_xor_random1_sampler_island_local_warmup5_except_data_ro3_1000x125_strict_20260528_ro3_warmup_neighbors.payload,5,5,3,507,493,0.507000000,0.007000000,507,0.999858611,0.979942348
restart_reduced_xor_random1_sampler_island_local_warmup5_except_data_ro3_1000x125_strict_20260528_ro3_warmup_neighbors.payload,5,5,4,511,489,0.511000000,0.011000000,511,0.999650840,0.968604804
restart_reduced_xor_random1_sampler_island_local_warmup5_except_data_ro3_1000x125_strict_20260528_ro3_warmup_neighbors.payload,5,5,5,550,450,0.550000000,0.050000000,550,0.992774454,0.862496476
restart_reduced_xor_random1_sampler_island_local_warmup5_except_data_ro3_1000x125_strict_20260528_ro3_warmup_neighbors.payload,5,5,6,494,506,0.494000000,0.006000000,506,0.999896123,0.982790710
restart_reduced_xor_random1_sampler_island_local_warmup5_except_data_ro3_1000x125_strict_20260528_ro3_warmup_neighbors.payload,5,5,7,495,505,0.495000000,0.005000000,505,0.999927864,0.985644707
restart_reduced_xor_random1_sampler_island_local_warmup5_except_data_ro3_1000x125_strict_20260528_ro3_warmup_neighbors.payload,6,6,0,501,499,0.501000000,0.001000000,501,0.999997115,0.997117491
restart_reduced_xor_random1_sampler_island_local_warmup5_except_data_ro3_1000x125_strict_20260528_ro3_warmup_neighbors.payload,6,6,1,474,526,0.474000000,0.026000000,526,0.998048596,0.926865295
restart_reduced_xor_random1_sampler_island_local_warmup5_except_data_ro3_1000x125_strict_20260528_ro3_warmup_neighbors.payload,6,6,2,494,506,0.494000000,0.006000000,506,0.999896123,0.982790710
restart_reduced_xor_random1_sampler_island_local_warmup5_except_data_ro3_1000x125_strict_20260528_ro3_warmup_neighbors.payload,6,6,3,535,465,0.535000000,0.035000000,535,0.996462505,0.902389203
restart_reduced_xor_random1_sampler_island_local_warmup5_except_data_ro3_1000x125_strict_20260528_ro3_warmup_neighbors.payload,6,6,4,495,505,0.495000000,0.005000000,505,0.999927864,0.985644707
restart_reduced_xor_random1_sampler_island_local_warmup5_except_data_ro3_1000x125_strict_20260528_ro3_warmup_neighbors.payload,6,6,5,504,496,0.504000000,0.004000000,504,0.999953833,0.988504361
restart_reduced_xor_random1_sampler_island_local_warmup5_except_data_ro3_1000x125_strict_20260528_ro3_warmup_neighbors.payload,6,6,6,507,493,0.507000000,0.007000000,507,0.999858611,0.979942348
restart_reduced_xor_random1_sampler_island_local_warmup5_except_data_ro3_1000x125_strict_20260528_ro3_warmup_neighbors.payload,6,6,7,504,496,0.504000000,0.004000000,504,0.999953833,0.988504361
restart_reduced_xor_random1_sampler_island_local_warmup5_except_data_ro3_1000x125_strict_20260528_ro3_warmup_neighbors.payload,7,7,0,493,507,0.493000000,0.007000000,507,0.999858611,0.979942348
restart_reduced_xor_random1_sampler_island_local_warmup5_except_data_ro3_1000x125_strict_20260528_ro3_warmup_neighbors.payload,7,7,1,520,480,0.520000000,0.020000000,520,0.998845536,0.943416472
restart_reduced_xor_random1_sampler_island_local_warmup5_except_data_ro3_1000x125_strict_20260528_ro3_warmup_neighbors.payload,7,7,2,503,497,0.503000000,0.003000000,503,0.999974031,0.991369695
restart_reduced_xor_random1_sampler_island_local_warmup5_except_data_ro3_1000x125_strict_20260528_ro3_warmup_neighbors.payload,7,7,3,534,466,0.534000000,0.034000000,534,0.996661914,0.905088353
restart_reduced_xor_random1_sampler_island_local_warmup5_except_data_ro3_1000x125_strict_20260528_ro3_warmup_neighbors.payload,7,7,4,486,514,0.486000000,0.014000000,514,0.999434390,0.960159735
restart_reduced_xor_random1_sampler_island_local_warmup5_except_data_ro3_1000x125_strict_20260528_ro3_warmup_neighbors.payload,7,7,5,509,491,0.509000000,0.009000000,509,0.999766271,0.974262439
restart_reduced_xor_random1_sampler_island_local_warmup5_except_data_ro3_1000x125_strict_20260528_ro3_warmup_neighbors.payload,7,7,6,527,473,0.527000000,0.027000000,527,0.997895527,0.924125133
restart_reduced_xor_random1_sampler_island_local_warmup5_except_data_ro3_1000x125_strict_20260528_ro3_warmup_neighbors.payload,7,7,7,505,495,0.505000000,0.005000000,505,0.999927864,0.985644707
restart_reduced_xor_random1_sampler_island_local_warmup5_except_data_ro3_1000x125_strict_20260528_ro3_warmup_neighbors.payload,8,0,0,521,479,0.521000000,0.021000000,521,0.998727169,0.940644722
restart_reduced_xor_random1_sampler_island_local_warmup5_except_data_ro3_1000x125_strict_20260528_ro3_warmup_neighbors.payload,8,0,1,506,494,0.506000000,0.006000000,506,0.999896123,0.982790710
restart_reduced_xor_random1_sampler_island_local_warmup5_except_data_ro3_1000x125_strict_20260528_ro3_warmup_neighbors.payload,8,0,2,484,516,0.484000000,0.016000000,516,0.999261214,0.954557029
restart_reduced_xor_random1_sampler_island_local_warmup5_except_data_ro3_1000x125_strict_20260528_ro3_warmup_neighbors.payload,8,0,3,531,469,0.531000000,0.031000000,531,0.997225361,0.913216234
restart_reduced_xor_random1_sampler_island_local_warmup5_except_data_ro3_1000x125_strict_20260528_ro3_warmup_neighbors.payload,8,0,4,495,505,0.495000000,0.005000000,505,0.999927864,0.985644707
restart_reduced_xor_random1_sampler_island_local_warmup5_except_data_ro3_1000x125_strict_20260528_ro3_warmup_neighbors.payload,8,0,5,490,510,0.490000000,0.010000000,510,0.999711442,0.971430848
restart_reduced_xor_random1_sampler_island_local_warmup5_except_data_ro3_1000x125_strict_20260528_ro3_warmup_neighbors.payload,8,0,6,505,495,0.505000000,0.005000000,505,0.999927864,0.985644707
restart_reduced_xor_random1_sampler_island_local_warmup5_except_data_ro3_1000x125_strict_20260528_ro3_warmup_neighbors.payload,8,0,7,513,487,0.513000000,0.013000000,513,0.999512314,0.962969269
restart_reduced_xor_random1_sampler_island_local_warmup5_except_data_ro3_1000x125_strict_20260528_ro3_warmup_neighbors.payload,9,1,0,495,505,0.495000000,0.005000000,505,0.999927864,0.985644707
restart_reduced_xor_random1_sampler_island_local_warmup5_except_data_ro3_1000x125_strict_20260528_ro3_warmup_neighbors.payload,9,1,1,471,529,0.471000000,0.029000000,529,0.997572025,0.918660373
restart_reduced_xor_random1_sampler_island_local_warmup5_except_data_ro3_1000x125_strict_20260528_ro3_warmup_neighbors.payload,9,1,2,483,517,0.483000000,0.017000000,517,0.999165962,0.951763814
restart_reduced_xor_random1_sampler_island_local_warmup5_except_data_ro3_1000x125_strict_20260528_ro3_warmup_neighbors.payload,9,1,3,514,486,0.514000000,0.014000000,514,0.999434390,0.960159735
restart_reduced_xor_random1_sampler_island_local_warmup5_except_data_ro3_1000x125_strict_20260528_ro3_warmup_neighbors.payload,9,1,4,505,495,0.505000000,0.005000000,505,0.999927864,0.985644707
restart_reduced_xor_random1_sampler_island_local_warmup5_except_data_ro3_1000x125_strict_20260528_ro3_warmup_neighbors.payload,9,1,5,508,492,0.508000000,0.008000000,508,0.999815327,0.977099598
restart_reduced_xor_random1_sampler_island_local_warmup5_except_data_ro3_1000x125_strict_20260528_ro3_warmup_neighbors.payload,9,1,6,478,522,0.478000000,0.022000000,522,0.998603020,0.937878288
restart_reduced_xor_random1_sampler_island_local_warmup5_except_data_ro3_1000x125_strict_20260528_ro3_warmup_neighbors.payload,9,1,7,515,485,0.515000000,0.015000000,515,0.999350690,0.957355663
restart_reduced_xor_random1_sampler_island_local_warmup5_except_data_ro3_1000x125_strict_20260528_ro3_warmup_neighbors.payload,10,2,0,507,493,0.507000000,0.007000000,507,0.999858611,0.979942348
restart_reduced_xor_random1_sampler_island_local_warmup5_except_data_ro3_1000x125_strict_20260528_ro3_warmup_neighbors.payload,10,2,1,514,486,0.514000000,0.014000000,514,0.999434390,0.960159735
restart_reduced_xor_random1_sampler_island_local_warmup5_except_data_ro3_1000x125_strict_20260528_ro3_warmup_neighbors.payload,10,2,2,490,510,0.490000000,0.010000000,510,0.999711442,0.971430848
restart_reduced_xor_random1_sampler_island_local_warmup5_except_data_ro3_1000x125_strict_20260528_ro3_warmup_neighbors.payload,10,2,3,501,499,0.501000000,0.001000000,501,0.999997115,0.997117491
restart_reduced_xor_random1_sampler_island_local_warmup5_except_data_ro3_1000x125_strict_20260528_ro3_warmup_neighbors.payload,10,2,4,502,498,0.502000000,0.002000000,502,0.999988458,0.994240731
restart_reduced_xor_random1_sampler_island_local_warmup5_except_data_ro3_1000x125_strict_20260528_ro3_warmup_neighbors.payload,10,2,5,502,498,0.502000000,0.002000000,502,0.999988458,0.994240731
restart_reduced_xor_random1_sampler_island_local_warmup5_except_data_ro3_1000x125_strict_20260528_ro3_warmup_neighbors.payload,10,2,6,500,500,0.500000000,0.000000000,500,1.000000000,1.000000000
restart_reduced_xor_random1_sampler_island_local_warmup5_except_data_ro3_1000x125_strict_20260528_ro3_warmup_neighbors.payload,10,2,7,481,519,0.481000000,0.019000000,519,0.998958123,0.946193556
restart_reduced_xor_random1_sampler_island_local_warmup5_except_data_ro3_1000x125_strict_20260528_ro3_warmup_neighbors.payload,11,3,0,505,495,0.505000000,0.005000000,505,0.999927864,0.985644707
restart_reduced_xor_random1_sampler_island_local_warmup5_except_data_ro3_1000x125_strict_20260528_ro3_warmup_neighbors.payload,11,3,1,491,509,0.491000000,0.009000000,509,0.999766271,0.974262439
restart_reduced_xor_random1_sampler_island_local_warmup5_except_data_ro3_1000x125_strict_20260528_ro3_warmup_neighbors.payload,11,3,2,507,493,0.507000000,0.007000000,507,0.999858611,0.979942348
restart_reduced_xor_random1_sampler_island_local_warmup5_except_data_ro3_1000x125_strict_20260528_ro3_warmup_neighbors.payload,11,3,3,533,467,0.533000000,0.033000000,533,0.996855525,0.907792562
restart_reduced_xor_random1_sampler_island_local_warmup5_except_data_ro3_1000x125_strict_20260528_ro3_warmup_neighbors.payload,11,3,4,520,480,0.520000000,0.020000000,520,0.998845536,0.943416472
restart_reduced_xor_random1_sampler_island_local_warmup5_except_data_ro3_1000x125_strict_20260528_ro3_warmup_neighbors.payload,11,3,5,501,499,0.501000000,0.001000000,501,0.999997115,0.997117491
restart_reduced_xor_random1_sampler_island_local_warmup5_except_data_ro3_1000x125_strict_20260528_ro3_warmup_neighbors.payload,11,3,6,503,497,0.503000000,0.003000000,503,0.999974031,0.991369695
restart_reduced_xor_random1_sampler_island_local_warmup5_except_data_ro3_1000x125_strict_20260528_ro3_warmup_neighbors.payload,11,3,7,496,504,0.496000000,0.004000000,504,0.999953833,0.988504361
restart_reduced_xor_random1_sampler_island_local_warmup5_except_data_ro3_1000x125_strict_20260528_ro3_warmup_neighbors.payload,12,4,0,509,491,0.509000000,0.009000000,509,0.999766271,0.974262439
restart_reduced_xor_random1_sampler_island_local_warmup5_except_data_ro3_1000x125_strict_20260528_ro3_warmup_neighbors.payload,12,4,1,488,512,0.488000000,0.012000000,512,0.999584464,0.965784285
restart_reduced_xor_random1_sampler_island_local_warmup5_except_data_ro3_1000x125_strict_20260528_ro3_warmup_neighbors.payload,12,4,2,492,508,0.492000000,0.008000000,508,0.999815327,0.977099598
restart_reduced_xor_random1_sampler_island_local_warmup5_except_data_ro3_1000x125_strict_20260528_ro3_warmup_neighbors.payload,12,4,3,500,500,0.500000000,0.000000000,500,1.000000000,1.000000000
restart_reduced_xor_random1_sampler_island_local_warmup5_except_data_ro3_1000x125_strict_20260528_ro3_warmup_neighbors.payload,12,4,4,501,499,0.501000000,0.001000000,501,0.999997115,0.997117491
restart_reduced_xor_random1_sampler_island_local_warmup5_except_data_ro3_1000x125_strict_20260528_ro3_warmup_neighbors.payload,12,4,5,484,516,0.484000000,0.016000000,516,0.999261214,0.954557029
restart_reduced_xor_random1_sampler_island_local_warmup5_except_data_ro3_1000x125_strict_20260528_ro3_warmup_neighbors.payload,12,4,6,534,466,0.534000000,0.034000000,534,0.996661914,0.905088353
restart_reduced_xor_random1_sampler_island_local_warmup5_except_data_ro3_1000x125_strict_20260528_ro3_warmup_neighbors.payload,12,4,7,509,491,0.509000000,0.009000000,509,0.999766271,0.974262439
restart_reduced_xor_random1_sampler_island_local_warmup5_except_data_ro3_1000x125_strict_20260528_ro3_warmup_neighbors.payload,13,5,0,493,507,0.493000000,0.007000000,507,0.999858611,0.979942348
restart_reduced_xor_random1_sampler_island_local_warmup5_except_data_ro3_1000x125_strict_20260528_ro3_warmup_neighbors.payload,13,5,1,516,484,0.516000000,0.016000000,516,0.999261214,0.954557029
restart_reduced_xor_random1_sampler_island_local_warmup5_except_data_ro3_1000x125_strict_20260528_ro3_warmup_neighbors.payload,13,5,2,503,497,0.503000000,0.003000000,503,0.999974031,0.991369695
restart_reduced_xor_random1_sampler_island_local_warmup5_except_data_ro3_1000x125_strict_20260528_ro3_warmup_neighbors.payload,13,5,3,527,473,0.527000000,0.027000000,527,0.997895527,0.924125133
restart_reduced_xor_random1_sampler_island_local_warmup5_except_data_ro3_1000x125_strict_20260528_ro3_warmup_neighbors.payload,13,5,4,495,505,0.495000000,0.005000000,505,0.999927864,0.985644707
restart_reduced_xor_random1_sampler_island_local_warmup5_except_data_ro3_1000x125_strict_20260528_ro3_warmup_neighbors.payload,13,5,5,517,483,0.517000000,0.017000000,517,0.999165962,0.951763814
restart_reduced_xor_random1_sampler_island_local_warmup5_except_data_ro3_1000x125_strict_20260528_ro3_warmup_neighbors.payload,13,5,6,499,501,0.499000000,0.001000000,501,0.999997115,0.997117491
restart_reduced_xor_random1_sampler_island_local_warmup5_except_data_ro3_1000x125_strict_20260528_ro3_warmup_neighbors.payload,13,5,7,486,514,0.486000000,0.014000000,514,0.999434390,0.960159735
restart_reduced_xor_random1_sampler_island_local_warmup5_except_data_ro3_1000x125_strict_20260528_ro3_warmup_neighbors.payload,14,6,0,482,518,0.482000000,0.018000000,518,0.999064932,0.948975997
restart_reduced_xor_random1_sampler_island_local_warmup5_except_data_ro3_1000x125_strict_20260528_ro3_warmup_neighbors.payload,14,6,1,482,518,0.482000000,0.018000000,518,0.999064932,0.948975997
restart_reduced_xor_random1_sampler_island_local_warmup5_except_data_ro3_1000x125_strict_20260528_ro3_warmup_neighbors.payload,14,6,2,484,516,0.484000000,0.016000000,516,0.999261214,0.954557029
restart_reduced_xor_random1_sampler_island_local_warmup5_except_data_ro3_1000x125_strict_20260528_ro3_warmup_neighbors.payload,14,6,3,516,484,0.516000000,0.016000000,516,0.999261214,0.954557029
restart_reduced_xor_random1_sampler_island_local_warmup5_except_data_ro3_1000x125_strict_20260528_ro3_warmup_neighbors.payload,14,6,4,524,476,0.524000000,0.024000000,524,0.998337377,0.932361283
restart_reduced_xor_random1_sampler_island_local_warmup5_except_data_ro3_1000x125_strict_20260528_ro3_warmup_neighbors.payload,14,6,5,482,518,0.482000000,0.018000000,518,0.999064932,0.948975997
restart_reduced_xor_random1_sampler_island_local_warmup5_except_data_ro3_1000x125_strict_20260528_ro3_warmup_neighbors.payload,14,6,6,509,491,0.509000000,0.009000000,509,0.999766271,0.974262439
restart_reduced_xor_random1_sampler_island_local_warmup5_except_data_ro3_1000x125_strict_20260528_ro3_warmup_neighbors.payload,14,6,7,495,505,0.495000000,0.005000000,505,0.999927864,0.985644707
restart_reduced_xor_random1_sampler_island_local_warmup5_except_data_ro3_1000x125_strict_20260528_ro3_warmup_neighbors.payload,15,7,0,475,525,0.475000000,0.025000000,525,0.998195879,0.929610672
restart_reduced_xor_random1_sampler_island_local_warmup5_except_data_ro3_1000x125_strict_20260528_ro3_warmup_neighbors.payload,15,7,1,508,492,0.508000000,0.008000000,508,0.999815327,0.977099598
restart_reduced_xor_random1_sampler_island_local_warmup5_except_data_ro3_1000x125_strict_20260528_ro3_warmup_neighbors.payload,15,7,2,488,512,0.488000000,0.012000000,512,0.999584464,0.965784285
restart_reduced_xor_random1_sampler_island_local_warmup5_except_data_ro3_1000x125_strict_20260528_ro3_warmup_neighbors.payload,15,7,3,522,478,0.522000000,0.022000000,522,0.998603020,0.937878288
restart_reduced_xor_random1_sampler_island_local_warmup5_except_data_ro3_1000x125_strict_20260528_ro3_warmup_neighbors.payload,15,7,4,481,519,0.481000000,0.019000000,519,0.998958123,0.946193556
restart_reduced_xor_random1_sampler_island_local_warmup5_except_data_ro3_1000x125_strict_20260528_ro3_warmup_neighbors.payload,15,7,5,516,484,0.516000000,0.016000000,516,0.999261214,0.954557029
restart_reduced_xor_random1_sampler_island_local_warmup5_except_data_ro3_1000x125_strict_20260528_ro3_warmup_neighbors.payload,15,7,6,509,491,0.509000000,0.009000000,509,0.999766271,0.974262439
restart_reduced_xor_random1_sampler_island_local_warmup5_except_data_ro3_1000x125_strict_20260528_ro3_warmup_neighbors.payload,15,7,7,508,492,0.508000000,0.008000000,508,0.999815327,0.977099598
restart_reduced_xor_random1_sampler_island_local_warmup5_except_data_ro3_1000x125_strict_20260528_ro3_warmup_neighbors.payload,16,0,0,532,468,0.532000000,0.032000000,532,0.997043340,0.910501849
restart_reduced_xor_random1_sampler_island_local_warmup5_except_data_ro3_1000x125_strict_20260528_ro3_warmup_neighbors.payload,16,0,1,524,476,0.524000000,0.024000000,524,0.998337377,0.932361283
restart_reduced_xor_random1_sampler_island_local_warmup5_except_data_ro3_1000x125_strict_20260528_ro3_warmup_neighbors.payload,16,0,2,473,527,0.473000000,0.027000000,527,0.997895527,0.924125133
restart_reduced_xor_random1_sampler_island_local_warmup5_except_data_ro3_1000x125_strict_20260528_ro3_warmup_neighbors.payload,16,0,3,516,484,0.516000000,0.016000000,516,0.999261214,0.954557029
restart_reduced_xor_random1_sampler_island_local_warmup5_except_data_ro3_1000x125_strict_20260528_ro3_warmup_neighbors.payload,16,0,4,538,462,0.538000000,0.038000000,538,0.995829476,0.894321922
restart_reduced_xor_random1_sampler_island_local_warmup5_except_data_ro3_1000x125_strict_20260528_ro3_warmup_neighbors.payload,16,0,5,488,512,0.488000000,0.012000000,512,0.999584464,0.965784285
restart_reduced_xor_random1_sampler_island_local_warmup5_except_data_ro3_1000x125_strict_20260528_ro3_warmup_neighbors.payload,16,0,6,507,493,0.507000000,0.007000000,507,0.999858611,0.979942348
restart_reduced_xor_random1_sampler_island_local_warmup5_except_data_ro3_1000x125_strict_20260528_ro3_warmup_neighbors.payload,16,0,7,502,498,0.502000000,0.002000000,502,0.999988458,0.994240731
restart_reduced_xor_random1_sampler_island_local_warmup5_except_data_ro3_1000x125_strict_20260528_ro3_warmup_neighbors.payload,17,1,0,499,501,0.499000000,0.001000000,501,0.999997115,0.997117491
restart_reduced_xor_random1_sampler_island_local_warmup5_except_data_ro3_1000x125_strict_20260528_ro3_warmup_neighbors.payload,17,1,1,522,478,0.522000000,0.022000000,522,0.998603020,0.937878288
restart_reduced_xor_random1_sampler_island_local_warmup5_except_data_ro3_1000x125_strict_20260528_ro3_warmup_neighbors.payload,17,1,2,519,481,0.519000000,0.019000000,519,0.998958123,0.946193556
restart_reduced_xor_random1_sampler_island_local_warmup5_except_data_ro3_1000x125_strict_20260528_ro3_warmup_neighbors.payload,17,1,3,513,487,0.513000000,0.013000000,513,0.999512314,0.962969269
restart_reduced_xor_random1_sampler_island_local_warmup5_except_data_ro3_1000x125_strict_20260528_ro3_warmup_neighbors.payload,17,1,4,524,476,0.524000000,0.024000000,524,0.998337377,0.932361283
restart_reduced_xor_random1_sampler_island_local_warmup5_except_data_ro3_1000x125_strict_20260528_ro3_warmup_neighbors.payload,17,1,5,498,502,0.498000000,0.002000000,502,0.999988458,0.994240731
restart_reduced_xor_random1_sampler_island_local_warmup5_except_data_ro3_1000x125_strict_20260528_ro3_warmup_neighbors.payload,17,1,6,503,497,0.503000000,0.003000000,503,0.999974031,0.991369695
restart_reduced_xor_random1_sampler_island_local_warmup5_except_data_ro3_1000x125_strict_20260528_ro3_warmup_neighbors.payload,17,1,7,498,502,0.498000000,0.002000000,502,0.999988458,0.994240731
restart_reduced_xor_random1_sampler_island_local_warmup5_except_data_ro3_1000x125_strict_20260528_ro3_warmup_neighbors.payload,18,2,0,514,486,0.514000000,0.014000000,514,0.999434390,0.960159735
restart_reduced_xor_random1_sampler_island_local_warmup5_except_data_ro3_1000x125_strict_20260528_ro3_warmup_neighbors.payload,18,2,1,506,494,0.506000000,0.006000000,506,0.999896123,0.982790710
restart_reduced_xor_random1_sampler_island_local_warmup5_except_data_ro3_1000x125_strict_20260528_ro3_warmup_neighbors.payload,18,2,2,478,522,0.478000000,0.022000000,522,0.998603020,0.937878288
restart_reduced_xor_random1_sampler_island_local_warmup5_except_data_ro3_1000x125_strict_20260528_ro3_warmup_neighbors.payload,18,2,3,502,498,0.502000000,0.002000000,502,0.999988458,0.994240731
restart_reduced_xor_random1_sampler_island_local_warmup5_except_data_ro3_1000x125_strict_20260528_ro3_warmup_neighbors.payload,18,2,4,508,492,0.508000000,0.008000000,508,0.999815327,0.977099598
restart_reduced_xor_random1_sampler_island_local_warmup5_except_data_ro3_1000x125_strict_20260528_ro3_warmup_neighbors.payload,18,2,5,508,492,0.508000000,0.008000000,508,0.999815327,0.977099598
restart_reduced_xor_random1_sampler_island_local_warmup5_except_data_ro3_1000x125_strict_20260528_ro3_warmup_neighbors.payload,18,2,6,491,509,0.491000000,0.009000000,509,0.999766271,0.974262439
restart_reduced_xor_random1_sampler_island_local_warmup5_except_data_ro3_1000x125_strict_20260528_ro3_warmup_neighbors.payload,18,2,7,507,493,0.507000000,0.007000000,507,0.999858611,0.979942348
restart_reduced_xor_random1_sampler_island_local_warmup5_except_data_ro3_1000x125_strict_20260528_ro3_warmup_neighbors.payload,19,3,0,492,508,0.492000000,0.008000000,508,0.999815327,0.977099598
restart_reduced_xor_random1_sampler_island_local_warmup5_except_data_ro3_1000x125_strict_20260528_ro3_warmup_neighbors.payload,19,3,1,518,482,0.518000000,0.018000000,518,0.999064932,0.948975997
restart_reduced_xor_random1_sampler_island_local_warmup5_except_data_ro3_1000x125_strict_20260528_ro3_warmup_neighbors.payload,19,3,2,518,482,0.518000000,0.018000000,518,0.999064932,0.948975997
restart_reduced_xor_random1_sampler_island_local_warmup5_except_data_ro3_1000x125_strict_20260528_ro3_warmup_neighbors.payload,19,3,3,498,502,0.498000000,0.002000000,502,0.999988458,0.994240731
restart_reduced_xor_random1_sampler_island_local_warmup5_except_data_ro3_1000x125_strict_20260528_ro3_warmup_neighbors.payload,19,3,4,509,491,0.509000000,0.009000000,509,0.999766271,0.974262439
restart_reduced_xor_random1_sampler_island_local_warmup5_except_data_ro3_1000x125_strict_20260528_ro3_warmup_neighbors.payload,19,3,5,491,509,0.491000000,0.009000000,509,0.999766271,0.974262439
restart_reduced_xor_random1_sampler_island_local_warmup5_except_data_ro3_1000x125_strict_20260528_ro3_warmup_neighbors.payload,19,3,6,530,470,0.530000000,0.030000000,530,0.997401589,0.915935735
restart_reduced_xor_random1_sampler_island_local_warmup5_except_data_ro3_1000x125_strict_20260528_ro3_warmup_neighbors.payload,19,3,7,486,514,0.486000000,0.014000000,514,0.999434390,0.960159735
restart_reduced_xor_random1_sampler_island_local_warmup5_except_data_ro3_1000x125_strict_20260528_ro3_warmup_neighbors.payload,20,4,0,483,517,0.483000000,0.017000000,517,0.999165962,0.951763814
restart_reduced_xor_random1_sampler_island_local_warmup5_except_data_ro3_1000x125_strict_20260528_ro3_warmup_neighbors.payload,20,4,1,498,502,0.498000000,0.002000000,502,0.999988458,0.994240731
restart_reduced_xor_random1_sampler_island_local_warmup5_except_data_ro3_1000x125_strict_20260528_ro3_warmup_neighbors.payload,20,4,2,512,488,0.512000000,0.012000000,512,0.999584464,0.965784285
restart_reduced_xor_random1_sampler_island_local_warmup5_except_data_ro3_1000x125_strict_20260528_ro3_warmup_neighbors.payload,20,4,3,478,522,0.478000000,0.022000000,522,0.998603020,0.937878288
restart_reduced_xor_random1_sampler_island_local_warmup5_except_data_ro3_1000x125_strict_20260528_ro3_warmup_neighbors.payload,20,4,4,517,483,0.517000000,0.017000000,517,0.999165962,0.951763814
restart_reduced_xor_random1_sampler_island_local_warmup5_except_data_ro3_1000x125_strict_20260528_ro3_warmup_neighbors.payload,20,4,5,502,498,0.502000000,0.002000000,502,0.999988458,0.994240731
restart_reduced_xor_random1_sampler_island_local_warmup5_except_data_ro3_1000x125_strict_20260528_ro3_warmup_neighbors.payload,20,4,6,517,483,0.517000000,0.017000000,517,0.999165962,0.951763814
restart_reduced_xor_random1_sampler_island_local_warmup5_except_data_ro3_1000x125_strict_20260528_ro3_warmup_neighbors.payload,20,4,7,500,500,0.500000000,0.000000000,500,1.000000000,1.000000000
restart_reduced_xor_random1_sampler_island_local_warmup5_except_data_ro3_1000x125_strict_20260528_ro3_warmup_neighbors.payload,21,5,0,493,507,0.493000000,0.007000000,507,0.999858611,0.979942348
restart_reduced_xor_random1_sampler_island_local_warmup5_except_data_ro3_1000x125_strict_20260528_ro3_warmup_neighbors.payload,21,5,1,516,484,0.516000000,0.016000000,516,0.999261214,0.954557029
restart_reduced_xor_random1_sampler_island_local_warmup5_except_data_ro3_1000x125_strict_20260528_ro3_warmup_neighbors.payload,21,5,2,501,499,0.501000000,0.001000000,501,0.999997115,0.997117491
restart_reduced_xor_random1_sampler_island_local_warmup5_except_data_ro3_1000x125_strict_20260528_ro3_warmup_neighbors.payload,21,5,3,514,486,0.514000000,0.014000000,514,0.999434390,0.960159735
restart_reduced_xor_random1_sampler_island_local_warmup5_except_data_ro3_1000x125_strict_20260528_ro3_warmup_neighbors.payload,21,5,4,501,499,0.501000000,0.001000000,501,0.999997115,0.997117491
restart_reduced_xor_random1_sampler_island_local_warmup5_except_data_ro3_1000x125_strict_20260528_ro3_warmup_neighbors.payload,21,5,5,514,486,0.514000000,0.014000000,514,0.999434390,0.960159735
restart_reduced_xor_random1_sampler_island_local_warmup5_except_data_ro3_1000x125_strict_20260528_ro3_warmup_neighbors.payload,21,5,6,514,486,0.514000000,0.014000000,514,0.999434390,0.960159735
restart_reduced_xor_random1_sampler_island_local_warmup5_except_data_ro3_1000x125_strict_20260528_ro3_warmup_neighbors.payload,21,5,7,492,508,0.492000000,0.008000000,508,0.999815327,0.977099598
restart_reduced_xor_random1_sampler_island_local_warmup5_except_data_ro3_1000x125_strict_20260528_ro3_warmup_neighbors.payload,22,6,0,504,496,0.504000000,0.004000000,504,0.999953833,0.988504361
restart_reduced_xor_random1_sampler_island_local_warmup5_except_data_ro3_1000x125_strict_20260528_ro3_warmup_neighbors.payload,22,6,1,494,506,0.494000000,0.006000000,506,0.999896123,0.982790710
restart_reduced_xor_random1_sampler_island_local_warmup5_except_data_ro3_1000x125_strict_20260528_ro3_warmup_neighbors.payload,22,6,2,468,532,0.468000000,0.032000000,532,0.997043340,0.910501849
restart_reduced_xor_random1_sampler_island_local_warmup5_except_data_ro3_1000x125_strict_20260528_ro3_warmup_neighbors.payload,22,6,3,498,502,0.498000000,0.002000000,502,0.999988458,0.994240731
restart_reduced_xor_random1_sampler_island_local_warmup5_except_data_ro3_1000x125_strict_20260528_ro3_warmup_neighbors.payload,22,6,4,481,519,0.481000000,0.019000000,519,0.998958123,0.946193556
restart_reduced_xor_random1_sampler_island_local_warmup5_except_data_ro3_1000x125_strict_20260528_ro3_warmup_neighbors.payload,22,6,5,486,514,0.486000000,0.014000000,514,0.999434390,0.960159735
restart_reduced_xor_random1_sampler_island_local_warmup5_except_data_ro3_1000x125_strict_20260528_ro3_warmup_neighbors.payload,22,6,6,498,502,0.498000000,0.002000000,502,0.999988458,0.994240731
restart_reduced_xor_random1_sampler_island_local_warmup5_except_data_ro3_1000x125_strict_20260528_ro3_warmup_neighbors.payload,22,6,7,483,517,0.483000000,0.017000000,517,0.999165962,0.951763814
restart_reduced_xor_random1_sampler_island_local_warmup5_except_data_ro3_1000x125_strict_20260528_ro3_warmup_neighbors.payload,23,7,0,514,486,0.514000000,0.014000000,514,0.999434390,0.960159735
restart_reduced_xor_random1_sampler_island_local_warmup5_except_data_ro3_1000x125_strict_20260528_ro3_warmup_neighbors.payload,23,7,1,499,501,0.499000000,0.001000000,501,0.999997115,0.997117491
restart_reduced_xor_random1_sampler_island_local_warmup5_except_data_ro3_1000x125_strict_20260528_ro3_warmup_neighbors.payload,23,7,2,496,504,0.496000000,0.004000000,504,0.999953833,0.988504361
restart_reduced_xor_random1_sampler_island_local_warmup5_except_data_ro3_1000x125_strict_20260528_ro3_warmup_neighbors.payload,23,7,3,518,482,0.518000000,0.018000000,518,0.999064932,0.948975997
restart_reduced_xor_random1_sampler_island_local_warmup5_except_data_ro3_1000x125_strict_20260528_ro3_warmup_neighbors.payload,23,7,4,512,488,0.512000000,0.012000000,512,0.999584464,0.965784285
restart_reduced_xor_random1_sampler_island_local_warmup5_except_data_ro3_1000x125_strict_20260528_ro3_warmup_neighbors.payload,23,7,5,518,482,0.518000000,0.018000000,518,0.999064932,0.948975997
restart_reduced_xor_random1_sampler_island_local_warmup5_except_data_ro3_1000x125_strict_20260528_ro3_warmup_neighbors.payload,23,7,6,505,495,0.505000000,0.005000000,505,0.999927864,0.985644707
restart_reduced_xor_random1_sampler_island_local_warmup5_except_data_ro3_1000x125_strict_20260528_ro3_warmup_neighbors.payload,23,7,7,503,497,0.503000000,0.003000000,503,0.999974031,0.991369695
restart_reduced_xor_random1_sampler_island_local_warmup5_except_data_ro3_1000x125_strict_20260528_ro3_warmup_neighbors.payload,24,0,0,471,529,0.471000000,0.029000000,529,0.997572025,0.918660373
restart_reduced_xor_random1_sampler_island_local_warmup5_except_data_ro3_1000x125_strict_20260528_ro3_warmup_neighbors.payload,24,0,1,501,499,0.501000000,0.001000000,501,0.999997115,0.997117491
restart_reduced_xor_random1_sampler_island_local_warmup5_except_data_ro3_1000x125_strict_20260528_ro3_warmup_neighbors.payload,24,0,2,490,510,0.490000000,0.010000000,510,0.999711442,0.971430848
restart_reduced_xor_random1_sampler_island_local_warmup5_except_data_ro3_1000x125_strict_20260528_ro3_warmup_neighbors.payload,24,0,3,533,467,0.533000000,0.033000000,533,0.996855525,0.907792562
restart_reduced_xor_random1_sampler_island_local_warmup5_except_data_ro3_1000x125_strict_20260528_ro3_warmup_neighbors.payload,24,0,4,534,466,0.534000000,0.034000000,534,0.996661914,0.905088353
restart_reduced_xor_random1_sampler_island_local_warmup5_except_data_ro3_1000x125_strict_20260528_ro3_warmup_neighbors.payload,24,0,5,502,498,0.502000000,0.002000000,502,0.999988458,0.994240731
restart_reduced_xor_random1_sampler_island_local_warmup5_except_data_ro3_1000x125_strict_20260528_ro3_warmup_neighbors.payload,24,0,6,518,482,0.518000000,0.018000000,518,0.999064932,0.948975997
restart_reduced_xor_random1_sampler_island_local_warmup5_except_data_ro3_1000x125_strict_20260528_ro3_warmup_neighbors.payload,24,0,7,518,482,0.518000000,0.018000000,518,0.999064932,0.948975997
restart_reduced_xor_random1_sampler_island_local_warmup5_except_data_ro3_1000x125_strict_20260528_ro3_warmup_neighbors.payload,25,1,0,528,472,0.528000000,0.028000000,528,0.997736670,0.921390165
restart_reduced_xor_random1_sampler_island_local_warmup5_except_data_ro3_1000x125_strict_20260528_ro3_warmup_neighbors.payload,25,1,1,498,502,0.498000000,0.002000000,502,0.999988458,0.994240731
restart_reduced_xor_random1_sampler_island_local_warmup5_except_data_ro3_1000x125_strict_20260528_ro3_warmup_neighbors.payload,25,1,2,497,503,0.497000000,0.003000000,503,0.999974031,0.991369695
restart_reduced_xor_random1_sampler_island_local_warmup5_except_data_ro3_1000x125_strict_20260528_ro3_warmup_neighbors.payload,25,1,3,499,501,0.499000000,0.001000000,501,0.999997115,0.997117491
restart_reduced_xor_random1_sampler_island_local_warmup5_except_data_ro3_1000x125_strict_20260528_ro3_warmup_neighbors.payload,25,1,4,523,477,0.523000000,0.023000000,523,0.998473090,0.935117148
restart_reduced_xor_random1_sampler_island_local_warmup5_except_data_ro3_1000x125_strict_20260528_ro3_warmup_neighbors.payload,25,1,5,502,498,0.502000000,0.002000000,502,0.999988458,0.994240731
restart_reduced_xor_random1_sampler_island_local_warmup5_except_data_ro3_1000x125_strict_20260528_ro3_warmup_neighbors.payload,25,1,6,494,506,0.494000000,0.006000000,506,0.999896123,0.982790710
restart_reduced_xor_random1_sampler_island_local_warmup5_except_data_ro3_1000x125_strict_20260528_ro3_warmup_neighbors.payload,25,1,7,494,506,0.494000000,0.006000000,506,0.999896123,0.982790710
restart_reduced_xor_random1_sampler_island_local_warmup5_except_data_ro3_1000x125_strict_20260528_ro3_warmup_neighbors.payload,26,2,0,468,532,0.468000000,0.032000000,532,0.997043340,0.910501849
restart_reduced_xor_random1_sampler_island_local_warmup5_except_data_ro3_1000x125_strict_20260528_ro3_warmup_neighbors.payload,26,2,1,508,492,0.508000000,0.008000000,508,0.999815327,0.977099598
restart_reduced_xor_random1_sampler_island_local_warmup5_except_data_ro3_1000x125_strict_20260528_ro3_warmup_neighbors.payload,26,2,2,481,519,0.481000000,0.019000000,519,0.998958123,0.946193556
restart_reduced_xor_random1_sampler_island_local_warmup5_except_data_ro3_1000x125_strict_20260528_ro3_warmup_neighbors.payload,26,2,3,525,475,0.525000000,0.025000000,525,0.998195879,0.929610672
restart_reduced_xor_random1_sampler_island_local_warmup5_except_data_ro3_1000x125_strict_20260528_ro3_warmup_neighbors.payload,26,2,4,484,516,0.484000000,0.016000000,516,0.999261214,0.954557029
restart_reduced_xor_random1_sampler_island_local_warmup5_except_data_ro3_1000x125_strict_20260528_ro3_warmup_neighbors.payload,26,2,5,497,503,0.497000000,0.003000000,503,0.999974031,0.991369695
restart_reduced_xor_random1_sampler_island_local_warmup5_except_data_ro3_1000x125_strict_20260528_ro3_warmup_neighbors.payload,26,2,6,522,478,0.522000000,0.022000000,522,0.998603020,0.937878288
restart_reduced_xor_random1_sampler_island_local_warmup5_except_data_ro3_1000x125_strict_20260528_ro3_warmup_neighbors.payload,26,2,7,491,509,0.491000000,0.009000000,509,0.999766271,0.974262439
restart_reduced_xor_random1_sampler_island_local_warmup5_except_data_ro3_1000x125_strict_20260528_ro3_warmup_neighbors.payload,27,3,0,515,485,0.515000000,0.015000000,515,0.999350690,0.957355663
restart_reduced_xor_random1_sampler_island_local_warmup5_except_data_ro3_1000x125_strict_20260528_ro3_warmup_neighbors.payload,27,3,1,482,518,0.482000000,0.018000000,518,0.999064932,0.948975997
restart_reduced_xor_random1_sampler_island_local_warmup5_except_data_ro3_1000x125_strict_20260528_ro3_warmup_neighbors.payload,27,3,2,504,496,0.504000000,0.004000000,504,0.999953833,0.988504361
restart_reduced_xor_random1_sampler_island_local_warmup5_except_data_ro3_1000x125_strict_20260528_ro3_warmup_neighbors.payload,27,3,3,497,503,0.497000000,0.003000000,503,0.999974031,0.991369695
restart_reduced_xor_random1_sampler_island_local_warmup5_except_data_ro3_1000x125_strict_20260528_ro3_warmup_neighbors.payload,27,3,4,487,513,0.487000000,0.013000000,513,0.999512314,0.962969269
restart_reduced_xor_random1_sampler_island_local_warmup5_except_data_ro3_1000x125_strict_20260528_ro3_warmup_neighbors.payload,27,3,5,502,498,0.502000000,0.002000000,502,0.999988458,0.994240731
restart_reduced_xor_random1_sampler_island_local_warmup5_except_data_ro3_1000x125_strict_20260528_ro3_warmup_neighbors.payload,27,3,6,500,500,0.500000000,0.000000000,500,1.000000000,1.000000000
restart_reduced_xor_random1_sampler_island_local_warmup5_except_data_ro3_1000x125_strict_20260528_ro3_warmup_neighbors.payload,27,3,7,497,503,0.497000000,0.003000000,503,0.999974031,0.991369695
restart_reduced_xor_random1_sampler_island_local_warmup5_except_data_ro3_1000x125_strict_20260528_ro3_warmup_neighbors.payload,28,4,0,480,520,0.480000000,0.020000000,520,0.998845536,0.943416472
restart_reduced_xor_random1_sampler_island_local_warmup5_except_data_ro3_1000x125_strict_20260528_ro3_warmup_neighbors.payload,28,4,1,492,508,0.492000000,0.008000000,508,0.999815327,0.977099598
restart_reduced_xor_random1_sampler_island_local_warmup5_except_data_ro3_1000x125_strict_20260528_ro3_warmup_neighbors.payload,28,4,2,481,519,0.481000000,0.019000000,519,0.998958123,0.946193556
restart_reduced_xor_random1_sampler_island_local_warmup5_except_data_ro3_1000x125_strict_20260528_ro3_warmup_neighbors.payload,28,4,3,513,487,0.513000000,0.013000000,513,0.999512314,0.962969269
restart_reduced_xor_random1_sampler_island_local_warmup5_except_data_ro3_1000x125_strict_20260528_ro3_warmup_neighbors.payload,28,4,4,495,505,0.495000000,0.005000000,505,0.999927864,0.985644707
restart_reduced_xor_random1_sampler_island_local_warmup5_except_data_ro3_1000x125_strict_20260528_ro3_warmup_neighbors.payload,28,4,5,509,491,0.509000000,0.009000000,509,0.999766271,0.974262439
restart_reduced_xor_random1_sampler_island_local_warmup5_except_data_ro3_1000x125_strict_20260528_ro3_warmup_neighbors.payload,28,4,6,511,489,0.511000000,0.011000000,511,0.999650840,0.968604804
restart_reduced_xor_random1_sampler_island_local_warmup5_except_data_ro3_1000x125_strict_20260528_ro3_warmup_neighbors.payload,28,4,7,493,507,0.493000000,0.007000000,507,0.999858611,0.979942348
restart_reduced_xor_random1_sampler_island_local_warmup5_except_data_ro3_1000x125_strict_20260528_ro3_warmup_neighbors.payload,29,5,0,511,489,0.511000000,0.011000000,511,0.999650840,0.968604804
restart_reduced_xor_random1_sampler_island_local_warmup5_except_data_ro3_1000x125_strict_20260528_ro3_warmup_neighbors.payload,29,5,1,497,503,0.497000000,0.003000000,503,0.999974031,0.991369695
restart_reduced_xor_random1_sampler_island_local_warmup5_except_data_ro3_1000x125_strict_20260528_ro3_warmup_neighbors.payload,29,5,2,525,475,0.525000000,0.025000000,525,0.998195879,0.929610672
restart_reduced_xor_random1_sampler_island_local_warmup5_except_data_ro3_1000x125_strict_20260528_ro3_warmup_neighbors.payload,29,5,3,499,501,0.499000000,0.001000000,501,0.999997115,0.997117491
restart_reduced_xor_random1_sampler_island_local_warmup5_except_data_ro3_1000x125_strict_20260528_ro3_warmup_neighbors.payload,29,5,4,512,488,0.512000000,0.012000000,512,0.999584464,0.965784285
restart_reduced_xor_random1_sampler_island_local_warmup5_except_data_ro3_1000x125_strict_20260528_ro3_warmup_neighbors.payload,29,5,5,492,508,0.492000000,0.008000000,508,0.999815327,0.977099598
restart_reduced_xor_random1_sampler_island_local_warmup5_except_data_ro3_1000x125_strict_20260528_ro3_warmup_neighbors.payload,29,5,6,516,484,0.516000000,0.016000000,516,0.999261214,0.954557029
restart_reduced_xor_random1_sampler_island_local_warmup5_except_data_ro3_1000x125_strict_20260528_ro3_warmup_neighbors.payload,29,5,7,516,484,0.516000000,0.016000000,516,0.999261214,0.954557029
restart_reduced_xor_random1_sampler_island_local_warmup5_except_data_ro3_1000x125_strict_20260528_ro3_warmup_neighbors.payload,30,6,0,529,471,0.529000000,0.029000000,529,0.997572025,0.918660373
restart_reduced_xor_random1_sampler_island_local_warmup5_except_data_ro3_1000x125_strict_20260528_ro3_warmup_neighbors.payload,30,6,1,489,511,0.489000000,0.011000000,511,0.999650840,0.968604804
restart_reduced_xor_random1_sampler_island_local_warmup5_except_data_ro3_1000x125_strict_20260528_ro3_warmup_neighbors.payload,30,6,2,511,489,0.511000000,0.011000000,511,0.999650840,0.968604804
restart_reduced_xor_random1_sampler_island_local_warmup5_except_data_ro3_1000x125_strict_20260528_ro3_warmup_neighbors.payload,30,6,3,510,490,0.510000000,0.010000000,510,0.999711442,0.971430848
restart_reduced_xor_random1_sampler_island_local_warmup5_except_data_ro3_1000x125_strict_20260528_ro3_warmup_neighbors.payload,30,6,4,489,511,0.489000000,0.011000000,511,0.999650840,0.968604804
restart_reduced_xor_random1_sampler_island_local_warmup5_except_data_ro3_1000x125_strict_20260528_ro3_warmup_neighbors.payload,30,6,5,517,483,0.517000000,0.017000000,517,0.999165962,0.951763814
restart_reduced_xor_random1_sampler_island_local_warmup5_except_data_ro3_1000x125_strict_20260528_ro3_warmup_neighbors.payload,30,6,6,482,518,0.482000000,0.018000000,518,0.999064932,0.948975997
restart_reduced_xor_random1_sampler_island_local_warmup5_except_data_ro3_1000x125_strict_20260528_ro3_warmup_neighbors.payload,30,6,7,492,508,0.492000000,0.008000000,508,0.999815327,0.977099598
restart_reduced_xor_random1_sampler_island_local_warmup5_except_data_ro3_1000x125_strict_20260528_ro3_warmup_neighbors.payload,31,7,0,520,480,0.520000000,0.020000000,520,0.998845536,0.943416472
restart_reduced_xor_random1_sampler_island_local_warmup5_except_data_ro3_1000x125_strict_20260528_ro3_warmup_neighbors.payload,31,7,1,515,485,0.515000000,0.015000000,515,0.999350690,0.957355663
restart_reduced_xor_random1_sampler_island_local_warmup5_except_data_ro3_1000x125_strict_20260528_ro3_warmup_neighbors.payload,31,7,2,502,498,0.502000000,0.002000000,502,0.999988458,0.994240731
restart_reduced_xor_random1_sampler_island_local_warmup5_except_data_ro3_1000x125_strict_20260528_ro3_warmup_neighbors.payload,31,7,3,474,526,0.474000000,0.026000000,526,0.998048596,0.926865295
restart_reduced_xor_random1_sampler_island_local_warmup5_except_data_ro3_1000x125_strict_20260528_ro3_warmup_neighbors.payload,31,7,4,512,488,0.512000000,0.012000000,512,0.999584464,0.965784285
restart_reduced_xor_random1_sampler_island_local_warmup5_except_data_ro3_1000x125_strict_20260528_ro3_warmup_neighbors.payload,31,7,5,478,522,0.478000000,0.022000000,522,0.998603020,0.937878288
restart_reduced_xor_random1_sampler_island_local_warmup5_except_data_ro3_1000x125_strict_20260528_ro3_warmup_neighbors.payload,31,7,6,500,500,0.500000000,0.000000000,500,1.000000000,1.000000000
restart_reduced_xor_random1_sampler_island_local_warmup5_except_data_ro3_1000x125_strict_20260528_ro3_warmup_neighbors.payload,31,7,7,483,517,0.483000000,0.017000000,517,0.999165962,0.951763814
restart_reduced_xor_random1_sampler_island_local_warmup5_except_data_ro3_1000x125_strict_20260528_ro3_warmup_neighbors.payload,32,0,0,521,479,0.521000000,0.021000000,521,0.998727169,0.940644722
restart_reduced_xor_random1_sampler_island_local_warmup5_except_data_ro3_1000x125_strict_20260528_ro3_warmup_neighbors.payload,32,0,1,505,495,0.505000000,0.005000000,505,0.999927864,0.985644707
restart_reduced_xor_random1_sampler_island_local_warmup5_except_data_ro3_1000x125_strict_20260528_ro3_warmup_neighbors.payload,32,0,2,496,504,0.496000000,0.004000000,504,0.999953833,0.988504361
restart_reduced_xor_random1_sampler_island_local_warmup5_except_data_ro3_1000x125_strict_20260528_ro3_warmup_neighbors.payload,32,0,3,500,500,0.500000000,0.000000000,500,1.000000000,1.000000000
restart_reduced_xor_random1_sampler_island_local_warmup5_except_data_ro3_1000x125_strict_20260528_ro3_warmup_neighbors.payload,32,0,4,505,495,0.505000000,0.005000000,505,0.999927864,0.985644707
restart_reduced_xor_random1_sampler_island_local_warmup5_except_data_ro3_1000x125_strict_20260528_ro3_warmup_neighbors.payload,32,0,5,540,460,0.540000000,0.040000000,540,0.995378439,0.888968688
restart_reduced_xor_random1_sampler_island_local_warmup5_except_data_ro3_1000x125_strict_20260528_ro3_warmup_neighbors.payload,32,0,6,489,511,0.489000000,0.011000000,511,0.999650840,0.968604804
restart_reduced_xor_random1_sampler_island_local_warmup5_except_data_ro3_1000x125_strict_20260528_ro3_warmup_neighbors.payload,32,0,7,509,491,0.509000000,0.009000000,509,0.999766271,0.974262439
restart_reduced_xor_random1_sampler_island_local_warmup5_except_data_ro3_1000x125_strict_20260528_ro3_warmup_neighbors.payload,33,1,0,505,495,0.505000000,0.005000000,505,0.999927864,0.985644707
restart_reduced_xor_random1_sampler_island_local_warmup5_except_data_ro3_1000x125_strict_20260528_ro3_warmup_neighbors.payload,33,1,1,474,526,0.474000000,0.026000000,526,0.998048596,0.926865295
restart_reduced_xor_random1_sampler_island_local_warmup5_except_data_ro3_1000x125_strict_20260528_ro3_warmup_neighbors.payload,33,1,2,502,498,0.502000000,0.002000000,502,0.999988458,0.994240731
restart_reduced_xor_random1_sampler_island_local_warmup5_except_data_ro3_1000x125_strict_20260528_ro3_warmup_neighbors.payload,33,1,3,493,507,0.493000000,0.007000000,507,0.999858611,0.979942348
restart_reduced_xor_random1_sampler_island_local_warmup5_except_data_ro3_1000x125_strict_20260528_ro3_warmup_neighbors.payload,33,1,4,515,485,0.515000000,0.015000000,515,0.999350690,0.957355663
restart_reduced_xor_random1_sampler_island_local_warmup5_except_data_ro3_1000x125_strict_20260528_ro3_warmup_neighbors.payload,33,1,5,504,496,0.504000000,0.004000000,504,0.999953833,0.988504361
restart_reduced_xor_random1_sampler_island_local_warmup5_except_data_ro3_1000x125_strict_20260528_ro3_warmup_neighbors.payload,33,1,6,515,485,0.515000000,0.015000000,515,0.999350690,0.957355663
restart_reduced_xor_random1_sampler_island_local_warmup5_except_data_ro3_1000x125_strict_20260528_ro3_warmup_neighbors.payload,33,1,7,488,512,0.488000000,0.012000000,512,0.999584464,0.965784285
restart_reduced_xor_random1_sampler_island_local_warmup5_except_data_ro3_1000x125_strict_20260528_ro3_warmup_neighbors.payload,34,2,0,508,492,0.508000000,0.008000000,508,0.999815327,0.977099598
restart_reduced_xor_random1_sampler_island_local_warmup5_except_data_ro3_1000x125_strict_20260528_ro3_warmup_neighbors.payload,34,2,1,544,456,0.544000000,0.044000000,544,0.994406653,0.878321443
restart_reduced_xor_random1_sampler_island_local_warmup5_except_data_ro3_1000x125_strict_20260528_ro3_warmup_neighbors.payload,34,2,2,493,507,0.493000000,0.007000000,507,0.999858611,0.979942348
restart_reduced_xor_random1_sampler_island_local_warmup5_except_data_ro3_1000x125_strict_20260528_ro3_warmup_neighbors.payload,34,2,3,495,505,0.495000000,0.005000000,505,0.999927864,0.985644707
restart_reduced_xor_random1_sampler_island_local_warmup5_except_data_ro3_1000x125_strict_20260528_ro3_warmup_neighbors.payload,34,2,4,516,484,0.516000000,0.016000000,516,0.999261214,0.954557029
restart_reduced_xor_random1_sampler_island_local_warmup5_except_data_ro3_1000x125_strict_20260528_ro3_warmup_neighbors.payload,34,2,5,482,518,0.482000000,0.018000000,518,0.999064932,0.948975997
restart_reduced_xor_random1_sampler_island_local_warmup5_except_data_ro3_1000x125_strict_20260528_ro3_warmup_neighbors.payload,34,2,6,502,498,0.502000000,0.002000000,502,0.999988458,0.994240731
restart_reduced_xor_random1_sampler_island_local_warmup5_except_data_ro3_1000x125_strict_20260528_ro3_warmup_neighbors.payload,34,2,7,507,493,0.507000000,0.007000000,507,0.999858611,0.979942348
restart_reduced_xor_random1_sampler_island_local_warmup5_except_data_ro3_1000x125_strict_20260528_ro3_warmup_neighbors.payload,35,3,0,495,505,0.495000000,0.005000000,505,0.999927864,0.985644707
restart_reduced_xor_random1_sampler_island_local_warmup5_except_data_ro3_1000x125_strict_20260528_ro3_warmup_neighbors.payload,35,3,1,479,521,0.479000000,0.021000000,521,0.998727169,0.940644722
restart_reduced_xor_random1_sampler_island_local_warmup5_except_data_ro3_1000x125_strict_20260528_ro3_warmup_neighbors.payload,35,3,2,481,519,0.481000000,0.019000000,519,0.998958123,0.946193556
restart_reduced_xor_random1_sampler_island_local_warmup5_except_data_ro3_1000x125_strict_20260528_ro3_warmup_neighbors.payload,35,3,3,515,485,0.515000000,0.015000000,515,0.999350690,0.957355663
restart_reduced_xor_random1_sampler_island_local_warmup5_except_data_ro3_1000x125_strict_20260528_ro3_warmup_neighbors.payload,35,3,4,490,510,0.490000000,0.010000000,510,0.999711442,0.971430848
restart_reduced_xor_random1_sampler_island_local_warmup5_except_data_ro3_1000x125_strict_20260528_ro3_warmup_neighbors.payload,35,3,5,475,525,0.475000000,0.025000000,525,0.998195879,0.929610672
restart_reduced_xor_random1_sampler_island_local_warmup5_except_data_ro3_1000x125_strict_20260528_ro3_warmup_neighbors.payload,35,3,6,509,491,0.509000000,0.009000000,509,0.999766271,0.974262439
restart_reduced_xor_random1_sampler_island_local_warmup5_except_data_ro3_1000x125_strict_20260528_ro3_warmup_neighbors.payload,35,3,7,493,507,0.493000000,0.007000000,507,0.999858611,0.979942348
restart_reduced_xor_random1_sampler_island_local_warmup5_except_data_ro3_1000x125_strict_20260528_ro3_warmup_neighbors.payload,36,4,0,512,488,0.512000000,0.012000000,512,0.999584464,0.965784285
restart_reduced_xor_random1_sampler_island_local_warmup5_except_data_ro3_1000x125_strict_20260528_ro3_warmup_neighbors.payload,36,4,1,512,488,0.512000000,0.012000000,512,0.999584464,0.965784285
restart_reduced_xor_random1_sampler_island_local_warmup5_except_data_ro3_1000x125_strict_20260528_ro3_warmup_neighbors.payload,36,4,2,494,506,0.494000000,0.006000000,506,0.999896123,0.982790710
restart_reduced_xor_random1_sampler_island_local_warmup5_except_data_ro3_1000x125_strict_20260528_ro3_warmup_neighbors.payload,36,4,3,491,509,0.491000000,0.009000000,509,0.999766271,0.974262439
restart_reduced_xor_random1_sampler_island_local_warmup5_except_data_ro3_1000x125_strict_20260528_ro3_warmup_neighbors.payload,36,4,4,507,493,0.507000000,0.007000000,507,0.999858611,0.979942348
restart_reduced_xor_random1_sampler_island_local_warmup5_except_data_ro3_1000x125_strict_20260528_ro3_warmup_neighbors.payload,36,4,5,525,475,0.525000000,0.025000000,525,0.998195879,0.929610672
restart_reduced_xor_random1_sampler_island_local_warmup5_except_data_ro3_1000x125_strict_20260528_ro3_warmup_neighbors.payload,36,4,6,509,491,0.509000000,0.009000000,509,0.999766271,0.974262439
restart_reduced_xor_random1_sampler_island_local_warmup5_except_data_ro3_1000x125_strict_20260528_ro3_warmup_neighbors.payload,36,4,7,508,492,0.508000000,0.008000000,508,0.999815327,0.977099598
restart_reduced_xor_random1_sampler_island_local_warmup5_except_data_ro3_1000x125_strict_20260528_ro3_warmup_neighbors.payload,37,5,0,512,488,0.512000000,0.012000000,512,0.999584464,0.965784285
restart_reduced_xor_random1_sampler_island_local_warmup5_except_data_ro3_1000x125_strict_20260528_ro3_warmup_neighbors.payload,37,5,1,506,494,0.506000000,0.006000000,506,0.999896123,0.982790710
restart_reduced_xor_random1_sampler_island_local_warmup5_except_data_ro3_1000x125_strict_20260528_ro3_warmup_neighbors.payload,37,5,2,510,490,0.510000000,0.010000000,510,0.999711442,0.971430848
restart_reduced_xor_random1_sampler_island_local_warmup5_except_data_ro3_1000x125_strict_20260528_ro3_warmup_neighbors.payload,37,5,3,529,471,0.529000000,0.029000000,529,0.997572025,0.918660373
restart_reduced_xor_random1_sampler_island_local_warmup5_except_data_ro3_1000x125_strict_20260528_ro3_warmup_neighbors.payload,37,5,4,508,492,0.508000000,0.008000000,508,0.999815327,0.977099598
restart_reduced_xor_random1_sampler_island_local_warmup5_except_data_ro3_1000x125_strict_20260528_ro3_warmup_neighbors.payload,37,5,5,532,468,0.532000000,0.032000000,532,0.997043340,0.910501849
restart_reduced_xor_random1_sampler_island_local_warmup5_except_data_ro3_1000x125_strict_20260528_ro3_warmup_neighbors.payload,37,5,6,481,519,0.481000000,0.019000000,519,0.998958123,0.946193556
restart_reduced_xor_random1_sampler_island_local_warmup5_except_data_ro3_1000x125_strict_20260528_ro3_warmup_neighbors.payload,37,5,7,494,506,0.494000000,0.006000000,506,0.999896123,0.982790710
restart_reduced_xor_random1_sampler_island_local_warmup5_except_data_ro3_1000x125_strict_20260528_ro3_warmup_neighbors.payload,38,6,0,481,519,0.481000000,0.019000000,519,0.998958123,0.946193556
restart_reduced_xor_random1_sampler_island_local_warmup5_except_data_ro3_1000x125_strict_20260528_ro3_warmup_neighbors.payload,38,6,1,519,481,0.519000000,0.019000000,519,0.998958123,0.946193556
restart_reduced_xor_random1_sampler_island_local_warmup5_except_data_ro3_1000x125_strict_20260528_ro3_warmup_neighbors.payload,38,6,2,523,477,0.523000000,0.023000000,523,0.998473090,0.935117148
restart_reduced_xor_random1_sampler_island_local_warmup5_except_data_ro3_1000x125_strict_20260528_ro3_warmup_neighbors.payload,38,6,3,517,483,0.517000000,0.017000000,517,0.999165962,0.951763814
restart_reduced_xor_random1_sampler_island_local_warmup5_except_data_ro3_1000x125_strict_20260528_ro3_warmup_neighbors.payload,38,6,4,495,505,0.495000000,0.005000000,505,0.999927864,0.985644707
restart_reduced_xor_random1_sampler_island_local_warmup5_except_data_ro3_1000x125_strict_20260528_ro3_warmup_neighbors.payload,38,6,5,524,476,0.524000000,0.024000000,524,0.998337377,0.932361283
restart_reduced_xor_random1_sampler_island_local_warmup5_except_data_ro3_1000x125_strict_20260528_ro3_warmup_neighbors.payload,38,6,6,524,476,0.524000000,0.024000000,524,0.998337377,0.932361283
restart_reduced_xor_random1_sampler_island_local_warmup5_except_data_ro3_1000x125_strict_20260528_ro3_warmup_neighbors.payload,38,6,7,470,530,0.470000000,0.030000000,530,0.997401589,0.915935735
restart_reduced_xor_random1_sampler_island_local_warmup5_except_data_ro3_1000x125_strict_20260528_ro3_warmup_neighbors.payload,39,7,0,509,491,0.509000000,0.009000000,509,0.999766271,0.974262439
restart_reduced_xor_random1_sampler_island_local_warmup5_except_data_ro3_1000x125_strict_20260528_ro3_warmup_neighbors.payload,39,7,1,495,505,0.495000000,0.005000000,505,0.999927864,0.985644707
restart_reduced_xor_random1_sampler_island_local_warmup5_except_data_ro3_1000x125_strict_20260528_ro3_warmup_neighbors.payload,39,7,2,505,495,0.505000000,0.005000000,505,0.999927864,0.985644707
restart_reduced_xor_random1_sampler_island_local_warmup5_except_data_ro3_1000x125_strict_20260528_ro3_warmup_neighbors.payload,39,7,3,489,511,0.489000000,0.011000000,511,0.999650840,0.968604804
restart_reduced_xor_random1_sampler_island_local_warmup5_except_data_ro3_1000x125_strict_20260528_ro3_warmup_neighbors.payload,39,7,4,503,497,0.503000000,0.003000000,503,0.999974031,0.991369695
restart_reduced_xor_random1_sampler_island_local_warmup5_except_data_ro3_1000x125_strict_20260528_ro3_warmup_neighbors.payload,39,7,5,520,480,0.520000000,0.020000000,520,0.998845536,0.943416472
restart_reduced_xor_random1_sampler_island_local_warmup5_except_data_ro3_1000x125_strict_20260528_ro3_warmup_neighbors.payload,39,7,6,519,481,0.519000000,0.019000000,519,0.998958123,0.946193556
restart_reduced_xor_random1_sampler_island_local_warmup5_except_data_ro3_1000x125_strict_20260528_ro3_warmup_neighbors.payload,39,7,7,479,521,0.479000000,0.021000000,521,0.998727169,0.940644722
restart_reduced_xor_random1_sampler_island_local_warmup5_except_data_ro3_1000x125_strict_20260528_ro3_warmup_neighbors.payload,40,0,0,508,492,0.508000000,0.008000000,508,0.999815327,0.977099598
restart_reduced_xor_random1_sampler_island_local_warmup5_except_data_ro3_1000x125_strict_20260528_ro3_warmup_neighbors.payload,40,0,1,513,487,0.513000000,0.013000000,513,0.999512314,0.962969269
restart_reduced_xor_random1_sampler_island_local_warmup5_except_data_ro3_1000x125_strict_20260528_ro3_warmup_neighbors.payload,40,0,2,522,478,0.522000000,0.022000000,522,0.998603020,0.937878288
restart_reduced_xor_random1_sampler_island_local_warmup5_except_data_ro3_1000x125_strict_20260528_ro3_warmup_neighbors.payload,40,0,3,473,527,0.473000000,0.027000000,527,0.997895527,0.924125133
restart_reduced_xor_random1_sampler_island_local_warmup5_except_data_ro3_1000x125_strict_20260528_ro3_warmup_neighbors.payload,40,0,4,493,507,0.493000000,0.007000000,507,0.999858611,0.979942348
restart_reduced_xor_random1_sampler_island_local_warmup5_except_data_ro3_1000x125_strict_20260528_ro3_warmup_neighbors.payload,40,0,5,524,476,0.524000000,0.024000000,524,0.998337377,0.932361283
restart_reduced_xor_random1_sampler_island_local_warmup5_except_data_ro3_1000x125_strict_20260528_ro3_warmup_neighbors.payload,40,0,6,504,496,0.504000000,0.004000000,504,0.999953833,0.988504361
restart_reduced_xor_random1_sampler_island_local_warmup5_except_data_ro3_1000x125_strict_20260528_ro3_warmup_neighbors.payload,40,0,7,480,520,0.480000000,0.020000000,520,0.998845536,0.943416472
restart_reduced_xor_random1_sampler_island_local_warmup5_except_data_ro3_1000x125_strict_20260528_ro3_warmup_neighbors.payload,41,1,0,520,480,0.520000000,0.020000000,520,0.998845536,0.943416472
restart_reduced_xor_random1_sampler_island_local_warmup5_except_data_ro3_1000x125_strict_20260528_ro3_warmup_neighbors.payload,41,1,1,513,487,0.513000000,0.013000000,513,0.999512314,0.962969269
restart_reduced_xor_random1_sampler_island_local_warmup5_except_data_ro3_1000x125_strict_20260528_ro3_warmup_neighbors.payload,41,1,2,498,502,0.498000000,0.002000000,502,0.999988458,0.994240731
restart_reduced_xor_random1_sampler_island_local_warmup5_except_data_ro3_1000x125_strict_20260528_ro3_warmup_neighbors.payload,41,1,3,474,526,0.474000000,0.026000000,526,0.998048596,0.926865295
restart_reduced_xor_random1_sampler_island_local_warmup5_except_data_ro3_1000x125_strict_20260528_ro3_warmup_neighbors.payload,41,1,4,498,502,0.498000000,0.002000000,502,0.999988458,0.994240731
restart_reduced_xor_random1_sampler_island_local_warmup5_except_data_ro3_1000x125_strict_20260528_ro3_warmup_neighbors.payload,41,1,5,472,528,0.472000000,0.028000000,528,0.997736670,0.921390165
restart_reduced_xor_random1_sampler_island_local_warmup5_except_data_ro3_1000x125_strict_20260528_ro3_warmup_neighbors.payload,41,1,6,486,514,0.486000000,0.014000000,514,0.999434390,0.960159735
restart_reduced_xor_random1_sampler_island_local_warmup5_except_data_ro3_1000x125_strict_20260528_ro3_warmup_neighbors.payload,41,1,7,516,484,0.516000000,0.016000000,516,0.999261214,0.954557029
restart_reduced_xor_random1_sampler_island_local_warmup5_except_data_ro3_1000x125_strict_20260528_ro3_warmup_neighbors.payload,42,2,0,515,485,0.515000000,0.015000000,515,0.999350690,0.957355663
restart_reduced_xor_random1_sampler_island_local_warmup5_except_data_ro3_1000x125_strict_20260528_ro3_warmup_neighbors.payload,42,2,1,513,487,0.513000000,0.013000000,513,0.999512314,0.962969269
restart_reduced_xor_random1_sampler_island_local_warmup5_except_data_ro3_1000x125_strict_20260528_ro3_warmup_neighbors.payload,42,2,2,515,485,0.515000000,0.015000000,515,0.999350690,0.957355663
restart_reduced_xor_random1_sampler_island_local_warmup5_except_data_ro3_1000x125_strict_20260528_ro3_warmup_neighbors.payload,42,2,3,524,476,0.524000000,0.024000000,524,0.998337377,0.932361283
restart_reduced_xor_random1_sampler_island_local_warmup5_except_data_ro3_1000x125_strict_20260528_ro3_warmup_neighbors.payload,42,2,4,525,475,0.525000000,0.025000000,525,0.998195879,0.929610672
restart_reduced_xor_random1_sampler_island_local_warmup5_except_data_ro3_1000x125_strict_20260528_ro3_warmup_neighbors.payload,42,2,5,493,507,0.493000000,0.007000000,507,0.999858611,0.979942348
restart_reduced_xor_random1_sampler_island_local_warmup5_except_data_ro3_1000x125_strict_20260528_ro3_warmup_neighbors.payload,42,2,6,504,496,0.504000000,0.004000000,504,0.999953833,0.988504361
restart_reduced_xor_random1_sampler_island_local_warmup5_except_data_ro3_1000x125_strict_20260528_ro3_warmup_neighbors.payload,42,2,7,488,512,0.488000000,0.012000000,512,0.999584464,0.965784285
restart_reduced_xor_random1_sampler_island_local_warmup5_except_data_ro3_1000x125_strict_20260528_ro3_warmup_neighbors.payload,43,3,0,503,497,0.503000000,0.003000000,503,0.999974031,0.991369695
restart_reduced_xor_random1_sampler_island_local_warmup5_except_data_ro3_1000x125_strict_20260528_ro3_warmup_neighbors.payload,43,3,1,521,479,0.521000000,0.021000000,521,0.998727169,0.940644722
restart_reduced_xor_random1_sampler_island_local_warmup5_except_data_ro3_1000x125_strict_20260528_ro3_warmup_neighbors.payload,43,3,2,492,508,0.492000000,0.008000000,508,0.999815327,0.977099598
restart_reduced_xor_random1_sampler_island_local_warmup5_except_data_ro3_1000x125_strict_20260528_ro3_warmup_neighbors.payload,43,3,3,499,501,0.499000000,0.001000000,501,0.999997115,0.997117491
restart_reduced_xor_random1_sampler_island_local_warmup5_except_data_ro3_1000x125_strict_20260528_ro3_warmup_neighbors.payload,43,3,4,503,497,0.503000000,0.003000000,503,0.999974031,0.991369695
restart_reduced_xor_random1_sampler_island_local_warmup5_except_data_ro3_1000x125_strict_20260528_ro3_warmup_neighbors.payload,43,3,5,524,476,0.524000000,0.024000000,524,0.998337377,0.932361283
restart_reduced_xor_random1_sampler_island_local_warmup5_except_data_ro3_1000x125_strict_20260528_ro3_warmup_neighbors.payload,43,3,6,514,486,0.514000000,0.014000000,514,0.999434390,0.960159735
restart_reduced_xor_random1_sampler_island_local_warmup5_except_data_ro3_1000x125_strict_20260528_ro3_warmup_neighbors.payload,43,3,7,501,499,0.501000000,0.001000000,501,0.999997115,0.997117491
restart_reduced_xor_random1_sampler_island_local_warmup5_except_data_ro3_1000x125_strict_20260528_ro3_warmup_neighbors.payload,44,4,0,498,502,0.498000000,0.002000000,502,0.999988458,0.994240731
restart_reduced_xor_random1_sampler_island_local_warmup5_except_data_ro3_1000x125_strict_20260528_ro3_warmup_neighbors.payload,44,4,1,506,494,0.506000000,0.006000000,506,0.999896123,0.982790710
restart_reduced_xor_random1_sampler_island_local_warmup5_except_data_ro3_1000x125_strict_20260528_ro3_warmup_neighbors.payload,44,4,2,510,490,0.510000000,0.010000000,510,0.999711442,0.971430848
restart_reduced_xor_random1_sampler_island_local_warmup5_except_data_ro3_1000x125_strict_20260528_ro3_warmup_neighbors.payload,44,4,3,525,475,0.525000000,0.025000000,525,0.998195879,0.929610672
restart_reduced_xor_random1_sampler_island_local_warmup5_except_data_ro3_1000x125_strict_20260528_ro3_warmup_neighbors.payload,44,4,4,492,508,0.492000000,0.008000000,508,0.999815327,0.977099598
restart_reduced_xor_random1_sampler_island_local_warmup5_except_data_ro3_1000x125_strict_20260528_ro3_warmup_neighbors.payload,44,4,5,501,499,0.501000000,0.001000000,501,0.999997115,0.997117491
restart_reduced_xor_random1_sampler_island_local_warmup5_except_data_ro3_1000x125_strict_20260528_ro3_warmup_neighbors.payload,44,4,6,504,496,0.504000000,0.004000000,504,0.999953833,0.988504361
restart_reduced_xor_random1_sampler_island_local_warmup5_except_data_ro3_1000x125_strict_20260528_ro3_warmup_neighbors.payload,44,4,7,517,483,0.517000000,0.017000000,517,0.999165962,0.951763814
restart_reduced_xor_random1_sampler_island_local_warmup5_except_data_ro3_1000x125_strict_20260528_ro3_warmup_neighbors.payload,45,5,0,503,497,0.503000000,0.003000000,503,0.999974031,0.991369695
restart_reduced_xor_random1_sampler_island_local_warmup5_except_data_ro3_1000x125_strict_20260528_ro3_warmup_neighbors.payload,45,5,1,490,510,0.490000000,0.010000000,510,0.999711442,0.971430848
restart_reduced_xor_random1_sampler_island_local_warmup5_except_data_ro3_1000x125_strict_20260528_ro3_warmup_neighbors.payload,45,5,2,494,506,0.494000000,0.006000000,506,0.999896123,0.982790710
restart_reduced_xor_random1_sampler_island_local_warmup5_except_data_ro3_1000x125_strict_20260528_ro3_warmup_neighbors.payload,45,5,3,480,520,0.480000000,0.020000000,520,0.998845536,0.943416472
restart_reduced_xor_random1_sampler_island_local_warmup5_except_data_ro3_1000x125_strict_20260528_ro3_warmup_neighbors.payload,45,5,4,527,473,0.527000000,0.027000000,527,0.997895527,0.924125133
restart_reduced_xor_random1_sampler_island_local_warmup5_except_data_ro3_1000x125_strict_20260528_ro3_warmup_neighbors.payload,45,5,5,484,516,0.484000000,0.016000000,516,0.999261214,0.954557029
restart_reduced_xor_random1_sampler_island_local_warmup5_except_data_ro3_1000x125_strict_20260528_ro3_warmup_neighbors.payload,45,5,6,510,490,0.510000000,0.010000000,510,0.999711442,0.971430848
restart_reduced_xor_random1_sampler_island_local_warmup5_except_data_ro3_1000x125_strict_20260528_ro3_warmup_neighbors.payload,45,5,7,502,498,0.502000000,0.002000000,502,0.999988458,0.994240731
restart_reduced_xor_random1_sampler_island_local_warmup5_except_data_ro3_1000x125_strict_20260528_ro3_warmup_neighbors.payload,46,6,0,456,544,0.456000000,0.044000000,544,0.994406653,0.878321443
restart_reduced_xor_random1_sampler_island_local_warmup5_except_data_ro3_1000x125_strict_20260528_ro3_warmup_neighbors.payload,46,6,1,483,517,0.483000000,0.017000000,517,0.999165962,0.951763814
restart_reduced_xor_random1_sampler_island_local_warmup5_except_data_ro3_1000x125_strict_20260528_ro3_warmup_neighbors.payload,46,6,2,508,492,0.508000000,0.008000000,508,0.999815327,0.977099598
restart_reduced_xor_random1_sampler_island_local_warmup5_except_data_ro3_1000x125_strict_20260528_ro3_warmup_neighbors.payload,46,6,3,493,507,0.493000000,0.007000000,507,0.999858611,0.979942348
restart_reduced_xor_random1_sampler_island_local_warmup5_except_data_ro3_1000x125_strict_20260528_ro3_warmup_neighbors.payload,46,6,4,504,496,0.504000000,0.004000000,504,0.999953833,0.988504361
restart_reduced_xor_random1_sampler_island_local_warmup5_except_data_ro3_1000x125_strict_20260528_ro3_warmup_neighbors.payload,46,6,5,509,491,0.509000000,0.009000000,509,0.999766271,0.974262439
restart_reduced_xor_random1_sampler_island_local_warmup5_except_data_ro3_1000x125_strict_20260528_ro3_warmup_neighbors.payload,46,6,6,497,503,0.497000000,0.003000000,503,0.999974031,0.991369695
restart_reduced_xor_random1_sampler_island_local_warmup5_except_data_ro3_1000x125_strict_20260528_ro3_warmup_neighbors.payload,46,6,7,505,495,0.505000000,0.005000000,505,0.999927864,0.985644707
restart_reduced_xor_random1_sampler_island_local_warmup5_except_data_ro3_1000x125_strict_20260528_ro3_warmup_neighbors.payload,47,7,0,526,474,0.526000000,0.026000000,526,0.998048596,0.926865295
restart_reduced_xor_random1_sampler_island_local_warmup5_except_data_ro3_1000x125_strict_20260528_ro3_warmup_neighbors.payload,47,7,1,499,501,0.499000000,0.001000000,501,0.999997115,0.997117491
restart_reduced_xor_random1_sampler_island_local_warmup5_except_data_ro3_1000x125_strict_20260528_ro3_warmup_neighbors.payload,47,7,2,514,486,0.514000000,0.014000000,514,0.999434390,0.960159735
restart_reduced_xor_random1_sampler_island_local_warmup5_except_data_ro3_1000x125_strict_20260528_ro3_warmup_neighbors.payload,47,7,3,508,492,0.508000000,0.008000000,508,0.999815327,0.977099598
restart_reduced_xor_random1_sampler_island_local_warmup5_except_data_ro3_1000x125_strict_20260528_ro3_warmup_neighbors.payload,47,7,4,499,501,0.499000000,0.001000000,501,0.999997115,0.997117491
restart_reduced_xor_random1_sampler_island_local_warmup5_except_data_ro3_1000x125_strict_20260528_ro3_warmup_neighbors.payload,47,7,5,476,524,0.476000000,0.024000000,524,0.998337377,0.932361283
restart_reduced_xor_random1_sampler_island_local_warmup5_except_data_ro3_1000x125_strict_20260528_ro3_warmup_neighbors.payload,47,7,6,532,468,0.532000000,0.032000000,532,0.997043340,0.910501849
restart_reduced_xor_random1_sampler_island_local_warmup5_except_data_ro3_1000x125_strict_20260528_ro3_warmup_neighbors.payload,47,7,7,517,483,0.517000000,0.017000000,517,0.999165962,0.951763814
restart_reduced_xor_random1_sampler_island_local_warmup5_except_data_ro3_1000x125_strict_20260528_ro3_warmup_neighbors.payload,48,0,0,516,484,0.516000000,0.016000000,516,0.999261214,0.954557029
restart_reduced_xor_random1_sampler_island_local_warmup5_except_data_ro3_1000x125_strict_20260528_ro3_warmup_neighbors.payload,48,0,1,517,483,0.517000000,0.017000000,517,0.999165962,0.951763814
restart_reduced_xor_random1_sampler_island_local_warmup5_except_data_ro3_1000x125_strict_20260528_ro3_warmup_neighbors.payload,48,0,2,523,477,0.523000000,0.023000000,523,0.998473090,0.935117148
restart_reduced_xor_random1_sampler_island_local_warmup5_except_data_ro3_1000x125_strict_20260528_ro3_warmup_neighbors.payload,48,0,3,496,504,0.496000000,0.004000000,504,0.999953833,0.988504361
restart_reduced_xor_random1_sampler_island_local_warmup5_except_data_ro3_1000x125_strict_20260528_ro3_warmup_neighbors.payload,48,0,4,498,502,0.498000000,0.002000000,502,0.999988458,0.994240731
restart_reduced_xor_random1_sampler_island_local_warmup5_except_data_ro3_1000x125_strict_20260528_ro3_warmup_neighbors.payload,48,0,5,500,500,0.500000000,0.000000000,500,1.000000000,1.000000000
restart_reduced_xor_random1_sampler_island_local_warmup5_except_data_ro3_1000x125_strict_20260528_ro3_warmup_neighbors.payload,48,0,6,491,509,0.491000000,0.009000000,509,0.999766271,0.974262439
restart_reduced_xor_random1_sampler_island_local_warmup5_except_data_ro3_1000x125_strict_20260528_ro3_warmup_neighbors.payload,48,0,7,513,487,0.513000000,0.013000000,513,0.999512314,0.962969269
restart_reduced_xor_random1_sampler_island_local_warmup5_except_data_ro3_1000x125_strict_20260528_ro3_warmup_neighbors.payload,49,1,0,507,493,0.507000000,0.007000000,507,0.999858611,0.979942348
restart_reduced_xor_random1_sampler_island_local_warmup5_except_data_ro3_1000x125_strict_20260528_ro3_warmup_neighbors.payload,49,1,1,499,501,0.499000000,0.001000000,501,0.999997115,0.997117491
restart_reduced_xor_random1_sampler_island_local_warmup5_except_data_ro3_1000x125_strict_20260528_ro3_warmup_neighbors.payload,49,1,2,502,498,0.502000000,0.002000000,502,0.999988458,0.994240731
restart_reduced_xor_random1_sampler_island_local_warmup5_except_data_ro3_1000x125_strict_20260528_ro3_warmup_neighbors.payload,49,1,3,485,515,0.485000000,0.015000000,515,0.999350690,0.957355663
restart_reduced_xor_random1_sampler_island_local_warmup5_except_data_ro3_1000x125_strict_20260528_ro3_warmup_neighbors.payload,49,1,4,511,489,0.511000000,0.011000000,511,0.999650840,0.968604804
restart_reduced_xor_random1_sampler_island_local_warmup5_except_data_ro3_1000x125_strict_20260528_ro3_warmup_neighbors.payload,49,1,5,475,525,0.475000000,0.025000000,525,0.998195879,0.929610672
restart_reduced_xor_random1_sampler_island_local_warmup5_except_data_ro3_1000x125_strict_20260528_ro3_warmup_neighbors.payload,49,1,6,488,512,0.488000000,0.012000000,512,0.999584464,0.965784285
restart_reduced_xor_random1_sampler_island_local_warmup5_except_data_ro3_1000x125_strict_20260528_ro3_warmup_neighbors.payload,49,1,7,512,488,0.512000000,0.012000000,512,0.999584464,0.965784285
restart_reduced_xor_random1_sampler_island_local_warmup5_except_data_ro3_1000x125_strict_20260528_ro3_warmup_neighbors.payload,50,2,0,523,477,0.523000000,0.023000000,523,0.998473090,0.935117148
restart_reduced_xor_random1_sampler_island_local_warmup5_except_data_ro3_1000x125_strict_20260528_ro3_warmup_neighbors.payload,50,2,1,498,502,0.498000000,0.002000000,502,0.999988458,0.994240731
restart_reduced_xor_random1_sampler_island_local_warmup5_except_data_ro3_1000x125_strict_20260528_ro3_warmup_neighbors.payload,50,2,2,499,501,0.499000000,0.001000000,501,0.999997115,0.997117491
restart_reduced_xor_random1_sampler_island_local_warmup5_except_data_ro3_1000x125_strict_20260528_ro3_warmup_neighbors.payload,50,2,3,511,489,0.511000000,0.011000000,511,0.999650840,0.968604804
restart_reduced_xor_random1_sampler_island_local_warmup5_except_data_ro3_1000x125_strict_20260528_ro3_warmup_neighbors.payload,50,2,4,493,507,0.493000000,0.007000000,507,0.999858611,0.979942348
restart_reduced_xor_random1_sampler_island_local_warmup5_except_data_ro3_1000x125_strict_20260528_ro3_warmup_neighbors.payload,50,2,5,520,480,0.520000000,0.020000000,520,0.998845536,0.943416472
restart_reduced_xor_random1_sampler_island_local_warmup5_except_data_ro3_1000x125_strict_20260528_ro3_warmup_neighbors.payload,50,2,6,481,519,0.481000000,0.019000000,519,0.998958123,0.946193556
restart_reduced_xor_random1_sampler_island_local_warmup5_except_data_ro3_1000x125_strict_20260528_ro3_warmup_neighbors.payload,50,2,7,557,443,0.557000000,0.057000000,557,0.990604956,0.844250767
restart_reduced_xor_random1_sampler_island_local_warmup5_except_data_ro3_1000x125_strict_20260528_ro3_warmup_neighbors.payload,51,3,0,519,481,0.519000000,0.019000000,519,0.998958123,0.946193556
restart_reduced_xor_random1_sampler_island_local_warmup5_except_data_ro3_1000x125_strict_20260528_ro3_warmup_neighbors.payload,51,3,1,484,516,0.484000000,0.016000000,516,0.999261214,0.954557029
restart_reduced_xor_random1_sampler_island_local_warmup5_except_data_ro3_1000x125_strict_20260528_ro3_warmup_neighbors.payload,51,3,2,516,484,0.516000000,0.016000000,516,0.999261214,0.954557029
restart_reduced_xor_random1_sampler_island_local_warmup5_except_data_ro3_1000x125_strict_20260528_ro3_warmup_neighbors.payload,51,3,3,511,489,0.511000000,0.011000000,511,0.999650840,0.968604804
restart_reduced_xor_random1_sampler_island_local_warmup5_except_data_ro3_1000x125_strict_20260528_ro3_warmup_neighbors.payload,51,3,4,514,486,0.514000000,0.014000000,514,0.999434390,0.960159735
restart_reduced_xor_random1_sampler_island_local_warmup5_except_data_ro3_1000x125_strict_20260528_ro3_warmup_neighbors.payload,51,3,5,502,498,0.502000000,0.002000000,502,0.999988458,0.994240731
restart_reduced_xor_random1_sampler_island_local_warmup5_except_data_ro3_1000x125_strict_20260528_ro3_warmup_neighbors.payload,51,3,6,476,524,0.476000000,0.024000000,524,0.998337377,0.932361283
restart_reduced_xor_random1_sampler_island_local_warmup5_except_data_ro3_1000x125_strict_20260528_ro3_warmup_neighbors.payload,51,3,7,493,507,0.493000000,0.007000000,507,0.999858611,0.979942348
restart_reduced_xor_random1_sampler_island_local_warmup5_except_data_ro3_1000x125_strict_20260528_ro3_warmup_neighbors.payload,52,4,0,515,485,0.515000000,0.015000000,515,0.999350690,0.957355663
restart_reduced_xor_random1_sampler_island_local_warmup5_except_data_ro3_1000x125_strict_20260528_ro3_warmup_neighbors.payload,52,4,1,512,488,0.512000000,0.012000000,512,0.999584464,0.965784285
restart_reduced_xor_random1_sampler_island_local_warmup5_except_data_ro3_1000x125_strict_20260528_ro3_warmup_neighbors.payload,52,4,2,508,492,0.508000000,0.008000000,508,0.999815327,0.977099598
restart_reduced_xor_random1_sampler_island_local_warmup5_except_data_ro3_1000x125_strict_20260528_ro3_warmup_neighbors.payload,52,4,3,503,497,0.503000000,0.003000000,503,0.999974031,0.991369695
restart_reduced_xor_random1_sampler_island_local_warmup5_except_data_ro3_1000x125_strict_20260528_ro3_warmup_neighbors.payload,52,4,4,490,510,0.490000000,0.010000000,510,0.999711442,0.971430848
restart_reduced_xor_random1_sampler_island_local_warmup5_except_data_ro3_1000x125_strict_20260528_ro3_warmup_neighbors.payload,52,4,5,531,469,0.531000000,0.031000000,531,0.997225361,0.913216234
restart_reduced_xor_random1_sampler_island_local_warmup5_except_data_ro3_1000x125_strict_20260528_ro3_warmup_neighbors.payload,52,4,6,510,490,0.510000000,0.010000000,510,0.999711442,0.971430848
restart_reduced_xor_random1_sampler_island_local_warmup5_except_data_ro3_1000x125_strict_20260528_ro3_warmup_neighbors.payload,52,4,7,492,508,0.492000000,0.008000000,508,0.999815327,0.977099598
restart_reduced_xor_random1_sampler_island_local_warmup5_except_data_ro3_1000x125_strict_20260528_ro3_warmup_neighbors.payload,53,5,0,487,513,0.487000000,0.013000000,513,0.999512314,0.962969269
restart_reduced_xor_random1_sampler_island_local_warmup5_except_data_ro3_1000x125_strict_20260528_ro3_warmup_neighbors.payload,53,5,1,492,508,0.492000000,0.008000000,508,0.999815327,0.977099598
restart_reduced_xor_random1_sampler_island_local_warmup5_except_data_ro3_1000x125_strict_20260528_ro3_warmup_neighbors.payload,53,5,2,502,498,0.502000000,0.002000000,502,0.999988458,0.994240731
restart_reduced_xor_random1_sampler_island_local_warmup5_except_data_ro3_1000x125_strict_20260528_ro3_warmup_neighbors.payload,53,5,3,482,518,0.482000000,0.018000000,518,0.999064932,0.948975997
restart_reduced_xor_random1_sampler_island_local_warmup5_except_data_ro3_1000x125_strict_20260528_ro3_warmup_neighbors.payload,53,5,4,512,488,0.512000000,0.012000000,512,0.999584464,0.965784285
restart_reduced_xor_random1_sampler_island_local_warmup5_except_data_ro3_1000x125_strict_20260528_ro3_warmup_neighbors.payload,53,5,5,492,508,0.492000000,0.008000000,508,0.999815327,0.977099598
restart_reduced_xor_random1_sampler_island_local_warmup5_except_data_ro3_1000x125_strict_20260528_ro3_warmup_neighbors.payload,53,5,6,513,487,0.513000000,0.013000000,513,0.999512314,0.962969269
restart_reduced_xor_random1_sampler_island_local_warmup5_except_data_ro3_1000x125_strict_20260528_ro3_warmup_neighbors.payload,53,5,7,507,493,0.507000000,0.007000000,507,0.999858611,0.979942348
restart_reduced_xor_random1_sampler_island_local_warmup5_except_data_ro3_1000x125_strict_20260528_ro3_warmup_neighbors.payload,54,6,0,500,500,0.500000000,0.000000000,500,1.000000000,1.000000000
restart_reduced_xor_random1_sampler_island_local_warmup5_except_data_ro3_1000x125_strict_20260528_ro3_warmup_neighbors.payload,54,6,1,527,473,0.527000000,0.027000000,527,0.997895527,0.924125133
restart_reduced_xor_random1_sampler_island_local_warmup5_except_data_ro3_1000x125_strict_20260528_ro3_warmup_neighbors.payload,54,6,2,505,495,0.505000000,0.005000000,505,0.999927864,0.985644707
restart_reduced_xor_random1_sampler_island_local_warmup5_except_data_ro3_1000x125_strict_20260528_ro3_warmup_neighbors.payload,54,6,3,484,516,0.484000000,0.016000000,516,0.999261214,0.954557029
restart_reduced_xor_random1_sampler_island_local_warmup5_except_data_ro3_1000x125_strict_20260528_ro3_warmup_neighbors.payload,54,6,4,492,508,0.492000000,0.008000000,508,0.999815327,0.977099598
restart_reduced_xor_random1_sampler_island_local_warmup5_except_data_ro3_1000x125_strict_20260528_ro3_warmup_neighbors.payload,54,6,5,483,517,0.483000000,0.017000000,517,0.999165962,0.951763814
restart_reduced_xor_random1_sampler_island_local_warmup5_except_data_ro3_1000x125_strict_20260528_ro3_warmup_neighbors.payload,54,6,6,502,498,0.502000000,0.002000000,502,0.999988458,0.994240731
restart_reduced_xor_random1_sampler_island_local_warmup5_except_data_ro3_1000x125_strict_20260528_ro3_warmup_neighbors.payload,54,6,7,500,500,0.500000000,0.000000000,500,1.000000000,1.000000000
restart_reduced_xor_random1_sampler_island_local_warmup5_except_data_ro3_1000x125_strict_20260528_ro3_warmup_neighbors.payload,55,7,0,491,509,0.491000000,0.009000000,509,0.999766271,0.974262439
restart_reduced_xor_random1_sampler_island_local_warmup5_except_data_ro3_1000x125_strict_20260528_ro3_warmup_neighbors.payload,55,7,1,531,469,0.531000000,0.031000000,531,0.997225361,0.913216234
restart_reduced_xor_random1_sampler_island_local_warmup5_except_data_ro3_1000x125_strict_20260528_ro3_warmup_neighbors.payload,55,7,2,510,490,0.510000000,0.010000000,510,0.999711442,0.971430848
restart_reduced_xor_random1_sampler_island_local_warmup5_except_data_ro3_1000x125_strict_20260528_ro3_warmup_neighbors.payload,55,7,3,494,506,0.494000000,0.006000000,506,0.999896123,0.982790710
restart_reduced_xor_random1_sampler_island_local_warmup5_except_data_ro3_1000x125_strict_20260528_ro3_warmup_neighbors.payload,55,7,4,516,484,0.516000000,0.016000000,516,0.999261214,0.954557029
restart_reduced_xor_random1_sampler_island_local_warmup5_except_data_ro3_1000x125_strict_20260528_ro3_warmup_neighbors.payload,55,7,5,508,492,0.508000000,0.008000000,508,0.999815327,0.977099598
restart_reduced_xor_random1_sampler_island_local_warmup5_except_data_ro3_1000x125_strict_20260528_ro3_warmup_neighbors.payload,55,7,6,519,481,0.519000000,0.019000000,519,0.998958123,0.946193556
restart_reduced_xor_random1_sampler_island_local_warmup5_except_data_ro3_1000x125_strict_20260528_ro3_warmup_neighbors.payload,55,7,7,491,509,0.491000000,0.009000000,509,0.999766271,0.974262439
restart_reduced_xor_random1_sampler_island_local_warmup5_except_data_ro3_1000x125_strict_20260528_ro3_warmup_neighbors.payload,56,0,0,486,514,0.486000000,0.014000000,514,0.999434390,0.960159735
restart_reduced_xor_random1_sampler_island_local_warmup5_except_data_ro3_1000x125_strict_20260528_ro3_warmup_neighbors.payload,56,0,1,497,503,0.497000000,0.003000000,503,0.999974031,0.991369695
restart_reduced_xor_random1_sampler_island_local_warmup5_except_data_ro3_1000x125_strict_20260528_ro3_warmup_neighbors.payload,56,0,2,509,491,0.509000000,0.009000000,509,0.999766271,0.974262439
restart_reduced_xor_random1_sampler_island_local_warmup5_except_data_ro3_1000x125_strict_20260528_ro3_warmup_neighbors.payload,56,0,3,491,509,0.491000000,0.009000000,509,0.999766271,0.974262439
restart_reduced_xor_random1_sampler_island_local_warmup5_except_data_ro3_1000x125_strict_20260528_ro3_warmup_neighbors.payload,56,0,4,478,522,0.478000000,0.022000000,522,0.998603020,0.937878288
restart_reduced_xor_random1_sampler_island_local_warmup5_except_data_ro3_1000x125_strict_20260528_ro3_warmup_neighbors.payload,56,0,5,535,465,0.535000000,0.035000000,535,0.996462505,0.902389203
restart_reduced_xor_random1_sampler_island_local_warmup5_except_data_ro3_1000x125_strict_20260528_ro3_warmup_neighbors.payload,56,0,6,488,512,0.488000000,0.012000000,512,0.999584464,0.965784285
restart_reduced_xor_random1_sampler_island_local_warmup5_except_data_ro3_1000x125_strict_20260528_ro3_warmup_neighbors.payload,56,0,7,496,504,0.496000000,0.004000000,504,0.999953833,0.988504361
restart_reduced_xor_random1_sampler_island_local_warmup5_except_data_ro3_1000x125_strict_20260528_ro3_warmup_neighbors.payload,57,1,0,517,483,0.517000000,0.017000000,517,0.999165962,0.951763814
restart_reduced_xor_random1_sampler_island_local_warmup5_except_data_ro3_1000x125_strict_20260528_ro3_warmup_neighbors.payload,57,1,1,484,516,0.484000000,0.016000000,516,0.999261214,0.954557029
restart_reduced_xor_random1_sampler_island_local_warmup5_except_data_ro3_1000x125_strict_20260528_ro3_warmup_neighbors.payload,57,1,2,478,522,0.478000000,0.022000000,522,0.998603020,0.937878288
restart_reduced_xor_random1_sampler_island_local_warmup5_except_data_ro3_1000x125_strict_20260528_ro3_warmup_neighbors.payload,57,1,3,515,485,0.515000000,0.015000000,515,0.999350690,0.957355663
restart_reduced_xor_random1_sampler_island_local_warmup5_except_data_ro3_1000x125_strict_20260528_ro3_warmup_neighbors.payload,57,1,4,505,495,0.505000000,0.005000000,505,0.999927864,0.985644707
restart_reduced_xor_random1_sampler_island_local_warmup5_except_data_ro3_1000x125_strict_20260528_ro3_warmup_neighbors.payload,57,1,5,481,519,0.481000000,0.019000000,519,0.998958123,0.946193556
restart_reduced_xor_random1_sampler_island_local_warmup5_except_data_ro3_1000x125_strict_20260528_ro3_warmup_neighbors.payload,57,1,6,512,488,0.512000000,0.012000000,512,0.999584464,0.965784285
restart_reduced_xor_random1_sampler_island_local_warmup5_except_data_ro3_1000x125_strict_20260528_ro3_warmup_neighbors.payload,57,1,7,489,511,0.489000000,0.011000000,511,0.999650840,0.968604804
restart_reduced_xor_random1_sampler_island_local_warmup5_except_data_ro3_1000x125_strict_20260528_ro3_warmup_neighbors.payload,58,2,0,479,521,0.479000000,0.021000000,521,0.998727169,0.940644722
restart_reduced_xor_random1_sampler_island_local_warmup5_except_data_ro3_1000x125_strict_20260528_ro3_warmup_neighbors.payload,58,2,1,488,512,0.488000000,0.012000000,512,0.999584464,0.965784285
restart_reduced_xor_random1_sampler_island_local_warmup5_except_data_ro3_1000x125_strict_20260528_ro3_warmup_neighbors.payload,58,2,2,528,472,0.528000000,0.028000000,528,0.997736670,0.921390165
restart_reduced_xor_random1_sampler_island_local_warmup5_except_data_ro3_1000x125_strict_20260528_ro3_warmup_neighbors.payload,58,2,3,465,535,0.465000000,0.035000000,535,0.996462505,0.902389203
restart_reduced_xor_random1_sampler_island_local_warmup5_except_data_ro3_1000x125_strict_20260528_ro3_warmup_neighbors.payload,58,2,4,503,497,0.503000000,0.003000000,503,0.999974031,0.991369695
restart_reduced_xor_random1_sampler_island_local_warmup5_except_data_ro3_1000x125_strict_20260528_ro3_warmup_neighbors.payload,58,2,5,475,525,0.475000000,0.025000000,525,0.998195879,0.929610672
restart_reduced_xor_random1_sampler_island_local_warmup5_except_data_ro3_1000x125_strict_20260528_ro3_warmup_neighbors.payload,58,2,6,482,518,0.482000000,0.018000000,518,0.999064932,0.948975997
restart_reduced_xor_random1_sampler_island_local_warmup5_except_data_ro3_1000x125_strict_20260528_ro3_warmup_neighbors.payload,58,2,7,529,471,0.529000000,0.029000000,529,0.997572025,0.918660373
restart_reduced_xor_random1_sampler_island_local_warmup5_except_data_ro3_1000x125_strict_20260528_ro3_warmup_neighbors.payload,59,3,0,465,535,0.465000000,0.035000000,535,0.996462505,0.902389203
restart_reduced_xor_random1_sampler_island_local_warmup5_except_data_ro3_1000x125_strict_20260528_ro3_warmup_neighbors.payload,59,3,1,523,477,0.523000000,0.023000000,523,0.998473090,0.935117148
restart_reduced_xor_random1_sampler_island_local_warmup5_except_data_ro3_1000x125_strict_20260528_ro3_warmup_neighbors.payload,59,3,2,526,474,0.526000000,0.026000000,526,0.998048596,0.926865295
restart_reduced_xor_random1_sampler_island_local_warmup5_except_data_ro3_1000x125_strict_20260528_ro3_warmup_neighbors.payload,59,3,3,526,474,0.526000000,0.026000000,526,0.998048596,0.926865295
restart_reduced_xor_random1_sampler_island_local_warmup5_except_data_ro3_1000x125_strict_20260528_ro3_warmup_neighbors.payload,59,3,4,492,508,0.492000000,0.008000000,508,0.999815327,0.977099598
restart_reduced_xor_random1_sampler_island_local_warmup5_except_data_ro3_1000x125_strict_20260528_ro3_warmup_neighbors.payload,59,3,5,491,509,0.491000000,0.009000000,509,0.999766271,0.974262439
restart_reduced_xor_random1_sampler_island_local_warmup5_except_data_ro3_1000x125_strict_20260528_ro3_warmup_neighbors.payload,59,3,6,494,506,0.494000000,0.006000000,506,0.999896123,0.982790710
restart_reduced_xor_random1_sampler_island_local_warmup5_except_data_ro3_1000x125_strict_20260528_ro3_warmup_neighbors.payload,59,3,7,517,483,0.517000000,0.017000000,517,0.999165962,0.951763814
restart_reduced_xor_random1_sampler_island_local_warmup5_except_data_ro3_1000x125_strict_20260528_ro3_warmup_neighbors.payload,60,4,0,514,486,0.514000000,0.014000000,514,0.999434390,0.960159735
restart_reduced_xor_random1_sampler_island_local_warmup5_except_data_ro3_1000x125_strict_20260528_ro3_warmup_neighbors.payload,60,4,1,511,489,0.511000000,0.011000000,511,0.999650840,0.968604804
restart_reduced_xor_random1_sampler_island_local_warmup5_except_data_ro3_1000x125_strict_20260528_ro3_warmup_neighbors.payload,60,4,2,489,511,0.489000000,0.011000000,511,0.999650840,0.968604804
restart_reduced_xor_random1_sampler_island_local_warmup5_except_data_ro3_1000x125_strict_20260528_ro3_warmup_neighbors.payload,60,4,3,487,513,0.487000000,0.013000000,513,0.999512314,0.962969269
restart_reduced_xor_random1_sampler_island_local_warmup5_except_data_ro3_1000x125_strict_20260528_ro3_warmup_neighbors.payload,60,4,4,505,495,0.505000000,0.005000000,505,0.999927864,0.985644707
restart_reduced_xor_random1_sampler_island_local_warmup5_except_data_ro3_1000x125_strict_20260528_ro3_warmup_neighbors.payload,60,4,5,500,500,0.500000000,0.000000000,500,1.000000000,1.000000000
restart_reduced_xor_random1_sampler_island_local_warmup5_except_data_ro3_1000x125_strict_20260528_ro3_warmup_neighbors.payload,60,4,6,490,510,0.490000000,0.010000000,510,0.999711442,0.971430848
restart_reduced_xor_random1_sampler_island_local_warmup5_except_data_ro3_1000x125_strict_20260528_ro3_warmup_neighbors.payload,60,4,7,509,491,0.509000000,0.009000000,509,0.999766271,0.974262439
restart_reduced_xor_random1_sampler_island_local_warmup5_except_data_ro3_1000x125_strict_20260528_ro3_warmup_neighbors.payload,61,5,0,516,484,0.516000000,0.016000000,516,0.999261214,0.954557029
restart_reduced_xor_random1_sampler_island_local_warmup5_except_data_ro3_1000x125_strict_20260528_ro3_warmup_neighbors.payload,61,5,1,501,499,0.501000000,0.001000000,501,0.999997115,0.997117491
restart_reduced_xor_random1_sampler_island_local_warmup5_except_data_ro3_1000x125_strict_20260528_ro3_warmup_neighbors.payload,61,5,2,518,482,0.518000000,0.018000000,518,0.999064932,0.948975997
restart_reduced_xor_random1_sampler_island_local_warmup5_except_data_ro3_1000x125_strict_20260528_ro3_warmup_neighbors.payload,61,5,3,501,499,0.501000000,0.001000000,501,0.999997115,0.997117491
restart_reduced_xor_random1_sampler_island_local_warmup5_except_data_ro3_1000x125_strict_20260528_ro3_warmup_neighbors.payload,61,5,4,467,533,0.467000000,0.033000000,533,0.996855525,0.907792562
restart_reduced_xor_random1_sampler_island_local_warmup5_except_data_ro3_1000x125_strict_20260528_ro3_warmup_neighbors.payload,61,5,5,472,528,0.472000000,0.028000000,528,0.997736670,0.921390165
restart_reduced_xor_random1_sampler_island_local_warmup5_except_data_ro3_1000x125_strict_20260528_ro3_warmup_neighbors.payload,61,5,6,487,513,0.487000000,0.013000000,513,0.999512314,0.962969269
restart_reduced_xor_random1_sampler_island_local_warmup5_except_data_ro3_1000x125_strict_20260528_ro3_warmup_neighbors.payload,61,5,7,516,484,0.516000000,0.016000000,516,0.999261214,0.954557029
restart_reduced_xor_random1_sampler_island_local_warmup5_except_data_ro3_1000x125_strict_20260528_ro3_warmup_neighbors.payload,62,6,0,490,510,0.490000000,0.010000000,510,0.999711442,0.971430848
restart_reduced_xor_random1_sampler_island_local_warmup5_except_data_ro3_1000x125_strict_20260528_ro3_warmup_neighbors.payload,62,6,1,497,503,0.497000000,0.003000000,503,0.999974031,0.991369695
restart_reduced_xor_random1_sampler_island_local_warmup5_except_data_ro3_1000x125_strict_20260528_ro3_warmup_neighbors.payload,62,6,2,508,492,0.508000000,0.008000000,508,0.999815327,0.977099598
restart_reduced_xor_random1_sampler_island_local_warmup5_except_data_ro3_1000x125_strict_20260528_ro3_warmup_neighbors.payload,62,6,3,506,494,0.506000000,0.006000000,506,0.999896123,0.982790710
restart_reduced_xor_random1_sampler_island_local_warmup5_except_data_ro3_1000x125_strict_20260528_ro3_warmup_neighbors.payload,62,6,4,505,495,0.505000000,0.005000000,505,0.999927864,0.985644707
restart_reduced_xor_random1_sampler_island_local_warmup5_except_data_ro3_1000x125_strict_20260528_ro3_warmup_neighbors.payload,62,6,5,519,481,0.519000000,0.019000000,519,0.998958123,0.946193556
restart_reduced_xor_random1_sampler_island_local_warmup5_except_data_ro3_1000x125_strict_20260528_ro3_warmup_neighbors.payload,62,6,6,495,505,0.495000000,0.005000000,505,0.999927864,0.985644707
restart_reduced_xor_random1_sampler_island_local_warmup5_except_data_ro3_1000x125_strict_20260528_ro3_warmup_neighbors.payload,62,6,7,529,471,0.529000000,0.029000000,529,0.997572025,0.918660373
restart_reduced_xor_random1_sampler_island_local_warmup5_except_data_ro3_1000x125_strict_20260528_ro3_warmup_neighbors.payload,63,7,0,501,499,0.501000000,0.001000000,501,0.999997115,0.997117491
restart_reduced_xor_random1_sampler_island_local_warmup5_except_data_ro3_1000x125_strict_20260528_ro3_warmup_neighbors.payload,63,7,1,492,508,0.492000000,0.008000000,508,0.999815327,0.977099598
restart_reduced_xor_random1_sampler_island_local_warmup5_except_data_ro3_1000x125_strict_20260528_ro3_warmup_neighbors.payload,63,7,2,502,498,0.502000000,0.002000000,502,0.999988458,0.994240731
restart_reduced_xor_random1_sampler_island_local_warmup5_except_data_ro3_1000x125_strict_20260528_ro3_warmup_neighbors.payload,63,7,3,532,468,0.532000000,0.032000000,532,0.997043340,0.910501849
restart_reduced_xor_random1_sampler_island_local_warmup5_except_data_ro3_1000x125_strict_20260528_ro3_warmup_neighbors.payload,63,7,4,516,484,0.516000000,0.016000000,516,0.999261214,0.954557029
restart_reduced_xor_random1_sampler_island_local_warmup5_except_data_ro3_1000x125_strict_20260528_ro3_warmup_neighbors.payload,63,7,5,482,518,0.482000000,0.018000000,518,0.999064932,0.948975997
restart_reduced_xor_random1_sampler_island_local_warmup5_except_data_ro3_1000x125_strict_20260528_ro3_warmup_neighbors.payload,63,7,6,485,515,0.485000000,0.015000000,515,0.999350690,0.957355663
restart_reduced_xor_random1_sampler_island_local_warmup5_except_data_ro3_1000x125_strict_20260528_ro3_warmup_neighbors.payload,63,7,7,533,467,0.533000000,0.033000000,533,0.996855525,0.907792562
restart_reduced_xor_random1_sampler_island_local_warmup5_except_data_ro3_1000x125_strict_20260528_ro3_warmup_neighbors.payload,64,0,0,469,531,0.469000000,0.031000000,531,0.997225361,0.913216234
restart_reduced_xor_random1_sampler_island_local_warmup5_except_data_ro3_1000x125_strict_20260528_ro3_warmup_neighbors.payload,64,0,1,490,510,0.490000000,0.010000000,510,0.999711442,0.971430848
restart_reduced_xor_random1_sampler_island_local_warmup5_except_data_ro3_1000x125_strict_20260528_ro3_warmup_neighbors.payload,64,0,2,493,507,0.493000000,0.007000000,507,0.999858611,0.979942348
restart_reduced_xor_random1_sampler_island_local_warmup5_except_data_ro3_1000x125_strict_20260528_ro3_warmup_neighbors.payload,64,0,3,498,502,0.498000000,0.002000000,502,0.999988458,0.994240731
restart_reduced_xor_random1_sampler_island_local_warmup5_except_data_ro3_1000x125_strict_20260528_ro3_warmup_neighbors.payload,64,0,4,493,507,0.493000000,0.007000000,507,0.999858611,0.979942348
restart_reduced_xor_random1_sampler_island_local_warmup5_except_data_ro3_1000x125_strict_20260528_ro3_warmup_neighbors.payload,64,0,5,489,511,0.489000000,0.011000000,511,0.999650840,0.968604804
restart_reduced_xor_random1_sampler_island_local_warmup5_except_data_ro3_1000x125_strict_20260528_ro3_warmup_neighbors.payload,64,0,6,499,501,0.499000000,0.001000000,501,0.999997115,0.997117491
restart_reduced_xor_random1_sampler_island_local_warmup5_except_data_ro3_1000x125_strict_20260528_ro3_warmup_neighbors.payload,64,0,7,521,479,0.521000000,0.021000000,521,0.998727169,0.940644722
restart_reduced_xor_random1_sampler_island_local_warmup5_except_data_ro3_1000x125_strict_20260528_ro3_warmup_neighbors.payload,65,1,0,525,475,0.525000000,0.025000000,525,0.998195879,0.929610672
restart_reduced_xor_random1_sampler_island_local_warmup5_except_data_ro3_1000x125_strict_20260528_ro3_warmup_neighbors.payload,65,1,1,505,495,0.505000000,0.005000000,505,0.999927864,0.985644707
restart_reduced_xor_random1_sampler_island_local_warmup5_except_data_ro3_1000x125_strict_20260528_ro3_warmup_neighbors.payload,65,1,2,500,500,0.500000000,0.000000000,500,1.000000000,1.000000000
restart_reduced_xor_random1_sampler_island_local_warmup5_except_data_ro3_1000x125_strict_20260528_ro3_warmup_neighbors.payload,65,1,3,507,493,0.507000000,0.007000000,507,0.999858611,0.979942348
restart_reduced_xor_random1_sampler_island_local_warmup5_except_data_ro3_1000x125_strict_20260528_ro3_warmup_neighbors.payload,65,1,4,505,495,0.505000000,0.005000000,505,0.999927864,0.985644707
restart_reduced_xor_random1_sampler_island_local_warmup5_except_data_ro3_1000x125_strict_20260528_ro3_warmup_neighbors.payload,65,1,5,504,496,0.504000000,0.004000000,504,0.999953833,0.988504361
restart_reduced_xor_random1_sampler_island_local_warmup5_except_data_ro3_1000x125_strict_20260528_ro3_warmup_neighbors.payload,65,1,6,512,488,0.512000000,0.012000000,512,0.999584464,0.965784285
restart_reduced_xor_random1_sampler_island_local_warmup5_except_data_ro3_1000x125_strict_20260528_ro3_warmup_neighbors.payload,65,1,7,472,528,0.472000000,0.028000000,528,0.997736670,0.921390165
restart_reduced_xor_random1_sampler_island_local_warmup5_except_data_ro3_1000x125_strict_20260528_ro3_warmup_neighbors.payload,66,2,0,519,481,0.519000000,0.019000000,519,0.998958123,0.946193556
restart_reduced_xor_random1_sampler_island_local_warmup5_except_data_ro3_1000x125_strict_20260528_ro3_warmup_neighbors.payload,66,2,1,512,488,0.512000000,0.012000000,512,0.999584464,0.965784285
restart_reduced_xor_random1_sampler_island_local_warmup5_except_data_ro3_1000x125_strict_20260528_ro3_warmup_neighbors.payload,66,2,2,497,503,0.497000000,0.003000000,503,0.999974031,0.991369695
restart_reduced_xor_random1_sampler_island_local_warmup5_except_data_ro3_1000x125_strict_20260528_ro3_warmup_neighbors.payload,66,2,3,488,512,0.488000000,0.012000000,512,0.999584464,0.965784285
restart_reduced_xor_random1_sampler_island_local_warmup5_except_data_ro3_1000x125_strict_20260528_ro3_warmup_neighbors.payload,66,2,4,511,489,0.511000000,0.011000000,511,0.999650840,0.968604804
restart_reduced_xor_random1_sampler_island_local_warmup5_except_data_ro3_1000x125_strict_20260528_ro3_warmup_neighbors.payload,66,2,5,498,502,0.498000000,0.002000000,502,0.999988458,0.994240731
restart_reduced_xor_random1_sampler_island_local_warmup5_except_data_ro3_1000x125_strict_20260528_ro3_warmup_neighbors.payload,66,2,6,525,475,0.525000000,0.025000000,525,0.998195879,0.929610672
restart_reduced_xor_random1_sampler_island_local_warmup5_except_data_ro3_1000x125_strict_20260528_ro3_warmup_neighbors.payload,66,2,7,509,491,0.509000000,0.009000000,509,0.999766271,0.974262439
restart_reduced_xor_random1_sampler_island_local_warmup5_except_data_ro3_1000x125_strict_20260528_ro3_warmup_neighbors.payload,67,3,0,507,493,0.507000000,0.007000000,507,0.999858611,0.979942348
restart_reduced_xor_random1_sampler_island_local_warmup5_except_data_ro3_1000x125_strict_20260528_ro3_warmup_neighbors.payload,67,3,1,504,496,0.504000000,0.004000000,504,0.999953833,0.988504361
restart_reduced_xor_random1_sampler_island_local_warmup5_except_data_ro3_1000x125_strict_20260528_ro3_warmup_neighbors.payload,67,3,2,525,475,0.525000000,0.025000000,525,0.998195879,0.929610672
restart_reduced_xor_random1_sampler_island_local_warmup5_except_data_ro3_1000x125_strict_20260528_ro3_warmup_neighbors.payload,67,3,3,520,480,0.520000000,0.020000000,520,0.998845536,0.943416472
restart_reduced_xor_random1_sampler_island_local_warmup5_except_data_ro3_1000x125_strict_20260528_ro3_warmup_neighbors.payload,67,3,4,509,491,0.509000000,0.009000000,509,0.999766271,0.974262439
restart_reduced_xor_random1_sampler_island_local_warmup5_except_data_ro3_1000x125_strict_20260528_ro3_warmup_neighbors.payload,67,3,5,503,497,0.503000000,0.003000000,503,0.999974031,0.991369695
restart_reduced_xor_random1_sampler_island_local_warmup5_except_data_ro3_1000x125_strict_20260528_ro3_warmup_neighbors.payload,67,3,6,502,498,0.502000000,0.002000000,502,0.999988458,0.994240731
restart_reduced_xor_random1_sampler_island_local_warmup5_except_data_ro3_1000x125_strict_20260528_ro3_warmup_neighbors.payload,67,3,7,519,481,0.519000000,0.019000000,519,0.998958123,0.946193556
restart_reduced_xor_random1_sampler_island_local_warmup5_except_data_ro3_1000x125_strict_20260528_ro3_warmup_neighbors.payload,68,4,0,491,509,0.491000000,0.009000000,509,0.999766271,0.974262439
restart_reduced_xor_random1_sampler_island_local_warmup5_except_data_ro3_1000x125_strict_20260528_ro3_warmup_neighbors.payload,68,4,1,506,494,0.506000000,0.006000000,506,0.999896123,0.982790710
restart_reduced_xor_random1_sampler_island_local_warmup5_except_data_ro3_1000x125_strict_20260528_ro3_warmup_neighbors.payload,68,4,2,526,474,0.526000000,0.026000000,526,0.998048596,0.926865295
restart_reduced_xor_random1_sampler_island_local_warmup5_except_data_ro3_1000x125_strict_20260528_ro3_warmup_neighbors.payload,68,4,3,499,501,0.499000000,0.001000000,501,0.999997115,0.997117491
restart_reduced_xor_random1_sampler_island_local_warmup5_except_data_ro3_1000x125_strict_20260528_ro3_warmup_neighbors.payload,68,4,4,496,504,0.496000000,0.004000000,504,0.999953833,0.988504361
restart_reduced_xor_random1_sampler_island_local_warmup5_except_data_ro3_1000x125_strict_20260528_ro3_warmup_neighbors.payload,68,4,5,480,520,0.480000000,0.020000000,520,0.998845536,0.943416472
restart_reduced_xor_random1_sampler_island_local_warmup5_except_data_ro3_1000x125_strict_20260528_ro3_warmup_neighbors.payload,68,4,6,508,492,0.508000000,0.008000000,508,0.999815327,0.977099598
restart_reduced_xor_random1_sampler_island_local_warmup5_except_data_ro3_1000x125_strict_20260528_ro3_warmup_neighbors.payload,68,4,7,508,492,0.508000000,0.008000000,508,0.999815327,0.977099598
restart_reduced_xor_random1_sampler_island_local_warmup5_except_data_ro3_1000x125_strict_20260528_ro3_warmup_neighbors.payload,69,5,0,512,488,0.512000000,0.012000000,512,0.999584464,0.965784285
restart_reduced_xor_random1_sampler_island_local_warmup5_except_data_ro3_1000x125_strict_20260528_ro3_warmup_neighbors.payload,69,5,1,523,477,0.523000000,0.023000000,523,0.998473090,0.935117148
restart_reduced_xor_random1_sampler_island_local_warmup5_except_data_ro3_1000x125_strict_20260528_ro3_warmup_neighbors.payload,69,5,2,520,480,0.520000000,0.020000000,520,0.998845536,0.943416472
restart_reduced_xor_random1_sampler_island_local_warmup5_except_data_ro3_1000x125_strict_20260528_ro3_warmup_neighbors.payload,69,5,3,512,488,0.512000000,0.012000000,512,0.999584464,0.965784285
restart_reduced_xor_random1_sampler_island_local_warmup5_except_data_ro3_1000x125_strict_20260528_ro3_warmup_neighbors.payload,69,5,4,471,529,0.471000000,0.029000000,529,0.997572025,0.918660373
restart_reduced_xor_random1_sampler_island_local_warmup5_except_data_ro3_1000x125_strict_20260528_ro3_warmup_neighbors.payload,69,5,5,513,487,0.513000000,0.013000000,513,0.999512314,0.962969269
restart_reduced_xor_random1_sampler_island_local_warmup5_except_data_ro3_1000x125_strict_20260528_ro3_warmup_neighbors.payload,69,5,6,498,502,0.498000000,0.002000000,502,0.999988458,0.994240731
restart_reduced_xor_random1_sampler_island_local_warmup5_except_data_ro3_1000x125_strict_20260528_ro3_warmup_neighbors.payload,69,5,7,512,488,0.512000000,0.012000000,512,0.999584464,0.965784285
restart_reduced_xor_random1_sampler_island_local_warmup5_except_data_ro3_1000x125_strict_20260528_ro3_warmup_neighbors.payload,70,6,0,508,492,0.508000000,0.008000000,508,0.999815327,0.977099598
restart_reduced_xor_random1_sampler_island_local_warmup5_except_data_ro3_1000x125_strict_20260528_ro3_warmup_neighbors.payload,70,6,1,491,509,0.491000000,0.009000000,509,0.999766271,0.974262439
restart_reduced_xor_random1_sampler_island_local_warmup5_except_data_ro3_1000x125_strict_20260528_ro3_warmup_neighbors.payload,70,6,2,520,480,0.520000000,0.020000000,520,0.998845536,0.943416472
restart_reduced_xor_random1_sampler_island_local_warmup5_except_data_ro3_1000x125_strict_20260528_ro3_warmup_neighbors.payload,70,6,3,513,487,0.513000000,0.013000000,513,0.999512314,0.962969269
restart_reduced_xor_random1_sampler_island_local_warmup5_except_data_ro3_1000x125_strict_20260528_ro3_warmup_neighbors.payload,70,6,4,487,513,0.487000000,0.013000000,513,0.999512314,0.962969269
restart_reduced_xor_random1_sampler_island_local_warmup5_except_data_ro3_1000x125_strict_20260528_ro3_warmup_neighbors.payload,70,6,5,489,511,0.489000000,0.011000000,511,0.999650840,0.968604804
restart_reduced_xor_random1_sampler_island_local_warmup5_except_data_ro3_1000x125_strict_20260528_ro3_warmup_neighbors.payload,70,6,6,464,536,0.464000000,0.036000000,536,0.996257297,0.899695094
restart_reduced_xor_random1_sampler_island_local_warmup5_except_data_ro3_1000x125_strict_20260528_ro3_warmup_neighbors.payload,70,6,7,511,489,0.511000000,0.011000000,511,0.999650840,0.968604804
restart_reduced_xor_random1_sampler_island_local_warmup5_except_data_ro3_1000x125_strict_20260528_ro3_warmup_neighbors.payload,71,7,0,511,489,0.511000000,0.011000000,511,0.999650840,0.968604804
restart_reduced_xor_random1_sampler_island_local_warmup5_except_data_ro3_1000x125_strict_20260528_ro3_warmup_neighbors.payload,71,7,1,489,511,0.489000000,0.011000000,511,0.999650840,0.968604804
restart_reduced_xor_random1_sampler_island_local_warmup5_except_data_ro3_1000x125_strict_20260528_ro3_warmup_neighbors.payload,71,7,2,490,510,0.490000000,0.010000000,510,0.999711442,0.971430848
restart_reduced_xor_random1_sampler_island_local_warmup5_except_data_ro3_1000x125_strict_20260528_ro3_warmup_neighbors.payload,71,7,3,513,487,0.513000000,0.013000000,513,0.999512314,0.962969269
restart_reduced_xor_random1_sampler_island_local_warmup5_except_data_ro3_1000x125_strict_20260528_ro3_warmup_neighbors.payload,71,7,4,471,529,0.471000000,0.029000000,529,0.997572025,0.918660373
restart_reduced_xor_random1_sampler_island_local_warmup5_except_data_ro3_1000x125_strict_20260528_ro3_warmup_neighbors.payload,71,7,5,509,491,0.509000000,0.009000000,509,0.999766271,0.974262439
restart_reduced_xor_random1_sampler_island_local_warmup5_except_data_ro3_1000x125_strict_20260528_ro3_warmup_neighbors.payload,71,7,6,489,511,0.489000000,0.011000000,511,0.999650840,0.968604804
restart_reduced_xor_random1_sampler_island_local_warmup5_except_data_ro3_1000x125_strict_20260528_ro3_warmup_neighbors.payload,71,7,7,500,500,0.500000000,0.000000000,500,1.000000000,1.000000000
restart_reduced_xor_random1_sampler_island_local_warmup5_except_data_ro3_1000x125_strict_20260528_ro3_warmup_neighbors.payload,72,0,0,489,511,0.489000000,0.011000000,511,0.999650840,0.968604804
restart_reduced_xor_random1_sampler_island_local_warmup5_except_data_ro3_1000x125_strict_20260528_ro3_warmup_neighbors.payload,72,0,1,517,483,0.517000000,0.017000000,517,0.999165962,0.951763814
restart_reduced_xor_random1_sampler_island_local_warmup5_except_data_ro3_1000x125_strict_20260528_ro3_warmup_neighbors.payload,72,0,2,493,507,0.493000000,0.007000000,507,0.999858611,0.979942348
restart_reduced_xor_random1_sampler_island_local_warmup5_except_data_ro3_1000x125_strict_20260528_ro3_warmup_neighbors.payload,72,0,3,490,510,0.490000000,0.010000000,510,0.999711442,0.971430848
restart_reduced_xor_random1_sampler_island_local_warmup5_except_data_ro3_1000x125_strict_20260528_ro3_warmup_neighbors.payload,72,0,4,505,495,0.505000000,0.005000000,505,0.999927864,0.985644707
restart_reduced_xor_random1_sampler_island_local_warmup5_except_data_ro3_1000x125_strict_20260528_ro3_warmup_neighbors.payload,72,0,5,495,505,0.495000000,0.005000000,505,0.999927864,0.985644707
restart_reduced_xor_random1_sampler_island_local_warmup5_except_data_ro3_1000x125_strict_20260528_ro3_warmup_neighbors.payload,72,0,6,510,490,0.510000000,0.010000000,510,0.999711442,0.971430848
restart_reduced_xor_random1_sampler_island_local_warmup5_except_data_ro3_1000x125_strict_20260528_ro3_warmup_neighbors.payload,72,0,7,501,499,0.501000000,0.001000000,501,0.999997115,0.997117491
restart_reduced_xor_random1_sampler_island_local_warmup5_except_data_ro3_1000x125_strict_20260528_ro3_warmup_neighbors.payload,73,1,0,510,490,0.510000000,0.010000000,510,0.999711442,0.971430848
restart_reduced_xor_random1_sampler_island_local_warmup5_except_data_ro3_1000x125_strict_20260528_ro3_warmup_neighbors.payload,73,1,1,486,514,0.486000000,0.014000000,514,0.999434390,0.960159735
restart_reduced_xor_random1_sampler_island_local_warmup5_except_data_ro3_1000x125_strict_20260528_ro3_warmup_neighbors.payload,73,1,2,505,495,0.505000000,0.005000000,505,0.999927864,0.985644707
restart_reduced_xor_random1_sampler_island_local_warmup5_except_data_ro3_1000x125_strict_20260528_ro3_warmup_neighbors.payload,73,1,3,485,515,0.485000000,0.015000000,515,0.999350690,0.957355663
restart_reduced_xor_random1_sampler_island_local_warmup5_except_data_ro3_1000x125_strict_20260528_ro3_warmup_neighbors.payload,73,1,4,476,524,0.476000000,0.024000000,524,0.998337377,0.932361283
restart_reduced_xor_random1_sampler_island_local_warmup5_except_data_ro3_1000x125_strict_20260528_ro3_warmup_neighbors.payload,73,1,5,528,472,0.528000000,0.028000000,528,0.997736670,0.921390165
restart_reduced_xor_random1_sampler_island_local_warmup5_except_data_ro3_1000x125_strict_20260528_ro3_warmup_neighbors.payload,73,1,6,511,489,0.511000000,0.011000000,511,0.999650840,0.968604804
restart_reduced_xor_random1_sampler_island_local_warmup5_except_data_ro3_1000x125_strict_20260528_ro3_warmup_neighbors.payload,73,1,7,499,501,0.499000000,0.001000000,501,0.999997115,0.997117491
restart_reduced_xor_random1_sampler_island_local_warmup5_except_data_ro3_1000x125_strict_20260528_ro3_warmup_neighbors.payload,74,2,0,500,500,0.500000000,0.000000000,500,1.000000000,1.000000000
restart_reduced_xor_random1_sampler_island_local_warmup5_except_data_ro3_1000x125_strict_20260528_ro3_warmup_neighbors.payload,74,2,1,508,492,0.508000000,0.008000000,508,0.999815327,0.977099598
restart_reduced_xor_random1_sampler_island_local_warmup5_except_data_ro3_1000x125_strict_20260528_ro3_warmup_neighbors.payload,74,2,2,506,494,0.506000000,0.006000000,506,0.999896123,0.982790710
restart_reduced_xor_random1_sampler_island_local_warmup5_except_data_ro3_1000x125_strict_20260528_ro3_warmup_neighbors.payload,74,2,3,514,486,0.514000000,0.014000000,514,0.999434390,0.960159735
restart_reduced_xor_random1_sampler_island_local_warmup5_except_data_ro3_1000x125_strict_20260528_ro3_warmup_neighbors.payload,74,2,4,512,488,0.512000000,0.012000000,512,0.999584464,0.965784285
restart_reduced_xor_random1_sampler_island_local_warmup5_except_data_ro3_1000x125_strict_20260528_ro3_warmup_neighbors.payload,74,2,5,505,495,0.505000000,0.005000000,505,0.999927864,0.985644707
restart_reduced_xor_random1_sampler_island_local_warmup5_except_data_ro3_1000x125_strict_20260528_ro3_warmup_neighbors.payload,74,2,6,503,497,0.503000000,0.003000000,503,0.999974031,0.991369695
restart_reduced_xor_random1_sampler_island_local_warmup5_except_data_ro3_1000x125_strict_20260528_ro3_warmup_neighbors.payload,74,2,7,491,509,0.491000000,0.009000000,509,0.999766271,0.974262439
restart_reduced_xor_random1_sampler_island_local_warmup5_except_data_ro3_1000x125_strict_20260528_ro3_warmup_neighbors.payload,75,3,0,506,494,0.506000000,0.006000000,506,0.999896123,0.982790710
restart_reduced_xor_random1_sampler_island_local_warmup5_except_data_ro3_1000x125_strict_20260528_ro3_warmup_neighbors.payload,75,3,1,489,511,0.489000000,0.011000000,511,0.999650840,0.968604804
restart_reduced_xor_random1_sampler_island_local_warmup5_except_data_ro3_1000x125_strict_20260528_ro3_warmup_neighbors.payload,75,3,2,519,481,0.519000000,0.019000000,519,0.998958123,0.946193556
restart_reduced_xor_random1_sampler_island_local_warmup5_except_data_ro3_1000x125_strict_20260528_ro3_warmup_neighbors.payload,75,3,3,472,528,0.472000000,0.028000000,528,0.997736670,0.921390165
restart_reduced_xor_random1_sampler_island_local_warmup5_except_data_ro3_1000x125_strict_20260528_ro3_warmup_neighbors.payload,75,3,4,473,527,0.473000000,0.027000000,527,0.997895527,0.924125133
restart_reduced_xor_random1_sampler_island_local_warmup5_except_data_ro3_1000x125_strict_20260528_ro3_warmup_neighbors.payload,75,3,5,497,503,0.497000000,0.003000000,503,0.999974031,0.991369695
restart_reduced_xor_random1_sampler_island_local_warmup5_except_data_ro3_1000x125_strict_20260528_ro3_warmup_neighbors.payload,75,3,6,502,498,0.502000000,0.002000000,502,0.999988458,0.994240731
restart_reduced_xor_random1_sampler_island_local_warmup5_except_data_ro3_1000x125_strict_20260528_ro3_warmup_neighbors.payload,75,3,7,486,514,0.486000000,0.014000000,514,0.999434390,0.960159735
restart_reduced_xor_random1_sampler_island_local_warmup5_except_data_ro3_1000x125_strict_20260528_ro3_warmup_neighbors.payload,76,4,0,525,475,0.525000000,0.025000000,525,0.998195879,0.929610672
restart_reduced_xor_random1_sampler_island_local_warmup5_except_data_ro3_1000x125_strict_20260528_ro3_warmup_neighbors.payload,76,4,1,486,514,0.486000000,0.014000000,514,0.999434390,0.960159735
restart_reduced_xor_random1_sampler_island_local_warmup5_except_data_ro3_1000x125_strict_20260528_ro3_warmup_neighbors.payload,76,4,2,521,479,0.521000000,0.021000000,521,0.998727169,0.940644722
restart_reduced_xor_random1_sampler_island_local_warmup5_except_data_ro3_1000x125_strict_20260528_ro3_warmup_neighbors.payload,76,4,3,511,489,0.511000000,0.011000000,511,0.999650840,0.968604804
restart_reduced_xor_random1_sampler_island_local_warmup5_except_data_ro3_1000x125_strict_20260528_ro3_warmup_neighbors.payload,76,4,4,492,508,0.492000000,0.008000000,508,0.999815327,0.977099598
restart_reduced_xor_random1_sampler_island_local_warmup5_except_data_ro3_1000x125_strict_20260528_ro3_warmup_neighbors.payload,76,4,5,502,498,0.502000000,0.002000000,502,0.999988458,0.994240731
restart_reduced_xor_random1_sampler_island_local_warmup5_except_data_ro3_1000x125_strict_20260528_ro3_warmup_neighbors.payload,76,4,6,504,496,0.504000000,0.004000000,504,0.999953833,0.988504361
restart_reduced_xor_random1_sampler_island_local_warmup5_except_data_ro3_1000x125_strict_20260528_ro3_warmup_neighbors.payload,76,4,7,525,475,0.525000000,0.025000000,525,0.998195879,0.929610672
restart_reduced_xor_random1_sampler_island_local_warmup5_except_data_ro3_1000x125_strict_20260528_ro3_warmup_neighbors.payload,77,5,0,494,506,0.494000000,0.006000000,506,0.999896123,0.982790710
restart_reduced_xor_random1_sampler_island_local_warmup5_except_data_ro3_1000x125_strict_20260528_ro3_warmup_neighbors.payload,77,5,1,521,479,0.521000000,0.021000000,521,0.998727169,0.940644722
restart_reduced_xor_random1_sampler_island_local_warmup5_except_data_ro3_1000x125_strict_20260528_ro3_warmup_neighbors.payload,77,5,2,467,533,0.467000000,0.033000000,533,0.996855525,0.907792562
restart_reduced_xor_random1_sampler_island_local_warmup5_except_data_ro3_1000x125_strict_20260528_ro3_warmup_neighbors.payload,77,5,3,493,507,0.493000000,0.007000000,507,0.999858611,0.979942348
restart_reduced_xor_random1_sampler_island_local_warmup5_except_data_ro3_1000x125_strict_20260528_ro3_warmup_neighbors.payload,77,5,4,510,490,0.510000000,0.010000000,510,0.999711442,0.971430848
restart_reduced_xor_random1_sampler_island_local_warmup5_except_data_ro3_1000x125_strict_20260528_ro3_warmup_neighbors.payload,77,5,5,504,496,0.504000000,0.004000000,504,0.999953833,0.988504361
restart_reduced_xor_random1_sampler_island_local_warmup5_except_data_ro3_1000x125_strict_20260528_ro3_warmup_neighbors.payload,77,5,6,500,500,0.500000000,0.000000000,500,1.000000000,1.000000000
restart_reduced_xor_random1_sampler_island_local_warmup5_except_data_ro3_1000x125_strict_20260528_ro3_warmup_neighbors.payload,77,5,7,494,506,0.494000000,0.006000000,506,0.999896123,0.982790710
restart_reduced_xor_random1_sampler_island_local_warmup5_except_data_ro3_1000x125_strict_20260528_ro3_warmup_neighbors.payload,78,6,0,493,507,0.493000000,0.007000000,507,0.999858611,0.979942348
restart_reduced_xor_random1_sampler_island_local_warmup5_except_data_ro3_1000x125_strict_20260528_ro3_warmup_neighbors.payload,78,6,1,494,506,0.494000000,0.006000000,506,0.999896123,0.982790710
restart_reduced_xor_random1_sampler_island_local_warmup5_except_data_ro3_1000x125_strict_20260528_ro3_warmup_neighbors.payload,78,6,2,520,480,0.520000000,0.020000000,520,0.998845536,0.943416472
restart_reduced_xor_random1_sampler_island_local_warmup5_except_data_ro3_1000x125_strict_20260528_ro3_warmup_neighbors.payload,78,6,3,468,532,0.468000000,0.032000000,532,0.997043340,0.910501849
restart_reduced_xor_random1_sampler_island_local_warmup5_except_data_ro3_1000x125_strict_20260528_ro3_warmup_neighbors.payload,78,6,4,519,481,0.519000000,0.019000000,519,0.998958123,0.946193556
restart_reduced_xor_random1_sampler_island_local_warmup5_except_data_ro3_1000x125_strict_20260528_ro3_warmup_neighbors.payload,78,6,5,461,539,0.461000000,0.039000000,539,0.995606861,0.891642822
restart_reduced_xor_random1_sampler_island_local_warmup5_except_data_ro3_1000x125_strict_20260528_ro3_warmup_neighbors.payload,78,6,6,515,485,0.515000000,0.015000000,515,0.999350690,0.957355663
restart_reduced_xor_random1_sampler_island_local_warmup5_except_data_ro3_1000x125_strict_20260528_ro3_warmup_neighbors.payload,78,6,7,521,479,0.521000000,0.021000000,521,0.998727169,0.940644722
restart_reduced_xor_random1_sampler_island_local_warmup5_except_data_ro3_1000x125_strict_20260528_ro3_warmup_neighbors.payload,79,7,0,508,492,0.508000000,0.008000000,508,0.999815327,0.977099598
restart_reduced_xor_random1_sampler_island_local_warmup5_except_data_ro3_1000x125_strict_20260528_ro3_warmup_neighbors.payload,79,7,1,499,501,0.499000000,0.001000000,501,0.999997115,0.997117491
restart_reduced_xor_random1_sampler_island_local_warmup5_except_data_ro3_1000x125_strict_20260528_ro3_warmup_neighbors.payload,79,7,2,504,496,0.504000000,0.004000000,504,0.999953833,0.988504361
restart_reduced_xor_random1_sampler_island_local_warmup5_except_data_ro3_1000x125_strict_20260528_ro3_warmup_neighbors.payload,79,7,3,530,470,0.530000000,0.030000000,530,0.997401589,0.915935735
restart_reduced_xor_random1_sampler_island_local_warmup5_except_data_ro3_1000x125_strict_20260528_ro3_warmup_neighbors.payload,79,7,4,507,493,0.507000000,0.007000000,507,0.999858611,0.979942348
restart_reduced_xor_random1_sampler_island_local_warmup5_except_data_ro3_1000x125_strict_20260528_ro3_warmup_neighbors.payload,79,7,5,513,487,0.513000000,0.013000000,513,0.999512314,0.962969269
restart_reduced_xor_random1_sampler_island_local_warmup5_except_data_ro3_1000x125_strict_20260528_ro3_warmup_neighbors.payload,79,7,6,494,506,0.494000000,0.006000000,506,0.999896123,0.982790710
restart_reduced_xor_random1_sampler_island_local_warmup5_except_data_ro3_1000x125_strict_20260528_ro3_warmup_neighbors.payload,79,7,7,496,504,0.496000000,0.004000000,504,0.999953833,0.988504361
restart_reduced_xor_random1_sampler_island_local_warmup5_except_data_ro3_1000x125_strict_20260528_ro3_warmup_neighbors.payload,80,0,0,494,506,0.494000000,0.006000000,506,0.999896123,0.982790710
restart_reduced_xor_random1_sampler_island_local_warmup5_except_data_ro3_1000x125_strict_20260528_ro3_warmup_neighbors.payload,80,0,1,506,494,0.506000000,0.006000000,506,0.999896123,0.982790710
restart_reduced_xor_random1_sampler_island_local_warmup5_except_data_ro3_1000x125_strict_20260528_ro3_warmup_neighbors.payload,80,0,2,497,503,0.497000000,0.003000000,503,0.999974031,0.991369695
restart_reduced_xor_random1_sampler_island_local_warmup5_except_data_ro3_1000x125_strict_20260528_ro3_warmup_neighbors.payload,80,0,3,505,495,0.505000000,0.005000000,505,0.999927864,0.985644707
restart_reduced_xor_random1_sampler_island_local_warmup5_except_data_ro3_1000x125_strict_20260528_ro3_warmup_neighbors.payload,80,0,4,523,477,0.523000000,0.023000000,523,0.998473090,0.935117148
restart_reduced_xor_random1_sampler_island_local_warmup5_except_data_ro3_1000x125_strict_20260528_ro3_warmup_neighbors.payload,80,0,5,477,523,0.477000000,0.023000000,523,0.998473090,0.935117148
restart_reduced_xor_random1_sampler_island_local_warmup5_except_data_ro3_1000x125_strict_20260528_ro3_warmup_neighbors.payload,80,0,6,491,509,0.491000000,0.009000000,509,0.999766271,0.974262439
restart_reduced_xor_random1_sampler_island_local_warmup5_except_data_ro3_1000x125_strict_20260528_ro3_warmup_neighbors.payload,80,0,7,493,507,0.493000000,0.007000000,507,0.999858611,0.979942348
restart_reduced_xor_random1_sampler_island_local_warmup5_except_data_ro3_1000x125_strict_20260528_ro3_warmup_neighbors.payload,81,1,0,509,491,0.509000000,0.009000000,509,0.999766271,0.974262439
restart_reduced_xor_random1_sampler_island_local_warmup5_except_data_ro3_1000x125_strict_20260528_ro3_warmup_neighbors.payload,81,1,1,537,463,0.537000000,0.037000000,537,0.996046288,0.897006007
restart_reduced_xor_random1_sampler_island_local_warmup5_except_data_ro3_1000x125_strict_20260528_ro3_warmup_neighbors.payload,81,1,2,494,506,0.494000000,0.006000000,506,0.999896123,0.982790710
restart_reduced_xor_random1_sampler_island_local_warmup5_except_data_ro3_1000x125_strict_20260528_ro3_warmup_neighbors.payload,81,1,3,503,497,0.503000000,0.003000000,503,0.999974031,0.991369695
restart_reduced_xor_random1_sampler_island_local_warmup5_except_data_ro3_1000x125_strict_20260528_ro3_warmup_neighbors.payload,81,1,4,508,492,0.508000000,0.008000000,508,0.999815327,0.977099598
restart_reduced_xor_random1_sampler_island_local_warmup5_except_data_ro3_1000x125_strict_20260528_ro3_warmup_neighbors.payload,81,1,5,483,517,0.483000000,0.017000000,517,0.999165962,0.951763814
restart_reduced_xor_random1_sampler_island_local_warmup5_except_data_ro3_1000x125_strict_20260528_ro3_warmup_neighbors.payload,81,1,6,525,475,0.525000000,0.025000000,525,0.998195879,0.929610672
restart_reduced_xor_random1_sampler_island_local_warmup5_except_data_ro3_1000x125_strict_20260528_ro3_warmup_neighbors.payload,81,1,7,480,520,0.480000000,0.020000000,520,0.998845536,0.943416472
restart_reduced_xor_random1_sampler_island_local_warmup5_except_data_ro3_1000x125_strict_20260528_ro3_warmup_neighbors.payload,82,2,0,507,493,0.507000000,0.007000000,507,0.999858611,0.979942348
restart_reduced_xor_random1_sampler_island_local_warmup5_except_data_ro3_1000x125_strict_20260528_ro3_warmup_neighbors.payload,82,2,1,464,536,0.464000000,0.036000000,536,0.996257297,0.899695094
restart_reduced_xor_random1_sampler_island_local_warmup5_except_data_ro3_1000x125_strict_20260528_ro3_warmup_neighbors.payload,82,2,2,525,475,0.525000000,0.025000000,525,0.998195879,0.929610672
restart_reduced_xor_random1_sampler_island_local_warmup5_except_data_ro3_1000x125_strict_20260528_ro3_warmup_neighbors.payload,82,2,3,506,494,0.506000000,0.006000000,506,0.999896123,0.982790710
restart_reduced_xor_random1_sampler_island_local_warmup5_except_data_ro3_1000x125_strict_20260528_ro3_warmup_neighbors.payload,82,2,4,469,531,0.469000000,0.031000000,531,0.997225361,0.913216234
restart_reduced_xor_random1_sampler_island_local_warmup5_except_data_ro3_1000x125_strict_20260528_ro3_warmup_neighbors.payload,82,2,5,512,488,0.512000000,0.012000000,512,0.999584464,0.965784285
restart_reduced_xor_random1_sampler_island_local_warmup5_except_data_ro3_1000x125_strict_20260528_ro3_warmup_neighbors.payload,82,2,6,497,503,0.497000000,0.003000000,503,0.999974031,0.991369695
restart_reduced_xor_random1_sampler_island_local_warmup5_except_data_ro3_1000x125_strict_20260528_ro3_warmup_neighbors.payload,82,2,7,489,511,0.489000000,0.011000000,511,0.999650840,0.968604804
restart_reduced_xor_random1_sampler_island_local_warmup5_except_data_ro3_1000x125_strict_20260528_ro3_warmup_neighbors.payload,83,3,0,515,485,0.515000000,0.015000000,515,0.999350690,0.957355663
restart_reduced_xor_random1_sampler_island_local_warmup5_except_data_ro3_1000x125_strict_20260528_ro3_warmup_neighbors.payload,83,3,1,531,469,0.531000000,0.031000000,531,0.997225361,0.913216234
restart_reduced_xor_random1_sampler_island_local_warmup5_except_data_ro3_1000x125_strict_20260528_ro3_warmup_neighbors.payload,83,3,2,489,511,0.489000000,0.011000000,511,0.999650840,0.968604804
restart_reduced_xor_random1_sampler_island_local_warmup5_except_data_ro3_1000x125_strict_20260528_ro3_warmup_neighbors.payload,83,3,3,509,491,0.509000000,0.009000000,509,0.999766271,0.974262439
restart_reduced_xor_random1_sampler_island_local_warmup5_except_data_ro3_1000x125_strict_20260528_ro3_warmup_neighbors.payload,83,3,4,511,489,0.511000000,0.011000000,511,0.999650840,0.968604804
restart_reduced_xor_random1_sampler_island_local_warmup5_except_data_ro3_1000x125_strict_20260528_ro3_warmup_neighbors.payload,83,3,5,502,498,0.502000000,0.002000000,502,0.999988458,0.994240731
restart_reduced_xor_random1_sampler_island_local_warmup5_except_data_ro3_1000x125_strict_20260528_ro3_warmup_neighbors.payload,83,3,6,507,493,0.507000000,0.007000000,507,0.999858611,0.979942348
restart_reduced_xor_random1_sampler_island_local_warmup5_except_data_ro3_1000x125_strict_20260528_ro3_warmup_neighbors.payload,83,3,7,514,486,0.514000000,0.014000000,514,0.999434390,0.960159735
restart_reduced_xor_random1_sampler_island_local_warmup5_except_data_ro3_1000x125_strict_20260528_ro3_warmup_neighbors.payload,84,4,0,521,479,0.521000000,0.021000000,521,0.998727169,0.940644722
restart_reduced_xor_random1_sampler_island_local_warmup5_except_data_ro3_1000x125_strict_20260528_ro3_warmup_neighbors.payload,84,4,1,487,513,0.487000000,0.013000000,513,0.999512314,0.962969269
restart_reduced_xor_random1_sampler_island_local_warmup5_except_data_ro3_1000x125_strict_20260528_ro3_warmup_neighbors.payload,84,4,2,505,495,0.505000000,0.005000000,505,0.999927864,0.985644707
restart_reduced_xor_random1_sampler_island_local_warmup5_except_data_ro3_1000x125_strict_20260528_ro3_warmup_neighbors.payload,84,4,3,536,464,0.536000000,0.036000000,536,0.996257297,0.899695094
restart_reduced_xor_random1_sampler_island_local_warmup5_except_data_ro3_1000x125_strict_20260528_ro3_warmup_neighbors.payload,84,4,4,502,498,0.502000000,0.002000000,502,0.999988458,0.994240731
restart_reduced_xor_random1_sampler_island_local_warmup5_except_data_ro3_1000x125_strict_20260528_ro3_warmup_neighbors.payload,84,4,5,516,484,0.516000000,0.016000000,516,0.999261214,0.954557029
restart_reduced_xor_random1_sampler_island_local_warmup5_except_data_ro3_1000x125_strict_20260528_ro3_warmup_neighbors.payload,84,4,6,501,499,0.501000000,0.001000000,501,0.999997115,0.997117491
restart_reduced_xor_random1_sampler_island_local_warmup5_except_data_ro3_1000x125_strict_20260528_ro3_warmup_neighbors.payload,84,4,7,479,521,0.479000000,0.021000000,521,0.998727169,0.940644722
restart_reduced_xor_random1_sampler_island_local_warmup5_except_data_ro3_1000x125_strict_20260528_ro3_warmup_neighbors.payload,85,5,0,500,500,0.500000000,0.000000000,500,1.000000000,1.000000000
restart_reduced_xor_random1_sampler_island_local_warmup5_except_data_ro3_1000x125_strict_20260528_ro3_warmup_neighbors.payload,85,5,1,505,495,0.505000000,0.005000000,505,0.999927864,0.985644707
restart_reduced_xor_random1_sampler_island_local_warmup5_except_data_ro3_1000x125_strict_20260528_ro3_warmup_neighbors.payload,85,5,2,515,485,0.515000000,0.015000000,515,0.999350690,0.957355663
restart_reduced_xor_random1_sampler_island_local_warmup5_except_data_ro3_1000x125_strict_20260528_ro3_warmup_neighbors.payload,85,5,3,512,488,0.512000000,0.012000000,512,0.999584464,0.965784285
restart_reduced_xor_random1_sampler_island_local_warmup5_except_data_ro3_1000x125_strict_20260528_ro3_warmup_neighbors.payload,85,5,4,515,485,0.515000000,0.015000000,515,0.999350690,0.957355663
restart_reduced_xor_random1_sampler_island_local_warmup5_except_data_ro3_1000x125_strict_20260528_ro3_warmup_neighbors.payload,85,5,5,531,469,0.531000000,0.031000000,531,0.997225361,0.913216234
restart_reduced_xor_random1_sampler_island_local_warmup5_except_data_ro3_1000x125_strict_20260528_ro3_warmup_neighbors.payload,85,5,6,497,503,0.497000000,0.003000000,503,0.999974031,0.991369695
restart_reduced_xor_random1_sampler_island_local_warmup5_except_data_ro3_1000x125_strict_20260528_ro3_warmup_neighbors.payload,85,5,7,484,516,0.484000000,0.016000000,516,0.999261214,0.954557029
restart_reduced_xor_random1_sampler_island_local_warmup5_except_data_ro3_1000x125_strict_20260528_ro3_warmup_neighbors.payload,86,6,0,489,511,0.489000000,0.011000000,511,0.999650840,0.968604804
restart_reduced_xor_random1_sampler_island_local_warmup5_except_data_ro3_1000x125_strict_20260528_ro3_warmup_neighbors.payload,86,6,1,495,505,0.495000000,0.005000000,505,0.999927864,0.985644707
restart_reduced_xor_random1_sampler_island_local_warmup5_except_data_ro3_1000x125_strict_20260528_ro3_warmup_neighbors.payload,86,6,2,509,491,0.509000000,0.009000000,509,0.999766271,0.974262439
restart_reduced_xor_random1_sampler_island_local_warmup5_except_data_ro3_1000x125_strict_20260528_ro3_warmup_neighbors.payload,86,6,3,482,518,0.482000000,0.018000000,518,0.999064932,0.948975997
restart_reduced_xor_random1_sampler_island_local_warmup5_except_data_ro3_1000x125_strict_20260528_ro3_warmup_neighbors.payload,86,6,4,509,491,0.509000000,0.009000000,509,0.999766271,0.974262439
restart_reduced_xor_random1_sampler_island_local_warmup5_except_data_ro3_1000x125_strict_20260528_ro3_warmup_neighbors.payload,86,6,5,510,490,0.510000000,0.010000000,510,0.999711442,0.971430848
restart_reduced_xor_random1_sampler_island_local_warmup5_except_data_ro3_1000x125_strict_20260528_ro3_warmup_neighbors.payload,86,6,6,507,493,0.507000000,0.007000000,507,0.999858611,0.979942348
restart_reduced_xor_random1_sampler_island_local_warmup5_except_data_ro3_1000x125_strict_20260528_ro3_warmup_neighbors.payload,86,6,7,493,507,0.493000000,0.007000000,507,0.999858611,0.979942348
restart_reduced_xor_random1_sampler_island_local_warmup5_except_data_ro3_1000x125_strict_20260528_ro3_warmup_neighbors.payload,87,7,0,504,496,0.504000000,0.004000000,504,0.999953833,0.988504361
restart_reduced_xor_random1_sampler_island_local_warmup5_except_data_ro3_1000x125_strict_20260528_ro3_warmup_neighbors.payload,87,7,1,507,493,0.507000000,0.007000000,507,0.999858611,0.979942348
restart_reduced_xor_random1_sampler_island_local_warmup5_except_data_ro3_1000x125_strict_20260528_ro3_warmup_neighbors.payload,87,7,2,490,510,0.490000000,0.010000000,510,0.999711442,0.971430848
restart_reduced_xor_random1_sampler_island_local_warmup5_except_data_ro3_1000x125_strict_20260528_ro3_warmup_neighbors.payload,87,7,3,502,498,0.502000000,0.002000000,502,0.999988458,0.994240731
restart_reduced_xor_random1_sampler_island_local_warmup5_except_data_ro3_1000x125_strict_20260528_ro3_warmup_neighbors.payload,87,7,4,527,473,0.527000000,0.027000000,527,0.997895527,0.924125133
restart_reduced_xor_random1_sampler_island_local_warmup5_except_data_ro3_1000x125_strict_20260528_ro3_warmup_neighbors.payload,87,7,5,494,506,0.494000000,0.006000000,506,0.999896123,0.982790710
restart_reduced_xor_random1_sampler_island_local_warmup5_except_data_ro3_1000x125_strict_20260528_ro3_warmup_neighbors.payload,87,7,6,510,490,0.510000000,0.010000000,510,0.999711442,0.971430848
restart_reduced_xor_random1_sampler_island_local_warmup5_except_data_ro3_1000x125_strict_20260528_ro3_warmup_neighbors.payload,87,7,7,495,505,0.495000000,0.005000000,505,0.999927864,0.985644707
restart_reduced_xor_random1_sampler_island_local_warmup5_except_data_ro3_1000x125_strict_20260528_ro3_warmup_neighbors.payload,88,0,0,501,499,0.501000000,0.001000000,501,0.999997115,0.997117491
restart_reduced_xor_random1_sampler_island_local_warmup5_except_data_ro3_1000x125_strict_20260528_ro3_warmup_neighbors.payload,88,0,1,483,517,0.483000000,0.017000000,517,0.999165962,0.951763814
restart_reduced_xor_random1_sampler_island_local_warmup5_except_data_ro3_1000x125_strict_20260528_ro3_warmup_neighbors.payload,88,0,2,498,502,0.498000000,0.002000000,502,0.999988458,0.994240731
restart_reduced_xor_random1_sampler_island_local_warmup5_except_data_ro3_1000x125_strict_20260528_ro3_warmup_neighbors.payload,88,0,3,501,499,0.501000000,0.001000000,501,0.999997115,0.997117491
restart_reduced_xor_random1_sampler_island_local_warmup5_except_data_ro3_1000x125_strict_20260528_ro3_warmup_neighbors.payload,88,0,4,538,462,0.538000000,0.038000000,538,0.995829476,0.894321922
restart_reduced_xor_random1_sampler_island_local_warmup5_except_data_ro3_1000x125_strict_20260528_ro3_warmup_neighbors.payload,88,0,5,489,511,0.489000000,0.011000000,511,0.999650840,0.968604804
restart_reduced_xor_random1_sampler_island_local_warmup5_except_data_ro3_1000x125_strict_20260528_ro3_warmup_neighbors.payload,88,0,6,508,492,0.508000000,0.008000000,508,0.999815327,0.977099598
restart_reduced_xor_random1_sampler_island_local_warmup5_except_data_ro3_1000x125_strict_20260528_ro3_warmup_neighbors.payload,88,0,7,494,506,0.494000000,0.006000000,506,0.999896123,0.982790710
restart_reduced_xor_random1_sampler_island_local_warmup5_except_data_ro3_1000x125_strict_20260528_ro3_warmup_neighbors.payload,89,1,0,509,491,0.509000000,0.009000000,509,0.999766271,0.974262439
restart_reduced_xor_random1_sampler_island_local_warmup5_except_data_ro3_1000x125_strict_20260528_ro3_warmup_neighbors.payload,89,1,1,514,486,0.514000000,0.014000000,514,0.999434390,0.960159735
restart_reduced_xor_random1_sampler_island_local_warmup5_except_data_ro3_1000x125_strict_20260528_ro3_warmup_neighbors.payload,89,1,2,498,502,0.498000000,0.002000000,502,0.999988458,0.994240731
restart_reduced_xor_random1_sampler_island_local_warmup5_except_data_ro3_1000x125_strict_20260528_ro3_warmup_neighbors.payload,89,1,3,502,498,0.502000000,0.002000000,502,0.999988458,0.994240731
restart_reduced_xor_random1_sampler_island_local_warmup5_except_data_ro3_1000x125_strict_20260528_ro3_warmup_neighbors.payload,89,1,4,531,469,0.531000000,0.031000000,531,0.997225361,0.913216234
restart_reduced_xor_random1_sampler_island_local_warmup5_except_data_ro3_1000x125_strict_20260528_ro3_warmup_neighbors.payload,89,1,5,517,483,0.517000000,0.017000000,517,0.999165962,0.951763814
restart_reduced_xor_random1_sampler_island_local_warmup5_except_data_ro3_1000x125_strict_20260528_ro3_warmup_neighbors.payload,89,1,6,487,513,0.487000000,0.013000000,513,0.999512314,0.962969269
restart_reduced_xor_random1_sampler_island_local_warmup5_except_data_ro3_1000x125_strict_20260528_ro3_warmup_neighbors.payload,89,1,7,480,520,0.480000000,0.020000000,520,0.998845536,0.943416472
restart_reduced_xor_random1_sampler_island_local_warmup5_except_data_ro3_1000x125_strict_20260528_ro3_warmup_neighbors.payload,90,2,0,502,498,0.502000000,0.002000000,502,0.999988458,0.994240731
restart_reduced_xor_random1_sampler_island_local_warmup5_except_data_ro3_1000x125_strict_20260528_ro3_warmup_neighbors.payload,90,2,1,543,457,0.543000000,0.043000000,543,0.994658318,0.880975897
restart_reduced_xor_random1_sampler_island_local_warmup5_except_data_ro3_1000x125_strict_20260528_ro3_warmup_neighbors.payload,90,2,2,485,515,0.485000000,0.015000000,515,0.999350690,0.957355663
restart_reduced_xor_random1_sampler_island_local_warmup5_except_data_ro3_1000x125_strict_20260528_ro3_warmup_neighbors.payload,90,2,3,485,515,0.485000000,0.015000000,515,0.999350690,0.957355663
restart_reduced_xor_random1_sampler_island_local_warmup5_except_data_ro3_1000x125_strict_20260528_ro3_warmup_neighbors.payload,90,2,4,502,498,0.502000000,0.002000000,502,0.999988458,0.994240731
restart_reduced_xor_random1_sampler_island_local_warmup5_except_data_ro3_1000x125_strict_20260528_ro3_warmup_neighbors.payload,90,2,5,515,485,0.515000000,0.015000000,515,0.999350690,0.957355663
restart_reduced_xor_random1_sampler_island_local_warmup5_except_data_ro3_1000x125_strict_20260528_ro3_warmup_neighbors.payload,90,2,6,502,498,0.502000000,0.002000000,502,0.999988458,0.994240731
restart_reduced_xor_random1_sampler_island_local_warmup5_except_data_ro3_1000x125_strict_20260528_ro3_warmup_neighbors.payload,90,2,7,529,471,0.529000000,0.029000000,529,0.997572025,0.918660373
restart_reduced_xor_random1_sampler_island_local_warmup5_except_data_ro3_1000x125_strict_20260528_ro3_warmup_neighbors.payload,91,3,0,511,489,0.511000000,0.011000000,511,0.999650840,0.968604804
restart_reduced_xor_random1_sampler_island_local_warmup5_except_data_ro3_1000x125_strict_20260528_ro3_warmup_neighbors.payload,91,3,1,479,521,0.479000000,0.021000000,521,0.998727169,0.940644722
restart_reduced_xor_random1_sampler_island_local_warmup5_except_data_ro3_1000x125_strict_20260528_ro3_warmup_neighbors.payload,91,3,2,528,472,0.528000000,0.028000000,528,0.997736670,0.921390165
restart_reduced_xor_random1_sampler_island_local_warmup5_except_data_ro3_1000x125_strict_20260528_ro3_warmup_neighbors.payload,91,3,3,497,503,0.497000000,0.003000000,503,0.999974031,0.991369695
restart_reduced_xor_random1_sampler_island_local_warmup5_except_data_ro3_1000x125_strict_20260528_ro3_warmup_neighbors.payload,91,3,4,516,484,0.516000000,0.016000000,516,0.999261214,0.954557029
restart_reduced_xor_random1_sampler_island_local_warmup5_except_data_ro3_1000x125_strict_20260528_ro3_warmup_neighbors.payload,91,3,5,520,480,0.520000000,0.020000000,520,0.998845536,0.943416472
restart_reduced_xor_random1_sampler_island_local_warmup5_except_data_ro3_1000x125_strict_20260528_ro3_warmup_neighbors.payload,91,3,6,532,468,0.532000000,0.032000000,532,0.997043340,0.910501849
restart_reduced_xor_random1_sampler_island_local_warmup5_except_data_ro3_1000x125_strict_20260528_ro3_warmup_neighbors.payload,91,3,7,498,502,0.498000000,0.002000000,502,0.999988458,0.994240731
restart_reduced_xor_random1_sampler_island_local_warmup5_except_data_ro3_1000x125_strict_20260528_ro3_warmup_neighbors.payload,92,4,0,513,487,0.513000000,0.013000000,513,0.999512314,0.962969269
restart_reduced_xor_random1_sampler_island_local_warmup5_except_data_ro3_1000x125_strict_20260528_ro3_warmup_neighbors.payload,92,4,1,517,483,0.517000000,0.017000000,517,0.999165962,0.951763814
restart_reduced_xor_random1_sampler_island_local_warmup5_except_data_ro3_1000x125_strict_20260528_ro3_warmup_neighbors.payload,92,4,2,518,482,0.518000000,0.018000000,518,0.999064932,0.948975997
restart_reduced_xor_random1_sampler_island_local_warmup5_except_data_ro3_1000x125_strict_20260528_ro3_warmup_neighbors.payload,92,4,3,465,535,0.465000000,0.035000000,535,0.996462505,0.902389203
restart_reduced_xor_random1_sampler_island_local_warmup5_except_data_ro3_1000x125_strict_20260528_ro3_warmup_neighbors.payload,92,4,4,497,503,0.497000000,0.003000000,503,0.999974031,0.991369695
restart_reduced_xor_random1_sampler_island_local_warmup5_except_data_ro3_1000x125_strict_20260528_ro3_warmup_neighbors.payload,92,4,5,502,498,0.502000000,0.002000000,502,0.999988458,0.994240731
restart_reduced_xor_random1_sampler_island_local_warmup5_except_data_ro3_1000x125_strict_20260528_ro3_warmup_neighbors.payload,92,4,6,510,490,0.510000000,0.010000000,510,0.999711442,0.971430848
restart_reduced_xor_random1_sampler_island_local_warmup5_except_data_ro3_1000x125_strict_20260528_ro3_warmup_neighbors.payload,92,4,7,554,446,0.554000000,0.054000000,554,0.991569769,0.852042119
restart_reduced_xor_random1_sampler_island_local_warmup5_except_data_ro3_1000x125_strict_20260528_ro3_warmup_neighbors.payload,93,5,0,491,509,0.491000000,0.009000000,509,0.999766271,0.974262439
restart_reduced_xor_random1_sampler_island_local_warmup5_except_data_ro3_1000x125_strict_20260528_ro3_warmup_neighbors.payload,93,5,1,504,496,0.504000000,0.004000000,504,0.999953833,0.988504361
restart_reduced_xor_random1_sampler_island_local_warmup5_except_data_ro3_1000x125_strict_20260528_ro3_warmup_neighbors.payload,93,5,2,499,501,0.499000000,0.001000000,501,0.999997115,0.997117491
restart_reduced_xor_random1_sampler_island_local_warmup5_except_data_ro3_1000x125_strict_20260528_ro3_warmup_neighbors.payload,93,5,3,506,494,0.506000000,0.006000000,506,0.999896123,0.982790710
restart_reduced_xor_random1_sampler_island_local_warmup5_except_data_ro3_1000x125_strict_20260528_ro3_warmup_neighbors.payload,93,5,4,489,511,0.489000000,0.011000000,511,0.999650840,0.968604804
restart_reduced_xor_random1_sampler_island_local_warmup5_except_data_ro3_1000x125_strict_20260528_ro3_warmup_neighbors.payload,93,5,5,464,536,0.464000000,0.036000000,536,0.996257297,0.899695094
restart_reduced_xor_random1_sampler_island_local_warmup5_except_data_ro3_1000x125_strict_20260528_ro3_warmup_neighbors.payload,93,5,6,512,488,0.512000000,0.012000000,512,0.999584464,0.965784285
restart_reduced_xor_random1_sampler_island_local_warmup5_except_data_ro3_1000x125_strict_20260528_ro3_warmup_neighbors.payload,93,5,7,507,493,0.507000000,0.007000000,507,0.999858611,0.979942348
restart_reduced_xor_random1_sampler_island_local_warmup5_except_data_ro3_1000x125_strict_20260528_ro3_warmup_neighbors.payload,94,6,0,506,494,0.506000000,0.006000000,506,0.999896123,0.982790710
restart_reduced_xor_random1_sampler_island_local_warmup5_except_data_ro3_1000x125_strict_20260528_ro3_warmup_neighbors.payload,94,6,1,512,488,0.512000000,0.012000000,512,0.999584464,0.965784285
restart_reduced_xor_random1_sampler_island_local_warmup5_except_data_ro3_1000x125_strict_20260528_ro3_warmup_neighbors.payload,94,6,2,472,528,0.472000000,0.028000000,528,0.997736670,0.921390165
restart_reduced_xor_random1_sampler_island_local_warmup5_except_data_ro3_1000x125_strict_20260528_ro3_warmup_neighbors.payload,94,6,3,480,520,0.480000000,0.020000000,520,0.998845536,0.943416472
restart_reduced_xor_random1_sampler_island_local_warmup5_except_data_ro3_1000x125_strict_20260528_ro3_warmup_neighbors.payload,94,6,4,502,498,0.502000000,0.002000000,502,0.999988458,0.994240731
restart_reduced_xor_random1_sampler_island_local_warmup5_except_data_ro3_1000x125_strict_20260528_ro3_warmup_neighbors.payload,94,6,5,517,483,0.517000000,0.017000000,517,0.999165962,0.951763814
restart_reduced_xor_random1_sampler_island_local_warmup5_except_data_ro3_1000x125_strict_20260528_ro3_warmup_neighbors.payload,94,6,6,497,503,0.497000000,0.003000000,503,0.999974031,0.991369695
restart_reduced_xor_random1_sampler_island_local_warmup5_except_data_ro3_1000x125_strict_20260528_ro3_warmup_neighbors.payload,94,6,7,536,464,0.536000000,0.036000000,536,0.996257297,0.899695094
restart_reduced_xor_random1_sampler_island_local_warmup5_except_data_ro3_1000x125_strict_20260528_ro3_warmup_neighbors.payload,95,7,0,540,460,0.540000000,0.040000000,540,0.995378439,0.888968688
restart_reduced_xor_random1_sampler_island_local_warmup5_except_data_ro3_1000x125_strict_20260528_ro3_warmup_neighbors.payload,95,7,1,525,475,0.525000000,0.025000000,525,0.998195879,0.929610672
restart_reduced_xor_random1_sampler_island_local_warmup5_except_data_ro3_1000x125_strict_20260528_ro3_warmup_neighbors.payload,95,7,2,477,523,0.477000000,0.023000000,523,0.998473090,0.935117148
restart_reduced_xor_random1_sampler_island_local_warmup5_except_data_ro3_1000x125_strict_20260528_ro3_warmup_neighbors.payload,95,7,3,516,484,0.516000000,0.016000000,516,0.999261214,0.954557029
restart_reduced_xor_random1_sampler_island_local_warmup5_except_data_ro3_1000x125_strict_20260528_ro3_warmup_neighbors.payload,95,7,4,499,501,0.499000000,0.001000000,501,0.999997115,0.997117491
restart_reduced_xor_random1_sampler_island_local_warmup5_except_data_ro3_1000x125_strict_20260528_ro3_warmup_neighbors.payload,95,7,5,504,496,0.504000000,0.004000000,504,0.999953833,0.988504361
restart_reduced_xor_random1_sampler_island_local_warmup5_except_data_ro3_1000x125_strict_20260528_ro3_warmup_neighbors.payload,95,7,6,476,524,0.476000000,0.024000000,524,0.998337377,0.932361283
restart_reduced_xor_random1_sampler_island_local_warmup5_except_data_ro3_1000x125_strict_20260528_ro3_warmup_neighbors.payload,95,7,7,479,521,0.479000000,0.021000000,521,0.998727169,0.940644722
restart_reduced_xor_random1_sampler_island_local_warmup5_except_data_ro3_1000x125_strict_20260528_ro3_warmup_neighbors.payload,96,0,0,499,501,0.499000000,0.001000000,501,0.999997115,0.997117491
restart_reduced_xor_random1_sampler_island_local_warmup5_except_data_ro3_1000x125_strict_20260528_ro3_warmup_neighbors.payload,96,0,1,502,498,0.502000000,0.002000000,502,0.999988458,0.994240731
restart_reduced_xor_random1_sampler_island_local_warmup5_except_data_ro3_1000x125_strict_20260528_ro3_warmup_neighbors.payload,96,0,2,481,519,0.481000000,0.019000000,519,0.998958123,0.946193556
restart_reduced_xor_random1_sampler_island_local_warmup5_except_data_ro3_1000x125_strict_20260528_ro3_warmup_neighbors.payload,96,0,3,493,507,0.493000000,0.007000000,507,0.999858611,0.979942348
restart_reduced_xor_random1_sampler_island_local_warmup5_except_data_ro3_1000x125_strict_20260528_ro3_warmup_neighbors.payload,96,0,4,510,490,0.510000000,0.010000000,510,0.999711442,0.971430848
restart_reduced_xor_random1_sampler_island_local_warmup5_except_data_ro3_1000x125_strict_20260528_ro3_warmup_neighbors.payload,96,0,5,510,490,0.510000000,0.010000000,510,0.999711442,0.971430848
restart_reduced_xor_random1_sampler_island_local_warmup5_except_data_ro3_1000x125_strict_20260528_ro3_warmup_neighbors.payload,96,0,6,500,500,0.500000000,0.000000000,500,1.000000000,1.000000000
restart_reduced_xor_random1_sampler_island_local_warmup5_except_data_ro3_1000x125_strict_20260528_ro3_warmup_neighbors.payload,96,0,7,511,489,0.511000000,0.011000000,511,0.999650840,0.968604804
restart_reduced_xor_random1_sampler_island_local_warmup5_except_data_ro3_1000x125_strict_20260528_ro3_warmup_neighbors.payload,97,1,0,517,483,0.517000000,0.017000000,517,0.999165962,0.951763814
restart_reduced_xor_random1_sampler_island_local_warmup5_except_data_ro3_1000x125_strict_20260528_ro3_warmup_neighbors.payload,97,1,1,482,518,0.482000000,0.018000000,518,0.999064932,0.948975997
restart_reduced_xor_random1_sampler_island_local_warmup5_except_data_ro3_1000x125_strict_20260528_ro3_warmup_neighbors.payload,97,1,2,496,504,0.496000000,0.004000000,504,0.999953833,0.988504361
restart_reduced_xor_random1_sampler_island_local_warmup5_except_data_ro3_1000x125_strict_20260528_ro3_warmup_neighbors.payload,97,1,3,502,498,0.502000000,0.002000000,502,0.999988458,0.994240731
restart_reduced_xor_random1_sampler_island_local_warmup5_except_data_ro3_1000x125_strict_20260528_ro3_warmup_neighbors.payload,97,1,4,492,508,0.492000000,0.008000000,508,0.999815327,0.977099598
restart_reduced_xor_random1_sampler_island_local_warmup5_except_data_ro3_1000x125_strict_20260528_ro3_warmup_neighbors.payload,97,1,5,521,479,0.521000000,0.021000000,521,0.998727169,0.940644722
restart_reduced_xor_random1_sampler_island_local_warmup5_except_data_ro3_1000x125_strict_20260528_ro3_warmup_neighbors.payload,97,1,6,505,495,0.505000000,0.005000000,505,0.999927864,0.985644707
restart_reduced_xor_random1_sampler_island_local_warmup5_except_data_ro3_1000x125_strict_20260528_ro3_warmup_neighbors.payload,97,1,7,499,501,0.499000000,0.001000000,501,0.999997115,0.997117491
restart_reduced_xor_random1_sampler_island_local_warmup5_except_data_ro3_1000x125_strict_20260528_ro3_warmup_neighbors.payload,98,2,0,518,482,0.518000000,0.018000000,518,0.999064932,0.948975997
restart_reduced_xor_random1_sampler_island_local_warmup5_except_data_ro3_1000x125_strict_20260528_ro3_warmup_neighbors.payload,98,2,1,513,487,0.513000000,0.013000000,513,0.999512314,0.962969269
restart_reduced_xor_random1_sampler_island_local_warmup5_except_data_ro3_1000x125_strict_20260528_ro3_warmup_neighbors.payload,98,2,2,524,476,0.524000000,0.024000000,524,0.998337377,0.932361283
restart_reduced_xor_random1_sampler_island_local_warmup5_except_data_ro3_1000x125_strict_20260528_ro3_warmup_neighbors.payload,98,2,3,526,474,0.526000000,0.026000000,526,0.998048596,0.926865295
restart_reduced_xor_random1_sampler_island_local_warmup5_except_data_ro3_1000x125_strict_20260528_ro3_warmup_neighbors.payload,98,2,4,470,530,0.470000000,0.030000000,530,0.997401589,0.915935735
restart_reduced_xor_random1_sampler_island_local_warmup5_except_data_ro3_1000x125_strict_20260528_ro3_warmup_neighbors.payload,98,2,5,507,493,0.507000000,0.007000000,507,0.999858611,0.979942348
restart_reduced_xor_random1_sampler_island_local_warmup5_except_data_ro3_1000x125_strict_20260528_ro3_warmup_neighbors.payload,98,2,6,514,486,0.514000000,0.014000000,514,0.999434390,0.960159735
restart_reduced_xor_random1_sampler_island_local_warmup5_except_data_ro3_1000x125_strict_20260528_ro3_warmup_neighbors.payload,98,2,7,530,470,0.530000000,0.030000000,530,0.997401589,0.915935735
restart_reduced_xor_random1_sampler_island_local_warmup5_except_data_ro3_1000x125_strict_20260528_ro3_warmup_neighbors.payload,99,3,0,514,486,0.514000000,0.014000000,514,0.999434390,0.960159735
restart_reduced_xor_random1_sampler_island_local_warmup5_except_data_ro3_1000x125_strict_20260528_ro3_warmup_neighbors.payload,99,3,1,509,491,0.509000000,0.009000000,509,0.999766271,0.974262439
restart_reduced_xor_random1_sampler_island_local_warmup5_except_data_ro3_1000x125_strict_20260528_ro3_warmup_neighbors.payload,99,3,2,464,536,0.464000000,0.036000000,536,0.996257297,0.899695094
restart_reduced_xor_random1_sampler_island_local_warmup5_except_data_ro3_1000x125_strict_20260528_ro3_warmup_neighbors.payload,99,3,3,484,516,0.484000000,0.016000000,516,0.999261214,0.954557029
restart_reduced_xor_random1_sampler_island_local_warmup5_except_data_ro3_1000x125_strict_20260528_ro3_warmup_neighbors.payload,99,3,4,474,526,0.474000000,0.026000000,526,0.998048596,0.926865295
restart_reduced_xor_random1_sampler_island_local_warmup5_except_data_ro3_1000x125_strict_20260528_ro3_warmup_neighbors.payload,99,3,5,488,512,0.488000000,0.012000000,512,0.999584464,0.965784285
restart_reduced_xor_random1_sampler_island_local_warmup5_except_data_ro3_1000x125_strict_20260528_ro3_warmup_neighbors.payload,99,3,6,501,499,0.501000000,0.001000000,501,0.999997115,0.997117491
restart_reduced_xor_random1_sampler_island_local_warmup5_except_data_ro3_1000x125_strict_20260528_ro3_warmup_neighbors.payload,99,3,7,507,493,0.507000000,0.007000000,507,0.999858611,0.979942348
restart_reduced_xor_random1_sampler_island_local_warmup5_except_data_ro3_1000x125_strict_20260528_ro3_warmup_neighbors.payload,100,4,0,493,507,0.493000000,0.007000000,507,0.999858611,0.979942348
restart_reduced_xor_random1_sampler_island_local_warmup5_except_data_ro3_1000x125_strict_20260528_ro3_warmup_neighbors.payload,100,4,1,513,487,0.513000000,0.013000000,513,0.999512314,0.962969269
restart_reduced_xor_random1_sampler_island_local_warmup5_except_data_ro3_1000x125_strict_20260528_ro3_warmup_neighbors.payload,100,4,2,525,475,0.525000000,0.025000000,525,0.998195879,0.929610672
restart_reduced_xor_random1_sampler_island_local_warmup5_except_data_ro3_1000x125_strict_20260528_ro3_warmup_neighbors.payload,100,4,3,492,508,0.492000000,0.008000000,508,0.999815327,0.977099598
restart_reduced_xor_random1_sampler_island_local_warmup5_except_data_ro3_1000x125_strict_20260528_ro3_warmup_neighbors.payload,100,4,4,516,484,0.516000000,0.016000000,516,0.999261214,0.954557029
restart_reduced_xor_random1_sampler_island_local_warmup5_except_data_ro3_1000x125_strict_20260528_ro3_warmup_neighbors.payload,100,4,5,518,482,0.518000000,0.018000000,518,0.999064932,0.948975997
restart_reduced_xor_random1_sampler_island_local_warmup5_except_data_ro3_1000x125_strict_20260528_ro3_warmup_neighbors.payload,100,4,6,534,466,0.534000000,0.034000000,534,0.996661914,0.905088353
restart_reduced_xor_random1_sampler_island_local_warmup5_except_data_ro3_1000x125_strict_20260528_ro3_warmup_neighbors.payload,100,4,7,521,479,0.521000000,0.021000000,521,0.998727169,0.940644722
restart_reduced_xor_random1_sampler_island_local_warmup5_except_data_ro3_1000x125_strict_20260528_ro3_warmup_neighbors.payload,101,5,0,512,488,0.512000000,0.012000000,512,0.999584464,0.965784285
restart_reduced_xor_random1_sampler_island_local_warmup5_except_data_ro3_1000x125_strict_20260528_ro3_warmup_neighbors.payload,101,5,1,503,497,0.503000000,0.003000000,503,0.999974031,0.991369695
restart_reduced_xor_random1_sampler_island_local_warmup5_except_data_ro3_1000x125_strict_20260528_ro3_warmup_neighbors.payload,101,5,2,492,508,0.492000000,0.008000000,508,0.999815327,0.977099598
restart_reduced_xor_random1_sampler_island_local_warmup5_except_data_ro3_1000x125_strict_20260528_ro3_warmup_neighbors.payload,101,5,3,522,478,0.522000000,0.022000000,522,0.998603020,0.937878288
restart_reduced_xor_random1_sampler_island_local_warmup5_except_data_ro3_1000x125_strict_20260528_ro3_warmup_neighbors.payload,101,5,4,502,498,0.502000000,0.002000000,502,0.999988458,0.994240731
restart_reduced_xor_random1_sampler_island_local_warmup5_except_data_ro3_1000x125_strict_20260528_ro3_warmup_neighbors.payload,101,5,5,497,503,0.497000000,0.003000000,503,0.999974031,0.991369695
restart_reduced_xor_random1_sampler_island_local_warmup5_except_data_ro3_1000x125_strict_20260528_ro3_warmup_neighbors.payload,101,5,6,480,520,0.480000000,0.020000000,520,0.998845536,0.943416472
restart_reduced_xor_random1_sampler_island_local_warmup5_except_data_ro3_1000x125_strict_20260528_ro3_warmup_neighbors.payload,101,5,7,509,491,0.509000000,0.009000000,509,0.999766271,0.974262439
restart_reduced_xor_random1_sampler_island_local_warmup5_except_data_ro3_1000x125_strict_20260528_ro3_warmup_neighbors.payload,102,6,0,499,501,0.499000000,0.001000000,501,0.999997115,0.997117491
restart_reduced_xor_random1_sampler_island_local_warmup5_except_data_ro3_1000x125_strict_20260528_ro3_warmup_neighbors.payload,102,6,1,497,503,0.497000000,0.003000000,503,0.999974031,0.991369695
restart_reduced_xor_random1_sampler_island_local_warmup5_except_data_ro3_1000x125_strict_20260528_ro3_warmup_neighbors.payload,102,6,2,528,472,0.528000000,0.028000000,528,0.997736670,0.921390165
restart_reduced_xor_random1_sampler_island_local_warmup5_except_data_ro3_1000x125_strict_20260528_ro3_warmup_neighbors.payload,102,6,3,511,489,0.511000000,0.011000000,511,0.999650840,0.968604804
restart_reduced_xor_random1_sampler_island_local_warmup5_except_data_ro3_1000x125_strict_20260528_ro3_warmup_neighbors.payload,102,6,4,499,501,0.499000000,0.001000000,501,0.999997115,0.997117491
restart_reduced_xor_random1_sampler_island_local_warmup5_except_data_ro3_1000x125_strict_20260528_ro3_warmup_neighbors.payload,102,6,5,502,498,0.502000000,0.002000000,502,0.999988458,0.994240731
restart_reduced_xor_random1_sampler_island_local_warmup5_except_data_ro3_1000x125_strict_20260528_ro3_warmup_neighbors.payload,102,6,6,508,492,0.508000000,0.008000000,508,0.999815327,0.977099598
restart_reduced_xor_random1_sampler_island_local_warmup5_except_data_ro3_1000x125_strict_20260528_ro3_warmup_neighbors.payload,102,6,7,522,478,0.522000000,0.022000000,522,0.998603020,0.937878288
restart_reduced_xor_random1_sampler_island_local_warmup5_except_data_ro3_1000x125_strict_20260528_ro3_warmup_neighbors.payload,103,7,0,517,483,0.517000000,0.017000000,517,0.999165962,0.951763814
restart_reduced_xor_random1_sampler_island_local_warmup5_except_data_ro3_1000x125_strict_20260528_ro3_warmup_neighbors.payload,103,7,1,497,503,0.497000000,0.003000000,503,0.999974031,0.991369695
restart_reduced_xor_random1_sampler_island_local_warmup5_except_data_ro3_1000x125_strict_20260528_ro3_warmup_neighbors.payload,103,7,2,487,513,0.487000000,0.013000000,513,0.999512314,0.962969269
restart_reduced_xor_random1_sampler_island_local_warmup5_except_data_ro3_1000x125_strict_20260528_ro3_warmup_neighbors.payload,103,7,3,504,496,0.504000000,0.004000000,504,0.999953833,0.988504361
restart_reduced_xor_random1_sampler_island_local_warmup5_except_data_ro3_1000x125_strict_20260528_ro3_warmup_neighbors.payload,103,7,4,499,501,0.499000000,0.001000000,501,0.999997115,0.997117491
restart_reduced_xor_random1_sampler_island_local_warmup5_except_data_ro3_1000x125_strict_20260528_ro3_warmup_neighbors.payload,103,7,5,501,499,0.501000000,0.001000000,501,0.999997115,0.997117491
restart_reduced_xor_random1_sampler_island_local_warmup5_except_data_ro3_1000x125_strict_20260528_ro3_warmup_neighbors.payload,103,7,6,514,486,0.514000000,0.014000000,514,0.999434390,0.960159735
restart_reduced_xor_random1_sampler_island_local_warmup5_except_data_ro3_1000x125_strict_20260528_ro3_warmup_neighbors.payload,103,7,7,541,459,0.541000000,0.041000000,541,0.995144209,0.886299501
restart_reduced_xor_random1_sampler_island_local_warmup5_except_data_ro3_1000x125_strict_20260528_ro3_warmup_neighbors.payload,104,0,0,503,497,0.503000000,0.003000000,503,0.999974031,0.991369695
restart_reduced_xor_random1_sampler_island_local_warmup5_except_data_ro3_1000x125_strict_20260528_ro3_warmup_neighbors.payload,104,0,1,514,486,0.514000000,0.014000000,514,0.999434390,0.960159735
restart_reduced_xor_random1_sampler_island_local_warmup5_except_data_ro3_1000x125_strict_20260528_ro3_warmup_neighbors.payload,104,0,2,491,509,0.491000000,0.009000000,509,0.999766271,0.974262439
restart_reduced_xor_random1_sampler_island_local_warmup5_except_data_ro3_1000x125_strict_20260528_ro3_warmup_neighbors.payload,104,0,3,517,483,0.517000000,0.017000000,517,0.999165962,0.951763814
restart_reduced_xor_random1_sampler_island_local_warmup5_except_data_ro3_1000x125_strict_20260528_ro3_warmup_neighbors.payload,104,0,4,490,510,0.490000000,0.010000000,510,0.999711442,0.971430848
restart_reduced_xor_random1_sampler_island_local_warmup5_except_data_ro3_1000x125_strict_20260528_ro3_warmup_neighbors.payload,104,0,5,500,500,0.500000000,0.000000000,500,1.000000000,1.000000000
restart_reduced_xor_random1_sampler_island_local_warmup5_except_data_ro3_1000x125_strict_20260528_ro3_warmup_neighbors.payload,104,0,6,486,514,0.486000000,0.014000000,514,0.999434390,0.960159735
restart_reduced_xor_random1_sampler_island_local_warmup5_except_data_ro3_1000x125_strict_20260528_ro3_warmup_neighbors.payload,104,0,7,520,480,0.520000000,0.020000000,520,0.998845536,0.943416472
restart_reduced_xor_random1_sampler_island_local_warmup5_except_data_ro3_1000x125_strict_20260528_ro3_warmup_neighbors.payload,105,1,0,536,464,0.536000000,0.036000000,536,0.996257297,0.899695094
restart_reduced_xor_random1_sampler_island_local_warmup5_except_data_ro3_1000x125_strict_20260528_ro3_warmup_neighbors.payload,105,1,1,504,496,0.504000000,0.004000000,504,0.999953833,0.988504361
restart_reduced_xor_random1_sampler_island_local_warmup5_except_data_ro3_1000x125_strict_20260528_ro3_warmup_neighbors.payload,105,1,2,465,535,0.465000000,0.035000000,535,0.996462505,0.902389203
restart_reduced_xor_random1_sampler_island_local_warmup5_except_data_ro3_1000x125_strict_20260528_ro3_warmup_neighbors.payload,105,1,3,483,517,0.483000000,0.017000000,517,0.999165962,0.951763814
restart_reduced_xor_random1_sampler_island_local_warmup5_except_data_ro3_1000x125_strict_20260528_ro3_warmup_neighbors.payload,105,1,4,502,498,0.502000000,0.002000000,502,0.999988458,0.994240731
restart_reduced_xor_random1_sampler_island_local_warmup5_except_data_ro3_1000x125_strict_20260528_ro3_warmup_neighbors.payload,105,1,5,485,515,0.485000000,0.015000000,515,0.999350690,0.957355663
restart_reduced_xor_random1_sampler_island_local_warmup5_except_data_ro3_1000x125_strict_20260528_ro3_warmup_neighbors.payload,105,1,6,502,498,0.502000000,0.002000000,502,0.999988458,0.994240731
restart_reduced_xor_random1_sampler_island_local_warmup5_except_data_ro3_1000x125_strict_20260528_ro3_warmup_neighbors.payload,105,1,7,503,497,0.503000000,0.003000000,503,0.999974031,0.991369695
restart_reduced_xor_random1_sampler_island_local_warmup5_except_data_ro3_1000x125_strict_20260528_ro3_warmup_neighbors.payload,106,2,0,482,518,0.482000000,0.018000000,518,0.999064932,0.948975997
restart_reduced_xor_random1_sampler_island_local_warmup5_except_data_ro3_1000x125_strict_20260528_ro3_warmup_neighbors.payload,106,2,1,520,480,0.520000000,0.020000000,520,0.998845536,0.943416472
restart_reduced_xor_random1_sampler_island_local_warmup5_except_data_ro3_1000x125_strict_20260528_ro3_warmup_neighbors.payload,106,2,2,475,525,0.475000000,0.025000000,525,0.998195879,0.929610672
restart_reduced_xor_random1_sampler_island_local_warmup5_except_data_ro3_1000x125_strict_20260528_ro3_warmup_neighbors.payload,106,2,3,531,469,0.531000000,0.031000000,531,0.997225361,0.913216234
restart_reduced_xor_random1_sampler_island_local_warmup5_except_data_ro3_1000x125_strict_20260528_ro3_warmup_neighbors.payload,106,2,4,499,501,0.499000000,0.001000000,501,0.999997115,0.997117491
restart_reduced_xor_random1_sampler_island_local_warmup5_except_data_ro3_1000x125_strict_20260528_ro3_warmup_neighbors.payload,106,2,5,505,495,0.505000000,0.005000000,505,0.999927864,0.985644707
restart_reduced_xor_random1_sampler_island_local_warmup5_except_data_ro3_1000x125_strict_20260528_ro3_warmup_neighbors.payload,106,2,6,516,484,0.516000000,0.016000000,516,0.999261214,0.954557029
restart_reduced_xor_random1_sampler_island_local_warmup5_except_data_ro3_1000x125_strict_20260528_ro3_warmup_neighbors.payload,106,2,7,495,505,0.495000000,0.005000000,505,0.999927864,0.985644707
restart_reduced_xor_random1_sampler_island_local_warmup5_except_data_ro3_1000x125_strict_20260528_ro3_warmup_neighbors.payload,107,3,0,507,493,0.507000000,0.007000000,507,0.999858611,0.979942348
restart_reduced_xor_random1_sampler_island_local_warmup5_except_data_ro3_1000x125_strict_20260528_ro3_warmup_neighbors.payload,107,3,1,511,489,0.511000000,0.011000000,511,0.999650840,0.968604804
restart_reduced_xor_random1_sampler_island_local_warmup5_except_data_ro3_1000x125_strict_20260528_ro3_warmup_neighbors.payload,107,3,2,515,485,0.515000000,0.015000000,515,0.999350690,0.957355663
restart_reduced_xor_random1_sampler_island_local_warmup5_except_data_ro3_1000x125_strict_20260528_ro3_warmup_neighbors.payload,107,3,3,523,477,0.523000000,0.023000000,523,0.998473090,0.935117148
restart_reduced_xor_random1_sampler_island_local_warmup5_except_data_ro3_1000x125_strict_20260528_ro3_warmup_neighbors.payload,107,3,4,490,510,0.490000000,0.010000000,510,0.999711442,0.971430848
restart_reduced_xor_random1_sampler_island_local_warmup5_except_data_ro3_1000x125_strict_20260528_ro3_warmup_neighbors.payload,107,3,5,510,490,0.510000000,0.010000000,510,0.999711442,0.971430848
restart_reduced_xor_random1_sampler_island_local_warmup5_except_data_ro3_1000x125_strict_20260528_ro3_warmup_neighbors.payload,107,3,6,498,502,0.498000000,0.002000000,502,0.999988458,0.994240731
restart_reduced_xor_random1_sampler_island_local_warmup5_except_data_ro3_1000x125_strict_20260528_ro3_warmup_neighbors.payload,107,3,7,504,496,0.504000000,0.004000000,504,0.999953833,0.988504361
restart_reduced_xor_random1_sampler_island_local_warmup5_except_data_ro3_1000x125_strict_20260528_ro3_warmup_neighbors.payload,108,4,0,501,499,0.501000000,0.001000000,501,0.999997115,0.997117491
restart_reduced_xor_random1_sampler_island_local_warmup5_except_data_ro3_1000x125_strict_20260528_ro3_warmup_neighbors.payload,108,4,1,511,489,0.511000000,0.011000000,511,0.999650840,0.968604804
restart_reduced_xor_random1_sampler_island_local_warmup5_except_data_ro3_1000x125_strict_20260528_ro3_warmup_neighbors.payload,108,4,2,511,489,0.511000000,0.011000000,511,0.999650840,0.968604804
restart_reduced_xor_random1_sampler_island_local_warmup5_except_data_ro3_1000x125_strict_20260528_ro3_warmup_neighbors.payload,108,4,3,504,496,0.504000000,0.004000000,504,0.999953833,0.988504361
restart_reduced_xor_random1_sampler_island_local_warmup5_except_data_ro3_1000x125_strict_20260528_ro3_warmup_neighbors.payload,108,4,4,511,489,0.511000000,0.011000000,511,0.999650840,0.968604804
restart_reduced_xor_random1_sampler_island_local_warmup5_except_data_ro3_1000x125_strict_20260528_ro3_warmup_neighbors.payload,108,4,5,497,503,0.497000000,0.003000000,503,0.999974031,0.991369695
restart_reduced_xor_random1_sampler_island_local_warmup5_except_data_ro3_1000x125_strict_20260528_ro3_warmup_neighbors.payload,108,4,6,490,510,0.490000000,0.010000000,510,0.999711442,0.971430848
restart_reduced_xor_random1_sampler_island_local_warmup5_except_data_ro3_1000x125_strict_20260528_ro3_warmup_neighbors.payload,108,4,7,486,514,0.486000000,0.014000000,514,0.999434390,0.960159735
restart_reduced_xor_random1_sampler_island_local_warmup5_except_data_ro3_1000x125_strict_20260528_ro3_warmup_neighbors.payload,109,5,0,497,503,0.497000000,0.003000000,503,0.999974031,0.991369695
restart_reduced_xor_random1_sampler_island_local_warmup5_except_data_ro3_1000x125_strict_20260528_ro3_warmup_neighbors.payload,109,5,1,519,481,0.519000000,0.019000000,519,0.998958123,0.946193556
restart_reduced_xor_random1_sampler_island_local_warmup5_except_data_ro3_1000x125_strict_20260528_ro3_warmup_neighbors.payload,109,5,2,499,501,0.499000000,0.001000000,501,0.999997115,0.997117491
restart_reduced_xor_random1_sampler_island_local_warmup5_except_data_ro3_1000x125_strict_20260528_ro3_warmup_neighbors.payload,109,5,3,511,489,0.511000000,0.011000000,511,0.999650840,0.968604804
restart_reduced_xor_random1_sampler_island_local_warmup5_except_data_ro3_1000x125_strict_20260528_ro3_warmup_neighbors.payload,109,5,4,521,479,0.521000000,0.021000000,521,0.998727169,0.940644722
restart_reduced_xor_random1_sampler_island_local_warmup5_except_data_ro3_1000x125_strict_20260528_ro3_warmup_neighbors.payload,109,5,5,506,494,0.506000000,0.006000000,506,0.999896123,0.982790710
restart_reduced_xor_random1_sampler_island_local_warmup5_except_data_ro3_1000x125_strict_20260528_ro3_warmup_neighbors.payload,109,5,6,508,492,0.508000000,0.008000000,508,0.999815327,0.977099598
restart_reduced_xor_random1_sampler_island_local_warmup5_except_data_ro3_1000x125_strict_20260528_ro3_warmup_neighbors.payload,109,5,7,493,507,0.493000000,0.007000000,507,0.999858611,0.979942348
restart_reduced_xor_random1_sampler_island_local_warmup5_except_data_ro3_1000x125_strict_20260528_ro3_warmup_neighbors.payload,110,6,0,514,486,0.514000000,0.014000000,514,0.999434390,0.960159735
restart_reduced_xor_random1_sampler_island_local_warmup5_except_data_ro3_1000x125_strict_20260528_ro3_warmup_neighbors.payload,110,6,1,502,498,0.502000000,0.002000000,502,0.999988458,0.994240731
restart_reduced_xor_random1_sampler_island_local_warmup5_except_data_ro3_1000x125_strict_20260528_ro3_warmup_neighbors.payload,110,6,2,517,483,0.517000000,0.017000000,517,0.999165962,0.951763814
restart_reduced_xor_random1_sampler_island_local_warmup5_except_data_ro3_1000x125_strict_20260528_ro3_warmup_neighbors.payload,110,6,3,493,507,0.493000000,0.007000000,507,0.999858611,0.979942348
restart_reduced_xor_random1_sampler_island_local_warmup5_except_data_ro3_1000x125_strict_20260528_ro3_warmup_neighbors.payload,110,6,4,468,532,0.468000000,0.032000000,532,0.997043340,0.910501849
restart_reduced_xor_random1_sampler_island_local_warmup5_except_data_ro3_1000x125_strict_20260528_ro3_warmup_neighbors.payload,110,6,5,511,489,0.511000000,0.011000000,511,0.999650840,0.968604804
restart_reduced_xor_random1_sampler_island_local_warmup5_except_data_ro3_1000x125_strict_20260528_ro3_warmup_neighbors.payload,110,6,6,505,495,0.505000000,0.005000000,505,0.999927864,0.985644707
restart_reduced_xor_random1_sampler_island_local_warmup5_except_data_ro3_1000x125_strict_20260528_ro3_warmup_neighbors.payload,110,6,7,522,478,0.522000000,0.022000000,522,0.998603020,0.937878288
restart_reduced_xor_random1_sampler_island_local_warmup5_except_data_ro3_1000x125_strict_20260528_ro3_warmup_neighbors.payload,111,7,0,527,473,0.527000000,0.027000000,527,0.997895527,0.924125133
restart_reduced_xor_random1_sampler_island_local_warmup5_except_data_ro3_1000x125_strict_20260528_ro3_warmup_neighbors.payload,111,7,1,505,495,0.505000000,0.005000000,505,0.999927864,0.985644707
restart_reduced_xor_random1_sampler_island_local_warmup5_except_data_ro3_1000x125_strict_20260528_ro3_warmup_neighbors.payload,111,7,2,493,507,0.493000000,0.007000000,507,0.999858611,0.979942348
restart_reduced_xor_random1_sampler_island_local_warmup5_except_data_ro3_1000x125_strict_20260528_ro3_warmup_neighbors.payload,111,7,3,542,458,0.542000000,0.042000000,542,0.994904169,0.883635243
restart_reduced_xor_random1_sampler_island_local_warmup5_except_data_ro3_1000x125_strict_20260528_ro3_warmup_neighbors.payload,111,7,4,504,496,0.504000000,0.004000000,504,0.999953833,0.988504361
restart_reduced_xor_random1_sampler_island_local_warmup5_except_data_ro3_1000x125_strict_20260528_ro3_warmup_neighbors.payload,111,7,5,517,483,0.517000000,0.017000000,517,0.999165962,0.951763814
restart_reduced_xor_random1_sampler_island_local_warmup5_except_data_ro3_1000x125_strict_20260528_ro3_warmup_neighbors.payload,111,7,6,494,506,0.494000000,0.006000000,506,0.999896123,0.982790710
restart_reduced_xor_random1_sampler_island_local_warmup5_except_data_ro3_1000x125_strict_20260528_ro3_warmup_neighbors.payload,111,7,7,519,481,0.519000000,0.019000000,519,0.998958123,0.946193556
restart_reduced_xor_random1_sampler_island_local_warmup5_except_data_ro3_1000x125_strict_20260528_ro3_warmup_neighbors.payload,112,0,0,494,506,0.494000000,0.006000000,506,0.999896123,0.982790710
restart_reduced_xor_random1_sampler_island_local_warmup5_except_data_ro3_1000x125_strict_20260528_ro3_warmup_neighbors.payload,112,0,1,480,520,0.480000000,0.020000000,520,0.998845536,0.943416472
restart_reduced_xor_random1_sampler_island_local_warmup5_except_data_ro3_1000x125_strict_20260528_ro3_warmup_neighbors.payload,112,0,2,515,485,0.515000000,0.015000000,515,0.999350690,0.957355663
restart_reduced_xor_random1_sampler_island_local_warmup5_except_data_ro3_1000x125_strict_20260528_ro3_warmup_neighbors.payload,112,0,3,518,482,0.518000000,0.018000000,518,0.999064932,0.948975997
restart_reduced_xor_random1_sampler_island_local_warmup5_except_data_ro3_1000x125_strict_20260528_ro3_warmup_neighbors.payload,112,0,4,483,517,0.483000000,0.017000000,517,0.999165962,0.951763814
restart_reduced_xor_random1_sampler_island_local_warmup5_except_data_ro3_1000x125_strict_20260528_ro3_warmup_neighbors.payload,112,0,5,514,486,0.514000000,0.014000000,514,0.999434390,0.960159735
restart_reduced_xor_random1_sampler_island_local_warmup5_except_data_ro3_1000x125_strict_20260528_ro3_warmup_neighbors.payload,112,0,6,502,498,0.502000000,0.002000000,502,0.999988458,0.994240731
restart_reduced_xor_random1_sampler_island_local_warmup5_except_data_ro3_1000x125_strict_20260528_ro3_warmup_neighbors.payload,112,0,7,527,473,0.527000000,0.027000000,527,0.997895527,0.924125133
restart_reduced_xor_random1_sampler_island_local_warmup5_except_data_ro3_1000x125_strict_20260528_ro3_warmup_neighbors.payload,113,1,0,493,507,0.493000000,0.007000000,507,0.999858611,0.979942348
restart_reduced_xor_random1_sampler_island_local_warmup5_except_data_ro3_1000x125_strict_20260528_ro3_warmup_neighbors.payload,113,1,1,497,503,0.497000000,0.003000000,503,0.999974031,0.991369695
restart_reduced_xor_random1_sampler_island_local_warmup5_except_data_ro3_1000x125_strict_20260528_ro3_warmup_neighbors.payload,113,1,2,528,472,0.528000000,0.028000000,528,0.997736670,0.921390165
restart_reduced_xor_random1_sampler_island_local_warmup5_except_data_ro3_1000x125_strict_20260528_ro3_warmup_neighbors.payload,113,1,3,495,505,0.495000000,0.005000000,505,0.999927864,0.985644707
restart_reduced_xor_random1_sampler_island_local_warmup5_except_data_ro3_1000x125_strict_20260528_ro3_warmup_neighbors.payload,113,1,4,504,496,0.504000000,0.004000000,504,0.999953833,0.988504361
restart_reduced_xor_random1_sampler_island_local_warmup5_except_data_ro3_1000x125_strict_20260528_ro3_warmup_neighbors.payload,113,1,5,499,501,0.499000000,0.001000000,501,0.999997115,0.997117491
restart_reduced_xor_random1_sampler_island_local_warmup5_except_data_ro3_1000x125_strict_20260528_ro3_warmup_neighbors.payload,113,1,6,480,520,0.480000000,0.020000000,520,0.998845536,0.943416472
restart_reduced_xor_random1_sampler_island_local_warmup5_except_data_ro3_1000x125_strict_20260528_ro3_warmup_neighbors.payload,113,1,7,491,509,0.491000000,0.009000000,509,0.999766271,0.974262439
restart_reduced_xor_random1_sampler_island_local_warmup5_except_data_ro3_1000x125_strict_20260528_ro3_warmup_neighbors.payload,114,2,0,523,477,0.523000000,0.023000000,523,0.998473090,0.935117148
restart_reduced_xor_random1_sampler_island_local_warmup5_except_data_ro3_1000x125_strict_20260528_ro3_warmup_neighbors.payload,114,2,1,505,495,0.505000000,0.005000000,505,0.999927864,0.985644707
restart_reduced_xor_random1_sampler_island_local_warmup5_except_data_ro3_1000x125_strict_20260528_ro3_warmup_neighbors.payload,114,2,2,506,494,0.506000000,0.006000000,506,0.999896123,0.982790710
restart_reduced_xor_random1_sampler_island_local_warmup5_except_data_ro3_1000x125_strict_20260528_ro3_warmup_neighbors.payload,114,2,3,499,501,0.499000000,0.001000000,501,0.999997115,0.997117491
restart_reduced_xor_random1_sampler_island_local_warmup5_except_data_ro3_1000x125_strict_20260528_ro3_warmup_neighbors.payload,114,2,4,476,524,0.476000000,0.024000000,524,0.998337377,0.932361283
restart_reduced_xor_random1_sampler_island_local_warmup5_except_data_ro3_1000x125_strict_20260528_ro3_warmup_neighbors.payload,114,2,5,482,518,0.482000000,0.018000000,518,0.999064932,0.948975997
restart_reduced_xor_random1_sampler_island_local_warmup5_except_data_ro3_1000x125_strict_20260528_ro3_warmup_neighbors.payload,114,2,6,498,502,0.498000000,0.002000000,502,0.999988458,0.994240731
restart_reduced_xor_random1_sampler_island_local_warmup5_except_data_ro3_1000x125_strict_20260528_ro3_warmup_neighbors.payload,114,2,7,553,447,0.553000000,0.053000000,553,0.991879693,0.854648614
restart_reduced_xor_random1_sampler_island_local_warmup5_except_data_ro3_1000x125_strict_20260528_ro3_warmup_neighbors.payload,115,3,0,517,483,0.517000000,0.017000000,517,0.999165962,0.951763814
restart_reduced_xor_random1_sampler_island_local_warmup5_except_data_ro3_1000x125_strict_20260528_ro3_warmup_neighbors.payload,115,3,1,490,510,0.490000000,0.010000000,510,0.999711442,0.971430848
restart_reduced_xor_random1_sampler_island_local_warmup5_except_data_ro3_1000x125_strict_20260528_ro3_warmup_neighbors.payload,115,3,2,490,510,0.490000000,0.010000000,510,0.999711442,0.971430848
restart_reduced_xor_random1_sampler_island_local_warmup5_except_data_ro3_1000x125_strict_20260528_ro3_warmup_neighbors.payload,115,3,3,505,495,0.505000000,0.005000000,505,0.999927864,0.985644707
restart_reduced_xor_random1_sampler_island_local_warmup5_except_data_ro3_1000x125_strict_20260528_ro3_warmup_neighbors.payload,115,3,4,492,508,0.492000000,0.008000000,508,0.999815327,0.977099598
restart_reduced_xor_random1_sampler_island_local_warmup5_except_data_ro3_1000x125_strict_20260528_ro3_warmup_neighbors.payload,115,3,5,516,484,0.516000000,0.016000000,516,0.999261214,0.954557029
restart_reduced_xor_random1_sampler_island_local_warmup5_except_data_ro3_1000x125_strict_20260528_ro3_warmup_neighbors.payload,115,3,6,494,506,0.494000000,0.006000000,506,0.999896123,0.982790710
restart_reduced_xor_random1_sampler_island_local_warmup5_except_data_ro3_1000x125_strict_20260528_ro3_warmup_neighbors.payload,115,3,7,511,489,0.511000000,0.011000000,511,0.999650840,0.968604804
restart_reduced_xor_random1_sampler_island_local_warmup5_except_data_ro3_1000x125_strict_20260528_ro3_warmup_neighbors.payload,116,4,0,505,495,0.505000000,0.005000000,505,0.999927864,0.985644707
restart_reduced_xor_random1_sampler_island_local_warmup5_except_data_ro3_1000x125_strict_20260528_ro3_warmup_neighbors.payload,116,4,1,507,493,0.507000000,0.007000000,507,0.999858611,0.979942348
restart_reduced_xor_random1_sampler_island_local_warmup5_except_data_ro3_1000x125_strict_20260528_ro3_warmup_neighbors.payload,116,4,2,513,487,0.513000000,0.013000000,513,0.999512314,0.962969269
restart_reduced_xor_random1_sampler_island_local_warmup5_except_data_ro3_1000x125_strict_20260528_ro3_warmup_neighbors.payload,116,4,3,532,468,0.532000000,0.032000000,532,0.997043340,0.910501849
restart_reduced_xor_random1_sampler_island_local_warmup5_except_data_ro3_1000x125_strict_20260528_ro3_warmup_neighbors.payload,116,4,4,506,494,0.506000000,0.006000000,506,0.999896123,0.982790710
restart_reduced_xor_random1_sampler_island_local_warmup5_except_data_ro3_1000x125_strict_20260528_ro3_warmup_neighbors.payload,116,4,5,464,536,0.464000000,0.036000000,536,0.996257297,0.899695094
restart_reduced_xor_random1_sampler_island_local_warmup5_except_data_ro3_1000x125_strict_20260528_ro3_warmup_neighbors.payload,116,4,6,497,503,0.497000000,0.003000000,503,0.999974031,0.991369695
restart_reduced_xor_random1_sampler_island_local_warmup5_except_data_ro3_1000x125_strict_20260528_ro3_warmup_neighbors.payload,116,4,7,505,495,0.505000000,0.005000000,505,0.999927864,0.985644707
restart_reduced_xor_random1_sampler_island_local_warmup5_except_data_ro3_1000x125_strict_20260528_ro3_warmup_neighbors.payload,117,5,0,507,493,0.507000000,0.007000000,507,0.999858611,0.979942348
restart_reduced_xor_random1_sampler_island_local_warmup5_except_data_ro3_1000x125_strict_20260528_ro3_warmup_neighbors.payload,117,5,1,523,477,0.523000000,0.023000000,523,0.998473090,0.935117148
restart_reduced_xor_random1_sampler_island_local_warmup5_except_data_ro3_1000x125_strict_20260528_ro3_warmup_neighbors.payload,117,5,2,520,480,0.520000000,0.020000000,520,0.998845536,0.943416472
restart_reduced_xor_random1_sampler_island_local_warmup5_except_data_ro3_1000x125_strict_20260528_ro3_warmup_neighbors.payload,117,5,3,507,493,0.507000000,0.007000000,507,0.999858611,0.979942348
restart_reduced_xor_random1_sampler_island_local_warmup5_except_data_ro3_1000x125_strict_20260528_ro3_warmup_neighbors.payload,117,5,4,507,493,0.507000000,0.007000000,507,0.999858611,0.979942348
restart_reduced_xor_random1_sampler_island_local_warmup5_except_data_ro3_1000x125_strict_20260528_ro3_warmup_neighbors.payload,117,5,5,532,468,0.532000000,0.032000000,532,0.997043340,0.910501849
restart_reduced_xor_random1_sampler_island_local_warmup5_except_data_ro3_1000x125_strict_20260528_ro3_warmup_neighbors.payload,117,5,6,527,473,0.527000000,0.027000000,527,0.997895527,0.924125133
restart_reduced_xor_random1_sampler_island_local_warmup5_except_data_ro3_1000x125_strict_20260528_ro3_warmup_neighbors.payload,117,5,7,511,489,0.511000000,0.011000000,511,0.999650840,0.968604804
restart_reduced_xor_random1_sampler_island_local_warmup5_except_data_ro3_1000x125_strict_20260528_ro3_warmup_neighbors.payload,118,6,0,505,495,0.505000000,0.005000000,505,0.999927864,0.985644707
restart_reduced_xor_random1_sampler_island_local_warmup5_except_data_ro3_1000x125_strict_20260528_ro3_warmup_neighbors.payload,118,6,1,498,502,0.498000000,0.002000000,502,0.999988458,0.994240731
restart_reduced_xor_random1_sampler_island_local_warmup5_except_data_ro3_1000x125_strict_20260528_ro3_warmup_neighbors.payload,118,6,2,510,490,0.510000000,0.010000000,510,0.999711442,0.971430848
restart_reduced_xor_random1_sampler_island_local_warmup5_except_data_ro3_1000x125_strict_20260528_ro3_warmup_neighbors.payload,118,6,3,502,498,0.502000000,0.002000000,502,0.999988458,0.994240731
restart_reduced_xor_random1_sampler_island_local_warmup5_except_data_ro3_1000x125_strict_20260528_ro3_warmup_neighbors.payload,118,6,4,494,506,0.494000000,0.006000000,506,0.999896123,0.982790710
restart_reduced_xor_random1_sampler_island_local_warmup5_except_data_ro3_1000x125_strict_20260528_ro3_warmup_neighbors.payload,118,6,5,503,497,0.503000000,0.003000000,503,0.999974031,0.991369695
restart_reduced_xor_random1_sampler_island_local_warmup5_except_data_ro3_1000x125_strict_20260528_ro3_warmup_neighbors.payload,118,6,6,526,474,0.526000000,0.026000000,526,0.998048596,0.926865295
restart_reduced_xor_random1_sampler_island_local_warmup5_except_data_ro3_1000x125_strict_20260528_ro3_warmup_neighbors.payload,118,6,7,510,490,0.510000000,0.010000000,510,0.999711442,0.971430848
restart_reduced_xor_random1_sampler_island_local_warmup5_except_data_ro3_1000x125_strict_20260528_ro3_warmup_neighbors.payload,119,7,0,489,511,0.489000000,0.011000000,511,0.999650840,0.968604804
restart_reduced_xor_random1_sampler_island_local_warmup5_except_data_ro3_1000x125_strict_20260528_ro3_warmup_neighbors.payload,119,7,1,492,508,0.492000000,0.008000000,508,0.999815327,0.977099598
restart_reduced_xor_random1_sampler_island_local_warmup5_except_data_ro3_1000x125_strict_20260528_ro3_warmup_neighbors.payload,119,7,2,493,507,0.493000000,0.007000000,507,0.999858611,0.979942348
restart_reduced_xor_random1_sampler_island_local_warmup5_except_data_ro3_1000x125_strict_20260528_ro3_warmup_neighbors.payload,119,7,3,499,501,0.499000000,0.001000000,501,0.999997115,0.997117491
restart_reduced_xor_random1_sampler_island_local_warmup5_except_data_ro3_1000x125_strict_20260528_ro3_warmup_neighbors.payload,119,7,4,487,513,0.487000000,0.013000000,513,0.999512314,0.962969269
restart_reduced_xor_random1_sampler_island_local_warmup5_except_data_ro3_1000x125_strict_20260528_ro3_warmup_neighbors.payload,119,7,5,515,485,0.515000000,0.015000000,515,0.999350690,0.957355663
restart_reduced_xor_random1_sampler_island_local_warmup5_except_data_ro3_1000x125_strict_20260528_ro3_warmup_neighbors.payload,119,7,6,488,512,0.488000000,0.012000000,512,0.999584464,0.965784285
restart_reduced_xor_random1_sampler_island_local_warmup5_except_data_ro3_1000x125_strict_20260528_ro3_warmup_neighbors.payload,119,7,7,518,482,0.518000000,0.018000000,518,0.999064932,0.948975997
restart_reduced_xor_random1_sampler_island_local_warmup5_except_data_ro3_1000x125_strict_20260528_ro3_warmup_neighbors.payload,120,0,0,521,479,0.521000000,0.021000000,521,0.998727169,0.940644722
restart_reduced_xor_random1_sampler_island_local_warmup5_except_data_ro3_1000x125_strict_20260528_ro3_warmup_neighbors.payload,120,0,1,510,490,0.510000000,0.010000000,510,0.999711442,0.971430848
restart_reduced_xor_random1_sampler_island_local_warmup5_except_data_ro3_1000x125_strict_20260528_ro3_warmup_neighbors.payload,120,0,2,478,522,0.478000000,0.022000000,522,0.998603020,0.937878288
restart_reduced_xor_random1_sampler_island_local_warmup5_except_data_ro3_1000x125_strict_20260528_ro3_warmup_neighbors.payload,120,0,3,479,521,0.479000000,0.021000000,521,0.998727169,0.940644722
restart_reduced_xor_random1_sampler_island_local_warmup5_except_data_ro3_1000x125_strict_20260528_ro3_warmup_neighbors.payload,120,0,4,514,486,0.514000000,0.014000000,514,0.999434390,0.960159735
restart_reduced_xor_random1_sampler_island_local_warmup5_except_data_ro3_1000x125_strict_20260528_ro3_warmup_neighbors.payload,120,0,5,534,466,0.534000000,0.034000000,534,0.996661914,0.905088353
restart_reduced_xor_random1_sampler_island_local_warmup5_except_data_ro3_1000x125_strict_20260528_ro3_warmup_neighbors.payload,120,0,6,510,490,0.510000000,0.010000000,510,0.999711442,0.971430848
restart_reduced_xor_random1_sampler_island_local_warmup5_except_data_ro3_1000x125_strict_20260528_ro3_warmup_neighbors.payload,120,0,7,487,513,0.487000000,0.013000000,513,0.999512314,0.962969269
restart_reduced_xor_random1_sampler_island_local_warmup5_except_data_ro3_1000x125_strict_20260528_ro3_warmup_neighbors.payload,121,1,0,480,520,0.480000000,0.020000000,520,0.998845536,0.943416472
restart_reduced_xor_random1_sampler_island_local_warmup5_except_data_ro3_1000x125_strict_20260528_ro3_warmup_neighbors.payload,121,1,1,500,500,0.500000000,0.000000000,500,1.000000000,1.000000000
restart_reduced_xor_random1_sampler_island_local_warmup5_except_data_ro3_1000x125_strict_20260528_ro3_warmup_neighbors.payload,121,1,2,502,498,0.502000000,0.002000000,502,0.999988458,0.994240731
restart_reduced_xor_random1_sampler_island_local_warmup5_except_data_ro3_1000x125_strict_20260528_ro3_warmup_neighbors.payload,121,1,3,501,499,0.501000000,0.001000000,501,0.999997115,0.997117491
restart_reduced_xor_random1_sampler_island_local_warmup5_except_data_ro3_1000x125_strict_20260528_ro3_warmup_neighbors.payload,121,1,4,502,498,0.502000000,0.002000000,502,0.999988458,0.994240731
restart_reduced_xor_random1_sampler_island_local_warmup5_except_data_ro3_1000x125_strict_20260528_ro3_warmup_neighbors.payload,121,1,5,485,515,0.485000000,0.015000000,515,0.999350690,0.957355663
restart_reduced_xor_random1_sampler_island_local_warmup5_except_data_ro3_1000x125_strict_20260528_ro3_warmup_neighbors.payload,121,1,6,499,501,0.499000000,0.001000000,501,0.999997115,0.997117491
restart_reduced_xor_random1_sampler_island_local_warmup5_except_data_ro3_1000x125_strict_20260528_ro3_warmup_neighbors.payload,121,1,7,474,526,0.474000000,0.026000000,526,0.998048596,0.926865295
restart_reduced_xor_random1_sampler_island_local_warmup5_except_data_ro3_1000x125_strict_20260528_ro3_warmup_neighbors.payload,122,2,0,519,481,0.519000000,0.019000000,519,0.998958123,0.946193556
restart_reduced_xor_random1_sampler_island_local_warmup5_except_data_ro3_1000x125_strict_20260528_ro3_warmup_neighbors.payload,122,2,1,523,477,0.523000000,0.023000000,523,0.998473090,0.935117148
restart_reduced_xor_random1_sampler_island_local_warmup5_except_data_ro3_1000x125_strict_20260528_ro3_warmup_neighbors.payload,122,2,2,487,513,0.487000000,0.013000000,513,0.999512314,0.962969269
restart_reduced_xor_random1_sampler_island_local_warmup5_except_data_ro3_1000x125_strict_20260528_ro3_warmup_neighbors.payload,122,2,3,507,493,0.507000000,0.007000000,507,0.999858611,0.979942348
restart_reduced_xor_random1_sampler_island_local_warmup5_except_data_ro3_1000x125_strict_20260528_ro3_warmup_neighbors.payload,122,2,4,507,493,0.507000000,0.007000000,507,0.999858611,0.979942348
restart_reduced_xor_random1_sampler_island_local_warmup5_except_data_ro3_1000x125_strict_20260528_ro3_warmup_neighbors.payload,122,2,5,504,496,0.504000000,0.004000000,504,0.999953833,0.988504361
restart_reduced_xor_random1_sampler_island_local_warmup5_except_data_ro3_1000x125_strict_20260528_ro3_warmup_neighbors.payload,122,2,6,494,506,0.494000000,0.006000000,506,0.999896123,0.982790710
restart_reduced_xor_random1_sampler_island_local_warmup5_except_data_ro3_1000x125_strict_20260528_ro3_warmup_neighbors.payload,122,2,7,498,502,0.498000000,0.002000000,502,0.999988458,0.994240731
restart_reduced_xor_random1_sampler_island_local_warmup5_except_data_ro3_1000x125_strict_20260528_ro3_warmup_neighbors.payload,123,3,0,488,512,0.488000000,0.012000000,512,0.999584464,0.965784285
restart_reduced_xor_random1_sampler_island_local_warmup5_except_data_ro3_1000x125_strict_20260528_ro3_warmup_neighbors.payload,123,3,1,513,487,0.513000000,0.013000000,513,0.999512314,0.962969269
restart_reduced_xor_random1_sampler_island_local_warmup5_except_data_ro3_1000x125_strict_20260528_ro3_warmup_neighbors.payload,123,3,2,502,498,0.502000000,0.002000000,502,0.999988458,0.994240731
restart_reduced_xor_random1_sampler_island_local_warmup5_except_data_ro3_1000x125_strict_20260528_ro3_warmup_neighbors.payload,123,3,3,491,509,0.491000000,0.009000000,509,0.999766271,0.974262439
restart_reduced_xor_random1_sampler_island_local_warmup5_except_data_ro3_1000x125_strict_20260528_ro3_warmup_neighbors.payload,123,3,4,515,485,0.515000000,0.015000000,515,0.999350690,0.957355663
restart_reduced_xor_random1_sampler_island_local_warmup5_except_data_ro3_1000x125_strict_20260528_ro3_warmup_neighbors.payload,123,3,5,473,527,0.473000000,0.027000000,527,0.997895527,0.924125133
restart_reduced_xor_random1_sampler_island_local_warmup5_except_data_ro3_1000x125_strict_20260528_ro3_warmup_neighbors.payload,123,3,6,486,514,0.486000000,0.014000000,514,0.999434390,0.960159735
restart_reduced_xor_random1_sampler_island_local_warmup5_except_data_ro3_1000x125_strict_20260528_ro3_warmup_neighbors.payload,123,3,7,507,493,0.507000000,0.007000000,507,0.999858611,0.979942348
restart_reduced_xor_random1_sampler_island_local_warmup5_except_data_ro3_1000x125_strict_20260528_ro3_warmup_neighbors.payload,124,4,0,522,478,0.522000000,0.022000000,522,0.998603020,0.937878288
restart_reduced_xor_random1_sampler_island_local_warmup5_except_data_ro3_1000x125_strict_20260528_ro3_warmup_neighbors.payload,124,4,1,512,488,0.512000000,0.012000000,512,0.999584464,0.965784285
restart_reduced_xor_random1_sampler_island_local_warmup5_except_data_ro3_1000x125_strict_20260528_ro3_warmup_neighbors.payload,124,4,2,505,495,0.505000000,0.005000000,505,0.999927864,0.985644707
restart_reduced_xor_random1_sampler_island_local_warmup5_except_data_ro3_1000x125_strict_20260528_ro3_warmup_neighbors.payload,124,4,3,496,504,0.496000000,0.004000000,504,0.999953833,0.988504361
restart_reduced_xor_random1_sampler_island_local_warmup5_except_data_ro3_1000x125_strict_20260528_ro3_warmup_neighbors.payload,124,4,4,493,507,0.493000000,0.007000000,507,0.999858611,0.979942348
restart_reduced_xor_random1_sampler_island_local_warmup5_except_data_ro3_1000x125_strict_20260528_ro3_warmup_neighbors.payload,124,4,5,526,474,0.526000000,0.026000000,526,0.998048596,0.926865295
restart_reduced_xor_random1_sampler_island_local_warmup5_except_data_ro3_1000x125_strict_20260528_ro3_warmup_neighbors.payload,124,4,6,512,488,0.512000000,0.012000000,512,0.999584464,0.965784285
restart_reduced_xor_random1_sampler_island_local_warmup5_except_data_ro3_1000x125_strict_20260528_ro3_warmup_neighbors.payload,124,4,7,479,521,0.479000000,0.021000000,521,0.998727169,0.940644722
restart_reduced_xor_random1_sampler_island_local_warmup11_data_ro3_1000x125_strict_20260528_ro3_warmup_neighbors.payload,0,0,0,486,514,0.486000000,0.014000000,514,0.999434390,0.960159735
restart_reduced_xor_random1_sampler_island_local_warmup11_data_ro3_1000x125_strict_20260528_ro3_warmup_neighbors.payload,0,0,1,631,369,0.631000000,0.131000000,631,0.949901170,0.664288090
restart_reduced_xor_random1_sampler_island_local_warmup11_data_ro3_1000x125_strict_20260528_ro3_warmup_neighbors.payload,0,0,2,540,460,0.540000000,0.040000000,540,0.995378439,0.888968688
restart_reduced_xor_random1_sampler_island_local_warmup11_data_ro3_1000x125_strict_20260528_ro3_warmup_neighbors.payload,0,0,3,357,643,0.357000000,0.143000000,643,0.940164752,0.637109357
restart_reduced_xor_random1_sampler_island_local_warmup11_data_ro3_1000x125_strict_20260528_ro3_warmup_neighbors.payload,0,0,4,501,499,0.501000000,0.001000000,501,0.999997115,0.997117491
restart_reduced_xor_random1_sampler_island_local_warmup11_data_ro3_1000x125_strict_20260528_ro3_warmup_neighbors.payload,0,0,5,730,270,0.730000000,0.230000000,730,0.841464636,0.454031631
restart_reduced_xor_random1_sampler_island_local_warmup11_data_ro3_1000x125_strict_20260528_ro3_warmup_neighbors.payload,0,0,6,548,452,0.548000000,0.048000000,548,0.993341812,0.867752202
restart_reduced_xor_random1_sampler_island_local_warmup11_data_ro3_1000x125_strict_20260528_ro3_warmup_neighbors.payload,0,0,7,502,498,0.502000000,0.002000000,502,0.999988458,0.994240731
restart_reduced_xor_random1_sampler_island_local_warmup11_data_ro3_1000x125_strict_20260528_ro3_warmup_neighbors.payload,1,1,0,647,353,0.647000000,0.147000000,647,0.936718810,0.628162383
restart_reduced_xor_random1_sampler_island_local_warmup11_data_ro3_1000x125_strict_20260528_ro3_warmup_neighbors.payload,1,1,1,497,503,0.497000000,0.003000000,503,0.999974031,0.991369695
restart_reduced_xor_random1_sampler_island_local_warmup11_data_ro3_1000x125_strict_20260528_ro3_warmup_neighbors.payload,1,1,2,606,394,0.606000000,0.106000000,606,0.967332434,0.722610301
restart_reduced_xor_random1_sampler_island_local_warmup11_data_ro3_1000x125_strict_20260528_ro3_warmup_neighbors.payload,1,1,3,574,426,0.574000000,0.074000000,574,0.984141411,0.800877358
restart_reduced_xor_random1_sampler_island_local_warmup11_data_ro3_1000x125_strict_20260528_ro3_warmup_neighbors.payload,1,1,4,402,598,0.402000000,0.098000000,598,0.972108504,0.741782610
restart_reduced_xor_random1_sampler_island_local_warmup11_data_ro3_1000x125_strict_20260528_ro3_warmup_neighbors.payload,1,1,5,450,550,0.450000000,0.050000000,550,0.992774454,0.862496476
restart_reduced_xor_random1_sampler_island_local_warmup11_data_ro3_1000x125_strict_20260528_ro3_warmup_neighbors.payload,1,1,6,714,286,0.714000000,0.214000000,714,0.863497974,0.486004021
restart_reduced_xor_random1_sampler_island_local_warmup11_data_ro3_1000x125_strict_20260528_ro3_warmup_neighbors.payload,1,1,7,591,409,0.591000000,0.091000000,591,0.975972395,0.758769964
restart_reduced_xor_random1_sampler_island_local_warmup11_data_ro3_1000x125_strict_20260528_ro3_warmup_neighbors.payload,2,2,0,600,400,0.600000000,0.100000000,600,0.970950594,0.736965594
restart_reduced_xor_random1_sampler_island_local_warmup11_data_ro3_1000x125_strict_20260528_ro3_warmup_neighbors.payload,2,2,1,641,359,0.641000000,0.141000000,641,0.941849982,0.641603738
restart_reduced_xor_random1_sampler_island_local_warmup11_data_ro3_1000x125_strict_20260528_ro3_warmup_neighbors.payload,2,2,2,518,482,0.518000000,0.018000000,518,0.999064932,0.948975997
restart_reduced_xor_random1_sampler_island_local_warmup11_data_ro3_1000x125_strict_20260528_ro3_warmup_neighbors.payload,2,2,3,560,440,0.560000000,0.060000000,560,0.989587521,0.836501268
restart_reduced_xor_random1_sampler_island_local_warmup11_data_ro3_1000x125_strict_20260528_ro3_warmup_neighbors.payload,2,2,4,593,407,0.593000000,0.093000000,593,0.974898337,0.753895990
restart_reduced_xor_random1_sampler_island_local_warmup11_data_ro3_1000x125_strict_20260528_ro3_warmup_neighbors.payload,2,2,5,422,578,0.422000000,0.078000000,578,0.982373383,0.790858602
restart_reduced_xor_random1_sampler_island_local_warmup11_data_ro3_1000x125_strict_20260528_ro3_warmup_neighbors.payload,2,2,6,462,538,0.462000000,0.038000000,538,0.995829476,0.894321922
restart_reduced_xor_random1_sampler_island_local_warmup11_data_ro3_1000x125_strict_20260528_ro3_warmup_neighbors.payload,2,2,7,664,336,0.664000000,0.164000000,664,0.920939448,0.590744853
restart_reduced_xor_random1_sampler_island_local_warmup11_data_ro3_1000x125_strict_20260528_ro3_warmup_neighbors.payload,3,3,0,417,583,0.417000000,0.083000000,583,0.980030236,0.778432211
restart_reduced_xor_random1_sampler_island_local_warmup11_data_ro3_1000x125_strict_20260528_ro3_warmup_neighbors.payload,3,3,1,583,417,0.583000000,0.083000000,583,0.980030236,0.778432211
restart_reduced_xor_random1_sampler_island_local_warmup11_data_ro3_1000x125_strict_20260528_ro3_warmup_neighbors.payload,3,3,2,687,313,0.687000000,0.187000000,687,0.896606145,0.541617996
restart_reduced_xor_random1_sampler_island_local_warmup11_data_ro3_1000x125_strict_20260528_ro3_warmup_neighbors.payload,3,3,3,547,453,0.547000000,0.047000000,547,0.993616753,0.870387262
restart_reduced_xor_random1_sampler_island_local_warmup11_data_ro3_1000x125_strict_20260528_ro3_warmup_neighbors.payload,3,3,4,553,447,0.553000000,0.053000000,553,0.991879693,0.854648614
restart_reduced_xor_random1_sampler_island_local_warmup11_data_ro3_1000x125_strict_20260528_ro3_warmup_neighbors.payload,3,3,5,564,436,0.564000000,0.064000000,564,0.988148956,0.826232932
restart_reduced_xor_random1_sampler_island_local_warmup11_data_ro3_1000x125_strict_20260528_ro3_warmup_neighbors.payload,3,3,6,477,523,0.477000000,0.023000000,523,0.998473090,0.935117148
restart_reduced_xor_random1_sampler_island_local_warmup11_data_ro3_1000x125_strict_20260528_ro3_warmup_neighbors.payload,3,3,7,407,593,0.407000000,0.093000000,593,0.974898337,0.753895990
restart_reduced_xor_random1_sampler_island_local_warmup11_data_ro3_1000x125_strict_20260528_ro3_warmup_neighbors.payload,4,4,0,515,485,0.515000000,0.015000000,515,0.999350690,0.957355663
restart_reduced_xor_random1_sampler_island_local_warmup11_data_ro3_1000x125_strict_20260528_ro3_warmup_neighbors.payload,4,4,1,415,585,0.415000000,0.085000000,585,0.979051465,0.773491470
restart_reduced_xor_random1_sampler_island_local_warmup11_data_ro3_1000x125_strict_20260528_ro3_warmup_neighbors.payload,4,4,2,518,482,0.518000000,0.018000000,518,0.999064932,0.948975997
restart_reduced_xor_random1_sampler_island_local_warmup11_data_ro3_1000x125_strict_20260528_ro3_warmup_neighbors.payload,4,4,3,663,337,0.663000000,0.163000000,663,0.921918939,0.592919225
restart_reduced_xor_random1_sampler_island_local_warmup11_data_ro3_1000x125_strict_20260528_ro3_warmup_neighbors.payload,4,4,4,581,419,0.581000000,0.081000000,581,0.980985270,0.783389931
restart_reduced_xor_random1_sampler_island_local_warmup11_data_ro3_1000x125_strict_20260528_ro3_warmup_neighbors.payload,4,4,5,509,491,0.509000000,0.009000000,509,0.999766271,0.974262439
restart_reduced_xor_random1_sampler_island_local_warmup11_data_ro3_1000x125_strict_20260528_ro3_warmup_neighbors.payload,4,4,6,605,395,0.605000000,0.105000000,605,0.967950536,0.724992953
restart_reduced_xor_random1_sampler_island_local_warmup11_data_ro3_1000x125_strict_20260528_ro3_warmup_neighbors.payload,4,4,7,491,509,0.491000000,0.009000000,509,0.999766271,0.974262439
restart_reduced_xor_random1_sampler_island_local_warmup11_data_ro3_1000x125_strict_20260528_ro3_warmup_neighbors.payload,5,5,0,540,460,0.540000000,0.040000000,540,0.995378439,0.888968688
restart_reduced_xor_random1_sampler_island_local_warmup11_data_ro3_1000x125_strict_20260528_ro3_warmup_neighbors.payload,5,5,1,539,461,0.539000000,0.039000000,539,0.995606861,0.891642822
restart_reduced_xor_random1_sampler_island_local_warmup11_data_ro3_1000x125_strict_20260528_ro3_warmup_neighbors.payload,5,5,2,439,561,0.439000000,0.061000000,561,0.989236670,0.833927324
restart_reduced_xor_random1_sampler_island_local_warmup11_data_ro3_1000x125_strict_20260528_ro3_warmup_neighbors.payload,5,5,3,492,508,0.492000000,0.008000000,508,0.999815327,0.977099598
restart_reduced_xor_random1_sampler_island_local_warmup11_data_ro3_1000x125_strict_20260528_ro3_warmup_neighbors.payload,5,5,4,657,343,0.657000000,0.157000000,657,0.927660609,0.606034724
restart_reduced_xor_random1_sampler_island_local_warmup11_data_ro3_1000x125_strict_20260528_ro3_warmup_neighbors.payload,5,5,5,601,399,0.601000000,0.101000000,601,0.970362626,0.734563104
restart_reduced_xor_random1_sampler_island_local_warmup11_data_ro3_1000x125_strict_20260528_ro3_warmup_neighbors.payload,5,5,6,510,490,0.510000000,0.010000000,510,0.999711442,0.971430848
restart_reduced_xor_random1_sampler_island_local_warmup11_data_ro3_1000x125_strict_20260528_ro3_warmup_neighbors.payload,5,5,7,564,436,0.564000000,0.064000000,564,0.988148956,0.826232932
restart_reduced_xor_random1_sampler_island_local_warmup11_data_ro3_1000x125_strict_20260528_ro3_warmup_neighbors.payload,6,6,0,541,459,0.541000000,0.041000000,541,0.995144209,0.886299501
restart_reduced_xor_random1_sampler_island_local_warmup11_data_ro3_1000x125_strict_20260528_ro3_warmup_neighbors.payload,6,6,1,551,449,0.551000000,0.051000000,551,0.992482032,0.859875776
restart_reduced_xor_random1_sampler_island_local_warmup11_data_ro3_1000x125_strict_20260528_ro3_warmup_neighbors.payload,6,6,2,567,433,0.567000000,0.067000000,567,0.987008440,0.818579360
restart_reduced_xor_random1_sampler_island_local_warmup11_data_ro3_1000x125_strict_20260528_ro3_warmup_neighbors.payload,6,6,3,467,533,0.467000000,0.033000000,533,0.996855525,0.907792562
restart_reduced_xor_random1_sampler_island_local_warmup11_data_ro3_1000x125_strict_20260528_ro3_warmup_neighbors.payload,6,6,4,472,528,0.472000000,0.028000000,528,0.997736670,0.921390165
restart_reduced_xor_random1_sampler_island_local_warmup11_data_ro3_1000x125_strict_20260528_ro3_warmup_neighbors.payload,6,6,5,625,375,0.625000000,0.125000000,625,0.954434003,0.678071905
restart_reduced_xor_random1_sampler_island_local_warmup11_data_ro3_1000x125_strict_20260528_ro3_warmup_neighbors.payload,6,6,6,595,405,0.595000000,0.095000000,595,0.973800369,0.749038426
restart_reduced_xor_random1_sampler_island_local_warmup11_data_ro3_1000x125_strict_20260528_ro3_warmup_neighbors.payload,6,6,7,516,484,0.516000000,0.016000000,516,0.999261214,0.954557029
restart_reduced_xor_random1_sampler_island_local_warmup11_data_ro3_1000x125_strict_20260528_ro3_warmup_neighbors.payload,7,7,0,606,394,0.606000000,0.106000000,606,0.967332434,0.722610301
restart_reduced_xor_random1_sampler_island_local_warmup11_data_ro3_1000x125_strict_20260528_ro3_warmup_neighbors.payload,7,7,1,563,437,0.563000000,0.063000000,563,0.988517390,0.828793173
restart_reduced_xor_random1_sampler_island_local_warmup11_data_ro3_1000x125_strict_20260528_ro3_warmup_neighbors.payload,7,7,2,542,458,0.542000000,0.042000000,542,0.994904169,0.883635243
restart_reduced_xor_random1_sampler_island_local_warmup11_data_ro3_1000x125_strict_20260528_ro3_warmup_neighbors.payload,7,7,3,555,445,0.555000000,0.055000000,555,0.991254007,0.849440323
restart_reduced_xor_random1_sampler_island_local_warmup11_data_ro3_1000x125_strict_20260528_ro3_warmup_neighbors.payload,7,7,4,495,505,0.495000000,0.005000000,505,0.999927864,0.985644707
restart_reduced_xor_random1_sampler_island_local_warmup11_data_ro3_1000x125_strict_20260528_ro3_warmup_neighbors.payload,7,7,5,485,515,0.485000000,0.015000000,515,0.999350690,0.957355663
restart_reduced_xor_random1_sampler_island_local_warmup11_data_ro3_1000x125_strict_20260528_ro3_warmup_neighbors.payload,7,7,6,596,404,0.596000000,0.096000000,596,0.973242407,0.746615764
restart_reduced_xor_random1_sampler_island_local_warmup11_data_ro3_1000x125_strict_20260528_ro3_warmup_neighbors.payload,7,7,7,608,392,0.608000000,0.108000000,608,0.966078098,0.717856771
restart_reduced_xor_random1_sampler_island_local_warmup11_data_ro3_1000x125_strict_20260528_ro3_warmup_neighbors.payload,8,0,0,518,482,0.518000000,0.018000000,518,0.999064932,0.948975997
restart_reduced_xor_random1_sampler_island_local_warmup11_data_ro3_1000x125_strict_20260528_ro3_warmup_neighbors.payload,8,0,1,618,382,0.618000000,0.118000000,618,0.959442321,0.694321257
restart_reduced_xor_random1_sampler_island_local_warmup11_data_ro3_1000x125_strict_20260528_ro3_warmup_neighbors.payload,8,0,2,601,399,0.601000000,0.101000000,601,0.970362626,0.734563104
restart_reduced_xor_random1_sampler_island_local_warmup11_data_ro3_1000x125_strict_20260528_ro3_warmup_neighbors.payload,8,0,3,541,459,0.541000000,0.041000000,541,0.995144209,0.886299501
restart_reduced_xor_random1_sampler_island_local_warmup11_data_ro3_1000x125_strict_20260528_ro3_warmup_neighbors.payload,8,0,4,570,430,0.570000000,0.070000000,570,0.985815037,0.810966176
restart_reduced_xor_random1_sampler_island_local_warmup11_data_ro3_1000x125_strict_20260528_ro3_warmup_neighbors.payload,8,0,5,490,510,0.490000000,0.010000000,510,0.999711442,0.971430848
restart_reduced_xor_random1_sampler_island_local_warmup11_data_ro3_1000x125_strict_20260528_ro3_warmup_neighbors.payload,8,0,6,459,541,0.459000000,0.041000000,541,0.995144209,0.886299501
restart_reduced_xor_random1_sampler_island_local_warmup11_data_ro3_1000x125_strict_20260528_ro3_warmup_neighbors.payload,8,0,7,571,429,0.571000000,0.071000000,571,0.985405468,0.808437349
restart_reduced_xor_random1_sampler_island_local_warmup11_data_ro3_1000x125_strict_20260528_ro3_warmup_neighbors.payload,9,1,0,466,534,0.466000000,0.034000000,534,0.996661914,0.905088353
restart_reduced_xor_random1_sampler_island_local_warmup11_data_ro3_1000x125_strict_20260528_ro3_warmup_neighbors.payload,9,1,1,507,493,0.507000000,0.007000000,507,0.999858611,0.979942348
restart_reduced_xor_random1_sampler_island_local_warmup11_data_ro3_1000x125_strict_20260528_ro3_warmup_neighbors.payload,9,1,2,618,382,0.618000000,0.118000000,618,0.959442321,0.694321257
restart_reduced_xor_random1_sampler_island_local_warmup11_data_ro3_1000x125_strict_20260528_ro3_warmup_neighbors.payload,9,1,3,618,382,0.618000000,0.118000000,618,0.959442321,0.694321257
restart_reduced_xor_random1_sampler_island_local_warmup11_data_ro3_1000x125_strict_20260528_ro3_warmup_neighbors.payload,9,1,4,533,467,0.533000000,0.033000000,533,0.996855525,0.907792562
restart_reduced_xor_random1_sampler_island_local_warmup11_data_ro3_1000x125_strict_20260528_ro3_warmup_neighbors.payload,9,1,5,557,443,0.557000000,0.057000000,557,0.990604956,0.844250767
restart_reduced_xor_random1_sampler_island_local_warmup11_data_ro3_1000x125_strict_20260528_ro3_warmup_neighbors.payload,9,1,6,517,483,0.517000000,0.017000000,517,0.999165962,0.951763814
restart_reduced_xor_random1_sampler_island_local_warmup11_data_ro3_1000x125_strict_20260528_ro3_warmup_neighbors.payload,9,1,7,461,539,0.461000000,0.039000000,539,0.995606861,0.891642822
restart_reduced_xor_random1_sampler_island_local_warmup11_data_ro3_1000x125_strict_20260528_ro3_warmup_neighbors.payload,10,2,0,555,445,0.555000000,0.055000000,555,0.991254007,0.849440323
restart_reduced_xor_random1_sampler_island_local_warmup11_data_ro3_1000x125_strict_20260528_ro3_warmup_neighbors.payload,10,2,1,511,489,0.511000000,0.011000000,511,0.999650840,0.968604804
restart_reduced_xor_random1_sampler_island_local_warmup11_data_ro3_1000x125_strict_20260528_ro3_warmup_neighbors.payload,10,2,2,502,498,0.502000000,0.002000000,502,0.999988458,0.994240731
restart_reduced_xor_random1_sampler_island_local_warmup11_data_ro3_1000x125_strict_20260528_ro3_warmup_neighbors.payload,10,2,3,598,402,0.598000000,0.098000000,598,0.972108504,0.741782610
restart_reduced_xor_random1_sampler_island_local_warmup11_data_ro3_1000x125_strict_20260528_ro3_warmup_neighbors.payload,10,2,4,621,379,0.621000000,0.121000000,621,0.957332691,0.687334826
restart_reduced_xor_random1_sampler_island_local_warmup11_data_ro3_1000x125_strict_20260528_ro3_warmup_neighbors.payload,10,2,5,559,441,0.559000000,0.059000000,559,0.989932517,0.839079812
restart_reduced_xor_random1_sampler_island_local_warmup11_data_ro3_1000x125_strict_20260528_ro3_warmup_neighbors.payload,10,2,6,543,457,0.543000000,0.043000000,543,0.994658318,0.880975897
restart_reduced_xor_random1_sampler_island_local_warmup11_data_ro3_1000x125_strict_20260528_ro3_warmup_neighbors.payload,10,2,7,537,463,0.537000000,0.037000000,537,0.996046288,0.897006007
restart_reduced_xor_random1_sampler_island_local_warmup11_data_ro3_1000x125_strict_20260528_ro3_warmup_neighbors.payload,11,3,0,527,473,0.527000000,0.027000000,527,0.997895527,0.924125133
restart_reduced_xor_random1_sampler_island_local_warmup11_data_ro3_1000x125_strict_20260528_ro3_warmup_neighbors.payload,11,3,1,539,461,0.539000000,0.039000000,539,0.995606861,0.891642822
restart_reduced_xor_random1_sampler_island_local_warmup11_data_ro3_1000x125_strict_20260528_ro3_warmup_neighbors.payload,11,3,2,497,503,0.497000000,0.003000000,503,0.999974031,0.991369695
restart_reduced_xor_random1_sampler_island_local_warmup11_data_ro3_1000x125_strict_20260528_ro3_warmup_neighbors.payload,11,3,3,497,503,0.497000000,0.003000000,503,0.999974031,0.991369695
restart_reduced_xor_random1_sampler_island_local_warmup11_data_ro3_1000x125_strict_20260528_ro3_warmup_neighbors.payload,11,3,4,585,415,0.585000000,0.085000000,585,0.979051465,0.773491470
restart_reduced_xor_random1_sampler_island_local_warmup11_data_ro3_1000x125_strict_20260528_ro3_warmup_neighbors.payload,11,3,5,620,380,0.620000000,0.120000000,620,0.958042022,0.689659879
restart_reduced_xor_random1_sampler_island_local_warmup11_data_ro3_1000x125_strict_20260528_ro3_warmup_neighbors.payload,11,3,6,543,457,0.543000000,0.043000000,543,0.994658318,0.880975897
restart_reduced_xor_random1_sampler_island_local_warmup11_data_ro3_1000x125_strict_20260528_ro3_warmup_neighbors.payload,11,3,7,546,454,0.546000000,0.046000000,546,0.993885872,0.873027144
restart_reduced_xor_random1_sampler_island_local_warmup11_data_ro3_1000x125_strict_20260528_ro3_warmup_neighbors.payload,12,4,0,587,413,0.587000000,0.087000000,587,0.978048924,0.768567592
restart_reduced_xor_random1_sampler_island_local_warmup11_data_ro3_1000x125_strict_20260528_ro3_warmup_neighbors.payload,12,4,1,532,468,0.532000000,0.032000000,532,0.997043340,0.910501849
restart_reduced_xor_random1_sampler_island_local_warmup11_data_ro3_1000x125_strict_20260528_ro3_warmup_neighbors.payload,12,4,2,554,446,0.554000000,0.054000000,554,0.991569769,0.852042119
restart_reduced_xor_random1_sampler_island_local_warmup11_data_ro3_1000x125_strict_20260528_ro3_warmup_neighbors.payload,12,4,3,509,491,0.509000000,0.009000000,509,0.999766271,0.974262439
restart_reduced_xor_random1_sampler_island_local_warmup11_data_ro3_1000x125_strict_20260528_ro3_warmup_neighbors.payload,12,4,4,503,497,0.503000000,0.003000000,503,0.999974031,0.991369695
restart_reduced_xor_random1_sampler_island_local_warmup11_data_ro3_1000x125_strict_20260528_ro3_warmup_neighbors.payload,12,4,5,546,454,0.546000000,0.046000000,546,0.993885872,0.873027144
restart_reduced_xor_random1_sampler_island_local_warmup11_data_ro3_1000x125_strict_20260528_ro3_warmup_neighbors.payload,12,4,6,610,390,0.610000000,0.110000000,610,0.964799549,0.713118852
restart_reduced_xor_random1_sampler_island_local_warmup11_data_ro3_1000x125_strict_20260528_ro3_warmup_neighbors.payload,12,4,7,543,457,0.543000000,0.043000000,543,0.994658318,0.880975897
restart_reduced_xor_random1_sampler_island_local_warmup11_data_ro3_1000x125_strict_20260528_ro3_warmup_neighbors.payload,13,5,0,580,420,0.580000000,0.080000000,580,0.981453895,0.785875195
restart_reduced_xor_random1_sampler_island_local_warmup11_data_ro3_1000x125_strict_20260528_ro3_warmup_neighbors.payload,13,5,1,590,410,0.590000000,0.090000000,590,0.976500469,0.761213140
restart_reduced_xor_random1_sampler_island_local_warmup11_data_ro3_1000x125_strict_20260528_ro3_warmup_neighbors.payload,13,5,2,551,449,0.551000000,0.051000000,551,0.992482032,0.859875776
restart_reduced_xor_random1_sampler_island_local_warmup11_data_ro3_1000x125_strict_20260528_ro3_warmup_neighbors.payload,13,5,3,555,445,0.555000000,0.055000000,555,0.991254007,0.849440323
restart_reduced_xor_random1_sampler_island_local_warmup11_data_ro3_1000x125_strict_20260528_ro3_warmup_neighbors.payload,13,5,4,517,483,0.517000000,0.017000000,517,0.999165962,0.951763814
restart_reduced_xor_random1_sampler_island_local_warmup11_data_ro3_1000x125_strict_20260528_ro3_warmup_neighbors.payload,13,5,5,509,491,0.509000000,0.009000000,509,0.999766271,0.974262439
restart_reduced_xor_random1_sampler_island_local_warmup11_data_ro3_1000x125_strict_20260528_ro3_warmup_neighbors.payload,13,5,6,534,466,0.534000000,0.034000000,534,0.996661914,0.905088353
restart_reduced_xor_random1_sampler_island_local_warmup11_data_ro3_1000x125_strict_20260528_ro3_warmup_neighbors.payload,13,5,7,596,404,0.596000000,0.096000000,596,0.973242407,0.746615764
restart_reduced_xor_random1_sampler_island_local_warmup11_data_ro3_1000x125_strict_20260528_ro3_warmup_neighbors.payload,14,6,0,506,494,0.506000000,0.006000000,506,0.999896123,0.982790710
restart_reduced_xor_random1_sampler_island_local_warmup11_data_ro3_1000x125_strict_20260528_ro3_warmup_neighbors.payload,14,6,1,560,440,0.560000000,0.060000000,560,0.989587521,0.836501268
restart_reduced_xor_random1_sampler_island_local_warmup11_data_ro3_1000x125_strict_20260528_ro3_warmup_neighbors.payload,14,6,2,581,419,0.581000000,0.081000000,581,0.980985270,0.783389931
restart_reduced_xor_random1_sampler_island_local_warmup11_data_ro3_1000x125_strict_20260528_ro3_warmup_neighbors.payload,14,6,3,553,447,0.553000000,0.053000000,553,0.991879693,0.854648614
restart_reduced_xor_random1_sampler_island_local_warmup11_data_ro3_1000x125_strict_20260528_ro3_warmup_neighbors.payload,14,6,4,546,454,0.546000000,0.046000000,546,0.993885872,0.873027144
restart_reduced_xor_random1_sampler_island_local_warmup11_data_ro3_1000x125_strict_20260528_ro3_warmup_neighbors.payload,14,6,5,520,480,0.520000000,0.020000000,520,0.998845536,0.943416472
restart_reduced_xor_random1_sampler_island_local_warmup11_data_ro3_1000x125_strict_20260528_ro3_warmup_neighbors.payload,14,6,6,505,495,0.505000000,0.005000000,505,0.999927864,0.985644707
restart_reduced_xor_random1_sampler_island_local_warmup11_data_ro3_1000x125_strict_20260528_ro3_warmup_neighbors.payload,14,6,7,492,508,0.492000000,0.008000000,508,0.999815327,0.977099598
restart_reduced_xor_random1_sampler_island_local_warmup11_data_ro3_1000x125_strict_20260528_ro3_warmup_neighbors.payload,15,7,0,520,480,0.520000000,0.020000000,520,0.998845536,0.943416472
restart_reduced_xor_random1_sampler_island_local_warmup11_data_ro3_1000x125_strict_20260528_ro3_warmup_neighbors.payload,15,7,1,514,486,0.514000000,0.014000000,514,0.999434390,0.960159735
restart_reduced_xor_random1_sampler_island_local_warmup11_data_ro3_1000x125_strict_20260528_ro3_warmup_neighbors.payload,15,7,2,558,442,0.558000000,0.058000000,558,0.990271661,0.841662973
restart_reduced_xor_random1_sampler_island_local_warmup11_data_ro3_1000x125_strict_20260528_ro3_warmup_neighbors.payload,15,7,3,610,390,0.610000000,0.110000000,610,0.964799549,0.713118852
restart_reduced_xor_random1_sampler_island_local_warmup11_data_ro3_1000x125_strict_20260528_ro3_warmup_neighbors.payload,15,7,4,562,438,0.562000000,0.062000000,562,0.988879961,0.831357964
restart_reduced_xor_random1_sampler_island_local_warmup11_data_ro3_1000x125_strict_20260528_ro3_warmup_neighbors.payload,15,7,5,515,485,0.515000000,0.015000000,515,0.999350690,0.957355663
restart_reduced_xor_random1_sampler_island_local_warmup11_data_ro3_1000x125_strict_20260528_ro3_warmup_neighbors.payload,15,7,6,513,487,0.513000000,0.013000000,513,0.999512314,0.962969269
restart_reduced_xor_random1_sampler_island_local_warmup11_data_ro3_1000x125_strict_20260528_ro3_warmup_neighbors.payload,15,7,7,497,503,0.497000000,0.003000000,503,0.999974031,0.991369695
restart_reduced_xor_random1_sampler_island_local_warmup11_data_ro3_1000x125_strict_20260528_ro3_warmup_neighbors.payload,16,0,0,574,426,0.574000000,0.074000000,574,0.984141411,0.800877358
restart_reduced_xor_random1_sampler_island_local_warmup11_data_ro3_1000x125_strict_20260528_ro3_warmup_neighbors.payload,16,0,1,536,464,0.536000000,0.036000000,536,0.996257297,0.899695094
restart_reduced_xor_random1_sampler_island_local_warmup11_data_ro3_1000x125_strict_20260528_ro3_warmup_neighbors.payload,16,0,2,514,486,0.514000000,0.014000000,514,0.999434390,0.960159735
restart_reduced_xor_random1_sampler_island_local_warmup11_data_ro3_1000x125_strict_20260528_ro3_warmup_neighbors.payload,16,0,3,540,460,0.540000000,0.040000000,540,0.995378439,0.888968688
restart_reduced_xor_random1_sampler_island_local_warmup11_data_ro3_1000x125_strict_20260528_ro3_warmup_neighbors.payload,16,0,4,619,381,0.619000000,0.119000000,619,0.958745230,0.691988685
restart_reduced_xor_random1_sampler_island_local_warmup11_data_ro3_1000x125_strict_20260528_ro3_warmup_neighbors.payload,16,0,5,551,449,0.551000000,0.051000000,551,0.992482032,0.859875776
restart_reduced_xor_random1_sampler_island_local_warmup11_data_ro3_1000x125_strict_20260528_ro3_warmup_neighbors.payload,16,0,6,507,493,0.507000000,0.007000000,507,0.999858611,0.979942348
restart_reduced_xor_random1_sampler_island_local_warmup11_data_ro3_1000x125_strict_20260528_ro3_warmup_neighbors.payload,16,0,7,558,442,0.558000000,0.058000000,558,0.990271661,0.841662973
restart_reduced_xor_random1_sampler_island_local_warmup11_data_ro3_1000x125_strict_20260528_ro3_warmup_neighbors.payload,17,1,0,525,475,0.525000000,0.025000000,525,0.998195879,0.929610672
restart_reduced_xor_random1_sampler_island_local_warmup11_data_ro3_1000x125_strict_20260528_ro3_warmup_neighbors.payload,17,1,1,539,461,0.539000000,0.039000000,539,0.995606861,0.891642822
restart_reduced_xor_random1_sampler_island_local_warmup11_data_ro3_1000x125_strict_20260528_ro3_warmup_neighbors.payload,17,1,2,514,486,0.514000000,0.014000000,514,0.999434390,0.960159735
restart_reduced_xor_random1_sampler_island_local_warmup11_data_ro3_1000x125_strict_20260528_ro3_warmup_neighbors.payload,17,1,3,508,492,0.508000000,0.008000000,508,0.999815327,0.977099598
restart_reduced_xor_random1_sampler_island_local_warmup11_data_ro3_1000x125_strict_20260528_ro3_warmup_neighbors.payload,17,1,4,536,464,0.536000000,0.036000000,536,0.996257297,0.899695094
restart_reduced_xor_random1_sampler_island_local_warmup11_data_ro3_1000x125_strict_20260528_ro3_warmup_neighbors.payload,17,1,5,608,392,0.608000000,0.108000000,608,0.966078098,0.717856771
restart_reduced_xor_random1_sampler_island_local_warmup11_data_ro3_1000x125_strict_20260528_ro3_warmup_neighbors.payload,17,1,6,563,437,0.563000000,0.063000000,563,0.988517390,0.828793173
restart_reduced_xor_random1_sampler_island_local_warmup11_data_ro3_1000x125_strict_20260528_ro3_warmup_neighbors.payload,17,1,7,526,474,0.526000000,0.026000000,526,0.998048596,0.926865295
restart_reduced_xor_random1_sampler_island_local_warmup11_data_ro3_1000x125_strict_20260528_ro3_warmup_neighbors.payload,18,2,0,595,405,0.595000000,0.095000000,595,0.973800369,0.749038426
restart_reduced_xor_random1_sampler_island_local_warmup11_data_ro3_1000x125_strict_20260528_ro3_warmup_neighbors.payload,18,2,1,540,460,0.540000000,0.040000000,540,0.995378439,0.888968688
restart_reduced_xor_random1_sampler_island_local_warmup11_data_ro3_1000x125_strict_20260528_ro3_warmup_neighbors.payload,18,2,2,542,458,0.542000000,0.042000000,542,0.994904169,0.883635243
restart_reduced_xor_random1_sampler_island_local_warmup11_data_ro3_1000x125_strict_20260528_ro3_warmup_neighbors.payload,18,2,3,537,463,0.537000000,0.037000000,537,0.996046288,0.897006007
restart_reduced_xor_random1_sampler_island_local_warmup11_data_ro3_1000x125_strict_20260528_ro3_warmup_neighbors.payload,18,2,4,514,486,0.514000000,0.014000000,514,0.999434390,0.960159735
restart_reduced_xor_random1_sampler_island_local_warmup11_data_ro3_1000x125_strict_20260528_ro3_warmup_neighbors.payload,18,2,5,510,490,0.510000000,0.010000000,510,0.999711442,0.971430848
restart_reduced_xor_random1_sampler_island_local_warmup11_data_ro3_1000x125_strict_20260528_ro3_warmup_neighbors.payload,18,2,6,596,404,0.596000000,0.096000000,596,0.973242407,0.746615764
restart_reduced_xor_random1_sampler_island_local_warmup11_data_ro3_1000x125_strict_20260528_ro3_warmup_neighbors.payload,18,2,7,592,408,0.592000000,0.092000000,592,0.975438353,0.756330919
restart_reduced_xor_random1_sampler_island_local_warmup11_data_ro3_1000x125_strict_20260528_ro3_warmup_neighbors.payload,19,3,0,542,458,0.542000000,0.042000000,542,0.994904169,0.883635243
restart_reduced_xor_random1_sampler_island_local_warmup11_data_ro3_1000x125_strict_20260528_ro3_warmup_neighbors.payload,19,3,1,597,403,0.597000000,0.097000000,597,0.972678454,0.744197163
restart_reduced_xor_random1_sampler_island_local_warmup11_data_ro3_1000x125_strict_20260528_ro3_warmup_neighbors.payload,19,3,2,543,457,0.543000000,0.043000000,543,0.994658318,0.880975897
restart_reduced_xor_random1_sampler_island_local_warmup11_data_ro3_1000x125_strict_20260528_ro3_warmup_neighbors.payload,19,3,3,518,482,0.518000000,0.018000000,518,0.999064932,0.948975997
restart_reduced_xor_random1_sampler_island_local_warmup11_data_ro3_1000x125_strict_20260528_ro3_warmup_neighbors.payload,19,3,4,548,452,0.548000000,0.048000000,548,0.993341812,0.867752202
restart_reduced_xor_random1_sampler_island_local_warmup11_data_ro3_1000x125_strict_20260528_ro3_warmup_neighbors.payload,19,3,5,524,476,0.524000000,0.024000000,524,0.998337377,0.932361283
restart_reduced_xor_random1_sampler_island_local_warmup11_data_ro3_1000x125_strict_20260528_ro3_warmup_neighbors.payload,19,3,6,517,483,0.517000000,0.017000000,517,0.999165962,0.951763814
restart_reduced_xor_random1_sampler_island_local_warmup11_data_ro3_1000x125_strict_20260528_ro3_warmup_neighbors.payload,19,3,7,580,420,0.580000000,0.080000000,580,0.981453895,0.785875195
restart_reduced_xor_random1_sampler_island_local_warmup11_data_ro3_1000x125_strict_20260528_ro3_warmup_neighbors.payload,20,4,0,505,495,0.505000000,0.005000000,505,0.999927864,0.985644707
restart_reduced_xor_random1_sampler_island_local_warmup11_data_ro3_1000x125_strict_20260528_ro3_warmup_neighbors.payload,20,4,1,515,485,0.515000000,0.015000000,515,0.999350690,0.957355663
restart_reduced_xor_random1_sampler_island_local_warmup11_data_ro3_1000x125_strict_20260528_ro3_warmup_neighbors.payload,20,4,2,617,383,0.617000000,0.117000000,617,0.960133301,0.696657606
restart_reduced_xor_random1_sampler_island_local_warmup11_data_ro3_1000x125_strict_20260528_ro3_warmup_neighbors.payload,20,4,3,556,444,0.556000000,0.056000000,556,0.990932404,0.846843212
restart_reduced_xor_random1_sampler_island_local_warmup11_data_ro3_1000x125_strict_20260528_ro3_warmup_neighbors.payload,20,4,4,519,481,0.519000000,0.019000000,519,0.998958123,0.946193556
restart_reduced_xor_random1_sampler_island_local_warmup11_data_ro3_1000x125_strict_20260528_ro3_warmup_neighbors.payload,20,4,5,544,456,0.544000000,0.044000000,544,0.994406653,0.878321443
restart_reduced_xor_random1_sampler_island_local_warmup11_data_ro3_1000x125_strict_20260528_ro3_warmup_neighbors.payload,20,4,6,551,449,0.551000000,0.051000000,551,0.992482032,0.859875776
restart_reduced_xor_random1_sampler_island_local_warmup11_data_ro3_1000x125_strict_20260528_ro3_warmup_neighbors.payload,20,4,7,515,485,0.515000000,0.015000000,515,0.999350690,0.957355663
restart_reduced_xor_random1_sampler_island_local_warmup11_data_ro3_1000x125_strict_20260528_ro3_warmup_neighbors.payload,21,5,0,537,463,0.537000000,0.037000000,537,0.996046288,0.897006007
restart_reduced_xor_random1_sampler_island_local_warmup11_data_ro3_1000x125_strict_20260528_ro3_warmup_neighbors.payload,21,5,1,517,483,0.517000000,0.017000000,517,0.999165962,0.951763814
restart_reduced_xor_random1_sampler_island_local_warmup11_data_ro3_1000x125_strict_20260528_ro3_warmup_neighbors.payload,21,5,2,527,473,0.527000000,0.027000000,527,0.997895527,0.924125133
restart_reduced_xor_random1_sampler_island_local_warmup11_data_ro3_1000x125_strict_20260528_ro3_warmup_neighbors.payload,21,5,3,589,411,0.589000000,0.089000000,589,0.977022579,0.763660461
restart_reduced_xor_random1_sampler_island_local_warmup11_data_ro3_1000x125_strict_20260528_ro3_warmup_neighbors.payload,21,5,4,571,429,0.571000000,0.071000000,571,0.985405468,0.808437349
restart_reduced_xor_random1_sampler_island_local_warmup11_data_ro3_1000x125_strict_20260528_ro3_warmup_neighbors.payload,21,5,5,524,476,0.524000000,0.024000000,524,0.998337377,0.932361283
restart_reduced_xor_random1_sampler_island_local_warmup11_data_ro3_1000x125_strict_20260528_ro3_warmup_neighbors.payload,21,5,6,564,436,0.564000000,0.064000000,564,0.988148956,0.826232932
restart_reduced_xor_random1_sampler_island_local_warmup11_data_ro3_1000x125_strict_20260528_ro3_warmup_neighbors.payload,21,5,7,547,453,0.547000000,0.047000000,547,0.993616753,0.870387262
restart_reduced_xor_random1_sampler_island_local_warmup11_data_ro3_1000x125_strict_20260528_ro3_warmup_neighbors.payload,22,6,0,536,464,0.536000000,0.036000000,536,0.996257297,0.899695094
restart_reduced_xor_random1_sampler_island_local_warmup11_data_ro3_1000x125_strict_20260528_ro3_warmup_neighbors.payload,22,6,1,554,446,0.554000000,0.054000000,554,0.991569769,0.852042119
restart_reduced_xor_random1_sampler_island_local_warmup11_data_ro3_1000x125_strict_20260528_ro3_warmup_neighbors.payload,22,6,2,528,472,0.528000000,0.028000000,528,0.997736670,0.921390165
restart_reduced_xor_random1_sampler_island_local_warmup11_data_ro3_1000x125_strict_20260528_ro3_warmup_neighbors.payload,22,6,3,521,479,0.521000000,0.021000000,521,0.998727169,0.940644722
restart_reduced_xor_random1_sampler_island_local_warmup11_data_ro3_1000x125_strict_20260528_ro3_warmup_neighbors.payload,22,6,4,596,404,0.596000000,0.096000000,596,0.973242407,0.746615764
restart_reduced_xor_random1_sampler_island_local_warmup11_data_ro3_1000x125_strict_20260528_ro3_warmup_neighbors.payload,22,6,5,576,424,0.576000000,0.076000000,576,0.983269211,0.795859283
restart_reduced_xor_random1_sampler_island_local_warmup11_data_ro3_1000x125_strict_20260528_ro3_warmup_neighbors.payload,22,6,6,530,470,0.530000000,0.030000000,530,0.997401589,0.915935735
restart_reduced_xor_random1_sampler_island_local_warmup11_data_ro3_1000x125_strict_20260528_ro3_warmup_neighbors.payload,22,6,7,542,458,0.542000000,0.042000000,542,0.994904169,0.883635243
restart_reduced_xor_random1_sampler_island_local_warmup11_data_ro3_1000x125_strict_20260528_ro3_warmup_neighbors.payload,23,7,0,536,464,0.536000000,0.036000000,536,0.996257297,0.899695094
restart_reduced_xor_random1_sampler_island_local_warmup11_data_ro3_1000x125_strict_20260528_ro3_warmup_neighbors.payload,23,7,1,523,477,0.523000000,0.023000000,523,0.998473090,0.935117148
restart_reduced_xor_random1_sampler_island_local_warmup11_data_ro3_1000x125_strict_20260528_ro3_warmup_neighbors.payload,23,7,2,554,446,0.554000000,0.054000000,554,0.991569769,0.852042119
restart_reduced_xor_random1_sampler_island_local_warmup11_data_ro3_1000x125_strict_20260528_ro3_warmup_neighbors.payload,23,7,3,519,481,0.519000000,0.019000000,519,0.998958123,0.946193556
restart_reduced_xor_random1_sampler_island_local_warmup11_data_ro3_1000x125_strict_20260528_ro3_warmup_neighbors.payload,23,7,4,514,486,0.514000000,0.014000000,514,0.999434390,0.960159735
restart_reduced_xor_random1_sampler_island_local_warmup11_data_ro3_1000x125_strict_20260528_ro3_warmup_neighbors.payload,23,7,5,546,454,0.546000000,0.046000000,546,0.993885872,0.873027144
restart_reduced_xor_random1_sampler_island_local_warmup11_data_ro3_1000x125_strict_20260528_ro3_warmup_neighbors.payload,23,7,6,603,397,0.603000000,0.103000000,603,0.969168634,0.729770093
restart_reduced_xor_random1_sampler_island_local_warmup11_data_ro3_1000x125_strict_20260528_ro3_warmup_neighbors.payload,23,7,7,541,459,0.541000000,0.041000000,541,0.995144209,0.886299501
restart_reduced_xor_random1_sampler_island_local_warmup11_data_ro3_1000x125_strict_20260528_ro3_warmup_neighbors.payload,24,0,0,590,410,0.590000000,0.090000000,590,0.976500469,0.761213140
restart_reduced_xor_random1_sampler_island_local_warmup11_data_ro3_1000x125_strict_20260528_ro3_warmup_neighbors.payload,24,0,1,542,458,0.542000000,0.042000000,542,0.994904169,0.883635243
restart_reduced_xor_random1_sampler_island_local_warmup11_data_ro3_1000x125_strict_20260528_ro3_warmup_neighbors.payload,24,0,2,521,479,0.521000000,0.021000000,521,0.998727169,0.940644722
restart_reduced_xor_random1_sampler_island_local_warmup11_data_ro3_1000x125_strict_20260528_ro3_warmup_neighbors.payload,24,0,3,551,449,0.551000000,0.051000000,551,0.992482032,0.859875776
restart_reduced_xor_random1_sampler_island_local_warmup11_data_ro3_1000x125_strict_20260528_ro3_warmup_neighbors.payload,24,0,4,555,445,0.555000000,0.055000000,555,0.991254007,0.849440323
restart_reduced_xor_random1_sampler_island_local_warmup11_data_ro3_1000x125_strict_20260528_ro3_warmup_neighbors.payload,24,0,5,511,489,0.511000000,0.011000000,511,0.999650840,0.968604804
restart_reduced_xor_random1_sampler_island_local_warmup11_data_ro3_1000x125_strict_20260528_ro3_warmup_neighbors.payload,24,0,6,557,443,0.557000000,0.057000000,557,0.990604956,0.844250767
restart_reduced_xor_random1_sampler_island_local_warmup11_data_ro3_1000x125_strict_20260528_ro3_warmup_neighbors.payload,24,0,7,602,398,0.602000000,0.102000000,602,0.969768640,0.732164608
restart_reduced_xor_random1_sampler_island_local_warmup11_data_ro3_1000x125_strict_20260528_ro3_warmup_neighbors.payload,25,1,0,536,464,0.536000000,0.036000000,536,0.996257297,0.899695094
restart_reduced_xor_random1_sampler_island_local_warmup11_data_ro3_1000x125_strict_20260528_ro3_warmup_neighbors.payload,25,1,1,565,435,0.565000000,0.065000000,565,0.987774655,0.823677227
restart_reduced_xor_random1_sampler_island_local_warmup11_data_ro3_1000x125_strict_20260528_ro3_warmup_neighbors.payload,25,1,2,581,419,0.581000000,0.081000000,581,0.980985270,0.783389931
restart_reduced_xor_random1_sampler_island_local_warmup11_data_ro3_1000x125_strict_20260528_ro3_warmup_neighbors.payload,25,1,3,527,473,0.527000000,0.027000000,527,0.997895527,0.924125133
restart_reduced_xor_random1_sampler_island_local_warmup11_data_ro3_1000x125_strict_20260528_ro3_warmup_neighbors.payload,25,1,4,557,443,0.557000000,0.057000000,557,0.990604956,0.844250767
restart_reduced_xor_random1_sampler_island_local_warmup11_data_ro3_1000x125_strict_20260528_ro3_warmup_neighbors.payload,25,1,5,563,437,0.563000000,0.063000000,563,0.988517390,0.828793173
restart_reduced_xor_random1_sampler_island_local_warmup11_data_ro3_1000x125_strict_20260528_ro3_warmup_neighbors.payload,25,1,6,543,457,0.543000000,0.043000000,543,0.994658318,0.880975897
restart_reduced_xor_random1_sampler_island_local_warmup11_data_ro3_1000x125_strict_20260528_ro3_warmup_neighbors.payload,25,1,7,505,495,0.505000000,0.005000000,505,0.999927864,0.985644707
restart_reduced_xor_random1_sampler_island_local_warmup11_data_ro3_1000x125_strict_20260528_ro3_warmup_neighbors.payload,26,2,0,526,474,0.526000000,0.026000000,526,0.998048596,0.926865295
restart_reduced_xor_random1_sampler_island_local_warmup11_data_ro3_1000x125_strict_20260528_ro3_warmup_neighbors.payload,26,2,1,531,469,0.531000000,0.031000000,531,0.997225361,0.913216234
restart_reduced_xor_random1_sampler_island_local_warmup11_data_ro3_1000x125_strict_20260528_ro3_warmup_neighbors.payload,26,2,2,584,416,0.584000000,0.084000000,584,0.979543820,0.775959726
restart_reduced_xor_random1_sampler_island_local_warmup11_data_ro3_1000x125_strict_20260528_ro3_warmup_neighbors.payload,26,2,3,574,426,0.574000000,0.074000000,574,0.984141411,0.800877358
restart_reduced_xor_random1_sampler_island_local_warmup11_data_ro3_1000x125_strict_20260528_ro3_warmup_neighbors.payload,26,2,4,531,469,0.531000000,0.031000000,531,0.997225361,0.913216234
restart_reduced_xor_random1_sampler_island_local_warmup11_data_ro3_1000x125_strict_20260528_ro3_warmup_neighbors.payload,26,2,5,547,453,0.547000000,0.047000000,547,0.993616753,0.870387262
restart_reduced_xor_random1_sampler_island_local_warmup11_data_ro3_1000x125_strict_20260528_ro3_warmup_neighbors.payload,26,2,6,557,443,0.557000000,0.057000000,557,0.990604956,0.844250767
restart_reduced_xor_random1_sampler_island_local_warmup11_data_ro3_1000x125_strict_20260528_ro3_warmup_neighbors.payload,26,2,7,517,483,0.517000000,0.017000000,517,0.999165962,0.951763814
restart_reduced_xor_random1_sampler_island_local_warmup11_data_ro3_1000x125_strict_20260528_ro3_warmup_neighbors.payload,27,3,0,562,438,0.562000000,0.062000000,562,0.988879961,0.831357964
restart_reduced_xor_random1_sampler_island_local_warmup11_data_ro3_1000x125_strict_20260528_ro3_warmup_neighbors.payload,27,3,1,519,481,0.519000000,0.019000000,519,0.998958123,0.946193556
restart_reduced_xor_random1_sampler_island_local_warmup11_data_ro3_1000x125_strict_20260528_ro3_warmup_neighbors.payload,27,3,2,524,476,0.524000000,0.024000000,524,0.998337377,0.932361283
restart_reduced_xor_random1_sampler_island_local_warmup11_data_ro3_1000x125_strict_20260528_ro3_warmup_neighbors.payload,27,3,3,566,434,0.566000000,0.066000000,566,0.987394484,0.821126042
restart_reduced_xor_random1_sampler_island_local_warmup11_data_ro3_1000x125_strict_20260528_ro3_warmup_neighbors.payload,27,3,4,585,415,0.585000000,0.085000000,585,0.979051465,0.773491470
restart_reduced_xor_random1_sampler_island_local_warmup11_data_ro3_1000x125_strict_20260528_ro3_warmup_neighbors.payload,27,3,5,541,459,0.541000000,0.041000000,541,0.995144209,0.886299501
restart_reduced_xor_random1_sampler_island_local_warmup11_data_ro3_1000x125_strict_20260528_ro3_warmup_neighbors.payload,27,3,6,525,475,0.525000000,0.025000000,525,0.998195879,0.929610672
restart_reduced_xor_random1_sampler_island_local_warmup11_data_ro3_1000x125_strict_20260528_ro3_warmup_neighbors.payload,27,3,7,563,437,0.563000000,0.063000000,563,0.988517390,0.828793173
restart_reduced_xor_random1_sampler_island_local_warmup11_data_ro3_1000x125_strict_20260528_ro3_warmup_neighbors.payload,28,4,0,525,475,0.525000000,0.025000000,525,0.998195879,0.929610672
restart_reduced_xor_random1_sampler_island_local_warmup11_data_ro3_1000x125_strict_20260528_ro3_warmup_neighbors.payload,28,4,1,562,438,0.562000000,0.062000000,562,0.988879961,0.831357964
restart_reduced_xor_random1_sampler_island_local_warmup11_data_ro3_1000x125_strict_20260528_ro3_warmup_neighbors.payload,28,4,2,547,453,0.547000000,0.047000000,547,0.993616753,0.870387262
restart_reduced_xor_random1_sampler_island_local_warmup11_data_ro3_1000x125_strict_20260528_ro3_warmup_neighbors.payload,28,4,3,515,485,0.515000000,0.015000000,515,0.999350690,0.957355663
restart_reduced_xor_random1_sampler_island_local_warmup11_data_ro3_1000x125_strict_20260528_ro3_warmup_neighbors.payload,28,4,4,549,451,0.549000000,0.049000000,549,0.993061046,0.865121946
restart_reduced_xor_random1_sampler_island_local_warmup11_data_ro3_1000x125_strict_20260528_ro3_warmup_neighbors.payload,28,4,5,563,437,0.563000000,0.063000000,563,0.988517390,0.828793173
restart_reduced_xor_random1_sampler_island_local_warmup11_data_ro3_1000x125_strict_20260528_ro3_warmup_neighbors.payload,28,4,6,540,460,0.540000000,0.040000000,540,0.995378439,0.888968688
restart_reduced_xor_random1_sampler_island_local_warmup11_data_ro3_1000x125_strict_20260528_ro3_warmup_neighbors.payload,28,4,7,525,475,0.525000000,0.025000000,525,0.998195879,0.929610672
restart_reduced_xor_random1_sampler_island_local_warmup11_data_ro3_1000x125_strict_20260528_ro3_warmup_neighbors.payload,29,5,0,545,455,0.545000000,0.045000000,545,0.994149171,0.875671865
restart_reduced_xor_random1_sampler_island_local_warmup11_data_ro3_1000x125_strict_20260528_ro3_warmup_neighbors.payload,29,5,1,531,469,0.531000000,0.031000000,531,0.997225361,0.913216234
restart_reduced_xor_random1_sampler_island_local_warmup11_data_ro3_1000x125_strict_20260528_ro3_warmup_neighbors.payload,29,5,2,536,464,0.536000000,0.036000000,536,0.996257297,0.899695094
restart_reduced_xor_random1_sampler_island_local_warmup11_data_ro3_1000x125_strict_20260528_ro3_warmup_neighbors.payload,29,5,3,528,472,0.528000000,0.028000000,528,0.997736670,0.921390165
restart_reduced_xor_random1_sampler_island_local_warmup11_data_ro3_1000x125_strict_20260528_ro3_warmup_neighbors.payload,29,5,4,517,483,0.517000000,0.017000000,517,0.999165962,0.951763814
restart_reduced_xor_random1_sampler_island_local_warmup11_data_ro3_1000x125_strict_20260528_ro3_warmup_neighbors.payload,29,5,5,538,462,0.538000000,0.038000000,538,0.995829476,0.894321922
restart_reduced_xor_random1_sampler_island_local_warmup11_data_ro3_1000x125_strict_20260528_ro3_warmup_neighbors.payload,29,5,6,595,405,0.595000000,0.095000000,595,0.973800369,0.749038426
restart_reduced_xor_random1_sampler_island_local_warmup11_data_ro3_1000x125_strict_20260528_ro3_warmup_neighbors.payload,29,5,7,551,449,0.551000000,0.051000000,551,0.992482032,0.859875776
restart_reduced_xor_random1_sampler_island_local_warmup11_data_ro3_1000x125_strict_20260528_ro3_warmup_neighbors.payload,30,6,0,561,439,0.561000000,0.061000000,561,0.989236670,0.833927324
restart_reduced_xor_random1_sampler_island_local_warmup11_data_ro3_1000x125_strict_20260528_ro3_warmup_neighbors.payload,30,6,1,572,428,0.572000000,0.072000000,572,0.984990010,0.805912948
restart_reduced_xor_random1_sampler_island_local_warmup11_data_ro3_1000x125_strict_20260528_ro3_warmup_neighbors.payload,30,6,2,525,475,0.525000000,0.025000000,525,0.998195879,0.929610672
restart_reduced_xor_random1_sampler_island_local_warmup11_data_ro3_1000x125_strict_20260528_ro3_warmup_neighbors.payload,30,6,3,537,463,0.537000000,0.037000000,537,0.996046288,0.897006007
restart_reduced_xor_random1_sampler_island_local_warmup11_data_ro3_1000x125_strict_20260528_ro3_warmup_neighbors.payload,30,6,4,536,464,0.536000000,0.036000000,536,0.996257297,0.899695094
restart_reduced_xor_random1_sampler_island_local_warmup11_data_ro3_1000x125_strict_20260528_ro3_warmup_neighbors.payload,30,6,5,538,462,0.538000000,0.038000000,538,0.995829476,0.894321922
restart_reduced_xor_random1_sampler_island_local_warmup11_data_ro3_1000x125_strict_20260528_ro3_warmup_neighbors.payload,30,6,6,536,464,0.536000000,0.036000000,536,0.996257297,0.899695094
restart_reduced_xor_random1_sampler_island_local_warmup11_data_ro3_1000x125_strict_20260528_ro3_warmup_neighbors.payload,30,6,7,569,431,0.569000000,0.069000000,569,0.986218720,0.813499442
restart_reduced_xor_random1_sampler_island_local_warmup11_data_ro3_1000x125_strict_20260528_ro3_warmup_neighbors.payload,31,7,0,524,476,0.524000000,0.024000000,524,0.998337377,0.932361283
restart_reduced_xor_random1_sampler_island_local_warmup11_data_ro3_1000x125_strict_20260528_ro3_warmup_neighbors.payload,31,7,1,544,456,0.544000000,0.044000000,544,0.994406653,0.878321443
restart_reduced_xor_random1_sampler_island_local_warmup11_data_ro3_1000x125_strict_20260528_ro3_warmup_neighbors.payload,31,7,2,546,454,0.546000000,0.046000000,546,0.993885872,0.873027144
restart_reduced_xor_random1_sampler_island_local_warmup11_data_ro3_1000x125_strict_20260528_ro3_warmup_neighbors.payload,31,7,3,549,451,0.549000000,0.049000000,549,0.993061046,0.865121946
restart_reduced_xor_random1_sampler_island_local_warmup11_data_ro3_1000x125_strict_20260528_ro3_warmup_neighbors.payload,31,7,4,557,443,0.557000000,0.057000000,557,0.990604956,0.844250767
restart_reduced_xor_random1_sampler_island_local_warmup11_data_ro3_1000x125_strict_20260528_ro3_warmup_neighbors.payload,31,7,5,550,450,0.550000000,0.050000000,550,0.992774454,0.862496476
restart_reduced_xor_random1_sampler_island_local_warmup11_data_ro3_1000x125_strict_20260528_ro3_warmup_neighbors.payload,31,7,6,529,471,0.529000000,0.029000000,529,0.997572025,0.918660373
restart_reduced_xor_random1_sampler_island_local_warmup11_data_ro3_1000x125_strict_20260528_ro3_warmup_neighbors.payload,31,7,7,537,463,0.537000000,0.037000000,537,0.996046288,0.897006007
restart_reduced_xor_random1_sampler_island_local_warmup11_data_ro3_1000x125_strict_20260528_ro3_warmup_neighbors.payload,32,0,0,564,436,0.564000000,0.064000000,564,0.988148956,0.826232932
restart_reduced_xor_random1_sampler_island_local_warmup11_data_ro3_1000x125_strict_20260528_ro3_warmup_neighbors.payload,32,0,1,510,490,0.510000000,0.010000000,510,0.999711442,0.971430848
restart_reduced_xor_random1_sampler_island_local_warmup11_data_ro3_1000x125_strict_20260528_ro3_warmup_neighbors.payload,32,0,2,532,468,0.532000000,0.032000000,532,0.997043340,0.910501849
restart_reduced_xor_random1_sampler_island_local_warmup11_data_ro3_1000x125_strict_20260528_ro3_warmup_neighbors.payload,32,0,3,571,429,0.571000000,0.071000000,571,0.985405468,0.808437349
restart_reduced_xor_random1_sampler_island_local_warmup11_data_ro3_1000x125_strict_20260528_ro3_warmup_neighbors.payload,32,0,4,538,462,0.538000000,0.038000000,538,0.995829476,0.894321922
restart_reduced_xor_random1_sampler_island_local_warmup11_data_ro3_1000x125_strict_20260528_ro3_warmup_neighbors.payload,32,0,5,549,451,0.549000000,0.049000000,549,0.993061046,0.865121946
restart_reduced_xor_random1_sampler_island_local_warmup11_data_ro3_1000x125_strict_20260528_ro3_warmup_neighbors.payload,32,0,6,517,483,0.517000000,0.017000000,517,0.999165962,0.951763814
restart_reduced_xor_random1_sampler_island_local_warmup11_data_ro3_1000x125_strict_20260528_ro3_warmup_neighbors.payload,32,0,7,548,452,0.548000000,0.048000000,548,0.993341812,0.867752202
restart_reduced_xor_random1_sampler_island_local_warmup11_data_ro3_1000x125_strict_20260528_ro3_warmup_neighbors.payload,33,1,0,573,427,0.573000000,0.073000000,573,0.984568658,0.803392956
restart_reduced_xor_random1_sampler_island_local_warmup11_data_ro3_1000x125_strict_20260528_ro3_warmup_neighbors.payload,33,1,1,550,450,0.550000000,0.050000000,550,0.992774454,0.862496476
restart_reduced_xor_random1_sampler_island_local_warmup11_data_ro3_1000x125_strict_20260528_ro3_warmup_neighbors.payload,33,1,2,543,457,0.543000000,0.043000000,543,0.994658318,0.880975897
restart_reduced_xor_random1_sampler_island_local_warmup11_data_ro3_1000x125_strict_20260528_ro3_warmup_neighbors.payload,33,1,3,545,455,0.545000000,0.045000000,545,0.994149171,0.875671865
restart_reduced_xor_random1_sampler_island_local_warmup11_data_ro3_1000x125_strict_20260528_ro3_warmup_neighbors.payload,33,1,4,578,422,0.578000000,0.078000000,578,0.982373383,0.790858602
restart_reduced_xor_random1_sampler_island_local_warmup11_data_ro3_1000x125_strict_20260528_ro3_warmup_neighbors.payload,33,1,5,536,464,0.536000000,0.036000000,536,0.996257297,0.899695094
restart_reduced_xor_random1_sampler_island_local_warmup11_data_ro3_1000x125_strict_20260528_ro3_warmup_neighbors.payload,33,1,6,527,473,0.527000000,0.027000000,527,0.997895527,0.924125133
restart_reduced_xor_random1_sampler_island_local_warmup11_data_ro3_1000x125_strict_20260528_ro3_warmup_neighbors.payload,33,1,7,559,441,0.559000000,0.059000000,559,0.989932517,0.839079812
restart_reduced_xor_random1_sampler_island_local_warmup11_data_ro3_1000x125_strict_20260528_ro3_warmup_neighbors.payload,34,2,0,539,461,0.539000000,0.039000000,539,0.995606861,0.891642822
restart_reduced_xor_random1_sampler_island_local_warmup11_data_ro3_1000x125_strict_20260528_ro3_warmup_neighbors.payload,34,2,1,548,452,0.548000000,0.048000000,548,0.993341812,0.867752202
restart_reduced_xor_random1_sampler_island_local_warmup11_data_ro3_1000x125_strict_20260528_ro3_warmup_neighbors.payload,34,2,2,542,458,0.542000000,0.042000000,542,0.994904169,0.883635243
restart_reduced_xor_random1_sampler_island_local_warmup11_data_ro3_1000x125_strict_20260528_ro3_warmup_neighbors.payload,34,2,3,503,497,0.503000000,0.003000000,503,0.999974031,0.991369695
restart_reduced_xor_random1_sampler_island_local_warmup11_data_ro3_1000x125_strict_20260528_ro3_warmup_neighbors.payload,34,2,4,536,464,0.536000000,0.036000000,536,0.996257297,0.899695094
restart_reduced_xor_random1_sampler_island_local_warmup11_data_ro3_1000x125_strict_20260528_ro3_warmup_neighbors.payload,34,2,5,564,436,0.564000000,0.064000000,564,0.988148956,0.826232932
restart_reduced_xor_random1_sampler_island_local_warmup11_data_ro3_1000x125_strict_20260528_ro3_warmup_neighbors.payload,34,2,6,545,455,0.545000000,0.045000000,545,0.994149171,0.875671865
restart_reduced_xor_random1_sampler_island_local_warmup11_data_ro3_1000x125_strict_20260528_ro3_warmup_neighbors.payload,34,2,7,548,452,0.548000000,0.048000000,548,0.993341812,0.867752202
restart_reduced_xor_random1_sampler_island_local_warmup11_data_ro3_1000x125_strict_20260528_ro3_warmup_neighbors.payload,35,3,0,532,468,0.532000000,0.032000000,532,0.997043340,0.910501849
restart_reduced_xor_random1_sampler_island_local_warmup11_data_ro3_1000x125_strict_20260528_ro3_warmup_neighbors.payload,35,3,1,539,461,0.539000000,0.039000000,539,0.995606861,0.891642822
restart_reduced_xor_random1_sampler_island_local_warmup11_data_ro3_1000x125_strict_20260528_ro3_warmup_neighbors.payload,35,3,2,555,445,0.555000000,0.055000000,555,0.991254007,0.849440323
restart_reduced_xor_random1_sampler_island_local_warmup11_data_ro3_1000x125_strict_20260528_ro3_warmup_neighbors.payload,35,3,3,524,476,0.524000000,0.024000000,524,0.998337377,0.932361283
restart_reduced_xor_random1_sampler_island_local_warmup11_data_ro3_1000x125_strict_20260528_ro3_warmup_neighbors.payload,35,3,4,512,488,0.512000000,0.012000000,512,0.999584464,0.965784285
restart_reduced_xor_random1_sampler_island_local_warmup11_data_ro3_1000x125_strict_20260528_ro3_warmup_neighbors.payload,35,3,5,526,474,0.526000000,0.026000000,526,0.998048596,0.926865295
restart_reduced_xor_random1_sampler_island_local_warmup11_data_ro3_1000x125_strict_20260528_ro3_warmup_neighbors.payload,35,3,6,578,422,0.578000000,0.078000000,578,0.982373383,0.790858602
restart_reduced_xor_random1_sampler_island_local_warmup11_data_ro3_1000x125_strict_20260528_ro3_warmup_neighbors.payload,35,3,7,530,470,0.530000000,0.030000000,530,0.997401589,0.915935735
restart_reduced_xor_random1_sampler_island_local_warmup11_data_ro3_1000x125_strict_20260528_ro3_warmup_neighbors.payload,36,4,0,554,446,0.554000000,0.054000000,554,0.991569769,0.852042119
restart_reduced_xor_random1_sampler_island_local_warmup11_data_ro3_1000x125_strict_20260528_ro3_warmup_neighbors.payload,36,4,1,541,459,0.541000000,0.041000000,541,0.995144209,0.886299501
restart_reduced_xor_random1_sampler_island_local_warmup11_data_ro3_1000x125_strict_20260528_ro3_warmup_neighbors.payload,36,4,2,528,472,0.528000000,0.028000000,528,0.997736670,0.921390165
restart_reduced_xor_random1_sampler_island_local_warmup11_data_ro3_1000x125_strict_20260528_ro3_warmup_neighbors.payload,36,4,3,549,451,0.549000000,0.049000000,549,0.993061046,0.865121946
restart_reduced_xor_random1_sampler_island_local_warmup11_data_ro3_1000x125_strict_20260528_ro3_warmup_neighbors.payload,36,4,4,540,460,0.540000000,0.040000000,540,0.995378439,0.888968688
restart_reduced_xor_random1_sampler_island_local_warmup11_data_ro3_1000x125_strict_20260528_ro3_warmup_neighbors.payload,36,4,5,531,469,0.531000000,0.031000000,531,0.997225361,0.913216234
restart_reduced_xor_random1_sampler_island_local_warmup11_data_ro3_1000x125_strict_20260528_ro3_warmup_neighbors.payload,36,4,6,564,436,0.564000000,0.064000000,564,0.988148956,0.826232932
restart_reduced_xor_random1_sampler_island_local_warmup11_data_ro3_1000x125_strict_20260528_ro3_warmup_neighbors.payload,36,4,7,568,432,0.568000000,0.068000000,568,0.986616520,0.816037165
restart_reduced_xor_random1_sampler_island_local_warmup11_data_ro3_1000x125_strict_20260528_ro3_warmup_neighbors.payload,37,5,0,547,453,0.547000000,0.047000000,547,0.993616753,0.870387262
restart_reduced_xor_random1_sampler_island_local_warmup11_data_ro3_1000x125_strict_20260528_ro3_warmup_neighbors.payload,37,5,1,542,458,0.542000000,0.042000000,542,0.994904169,0.883635243
restart_reduced_xor_random1_sampler_island_local_warmup11_data_ro3_1000x125_strict_20260528_ro3_warmup_neighbors.payload,37,5,2,562,438,0.562000000,0.062000000,562,0.988879961,0.831357964
restart_reduced_xor_random1_sampler_island_local_warmup11_data_ro3_1000x125_strict_20260528_ro3_warmup_neighbors.payload,37,5,3,532,468,0.532000000,0.032000000,532,0.997043340,0.910501849
restart_reduced_xor_random1_sampler_island_local_warmup11_data_ro3_1000x125_strict_20260528_ro3_warmup_neighbors.payload,37,5,4,554,446,0.554000000,0.054000000,554,0.991569769,0.852042119
restart_reduced_xor_random1_sampler_island_local_warmup11_data_ro3_1000x125_strict_20260528_ro3_warmup_neighbors.payload,37,5,5,560,440,0.560000000,0.060000000,560,0.989587521,0.836501268
restart_reduced_xor_random1_sampler_island_local_warmup11_data_ro3_1000x125_strict_20260528_ro3_warmup_neighbors.payload,37,5,6,534,466,0.534000000,0.034000000,534,0.996661914,0.905088353
restart_reduced_xor_random1_sampler_island_local_warmup11_data_ro3_1000x125_strict_20260528_ro3_warmup_neighbors.payload,37,5,7,529,471,0.529000000,0.029000000,529,0.997572025,0.918660373
restart_reduced_xor_random1_sampler_island_local_warmup11_data_ro3_1000x125_strict_20260528_ro3_warmup_neighbors.payload,38,6,0,539,461,0.539000000,0.039000000,539,0.995606861,0.891642822
restart_reduced_xor_random1_sampler_island_local_warmup11_data_ro3_1000x125_strict_20260528_ro3_warmup_neighbors.payload,38,6,1,520,480,0.520000000,0.020000000,520,0.998845536,0.943416472
restart_reduced_xor_random1_sampler_island_local_warmup11_data_ro3_1000x125_strict_20260528_ro3_warmup_neighbors.payload,38,6,2,535,465,0.535000000,0.035000000,535,0.996462505,0.902389203
restart_reduced_xor_random1_sampler_island_local_warmup11_data_ro3_1000x125_strict_20260528_ro3_warmup_neighbors.payload,38,6,3,545,455,0.545000000,0.045000000,545,0.994149171,0.875671865
restart_reduced_xor_random1_sampler_island_local_warmup11_data_ro3_1000x125_strict_20260528_ro3_warmup_neighbors.payload,38,6,4,538,462,0.538000000,0.038000000,538,0.995829476,0.894321922
restart_reduced_xor_random1_sampler_island_local_warmup11_data_ro3_1000x125_strict_20260528_ro3_warmup_neighbors.payload,38,6,5,533,467,0.533000000,0.033000000,533,0.996855525,0.907792562
restart_reduced_xor_random1_sampler_island_local_warmup11_data_ro3_1000x125_strict_20260528_ro3_warmup_neighbors.payload,38,6,6,582,418,0.582000000,0.082000000,582,0.980510718,0.780908942
restart_reduced_xor_random1_sampler_island_local_warmup11_data_ro3_1000x125_strict_20260528_ro3_warmup_neighbors.payload,38,6,7,550,450,0.550000000,0.050000000,550,0.992774454,0.862496476
restart_reduced_xor_random1_sampler_island_local_warmup11_data_ro3_1000x125_strict_20260528_ro3_warmup_neighbors.payload,39,7,0,551,449,0.551000000,0.051000000,551,0.992482032,0.859875776
restart_reduced_xor_random1_sampler_island_local_warmup11_data_ro3_1000x125_strict_20260528_ro3_warmup_neighbors.payload,39,7,1,561,439,0.561000000,0.061000000,561,0.989236670,0.833927324
restart_reduced_xor_random1_sampler_island_local_warmup11_data_ro3_1000x125_strict_20260528_ro3_warmup_neighbors.payload,39,7,2,516,484,0.516000000,0.016000000,516,0.999261214,0.954557029
restart_reduced_xor_random1_sampler_island_local_warmup11_data_ro3_1000x125_strict_20260528_ro3_warmup_neighbors.payload,39,7,3,552,448,0.552000000,0.052000000,552,0.992183779,0.857259828
restart_reduced_xor_random1_sampler_island_local_warmup11_data_ro3_1000x125_strict_20260528_ro3_warmup_neighbors.payload,39,7,4,598,402,0.598000000,0.098000000,598,0.972108504,0.741782610
restart_reduced_xor_random1_sampler_island_local_warmup11_data_ro3_1000x125_strict_20260528_ro3_warmup_neighbors.payload,39,7,5,554,446,0.554000000,0.054000000,554,0.991569769,0.852042119
restart_reduced_xor_random1_sampler_island_local_warmup11_data_ro3_1000x125_strict_20260528_ro3_warmup_neighbors.payload,39,7,6,527,473,0.527000000,0.027000000,527,0.997895527,0.924125133
restart_reduced_xor_random1_sampler_island_local_warmup11_data_ro3_1000x125_strict_20260528_ro3_warmup_neighbors.payload,39,7,7,558,442,0.558000000,0.058000000,558,0.990271661,0.841662973
restart_reduced_xor_random1_sampler_island_local_warmup11_data_ro3_1000x125_strict_20260528_ro3_warmup_neighbors.payload,40,0,0,523,477,0.523000000,0.023000000,523,0.998473090,0.935117148
restart_reduced_xor_random1_sampler_island_local_warmup11_data_ro3_1000x125_strict_20260528_ro3_warmup_neighbors.payload,40,0,1,566,434,0.566000000,0.066000000,566,0.987394484,0.821126042
restart_reduced_xor_random1_sampler_island_local_warmup11_data_ro3_1000x125_strict_20260528_ro3_warmup_neighbors.payload,40,0,2,562,438,0.562000000,0.062000000,562,0.988879961,0.831357964
restart_reduced_xor_random1_sampler_island_local_warmup11_data_ro3_1000x125_strict_20260528_ro3_warmup_neighbors.payload,40,0,3,517,483,0.517000000,0.017000000,517,0.999165962,0.951763814
restart_reduced_xor_random1_sampler_island_local_warmup11_data_ro3_1000x125_strict_20260528_ro3_warmup_neighbors.payload,40,0,4,553,447,0.553000000,0.053000000,553,0.991879693,0.854648614
restart_reduced_xor_random1_sampler_island_local_warmup11_data_ro3_1000x125_strict_20260528_ro3_warmup_neighbors.payload,40,0,5,569,431,0.569000000,0.069000000,569,0.986218720,0.813499442
restart_reduced_xor_random1_sampler_island_local_warmup11_data_ro3_1000x125_strict_20260528_ro3_warmup_neighbors.payload,40,0,6,553,447,0.553000000,0.053000000,553,0.991879693,0.854648614
restart_reduced_xor_random1_sampler_island_local_warmup11_data_ro3_1000x125_strict_20260528_ro3_warmup_neighbors.payload,40,0,7,529,471,0.529000000,0.029000000,529,0.997572025,0.918660373
restart_reduced_xor_random1_sampler_island_local_warmup11_data_ro3_1000x125_strict_20260528_ro3_warmup_neighbors.payload,41,1,0,559,441,0.559000000,0.059000000,559,0.989932517,0.839079812
restart_reduced_xor_random1_sampler_island_local_warmup11_data_ro3_1000x125_strict_20260528_ro3_warmup_neighbors.payload,41,1,1,511,489,0.511000000,0.011000000,511,0.999650840,0.968604804
restart_reduced_xor_random1_sampler_island_local_warmup11_data_ro3_1000x125_strict_20260528_ro3_warmup_neighbors.payload,41,1,2,550,450,0.550000000,0.050000000,550,0.992774454,0.862496476
restart_reduced_xor_random1_sampler_island_local_warmup11_data_ro3_1000x125_strict_20260528_ro3_warmup_neighbors.payload,41,1,3,530,470,0.530000000,0.030000000,530,0.997401589,0.915935735
restart_reduced_xor_random1_sampler_island_local_warmup11_data_ro3_1000x125_strict_20260528_ro3_warmup_neighbors.payload,41,1,4,530,470,0.530000000,0.030000000,530,0.997401589,0.915935735
restart_reduced_xor_random1_sampler_island_local_warmup11_data_ro3_1000x125_strict_20260528_ro3_warmup_neighbors.payload,41,1,5,511,489,0.511000000,0.011000000,511,0.999650840,0.968604804
restart_reduced_xor_random1_sampler_island_local_warmup11_data_ro3_1000x125_strict_20260528_ro3_warmup_neighbors.payload,41,1,6,585,415,0.585000000,0.085000000,585,0.979051465,0.773491470
restart_reduced_xor_random1_sampler_island_local_warmup11_data_ro3_1000x125_strict_20260528_ro3_warmup_neighbors.payload,41,1,7,543,457,0.543000000,0.043000000,543,0.994658318,0.880975897
restart_reduced_xor_random1_sampler_island_local_warmup11_data_ro3_1000x125_strict_20260528_ro3_warmup_neighbors.payload,42,2,0,543,457,0.543000000,0.043000000,543,0.994658318,0.880975897
restart_reduced_xor_random1_sampler_island_local_warmup11_data_ro3_1000x125_strict_20260528_ro3_warmup_neighbors.payload,42,2,1,581,419,0.581000000,0.081000000,581,0.980985270,0.783389931
restart_reduced_xor_random1_sampler_island_local_warmup11_data_ro3_1000x125_strict_20260528_ro3_warmup_neighbors.payload,42,2,2,526,474,0.526000000,0.026000000,526,0.998048596,0.926865295
restart_reduced_xor_random1_sampler_island_local_warmup11_data_ro3_1000x125_strict_20260528_ro3_warmup_neighbors.payload,42,2,3,540,460,0.540000000,0.040000000,540,0.995378439,0.888968688
restart_reduced_xor_random1_sampler_island_local_warmup11_data_ro3_1000x125_strict_20260528_ro3_warmup_neighbors.payload,42,2,4,571,429,0.571000000,0.071000000,571,0.985405468,0.808437349
restart_reduced_xor_random1_sampler_island_local_warmup11_data_ro3_1000x125_strict_20260528_ro3_warmup_neighbors.payload,42,2,5,536,464,0.536000000,0.036000000,536,0.996257297,0.899695094
restart_reduced_xor_random1_sampler_island_local_warmup11_data_ro3_1000x125_strict_20260528_ro3_warmup_neighbors.payload,42,2,6,525,475,0.525000000,0.025000000,525,0.998195879,0.929610672
restart_reduced_xor_random1_sampler_island_local_warmup11_data_ro3_1000x125_strict_20260528_ro3_warmup_neighbors.payload,42,2,7,516,484,0.516000000,0.016000000,516,0.999261214,0.954557029
restart_reduced_xor_random1_sampler_island_local_warmup11_data_ro3_1000x125_strict_20260528_ro3_warmup_neighbors.payload,43,3,0,517,483,0.517000000,0.017000000,517,0.999165962,0.951763814
restart_reduced_xor_random1_sampler_island_local_warmup11_data_ro3_1000x125_strict_20260528_ro3_warmup_neighbors.payload,43,3,1,521,479,0.521000000,0.021000000,521,0.998727169,0.940644722
restart_reduced_xor_random1_sampler_island_local_warmup11_data_ro3_1000x125_strict_20260528_ro3_warmup_neighbors.payload,43,3,2,575,425,0.575000000,0.075000000,575,0.983708263,0.798366139
restart_reduced_xor_random1_sampler_island_local_warmup11_data_ro3_1000x125_strict_20260528_ro3_warmup_neighbors.payload,43,3,3,537,463,0.537000000,0.037000000,537,0.996046288,0.897006007
restart_reduced_xor_random1_sampler_island_local_warmup11_data_ro3_1000x125_strict_20260528_ro3_warmup_neighbors.payload,43,3,4,549,451,0.549000000,0.049000000,549,0.993061046,0.865121946
restart_reduced_xor_random1_sampler_island_local_warmup11_data_ro3_1000x125_strict_20260528_ro3_warmup_neighbors.payload,43,3,5,565,435,0.565000000,0.065000000,565,0.987774655,0.823677227
restart_reduced_xor_random1_sampler_island_local_warmup11_data_ro3_1000x125_strict_20260528_ro3_warmup_neighbors.payload,43,3,6,576,424,0.576000000,0.076000000,576,0.983269211,0.795859283
restart_reduced_xor_random1_sampler_island_local_warmup11_data_ro3_1000x125_strict_20260528_ro3_warmup_neighbors.payload,43,3,7,522,478,0.522000000,0.022000000,522,0.998603020,0.937878288
restart_reduced_xor_random1_sampler_island_local_warmup11_data_ro3_1000x125_strict_20260528_ro3_warmup_neighbors.payload,44,4,0,540,460,0.540000000,0.040000000,540,0.995378439,0.888968688
restart_reduced_xor_random1_sampler_island_local_warmup11_data_ro3_1000x125_strict_20260528_ro3_warmup_neighbors.payload,44,4,1,519,481,0.519000000,0.019000000,519,0.998958123,0.946193556
restart_reduced_xor_random1_sampler_island_local_warmup11_data_ro3_1000x125_strict_20260528_ro3_warmup_neighbors.payload,44,4,2,540,460,0.540000000,0.040000000,540,0.995378439,0.888968688
restart_reduced_xor_random1_sampler_island_local_warmup11_data_ro3_1000x125_strict_20260528_ro3_warmup_neighbors.payload,44,4,3,554,446,0.554000000,0.054000000,554,0.991569769,0.852042119
restart_reduced_xor_random1_sampler_island_local_warmup11_data_ro3_1000x125_strict_20260528_ro3_warmup_neighbors.payload,44,4,4,547,453,0.547000000,0.047000000,547,0.993616753,0.870387262
restart_reduced_xor_random1_sampler_island_local_warmup11_data_ro3_1000x125_strict_20260528_ro3_warmup_neighbors.payload,44,4,5,541,459,0.541000000,0.041000000,541,0.995144209,0.886299501
restart_reduced_xor_random1_sampler_island_local_warmup11_data_ro3_1000x125_strict_20260528_ro3_warmup_neighbors.payload,44,4,6,541,459,0.541000000,0.041000000,541,0.995144209,0.886299501
restart_reduced_xor_random1_sampler_island_local_warmup11_data_ro3_1000x125_strict_20260528_ro3_warmup_neighbors.payload,44,4,7,558,442,0.558000000,0.058000000,558,0.990271661,0.841662973
restart_reduced_xor_random1_sampler_island_local_warmup11_data_ro3_1000x125_strict_20260528_ro3_warmup_neighbors.payload,45,5,0,542,458,0.542000000,0.042000000,542,0.994904169,0.883635243
restart_reduced_xor_random1_sampler_island_local_warmup11_data_ro3_1000x125_strict_20260528_ro3_warmup_neighbors.payload,45,5,1,552,448,0.552000000,0.052000000,552,0.992183779,0.857259828
restart_reduced_xor_random1_sampler_island_local_warmup11_data_ro3_1000x125_strict_20260528_ro3_warmup_neighbors.payload,45,5,2,545,455,0.545000000,0.045000000,545,0.994149171,0.875671865
restart_reduced_xor_random1_sampler_island_local_warmup11_data_ro3_1000x125_strict_20260528_ro3_warmup_neighbors.payload,45,5,3,544,456,0.544000000,0.044000000,544,0.994406653,0.878321443
restart_reduced_xor_random1_sampler_island_local_warmup11_data_ro3_1000x125_strict_20260528_ro3_warmup_neighbors.payload,45,5,4,545,455,0.545000000,0.045000000,545,0.994149171,0.875671865
restart_reduced_xor_random1_sampler_island_local_warmup11_data_ro3_1000x125_strict_20260528_ro3_warmup_neighbors.payload,45,5,5,558,442,0.558000000,0.058000000,558,0.990271661,0.841662973
restart_reduced_xor_random1_sampler_island_local_warmup11_data_ro3_1000x125_strict_20260528_ro3_warmup_neighbors.payload,45,5,6,554,446,0.554000000,0.054000000,554,0.991569769,0.852042119
restart_reduced_xor_random1_sampler_island_local_warmup11_data_ro3_1000x125_strict_20260528_ro3_warmup_neighbors.payload,45,5,7,546,454,0.546000000,0.046000000,546,0.993885872,0.873027144
restart_reduced_xor_random1_sampler_island_local_warmup11_data_ro3_1000x125_strict_20260528_ro3_warmup_neighbors.payload,46,6,0,551,449,0.551000000,0.051000000,551,0.992482032,0.859875776
restart_reduced_xor_random1_sampler_island_local_warmup11_data_ro3_1000x125_strict_20260528_ro3_warmup_neighbors.payload,46,6,1,519,481,0.519000000,0.019000000,519,0.998958123,0.946193556
restart_reduced_xor_random1_sampler_island_local_warmup11_data_ro3_1000x125_strict_20260528_ro3_warmup_neighbors.payload,46,6,2,556,444,0.556000000,0.056000000,556,0.990932404,0.846843212
restart_reduced_xor_random1_sampler_island_local_warmup11_data_ro3_1000x125_strict_20260528_ro3_warmup_neighbors.payload,46,6,3,561,439,0.561000000,0.061000000,561,0.989236670,0.833927324
restart_reduced_xor_random1_sampler_island_local_warmup11_data_ro3_1000x125_strict_20260528_ro3_warmup_neighbors.payload,46,6,4,502,498,0.502000000,0.002000000,502,0.999988458,0.994240731
restart_reduced_xor_random1_sampler_island_local_warmup11_data_ro3_1000x125_strict_20260528_ro3_warmup_neighbors.payload,46,6,5,549,451,0.549000000,0.049000000,549,0.993061046,0.865121946
restart_reduced_xor_random1_sampler_island_local_warmup11_data_ro3_1000x125_strict_20260528_ro3_warmup_neighbors.payload,46,6,6,582,418,0.582000000,0.082000000,582,0.980510718,0.780908942
restart_reduced_xor_random1_sampler_island_local_warmup11_data_ro3_1000x125_strict_20260528_ro3_warmup_neighbors.payload,46,6,7,531,469,0.531000000,0.031000000,531,0.997225361,0.913216234
restart_reduced_xor_random1_sampler_island_local_warmup11_data_ro3_1000x125_strict_20260528_ro3_warmup_neighbors.payload,47,7,0,566,434,0.566000000,0.066000000,566,0.987394484,0.821126042
restart_reduced_xor_random1_sampler_island_local_warmup11_data_ro3_1000x125_strict_20260528_ro3_warmup_neighbors.payload,47,7,1,507,493,0.507000000,0.007000000,507,0.999858611,0.979942348
restart_reduced_xor_random1_sampler_island_local_warmup11_data_ro3_1000x125_strict_20260528_ro3_warmup_neighbors.payload,47,7,2,545,455,0.545000000,0.045000000,545,0.994149171,0.875671865
restart_reduced_xor_random1_sampler_island_local_warmup11_data_ro3_1000x125_strict_20260528_ro3_warmup_neighbors.payload,47,7,3,554,446,0.554000000,0.054000000,554,0.991569769,0.852042119
restart_reduced_xor_random1_sampler_island_local_warmup11_data_ro3_1000x125_strict_20260528_ro3_warmup_neighbors.payload,47,7,4,571,429,0.571000000,0.071000000,571,0.985405468,0.808437349
restart_reduced_xor_random1_sampler_island_local_warmup11_data_ro3_1000x125_strict_20260528_ro3_warmup_neighbors.payload,47,7,5,533,467,0.533000000,0.033000000,533,0.996855525,0.907792562
restart_reduced_xor_random1_sampler_island_local_warmup11_data_ro3_1000x125_strict_20260528_ro3_warmup_neighbors.payload,47,7,6,541,459,0.541000000,0.041000000,541,0.995144209,0.886299501
restart_reduced_xor_random1_sampler_island_local_warmup11_data_ro3_1000x125_strict_20260528_ro3_warmup_neighbors.payload,47,7,7,568,432,0.568000000,0.068000000,568,0.986616520,0.816037165
restart_reduced_xor_random1_sampler_island_local_warmup11_data_ro3_1000x125_strict_20260528_ro3_warmup_neighbors.payload,48,0,0,540,460,0.540000000,0.040000000,540,0.995378439,0.888968688
restart_reduced_xor_random1_sampler_island_local_warmup11_data_ro3_1000x125_strict_20260528_ro3_warmup_neighbors.payload,48,0,1,558,442,0.558000000,0.058000000,558,0.990271661,0.841662973
restart_reduced_xor_random1_sampler_island_local_warmup11_data_ro3_1000x125_strict_20260528_ro3_warmup_neighbors.payload,48,0,2,535,465,0.535000000,0.035000000,535,0.996462505,0.902389203
restart_reduced_xor_random1_sampler_island_local_warmup11_data_ro3_1000x125_strict_20260528_ro3_warmup_neighbors.payload,48,0,3,559,441,0.559000000,0.059000000,559,0.989932517,0.839079812
restart_reduced_xor_random1_sampler_island_local_warmup11_data_ro3_1000x125_strict_20260528_ro3_warmup_neighbors.payload,48,0,4,570,430,0.570000000,0.070000000,570,0.985815037,0.810966176
restart_reduced_xor_random1_sampler_island_local_warmup11_data_ro3_1000x125_strict_20260528_ro3_warmup_neighbors.payload,48,0,5,554,446,0.554000000,0.054000000,554,0.991569769,0.852042119
restart_reduced_xor_random1_sampler_island_local_warmup11_data_ro3_1000x125_strict_20260528_ro3_warmup_neighbors.payload,48,0,6,539,461,0.539000000,0.039000000,539,0.995606861,0.891642822
restart_reduced_xor_random1_sampler_island_local_warmup11_data_ro3_1000x125_strict_20260528_ro3_warmup_neighbors.payload,48,0,7,537,463,0.537000000,0.037000000,537,0.996046288,0.897006007
restart_reduced_xor_random1_sampler_island_local_warmup11_data_ro3_1000x125_strict_20260528_ro3_warmup_neighbors.payload,49,1,0,517,483,0.517000000,0.017000000,517,0.999165962,0.951763814
restart_reduced_xor_random1_sampler_island_local_warmup11_data_ro3_1000x125_strict_20260528_ro3_warmup_neighbors.payload,49,1,1,524,476,0.524000000,0.024000000,524,0.998337377,0.932361283
restart_reduced_xor_random1_sampler_island_local_warmup11_data_ro3_1000x125_strict_20260528_ro3_warmup_neighbors.payload,49,1,2,523,477,0.523000000,0.023000000,523,0.998473090,0.935117148
restart_reduced_xor_random1_sampler_island_local_warmup11_data_ro3_1000x125_strict_20260528_ro3_warmup_neighbors.payload,49,1,3,571,429,0.571000000,0.071000000,571,0.985405468,0.808437349
restart_reduced_xor_random1_sampler_island_local_warmup11_data_ro3_1000x125_strict_20260528_ro3_warmup_neighbors.payload,49,1,4,551,449,0.551000000,0.051000000,551,0.992482032,0.859875776
restart_reduced_xor_random1_sampler_island_local_warmup11_data_ro3_1000x125_strict_20260528_ro3_warmup_neighbors.payload,49,1,5,540,460,0.540000000,0.040000000,540,0.995378439,0.888968688
restart_reduced_xor_random1_sampler_island_local_warmup11_data_ro3_1000x125_strict_20260528_ro3_warmup_neighbors.payload,49,1,6,568,432,0.568000000,0.068000000,568,0.986616520,0.816037165
restart_reduced_xor_random1_sampler_island_local_warmup11_data_ro3_1000x125_strict_20260528_ro3_warmup_neighbors.payload,49,1,7,561,439,0.561000000,0.061000000,561,0.989236670,0.833927324
restart_reduced_xor_random1_sampler_island_local_warmup11_data_ro3_1000x125_strict_20260528_ro3_warmup_neighbors.payload,50,2,0,570,430,0.570000000,0.070000000,570,0.985815037,0.810966176
restart_reduced_xor_random1_sampler_island_local_warmup11_data_ro3_1000x125_strict_20260528_ro3_warmup_neighbors.payload,50,2,1,551,449,0.551000000,0.051000000,551,0.992482032,0.859875776
restart_reduced_xor_random1_sampler_island_local_warmup11_data_ro3_1000x125_strict_20260528_ro3_warmup_neighbors.payload,50,2,2,534,466,0.534000000,0.034000000,534,0.996661914,0.905088353
restart_reduced_xor_random1_sampler_island_local_warmup11_data_ro3_1000x125_strict_20260528_ro3_warmup_neighbors.payload,50,2,3,550,450,0.550000000,0.050000000,550,0.992774454,0.862496476
restart_reduced_xor_random1_sampler_island_local_warmup11_data_ro3_1000x125_strict_20260528_ro3_warmup_neighbors.payload,50,2,4,558,442,0.558000000,0.058000000,558,0.990271661,0.841662973
restart_reduced_xor_random1_sampler_island_local_warmup11_data_ro3_1000x125_strict_20260528_ro3_warmup_neighbors.payload,50,2,5,545,455,0.545000000,0.045000000,545,0.994149171,0.875671865
restart_reduced_xor_random1_sampler_island_local_warmup11_data_ro3_1000x125_strict_20260528_ro3_warmup_neighbors.payload,50,2,6,533,467,0.533000000,0.033000000,533,0.996855525,0.907792562
restart_reduced_xor_random1_sampler_island_local_warmup11_data_ro3_1000x125_strict_20260528_ro3_warmup_neighbors.payload,50,2,7,546,454,0.546000000,0.046000000,546,0.993885872,0.873027144
restart_reduced_xor_random1_sampler_island_local_warmup11_data_ro3_1000x125_strict_20260528_ro3_warmup_neighbors.payload,51,3,0,521,479,0.521000000,0.021000000,521,0.998727169,0.940644722
restart_reduced_xor_random1_sampler_island_local_warmup11_data_ro3_1000x125_strict_20260528_ro3_warmup_neighbors.payload,51,3,1,534,466,0.534000000,0.034000000,534,0.996661914,0.905088353
restart_reduced_xor_random1_sampler_island_local_warmup11_data_ro3_1000x125_strict_20260528_ro3_warmup_neighbors.payload,51,3,2,547,453,0.547000000,0.047000000,547,0.993616753,0.870387262
restart_reduced_xor_random1_sampler_island_local_warmup11_data_ro3_1000x125_strict_20260528_ro3_warmup_neighbors.payload,51,3,3,564,436,0.564000000,0.064000000,564,0.988148956,0.826232932
restart_reduced_xor_random1_sampler_island_local_warmup11_data_ro3_1000x125_strict_20260528_ro3_warmup_neighbors.payload,51,3,4,533,467,0.533000000,0.033000000,533,0.996855525,0.907792562
restart_reduced_xor_random1_sampler_island_local_warmup11_data_ro3_1000x125_strict_20260528_ro3_warmup_neighbors.payload,51,3,5,548,452,0.548000000,0.048000000,548,0.993341812,0.867752202
restart_reduced_xor_random1_sampler_island_local_warmup11_data_ro3_1000x125_strict_20260528_ro3_warmup_neighbors.payload,51,3,6,562,438,0.562000000,0.062000000,562,0.988879961,0.831357964
restart_reduced_xor_random1_sampler_island_local_warmup11_data_ro3_1000x125_strict_20260528_ro3_warmup_neighbors.payload,51,3,7,526,474,0.526000000,0.026000000,526,0.998048596,0.926865295
restart_reduced_xor_random1_sampler_island_local_warmup11_data_ro3_1000x125_strict_20260528_ro3_warmup_neighbors.payload,52,4,0,560,440,0.560000000,0.060000000,560,0.989587521,0.836501268
restart_reduced_xor_random1_sampler_island_local_warmup11_data_ro3_1000x125_strict_20260528_ro3_warmup_neighbors.payload,52,4,1,575,425,0.575000000,0.075000000,575,0.983708263,0.798366139
restart_reduced_xor_random1_sampler_island_local_warmup11_data_ro3_1000x125_strict_20260528_ro3_warmup_neighbors.payload,52,4,2,525,475,0.525000000,0.025000000,525,0.998195879,0.929610672
restart_reduced_xor_random1_sampler_island_local_warmup11_data_ro3_1000x125_strict_20260528_ro3_warmup_neighbors.payload,52,4,3,566,434,0.566000000,0.066000000,566,0.987394484,0.821126042
restart_reduced_xor_random1_sampler_island_local_warmup11_data_ro3_1000x125_strict_20260528_ro3_warmup_neighbors.payload,52,4,4,509,491,0.509000000,0.009000000,509,0.999766271,0.974262439
restart_reduced_xor_random1_sampler_island_local_warmup11_data_ro3_1000x125_strict_20260528_ro3_warmup_neighbors.payload,52,4,5,547,453,0.547000000,0.047000000,547,0.993616753,0.870387262
restart_reduced_xor_random1_sampler_island_local_warmup11_data_ro3_1000x125_strict_20260528_ro3_warmup_neighbors.payload,52,4,6,531,469,0.531000000,0.031000000,531,0.997225361,0.913216234
restart_reduced_xor_random1_sampler_island_local_warmup11_data_ro3_1000x125_strict_20260528_ro3_warmup_neighbors.payload,52,4,7,550,450,0.550000000,0.050000000,550,0.992774454,0.862496476
restart_reduced_xor_random1_sampler_island_local_warmup11_data_ro3_1000x125_strict_20260528_ro3_warmup_neighbors.payload,53,5,0,534,466,0.534000000,0.034000000,534,0.996661914,0.905088353
restart_reduced_xor_random1_sampler_island_local_warmup11_data_ro3_1000x125_strict_20260528_ro3_warmup_neighbors.payload,53,5,1,554,446,0.554000000,0.054000000,554,0.991569769,0.852042119
restart_reduced_xor_random1_sampler_island_local_warmup11_data_ro3_1000x125_strict_20260528_ro3_warmup_neighbors.payload,53,5,2,566,434,0.566000000,0.066000000,566,0.987394484,0.821126042
restart_reduced_xor_random1_sampler_island_local_warmup11_data_ro3_1000x125_strict_20260528_ro3_warmup_neighbors.payload,53,5,3,551,449,0.551000000,0.051000000,551,0.992482032,0.859875776
restart_reduced_xor_random1_sampler_island_local_warmup11_data_ro3_1000x125_strict_20260528_ro3_warmup_neighbors.payload,53,5,4,557,443,0.557000000,0.057000000,557,0.990604956,0.844250767
restart_reduced_xor_random1_sampler_island_local_warmup11_data_ro3_1000x125_strict_20260528_ro3_warmup_neighbors.payload,53,5,5,565,435,0.565000000,0.065000000,565,0.987774655,0.823677227
restart_reduced_xor_random1_sampler_island_local_warmup11_data_ro3_1000x125_strict_20260528_ro3_warmup_neighbors.payload,53,5,6,530,470,0.530000000,0.030000000,530,0.997401589,0.915935735
restart_reduced_xor_random1_sampler_island_local_warmup11_data_ro3_1000x125_strict_20260528_ro3_warmup_neighbors.payload,53,5,7,518,482,0.518000000,0.018000000,518,0.999064932,0.948975997
restart_reduced_xor_random1_sampler_island_local_warmup11_data_ro3_1000x125_strict_20260528_ro3_warmup_neighbors.payload,54,6,0,543,457,0.543000000,0.043000000,543,0.994658318,0.880975897
restart_reduced_xor_random1_sampler_island_local_warmup11_data_ro3_1000x125_strict_20260528_ro3_warmup_neighbors.payload,54,6,1,530,470,0.530000000,0.030000000,530,0.997401589,0.915935735
restart_reduced_xor_random1_sampler_island_local_warmup11_data_ro3_1000x125_strict_20260528_ro3_warmup_neighbors.payload,54,6,2,550,450,0.550000000,0.050000000,550,0.992774454,0.862496476
restart_reduced_xor_random1_sampler_island_local_warmup11_data_ro3_1000x125_strict_20260528_ro3_warmup_neighbors.payload,54,6,3,559,441,0.559000000,0.059000000,559,0.989932517,0.839079812
restart_reduced_xor_random1_sampler_island_local_warmup11_data_ro3_1000x125_strict_20260528_ro3_warmup_neighbors.payload,54,6,4,513,487,0.513000000,0.013000000,513,0.999512314,0.962969269
restart_reduced_xor_random1_sampler_island_local_warmup11_data_ro3_1000x125_strict_20260528_ro3_warmup_neighbors.payload,54,6,5,544,456,0.544000000,0.044000000,544,0.994406653,0.878321443
restart_reduced_xor_random1_sampler_island_local_warmup11_data_ro3_1000x125_strict_20260528_ro3_warmup_neighbors.payload,54,6,6,545,455,0.545000000,0.045000000,545,0.994149171,0.875671865
restart_reduced_xor_random1_sampler_island_local_warmup11_data_ro3_1000x125_strict_20260528_ro3_warmup_neighbors.payload,54,6,7,538,462,0.538000000,0.038000000,538,0.995829476,0.894321922
restart_reduced_xor_random1_sampler_island_local_warmup11_data_ro3_1000x125_strict_20260528_ro3_warmup_neighbors.payload,55,7,0,559,441,0.559000000,0.059000000,559,0.989932517,0.839079812
restart_reduced_xor_random1_sampler_island_local_warmup11_data_ro3_1000x125_strict_20260528_ro3_warmup_neighbors.payload,55,7,1,554,446,0.554000000,0.054000000,554,0.991569769,0.852042119
restart_reduced_xor_random1_sampler_island_local_warmup11_data_ro3_1000x125_strict_20260528_ro3_warmup_neighbors.payload,55,7,2,532,468,0.532000000,0.032000000,532,0.997043340,0.910501849
restart_reduced_xor_random1_sampler_island_local_warmup11_data_ro3_1000x125_strict_20260528_ro3_warmup_neighbors.payload,55,7,3,558,442,0.558000000,0.058000000,558,0.990271661,0.841662973
restart_reduced_xor_random1_sampler_island_local_warmup11_data_ro3_1000x125_strict_20260528_ro3_warmup_neighbors.payload,55,7,4,548,452,0.548000000,0.048000000,548,0.993341812,0.867752202
restart_reduced_xor_random1_sampler_island_local_warmup11_data_ro3_1000x125_strict_20260528_ro3_warmup_neighbors.payload,55,7,5,533,467,0.533000000,0.033000000,533,0.996855525,0.907792562
restart_reduced_xor_random1_sampler_island_local_warmup11_data_ro3_1000x125_strict_20260528_ro3_warmup_neighbors.payload,55,7,6,535,465,0.535000000,0.035000000,535,0.996462505,0.902389203
restart_reduced_xor_random1_sampler_island_local_warmup11_data_ro3_1000x125_strict_20260528_ro3_warmup_neighbors.payload,55,7,7,528,472,0.528000000,0.028000000,528,0.997736670,0.921390165
restart_reduced_xor_random1_sampler_island_local_warmup11_data_ro3_1000x125_strict_20260528_ro3_warmup_neighbors.payload,56,0,0,546,454,0.546000000,0.046000000,546,0.993885872,0.873027144
restart_reduced_xor_random1_sampler_island_local_warmup11_data_ro3_1000x125_strict_20260528_ro3_warmup_neighbors.payload,56,0,1,569,431,0.569000000,0.069000000,569,0.986218720,0.813499442
restart_reduced_xor_random1_sampler_island_local_warmup11_data_ro3_1000x125_strict_20260528_ro3_warmup_neighbors.payload,56,0,2,551,449,0.551000000,0.051000000,551,0.992482032,0.859875776
restart_reduced_xor_random1_sampler_island_local_warmup11_data_ro3_1000x125_strict_20260528_ro3_warmup_neighbors.payload,56,0,3,527,473,0.527000000,0.027000000,527,0.997895527,0.924125133
restart_reduced_xor_random1_sampler_island_local_warmup11_data_ro3_1000x125_strict_20260528_ro3_warmup_neighbors.payload,56,0,4,535,465,0.535000000,0.035000000,535,0.996462505,0.902389203
restart_reduced_xor_random1_sampler_island_local_warmup11_data_ro3_1000x125_strict_20260528_ro3_warmup_neighbors.payload,56,0,5,540,460,0.540000000,0.040000000,540,0.995378439,0.888968688
restart_reduced_xor_random1_sampler_island_local_warmup11_data_ro3_1000x125_strict_20260528_ro3_warmup_neighbors.payload,56,0,6,547,453,0.547000000,0.047000000,547,0.993616753,0.870387262
restart_reduced_xor_random1_sampler_island_local_warmup11_data_ro3_1000x125_strict_20260528_ro3_warmup_neighbors.payload,56,0,7,536,464,0.536000000,0.036000000,536,0.996257297,0.899695094
restart_reduced_xor_random1_sampler_island_local_warmup11_data_ro3_1000x125_strict_20260528_ro3_warmup_neighbors.payload,57,1,0,554,446,0.554000000,0.054000000,554,0.991569769,0.852042119
restart_reduced_xor_random1_sampler_island_local_warmup11_data_ro3_1000x125_strict_20260528_ro3_warmup_neighbors.payload,57,1,1,538,462,0.538000000,0.038000000,538,0.995829476,0.894321922
restart_reduced_xor_random1_sampler_island_local_warmup11_data_ro3_1000x125_strict_20260528_ro3_warmup_neighbors.payload,57,1,2,529,471,0.529000000,0.029000000,529,0.997572025,0.918660373
restart_reduced_xor_random1_sampler_island_local_warmup11_data_ro3_1000x125_strict_20260528_ro3_warmup_neighbors.payload,57,1,3,532,468,0.532000000,0.032000000,532,0.997043340,0.910501849
restart_reduced_xor_random1_sampler_island_local_warmup11_data_ro3_1000x125_strict_20260528_ro3_warmup_neighbors.payload,57,1,4,549,451,0.549000000,0.049000000,549,0.993061046,0.865121946
restart_reduced_xor_random1_sampler_island_local_warmup11_data_ro3_1000x125_strict_20260528_ro3_warmup_neighbors.payload,57,1,5,549,451,0.549000000,0.049000000,549,0.993061046,0.865121946
restart_reduced_xor_random1_sampler_island_local_warmup11_data_ro3_1000x125_strict_20260528_ro3_warmup_neighbors.payload,57,1,6,554,446,0.554000000,0.054000000,554,0.991569769,0.852042119
restart_reduced_xor_random1_sampler_island_local_warmup11_data_ro3_1000x125_strict_20260528_ro3_warmup_neighbors.payload,57,1,7,558,442,0.558000000,0.058000000,558,0.990271661,0.841662973
restart_reduced_xor_random1_sampler_island_local_warmup11_data_ro3_1000x125_strict_20260528_ro3_warmup_neighbors.payload,58,2,0,537,463,0.537000000,0.037000000,537,0.996046288,0.897006007
restart_reduced_xor_random1_sampler_island_local_warmup11_data_ro3_1000x125_strict_20260528_ro3_warmup_neighbors.payload,58,2,1,577,423,0.577000000,0.077000000,577,0.982824252,0.793356776
restart_reduced_xor_random1_sampler_island_local_warmup11_data_ro3_1000x125_strict_20260528_ro3_warmup_neighbors.payload,58,2,2,525,475,0.525000000,0.025000000,525,0.998195879,0.929610672
restart_reduced_xor_random1_sampler_island_local_warmup11_data_ro3_1000x125_strict_20260528_ro3_warmup_neighbors.payload,58,2,3,549,451,0.549000000,0.049000000,549,0.993061046,0.865121946
restart_reduced_xor_random1_sampler_island_local_warmup11_data_ro3_1000x125_strict_20260528_ro3_warmup_neighbors.payload,58,2,4,549,451,0.549000000,0.049000000,549,0.993061046,0.865121946
restart_reduced_xor_random1_sampler_island_local_warmup11_data_ro3_1000x125_strict_20260528_ro3_warmup_neighbors.payload,58,2,5,548,452,0.548000000,0.048000000,548,0.993341812,0.867752202
restart_reduced_xor_random1_sampler_island_local_warmup11_data_ro3_1000x125_strict_20260528_ro3_warmup_neighbors.payload,58,2,6,523,477,0.523000000,0.023000000,523,0.998473090,0.935117148
restart_reduced_xor_random1_sampler_island_local_warmup11_data_ro3_1000x125_strict_20260528_ro3_warmup_neighbors.payload,58,2,7,533,467,0.533000000,0.033000000,533,0.996855525,0.907792562
restart_reduced_xor_random1_sampler_island_local_warmup11_data_ro3_1000x125_strict_20260528_ro3_warmup_neighbors.payload,59,3,0,528,472,0.528000000,0.028000000,528,0.997736670,0.921390165
restart_reduced_xor_random1_sampler_island_local_warmup11_data_ro3_1000x125_strict_20260528_ro3_warmup_neighbors.payload,59,3,1,555,445,0.555000000,0.055000000,555,0.991254007,0.849440323
restart_reduced_xor_random1_sampler_island_local_warmup11_data_ro3_1000x125_strict_20260528_ro3_warmup_neighbors.payload,59,3,2,560,440,0.560000000,0.060000000,560,0.989587521,0.836501268
restart_reduced_xor_random1_sampler_island_local_warmup11_data_ro3_1000x125_strict_20260528_ro3_warmup_neighbors.payload,59,3,3,533,467,0.533000000,0.033000000,533,0.996855525,0.907792562
restart_reduced_xor_random1_sampler_island_local_warmup11_data_ro3_1000x125_strict_20260528_ro3_warmup_neighbors.payload,59,3,4,536,464,0.536000000,0.036000000,536,0.996257297,0.899695094
restart_reduced_xor_random1_sampler_island_local_warmup11_data_ro3_1000x125_strict_20260528_ro3_warmup_neighbors.payload,59,3,5,566,434,0.566000000,0.066000000,566,0.987394484,0.821126042
restart_reduced_xor_random1_sampler_island_local_warmup11_data_ro3_1000x125_strict_20260528_ro3_warmup_neighbors.payload,59,3,6,558,442,0.558000000,0.058000000,558,0.990271661,0.841662973
restart_reduced_xor_random1_sampler_island_local_warmup11_data_ro3_1000x125_strict_20260528_ro3_warmup_neighbors.payload,59,3,7,537,463,0.537000000,0.037000000,537,0.996046288,0.897006007
restart_reduced_xor_random1_sampler_island_local_warmup11_data_ro3_1000x125_strict_20260528_ro3_warmup_neighbors.payload,60,4,0,539,461,0.539000000,0.039000000,539,0.995606861,0.891642822
restart_reduced_xor_random1_sampler_island_local_warmup11_data_ro3_1000x125_strict_20260528_ro3_warmup_neighbors.payload,60,4,1,563,437,0.563000000,0.063000000,563,0.988517390,0.828793173
restart_reduced_xor_random1_sampler_island_local_warmup11_data_ro3_1000x125_strict_20260528_ro3_warmup_neighbors.payload,60,4,2,528,472,0.528000000,0.028000000,528,0.997736670,0.921390165
restart_reduced_xor_random1_sampler_island_local_warmup11_data_ro3_1000x125_strict_20260528_ro3_warmup_neighbors.payload,60,4,3,542,458,0.542000000,0.042000000,542,0.994904169,0.883635243
restart_reduced_xor_random1_sampler_island_local_warmup11_data_ro3_1000x125_strict_20260528_ro3_warmup_neighbors.payload,60,4,4,557,443,0.557000000,0.057000000,557,0.990604956,0.844250767
restart_reduced_xor_random1_sampler_island_local_warmup11_data_ro3_1000x125_strict_20260528_ro3_warmup_neighbors.payload,60,4,5,515,485,0.515000000,0.015000000,515,0.999350690,0.957355663
restart_reduced_xor_random1_sampler_island_local_warmup11_data_ro3_1000x125_strict_20260528_ro3_warmup_neighbors.payload,60,4,6,557,443,0.557000000,0.057000000,557,0.990604956,0.844250767
restart_reduced_xor_random1_sampler_island_local_warmup11_data_ro3_1000x125_strict_20260528_ro3_warmup_neighbors.payload,60,4,7,528,472,0.528000000,0.028000000,528,0.997736670,0.921390165
restart_reduced_xor_random1_sampler_island_local_warmup11_data_ro3_1000x125_strict_20260528_ro3_warmup_neighbors.payload,61,5,0,565,435,0.565000000,0.065000000,565,0.987774655,0.823677227
restart_reduced_xor_random1_sampler_island_local_warmup11_data_ro3_1000x125_strict_20260528_ro3_warmup_neighbors.payload,61,5,1,553,447,0.553000000,0.053000000,553,0.991879693,0.854648614
restart_reduced_xor_random1_sampler_island_local_warmup11_data_ro3_1000x125_strict_20260528_ro3_warmup_neighbors.payload,61,5,2,554,446,0.554000000,0.054000000,554,0.991569769,0.852042119
restart_reduced_xor_random1_sampler_island_local_warmup11_data_ro3_1000x125_strict_20260528_ro3_warmup_neighbors.payload,61,5,3,541,459,0.541000000,0.041000000,541,0.995144209,0.886299501
restart_reduced_xor_random1_sampler_island_local_warmup11_data_ro3_1000x125_strict_20260528_ro3_warmup_neighbors.payload,61,5,4,531,469,0.531000000,0.031000000,531,0.997225361,0.913216234
restart_reduced_xor_random1_sampler_island_local_warmup11_data_ro3_1000x125_strict_20260528_ro3_warmup_neighbors.payload,61,5,5,523,477,0.523000000,0.023000000,523,0.998473090,0.935117148
restart_reduced_xor_random1_sampler_island_local_warmup11_data_ro3_1000x125_strict_20260528_ro3_warmup_neighbors.payload,61,5,6,551,449,0.551000000,0.051000000,551,0.992482032,0.859875776
restart_reduced_xor_random1_sampler_island_local_warmup11_data_ro3_1000x125_strict_20260528_ro3_warmup_neighbors.payload,61,5,7,545,455,0.545000000,0.045000000,545,0.994149171,0.875671865
restart_reduced_xor_random1_sampler_island_local_warmup11_data_ro3_1000x125_strict_20260528_ro3_warmup_neighbors.payload,62,6,0,546,454,0.546000000,0.046000000,546,0.993885872,0.873027144
restart_reduced_xor_random1_sampler_island_local_warmup11_data_ro3_1000x125_strict_20260528_ro3_warmup_neighbors.payload,62,6,1,547,453,0.547000000,0.047000000,547,0.993616753,0.870387262
restart_reduced_xor_random1_sampler_island_local_warmup11_data_ro3_1000x125_strict_20260528_ro3_warmup_neighbors.payload,62,6,2,554,446,0.554000000,0.054000000,554,0.991569769,0.852042119
restart_reduced_xor_random1_sampler_island_local_warmup11_data_ro3_1000x125_strict_20260528_ro3_warmup_neighbors.payload,62,6,3,549,451,0.549000000,0.049000000,549,0.993061046,0.865121946
restart_reduced_xor_random1_sampler_island_local_warmup11_data_ro3_1000x125_strict_20260528_ro3_warmup_neighbors.payload,62,6,4,521,479,0.521000000,0.021000000,521,0.998727169,0.940644722
restart_reduced_xor_random1_sampler_island_local_warmup11_data_ro3_1000x125_strict_20260528_ro3_warmup_neighbors.payload,62,6,5,528,472,0.528000000,0.028000000,528,0.997736670,0.921390165
restart_reduced_xor_random1_sampler_island_local_warmup11_data_ro3_1000x125_strict_20260528_ro3_warmup_neighbors.payload,62,6,6,557,443,0.557000000,0.057000000,557,0.990604956,0.844250767
restart_reduced_xor_random1_sampler_island_local_warmup11_data_ro3_1000x125_strict_20260528_ro3_warmup_neighbors.payload,62,6,7,548,452,0.548000000,0.048000000,548,0.993341812,0.867752202
restart_reduced_xor_random1_sampler_island_local_warmup11_data_ro3_1000x125_strict_20260528_ro3_warmup_neighbors.payload,63,7,0,558,442,0.558000000,0.058000000,558,0.990271661,0.841662973
restart_reduced_xor_random1_sampler_island_local_warmup11_data_ro3_1000x125_strict_20260528_ro3_warmup_neighbors.payload,63,7,1,549,451,0.549000000,0.049000000,549,0.993061046,0.865121946
restart_reduced_xor_random1_sampler_island_local_warmup11_data_ro3_1000x125_strict_20260528_ro3_warmup_neighbors.payload,63,7,2,564,436,0.564000000,0.064000000,564,0.988148956,0.826232932
restart_reduced_xor_random1_sampler_island_local_warmup11_data_ro3_1000x125_strict_20260528_ro3_warmup_neighbors.payload,63,7,3,544,456,0.544000000,0.044000000,544,0.994406653,0.878321443
restart_reduced_xor_random1_sampler_island_local_warmup11_data_ro3_1000x125_strict_20260528_ro3_warmup_neighbors.payload,63,7,4,513,487,0.513000000,0.013000000,513,0.999512314,0.962969269
restart_reduced_xor_random1_sampler_island_local_warmup11_data_ro3_1000x125_strict_20260528_ro3_warmup_neighbors.payload,63,7,5,529,471,0.529000000,0.029000000,529,0.997572025,0.918660373
restart_reduced_xor_random1_sampler_island_local_warmup11_data_ro3_1000x125_strict_20260528_ro3_warmup_neighbors.payload,63,7,6,549,451,0.549000000,0.049000000,549,0.993061046,0.865121946
restart_reduced_xor_random1_sampler_island_local_warmup11_data_ro3_1000x125_strict_20260528_ro3_warmup_neighbors.payload,63,7,7,549,451,0.549000000,0.049000000,549,0.993061046,0.865121946
restart_reduced_xor_random1_sampler_island_local_warmup11_data_ro3_1000x125_strict_20260528_ro3_warmup_neighbors.payload,64,0,0,553,447,0.553000000,0.053000000,553,0.991879693,0.854648614
restart_reduced_xor_random1_sampler_island_local_warmup11_data_ro3_1000x125_strict_20260528_ro3_warmup_neighbors.payload,64,0,1,548,452,0.548000000,0.048000000,548,0.993341812,0.867752202
restart_reduced_xor_random1_sampler_island_local_warmup11_data_ro3_1000x125_strict_20260528_ro3_warmup_neighbors.payload,64,0,2,546,454,0.546000000,0.046000000,546,0.993885872,0.873027144
restart_reduced_xor_random1_sampler_island_local_warmup11_data_ro3_1000x125_strict_20260528_ro3_warmup_neighbors.payload,64,0,3,528,472,0.528000000,0.028000000,528,0.997736670,0.921390165
restart_reduced_xor_random1_sampler_island_local_warmup11_data_ro3_1000x125_strict_20260528_ro3_warmup_neighbors.payload,64,0,4,543,457,0.543000000,0.043000000,543,0.994658318,0.880975897
restart_reduced_xor_random1_sampler_island_local_warmup11_data_ro3_1000x125_strict_20260528_ro3_warmup_neighbors.payload,64,0,5,556,444,0.556000000,0.056000000,556,0.990932404,0.846843212
restart_reduced_xor_random1_sampler_island_local_warmup11_data_ro3_1000x125_strict_20260528_ro3_warmup_neighbors.payload,64,0,6,555,445,0.555000000,0.055000000,555,0.991254007,0.849440323
restart_reduced_xor_random1_sampler_island_local_warmup11_data_ro3_1000x125_strict_20260528_ro3_warmup_neighbors.payload,64,0,7,531,469,0.531000000,0.031000000,531,0.997225361,0.913216234
restart_reduced_xor_random1_sampler_island_local_warmup11_data_ro3_1000x125_strict_20260528_ro3_warmup_neighbors.payload,65,1,0,551,449,0.551000000,0.051000000,551,0.992482032,0.859875776
restart_reduced_xor_random1_sampler_island_local_warmup11_data_ro3_1000x125_strict_20260528_ro3_warmup_neighbors.payload,65,1,1,542,458,0.542000000,0.042000000,542,0.994904169,0.883635243
restart_reduced_xor_random1_sampler_island_local_warmup11_data_ro3_1000x125_strict_20260528_ro3_warmup_neighbors.payload,65,1,2,523,477,0.523000000,0.023000000,523,0.998473090,0.935117148
restart_reduced_xor_random1_sampler_island_local_warmup11_data_ro3_1000x125_strict_20260528_ro3_warmup_neighbors.payload,65,1,3,536,464,0.536000000,0.036000000,536,0.996257297,0.899695094
restart_reduced_xor_random1_sampler_island_local_warmup11_data_ro3_1000x125_strict_20260528_ro3_warmup_neighbors.payload,65,1,4,536,464,0.536000000,0.036000000,536,0.996257297,0.899695094
restart_reduced_xor_random1_sampler_island_local_warmup11_data_ro3_1000x125_strict_20260528_ro3_warmup_neighbors.payload,65,1,5,540,460,0.540000000,0.040000000,540,0.995378439,0.888968688
restart_reduced_xor_random1_sampler_island_local_warmup11_data_ro3_1000x125_strict_20260528_ro3_warmup_neighbors.payload,65,1,6,553,447,0.553000000,0.053000000,553,0.991879693,0.854648614
restart_reduced_xor_random1_sampler_island_local_warmup11_data_ro3_1000x125_strict_20260528_ro3_warmup_neighbors.payload,65,1,7,560,440,0.560000000,0.060000000,560,0.989587521,0.836501268
restart_reduced_xor_random1_sampler_island_local_warmup11_data_ro3_1000x125_strict_20260528_ro3_warmup_neighbors.payload,66,2,0,529,471,0.529000000,0.029000000,529,0.997572025,0.918660373
restart_reduced_xor_random1_sampler_island_local_warmup11_data_ro3_1000x125_strict_20260528_ro3_warmup_neighbors.payload,66,2,1,545,455,0.545000000,0.045000000,545,0.994149171,0.875671865
restart_reduced_xor_random1_sampler_island_local_warmup11_data_ro3_1000x125_strict_20260528_ro3_warmup_neighbors.payload,66,2,2,534,466,0.534000000,0.034000000,534,0.996661914,0.905088353
restart_reduced_xor_random1_sampler_island_local_warmup11_data_ro3_1000x125_strict_20260528_ro3_warmup_neighbors.payload,66,2,3,554,446,0.554000000,0.054000000,554,0.991569769,0.852042119
restart_reduced_xor_random1_sampler_island_local_warmup11_data_ro3_1000x125_strict_20260528_ro3_warmup_neighbors.payload,66,2,4,514,486,0.514000000,0.014000000,514,0.999434390,0.960159735
restart_reduced_xor_random1_sampler_island_local_warmup11_data_ro3_1000x125_strict_20260528_ro3_warmup_neighbors.payload,66,2,5,556,444,0.556000000,0.056000000,556,0.990932404,0.846843212
restart_reduced_xor_random1_sampler_island_local_warmup11_data_ro3_1000x125_strict_20260528_ro3_warmup_neighbors.payload,66,2,6,548,452,0.548000000,0.048000000,548,0.993341812,0.867752202
restart_reduced_xor_random1_sampler_island_local_warmup11_data_ro3_1000x125_strict_20260528_ro3_warmup_neighbors.payload,66,2,7,546,454,0.546000000,0.046000000,546,0.993885872,0.873027144
restart_reduced_xor_random1_sampler_island_local_warmup11_data_ro3_1000x125_strict_20260528_ro3_warmup_neighbors.payload,67,3,0,547,453,0.547000000,0.047000000,547,0.993616753,0.870387262
restart_reduced_xor_random1_sampler_island_local_warmup11_data_ro3_1000x125_strict_20260528_ro3_warmup_neighbors.payload,67,3,1,548,452,0.548000000,0.048000000,548,0.993341812,0.867752202
restart_reduced_xor_random1_sampler_island_local_warmup11_data_ro3_1000x125_strict_20260528_ro3_warmup_neighbors.payload,67,3,2,528,472,0.528000000,0.028000000,528,0.997736670,0.921390165
restart_reduced_xor_random1_sampler_island_local_warmup11_data_ro3_1000x125_strict_20260528_ro3_warmup_neighbors.payload,67,3,3,555,445,0.555000000,0.055000000,555,0.991254007,0.849440323
restart_reduced_xor_random1_sampler_island_local_warmup11_data_ro3_1000x125_strict_20260528_ro3_warmup_neighbors.payload,67,3,4,529,471,0.529000000,0.029000000,529,0.997572025,0.918660373
restart_reduced_xor_random1_sampler_island_local_warmup11_data_ro3_1000x125_strict_20260528_ro3_warmup_neighbors.payload,67,3,5,558,442,0.558000000,0.058000000,558,0.990271661,0.841662973
restart_reduced_xor_random1_sampler_island_local_warmup11_data_ro3_1000x125_strict_20260528_ro3_warmup_neighbors.payload,67,3,6,563,437,0.563000000,0.063000000,563,0.988517390,0.828793173
restart_reduced_xor_random1_sampler_island_local_warmup11_data_ro3_1000x125_strict_20260528_ro3_warmup_neighbors.payload,67,3,7,542,458,0.542000000,0.042000000,542,0.994904169,0.883635243
restart_reduced_xor_random1_sampler_island_local_warmup11_data_ro3_1000x125_strict_20260528_ro3_warmup_neighbors.payload,68,4,0,536,464,0.536000000,0.036000000,536,0.996257297,0.899695094
restart_reduced_xor_random1_sampler_island_local_warmup11_data_ro3_1000x125_strict_20260528_ro3_warmup_neighbors.payload,68,4,1,526,474,0.526000000,0.026000000,526,0.998048596,0.926865295
restart_reduced_xor_random1_sampler_island_local_warmup11_data_ro3_1000x125_strict_20260528_ro3_warmup_neighbors.payload,68,4,2,532,468,0.532000000,0.032000000,532,0.997043340,0.910501849
restart_reduced_xor_random1_sampler_island_local_warmup11_data_ro3_1000x125_strict_20260528_ro3_warmup_neighbors.payload,68,4,3,550,450,0.550000000,0.050000000,550,0.992774454,0.862496476
restart_reduced_xor_random1_sampler_island_local_warmup11_data_ro3_1000x125_strict_20260528_ro3_warmup_neighbors.payload,68,4,4,549,451,0.549000000,0.049000000,549,0.993061046,0.865121946
restart_reduced_xor_random1_sampler_island_local_warmup11_data_ro3_1000x125_strict_20260528_ro3_warmup_neighbors.payload,68,4,5,542,458,0.542000000,0.042000000,542,0.994904169,0.883635243
restart_reduced_xor_random1_sampler_island_local_warmup11_data_ro3_1000x125_strict_20260528_ro3_warmup_neighbors.payload,68,4,6,527,473,0.527000000,0.027000000,527,0.997895527,0.924125133
restart_reduced_xor_random1_sampler_island_local_warmup11_data_ro3_1000x125_strict_20260528_ro3_warmup_neighbors.payload,68,4,7,577,423,0.577000000,0.077000000,577,0.982824252,0.793356776
restart_reduced_xor_random1_sampler_island_local_warmup11_data_ro3_1000x125_strict_20260528_ro3_warmup_neighbors.payload,69,5,0,542,458,0.542000000,0.042000000,542,0.994904169,0.883635243
restart_reduced_xor_random1_sampler_island_local_warmup11_data_ro3_1000x125_strict_20260528_ro3_warmup_neighbors.payload,69,5,1,526,474,0.526000000,0.026000000,526,0.998048596,0.926865295
restart_reduced_xor_random1_sampler_island_local_warmup11_data_ro3_1000x125_strict_20260528_ro3_warmup_neighbors.payload,69,5,2,579,421,0.579000000,0.079000000,579,0.981916598,0.788364747
restart_reduced_xor_random1_sampler_island_local_warmup11_data_ro3_1000x125_strict_20260528_ro3_warmup_neighbors.payload,69,5,3,560,440,0.560000000,0.060000000,560,0.989587521,0.836501268
restart_reduced_xor_random1_sampler_island_local_warmup11_data_ro3_1000x125_strict_20260528_ro3_warmup_neighbors.payload,69,5,4,546,454,0.546000000,0.046000000,546,0.993885872,0.873027144
restart_reduced_xor_random1_sampler_island_local_warmup11_data_ro3_1000x125_strict_20260528_ro3_warmup_neighbors.payload,69,5,5,559,441,0.559000000,0.059000000,559,0.989932517,0.839079812
restart_reduced_xor_random1_sampler_island_local_warmup11_data_ro3_1000x125_strict_20260528_ro3_warmup_neighbors.payload,69,5,6,543,457,0.543000000,0.043000000,543,0.994658318,0.880975897
restart_reduced_xor_random1_sampler_island_local_warmup11_data_ro3_1000x125_strict_20260528_ro3_warmup_neighbors.payload,69,5,7,533,467,0.533000000,0.033000000,533,0.996855525,0.907792562
restart_reduced_xor_random1_sampler_island_local_warmup11_data_ro3_1000x125_strict_20260528_ro3_warmup_neighbors.payload,70,6,0,544,456,0.544000000,0.044000000,544,0.994406653,0.878321443
restart_reduced_xor_random1_sampler_island_local_warmup11_data_ro3_1000x125_strict_20260528_ro3_warmup_neighbors.payload,70,6,1,521,479,0.521000000,0.021000000,521,0.998727169,0.940644722
restart_reduced_xor_random1_sampler_island_local_warmup11_data_ro3_1000x125_strict_20260528_ro3_warmup_neighbors.payload,70,6,2,532,468,0.532000000,0.032000000,532,0.997043340,0.910501849
restart_reduced_xor_random1_sampler_island_local_warmup11_data_ro3_1000x125_strict_20260528_ro3_warmup_neighbors.payload,70,6,3,565,435,0.565000000,0.065000000,565,0.987774655,0.823677227
restart_reduced_xor_random1_sampler_island_local_warmup11_data_ro3_1000x125_strict_20260528_ro3_warmup_neighbors.payload,70,6,4,536,464,0.536000000,0.036000000,536,0.996257297,0.899695094
restart_reduced_xor_random1_sampler_island_local_warmup11_data_ro3_1000x125_strict_20260528_ro3_warmup_neighbors.payload,70,6,5,514,486,0.514000000,0.014000000,514,0.999434390,0.960159735
restart_reduced_xor_random1_sampler_island_local_warmup11_data_ro3_1000x125_strict_20260528_ro3_warmup_neighbors.payload,70,6,6,540,460,0.540000000,0.040000000,540,0.995378439,0.888968688
restart_reduced_xor_random1_sampler_island_local_warmup11_data_ro3_1000x125_strict_20260528_ro3_warmup_neighbors.payload,70,6,7,541,459,0.541000000,0.041000000,541,0.995144209,0.886299501
restart_reduced_xor_random1_sampler_island_local_warmup11_data_ro3_1000x125_strict_20260528_ro3_warmup_neighbors.payload,71,7,0,553,447,0.553000000,0.053000000,553,0.991879693,0.854648614
restart_reduced_xor_random1_sampler_island_local_warmup11_data_ro3_1000x125_strict_20260528_ro3_warmup_neighbors.payload,71,7,1,568,432,0.568000000,0.068000000,568,0.986616520,0.816037165
restart_reduced_xor_random1_sampler_island_local_warmup11_data_ro3_1000x125_strict_20260528_ro3_warmup_neighbors.payload,71,7,2,550,450,0.550000000,0.050000000,550,0.992774454,0.862496476
restart_reduced_xor_random1_sampler_island_local_warmup11_data_ro3_1000x125_strict_20260528_ro3_warmup_neighbors.payload,71,7,3,546,454,0.546000000,0.046000000,546,0.993885872,0.873027144
restart_reduced_xor_random1_sampler_island_local_warmup11_data_ro3_1000x125_strict_20260528_ro3_warmup_neighbors.payload,71,7,4,584,416,0.584000000,0.084000000,584,0.979543820,0.775959726
restart_reduced_xor_random1_sampler_island_local_warmup11_data_ro3_1000x125_strict_20260528_ro3_warmup_neighbors.payload,71,7,5,545,455,0.545000000,0.045000000,545,0.994149171,0.875671865
restart_reduced_xor_random1_sampler_island_local_warmup11_data_ro3_1000x125_strict_20260528_ro3_warmup_neighbors.payload,71,7,6,536,464,0.536000000,0.036000000,536,0.996257297,0.899695094
restart_reduced_xor_random1_sampler_island_local_warmup11_data_ro3_1000x125_strict_20260528_ro3_warmup_neighbors.payload,71,7,7,537,463,0.537000000,0.037000000,537,0.996046288,0.897006007
restart_reduced_xor_random1_sampler_island_local_warmup11_data_ro3_1000x125_strict_20260528_ro3_warmup_neighbors.payload,72,0,0,528,472,0.528000000,0.028000000,528,0.997736670,0.921390165
restart_reduced_xor_random1_sampler_island_local_warmup11_data_ro3_1000x125_strict_20260528_ro3_warmup_neighbors.payload,72,0,1,546,454,0.546000000,0.046000000,546,0.993885872,0.873027144
restart_reduced_xor_random1_sampler_island_local_warmup11_data_ro3_1000x125_strict_20260528_ro3_warmup_neighbors.payload,72,0,2,558,442,0.558000000,0.058000000,558,0.990271661,0.841662973
restart_reduced_xor_random1_sampler_island_local_warmup11_data_ro3_1000x125_strict_20260528_ro3_warmup_neighbors.payload,72,0,3,550,450,0.550000000,0.050000000,550,0.992774454,0.862496476
restart_reduced_xor_random1_sampler_island_local_warmup11_data_ro3_1000x125_strict_20260528_ro3_warmup_neighbors.payload,72,0,4,518,482,0.518000000,0.018000000,518,0.999064932,0.948975997
restart_reduced_xor_random1_sampler_island_local_warmup11_data_ro3_1000x125_strict_20260528_ro3_warmup_neighbors.payload,72,0,5,566,434,0.566000000,0.066000000,566,0.987394484,0.821126042
restart_reduced_xor_random1_sampler_island_local_warmup11_data_ro3_1000x125_strict_20260528_ro3_warmup_neighbors.payload,72,0,6,547,453,0.547000000,0.047000000,547,0.993616753,0.870387262
restart_reduced_xor_random1_sampler_island_local_warmup11_data_ro3_1000x125_strict_20260528_ro3_warmup_neighbors.payload,72,0,7,512,488,0.512000000,0.012000000,512,0.999584464,0.965784285
restart_reduced_xor_random1_sampler_island_local_warmup11_data_ro3_1000x125_strict_20260528_ro3_warmup_neighbors.payload,73,1,0,568,432,0.568000000,0.068000000,568,0.986616520,0.816037165
restart_reduced_xor_random1_sampler_island_local_warmup11_data_ro3_1000x125_strict_20260528_ro3_warmup_neighbors.payload,73,1,1,534,466,0.534000000,0.034000000,534,0.996661914,0.905088353
restart_reduced_xor_random1_sampler_island_local_warmup11_data_ro3_1000x125_strict_20260528_ro3_warmup_neighbors.payload,73,1,2,546,454,0.546000000,0.046000000,546,0.993885872,0.873027144
restart_reduced_xor_random1_sampler_island_local_warmup11_data_ro3_1000x125_strict_20260528_ro3_warmup_neighbors.payload,73,1,3,572,428,0.572000000,0.072000000,572,0.984990010,0.805912948
restart_reduced_xor_random1_sampler_island_local_warmup11_data_ro3_1000x125_strict_20260528_ro3_warmup_neighbors.payload,73,1,4,526,474,0.526000000,0.026000000,526,0.998048596,0.926865295
restart_reduced_xor_random1_sampler_island_local_warmup11_data_ro3_1000x125_strict_20260528_ro3_warmup_neighbors.payload,73,1,5,546,454,0.546000000,0.046000000,546,0.993885872,0.873027144
restart_reduced_xor_random1_sampler_island_local_warmup11_data_ro3_1000x125_strict_20260528_ro3_warmup_neighbors.payload,73,1,6,542,458,0.542000000,0.042000000,542,0.994904169,0.883635243
restart_reduced_xor_random1_sampler_island_local_warmup11_data_ro3_1000x125_strict_20260528_ro3_warmup_neighbors.payload,73,1,7,562,438,0.562000000,0.062000000,562,0.988879961,0.831357964
restart_reduced_xor_random1_sampler_island_local_warmup11_data_ro3_1000x125_strict_20260528_ro3_warmup_neighbors.payload,74,2,0,542,458,0.542000000,0.042000000,542,0.994904169,0.883635243
restart_reduced_xor_random1_sampler_island_local_warmup11_data_ro3_1000x125_strict_20260528_ro3_warmup_neighbors.payload,74,2,1,558,442,0.558000000,0.058000000,558,0.990271661,0.841662973
restart_reduced_xor_random1_sampler_island_local_warmup11_data_ro3_1000x125_strict_20260528_ro3_warmup_neighbors.payload,74,2,2,547,453,0.547000000,0.047000000,547,0.993616753,0.870387262
restart_reduced_xor_random1_sampler_island_local_warmup11_data_ro3_1000x125_strict_20260528_ro3_warmup_neighbors.payload,74,2,3,530,470,0.530000000,0.030000000,530,0.997401589,0.915935735
restart_reduced_xor_random1_sampler_island_local_warmup11_data_ro3_1000x125_strict_20260528_ro3_warmup_neighbors.payload,74,2,4,561,439,0.561000000,0.061000000,561,0.989236670,0.833927324
restart_reduced_xor_random1_sampler_island_local_warmup11_data_ro3_1000x125_strict_20260528_ro3_warmup_neighbors.payload,74,2,5,545,455,0.545000000,0.045000000,545,0.994149171,0.875671865
restart_reduced_xor_random1_sampler_island_local_warmup11_data_ro3_1000x125_strict_20260528_ro3_warmup_neighbors.payload,74,2,6,531,469,0.531000000,0.031000000,531,0.997225361,0.913216234
restart_reduced_xor_random1_sampler_island_local_warmup11_data_ro3_1000x125_strict_20260528_ro3_warmup_neighbors.payload,74,2,7,532,468,0.532000000,0.032000000,532,0.997043340,0.910501849
restart_reduced_xor_random1_sampler_island_local_warmup11_data_ro3_1000x125_strict_20260528_ro3_warmup_neighbors.payload,75,3,0,536,464,0.536000000,0.036000000,536,0.996257297,0.899695094
restart_reduced_xor_random1_sampler_island_local_warmup11_data_ro3_1000x125_strict_20260528_ro3_warmup_neighbors.payload,75,3,1,533,467,0.533000000,0.033000000,533,0.996855525,0.907792562
restart_reduced_xor_random1_sampler_island_local_warmup11_data_ro3_1000x125_strict_20260528_ro3_warmup_neighbors.payload,75,3,2,571,429,0.571000000,0.071000000,571,0.985405468,0.808437349
restart_reduced_xor_random1_sampler_island_local_warmup11_data_ro3_1000x125_strict_20260528_ro3_warmup_neighbors.payload,75,3,3,544,456,0.544000000,0.044000000,544,0.994406653,0.878321443
restart_reduced_xor_random1_sampler_island_local_warmup11_data_ro3_1000x125_strict_20260528_ro3_warmup_neighbors.payload,75,3,4,538,462,0.538000000,0.038000000,538,0.995829476,0.894321922
restart_reduced_xor_random1_sampler_island_local_warmup11_data_ro3_1000x125_strict_20260528_ro3_warmup_neighbors.payload,75,3,5,547,453,0.547000000,0.047000000,547,0.993616753,0.870387262
restart_reduced_xor_random1_sampler_island_local_warmup11_data_ro3_1000x125_strict_20260528_ro3_warmup_neighbors.payload,75,3,6,562,438,0.562000000,0.062000000,562,0.988879961,0.831357964
restart_reduced_xor_random1_sampler_island_local_warmup11_data_ro3_1000x125_strict_20260528_ro3_warmup_neighbors.payload,75,3,7,527,473,0.527000000,0.027000000,527,0.997895527,0.924125133
restart_reduced_xor_random1_sampler_island_local_warmup11_data_ro3_1000x125_strict_20260528_ro3_warmup_neighbors.payload,76,4,0,550,450,0.550000000,0.050000000,550,0.992774454,0.862496476
restart_reduced_xor_random1_sampler_island_local_warmup11_data_ro3_1000x125_strict_20260528_ro3_warmup_neighbors.payload,76,4,1,524,476,0.524000000,0.024000000,524,0.998337377,0.932361283
restart_reduced_xor_random1_sampler_island_local_warmup11_data_ro3_1000x125_strict_20260528_ro3_warmup_neighbors.payload,76,4,2,546,454,0.546000000,0.046000000,546,0.993885872,0.873027144
restart_reduced_xor_random1_sampler_island_local_warmup11_data_ro3_1000x125_strict_20260528_ro3_warmup_neighbors.payload,76,4,3,546,454,0.546000000,0.046000000,546,0.993885872,0.873027144
restart_reduced_xor_random1_sampler_island_local_warmup11_data_ro3_1000x125_strict_20260528_ro3_warmup_neighbors.payload,76,4,4,577,423,0.577000000,0.077000000,577,0.982824252,0.793356776
restart_reduced_xor_random1_sampler_island_local_warmup11_data_ro3_1000x125_strict_20260528_ro3_warmup_neighbors.payload,76,4,5,506,494,0.506000000,0.006000000,506,0.999896123,0.982790710
restart_reduced_xor_random1_sampler_island_local_warmup11_data_ro3_1000x125_strict_20260528_ro3_warmup_neighbors.payload,76,4,6,540,460,0.540000000,0.040000000,540,0.995378439,0.888968688
restart_reduced_xor_random1_sampler_island_local_warmup11_data_ro3_1000x125_strict_20260528_ro3_warmup_neighbors.payload,76,4,7,555,445,0.555000000,0.055000000,555,0.991254007,0.849440323
restart_reduced_xor_random1_sampler_island_local_warmup11_data_ro3_1000x125_strict_20260528_ro3_warmup_neighbors.payload,77,5,0,543,457,0.543000000,0.043000000,543,0.994658318,0.880975897
restart_reduced_xor_random1_sampler_island_local_warmup11_data_ro3_1000x125_strict_20260528_ro3_warmup_neighbors.payload,77,5,1,554,446,0.554000000,0.054000000,554,0.991569769,0.852042119
restart_reduced_xor_random1_sampler_island_local_warmup11_data_ro3_1000x125_strict_20260528_ro3_warmup_neighbors.payload,77,5,2,545,455,0.545000000,0.045000000,545,0.994149171,0.875671865
restart_reduced_xor_random1_sampler_island_local_warmup11_data_ro3_1000x125_strict_20260528_ro3_warmup_neighbors.payload,77,5,3,542,458,0.542000000,0.042000000,542,0.994904169,0.883635243
restart_reduced_xor_random1_sampler_island_local_warmup11_data_ro3_1000x125_strict_20260528_ro3_warmup_neighbors.payload,77,5,4,572,428,0.572000000,0.072000000,572,0.984990010,0.805912948
restart_reduced_xor_random1_sampler_island_local_warmup11_data_ro3_1000x125_strict_20260528_ro3_warmup_neighbors.payload,77,5,5,530,470,0.530000000,0.030000000,530,0.997401589,0.915935735
restart_reduced_xor_random1_sampler_island_local_warmup11_data_ro3_1000x125_strict_20260528_ro3_warmup_neighbors.payload,77,5,6,548,452,0.548000000,0.048000000,548,0.993341812,0.867752202
restart_reduced_xor_random1_sampler_island_local_warmup11_data_ro3_1000x125_strict_20260528_ro3_warmup_neighbors.payload,77,5,7,539,461,0.539000000,0.039000000,539,0.995606861,0.891642822
restart_reduced_xor_random1_sampler_island_local_warmup11_data_ro3_1000x125_strict_20260528_ro3_warmup_neighbors.payload,78,6,0,551,449,0.551000000,0.051000000,551,0.992482032,0.859875776
restart_reduced_xor_random1_sampler_island_local_warmup11_data_ro3_1000x125_strict_20260528_ro3_warmup_neighbors.payload,78,6,1,545,455,0.545000000,0.045000000,545,0.994149171,0.875671865
restart_reduced_xor_random1_sampler_island_local_warmup11_data_ro3_1000x125_strict_20260528_ro3_warmup_neighbors.payload,78,6,2,536,464,0.536000000,0.036000000,536,0.996257297,0.899695094
restart_reduced_xor_random1_sampler_island_local_warmup11_data_ro3_1000x125_strict_20260528_ro3_warmup_neighbors.payload,78,6,3,543,457,0.543000000,0.043000000,543,0.994658318,0.880975897
restart_reduced_xor_random1_sampler_island_local_warmup11_data_ro3_1000x125_strict_20260528_ro3_warmup_neighbors.payload,78,6,4,547,453,0.547000000,0.047000000,547,0.993616753,0.870387262
restart_reduced_xor_random1_sampler_island_local_warmup11_data_ro3_1000x125_strict_20260528_ro3_warmup_neighbors.payload,78,6,5,538,462,0.538000000,0.038000000,538,0.995829476,0.894321922
restart_reduced_xor_random1_sampler_island_local_warmup11_data_ro3_1000x125_strict_20260528_ro3_warmup_neighbors.payload,78,6,6,547,453,0.547000000,0.047000000,547,0.993616753,0.870387262
restart_reduced_xor_random1_sampler_island_local_warmup11_data_ro3_1000x125_strict_20260528_ro3_warmup_neighbors.payload,78,6,7,562,438,0.562000000,0.062000000,562,0.988879961,0.831357964
restart_reduced_xor_random1_sampler_island_local_warmup11_data_ro3_1000x125_strict_20260528_ro3_warmup_neighbors.payload,79,7,0,549,451,0.549000000,0.049000000,549,0.993061046,0.865121946
restart_reduced_xor_random1_sampler_island_local_warmup11_data_ro3_1000x125_strict_20260528_ro3_warmup_neighbors.payload,79,7,1,550,450,0.550000000,0.050000000,550,0.992774454,0.862496476
restart_reduced_xor_random1_sampler_island_local_warmup11_data_ro3_1000x125_strict_20260528_ro3_warmup_neighbors.payload,79,7,2,522,478,0.522000000,0.022000000,522,0.998603020,0.937878288
restart_reduced_xor_random1_sampler_island_local_warmup11_data_ro3_1000x125_strict_20260528_ro3_warmup_neighbors.payload,79,7,3,558,442,0.558000000,0.058000000,558,0.990271661,0.841662973
restart_reduced_xor_random1_sampler_island_local_warmup11_data_ro3_1000x125_strict_20260528_ro3_warmup_neighbors.payload,79,7,4,550,450,0.550000000,0.050000000,550,0.992774454,0.862496476
restart_reduced_xor_random1_sampler_island_local_warmup11_data_ro3_1000x125_strict_20260528_ro3_warmup_neighbors.payload,79,7,5,543,457,0.543000000,0.043000000,543,0.994658318,0.880975897
restart_reduced_xor_random1_sampler_island_local_warmup11_data_ro3_1000x125_strict_20260528_ro3_warmup_neighbors.payload,79,7,6,534,466,0.534000000,0.034000000,534,0.996661914,0.905088353
restart_reduced_xor_random1_sampler_island_local_warmup11_data_ro3_1000x125_strict_20260528_ro3_warmup_neighbors.payload,79,7,7,557,443,0.557000000,0.057000000,557,0.990604956,0.844250767
restart_reduced_xor_random1_sampler_island_local_warmup11_data_ro3_1000x125_strict_20260528_ro3_warmup_neighbors.payload,80,0,0,548,452,0.548000000,0.048000000,548,0.993341812,0.867752202
restart_reduced_xor_random1_sampler_island_local_warmup11_data_ro3_1000x125_strict_20260528_ro3_warmup_neighbors.payload,80,0,1,555,445,0.555000000,0.055000000,555,0.991254007,0.849440323
restart_reduced_xor_random1_sampler_island_local_warmup11_data_ro3_1000x125_strict_20260528_ro3_warmup_neighbors.payload,80,0,2,531,469,0.531000000,0.031000000,531,0.997225361,0.913216234
restart_reduced_xor_random1_sampler_island_local_warmup11_data_ro3_1000x125_strict_20260528_ro3_warmup_neighbors.payload,80,0,3,531,469,0.531000000,0.031000000,531,0.997225361,0.913216234
restart_reduced_xor_random1_sampler_island_local_warmup11_data_ro3_1000x125_strict_20260528_ro3_warmup_neighbors.payload,80,0,4,536,464,0.536000000,0.036000000,536,0.996257297,0.899695094
restart_reduced_xor_random1_sampler_island_local_warmup11_data_ro3_1000x125_strict_20260528_ro3_warmup_neighbors.payload,80,0,5,558,442,0.558000000,0.058000000,558,0.990271661,0.841662973
restart_reduced_xor_random1_sampler_island_local_warmup11_data_ro3_1000x125_strict_20260528_ro3_warmup_neighbors.payload,80,0,6,514,486,0.514000000,0.014000000,514,0.999434390,0.960159735
restart_reduced_xor_random1_sampler_island_local_warmup11_data_ro3_1000x125_strict_20260528_ro3_warmup_neighbors.payload,80,0,7,537,463,0.537000000,0.037000000,537,0.996046288,0.897006007
restart_reduced_xor_random1_sampler_island_local_warmup11_data_ro3_1000x125_strict_20260528_ro3_warmup_neighbors.payload,81,1,0,529,471,0.529000000,0.029000000,529,0.997572025,0.918660373
restart_reduced_xor_random1_sampler_island_local_warmup11_data_ro3_1000x125_strict_20260528_ro3_warmup_neighbors.payload,81,1,1,563,437,0.563000000,0.063000000,563,0.988517390,0.828793173
restart_reduced_xor_random1_sampler_island_local_warmup11_data_ro3_1000x125_strict_20260528_ro3_warmup_neighbors.payload,81,1,2,566,434,0.566000000,0.066000000,566,0.987394484,0.821126042
restart_reduced_xor_random1_sampler_island_local_warmup11_data_ro3_1000x125_strict_20260528_ro3_warmup_neighbors.payload,81,1,3,543,457,0.543000000,0.043000000,543,0.994658318,0.880975897
restart_reduced_xor_random1_sampler_island_local_warmup11_data_ro3_1000x125_strict_20260528_ro3_warmup_neighbors.payload,81,1,4,527,473,0.527000000,0.027000000,527,0.997895527,0.924125133
restart_reduced_xor_random1_sampler_island_local_warmup11_data_ro3_1000x125_strict_20260528_ro3_warmup_neighbors.payload,81,1,5,556,444,0.556000000,0.056000000,556,0.990932404,0.846843212
restart_reduced_xor_random1_sampler_island_local_warmup11_data_ro3_1000x125_strict_20260528_ro3_warmup_neighbors.payload,81,1,6,536,464,0.536000000,0.036000000,536,0.996257297,0.899695094
restart_reduced_xor_random1_sampler_island_local_warmup11_data_ro3_1000x125_strict_20260528_ro3_warmup_neighbors.payload,81,1,7,521,479,0.521000000,0.021000000,521,0.998727169,0.940644722
restart_reduced_xor_random1_sampler_island_local_warmup11_data_ro3_1000x125_strict_20260528_ro3_warmup_neighbors.payload,82,2,0,552,448,0.552000000,0.052000000,552,0.992183779,0.857259828
restart_reduced_xor_random1_sampler_island_local_warmup11_data_ro3_1000x125_strict_20260528_ro3_warmup_neighbors.payload,82,2,1,550,450,0.550000000,0.050000000,550,0.992774454,0.862496476
restart_reduced_xor_random1_sampler_island_local_warmup11_data_ro3_1000x125_strict_20260528_ro3_warmup_neighbors.payload,82,2,2,543,457,0.543000000,0.043000000,543,0.994658318,0.880975897
restart_reduced_xor_random1_sampler_island_local_warmup11_data_ro3_1000x125_strict_20260528_ro3_warmup_neighbors.payload,82,2,3,572,428,0.572000000,0.072000000,572,0.984990010,0.805912948
restart_reduced_xor_random1_sampler_island_local_warmup11_data_ro3_1000x125_strict_20260528_ro3_warmup_neighbors.payload,82,2,4,530,470,0.530000000,0.030000000,530,0.997401589,0.915935735
restart_reduced_xor_random1_sampler_island_local_warmup11_data_ro3_1000x125_strict_20260528_ro3_warmup_neighbors.payload,82,2,5,551,449,0.551000000,0.051000000,551,0.992482032,0.859875776
restart_reduced_xor_random1_sampler_island_local_warmup11_data_ro3_1000x125_strict_20260528_ro3_warmup_neighbors.payload,82,2,6,556,444,0.556000000,0.056000000,556,0.990932404,0.846843212
restart_reduced_xor_random1_sampler_island_local_warmup11_data_ro3_1000x125_strict_20260528_ro3_warmup_neighbors.payload,82,2,7,544,456,0.544000000,0.044000000,544,0.994406653,0.878321443
restart_reduced_xor_random1_sampler_island_local_warmup11_data_ro3_1000x125_strict_20260528_ro3_warmup_neighbors.payload,83,3,0,556,444,0.556000000,0.056000000,556,0.990932404,0.846843212
restart_reduced_xor_random1_sampler_island_local_warmup11_data_ro3_1000x125_strict_20260528_ro3_warmup_neighbors.payload,83,3,1,569,431,0.569000000,0.069000000,569,0.986218720,0.813499442
restart_reduced_xor_random1_sampler_island_local_warmup11_data_ro3_1000x125_strict_20260528_ro3_warmup_neighbors.payload,83,3,2,527,473,0.527000000,0.027000000,527,0.997895527,0.924125133
restart_reduced_xor_random1_sampler_island_local_warmup11_data_ro3_1000x125_strict_20260528_ro3_warmup_neighbors.payload,83,3,3,527,473,0.527000000,0.027000000,527,0.997895527,0.924125133
restart_reduced_xor_random1_sampler_island_local_warmup11_data_ro3_1000x125_strict_20260528_ro3_warmup_neighbors.payload,83,3,4,554,446,0.554000000,0.054000000,554,0.991569769,0.852042119
restart_reduced_xor_random1_sampler_island_local_warmup11_data_ro3_1000x125_strict_20260528_ro3_warmup_neighbors.payload,83,3,5,526,474,0.526000000,0.026000000,526,0.998048596,0.926865295
restart_reduced_xor_random1_sampler_island_local_warmup11_data_ro3_1000x125_strict_20260528_ro3_warmup_neighbors.payload,83,3,6,507,493,0.507000000,0.007000000,507,0.999858611,0.979942348
restart_reduced_xor_random1_sampler_island_local_warmup11_data_ro3_1000x125_strict_20260528_ro3_warmup_neighbors.payload,83,3,7,543,457,0.543000000,0.043000000,543,0.994658318,0.880975897
restart_reduced_xor_random1_sampler_island_local_warmup11_data_ro3_1000x125_strict_20260528_ro3_warmup_neighbors.payload,84,4,0,534,466,0.534000000,0.034000000,534,0.996661914,0.905088353
restart_reduced_xor_random1_sampler_island_local_warmup11_data_ro3_1000x125_strict_20260528_ro3_warmup_neighbors.payload,84,4,1,550,450,0.550000000,0.050000000,550,0.992774454,0.862496476
restart_reduced_xor_random1_sampler_island_local_warmup11_data_ro3_1000x125_strict_20260528_ro3_warmup_neighbors.payload,84,4,2,545,455,0.545000000,0.045000000,545,0.994149171,0.875671865
restart_reduced_xor_random1_sampler_island_local_warmup11_data_ro3_1000x125_strict_20260528_ro3_warmup_neighbors.payload,84,4,3,545,455,0.545000000,0.045000000,545,0.994149171,0.875671865
restart_reduced_xor_random1_sampler_island_local_warmup11_data_ro3_1000x125_strict_20260528_ro3_warmup_neighbors.payload,84,4,4,524,476,0.524000000,0.024000000,524,0.998337377,0.932361283
restart_reduced_xor_random1_sampler_island_local_warmup11_data_ro3_1000x125_strict_20260528_ro3_warmup_neighbors.payload,84,4,5,534,466,0.534000000,0.034000000,534,0.996661914,0.905088353
restart_reduced_xor_random1_sampler_island_local_warmup11_data_ro3_1000x125_strict_20260528_ro3_warmup_neighbors.payload,84,4,6,550,450,0.550000000,0.050000000,550,0.992774454,0.862496476
restart_reduced_xor_random1_sampler_island_local_warmup11_data_ro3_1000x125_strict_20260528_ro3_warmup_neighbors.payload,84,4,7,522,478,0.522000000,0.022000000,522,0.998603020,0.937878288
restart_reduced_xor_random1_sampler_island_local_warmup11_data_ro3_1000x125_strict_20260528_ro3_warmup_neighbors.payload,85,5,0,556,444,0.556000000,0.056000000,556,0.990932404,0.846843212
restart_reduced_xor_random1_sampler_island_local_warmup11_data_ro3_1000x125_strict_20260528_ro3_warmup_neighbors.payload,85,5,1,544,456,0.544000000,0.044000000,544,0.994406653,0.878321443
restart_reduced_xor_random1_sampler_island_local_warmup11_data_ro3_1000x125_strict_20260528_ro3_warmup_neighbors.payload,85,5,2,550,450,0.550000000,0.050000000,550,0.992774454,0.862496476
restart_reduced_xor_random1_sampler_island_local_warmup11_data_ro3_1000x125_strict_20260528_ro3_warmup_neighbors.payload,85,5,3,540,460,0.540000000,0.040000000,540,0.995378439,0.888968688
restart_reduced_xor_random1_sampler_island_local_warmup11_data_ro3_1000x125_strict_20260528_ro3_warmup_neighbors.payload,85,5,4,545,455,0.545000000,0.045000000,545,0.994149171,0.875671865
restart_reduced_xor_random1_sampler_island_local_warmup11_data_ro3_1000x125_strict_20260528_ro3_warmup_neighbors.payload,85,5,5,532,468,0.532000000,0.032000000,532,0.997043340,0.910501849
restart_reduced_xor_random1_sampler_island_local_warmup11_data_ro3_1000x125_strict_20260528_ro3_warmup_neighbors.payload,85,5,6,543,457,0.543000000,0.043000000,543,0.994658318,0.880975897
restart_reduced_xor_random1_sampler_island_local_warmup11_data_ro3_1000x125_strict_20260528_ro3_warmup_neighbors.payload,85,5,7,574,426,0.574000000,0.074000000,574,0.984141411,0.800877358
restart_reduced_xor_random1_sampler_island_local_warmup11_data_ro3_1000x125_strict_20260528_ro3_warmup_neighbors.payload,86,6,0,544,456,0.544000000,0.044000000,544,0.994406653,0.878321443
restart_reduced_xor_random1_sampler_island_local_warmup11_data_ro3_1000x125_strict_20260528_ro3_warmup_neighbors.payload,86,6,1,556,444,0.556000000,0.056000000,556,0.990932404,0.846843212
restart_reduced_xor_random1_sampler_island_local_warmup11_data_ro3_1000x125_strict_20260528_ro3_warmup_neighbors.payload,86,6,2,531,469,0.531000000,0.031000000,531,0.997225361,0.913216234
restart_reduced_xor_random1_sampler_island_local_warmup11_data_ro3_1000x125_strict_20260528_ro3_warmup_neighbors.payload,86,6,3,528,472,0.528000000,0.028000000,528,0.997736670,0.921390165
restart_reduced_xor_random1_sampler_island_local_warmup11_data_ro3_1000x125_strict_20260528_ro3_warmup_neighbors.payload,86,6,4,534,466,0.534000000,0.034000000,534,0.996661914,0.905088353
restart_reduced_xor_random1_sampler_island_local_warmup11_data_ro3_1000x125_strict_20260528_ro3_warmup_neighbors.payload,86,6,5,540,460,0.540000000,0.040000000,540,0.995378439,0.888968688
restart_reduced_xor_random1_sampler_island_local_warmup11_data_ro3_1000x125_strict_20260528_ro3_warmup_neighbors.payload,86,6,6,540,460,0.540000000,0.040000000,540,0.995378439,0.888968688
restart_reduced_xor_random1_sampler_island_local_warmup11_data_ro3_1000x125_strict_20260528_ro3_warmup_neighbors.payload,86,6,7,561,439,0.561000000,0.061000000,561,0.989236670,0.833927324
restart_reduced_xor_random1_sampler_island_local_warmup11_data_ro3_1000x125_strict_20260528_ro3_warmup_neighbors.payload,87,7,0,561,439,0.561000000,0.061000000,561,0.989236670,0.833927324
restart_reduced_xor_random1_sampler_island_local_warmup11_data_ro3_1000x125_strict_20260528_ro3_warmup_neighbors.payload,87,7,1,527,473,0.527000000,0.027000000,527,0.997895527,0.924125133
restart_reduced_xor_random1_sampler_island_local_warmup11_data_ro3_1000x125_strict_20260528_ro3_warmup_neighbors.payload,87,7,2,545,455,0.545000000,0.045000000,545,0.994149171,0.875671865
restart_reduced_xor_random1_sampler_island_local_warmup11_data_ro3_1000x125_strict_20260528_ro3_warmup_neighbors.payload,87,7,3,545,455,0.545000000,0.045000000,545,0.994149171,0.875671865
restart_reduced_xor_random1_sampler_island_local_warmup11_data_ro3_1000x125_strict_20260528_ro3_warmup_neighbors.payload,87,7,4,519,481,0.519000000,0.019000000,519,0.998958123,0.946193556
restart_reduced_xor_random1_sampler_island_local_warmup11_data_ro3_1000x125_strict_20260528_ro3_warmup_neighbors.payload,87,7,5,553,447,0.553000000,0.053000000,553,0.991879693,0.854648614
restart_reduced_xor_random1_sampler_island_local_warmup11_data_ro3_1000x125_strict_20260528_ro3_warmup_neighbors.payload,87,7,6,562,438,0.562000000,0.062000000,562,0.988879961,0.831357964
restart_reduced_xor_random1_sampler_island_local_warmup11_data_ro3_1000x125_strict_20260528_ro3_warmup_neighbors.payload,87,7,7,548,452,0.548000000,0.048000000,548,0.993341812,0.867752202
restart_reduced_xor_random1_sampler_island_local_warmup11_data_ro3_1000x125_strict_20260528_ro3_warmup_neighbors.payload,88,0,0,541,459,0.541000000,0.041000000,541,0.995144209,0.886299501
restart_reduced_xor_random1_sampler_island_local_warmup11_data_ro3_1000x125_strict_20260528_ro3_warmup_neighbors.payload,88,0,1,551,449,0.551000000,0.051000000,551,0.992482032,0.859875776
restart_reduced_xor_random1_sampler_island_local_warmup11_data_ro3_1000x125_strict_20260528_ro3_warmup_neighbors.payload,88,0,2,519,481,0.519000000,0.019000000,519,0.998958123,0.946193556
restart_reduced_xor_random1_sampler_island_local_warmup11_data_ro3_1000x125_strict_20260528_ro3_warmup_neighbors.payload,88,0,3,539,461,0.539000000,0.039000000,539,0.995606861,0.891642822
restart_reduced_xor_random1_sampler_island_local_warmup11_data_ro3_1000x125_strict_20260528_ro3_warmup_neighbors.payload,88,0,4,569,431,0.569000000,0.069000000,569,0.986218720,0.813499442
restart_reduced_xor_random1_sampler_island_local_warmup11_data_ro3_1000x125_strict_20260528_ro3_warmup_neighbors.payload,88,0,5,538,462,0.538000000,0.038000000,538,0.995829476,0.894321922
restart_reduced_xor_random1_sampler_island_local_warmup11_data_ro3_1000x125_strict_20260528_ro3_warmup_neighbors.payload,88,0,6,551,449,0.551000000,0.051000000,551,0.992482032,0.859875776
restart_reduced_xor_random1_sampler_island_local_warmup11_data_ro3_1000x125_strict_20260528_ro3_warmup_neighbors.payload,88,0,7,569,431,0.569000000,0.069000000,569,0.986218720,0.813499442
restart_reduced_xor_random1_sampler_island_local_warmup11_data_ro3_1000x125_strict_20260528_ro3_warmup_neighbors.payload,89,1,0,540,460,0.540000000,0.040000000,540,0.995378439,0.888968688
restart_reduced_xor_random1_sampler_island_local_warmup11_data_ro3_1000x125_strict_20260528_ro3_warmup_neighbors.payload,89,1,1,582,418,0.582000000,0.082000000,582,0.980510718,0.780908942
restart_reduced_xor_random1_sampler_island_local_warmup11_data_ro3_1000x125_strict_20260528_ro3_warmup_neighbors.payload,89,1,2,524,476,0.524000000,0.024000000,524,0.998337377,0.932361283
restart_reduced_xor_random1_sampler_island_local_warmup11_data_ro3_1000x125_strict_20260528_ro3_warmup_neighbors.payload,89,1,3,558,442,0.558000000,0.058000000,558,0.990271661,0.841662973
restart_reduced_xor_random1_sampler_island_local_warmup11_data_ro3_1000x125_strict_20260528_ro3_warmup_neighbors.payload,89,1,4,562,438,0.562000000,0.062000000,562,0.988879961,0.831357964
restart_reduced_xor_random1_sampler_island_local_warmup11_data_ro3_1000x125_strict_20260528_ro3_warmup_neighbors.payload,89,1,5,554,446,0.554000000,0.054000000,554,0.991569769,0.852042119
restart_reduced_xor_random1_sampler_island_local_warmup11_data_ro3_1000x125_strict_20260528_ro3_warmup_neighbors.payload,89,1,6,532,468,0.532000000,0.032000000,532,0.997043340,0.910501849
restart_reduced_xor_random1_sampler_island_local_warmup11_data_ro3_1000x125_strict_20260528_ro3_warmup_neighbors.payload,89,1,7,523,477,0.523000000,0.023000000,523,0.998473090,0.935117148
restart_reduced_xor_random1_sampler_island_local_warmup11_data_ro3_1000x125_strict_20260528_ro3_warmup_neighbors.payload,90,2,0,538,462,0.538000000,0.038000000,538,0.995829476,0.894321922
restart_reduced_xor_random1_sampler_island_local_warmup11_data_ro3_1000x125_strict_20260528_ro3_warmup_neighbors.payload,90,2,1,563,437,0.563000000,0.063000000,563,0.988517390,0.828793173
restart_reduced_xor_random1_sampler_island_local_warmup11_data_ro3_1000x125_strict_20260528_ro3_warmup_neighbors.payload,90,2,2,538,462,0.538000000,0.038000000,538,0.995829476,0.894321922
restart_reduced_xor_random1_sampler_island_local_warmup11_data_ro3_1000x125_strict_20260528_ro3_warmup_neighbors.payload,90,2,3,538,462,0.538000000,0.038000000,538,0.995829476,0.894321922
restart_reduced_xor_random1_sampler_island_local_warmup11_data_ro3_1000x125_strict_20260528_ro3_warmup_neighbors.payload,90,2,4,511,489,0.511000000,0.011000000,511,0.999650840,0.968604804
restart_reduced_xor_random1_sampler_island_local_warmup11_data_ro3_1000x125_strict_20260528_ro3_warmup_neighbors.payload,90,2,5,557,443,0.557000000,0.057000000,557,0.990604956,0.844250767
restart_reduced_xor_random1_sampler_island_local_warmup11_data_ro3_1000x125_strict_20260528_ro3_warmup_neighbors.payload,90,2,6,538,462,0.538000000,0.038000000,538,0.995829476,0.894321922
restart_reduced_xor_random1_sampler_island_local_warmup11_data_ro3_1000x125_strict_20260528_ro3_warmup_neighbors.payload,90,2,7,519,481,0.519000000,0.019000000,519,0.998958123,0.946193556
restart_reduced_xor_random1_sampler_island_local_warmup11_data_ro3_1000x125_strict_20260528_ro3_warmup_neighbors.payload,91,3,0,546,454,0.546000000,0.046000000,546,0.993885872,0.873027144
restart_reduced_xor_random1_sampler_island_local_warmup11_data_ro3_1000x125_strict_20260528_ro3_warmup_neighbors.payload,91,3,1,539,461,0.539000000,0.039000000,539,0.995606861,0.891642822
restart_reduced_xor_random1_sampler_island_local_warmup11_data_ro3_1000x125_strict_20260528_ro3_warmup_neighbors.payload,91,3,2,553,447,0.553000000,0.053000000,553,0.991879693,0.854648614
restart_reduced_xor_random1_sampler_island_local_warmup11_data_ro3_1000x125_strict_20260528_ro3_warmup_neighbors.payload,91,3,3,519,481,0.519000000,0.019000000,519,0.998958123,0.946193556
restart_reduced_xor_random1_sampler_island_local_warmup11_data_ro3_1000x125_strict_20260528_ro3_warmup_neighbors.payload,91,3,4,561,439,0.561000000,0.061000000,561,0.989236670,0.833927324
restart_reduced_xor_random1_sampler_island_local_warmup11_data_ro3_1000x125_strict_20260528_ro3_warmup_neighbors.payload,91,3,5,531,469,0.531000000,0.031000000,531,0.997225361,0.913216234
restart_reduced_xor_random1_sampler_island_local_warmup11_data_ro3_1000x125_strict_20260528_ro3_warmup_neighbors.payload,91,3,6,551,449,0.551000000,0.051000000,551,0.992482032,0.859875776
restart_reduced_xor_random1_sampler_island_local_warmup11_data_ro3_1000x125_strict_20260528_ro3_warmup_neighbors.payload,91,3,7,539,461,0.539000000,0.039000000,539,0.995606861,0.891642822
restart_reduced_xor_random1_sampler_island_local_warmup11_data_ro3_1000x125_strict_20260528_ro3_warmup_neighbors.payload,92,4,0,503,497,0.503000000,0.003000000,503,0.999974031,0.991369695
restart_reduced_xor_random1_sampler_island_local_warmup11_data_ro3_1000x125_strict_20260528_ro3_warmup_neighbors.payload,92,4,1,572,428,0.572000000,0.072000000,572,0.984990010,0.805912948
restart_reduced_xor_random1_sampler_island_local_warmup11_data_ro3_1000x125_strict_20260528_ro3_warmup_neighbors.payload,92,4,2,548,452,0.548000000,0.048000000,548,0.993341812,0.867752202
restart_reduced_xor_random1_sampler_island_local_warmup11_data_ro3_1000x125_strict_20260528_ro3_warmup_neighbors.payload,92,4,3,538,462,0.538000000,0.038000000,538,0.995829476,0.894321922
restart_reduced_xor_random1_sampler_island_local_warmup11_data_ro3_1000x125_strict_20260528_ro3_warmup_neighbors.payload,92,4,4,532,468,0.532000000,0.032000000,532,0.997043340,0.910501849
restart_reduced_xor_random1_sampler_island_local_warmup11_data_ro3_1000x125_strict_20260528_ro3_warmup_neighbors.payload,92,4,5,569,431,0.569000000,0.069000000,569,0.986218720,0.813499442
restart_reduced_xor_random1_sampler_island_local_warmup11_data_ro3_1000x125_strict_20260528_ro3_warmup_neighbors.payload,92,4,6,538,462,0.538000000,0.038000000,538,0.995829476,0.894321922
restart_reduced_xor_random1_sampler_island_local_warmup11_data_ro3_1000x125_strict_20260528_ro3_warmup_neighbors.payload,92,4,7,553,447,0.553000000,0.053000000,553,0.991879693,0.854648614
restart_reduced_xor_random1_sampler_island_local_warmup11_data_ro3_1000x125_strict_20260528_ro3_warmup_neighbors.payload,93,5,0,530,470,0.530000000,0.030000000,530,0.997401589,0.915935735
restart_reduced_xor_random1_sampler_island_local_warmup11_data_ro3_1000x125_strict_20260528_ro3_warmup_neighbors.payload,93,5,1,550,450,0.550000000,0.050000000,550,0.992774454,0.862496476
restart_reduced_xor_random1_sampler_island_local_warmup11_data_ro3_1000x125_strict_20260528_ro3_warmup_neighbors.payload,93,5,2,569,431,0.569000000,0.069000000,569,0.986218720,0.813499442
restart_reduced_xor_random1_sampler_island_local_warmup11_data_ro3_1000x125_strict_20260528_ro3_warmup_neighbors.payload,93,5,3,574,426,0.574000000,0.074000000,574,0.984141411,0.800877358
restart_reduced_xor_random1_sampler_island_local_warmup11_data_ro3_1000x125_strict_20260528_ro3_warmup_neighbors.payload,93,5,4,529,471,0.529000000,0.029000000,529,0.997572025,0.918660373
restart_reduced_xor_random1_sampler_island_local_warmup11_data_ro3_1000x125_strict_20260528_ro3_warmup_neighbors.payload,93,5,5,530,470,0.530000000,0.030000000,530,0.997401589,0.915935735
restart_reduced_xor_random1_sampler_island_local_warmup11_data_ro3_1000x125_strict_20260528_ro3_warmup_neighbors.payload,93,5,6,556,444,0.556000000,0.056000000,556,0.990932404,0.846843212
restart_reduced_xor_random1_sampler_island_local_warmup11_data_ro3_1000x125_strict_20260528_ro3_warmup_neighbors.payload,93,5,7,541,459,0.541000000,0.041000000,541,0.995144209,0.886299501
restart_reduced_xor_random1_sampler_island_local_warmup11_data_ro3_1000x125_strict_20260528_ro3_warmup_neighbors.payload,94,6,0,563,437,0.563000000,0.063000000,563,0.988517390,0.828793173
restart_reduced_xor_random1_sampler_island_local_warmup11_data_ro3_1000x125_strict_20260528_ro3_warmup_neighbors.payload,94,6,1,528,472,0.528000000,0.028000000,528,0.997736670,0.921390165
restart_reduced_xor_random1_sampler_island_local_warmup11_data_ro3_1000x125_strict_20260528_ro3_warmup_neighbors.payload,94,6,2,537,463,0.537000000,0.037000000,537,0.996046288,0.897006007
restart_reduced_xor_random1_sampler_island_local_warmup11_data_ro3_1000x125_strict_20260528_ro3_warmup_neighbors.payload,94,6,3,558,442,0.558000000,0.058000000,558,0.990271661,0.841662973
restart_reduced_xor_random1_sampler_island_local_warmup11_data_ro3_1000x125_strict_20260528_ro3_warmup_neighbors.payload,94,6,4,555,445,0.555000000,0.055000000,555,0.991254007,0.849440323
restart_reduced_xor_random1_sampler_island_local_warmup11_data_ro3_1000x125_strict_20260528_ro3_warmup_neighbors.payload,94,6,5,542,458,0.542000000,0.042000000,542,0.994904169,0.883635243
restart_reduced_xor_random1_sampler_island_local_warmup11_data_ro3_1000x125_strict_20260528_ro3_warmup_neighbors.payload,94,6,6,541,459,0.541000000,0.041000000,541,0.995144209,0.886299501
restart_reduced_xor_random1_sampler_island_local_warmup11_data_ro3_1000x125_strict_20260528_ro3_warmup_neighbors.payload,94,6,7,559,441,0.559000000,0.059000000,559,0.989932517,0.839079812
restart_reduced_xor_random1_sampler_island_local_warmup11_data_ro3_1000x125_strict_20260528_ro3_warmup_neighbors.payload,95,7,0,549,451,0.549000000,0.049000000,549,0.993061046,0.865121946
restart_reduced_xor_random1_sampler_island_local_warmup11_data_ro3_1000x125_strict_20260528_ro3_warmup_neighbors.payload,95,7,1,526,474,0.526000000,0.026000000,526,0.998048596,0.926865295
restart_reduced_xor_random1_sampler_island_local_warmup11_data_ro3_1000x125_strict_20260528_ro3_warmup_neighbors.payload,95,7,2,542,458,0.542000000,0.042000000,542,0.994904169,0.883635243
restart_reduced_xor_random1_sampler_island_local_warmup11_data_ro3_1000x125_strict_20260528_ro3_warmup_neighbors.payload,95,7,3,548,452,0.548000000,0.048000000,548,0.993341812,0.867752202
restart_reduced_xor_random1_sampler_island_local_warmup11_data_ro3_1000x125_strict_20260528_ro3_warmup_neighbors.payload,95,7,4,558,442,0.558000000,0.058000000,558,0.990271661,0.841662973
restart_reduced_xor_random1_sampler_island_local_warmup11_data_ro3_1000x125_strict_20260528_ro3_warmup_neighbors.payload,95,7,5,543,457,0.543000000,0.043000000,543,0.994658318,0.880975897
restart_reduced_xor_random1_sampler_island_local_warmup11_data_ro3_1000x125_strict_20260528_ro3_warmup_neighbors.payload,95,7,6,546,454,0.546000000,0.046000000,546,0.993885872,0.873027144
restart_reduced_xor_random1_sampler_island_local_warmup11_data_ro3_1000x125_strict_20260528_ro3_warmup_neighbors.payload,95,7,7,541,459,0.541000000,0.041000000,541,0.995144209,0.886299501
restart_reduced_xor_random1_sampler_island_local_warmup11_data_ro3_1000x125_strict_20260528_ro3_warmup_neighbors.payload,96,0,0,556,444,0.556000000,0.056000000,556,0.990932404,0.846843212
restart_reduced_xor_random1_sampler_island_local_warmup11_data_ro3_1000x125_strict_20260528_ro3_warmup_neighbors.payload,96,0,1,536,464,0.536000000,0.036000000,536,0.996257297,0.899695094
restart_reduced_xor_random1_sampler_island_local_warmup11_data_ro3_1000x125_strict_20260528_ro3_warmup_neighbors.payload,96,0,2,521,479,0.521000000,0.021000000,521,0.998727169,0.940644722
restart_reduced_xor_random1_sampler_island_local_warmup11_data_ro3_1000x125_strict_20260528_ro3_warmup_neighbors.payload,96,0,3,557,443,0.557000000,0.057000000,557,0.990604956,0.844250767
restart_reduced_xor_random1_sampler_island_local_warmup11_data_ro3_1000x125_strict_20260528_ro3_warmup_neighbors.payload,96,0,4,539,461,0.539000000,0.039000000,539,0.995606861,0.891642822
restart_reduced_xor_random1_sampler_island_local_warmup11_data_ro3_1000x125_strict_20260528_ro3_warmup_neighbors.payload,96,0,5,562,438,0.562000000,0.062000000,562,0.988879961,0.831357964
restart_reduced_xor_random1_sampler_island_local_warmup11_data_ro3_1000x125_strict_20260528_ro3_warmup_neighbors.payload,96,0,6,544,456,0.544000000,0.044000000,544,0.994406653,0.878321443
restart_reduced_xor_random1_sampler_island_local_warmup11_data_ro3_1000x125_strict_20260528_ro3_warmup_neighbors.payload,96,0,7,556,444,0.556000000,0.056000000,556,0.990932404,0.846843212
restart_reduced_xor_random1_sampler_island_local_warmup11_data_ro3_1000x125_strict_20260528_ro3_warmup_neighbors.payload,97,1,0,557,443,0.557000000,0.057000000,557,0.990604956,0.844250767
restart_reduced_xor_random1_sampler_island_local_warmup11_data_ro3_1000x125_strict_20260528_ro3_warmup_neighbors.payload,97,1,1,533,467,0.533000000,0.033000000,533,0.996855525,0.907792562
restart_reduced_xor_random1_sampler_island_local_warmup11_data_ro3_1000x125_strict_20260528_ro3_warmup_neighbors.payload,97,1,2,526,474,0.526000000,0.026000000,526,0.998048596,0.926865295
restart_reduced_xor_random1_sampler_island_local_warmup11_data_ro3_1000x125_strict_20260528_ro3_warmup_neighbors.payload,97,1,3,534,466,0.534000000,0.034000000,534,0.996661914,0.905088353
restart_reduced_xor_random1_sampler_island_local_warmup11_data_ro3_1000x125_strict_20260528_ro3_warmup_neighbors.payload,97,1,4,566,434,0.566000000,0.066000000,566,0.987394484,0.821126042
restart_reduced_xor_random1_sampler_island_local_warmup11_data_ro3_1000x125_strict_20260528_ro3_warmup_neighbors.payload,97,1,5,545,455,0.545000000,0.045000000,545,0.994149171,0.875671865
restart_reduced_xor_random1_sampler_island_local_warmup11_data_ro3_1000x125_strict_20260528_ro3_warmup_neighbors.payload,97,1,6,545,455,0.545000000,0.045000000,545,0.994149171,0.875671865
restart_reduced_xor_random1_sampler_island_local_warmup11_data_ro3_1000x125_strict_20260528_ro3_warmup_neighbors.payload,97,1,7,558,442,0.558000000,0.058000000,558,0.990271661,0.841662973
restart_reduced_xor_random1_sampler_island_local_warmup11_data_ro3_1000x125_strict_20260528_ro3_warmup_neighbors.payload,98,2,0,525,475,0.525000000,0.025000000,525,0.998195879,0.929610672
restart_reduced_xor_random1_sampler_island_local_warmup11_data_ro3_1000x125_strict_20260528_ro3_warmup_neighbors.payload,98,2,1,568,432,0.568000000,0.068000000,568,0.986616520,0.816037165
restart_reduced_xor_random1_sampler_island_local_warmup11_data_ro3_1000x125_strict_20260528_ro3_warmup_neighbors.payload,98,2,2,544,456,0.544000000,0.044000000,544,0.994406653,0.878321443
restart_reduced_xor_random1_sampler_island_local_warmup11_data_ro3_1000x125_strict_20260528_ro3_warmup_neighbors.payload,98,2,3,531,469,0.531000000,0.031000000,531,0.997225361,0.913216234
restart_reduced_xor_random1_sampler_island_local_warmup11_data_ro3_1000x125_strict_20260528_ro3_warmup_neighbors.payload,98,2,4,552,448,0.552000000,0.052000000,552,0.992183779,0.857259828
restart_reduced_xor_random1_sampler_island_local_warmup11_data_ro3_1000x125_strict_20260528_ro3_warmup_neighbors.payload,98,2,5,554,446,0.554000000,0.054000000,554,0.991569769,0.852042119
restart_reduced_xor_random1_sampler_island_local_warmup11_data_ro3_1000x125_strict_20260528_ro3_warmup_neighbors.payload,98,2,6,519,481,0.519000000,0.019000000,519,0.998958123,0.946193556
restart_reduced_xor_random1_sampler_island_local_warmup11_data_ro3_1000x125_strict_20260528_ro3_warmup_neighbors.payload,98,2,7,533,467,0.533000000,0.033000000,533,0.996855525,0.907792562
restart_reduced_xor_random1_sampler_island_local_warmup11_data_ro3_1000x125_strict_20260528_ro3_warmup_neighbors.payload,99,3,0,532,468,0.532000000,0.032000000,532,0.997043340,0.910501849
restart_reduced_xor_random1_sampler_island_local_warmup11_data_ro3_1000x125_strict_20260528_ro3_warmup_neighbors.payload,99,3,1,543,457,0.543000000,0.043000000,543,0.994658318,0.880975897
restart_reduced_xor_random1_sampler_island_local_warmup11_data_ro3_1000x125_strict_20260528_ro3_warmup_neighbors.payload,99,3,2,553,447,0.553000000,0.053000000,553,0.991879693,0.854648614
restart_reduced_xor_random1_sampler_island_local_warmup11_data_ro3_1000x125_strict_20260528_ro3_warmup_neighbors.payload,99,3,3,538,462,0.538000000,0.038000000,538,0.995829476,0.894321922
restart_reduced_xor_random1_sampler_island_local_warmup11_data_ro3_1000x125_strict_20260528_ro3_warmup_neighbors.payload,99,3,4,542,458,0.542000000,0.042000000,542,0.994904169,0.883635243
restart_reduced_xor_random1_sampler_island_local_warmup11_data_ro3_1000x125_strict_20260528_ro3_warmup_neighbors.payload,99,3,5,550,450,0.550000000,0.050000000,550,0.992774454,0.862496476
restart_reduced_xor_random1_sampler_island_local_warmup11_data_ro3_1000x125_strict_20260528_ro3_warmup_neighbors.payload,99,3,6,551,449,0.551000000,0.051000000,551,0.992482032,0.859875776
restart_reduced_xor_random1_sampler_island_local_warmup11_data_ro3_1000x125_strict_20260528_ro3_warmup_neighbors.payload,99,3,7,534,466,0.534000000,0.034000000,534,0.996661914,0.905088353
restart_reduced_xor_random1_sampler_island_local_warmup11_data_ro3_1000x125_strict_20260528_ro3_warmup_neighbors.payload,100,4,0,545,455,0.545000000,0.045000000,545,0.994149171,0.875671865
restart_reduced_xor_random1_sampler_island_local_warmup11_data_ro3_1000x125_strict_20260528_ro3_warmup_neighbors.payload,100,4,1,544,456,0.544000000,0.044000000,544,0.994406653,0.878321443
restart_reduced_xor_random1_sampler_island_local_warmup11_data_ro3_1000x125_strict_20260528_ro3_warmup_neighbors.payload,100,4,2,519,481,0.519000000,0.019000000,519,0.998958123,0.946193556
restart_reduced_xor_random1_sampler_island_local_warmup11_data_ro3_1000x125_strict_20260528_ro3_warmup_neighbors.payload,100,4,3,550,450,0.550000000,0.050000000,550,0.992774454,0.862496476
restart_reduced_xor_random1_sampler_island_local_warmup11_data_ro3_1000x125_strict_20260528_ro3_warmup_neighbors.payload,100,4,4,559,441,0.559000000,0.059000000,559,0.989932517,0.839079812
restart_reduced_xor_random1_sampler_island_local_warmup11_data_ro3_1000x125_strict_20260528_ro3_warmup_neighbors.payload,100,4,5,535,465,0.535000000,0.035000000,535,0.996462505,0.902389203
restart_reduced_xor_random1_sampler_island_local_warmup11_data_ro3_1000x125_strict_20260528_ro3_warmup_neighbors.payload,100,4,6,540,460,0.540000000,0.040000000,540,0.995378439,0.888968688
restart_reduced_xor_random1_sampler_island_local_warmup11_data_ro3_1000x125_strict_20260528_ro3_warmup_neighbors.payload,100,4,7,559,441,0.559000000,0.059000000,559,0.989932517,0.839079812
restart_reduced_xor_random1_sampler_island_local_warmup11_data_ro3_1000x125_strict_20260528_ro3_warmup_neighbors.payload,101,5,0,531,469,0.531000000,0.031000000,531,0.997225361,0.913216234
restart_reduced_xor_random1_sampler_island_local_warmup11_data_ro3_1000x125_strict_20260528_ro3_warmup_neighbors.payload,101,5,1,562,438,0.562000000,0.062000000,562,0.988879961,0.831357964
restart_reduced_xor_random1_sampler_island_local_warmup11_data_ro3_1000x125_strict_20260528_ro3_warmup_neighbors.payload,101,5,2,568,432,0.568000000,0.068000000,568,0.986616520,0.816037165
restart_reduced_xor_random1_sampler_island_local_warmup11_data_ro3_1000x125_strict_20260528_ro3_warmup_neighbors.payload,101,5,3,543,457,0.543000000,0.043000000,543,0.994658318,0.880975897
restart_reduced_xor_random1_sampler_island_local_warmup11_data_ro3_1000x125_strict_20260528_ro3_warmup_neighbors.payload,101,5,4,550,450,0.550000000,0.050000000,550,0.992774454,0.862496476
restart_reduced_xor_random1_sampler_island_local_warmup11_data_ro3_1000x125_strict_20260528_ro3_warmup_neighbors.payload,101,5,5,571,429,0.571000000,0.071000000,571,0.985405468,0.808437349
restart_reduced_xor_random1_sampler_island_local_warmup11_data_ro3_1000x125_strict_20260528_ro3_warmup_neighbors.payload,101,5,6,561,439,0.561000000,0.061000000,561,0.989236670,0.833927324
restart_reduced_xor_random1_sampler_island_local_warmup11_data_ro3_1000x125_strict_20260528_ro3_warmup_neighbors.payload,101,5,7,526,474,0.526000000,0.026000000,526,0.998048596,0.926865295
restart_reduced_xor_random1_sampler_island_local_warmup11_data_ro3_1000x125_strict_20260528_ro3_warmup_neighbors.payload,102,6,0,557,443,0.557000000,0.057000000,557,0.990604956,0.844250767
restart_reduced_xor_random1_sampler_island_local_warmup11_data_ro3_1000x125_strict_20260528_ro3_warmup_neighbors.payload,102,6,1,526,474,0.526000000,0.026000000,526,0.998048596,0.926865295
restart_reduced_xor_random1_sampler_island_local_warmup11_data_ro3_1000x125_strict_20260528_ro3_warmup_neighbors.payload,102,6,2,532,468,0.532000000,0.032000000,532,0.997043340,0.910501849
restart_reduced_xor_random1_sampler_island_local_warmup11_data_ro3_1000x125_strict_20260528_ro3_warmup_neighbors.payload,102,6,3,558,442,0.558000000,0.058000000,558,0.990271661,0.841662973
restart_reduced_xor_random1_sampler_island_local_warmup11_data_ro3_1000x125_strict_20260528_ro3_warmup_neighbors.payload,102,6,4,527,473,0.527000000,0.027000000,527,0.997895527,0.924125133
restart_reduced_xor_random1_sampler_island_local_warmup11_data_ro3_1000x125_strict_20260528_ro3_warmup_neighbors.payload,102,6,5,534,466,0.534000000,0.034000000,534,0.996661914,0.905088353
restart_reduced_xor_random1_sampler_island_local_warmup11_data_ro3_1000x125_strict_20260528_ro3_warmup_neighbors.payload,102,6,6,545,455,0.545000000,0.045000000,545,0.994149171,0.875671865
restart_reduced_xor_random1_sampler_island_local_warmup11_data_ro3_1000x125_strict_20260528_ro3_warmup_neighbors.payload,102,6,7,562,438,0.562000000,0.062000000,562,0.988879961,0.831357964
restart_reduced_xor_random1_sampler_island_local_warmup11_data_ro3_1000x125_strict_20260528_ro3_warmup_neighbors.payload,103,7,0,577,423,0.577000000,0.077000000,577,0.982824252,0.793356776
restart_reduced_xor_random1_sampler_island_local_warmup11_data_ro3_1000x125_strict_20260528_ro3_warmup_neighbors.payload,103,7,1,537,463,0.537000000,0.037000000,537,0.996046288,0.897006007
restart_reduced_xor_random1_sampler_island_local_warmup11_data_ro3_1000x125_strict_20260528_ro3_warmup_neighbors.payload,103,7,2,539,461,0.539000000,0.039000000,539,0.995606861,0.891642822
restart_reduced_xor_random1_sampler_island_local_warmup11_data_ro3_1000x125_strict_20260528_ro3_warmup_neighbors.payload,103,7,3,555,445,0.555000000,0.055000000,555,0.991254007,0.849440323
restart_reduced_xor_random1_sampler_island_local_warmup11_data_ro3_1000x125_strict_20260528_ro3_warmup_neighbors.payload,103,7,4,549,451,0.549000000,0.049000000,549,0.993061046,0.865121946
restart_reduced_xor_random1_sampler_island_local_warmup11_data_ro3_1000x125_strict_20260528_ro3_warmup_neighbors.payload,103,7,5,547,453,0.547000000,0.047000000,547,0.993616753,0.870387262
restart_reduced_xor_random1_sampler_island_local_warmup11_data_ro3_1000x125_strict_20260528_ro3_warmup_neighbors.payload,103,7,6,535,465,0.535000000,0.035000000,535,0.996462505,0.902389203
restart_reduced_xor_random1_sampler_island_local_warmup11_data_ro3_1000x125_strict_20260528_ro3_warmup_neighbors.payload,103,7,7,542,458,0.542000000,0.042000000,542,0.994904169,0.883635243
restart_reduced_xor_random1_sampler_island_local_warmup11_data_ro3_1000x125_strict_20260528_ro3_warmup_neighbors.payload,104,0,0,520,480,0.520000000,0.020000000,520,0.998845536,0.943416472
restart_reduced_xor_random1_sampler_island_local_warmup11_data_ro3_1000x125_strict_20260528_ro3_warmup_neighbors.payload,104,0,1,573,427,0.573000000,0.073000000,573,0.984568658,0.803392956
restart_reduced_xor_random1_sampler_island_local_warmup11_data_ro3_1000x125_strict_20260528_ro3_warmup_neighbors.payload,104,0,2,560,440,0.560000000,0.060000000,560,0.989587521,0.836501268
restart_reduced_xor_random1_sampler_island_local_warmup11_data_ro3_1000x125_strict_20260528_ro3_warmup_neighbors.payload,104,0,3,550,450,0.550000000,0.050000000,550,0.992774454,0.862496476
restart_reduced_xor_random1_sampler_island_local_warmup11_data_ro3_1000x125_strict_20260528_ro3_warmup_neighbors.payload,104,0,4,537,463,0.537000000,0.037000000,537,0.996046288,0.897006007
restart_reduced_xor_random1_sampler_island_local_warmup11_data_ro3_1000x125_strict_20260528_ro3_warmup_neighbors.payload,104,0,5,554,446,0.554000000,0.054000000,554,0.991569769,0.852042119
restart_reduced_xor_random1_sampler_island_local_warmup11_data_ro3_1000x125_strict_20260528_ro3_warmup_neighbors.payload,104,0,6,539,461,0.539000000,0.039000000,539,0.995606861,0.891642822
restart_reduced_xor_random1_sampler_island_local_warmup11_data_ro3_1000x125_strict_20260528_ro3_warmup_neighbors.payload,104,0,7,523,477,0.523000000,0.023000000,523,0.998473090,0.935117148
restart_reduced_xor_random1_sampler_island_local_warmup11_data_ro3_1000x125_strict_20260528_ro3_warmup_neighbors.payload,105,1,0,557,443,0.557000000,0.057000000,557,0.990604956,0.844250767
restart_reduced_xor_random1_sampler_island_local_warmup11_data_ro3_1000x125_strict_20260528_ro3_warmup_neighbors.payload,105,1,1,535,465,0.535000000,0.035000000,535,0.996462505,0.902389203
restart_reduced_xor_random1_sampler_island_local_warmup11_data_ro3_1000x125_strict_20260528_ro3_warmup_neighbors.payload,105,1,2,545,455,0.545000000,0.045000000,545,0.994149171,0.875671865
restart_reduced_xor_random1_sampler_island_local_warmup11_data_ro3_1000x125_strict_20260528_ro3_warmup_neighbors.payload,105,1,3,570,430,0.570000000,0.070000000,570,0.985815037,0.810966176
restart_reduced_xor_random1_sampler_island_local_warmup11_data_ro3_1000x125_strict_20260528_ro3_warmup_neighbors.payload,105,1,4,544,456,0.544000000,0.044000000,544,0.994406653,0.878321443
restart_reduced_xor_random1_sampler_island_local_warmup11_data_ro3_1000x125_strict_20260528_ro3_warmup_neighbors.payload,105,1,5,535,465,0.535000000,0.035000000,535,0.996462505,0.902389203
restart_reduced_xor_random1_sampler_island_local_warmup11_data_ro3_1000x125_strict_20260528_ro3_warmup_neighbors.payload,105,1,6,555,445,0.555000000,0.055000000,555,0.991254007,0.849440323
restart_reduced_xor_random1_sampler_island_local_warmup11_data_ro3_1000x125_strict_20260528_ro3_warmup_neighbors.payload,105,1,7,538,462,0.538000000,0.038000000,538,0.995829476,0.894321922
restart_reduced_xor_random1_sampler_island_local_warmup11_data_ro3_1000x125_strict_20260528_ro3_warmup_neighbors.payload,106,2,0,543,457,0.543000000,0.043000000,543,0.994658318,0.880975897
restart_reduced_xor_random1_sampler_island_local_warmup11_data_ro3_1000x125_strict_20260528_ro3_warmup_neighbors.payload,106,2,1,557,443,0.557000000,0.057000000,557,0.990604956,0.844250767
restart_reduced_xor_random1_sampler_island_local_warmup11_data_ro3_1000x125_strict_20260528_ro3_warmup_neighbors.payload,106,2,2,530,470,0.530000000,0.030000000,530,0.997401589,0.915935735
restart_reduced_xor_random1_sampler_island_local_warmup11_data_ro3_1000x125_strict_20260528_ro3_warmup_neighbors.payload,106,2,3,554,446,0.554000000,0.054000000,554,0.991569769,0.852042119
restart_reduced_xor_random1_sampler_island_local_warmup11_data_ro3_1000x125_strict_20260528_ro3_warmup_neighbors.payload,106,2,4,580,420,0.580000000,0.080000000,580,0.981453895,0.785875195
restart_reduced_xor_random1_sampler_island_local_warmup11_data_ro3_1000x125_strict_20260528_ro3_warmup_neighbors.payload,106,2,5,559,441,0.559000000,0.059000000,559,0.989932517,0.839079812
restart_reduced_xor_random1_sampler_island_local_warmup11_data_ro3_1000x125_strict_20260528_ro3_warmup_neighbors.payload,106,2,6,525,475,0.525000000,0.025000000,525,0.998195879,0.929610672
restart_reduced_xor_random1_sampler_island_local_warmup11_data_ro3_1000x125_strict_20260528_ro3_warmup_neighbors.payload,106,2,7,549,451,0.549000000,0.049000000,549,0.993061046,0.865121946
restart_reduced_xor_random1_sampler_island_local_warmup11_data_ro3_1000x125_strict_20260528_ro3_warmup_neighbors.payload,107,3,0,532,468,0.532000000,0.032000000,532,0.997043340,0.910501849
restart_reduced_xor_random1_sampler_island_local_warmup11_data_ro3_1000x125_strict_20260528_ro3_warmup_neighbors.payload,107,3,1,537,463,0.537000000,0.037000000,537,0.996046288,0.897006007
restart_reduced_xor_random1_sampler_island_local_warmup11_data_ro3_1000x125_strict_20260528_ro3_warmup_neighbors.payload,107,3,2,554,446,0.554000000,0.054000000,554,0.991569769,0.852042119
restart_reduced_xor_random1_sampler_island_local_warmup11_data_ro3_1000x125_strict_20260528_ro3_warmup_neighbors.payload,107,3,3,557,443,0.557000000,0.057000000,557,0.990604956,0.844250767
restart_reduced_xor_random1_sampler_island_local_warmup11_data_ro3_1000x125_strict_20260528_ro3_warmup_neighbors.payload,107,3,4,534,466,0.534000000,0.034000000,534,0.996661914,0.905088353
restart_reduced_xor_random1_sampler_island_local_warmup11_data_ro3_1000x125_strict_20260528_ro3_warmup_neighbors.payload,107,3,5,552,448,0.552000000,0.052000000,552,0.992183779,0.857259828
restart_reduced_xor_random1_sampler_island_local_warmup11_data_ro3_1000x125_strict_20260528_ro3_warmup_neighbors.payload,107,3,6,564,436,0.564000000,0.064000000,564,0.988148956,0.826232932
restart_reduced_xor_random1_sampler_island_local_warmup11_data_ro3_1000x125_strict_20260528_ro3_warmup_neighbors.payload,107,3,7,520,480,0.520000000,0.020000000,520,0.998845536,0.943416472
restart_reduced_xor_random1_sampler_island_local_warmup11_data_ro3_1000x125_strict_20260528_ro3_warmup_neighbors.payload,108,4,0,574,426,0.574000000,0.074000000,574,0.984141411,0.800877358
restart_reduced_xor_random1_sampler_island_local_warmup11_data_ro3_1000x125_strict_20260528_ro3_warmup_neighbors.payload,108,4,1,543,457,0.543000000,0.043000000,543,0.994658318,0.880975897
restart_reduced_xor_random1_sampler_island_local_warmup11_data_ro3_1000x125_strict_20260528_ro3_warmup_neighbors.payload,108,4,2,517,483,0.517000000,0.017000000,517,0.999165962,0.951763814
restart_reduced_xor_random1_sampler_island_local_warmup11_data_ro3_1000x125_strict_20260528_ro3_warmup_neighbors.payload,108,4,3,557,443,0.557000000,0.057000000,557,0.990604956,0.844250767
restart_reduced_xor_random1_sampler_island_local_warmup11_data_ro3_1000x125_strict_20260528_ro3_warmup_neighbors.payload,108,4,4,532,468,0.532000000,0.032000000,532,0.997043340,0.910501849
restart_reduced_xor_random1_sampler_island_local_warmup11_data_ro3_1000x125_strict_20260528_ro3_warmup_neighbors.payload,108,4,5,546,454,0.546000000,0.046000000,546,0.993885872,0.873027144
restart_reduced_xor_random1_sampler_island_local_warmup11_data_ro3_1000x125_strict_20260528_ro3_warmup_neighbors.payload,108,4,6,557,443,0.557000000,0.057000000,557,0.990604956,0.844250767
restart_reduced_xor_random1_sampler_island_local_warmup11_data_ro3_1000x125_strict_20260528_ro3_warmup_neighbors.payload,108,4,7,564,436,0.564000000,0.064000000,564,0.988148956,0.826232932
restart_reduced_xor_random1_sampler_island_local_warmup11_data_ro3_1000x125_strict_20260528_ro3_warmup_neighbors.payload,109,5,0,559,441,0.559000000,0.059000000,559,0.989932517,0.839079812
restart_reduced_xor_random1_sampler_island_local_warmup11_data_ro3_1000x125_strict_20260528_ro3_warmup_neighbors.payload,109,5,1,538,462,0.538000000,0.038000000,538,0.995829476,0.894321922
restart_reduced_xor_random1_sampler_island_local_warmup11_data_ro3_1000x125_strict_20260528_ro3_warmup_neighbors.payload,109,5,2,545,455,0.545000000,0.045000000,545,0.994149171,0.875671865
restart_reduced_xor_random1_sampler_island_local_warmup11_data_ro3_1000x125_strict_20260528_ro3_warmup_neighbors.payload,109,5,3,512,488,0.512000000,0.012000000,512,0.999584464,0.965784285
restart_reduced_xor_random1_sampler_island_local_warmup11_data_ro3_1000x125_strict_20260528_ro3_warmup_neighbors.payload,109,5,4,566,434,0.566000000,0.066000000,566,0.987394484,0.821126042
restart_reduced_xor_random1_sampler_island_local_warmup11_data_ro3_1000x125_strict_20260528_ro3_warmup_neighbors.payload,109,5,5,537,463,0.537000000,0.037000000,537,0.996046288,0.897006007
restart_reduced_xor_random1_sampler_island_local_warmup11_data_ro3_1000x125_strict_20260528_ro3_warmup_neighbors.payload,109,5,6,538,462,0.538000000,0.038000000,538,0.995829476,0.894321922
restart_reduced_xor_random1_sampler_island_local_warmup11_data_ro3_1000x125_strict_20260528_ro3_warmup_neighbors.payload,109,5,7,558,442,0.558000000,0.058000000,558,0.990271661,0.841662973
restart_reduced_xor_random1_sampler_island_local_warmup11_data_ro3_1000x125_strict_20260528_ro3_warmup_neighbors.payload,110,6,0,538,462,0.538000000,0.038000000,538,0.995829476,0.894321922
restart_reduced_xor_random1_sampler_island_local_warmup11_data_ro3_1000x125_strict_20260528_ro3_warmup_neighbors.payload,110,6,1,522,478,0.522000000,0.022000000,522,0.998603020,0.937878288
restart_reduced_xor_random1_sampler_island_local_warmup11_data_ro3_1000x125_strict_20260528_ro3_warmup_neighbors.payload,110,6,2,557,443,0.557000000,0.057000000,557,0.990604956,0.844250767
restart_reduced_xor_random1_sampler_island_local_warmup11_data_ro3_1000x125_strict_20260528_ro3_warmup_neighbors.payload,110,6,3,525,475,0.525000000,0.025000000,525,0.998195879,0.929610672
restart_reduced_xor_random1_sampler_island_local_warmup11_data_ro3_1000x125_strict_20260528_ro3_warmup_neighbors.payload,110,6,4,562,438,0.562000000,0.062000000,562,0.988879961,0.831357964
restart_reduced_xor_random1_sampler_island_local_warmup11_data_ro3_1000x125_strict_20260528_ro3_warmup_neighbors.payload,110,6,5,552,448,0.552000000,0.052000000,552,0.992183779,0.857259828
restart_reduced_xor_random1_sampler_island_local_warmup11_data_ro3_1000x125_strict_20260528_ro3_warmup_neighbors.payload,110,6,6,558,442,0.558000000,0.058000000,558,0.990271661,0.841662973
restart_reduced_xor_random1_sampler_island_local_warmup11_data_ro3_1000x125_strict_20260528_ro3_warmup_neighbors.payload,110,6,7,505,495,0.505000000,0.005000000,505,0.999927864,0.985644707
restart_reduced_xor_random1_sampler_island_local_warmup11_data_ro3_1000x125_strict_20260528_ro3_warmup_neighbors.payload,111,7,0,548,452,0.548000000,0.048000000,548,0.993341812,0.867752202
restart_reduced_xor_random1_sampler_island_local_warmup11_data_ro3_1000x125_strict_20260528_ro3_warmup_neighbors.payload,111,7,1,528,472,0.528000000,0.028000000,528,0.997736670,0.921390165
restart_reduced_xor_random1_sampler_island_local_warmup11_data_ro3_1000x125_strict_20260528_ro3_warmup_neighbors.payload,111,7,2,528,472,0.528000000,0.028000000,528,0.997736670,0.921390165
restart_reduced_xor_random1_sampler_island_local_warmup11_data_ro3_1000x125_strict_20260528_ro3_warmup_neighbors.payload,111,7,3,548,452,0.548000000,0.048000000,548,0.993341812,0.867752202
restart_reduced_xor_random1_sampler_island_local_warmup11_data_ro3_1000x125_strict_20260528_ro3_warmup_neighbors.payload,111,7,4,564,436,0.564000000,0.064000000,564,0.988148956,0.826232932
restart_reduced_xor_random1_sampler_island_local_warmup11_data_ro3_1000x125_strict_20260528_ro3_warmup_neighbors.payload,111,7,5,547,453,0.547000000,0.047000000,547,0.993616753,0.870387262
restart_reduced_xor_random1_sampler_island_local_warmup11_data_ro3_1000x125_strict_20260528_ro3_warmup_neighbors.payload,111,7,6,532,468,0.532000000,0.032000000,532,0.997043340,0.910501849
restart_reduced_xor_random1_sampler_island_local_warmup11_data_ro3_1000x125_strict_20260528_ro3_warmup_neighbors.payload,111,7,7,546,454,0.546000000,0.046000000,546,0.993885872,0.873027144
restart_reduced_xor_random1_sampler_island_local_warmup11_data_ro3_1000x125_strict_20260528_ro3_warmup_neighbors.payload,112,0,0,520,480,0.520000000,0.020000000,520,0.998845536,0.943416472
restart_reduced_xor_random1_sampler_island_local_warmup11_data_ro3_1000x125_strict_20260528_ro3_warmup_neighbors.payload,112,0,1,572,428,0.572000000,0.072000000,572,0.984990010,0.805912948
restart_reduced_xor_random1_sampler_island_local_warmup11_data_ro3_1000x125_strict_20260528_ro3_warmup_neighbors.payload,112,0,2,549,451,0.549000000,0.049000000,549,0.993061046,0.865121946
restart_reduced_xor_random1_sampler_island_local_warmup11_data_ro3_1000x125_strict_20260528_ro3_warmup_neighbors.payload,112,0,3,518,482,0.518000000,0.018000000,518,0.999064932,0.948975997
restart_reduced_xor_random1_sampler_island_local_warmup11_data_ro3_1000x125_strict_20260528_ro3_warmup_neighbors.payload,112,0,4,553,447,0.553000000,0.053000000,553,0.991879693,0.854648614
restart_reduced_xor_random1_sampler_island_local_warmup11_data_ro3_1000x125_strict_20260528_ro3_warmup_neighbors.payload,112,0,5,564,436,0.564000000,0.064000000,564,0.988148956,0.826232932
restart_reduced_xor_random1_sampler_island_local_warmup11_data_ro3_1000x125_strict_20260528_ro3_warmup_neighbors.payload,112,0,6,525,475,0.525000000,0.025000000,525,0.998195879,0.929610672
restart_reduced_xor_random1_sampler_island_local_warmup11_data_ro3_1000x125_strict_20260528_ro3_warmup_neighbors.payload,112,0,7,533,467,0.533000000,0.033000000,533,0.996855525,0.907792562
restart_reduced_xor_random1_sampler_island_local_warmup11_data_ro3_1000x125_strict_20260528_ro3_warmup_neighbors.payload,113,1,0,562,438,0.562000000,0.062000000,562,0.988879961,0.831357964
restart_reduced_xor_random1_sampler_island_local_warmup11_data_ro3_1000x125_strict_20260528_ro3_warmup_neighbors.payload,113,1,1,546,454,0.546000000,0.046000000,546,0.993885872,0.873027144
restart_reduced_xor_random1_sampler_island_local_warmup11_data_ro3_1000x125_strict_20260528_ro3_warmup_neighbors.payload,113,1,2,538,462,0.538000000,0.038000000,538,0.995829476,0.894321922
restart_reduced_xor_random1_sampler_island_local_warmup11_data_ro3_1000x125_strict_20260528_ro3_warmup_neighbors.payload,113,1,3,544,456,0.544000000,0.044000000,544,0.994406653,0.878321443
restart_reduced_xor_random1_sampler_island_local_warmup11_data_ro3_1000x125_strict_20260528_ro3_warmup_neighbors.payload,113,1,4,556,444,0.556000000,0.056000000,556,0.990932404,0.846843212
restart_reduced_xor_random1_sampler_island_local_warmup11_data_ro3_1000x125_strict_20260528_ro3_warmup_neighbors.payload,113,1,5,544,456,0.544000000,0.044000000,544,0.994406653,0.878321443
restart_reduced_xor_random1_sampler_island_local_warmup11_data_ro3_1000x125_strict_20260528_ro3_warmup_neighbors.payload,113,1,6,548,452,0.548000000,0.048000000,548,0.993341812,0.867752202
restart_reduced_xor_random1_sampler_island_local_warmup11_data_ro3_1000x125_strict_20260528_ro3_warmup_neighbors.payload,113,1,7,549,451,0.549000000,0.049000000,549,0.993061046,0.865121946
restart_reduced_xor_random1_sampler_island_local_warmup11_data_ro3_1000x125_strict_20260528_ro3_warmup_neighbors.payload,114,2,0,574,426,0.574000000,0.074000000,574,0.984141411,0.800877358
restart_reduced_xor_random1_sampler_island_local_warmup11_data_ro3_1000x125_strict_20260528_ro3_warmup_neighbors.payload,114,2,1,524,476,0.524000000,0.024000000,524,0.998337377,0.932361283
restart_reduced_xor_random1_sampler_island_local_warmup11_data_ro3_1000x125_strict_20260528_ro3_warmup_neighbors.payload,114,2,2,533,467,0.533000000,0.033000000,533,0.996855525,0.907792562
restart_reduced_xor_random1_sampler_island_local_warmup11_data_ro3_1000x125_strict_20260528_ro3_warmup_neighbors.payload,114,2,3,529,471,0.529000000,0.029000000,529,0.997572025,0.918660373
restart_reduced_xor_random1_sampler_island_local_warmup11_data_ro3_1000x125_strict_20260528_ro3_warmup_neighbors.payload,114,2,4,548,452,0.548000000,0.048000000,548,0.993341812,0.867752202
restart_reduced_xor_random1_sampler_island_local_warmup11_data_ro3_1000x125_strict_20260528_ro3_warmup_neighbors.payload,114,2,5,517,483,0.517000000,0.017000000,517,0.999165962,0.951763814
restart_reduced_xor_random1_sampler_island_local_warmup11_data_ro3_1000x125_strict_20260528_ro3_warmup_neighbors.payload,114,2,6,554,446,0.554000000,0.054000000,554,0.991569769,0.852042119
restart_reduced_xor_random1_sampler_island_local_warmup11_data_ro3_1000x125_strict_20260528_ro3_warmup_neighbors.payload,114,2,7,554,446,0.554000000,0.054000000,554,0.991569769,0.852042119
restart_reduced_xor_random1_sampler_island_local_warmup11_data_ro3_1000x125_strict_20260528_ro3_warmup_neighbors.payload,115,3,0,553,447,0.553000000,0.053000000,553,0.991879693,0.854648614
restart_reduced_xor_random1_sampler_island_local_warmup11_data_ro3_1000x125_strict_20260528_ro3_warmup_neighbors.payload,115,3,1,561,439,0.561000000,0.061000000,561,0.989236670,0.833927324
restart_reduced_xor_random1_sampler_island_local_warmup11_data_ro3_1000x125_strict_20260528_ro3_warmup_neighbors.payload,115,3,2,574,426,0.574000000,0.074000000,574,0.984141411,0.800877358
restart_reduced_xor_random1_sampler_island_local_warmup11_data_ro3_1000x125_strict_20260528_ro3_warmup_neighbors.payload,115,3,3,506,494,0.506000000,0.006000000,506,0.999896123,0.982790710
restart_reduced_xor_random1_sampler_island_local_warmup11_data_ro3_1000x125_strict_20260528_ro3_warmup_neighbors.payload,115,3,4,552,448,0.552000000,0.052000000,552,0.992183779,0.857259828
restart_reduced_xor_random1_sampler_island_local_warmup11_data_ro3_1000x125_strict_20260528_ro3_warmup_neighbors.payload,115,3,5,540,460,0.540000000,0.040000000,540,0.995378439,0.888968688
restart_reduced_xor_random1_sampler_island_local_warmup11_data_ro3_1000x125_strict_20260528_ro3_warmup_neighbors.payload,115,3,6,532,468,0.532000000,0.032000000,532,0.997043340,0.910501849
restart_reduced_xor_random1_sampler_island_local_warmup11_data_ro3_1000x125_strict_20260528_ro3_warmup_neighbors.payload,115,3,7,534,466,0.534000000,0.034000000,534,0.996661914,0.905088353
restart_reduced_xor_random1_sampler_island_local_warmup11_data_ro3_1000x125_strict_20260528_ro3_warmup_neighbors.payload,116,4,0,547,453,0.547000000,0.047000000,547,0.993616753,0.870387262
restart_reduced_xor_random1_sampler_island_local_warmup11_data_ro3_1000x125_strict_20260528_ro3_warmup_neighbors.payload,116,4,1,520,480,0.520000000,0.020000000,520,0.998845536,0.943416472
restart_reduced_xor_random1_sampler_island_local_warmup11_data_ro3_1000x125_strict_20260528_ro3_warmup_neighbors.payload,116,4,2,543,457,0.543000000,0.043000000,543,0.994658318,0.880975897
restart_reduced_xor_random1_sampler_island_local_warmup11_data_ro3_1000x125_strict_20260528_ro3_warmup_neighbors.payload,116,4,3,531,469,0.531000000,0.031000000,531,0.997225361,0.913216234
restart_reduced_xor_random1_sampler_island_local_warmup11_data_ro3_1000x125_strict_20260528_ro3_warmup_neighbors.payload,116,4,4,518,482,0.518000000,0.018000000,518,0.999064932,0.948975997
restart_reduced_xor_random1_sampler_island_local_warmup11_data_ro3_1000x125_strict_20260528_ro3_warmup_neighbors.payload,116,4,5,538,462,0.538000000,0.038000000,538,0.995829476,0.894321922
restart_reduced_xor_random1_sampler_island_local_warmup11_data_ro3_1000x125_strict_20260528_ro3_warmup_neighbors.payload,116,4,6,565,435,0.565000000,0.065000000,565,0.987774655,0.823677227
restart_reduced_xor_random1_sampler_island_local_warmup11_data_ro3_1000x125_strict_20260528_ro3_warmup_neighbors.payload,116,4,7,546,454,0.546000000,0.046000000,546,0.993885872,0.873027144
restart_reduced_xor_random1_sampler_island_local_warmup11_data_ro3_1000x125_strict_20260528_ro3_warmup_neighbors.payload,117,5,0,552,448,0.552000000,0.052000000,552,0.992183779,0.857259828
restart_reduced_xor_random1_sampler_island_local_warmup11_data_ro3_1000x125_strict_20260528_ro3_warmup_neighbors.payload,117,5,1,535,465,0.535000000,0.035000000,535,0.996462505,0.902389203
restart_reduced_xor_random1_sampler_island_local_warmup11_data_ro3_1000x125_strict_20260528_ro3_warmup_neighbors.payload,117,5,2,540,460,0.540000000,0.040000000,540,0.995378439,0.888968688
restart_reduced_xor_random1_sampler_island_local_warmup11_data_ro3_1000x125_strict_20260528_ro3_warmup_neighbors.payload,117,5,3,550,450,0.550000000,0.050000000,550,0.992774454,0.862496476
restart_reduced_xor_random1_sampler_island_local_warmup11_data_ro3_1000x125_strict_20260528_ro3_warmup_neighbors.payload,117,5,4,552,448,0.552000000,0.052000000,552,0.992183779,0.857259828
restart_reduced_xor_random1_sampler_island_local_warmup11_data_ro3_1000x125_strict_20260528_ro3_warmup_neighbors.payload,117,5,5,545,455,0.545000000,0.045000000,545,0.994149171,0.875671865
restart_reduced_xor_random1_sampler_island_local_warmup11_data_ro3_1000x125_strict_20260528_ro3_warmup_neighbors.payload,117,5,6,566,434,0.566000000,0.066000000,566,0.987394484,0.821126042
restart_reduced_xor_random1_sampler_island_local_warmup11_data_ro3_1000x125_strict_20260528_ro3_warmup_neighbors.payload,117,5,7,531,469,0.531000000,0.031000000,531,0.997225361,0.913216234
restart_reduced_xor_random1_sampler_island_local_warmup11_data_ro3_1000x125_strict_20260528_ro3_warmup_neighbors.payload,118,6,0,525,475,0.525000000,0.025000000,525,0.998195879,0.929610672
restart_reduced_xor_random1_sampler_island_local_warmup11_data_ro3_1000x125_strict_20260528_ro3_warmup_neighbors.payload,118,6,1,551,449,0.551000000,0.051000000,551,0.992482032,0.859875776
restart_reduced_xor_random1_sampler_island_local_warmup11_data_ro3_1000x125_strict_20260528_ro3_warmup_neighbors.payload,118,6,2,530,470,0.530000000,0.030000000,530,0.997401589,0.915935735
restart_reduced_xor_random1_sampler_island_local_warmup11_data_ro3_1000x125_strict_20260528_ro3_warmup_neighbors.payload,118,6,3,524,476,0.524000000,0.024000000,524,0.998337377,0.932361283
restart_reduced_xor_random1_sampler_island_local_warmup11_data_ro3_1000x125_strict_20260528_ro3_warmup_neighbors.payload,118,6,4,545,455,0.545000000,0.045000000,545,0.994149171,0.875671865
restart_reduced_xor_random1_sampler_island_local_warmup11_data_ro3_1000x125_strict_20260528_ro3_warmup_neighbors.payload,118,6,5,545,455,0.545000000,0.045000000,545,0.994149171,0.875671865
restart_reduced_xor_random1_sampler_island_local_warmup11_data_ro3_1000x125_strict_20260528_ro3_warmup_neighbors.payload,118,6,6,571,429,0.571000000,0.071000000,571,0.985405468,0.808437349
restart_reduced_xor_random1_sampler_island_local_warmup11_data_ro3_1000x125_strict_20260528_ro3_warmup_neighbors.payload,118,6,7,544,456,0.544000000,0.044000000,544,0.994406653,0.878321443
restart_reduced_xor_random1_sampler_island_local_warmup11_data_ro3_1000x125_strict_20260528_ro3_warmup_neighbors.payload,119,7,0,528,472,0.528000000,0.028000000,528,0.997736670,0.921390165
restart_reduced_xor_random1_sampler_island_local_warmup11_data_ro3_1000x125_strict_20260528_ro3_warmup_neighbors.payload,119,7,1,529,471,0.529000000,0.029000000,529,0.997572025,0.918660373
restart_reduced_xor_random1_sampler_island_local_warmup11_data_ro3_1000x125_strict_20260528_ro3_warmup_neighbors.payload,119,7,2,551,449,0.551000000,0.051000000,551,0.992482032,0.859875776
restart_reduced_xor_random1_sampler_island_local_warmup11_data_ro3_1000x125_strict_20260528_ro3_warmup_neighbors.payload,119,7,3,550,450,0.550000000,0.050000000,550,0.992774454,0.862496476
restart_reduced_xor_random1_sampler_island_local_warmup11_data_ro3_1000x125_strict_20260528_ro3_warmup_neighbors.payload,119,7,4,552,448,0.552000000,0.052000000,552,0.992183779,0.857259828
restart_reduced_xor_random1_sampler_island_local_warmup11_data_ro3_1000x125_strict_20260528_ro3_warmup_neighbors.payload,119,7,5,556,444,0.556000000,0.056000000,556,0.990932404,0.846843212
restart_reduced_xor_random1_sampler_island_local_warmup11_data_ro3_1000x125_strict_20260528_ro3_warmup_neighbors.payload,119,7,6,563,437,0.563000000,0.063000000,563,0.988517390,0.828793173
restart_reduced_xor_random1_sampler_island_local_warmup11_data_ro3_1000x125_strict_20260528_ro3_warmup_neighbors.payload,119,7,7,547,453,0.547000000,0.047000000,547,0.993616753,0.870387262
restart_reduced_xor_random1_sampler_island_local_warmup11_data_ro3_1000x125_strict_20260528_ro3_warmup_neighbors.payload,120,0,0,537,463,0.537000000,0.037000000,537,0.996046288,0.897006007
restart_reduced_xor_random1_sampler_island_local_warmup11_data_ro3_1000x125_strict_20260528_ro3_warmup_neighbors.payload,120,0,1,568,432,0.568000000,0.068000000,568,0.986616520,0.816037165
restart_reduced_xor_random1_sampler_island_local_warmup11_data_ro3_1000x125_strict_20260528_ro3_warmup_neighbors.payload,120,0,2,534,466,0.534000000,0.034000000,534,0.996661914,0.905088353
restart_reduced_xor_random1_sampler_island_local_warmup11_data_ro3_1000x125_strict_20260528_ro3_warmup_neighbors.payload,120,0,3,545,455,0.545000000,0.045000000,545,0.994149171,0.875671865
restart_reduced_xor_random1_sampler_island_local_warmup11_data_ro3_1000x125_strict_20260528_ro3_warmup_neighbors.payload,120,0,4,552,448,0.552000000,0.052000000,552,0.992183779,0.857259828
restart_reduced_xor_random1_sampler_island_local_warmup11_data_ro3_1000x125_strict_20260528_ro3_warmup_neighbors.payload,120,0,5,532,468,0.532000000,0.032000000,532,0.997043340,0.910501849
restart_reduced_xor_random1_sampler_island_local_warmup11_data_ro3_1000x125_strict_20260528_ro3_warmup_neighbors.payload,120,0,6,550,450,0.550000000,0.050000000,550,0.992774454,0.862496476
restart_reduced_xor_random1_sampler_island_local_warmup11_data_ro3_1000x125_strict_20260528_ro3_warmup_neighbors.payload,120,0,7,562,438,0.562000000,0.062000000,562,0.988879961,0.831357964
restart_reduced_xor_random1_sampler_island_local_warmup11_data_ro3_1000x125_strict_20260528_ro3_warmup_neighbors.payload,121,1,0,516,484,0.516000000,0.016000000,516,0.999261214,0.954557029
restart_reduced_xor_random1_sampler_island_local_warmup11_data_ro3_1000x125_strict_20260528_ro3_warmup_neighbors.payload,121,1,1,545,455,0.545000000,0.045000000,545,0.994149171,0.875671865
restart_reduced_xor_random1_sampler_island_local_warmup11_data_ro3_1000x125_strict_20260528_ro3_warmup_neighbors.payload,121,1,2,559,441,0.559000000,0.059000000,559,0.989932517,0.839079812
restart_reduced_xor_random1_sampler_island_local_warmup11_data_ro3_1000x125_strict_20260528_ro3_warmup_neighbors.payload,121,1,3,537,463,0.537000000,0.037000000,537,0.996046288,0.897006007
restart_reduced_xor_random1_sampler_island_local_warmup11_data_ro3_1000x125_strict_20260528_ro3_warmup_neighbors.payload,121,1,4,529,471,0.529000000,0.029000000,529,0.997572025,0.918660373
restart_reduced_xor_random1_sampler_island_local_warmup11_data_ro3_1000x125_strict_20260528_ro3_warmup_neighbors.payload,121,1,5,558,442,0.558000000,0.058000000,558,0.990271661,0.841662973
restart_reduced_xor_random1_sampler_island_local_warmup11_data_ro3_1000x125_strict_20260528_ro3_warmup_neighbors.payload,121,1,6,534,466,0.534000000,0.034000000,534,0.996661914,0.905088353
restart_reduced_xor_random1_sampler_island_local_warmup11_data_ro3_1000x125_strict_20260528_ro3_warmup_neighbors.payload,121,1,7,523,477,0.523000000,0.023000000,523,0.998473090,0.935117148
restart_reduced_xor_random1_sampler_island_local_warmup11_data_ro3_1000x125_strict_20260528_ro3_warmup_neighbors.payload,122,2,0,547,453,0.547000000,0.047000000,547,0.993616753,0.870387262
restart_reduced_xor_random1_sampler_island_local_warmup11_data_ro3_1000x125_strict_20260528_ro3_warmup_neighbors.payload,122,2,1,519,481,0.519000000,0.019000000,519,0.998958123,0.946193556
restart_reduced_xor_random1_sampler_island_local_warmup11_data_ro3_1000x125_strict_20260528_ro3_warmup_neighbors.payload,122,2,2,549,451,0.549000000,0.049000000,549,0.993061046,0.865121946
restart_reduced_xor_random1_sampler_island_local_warmup11_data_ro3_1000x125_strict_20260528_ro3_warmup_neighbors.payload,122,2,3,563,437,0.563000000,0.063000000,563,0.988517390,0.828793173
restart_reduced_xor_random1_sampler_island_local_warmup11_data_ro3_1000x125_strict_20260528_ro3_warmup_neighbors.payload,122,2,4,529,471,0.529000000,0.029000000,529,0.997572025,0.918660373
restart_reduced_xor_random1_sampler_island_local_warmup11_data_ro3_1000x125_strict_20260528_ro3_warmup_neighbors.payload,122,2,5,537,463,0.537000000,0.037000000,537,0.996046288,0.897006007
restart_reduced_xor_random1_sampler_island_local_warmup11_data_ro3_1000x125_strict_20260528_ro3_warmup_neighbors.payload,122,2,6,549,451,0.549000000,0.049000000,549,0.993061046,0.865121946
restart_reduced_xor_random1_sampler_island_local_warmup11_data_ro3_1000x125_strict_20260528_ro3_warmup_neighbors.payload,122,2,7,570,430,0.570000000,0.070000000,570,0.985815037,0.810966176
restart_reduced_xor_random1_sampler_island_local_warmup11_data_ro3_1000x125_strict_20260528_ro3_warmup_neighbors.payload,123,3,0,554,446,0.554000000,0.054000000,554,0.991569769,0.852042119
restart_reduced_xor_random1_sampler_island_local_warmup11_data_ro3_1000x125_strict_20260528_ro3_warmup_neighbors.payload,123,3,1,537,463,0.537000000,0.037000000,537,0.996046288,0.897006007
restart_reduced_xor_random1_sampler_island_local_warmup11_data_ro3_1000x125_strict_20260528_ro3_warmup_neighbors.payload,123,3,2,555,445,0.555000000,0.055000000,555,0.991254007,0.849440323
restart_reduced_xor_random1_sampler_island_local_warmup11_data_ro3_1000x125_strict_20260528_ro3_warmup_neighbors.payload,123,3,3,539,461,0.539000000,0.039000000,539,0.995606861,0.891642822
restart_reduced_xor_random1_sampler_island_local_warmup11_data_ro3_1000x125_strict_20260528_ro3_warmup_neighbors.payload,123,3,4,572,428,0.572000000,0.072000000,572,0.984990010,0.805912948
restart_reduced_xor_random1_sampler_island_local_warmup11_data_ro3_1000x125_strict_20260528_ro3_warmup_neighbors.payload,123,3,5,537,463,0.537000000,0.037000000,537,0.996046288,0.897006007
restart_reduced_xor_random1_sampler_island_local_warmup11_data_ro3_1000x125_strict_20260528_ro3_warmup_neighbors.payload,123,3,6,513,487,0.513000000,0.013000000,513,0.999512314,0.962969269
restart_reduced_xor_random1_sampler_island_local_warmup11_data_ro3_1000x125_strict_20260528_ro3_warmup_neighbors.payload,123,3,7,545,455,0.545000000,0.045000000,545,0.994149171,0.875671865
restart_reduced_xor_random1_sampler_island_local_warmup11_data_ro3_1000x125_strict_20260528_ro3_warmup_neighbors.payload,124,4,0,530,470,0.530000000,0.030000000,530,0.997401589,0.915935735
restart_reduced_xor_random1_sampler_island_local_warmup11_data_ro3_1000x125_strict_20260528_ro3_warmup_neighbors.payload,124,4,1,537,463,0.537000000,0.037000000,537,0.996046288,0.897006007
restart_reduced_xor_random1_sampler_island_local_warmup11_data_ro3_1000x125_strict_20260528_ro3_warmup_neighbors.payload,124,4,2,566,434,0.566000000,0.066000000,566,0.987394484,0.821126042
restart_reduced_xor_random1_sampler_island_local_warmup11_data_ro3_1000x125_strict_20260528_ro3_warmup_neighbors.payload,124,4,3,534,466,0.534000000,0.034000000,534,0.996661914,0.905088353
restart_reduced_xor_random1_sampler_island_local_warmup11_data_ro3_1000x125_strict_20260528_ro3_warmup_neighbors.payload,124,4,4,537,463,0.537000000,0.037000000,537,0.996046288,0.897006007
restart_reduced_xor_random1_sampler_island_local_warmup11_data_ro3_1000x125_strict_20260528_ro3_warmup_neighbors.payload,124,4,5,564,436,0.564000000,0.064000000,564,0.988148956,0.826232932
restart_reduced_xor_random1_sampler_island_local_warmup11_data_ro3_1000x125_strict_20260528_ro3_warmup_neighbors.payload,124,4,6,539,461,0.539000000,0.039000000,539,0.995606861,0.891642822
restart_reduced_xor_random1_sampler_island_local_warmup11_data_ro3_1000x125_strict_20260528_ro3_warmup_neighbors.payload,124,4,7,515,485,0.515000000,0.015000000,515,0.999350690,0.957355663
restart_reduced_xor_random1_sampler_island_local_warmup11_except_data_ro3_1000x125_strict_20260528_ro3_warmup_neighbors.payload,0,0,0,502,498,0.502000000,0.002000000,502,0.999988458,0.994240731
restart_reduced_xor_random1_sampler_island_local_warmup11_except_data_ro3_1000x125_strict_20260528_ro3_warmup_neighbors.payload,0,0,1,489,511,0.489000000,0.011000000,511,0.999650840,0.968604804
restart_reduced_xor_random1_sampler_island_local_warmup11_except_data_ro3_1000x125_strict_20260528_ro3_warmup_neighbors.payload,0,0,2,493,507,0.493000000,0.007000000,507,0.999858611,0.979942348
restart_reduced_xor_random1_sampler_island_local_warmup11_except_data_ro3_1000x125_strict_20260528_ro3_warmup_neighbors.payload,0,0,3,511,489,0.511000000,0.011000000,511,0.999650840,0.968604804
restart_reduced_xor_random1_sampler_island_local_warmup11_except_data_ro3_1000x125_strict_20260528_ro3_warmup_neighbors.payload,0,0,4,517,483,0.517000000,0.017000000,517,0.999165962,0.951763814
restart_reduced_xor_random1_sampler_island_local_warmup11_except_data_ro3_1000x125_strict_20260528_ro3_warmup_neighbors.payload,0,0,5,489,511,0.489000000,0.011000000,511,0.999650840,0.968604804
restart_reduced_xor_random1_sampler_island_local_warmup11_except_data_ro3_1000x125_strict_20260528_ro3_warmup_neighbors.payload,0,0,6,494,506,0.494000000,0.006000000,506,0.999896123,0.982790710
restart_reduced_xor_random1_sampler_island_local_warmup11_except_data_ro3_1000x125_strict_20260528_ro3_warmup_neighbors.payload,0,0,7,486,514,0.486000000,0.014000000,514,0.999434390,0.960159735
restart_reduced_xor_random1_sampler_island_local_warmup11_except_data_ro3_1000x125_strict_20260528_ro3_warmup_neighbors.payload,1,1,0,499,501,0.499000000,0.001000000,501,0.999997115,0.997117491
restart_reduced_xor_random1_sampler_island_local_warmup11_except_data_ro3_1000x125_strict_20260528_ro3_warmup_neighbors.payload,1,1,1,482,518,0.482000000,0.018000000,518,0.999064932,0.948975997
restart_reduced_xor_random1_sampler_island_local_warmup11_except_data_ro3_1000x125_strict_20260528_ro3_warmup_neighbors.payload,1,1,2,508,492,0.508000000,0.008000000,508,0.999815327,0.977099598
restart_reduced_xor_random1_sampler_island_local_warmup11_except_data_ro3_1000x125_strict_20260528_ro3_warmup_neighbors.payload,1,1,3,496,504,0.496000000,0.004000000,504,0.999953833,0.988504361
restart_reduced_xor_random1_sampler_island_local_warmup11_except_data_ro3_1000x125_strict_20260528_ro3_warmup_neighbors.payload,1,1,4,509,491,0.509000000,0.009000000,509,0.999766271,0.974262439
restart_reduced_xor_random1_sampler_island_local_warmup11_except_data_ro3_1000x125_strict_20260528_ro3_warmup_neighbors.payload,1,1,5,505,495,0.505000000,0.005000000,505,0.999927864,0.985644707
restart_reduced_xor_random1_sampler_island_local_warmup11_except_data_ro3_1000x125_strict_20260528_ro3_warmup_neighbors.payload,1,1,6,472,528,0.472000000,0.028000000,528,0.997736670,0.921390165
restart_reduced_xor_random1_sampler_island_local_warmup11_except_data_ro3_1000x125_strict_20260528_ro3_warmup_neighbors.payload,1,1,7,479,521,0.479000000,0.021000000,521,0.998727169,0.940644722
restart_reduced_xor_random1_sampler_island_local_warmup11_except_data_ro3_1000x125_strict_20260528_ro3_warmup_neighbors.payload,2,2,0,524,476,0.524000000,0.024000000,524,0.998337377,0.932361283
restart_reduced_xor_random1_sampler_island_local_warmup11_except_data_ro3_1000x125_strict_20260528_ro3_warmup_neighbors.payload,2,2,1,491,509,0.491000000,0.009000000,509,0.999766271,0.974262439
restart_reduced_xor_random1_sampler_island_local_warmup11_except_data_ro3_1000x125_strict_20260528_ro3_warmup_neighbors.payload,2,2,2,492,508,0.492000000,0.008000000,508,0.999815327,0.977099598
restart_reduced_xor_random1_sampler_island_local_warmup11_except_data_ro3_1000x125_strict_20260528_ro3_warmup_neighbors.payload,2,2,3,497,503,0.497000000,0.003000000,503,0.999974031,0.991369695
restart_reduced_xor_random1_sampler_island_local_warmup11_except_data_ro3_1000x125_strict_20260528_ro3_warmup_neighbors.payload,2,2,4,479,521,0.479000000,0.021000000,521,0.998727169,0.940644722
restart_reduced_xor_random1_sampler_island_local_warmup11_except_data_ro3_1000x125_strict_20260528_ro3_warmup_neighbors.payload,2,2,5,522,478,0.522000000,0.022000000,522,0.998603020,0.937878288
restart_reduced_xor_random1_sampler_island_local_warmup11_except_data_ro3_1000x125_strict_20260528_ro3_warmup_neighbors.payload,2,2,6,489,511,0.489000000,0.011000000,511,0.999650840,0.968604804
restart_reduced_xor_random1_sampler_island_local_warmup11_except_data_ro3_1000x125_strict_20260528_ro3_warmup_neighbors.payload,2,2,7,492,508,0.492000000,0.008000000,508,0.999815327,0.977099598
restart_reduced_xor_random1_sampler_island_local_warmup11_except_data_ro3_1000x125_strict_20260528_ro3_warmup_neighbors.payload,3,3,0,519,481,0.519000000,0.019000000,519,0.998958123,0.946193556
restart_reduced_xor_random1_sampler_island_local_warmup11_except_data_ro3_1000x125_strict_20260528_ro3_warmup_neighbors.payload,3,3,1,494,506,0.494000000,0.006000000,506,0.999896123,0.982790710
restart_reduced_xor_random1_sampler_island_local_warmup11_except_data_ro3_1000x125_strict_20260528_ro3_warmup_neighbors.payload,3,3,2,507,493,0.507000000,0.007000000,507,0.999858611,0.979942348
restart_reduced_xor_random1_sampler_island_local_warmup11_except_data_ro3_1000x125_strict_20260528_ro3_warmup_neighbors.payload,3,3,3,498,502,0.498000000,0.002000000,502,0.999988458,0.994240731
restart_reduced_xor_random1_sampler_island_local_warmup11_except_data_ro3_1000x125_strict_20260528_ro3_warmup_neighbors.payload,3,3,4,497,503,0.497000000,0.003000000,503,0.999974031,0.991369695
restart_reduced_xor_random1_sampler_island_local_warmup11_except_data_ro3_1000x125_strict_20260528_ro3_warmup_neighbors.payload,3,3,5,520,480,0.520000000,0.020000000,520,0.998845536,0.943416472
restart_reduced_xor_random1_sampler_island_local_warmup11_except_data_ro3_1000x125_strict_20260528_ro3_warmup_neighbors.payload,3,3,6,479,521,0.479000000,0.021000000,521,0.998727169,0.940644722
restart_reduced_xor_random1_sampler_island_local_warmup11_except_data_ro3_1000x125_strict_20260528_ro3_warmup_neighbors.payload,3,3,7,519,481,0.519000000,0.019000000,519,0.998958123,0.946193556
restart_reduced_xor_random1_sampler_island_local_warmup11_except_data_ro3_1000x125_strict_20260528_ro3_warmup_neighbors.payload,4,4,0,497,503,0.497000000,0.003000000,503,0.999974031,0.991369695
restart_reduced_xor_random1_sampler_island_local_warmup11_except_data_ro3_1000x125_strict_20260528_ro3_warmup_neighbors.payload,4,4,1,536,464,0.536000000,0.036000000,536,0.996257297,0.899695094
restart_reduced_xor_random1_sampler_island_local_warmup11_except_data_ro3_1000x125_strict_20260528_ro3_warmup_neighbors.payload,4,4,2,505,495,0.505000000,0.005000000,505,0.999927864,0.985644707
restart_reduced_xor_random1_sampler_island_local_warmup11_except_data_ro3_1000x125_strict_20260528_ro3_warmup_neighbors.payload,4,4,3,532,468,0.532000000,0.032000000,532,0.997043340,0.910501849
restart_reduced_xor_random1_sampler_island_local_warmup11_except_data_ro3_1000x125_strict_20260528_ro3_warmup_neighbors.payload,4,4,4,513,487,0.513000000,0.013000000,513,0.999512314,0.962969269
restart_reduced_xor_random1_sampler_island_local_warmup11_except_data_ro3_1000x125_strict_20260528_ro3_warmup_neighbors.payload,4,4,5,487,513,0.487000000,0.013000000,513,0.999512314,0.962969269
restart_reduced_xor_random1_sampler_island_local_warmup11_except_data_ro3_1000x125_strict_20260528_ro3_warmup_neighbors.payload,4,4,6,488,512,0.488000000,0.012000000,512,0.999584464,0.965784285
restart_reduced_xor_random1_sampler_island_local_warmup11_except_data_ro3_1000x125_strict_20260528_ro3_warmup_neighbors.payload,4,4,7,506,494,0.506000000,0.006000000,506,0.999896123,0.982790710
restart_reduced_xor_random1_sampler_island_local_warmup11_except_data_ro3_1000x125_strict_20260528_ro3_warmup_neighbors.payload,5,5,0,504,496,0.504000000,0.004000000,504,0.999953833,0.988504361
restart_reduced_xor_random1_sampler_island_local_warmup11_except_data_ro3_1000x125_strict_20260528_ro3_warmup_neighbors.payload,5,5,1,511,489,0.511000000,0.011000000,511,0.999650840,0.968604804
restart_reduced_xor_random1_sampler_island_local_warmup11_except_data_ro3_1000x125_strict_20260528_ro3_warmup_neighbors.payload,5,5,2,509,491,0.509000000,0.009000000,509,0.999766271,0.974262439
restart_reduced_xor_random1_sampler_island_local_warmup11_except_data_ro3_1000x125_strict_20260528_ro3_warmup_neighbors.payload,5,5,3,478,522,0.478000000,0.022000000,522,0.998603020,0.937878288
restart_reduced_xor_random1_sampler_island_local_warmup11_except_data_ro3_1000x125_strict_20260528_ro3_warmup_neighbors.payload,5,5,4,476,524,0.476000000,0.024000000,524,0.998337377,0.932361283
restart_reduced_xor_random1_sampler_island_local_warmup11_except_data_ro3_1000x125_strict_20260528_ro3_warmup_neighbors.payload,5,5,5,512,488,0.512000000,0.012000000,512,0.999584464,0.965784285
restart_reduced_xor_random1_sampler_island_local_warmup11_except_data_ro3_1000x125_strict_20260528_ro3_warmup_neighbors.payload,5,5,6,493,507,0.493000000,0.007000000,507,0.999858611,0.979942348
restart_reduced_xor_random1_sampler_island_local_warmup11_except_data_ro3_1000x125_strict_20260528_ro3_warmup_neighbors.payload,5,5,7,501,499,0.501000000,0.001000000,501,0.999997115,0.997117491
restart_reduced_xor_random1_sampler_island_local_warmup11_except_data_ro3_1000x125_strict_20260528_ro3_warmup_neighbors.payload,6,6,0,502,498,0.502000000,0.002000000,502,0.999988458,0.994240731
restart_reduced_xor_random1_sampler_island_local_warmup11_except_data_ro3_1000x125_strict_20260528_ro3_warmup_neighbors.payload,6,6,1,520,480,0.520000000,0.020000000,520,0.998845536,0.943416472
restart_reduced_xor_random1_sampler_island_local_warmup11_except_data_ro3_1000x125_strict_20260528_ro3_warmup_neighbors.payload,6,6,2,486,514,0.486000000,0.014000000,514,0.999434390,0.960159735
restart_reduced_xor_random1_sampler_island_local_warmup11_except_data_ro3_1000x125_strict_20260528_ro3_warmup_neighbors.payload,6,6,3,506,494,0.506000000,0.006000000,506,0.999896123,0.982790710
restart_reduced_xor_random1_sampler_island_local_warmup11_except_data_ro3_1000x125_strict_20260528_ro3_warmup_neighbors.payload,6,6,4,502,498,0.502000000,0.002000000,502,0.999988458,0.994240731
restart_reduced_xor_random1_sampler_island_local_warmup11_except_data_ro3_1000x125_strict_20260528_ro3_warmup_neighbors.payload,6,6,5,513,487,0.513000000,0.013000000,513,0.999512314,0.962969269
restart_reduced_xor_random1_sampler_island_local_warmup11_except_data_ro3_1000x125_strict_20260528_ro3_warmup_neighbors.payload,6,6,6,494,506,0.494000000,0.006000000,506,0.999896123,0.982790710
restart_reduced_xor_random1_sampler_island_local_warmup11_except_data_ro3_1000x125_strict_20260528_ro3_warmup_neighbors.payload,6,6,7,490,510,0.490000000,0.010000000,510,0.999711442,0.971430848
restart_reduced_xor_random1_sampler_island_local_warmup11_except_data_ro3_1000x125_strict_20260528_ro3_warmup_neighbors.payload,7,7,0,492,508,0.492000000,0.008000000,508,0.999815327,0.977099598
restart_reduced_xor_random1_sampler_island_local_warmup11_except_data_ro3_1000x125_strict_20260528_ro3_warmup_neighbors.payload,7,7,1,493,507,0.493000000,0.007000000,507,0.999858611,0.979942348
restart_reduced_xor_random1_sampler_island_local_warmup11_except_data_ro3_1000x125_strict_20260528_ro3_warmup_neighbors.payload,7,7,2,510,490,0.510000000,0.010000000,510,0.999711442,0.971430848
restart_reduced_xor_random1_sampler_island_local_warmup11_except_data_ro3_1000x125_strict_20260528_ro3_warmup_neighbors.payload,7,7,3,517,483,0.517000000,0.017000000,517,0.999165962,0.951763814
restart_reduced_xor_random1_sampler_island_local_warmup11_except_data_ro3_1000x125_strict_20260528_ro3_warmup_neighbors.payload,7,7,4,487,513,0.487000000,0.013000000,513,0.999512314,0.962969269
restart_reduced_xor_random1_sampler_island_local_warmup11_except_data_ro3_1000x125_strict_20260528_ro3_warmup_neighbors.payload,7,7,5,458,542,0.458000000,0.042000000,542,0.994904169,0.883635243
restart_reduced_xor_random1_sampler_island_local_warmup11_except_data_ro3_1000x125_strict_20260528_ro3_warmup_neighbors.payload,7,7,6,515,485,0.515000000,0.015000000,515,0.999350690,0.957355663
restart_reduced_xor_random1_sampler_island_local_warmup11_except_data_ro3_1000x125_strict_20260528_ro3_warmup_neighbors.payload,7,7,7,518,482,0.518000000,0.018000000,518,0.999064932,0.948975997
restart_reduced_xor_random1_sampler_island_local_warmup11_except_data_ro3_1000x125_strict_20260528_ro3_warmup_neighbors.payload,8,0,0,489,511,0.489000000,0.011000000,511,0.999650840,0.968604804
restart_reduced_xor_random1_sampler_island_local_warmup11_except_data_ro3_1000x125_strict_20260528_ro3_warmup_neighbors.payload,8,0,1,519,481,0.519000000,0.019000000,519,0.998958123,0.946193556
restart_reduced_xor_random1_sampler_island_local_warmup11_except_data_ro3_1000x125_strict_20260528_ro3_warmup_neighbors.payload,8,0,2,491,509,0.491000000,0.009000000,509,0.999766271,0.974262439
restart_reduced_xor_random1_sampler_island_local_warmup11_except_data_ro3_1000x125_strict_20260528_ro3_warmup_neighbors.payload,8,0,3,528,472,0.528000000,0.028000000,528,0.997736670,0.921390165
restart_reduced_xor_random1_sampler_island_local_warmup11_except_data_ro3_1000x125_strict_20260528_ro3_warmup_neighbors.payload,8,0,4,490,510,0.490000000,0.010000000,510,0.999711442,0.971430848
restart_reduced_xor_random1_sampler_island_local_warmup11_except_data_ro3_1000x125_strict_20260528_ro3_warmup_neighbors.payload,8,0,5,487,513,0.487000000,0.013000000,513,0.999512314,0.962969269
restart_reduced_xor_random1_sampler_island_local_warmup11_except_data_ro3_1000x125_strict_20260528_ro3_warmup_neighbors.payload,8,0,6,492,508,0.492000000,0.008000000,508,0.999815327,0.977099598
restart_reduced_xor_random1_sampler_island_local_warmup11_except_data_ro3_1000x125_strict_20260528_ro3_warmup_neighbors.payload,8,0,7,485,515,0.485000000,0.015000000,515,0.999350690,0.957355663
restart_reduced_xor_random1_sampler_island_local_warmup11_except_data_ro3_1000x125_strict_20260528_ro3_warmup_neighbors.payload,9,1,0,499,501,0.499000000,0.001000000,501,0.999997115,0.997117491
restart_reduced_xor_random1_sampler_island_local_warmup11_except_data_ro3_1000x125_strict_20260528_ro3_warmup_neighbors.payload,9,1,1,488,512,0.488000000,0.012000000,512,0.999584464,0.965784285
restart_reduced_xor_random1_sampler_island_local_warmup11_except_data_ro3_1000x125_strict_20260528_ro3_warmup_neighbors.payload,9,1,2,478,522,0.478000000,0.022000000,522,0.998603020,0.937878288
restart_reduced_xor_random1_sampler_island_local_warmup11_except_data_ro3_1000x125_strict_20260528_ro3_warmup_neighbors.payload,9,1,3,511,489,0.511000000,0.011000000,511,0.999650840,0.968604804
restart_reduced_xor_random1_sampler_island_local_warmup11_except_data_ro3_1000x125_strict_20260528_ro3_warmup_neighbors.payload,9,1,4,498,502,0.498000000,0.002000000,502,0.999988458,0.994240731
restart_reduced_xor_random1_sampler_island_local_warmup11_except_data_ro3_1000x125_strict_20260528_ro3_warmup_neighbors.payload,9,1,5,496,504,0.496000000,0.004000000,504,0.999953833,0.988504361
restart_reduced_xor_random1_sampler_island_local_warmup11_except_data_ro3_1000x125_strict_20260528_ro3_warmup_neighbors.payload,9,1,6,517,483,0.517000000,0.017000000,517,0.999165962,0.951763814
restart_reduced_xor_random1_sampler_island_local_warmup11_except_data_ro3_1000x125_strict_20260528_ro3_warmup_neighbors.payload,9,1,7,506,494,0.506000000,0.006000000,506,0.999896123,0.982790710
restart_reduced_xor_random1_sampler_island_local_warmup11_except_data_ro3_1000x125_strict_20260528_ro3_warmup_neighbors.payload,10,2,0,473,527,0.473000000,0.027000000,527,0.997895527,0.924125133
restart_reduced_xor_random1_sampler_island_local_warmup11_except_data_ro3_1000x125_strict_20260528_ro3_warmup_neighbors.payload,10,2,1,477,523,0.477000000,0.023000000,523,0.998473090,0.935117148
restart_reduced_xor_random1_sampler_island_local_warmup11_except_data_ro3_1000x125_strict_20260528_ro3_warmup_neighbors.payload,10,2,2,524,476,0.524000000,0.024000000,524,0.998337377,0.932361283
restart_reduced_xor_random1_sampler_island_local_warmup11_except_data_ro3_1000x125_strict_20260528_ro3_warmup_neighbors.payload,10,2,3,499,501,0.499000000,0.001000000,501,0.999997115,0.997117491
restart_reduced_xor_random1_sampler_island_local_warmup11_except_data_ro3_1000x125_strict_20260528_ro3_warmup_neighbors.payload,10,2,4,533,467,0.533000000,0.033000000,533,0.996855525,0.907792562
restart_reduced_xor_random1_sampler_island_local_warmup11_except_data_ro3_1000x125_strict_20260528_ro3_warmup_neighbors.payload,10,2,5,503,497,0.503000000,0.003000000,503,0.999974031,0.991369695
restart_reduced_xor_random1_sampler_island_local_warmup11_except_data_ro3_1000x125_strict_20260528_ro3_warmup_neighbors.payload,10,2,6,479,521,0.479000000,0.021000000,521,0.998727169,0.940644722
restart_reduced_xor_random1_sampler_island_local_warmup11_except_data_ro3_1000x125_strict_20260528_ro3_warmup_neighbors.payload,10,2,7,490,510,0.490000000,0.010000000,510,0.999711442,0.971430848
restart_reduced_xor_random1_sampler_island_local_warmup11_except_data_ro3_1000x125_strict_20260528_ro3_warmup_neighbors.payload,11,3,0,499,501,0.499000000,0.001000000,501,0.999997115,0.997117491
restart_reduced_xor_random1_sampler_island_local_warmup11_except_data_ro3_1000x125_strict_20260528_ro3_warmup_neighbors.payload,11,3,1,505,495,0.505000000,0.005000000,505,0.999927864,0.985644707
restart_reduced_xor_random1_sampler_island_local_warmup11_except_data_ro3_1000x125_strict_20260528_ro3_warmup_neighbors.payload,11,3,2,488,512,0.488000000,0.012000000,512,0.999584464,0.965784285
restart_reduced_xor_random1_sampler_island_local_warmup11_except_data_ro3_1000x125_strict_20260528_ro3_warmup_neighbors.payload,11,3,3,515,485,0.515000000,0.015000000,515,0.999350690,0.957355663
restart_reduced_xor_random1_sampler_island_local_warmup11_except_data_ro3_1000x125_strict_20260528_ro3_warmup_neighbors.payload,11,3,4,513,487,0.513000000,0.013000000,513,0.999512314,0.962969269
restart_reduced_xor_random1_sampler_island_local_warmup11_except_data_ro3_1000x125_strict_20260528_ro3_warmup_neighbors.payload,11,3,5,514,486,0.514000000,0.014000000,514,0.999434390,0.960159735
restart_reduced_xor_random1_sampler_island_local_warmup11_except_data_ro3_1000x125_strict_20260528_ro3_warmup_neighbors.payload,11,3,6,514,486,0.514000000,0.014000000,514,0.999434390,0.960159735
restart_reduced_xor_random1_sampler_island_local_warmup11_except_data_ro3_1000x125_strict_20260528_ro3_warmup_neighbors.payload,11,3,7,491,509,0.491000000,0.009000000,509,0.999766271,0.974262439
restart_reduced_xor_random1_sampler_island_local_warmup11_except_data_ro3_1000x125_strict_20260528_ro3_warmup_neighbors.payload,12,4,0,490,510,0.490000000,0.010000000,510,0.999711442,0.971430848
restart_reduced_xor_random1_sampler_island_local_warmup11_except_data_ro3_1000x125_strict_20260528_ro3_warmup_neighbors.payload,12,4,1,492,508,0.492000000,0.008000000,508,0.999815327,0.977099598
restart_reduced_xor_random1_sampler_island_local_warmup11_except_data_ro3_1000x125_strict_20260528_ro3_warmup_neighbors.payload,12,4,2,509,491,0.509000000,0.009000000,509,0.999766271,0.974262439
restart_reduced_xor_random1_sampler_island_local_warmup11_except_data_ro3_1000x125_strict_20260528_ro3_warmup_neighbors.payload,12,4,3,558,442,0.558000000,0.058000000,558,0.990271661,0.841662973
restart_reduced_xor_random1_sampler_island_local_warmup11_except_data_ro3_1000x125_strict_20260528_ro3_warmup_neighbors.payload,12,4,4,509,491,0.509000000,0.009000000,509,0.999766271,0.974262439
restart_reduced_xor_random1_sampler_island_local_warmup11_except_data_ro3_1000x125_strict_20260528_ro3_warmup_neighbors.payload,12,4,5,511,489,0.511000000,0.011000000,511,0.999650840,0.968604804
restart_reduced_xor_random1_sampler_island_local_warmup11_except_data_ro3_1000x125_strict_20260528_ro3_warmup_neighbors.payload,12,4,6,510,490,0.510000000,0.010000000,510,0.999711442,0.971430848
restart_reduced_xor_random1_sampler_island_local_warmup11_except_data_ro3_1000x125_strict_20260528_ro3_warmup_neighbors.payload,12,4,7,513,487,0.513000000,0.013000000,513,0.999512314,0.962969269
restart_reduced_xor_random1_sampler_island_local_warmup11_except_data_ro3_1000x125_strict_20260528_ro3_warmup_neighbors.payload,13,5,0,515,485,0.515000000,0.015000000,515,0.999350690,0.957355663
restart_reduced_xor_random1_sampler_island_local_warmup11_except_data_ro3_1000x125_strict_20260528_ro3_warmup_neighbors.payload,13,5,1,507,493,0.507000000,0.007000000,507,0.999858611,0.979942348
restart_reduced_xor_random1_sampler_island_local_warmup11_except_data_ro3_1000x125_strict_20260528_ro3_warmup_neighbors.payload,13,5,2,487,513,0.487000000,0.013000000,513,0.999512314,0.962969269
restart_reduced_xor_random1_sampler_island_local_warmup11_except_data_ro3_1000x125_strict_20260528_ro3_warmup_neighbors.payload,13,5,3,521,479,0.521000000,0.021000000,521,0.998727169,0.940644722
restart_reduced_xor_random1_sampler_island_local_warmup11_except_data_ro3_1000x125_strict_20260528_ro3_warmup_neighbors.payload,13,5,4,533,467,0.533000000,0.033000000,533,0.996855525,0.907792562
restart_reduced_xor_random1_sampler_island_local_warmup11_except_data_ro3_1000x125_strict_20260528_ro3_warmup_neighbors.payload,13,5,5,486,514,0.486000000,0.014000000,514,0.999434390,0.960159735
restart_reduced_xor_random1_sampler_island_local_warmup11_except_data_ro3_1000x125_strict_20260528_ro3_warmup_neighbors.payload,13,5,6,507,493,0.507000000,0.007000000,507,0.999858611,0.979942348
restart_reduced_xor_random1_sampler_island_local_warmup11_except_data_ro3_1000x125_strict_20260528_ro3_warmup_neighbors.payload,13,5,7,484,516,0.484000000,0.016000000,516,0.999261214,0.954557029
restart_reduced_xor_random1_sampler_island_local_warmup11_except_data_ro3_1000x125_strict_20260528_ro3_warmup_neighbors.payload,14,6,0,507,493,0.507000000,0.007000000,507,0.999858611,0.979942348
restart_reduced_xor_random1_sampler_island_local_warmup11_except_data_ro3_1000x125_strict_20260528_ro3_warmup_neighbors.payload,14,6,1,481,519,0.481000000,0.019000000,519,0.998958123,0.946193556
restart_reduced_xor_random1_sampler_island_local_warmup11_except_data_ro3_1000x125_strict_20260528_ro3_warmup_neighbors.payload,14,6,2,512,488,0.512000000,0.012000000,512,0.999584464,0.965784285
restart_reduced_xor_random1_sampler_island_local_warmup11_except_data_ro3_1000x125_strict_20260528_ro3_warmup_neighbors.payload,14,6,3,508,492,0.508000000,0.008000000,508,0.999815327,0.977099598
restart_reduced_xor_random1_sampler_island_local_warmup11_except_data_ro3_1000x125_strict_20260528_ro3_warmup_neighbors.payload,14,6,4,491,509,0.491000000,0.009000000,509,0.999766271,0.974262439
restart_reduced_xor_random1_sampler_island_local_warmup11_except_data_ro3_1000x125_strict_20260528_ro3_warmup_neighbors.payload,14,6,5,488,512,0.488000000,0.012000000,512,0.999584464,0.965784285
restart_reduced_xor_random1_sampler_island_local_warmup11_except_data_ro3_1000x125_strict_20260528_ro3_warmup_neighbors.payload,14,6,6,519,481,0.519000000,0.019000000,519,0.998958123,0.946193556
restart_reduced_xor_random1_sampler_island_local_warmup11_except_data_ro3_1000x125_strict_20260528_ro3_warmup_neighbors.payload,14,6,7,493,507,0.493000000,0.007000000,507,0.999858611,0.979942348
restart_reduced_xor_random1_sampler_island_local_warmup11_except_data_ro3_1000x125_strict_20260528_ro3_warmup_neighbors.payload,15,7,0,509,491,0.509000000,0.009000000,509,0.999766271,0.974262439
restart_reduced_xor_random1_sampler_island_local_warmup11_except_data_ro3_1000x125_strict_20260528_ro3_warmup_neighbors.payload,15,7,1,477,523,0.477000000,0.023000000,523,0.998473090,0.935117148
restart_reduced_xor_random1_sampler_island_local_warmup11_except_data_ro3_1000x125_strict_20260528_ro3_warmup_neighbors.payload,15,7,2,514,486,0.514000000,0.014000000,514,0.999434390,0.960159735
restart_reduced_xor_random1_sampler_island_local_warmup11_except_data_ro3_1000x125_strict_20260528_ro3_warmup_neighbors.payload,15,7,3,497,503,0.497000000,0.003000000,503,0.999974031,0.991369695
restart_reduced_xor_random1_sampler_island_local_warmup11_except_data_ro3_1000x125_strict_20260528_ro3_warmup_neighbors.payload,15,7,4,500,500,0.500000000,0.000000000,500,1.000000000,1.000000000
restart_reduced_xor_random1_sampler_island_local_warmup11_except_data_ro3_1000x125_strict_20260528_ro3_warmup_neighbors.payload,15,7,5,504,496,0.504000000,0.004000000,504,0.999953833,0.988504361
restart_reduced_xor_random1_sampler_island_local_warmup11_except_data_ro3_1000x125_strict_20260528_ro3_warmup_neighbors.payload,15,7,6,491,509,0.491000000,0.009000000,509,0.999766271,0.974262439
restart_reduced_xor_random1_sampler_island_local_warmup11_except_data_ro3_1000x125_strict_20260528_ro3_warmup_neighbors.payload,15,7,7,528,472,0.528000000,0.028000000,528,0.997736670,0.921390165
restart_reduced_xor_random1_sampler_island_local_warmup11_except_data_ro3_1000x125_strict_20260528_ro3_warmup_neighbors.payload,16,0,0,495,505,0.495000000,0.005000000,505,0.999927864,0.985644707
restart_reduced_xor_random1_sampler_island_local_warmup11_except_data_ro3_1000x125_strict_20260528_ro3_warmup_neighbors.payload,16,0,1,511,489,0.511000000,0.011000000,511,0.999650840,0.968604804
restart_reduced_xor_random1_sampler_island_local_warmup11_except_data_ro3_1000x125_strict_20260528_ro3_warmup_neighbors.payload,16,0,2,508,492,0.508000000,0.008000000,508,0.999815327,0.977099598
restart_reduced_xor_random1_sampler_island_local_warmup11_except_data_ro3_1000x125_strict_20260528_ro3_warmup_neighbors.payload,16,0,3,492,508,0.492000000,0.008000000,508,0.999815327,0.977099598
restart_reduced_xor_random1_sampler_island_local_warmup11_except_data_ro3_1000x125_strict_20260528_ro3_warmup_neighbors.payload,16,0,4,514,486,0.514000000,0.014000000,514,0.999434390,0.960159735
restart_reduced_xor_random1_sampler_island_local_warmup11_except_data_ro3_1000x125_strict_20260528_ro3_warmup_neighbors.payload,16,0,5,475,525,0.475000000,0.025000000,525,0.998195879,0.929610672
restart_reduced_xor_random1_sampler_island_local_warmup11_except_data_ro3_1000x125_strict_20260528_ro3_warmup_neighbors.payload,16,0,6,504,496,0.504000000,0.004000000,504,0.999953833,0.988504361
restart_reduced_xor_random1_sampler_island_local_warmup11_except_data_ro3_1000x125_strict_20260528_ro3_warmup_neighbors.payload,16,0,7,484,516,0.484000000,0.016000000,516,0.999261214,0.954557029
restart_reduced_xor_random1_sampler_island_local_warmup11_except_data_ro3_1000x125_strict_20260528_ro3_warmup_neighbors.payload,17,1,0,453,547,0.453000000,0.047000000,547,0.993616753,0.870387262
restart_reduced_xor_random1_sampler_island_local_warmup11_except_data_ro3_1000x125_strict_20260528_ro3_warmup_neighbors.payload,17,1,1,480,520,0.480000000,0.020000000,520,0.998845536,0.943416472
restart_reduced_xor_random1_sampler_island_local_warmup11_except_data_ro3_1000x125_strict_20260528_ro3_warmup_neighbors.payload,17,1,2,489,511,0.489000000,0.011000000,511,0.999650840,0.968604804
restart_reduced_xor_random1_sampler_island_local_warmup11_except_data_ro3_1000x125_strict_20260528_ro3_warmup_neighbors.payload,17,1,3,508,492,0.508000000,0.008000000,508,0.999815327,0.977099598
restart_reduced_xor_random1_sampler_island_local_warmup11_except_data_ro3_1000x125_strict_20260528_ro3_warmup_neighbors.payload,17,1,4,484,516,0.484000000,0.016000000,516,0.999261214,0.954557029
restart_reduced_xor_random1_sampler_island_local_warmup11_except_data_ro3_1000x125_strict_20260528_ro3_warmup_neighbors.payload,17,1,5,523,477,0.523000000,0.023000000,523,0.998473090,0.935117148
restart_reduced_xor_random1_sampler_island_local_warmup11_except_data_ro3_1000x125_strict_20260528_ro3_warmup_neighbors.payload,17,1,6,487,513,0.487000000,0.013000000,513,0.999512314,0.962969269
restart_reduced_xor_random1_sampler_island_local_warmup11_except_data_ro3_1000x125_strict_20260528_ro3_warmup_neighbors.payload,17,1,7,511,489,0.511000000,0.011000000,511,0.999650840,0.968604804
restart_reduced_xor_random1_sampler_island_local_warmup11_except_data_ro3_1000x125_strict_20260528_ro3_warmup_neighbors.payload,18,2,0,473,527,0.473000000,0.027000000,527,0.997895527,0.924125133
restart_reduced_xor_random1_sampler_island_local_warmup11_except_data_ro3_1000x125_strict_20260528_ro3_warmup_neighbors.payload,18,2,1,519,481,0.519000000,0.019000000,519,0.998958123,0.946193556
restart_reduced_xor_random1_sampler_island_local_warmup11_except_data_ro3_1000x125_strict_20260528_ro3_warmup_neighbors.payload,18,2,2,506,494,0.506000000,0.006000000,506,0.999896123,0.982790710
restart_reduced_xor_random1_sampler_island_local_warmup11_except_data_ro3_1000x125_strict_20260528_ro3_warmup_neighbors.payload,18,2,3,483,517,0.483000000,0.017000000,517,0.999165962,0.951763814
restart_reduced_xor_random1_sampler_island_local_warmup11_except_data_ro3_1000x125_strict_20260528_ro3_warmup_neighbors.payload,18,2,4,508,492,0.508000000,0.008000000,508,0.999815327,0.977099598
restart_reduced_xor_random1_sampler_island_local_warmup11_except_data_ro3_1000x125_strict_20260528_ro3_warmup_neighbors.payload,18,2,5,513,487,0.513000000,0.013000000,513,0.999512314,0.962969269
restart_reduced_xor_random1_sampler_island_local_warmup11_except_data_ro3_1000x125_strict_20260528_ro3_warmup_neighbors.payload,18,2,6,514,486,0.514000000,0.014000000,514,0.999434390,0.960159735
restart_reduced_xor_random1_sampler_island_local_warmup11_except_data_ro3_1000x125_strict_20260528_ro3_warmup_neighbors.payload,18,2,7,522,478,0.522000000,0.022000000,522,0.998603020,0.937878288
restart_reduced_xor_random1_sampler_island_local_warmup11_except_data_ro3_1000x125_strict_20260528_ro3_warmup_neighbors.payload,19,3,0,500,500,0.500000000,0.000000000,500,1.000000000,1.000000000
restart_reduced_xor_random1_sampler_island_local_warmup11_except_data_ro3_1000x125_strict_20260528_ro3_warmup_neighbors.payload,19,3,1,497,503,0.497000000,0.003000000,503,0.999974031,0.991369695
restart_reduced_xor_random1_sampler_island_local_warmup11_except_data_ro3_1000x125_strict_20260528_ro3_warmup_neighbors.payload,19,3,2,499,501,0.499000000,0.001000000,501,0.999997115,0.997117491
restart_reduced_xor_random1_sampler_island_local_warmup11_except_data_ro3_1000x125_strict_20260528_ro3_warmup_neighbors.payload,19,3,3,505,495,0.505000000,0.005000000,505,0.999927864,0.985644707
restart_reduced_xor_random1_sampler_island_local_warmup11_except_data_ro3_1000x125_strict_20260528_ro3_warmup_neighbors.payload,19,3,4,490,510,0.490000000,0.010000000,510,0.999711442,0.971430848
restart_reduced_xor_random1_sampler_island_local_warmup11_except_data_ro3_1000x125_strict_20260528_ro3_warmup_neighbors.payload,19,3,5,475,525,0.475000000,0.025000000,525,0.998195879,0.929610672
restart_reduced_xor_random1_sampler_island_local_warmup11_except_data_ro3_1000x125_strict_20260528_ro3_warmup_neighbors.payload,19,3,6,510,490,0.510000000,0.010000000,510,0.999711442,0.971430848
restart_reduced_xor_random1_sampler_island_local_warmup11_except_data_ro3_1000x125_strict_20260528_ro3_warmup_neighbors.payload,19,3,7,506,494,0.506000000,0.006000000,506,0.999896123,0.982790710
restart_reduced_xor_random1_sampler_island_local_warmup11_except_data_ro3_1000x125_strict_20260528_ro3_warmup_neighbors.payload,20,4,0,512,488,0.512000000,0.012000000,512,0.999584464,0.965784285
restart_reduced_xor_random1_sampler_island_local_warmup11_except_data_ro3_1000x125_strict_20260528_ro3_warmup_neighbors.payload,20,4,1,504,496,0.504000000,0.004000000,504,0.999953833,0.988504361
restart_reduced_xor_random1_sampler_island_local_warmup11_except_data_ro3_1000x125_strict_20260528_ro3_warmup_neighbors.payload,20,4,2,518,482,0.518000000,0.018000000,518,0.999064932,0.948975997
restart_reduced_xor_random1_sampler_island_local_warmup11_except_data_ro3_1000x125_strict_20260528_ro3_warmup_neighbors.payload,20,4,3,479,521,0.479000000,0.021000000,521,0.998727169,0.940644722
restart_reduced_xor_random1_sampler_island_local_warmup11_except_data_ro3_1000x125_strict_20260528_ro3_warmup_neighbors.payload,20,4,4,501,499,0.501000000,0.001000000,501,0.999997115,0.997117491
restart_reduced_xor_random1_sampler_island_local_warmup11_except_data_ro3_1000x125_strict_20260528_ro3_warmup_neighbors.payload,20,4,5,517,483,0.517000000,0.017000000,517,0.999165962,0.951763814
restart_reduced_xor_random1_sampler_island_local_warmup11_except_data_ro3_1000x125_strict_20260528_ro3_warmup_neighbors.payload,20,4,6,501,499,0.501000000,0.001000000,501,0.999997115,0.997117491
restart_reduced_xor_random1_sampler_island_local_warmup11_except_data_ro3_1000x125_strict_20260528_ro3_warmup_neighbors.payload,20,4,7,507,493,0.507000000,0.007000000,507,0.999858611,0.979942348
restart_reduced_xor_random1_sampler_island_local_warmup11_except_data_ro3_1000x125_strict_20260528_ro3_warmup_neighbors.payload,21,5,0,502,498,0.502000000,0.002000000,502,0.999988458,0.994240731
restart_reduced_xor_random1_sampler_island_local_warmup11_except_data_ro3_1000x125_strict_20260528_ro3_warmup_neighbors.payload,21,5,1,488,512,0.488000000,0.012000000,512,0.999584464,0.965784285
restart_reduced_xor_random1_sampler_island_local_warmup11_except_data_ro3_1000x125_strict_20260528_ro3_warmup_neighbors.payload,21,5,2,514,486,0.514000000,0.014000000,514,0.999434390,0.960159735
restart_reduced_xor_random1_sampler_island_local_warmup11_except_data_ro3_1000x125_strict_20260528_ro3_warmup_neighbors.payload,21,5,3,490,510,0.490000000,0.010000000,510,0.999711442,0.971430848
restart_reduced_xor_random1_sampler_island_local_warmup11_except_data_ro3_1000x125_strict_20260528_ro3_warmup_neighbors.payload,21,5,4,514,486,0.514000000,0.014000000,514,0.999434390,0.960159735
restart_reduced_xor_random1_sampler_island_local_warmup11_except_data_ro3_1000x125_strict_20260528_ro3_warmup_neighbors.payload,21,5,5,486,514,0.486000000,0.014000000,514,0.999434390,0.960159735
restart_reduced_xor_random1_sampler_island_local_warmup11_except_data_ro3_1000x125_strict_20260528_ro3_warmup_neighbors.payload,21,5,6,512,488,0.512000000,0.012000000,512,0.999584464,0.965784285
restart_reduced_xor_random1_sampler_island_local_warmup11_except_data_ro3_1000x125_strict_20260528_ro3_warmup_neighbors.payload,21,5,7,538,462,0.538000000,0.038000000,538,0.995829476,0.894321922
restart_reduced_xor_random1_sampler_island_local_warmup11_except_data_ro3_1000x125_strict_20260528_ro3_warmup_neighbors.payload,22,6,0,489,511,0.489000000,0.011000000,511,0.999650840,0.968604804
restart_reduced_xor_random1_sampler_island_local_warmup11_except_data_ro3_1000x125_strict_20260528_ro3_warmup_neighbors.payload,22,6,1,496,504,0.496000000,0.004000000,504,0.999953833,0.988504361
restart_reduced_xor_random1_sampler_island_local_warmup11_except_data_ro3_1000x125_strict_20260528_ro3_warmup_neighbors.payload,22,6,2,478,522,0.478000000,0.022000000,522,0.998603020,0.937878288
restart_reduced_xor_random1_sampler_island_local_warmup11_except_data_ro3_1000x125_strict_20260528_ro3_warmup_neighbors.payload,22,6,3,470,530,0.470000000,0.030000000,530,0.997401589,0.915935735
restart_reduced_xor_random1_sampler_island_local_warmup11_except_data_ro3_1000x125_strict_20260528_ro3_warmup_neighbors.payload,22,6,4,493,507,0.493000000,0.007000000,507,0.999858611,0.979942348
restart_reduced_xor_random1_sampler_island_local_warmup11_except_data_ro3_1000x125_strict_20260528_ro3_warmup_neighbors.payload,22,6,5,472,528,0.472000000,0.028000000,528,0.997736670,0.921390165
restart_reduced_xor_random1_sampler_island_local_warmup11_except_data_ro3_1000x125_strict_20260528_ro3_warmup_neighbors.payload,22,6,6,498,502,0.498000000,0.002000000,502,0.999988458,0.994240731
restart_reduced_xor_random1_sampler_island_local_warmup11_except_data_ro3_1000x125_strict_20260528_ro3_warmup_neighbors.payload,22,6,7,505,495,0.505000000,0.005000000,505,0.999927864,0.985644707
restart_reduced_xor_random1_sampler_island_local_warmup11_except_data_ro3_1000x125_strict_20260528_ro3_warmup_neighbors.payload,23,7,0,517,483,0.517000000,0.017000000,517,0.999165962,0.951763814
restart_reduced_xor_random1_sampler_island_local_warmup11_except_data_ro3_1000x125_strict_20260528_ro3_warmup_neighbors.payload,23,7,1,520,480,0.520000000,0.020000000,520,0.998845536,0.943416472
restart_reduced_xor_random1_sampler_island_local_warmup11_except_data_ro3_1000x125_strict_20260528_ro3_warmup_neighbors.payload,23,7,2,523,477,0.523000000,0.023000000,523,0.998473090,0.935117148
restart_reduced_xor_random1_sampler_island_local_warmup11_except_data_ro3_1000x125_strict_20260528_ro3_warmup_neighbors.payload,23,7,3,516,484,0.516000000,0.016000000,516,0.999261214,0.954557029
restart_reduced_xor_random1_sampler_island_local_warmup11_except_data_ro3_1000x125_strict_20260528_ro3_warmup_neighbors.payload,23,7,4,507,493,0.507000000,0.007000000,507,0.999858611,0.979942348
restart_reduced_xor_random1_sampler_island_local_warmup11_except_data_ro3_1000x125_strict_20260528_ro3_warmup_neighbors.payload,23,7,5,520,480,0.520000000,0.020000000,520,0.998845536,0.943416472
restart_reduced_xor_random1_sampler_island_local_warmup11_except_data_ro3_1000x125_strict_20260528_ro3_warmup_neighbors.payload,23,7,6,533,467,0.533000000,0.033000000,533,0.996855525,0.907792562
restart_reduced_xor_random1_sampler_island_local_warmup11_except_data_ro3_1000x125_strict_20260528_ro3_warmup_neighbors.payload,23,7,7,484,516,0.484000000,0.016000000,516,0.999261214,0.954557029
restart_reduced_xor_random1_sampler_island_local_warmup11_except_data_ro3_1000x125_strict_20260528_ro3_warmup_neighbors.payload,24,0,0,483,517,0.483000000,0.017000000,517,0.999165962,0.951763814
restart_reduced_xor_random1_sampler_island_local_warmup11_except_data_ro3_1000x125_strict_20260528_ro3_warmup_neighbors.payload,24,0,1,516,484,0.516000000,0.016000000,516,0.999261214,0.954557029
restart_reduced_xor_random1_sampler_island_local_warmup11_except_data_ro3_1000x125_strict_20260528_ro3_warmup_neighbors.payload,24,0,2,509,491,0.509000000,0.009000000,509,0.999766271,0.974262439
restart_reduced_xor_random1_sampler_island_local_warmup11_except_data_ro3_1000x125_strict_20260528_ro3_warmup_neighbors.payload,24,0,3,513,487,0.513000000,0.013000000,513,0.999512314,0.962969269
restart_reduced_xor_random1_sampler_island_local_warmup11_except_data_ro3_1000x125_strict_20260528_ro3_warmup_neighbors.payload,24,0,4,508,492,0.508000000,0.008000000,508,0.999815327,0.977099598
restart_reduced_xor_random1_sampler_island_local_warmup11_except_data_ro3_1000x125_strict_20260528_ro3_warmup_neighbors.payload,24,0,5,479,521,0.479000000,0.021000000,521,0.998727169,0.940644722
restart_reduced_xor_random1_sampler_island_local_warmup11_except_data_ro3_1000x125_strict_20260528_ro3_warmup_neighbors.payload,24,0,6,521,479,0.521000000,0.021000000,521,0.998727169,0.940644722
restart_reduced_xor_random1_sampler_island_local_warmup11_except_data_ro3_1000x125_strict_20260528_ro3_warmup_neighbors.payload,24,0,7,501,499,0.501000000,0.001000000,501,0.999997115,0.997117491
restart_reduced_xor_random1_sampler_island_local_warmup11_except_data_ro3_1000x125_strict_20260528_ro3_warmup_neighbors.payload,25,1,0,513,487,0.513000000,0.013000000,513,0.999512314,0.962969269
restart_reduced_xor_random1_sampler_island_local_warmup11_except_data_ro3_1000x125_strict_20260528_ro3_warmup_neighbors.payload,25,1,1,510,490,0.510000000,0.010000000,510,0.999711442,0.971430848
restart_reduced_xor_random1_sampler_island_local_warmup11_except_data_ro3_1000x125_strict_20260528_ro3_warmup_neighbors.payload,25,1,2,487,513,0.487000000,0.013000000,513,0.999512314,0.962969269
restart_reduced_xor_random1_sampler_island_local_warmup11_except_data_ro3_1000x125_strict_20260528_ro3_warmup_neighbors.payload,25,1,3,503,497,0.503000000,0.003000000,503,0.999974031,0.991369695
restart_reduced_xor_random1_sampler_island_local_warmup11_except_data_ro3_1000x125_strict_20260528_ro3_warmup_neighbors.payload,25,1,4,473,527,0.473000000,0.027000000,527,0.997895527,0.924125133
restart_reduced_xor_random1_sampler_island_local_warmup11_except_data_ro3_1000x125_strict_20260528_ro3_warmup_neighbors.payload,25,1,5,503,497,0.503000000,0.003000000,503,0.999974031,0.991369695
restart_reduced_xor_random1_sampler_island_local_warmup11_except_data_ro3_1000x125_strict_20260528_ro3_warmup_neighbors.payload,25,1,6,491,509,0.491000000,0.009000000,509,0.999766271,0.974262439
restart_reduced_xor_random1_sampler_island_local_warmup11_except_data_ro3_1000x125_strict_20260528_ro3_warmup_neighbors.payload,25,1,7,522,478,0.522000000,0.022000000,522,0.998603020,0.937878288
restart_reduced_xor_random1_sampler_island_local_warmup11_except_data_ro3_1000x125_strict_20260528_ro3_warmup_neighbors.payload,26,2,0,495,505,0.495000000,0.005000000,505,0.999927864,0.985644707
restart_reduced_xor_random1_sampler_island_local_warmup11_except_data_ro3_1000x125_strict_20260528_ro3_warmup_neighbors.payload,26,2,1,477,523,0.477000000,0.023000000,523,0.998473090,0.935117148
restart_reduced_xor_random1_sampler_island_local_warmup11_except_data_ro3_1000x125_strict_20260528_ro3_warmup_neighbors.payload,26,2,2,506,494,0.506000000,0.006000000,506,0.999896123,0.982790710
restart_reduced_xor_random1_sampler_island_local_warmup11_except_data_ro3_1000x125_strict_20260528_ro3_warmup_neighbors.payload,26,2,3,501,499,0.501000000,0.001000000,501,0.999997115,0.997117491
restart_reduced_xor_random1_sampler_island_local_warmup11_except_data_ro3_1000x125_strict_20260528_ro3_warmup_neighbors.payload,26,2,4,513,487,0.513000000,0.013000000,513,0.999512314,0.962969269
restart_reduced_xor_random1_sampler_island_local_warmup11_except_data_ro3_1000x125_strict_20260528_ro3_warmup_neighbors.payload,26,2,5,483,517,0.483000000,0.017000000,517,0.999165962,0.951763814
restart_reduced_xor_random1_sampler_island_local_warmup11_except_data_ro3_1000x125_strict_20260528_ro3_warmup_neighbors.payload,26,2,6,498,502,0.498000000,0.002000000,502,0.999988458,0.994240731
restart_reduced_xor_random1_sampler_island_local_warmup11_except_data_ro3_1000x125_strict_20260528_ro3_warmup_neighbors.payload,26,2,7,500,500,0.500000000,0.000000000,500,1.000000000,1.000000000
restart_reduced_xor_random1_sampler_island_local_warmup11_except_data_ro3_1000x125_strict_20260528_ro3_warmup_neighbors.payload,27,3,0,483,517,0.483000000,0.017000000,517,0.999165962,0.951763814
restart_reduced_xor_random1_sampler_island_local_warmup11_except_data_ro3_1000x125_strict_20260528_ro3_warmup_neighbors.payload,27,3,1,502,498,0.502000000,0.002000000,502,0.999988458,0.994240731
restart_reduced_xor_random1_sampler_island_local_warmup11_except_data_ro3_1000x125_strict_20260528_ro3_warmup_neighbors.payload,27,3,2,481,519,0.481000000,0.019000000,519,0.998958123,0.946193556
restart_reduced_xor_random1_sampler_island_local_warmup11_except_data_ro3_1000x125_strict_20260528_ro3_warmup_neighbors.payload,27,3,3,491,509,0.491000000,0.009000000,509,0.999766271,0.974262439
restart_reduced_xor_random1_sampler_island_local_warmup11_except_data_ro3_1000x125_strict_20260528_ro3_warmup_neighbors.payload,27,3,4,494,506,0.494000000,0.006000000,506,0.999896123,0.982790710
restart_reduced_xor_random1_sampler_island_local_warmup11_except_data_ro3_1000x125_strict_20260528_ro3_warmup_neighbors.payload,27,3,5,504,496,0.504000000,0.004000000,504,0.999953833,0.988504361
restart_reduced_xor_random1_sampler_island_local_warmup11_except_data_ro3_1000x125_strict_20260528_ro3_warmup_neighbors.payload,27,3,6,493,507,0.493000000,0.007000000,507,0.999858611,0.979942348
restart_reduced_xor_random1_sampler_island_local_warmup11_except_data_ro3_1000x125_strict_20260528_ro3_warmup_neighbors.payload,27,3,7,503,497,0.503000000,0.003000000,503,0.999974031,0.991369695
restart_reduced_xor_random1_sampler_island_local_warmup11_except_data_ro3_1000x125_strict_20260528_ro3_warmup_neighbors.payload,28,4,0,528,472,0.528000000,0.028000000,528,0.997736670,0.921390165
restart_reduced_xor_random1_sampler_island_local_warmup11_except_data_ro3_1000x125_strict_20260528_ro3_warmup_neighbors.payload,28,4,1,509,491,0.509000000,0.009000000,509,0.999766271,0.974262439
restart_reduced_xor_random1_sampler_island_local_warmup11_except_data_ro3_1000x125_strict_20260528_ro3_warmup_neighbors.payload,28,4,2,490,510,0.490000000,0.010000000,510,0.999711442,0.971430848
restart_reduced_xor_random1_sampler_island_local_warmup11_except_data_ro3_1000x125_strict_20260528_ro3_warmup_neighbors.payload,28,4,3,494,506,0.494000000,0.006000000,506,0.999896123,0.982790710
restart_reduced_xor_random1_sampler_island_local_warmup11_except_data_ro3_1000x125_strict_20260528_ro3_warmup_neighbors.payload,28,4,4,496,504,0.496000000,0.004000000,504,0.999953833,0.988504361
restart_reduced_xor_random1_sampler_island_local_warmup11_except_data_ro3_1000x125_strict_20260528_ro3_warmup_neighbors.payload,28,4,5,495,505,0.495000000,0.005000000,505,0.999927864,0.985644707
restart_reduced_xor_random1_sampler_island_local_warmup11_except_data_ro3_1000x125_strict_20260528_ro3_warmup_neighbors.payload,28,4,6,496,504,0.496000000,0.004000000,504,0.999953833,0.988504361
restart_reduced_xor_random1_sampler_island_local_warmup11_except_data_ro3_1000x125_strict_20260528_ro3_warmup_neighbors.payload,28,4,7,519,481,0.519000000,0.019000000,519,0.998958123,0.946193556
restart_reduced_xor_random1_sampler_island_local_warmup11_except_data_ro3_1000x125_strict_20260528_ro3_warmup_neighbors.payload,29,5,0,481,519,0.481000000,0.019000000,519,0.998958123,0.946193556
restart_reduced_xor_random1_sampler_island_local_warmup11_except_data_ro3_1000x125_strict_20260528_ro3_warmup_neighbors.payload,29,5,1,480,520,0.480000000,0.020000000,520,0.998845536,0.943416472
restart_reduced_xor_random1_sampler_island_local_warmup11_except_data_ro3_1000x125_strict_20260528_ro3_warmup_neighbors.payload,29,5,2,512,488,0.512000000,0.012000000,512,0.999584464,0.965784285
restart_reduced_xor_random1_sampler_island_local_warmup11_except_data_ro3_1000x125_strict_20260528_ro3_warmup_neighbors.payload,29,5,3,520,480,0.520000000,0.020000000,520,0.998845536,0.943416472
restart_reduced_xor_random1_sampler_island_local_warmup11_except_data_ro3_1000x125_strict_20260528_ro3_warmup_neighbors.payload,29,5,4,528,472,0.528000000,0.028000000,528,0.997736670,0.921390165
restart_reduced_xor_random1_sampler_island_local_warmup11_except_data_ro3_1000x125_strict_20260528_ro3_warmup_neighbors.payload,29,5,5,530,470,0.530000000,0.030000000,530,0.997401589,0.915935735
restart_reduced_xor_random1_sampler_island_local_warmup11_except_data_ro3_1000x125_strict_20260528_ro3_warmup_neighbors.payload,29,5,6,488,512,0.488000000,0.012000000,512,0.999584464,0.965784285
restart_reduced_xor_random1_sampler_island_local_warmup11_except_data_ro3_1000x125_strict_20260528_ro3_warmup_neighbors.payload,29,5,7,515,485,0.515000000,0.015000000,515,0.999350690,0.957355663
restart_reduced_xor_random1_sampler_island_local_warmup11_except_data_ro3_1000x125_strict_20260528_ro3_warmup_neighbors.payload,30,6,0,498,502,0.498000000,0.002000000,502,0.999988458,0.994240731
restart_reduced_xor_random1_sampler_island_local_warmup11_except_data_ro3_1000x125_strict_20260528_ro3_warmup_neighbors.payload,30,6,1,503,497,0.503000000,0.003000000,503,0.999974031,0.991369695
restart_reduced_xor_random1_sampler_island_local_warmup11_except_data_ro3_1000x125_strict_20260528_ro3_warmup_neighbors.payload,30,6,2,500,500,0.500000000,0.000000000,500,1.000000000,1.000000000
restart_reduced_xor_random1_sampler_island_local_warmup11_except_data_ro3_1000x125_strict_20260528_ro3_warmup_neighbors.payload,30,6,3,522,478,0.522000000,0.022000000,522,0.998603020,0.937878288
restart_reduced_xor_random1_sampler_island_local_warmup11_except_data_ro3_1000x125_strict_20260528_ro3_warmup_neighbors.payload,30,6,4,467,533,0.467000000,0.033000000,533,0.996855525,0.907792562
restart_reduced_xor_random1_sampler_island_local_warmup11_except_data_ro3_1000x125_strict_20260528_ro3_warmup_neighbors.payload,30,6,5,493,507,0.493000000,0.007000000,507,0.999858611,0.979942348
restart_reduced_xor_random1_sampler_island_local_warmup11_except_data_ro3_1000x125_strict_20260528_ro3_warmup_neighbors.payload,30,6,6,505,495,0.505000000,0.005000000,505,0.999927864,0.985644707
restart_reduced_xor_random1_sampler_island_local_warmup11_except_data_ro3_1000x125_strict_20260528_ro3_warmup_neighbors.payload,30,6,7,501,499,0.501000000,0.001000000,501,0.999997115,0.997117491
restart_reduced_xor_random1_sampler_island_local_warmup11_except_data_ro3_1000x125_strict_20260528_ro3_warmup_neighbors.payload,31,7,0,496,504,0.496000000,0.004000000,504,0.999953833,0.988504361
restart_reduced_xor_random1_sampler_island_local_warmup11_except_data_ro3_1000x125_strict_20260528_ro3_warmup_neighbors.payload,31,7,1,489,511,0.489000000,0.011000000,511,0.999650840,0.968604804
restart_reduced_xor_random1_sampler_island_local_warmup11_except_data_ro3_1000x125_strict_20260528_ro3_warmup_neighbors.payload,31,7,2,508,492,0.508000000,0.008000000,508,0.999815327,0.977099598
restart_reduced_xor_random1_sampler_island_local_warmup11_except_data_ro3_1000x125_strict_20260528_ro3_warmup_neighbors.payload,31,7,3,534,466,0.534000000,0.034000000,534,0.996661914,0.905088353
restart_reduced_xor_random1_sampler_island_local_warmup11_except_data_ro3_1000x125_strict_20260528_ro3_warmup_neighbors.payload,31,7,4,503,497,0.503000000,0.003000000,503,0.999974031,0.991369695
restart_reduced_xor_random1_sampler_island_local_warmup11_except_data_ro3_1000x125_strict_20260528_ro3_warmup_neighbors.payload,31,7,5,523,477,0.523000000,0.023000000,523,0.998473090,0.935117148
restart_reduced_xor_random1_sampler_island_local_warmup11_except_data_ro3_1000x125_strict_20260528_ro3_warmup_neighbors.payload,31,7,6,494,506,0.494000000,0.006000000,506,0.999896123,0.982790710
restart_reduced_xor_random1_sampler_island_local_warmup11_except_data_ro3_1000x125_strict_20260528_ro3_warmup_neighbors.payload,31,7,7,511,489,0.511000000,0.011000000,511,0.999650840,0.968604804
restart_reduced_xor_random1_sampler_island_local_warmup11_except_data_ro3_1000x125_strict_20260528_ro3_warmup_neighbors.payload,32,0,0,521,479,0.521000000,0.021000000,521,0.998727169,0.940644722
restart_reduced_xor_random1_sampler_island_local_warmup11_except_data_ro3_1000x125_strict_20260528_ro3_warmup_neighbors.payload,32,0,1,532,468,0.532000000,0.032000000,532,0.997043340,0.910501849
restart_reduced_xor_random1_sampler_island_local_warmup11_except_data_ro3_1000x125_strict_20260528_ro3_warmup_neighbors.payload,32,0,2,494,506,0.494000000,0.006000000,506,0.999896123,0.982790710
restart_reduced_xor_random1_sampler_island_local_warmup11_except_data_ro3_1000x125_strict_20260528_ro3_warmup_neighbors.payload,32,0,3,516,484,0.516000000,0.016000000,516,0.999261214,0.954557029
restart_reduced_xor_random1_sampler_island_local_warmup11_except_data_ro3_1000x125_strict_20260528_ro3_warmup_neighbors.payload,32,0,4,501,499,0.501000000,0.001000000,501,0.999997115,0.997117491
restart_reduced_xor_random1_sampler_island_local_warmup11_except_data_ro3_1000x125_strict_20260528_ro3_warmup_neighbors.payload,32,0,5,493,507,0.493000000,0.007000000,507,0.999858611,0.979942348
restart_reduced_xor_random1_sampler_island_local_warmup11_except_data_ro3_1000x125_strict_20260528_ro3_warmup_neighbors.payload,32,0,6,496,504,0.496000000,0.004000000,504,0.999953833,0.988504361
restart_reduced_xor_random1_sampler_island_local_warmup11_except_data_ro3_1000x125_strict_20260528_ro3_warmup_neighbors.payload,32,0,7,505,495,0.505000000,0.005000000,505,0.999927864,0.985644707
restart_reduced_xor_random1_sampler_island_local_warmup11_except_data_ro3_1000x125_strict_20260528_ro3_warmup_neighbors.payload,33,1,0,496,504,0.496000000,0.004000000,504,0.999953833,0.988504361
restart_reduced_xor_random1_sampler_island_local_warmup11_except_data_ro3_1000x125_strict_20260528_ro3_warmup_neighbors.payload,33,1,1,484,516,0.484000000,0.016000000,516,0.999261214,0.954557029
restart_reduced_xor_random1_sampler_island_local_warmup11_except_data_ro3_1000x125_strict_20260528_ro3_warmup_neighbors.payload,33,1,2,519,481,0.519000000,0.019000000,519,0.998958123,0.946193556
restart_reduced_xor_random1_sampler_island_local_warmup11_except_data_ro3_1000x125_strict_20260528_ro3_warmup_neighbors.payload,33,1,3,492,508,0.492000000,0.008000000,508,0.999815327,0.977099598
restart_reduced_xor_random1_sampler_island_local_warmup11_except_data_ro3_1000x125_strict_20260528_ro3_warmup_neighbors.payload,33,1,4,509,491,0.509000000,0.009000000,509,0.999766271,0.974262439
restart_reduced_xor_random1_sampler_island_local_warmup11_except_data_ro3_1000x125_strict_20260528_ro3_warmup_neighbors.payload,33,1,5,482,518,0.482000000,0.018000000,518,0.999064932,0.948975997
restart_reduced_xor_random1_sampler_island_local_warmup11_except_data_ro3_1000x125_strict_20260528_ro3_warmup_neighbors.payload,33,1,6,501,499,0.501000000,0.001000000,501,0.999997115,0.997117491
restart_reduced_xor_random1_sampler_island_local_warmup11_except_data_ro3_1000x125_strict_20260528_ro3_warmup_neighbors.payload,33,1,7,501,499,0.501000000,0.001000000,501,0.999997115,0.997117491
restart_reduced_xor_random1_sampler_island_local_warmup11_except_data_ro3_1000x125_strict_20260528_ro3_warmup_neighbors.payload,34,2,0,462,538,0.462000000,0.038000000,538,0.995829476,0.894321922
restart_reduced_xor_random1_sampler_island_local_warmup11_except_data_ro3_1000x125_strict_20260528_ro3_warmup_neighbors.payload,34,2,1,492,508,0.492000000,0.008000000,508,0.999815327,0.977099598
restart_reduced_xor_random1_sampler_island_local_warmup11_except_data_ro3_1000x125_strict_20260528_ro3_warmup_neighbors.payload,34,2,2,513,487,0.513000000,0.013000000,513,0.999512314,0.962969269
restart_reduced_xor_random1_sampler_island_local_warmup11_except_data_ro3_1000x125_strict_20260528_ro3_warmup_neighbors.payload,34,2,3,517,483,0.517000000,0.017000000,517,0.999165962,0.951763814
restart_reduced_xor_random1_sampler_island_local_warmup11_except_data_ro3_1000x125_strict_20260528_ro3_warmup_neighbors.payload,34,2,4,472,528,0.472000000,0.028000000,528,0.997736670,0.921390165
restart_reduced_xor_random1_sampler_island_local_warmup11_except_data_ro3_1000x125_strict_20260528_ro3_warmup_neighbors.payload,34,2,5,498,502,0.498000000,0.002000000,502,0.999988458,0.994240731
restart_reduced_xor_random1_sampler_island_local_warmup11_except_data_ro3_1000x125_strict_20260528_ro3_warmup_neighbors.payload,34,2,6,513,487,0.513000000,0.013000000,513,0.999512314,0.962969269
restart_reduced_xor_random1_sampler_island_local_warmup11_except_data_ro3_1000x125_strict_20260528_ro3_warmup_neighbors.payload,34,2,7,487,513,0.487000000,0.013000000,513,0.999512314,0.962969269
restart_reduced_xor_random1_sampler_island_local_warmup11_except_data_ro3_1000x125_strict_20260528_ro3_warmup_neighbors.payload,35,3,0,474,526,0.474000000,0.026000000,526,0.998048596,0.926865295
restart_reduced_xor_random1_sampler_island_local_warmup11_except_data_ro3_1000x125_strict_20260528_ro3_warmup_neighbors.payload,35,3,1,497,503,0.497000000,0.003000000,503,0.999974031,0.991369695
restart_reduced_xor_random1_sampler_island_local_warmup11_except_data_ro3_1000x125_strict_20260528_ro3_warmup_neighbors.payload,35,3,2,521,479,0.521000000,0.021000000,521,0.998727169,0.940644722
restart_reduced_xor_random1_sampler_island_local_warmup11_except_data_ro3_1000x125_strict_20260528_ro3_warmup_neighbors.payload,35,3,3,486,514,0.486000000,0.014000000,514,0.999434390,0.960159735
restart_reduced_xor_random1_sampler_island_local_warmup11_except_data_ro3_1000x125_strict_20260528_ro3_warmup_neighbors.payload,35,3,4,502,498,0.502000000,0.002000000,502,0.999988458,0.994240731
restart_reduced_xor_random1_sampler_island_local_warmup11_except_data_ro3_1000x125_strict_20260528_ro3_warmup_neighbors.payload,35,3,5,506,494,0.506000000,0.006000000,506,0.999896123,0.982790710
restart_reduced_xor_random1_sampler_island_local_warmup11_except_data_ro3_1000x125_strict_20260528_ro3_warmup_neighbors.payload,35,3,6,501,499,0.501000000,0.001000000,501,0.999997115,0.997117491
restart_reduced_xor_random1_sampler_island_local_warmup11_except_data_ro3_1000x125_strict_20260528_ro3_warmup_neighbors.payload,35,3,7,488,512,0.488000000,0.012000000,512,0.999584464,0.965784285
restart_reduced_xor_random1_sampler_island_local_warmup11_except_data_ro3_1000x125_strict_20260528_ro3_warmup_neighbors.payload,36,4,0,484,516,0.484000000,0.016000000,516,0.999261214,0.954557029
restart_reduced_xor_random1_sampler_island_local_warmup11_except_data_ro3_1000x125_strict_20260528_ro3_warmup_neighbors.payload,36,4,1,497,503,0.497000000,0.003000000,503,0.999974031,0.991369695
restart_reduced_xor_random1_sampler_island_local_warmup11_except_data_ro3_1000x125_strict_20260528_ro3_warmup_neighbors.payload,36,4,2,519,481,0.519000000,0.019000000,519,0.998958123,0.946193556
restart_reduced_xor_random1_sampler_island_local_warmup11_except_data_ro3_1000x125_strict_20260528_ro3_warmup_neighbors.payload,36,4,3,505,495,0.505000000,0.005000000,505,0.999927864,0.985644707
restart_reduced_xor_random1_sampler_island_local_warmup11_except_data_ro3_1000x125_strict_20260528_ro3_warmup_neighbors.payload,36,4,4,474,526,0.474000000,0.026000000,526,0.998048596,0.926865295
restart_reduced_xor_random1_sampler_island_local_warmup11_except_data_ro3_1000x125_strict_20260528_ro3_warmup_neighbors.payload,36,4,5,513,487,0.513000000,0.013000000,513,0.999512314,0.962969269
restart_reduced_xor_random1_sampler_island_local_warmup11_except_data_ro3_1000x125_strict_20260528_ro3_warmup_neighbors.payload,36,4,6,495,505,0.495000000,0.005000000,505,0.999927864,0.985644707
restart_reduced_xor_random1_sampler_island_local_warmup11_except_data_ro3_1000x125_strict_20260528_ro3_warmup_neighbors.payload,36,4,7,496,504,0.496000000,0.004000000,504,0.999953833,0.988504361
restart_reduced_xor_random1_sampler_island_local_warmup11_except_data_ro3_1000x125_strict_20260528_ro3_warmup_neighbors.payload,37,5,0,514,486,0.514000000,0.014000000,514,0.999434390,0.960159735
restart_reduced_xor_random1_sampler_island_local_warmup11_except_data_ro3_1000x125_strict_20260528_ro3_warmup_neighbors.payload,37,5,1,488,512,0.488000000,0.012000000,512,0.999584464,0.965784285
restart_reduced_xor_random1_sampler_island_local_warmup11_except_data_ro3_1000x125_strict_20260528_ro3_warmup_neighbors.payload,37,5,2,504,496,0.504000000,0.004000000,504,0.999953833,0.988504361
restart_reduced_xor_random1_sampler_island_local_warmup11_except_data_ro3_1000x125_strict_20260528_ro3_warmup_neighbors.payload,37,5,3,512,488,0.512000000,0.012000000,512,0.999584464,0.965784285
restart_reduced_xor_random1_sampler_island_local_warmup11_except_data_ro3_1000x125_strict_20260528_ro3_warmup_neighbors.payload,37,5,4,483,517,0.483000000,0.017000000,517,0.999165962,0.951763814
restart_reduced_xor_random1_sampler_island_local_warmup11_except_data_ro3_1000x125_strict_20260528_ro3_warmup_neighbors.payload,37,5,5,492,508,0.492000000,0.008000000,508,0.999815327,0.977099598
restart_reduced_xor_random1_sampler_island_local_warmup11_except_data_ro3_1000x125_strict_20260528_ro3_warmup_neighbors.payload,37,5,6,492,508,0.492000000,0.008000000,508,0.999815327,0.977099598
restart_reduced_xor_random1_sampler_island_local_warmup11_except_data_ro3_1000x125_strict_20260528_ro3_warmup_neighbors.payload,37,5,7,479,521,0.479000000,0.021000000,521,0.998727169,0.940644722
restart_reduced_xor_random1_sampler_island_local_warmup11_except_data_ro3_1000x125_strict_20260528_ro3_warmup_neighbors.payload,38,6,0,514,486,0.514000000,0.014000000,514,0.999434390,0.960159735
restart_reduced_xor_random1_sampler_island_local_warmup11_except_data_ro3_1000x125_strict_20260528_ro3_warmup_neighbors.payload,38,6,1,494,506,0.494000000,0.006000000,506,0.999896123,0.982790710
restart_reduced_xor_random1_sampler_island_local_warmup11_except_data_ro3_1000x125_strict_20260528_ro3_warmup_neighbors.payload,38,6,2,529,471,0.529000000,0.029000000,529,0.997572025,0.918660373
restart_reduced_xor_random1_sampler_island_local_warmup11_except_data_ro3_1000x125_strict_20260528_ro3_warmup_neighbors.payload,38,6,3,478,522,0.478000000,0.022000000,522,0.998603020,0.937878288
restart_reduced_xor_random1_sampler_island_local_warmup11_except_data_ro3_1000x125_strict_20260528_ro3_warmup_neighbors.payload,38,6,4,538,462,0.538000000,0.038000000,538,0.995829476,0.894321922
restart_reduced_xor_random1_sampler_island_local_warmup11_except_data_ro3_1000x125_strict_20260528_ro3_warmup_neighbors.payload,38,6,5,512,488,0.512000000,0.012000000,512,0.999584464,0.965784285
restart_reduced_xor_random1_sampler_island_local_warmup11_except_data_ro3_1000x125_strict_20260528_ro3_warmup_neighbors.payload,38,6,6,519,481,0.519000000,0.019000000,519,0.998958123,0.946193556
restart_reduced_xor_random1_sampler_island_local_warmup11_except_data_ro3_1000x125_strict_20260528_ro3_warmup_neighbors.payload,38,6,7,482,518,0.482000000,0.018000000,518,0.999064932,0.948975997
restart_reduced_xor_random1_sampler_island_local_warmup11_except_data_ro3_1000x125_strict_20260528_ro3_warmup_neighbors.payload,39,7,0,488,512,0.488000000,0.012000000,512,0.999584464,0.965784285
restart_reduced_xor_random1_sampler_island_local_warmup11_except_data_ro3_1000x125_strict_20260528_ro3_warmup_neighbors.payload,39,7,1,501,499,0.501000000,0.001000000,501,0.999997115,0.997117491
restart_reduced_xor_random1_sampler_island_local_warmup11_except_data_ro3_1000x125_strict_20260528_ro3_warmup_neighbors.payload,39,7,2,492,508,0.492000000,0.008000000,508,0.999815327,0.977099598
restart_reduced_xor_random1_sampler_island_local_warmup11_except_data_ro3_1000x125_strict_20260528_ro3_warmup_neighbors.payload,39,7,3,506,494,0.506000000,0.006000000,506,0.999896123,0.982790710
restart_reduced_xor_random1_sampler_island_local_warmup11_except_data_ro3_1000x125_strict_20260528_ro3_warmup_neighbors.payload,39,7,4,497,503,0.497000000,0.003000000,503,0.999974031,0.991369695
restart_reduced_xor_random1_sampler_island_local_warmup11_except_data_ro3_1000x125_strict_20260528_ro3_warmup_neighbors.payload,39,7,5,480,520,0.480000000,0.020000000,520,0.998845536,0.943416472
restart_reduced_xor_random1_sampler_island_local_warmup11_except_data_ro3_1000x125_strict_20260528_ro3_warmup_neighbors.payload,39,7,6,494,506,0.494000000,0.006000000,506,0.999896123,0.982790710
restart_reduced_xor_random1_sampler_island_local_warmup11_except_data_ro3_1000x125_strict_20260528_ro3_warmup_neighbors.payload,39,7,7,523,477,0.523000000,0.023000000,523,0.998473090,0.935117148
restart_reduced_xor_random1_sampler_island_local_warmup11_except_data_ro3_1000x125_strict_20260528_ro3_warmup_neighbors.payload,40,0,0,504,496,0.504000000,0.004000000,504,0.999953833,0.988504361
restart_reduced_xor_random1_sampler_island_local_warmup11_except_data_ro3_1000x125_strict_20260528_ro3_warmup_neighbors.payload,40,0,1,490,510,0.490000000,0.010000000,510,0.999711442,0.971430848
restart_reduced_xor_random1_sampler_island_local_warmup11_except_data_ro3_1000x125_strict_20260528_ro3_warmup_neighbors.payload,40,0,2,482,518,0.482000000,0.018000000,518,0.999064932,0.948975997
restart_reduced_xor_random1_sampler_island_local_warmup11_except_data_ro3_1000x125_strict_20260528_ro3_warmup_neighbors.payload,40,0,3,536,464,0.536000000,0.036000000,536,0.996257297,0.899695094
restart_reduced_xor_random1_sampler_island_local_warmup11_except_data_ro3_1000x125_strict_20260528_ro3_warmup_neighbors.payload,40,0,4,497,503,0.497000000,0.003000000,503,0.999974031,0.991369695
restart_reduced_xor_random1_sampler_island_local_warmup11_except_data_ro3_1000x125_strict_20260528_ro3_warmup_neighbors.payload,40,0,5,515,485,0.515000000,0.015000000,515,0.999350690,0.957355663
restart_reduced_xor_random1_sampler_island_local_warmup11_except_data_ro3_1000x125_strict_20260528_ro3_warmup_neighbors.payload,40,0,6,502,498,0.502000000,0.002000000,502,0.999988458,0.994240731
restart_reduced_xor_random1_sampler_island_local_warmup11_except_data_ro3_1000x125_strict_20260528_ro3_warmup_neighbors.payload,40,0,7,518,482,0.518000000,0.018000000,518,0.999064932,0.948975997
restart_reduced_xor_random1_sampler_island_local_warmup11_except_data_ro3_1000x125_strict_20260528_ro3_warmup_neighbors.payload,41,1,0,498,502,0.498000000,0.002000000,502,0.999988458,0.994240731
restart_reduced_xor_random1_sampler_island_local_warmup11_except_data_ro3_1000x125_strict_20260528_ro3_warmup_neighbors.payload,41,1,1,523,477,0.523000000,0.023000000,523,0.998473090,0.935117148
restart_reduced_xor_random1_sampler_island_local_warmup11_except_data_ro3_1000x125_strict_20260528_ro3_warmup_neighbors.payload,41,1,2,494,506,0.494000000,0.006000000,506,0.999896123,0.982790710
restart_reduced_xor_random1_sampler_island_local_warmup11_except_data_ro3_1000x125_strict_20260528_ro3_warmup_neighbors.payload,41,1,3,500,500,0.500000000,0.000000000,500,1.000000000,1.000000000
restart_reduced_xor_random1_sampler_island_local_warmup11_except_data_ro3_1000x125_strict_20260528_ro3_warmup_neighbors.payload,41,1,4,496,504,0.496000000,0.004000000,504,0.999953833,0.988504361
restart_reduced_xor_random1_sampler_island_local_warmup11_except_data_ro3_1000x125_strict_20260528_ro3_warmup_neighbors.payload,41,1,5,523,477,0.523000000,0.023000000,523,0.998473090,0.935117148
restart_reduced_xor_random1_sampler_island_local_warmup11_except_data_ro3_1000x125_strict_20260528_ro3_warmup_neighbors.payload,41,1,6,523,477,0.523000000,0.023000000,523,0.998473090,0.935117148
restart_reduced_xor_random1_sampler_island_local_warmup11_except_data_ro3_1000x125_strict_20260528_ro3_warmup_neighbors.payload,41,1,7,503,497,0.503000000,0.003000000,503,0.999974031,0.991369695
restart_reduced_xor_random1_sampler_island_local_warmup11_except_data_ro3_1000x125_strict_20260528_ro3_warmup_neighbors.payload,42,2,0,492,508,0.492000000,0.008000000,508,0.999815327,0.977099598
restart_reduced_xor_random1_sampler_island_local_warmup11_except_data_ro3_1000x125_strict_20260528_ro3_warmup_neighbors.payload,42,2,1,509,491,0.509000000,0.009000000,509,0.999766271,0.974262439
restart_reduced_xor_random1_sampler_island_local_warmup11_except_data_ro3_1000x125_strict_20260528_ro3_warmup_neighbors.payload,42,2,2,512,488,0.512000000,0.012000000,512,0.999584464,0.965784285
restart_reduced_xor_random1_sampler_island_local_warmup11_except_data_ro3_1000x125_strict_20260528_ro3_warmup_neighbors.payload,42,2,3,485,515,0.485000000,0.015000000,515,0.999350690,0.957355663
restart_reduced_xor_random1_sampler_island_local_warmup11_except_data_ro3_1000x125_strict_20260528_ro3_warmup_neighbors.payload,42,2,4,502,498,0.502000000,0.002000000,502,0.999988458,0.994240731
restart_reduced_xor_random1_sampler_island_local_warmup11_except_data_ro3_1000x125_strict_20260528_ro3_warmup_neighbors.payload,42,2,5,502,498,0.502000000,0.002000000,502,0.999988458,0.994240731
restart_reduced_xor_random1_sampler_island_local_warmup11_except_data_ro3_1000x125_strict_20260528_ro3_warmup_neighbors.payload,42,2,6,524,476,0.524000000,0.024000000,524,0.998337377,0.932361283
restart_reduced_xor_random1_sampler_island_local_warmup11_except_data_ro3_1000x125_strict_20260528_ro3_warmup_neighbors.payload,42,2,7,531,469,0.531000000,0.031000000,531,0.997225361,0.913216234
restart_reduced_xor_random1_sampler_island_local_warmup11_except_data_ro3_1000x125_strict_20260528_ro3_warmup_neighbors.payload,43,3,0,514,486,0.514000000,0.014000000,514,0.999434390,0.960159735
restart_reduced_xor_random1_sampler_island_local_warmup11_except_data_ro3_1000x125_strict_20260528_ro3_warmup_neighbors.payload,43,3,1,500,500,0.500000000,0.000000000,500,1.000000000,1.000000000
restart_reduced_xor_random1_sampler_island_local_warmup11_except_data_ro3_1000x125_strict_20260528_ro3_warmup_neighbors.payload,43,3,2,501,499,0.501000000,0.001000000,501,0.999997115,0.997117491
restart_reduced_xor_random1_sampler_island_local_warmup11_except_data_ro3_1000x125_strict_20260528_ro3_warmup_neighbors.payload,43,3,3,522,478,0.522000000,0.022000000,522,0.998603020,0.937878288
restart_reduced_xor_random1_sampler_island_local_warmup11_except_data_ro3_1000x125_strict_20260528_ro3_warmup_neighbors.payload,43,3,4,534,466,0.534000000,0.034000000,534,0.996661914,0.905088353
restart_reduced_xor_random1_sampler_island_local_warmup11_except_data_ro3_1000x125_strict_20260528_ro3_warmup_neighbors.payload,43,3,5,525,475,0.525000000,0.025000000,525,0.998195879,0.929610672
restart_reduced_xor_random1_sampler_island_local_warmup11_except_data_ro3_1000x125_strict_20260528_ro3_warmup_neighbors.payload,43,3,6,486,514,0.486000000,0.014000000,514,0.999434390,0.960159735
restart_reduced_xor_random1_sampler_island_local_warmup11_except_data_ro3_1000x125_strict_20260528_ro3_warmup_neighbors.payload,43,3,7,530,470,0.530000000,0.030000000,530,0.997401589,0.915935735
restart_reduced_xor_random1_sampler_island_local_warmup11_except_data_ro3_1000x125_strict_20260528_ro3_warmup_neighbors.payload,44,4,0,491,509,0.491000000,0.009000000,509,0.999766271,0.974262439
restart_reduced_xor_random1_sampler_island_local_warmup11_except_data_ro3_1000x125_strict_20260528_ro3_warmup_neighbors.payload,44,4,1,471,529,0.471000000,0.029000000,529,0.997572025,0.918660373
restart_reduced_xor_random1_sampler_island_local_warmup11_except_data_ro3_1000x125_strict_20260528_ro3_warmup_neighbors.payload,44,4,2,517,483,0.517000000,0.017000000,517,0.999165962,0.951763814
restart_reduced_xor_random1_sampler_island_local_warmup11_except_data_ro3_1000x125_strict_20260528_ro3_warmup_neighbors.payload,44,4,3,509,491,0.509000000,0.009000000,509,0.999766271,0.974262439
restart_reduced_xor_random1_sampler_island_local_warmup11_except_data_ro3_1000x125_strict_20260528_ro3_warmup_neighbors.payload,44,4,4,493,507,0.493000000,0.007000000,507,0.999858611,0.979942348
restart_reduced_xor_random1_sampler_island_local_warmup11_except_data_ro3_1000x125_strict_20260528_ro3_warmup_neighbors.payload,44,4,5,512,488,0.512000000,0.012000000,512,0.999584464,0.965784285
restart_reduced_xor_random1_sampler_island_local_warmup11_except_data_ro3_1000x125_strict_20260528_ro3_warmup_neighbors.payload,44,4,6,498,502,0.498000000,0.002000000,502,0.999988458,0.994240731
restart_reduced_xor_random1_sampler_island_local_warmup11_except_data_ro3_1000x125_strict_20260528_ro3_warmup_neighbors.payload,44,4,7,518,482,0.518000000,0.018000000,518,0.999064932,0.948975997
restart_reduced_xor_random1_sampler_island_local_warmup11_except_data_ro3_1000x125_strict_20260528_ro3_warmup_neighbors.payload,45,5,0,507,493,0.507000000,0.007000000,507,0.999858611,0.979942348
restart_reduced_xor_random1_sampler_island_local_warmup11_except_data_ro3_1000x125_strict_20260528_ro3_warmup_neighbors.payload,45,5,1,505,495,0.505000000,0.005000000,505,0.999927864,0.985644707
restart_reduced_xor_random1_sampler_island_local_warmup11_except_data_ro3_1000x125_strict_20260528_ro3_warmup_neighbors.payload,45,5,2,483,517,0.483000000,0.017000000,517,0.999165962,0.951763814
restart_reduced_xor_random1_sampler_island_local_warmup11_except_data_ro3_1000x125_strict_20260528_ro3_warmup_neighbors.payload,45,5,3,491,509,0.491000000,0.009000000,509,0.999766271,0.974262439
restart_reduced_xor_random1_sampler_island_local_warmup11_except_data_ro3_1000x125_strict_20260528_ro3_warmup_neighbors.payload,45,5,4,492,508,0.492000000,0.008000000,508,0.999815327,0.977099598
restart_reduced_xor_random1_sampler_island_local_warmup11_except_data_ro3_1000x125_strict_20260528_ro3_warmup_neighbors.payload,45,5,5,502,498,0.502000000,0.002000000,502,0.999988458,0.994240731
restart_reduced_xor_random1_sampler_island_local_warmup11_except_data_ro3_1000x125_strict_20260528_ro3_warmup_neighbors.payload,45,5,6,507,493,0.507000000,0.007000000,507,0.999858611,0.979942348
restart_reduced_xor_random1_sampler_island_local_warmup11_except_data_ro3_1000x125_strict_20260528_ro3_warmup_neighbors.payload,45,5,7,523,477,0.523000000,0.023000000,523,0.998473090,0.935117148
restart_reduced_xor_random1_sampler_island_local_warmup11_except_data_ro3_1000x125_strict_20260528_ro3_warmup_neighbors.payload,46,6,0,463,537,0.463000000,0.037000000,537,0.996046288,0.897006007
restart_reduced_xor_random1_sampler_island_local_warmup11_except_data_ro3_1000x125_strict_20260528_ro3_warmup_neighbors.payload,46,6,1,492,508,0.492000000,0.008000000,508,0.999815327,0.977099598
restart_reduced_xor_random1_sampler_island_local_warmup11_except_data_ro3_1000x125_strict_20260528_ro3_warmup_neighbors.payload,46,6,2,488,512,0.488000000,0.012000000,512,0.999584464,0.965784285
restart_reduced_xor_random1_sampler_island_local_warmup11_except_data_ro3_1000x125_strict_20260528_ro3_warmup_neighbors.payload,46,6,3,514,486,0.514000000,0.014000000,514,0.999434390,0.960159735
restart_reduced_xor_random1_sampler_island_local_warmup11_except_data_ro3_1000x125_strict_20260528_ro3_warmup_neighbors.payload,46,6,4,510,490,0.510000000,0.010000000,510,0.999711442,0.971430848
restart_reduced_xor_random1_sampler_island_local_warmup11_except_data_ro3_1000x125_strict_20260528_ro3_warmup_neighbors.payload,46,6,5,522,478,0.522000000,0.022000000,522,0.998603020,0.937878288
restart_reduced_xor_random1_sampler_island_local_warmup11_except_data_ro3_1000x125_strict_20260528_ro3_warmup_neighbors.payload,46,6,6,477,523,0.477000000,0.023000000,523,0.998473090,0.935117148
restart_reduced_xor_random1_sampler_island_local_warmup11_except_data_ro3_1000x125_strict_20260528_ro3_warmup_neighbors.payload,46,6,7,483,517,0.483000000,0.017000000,517,0.999165962,0.951763814
restart_reduced_xor_random1_sampler_island_local_warmup11_except_data_ro3_1000x125_strict_20260528_ro3_warmup_neighbors.payload,47,7,0,523,477,0.523000000,0.023000000,523,0.998473090,0.935117148
restart_reduced_xor_random1_sampler_island_local_warmup11_except_data_ro3_1000x125_strict_20260528_ro3_warmup_neighbors.payload,47,7,1,527,473,0.527000000,0.027000000,527,0.997895527,0.924125133
restart_reduced_xor_random1_sampler_island_local_warmup11_except_data_ro3_1000x125_strict_20260528_ro3_warmup_neighbors.payload,47,7,2,496,504,0.496000000,0.004000000,504,0.999953833,0.988504361
restart_reduced_xor_random1_sampler_island_local_warmup11_except_data_ro3_1000x125_strict_20260528_ro3_warmup_neighbors.payload,47,7,3,501,499,0.501000000,0.001000000,501,0.999997115,0.997117491
restart_reduced_xor_random1_sampler_island_local_warmup11_except_data_ro3_1000x125_strict_20260528_ro3_warmup_neighbors.payload,47,7,4,493,507,0.493000000,0.007000000,507,0.999858611,0.979942348
restart_reduced_xor_random1_sampler_island_local_warmup11_except_data_ro3_1000x125_strict_20260528_ro3_warmup_neighbors.payload,47,7,5,498,502,0.498000000,0.002000000,502,0.999988458,0.994240731
restart_reduced_xor_random1_sampler_island_local_warmup11_except_data_ro3_1000x125_strict_20260528_ro3_warmup_neighbors.payload,47,7,6,508,492,0.508000000,0.008000000,508,0.999815327,0.977099598
restart_reduced_xor_random1_sampler_island_local_warmup11_except_data_ro3_1000x125_strict_20260528_ro3_warmup_neighbors.payload,47,7,7,514,486,0.514000000,0.014000000,514,0.999434390,0.960159735
restart_reduced_xor_random1_sampler_island_local_warmup11_except_data_ro3_1000x125_strict_20260528_ro3_warmup_neighbors.payload,48,0,0,495,505,0.495000000,0.005000000,505,0.999927864,0.985644707
restart_reduced_xor_random1_sampler_island_local_warmup11_except_data_ro3_1000x125_strict_20260528_ro3_warmup_neighbors.payload,48,0,1,495,505,0.495000000,0.005000000,505,0.999927864,0.985644707
restart_reduced_xor_random1_sampler_island_local_warmup11_except_data_ro3_1000x125_strict_20260528_ro3_warmup_neighbors.payload,48,0,2,507,493,0.507000000,0.007000000,507,0.999858611,0.979942348
restart_reduced_xor_random1_sampler_island_local_warmup11_except_data_ro3_1000x125_strict_20260528_ro3_warmup_neighbors.payload,48,0,3,494,506,0.494000000,0.006000000,506,0.999896123,0.982790710
restart_reduced_xor_random1_sampler_island_local_warmup11_except_data_ro3_1000x125_strict_20260528_ro3_warmup_neighbors.payload,48,0,4,501,499,0.501000000,0.001000000,501,0.999997115,0.997117491
restart_reduced_xor_random1_sampler_island_local_warmup11_except_data_ro3_1000x125_strict_20260528_ro3_warmup_neighbors.payload,48,0,5,505,495,0.505000000,0.005000000,505,0.999927864,0.985644707
restart_reduced_xor_random1_sampler_island_local_warmup11_except_data_ro3_1000x125_strict_20260528_ro3_warmup_neighbors.payload,48,0,6,503,497,0.503000000,0.003000000,503,0.999974031,0.991369695
restart_reduced_xor_random1_sampler_island_local_warmup11_except_data_ro3_1000x125_strict_20260528_ro3_warmup_neighbors.payload,48,0,7,496,504,0.496000000,0.004000000,504,0.999953833,0.988504361
restart_reduced_xor_random1_sampler_island_local_warmup11_except_data_ro3_1000x125_strict_20260528_ro3_warmup_neighbors.payload,49,1,0,514,486,0.514000000,0.014000000,514,0.999434390,0.960159735
restart_reduced_xor_random1_sampler_island_local_warmup11_except_data_ro3_1000x125_strict_20260528_ro3_warmup_neighbors.payload,49,1,1,509,491,0.509000000,0.009000000,509,0.999766271,0.974262439
restart_reduced_xor_random1_sampler_island_local_warmup11_except_data_ro3_1000x125_strict_20260528_ro3_warmup_neighbors.payload,49,1,2,496,504,0.496000000,0.004000000,504,0.999953833,0.988504361
restart_reduced_xor_random1_sampler_island_local_warmup11_except_data_ro3_1000x125_strict_20260528_ro3_warmup_neighbors.payload,49,1,3,499,501,0.499000000,0.001000000,501,0.999997115,0.997117491
restart_reduced_xor_random1_sampler_island_local_warmup11_except_data_ro3_1000x125_strict_20260528_ro3_warmup_neighbors.payload,49,1,4,549,451,0.549000000,0.049000000,549,0.993061046,0.865121946
restart_reduced_xor_random1_sampler_island_local_warmup11_except_data_ro3_1000x125_strict_20260528_ro3_warmup_neighbors.payload,49,1,5,513,487,0.513000000,0.013000000,513,0.999512314,0.962969269
restart_reduced_xor_random1_sampler_island_local_warmup11_except_data_ro3_1000x125_strict_20260528_ro3_warmup_neighbors.payload,49,1,6,521,479,0.521000000,0.021000000,521,0.998727169,0.940644722
restart_reduced_xor_random1_sampler_island_local_warmup11_except_data_ro3_1000x125_strict_20260528_ro3_warmup_neighbors.payload,49,1,7,495,505,0.495000000,0.005000000,505,0.999927864,0.985644707
restart_reduced_xor_random1_sampler_island_local_warmup11_except_data_ro3_1000x125_strict_20260528_ro3_warmup_neighbors.payload,50,2,0,478,522,0.478000000,0.022000000,522,0.998603020,0.937878288
restart_reduced_xor_random1_sampler_island_local_warmup11_except_data_ro3_1000x125_strict_20260528_ro3_warmup_neighbors.payload,50,2,1,504,496,0.504000000,0.004000000,504,0.999953833,0.988504361
restart_reduced_xor_random1_sampler_island_local_warmup11_except_data_ro3_1000x125_strict_20260528_ro3_warmup_neighbors.payload,50,2,2,515,485,0.515000000,0.015000000,515,0.999350690,0.957355663
restart_reduced_xor_random1_sampler_island_local_warmup11_except_data_ro3_1000x125_strict_20260528_ro3_warmup_neighbors.payload,50,2,3,489,511,0.489000000,0.011000000,511,0.999650840,0.968604804
restart_reduced_xor_random1_sampler_island_local_warmup11_except_data_ro3_1000x125_strict_20260528_ro3_warmup_neighbors.payload,50,2,4,498,502,0.498000000,0.002000000,502,0.999988458,0.994240731
restart_reduced_xor_random1_sampler_island_local_warmup11_except_data_ro3_1000x125_strict_20260528_ro3_warmup_neighbors.payload,50,2,5,515,485,0.515000000,0.015000000,515,0.999350690,0.957355663
restart_reduced_xor_random1_sampler_island_local_warmup11_except_data_ro3_1000x125_strict_20260528_ro3_warmup_neighbors.payload,50,2,6,481,519,0.481000000,0.019000000,519,0.998958123,0.946193556
restart_reduced_xor_random1_sampler_island_local_warmup11_except_data_ro3_1000x125_strict_20260528_ro3_warmup_neighbors.payload,50,2,7,513,487,0.513000000,0.013000000,513,0.999512314,0.962969269
restart_reduced_xor_random1_sampler_island_local_warmup11_except_data_ro3_1000x125_strict_20260528_ro3_warmup_neighbors.payload,51,3,0,540,460,0.540000000,0.040000000,540,0.995378439,0.888968688
restart_reduced_xor_random1_sampler_island_local_warmup11_except_data_ro3_1000x125_strict_20260528_ro3_warmup_neighbors.payload,51,3,1,509,491,0.509000000,0.009000000,509,0.999766271,0.974262439
restart_reduced_xor_random1_sampler_island_local_warmup11_except_data_ro3_1000x125_strict_20260528_ro3_warmup_neighbors.payload,51,3,2,489,511,0.489000000,0.011000000,511,0.999650840,0.968604804
restart_reduced_xor_random1_sampler_island_local_warmup11_except_data_ro3_1000x125_strict_20260528_ro3_warmup_neighbors.payload,51,3,3,520,480,0.520000000,0.020000000,520,0.998845536,0.943416472
restart_reduced_xor_random1_sampler_island_local_warmup11_except_data_ro3_1000x125_strict_20260528_ro3_warmup_neighbors.payload,51,3,4,491,509,0.491000000,0.009000000,509,0.999766271,0.974262439
restart_reduced_xor_random1_sampler_island_local_warmup11_except_data_ro3_1000x125_strict_20260528_ro3_warmup_neighbors.payload,51,3,5,482,518,0.482000000,0.018000000,518,0.999064932,0.948975997
restart_reduced_xor_random1_sampler_island_local_warmup11_except_data_ro3_1000x125_strict_20260528_ro3_warmup_neighbors.payload,51,3,6,491,509,0.491000000,0.009000000,509,0.999766271,0.974262439
restart_reduced_xor_random1_sampler_island_local_warmup11_except_data_ro3_1000x125_strict_20260528_ro3_warmup_neighbors.payload,51,3,7,505,495,0.505000000,0.005000000,505,0.999927864,0.985644707
restart_reduced_xor_random1_sampler_island_local_warmup11_except_data_ro3_1000x125_strict_20260528_ro3_warmup_neighbors.payload,52,4,0,494,506,0.494000000,0.006000000,506,0.999896123,0.982790710
restart_reduced_xor_random1_sampler_island_local_warmup11_except_data_ro3_1000x125_strict_20260528_ro3_warmup_neighbors.payload,52,4,1,517,483,0.517000000,0.017000000,517,0.999165962,0.951763814
restart_reduced_xor_random1_sampler_island_local_warmup11_except_data_ro3_1000x125_strict_20260528_ro3_warmup_neighbors.payload,52,4,2,501,499,0.501000000,0.001000000,501,0.999997115,0.997117491
restart_reduced_xor_random1_sampler_island_local_warmup11_except_data_ro3_1000x125_strict_20260528_ro3_warmup_neighbors.payload,52,4,3,514,486,0.514000000,0.014000000,514,0.999434390,0.960159735
restart_reduced_xor_random1_sampler_island_local_warmup11_except_data_ro3_1000x125_strict_20260528_ro3_warmup_neighbors.payload,52,4,4,478,522,0.478000000,0.022000000,522,0.998603020,0.937878288
restart_reduced_xor_random1_sampler_island_local_warmup11_except_data_ro3_1000x125_strict_20260528_ro3_warmup_neighbors.payload,52,4,5,509,491,0.509000000,0.009000000,509,0.999766271,0.974262439
restart_reduced_xor_random1_sampler_island_local_warmup11_except_data_ro3_1000x125_strict_20260528_ro3_warmup_neighbors.payload,52,4,6,499,501,0.499000000,0.001000000,501,0.999997115,0.997117491
restart_reduced_xor_random1_sampler_island_local_warmup11_except_data_ro3_1000x125_strict_20260528_ro3_warmup_neighbors.payload,52,4,7,506,494,0.506000000,0.006000000,506,0.999896123,0.982790710
restart_reduced_xor_random1_sampler_island_local_warmup11_except_data_ro3_1000x125_strict_20260528_ro3_warmup_neighbors.payload,53,5,0,538,462,0.538000000,0.038000000,538,0.995829476,0.894321922
restart_reduced_xor_random1_sampler_island_local_warmup11_except_data_ro3_1000x125_strict_20260528_ro3_warmup_neighbors.payload,53,5,1,500,500,0.500000000,0.000000000,500,1.000000000,1.000000000
restart_reduced_xor_random1_sampler_island_local_warmup11_except_data_ro3_1000x125_strict_20260528_ro3_warmup_neighbors.payload,53,5,2,487,513,0.487000000,0.013000000,513,0.999512314,0.962969269
restart_reduced_xor_random1_sampler_island_local_warmup11_except_data_ro3_1000x125_strict_20260528_ro3_warmup_neighbors.payload,53,5,3,503,497,0.503000000,0.003000000,503,0.999974031,0.991369695
restart_reduced_xor_random1_sampler_island_local_warmup11_except_data_ro3_1000x125_strict_20260528_ro3_warmup_neighbors.payload,53,5,4,512,488,0.512000000,0.012000000,512,0.999584464,0.965784285
restart_reduced_xor_random1_sampler_island_local_warmup11_except_data_ro3_1000x125_strict_20260528_ro3_warmup_neighbors.payload,53,5,5,488,512,0.488000000,0.012000000,512,0.999584464,0.965784285
restart_reduced_xor_random1_sampler_island_local_warmup11_except_data_ro3_1000x125_strict_20260528_ro3_warmup_neighbors.payload,53,5,6,527,473,0.527000000,0.027000000,527,0.997895527,0.924125133
restart_reduced_xor_random1_sampler_island_local_warmup11_except_data_ro3_1000x125_strict_20260528_ro3_warmup_neighbors.payload,53,5,7,499,501,0.499000000,0.001000000,501,0.999997115,0.997117491
restart_reduced_xor_random1_sampler_island_local_warmup11_except_data_ro3_1000x125_strict_20260528_ro3_warmup_neighbors.payload,54,6,0,515,485,0.515000000,0.015000000,515,0.999350690,0.957355663
restart_reduced_xor_random1_sampler_island_local_warmup11_except_data_ro3_1000x125_strict_20260528_ro3_warmup_neighbors.payload,54,6,1,504,496,0.504000000,0.004000000,504,0.999953833,0.988504361
restart_reduced_xor_random1_sampler_island_local_warmup11_except_data_ro3_1000x125_strict_20260528_ro3_warmup_neighbors.payload,54,6,2,497,503,0.497000000,0.003000000,503,0.999974031,0.991369695
restart_reduced_xor_random1_sampler_island_local_warmup11_except_data_ro3_1000x125_strict_20260528_ro3_warmup_neighbors.payload,54,6,3,507,493,0.507000000,0.007000000,507,0.999858611,0.979942348
restart_reduced_xor_random1_sampler_island_local_warmup11_except_data_ro3_1000x125_strict_20260528_ro3_warmup_neighbors.payload,54,6,4,503,497,0.503000000,0.003000000,503,0.999974031,0.991369695
restart_reduced_xor_random1_sampler_island_local_warmup11_except_data_ro3_1000x125_strict_20260528_ro3_warmup_neighbors.payload,54,6,5,492,508,0.492000000,0.008000000,508,0.999815327,0.977099598
restart_reduced_xor_random1_sampler_island_local_warmup11_except_data_ro3_1000x125_strict_20260528_ro3_warmup_neighbors.payload,54,6,6,509,491,0.509000000,0.009000000,509,0.999766271,0.974262439
restart_reduced_xor_random1_sampler_island_local_warmup11_except_data_ro3_1000x125_strict_20260528_ro3_warmup_neighbors.payload,54,6,7,530,470,0.530000000,0.030000000,530,0.997401589,0.915935735
restart_reduced_xor_random1_sampler_island_local_warmup11_except_data_ro3_1000x125_strict_20260528_ro3_warmup_neighbors.payload,55,7,0,498,502,0.498000000,0.002000000,502,0.999988458,0.994240731
restart_reduced_xor_random1_sampler_island_local_warmup11_except_data_ro3_1000x125_strict_20260528_ro3_warmup_neighbors.payload,55,7,1,500,500,0.500000000,0.000000000,500,1.000000000,1.000000000
restart_reduced_xor_random1_sampler_island_local_warmup11_except_data_ro3_1000x125_strict_20260528_ro3_warmup_neighbors.payload,55,7,2,493,507,0.493000000,0.007000000,507,0.999858611,0.979942348
restart_reduced_xor_random1_sampler_island_local_warmup11_except_data_ro3_1000x125_strict_20260528_ro3_warmup_neighbors.payload,55,7,3,519,481,0.519000000,0.019000000,519,0.998958123,0.946193556
restart_reduced_xor_random1_sampler_island_local_warmup11_except_data_ro3_1000x125_strict_20260528_ro3_warmup_neighbors.payload,55,7,4,500,500,0.500000000,0.000000000,500,1.000000000,1.000000000
restart_reduced_xor_random1_sampler_island_local_warmup11_except_data_ro3_1000x125_strict_20260528_ro3_warmup_neighbors.payload,55,7,5,514,486,0.514000000,0.014000000,514,0.999434390,0.960159735
restart_reduced_xor_random1_sampler_island_local_warmup11_except_data_ro3_1000x125_strict_20260528_ro3_warmup_neighbors.payload,55,7,6,507,493,0.507000000,0.007000000,507,0.999858611,0.979942348
restart_reduced_xor_random1_sampler_island_local_warmup11_except_data_ro3_1000x125_strict_20260528_ro3_warmup_neighbors.payload,55,7,7,502,498,0.502000000,0.002000000,502,0.999988458,0.994240731
restart_reduced_xor_random1_sampler_island_local_warmup11_except_data_ro3_1000x125_strict_20260528_ro3_warmup_neighbors.payload,56,0,0,511,489,0.511000000,0.011000000,511,0.999650840,0.968604804
restart_reduced_xor_random1_sampler_island_local_warmup11_except_data_ro3_1000x125_strict_20260528_ro3_warmup_neighbors.payload,56,0,1,510,490,0.510000000,0.010000000,510,0.999711442,0.971430848
restart_reduced_xor_random1_sampler_island_local_warmup11_except_data_ro3_1000x125_strict_20260528_ro3_warmup_neighbors.payload,56,0,2,471,529,0.471000000,0.029000000,529,0.997572025,0.918660373
restart_reduced_xor_random1_sampler_island_local_warmup11_except_data_ro3_1000x125_strict_20260528_ro3_warmup_neighbors.payload,56,0,3,482,518,0.482000000,0.018000000,518,0.999064932,0.948975997
restart_reduced_xor_random1_sampler_island_local_warmup11_except_data_ro3_1000x125_strict_20260528_ro3_warmup_neighbors.payload,56,0,4,500,500,0.500000000,0.000000000,500,1.000000000,1.000000000
restart_reduced_xor_random1_sampler_island_local_warmup11_except_data_ro3_1000x125_strict_20260528_ro3_warmup_neighbors.payload,56,0,5,505,495,0.505000000,0.005000000,505,0.999927864,0.985644707
restart_reduced_xor_random1_sampler_island_local_warmup11_except_data_ro3_1000x125_strict_20260528_ro3_warmup_neighbors.payload,56,0,6,503,497,0.503000000,0.003000000,503,0.999974031,0.991369695
restart_reduced_xor_random1_sampler_island_local_warmup11_except_data_ro3_1000x125_strict_20260528_ro3_warmup_neighbors.payload,56,0,7,532,468,0.532000000,0.032000000,532,0.997043340,0.910501849
restart_reduced_xor_random1_sampler_island_local_warmup11_except_data_ro3_1000x125_strict_20260528_ro3_warmup_neighbors.payload,57,1,0,488,512,0.488000000,0.012000000,512,0.999584464,0.965784285
restart_reduced_xor_random1_sampler_island_local_warmup11_except_data_ro3_1000x125_strict_20260528_ro3_warmup_neighbors.payload,57,1,1,482,518,0.482000000,0.018000000,518,0.999064932,0.948975997
restart_reduced_xor_random1_sampler_island_local_warmup11_except_data_ro3_1000x125_strict_20260528_ro3_warmup_neighbors.payload,57,1,2,500,500,0.500000000,0.000000000,500,1.000000000,1.000000000
restart_reduced_xor_random1_sampler_island_local_warmup11_except_data_ro3_1000x125_strict_20260528_ro3_warmup_neighbors.payload,57,1,3,516,484,0.516000000,0.016000000,516,0.999261214,0.954557029
restart_reduced_xor_random1_sampler_island_local_warmup11_except_data_ro3_1000x125_strict_20260528_ro3_warmup_neighbors.payload,57,1,4,496,504,0.496000000,0.004000000,504,0.999953833,0.988504361
restart_reduced_xor_random1_sampler_island_local_warmup11_except_data_ro3_1000x125_strict_20260528_ro3_warmup_neighbors.payload,57,1,5,519,481,0.519000000,0.019000000,519,0.998958123,0.946193556
restart_reduced_xor_random1_sampler_island_local_warmup11_except_data_ro3_1000x125_strict_20260528_ro3_warmup_neighbors.payload,57,1,6,496,504,0.496000000,0.004000000,504,0.999953833,0.988504361
restart_reduced_xor_random1_sampler_island_local_warmup11_except_data_ro3_1000x125_strict_20260528_ro3_warmup_neighbors.payload,57,1,7,500,500,0.500000000,0.000000000,500,1.000000000,1.000000000
restart_reduced_xor_random1_sampler_island_local_warmup11_except_data_ro3_1000x125_strict_20260528_ro3_warmup_neighbors.payload,58,2,0,502,498,0.502000000,0.002000000,502,0.999988458,0.994240731
restart_reduced_xor_random1_sampler_island_local_warmup11_except_data_ro3_1000x125_strict_20260528_ro3_warmup_neighbors.payload,58,2,1,485,515,0.485000000,0.015000000,515,0.999350690,0.957355663
restart_reduced_xor_random1_sampler_island_local_warmup11_except_data_ro3_1000x125_strict_20260528_ro3_warmup_neighbors.payload,58,2,2,503,497,0.503000000,0.003000000,503,0.999974031,0.991369695
restart_reduced_xor_random1_sampler_island_local_warmup11_except_data_ro3_1000x125_strict_20260528_ro3_warmup_neighbors.payload,58,2,3,493,507,0.493000000,0.007000000,507,0.999858611,0.979942348
restart_reduced_xor_random1_sampler_island_local_warmup11_except_data_ro3_1000x125_strict_20260528_ro3_warmup_neighbors.payload,58,2,4,537,463,0.537000000,0.037000000,537,0.996046288,0.897006007
restart_reduced_xor_random1_sampler_island_local_warmup11_except_data_ro3_1000x125_strict_20260528_ro3_warmup_neighbors.payload,58,2,5,516,484,0.516000000,0.016000000,516,0.999261214,0.954557029
restart_reduced_xor_random1_sampler_island_local_warmup11_except_data_ro3_1000x125_strict_20260528_ro3_warmup_neighbors.payload,58,2,6,537,463,0.537000000,0.037000000,537,0.996046288,0.897006007
restart_reduced_xor_random1_sampler_island_local_warmup11_except_data_ro3_1000x125_strict_20260528_ro3_warmup_neighbors.payload,58,2,7,505,495,0.505000000,0.005000000,505,0.999927864,0.985644707
restart_reduced_xor_random1_sampler_island_local_warmup11_except_data_ro3_1000x125_strict_20260528_ro3_warmup_neighbors.payload,59,3,0,484,516,0.484000000,0.016000000,516,0.999261214,0.954557029
restart_reduced_xor_random1_sampler_island_local_warmup11_except_data_ro3_1000x125_strict_20260528_ro3_warmup_neighbors.payload,59,3,1,508,492,0.508000000,0.008000000,508,0.999815327,0.977099598
restart_reduced_xor_random1_sampler_island_local_warmup11_except_data_ro3_1000x125_strict_20260528_ro3_warmup_neighbors.payload,59,3,2,475,525,0.475000000,0.025000000,525,0.998195879,0.929610672
restart_reduced_xor_random1_sampler_island_local_warmup11_except_data_ro3_1000x125_strict_20260528_ro3_warmup_neighbors.payload,59,3,3,516,484,0.516000000,0.016000000,516,0.999261214,0.954557029
restart_reduced_xor_random1_sampler_island_local_warmup11_except_data_ro3_1000x125_strict_20260528_ro3_warmup_neighbors.payload,59,3,4,498,502,0.498000000,0.002000000,502,0.999988458,0.994240731
restart_reduced_xor_random1_sampler_island_local_warmup11_except_data_ro3_1000x125_strict_20260528_ro3_warmup_neighbors.payload,59,3,5,505,495,0.505000000,0.005000000,505,0.999927864,0.985644707
restart_reduced_xor_random1_sampler_island_local_warmup11_except_data_ro3_1000x125_strict_20260528_ro3_warmup_neighbors.payload,59,3,6,499,501,0.499000000,0.001000000,501,0.999997115,0.997117491
restart_reduced_xor_random1_sampler_island_local_warmup11_except_data_ro3_1000x125_strict_20260528_ro3_warmup_neighbors.payload,59,3,7,518,482,0.518000000,0.018000000,518,0.999064932,0.948975997
restart_reduced_xor_random1_sampler_island_local_warmup11_except_data_ro3_1000x125_strict_20260528_ro3_warmup_neighbors.payload,60,4,0,483,517,0.483000000,0.017000000,517,0.999165962,0.951763814
restart_reduced_xor_random1_sampler_island_local_warmup11_except_data_ro3_1000x125_strict_20260528_ro3_warmup_neighbors.payload,60,4,1,517,483,0.517000000,0.017000000,517,0.999165962,0.951763814
restart_reduced_xor_random1_sampler_island_local_warmup11_except_data_ro3_1000x125_strict_20260528_ro3_warmup_neighbors.payload,60,4,2,512,488,0.512000000,0.012000000,512,0.999584464,0.965784285
restart_reduced_xor_random1_sampler_island_local_warmup11_except_data_ro3_1000x125_strict_20260528_ro3_warmup_neighbors.payload,60,4,3,509,491,0.509000000,0.009000000,509,0.999766271,0.974262439
restart_reduced_xor_random1_sampler_island_local_warmup11_except_data_ro3_1000x125_strict_20260528_ro3_warmup_neighbors.payload,60,4,4,483,517,0.483000000,0.017000000,517,0.999165962,0.951763814
restart_reduced_xor_random1_sampler_island_local_warmup11_except_data_ro3_1000x125_strict_20260528_ro3_warmup_neighbors.payload,60,4,5,523,477,0.523000000,0.023000000,523,0.998473090,0.935117148
restart_reduced_xor_random1_sampler_island_local_warmup11_except_data_ro3_1000x125_strict_20260528_ro3_warmup_neighbors.payload,60,4,6,499,501,0.499000000,0.001000000,501,0.999997115,0.997117491
restart_reduced_xor_random1_sampler_island_local_warmup11_except_data_ro3_1000x125_strict_20260528_ro3_warmup_neighbors.payload,60,4,7,515,485,0.515000000,0.015000000,515,0.999350690,0.957355663
restart_reduced_xor_random1_sampler_island_local_warmup11_except_data_ro3_1000x125_strict_20260528_ro3_warmup_neighbors.payload,61,5,0,514,486,0.514000000,0.014000000,514,0.999434390,0.960159735
restart_reduced_xor_random1_sampler_island_local_warmup11_except_data_ro3_1000x125_strict_20260528_ro3_warmup_neighbors.payload,61,5,1,496,504,0.496000000,0.004000000,504,0.999953833,0.988504361
restart_reduced_xor_random1_sampler_island_local_warmup11_except_data_ro3_1000x125_strict_20260528_ro3_warmup_neighbors.payload,61,5,2,519,481,0.519000000,0.019000000,519,0.998958123,0.946193556
restart_reduced_xor_random1_sampler_island_local_warmup11_except_data_ro3_1000x125_strict_20260528_ro3_warmup_neighbors.payload,61,5,3,507,493,0.507000000,0.007000000,507,0.999858611,0.979942348
restart_reduced_xor_random1_sampler_island_local_warmup11_except_data_ro3_1000x125_strict_20260528_ro3_warmup_neighbors.payload,61,5,4,474,526,0.474000000,0.026000000,526,0.998048596,0.926865295
restart_reduced_xor_random1_sampler_island_local_warmup11_except_data_ro3_1000x125_strict_20260528_ro3_warmup_neighbors.payload,61,5,5,506,494,0.506000000,0.006000000,506,0.999896123,0.982790710
restart_reduced_xor_random1_sampler_island_local_warmup11_except_data_ro3_1000x125_strict_20260528_ro3_warmup_neighbors.payload,61,5,6,491,509,0.491000000,0.009000000,509,0.999766271,0.974262439
restart_reduced_xor_random1_sampler_island_local_warmup11_except_data_ro3_1000x125_strict_20260528_ro3_warmup_neighbors.payload,61,5,7,494,506,0.494000000,0.006000000,506,0.999896123,0.982790710
restart_reduced_xor_random1_sampler_island_local_warmup11_except_data_ro3_1000x125_strict_20260528_ro3_warmup_neighbors.payload,62,6,0,498,502,0.498000000,0.002000000,502,0.999988458,0.994240731
restart_reduced_xor_random1_sampler_island_local_warmup11_except_data_ro3_1000x125_strict_20260528_ro3_warmup_neighbors.payload,62,6,1,494,506,0.494000000,0.006000000,506,0.999896123,0.982790710
restart_reduced_xor_random1_sampler_island_local_warmup11_except_data_ro3_1000x125_strict_20260528_ro3_warmup_neighbors.payload,62,6,2,515,485,0.515000000,0.015000000,515,0.999350690,0.957355663
restart_reduced_xor_random1_sampler_island_local_warmup11_except_data_ro3_1000x125_strict_20260528_ro3_warmup_neighbors.payload,62,6,3,517,483,0.517000000,0.017000000,517,0.999165962,0.951763814
restart_reduced_xor_random1_sampler_island_local_warmup11_except_data_ro3_1000x125_strict_20260528_ro3_warmup_neighbors.payload,62,6,4,513,487,0.513000000,0.013000000,513,0.999512314,0.962969269
restart_reduced_xor_random1_sampler_island_local_warmup11_except_data_ro3_1000x125_strict_20260528_ro3_warmup_neighbors.payload,62,6,5,491,509,0.491000000,0.009000000,509,0.999766271,0.974262439
restart_reduced_xor_random1_sampler_island_local_warmup11_except_data_ro3_1000x125_strict_20260528_ro3_warmup_neighbors.payload,62,6,6,531,469,0.531000000,0.031000000,531,0.997225361,0.913216234
restart_reduced_xor_random1_sampler_island_local_warmup11_except_data_ro3_1000x125_strict_20260528_ro3_warmup_neighbors.payload,62,6,7,487,513,0.487000000,0.013000000,513,0.999512314,0.962969269
restart_reduced_xor_random1_sampler_island_local_warmup11_except_data_ro3_1000x125_strict_20260528_ro3_warmup_neighbors.payload,63,7,0,476,524,0.476000000,0.024000000,524,0.998337377,0.932361283
restart_reduced_xor_random1_sampler_island_local_warmup11_except_data_ro3_1000x125_strict_20260528_ro3_warmup_neighbors.payload,63,7,1,524,476,0.524000000,0.024000000,524,0.998337377,0.932361283
restart_reduced_xor_random1_sampler_island_local_warmup11_except_data_ro3_1000x125_strict_20260528_ro3_warmup_neighbors.payload,63,7,2,522,478,0.522000000,0.022000000,522,0.998603020,0.937878288
restart_reduced_xor_random1_sampler_island_local_warmup11_except_data_ro3_1000x125_strict_20260528_ro3_warmup_neighbors.payload,63,7,3,472,528,0.472000000,0.028000000,528,0.997736670,0.921390165
restart_reduced_xor_random1_sampler_island_local_warmup11_except_data_ro3_1000x125_strict_20260528_ro3_warmup_neighbors.payload,63,7,4,514,486,0.514000000,0.014000000,514,0.999434390,0.960159735
restart_reduced_xor_random1_sampler_island_local_warmup11_except_data_ro3_1000x125_strict_20260528_ro3_warmup_neighbors.payload,63,7,5,509,491,0.509000000,0.009000000,509,0.999766271,0.974262439
restart_reduced_xor_random1_sampler_island_local_warmup11_except_data_ro3_1000x125_strict_20260528_ro3_warmup_neighbors.payload,63,7,6,478,522,0.478000000,0.022000000,522,0.998603020,0.937878288
restart_reduced_xor_random1_sampler_island_local_warmup11_except_data_ro3_1000x125_strict_20260528_ro3_warmup_neighbors.payload,63,7,7,512,488,0.512000000,0.012000000,512,0.999584464,0.965784285
restart_reduced_xor_random1_sampler_island_local_warmup11_except_data_ro3_1000x125_strict_20260528_ro3_warmup_neighbors.payload,64,0,0,481,519,0.481000000,0.019000000,519,0.998958123,0.946193556
restart_reduced_xor_random1_sampler_island_local_warmup11_except_data_ro3_1000x125_strict_20260528_ro3_warmup_neighbors.payload,64,0,1,483,517,0.483000000,0.017000000,517,0.999165962,0.951763814
restart_reduced_xor_random1_sampler_island_local_warmup11_except_data_ro3_1000x125_strict_20260528_ro3_warmup_neighbors.payload,64,0,2,483,517,0.483000000,0.017000000,517,0.999165962,0.951763814
restart_reduced_xor_random1_sampler_island_local_warmup11_except_data_ro3_1000x125_strict_20260528_ro3_warmup_neighbors.payload,64,0,3,474,526,0.474000000,0.026000000,526,0.998048596,0.926865295
restart_reduced_xor_random1_sampler_island_local_warmup11_except_data_ro3_1000x125_strict_20260528_ro3_warmup_neighbors.payload,64,0,4,544,456,0.544000000,0.044000000,544,0.994406653,0.878321443
restart_reduced_xor_random1_sampler_island_local_warmup11_except_data_ro3_1000x125_strict_20260528_ro3_warmup_neighbors.payload,64,0,5,489,511,0.489000000,0.011000000,511,0.999650840,0.968604804
restart_reduced_xor_random1_sampler_island_local_warmup11_except_data_ro3_1000x125_strict_20260528_ro3_warmup_neighbors.payload,64,0,6,482,518,0.482000000,0.018000000,518,0.999064932,0.948975997
restart_reduced_xor_random1_sampler_island_local_warmup11_except_data_ro3_1000x125_strict_20260528_ro3_warmup_neighbors.payload,64,0,7,508,492,0.508000000,0.008000000,508,0.999815327,0.977099598
restart_reduced_xor_random1_sampler_island_local_warmup11_except_data_ro3_1000x125_strict_20260528_ro3_warmup_neighbors.payload,65,1,0,512,488,0.512000000,0.012000000,512,0.999584464,0.965784285
restart_reduced_xor_random1_sampler_island_local_warmup11_except_data_ro3_1000x125_strict_20260528_ro3_warmup_neighbors.payload,65,1,1,491,509,0.491000000,0.009000000,509,0.999766271,0.974262439
restart_reduced_xor_random1_sampler_island_local_warmup11_except_data_ro3_1000x125_strict_20260528_ro3_warmup_neighbors.payload,65,1,2,498,502,0.498000000,0.002000000,502,0.999988458,0.994240731
restart_reduced_xor_random1_sampler_island_local_warmup11_except_data_ro3_1000x125_strict_20260528_ro3_warmup_neighbors.payload,65,1,3,489,511,0.489000000,0.011000000,511,0.999650840,0.968604804
restart_reduced_xor_random1_sampler_island_local_warmup11_except_data_ro3_1000x125_strict_20260528_ro3_warmup_neighbors.payload,65,1,4,498,502,0.498000000,0.002000000,502,0.999988458,0.994240731
restart_reduced_xor_random1_sampler_island_local_warmup11_except_data_ro3_1000x125_strict_20260528_ro3_warmup_neighbors.payload,65,1,5,496,504,0.496000000,0.004000000,504,0.999953833,0.988504361
restart_reduced_xor_random1_sampler_island_local_warmup11_except_data_ro3_1000x125_strict_20260528_ro3_warmup_neighbors.payload,65,1,6,518,482,0.518000000,0.018000000,518,0.999064932,0.948975997
restart_reduced_xor_random1_sampler_island_local_warmup11_except_data_ro3_1000x125_strict_20260528_ro3_warmup_neighbors.payload,65,1,7,483,517,0.483000000,0.017000000,517,0.999165962,0.951763814
restart_reduced_xor_random1_sampler_island_local_warmup11_except_data_ro3_1000x125_strict_20260528_ro3_warmup_neighbors.payload,66,2,0,503,497,0.503000000,0.003000000,503,0.999974031,0.991369695
restart_reduced_xor_random1_sampler_island_local_warmup11_except_data_ro3_1000x125_strict_20260528_ro3_warmup_neighbors.payload,66,2,1,518,482,0.518000000,0.018000000,518,0.999064932,0.948975997
restart_reduced_xor_random1_sampler_island_local_warmup11_except_data_ro3_1000x125_strict_20260528_ro3_warmup_neighbors.payload,66,2,2,518,482,0.518000000,0.018000000,518,0.999064932,0.948975997
restart_reduced_xor_random1_sampler_island_local_warmup11_except_data_ro3_1000x125_strict_20260528_ro3_warmup_neighbors.payload,66,2,3,493,507,0.493000000,0.007000000,507,0.999858611,0.979942348
restart_reduced_xor_random1_sampler_island_local_warmup11_except_data_ro3_1000x125_strict_20260528_ro3_warmup_neighbors.payload,66,2,4,514,486,0.514000000,0.014000000,514,0.999434390,0.960159735
restart_reduced_xor_random1_sampler_island_local_warmup11_except_data_ro3_1000x125_strict_20260528_ro3_warmup_neighbors.payload,66,2,5,516,484,0.516000000,0.016000000,516,0.999261214,0.954557029
restart_reduced_xor_random1_sampler_island_local_warmup11_except_data_ro3_1000x125_strict_20260528_ro3_warmup_neighbors.payload,66,2,6,485,515,0.485000000,0.015000000,515,0.999350690,0.957355663
restart_reduced_xor_random1_sampler_island_local_warmup11_except_data_ro3_1000x125_strict_20260528_ro3_warmup_neighbors.payload,66,2,7,503,497,0.503000000,0.003000000,503,0.999974031,0.991369695
restart_reduced_xor_random1_sampler_island_local_warmup11_except_data_ro3_1000x125_strict_20260528_ro3_warmup_neighbors.payload,67,3,0,500,500,0.500000000,0.000000000,500,1.000000000,1.000000000
restart_reduced_xor_random1_sampler_island_local_warmup11_except_data_ro3_1000x125_strict_20260528_ro3_warmup_neighbors.payload,67,3,1,503,497,0.503000000,0.003000000,503,0.999974031,0.991369695
restart_reduced_xor_random1_sampler_island_local_warmup11_except_data_ro3_1000x125_strict_20260528_ro3_warmup_neighbors.payload,67,3,2,485,515,0.485000000,0.015000000,515,0.999350690,0.957355663
restart_reduced_xor_random1_sampler_island_local_warmup11_except_data_ro3_1000x125_strict_20260528_ro3_warmup_neighbors.payload,67,3,3,531,469,0.531000000,0.031000000,531,0.997225361,0.913216234
restart_reduced_xor_random1_sampler_island_local_warmup11_except_data_ro3_1000x125_strict_20260528_ro3_warmup_neighbors.payload,67,3,4,499,501,0.499000000,0.001000000,501,0.999997115,0.997117491
restart_reduced_xor_random1_sampler_island_local_warmup11_except_data_ro3_1000x125_strict_20260528_ro3_warmup_neighbors.payload,67,3,5,486,514,0.486000000,0.014000000,514,0.999434390,0.960159735
restart_reduced_xor_random1_sampler_island_local_warmup11_except_data_ro3_1000x125_strict_20260528_ro3_warmup_neighbors.payload,67,3,6,482,518,0.482000000,0.018000000,518,0.999064932,0.948975997
restart_reduced_xor_random1_sampler_island_local_warmup11_except_data_ro3_1000x125_strict_20260528_ro3_warmup_neighbors.payload,67,3,7,476,524,0.476000000,0.024000000,524,0.998337377,0.932361283
restart_reduced_xor_random1_sampler_island_local_warmup11_except_data_ro3_1000x125_strict_20260528_ro3_warmup_neighbors.payload,68,4,0,506,494,0.506000000,0.006000000,506,0.999896123,0.982790710
restart_reduced_xor_random1_sampler_island_local_warmup11_except_data_ro3_1000x125_strict_20260528_ro3_warmup_neighbors.payload,68,4,1,506,494,0.506000000,0.006000000,506,0.999896123,0.982790710
restart_reduced_xor_random1_sampler_island_local_warmup11_except_data_ro3_1000x125_strict_20260528_ro3_warmup_neighbors.payload,68,4,2,488,512,0.488000000,0.012000000,512,0.999584464,0.965784285
restart_reduced_xor_random1_sampler_island_local_warmup11_except_data_ro3_1000x125_strict_20260528_ro3_warmup_neighbors.payload,68,4,3,513,487,0.513000000,0.013000000,513,0.999512314,0.962969269
restart_reduced_xor_random1_sampler_island_local_warmup11_except_data_ro3_1000x125_strict_20260528_ro3_warmup_neighbors.payload,68,4,4,497,503,0.497000000,0.003000000,503,0.999974031,0.991369695
restart_reduced_xor_random1_sampler_island_local_warmup11_except_data_ro3_1000x125_strict_20260528_ro3_warmup_neighbors.payload,68,4,5,505,495,0.505000000,0.005000000,505,0.999927864,0.985644707
restart_reduced_xor_random1_sampler_island_local_warmup11_except_data_ro3_1000x125_strict_20260528_ro3_warmup_neighbors.payload,68,4,6,471,529,0.471000000,0.029000000,529,0.997572025,0.918660373
restart_reduced_xor_random1_sampler_island_local_warmup11_except_data_ro3_1000x125_strict_20260528_ro3_warmup_neighbors.payload,68,4,7,507,493,0.507000000,0.007000000,507,0.999858611,0.979942348
restart_reduced_xor_random1_sampler_island_local_warmup11_except_data_ro3_1000x125_strict_20260528_ro3_warmup_neighbors.payload,69,5,0,498,502,0.498000000,0.002000000,502,0.999988458,0.994240731
restart_reduced_xor_random1_sampler_island_local_warmup11_except_data_ro3_1000x125_strict_20260528_ro3_warmup_neighbors.payload,69,5,1,516,484,0.516000000,0.016000000,516,0.999261214,0.954557029
restart_reduced_xor_random1_sampler_island_local_warmup11_except_data_ro3_1000x125_strict_20260528_ro3_warmup_neighbors.payload,69,5,2,482,518,0.482000000,0.018000000,518,0.999064932,0.948975997
restart_reduced_xor_random1_sampler_island_local_warmup11_except_data_ro3_1000x125_strict_20260528_ro3_warmup_neighbors.payload,69,5,3,520,480,0.520000000,0.020000000,520,0.998845536,0.943416472
restart_reduced_xor_random1_sampler_island_local_warmup11_except_data_ro3_1000x125_strict_20260528_ro3_warmup_neighbors.payload,69,5,4,504,496,0.504000000,0.004000000,504,0.999953833,0.988504361
restart_reduced_xor_random1_sampler_island_local_warmup11_except_data_ro3_1000x125_strict_20260528_ro3_warmup_neighbors.payload,69,5,5,504,496,0.504000000,0.004000000,504,0.999953833,0.988504361
restart_reduced_xor_random1_sampler_island_local_warmup11_except_data_ro3_1000x125_strict_20260528_ro3_warmup_neighbors.payload,69,5,6,506,494,0.506000000,0.006000000,506,0.999896123,0.982790710
restart_reduced_xor_random1_sampler_island_local_warmup11_except_data_ro3_1000x125_strict_20260528_ro3_warmup_neighbors.payload,69,5,7,531,469,0.531000000,0.031000000,531,0.997225361,0.913216234
restart_reduced_xor_random1_sampler_island_local_warmup11_except_data_ro3_1000x125_strict_20260528_ro3_warmup_neighbors.payload,70,6,0,495,505,0.495000000,0.005000000,505,0.999927864,0.985644707
restart_reduced_xor_random1_sampler_island_local_warmup11_except_data_ro3_1000x125_strict_20260528_ro3_warmup_neighbors.payload,70,6,1,513,487,0.513000000,0.013000000,513,0.999512314,0.962969269
restart_reduced_xor_random1_sampler_island_local_warmup11_except_data_ro3_1000x125_strict_20260528_ro3_warmup_neighbors.payload,70,6,2,506,494,0.506000000,0.006000000,506,0.999896123,0.982790710
restart_reduced_xor_random1_sampler_island_local_warmup11_except_data_ro3_1000x125_strict_20260528_ro3_warmup_neighbors.payload,70,6,3,503,497,0.503000000,0.003000000,503,0.999974031,0.991369695
restart_reduced_xor_random1_sampler_island_local_warmup11_except_data_ro3_1000x125_strict_20260528_ro3_warmup_neighbors.payload,70,6,4,489,511,0.489000000,0.011000000,511,0.999650840,0.968604804
restart_reduced_xor_random1_sampler_island_local_warmup11_except_data_ro3_1000x125_strict_20260528_ro3_warmup_neighbors.payload,70,6,5,481,519,0.481000000,0.019000000,519,0.998958123,0.946193556
restart_reduced_xor_random1_sampler_island_local_warmup11_except_data_ro3_1000x125_strict_20260528_ro3_warmup_neighbors.payload,70,6,6,485,515,0.485000000,0.015000000,515,0.999350690,0.957355663
restart_reduced_xor_random1_sampler_island_local_warmup11_except_data_ro3_1000x125_strict_20260528_ro3_warmup_neighbors.payload,70,6,7,514,486,0.514000000,0.014000000,514,0.999434390,0.960159735
restart_reduced_xor_random1_sampler_island_local_warmup11_except_data_ro3_1000x125_strict_20260528_ro3_warmup_neighbors.payload,71,7,0,488,512,0.488000000,0.012000000,512,0.999584464,0.965784285
restart_reduced_xor_random1_sampler_island_local_warmup11_except_data_ro3_1000x125_strict_20260528_ro3_warmup_neighbors.payload,71,7,1,515,485,0.515000000,0.015000000,515,0.999350690,0.957355663
restart_reduced_xor_random1_sampler_island_local_warmup11_except_data_ro3_1000x125_strict_20260528_ro3_warmup_neighbors.payload,71,7,2,528,472,0.528000000,0.028000000,528,0.997736670,0.921390165
restart_reduced_xor_random1_sampler_island_local_warmup11_except_data_ro3_1000x125_strict_20260528_ro3_warmup_neighbors.payload,71,7,3,514,486,0.514000000,0.014000000,514,0.999434390,0.960159735
restart_reduced_xor_random1_sampler_island_local_warmup11_except_data_ro3_1000x125_strict_20260528_ro3_warmup_neighbors.payload,71,7,4,491,509,0.491000000,0.009000000,509,0.999766271,0.974262439
restart_reduced_xor_random1_sampler_island_local_warmup11_except_data_ro3_1000x125_strict_20260528_ro3_warmup_neighbors.payload,71,7,5,495,505,0.495000000,0.005000000,505,0.999927864,0.985644707
restart_reduced_xor_random1_sampler_island_local_warmup11_except_data_ro3_1000x125_strict_20260528_ro3_warmup_neighbors.payload,71,7,6,501,499,0.501000000,0.001000000,501,0.999997115,0.997117491
restart_reduced_xor_random1_sampler_island_local_warmup11_except_data_ro3_1000x125_strict_20260528_ro3_warmup_neighbors.payload,71,7,7,511,489,0.511000000,0.011000000,511,0.999650840,0.968604804
restart_reduced_xor_random1_sampler_island_local_warmup11_except_data_ro3_1000x125_strict_20260528_ro3_warmup_neighbors.payload,72,0,0,509,491,0.509000000,0.009000000,509,0.999766271,0.974262439
restart_reduced_xor_random1_sampler_island_local_warmup11_except_data_ro3_1000x125_strict_20260528_ro3_warmup_neighbors.payload,72,0,1,496,504,0.496000000,0.004000000,504,0.999953833,0.988504361
restart_reduced_xor_random1_sampler_island_local_warmup11_except_data_ro3_1000x125_strict_20260528_ro3_warmup_neighbors.payload,72,0,2,500,500,0.500000000,0.000000000,500,1.000000000,1.000000000
restart_reduced_xor_random1_sampler_island_local_warmup11_except_data_ro3_1000x125_strict_20260528_ro3_warmup_neighbors.payload,72,0,3,474,526,0.474000000,0.026000000,526,0.998048596,0.926865295
restart_reduced_xor_random1_sampler_island_local_warmup11_except_data_ro3_1000x125_strict_20260528_ro3_warmup_neighbors.payload,72,0,4,520,480,0.520000000,0.020000000,520,0.998845536,0.943416472
restart_reduced_xor_random1_sampler_island_local_warmup11_except_data_ro3_1000x125_strict_20260528_ro3_warmup_neighbors.payload,72,0,5,505,495,0.505000000,0.005000000,505,0.999927864,0.985644707
restart_reduced_xor_random1_sampler_island_local_warmup11_except_data_ro3_1000x125_strict_20260528_ro3_warmup_neighbors.payload,72,0,6,487,513,0.487000000,0.013000000,513,0.999512314,0.962969269
restart_reduced_xor_random1_sampler_island_local_warmup11_except_data_ro3_1000x125_strict_20260528_ro3_warmup_neighbors.payload,72,0,7,486,514,0.486000000,0.014000000,514,0.999434390,0.960159735
restart_reduced_xor_random1_sampler_island_local_warmup11_except_data_ro3_1000x125_strict_20260528_ro3_warmup_neighbors.payload,73,1,0,477,523,0.477000000,0.023000000,523,0.998473090,0.935117148
restart_reduced_xor_random1_sampler_island_local_warmup11_except_data_ro3_1000x125_strict_20260528_ro3_warmup_neighbors.payload,73,1,1,487,513,0.487000000,0.013000000,513,0.999512314,0.962969269
restart_reduced_xor_random1_sampler_island_local_warmup11_except_data_ro3_1000x125_strict_20260528_ro3_warmup_neighbors.payload,73,1,2,523,477,0.523000000,0.023000000,523,0.998473090,0.935117148
restart_reduced_xor_random1_sampler_island_local_warmup11_except_data_ro3_1000x125_strict_20260528_ro3_warmup_neighbors.payload,73,1,3,476,524,0.476000000,0.024000000,524,0.998337377,0.932361283
restart_reduced_xor_random1_sampler_island_local_warmup11_except_data_ro3_1000x125_strict_20260528_ro3_warmup_neighbors.payload,73,1,4,501,499,0.501000000,0.001000000,501,0.999997115,0.997117491
restart_reduced_xor_random1_sampler_island_local_warmup11_except_data_ro3_1000x125_strict_20260528_ro3_warmup_neighbors.payload,73,1,5,485,515,0.485000000,0.015000000,515,0.999350690,0.957355663
restart_reduced_xor_random1_sampler_island_local_warmup11_except_data_ro3_1000x125_strict_20260528_ro3_warmup_neighbors.payload,73,1,6,508,492,0.508000000,0.008000000,508,0.999815327,0.977099598
restart_reduced_xor_random1_sampler_island_local_warmup11_except_data_ro3_1000x125_strict_20260528_ro3_warmup_neighbors.payload,73,1,7,531,469,0.531000000,0.031000000,531,0.997225361,0.913216234
restart_reduced_xor_random1_sampler_island_local_warmup11_except_data_ro3_1000x125_strict_20260528_ro3_warmup_neighbors.payload,74,2,0,473,527,0.473000000,0.027000000,527,0.997895527,0.924125133
restart_reduced_xor_random1_sampler_island_local_warmup11_except_data_ro3_1000x125_strict_20260528_ro3_warmup_neighbors.payload,74,2,1,508,492,0.508000000,0.008000000,508,0.999815327,0.977099598
restart_reduced_xor_random1_sampler_island_local_warmup11_except_data_ro3_1000x125_strict_20260528_ro3_warmup_neighbors.payload,74,2,2,483,517,0.483000000,0.017000000,517,0.999165962,0.951763814
restart_reduced_xor_random1_sampler_island_local_warmup11_except_data_ro3_1000x125_strict_20260528_ro3_warmup_neighbors.payload,74,2,3,489,511,0.489000000,0.011000000,511,0.999650840,0.968604804
restart_reduced_xor_random1_sampler_island_local_warmup11_except_data_ro3_1000x125_strict_20260528_ro3_warmup_neighbors.payload,74,2,4,506,494,0.506000000,0.006000000,506,0.999896123,0.982790710
restart_reduced_xor_random1_sampler_island_local_warmup11_except_data_ro3_1000x125_strict_20260528_ro3_warmup_neighbors.payload,74,2,5,503,497,0.503000000,0.003000000,503,0.999974031,0.991369695
restart_reduced_xor_random1_sampler_island_local_warmup11_except_data_ro3_1000x125_strict_20260528_ro3_warmup_neighbors.payload,74,2,6,495,505,0.495000000,0.005000000,505,0.999927864,0.985644707
restart_reduced_xor_random1_sampler_island_local_warmup11_except_data_ro3_1000x125_strict_20260528_ro3_warmup_neighbors.payload,74,2,7,470,530,0.470000000,0.030000000,530,0.997401589,0.915935735
restart_reduced_xor_random1_sampler_island_local_warmup11_except_data_ro3_1000x125_strict_20260528_ro3_warmup_neighbors.payload,75,3,0,498,502,0.498000000,0.002000000,502,0.999988458,0.994240731
restart_reduced_xor_random1_sampler_island_local_warmup11_except_data_ro3_1000x125_strict_20260528_ro3_warmup_neighbors.payload,75,3,1,494,506,0.494000000,0.006000000,506,0.999896123,0.982790710
restart_reduced_xor_random1_sampler_island_local_warmup11_except_data_ro3_1000x125_strict_20260528_ro3_warmup_neighbors.payload,75,3,2,468,532,0.468000000,0.032000000,532,0.997043340,0.910501849
restart_reduced_xor_random1_sampler_island_local_warmup11_except_data_ro3_1000x125_strict_20260528_ro3_warmup_neighbors.payload,75,3,3,498,502,0.498000000,0.002000000,502,0.999988458,0.994240731
restart_reduced_xor_random1_sampler_island_local_warmup11_except_data_ro3_1000x125_strict_20260528_ro3_warmup_neighbors.payload,75,3,4,474,526,0.474000000,0.026000000,526,0.998048596,0.926865295
restart_reduced_xor_random1_sampler_island_local_warmup11_except_data_ro3_1000x125_strict_20260528_ro3_warmup_neighbors.payload,75,3,5,490,510,0.490000000,0.010000000,510,0.999711442,0.971430848
restart_reduced_xor_random1_sampler_island_local_warmup11_except_data_ro3_1000x125_strict_20260528_ro3_warmup_neighbors.payload,75,3,6,532,468,0.532000000,0.032000000,532,0.997043340,0.910501849
restart_reduced_xor_random1_sampler_island_local_warmup11_except_data_ro3_1000x125_strict_20260528_ro3_warmup_neighbors.payload,75,3,7,495,505,0.495000000,0.005000000,505,0.999927864,0.985644707
restart_reduced_xor_random1_sampler_island_local_warmup11_except_data_ro3_1000x125_strict_20260528_ro3_warmup_neighbors.payload,76,4,0,496,504,0.496000000,0.004000000,504,0.999953833,0.988504361
restart_reduced_xor_random1_sampler_island_local_warmup11_except_data_ro3_1000x125_strict_20260528_ro3_warmup_neighbors.payload,76,4,1,524,476,0.524000000,0.024000000,524,0.998337377,0.932361283
restart_reduced_xor_random1_sampler_island_local_warmup11_except_data_ro3_1000x125_strict_20260528_ro3_warmup_neighbors.payload,76,4,2,507,493,0.507000000,0.007000000,507,0.999858611,0.979942348
restart_reduced_xor_random1_sampler_island_local_warmup11_except_data_ro3_1000x125_strict_20260528_ro3_warmup_neighbors.payload,76,4,3,511,489,0.511000000,0.011000000,511,0.999650840,0.968604804
restart_reduced_xor_random1_sampler_island_local_warmup11_except_data_ro3_1000x125_strict_20260528_ro3_warmup_neighbors.payload,76,4,4,503,497,0.503000000,0.003000000,503,0.999974031,0.991369695
restart_reduced_xor_random1_sampler_island_local_warmup11_except_data_ro3_1000x125_strict_20260528_ro3_warmup_neighbors.payload,76,4,5,512,488,0.512000000,0.012000000,512,0.999584464,0.965784285
restart_reduced_xor_random1_sampler_island_local_warmup11_except_data_ro3_1000x125_strict_20260528_ro3_warmup_neighbors.payload,76,4,6,499,501,0.499000000,0.001000000,501,0.999997115,0.997117491
restart_reduced_xor_random1_sampler_island_local_warmup11_except_data_ro3_1000x125_strict_20260528_ro3_warmup_neighbors.payload,76,4,7,502,498,0.502000000,0.002000000,502,0.999988458,0.994240731
restart_reduced_xor_random1_sampler_island_local_warmup11_except_data_ro3_1000x125_strict_20260528_ro3_warmup_neighbors.payload,77,5,0,499,501,0.499000000,0.001000000,501,0.999997115,0.997117491
restart_reduced_xor_random1_sampler_island_local_warmup11_except_data_ro3_1000x125_strict_20260528_ro3_warmup_neighbors.payload,77,5,1,475,525,0.475000000,0.025000000,525,0.998195879,0.929610672
restart_reduced_xor_random1_sampler_island_local_warmup11_except_data_ro3_1000x125_strict_20260528_ro3_warmup_neighbors.payload,77,5,2,507,493,0.507000000,0.007000000,507,0.999858611,0.979942348
restart_reduced_xor_random1_sampler_island_local_warmup11_except_data_ro3_1000x125_strict_20260528_ro3_warmup_neighbors.payload,77,5,3,497,503,0.497000000,0.003000000,503,0.999974031,0.991369695
restart_reduced_xor_random1_sampler_island_local_warmup11_except_data_ro3_1000x125_strict_20260528_ro3_warmup_neighbors.payload,77,5,4,512,488,0.512000000,0.012000000,512,0.999584464,0.965784285
restart_reduced_xor_random1_sampler_island_local_warmup11_except_data_ro3_1000x125_strict_20260528_ro3_warmup_neighbors.payload,77,5,5,509,491,0.509000000,0.009000000,509,0.999766271,0.974262439
restart_reduced_xor_random1_sampler_island_local_warmup11_except_data_ro3_1000x125_strict_20260528_ro3_warmup_neighbors.payload,77,5,6,496,504,0.496000000,0.004000000,504,0.999953833,0.988504361
restart_reduced_xor_random1_sampler_island_local_warmup11_except_data_ro3_1000x125_strict_20260528_ro3_warmup_neighbors.payload,77,5,7,503,497,0.503000000,0.003000000,503,0.999974031,0.991369695
restart_reduced_xor_random1_sampler_island_local_warmup11_except_data_ro3_1000x125_strict_20260528_ro3_warmup_neighbors.payload,78,6,0,487,513,0.487000000,0.013000000,513,0.999512314,0.962969269
restart_reduced_xor_random1_sampler_island_local_warmup11_except_data_ro3_1000x125_strict_20260528_ro3_warmup_neighbors.payload,78,6,1,511,489,0.511000000,0.011000000,511,0.999650840,0.968604804
restart_reduced_xor_random1_sampler_island_local_warmup11_except_data_ro3_1000x125_strict_20260528_ro3_warmup_neighbors.payload,78,6,2,537,463,0.537000000,0.037000000,537,0.996046288,0.897006007
restart_reduced_xor_random1_sampler_island_local_warmup11_except_data_ro3_1000x125_strict_20260528_ro3_warmup_neighbors.payload,78,6,3,501,499,0.501000000,0.001000000,501,0.999997115,0.997117491
restart_reduced_xor_random1_sampler_island_local_warmup11_except_data_ro3_1000x125_strict_20260528_ro3_warmup_neighbors.payload,78,6,4,481,519,0.481000000,0.019000000,519,0.998958123,0.946193556
restart_reduced_xor_random1_sampler_island_local_warmup11_except_data_ro3_1000x125_strict_20260528_ro3_warmup_neighbors.payload,78,6,5,494,506,0.494000000,0.006000000,506,0.999896123,0.982790710
restart_reduced_xor_random1_sampler_island_local_warmup11_except_data_ro3_1000x125_strict_20260528_ro3_warmup_neighbors.payload,78,6,6,498,502,0.498000000,0.002000000,502,0.999988458,0.994240731
restart_reduced_xor_random1_sampler_island_local_warmup11_except_data_ro3_1000x125_strict_20260528_ro3_warmup_neighbors.payload,78,6,7,483,517,0.483000000,0.017000000,517,0.999165962,0.951763814
restart_reduced_xor_random1_sampler_island_local_warmup11_except_data_ro3_1000x125_strict_20260528_ro3_warmup_neighbors.payload,79,7,0,524,476,0.524000000,0.024000000,524,0.998337377,0.932361283
restart_reduced_xor_random1_sampler_island_local_warmup11_except_data_ro3_1000x125_strict_20260528_ro3_warmup_neighbors.payload,79,7,1,515,485,0.515000000,0.015000000,515,0.999350690,0.957355663
restart_reduced_xor_random1_sampler_island_local_warmup11_except_data_ro3_1000x125_strict_20260528_ro3_warmup_neighbors.payload,79,7,2,495,505,0.495000000,0.005000000,505,0.999927864,0.985644707
restart_reduced_xor_random1_sampler_island_local_warmup11_except_data_ro3_1000x125_strict_20260528_ro3_warmup_neighbors.payload,79,7,3,495,505,0.495000000,0.005000000,505,0.999927864,0.985644707
restart_reduced_xor_random1_sampler_island_local_warmup11_except_data_ro3_1000x125_strict_20260528_ro3_warmup_neighbors.payload,79,7,4,510,490,0.510000000,0.010000000,510,0.999711442,0.971430848
restart_reduced_xor_random1_sampler_island_local_warmup11_except_data_ro3_1000x125_strict_20260528_ro3_warmup_neighbors.payload,79,7,5,507,493,0.507000000,0.007000000,507,0.999858611,0.979942348
restart_reduced_xor_random1_sampler_island_local_warmup11_except_data_ro3_1000x125_strict_20260528_ro3_warmup_neighbors.payload,79,7,6,511,489,0.511000000,0.011000000,511,0.999650840,0.968604804
restart_reduced_xor_random1_sampler_island_local_warmup11_except_data_ro3_1000x125_strict_20260528_ro3_warmup_neighbors.payload,79,7,7,492,508,0.492000000,0.008000000,508,0.999815327,0.977099598
restart_reduced_xor_random1_sampler_island_local_warmup11_except_data_ro3_1000x125_strict_20260528_ro3_warmup_neighbors.payload,80,0,0,478,522,0.478000000,0.022000000,522,0.998603020,0.937878288
restart_reduced_xor_random1_sampler_island_local_warmup11_except_data_ro3_1000x125_strict_20260528_ro3_warmup_neighbors.payload,80,0,1,498,502,0.498000000,0.002000000,502,0.999988458,0.994240731
restart_reduced_xor_random1_sampler_island_local_warmup11_except_data_ro3_1000x125_strict_20260528_ro3_warmup_neighbors.payload,80,0,2,499,501,0.499000000,0.001000000,501,0.999997115,0.997117491
restart_reduced_xor_random1_sampler_island_local_warmup11_except_data_ro3_1000x125_strict_20260528_ro3_warmup_neighbors.payload,80,0,3,486,514,0.486000000,0.014000000,514,0.999434390,0.960159735
restart_reduced_xor_random1_sampler_island_local_warmup11_except_data_ro3_1000x125_strict_20260528_ro3_warmup_neighbors.payload,80,0,4,475,525,0.475000000,0.025000000,525,0.998195879,0.929610672
restart_reduced_xor_random1_sampler_island_local_warmup11_except_data_ro3_1000x125_strict_20260528_ro3_warmup_neighbors.payload,80,0,5,523,477,0.523000000,0.023000000,523,0.998473090,0.935117148
restart_reduced_xor_random1_sampler_island_local_warmup11_except_data_ro3_1000x125_strict_20260528_ro3_warmup_neighbors.payload,80,0,6,493,507,0.493000000,0.007000000,507,0.999858611,0.979942348
restart_reduced_xor_random1_sampler_island_local_warmup11_except_data_ro3_1000x125_strict_20260528_ro3_warmup_neighbors.payload,80,0,7,477,523,0.477000000,0.023000000,523,0.998473090,0.935117148
restart_reduced_xor_random1_sampler_island_local_warmup11_except_data_ro3_1000x125_strict_20260528_ro3_warmup_neighbors.payload,81,1,0,491,509,0.491000000,0.009000000,509,0.999766271,0.974262439
restart_reduced_xor_random1_sampler_island_local_warmup11_except_data_ro3_1000x125_strict_20260528_ro3_warmup_neighbors.payload,81,1,1,494,506,0.494000000,0.006000000,506,0.999896123,0.982790710
restart_reduced_xor_random1_sampler_island_local_warmup11_except_data_ro3_1000x125_strict_20260528_ro3_warmup_neighbors.payload,81,1,2,529,471,0.529000000,0.029000000,529,0.997572025,0.918660373
restart_reduced_xor_random1_sampler_island_local_warmup11_except_data_ro3_1000x125_strict_20260528_ro3_warmup_neighbors.payload,81,1,3,549,451,0.549000000,0.049000000,549,0.993061046,0.865121946
restart_reduced_xor_random1_sampler_island_local_warmup11_except_data_ro3_1000x125_strict_20260528_ro3_warmup_neighbors.payload,81,1,4,509,491,0.509000000,0.009000000,509,0.999766271,0.974262439
restart_reduced_xor_random1_sampler_island_local_warmup11_except_data_ro3_1000x125_strict_20260528_ro3_warmup_neighbors.payload,81,1,5,486,514,0.486000000,0.014000000,514,0.999434390,0.960159735
restart_reduced_xor_random1_sampler_island_local_warmup11_except_data_ro3_1000x125_strict_20260528_ro3_warmup_neighbors.payload,81,1,6,506,494,0.506000000,0.006000000,506,0.999896123,0.982790710
restart_reduced_xor_random1_sampler_island_local_warmup11_except_data_ro3_1000x125_strict_20260528_ro3_warmup_neighbors.payload,81,1,7,511,489,0.511000000,0.011000000,511,0.999650840,0.968604804
restart_reduced_xor_random1_sampler_island_local_warmup11_except_data_ro3_1000x125_strict_20260528_ro3_warmup_neighbors.payload,82,2,0,477,523,0.477000000,0.023000000,523,0.998473090,0.935117148
restart_reduced_xor_random1_sampler_island_local_warmup11_except_data_ro3_1000x125_strict_20260528_ro3_warmup_neighbors.payload,82,2,1,492,508,0.492000000,0.008000000,508,0.999815327,0.977099598
restart_reduced_xor_random1_sampler_island_local_warmup11_except_data_ro3_1000x125_strict_20260528_ro3_warmup_neighbors.payload,82,2,2,499,501,0.499000000,0.001000000,501,0.999997115,0.997117491
restart_reduced_xor_random1_sampler_island_local_warmup11_except_data_ro3_1000x125_strict_20260528_ro3_warmup_neighbors.payload,82,2,3,509,491,0.509000000,0.009000000,509,0.999766271,0.974262439
restart_reduced_xor_random1_sampler_island_local_warmup11_except_data_ro3_1000x125_strict_20260528_ro3_warmup_neighbors.payload,82,2,4,495,505,0.495000000,0.005000000,505,0.999927864,0.985644707
restart_reduced_xor_random1_sampler_island_local_warmup11_except_data_ro3_1000x125_strict_20260528_ro3_warmup_neighbors.payload,82,2,5,524,476,0.524000000,0.024000000,524,0.998337377,0.932361283
restart_reduced_xor_random1_sampler_island_local_warmup11_except_data_ro3_1000x125_strict_20260528_ro3_warmup_neighbors.payload,82,2,6,490,510,0.490000000,0.010000000,510,0.999711442,0.971430848
restart_reduced_xor_random1_sampler_island_local_warmup11_except_data_ro3_1000x125_strict_20260528_ro3_warmup_neighbors.payload,82,2,7,477,523,0.477000000,0.023000000,523,0.998473090,0.935117148
restart_reduced_xor_random1_sampler_island_local_warmup11_except_data_ro3_1000x125_strict_20260528_ro3_warmup_neighbors.payload,83,3,0,483,517,0.483000000,0.017000000,517,0.999165962,0.951763814
restart_reduced_xor_random1_sampler_island_local_warmup11_except_data_ro3_1000x125_strict_20260528_ro3_warmup_neighbors.payload,83,3,1,504,496,0.504000000,0.004000000,504,0.999953833,0.988504361
restart_reduced_xor_random1_sampler_island_local_warmup11_except_data_ro3_1000x125_strict_20260528_ro3_warmup_neighbors.payload,83,3,2,494,506,0.494000000,0.006000000,506,0.999896123,0.982790710
restart_reduced_xor_random1_sampler_island_local_warmup11_except_data_ro3_1000x125_strict_20260528_ro3_warmup_neighbors.payload,83,3,3,498,502,0.498000000,0.002000000,502,0.999988458,0.994240731
restart_reduced_xor_random1_sampler_island_local_warmup11_except_data_ro3_1000x125_strict_20260528_ro3_warmup_neighbors.payload,83,3,4,505,495,0.505000000,0.005000000,505,0.999927864,0.985644707
restart_reduced_xor_random1_sampler_island_local_warmup11_except_data_ro3_1000x125_strict_20260528_ro3_warmup_neighbors.payload,83,3,5,494,506,0.494000000,0.006000000,506,0.999896123,0.982790710
restart_reduced_xor_random1_sampler_island_local_warmup11_except_data_ro3_1000x125_strict_20260528_ro3_warmup_neighbors.payload,83,3,6,478,522,0.478000000,0.022000000,522,0.998603020,0.937878288
restart_reduced_xor_random1_sampler_island_local_warmup11_except_data_ro3_1000x125_strict_20260528_ro3_warmup_neighbors.payload,83,3,7,502,498,0.502000000,0.002000000,502,0.999988458,0.994240731
restart_reduced_xor_random1_sampler_island_local_warmup11_except_data_ro3_1000x125_strict_20260528_ro3_warmup_neighbors.payload,84,4,0,466,534,0.466000000,0.034000000,534,0.996661914,0.905088353
restart_reduced_xor_random1_sampler_island_local_warmup11_except_data_ro3_1000x125_strict_20260528_ro3_warmup_neighbors.payload,84,4,1,519,481,0.519000000,0.019000000,519,0.998958123,0.946193556
restart_reduced_xor_random1_sampler_island_local_warmup11_except_data_ro3_1000x125_strict_20260528_ro3_warmup_neighbors.payload,84,4,2,483,517,0.483000000,0.017000000,517,0.999165962,0.951763814
restart_reduced_xor_random1_sampler_island_local_warmup11_except_data_ro3_1000x125_strict_20260528_ro3_warmup_neighbors.payload,84,4,3,509,491,0.509000000,0.009000000,509,0.999766271,0.974262439
restart_reduced_xor_random1_sampler_island_local_warmup11_except_data_ro3_1000x125_strict_20260528_ro3_warmup_neighbors.payload,84,4,4,502,498,0.502000000,0.002000000,502,0.999988458,0.994240731
restart_reduced_xor_random1_sampler_island_local_warmup11_except_data_ro3_1000x125_strict_20260528_ro3_warmup_neighbors.payload,84,4,5,497,503,0.497000000,0.003000000,503,0.999974031,0.991369695
restart_reduced_xor_random1_sampler_island_local_warmup11_except_data_ro3_1000x125_strict_20260528_ro3_warmup_neighbors.payload,84,4,6,496,504,0.496000000,0.004000000,504,0.999953833,0.988504361
restart_reduced_xor_random1_sampler_island_local_warmup11_except_data_ro3_1000x125_strict_20260528_ro3_warmup_neighbors.payload,84,4,7,503,497,0.503000000,0.003000000,503,0.999974031,0.991369695
restart_reduced_xor_random1_sampler_island_local_warmup11_except_data_ro3_1000x125_strict_20260528_ro3_warmup_neighbors.payload,85,5,0,477,523,0.477000000,0.023000000,523,0.998473090,0.935117148
restart_reduced_xor_random1_sampler_island_local_warmup11_except_data_ro3_1000x125_strict_20260528_ro3_warmup_neighbors.payload,85,5,1,508,492,0.508000000,0.008000000,508,0.999815327,0.977099598
restart_reduced_xor_random1_sampler_island_local_warmup11_except_data_ro3_1000x125_strict_20260528_ro3_warmup_neighbors.payload,85,5,2,482,518,0.482000000,0.018000000,518,0.999064932,0.948975997
restart_reduced_xor_random1_sampler_island_local_warmup11_except_data_ro3_1000x125_strict_20260528_ro3_warmup_neighbors.payload,85,5,3,488,512,0.488000000,0.012000000,512,0.999584464,0.965784285
restart_reduced_xor_random1_sampler_island_local_warmup11_except_data_ro3_1000x125_strict_20260528_ro3_warmup_neighbors.payload,85,5,4,520,480,0.520000000,0.020000000,520,0.998845536,0.943416472
restart_reduced_xor_random1_sampler_island_local_warmup11_except_data_ro3_1000x125_strict_20260528_ro3_warmup_neighbors.payload,85,5,5,486,514,0.486000000,0.014000000,514,0.999434390,0.960159735
restart_reduced_xor_random1_sampler_island_local_warmup11_except_data_ro3_1000x125_strict_20260528_ro3_warmup_neighbors.payload,85,5,6,523,477,0.523000000,0.023000000,523,0.998473090,0.935117148
restart_reduced_xor_random1_sampler_island_local_warmup11_except_data_ro3_1000x125_strict_20260528_ro3_warmup_neighbors.payload,85,5,7,510,490,0.510000000,0.010000000,510,0.999711442,0.971430848
restart_reduced_xor_random1_sampler_island_local_warmup11_except_data_ro3_1000x125_strict_20260528_ro3_warmup_neighbors.payload,86,6,0,515,485,0.515000000,0.015000000,515,0.999350690,0.957355663
restart_reduced_xor_random1_sampler_island_local_warmup11_except_data_ro3_1000x125_strict_20260528_ro3_warmup_neighbors.payload,86,6,1,498,502,0.498000000,0.002000000,502,0.999988458,0.994240731
restart_reduced_xor_random1_sampler_island_local_warmup11_except_data_ro3_1000x125_strict_20260528_ro3_warmup_neighbors.payload,86,6,2,513,487,0.513000000,0.013000000,513,0.999512314,0.962969269
restart_reduced_xor_random1_sampler_island_local_warmup11_except_data_ro3_1000x125_strict_20260528_ro3_warmup_neighbors.payload,86,6,3,504,496,0.504000000,0.004000000,504,0.999953833,0.988504361
restart_reduced_xor_random1_sampler_island_local_warmup11_except_data_ro3_1000x125_strict_20260528_ro3_warmup_neighbors.payload,86,6,4,494,506,0.494000000,0.006000000,506,0.999896123,0.982790710
restart_reduced_xor_random1_sampler_island_local_warmup11_except_data_ro3_1000x125_strict_20260528_ro3_warmup_neighbors.payload,86,6,5,504,496,0.504000000,0.004000000,504,0.999953833,0.988504361
restart_reduced_xor_random1_sampler_island_local_warmup11_except_data_ro3_1000x125_strict_20260528_ro3_warmup_neighbors.payload,86,6,6,504,496,0.504000000,0.004000000,504,0.999953833,0.988504361
restart_reduced_xor_random1_sampler_island_local_warmup11_except_data_ro3_1000x125_strict_20260528_ro3_warmup_neighbors.payload,86,6,7,502,498,0.502000000,0.002000000,502,0.999988458,0.994240731
restart_reduced_xor_random1_sampler_island_local_warmup11_except_data_ro3_1000x125_strict_20260528_ro3_warmup_neighbors.payload,87,7,0,490,510,0.490000000,0.010000000,510,0.999711442,0.971430848
restart_reduced_xor_random1_sampler_island_local_warmup11_except_data_ro3_1000x125_strict_20260528_ro3_warmup_neighbors.payload,87,7,1,497,503,0.497000000,0.003000000,503,0.999974031,0.991369695
restart_reduced_xor_random1_sampler_island_local_warmup11_except_data_ro3_1000x125_strict_20260528_ro3_warmup_neighbors.payload,87,7,2,480,520,0.480000000,0.020000000,520,0.998845536,0.943416472
restart_reduced_xor_random1_sampler_island_local_warmup11_except_data_ro3_1000x125_strict_20260528_ro3_warmup_neighbors.payload,87,7,3,513,487,0.513000000,0.013000000,513,0.999512314,0.962969269
restart_reduced_xor_random1_sampler_island_local_warmup11_except_data_ro3_1000x125_strict_20260528_ro3_warmup_neighbors.payload,87,7,4,473,527,0.473000000,0.027000000,527,0.997895527,0.924125133
restart_reduced_xor_random1_sampler_island_local_warmup11_except_data_ro3_1000x125_strict_20260528_ro3_warmup_neighbors.payload,87,7,5,489,511,0.489000000,0.011000000,511,0.999650840,0.968604804
restart_reduced_xor_random1_sampler_island_local_warmup11_except_data_ro3_1000x125_strict_20260528_ro3_warmup_neighbors.payload,87,7,6,487,513,0.487000000,0.013000000,513,0.999512314,0.962969269
restart_reduced_xor_random1_sampler_island_local_warmup11_except_data_ro3_1000x125_strict_20260528_ro3_warmup_neighbors.payload,87,7,7,516,484,0.516000000,0.016000000,516,0.999261214,0.954557029
restart_reduced_xor_random1_sampler_island_local_warmup11_except_data_ro3_1000x125_strict_20260528_ro3_warmup_neighbors.payload,88,0,0,506,494,0.506000000,0.006000000,506,0.999896123,0.982790710
restart_reduced_xor_random1_sampler_island_local_warmup11_except_data_ro3_1000x125_strict_20260528_ro3_warmup_neighbors.payload,88,0,1,501,499,0.501000000,0.001000000,501,0.999997115,0.997117491
restart_reduced_xor_random1_sampler_island_local_warmup11_except_data_ro3_1000x125_strict_20260528_ro3_warmup_neighbors.payload,88,0,2,489,511,0.489000000,0.011000000,511,0.999650840,0.968604804
restart_reduced_xor_random1_sampler_island_local_warmup11_except_data_ro3_1000x125_strict_20260528_ro3_warmup_neighbors.payload,88,0,3,495,505,0.495000000,0.005000000,505,0.999927864,0.985644707
restart_reduced_xor_random1_sampler_island_local_warmup11_except_data_ro3_1000x125_strict_20260528_ro3_warmup_neighbors.payload,88,0,4,482,518,0.482000000,0.018000000,518,0.999064932,0.948975997
restart_reduced_xor_random1_sampler_island_local_warmup11_except_data_ro3_1000x125_strict_20260528_ro3_warmup_neighbors.payload,88,0,5,508,492,0.508000000,0.008000000,508,0.999815327,0.977099598
restart_reduced_xor_random1_sampler_island_local_warmup11_except_data_ro3_1000x125_strict_20260528_ro3_warmup_neighbors.payload,88,0,6,504,496,0.504000000,0.004000000,504,0.999953833,0.988504361
restart_reduced_xor_random1_sampler_island_local_warmup11_except_data_ro3_1000x125_strict_20260528_ro3_warmup_neighbors.payload,88,0,7,501,499,0.501000000,0.001000000,501,0.999997115,0.997117491
restart_reduced_xor_random1_sampler_island_local_warmup11_except_data_ro3_1000x125_strict_20260528_ro3_warmup_neighbors.payload,89,1,0,502,498,0.502000000,0.002000000,502,0.999988458,0.994240731
restart_reduced_xor_random1_sampler_island_local_warmup11_except_data_ro3_1000x125_strict_20260528_ro3_warmup_neighbors.payload,89,1,1,497,503,0.497000000,0.003000000,503,0.999974031,0.991369695
restart_reduced_xor_random1_sampler_island_local_warmup11_except_data_ro3_1000x125_strict_20260528_ro3_warmup_neighbors.payload,89,1,2,487,513,0.487000000,0.013000000,513,0.999512314,0.962969269
restart_reduced_xor_random1_sampler_island_local_warmup11_except_data_ro3_1000x125_strict_20260528_ro3_warmup_neighbors.payload,89,1,3,560,440,0.560000000,0.060000000,560,0.989587521,0.836501268
restart_reduced_xor_random1_sampler_island_local_warmup11_except_data_ro3_1000x125_strict_20260528_ro3_warmup_neighbors.payload,89,1,4,521,479,0.521000000,0.021000000,521,0.998727169,0.940644722
restart_reduced_xor_random1_sampler_island_local_warmup11_except_data_ro3_1000x125_strict_20260528_ro3_warmup_neighbors.payload,89,1,5,475,525,0.475000000,0.025000000,525,0.998195879,0.929610672
restart_reduced_xor_random1_sampler_island_local_warmup11_except_data_ro3_1000x125_strict_20260528_ro3_warmup_neighbors.payload,89,1,6,516,484,0.516000000,0.016000000,516,0.999261214,0.954557029
restart_reduced_xor_random1_sampler_island_local_warmup11_except_data_ro3_1000x125_strict_20260528_ro3_warmup_neighbors.payload,89,1,7,518,482,0.518000000,0.018000000,518,0.999064932,0.948975997
restart_reduced_xor_random1_sampler_island_local_warmup11_except_data_ro3_1000x125_strict_20260528_ro3_warmup_neighbors.payload,90,2,0,499,501,0.499000000,0.001000000,501,0.999997115,0.997117491
restart_reduced_xor_random1_sampler_island_local_warmup11_except_data_ro3_1000x125_strict_20260528_ro3_warmup_neighbors.payload,90,2,1,477,523,0.477000000,0.023000000,523,0.998473090,0.935117148
restart_reduced_xor_random1_sampler_island_local_warmup11_except_data_ro3_1000x125_strict_20260528_ro3_warmup_neighbors.payload,90,2,2,513,487,0.513000000,0.013000000,513,0.999512314,0.962969269
restart_reduced_xor_random1_sampler_island_local_warmup11_except_data_ro3_1000x125_strict_20260528_ro3_warmup_neighbors.payload,90,2,3,518,482,0.518000000,0.018000000,518,0.999064932,0.948975997
restart_reduced_xor_random1_sampler_island_local_warmup11_except_data_ro3_1000x125_strict_20260528_ro3_warmup_neighbors.payload,90,2,4,498,502,0.498000000,0.002000000,502,0.999988458,0.994240731
restart_reduced_xor_random1_sampler_island_local_warmup11_except_data_ro3_1000x125_strict_20260528_ro3_warmup_neighbors.payload,90,2,5,505,495,0.505000000,0.005000000,505,0.999927864,0.985644707
restart_reduced_xor_random1_sampler_island_local_warmup11_except_data_ro3_1000x125_strict_20260528_ro3_warmup_neighbors.payload,90,2,6,522,478,0.522000000,0.022000000,522,0.998603020,0.937878288
restart_reduced_xor_random1_sampler_island_local_warmup11_except_data_ro3_1000x125_strict_20260528_ro3_warmup_neighbors.payload,90,2,7,520,480,0.520000000,0.020000000,520,0.998845536,0.943416472
restart_reduced_xor_random1_sampler_island_local_warmup11_except_data_ro3_1000x125_strict_20260528_ro3_warmup_neighbors.payload,91,3,0,485,515,0.485000000,0.015000000,515,0.999350690,0.957355663
restart_reduced_xor_random1_sampler_island_local_warmup11_except_data_ro3_1000x125_strict_20260528_ro3_warmup_neighbors.payload,91,3,1,488,512,0.488000000,0.012000000,512,0.999584464,0.965784285
restart_reduced_xor_random1_sampler_island_local_warmup11_except_data_ro3_1000x125_strict_20260528_ro3_warmup_neighbors.payload,91,3,2,491,509,0.491000000,0.009000000,509,0.999766271,0.974262439
restart_reduced_xor_random1_sampler_island_local_warmup11_except_data_ro3_1000x125_strict_20260528_ro3_warmup_neighbors.payload,91,3,3,505,495,0.505000000,0.005000000,505,0.999927864,0.985644707
restart_reduced_xor_random1_sampler_island_local_warmup11_except_data_ro3_1000x125_strict_20260528_ro3_warmup_neighbors.payload,91,3,4,520,480,0.520000000,0.020000000,520,0.998845536,0.943416472
restart_reduced_xor_random1_sampler_island_local_warmup11_except_data_ro3_1000x125_strict_20260528_ro3_warmup_neighbors.payload,91,3,5,484,516,0.484000000,0.016000000,516,0.999261214,0.954557029
restart_reduced_xor_random1_sampler_island_local_warmup11_except_data_ro3_1000x125_strict_20260528_ro3_warmup_neighbors.payload,91,3,6,508,492,0.508000000,0.008000000,508,0.999815327,0.977099598
restart_reduced_xor_random1_sampler_island_local_warmup11_except_data_ro3_1000x125_strict_20260528_ro3_warmup_neighbors.payload,91,3,7,510,490,0.510000000,0.010000000,510,0.999711442,0.971430848
restart_reduced_xor_random1_sampler_island_local_warmup11_except_data_ro3_1000x125_strict_20260528_ro3_warmup_neighbors.payload,92,4,0,510,490,0.510000000,0.010000000,510,0.999711442,0.971430848
restart_reduced_xor_random1_sampler_island_local_warmup11_except_data_ro3_1000x125_strict_20260528_ro3_warmup_neighbors.payload,92,4,1,483,517,0.483000000,0.017000000,517,0.999165962,0.951763814
restart_reduced_xor_random1_sampler_island_local_warmup11_except_data_ro3_1000x125_strict_20260528_ro3_warmup_neighbors.payload,92,4,2,519,481,0.519000000,0.019000000,519,0.998958123,0.946193556
restart_reduced_xor_random1_sampler_island_local_warmup11_except_data_ro3_1000x125_strict_20260528_ro3_warmup_neighbors.payload,92,4,3,512,488,0.512000000,0.012000000,512,0.999584464,0.965784285
restart_reduced_xor_random1_sampler_island_local_warmup11_except_data_ro3_1000x125_strict_20260528_ro3_warmup_neighbors.payload,92,4,4,501,499,0.501000000,0.001000000,501,0.999997115,0.997117491
restart_reduced_xor_random1_sampler_island_local_warmup11_except_data_ro3_1000x125_strict_20260528_ro3_warmup_neighbors.payload,92,4,5,508,492,0.508000000,0.008000000,508,0.999815327,0.977099598
restart_reduced_xor_random1_sampler_island_local_warmup11_except_data_ro3_1000x125_strict_20260528_ro3_warmup_neighbors.payload,92,4,6,503,497,0.503000000,0.003000000,503,0.999974031,0.991369695
restart_reduced_xor_random1_sampler_island_local_warmup11_except_data_ro3_1000x125_strict_20260528_ro3_warmup_neighbors.payload,92,4,7,464,536,0.464000000,0.036000000,536,0.996257297,0.899695094
restart_reduced_xor_random1_sampler_island_local_warmup11_except_data_ro3_1000x125_strict_20260528_ro3_warmup_neighbors.payload,93,5,0,502,498,0.502000000,0.002000000,502,0.999988458,0.994240731
restart_reduced_xor_random1_sampler_island_local_warmup11_except_data_ro3_1000x125_strict_20260528_ro3_warmup_neighbors.payload,93,5,1,481,519,0.481000000,0.019000000,519,0.998958123,0.946193556
restart_reduced_xor_random1_sampler_island_local_warmup11_except_data_ro3_1000x125_strict_20260528_ro3_warmup_neighbors.payload,93,5,2,510,490,0.510000000,0.010000000,510,0.999711442,0.971430848
restart_reduced_xor_random1_sampler_island_local_warmup11_except_data_ro3_1000x125_strict_20260528_ro3_warmup_neighbors.payload,93,5,3,474,526,0.474000000,0.026000000,526,0.998048596,0.926865295
restart_reduced_xor_random1_sampler_island_local_warmup11_except_data_ro3_1000x125_strict_20260528_ro3_warmup_neighbors.payload,93,5,4,494,506,0.494000000,0.006000000,506,0.999896123,0.982790710
restart_reduced_xor_random1_sampler_island_local_warmup11_except_data_ro3_1000x125_strict_20260528_ro3_warmup_neighbors.payload,93,5,5,532,468,0.532000000,0.032000000,532,0.997043340,0.910501849
restart_reduced_xor_random1_sampler_island_local_warmup11_except_data_ro3_1000x125_strict_20260528_ro3_warmup_neighbors.payload,93,5,6,519,481,0.519000000,0.019000000,519,0.998958123,0.946193556
restart_reduced_xor_random1_sampler_island_local_warmup11_except_data_ro3_1000x125_strict_20260528_ro3_warmup_neighbors.payload,93,5,7,498,502,0.498000000,0.002000000,502,0.999988458,0.994240731
restart_reduced_xor_random1_sampler_island_local_warmup11_except_data_ro3_1000x125_strict_20260528_ro3_warmup_neighbors.payload,94,6,0,499,501,0.499000000,0.001000000,501,0.999997115,0.997117491
restart_reduced_xor_random1_sampler_island_local_warmup11_except_data_ro3_1000x125_strict_20260528_ro3_warmup_neighbors.payload,94,6,1,484,516,0.484000000,0.016000000,516,0.999261214,0.954557029
restart_reduced_xor_random1_sampler_island_local_warmup11_except_data_ro3_1000x125_strict_20260528_ro3_warmup_neighbors.payload,94,6,2,496,504,0.496000000,0.004000000,504,0.999953833,0.988504361
restart_reduced_xor_random1_sampler_island_local_warmup11_except_data_ro3_1000x125_strict_20260528_ro3_warmup_neighbors.payload,94,6,3,515,485,0.515000000,0.015000000,515,0.999350690,0.957355663
restart_reduced_xor_random1_sampler_island_local_warmup11_except_data_ro3_1000x125_strict_20260528_ro3_warmup_neighbors.payload,94,6,4,511,489,0.511000000,0.011000000,511,0.999650840,0.968604804
restart_reduced_xor_random1_sampler_island_local_warmup11_except_data_ro3_1000x125_strict_20260528_ro3_warmup_neighbors.payload,94,6,5,472,528,0.472000000,0.028000000,528,0.997736670,0.921390165
restart_reduced_xor_random1_sampler_island_local_warmup11_except_data_ro3_1000x125_strict_20260528_ro3_warmup_neighbors.payload,94,6,6,493,507,0.493000000,0.007000000,507,0.999858611,0.979942348
restart_reduced_xor_random1_sampler_island_local_warmup11_except_data_ro3_1000x125_strict_20260528_ro3_warmup_neighbors.payload,94,6,7,505,495,0.505000000,0.005000000,505,0.999927864,0.985644707
restart_reduced_xor_random1_sampler_island_local_warmup11_except_data_ro3_1000x125_strict_20260528_ro3_warmup_neighbors.payload,95,7,0,513,487,0.513000000,0.013000000,513,0.999512314,0.962969269
restart_reduced_xor_random1_sampler_island_local_warmup11_except_data_ro3_1000x125_strict_20260528_ro3_warmup_neighbors.payload,95,7,1,504,496,0.504000000,0.004000000,504,0.999953833,0.988504361
restart_reduced_xor_random1_sampler_island_local_warmup11_except_data_ro3_1000x125_strict_20260528_ro3_warmup_neighbors.payload,95,7,2,508,492,0.508000000,0.008000000,508,0.999815327,0.977099598
restart_reduced_xor_random1_sampler_island_local_warmup11_except_data_ro3_1000x125_strict_20260528_ro3_warmup_neighbors.payload,95,7,3,500,500,0.500000000,0.000000000,500,1.000000000,1.000000000
restart_reduced_xor_random1_sampler_island_local_warmup11_except_data_ro3_1000x125_strict_20260528_ro3_warmup_neighbors.payload,95,7,4,497,503,0.497000000,0.003000000,503,0.999974031,0.991369695
restart_reduced_xor_random1_sampler_island_local_warmup11_except_data_ro3_1000x125_strict_20260528_ro3_warmup_neighbors.payload,95,7,5,512,488,0.512000000,0.012000000,512,0.999584464,0.965784285
restart_reduced_xor_random1_sampler_island_local_warmup11_except_data_ro3_1000x125_strict_20260528_ro3_warmup_neighbors.payload,95,7,6,517,483,0.517000000,0.017000000,517,0.999165962,0.951763814
restart_reduced_xor_random1_sampler_island_local_warmup11_except_data_ro3_1000x125_strict_20260528_ro3_warmup_neighbors.payload,95,7,7,525,475,0.525000000,0.025000000,525,0.998195879,0.929610672
restart_reduced_xor_random1_sampler_island_local_warmup11_except_data_ro3_1000x125_strict_20260528_ro3_warmup_neighbors.payload,96,0,0,497,503,0.497000000,0.003000000,503,0.999974031,0.991369695
restart_reduced_xor_random1_sampler_island_local_warmup11_except_data_ro3_1000x125_strict_20260528_ro3_warmup_neighbors.payload,96,0,1,491,509,0.491000000,0.009000000,509,0.999766271,0.974262439
restart_reduced_xor_random1_sampler_island_local_warmup11_except_data_ro3_1000x125_strict_20260528_ro3_warmup_neighbors.payload,96,0,2,465,535,0.465000000,0.035000000,535,0.996462505,0.902389203
restart_reduced_xor_random1_sampler_island_local_warmup11_except_data_ro3_1000x125_strict_20260528_ro3_warmup_neighbors.payload,96,0,3,477,523,0.477000000,0.023000000,523,0.998473090,0.935117148
restart_reduced_xor_random1_sampler_island_local_warmup11_except_data_ro3_1000x125_strict_20260528_ro3_warmup_neighbors.payload,96,0,4,492,508,0.492000000,0.008000000,508,0.999815327,0.977099598
restart_reduced_xor_random1_sampler_island_local_warmup11_except_data_ro3_1000x125_strict_20260528_ro3_warmup_neighbors.payload,96,0,5,498,502,0.498000000,0.002000000,502,0.999988458,0.994240731
restart_reduced_xor_random1_sampler_island_local_warmup11_except_data_ro3_1000x125_strict_20260528_ro3_warmup_neighbors.payload,96,0,6,511,489,0.511000000,0.011000000,511,0.999650840,0.968604804
restart_reduced_xor_random1_sampler_island_local_warmup11_except_data_ro3_1000x125_strict_20260528_ro3_warmup_neighbors.payload,96,0,7,496,504,0.496000000,0.004000000,504,0.999953833,0.988504361
restart_reduced_xor_random1_sampler_island_local_warmup11_except_data_ro3_1000x125_strict_20260528_ro3_warmup_neighbors.payload,97,1,0,506,494,0.506000000,0.006000000,506,0.999896123,0.982790710
restart_reduced_xor_random1_sampler_island_local_warmup11_except_data_ro3_1000x125_strict_20260528_ro3_warmup_neighbors.payload,97,1,1,495,505,0.495000000,0.005000000,505,0.999927864,0.985644707
restart_reduced_xor_random1_sampler_island_local_warmup11_except_data_ro3_1000x125_strict_20260528_ro3_warmup_neighbors.payload,97,1,2,482,518,0.482000000,0.018000000,518,0.999064932,0.948975997
restart_reduced_xor_random1_sampler_island_local_warmup11_except_data_ro3_1000x125_strict_20260528_ro3_warmup_neighbors.payload,97,1,3,482,518,0.482000000,0.018000000,518,0.999064932,0.948975997
restart_reduced_xor_random1_sampler_island_local_warmup11_except_data_ro3_1000x125_strict_20260528_ro3_warmup_neighbors.payload,97,1,4,498,502,0.498000000,0.002000000,502,0.999988458,0.994240731
restart_reduced_xor_random1_sampler_island_local_warmup11_except_data_ro3_1000x125_strict_20260528_ro3_warmup_neighbors.payload,97,1,5,499,501,0.499000000,0.001000000,501,0.999997115,0.997117491
restart_reduced_xor_random1_sampler_island_local_warmup11_except_data_ro3_1000x125_strict_20260528_ro3_warmup_neighbors.payload,97,1,6,519,481,0.519000000,0.019000000,519,0.998958123,0.946193556
restart_reduced_xor_random1_sampler_island_local_warmup11_except_data_ro3_1000x125_strict_20260528_ro3_warmup_neighbors.payload,97,1,7,494,506,0.494000000,0.006000000,506,0.999896123,0.982790710
restart_reduced_xor_random1_sampler_island_local_warmup11_except_data_ro3_1000x125_strict_20260528_ro3_warmup_neighbors.payload,98,2,0,523,477,0.523000000,0.023000000,523,0.998473090,0.935117148
restart_reduced_xor_random1_sampler_island_local_warmup11_except_data_ro3_1000x125_strict_20260528_ro3_warmup_neighbors.payload,98,2,1,518,482,0.518000000,0.018000000,518,0.999064932,0.948975997
restart_reduced_xor_random1_sampler_island_local_warmup11_except_data_ro3_1000x125_strict_20260528_ro3_warmup_neighbors.payload,98,2,2,474,526,0.474000000,0.026000000,526,0.998048596,0.926865295
restart_reduced_xor_random1_sampler_island_local_warmup11_except_data_ro3_1000x125_strict_20260528_ro3_warmup_neighbors.payload,98,2,3,489,511,0.489000000,0.011000000,511,0.999650840,0.968604804
restart_reduced_xor_random1_sampler_island_local_warmup11_except_data_ro3_1000x125_strict_20260528_ro3_warmup_neighbors.payload,98,2,4,510,490,0.510000000,0.010000000,510,0.999711442,0.971430848
restart_reduced_xor_random1_sampler_island_local_warmup11_except_data_ro3_1000x125_strict_20260528_ro3_warmup_neighbors.payload,98,2,5,509,491,0.509000000,0.009000000,509,0.999766271,0.974262439
restart_reduced_xor_random1_sampler_island_local_warmup11_except_data_ro3_1000x125_strict_20260528_ro3_warmup_neighbors.payload,98,2,6,488,512,0.488000000,0.012000000,512,0.999584464,0.965784285
restart_reduced_xor_random1_sampler_island_local_warmup11_except_data_ro3_1000x125_strict_20260528_ro3_warmup_neighbors.payload,98,2,7,505,495,0.505000000,0.005000000,505,0.999927864,0.985644707
restart_reduced_xor_random1_sampler_island_local_warmup11_except_data_ro3_1000x125_strict_20260528_ro3_warmup_neighbors.payload,99,3,0,512,488,0.512000000,0.012000000,512,0.999584464,0.965784285
restart_reduced_xor_random1_sampler_island_local_warmup11_except_data_ro3_1000x125_strict_20260528_ro3_warmup_neighbors.payload,99,3,1,508,492,0.508000000,0.008000000,508,0.999815327,0.977099598
restart_reduced_xor_random1_sampler_island_local_warmup11_except_data_ro3_1000x125_strict_20260528_ro3_warmup_neighbors.payload,99,3,2,511,489,0.511000000,0.011000000,511,0.999650840,0.968604804
restart_reduced_xor_random1_sampler_island_local_warmup11_except_data_ro3_1000x125_strict_20260528_ro3_warmup_neighbors.payload,99,3,3,486,514,0.486000000,0.014000000,514,0.999434390,0.960159735
restart_reduced_xor_random1_sampler_island_local_warmup11_except_data_ro3_1000x125_strict_20260528_ro3_warmup_neighbors.payload,99,3,4,498,502,0.498000000,0.002000000,502,0.999988458,0.994240731
restart_reduced_xor_random1_sampler_island_local_warmup11_except_data_ro3_1000x125_strict_20260528_ro3_warmup_neighbors.payload,99,3,5,523,477,0.523000000,0.023000000,523,0.998473090,0.935117148
restart_reduced_xor_random1_sampler_island_local_warmup11_except_data_ro3_1000x125_strict_20260528_ro3_warmup_neighbors.payload,99,3,6,506,494,0.506000000,0.006000000,506,0.999896123,0.982790710
restart_reduced_xor_random1_sampler_island_local_warmup11_except_data_ro3_1000x125_strict_20260528_ro3_warmup_neighbors.payload,99,3,7,520,480,0.520000000,0.020000000,520,0.998845536,0.943416472
restart_reduced_xor_random1_sampler_island_local_warmup11_except_data_ro3_1000x125_strict_20260528_ro3_warmup_neighbors.payload,100,4,0,511,489,0.511000000,0.011000000,511,0.999650840,0.968604804
restart_reduced_xor_random1_sampler_island_local_warmup11_except_data_ro3_1000x125_strict_20260528_ro3_warmup_neighbors.payload,100,4,1,500,500,0.500000000,0.000000000,500,1.000000000,1.000000000
restart_reduced_xor_random1_sampler_island_local_warmup11_except_data_ro3_1000x125_strict_20260528_ro3_warmup_neighbors.payload,100,4,2,488,512,0.488000000,0.012000000,512,0.999584464,0.965784285
restart_reduced_xor_random1_sampler_island_local_warmup11_except_data_ro3_1000x125_strict_20260528_ro3_warmup_neighbors.payload,100,4,3,500,500,0.500000000,0.000000000,500,1.000000000,1.000000000
restart_reduced_xor_random1_sampler_island_local_warmup11_except_data_ro3_1000x125_strict_20260528_ro3_warmup_neighbors.payload,100,4,4,485,515,0.485000000,0.015000000,515,0.999350690,0.957355663
restart_reduced_xor_random1_sampler_island_local_warmup11_except_data_ro3_1000x125_strict_20260528_ro3_warmup_neighbors.payload,100,4,5,502,498,0.502000000,0.002000000,502,0.999988458,0.994240731
restart_reduced_xor_random1_sampler_island_local_warmup11_except_data_ro3_1000x125_strict_20260528_ro3_warmup_neighbors.payload,100,4,6,511,489,0.511000000,0.011000000,511,0.999650840,0.968604804
restart_reduced_xor_random1_sampler_island_local_warmup11_except_data_ro3_1000x125_strict_20260528_ro3_warmup_neighbors.payload,100,4,7,502,498,0.502000000,0.002000000,502,0.999988458,0.994240731
restart_reduced_xor_random1_sampler_island_local_warmup11_except_data_ro3_1000x125_strict_20260528_ro3_warmup_neighbors.payload,101,5,0,497,503,0.497000000,0.003000000,503,0.999974031,0.991369695
restart_reduced_xor_random1_sampler_island_local_warmup11_except_data_ro3_1000x125_strict_20260528_ro3_warmup_neighbors.payload,101,5,1,504,496,0.504000000,0.004000000,504,0.999953833,0.988504361
restart_reduced_xor_random1_sampler_island_local_warmup11_except_data_ro3_1000x125_strict_20260528_ro3_warmup_neighbors.payload,101,5,2,489,511,0.489000000,0.011000000,511,0.999650840,0.968604804
restart_reduced_xor_random1_sampler_island_local_warmup11_except_data_ro3_1000x125_strict_20260528_ro3_warmup_neighbors.payload,101,5,3,507,493,0.507000000,0.007000000,507,0.999858611,0.979942348
restart_reduced_xor_random1_sampler_island_local_warmup11_except_data_ro3_1000x125_strict_20260528_ro3_warmup_neighbors.payload,101,5,4,491,509,0.491000000,0.009000000,509,0.999766271,0.974262439
restart_reduced_xor_random1_sampler_island_local_warmup11_except_data_ro3_1000x125_strict_20260528_ro3_warmup_neighbors.payload,101,5,5,498,502,0.498000000,0.002000000,502,0.999988458,0.994240731
restart_reduced_xor_random1_sampler_island_local_warmup11_except_data_ro3_1000x125_strict_20260528_ro3_warmup_neighbors.payload,101,5,6,490,510,0.490000000,0.010000000,510,0.999711442,0.971430848
restart_reduced_xor_random1_sampler_island_local_warmup11_except_data_ro3_1000x125_strict_20260528_ro3_warmup_neighbors.payload,101,5,7,504,496,0.504000000,0.004000000,504,0.999953833,0.988504361
restart_reduced_xor_random1_sampler_island_local_warmup11_except_data_ro3_1000x125_strict_20260528_ro3_warmup_neighbors.payload,102,6,0,505,495,0.505000000,0.005000000,505,0.999927864,0.985644707
restart_reduced_xor_random1_sampler_island_local_warmup11_except_data_ro3_1000x125_strict_20260528_ro3_warmup_neighbors.payload,102,6,1,509,491,0.509000000,0.009000000,509,0.999766271,0.974262439
restart_reduced_xor_random1_sampler_island_local_warmup11_except_data_ro3_1000x125_strict_20260528_ro3_warmup_neighbors.payload,102,6,2,492,508,0.492000000,0.008000000,508,0.999815327,0.977099598
restart_reduced_xor_random1_sampler_island_local_warmup11_except_data_ro3_1000x125_strict_20260528_ro3_warmup_neighbors.payload,102,6,3,476,524,0.476000000,0.024000000,524,0.998337377,0.932361283
restart_reduced_xor_random1_sampler_island_local_warmup11_except_data_ro3_1000x125_strict_20260528_ro3_warmup_neighbors.payload,102,6,4,534,466,0.534000000,0.034000000,534,0.996661914,0.905088353
restart_reduced_xor_random1_sampler_island_local_warmup11_except_data_ro3_1000x125_strict_20260528_ro3_warmup_neighbors.payload,102,6,5,487,513,0.487000000,0.013000000,513,0.999512314,0.962969269
restart_reduced_xor_random1_sampler_island_local_warmup11_except_data_ro3_1000x125_strict_20260528_ro3_warmup_neighbors.payload,102,6,6,493,507,0.493000000,0.007000000,507,0.999858611,0.979942348
restart_reduced_xor_random1_sampler_island_local_warmup11_except_data_ro3_1000x125_strict_20260528_ro3_warmup_neighbors.payload,102,6,7,510,490,0.510000000,0.010000000,510,0.999711442,0.971430848
restart_reduced_xor_random1_sampler_island_local_warmup11_except_data_ro3_1000x125_strict_20260528_ro3_warmup_neighbors.payload,103,7,0,509,491,0.509000000,0.009000000,509,0.999766271,0.974262439
restart_reduced_xor_random1_sampler_island_local_warmup11_except_data_ro3_1000x125_strict_20260528_ro3_warmup_neighbors.payload,103,7,1,473,527,0.473000000,0.027000000,527,0.997895527,0.924125133
restart_reduced_xor_random1_sampler_island_local_warmup11_except_data_ro3_1000x125_strict_20260528_ro3_warmup_neighbors.payload,103,7,2,507,493,0.507000000,0.007000000,507,0.999858611,0.979942348
restart_reduced_xor_random1_sampler_island_local_warmup11_except_data_ro3_1000x125_strict_20260528_ro3_warmup_neighbors.payload,103,7,3,482,518,0.482000000,0.018000000,518,0.999064932,0.948975997
restart_reduced_xor_random1_sampler_island_local_warmup11_except_data_ro3_1000x125_strict_20260528_ro3_warmup_neighbors.payload,103,7,4,505,495,0.505000000,0.005000000,505,0.999927864,0.985644707
restart_reduced_xor_random1_sampler_island_local_warmup11_except_data_ro3_1000x125_strict_20260528_ro3_warmup_neighbors.payload,103,7,5,501,499,0.501000000,0.001000000,501,0.999997115,0.997117491
restart_reduced_xor_random1_sampler_island_local_warmup11_except_data_ro3_1000x125_strict_20260528_ro3_warmup_neighbors.payload,103,7,6,524,476,0.524000000,0.024000000,524,0.998337377,0.932361283
restart_reduced_xor_random1_sampler_island_local_warmup11_except_data_ro3_1000x125_strict_20260528_ro3_warmup_neighbors.payload,103,7,7,501,499,0.501000000,0.001000000,501,0.999997115,0.997117491
restart_reduced_xor_random1_sampler_island_local_warmup11_except_data_ro3_1000x125_strict_20260528_ro3_warmup_neighbors.payload,104,0,0,494,506,0.494000000,0.006000000,506,0.999896123,0.982790710
restart_reduced_xor_random1_sampler_island_local_warmup11_except_data_ro3_1000x125_strict_20260528_ro3_warmup_neighbors.payload,104,0,1,496,504,0.496000000,0.004000000,504,0.999953833,0.988504361
restart_reduced_xor_random1_sampler_island_local_warmup11_except_data_ro3_1000x125_strict_20260528_ro3_warmup_neighbors.payload,104,0,2,519,481,0.519000000,0.019000000,519,0.998958123,0.946193556
restart_reduced_xor_random1_sampler_island_local_warmup11_except_data_ro3_1000x125_strict_20260528_ro3_warmup_neighbors.payload,104,0,3,498,502,0.498000000,0.002000000,502,0.999988458,0.994240731
restart_reduced_xor_random1_sampler_island_local_warmup11_except_data_ro3_1000x125_strict_20260528_ro3_warmup_neighbors.payload,104,0,4,510,490,0.510000000,0.010000000,510,0.999711442,0.971430848
restart_reduced_xor_random1_sampler_island_local_warmup11_except_data_ro3_1000x125_strict_20260528_ro3_warmup_neighbors.payload,104,0,5,504,496,0.504000000,0.004000000,504,0.999953833,0.988504361
restart_reduced_xor_random1_sampler_island_local_warmup11_except_data_ro3_1000x125_strict_20260528_ro3_warmup_neighbors.payload,104,0,6,492,508,0.492000000,0.008000000,508,0.999815327,0.977099598
restart_reduced_xor_random1_sampler_island_local_warmup11_except_data_ro3_1000x125_strict_20260528_ro3_warmup_neighbors.payload,104,0,7,516,484,0.516000000,0.016000000,516,0.999261214,0.954557029
restart_reduced_xor_random1_sampler_island_local_warmup11_except_data_ro3_1000x125_strict_20260528_ro3_warmup_neighbors.payload,105,1,0,493,507,0.493000000,0.007000000,507,0.999858611,0.979942348
restart_reduced_xor_random1_sampler_island_local_warmup11_except_data_ro3_1000x125_strict_20260528_ro3_warmup_neighbors.payload,105,1,1,537,463,0.537000000,0.037000000,537,0.996046288,0.897006007
restart_reduced_xor_random1_sampler_island_local_warmup11_except_data_ro3_1000x125_strict_20260528_ro3_warmup_neighbors.payload,105,1,2,526,474,0.526000000,0.026000000,526,0.998048596,0.926865295
restart_reduced_xor_random1_sampler_island_local_warmup11_except_data_ro3_1000x125_strict_20260528_ro3_warmup_neighbors.payload,105,1,3,504,496,0.504000000,0.004000000,504,0.999953833,0.988504361
restart_reduced_xor_random1_sampler_island_local_warmup11_except_data_ro3_1000x125_strict_20260528_ro3_warmup_neighbors.payload,105,1,4,477,523,0.477000000,0.023000000,523,0.998473090,0.935117148
restart_reduced_xor_random1_sampler_island_local_warmup11_except_data_ro3_1000x125_strict_20260528_ro3_warmup_neighbors.payload,105,1,5,508,492,0.508000000,0.008000000,508,0.999815327,0.977099598
restart_reduced_xor_random1_sampler_island_local_warmup11_except_data_ro3_1000x125_strict_20260528_ro3_warmup_neighbors.payload,105,1,6,510,490,0.510000000,0.010000000,510,0.999711442,0.971430848
restart_reduced_xor_random1_sampler_island_local_warmup11_except_data_ro3_1000x125_strict_20260528_ro3_warmup_neighbors.payload,105,1,7,516,484,0.516000000,0.016000000,516,0.999261214,0.954557029
restart_reduced_xor_random1_sampler_island_local_warmup11_except_data_ro3_1000x125_strict_20260528_ro3_warmup_neighbors.payload,106,2,0,501,499,0.501000000,0.001000000,501,0.999997115,0.997117491
restart_reduced_xor_random1_sampler_island_local_warmup11_except_data_ro3_1000x125_strict_20260528_ro3_warmup_neighbors.payload,106,2,1,539,461,0.539000000,0.039000000,539,0.995606861,0.891642822
restart_reduced_xor_random1_sampler_island_local_warmup11_except_data_ro3_1000x125_strict_20260528_ro3_warmup_neighbors.payload,106,2,2,511,489,0.511000000,0.011000000,511,0.999650840,0.968604804
restart_reduced_xor_random1_sampler_island_local_warmup11_except_data_ro3_1000x125_strict_20260528_ro3_warmup_neighbors.payload,106,2,3,492,508,0.492000000,0.008000000,508,0.999815327,0.977099598
restart_reduced_xor_random1_sampler_island_local_warmup11_except_data_ro3_1000x125_strict_20260528_ro3_warmup_neighbors.payload,106,2,4,490,510,0.490000000,0.010000000,510,0.999711442,0.971430848
restart_reduced_xor_random1_sampler_island_local_warmup11_except_data_ro3_1000x125_strict_20260528_ro3_warmup_neighbors.payload,106,2,5,510,490,0.510000000,0.010000000,510,0.999711442,0.971430848
restart_reduced_xor_random1_sampler_island_local_warmup11_except_data_ro3_1000x125_strict_20260528_ro3_warmup_neighbors.payload,106,2,6,495,505,0.495000000,0.005000000,505,0.999927864,0.985644707
restart_reduced_xor_random1_sampler_island_local_warmup11_except_data_ro3_1000x125_strict_20260528_ro3_warmup_neighbors.payload,106,2,7,501,499,0.501000000,0.001000000,501,0.999997115,0.997117491
restart_reduced_xor_random1_sampler_island_local_warmup11_except_data_ro3_1000x125_strict_20260528_ro3_warmup_neighbors.payload,107,3,0,517,483,0.517000000,0.017000000,517,0.999165962,0.951763814
restart_reduced_xor_random1_sampler_island_local_warmup11_except_data_ro3_1000x125_strict_20260528_ro3_warmup_neighbors.payload,107,3,1,493,507,0.493000000,0.007000000,507,0.999858611,0.979942348
restart_reduced_xor_random1_sampler_island_local_warmup11_except_data_ro3_1000x125_strict_20260528_ro3_warmup_neighbors.payload,107,3,2,514,486,0.514000000,0.014000000,514,0.999434390,0.960159735
restart_reduced_xor_random1_sampler_island_local_warmup11_except_data_ro3_1000x125_strict_20260528_ro3_warmup_neighbors.payload,107,3,3,494,506,0.494000000,0.006000000,506,0.999896123,0.982790710
restart_reduced_xor_random1_sampler_island_local_warmup11_except_data_ro3_1000x125_strict_20260528_ro3_warmup_neighbors.payload,107,3,4,495,505,0.495000000,0.005000000,505,0.999927864,0.985644707
restart_reduced_xor_random1_sampler_island_local_warmup11_except_data_ro3_1000x125_strict_20260528_ro3_warmup_neighbors.payload,107,3,5,471,529,0.471000000,0.029000000,529,0.997572025,0.918660373
restart_reduced_xor_random1_sampler_island_local_warmup11_except_data_ro3_1000x125_strict_20260528_ro3_warmup_neighbors.payload,107,3,6,490,510,0.490000000,0.010000000,510,0.999711442,0.971430848
restart_reduced_xor_random1_sampler_island_local_warmup11_except_data_ro3_1000x125_strict_20260528_ro3_warmup_neighbors.payload,107,3,7,511,489,0.511000000,0.011000000,511,0.999650840,0.968604804
restart_reduced_xor_random1_sampler_island_local_warmup11_except_data_ro3_1000x125_strict_20260528_ro3_warmup_neighbors.payload,108,4,0,488,512,0.488000000,0.012000000,512,0.999584464,0.965784285
restart_reduced_xor_random1_sampler_island_local_warmup11_except_data_ro3_1000x125_strict_20260528_ro3_warmup_neighbors.payload,108,4,1,531,469,0.531000000,0.031000000,531,0.997225361,0.913216234
restart_reduced_xor_random1_sampler_island_local_warmup11_except_data_ro3_1000x125_strict_20260528_ro3_warmup_neighbors.payload,108,4,2,537,463,0.537000000,0.037000000,537,0.996046288,0.897006007
restart_reduced_xor_random1_sampler_island_local_warmup11_except_data_ro3_1000x125_strict_20260528_ro3_warmup_neighbors.payload,108,4,3,515,485,0.515000000,0.015000000,515,0.999350690,0.957355663
restart_reduced_xor_random1_sampler_island_local_warmup11_except_data_ro3_1000x125_strict_20260528_ro3_warmup_neighbors.payload,108,4,4,503,497,0.503000000,0.003000000,503,0.999974031,0.991369695
restart_reduced_xor_random1_sampler_island_local_warmup11_except_data_ro3_1000x125_strict_20260528_ro3_warmup_neighbors.payload,108,4,5,494,506,0.494000000,0.006000000,506,0.999896123,0.982790710
restart_reduced_xor_random1_sampler_island_local_warmup11_except_data_ro3_1000x125_strict_20260528_ro3_warmup_neighbors.payload,108,4,6,509,491,0.509000000,0.009000000,509,0.999766271,0.974262439
restart_reduced_xor_random1_sampler_island_local_warmup11_except_data_ro3_1000x125_strict_20260528_ro3_warmup_neighbors.payload,108,4,7,487,513,0.487000000,0.013000000,513,0.999512314,0.962969269
restart_reduced_xor_random1_sampler_island_local_warmup11_except_data_ro3_1000x125_strict_20260528_ro3_warmup_neighbors.payload,109,5,0,481,519,0.481000000,0.019000000,519,0.998958123,0.946193556
restart_reduced_xor_random1_sampler_island_local_warmup11_except_data_ro3_1000x125_strict_20260528_ro3_warmup_neighbors.payload,109,5,1,499,501,0.499000000,0.001000000,501,0.999997115,0.997117491
restart_reduced_xor_random1_sampler_island_local_warmup11_except_data_ro3_1000x125_strict_20260528_ro3_warmup_neighbors.payload,109,5,2,487,513,0.487000000,0.013000000,513,0.999512314,0.962969269
restart_reduced_xor_random1_sampler_island_local_warmup11_except_data_ro3_1000x125_strict_20260528_ro3_warmup_neighbors.payload,109,5,3,517,483,0.517000000,0.017000000,517,0.999165962,0.951763814
restart_reduced_xor_random1_sampler_island_local_warmup11_except_data_ro3_1000x125_strict_20260528_ro3_warmup_neighbors.payload,109,5,4,508,492,0.508000000,0.008000000,508,0.999815327,0.977099598
restart_reduced_xor_random1_sampler_island_local_warmup11_except_data_ro3_1000x125_strict_20260528_ro3_warmup_neighbors.payload,109,5,5,507,493,0.507000000,0.007000000,507,0.999858611,0.979942348
restart_reduced_xor_random1_sampler_island_local_warmup11_except_data_ro3_1000x125_strict_20260528_ro3_warmup_neighbors.payload,109,5,6,525,475,0.525000000,0.025000000,525,0.998195879,0.929610672
restart_reduced_xor_random1_sampler_island_local_warmup11_except_data_ro3_1000x125_strict_20260528_ro3_warmup_neighbors.payload,109,5,7,516,484,0.516000000,0.016000000,516,0.999261214,0.954557029
restart_reduced_xor_random1_sampler_island_local_warmup11_except_data_ro3_1000x125_strict_20260528_ro3_warmup_neighbors.payload,110,6,0,514,486,0.514000000,0.014000000,514,0.999434390,0.960159735
restart_reduced_xor_random1_sampler_island_local_warmup11_except_data_ro3_1000x125_strict_20260528_ro3_warmup_neighbors.payload,110,6,1,524,476,0.524000000,0.024000000,524,0.998337377,0.932361283
restart_reduced_xor_random1_sampler_island_local_warmup11_except_data_ro3_1000x125_strict_20260528_ro3_warmup_neighbors.payload,110,6,2,493,507,0.493000000,0.007000000,507,0.999858611,0.979942348
restart_reduced_xor_random1_sampler_island_local_warmup11_except_data_ro3_1000x125_strict_20260528_ro3_warmup_neighbors.payload,110,6,3,490,510,0.490000000,0.010000000,510,0.999711442,0.971430848
restart_reduced_xor_random1_sampler_island_local_warmup11_except_data_ro3_1000x125_strict_20260528_ro3_warmup_neighbors.payload,110,6,4,533,467,0.533000000,0.033000000,533,0.996855525,0.907792562
restart_reduced_xor_random1_sampler_island_local_warmup11_except_data_ro3_1000x125_strict_20260528_ro3_warmup_neighbors.payload,110,6,5,518,482,0.518000000,0.018000000,518,0.999064932,0.948975997
restart_reduced_xor_random1_sampler_island_local_warmup11_except_data_ro3_1000x125_strict_20260528_ro3_warmup_neighbors.payload,110,6,6,505,495,0.505000000,0.005000000,505,0.999927864,0.985644707
restart_reduced_xor_random1_sampler_island_local_warmup11_except_data_ro3_1000x125_strict_20260528_ro3_warmup_neighbors.payload,110,6,7,485,515,0.485000000,0.015000000,515,0.999350690,0.957355663
restart_reduced_xor_random1_sampler_island_local_warmup11_except_data_ro3_1000x125_strict_20260528_ro3_warmup_neighbors.payload,111,7,0,503,497,0.503000000,0.003000000,503,0.999974031,0.991369695
restart_reduced_xor_random1_sampler_island_local_warmup11_except_data_ro3_1000x125_strict_20260528_ro3_warmup_neighbors.payload,111,7,1,513,487,0.513000000,0.013000000,513,0.999512314,0.962969269
restart_reduced_xor_random1_sampler_island_local_warmup11_except_data_ro3_1000x125_strict_20260528_ro3_warmup_neighbors.payload,111,7,2,486,514,0.486000000,0.014000000,514,0.999434390,0.960159735
restart_reduced_xor_random1_sampler_island_local_warmup11_except_data_ro3_1000x125_strict_20260528_ro3_warmup_neighbors.payload,111,7,3,495,505,0.495000000,0.005000000,505,0.999927864,0.985644707
restart_reduced_xor_random1_sampler_island_local_warmup11_except_data_ro3_1000x125_strict_20260528_ro3_warmup_neighbors.payload,111,7,4,494,506,0.494000000,0.006000000,506,0.999896123,0.982790710
restart_reduced_xor_random1_sampler_island_local_warmup11_except_data_ro3_1000x125_strict_20260528_ro3_warmup_neighbors.payload,111,7,5,501,499,0.501000000,0.001000000,501,0.999997115,0.997117491
restart_reduced_xor_random1_sampler_island_local_warmup11_except_data_ro3_1000x125_strict_20260528_ro3_warmup_neighbors.payload,111,7,6,521,479,0.521000000,0.021000000,521,0.998727169,0.940644722
restart_reduced_xor_random1_sampler_island_local_warmup11_except_data_ro3_1000x125_strict_20260528_ro3_warmup_neighbors.payload,111,7,7,518,482,0.518000000,0.018000000,518,0.999064932,0.948975997
restart_reduced_xor_random1_sampler_island_local_warmup11_except_data_ro3_1000x125_strict_20260528_ro3_warmup_neighbors.payload,112,0,0,497,503,0.497000000,0.003000000,503,0.999974031,0.991369695
restart_reduced_xor_random1_sampler_island_local_warmup11_except_data_ro3_1000x125_strict_20260528_ro3_warmup_neighbors.payload,112,0,1,510,490,0.510000000,0.010000000,510,0.999711442,0.971430848
restart_reduced_xor_random1_sampler_island_local_warmup11_except_data_ro3_1000x125_strict_20260528_ro3_warmup_neighbors.payload,112,0,2,502,498,0.502000000,0.002000000,502,0.999988458,0.994240731
restart_reduced_xor_random1_sampler_island_local_warmup11_except_data_ro3_1000x125_strict_20260528_ro3_warmup_neighbors.payload,112,0,3,523,477,0.523000000,0.023000000,523,0.998473090,0.935117148
restart_reduced_xor_random1_sampler_island_local_warmup11_except_data_ro3_1000x125_strict_20260528_ro3_warmup_neighbors.payload,112,0,4,515,485,0.515000000,0.015000000,515,0.999350690,0.957355663
restart_reduced_xor_random1_sampler_island_local_warmup11_except_data_ro3_1000x125_strict_20260528_ro3_warmup_neighbors.payload,112,0,5,469,531,0.469000000,0.031000000,531,0.997225361,0.913216234
restart_reduced_xor_random1_sampler_island_local_warmup11_except_data_ro3_1000x125_strict_20260528_ro3_warmup_neighbors.payload,112,0,6,504,496,0.504000000,0.004000000,504,0.999953833,0.988504361
restart_reduced_xor_random1_sampler_island_local_warmup11_except_data_ro3_1000x125_strict_20260528_ro3_warmup_neighbors.payload,112,0,7,496,504,0.496000000,0.004000000,504,0.999953833,0.988504361
restart_reduced_xor_random1_sampler_island_local_warmup11_except_data_ro3_1000x125_strict_20260528_ro3_warmup_neighbors.payload,113,1,0,492,508,0.492000000,0.008000000,508,0.999815327,0.977099598
restart_reduced_xor_random1_sampler_island_local_warmup11_except_data_ro3_1000x125_strict_20260528_ro3_warmup_neighbors.payload,113,1,1,490,510,0.490000000,0.010000000,510,0.999711442,0.971430848
restart_reduced_xor_random1_sampler_island_local_warmup11_except_data_ro3_1000x125_strict_20260528_ro3_warmup_neighbors.payload,113,1,2,516,484,0.516000000,0.016000000,516,0.999261214,0.954557029
restart_reduced_xor_random1_sampler_island_local_warmup11_except_data_ro3_1000x125_strict_20260528_ro3_warmup_neighbors.payload,113,1,3,519,481,0.519000000,0.019000000,519,0.998958123,0.946193556
restart_reduced_xor_random1_sampler_island_local_warmup11_except_data_ro3_1000x125_strict_20260528_ro3_warmup_neighbors.payload,113,1,4,506,494,0.506000000,0.006000000,506,0.999896123,0.982790710
restart_reduced_xor_random1_sampler_island_local_warmup11_except_data_ro3_1000x125_strict_20260528_ro3_warmup_neighbors.payload,113,1,5,523,477,0.523000000,0.023000000,523,0.998473090,0.935117148
restart_reduced_xor_random1_sampler_island_local_warmup11_except_data_ro3_1000x125_strict_20260528_ro3_warmup_neighbors.payload,113,1,6,483,517,0.483000000,0.017000000,517,0.999165962,0.951763814
restart_reduced_xor_random1_sampler_island_local_warmup11_except_data_ro3_1000x125_strict_20260528_ro3_warmup_neighbors.payload,113,1,7,501,499,0.501000000,0.001000000,501,0.999997115,0.997117491
restart_reduced_xor_random1_sampler_island_local_warmup11_except_data_ro3_1000x125_strict_20260528_ro3_warmup_neighbors.payload,114,2,0,485,515,0.485000000,0.015000000,515,0.999350690,0.957355663
restart_reduced_xor_random1_sampler_island_local_warmup11_except_data_ro3_1000x125_strict_20260528_ro3_warmup_neighbors.payload,114,2,1,540,460,0.540000000,0.040000000,540,0.995378439,0.888968688
restart_reduced_xor_random1_sampler_island_local_warmup11_except_data_ro3_1000x125_strict_20260528_ro3_warmup_neighbors.payload,114,2,2,502,498,0.502000000,0.002000000,502,0.999988458,0.994240731
restart_reduced_xor_random1_sampler_island_local_warmup11_except_data_ro3_1000x125_strict_20260528_ro3_warmup_neighbors.payload,114,2,3,484,516,0.484000000,0.016000000,516,0.999261214,0.954557029
restart_reduced_xor_random1_sampler_island_local_warmup11_except_data_ro3_1000x125_strict_20260528_ro3_warmup_neighbors.payload,114,2,4,497,503,0.497000000,0.003000000,503,0.999974031,0.991369695
restart_reduced_xor_random1_sampler_island_local_warmup11_except_data_ro3_1000x125_strict_20260528_ro3_warmup_neighbors.payload,114,2,5,502,498,0.502000000,0.002000000,502,0.999988458,0.994240731
restart_reduced_xor_random1_sampler_island_local_warmup11_except_data_ro3_1000x125_strict_20260528_ro3_warmup_neighbors.payload,114,2,6,484,516,0.484000000,0.016000000,516,0.999261214,0.954557029
restart_reduced_xor_random1_sampler_island_local_warmup11_except_data_ro3_1000x125_strict_20260528_ro3_warmup_neighbors.payload,114,2,7,507,493,0.507000000,0.007000000,507,0.999858611,0.979942348
restart_reduced_xor_random1_sampler_island_local_warmup11_except_data_ro3_1000x125_strict_20260528_ro3_warmup_neighbors.payload,115,3,0,476,524,0.476000000,0.024000000,524,0.998337377,0.932361283
restart_reduced_xor_random1_sampler_island_local_warmup11_except_data_ro3_1000x125_strict_20260528_ro3_warmup_neighbors.payload,115,3,1,501,499,0.501000000,0.001000000,501,0.999997115,0.997117491
restart_reduced_xor_random1_sampler_island_local_warmup11_except_data_ro3_1000x125_strict_20260528_ro3_warmup_neighbors.payload,115,3,2,517,483,0.517000000,0.017000000,517,0.999165962,0.951763814
restart_reduced_xor_random1_sampler_island_local_warmup11_except_data_ro3_1000x125_strict_20260528_ro3_warmup_neighbors.payload,115,3,3,514,486,0.514000000,0.014000000,514,0.999434390,0.960159735
restart_reduced_xor_random1_sampler_island_local_warmup11_except_data_ro3_1000x125_strict_20260528_ro3_warmup_neighbors.payload,115,3,4,523,477,0.523000000,0.023000000,523,0.998473090,0.935117148
restart_reduced_xor_random1_sampler_island_local_warmup11_except_data_ro3_1000x125_strict_20260528_ro3_warmup_neighbors.payload,115,3,5,511,489,0.511000000,0.011000000,511,0.999650840,0.968604804
restart_reduced_xor_random1_sampler_island_local_warmup11_except_data_ro3_1000x125_strict_20260528_ro3_warmup_neighbors.payload,115,3,6,483,517,0.483000000,0.017000000,517,0.999165962,0.951763814
restart_reduced_xor_random1_sampler_island_local_warmup11_except_data_ro3_1000x125_strict_20260528_ro3_warmup_neighbors.payload,115,3,7,508,492,0.508000000,0.008000000,508,0.999815327,0.977099598
restart_reduced_xor_random1_sampler_island_local_warmup11_except_data_ro3_1000x125_strict_20260528_ro3_warmup_neighbors.payload,116,4,0,486,514,0.486000000,0.014000000,514,0.999434390,0.960159735
restart_reduced_xor_random1_sampler_island_local_warmup11_except_data_ro3_1000x125_strict_20260528_ro3_warmup_neighbors.payload,116,4,1,484,516,0.484000000,0.016000000,516,0.999261214,0.954557029
restart_reduced_xor_random1_sampler_island_local_warmup11_except_data_ro3_1000x125_strict_20260528_ro3_warmup_neighbors.payload,116,4,2,494,506,0.494000000,0.006000000,506,0.999896123,0.982790710
restart_reduced_xor_random1_sampler_island_local_warmup11_except_data_ro3_1000x125_strict_20260528_ro3_warmup_neighbors.payload,116,4,3,520,480,0.520000000,0.020000000,520,0.998845536,0.943416472
restart_reduced_xor_random1_sampler_island_local_warmup11_except_data_ro3_1000x125_strict_20260528_ro3_warmup_neighbors.payload,116,4,4,507,493,0.507000000,0.007000000,507,0.999858611,0.979942348
restart_reduced_xor_random1_sampler_island_local_warmup11_except_data_ro3_1000x125_strict_20260528_ro3_warmup_neighbors.payload,116,4,5,513,487,0.513000000,0.013000000,513,0.999512314,0.962969269
restart_reduced_xor_random1_sampler_island_local_warmup11_except_data_ro3_1000x125_strict_20260528_ro3_warmup_neighbors.payload,116,4,6,543,457,0.543000000,0.043000000,543,0.994658318,0.880975897
restart_reduced_xor_random1_sampler_island_local_warmup11_except_data_ro3_1000x125_strict_20260528_ro3_warmup_neighbors.payload,116,4,7,509,491,0.509000000,0.009000000,509,0.999766271,0.974262439
restart_reduced_xor_random1_sampler_island_local_warmup11_except_data_ro3_1000x125_strict_20260528_ro3_warmup_neighbors.payload,117,5,0,503,497,0.503000000,0.003000000,503,0.999974031,0.991369695
restart_reduced_xor_random1_sampler_island_local_warmup11_except_data_ro3_1000x125_strict_20260528_ro3_warmup_neighbors.payload,117,5,1,500,500,0.500000000,0.000000000,500,1.000000000,1.000000000
restart_reduced_xor_random1_sampler_island_local_warmup11_except_data_ro3_1000x125_strict_20260528_ro3_warmup_neighbors.payload,117,5,2,491,509,0.491000000,0.009000000,509,0.999766271,0.974262439
restart_reduced_xor_random1_sampler_island_local_warmup11_except_data_ro3_1000x125_strict_20260528_ro3_warmup_neighbors.payload,117,5,3,493,507,0.493000000,0.007000000,507,0.999858611,0.979942348
restart_reduced_xor_random1_sampler_island_local_warmup11_except_data_ro3_1000x125_strict_20260528_ro3_warmup_neighbors.payload,117,5,4,487,513,0.487000000,0.013000000,513,0.999512314,0.962969269
restart_reduced_xor_random1_sampler_island_local_warmup11_except_data_ro3_1000x125_strict_20260528_ro3_warmup_neighbors.payload,117,5,5,511,489,0.511000000,0.011000000,511,0.999650840,0.968604804
restart_reduced_xor_random1_sampler_island_local_warmup11_except_data_ro3_1000x125_strict_20260528_ro3_warmup_neighbors.payload,117,5,6,502,498,0.502000000,0.002000000,502,0.999988458,0.994240731
restart_reduced_xor_random1_sampler_island_local_warmup11_except_data_ro3_1000x125_strict_20260528_ro3_warmup_neighbors.payload,117,5,7,492,508,0.492000000,0.008000000,508,0.999815327,0.977099598
restart_reduced_xor_random1_sampler_island_local_warmup11_except_data_ro3_1000x125_strict_20260528_ro3_warmup_neighbors.payload,118,6,0,511,489,0.511000000,0.011000000,511,0.999650840,0.968604804
restart_reduced_xor_random1_sampler_island_local_warmup11_except_data_ro3_1000x125_strict_20260528_ro3_warmup_neighbors.payload,118,6,1,498,502,0.498000000,0.002000000,502,0.999988458,0.994240731
restart_reduced_xor_random1_sampler_island_local_warmup11_except_data_ro3_1000x125_strict_20260528_ro3_warmup_neighbors.payload,118,6,2,506,494,0.506000000,0.006000000,506,0.999896123,0.982790710
restart_reduced_xor_random1_sampler_island_local_warmup11_except_data_ro3_1000x125_strict_20260528_ro3_warmup_neighbors.payload,118,6,3,508,492,0.508000000,0.008000000,508,0.999815327,0.977099598
restart_reduced_xor_random1_sampler_island_local_warmup11_except_data_ro3_1000x125_strict_20260528_ro3_warmup_neighbors.payload,118,6,4,486,514,0.486000000,0.014000000,514,0.999434390,0.960159735
restart_reduced_xor_random1_sampler_island_local_warmup11_except_data_ro3_1000x125_strict_20260528_ro3_warmup_neighbors.payload,118,6,5,488,512,0.488000000,0.012000000,512,0.999584464,0.965784285
restart_reduced_xor_random1_sampler_island_local_warmup11_except_data_ro3_1000x125_strict_20260528_ro3_warmup_neighbors.payload,118,6,6,490,510,0.490000000,0.010000000,510,0.999711442,0.971430848
restart_reduced_xor_random1_sampler_island_local_warmup11_except_data_ro3_1000x125_strict_20260528_ro3_warmup_neighbors.payload,118,6,7,489,511,0.489000000,0.011000000,511,0.999650840,0.968604804
restart_reduced_xor_random1_sampler_island_local_warmup11_except_data_ro3_1000x125_strict_20260528_ro3_warmup_neighbors.payload,119,7,0,486,514,0.486000000,0.014000000,514,0.999434390,0.960159735
restart_reduced_xor_random1_sampler_island_local_warmup11_except_data_ro3_1000x125_strict_20260528_ro3_warmup_neighbors.payload,119,7,1,497,503,0.497000000,0.003000000,503,0.999974031,0.991369695
restart_reduced_xor_random1_sampler_island_local_warmup11_except_data_ro3_1000x125_strict_20260528_ro3_warmup_neighbors.payload,119,7,2,495,505,0.495000000,0.005000000,505,0.999927864,0.985644707
restart_reduced_xor_random1_sampler_island_local_warmup11_except_data_ro3_1000x125_strict_20260528_ro3_warmup_neighbors.payload,119,7,3,514,486,0.514000000,0.014000000,514,0.999434390,0.960159735
restart_reduced_xor_random1_sampler_island_local_warmup11_except_data_ro3_1000x125_strict_20260528_ro3_warmup_neighbors.payload,119,7,4,505,495,0.505000000,0.005000000,505,0.999927864,0.985644707
restart_reduced_xor_random1_sampler_island_local_warmup11_except_data_ro3_1000x125_strict_20260528_ro3_warmup_neighbors.payload,119,7,5,503,497,0.503000000,0.003000000,503,0.999974031,0.991369695
restart_reduced_xor_random1_sampler_island_local_warmup11_except_data_ro3_1000x125_strict_20260528_ro3_warmup_neighbors.payload,119,7,6,502,498,0.502000000,0.002000000,502,0.999988458,0.994240731
restart_reduced_xor_random1_sampler_island_local_warmup11_except_data_ro3_1000x125_strict_20260528_ro3_warmup_neighbors.payload,119,7,7,499,501,0.499000000,0.001000000,501,0.999997115,0.997117491
restart_reduced_xor_random1_sampler_island_local_warmup11_except_data_ro3_1000x125_strict_20260528_ro3_warmup_neighbors.payload,120,0,0,507,493,0.507000000,0.007000000,507,0.999858611,0.979942348
restart_reduced_xor_random1_sampler_island_local_warmup11_except_data_ro3_1000x125_strict_20260528_ro3_warmup_neighbors.payload,120,0,1,511,489,0.511000000,0.011000000,511,0.999650840,0.968604804
restart_reduced_xor_random1_sampler_island_local_warmup11_except_data_ro3_1000x125_strict_20260528_ro3_warmup_neighbors.payload,120,0,2,502,498,0.502000000,0.002000000,502,0.999988458,0.994240731
restart_reduced_xor_random1_sampler_island_local_warmup11_except_data_ro3_1000x125_strict_20260528_ro3_warmup_neighbors.payload,120,0,3,516,484,0.516000000,0.016000000,516,0.999261214,0.954557029
restart_reduced_xor_random1_sampler_island_local_warmup11_except_data_ro3_1000x125_strict_20260528_ro3_warmup_neighbors.payload,120,0,4,495,505,0.495000000,0.005000000,505,0.999927864,0.985644707
restart_reduced_xor_random1_sampler_island_local_warmup11_except_data_ro3_1000x125_strict_20260528_ro3_warmup_neighbors.payload,120,0,5,522,478,0.522000000,0.022000000,522,0.998603020,0.937878288
restart_reduced_xor_random1_sampler_island_local_warmup11_except_data_ro3_1000x125_strict_20260528_ro3_warmup_neighbors.payload,120,0,6,449,551,0.449000000,0.051000000,551,0.992482032,0.859875776
restart_reduced_xor_random1_sampler_island_local_warmup11_except_data_ro3_1000x125_strict_20260528_ro3_warmup_neighbors.payload,120,0,7,550,450,0.550000000,0.050000000,550,0.992774454,0.862496476
restart_reduced_xor_random1_sampler_island_local_warmup11_except_data_ro3_1000x125_strict_20260528_ro3_warmup_neighbors.payload,121,1,0,518,482,0.518000000,0.018000000,518,0.999064932,0.948975997
restart_reduced_xor_random1_sampler_island_local_warmup11_except_data_ro3_1000x125_strict_20260528_ro3_warmup_neighbors.payload,121,1,1,513,487,0.513000000,0.013000000,513,0.999512314,0.962969269
restart_reduced_xor_random1_sampler_island_local_warmup11_except_data_ro3_1000x125_strict_20260528_ro3_warmup_neighbors.payload,121,1,2,481,519,0.481000000,0.019000000,519,0.998958123,0.946193556
restart_reduced_xor_random1_sampler_island_local_warmup11_except_data_ro3_1000x125_strict_20260528_ro3_warmup_neighbors.payload,121,1,3,502,498,0.502000000,0.002000000,502,0.999988458,0.994240731
restart_reduced_xor_random1_sampler_island_local_warmup11_except_data_ro3_1000x125_strict_20260528_ro3_warmup_neighbors.payload,121,1,4,475,525,0.475000000,0.025000000,525,0.998195879,0.929610672
restart_reduced_xor_random1_sampler_island_local_warmup11_except_data_ro3_1000x125_strict_20260528_ro3_warmup_neighbors.payload,121,1,5,468,532,0.468000000,0.032000000,532,0.997043340,0.910501849
restart_reduced_xor_random1_sampler_island_local_warmup11_except_data_ro3_1000x125_strict_20260528_ro3_warmup_neighbors.payload,121,1,6,506,494,0.506000000,0.006000000,506,0.999896123,0.982790710
restart_reduced_xor_random1_sampler_island_local_warmup11_except_data_ro3_1000x125_strict_20260528_ro3_warmup_neighbors.payload,121,1,7,498,502,0.498000000,0.002000000,502,0.999988458,0.994240731
restart_reduced_xor_random1_sampler_island_local_warmup11_except_data_ro3_1000x125_strict_20260528_ro3_warmup_neighbors.payload,122,2,0,484,516,0.484000000,0.016000000,516,0.999261214,0.954557029
restart_reduced_xor_random1_sampler_island_local_warmup11_except_data_ro3_1000x125_strict_20260528_ro3_warmup_neighbors.payload,122,2,1,504,496,0.504000000,0.004000000,504,0.999953833,0.988504361
restart_reduced_xor_random1_sampler_island_local_warmup11_except_data_ro3_1000x125_strict_20260528_ro3_warmup_neighbors.payload,122,2,2,513,487,0.513000000,0.013000000,513,0.999512314,0.962969269
restart_reduced_xor_random1_sampler_island_local_warmup11_except_data_ro3_1000x125_strict_20260528_ro3_warmup_neighbors.payload,122,2,3,523,477,0.523000000,0.023000000,523,0.998473090,0.935117148
restart_reduced_xor_random1_sampler_island_local_warmup11_except_data_ro3_1000x125_strict_20260528_ro3_warmup_neighbors.payload,122,2,4,532,468,0.532000000,0.032000000,532,0.997043340,0.910501849
restart_reduced_xor_random1_sampler_island_local_warmup11_except_data_ro3_1000x125_strict_20260528_ro3_warmup_neighbors.payload,122,2,5,521,479,0.521000000,0.021000000,521,0.998727169,0.940644722
restart_reduced_xor_random1_sampler_island_local_warmup11_except_data_ro3_1000x125_strict_20260528_ro3_warmup_neighbors.payload,122,2,6,510,490,0.510000000,0.010000000,510,0.999711442,0.971430848
restart_reduced_xor_random1_sampler_island_local_warmup11_except_data_ro3_1000x125_strict_20260528_ro3_warmup_neighbors.payload,122,2,7,483,517,0.483000000,0.017000000,517,0.999165962,0.951763814
restart_reduced_xor_random1_sampler_island_local_warmup11_except_data_ro3_1000x125_strict_20260528_ro3_warmup_neighbors.payload,123,3,0,497,503,0.497000000,0.003000000,503,0.999974031,0.991369695
restart_reduced_xor_random1_sampler_island_local_warmup11_except_data_ro3_1000x125_strict_20260528_ro3_warmup_neighbors.payload,123,3,1,508,492,0.508000000,0.008000000,508,0.999815327,0.977099598
restart_reduced_xor_random1_sampler_island_local_warmup11_except_data_ro3_1000x125_strict_20260528_ro3_warmup_neighbors.payload,123,3,2,515,485,0.515000000,0.015000000,515,0.999350690,0.957355663
restart_reduced_xor_random1_sampler_island_local_warmup11_except_data_ro3_1000x125_strict_20260528_ro3_warmup_neighbors.payload,123,3,3,534,466,0.534000000,0.034000000,534,0.996661914,0.905088353
restart_reduced_xor_random1_sampler_island_local_warmup11_except_data_ro3_1000x125_strict_20260528_ro3_warmup_neighbors.payload,123,3,4,515,485,0.515000000,0.015000000,515,0.999350690,0.957355663
restart_reduced_xor_random1_sampler_island_local_warmup11_except_data_ro3_1000x125_strict_20260528_ro3_warmup_neighbors.payload,123,3,5,495,505,0.495000000,0.005000000,505,0.999927864,0.985644707
restart_reduced_xor_random1_sampler_island_local_warmup11_except_data_ro3_1000x125_strict_20260528_ro3_warmup_neighbors.payload,123,3,6,472,528,0.472000000,0.028000000,528,0.997736670,0.921390165
restart_reduced_xor_random1_sampler_island_local_warmup11_except_data_ro3_1000x125_strict_20260528_ro3_warmup_neighbors.payload,123,3,7,508,492,0.508000000,0.008000000,508,0.999815327,0.977099598
restart_reduced_xor_random1_sampler_island_local_warmup11_except_data_ro3_1000x125_strict_20260528_ro3_warmup_neighbors.payload,124,4,0,508,492,0.508000000,0.008000000,508,0.999815327,0.977099598
restart_reduced_xor_random1_sampler_island_local_warmup11_except_data_ro3_1000x125_strict_20260528_ro3_warmup_neighbors.payload,124,4,1,510,490,0.510000000,0.010000000,510,0.999711442,0.971430848
restart_reduced_xor_random1_sampler_island_local_warmup11_except_data_ro3_1000x125_strict_20260528_ro3_warmup_neighbors.payload,124,4,2,501,499,0.501000000,0.001000000,501,0.999997115,0.997117491
restart_reduced_xor_random1_sampler_island_local_warmup11_except_data_ro3_1000x125_strict_20260528_ro3_warmup_neighbors.payload,124,4,3,525,475,0.525000000,0.025000000,525,0.998195879,0.929610672
restart_reduced_xor_random1_sampler_island_local_warmup11_except_data_ro3_1000x125_strict_20260528_ro3_warmup_neighbors.payload,124,4,4,503,497,0.503000000,0.003000000,503,0.999974031,0.991369695
restart_reduced_xor_random1_sampler_island_local_warmup11_except_data_ro3_1000x125_strict_20260528_ro3_warmup_neighbors.payload,124,4,5,504,496,0.504000000,0.004000000,504,0.999953833,0.988504361
restart_reduced_xor_random1_sampler_island_local_warmup11_except_data_ro3_1000x125_strict_20260528_ro3_warmup_neighbors.payload,124,4,6,501,499,0.501000000,0.001000000,501,0.999997115,0.997117491
restart_reduced_xor_random1_sampler_island_local_warmup11_except_data_ro3_1000x125_strict_20260528_ro3_warmup_neighbors.payload,124,4,7,504,496,0.504000000,0.004000000,504,0.999953833,0.988504361
